source_row,sample_id,status,sequence_uppercased,strength_conversion
1,ecoli50_r000001,retained,True,string_to_float
2,ecoli50_r000002,retained,True,string_to_float
3,ecoli50_r000003,retained,True,string_to_float
4,ecoli50_r000004,retained,True,string_to_float
5,ecoli50_r000005,retained,True,string_to_float
6,ecoli50_r000006,retained,True,string_to_float
7,ecoli50_r000007,retained,True,string_to_float
8,ecoli50_r000008,retained,True,string_to_float
9,ecoli50_r000009,retained,True,string_to_float
10,ecoli50_r000010,retained,True,string_to_float
11,ecoli50_r000011,retained,True,string_to_float
12,ecoli50_r000012,retained,True,string_to_float
13,ecoli50_r000013,retained,True,string_to_float
14,ecoli50_r000014,retained,True,string_to_float
15,ecoli50_r000015,retained,True,string_to_float
16,ecoli50_r000016,retained,True,string_to_float
17,ecoli50_r000017,retained,True,string_to_float
18,ecoli50_r000018,retained,True,string_to_float
19,ecoli50_r000019,retained,True,string_to_float
20,ecoli50_r000020,retained,True,string_to_float
21,ecoli50_r000021,retained,True,string_to_float
22,ecoli50_r000022,retained,True,string_to_float
23,ecoli50_r000023,retained,True,string_to_float
24,ecoli50_r000024,retained,True,string_to_float
25,ecoli50_r000025,retained,True,string_to_float
26,ecoli50_r000026,retained,True,string_to_float
27,ecoli50_r000027,retained,True,string_to_float
28,ecoli50_r000028,retained,True,string_to_float
29,ecoli50_r000029,retained,True,string_to_float
30,ecoli50_r000030,retained,True,string_to_float
31,ecoli50_r000031,retained,True,string_to_float
32,ecoli50_r000032,retained,True,string_to_float
33,ecoli50_r000033,retained,True,string_to_float
34,ecoli50_r000034,retained,True,string_to_float
35,ecoli50_r000035,retained,True,string_to_float
36,ecoli50_r000036,retained,True,string_to_float
37,ecoli50_r000037,retained,True,string_to_float
38,ecoli50_r000038,retained,True,string_to_float
39,ecoli50_r000039,retained,True,string_to_float
40,ecoli50_r000040,retained,True,string_to_float
41,ecoli50_r000041,retained,True,string_to_float
42,ecoli50_r000042,retained,True,string_to_float
43,ecoli50_r000043,retained,True,string_to_float
44,ecoli50_r000044,retained,True,string_to_float
45,ecoli50_r000045,retained,True,string_to_float
46,ecoli50_r000046,retained,True,string_to_float
47,ecoli50_r000047,retained,True,string_to_float
48,ecoli50_r000048,retained,True,string_to_float
49,ecoli50_r000049,retained,True,string_to_float
50,ecoli50_r000050,retained,True,string_to_float
51,ecoli50_r000051,retained,True,string_to_float
52,ecoli50_r000052,retained,True,string_to_float
53,ecoli50_r000053,retained,True,string_to_float
54,ecoli50_r000054,retained,True,string_to_float
55,ecoli50_r000055,retained,True,string_to_float
56,ecoli50_r000056,retained,True,string_to_float
57,ecoli50_r000057,retained,True,string_to_float
58,ecoli50_r000058,retained,True,string_to_float
59,ecoli50_r000059,retained,True,string_to_float
60,ecoli50_r000060,retained,True,string_to_float
61,ecoli50_r000061,retained,True,string_to_float
62,ecoli50_r000062,retained,True,string_to_float
63,ecoli50_r000063,retained,True,string_to_float
64,ecoli50_r000064,retained,True,string_to_float
65,ecoli50_r000065,retained,True,string_to_float
66,ecoli50_r000066,retained,True,string_to_float
67,ecoli50_r000067,retained,True,string_to_float
68,ecoli50_r000068,retained,True,string_to_float
69,ecoli50_r000069,retained,True,string_to_float
70,ecoli50_r000070,retained,True,string_to_float
71,ecoli50_r000071,retained,True,string_to_float
72,ecoli50_r000072,retained,True,string_to_float
73,ecoli50_r000073,retained,True,string_to_float
74,ecoli50_r000074,retained,True,string_to_float
75,ecoli50_r000075,retained,True,string_to_float
76,ecoli50_r000076,retained,True,string_to_float
77,ecoli50_r000077,retained,True,string_to_float
78,ecoli50_r000078,retained,True,string_to_float
79,ecoli50_r000079,retained,True,string_to_float
80,ecoli50_r000080,retained,True,string_to_float
81,ecoli50_r000081,retained,True,string_to_float
82,ecoli50_r000082,retained,True,string_to_float
83,ecoli50_r000083,retained,True,string_to_float
84,ecoli50_r000084,retained,True,string_to_float
85,ecoli50_r000085,retained,True,string_to_float
86,ecoli50_r000086,retained,True,string_to_float
87,ecoli50_r000087,retained,True,string_to_float
88,ecoli50_r000088,retained,True,string_to_float
89,ecoli50_r000089,retained,True,string_to_float
90,ecoli50_r000090,retained,True,string_to_float
91,ecoli50_r000091,retained,True,string_to_float
92,ecoli50_r000092,retained,True,string_to_float
93,ecoli50_r000093,retained,True,string_to_float
94,ecoli50_r000094,retained,True,string_to_float
95,ecoli50_r000095,retained,True,string_to_float
96,ecoli50_r000096,retained,True,string_to_float
97,ecoli50_r000097,retained,True,string_to_float
98,ecoli50_r000098,retained,True,string_to_float
99,ecoli50_r000099,retained,True,string_to_float
100,ecoli50_r000100,retained,True,string_to_float
101,ecoli50_r000101,retained,True,string_to_float
102,ecoli50_r000102,retained,True,string_to_float
103,ecoli50_r000103,retained,True,string_to_float
104,ecoli50_r000104,retained,True,string_to_float
105,ecoli50_r000105,retained,True,string_to_float
106,ecoli50_r000106,retained,True,string_to_float
107,ecoli50_r000107,retained,True,string_to_float
108,ecoli50_r000108,retained,True,string_to_float
109,ecoli50_r000109,retained,True,string_to_float
110,ecoli50_r000110,retained,True,string_to_float
111,ecoli50_r000111,retained,True,string_to_float
112,ecoli50_r000112,retained,True,string_to_float
113,ecoli50_r000113,retained,True,string_to_float
114,ecoli50_r000114,retained,True,string_to_float
115,ecoli50_r000115,retained,True,string_to_float
116,ecoli50_r000116,retained,True,string_to_float
117,ecoli50_r000117,retained,True,string_to_float
118,ecoli50_r000118,retained,True,string_to_float
119,ecoli50_r000119,retained,True,string_to_float
120,ecoli50_r000120,retained,True,string_to_float
121,ecoli50_r000121,retained,True,string_to_float
122,ecoli50_r000122,retained,True,string_to_float
123,ecoli50_r000123,retained,True,string_to_float
124,ecoli50_r000124,retained,True,string_to_float
125,ecoli50_r000125,retained,True,string_to_float
126,ecoli50_r000126,retained,True,string_to_float
127,ecoli50_r000127,retained,True,string_to_float
128,ecoli50_r000128,retained,True,string_to_float
129,ecoli50_r000129,retained,True,string_to_float
130,ecoli50_r000130,retained,True,string_to_float
131,ecoli50_r000131,retained,True,string_to_float
132,ecoli50_r000132,retained,True,string_to_float
133,ecoli50_r000133,retained,True,string_to_float
134,ecoli50_r000134,retained,True,string_to_float
135,ecoli50_r000135,retained,True,string_to_float
136,ecoli50_r000136,retained,True,string_to_float
137,ecoli50_r000137,retained,True,string_to_float
138,ecoli50_r000138,retained,True,string_to_float
139,ecoli50_r000139,retained,True,string_to_float
140,ecoli50_r000140,retained,True,string_to_float
141,ecoli50_r000141,retained,True,string_to_float
142,ecoli50_r000142,retained,True,string_to_float
143,ecoli50_r000143,retained,True,string_to_float
144,ecoli50_r000144,retained,True,string_to_float
145,ecoli50_r000145,retained,True,string_to_float
146,ecoli50_r000146,retained,True,string_to_float
147,ecoli50_r000147,retained,True,string_to_float
148,ecoli50_r000148,retained,True,string_to_float
149,ecoli50_r000149,retained,True,string_to_float
150,ecoli50_r000150,retained,True,string_to_float
151,ecoli50_r000151,retained,True,string_to_float
152,ecoli50_r000152,retained,True,string_to_float
153,ecoli50_r000153,retained,True,string_to_float
154,ecoli50_r000154,retained,True,string_to_float
155,ecoli50_r000155,retained,True,string_to_float
156,ecoli50_r000156,retained,True,string_to_float
157,ecoli50_r000157,retained,True,string_to_float
158,ecoli50_r000158,retained,True,string_to_float
159,ecoli50_r000159,retained,True,string_to_float
160,ecoli50_r000160,retained,True,string_to_float
161,ecoli50_r000161,retained,True,string_to_float
162,ecoli50_r000162,retained,True,string_to_float
163,ecoli50_r000163,retained,True,string_to_float
164,ecoli50_r000164,retained,True,string_to_float
165,ecoli50_r000165,retained,True,string_to_float
166,ecoli50_r000166,retained,True,string_to_float
167,ecoli50_r000167,retained,True,string_to_float
168,ecoli50_r000168,retained,True,string_to_float
169,ecoli50_r000169,retained,True,string_to_float
170,ecoli50_r000170,retained,True,string_to_float
171,ecoli50_r000171,retained,True,string_to_float
172,ecoli50_r000172,retained,True,string_to_float
173,ecoli50_r000173,retained,True,string_to_float
174,ecoli50_r000174,retained,True,string_to_float
175,ecoli50_r000175,retained,True,string_to_float
176,ecoli50_r000176,retained,True,string_to_float
177,ecoli50_r000177,retained,True,string_to_float
178,ecoli50_r000178,retained,True,string_to_float
179,ecoli50_r000179,retained,True,string_to_float
180,ecoli50_r000180,retained,True,string_to_float
181,ecoli50_r000181,retained,True,string_to_float
182,ecoli50_r000182,retained,True,string_to_float
183,ecoli50_r000183,retained,True,string_to_float
184,ecoli50_r000184,retained,True,string_to_float
185,ecoli50_r000185,retained,True,string_to_float
186,ecoli50_r000186,retained,True,string_to_float
187,ecoli50_r000187,retained,True,string_to_float
188,ecoli50_r000188,retained,True,string_to_float
189,ecoli50_r000189,retained,True,string_to_float
190,ecoli50_r000190,retained,True,string_to_float
191,ecoli50_r000191,retained,True,string_to_float
192,ecoli50_r000192,retained,True,string_to_float
193,ecoli50_r000193,retained,True,string_to_float
194,ecoli50_r000194,retained,True,string_to_float
195,ecoli50_r000195,retained,True,string_to_float
196,ecoli50_r000196,retained,True,string_to_float
197,ecoli50_r000197,retained,True,string_to_float
198,ecoli50_r000198,retained,True,string_to_float
199,ecoli50_r000199,retained,True,string_to_float
200,ecoli50_r000200,retained,True,string_to_float
201,ecoli50_r000201,retained,True,string_to_float
202,ecoli50_r000202,retained,True,string_to_float
203,ecoli50_r000203,retained,True,string_to_float
204,ecoli50_r000204,retained,True,string_to_float
205,ecoli50_r000205,retained,True,string_to_float
206,ecoli50_r000206,retained,True,string_to_float
207,ecoli50_r000207,retained,True,string_to_float
208,ecoli50_r000208,retained,True,string_to_float
209,ecoli50_r000209,retained,True,string_to_float
210,ecoli50_r000210,retained,True,string_to_float
211,ecoli50_r000211,retained,True,string_to_float
212,ecoli50_r000212,retained,True,string_to_float
213,ecoli50_r000213,retained,True,string_to_float
214,ecoli50_r000214,retained,True,string_to_float
215,ecoli50_r000215,retained,True,string_to_float
216,ecoli50_r000216,retained,True,string_to_float
217,ecoli50_r000217,retained,True,string_to_float
218,ecoli50_r000218,retained,True,string_to_float
219,ecoli50_r000219,retained,True,string_to_float
220,ecoli50_r000220,retained,True,string_to_float
221,ecoli50_r000221,retained,True,string_to_float
222,ecoli50_r000222,retained,True,string_to_float
223,ecoli50_r000223,retained,True,string_to_float
224,ecoli50_r000224,retained,True,string_to_float
225,ecoli50_r000225,retained,True,string_to_float
226,ecoli50_r000226,retained,True,string_to_float
227,ecoli50_r000227,retained,True,string_to_float
228,ecoli50_r000228,retained,True,string_to_float
229,ecoli50_r000229,retained,True,string_to_float
230,ecoli50_r000230,retained,True,string_to_float
231,ecoli50_r000231,retained,True,string_to_float
232,ecoli50_r000232,retained,True,string_to_float
233,ecoli50_r000233,retained,True,string_to_float
234,ecoli50_r000234,retained,True,string_to_float
235,ecoli50_r000235,retained,True,string_to_float
236,ecoli50_r000236,retained,True,string_to_float
237,ecoli50_r000237,retained,True,string_to_float
238,ecoli50_r000238,retained,True,string_to_float
239,ecoli50_r000239,retained,True,string_to_float
240,ecoli50_r000240,retained,True,string_to_float
241,ecoli50_r000241,retained,True,string_to_float
242,ecoli50_r000242,retained,True,string_to_float
243,ecoli50_r000243,retained,True,string_to_float
244,ecoli50_r000244,retained,True,string_to_float
245,ecoli50_r000245,retained,True,string_to_float
246,ecoli50_r000246,retained,True,string_to_float
247,ecoli50_r000247,retained,True,string_to_float
248,ecoli50_r000248,retained,True,string_to_float
249,ecoli50_r000249,retained,True,string_to_float
250,ecoli50_r000250,retained,True,string_to_float
251,ecoli50_r000251,retained,True,string_to_float
252,ecoli50_r000252,retained,True,string_to_float
253,ecoli50_r000253,retained,True,string_to_float
254,ecoli50_r000254,retained,True,string_to_float
255,ecoli50_r000255,retained,True,string_to_float
256,ecoli50_r000256,retained,True,string_to_float
257,ecoli50_r000257,retained,True,string_to_float
258,ecoli50_r000258,retained,True,string_to_float
259,ecoli50_r000259,retained,True,string_to_float
260,ecoli50_r000260,retained,True,string_to_float
261,ecoli50_r000261,retained,True,string_to_float
262,ecoli50_r000262,retained,True,string_to_float
263,ecoli50_r000263,retained,True,string_to_float
264,ecoli50_r000264,retained,True,string_to_float
265,ecoli50_r000265,retained,True,string_to_float
266,ecoli50_r000266,retained,True,string_to_float
267,ecoli50_r000267,retained,True,string_to_float
268,ecoli50_r000268,retained,True,string_to_float
269,ecoli50_r000269,retained,True,string_to_float
270,ecoli50_r000270,retained,True,string_to_float
271,ecoli50_r000271,retained,True,string_to_float
272,ecoli50_r000272,retained,True,string_to_float
273,ecoli50_r000273,retained,True,string_to_float
274,ecoli50_r000274,retained,True,string_to_float
275,ecoli50_r000275,retained,True,string_to_float
276,ecoli50_r000276,retained,True,string_to_float
277,ecoli50_r000277,retained,True,string_to_float
278,ecoli50_r000278,retained,True,string_to_float
279,ecoli50_r000279,retained,True,string_to_float
280,ecoli50_r000280,retained,True,string_to_float
281,ecoli50_r000281,retained,True,string_to_float
282,ecoli50_r000282,retained,True,string_to_float
283,ecoli50_r000283,retained,True,string_to_float
284,ecoli50_r000284,retained,True,string_to_float
285,ecoli50_r000285,retained,True,string_to_float
286,ecoli50_r000286,retained,True,string_to_float
287,ecoli50_r000287,retained,True,string_to_float
288,ecoli50_r000288,retained,True,string_to_float
289,ecoli50_r000289,retained,True,string_to_float
290,ecoli50_r000290,retained,True,string_to_float
291,ecoli50_r000291,retained,True,string_to_float
292,ecoli50_r000292,retained,True,string_to_float
293,ecoli50_r000293,retained,True,string_to_float
294,ecoli50_r000294,retained,True,string_to_float
295,ecoli50_r000295,retained,True,string_to_float
296,ecoli50_r000296,retained,True,string_to_float
297,ecoli50_r000297,retained,True,string_to_float
298,ecoli50_r000298,retained,True,string_to_float
299,ecoli50_r000299,retained,True,string_to_float
300,ecoli50_r000300,retained,True,string_to_float
301,ecoli50_r000301,retained,True,string_to_float
302,ecoli50_r000302,retained,True,string_to_float
303,ecoli50_r000303,retained,True,string_to_float
304,ecoli50_r000304,retained,True,string_to_float
305,ecoli50_r000305,retained,True,string_to_float
306,ecoli50_r000306,retained,True,string_to_float
307,ecoli50_r000307,retained,True,string_to_float
308,ecoli50_r000308,retained,True,string_to_float
309,ecoli50_r000309,retained,True,string_to_float
310,ecoli50_r000310,retained,True,string_to_float
311,ecoli50_r000311,retained,True,string_to_float
312,ecoli50_r000312,retained,True,string_to_float
313,ecoli50_r000313,retained,True,string_to_float
314,ecoli50_r000314,retained,True,string_to_float
315,ecoli50_r000315,retained,True,string_to_float
316,ecoli50_r000316,retained,True,string_to_float
317,ecoli50_r000317,retained,True,string_to_float
318,ecoli50_r000318,retained,True,string_to_float
319,ecoli50_r000319,retained,True,string_to_float
320,ecoli50_r000320,retained,True,string_to_float
321,ecoli50_r000321,retained,True,string_to_float
322,ecoli50_r000322,retained,True,string_to_float
323,ecoli50_r000323,retained,True,string_to_float
324,ecoli50_r000324,retained,True,string_to_float
325,ecoli50_r000325,retained,True,string_to_float
326,ecoli50_r000326,retained,True,string_to_float
327,ecoli50_r000327,retained,True,string_to_float
328,ecoli50_r000328,retained,True,string_to_float
329,ecoli50_r000329,retained,True,string_to_float
330,ecoli50_r000330,retained,True,string_to_float
331,ecoli50_r000331,retained,True,string_to_float
332,ecoli50_r000332,retained,True,string_to_float
333,ecoli50_r000333,retained,True,string_to_float
334,ecoli50_r000334,retained,True,string_to_float
335,ecoli50_r000335,retained,True,string_to_float
336,ecoli50_r000336,retained,True,string_to_float
337,ecoli50_r000337,retained,True,string_to_float
338,ecoli50_r000338,retained,True,string_to_float
339,ecoli50_r000339,retained,True,string_to_float
340,ecoli50_r000340,retained,True,string_to_float
341,ecoli50_r000341,retained,True,string_to_float
342,ecoli50_r000342,retained,True,string_to_float
343,ecoli50_r000343,retained,True,string_to_float
344,ecoli50_r000344,retained,True,string_to_float
345,ecoli50_r000345,retained,True,string_to_float
346,ecoli50_r000346,retained,True,string_to_float
347,ecoli50_r000347,retained,True,string_to_float
348,ecoli50_r000348,retained,True,string_to_float
349,ecoli50_r000349,retained,True,string_to_float
350,ecoli50_r000350,retained,True,string_to_float
351,ecoli50_r000351,retained,True,string_to_float
352,ecoli50_r000352,retained,True,string_to_float
353,ecoli50_r000353,retained,True,string_to_float
354,ecoli50_r000354,retained,True,string_to_float
355,ecoli50_r000355,retained,True,string_to_float
356,ecoli50_r000356,retained,True,string_to_float
357,ecoli50_r000357,retained,True,string_to_float
358,ecoli50_r000358,retained,True,string_to_float
359,ecoli50_r000359,retained,True,string_to_float
360,ecoli50_r000360,retained,True,string_to_float
361,ecoli50_r000361,retained,True,string_to_float
362,ecoli50_r000362,retained,True,string_to_float
363,ecoli50_r000363,retained,True,string_to_float
364,ecoli50_r000364,retained,True,string_to_float
365,ecoli50_r000365,retained,True,string_to_float
366,ecoli50_r000366,retained,True,string_to_float
367,ecoli50_r000367,retained,True,string_to_float
368,ecoli50_r000368,retained,True,string_to_float
369,ecoli50_r000369,retained,True,string_to_float
370,ecoli50_r000370,retained,True,string_to_float
371,ecoli50_r000371,retained,True,string_to_float
372,ecoli50_r000372,retained,True,string_to_float
373,ecoli50_r000373,retained,True,string_to_float
374,ecoli50_r000374,retained,True,string_to_float
375,ecoli50_r000375,retained,True,string_to_float
376,ecoli50_r000376,retained,True,string_to_float
377,ecoli50_r000377,retained,True,string_to_float
378,ecoli50_r000378,retained,True,string_to_float
379,ecoli50_r000379,retained,True,string_to_float
380,ecoli50_r000380,retained,True,string_to_float
381,ecoli50_r000381,retained,True,string_to_float
382,ecoli50_r000382,retained,True,string_to_float
383,ecoli50_r000383,retained,True,string_to_float
384,ecoli50_r000384,retained,True,string_to_float
385,ecoli50_r000385,retained,True,string_to_float
386,ecoli50_r000386,retained,True,string_to_float
387,ecoli50_r000387,retained,True,string_to_float
388,ecoli50_r000388,retained,True,string_to_float
389,ecoli50_r000389,retained,True,string_to_float
390,ecoli50_r000390,retained,True,string_to_float
391,ecoli50_r000391,retained,True,string_to_float
392,ecoli50_r000392,retained,True,string_to_float
393,ecoli50_r000393,retained,True,string_to_float
394,ecoli50_r000394,retained,True,string_to_float
395,ecoli50_r000395,retained,True,string_to_float
396,ecoli50_r000396,retained,True,string_to_float
397,ecoli50_r000397,retained,True,string_to_float
398,ecoli50_r000398,retained,True,string_to_float
399,ecoli50_r000399,retained,True,string_to_float
400,ecoli50_r000400,retained,True,string_to_float
401,ecoli50_r000401,retained,True,string_to_float
402,ecoli50_r000402,retained,True,string_to_float
403,ecoli50_r000403,retained,True,string_to_float
404,ecoli50_r000404,retained,True,string_to_float
405,ecoli50_r000405,retained,True,string_to_float
406,ecoli50_r000406,retained,True,string_to_float
407,ecoli50_r000407,retained,True,string_to_float
408,ecoli50_r000408,retained,True,string_to_float
409,ecoli50_r000409,retained,True,string_to_float
410,ecoli50_r000410,retained,True,string_to_float
411,ecoli50_r000411,retained,True,string_to_float
412,ecoli50_r000412,retained,True,string_to_float
413,ecoli50_r000413,retained,True,string_to_float
414,ecoli50_r000414,retained,True,string_to_float
415,ecoli50_r000415,retained,True,string_to_float
416,ecoli50_r000416,retained,True,string_to_float
417,ecoli50_r000417,retained,True,string_to_float
418,ecoli50_r000418,retained,True,string_to_float
419,ecoli50_r000419,retained,True,string_to_float
420,ecoli50_r000420,retained,True,string_to_float
421,ecoli50_r000421,retained,True,string_to_float
422,ecoli50_r000422,retained,True,string_to_float
423,ecoli50_r000423,retained,True,string_to_float
424,ecoli50_r000424,retained,True,string_to_float
425,ecoli50_r000425,retained,True,string_to_float
426,ecoli50_r000426,retained,True,string_to_float
427,ecoli50_r000427,retained,True,string_to_float
428,ecoli50_r000428,retained,True,string_to_float
429,ecoli50_r000429,retained,True,string_to_float
430,ecoli50_r000430,retained,True,string_to_float
431,ecoli50_r000431,retained,True,string_to_float
432,ecoli50_r000432,retained,True,string_to_float
433,ecoli50_r000433,retained,True,string_to_float
434,ecoli50_r000434,retained,True,string_to_float
435,ecoli50_r000435,retained,True,string_to_float
436,ecoli50_r000436,retained,True,string_to_float
437,ecoli50_r000437,retained,True,string_to_float
438,ecoli50_r000438,retained,True,string_to_float
439,ecoli50_r000439,retained,True,string_to_float
440,ecoli50_r000440,retained,True,string_to_float
441,ecoli50_r000441,retained,True,string_to_float
442,ecoli50_r000442,retained,True,string_to_float
443,ecoli50_r000443,retained,True,string_to_float
444,ecoli50_r000444,retained,True,string_to_float
445,ecoli50_r000445,retained,True,string_to_float
446,ecoli50_r000446,retained,True,string_to_float
447,ecoli50_r000447,retained,True,string_to_float
448,ecoli50_r000448,retained,True,string_to_float
449,ecoli50_r000449,retained,True,string_to_float
450,ecoli50_r000450,retained,True,string_to_float
451,ecoli50_r000451,retained,True,string_to_float
452,ecoli50_r000452,retained,True,string_to_float
453,ecoli50_r000453,retained,True,string_to_float
454,ecoli50_r000454,retained,True,string_to_float
455,ecoli50_r000455,retained,True,string_to_float
456,ecoli50_r000456,retained,True,string_to_float
457,ecoli50_r000457,retained,True,string_to_float
458,ecoli50_r000458,retained,True,string_to_float
459,ecoli50_r000459,retained,True,string_to_float
460,ecoli50_r000460,retained,True,string_to_float
461,ecoli50_r000461,retained,True,string_to_float
462,ecoli50_r000462,retained,True,string_to_float
463,ecoli50_r000463,retained,True,string_to_float
464,ecoli50_r000464,retained,True,string_to_float
465,ecoli50_r000465,retained,True,string_to_float
466,ecoli50_r000466,retained,True,string_to_float
467,ecoli50_r000467,retained,True,string_to_float
468,ecoli50_r000468,retained,True,string_to_float
469,ecoli50_r000469,retained,True,string_to_float
470,ecoli50_r000470,retained,True,string_to_float
471,ecoli50_r000471,retained,True,string_to_float
472,ecoli50_r000472,retained,True,string_to_float
473,ecoli50_r000473,retained,True,string_to_float
474,ecoli50_r000474,retained,True,string_to_float
475,ecoli50_r000475,retained,True,string_to_float
476,ecoli50_r000476,retained,True,string_to_float
477,ecoli50_r000477,retained,True,string_to_float
478,ecoli50_r000478,retained,True,string_to_float
479,ecoli50_r000479,retained,True,string_to_float
480,ecoli50_r000480,retained,True,string_to_float
481,ecoli50_r000481,retained,True,string_to_float
482,ecoli50_r000482,retained,True,string_to_float
483,ecoli50_r000483,retained,True,string_to_float
484,ecoli50_r000484,retained,True,string_to_float
485,ecoli50_r000485,retained,True,string_to_float
486,ecoli50_r000486,retained,True,string_to_float
487,ecoli50_r000487,retained,True,string_to_float
488,ecoli50_r000488,retained,True,string_to_float
489,ecoli50_r000489,retained,True,string_to_float
490,ecoli50_r000490,retained,True,string_to_float
491,ecoli50_r000491,retained,True,string_to_float
492,ecoli50_r000492,retained,True,string_to_float
493,ecoli50_r000493,retained,True,string_to_float
494,ecoli50_r000494,retained,True,string_to_float
495,ecoli50_r000495,retained,True,string_to_float
496,ecoli50_r000496,retained,True,string_to_float
497,ecoli50_r000497,retained,True,string_to_float
498,ecoli50_r000498,retained,True,string_to_float
499,ecoli50_r000499,retained,True,string_to_float
500,ecoli50_r000500,retained,True,string_to_float
501,ecoli50_r000501,retained,True,string_to_float
502,ecoli50_r000502,retained,True,string_to_float
503,ecoli50_r000503,retained,True,string_to_float
504,ecoli50_r000504,retained,True,string_to_float
505,ecoli50_r000505,retained,True,string_to_float
506,ecoli50_r000506,retained,True,string_to_float
507,ecoli50_r000507,retained,True,string_to_float
508,ecoli50_r000508,retained,True,string_to_float
509,ecoli50_r000509,retained,True,string_to_float
510,ecoli50_r000510,retained,True,string_to_float
511,ecoli50_r000511,retained,True,string_to_float
512,ecoli50_r000512,retained,True,string_to_float
513,ecoli50_r000513,retained,True,string_to_float
514,ecoli50_r000514,retained,True,string_to_float
515,ecoli50_r000515,retained,True,string_to_float
516,ecoli50_r000516,retained,True,string_to_float
517,ecoli50_r000517,retained,True,string_to_float
518,ecoli50_r000518,retained,True,string_to_float
519,ecoli50_r000519,retained,True,string_to_float
520,ecoli50_r000520,retained,True,string_to_float
521,ecoli50_r000521,retained,True,string_to_float
522,ecoli50_r000522,retained,True,string_to_float
523,ecoli50_r000523,retained,True,string_to_float
524,ecoli50_r000524,retained,True,string_to_float
525,ecoli50_r000525,retained,True,string_to_float
526,ecoli50_r000526,retained,True,string_to_float
527,ecoli50_r000527,retained,True,string_to_float
528,ecoli50_r000528,retained,True,string_to_float
529,ecoli50_r000529,retained,True,string_to_float
530,ecoli50_r000530,retained,True,string_to_float
531,ecoli50_r000531,retained,True,string_to_float
532,ecoli50_r000532,retained,True,string_to_float
533,ecoli50_r000533,retained,True,string_to_float
534,ecoli50_r000534,retained,True,string_to_float
535,ecoli50_r000535,retained,True,string_to_float
536,ecoli50_r000536,retained,True,string_to_float
537,ecoli50_r000537,retained,True,string_to_float
538,ecoli50_r000538,retained,True,string_to_float
539,ecoli50_r000539,retained,True,string_to_float
540,ecoli50_r000540,retained,True,string_to_float
541,ecoli50_r000541,retained,True,string_to_float
542,ecoli50_r000542,retained,True,string_to_float
543,ecoli50_r000543,retained,True,string_to_float
544,ecoli50_r000544,retained,True,string_to_float
545,ecoli50_r000545,retained,True,string_to_float
546,ecoli50_r000546,retained,True,string_to_float
547,ecoli50_r000547,retained,True,string_to_float
548,ecoli50_r000548,retained,True,string_to_float
549,ecoli50_r000549,retained,True,string_to_float
550,ecoli50_r000550,retained,True,string_to_float
551,ecoli50_r000551,retained,True,string_to_float
552,ecoli50_r000552,retained,True,string_to_float
553,ecoli50_r000553,retained,True,string_to_float
554,ecoli50_r000554,retained,True,string_to_float
555,ecoli50_r000555,retained,True,string_to_float
556,ecoli50_r000556,retained,True,string_to_float
557,ecoli50_r000557,retained,True,string_to_float
558,ecoli50_r000558,retained,True,string_to_float
559,ecoli50_r000559,retained,True,string_to_float
560,ecoli50_r000560,retained,True,string_to_float
561,ecoli50_r000561,retained,True,string_to_float
562,ecoli50_r000562,retained,True,string_to_float
563,ecoli50_r000563,retained,True,string_to_float
564,ecoli50_r000564,retained,True,string_to_float
565,ecoli50_r000565,retained,True,string_to_float
566,ecoli50_r000566,retained,True,string_to_float
567,ecoli50_r000567,retained,True,string_to_float
568,ecoli50_r000568,retained,True,string_to_float
569,ecoli50_r000569,retained,True,string_to_float
570,ecoli50_r000570,retained,True,string_to_float
571,ecoli50_r000571,retained,True,string_to_float
572,ecoli50_r000572,retained,True,string_to_float
573,ecoli50_r000573,retained,True,string_to_float
574,ecoli50_r000574,retained,True,string_to_float
575,ecoli50_r000575,retained,True,string_to_float
576,ecoli50_r000576,retained,True,string_to_float
577,ecoli50_r000577,retained,True,string_to_float
578,ecoli50_r000578,retained,True,string_to_float
579,ecoli50_r000579,retained,True,string_to_float
580,ecoli50_r000580,retained,True,string_to_float
581,ecoli50_r000581,retained,True,string_to_float
582,ecoli50_r000582,retained,True,string_to_float
583,ecoli50_r000583,retained,True,string_to_float
584,ecoli50_r000584,retained,True,string_to_float
585,ecoli50_r000585,retained,True,string_to_float
586,ecoli50_r000586,retained,True,string_to_float
587,ecoli50_r000587,retained,True,string_to_float
588,ecoli50_r000588,retained,True,string_to_float
589,ecoli50_r000589,retained,True,string_to_float
590,ecoli50_r000590,retained,True,string_to_float
591,ecoli50_r000591,retained,True,string_to_float
592,ecoli50_r000592,retained,True,string_to_float
593,ecoli50_r000593,retained,True,string_to_float
594,ecoli50_r000594,retained,True,string_to_float
595,ecoli50_r000595,retained,True,string_to_float
596,ecoli50_r000596,retained,True,string_to_float
597,ecoli50_r000597,retained,True,string_to_float
598,ecoli50_r000598,retained,True,string_to_float
599,ecoli50_r000599,retained,True,string_to_float
600,ecoli50_r000600,retained,True,string_to_float
601,ecoli50_r000601,retained,True,string_to_float
602,ecoli50_r000602,retained,True,string_to_float
603,ecoli50_r000603,retained,True,string_to_float
604,ecoli50_r000604,retained,True,string_to_float
605,ecoli50_r000605,retained,True,string_to_float
606,ecoli50_r000606,retained,True,string_to_float
607,ecoli50_r000607,retained,True,string_to_float
608,ecoli50_r000608,retained,True,string_to_float
609,ecoli50_r000609,retained,True,string_to_float
610,ecoli50_r000610,retained,True,string_to_float
611,ecoli50_r000611,retained,True,string_to_float
612,ecoli50_r000612,retained,True,string_to_float
613,ecoli50_r000613,retained,True,string_to_float
614,ecoli50_r000614,retained,True,string_to_float
615,ecoli50_r000615,retained,True,string_to_float
616,ecoli50_r000616,retained,True,string_to_float
617,ecoli50_r000617,retained,True,string_to_float
618,ecoli50_r000618,retained,True,string_to_float
619,ecoli50_r000619,retained,True,string_to_float
620,ecoli50_r000620,retained,True,string_to_float
621,ecoli50_r000621,retained,True,string_to_float
622,ecoli50_r000622,retained,True,string_to_float
623,ecoli50_r000623,retained,True,string_to_float
624,ecoli50_r000624,retained,True,string_to_float
625,ecoli50_r000625,retained,True,string_to_float
626,ecoli50_r000626,retained,True,string_to_float
627,ecoli50_r000627,retained,True,string_to_float
628,ecoli50_r000628,retained,True,string_to_float
629,ecoli50_r000629,retained,True,string_to_float
630,ecoli50_r000630,retained,True,string_to_float
631,ecoli50_r000631,retained,True,string_to_float
632,ecoli50_r000632,retained,True,string_to_float
633,ecoli50_r000633,retained,True,string_to_float
634,ecoli50_r000634,retained,True,string_to_float
635,ecoli50_r000635,retained,True,string_to_float
636,ecoli50_r000636,retained,True,string_to_float
637,ecoli50_r000637,retained,True,string_to_float
638,ecoli50_r000638,retained,True,string_to_float
639,ecoli50_r000639,retained,True,string_to_float
640,ecoli50_r000640,retained,True,string_to_float
641,ecoli50_r000641,retained,True,string_to_float
642,ecoli50_r000642,retained,True,string_to_float
643,ecoli50_r000643,retained,True,string_to_float
644,ecoli50_r000644,retained,True,string_to_float
645,ecoli50_r000645,retained,True,string_to_float
646,ecoli50_r000646,retained,True,string_to_float
647,ecoli50_r000647,retained,True,string_to_float
648,ecoli50_r000648,retained,True,string_to_float
649,ecoli50_r000649,retained,True,string_to_float
650,ecoli50_r000650,retained,True,string_to_float
651,ecoli50_r000651,retained,True,string_to_float
652,ecoli50_r000652,retained,True,string_to_float
653,ecoli50_r000653,retained,True,string_to_float
654,ecoli50_r000654,retained,True,string_to_float
655,ecoli50_r000655,retained,True,string_to_float
656,ecoli50_r000656,retained,True,string_to_float
657,ecoli50_r000657,retained,True,string_to_float
658,ecoli50_r000658,retained,True,string_to_float
659,ecoli50_r000659,retained,True,string_to_float
660,ecoli50_r000660,retained,True,string_to_float
661,ecoli50_r000661,retained,True,string_to_float
662,ecoli50_r000662,retained,True,string_to_float
663,ecoli50_r000663,retained,True,string_to_float
664,ecoli50_r000664,retained,True,string_to_float
665,ecoli50_r000665,retained,True,string_to_float
666,ecoli50_r000666,retained,True,string_to_float
667,ecoli50_r000667,retained,True,string_to_float
668,ecoli50_r000668,retained,True,string_to_float
669,ecoli50_r000669,retained,True,string_to_float
670,ecoli50_r000670,retained,True,string_to_float
671,ecoli50_r000671,retained,True,string_to_float
672,ecoli50_r000672,retained,True,string_to_float
673,ecoli50_r000673,retained,True,string_to_float
674,ecoli50_r000674,retained,True,string_to_float
675,ecoli50_r000675,retained,True,string_to_float
676,ecoli50_r000676,retained,True,string_to_float
677,ecoli50_r000677,retained,True,string_to_float
678,ecoli50_r000678,retained,True,string_to_float
679,ecoli50_r000679,retained,True,string_to_float
680,ecoli50_r000680,retained,True,string_to_float
681,ecoli50_r000681,retained,True,string_to_float
682,ecoli50_r000682,retained,True,string_to_float
683,ecoli50_r000683,retained,True,string_to_float
684,ecoli50_r000684,retained,True,string_to_float
685,ecoli50_r000685,retained,True,string_to_float
686,ecoli50_r000686,retained,True,string_to_float
687,ecoli50_r000687,retained,True,string_to_float
688,ecoli50_r000688,retained,True,string_to_float
689,ecoli50_r000689,retained,True,string_to_float
690,ecoli50_r000690,retained,True,string_to_float
691,ecoli50_r000691,retained,True,string_to_float
692,ecoli50_r000692,retained,True,string_to_float
693,ecoli50_r000693,retained,True,string_to_float
694,ecoli50_r000694,retained,True,string_to_float
695,ecoli50_r000695,retained,True,string_to_float
696,ecoli50_r000696,retained,True,string_to_float
697,ecoli50_r000697,retained,True,string_to_float
698,ecoli50_r000698,retained,True,string_to_float
699,ecoli50_r000699,retained,True,string_to_float
700,ecoli50_r000700,retained,True,string_to_float
701,ecoli50_r000701,retained,True,string_to_float
702,ecoli50_r000702,retained,True,string_to_float
703,ecoli50_r000703,retained,True,string_to_float
704,ecoli50_r000704,retained,True,string_to_float
705,ecoli50_r000705,retained,True,string_to_float
706,ecoli50_r000706,retained,True,string_to_float
707,ecoli50_r000707,retained,True,string_to_float
708,ecoli50_r000708,retained,True,string_to_float
709,ecoli50_r000709,retained,True,string_to_float
710,ecoli50_r000710,retained,True,string_to_float
711,ecoli50_r000711,retained,True,string_to_float
712,ecoli50_r000712,retained,True,string_to_float
713,ecoli50_r000713,retained,True,string_to_float
714,ecoli50_r000714,retained,True,string_to_float
715,ecoli50_r000715,retained,True,string_to_float
716,ecoli50_r000716,retained,True,string_to_float
717,ecoli50_r000717,retained,True,string_to_float
718,ecoli50_r000718,retained,True,string_to_float
719,ecoli50_r000719,retained,True,string_to_float
720,ecoli50_r000720,retained,True,string_to_float
721,ecoli50_r000721,retained,True,string_to_float
722,ecoli50_r000722,retained,True,string_to_float
723,ecoli50_r000723,retained,True,string_to_float
724,ecoli50_r000724,retained,True,string_to_float
725,ecoli50_r000725,retained,True,string_to_float
726,ecoli50_r000726,retained,True,string_to_float
727,ecoli50_r000727,retained,True,string_to_float
728,ecoli50_r000728,retained,True,string_to_float
729,ecoli50_r000729,retained,True,string_to_float
730,ecoli50_r000730,retained,True,string_to_float
731,ecoli50_r000731,retained,True,string_to_float
732,ecoli50_r000732,retained,True,string_to_float
733,ecoli50_r000733,retained,True,string_to_float
734,ecoli50_r000734,retained,True,string_to_float
735,ecoli50_r000735,retained,True,string_to_float
736,ecoli50_r000736,retained,True,string_to_float
737,ecoli50_r000737,retained,True,string_to_float
738,ecoli50_r000738,retained,True,string_to_float
739,ecoli50_r000739,retained,True,string_to_float
740,ecoli50_r000740,retained,True,string_to_float
741,ecoli50_r000741,retained,True,string_to_float
742,ecoli50_r000742,retained,True,string_to_float
743,ecoli50_r000743,retained,True,string_to_float
744,ecoli50_r000744,retained,True,string_to_float
745,ecoli50_r000745,retained,True,string_to_float
746,ecoli50_r000746,retained,True,string_to_float
747,ecoli50_r000747,retained,True,string_to_float
748,ecoli50_r000748,retained,True,string_to_float
749,ecoli50_r000749,retained,True,string_to_float
750,ecoli50_r000750,retained,True,string_to_float
751,ecoli50_r000751,retained,True,string_to_float
752,ecoli50_r000752,retained,True,string_to_float
753,ecoli50_r000753,retained,True,string_to_float
754,ecoli50_r000754,retained,True,string_to_float
755,ecoli50_r000755,retained,True,string_to_float
756,ecoli50_r000756,retained,True,string_to_float
757,ecoli50_r000757,retained,True,string_to_float
758,ecoli50_r000758,retained,True,string_to_float
759,ecoli50_r000759,retained,True,string_to_float
760,ecoli50_r000760,retained,True,string_to_float
761,ecoli50_r000761,retained,True,string_to_float
762,ecoli50_r000762,retained,True,string_to_float
763,ecoli50_r000763,retained,True,string_to_float
764,ecoli50_r000764,retained,True,string_to_float
765,ecoli50_r000765,retained,True,string_to_float
766,ecoli50_r000766,retained,True,string_to_float
767,ecoli50_r000767,retained,True,string_to_float
768,ecoli50_r000768,retained,True,string_to_float
769,ecoli50_r000769,retained,True,string_to_float
770,ecoli50_r000770,retained,True,string_to_float
771,ecoli50_r000771,retained,True,string_to_float
772,ecoli50_r000772,retained,True,string_to_float
773,ecoli50_r000773,retained,True,string_to_float
774,ecoli50_r000774,retained,True,string_to_float
775,ecoli50_r000775,retained,True,string_to_float
776,ecoli50_r000776,retained,True,string_to_float
777,ecoli50_r000777,retained,True,string_to_float
778,ecoli50_r000778,retained,True,string_to_float
779,ecoli50_r000779,retained,True,string_to_float
780,ecoli50_r000780,retained,True,string_to_float
781,ecoli50_r000781,retained,True,string_to_float
782,ecoli50_r000782,retained,True,string_to_float
783,ecoli50_r000783,retained,True,string_to_float
784,ecoli50_r000784,retained,True,string_to_float
785,ecoli50_r000785,retained,True,string_to_float
786,ecoli50_r000786,retained,True,string_to_float
787,ecoli50_r000787,retained,True,string_to_float
788,ecoli50_r000788,retained,True,string_to_float
789,ecoli50_r000789,retained,True,string_to_float
790,ecoli50_r000790,retained,True,string_to_float
791,ecoli50_r000791,retained,True,string_to_float
792,ecoli50_r000792,retained,True,string_to_float
793,ecoli50_r000793,retained,True,string_to_float
794,ecoli50_r000794,retained,True,string_to_float
795,ecoli50_r000795,retained,True,string_to_float
796,ecoli50_r000796,retained,True,string_to_float
797,ecoli50_r000797,retained,True,string_to_float
798,ecoli50_r000798,retained,True,string_to_float
799,ecoli50_r000799,retained,True,string_to_float
800,ecoli50_r000800,retained,True,string_to_float
801,ecoli50_r000801,retained,True,string_to_float
802,ecoli50_r000802,retained,True,string_to_float
803,ecoli50_r000803,retained,True,string_to_float
804,ecoli50_r000804,retained,True,string_to_float
805,ecoli50_r000805,retained,True,string_to_float
806,ecoli50_r000806,retained,True,string_to_float
807,ecoli50_r000807,retained,True,string_to_float
808,ecoli50_r000808,retained,True,string_to_float
809,ecoli50_r000809,retained,True,string_to_float
810,ecoli50_r000810,retained,True,string_to_float
811,ecoli50_r000811,retained,True,string_to_float
812,ecoli50_r000812,retained,True,string_to_float
813,ecoli50_r000813,retained,True,string_to_float
814,ecoli50_r000814,retained,True,string_to_float
815,ecoli50_r000815,retained,True,string_to_float
816,ecoli50_r000816,retained,True,string_to_float
817,ecoli50_r000817,retained,True,string_to_float
818,ecoli50_r000818,retained,True,string_to_float
819,ecoli50_r000819,retained,True,string_to_float
820,ecoli50_r000820,retained,True,string_to_float
821,ecoli50_r000821,retained,True,string_to_float
822,ecoli50_r000822,retained,True,string_to_float
823,ecoli50_r000823,retained,True,string_to_float
824,ecoli50_r000824,retained,True,string_to_float
825,ecoli50_r000825,retained,True,string_to_float
826,ecoli50_r000826,retained,True,string_to_float
827,ecoli50_r000827,retained,True,string_to_float
828,ecoli50_r000828,retained,True,string_to_float
829,ecoli50_r000829,retained,True,string_to_float
830,ecoli50_r000830,retained,True,string_to_float
831,ecoli50_r000831,retained,True,string_to_float
832,ecoli50_r000832,retained,True,string_to_float
833,ecoli50_r000833,retained,True,string_to_float
834,ecoli50_r000834,retained,True,string_to_float
835,ecoli50_r000835,retained,True,string_to_float
836,ecoli50_r000836,retained,True,string_to_float
837,ecoli50_r000837,retained,True,string_to_float
838,ecoli50_r000838,retained,True,string_to_float
839,ecoli50_r000839,retained,True,string_to_float
840,ecoli50_r000840,retained,True,string_to_float
841,ecoli50_r000841,retained,True,string_to_float
842,ecoli50_r000842,retained,True,string_to_float
843,ecoli50_r000843,retained,True,string_to_float
844,ecoli50_r000844,retained,True,string_to_float
845,ecoli50_r000845,retained,True,string_to_float
846,ecoli50_r000846,retained,True,string_to_float
847,ecoli50_r000847,retained,True,string_to_float
848,ecoli50_r000848,retained,True,string_to_float
849,ecoli50_r000849,retained,True,string_to_float
850,ecoli50_r000850,retained,True,string_to_float
851,ecoli50_r000851,retained,True,string_to_float
852,ecoli50_r000852,retained,True,string_to_float
853,ecoli50_r000853,retained,True,string_to_float
854,ecoli50_r000854,retained,True,string_to_float
855,ecoli50_r000855,retained,True,string_to_float
856,ecoli50_r000856,retained,True,string_to_float
857,ecoli50_r000857,retained,True,string_to_float
858,ecoli50_r000858,retained,True,string_to_float
859,ecoli50_r000859,retained,True,string_to_float
860,ecoli50_r000860,retained,True,string_to_float
861,ecoli50_r000861,retained,True,string_to_float
862,ecoli50_r000862,retained,True,string_to_float
863,ecoli50_r000863,retained,True,string_to_float
864,ecoli50_r000864,retained,True,string_to_float
865,ecoli50_r000865,retained,True,string_to_float
866,ecoli50_r000866,retained,True,string_to_float
867,ecoli50_r000867,retained,True,string_to_float
868,ecoli50_r000868,retained,True,string_to_float
869,ecoli50_r000869,retained,True,string_to_float
870,ecoli50_r000870,retained,True,string_to_float
871,ecoli50_r000871,retained,True,string_to_float
872,ecoli50_r000872,retained,True,string_to_float
873,ecoli50_r000873,retained,True,string_to_float
874,ecoli50_r000874,retained,True,string_to_float
875,ecoli50_r000875,retained,True,string_to_float
876,ecoli50_r000876,retained,True,string_to_float
877,ecoli50_r000877,retained,True,string_to_float
878,ecoli50_r000878,retained,True,string_to_float
879,ecoli50_r000879,retained,True,string_to_float
880,ecoli50_r000880,retained,True,string_to_float
881,ecoli50_r000881,retained,True,string_to_float
882,ecoli50_r000882,retained,True,string_to_float
883,ecoli50_r000883,retained,True,string_to_float
884,ecoli50_r000884,retained,True,string_to_float
885,ecoli50_r000885,retained,True,string_to_float
886,ecoli50_r000886,retained,True,string_to_float
887,ecoli50_r000887,retained,True,string_to_float
888,ecoli50_r000888,retained,True,string_to_float
889,ecoli50_r000889,retained,True,string_to_float
890,ecoli50_r000890,retained,True,string_to_float
891,ecoli50_r000891,retained,True,string_to_float
892,ecoli50_r000892,retained,True,string_to_float
893,ecoli50_r000893,retained,True,string_to_float
894,ecoli50_r000894,retained,True,string_to_float
895,ecoli50_r000895,retained,True,string_to_float
896,ecoli50_r000896,retained,True,string_to_float
897,ecoli50_r000897,retained,True,string_to_float
898,ecoli50_r000898,retained,True,string_to_float
899,ecoli50_r000899,retained,True,string_to_float
900,ecoli50_r000900,retained,True,string_to_float
901,ecoli50_r000901,retained,True,string_to_float
902,ecoli50_r000902,retained,True,string_to_float
903,ecoli50_r000903,retained,True,string_to_float
904,ecoli50_r000904,retained,True,string_to_float
905,ecoli50_r000905,retained,True,string_to_float
906,ecoli50_r000906,retained,True,string_to_float
907,ecoli50_r000907,retained,True,string_to_float
908,ecoli50_r000908,retained,True,string_to_float
909,ecoli50_r000909,retained,True,string_to_float
910,ecoli50_r000910,retained,True,string_to_float
911,ecoli50_r000911,retained,True,string_to_float
912,ecoli50_r000912,retained,True,string_to_float
913,ecoli50_r000913,retained,True,string_to_float
914,ecoli50_r000914,retained,True,string_to_float
915,ecoli50_r000915,retained,True,string_to_float
916,ecoli50_r000916,retained,True,string_to_float
917,ecoli50_r000917,retained,True,string_to_float
918,ecoli50_r000918,retained,True,string_to_float
919,ecoli50_r000919,retained,True,string_to_float
920,ecoli50_r000920,retained,True,string_to_float
921,ecoli50_r000921,retained,True,string_to_float
922,ecoli50_r000922,retained,True,string_to_float
923,ecoli50_r000923,retained,True,string_to_float
924,ecoli50_r000924,retained,True,string_to_float
925,ecoli50_r000925,retained,True,string_to_float
926,ecoli50_r000926,retained,True,string_to_float
927,ecoli50_r000927,retained,True,string_to_float
928,ecoli50_r000928,retained,True,string_to_float
929,ecoli50_r000929,retained,True,string_to_float
930,ecoli50_r000930,retained,True,string_to_float
931,ecoli50_r000931,retained,True,string_to_float
932,ecoli50_r000932,retained,True,string_to_float
933,ecoli50_r000933,retained,True,string_to_float
934,ecoli50_r000934,retained,True,string_to_float
935,ecoli50_r000935,retained,True,string_to_float
936,ecoli50_r000936,retained,True,string_to_float
937,ecoli50_r000937,retained,True,string_to_float
938,ecoli50_r000938,retained,True,string_to_float
939,ecoli50_r000939,retained,True,string_to_float
940,ecoli50_r000940,retained,True,string_to_float
941,ecoli50_r000941,retained,True,string_to_float
942,ecoli50_r000942,retained,True,string_to_float
943,ecoli50_r000943,retained,True,string_to_float
944,ecoli50_r000944,retained,True,string_to_float
945,ecoli50_r000945,retained,True,string_to_float
946,ecoli50_r000946,retained,True,string_to_float
947,ecoli50_r000947,retained,True,string_to_float
948,ecoli50_r000948,retained,True,string_to_float
949,ecoli50_r000949,retained,True,string_to_float
950,ecoli50_r000950,retained,True,string_to_float
951,ecoli50_r000951,retained,True,string_to_float
952,ecoli50_r000952,retained,True,string_to_float
953,ecoli50_r000953,retained,True,string_to_float
954,ecoli50_r000954,retained,True,string_to_float
955,ecoli50_r000955,retained,True,string_to_float
956,ecoli50_r000956,retained,True,string_to_float
957,ecoli50_r000957,retained,True,string_to_float
958,ecoli50_r000958,retained,True,string_to_float
959,ecoli50_r000959,retained,True,string_to_float
960,ecoli50_r000960,retained,True,string_to_float
961,ecoli50_r000961,retained,True,string_to_float
962,ecoli50_r000962,retained,True,string_to_float
963,ecoli50_r000963,retained,True,string_to_float
964,ecoli50_r000964,retained,True,string_to_float
965,ecoli50_r000965,retained,True,string_to_float
966,ecoli50_r000966,retained,True,string_to_float
967,ecoli50_r000967,retained,True,string_to_float
968,ecoli50_r000968,retained,True,string_to_float
969,ecoli50_r000969,retained,True,string_to_float
970,ecoli50_r000970,retained,True,string_to_float
971,ecoli50_r000971,retained,True,string_to_float
972,ecoli50_r000972,retained,True,string_to_float
973,ecoli50_r000973,retained,True,string_to_float
974,ecoli50_r000974,retained,True,string_to_float
975,ecoli50_r000975,retained,True,string_to_float
976,ecoli50_r000976,retained,True,string_to_float
977,ecoli50_r000977,retained,True,string_to_float
978,ecoli50_r000978,retained,True,string_to_float
979,ecoli50_r000979,retained,True,string_to_float
980,ecoli50_r000980,retained,True,string_to_float
981,ecoli50_r000981,retained,True,string_to_float
982,ecoli50_r000982,retained,True,string_to_float
983,ecoli50_r000983,retained,True,string_to_float
984,ecoli50_r000984,retained,True,string_to_float
985,ecoli50_r000985,retained,True,string_to_float
986,ecoli50_r000986,retained,True,string_to_float
987,ecoli50_r000987,retained,True,string_to_float
988,ecoli50_r000988,retained,True,string_to_float
989,ecoli50_r000989,retained,True,string_to_float
990,ecoli50_r000990,retained,True,string_to_float
991,ecoli50_r000991,retained,True,string_to_float
992,ecoli50_r000992,retained,True,string_to_float
993,ecoli50_r000993,retained,True,string_to_float
994,ecoli50_r000994,retained,True,string_to_float
995,ecoli50_r000995,retained,True,string_to_float
996,ecoli50_r000996,retained,True,string_to_float
997,ecoli50_r000997,retained,True,string_to_float
998,ecoli50_r000998,retained,True,string_to_float
999,ecoli50_r000999,retained,True,string_to_float
1000,ecoli50_r001000,retained,True,string_to_float
1001,ecoli50_r001001,retained,True,string_to_float
1002,ecoli50_r001002,retained,True,string_to_float
1003,ecoli50_r001003,retained,True,string_to_float
1004,ecoli50_r001004,retained,True,string_to_float
1005,ecoli50_r001005,retained,True,string_to_float
1006,ecoli50_r001006,retained,True,string_to_float
1007,ecoli50_r001007,retained,True,string_to_float
1008,ecoli50_r001008,retained,True,string_to_float
1009,ecoli50_r001009,retained,True,string_to_float
1010,ecoli50_r001010,retained,True,string_to_float
1011,ecoli50_r001011,retained,True,string_to_float
1012,ecoli50_r001012,retained,True,string_to_float
1013,ecoli50_r001013,retained,True,string_to_float
1014,ecoli50_r001014,retained,True,string_to_float
1015,ecoli50_r001015,retained,True,string_to_float
1016,ecoli50_r001016,retained,True,string_to_float
1017,ecoli50_r001017,retained,True,string_to_float
1018,ecoli50_r001018,retained,True,string_to_float
1019,ecoli50_r001019,retained,True,string_to_float
1020,ecoli50_r001020,retained,True,string_to_float
1021,ecoli50_r001021,retained,True,string_to_float
1022,ecoli50_r001022,retained,True,string_to_float
1023,ecoli50_r001023,retained,True,string_to_float
1024,ecoli50_r001024,retained,True,string_to_float
1025,ecoli50_r001025,retained,True,string_to_float
1026,ecoli50_r001026,retained,True,string_to_float
1027,ecoli50_r001027,retained,True,string_to_float
1028,ecoli50_r001028,retained,True,string_to_float
1029,ecoli50_r001029,retained,True,string_to_float
1030,ecoli50_r001030,retained,True,string_to_float
1031,ecoli50_r001031,retained,True,string_to_float
1032,ecoli50_r001032,retained,True,string_to_float
1033,ecoli50_r001033,retained,True,string_to_float
1034,ecoli50_r001034,retained,True,string_to_float
1035,ecoli50_r001035,retained,True,string_to_float
1036,ecoli50_r001036,retained,True,string_to_float
1037,ecoli50_r001037,retained,True,string_to_float
1038,ecoli50_r001038,retained,True,string_to_float
1039,ecoli50_r001039,retained,True,string_to_float
1040,ecoli50_r001040,retained,True,string_to_float
1041,ecoli50_r001041,retained,True,string_to_float
1042,ecoli50_r001042,retained,True,string_to_float
1043,ecoli50_r001043,retained,True,string_to_float
1044,ecoli50_r001044,retained,True,string_to_float
1045,ecoli50_r001045,retained,True,string_to_float
1046,ecoli50_r001046,retained,True,string_to_float
1047,ecoli50_r001047,retained,True,string_to_float
1048,ecoli50_r001048,retained,True,string_to_float
1049,ecoli50_r001049,retained,True,string_to_float
1050,ecoli50_r001050,retained,True,string_to_float
1051,ecoli50_r001051,retained,True,string_to_float
1052,ecoli50_r001052,retained,True,string_to_float
1053,ecoli50_r001053,retained,True,string_to_float
1054,ecoli50_r001054,retained,True,string_to_float
1055,ecoli50_r001055,retained,True,string_to_float
1056,ecoli50_r001056,retained,True,string_to_float
1057,ecoli50_r001057,retained,True,string_to_float
1058,ecoli50_r001058,retained,True,string_to_float
1059,ecoli50_r001059,retained,True,string_to_float
1060,ecoli50_r001060,retained,True,string_to_float
1061,ecoli50_r001061,retained,True,string_to_float
1062,ecoli50_r001062,retained,True,string_to_float
1063,ecoli50_r001063,retained,True,string_to_float
1064,ecoli50_r001064,retained,True,string_to_float
1065,ecoli50_r001065,retained,True,string_to_float
1066,ecoli50_r001066,retained,True,string_to_float
1067,ecoli50_r001067,retained,True,string_to_float
1068,ecoli50_r001068,retained,True,string_to_float
1069,ecoli50_r001069,retained,True,string_to_float
1070,ecoli50_r001070,retained,True,string_to_float
1071,ecoli50_r001071,retained,True,string_to_float
1072,ecoli50_r001072,retained,True,string_to_float
1073,ecoli50_r001073,retained,True,string_to_float
1074,ecoli50_r001074,retained,True,string_to_float
1075,ecoli50_r001075,retained,True,string_to_float
1076,ecoli50_r001076,retained,True,string_to_float
1077,ecoli50_r001077,retained,True,string_to_float
1078,ecoli50_r001078,retained,True,string_to_float
1079,ecoli50_r001079,retained,True,string_to_float
1080,ecoli50_r001080,retained,True,string_to_float
1081,ecoli50_r001081,retained,True,string_to_float
1082,ecoli50_r001082,retained,True,string_to_float
1083,ecoli50_r001083,retained,True,string_to_float
1084,ecoli50_r001084,retained,True,string_to_float
1085,ecoli50_r001085,retained,True,string_to_float
1086,ecoli50_r001086,retained,True,string_to_float
1087,ecoli50_r001087,retained,True,string_to_float
1088,ecoli50_r001088,retained,True,string_to_float
1089,ecoli50_r001089,retained,True,string_to_float
1090,ecoli50_r001090,retained,True,string_to_float
1091,ecoli50_r001091,retained,True,string_to_float
1092,ecoli50_r001092,retained,True,string_to_float
1093,ecoli50_r001093,retained,True,string_to_float
1094,ecoli50_r001094,retained,True,string_to_float
1095,ecoli50_r001095,retained,True,string_to_float
1096,ecoli50_r001096,retained,True,string_to_float
1097,ecoli50_r001097,retained,True,string_to_float
1098,ecoli50_r001098,retained,True,string_to_float
1099,ecoli50_r001099,retained,True,string_to_float
1100,ecoli50_r001100,retained,True,string_to_float
1101,ecoli50_r001101,retained,True,string_to_float
1102,ecoli50_r001102,retained,True,string_to_float
1103,ecoli50_r001103,retained,True,string_to_float
1104,ecoli50_r001104,retained,True,string_to_float
1105,ecoli50_r001105,retained,True,string_to_float
1106,ecoli50_r001106,retained,True,string_to_float
1107,ecoli50_r001107,retained,True,string_to_float
1108,ecoli50_r001108,retained,True,string_to_float
1109,ecoli50_r001109,retained,True,string_to_float
1110,ecoli50_r001110,retained,True,string_to_float
1111,ecoli50_r001111,retained,True,string_to_float
1112,ecoli50_r001112,retained,True,string_to_float
1113,ecoli50_r001113,retained,True,string_to_float
1114,ecoli50_r001114,retained,True,string_to_float
1115,ecoli50_r001115,retained,True,string_to_float
1116,ecoli50_r001116,retained,True,string_to_float
1117,ecoli50_r001117,retained,True,string_to_float
1118,ecoli50_r001118,retained,True,string_to_float
1119,ecoli50_r001119,retained,True,string_to_float
1120,ecoli50_r001120,retained,True,string_to_float
1121,ecoli50_r001121,retained,True,string_to_float
1122,ecoli50_r001122,retained,True,string_to_float
1123,ecoli50_r001123,retained,True,string_to_float
1124,ecoli50_r001124,retained,True,string_to_float
1125,ecoli50_r001125,retained,True,string_to_float
1126,ecoli50_r001126,retained,True,string_to_float
1127,ecoli50_r001127,retained,True,string_to_float
1128,ecoli50_r001128,retained,True,string_to_float
1129,ecoli50_r001129,retained,True,string_to_float
1130,ecoli50_r001130,retained,True,string_to_float
1131,ecoli50_r001131,retained,True,string_to_float
1132,ecoli50_r001132,retained,True,string_to_float
1133,ecoli50_r001133,retained,True,string_to_float
1134,ecoli50_r001134,retained,True,string_to_float
1135,ecoli50_r001135,retained,True,string_to_float
1136,ecoli50_r001136,retained,True,string_to_float
1137,ecoli50_r001137,retained,True,string_to_float
1138,ecoli50_r001138,retained,True,string_to_float
1139,ecoli50_r001139,retained,True,string_to_float
1140,ecoli50_r001140,retained,True,string_to_float
1141,ecoli50_r001141,retained,True,string_to_float
1142,ecoli50_r001142,retained,True,string_to_float
1143,ecoli50_r001143,retained,True,string_to_float
1144,ecoli50_r001144,retained,True,string_to_float
1145,ecoli50_r001145,retained,True,string_to_float
1146,ecoli50_r001146,retained,True,string_to_float
1147,ecoli50_r001147,retained,True,string_to_float
1148,ecoli50_r001148,retained,True,string_to_float
1149,ecoli50_r001149,retained,True,string_to_float
1150,ecoli50_r001150,retained,True,string_to_float
1151,ecoli50_r001151,retained,True,string_to_float
1152,ecoli50_r001152,retained,True,string_to_float
1153,ecoli50_r001153,retained,True,string_to_float
1154,ecoli50_r001154,retained,True,string_to_float
1155,ecoli50_r001155,retained,True,string_to_float
1156,ecoli50_r001156,retained,True,string_to_float
1157,ecoli50_r001157,retained,True,string_to_float
1158,ecoli50_r001158,retained,True,string_to_float
1159,ecoli50_r001159,retained,True,string_to_float
1160,ecoli50_r001160,retained,True,string_to_float
1161,ecoli50_r001161,retained,True,string_to_float
1162,ecoli50_r001162,retained,True,string_to_float
1163,ecoli50_r001163,retained,True,string_to_float
1164,ecoli50_r001164,retained,True,string_to_float
1165,ecoli50_r001165,retained,True,string_to_float
1166,ecoli50_r001166,retained,True,string_to_float
1167,ecoli50_r001167,retained,True,string_to_float
1168,ecoli50_r001168,retained,True,string_to_float
1169,ecoli50_r001169,retained,True,string_to_float
1170,ecoli50_r001170,retained,True,string_to_float
1171,ecoli50_r001171,retained,True,string_to_float
1172,ecoli50_r001172,retained,True,string_to_float
1173,ecoli50_r001173,retained,True,string_to_float
1174,ecoli50_r001174,retained,True,string_to_float
1175,ecoli50_r001175,retained,True,string_to_float
1176,ecoli50_r001176,retained,True,string_to_float
1177,ecoli50_r001177,retained,True,string_to_float
1178,ecoli50_r001178,retained,True,string_to_float
1179,ecoli50_r001179,retained,True,string_to_float
1180,ecoli50_r001180,retained,True,string_to_float
1181,ecoli50_r001181,retained,True,string_to_float
1182,ecoli50_r001182,retained,True,string_to_float
1183,ecoli50_r001183,retained,True,string_to_float
1184,ecoli50_r001184,retained,True,string_to_float
1185,ecoli50_r001185,retained,True,string_to_float
1186,ecoli50_r001186,retained,True,string_to_float
1187,ecoli50_r001187,retained,True,string_to_float
1188,ecoli50_r001188,retained,True,string_to_float
1189,ecoli50_r001189,retained,True,string_to_float
1190,ecoli50_r001190,retained,True,string_to_float
1191,ecoli50_r001191,retained,True,string_to_float
1192,ecoli50_r001192,retained,True,string_to_float
1193,ecoli50_r001193,retained,True,string_to_float
1194,ecoli50_r001194,retained,True,string_to_float
1195,ecoli50_r001195,retained,True,string_to_float
1196,ecoli50_r001196,retained,True,string_to_float
1197,ecoli50_r001197,retained,True,string_to_float
1198,ecoli50_r001198,retained,True,string_to_float
1199,ecoli50_r001199,retained,True,string_to_float
1200,ecoli50_r001200,retained,True,string_to_float
1201,ecoli50_r001201,retained,True,string_to_float
1202,ecoli50_r001202,retained,True,string_to_float
1203,ecoli50_r001203,retained,True,string_to_float
1204,ecoli50_r001204,retained,True,string_to_float
1205,ecoli50_r001205,retained,True,string_to_float
1206,ecoli50_r001206,retained,True,string_to_float
1207,ecoli50_r001207,retained,True,string_to_float
1208,ecoli50_r001208,retained,True,string_to_float
1209,ecoli50_r001209,retained,True,string_to_float
1210,ecoli50_r001210,retained,True,string_to_float
1211,ecoli50_r001211,retained,True,string_to_float
1212,ecoli50_r001212,retained,True,string_to_float
1213,ecoli50_r001213,retained,True,string_to_float
1214,ecoli50_r001214,retained,True,string_to_float
1215,ecoli50_r001215,retained,True,string_to_float
1216,ecoli50_r001216,retained,True,string_to_float
1217,ecoli50_r001217,retained,True,string_to_float
1218,ecoli50_r001218,retained,True,string_to_float
1219,ecoli50_r001219,retained,True,string_to_float
1220,ecoli50_r001220,retained,True,string_to_float
1221,ecoli50_r001221,retained,True,string_to_float
1222,ecoli50_r001222,retained,True,string_to_float
1223,ecoli50_r001223,retained,True,string_to_float
1224,ecoli50_r001224,retained,True,string_to_float
1225,ecoli50_r001225,retained,True,string_to_float
1226,ecoli50_r001226,retained,True,string_to_float
1227,ecoli50_r001227,retained,True,string_to_float
1228,ecoli50_r001228,retained,True,string_to_float
1229,ecoli50_r001229,retained,True,string_to_float
1230,ecoli50_r001230,retained,True,string_to_float
1231,ecoli50_r001231,retained,True,string_to_float
1232,ecoli50_r001232,retained,True,string_to_float
1233,ecoli50_r001233,retained,True,string_to_float
1234,ecoli50_r001234,retained,True,string_to_float
1235,ecoli50_r001235,retained,True,string_to_float
1236,ecoli50_r001236,retained,True,string_to_float
1237,ecoli50_r001237,retained,True,string_to_float
1238,ecoli50_r001238,retained,True,string_to_float
1239,ecoli50_r001239,retained,True,string_to_float
1240,ecoli50_r001240,retained,True,string_to_float
1241,ecoli50_r001241,retained,True,string_to_float
1242,ecoli50_r001242,retained,True,string_to_float
1243,ecoli50_r001243,retained,True,string_to_float
1244,ecoli50_r001244,retained,True,string_to_float
1245,ecoli50_r001245,retained,True,string_to_float
1246,ecoli50_r001246,retained,True,string_to_float
1247,ecoli50_r001247,retained,True,string_to_float
1248,ecoli50_r001248,retained,True,string_to_float
1249,ecoli50_r001249,retained,True,string_to_float
1250,ecoli50_r001250,retained,True,string_to_float
1251,ecoli50_r001251,retained,True,string_to_float
1252,ecoli50_r001252,retained,True,string_to_float
1253,ecoli50_r001253,retained,True,string_to_float
1254,ecoli50_r001254,retained,True,string_to_float
1255,ecoli50_r001255,retained,True,string_to_float
1256,ecoli50_r001256,retained,True,string_to_float
1257,ecoli50_r001257,retained,True,string_to_float
1258,ecoli50_r001258,retained,True,string_to_float
1259,ecoli50_r001259,retained,True,string_to_float
1260,ecoli50_r001260,retained,True,string_to_float
1261,ecoli50_r001261,retained,True,string_to_float
1262,ecoli50_r001262,retained,True,string_to_float
1263,ecoli50_r001263,retained,True,string_to_float
1264,ecoli50_r001264,retained,True,string_to_float
1265,ecoli50_r001265,retained,True,string_to_float
1266,ecoli50_r001266,retained,True,string_to_float
1267,ecoli50_r001267,retained,True,string_to_float
1268,ecoli50_r001268,retained,True,string_to_float
1269,ecoli50_r001269,retained,True,string_to_float
1270,ecoli50_r001270,retained,True,string_to_float
1271,ecoli50_r001271,retained,True,string_to_float
1272,ecoli50_r001272,retained,True,string_to_float
1273,ecoli50_r001273,retained,True,string_to_float
1274,ecoli50_r001274,retained,True,string_to_float
1275,ecoli50_r001275,retained,True,string_to_float
1276,ecoli50_r001276,retained,True,string_to_float
1277,ecoli50_r001277,retained,True,string_to_float
1278,ecoli50_r001278,retained,True,string_to_float
1279,ecoli50_r001279,retained,True,string_to_float
1280,ecoli50_r001280,retained,True,string_to_float
1281,ecoli50_r001281,retained,True,string_to_float
1282,ecoli50_r001282,retained,True,string_to_float
1283,ecoli50_r001283,retained,True,string_to_float
1284,ecoli50_r001284,retained,True,string_to_float
1285,ecoli50_r001285,retained,True,string_to_float
1286,ecoli50_r001286,retained,True,string_to_float
1287,ecoli50_r001287,retained,True,string_to_float
1288,ecoli50_r001288,retained,True,string_to_float
1289,ecoli50_r001289,retained,True,string_to_float
1290,ecoli50_r001290,retained,True,string_to_float
1291,ecoli50_r001291,retained,True,string_to_float
1292,ecoli50_r001292,retained,True,string_to_float
1293,ecoli50_r001293,retained,True,string_to_float
1294,ecoli50_r001294,retained,True,string_to_float
1295,ecoli50_r001295,retained,True,string_to_float
1296,ecoli50_r001296,retained,True,string_to_float
1297,ecoli50_r001297,retained,True,string_to_float
1298,ecoli50_r001298,retained,True,string_to_float
1299,ecoli50_r001299,retained,True,string_to_float
1300,ecoli50_r001300,retained,True,string_to_float
1301,ecoli50_r001301,retained,True,string_to_float
1302,ecoli50_r001302,retained,True,string_to_float
1303,ecoli50_r001303,retained,True,string_to_float
1304,ecoli50_r001304,retained,True,string_to_float
1305,ecoli50_r001305,retained,True,string_to_float
1306,ecoli50_r001306,retained,True,string_to_float
1307,ecoli50_r001307,retained,True,string_to_float
1308,ecoli50_r001308,retained,True,string_to_float
1309,ecoli50_r001309,retained,True,string_to_float
1310,ecoli50_r001310,retained,True,string_to_float
1311,ecoli50_r001311,retained,True,string_to_float
1312,ecoli50_r001312,retained,True,string_to_float
1313,ecoli50_r001313,retained,True,string_to_float
1314,ecoli50_r001314,retained,True,string_to_float
1315,ecoli50_r001315,retained,True,string_to_float
1316,ecoli50_r001316,retained,True,string_to_float
1317,ecoli50_r001317,retained,True,string_to_float
1318,ecoli50_r001318,retained,True,string_to_float
1319,ecoli50_r001319,retained,True,string_to_float
1320,ecoli50_r001320,retained,True,string_to_float
1321,ecoli50_r001321,retained,True,string_to_float
1322,ecoli50_r001322,retained,True,string_to_float
1323,ecoli50_r001323,retained,True,string_to_float
1324,ecoli50_r001324,retained,True,string_to_float
1325,ecoli50_r001325,retained,True,string_to_float
1326,ecoli50_r001326,retained,True,string_to_float
1327,ecoli50_r001327,retained,True,string_to_float
1328,ecoli50_r001328,retained,True,string_to_float
1329,ecoli50_r001329,retained,True,string_to_float
1330,ecoli50_r001330,retained,True,string_to_float
1331,ecoli50_r001331,retained,True,string_to_float
1332,ecoli50_r001332,retained,True,string_to_float
1333,ecoli50_r001333,retained,True,string_to_float
1334,ecoli50_r001334,retained,True,string_to_float
1335,ecoli50_r001335,retained,True,string_to_float
1336,ecoli50_r001336,retained,True,string_to_float
1337,ecoli50_r001337,retained,True,string_to_float
1338,ecoli50_r001338,retained,True,string_to_float
1339,ecoli50_r001339,retained,True,string_to_float
1340,ecoli50_r001340,retained,True,string_to_float
1341,ecoli50_r001341,retained,True,string_to_float
1342,ecoli50_r001342,retained,True,string_to_float
1343,ecoli50_r001343,retained,True,string_to_float
1344,ecoli50_r001344,retained,True,string_to_float
1345,ecoli50_r001345,retained,True,string_to_float
1346,ecoli50_r001346,retained,True,string_to_float
1347,ecoli50_r001347,retained,True,string_to_float
1348,ecoli50_r001348,retained,True,string_to_float
1349,ecoli50_r001349,retained,True,string_to_float
1350,ecoli50_r001350,retained,True,string_to_float
1351,ecoli50_r001351,retained,True,string_to_float
1352,ecoli50_r001352,retained,True,string_to_float
1353,ecoli50_r001353,retained,True,string_to_float
1354,ecoli50_r001354,retained,True,string_to_float
1355,ecoli50_r001355,retained,True,string_to_float
1356,ecoli50_r001356,retained,True,string_to_float
1357,ecoli50_r001357,retained,True,string_to_float
1358,ecoli50_r001358,retained,True,string_to_float
1359,ecoli50_r001359,retained,True,string_to_float
1360,ecoli50_r001360,retained,True,string_to_float
1361,ecoli50_r001361,retained,True,string_to_float
1362,ecoli50_r001362,retained,True,string_to_float
1363,ecoli50_r001363,retained,True,string_to_float
1364,ecoli50_r001364,retained,True,string_to_float
1365,ecoli50_r001365,retained,True,string_to_float
1366,ecoli50_r001366,retained,True,string_to_float
1367,ecoli50_r001367,retained,True,string_to_float
1368,ecoli50_r001368,retained,True,string_to_float
1369,ecoli50_r001369,retained,True,string_to_float
1370,ecoli50_r001370,retained,True,string_to_float
1371,ecoli50_r001371,retained,True,string_to_float
1372,ecoli50_r001372,retained,True,string_to_float
1373,ecoli50_r001373,retained,True,string_to_float
1374,ecoli50_r001374,retained,True,string_to_float
1375,ecoli50_r001375,retained,True,string_to_float
1376,ecoli50_r001376,retained,True,string_to_float
1377,ecoli50_r001377,retained,True,string_to_float
1378,ecoli50_r001378,retained,True,string_to_float
1379,ecoli50_r001379,retained,True,string_to_float
1380,ecoli50_r001380,retained,True,string_to_float
1381,ecoli50_r001381,retained,True,string_to_float
1382,ecoli50_r001382,retained,True,string_to_float
1383,ecoli50_r001383,retained,True,string_to_float
1384,ecoli50_r001384,retained,True,string_to_float
1385,ecoli50_r001385,retained,True,string_to_float
1386,ecoli50_r001386,retained,True,string_to_float
1387,ecoli50_r001387,retained,True,string_to_float
1388,ecoli50_r001388,retained,True,string_to_float
1389,ecoli50_r001389,retained,True,string_to_float
1390,ecoli50_r001390,retained,True,string_to_float
1391,ecoli50_r001391,retained,True,string_to_float
1392,ecoli50_r001392,retained,True,string_to_float
1393,ecoli50_r001393,retained,True,string_to_float
1394,ecoli50_r001394,retained,True,string_to_float
1395,ecoli50_r001395,retained,True,string_to_float
1396,ecoli50_r001396,retained,True,string_to_float
1397,ecoli50_r001397,retained,True,string_to_float
1398,ecoli50_r001398,retained,True,string_to_float
1399,ecoli50_r001399,retained,True,string_to_float
1400,ecoli50_r001400,retained,True,string_to_float
1401,ecoli50_r001401,retained,True,string_to_float
1402,ecoli50_r001402,retained,True,string_to_float
1403,ecoli50_r001403,retained,True,string_to_float
1404,ecoli50_r001404,retained,True,string_to_float
1405,ecoli50_r001405,retained,True,string_to_float
1406,ecoli50_r001406,retained,True,string_to_float
1407,ecoli50_r001407,retained,True,string_to_float
1408,ecoli50_r001408,retained,True,string_to_float
1409,ecoli50_r001409,retained,True,string_to_float
1410,ecoli50_r001410,retained,True,string_to_float
1411,ecoli50_r001411,retained,True,string_to_float
1412,ecoli50_r001412,retained,True,string_to_float
1413,ecoli50_r001413,retained,True,string_to_float
1414,ecoli50_r001414,retained,True,string_to_float
1415,ecoli50_r001415,retained,True,string_to_float
1416,ecoli50_r001416,retained,True,string_to_float
1417,ecoli50_r001417,retained,True,string_to_float
1418,ecoli50_r001418,retained,True,string_to_float
1419,ecoli50_r001419,retained,True,string_to_float
1420,ecoli50_r001420,retained,True,string_to_float
1421,ecoli50_r001421,retained,True,string_to_float
1422,ecoli50_r001422,retained,True,string_to_float
1423,ecoli50_r001423,retained,True,string_to_float
1424,ecoli50_r001424,retained,True,string_to_float
1425,ecoli50_r001425,retained,True,string_to_float
1426,ecoli50_r001426,retained,True,string_to_float
1427,ecoli50_r001427,retained,True,string_to_float
1428,ecoli50_r001428,retained,True,string_to_float
1429,ecoli50_r001429,retained,True,string_to_float
1430,ecoli50_r001430,retained,True,string_to_float
1431,ecoli50_r001431,retained,True,string_to_float
1432,ecoli50_r001432,retained,True,string_to_float
1433,ecoli50_r001433,retained,True,string_to_float
1434,ecoli50_r001434,retained,True,string_to_float
1435,ecoli50_r001435,retained,True,string_to_float
1436,ecoli50_r001436,retained,True,string_to_float
1437,ecoli50_r001437,retained,True,string_to_float
1438,ecoli50_r001438,retained,True,string_to_float
1439,ecoli50_r001439,retained,True,string_to_float
1440,ecoli50_r001440,retained,True,string_to_float
1441,ecoli50_r001441,retained,True,string_to_float
1442,ecoli50_r001442,retained,True,string_to_float
1443,ecoli50_r001443,retained,True,string_to_float
1444,ecoli50_r001444,retained,True,string_to_float
1445,ecoli50_r001445,retained,True,string_to_float
1446,ecoli50_r001446,retained,True,string_to_float
1447,ecoli50_r001447,retained,True,string_to_float
1448,ecoli50_r001448,retained,True,string_to_float
1449,ecoli50_r001449,retained,True,string_to_float
1450,ecoli50_r001450,retained,True,string_to_float
1451,ecoli50_r001451,retained,True,string_to_float
1452,ecoli50_r001452,retained,True,string_to_float
1453,ecoli50_r001453,retained,True,string_to_float
1454,ecoli50_r001454,retained,True,string_to_float
1455,ecoli50_r001455,retained,True,string_to_float
1456,ecoli50_r001456,retained,True,string_to_float
1457,ecoli50_r001457,retained,True,string_to_float
1458,ecoli50_r001458,retained,True,string_to_float
1459,ecoli50_r001459,retained,True,string_to_float
1460,ecoli50_r001460,retained,True,string_to_float
1461,ecoli50_r001461,retained,True,string_to_float
1462,ecoli50_r001462,retained,True,string_to_float
1463,ecoli50_r001463,retained,True,string_to_float
1464,ecoli50_r001464,retained,True,string_to_float
1465,ecoli50_r001465,retained,True,string_to_float
1466,ecoli50_r001466,retained,True,string_to_float
1467,ecoli50_r001467,retained,True,string_to_float
1468,ecoli50_r001468,retained,True,string_to_float
1469,ecoli50_r001469,retained,True,string_to_float
1470,ecoli50_r001470,retained,True,string_to_float
1471,ecoli50_r001471,retained,True,string_to_float
1472,ecoli50_r001472,retained,True,string_to_float
1473,ecoli50_r001473,retained,True,string_to_float
1474,ecoli50_r001474,retained,True,string_to_float
1475,ecoli50_r001475,retained,True,string_to_float
1476,ecoli50_r001476,retained,True,string_to_float
1477,ecoli50_r001477,retained,True,string_to_float
1478,ecoli50_r001478,retained,True,string_to_float
1479,ecoli50_r001479,retained,True,string_to_float
1480,ecoli50_r001480,retained,True,string_to_float
1481,ecoli50_r001481,retained,True,string_to_float
1482,ecoli50_r001482,retained,True,string_to_float
1483,ecoli50_r001483,retained,True,string_to_float
1484,ecoli50_r001484,retained,True,string_to_float
1485,ecoli50_r001485,retained,True,string_to_float
1486,ecoli50_r001486,retained,True,string_to_float
1487,ecoli50_r001487,retained,True,string_to_float
1488,ecoli50_r001488,retained,True,string_to_float
1489,ecoli50_r001489,retained,True,string_to_float
1490,ecoli50_r001490,retained,True,string_to_float
1491,ecoli50_r001491,retained,True,string_to_float
1492,ecoli50_r001492,retained,True,string_to_float
1493,ecoli50_r001493,retained,True,string_to_float
1494,ecoli50_r001494,retained,True,string_to_float
1495,ecoli50_r001495,retained,True,string_to_float
1496,ecoli50_r001496,retained,True,string_to_float
1497,ecoli50_r001497,retained,True,string_to_float
1498,ecoli50_r001498,retained,True,string_to_float
1499,ecoli50_r001499,retained,True,string_to_float
1500,ecoli50_r001500,retained,True,string_to_float
1501,ecoli50_r001501,retained,True,string_to_float
1502,ecoli50_r001502,retained,True,string_to_float
1503,ecoli50_r001503,retained,True,string_to_float
1504,ecoli50_r001504,retained,True,string_to_float
1505,ecoli50_r001505,retained,True,string_to_float
1506,ecoli50_r001506,retained,True,string_to_float
1507,ecoli50_r001507,retained,True,string_to_float
1508,ecoli50_r001508,retained,True,string_to_float
1509,ecoli50_r001509,retained,True,string_to_float
1510,ecoli50_r001510,retained,True,string_to_float
1511,ecoli50_r001511,retained,True,string_to_float
1512,ecoli50_r001512,retained,True,string_to_float
1513,ecoli50_r001513,retained,True,string_to_float
1514,ecoli50_r001514,retained,True,string_to_float
1515,ecoli50_r001515,retained,True,string_to_float
1516,ecoli50_r001516,retained,True,string_to_float
1517,ecoli50_r001517,retained,True,string_to_float
1518,ecoli50_r001518,retained,True,string_to_float
1519,ecoli50_r001519,retained,True,string_to_float
1520,ecoli50_r001520,retained,True,string_to_float
1521,ecoli50_r001521,retained,True,string_to_float
1522,ecoli50_r001522,retained,True,string_to_float
1523,ecoli50_r001523,retained,True,string_to_float
1524,ecoli50_r001524,retained,True,string_to_float
1525,ecoli50_r001525,retained,True,string_to_float
1526,ecoli50_r001526,retained,True,string_to_float
1527,ecoli50_r001527,retained,True,string_to_float
1528,ecoli50_r001528,retained,True,string_to_float
1529,ecoli50_r001529,retained,True,string_to_float
1530,ecoli50_r001530,retained,True,string_to_float
1531,ecoli50_r001531,retained,True,string_to_float
1532,ecoli50_r001532,retained,True,string_to_float
1533,ecoli50_r001533,retained,True,string_to_float
1534,ecoli50_r001534,retained,True,string_to_float
1535,ecoli50_r001535,retained,True,string_to_float
1536,ecoli50_r001536,retained,True,string_to_float
1537,ecoli50_r001537,retained,True,string_to_float
1538,ecoli50_r001538,retained,True,string_to_float
1539,ecoli50_r001539,retained,True,string_to_float
1540,ecoli50_r001540,retained,True,string_to_float
1541,ecoli50_r001541,retained,True,string_to_float
1542,ecoli50_r001542,retained,True,string_to_float
1543,ecoli50_r001543,retained,True,string_to_float
1544,ecoli50_r001544,retained,True,string_to_float
1545,ecoli50_r001545,retained,True,string_to_float
1546,ecoli50_r001546,retained,True,string_to_float
1547,ecoli50_r001547,retained,True,string_to_float
1548,ecoli50_r001548,retained,True,string_to_float
1549,ecoli50_r001549,retained,True,string_to_float
1550,ecoli50_r001550,retained,True,string_to_float
1551,ecoli50_r001551,retained,True,string_to_float
1552,ecoli50_r001552,retained,True,string_to_float
1553,ecoli50_r001553,retained,True,string_to_float
1554,ecoli50_r001554,retained,True,string_to_float
1555,ecoli50_r001555,retained,True,string_to_float
1556,ecoli50_r001556,retained,True,string_to_float
1557,ecoli50_r001557,retained,True,string_to_float
1558,ecoli50_r001558,retained,True,string_to_float
1559,ecoli50_r001559,retained,True,string_to_float
1560,ecoli50_r001560,retained,True,string_to_float
1561,ecoli50_r001561,retained,True,string_to_float
1562,ecoli50_r001562,retained,True,string_to_float
1563,ecoli50_r001563,retained,True,string_to_float
1564,ecoli50_r001564,retained,True,string_to_float
1565,ecoli50_r001565,retained,True,string_to_float
1566,ecoli50_r001566,retained,True,string_to_float
1567,ecoli50_r001567,retained,True,string_to_float
1568,ecoli50_r001568,retained,True,string_to_float
1569,ecoli50_r001569,retained,True,string_to_float
1570,ecoli50_r001570,retained,True,string_to_float
1571,ecoli50_r001571,retained,True,string_to_float
1572,ecoli50_r001572,retained,True,string_to_float
1573,ecoli50_r001573,retained,True,string_to_float
1574,ecoli50_r001574,retained,True,string_to_float
1575,ecoli50_r001575,retained,True,string_to_float
1576,ecoli50_r001576,retained,True,string_to_float
1577,ecoli50_r001577,retained,True,string_to_float
1578,ecoli50_r001578,retained,True,string_to_float
1579,ecoli50_r001579,retained,True,string_to_float
1580,ecoli50_r001580,retained,True,string_to_float
1581,ecoli50_r001581,retained,True,string_to_float
1582,ecoli50_r001582,retained,True,string_to_float
1583,ecoli50_r001583,retained,True,string_to_float
1584,ecoli50_r001584,retained,True,string_to_float
1585,ecoli50_r001585,retained,True,string_to_float
1586,ecoli50_r001586,retained,True,string_to_float
1587,ecoli50_r001587,retained,True,string_to_float
1588,ecoli50_r001588,retained,True,string_to_float
1589,ecoli50_r001589,retained,True,string_to_float
1590,ecoli50_r001590,retained,True,string_to_float
1591,ecoli50_r001591,retained,True,string_to_float
1592,ecoli50_r001592,retained,True,string_to_float
1593,ecoli50_r001593,retained,True,string_to_float
1594,ecoli50_r001594,retained,True,string_to_float
1595,ecoli50_r001595,retained,True,string_to_float
1596,ecoli50_r001596,retained,True,string_to_float
1597,ecoli50_r001597,retained,True,string_to_float
1598,ecoli50_r001598,retained,True,string_to_float
1599,ecoli50_r001599,retained,True,string_to_float
1600,ecoli50_r001600,retained,True,string_to_float
1601,ecoli50_r001601,retained,True,string_to_float
1602,ecoli50_r001602,retained,True,string_to_float
1603,ecoli50_r001603,retained,True,string_to_float
1604,ecoli50_r001604,retained,True,string_to_float
1605,ecoli50_r001605,retained,True,string_to_float
1606,ecoli50_r001606,retained,True,string_to_float
1607,ecoli50_r001607,retained,True,string_to_float
1608,ecoli50_r001608,retained,True,string_to_float
1609,ecoli50_r001609,retained,True,string_to_float
1610,ecoli50_r001610,retained,True,string_to_float
1611,ecoli50_r001611,retained,True,string_to_float
1612,ecoli50_r001612,retained,True,string_to_float
1613,ecoli50_r001613,retained,True,string_to_float
1614,ecoli50_r001614,retained,True,string_to_float
1615,ecoli50_r001615,retained,True,string_to_float
1616,ecoli50_r001616,retained,True,string_to_float
1617,ecoli50_r001617,retained,True,string_to_float
1618,ecoli50_r001618,retained,True,string_to_float
1619,ecoli50_r001619,retained,True,string_to_float
1620,ecoli50_r001620,retained,True,string_to_float
1621,ecoli50_r001621,retained,True,string_to_float
1622,ecoli50_r001622,retained,True,string_to_float
1623,ecoli50_r001623,retained,True,string_to_float
1624,ecoli50_r001624,retained,True,string_to_float
1625,ecoli50_r001625,retained,True,string_to_float
1626,ecoli50_r001626,retained,True,string_to_float
1627,ecoli50_r001627,retained,True,string_to_float
1628,ecoli50_r001628,retained,True,string_to_float
1629,ecoli50_r001629,retained,True,string_to_float
1630,ecoli50_r001630,retained,True,string_to_float
1631,ecoli50_r001631,retained,True,string_to_float
1632,ecoli50_r001632,retained,True,string_to_float
1633,ecoli50_r001633,retained,True,string_to_float
1634,ecoli50_r001634,retained,True,string_to_float
1635,ecoli50_r001635,retained,True,string_to_float
1636,ecoli50_r001636,retained,True,string_to_float
1637,ecoli50_r001637,retained,True,string_to_float
1638,ecoli50_r001638,retained,True,string_to_float
1639,ecoli50_r001639,retained,True,string_to_float
1640,ecoli50_r001640,retained,True,string_to_float
1641,ecoli50_r001641,retained,True,string_to_float
1642,ecoli50_r001642,retained,True,string_to_float
1643,ecoli50_r001643,retained,True,string_to_float
1644,ecoli50_r001644,retained,True,string_to_float
1645,ecoli50_r001645,retained,True,string_to_float
1646,ecoli50_r001646,retained,True,string_to_float
1647,ecoli50_r001647,retained,True,string_to_float
1648,ecoli50_r001648,retained,True,string_to_float
1649,ecoli50_r001649,retained,True,string_to_float
1650,ecoli50_r001650,retained,True,string_to_float
1651,ecoli50_r001651,retained,True,string_to_float
1652,ecoli50_r001652,retained,True,string_to_float
1653,ecoli50_r001653,retained,True,string_to_float
1654,ecoli50_r001654,retained,True,string_to_float
1655,ecoli50_r001655,retained,True,string_to_float
1656,ecoli50_r001656,retained,True,string_to_float
1657,ecoli50_r001657,retained,True,string_to_float
1658,ecoli50_r001658,retained,True,string_to_float
1659,ecoli50_r001659,retained,True,string_to_float
1660,ecoli50_r001660,retained,True,string_to_float
1661,ecoli50_r001661,retained,True,string_to_float
1662,ecoli50_r001662,retained,True,string_to_float
1663,ecoli50_r001663,retained,True,string_to_float
1664,ecoli50_r001664,retained,True,string_to_float
1665,ecoli50_r001665,retained,True,string_to_float
1666,ecoli50_r001666,retained,True,string_to_float
1667,ecoli50_r001667,retained,True,string_to_float
1668,ecoli50_r001668,retained,True,string_to_float
1669,ecoli50_r001669,retained,True,string_to_float
1670,ecoli50_r001670,retained,True,string_to_float
1671,ecoli50_r001671,retained,True,string_to_float
1672,ecoli50_r001672,retained,True,string_to_float
1673,ecoli50_r001673,retained,True,string_to_float
1674,ecoli50_r001674,retained,True,string_to_float
1675,ecoli50_r001675,retained,True,string_to_float
1676,ecoli50_r001676,retained,True,string_to_float
1677,ecoli50_r001677,retained,True,string_to_float
1678,ecoli50_r001678,retained,True,string_to_float
1679,ecoli50_r001679,retained,True,string_to_float
1680,ecoli50_r001680,retained,True,string_to_float
1681,ecoli50_r001681,retained,True,string_to_float
1682,ecoli50_r001682,retained,True,string_to_float
1683,ecoli50_r001683,retained,True,string_to_float
1684,ecoli50_r001684,retained,True,string_to_float
1685,ecoli50_r001685,retained,True,string_to_float
1686,ecoli50_r001686,retained,True,string_to_float
1687,ecoli50_r001687,retained,True,string_to_float
1688,ecoli50_r001688,retained,True,string_to_float
1689,ecoli50_r001689,retained,True,string_to_float
1690,ecoli50_r001690,retained,True,string_to_float
1691,ecoli50_r001691,retained,True,string_to_float
1692,ecoli50_r001692,retained,True,string_to_float
1693,ecoli50_r001693,retained,True,string_to_float
1694,ecoli50_r001694,retained,True,string_to_float
1695,ecoli50_r001695,retained,True,string_to_float
1696,ecoli50_r001696,retained,True,string_to_float
1697,ecoli50_r001697,retained,True,string_to_float
1698,ecoli50_r001698,retained,True,string_to_float
1699,ecoli50_r001699,retained,True,string_to_float
1700,ecoli50_r001700,retained,True,string_to_float
1701,ecoli50_r001701,retained,True,string_to_float
1702,ecoli50_r001702,retained,True,string_to_float
1703,ecoli50_r001703,retained,True,string_to_float
1704,ecoli50_r001704,retained,True,string_to_float
1705,ecoli50_r001705,retained,True,string_to_float
1706,ecoli50_r001706,retained,True,string_to_float
1707,ecoli50_r001707,retained,True,string_to_float
1708,ecoli50_r001708,retained,True,string_to_float
1709,ecoli50_r001709,retained,True,string_to_float
1710,ecoli50_r001710,retained,True,string_to_float
1711,ecoli50_r001711,retained,True,string_to_float
1712,ecoli50_r001712,retained,True,string_to_float
1713,ecoli50_r001713,retained,True,string_to_float
1714,ecoli50_r001714,retained,True,string_to_float
1715,ecoli50_r001715,retained,True,string_to_float
1716,ecoli50_r001716,retained,True,string_to_float
1717,ecoli50_r001717,retained,True,string_to_float
1718,ecoli50_r001718,retained,True,string_to_float
1719,ecoli50_r001719,retained,True,string_to_float
1720,ecoli50_r001720,retained,True,string_to_float
1721,ecoli50_r001721,retained,True,string_to_float
1722,ecoli50_r001722,retained,True,string_to_float
1723,ecoli50_r001723,retained,True,string_to_float
1724,ecoli50_r001724,retained,True,string_to_float
1725,ecoli50_r001725,retained,True,string_to_float
1726,ecoli50_r001726,retained,True,string_to_float
1727,ecoli50_r001727,retained,True,string_to_float
1728,ecoli50_r001728,retained,True,string_to_float
1729,ecoli50_r001729,retained,True,string_to_float
1730,ecoli50_r001730,retained,True,string_to_float
1731,ecoli50_r001731,retained,True,string_to_float
1732,ecoli50_r001732,retained,True,string_to_float
1733,ecoli50_r001733,retained,True,string_to_float
1734,ecoli50_r001734,retained,True,string_to_float
1735,ecoli50_r001735,retained,True,string_to_float
1736,ecoli50_r001736,retained,True,string_to_float
1737,ecoli50_r001737,retained,True,string_to_float
1738,ecoli50_r001738,retained,True,string_to_float
1739,ecoli50_r001739,retained,True,string_to_float
1740,ecoli50_r001740,retained,True,string_to_float
1741,ecoli50_r001741,retained,True,string_to_float
1742,ecoli50_r001742,retained,True,string_to_float
1743,ecoli50_r001743,retained,True,string_to_float
1744,ecoli50_r001744,retained,True,string_to_float
1745,ecoli50_r001745,retained,True,string_to_float
1746,ecoli50_r001746,retained,True,string_to_float
1747,ecoli50_r001747,retained,True,string_to_float
1748,ecoli50_r001748,retained,True,string_to_float
1749,ecoli50_r001749,retained,True,string_to_float
1750,ecoli50_r001750,retained,True,string_to_float
1751,ecoli50_r001751,retained,True,string_to_float
1752,ecoli50_r001752,retained,True,string_to_float
1753,ecoli50_r001753,retained,True,string_to_float
1754,ecoli50_r001754,retained,True,string_to_float
1755,ecoli50_r001755,retained,True,string_to_float
1756,ecoli50_r001756,retained,True,string_to_float
1757,ecoli50_r001757,retained,True,string_to_float
1758,ecoli50_r001758,retained,True,string_to_float
1759,ecoli50_r001759,retained,True,string_to_float
1760,ecoli50_r001760,retained,True,string_to_float
1761,ecoli50_r001761,retained,True,string_to_float
1762,ecoli50_r001762,retained,True,string_to_float
1763,ecoli50_r001763,retained,True,string_to_float
1764,ecoli50_r001764,retained,True,string_to_float
1765,ecoli50_r001765,retained,True,string_to_float
1766,ecoli50_r001766,retained,True,string_to_float
1767,ecoli50_r001767,retained,True,string_to_float
1768,ecoli50_r001768,retained,True,string_to_float
1769,ecoli50_r001769,retained,True,string_to_float
1770,ecoli50_r001770,retained,True,string_to_float
1771,ecoli50_r001771,retained,True,string_to_float
1772,ecoli50_r001772,retained,True,string_to_float
1773,ecoli50_r001773,retained,True,string_to_float
1774,ecoli50_r001774,retained,True,string_to_float
1775,ecoli50_r001775,retained,True,string_to_float
1776,ecoli50_r001776,retained,True,string_to_float
1777,ecoli50_r001777,retained,True,string_to_float
1778,ecoli50_r001778,retained,True,string_to_float
1779,ecoli50_r001779,retained,True,string_to_float
1780,ecoli50_r001780,retained,True,string_to_float
1781,ecoli50_r001781,retained,True,string_to_float
1782,ecoli50_r001782,retained,True,string_to_float
1783,ecoli50_r001783,retained,True,string_to_float
1784,ecoli50_r001784,retained,True,string_to_float
1785,ecoli50_r001785,retained,True,string_to_float
1786,ecoli50_r001786,retained,True,string_to_float
1787,ecoli50_r001787,retained,True,string_to_float
1788,ecoli50_r001788,retained,True,string_to_float
1789,ecoli50_r001789,retained,True,string_to_float
1790,ecoli50_r001790,retained,True,string_to_float
1791,ecoli50_r001791,retained,True,string_to_float
1792,ecoli50_r001792,retained,True,string_to_float
1793,ecoli50_r001793,retained,True,string_to_float
1794,ecoli50_r001794,retained,True,string_to_float
1795,ecoli50_r001795,retained,True,string_to_float
1796,ecoli50_r001796,retained,True,string_to_float
1797,ecoli50_r001797,retained,True,string_to_float
1798,ecoli50_r001798,retained,True,string_to_float
1799,ecoli50_r001799,retained,True,string_to_float
1800,ecoli50_r001800,retained,True,string_to_float
1801,ecoli50_r001801,retained,True,string_to_float
1802,ecoli50_r001802,retained,True,string_to_float
1803,ecoli50_r001803,retained,True,string_to_float
1804,ecoli50_r001804,retained,True,string_to_float
1805,ecoli50_r001805,retained,True,string_to_float
1806,ecoli50_r001806,retained,True,string_to_float
1807,ecoli50_r001807,retained,True,string_to_float
1808,ecoli50_r001808,retained,True,string_to_float
1809,ecoli50_r001809,retained,True,string_to_float
1810,ecoli50_r001810,retained,True,string_to_float
1811,ecoli50_r001811,retained,True,string_to_float
1812,ecoli50_r001812,retained,True,string_to_float
1813,ecoli50_r001813,retained,True,string_to_float
1814,ecoli50_r001814,retained,True,string_to_float
1815,ecoli50_r001815,retained,True,string_to_float
1816,ecoli50_r001816,retained,True,string_to_float
1817,ecoli50_r001817,retained,True,string_to_float
1818,ecoli50_r001818,retained,True,string_to_float
1819,ecoli50_r001819,retained,True,string_to_float
1820,ecoli50_r001820,retained,True,string_to_float
1821,ecoli50_r001821,retained,True,string_to_float
1822,ecoli50_r001822,retained,True,string_to_float
1823,ecoli50_r001823,retained,True,string_to_float
1824,ecoli50_r001824,retained,True,string_to_float
1825,ecoli50_r001825,retained,True,string_to_float
1826,ecoli50_r001826,retained,True,string_to_float
1827,ecoli50_r001827,retained,True,string_to_float
1828,ecoli50_r001828,retained,True,string_to_float
1829,ecoli50_r001829,retained,True,string_to_float
1830,ecoli50_r001830,retained,True,string_to_float
1831,ecoli50_r001831,retained,True,string_to_float
1832,ecoli50_r001832,retained,True,string_to_float
1833,ecoli50_r001833,retained,True,string_to_float
1834,ecoli50_r001834,retained,True,string_to_float
1835,ecoli50_r001835,retained,True,string_to_float
1836,ecoli50_r001836,retained,True,string_to_float
1837,ecoli50_r001837,retained,True,string_to_float
1838,ecoli50_r001838,retained,True,string_to_float
1839,ecoli50_r001839,retained,True,string_to_float
1840,ecoli50_r001840,retained,True,string_to_float
1841,ecoli50_r001841,retained,True,string_to_float
1842,ecoli50_r001842,retained,True,string_to_float
1843,ecoli50_r001843,retained,True,string_to_float
1844,ecoli50_r001844,retained,True,string_to_float
1845,ecoli50_r001845,retained,True,string_to_float
1846,ecoli50_r001846,retained,True,string_to_float
1847,ecoli50_r001847,retained,True,string_to_float
1848,ecoli50_r001848,retained,True,string_to_float
1849,ecoli50_r001849,retained,True,string_to_float
1850,ecoli50_r001850,retained,True,string_to_float
1851,ecoli50_r001851,retained,True,string_to_float
1852,ecoli50_r001852,retained,True,string_to_float
1853,ecoli50_r001853,retained,True,string_to_float
1854,ecoli50_r001854,retained,True,string_to_float
1855,ecoli50_r001855,retained,True,string_to_float
1856,ecoli50_r001856,retained,True,string_to_float
1857,ecoli50_r001857,retained,True,string_to_float
1858,ecoli50_r001858,retained,True,string_to_float
1859,ecoli50_r001859,retained,True,string_to_float
1860,ecoli50_r001860,retained,True,string_to_float
1861,ecoli50_r001861,retained,True,string_to_float
1862,ecoli50_r001862,retained,True,string_to_float
1863,ecoli50_r001863,retained,True,string_to_float
1864,ecoli50_r001864,retained,True,string_to_float
1865,ecoli50_r001865,retained,True,string_to_float
1866,ecoli50_r001866,retained,True,string_to_float
1867,ecoli50_r001867,retained,True,string_to_float
1868,ecoli50_r001868,retained,True,string_to_float
1869,ecoli50_r001869,retained,True,string_to_float
1870,ecoli50_r001870,retained,True,string_to_float
1871,ecoli50_r001871,retained,True,string_to_float
1872,ecoli50_r001872,retained,True,string_to_float
1873,ecoli50_r001873,retained,True,string_to_float
1874,ecoli50_r001874,retained,True,string_to_float
1875,ecoli50_r001875,retained,True,string_to_float
1876,ecoli50_r001876,retained,True,string_to_float
1877,ecoli50_r001877,retained,True,string_to_float
1878,ecoli50_r001878,retained,True,string_to_float
1879,ecoli50_r001879,retained,True,string_to_float
1880,ecoli50_r001880,retained,True,string_to_float
1881,ecoli50_r001881,retained,True,string_to_float
1882,ecoli50_r001882,retained,True,string_to_float
1883,ecoli50_r001883,retained,True,string_to_float
1884,ecoli50_r001884,retained,True,string_to_float
1885,ecoli50_r001885,retained,True,string_to_float
1886,ecoli50_r001886,retained,True,string_to_float
1887,ecoli50_r001887,retained,True,string_to_float
1888,ecoli50_r001888,retained,True,string_to_float
1889,ecoli50_r001889,retained,True,string_to_float
1890,ecoli50_r001890,retained,True,string_to_float
1891,ecoli50_r001891,retained,True,string_to_float
1892,ecoli50_r001892,retained,True,string_to_float
1893,ecoli50_r001893,retained,True,string_to_float
1894,ecoli50_r001894,retained,True,string_to_float
1895,ecoli50_r001895,retained,True,string_to_float
1896,ecoli50_r001896,retained,True,string_to_float
1897,ecoli50_r001897,retained,True,string_to_float
1898,ecoli50_r001898,retained,True,string_to_float
1899,ecoli50_r001899,retained,True,string_to_float
1900,ecoli50_r001900,retained,True,string_to_float
1901,ecoli50_r001901,retained,True,string_to_float
1902,ecoli50_r001902,retained,True,string_to_float
1903,ecoli50_r001903,retained,True,string_to_float
1904,ecoli50_r001904,retained,True,string_to_float
1905,ecoli50_r001905,retained,True,string_to_float
1906,ecoli50_r001906,retained,True,string_to_float
1907,ecoli50_r001907,retained,True,string_to_float
1908,ecoli50_r001908,retained,True,string_to_float
1909,ecoli50_r001909,retained,True,string_to_float
1910,ecoli50_r001910,retained,True,string_to_float
1911,ecoli50_r001911,retained,True,string_to_float
1912,ecoli50_r001912,retained,True,string_to_float
1913,ecoli50_r001913,retained,True,string_to_float
1914,ecoli50_r001914,retained,True,string_to_float
1915,ecoli50_r001915,retained,True,string_to_float
1916,ecoli50_r001916,retained,True,string_to_float
1917,ecoli50_r001917,retained,True,string_to_float
1918,ecoli50_r001918,retained,True,string_to_float
1919,ecoli50_r001919,retained,True,string_to_float
1920,ecoli50_r001920,retained,True,string_to_float
1921,ecoli50_r001921,retained,True,string_to_float
1922,ecoli50_r001922,retained,True,string_to_float
1923,ecoli50_r001923,retained,True,string_to_float
1924,ecoli50_r001924,retained,True,string_to_float
1925,ecoli50_r001925,retained,True,string_to_float
1926,ecoli50_r001926,retained,True,string_to_float
1927,ecoli50_r001927,retained,True,string_to_float
1928,ecoli50_r001928,retained,True,string_to_float
1929,ecoli50_r001929,retained,True,string_to_float
1930,ecoli50_r001930,retained,True,string_to_float
1931,ecoli50_r001931,retained,True,string_to_float
1932,ecoli50_r001932,retained,True,string_to_float
1933,ecoli50_r001933,retained,True,string_to_float
1934,ecoli50_r001934,retained,True,string_to_float
1935,ecoli50_r001935,retained,True,string_to_float
1936,ecoli50_r001936,retained,True,string_to_float
1937,ecoli50_r001937,retained,True,string_to_float
1938,ecoli50_r001938,retained,True,string_to_float
1939,ecoli50_r001939,retained,True,string_to_float
1940,ecoli50_r001940,retained,True,string_to_float
1941,ecoli50_r001941,retained,True,string_to_float
1942,ecoli50_r001942,retained,True,string_to_float
1943,ecoli50_r001943,retained,True,string_to_float
1944,ecoli50_r001944,retained,True,string_to_float
1945,ecoli50_r001945,retained,True,string_to_float
1946,ecoli50_r001946,retained,True,string_to_float
1947,ecoli50_r001947,retained,True,string_to_float
1948,ecoli50_r001948,retained,True,string_to_float
1949,ecoli50_r001949,retained,True,string_to_float
1950,ecoli50_r001950,retained,True,string_to_float
1951,ecoli50_r001951,retained,True,string_to_float
1952,ecoli50_r001952,retained,True,string_to_float
1953,ecoli50_r001953,retained,True,string_to_float
1954,ecoli50_r001954,retained,True,string_to_float
1955,ecoli50_r001955,retained,True,string_to_float
1956,ecoli50_r001956,retained,True,string_to_float
1957,ecoli50_r001957,retained,True,string_to_float
1958,ecoli50_r001958,retained,True,string_to_float
1959,ecoli50_r001959,retained,True,string_to_float
1960,ecoli50_r001960,retained,True,string_to_float
1961,ecoli50_r001961,retained,True,string_to_float
1962,ecoli50_r001962,retained,True,string_to_float
1963,ecoli50_r001963,retained,True,string_to_float
1964,ecoli50_r001964,retained,True,string_to_float
1965,ecoli50_r001965,retained,True,string_to_float
1966,ecoli50_r001966,retained,True,string_to_float
1967,ecoli50_r001967,retained,True,string_to_float
1968,ecoli50_r001968,retained,True,string_to_float
1969,ecoli50_r001969,retained,True,string_to_float
1970,ecoli50_r001970,retained,True,string_to_float
1971,ecoli50_r001971,retained,True,string_to_float
1972,ecoli50_r001972,retained,True,string_to_float
1973,ecoli50_r001973,retained,True,string_to_float
1974,ecoli50_r001974,retained,True,string_to_float
1975,ecoli50_r001975,retained,True,string_to_float
1976,ecoli50_r001976,retained,True,string_to_float
1977,ecoli50_r001977,retained,True,string_to_float
1978,ecoli50_r001978,retained,True,string_to_float
1979,ecoli50_r001979,retained,True,string_to_float
1980,ecoli50_r001980,retained,True,string_to_float
1981,ecoli50_r001981,retained,True,string_to_float
1982,ecoli50_r001982,retained,True,string_to_float
1983,ecoli50_r001983,retained,True,string_to_float
1984,ecoli50_r001984,retained,True,string_to_float
1985,ecoli50_r001985,retained,True,string_to_float
1986,ecoli50_r001986,retained,True,string_to_float
1987,ecoli50_r001987,retained,True,string_to_float
1988,ecoli50_r001988,retained,True,string_to_float
1989,ecoli50_r001989,retained,True,string_to_float
1990,ecoli50_r001990,retained,True,string_to_float
1991,ecoli50_r001991,retained,True,string_to_float
1992,ecoli50_r001992,retained,True,string_to_float
1993,ecoli50_r001993,retained,True,string_to_float
1994,ecoli50_r001994,retained,True,string_to_float
1995,ecoli50_r001995,retained,True,string_to_float
1996,ecoli50_r001996,retained,True,string_to_float
1997,ecoli50_r001997,retained,True,string_to_float
1998,ecoli50_r001998,retained,True,string_to_float
1999,ecoli50_r001999,retained,True,string_to_float
2000,ecoli50_r002000,retained,True,string_to_float
2001,ecoli50_r002001,retained,True,string_to_float
2002,ecoli50_r002002,retained,True,string_to_float
2003,ecoli50_r002003,retained,True,string_to_float
2004,ecoli50_r002004,retained,True,string_to_float
2005,ecoli50_r002005,retained,True,string_to_float
2006,ecoli50_r002006,retained,True,string_to_float
2007,ecoli50_r002007,retained,True,string_to_float
2008,ecoli50_r002008,retained,True,string_to_float
2009,ecoli50_r002009,retained,True,string_to_float
2010,ecoli50_r002010,retained,True,string_to_float
2011,ecoli50_r002011,retained,True,string_to_float
2012,ecoli50_r002012,retained,True,string_to_float
2013,ecoli50_r002013,retained,True,string_to_float
2014,ecoli50_r002014,retained,True,string_to_float
2015,ecoli50_r002015,retained,True,string_to_float
2016,ecoli50_r002016,retained,True,string_to_float
2017,ecoli50_r002017,retained,True,string_to_float
2018,ecoli50_r002018,retained,True,string_to_float
2019,ecoli50_r002019,retained,True,string_to_float
2020,ecoli50_r002020,retained,True,string_to_float
2021,ecoli50_r002021,retained,True,string_to_float
2022,ecoli50_r002022,retained,True,string_to_float
2023,ecoli50_r002023,retained,True,string_to_float
2024,ecoli50_r002024,retained,True,string_to_float
2025,ecoli50_r002025,retained,True,string_to_float
2026,ecoli50_r002026,retained,True,string_to_float
2027,ecoli50_r002027,retained,True,string_to_float
2028,ecoli50_r002028,retained,True,string_to_float
2029,ecoli50_r002029,retained,True,string_to_float
2030,ecoli50_r002030,retained,True,string_to_float
2031,ecoli50_r002031,retained,True,string_to_float
2032,ecoli50_r002032,retained,True,string_to_float
2033,ecoli50_r002033,retained,True,string_to_float
2034,ecoli50_r002034,retained,True,string_to_float
2035,ecoli50_r002035,retained,True,string_to_float
2036,ecoli50_r002036,retained,True,string_to_float
2037,ecoli50_r002037,retained,True,string_to_float
2038,ecoli50_r002038,retained,True,string_to_float
2039,ecoli50_r002039,retained,True,string_to_float
2040,ecoli50_r002040,retained,True,string_to_float
2041,ecoli50_r002041,retained,True,string_to_float
2042,ecoli50_r002042,retained,True,string_to_float
2043,ecoli50_r002043,retained,True,string_to_float
2044,ecoli50_r002044,retained,True,string_to_float
2045,ecoli50_r002045,retained,True,string_to_float
2046,ecoli50_r002046,retained,True,string_to_float
2047,ecoli50_r002047,retained,True,string_to_float
2048,ecoli50_r002048,retained,True,string_to_float
2049,ecoli50_r002049,retained,True,string_to_float
2050,ecoli50_r002050,retained,True,string_to_float
2051,ecoli50_r002051,retained,True,string_to_float
2052,ecoli50_r002052,retained,True,string_to_float
2053,ecoli50_r002053,retained,True,string_to_float
2054,ecoli50_r002054,retained,True,string_to_float
2055,ecoli50_r002055,retained,True,string_to_float
2056,ecoli50_r002056,retained,True,string_to_float
2057,ecoli50_r002057,retained,True,string_to_float
2058,ecoli50_r002058,retained,True,string_to_float
2059,ecoli50_r002059,retained,True,string_to_float
2060,ecoli50_r002060,retained,True,string_to_float
2061,ecoli50_r002061,retained,True,string_to_float
2062,ecoli50_r002062,retained,True,string_to_float
2063,ecoli50_r002063,retained,True,string_to_float
2064,ecoli50_r002064,retained,True,string_to_float
2065,ecoli50_r002065,retained,True,string_to_float
2066,ecoli50_r002066,retained,True,string_to_float
2067,ecoli50_r002067,retained,True,string_to_float
2068,ecoli50_r002068,retained,True,string_to_float
2069,ecoli50_r002069,retained,True,string_to_float
2070,ecoli50_r002070,retained,True,string_to_float
2071,ecoli50_r002071,retained,True,string_to_float
2072,ecoli50_r002072,retained,True,string_to_float
2073,ecoli50_r002073,retained,True,string_to_float
2074,ecoli50_r002074,retained,True,string_to_float
2075,ecoli50_r002075,retained,True,string_to_float
2076,ecoli50_r002076,retained,True,string_to_float
2077,ecoli50_r002077,retained,True,string_to_float
2078,ecoli50_r002078,retained,True,string_to_float
2079,ecoli50_r002079,retained,True,string_to_float
2080,ecoli50_r002080,retained,True,string_to_float
2081,ecoli50_r002081,retained,True,string_to_float
2082,ecoli50_r002082,retained,True,string_to_float
2083,ecoli50_r002083,retained,True,string_to_float
2084,ecoli50_r002084,retained,True,string_to_float
2085,ecoli50_r002085,retained,True,string_to_float
2086,ecoli50_r002086,retained,True,string_to_float
2087,ecoli50_r002087,retained,True,string_to_float
2088,ecoli50_r002088,retained,True,string_to_float
2089,ecoli50_r002089,retained,True,string_to_float
2090,ecoli50_r002090,retained,True,string_to_float
2091,ecoli50_r002091,retained,True,string_to_float
2092,ecoli50_r002092,retained,True,string_to_float
2093,ecoli50_r002093,retained,True,string_to_float
2094,ecoli50_r002094,retained,True,string_to_float
2095,ecoli50_r002095,retained,True,string_to_float
2096,ecoli50_r002096,retained,True,string_to_float
2097,ecoli50_r002097,retained,True,string_to_float
2098,ecoli50_r002098,retained,True,string_to_float
2099,ecoli50_r002099,retained,True,string_to_float
2100,ecoli50_r002100,retained,True,string_to_float
2101,ecoli50_r002101,retained,True,string_to_float
2102,ecoli50_r002102,retained,True,string_to_float
2103,ecoli50_r002103,retained,True,string_to_float
2104,ecoli50_r002104,retained,True,string_to_float
2105,ecoli50_r002105,retained,True,string_to_float
2106,ecoli50_r002106,retained,True,string_to_float
2107,ecoli50_r002107,retained,True,string_to_float
2108,ecoli50_r002108,retained,True,string_to_float
2109,ecoli50_r002109,retained,True,string_to_float
2110,ecoli50_r002110,retained,True,string_to_float
2111,ecoli50_r002111,retained,True,string_to_float
2112,ecoli50_r002112,retained,True,string_to_float
2113,ecoli50_r002113,retained,True,string_to_float
2114,ecoli50_r002114,retained,True,string_to_float
2115,ecoli50_r002115,retained,True,string_to_float
2116,ecoli50_r002116,retained,True,string_to_float
2117,ecoli50_r002117,retained,True,string_to_float
2118,ecoli50_r002118,retained,True,string_to_float
2119,ecoli50_r002119,retained,True,string_to_float
2120,ecoli50_r002120,retained,True,string_to_float
2121,ecoli50_r002121,retained,True,string_to_float
2122,ecoli50_r002122,retained,True,string_to_float
2123,ecoli50_r002123,retained,True,string_to_float
2124,ecoli50_r002124,retained,True,string_to_float
2125,ecoli50_r002125,retained,True,string_to_float
2126,ecoli50_r002126,retained,True,string_to_float
2127,ecoli50_r002127,retained,True,string_to_float
2128,ecoli50_r002128,retained,True,string_to_float
2129,ecoli50_r002129,retained,True,string_to_float
2130,ecoli50_r002130,retained,True,string_to_float
2131,ecoli50_r002131,retained,True,string_to_float
2132,ecoli50_r002132,retained,True,string_to_float
2133,ecoli50_r002133,retained,True,string_to_float
2134,ecoli50_r002134,retained,True,string_to_float
2135,ecoli50_r002135,retained,True,string_to_float
2136,ecoli50_r002136,retained,True,string_to_float
2137,ecoli50_r002137,retained,True,string_to_float
2138,ecoli50_r002138,retained,True,string_to_float
2139,ecoli50_r002139,retained,True,string_to_float
2140,ecoli50_r002140,retained,True,string_to_float
2141,ecoli50_r002141,retained,True,string_to_float
2142,ecoli50_r002142,retained,True,string_to_float
2143,ecoli50_r002143,retained,True,string_to_float
2144,ecoli50_r002144,retained,True,string_to_float
2145,ecoli50_r002145,retained,True,string_to_float
2146,ecoli50_r002146,retained,True,string_to_float
2147,ecoli50_r002147,retained,True,string_to_float
2148,ecoli50_r002148,retained,True,string_to_float
2149,ecoli50_r002149,retained,True,string_to_float
2150,ecoli50_r002150,retained,True,string_to_float
2151,ecoli50_r002151,retained,True,string_to_float
2152,ecoli50_r002152,retained,True,string_to_float
2153,ecoli50_r002153,retained,True,string_to_float
2154,ecoli50_r002154,retained,True,string_to_float
2155,ecoli50_r002155,retained,True,string_to_float
2156,ecoli50_r002156,retained,True,string_to_float
2157,ecoli50_r002157,retained,True,string_to_float
2158,ecoli50_r002158,retained,True,string_to_float
2159,ecoli50_r002159,retained,True,string_to_float
2160,ecoli50_r002160,retained,True,string_to_float
2161,ecoli50_r002161,retained,True,string_to_float
2162,ecoli50_r002162,retained,True,string_to_float
2163,ecoli50_r002163,retained,True,string_to_float
2164,ecoli50_r002164,retained,True,string_to_float
2165,ecoli50_r002165,retained,True,string_to_float
2166,ecoli50_r002166,retained,True,string_to_float
2167,ecoli50_r002167,retained,True,string_to_float
2168,ecoli50_r002168,retained,True,string_to_float
2169,ecoli50_r002169,retained,True,string_to_float
2170,ecoli50_r002170,retained,True,string_to_float
2171,ecoli50_r002171,retained,True,string_to_float
2172,ecoli50_r002172,retained,True,string_to_float
2173,ecoli50_r002173,retained,True,string_to_float
2174,ecoli50_r002174,retained,True,string_to_float
2175,ecoli50_r002175,retained,True,string_to_float
2176,ecoli50_r002176,retained,True,string_to_float
2177,ecoli50_r002177,retained,True,string_to_float
2178,ecoli50_r002178,retained,True,string_to_float
2179,ecoli50_r002179,retained,True,string_to_float
2180,ecoli50_r002180,retained,True,string_to_float
2181,ecoli50_r002181,retained,True,string_to_float
2182,ecoli50_r002182,retained,True,string_to_float
2183,ecoli50_r002183,retained,True,string_to_float
2184,ecoli50_r002184,retained,True,string_to_float
2185,ecoli50_r002185,retained,True,string_to_float
2186,ecoli50_r002186,retained,True,string_to_float
2187,ecoli50_r002187,retained,True,string_to_float
2188,ecoli50_r002188,retained,True,string_to_float
2189,ecoli50_r002189,retained,True,string_to_float
2190,ecoli50_r002190,retained,True,string_to_float
2191,ecoli50_r002191,retained,True,string_to_float
2192,ecoli50_r002192,retained,True,string_to_float
2193,ecoli50_r002193,retained,True,string_to_float
2194,ecoli50_r002194,retained,True,string_to_float
2195,ecoli50_r002195,retained,True,string_to_float
2196,ecoli50_r002196,retained,True,string_to_float
2197,ecoli50_r002197,retained,True,string_to_float
2198,ecoli50_r002198,retained,True,string_to_float
2199,ecoli50_r002199,retained,True,string_to_float
2200,ecoli50_r002200,retained,True,string_to_float
2201,ecoli50_r002201,retained,True,string_to_float
2202,ecoli50_r002202,retained,True,string_to_float
2203,ecoli50_r002203,retained,True,string_to_float
2204,ecoli50_r002204,retained,True,string_to_float
2205,ecoli50_r002205,retained,True,string_to_float
2206,ecoli50_r002206,retained,True,string_to_float
2207,ecoli50_r002207,retained,True,string_to_float
2208,ecoli50_r002208,retained,True,string_to_float
2209,ecoli50_r002209,retained,True,string_to_float
2210,ecoli50_r002210,retained,True,string_to_float
2211,ecoli50_r002211,retained,True,string_to_float
2212,ecoli50_r002212,retained,True,string_to_float
2213,ecoli50_r002213,retained,True,string_to_float
2214,ecoli50_r002214,retained,True,string_to_float
2215,ecoli50_r002215,retained,True,string_to_float
2216,ecoli50_r002216,retained,True,string_to_float
2217,ecoli50_r002217,retained,True,string_to_float
2218,ecoli50_r002218,retained,True,string_to_float
2219,ecoli50_r002219,retained,True,string_to_float
2220,ecoli50_r002220,retained,True,string_to_float
2221,ecoli50_r002221,retained,True,string_to_float
2222,ecoli50_r002222,retained,True,string_to_float
2223,ecoli50_r002223,retained,True,string_to_float
2224,ecoli50_r002224,retained,True,string_to_float
2225,ecoli50_r002225,retained,True,string_to_float
2226,ecoli50_r002226,retained,True,string_to_float
2227,ecoli50_r002227,retained,True,string_to_float
2228,ecoli50_r002228,retained,True,string_to_float
2229,ecoli50_r002229,retained,True,string_to_float
2230,ecoli50_r002230,retained,True,string_to_float
2231,ecoli50_r002231,retained,True,string_to_float
2232,ecoli50_r002232,retained,True,string_to_float
2233,ecoli50_r002233,retained,True,string_to_float
2234,ecoli50_r002234,retained,True,string_to_float
2235,ecoli50_r002235,retained,True,string_to_float
2236,ecoli50_r002236,retained,True,string_to_float
2237,ecoli50_r002237,retained,True,string_to_float
2238,ecoli50_r002238,retained,True,string_to_float
2239,ecoli50_r002239,retained,True,string_to_float
2240,ecoli50_r002240,retained,True,string_to_float
2241,ecoli50_r002241,retained,True,string_to_float
2242,ecoli50_r002242,retained,True,string_to_float
2243,ecoli50_r002243,retained,True,string_to_float
2244,ecoli50_r002244,retained,True,string_to_float
2245,ecoli50_r002245,retained,True,string_to_float
2246,ecoli50_r002246,retained,True,string_to_float
2247,ecoli50_r002247,retained,True,string_to_float
2248,ecoli50_r002248,retained,True,string_to_float
2249,ecoli50_r002249,retained,True,string_to_float
2250,ecoli50_r002250,retained,True,string_to_float
2251,ecoli50_r002251,retained,True,string_to_float
2252,ecoli50_r002252,retained,True,string_to_float
2253,ecoli50_r002253,retained,True,string_to_float
2254,ecoli50_r002254,retained,True,string_to_float
2255,ecoli50_r002255,retained,True,string_to_float
2256,ecoli50_r002256,retained,True,string_to_float
2257,ecoli50_r002257,retained,True,string_to_float
2258,ecoli50_r002258,retained,True,string_to_float
2259,ecoli50_r002259,retained,True,string_to_float
2260,ecoli50_r002260,retained,True,string_to_float
2261,ecoli50_r002261,retained,True,string_to_float
2262,ecoli50_r002262,retained,True,string_to_float
2263,ecoli50_r002263,retained,True,string_to_float
2264,ecoli50_r002264,retained,True,string_to_float
2265,ecoli50_r002265,retained,True,string_to_float
2266,ecoli50_r002266,retained,True,string_to_float
2267,ecoli50_r002267,retained,True,string_to_float
2268,ecoli50_r002268,retained,True,string_to_float
2269,ecoli50_r002269,retained,True,string_to_float
2270,ecoli50_r002270,retained,True,string_to_float
2271,ecoli50_r002271,retained,True,string_to_float
2272,ecoli50_r002272,retained,True,string_to_float
2273,ecoli50_r002273,retained,True,string_to_float
2274,ecoli50_r002274,retained,True,string_to_float
2275,ecoli50_r002275,retained,True,string_to_float
2276,ecoli50_r002276,retained,True,string_to_float
2277,ecoli50_r002277,retained,True,string_to_float
2278,ecoli50_r002278,retained,True,string_to_float
2279,ecoli50_r002279,retained,True,string_to_float
2280,ecoli50_r002280,retained,True,string_to_float
2281,ecoli50_r002281,retained,True,string_to_float
2282,ecoli50_r002282,retained,True,string_to_float
2283,ecoli50_r002283,retained,True,string_to_float
2284,ecoli50_r002284,retained,True,string_to_float
2285,ecoli50_r002285,retained,True,string_to_float
2286,ecoli50_r002286,retained,True,string_to_float
2287,ecoli50_r002287,retained,True,string_to_float
2288,ecoli50_r002288,retained,True,string_to_float
2289,ecoli50_r002289,retained,True,string_to_float
2290,ecoli50_r002290,retained,True,string_to_float
2291,ecoli50_r002291,retained,True,string_to_float
2292,ecoli50_r002292,retained,True,string_to_float
2293,ecoli50_r002293,retained,True,string_to_float
2294,ecoli50_r002294,retained,True,string_to_float
2295,ecoli50_r002295,retained,True,string_to_float
2296,ecoli50_r002296,retained,True,string_to_float
2297,ecoli50_r002297,retained,True,string_to_float
2298,ecoli50_r002298,retained,True,string_to_float
2299,ecoli50_r002299,retained,True,string_to_float
2300,ecoli50_r002300,retained,True,string_to_float
2301,ecoli50_r002301,retained,True,string_to_float
2302,ecoli50_r002302,retained,True,string_to_float
2303,ecoli50_r002303,retained,True,string_to_float
2304,ecoli50_r002304,retained,True,string_to_float
2305,ecoli50_r002305,retained,True,string_to_float
2306,ecoli50_r002306,retained,True,string_to_float
2307,ecoli50_r002307,retained,True,string_to_float
2308,ecoli50_r002308,retained,True,string_to_float
2309,ecoli50_r002309,retained,True,string_to_float
2310,ecoli50_r002310,retained,True,string_to_float
2311,ecoli50_r002311,retained,True,string_to_float
2312,ecoli50_r002312,retained,True,string_to_float
2313,ecoli50_r002313,retained,True,string_to_float
2314,ecoli50_r002314,retained,True,string_to_float
2315,ecoli50_r002315,retained,True,string_to_float
2316,ecoli50_r002316,retained,True,string_to_float
2317,ecoli50_r002317,retained,True,string_to_float
2318,ecoli50_r002318,retained,True,string_to_float
2319,ecoli50_r002319,retained,True,string_to_float
2320,ecoli50_r002320,retained,True,string_to_float
2321,ecoli50_r002321,retained,True,string_to_float
2322,ecoli50_r002322,retained,True,string_to_float
2323,ecoli50_r002323,retained,True,string_to_float
2324,ecoli50_r002324,retained,True,string_to_float
2325,ecoli50_r002325,retained,True,string_to_float
2326,ecoli50_r002326,retained,True,string_to_float
2327,ecoli50_r002327,retained,True,string_to_float
2328,ecoli50_r002328,retained,True,string_to_float
2329,ecoli50_r002329,retained,True,string_to_float
2330,ecoli50_r002330,retained,True,string_to_float
2331,ecoli50_r002331,retained,True,string_to_float
2332,ecoli50_r002332,retained,True,string_to_float
2333,ecoli50_r002333,retained,True,string_to_float
2334,ecoli50_r002334,retained,True,string_to_float
2335,ecoli50_r002335,retained,True,string_to_float
2336,ecoli50_r002336,retained,True,string_to_float
2337,ecoli50_r002337,retained,True,string_to_float
2338,ecoli50_r002338,retained,True,string_to_float
2339,ecoli50_r002339,retained,True,string_to_float
2340,ecoli50_r002340,retained,True,string_to_float
2341,ecoli50_r002341,retained,True,string_to_float
2342,ecoli50_r002342,retained,True,string_to_float
2343,ecoli50_r002343,retained,True,string_to_float
2344,ecoli50_r002344,retained,True,string_to_float
2345,ecoli50_r002345,retained,True,string_to_float
2346,ecoli50_r002346,retained,True,string_to_float
2347,ecoli50_r002347,retained,True,string_to_float
2348,ecoli50_r002348,retained,True,string_to_float
2349,ecoli50_r002349,retained,True,string_to_float
2350,ecoli50_r002350,retained,True,string_to_float
2351,ecoli50_r002351,retained,True,string_to_float
2352,ecoli50_r002352,retained,True,string_to_float
2353,ecoli50_r002353,retained,True,string_to_float
2354,ecoli50_r002354,retained,True,string_to_float
2355,ecoli50_r002355,retained,True,string_to_float
2356,ecoli50_r002356,retained,True,string_to_float
2357,ecoli50_r002357,retained,True,string_to_float
2358,ecoli50_r002358,retained,True,string_to_float
2359,ecoli50_r002359,retained,True,string_to_float
2360,ecoli50_r002360,retained,True,string_to_float
2361,ecoli50_r002361,retained,True,string_to_float
2362,ecoli50_r002362,retained,True,string_to_float
2363,ecoli50_r002363,retained,True,string_to_float
2364,ecoli50_r002364,retained,True,string_to_float
2365,ecoli50_r002365,retained,True,string_to_float
2366,ecoli50_r002366,retained,True,string_to_float
2367,ecoli50_r002367,retained,True,string_to_float
2368,ecoli50_r002368,retained,True,string_to_float
2369,ecoli50_r002369,retained,True,string_to_float
2370,ecoli50_r002370,retained,True,string_to_float
2371,ecoli50_r002371,retained,True,string_to_float
2372,ecoli50_r002372,retained,True,string_to_float
2373,ecoli50_r002373,retained,True,string_to_float
2374,ecoli50_r002374,retained,True,string_to_float
2375,ecoli50_r002375,retained,True,string_to_float
2376,ecoli50_r002376,retained,True,string_to_float
2377,ecoli50_r002377,retained,True,string_to_float
2378,ecoli50_r002378,retained,True,string_to_float
2379,ecoli50_r002379,retained,True,string_to_float
2380,ecoli50_r002380,retained,True,string_to_float
2381,ecoli50_r002381,retained,True,string_to_float
2382,ecoli50_r002382,retained,True,string_to_float
2383,ecoli50_r002383,retained,True,string_to_float
2384,ecoli50_r002384,retained,True,string_to_float
2385,ecoli50_r002385,retained,True,string_to_float
2386,ecoli50_r002386,retained,True,string_to_float
2387,ecoli50_r002387,retained,True,string_to_float
2388,ecoli50_r002388,retained,True,string_to_float
2389,ecoli50_r002389,retained,True,string_to_float
2390,ecoli50_r002390,retained,True,string_to_float
2391,ecoli50_r002391,retained,True,string_to_float
2392,ecoli50_r002392,retained,True,string_to_float
2393,ecoli50_r002393,retained,True,string_to_float
2394,ecoli50_r002394,retained,True,string_to_float
2395,ecoli50_r002395,retained,True,string_to_float
2396,ecoli50_r002396,retained,True,string_to_float
2397,ecoli50_r002397,retained,True,string_to_float
2398,ecoli50_r002398,retained,True,string_to_float
2399,ecoli50_r002399,retained,True,string_to_float
2400,ecoli50_r002400,retained,True,string_to_float
2401,ecoli50_r002401,retained,True,string_to_float
2402,ecoli50_r002402,retained,True,string_to_float
2403,ecoli50_r002403,retained,True,string_to_float
2404,ecoli50_r002404,retained,True,string_to_float
2405,ecoli50_r002405,retained,True,string_to_float
2406,ecoli50_r002406,retained,True,string_to_float
2407,ecoli50_r002407,retained,True,string_to_float
2408,ecoli50_r002408,retained,True,string_to_float
2409,ecoli50_r002409,retained,True,string_to_float
2410,ecoli50_r002410,retained,True,string_to_float
2411,ecoli50_r002411,retained,True,string_to_float
2412,ecoli50_r002412,retained,True,string_to_float
2413,ecoli50_r002413,retained,True,string_to_float
2414,ecoli50_r002414,retained,True,string_to_float
2415,ecoli50_r002415,retained,True,string_to_float
2416,ecoli50_r002416,retained,True,string_to_float
2417,ecoli50_r002417,retained,True,string_to_float
2418,ecoli50_r002418,retained,True,string_to_float
2419,ecoli50_r002419,retained,True,string_to_float
2420,ecoli50_r002420,retained,True,string_to_float
2421,ecoli50_r002421,retained,True,string_to_float
2422,ecoli50_r002422,retained,True,string_to_float
2423,ecoli50_r002423,retained,True,string_to_float
2424,ecoli50_r002424,retained,True,string_to_float
2425,ecoli50_r002425,retained,True,string_to_float
2426,ecoli50_r002426,retained,True,string_to_float
2427,ecoli50_r002427,retained,True,string_to_float
2428,ecoli50_r002428,retained,True,string_to_float
2429,ecoli50_r002429,retained,True,string_to_float
2430,ecoli50_r002430,retained,True,string_to_float
2431,ecoli50_r002431,retained,True,string_to_float
2432,ecoli50_r002432,retained,True,string_to_float
2433,ecoli50_r002433,retained,True,string_to_float
2434,ecoli50_r002434,retained,True,string_to_float
2435,ecoli50_r002435,retained,True,string_to_float
2436,ecoli50_r002436,retained,True,string_to_float
2437,ecoli50_r002437,retained,True,string_to_float
2438,ecoli50_r002438,retained,True,string_to_float
2439,ecoli50_r002439,retained,True,string_to_float
2440,ecoli50_r002440,retained,True,string_to_float
2441,ecoli50_r002441,retained,True,string_to_float
2442,ecoli50_r002442,retained,True,string_to_float
2443,ecoli50_r002443,retained,True,string_to_float
2444,ecoli50_r002444,retained,True,string_to_float
2445,ecoli50_r002445,retained,True,string_to_float
2446,ecoli50_r002446,retained,True,string_to_float
2447,ecoli50_r002447,retained,True,string_to_float
2448,ecoli50_r002448,retained,True,string_to_float
2449,ecoli50_r002449,retained,True,string_to_float
2450,ecoli50_r002450,retained,True,string_to_float
2451,ecoli50_r002451,retained,True,string_to_float
2452,ecoli50_r002452,retained,True,string_to_float
2453,ecoli50_r002453,retained,True,string_to_float
2454,ecoli50_r002454,retained,True,string_to_float
2455,ecoli50_r002455,retained,True,string_to_float
2456,ecoli50_r002456,retained,True,string_to_float
2457,ecoli50_r002457,retained,True,string_to_float
2458,ecoli50_r002458,retained,True,string_to_float
2459,ecoli50_r002459,retained,True,string_to_float
2460,ecoli50_r002460,retained,True,string_to_float
2461,ecoli50_r002461,retained,True,string_to_float
2462,ecoli50_r002462,retained,True,string_to_float
2463,ecoli50_r002463,retained,True,string_to_float
2464,ecoli50_r002464,retained,True,string_to_float
2465,ecoli50_r002465,retained,True,string_to_float
2466,ecoli50_r002466,retained,True,string_to_float
2467,ecoli50_r002467,retained,True,string_to_float
2468,ecoli50_r002468,retained,True,string_to_float
2469,ecoli50_r002469,retained,True,string_to_float
2470,ecoli50_r002470,retained,True,string_to_float
2471,ecoli50_r002471,retained,True,string_to_float
2472,ecoli50_r002472,retained,True,string_to_float
2473,ecoli50_r002473,retained,True,string_to_float
2474,ecoli50_r002474,retained,True,string_to_float
2475,ecoli50_r002475,retained,True,string_to_float
2476,ecoli50_r002476,retained,True,string_to_float
2477,ecoli50_r002477,retained,True,string_to_float
2478,ecoli50_r002478,retained,True,string_to_float
2479,ecoli50_r002479,retained,True,string_to_float
2480,ecoli50_r002480,retained,True,string_to_float
2481,ecoli50_r002481,retained,True,string_to_float
2482,ecoli50_r002482,retained,True,string_to_float
2483,ecoli50_r002483,retained,True,string_to_float
2484,ecoli50_r002484,retained,True,string_to_float
2485,ecoli50_r002485,retained,True,string_to_float
2486,ecoli50_r002486,retained,True,string_to_float
2487,ecoli50_r002487,retained,True,string_to_float
2488,ecoli50_r002488,retained,True,string_to_float
2489,ecoli50_r002489,retained,True,string_to_float
2490,ecoli50_r002490,retained,True,string_to_float
2491,ecoli50_r002491,retained,True,string_to_float
2492,ecoli50_r002492,retained,True,string_to_float
2493,ecoli50_r002493,retained,True,string_to_float
2494,ecoli50_r002494,retained,True,string_to_float
2495,ecoli50_r002495,retained,True,string_to_float
2496,ecoli50_r002496,retained,True,string_to_float
2497,ecoli50_r002497,retained,True,string_to_float
2498,ecoli50_r002498,retained,True,string_to_float
2499,ecoli50_r002499,retained,True,string_to_float
2500,ecoli50_r002500,retained,True,string_to_float
2501,ecoli50_r002501,retained,True,string_to_float
2502,ecoli50_r002502,retained,True,string_to_float
2503,ecoli50_r002503,retained,True,string_to_float
2504,ecoli50_r002504,retained,True,string_to_float
2505,ecoli50_r002505,retained,True,string_to_float
2506,ecoli50_r002506,retained,True,string_to_float
2507,ecoli50_r002507,retained,True,string_to_float
2508,ecoli50_r002508,retained,True,string_to_float
2509,ecoli50_r002509,retained,True,string_to_float
2510,ecoli50_r002510,retained,True,string_to_float
2511,ecoli50_r002511,retained,True,string_to_float
2512,ecoli50_r002512,retained,True,string_to_float
2513,ecoli50_r002513,retained,True,string_to_float
2514,ecoli50_r002514,retained,True,string_to_float
2515,ecoli50_r002515,retained,True,string_to_float
2516,ecoli50_r002516,retained,True,string_to_float
2517,ecoli50_r002517,retained,True,string_to_float
2518,ecoli50_r002518,retained,True,string_to_float
2519,ecoli50_r002519,retained,True,string_to_float
2520,ecoli50_r002520,retained,True,string_to_float
2521,ecoli50_r002521,retained,True,string_to_float
2522,ecoli50_r002522,retained,True,string_to_float
2523,ecoli50_r002523,retained,True,string_to_float
2524,ecoli50_r002524,retained,True,string_to_float
2525,ecoli50_r002525,retained,True,string_to_float
2526,ecoli50_r002526,retained,True,string_to_float
2527,ecoli50_r002527,retained,True,string_to_float
2528,ecoli50_r002528,retained,True,string_to_float
2529,ecoli50_r002529,retained,True,string_to_float
2530,ecoli50_r002530,retained,True,string_to_float
2531,ecoli50_r002531,retained,True,string_to_float
2532,ecoli50_r002532,retained,True,string_to_float
2533,ecoli50_r002533,retained,True,string_to_float
2534,ecoli50_r002534,retained,True,string_to_float
2535,ecoli50_r002535,retained,True,string_to_float
2536,ecoli50_r002536,retained,True,string_to_float
2537,ecoli50_r002537,retained,True,string_to_float
2538,ecoli50_r002538,retained,True,string_to_float
2539,ecoli50_r002539,retained,True,string_to_float
2540,ecoli50_r002540,retained,True,string_to_float
2541,ecoli50_r002541,retained,True,string_to_float
2542,ecoli50_r002542,retained,True,string_to_float
2543,ecoli50_r002543,retained,True,string_to_float
2544,ecoli50_r002544,retained,True,string_to_float
2545,ecoli50_r002545,retained,True,string_to_float
2546,ecoli50_r002546,retained,True,string_to_float
2547,ecoli50_r002547,retained,True,string_to_float
2548,ecoli50_r002548,retained,True,string_to_float
2549,ecoli50_r002549,retained,True,string_to_float
2550,ecoli50_r002550,retained,True,string_to_float
2551,ecoli50_r002551,retained,True,string_to_float
2552,ecoli50_r002552,retained,True,string_to_float
2553,ecoli50_r002553,retained,True,string_to_float
2554,ecoli50_r002554,retained,True,string_to_float
2555,ecoli50_r002555,retained,True,string_to_float
2556,ecoli50_r002556,retained,True,string_to_float
2557,ecoli50_r002557,retained,True,string_to_float
2558,ecoli50_r002558,retained,True,string_to_float
2559,ecoli50_r002559,retained,True,string_to_float
2560,ecoli50_r002560,retained,True,string_to_float
2561,ecoli50_r002561,retained,True,string_to_float
2562,ecoli50_r002562,retained,True,string_to_float
2563,ecoli50_r002563,retained,True,string_to_float
2564,ecoli50_r002564,retained,True,string_to_float
2565,ecoli50_r002565,retained,True,string_to_float
2566,ecoli50_r002566,retained,True,string_to_float
2567,ecoli50_r002567,retained,True,string_to_float
2568,ecoli50_r002568,retained,True,string_to_float
2569,ecoli50_r002569,retained,True,string_to_float
2570,ecoli50_r002570,retained,True,string_to_float
2571,ecoli50_r002571,retained,True,string_to_float
2572,ecoli50_r002572,retained,True,string_to_float
2573,ecoli50_r002573,retained,True,string_to_float
2574,ecoli50_r002574,retained,True,string_to_float
2575,ecoli50_r002575,retained,True,string_to_float
2576,ecoli50_r002576,retained,True,string_to_float
2577,ecoli50_r002577,retained,True,string_to_float
2578,ecoli50_r002578,retained,True,string_to_float
2579,ecoli50_r002579,retained,True,string_to_float
2580,ecoli50_r002580,retained,True,string_to_float
2581,ecoli50_r002581,retained,True,string_to_float
2582,ecoli50_r002582,retained,True,string_to_float
2583,ecoli50_r002583,retained,True,string_to_float
2584,ecoli50_r002584,retained,True,string_to_float
2585,ecoli50_r002585,retained,True,string_to_float
2586,ecoli50_r002586,retained,True,string_to_float
2587,ecoli50_r002587,retained,True,string_to_float
2588,ecoli50_r002588,retained,True,string_to_float
2589,ecoli50_r002589,retained,True,string_to_float
2590,ecoli50_r002590,retained,True,string_to_float
2591,ecoli50_r002591,retained,True,string_to_float
2592,ecoli50_r002592,retained,True,string_to_float
2593,ecoli50_r002593,retained,True,string_to_float
2594,ecoli50_r002594,retained,True,string_to_float
2595,ecoli50_r002595,retained,True,string_to_float
2596,ecoli50_r002596,retained,True,string_to_float
2597,ecoli50_r002597,retained,True,string_to_float
2598,ecoli50_r002598,retained,True,string_to_float
2599,ecoli50_r002599,retained,True,string_to_float
2600,ecoli50_r002600,retained,True,string_to_float
2601,ecoli50_r002601,retained,True,string_to_float
2602,ecoli50_r002602,retained,True,string_to_float
2603,ecoli50_r002603,retained,True,string_to_float
2604,ecoli50_r002604,retained,True,string_to_float
2605,ecoli50_r002605,retained,True,string_to_float
2606,ecoli50_r002606,retained,True,string_to_float
2607,ecoli50_r002607,retained,True,string_to_float
2608,ecoli50_r002608,retained,True,string_to_float
2609,ecoli50_r002609,retained,True,string_to_float
2610,ecoli50_r002610,retained,True,string_to_float
2611,ecoli50_r002611,retained,True,string_to_float
2612,ecoli50_r002612,retained,True,string_to_float
2613,ecoli50_r002613,retained,True,string_to_float
2614,ecoli50_r002614,retained,True,string_to_float
2615,ecoli50_r002615,retained,True,string_to_float
2616,ecoli50_r002616,retained,True,string_to_float
2617,ecoli50_r002617,retained,True,string_to_float
2618,ecoli50_r002618,retained,True,string_to_float
2619,ecoli50_r002619,retained,True,string_to_float
2620,ecoli50_r002620,retained,True,string_to_float
2621,ecoli50_r002621,retained,True,string_to_float
2622,ecoli50_r002622,retained,True,string_to_float
2623,ecoli50_r002623,retained,True,string_to_float
2624,ecoli50_r002624,retained,True,string_to_float
2625,ecoli50_r002625,retained,True,string_to_float
2626,ecoli50_r002626,retained,True,string_to_float
2627,ecoli50_r002627,retained,True,string_to_float
2628,ecoli50_r002628,retained,True,string_to_float
2629,ecoli50_r002629,retained,True,string_to_float
2630,ecoli50_r002630,retained,True,string_to_float
2631,ecoli50_r002631,retained,True,string_to_float
2632,ecoli50_r002632,retained,True,string_to_float
2633,ecoli50_r002633,retained,True,string_to_float
2634,ecoli50_r002634,retained,True,string_to_float
2635,ecoli50_r002635,retained,True,string_to_float
2636,ecoli50_r002636,retained,True,string_to_float
2637,ecoli50_r002637,retained,True,string_to_float
2638,ecoli50_r002638,retained,True,string_to_float
2639,ecoli50_r002639,retained,True,string_to_float
2640,ecoli50_r002640,retained,True,string_to_float
2641,ecoli50_r002641,retained,True,string_to_float
2642,ecoli50_r002642,retained,True,string_to_float
2643,ecoli50_r002643,retained,True,string_to_float
2644,ecoli50_r002644,retained,True,string_to_float
2645,ecoli50_r002645,retained,True,string_to_float
2646,ecoli50_r002646,retained,True,string_to_float
2647,ecoli50_r002647,retained,True,string_to_float
2648,ecoli50_r002648,retained,True,string_to_float
2649,ecoli50_r002649,retained,True,string_to_float
2650,ecoli50_r002650,retained,True,string_to_float
2651,ecoli50_r002651,retained,True,string_to_float
2652,ecoli50_r002652,retained,True,string_to_float
2653,ecoli50_r002653,retained,True,string_to_float
2654,ecoli50_r002654,retained,True,string_to_float
2655,ecoli50_r002655,retained,True,string_to_float
2656,ecoli50_r002656,retained,True,string_to_float
2657,ecoli50_r002657,retained,True,string_to_float
2658,ecoli50_r002658,retained,True,string_to_float
2659,ecoli50_r002659,retained,True,string_to_float
2660,ecoli50_r002660,retained,True,string_to_float
2661,ecoli50_r002661,retained,True,string_to_float
2662,ecoli50_r002662,retained,True,string_to_float
2663,ecoli50_r002663,retained,True,string_to_float
2664,ecoli50_r002664,retained,True,string_to_float
2665,ecoli50_r002665,retained,True,string_to_float
2666,ecoli50_r002666,retained,True,string_to_float
2667,ecoli50_r002667,retained,True,string_to_float
2668,ecoli50_r002668,retained,True,string_to_float
2669,ecoli50_r002669,retained,True,string_to_float
2670,ecoli50_r002670,retained,True,string_to_float
2671,ecoli50_r002671,retained,True,string_to_float
2672,ecoli50_r002672,retained,True,string_to_float
2673,ecoli50_r002673,retained,True,string_to_float
2674,ecoli50_r002674,retained,True,string_to_float
2675,ecoli50_r002675,retained,True,string_to_float
2676,ecoli50_r002676,retained,True,string_to_float
2677,ecoli50_r002677,retained,True,string_to_float
2678,ecoli50_r002678,retained,True,string_to_float
2679,ecoli50_r002679,retained,True,string_to_float
2680,ecoli50_r002680,retained,True,string_to_float
2681,ecoli50_r002681,retained,True,string_to_float
2682,ecoli50_r002682,retained,True,string_to_float
2683,ecoli50_r002683,retained,True,string_to_float
2684,ecoli50_r002684,retained,True,string_to_float
2685,ecoli50_r002685,retained,True,string_to_float
2686,ecoli50_r002686,retained,True,string_to_float
2687,ecoli50_r002687,retained,True,string_to_float
2688,ecoli50_r002688,retained,True,string_to_float
2689,ecoli50_r002689,retained,True,string_to_float
2690,ecoli50_r002690,retained,True,string_to_float
2691,ecoli50_r002691,retained,True,string_to_float
2692,ecoli50_r002692,retained,True,string_to_float
2693,ecoli50_r002693,retained,True,string_to_float
2694,ecoli50_r002694,retained,True,string_to_float
2695,ecoli50_r002695,retained,True,string_to_float
2696,ecoli50_r002696,retained,True,string_to_float
2697,ecoli50_r002697,retained,True,string_to_float
2698,ecoli50_r002698,retained,True,string_to_float
2699,ecoli50_r002699,retained,True,string_to_float
2700,ecoli50_r002700,retained,True,string_to_float
2701,ecoli50_r002701,retained,True,string_to_float
2702,ecoli50_r002702,retained,True,string_to_float
2703,ecoli50_r002703,retained,True,string_to_float
2704,ecoli50_r002704,retained,True,string_to_float
2705,ecoli50_r002705,retained,True,string_to_float
2706,ecoli50_r002706,retained,True,string_to_float
2707,ecoli50_r002707,retained,True,string_to_float
2708,ecoli50_r002708,retained,True,string_to_float
2709,ecoli50_r002709,retained,True,string_to_float
2710,ecoli50_r002710,retained,True,string_to_float
2711,ecoli50_r002711,retained,True,string_to_float
2712,ecoli50_r002712,retained,True,string_to_float
2713,ecoli50_r002713,retained,True,string_to_float
2714,ecoli50_r002714,retained,True,string_to_float
2715,ecoli50_r002715,retained,True,string_to_float
2716,ecoli50_r002716,retained,True,string_to_float
2717,ecoli50_r002717,retained,True,string_to_float
2718,ecoli50_r002718,retained,True,string_to_float
2719,ecoli50_r002719,retained,True,string_to_float
2720,ecoli50_r002720,retained,True,string_to_float
2721,ecoli50_r002721,retained,True,string_to_float
2722,ecoli50_r002722,retained,True,string_to_float
2723,ecoli50_r002723,retained,True,string_to_float
2724,ecoli50_r002724,retained,True,string_to_float
2725,ecoli50_r002725,retained,True,string_to_float
2726,ecoli50_r002726,retained,True,string_to_float
2727,ecoli50_r002727,retained,True,string_to_float
2728,ecoli50_r002728,retained,True,string_to_float
2729,ecoli50_r002729,retained,True,string_to_float
2730,ecoli50_r002730,retained,True,string_to_float
2731,ecoli50_r002731,retained,True,string_to_float
2732,ecoli50_r002732,retained,True,string_to_float
2733,ecoli50_r002733,retained,True,string_to_float
2734,ecoli50_r002734,retained,True,string_to_float
2735,ecoli50_r002735,retained,True,string_to_float
2736,ecoli50_r002736,retained,True,string_to_float
2737,ecoli50_r002737,retained,True,string_to_float
2738,ecoli50_r002738,retained,True,string_to_float
2739,ecoli50_r002739,retained,True,string_to_float
2740,ecoli50_r002740,retained,True,string_to_float
2741,ecoli50_r002741,retained,True,string_to_float
2742,ecoli50_r002742,retained,True,string_to_float
2743,ecoli50_r002743,retained,True,string_to_float
2744,ecoli50_r002744,retained,True,string_to_float
2745,ecoli50_r002745,retained,True,string_to_float
2746,ecoli50_r002746,retained,True,string_to_float
2747,ecoli50_r002747,retained,True,string_to_float
2748,ecoli50_r002748,retained,True,string_to_float
2749,ecoli50_r002749,retained,True,string_to_float
2750,ecoli50_r002750,retained,True,string_to_float
2751,ecoli50_r002751,retained,True,string_to_float
2752,ecoli50_r002752,retained,True,string_to_float
2753,ecoli50_r002753,retained,True,string_to_float
2754,ecoli50_r002754,retained,True,string_to_float
2755,ecoli50_r002755,retained,True,string_to_float
2756,ecoli50_r002756,retained,True,string_to_float
2757,ecoli50_r002757,retained,True,string_to_float
2758,ecoli50_r002758,retained,True,string_to_float
2759,ecoli50_r002759,retained,True,string_to_float
2760,ecoli50_r002760,retained,True,string_to_float
2761,ecoli50_r002761,retained,True,string_to_float
2762,ecoli50_r002762,retained,True,string_to_float
2763,ecoli50_r002763,retained,True,string_to_float
2764,ecoli50_r002764,retained,True,string_to_float
2765,ecoli50_r002765,retained,True,string_to_float
2766,ecoli50_r002766,retained,True,string_to_float
2767,ecoli50_r002767,retained,True,string_to_float
2768,ecoli50_r002768,retained,True,string_to_float
2769,ecoli50_r002769,retained,True,string_to_float
2770,ecoli50_r002770,retained,True,string_to_float
2771,ecoli50_r002771,retained,True,string_to_float
2772,ecoli50_r002772,retained,True,string_to_float
2773,ecoli50_r002773,retained,True,string_to_float
2774,ecoli50_r002774,retained,True,string_to_float
2775,ecoli50_r002775,retained,True,string_to_float
2776,ecoli50_r002776,retained,True,string_to_float
2777,ecoli50_r002777,retained,True,string_to_float
2778,ecoli50_r002778,retained,True,string_to_float
2779,ecoli50_r002779,retained,True,string_to_float
2780,ecoli50_r002780,retained,True,string_to_float
2781,ecoli50_r002781,retained,True,string_to_float
2782,ecoli50_r002782,retained,True,string_to_float
2783,ecoli50_r002783,retained,True,string_to_float
2784,ecoli50_r002784,retained,True,string_to_float
2785,ecoli50_r002785,retained,True,string_to_float
2786,ecoli50_r002786,retained,True,string_to_float
2787,ecoli50_r002787,retained,True,string_to_float
2788,ecoli50_r002788,retained,True,string_to_float
2789,ecoli50_r002789,retained,True,string_to_float
2790,ecoli50_r002790,retained,True,string_to_float
2791,ecoli50_r002791,retained,True,string_to_float
2792,ecoli50_r002792,retained,True,string_to_float
2793,ecoli50_r002793,retained,True,string_to_float
2794,ecoli50_r002794,retained,True,string_to_float
2795,ecoli50_r002795,retained,True,string_to_float
2796,ecoli50_r002796,retained,True,string_to_float
2797,ecoli50_r002797,retained,True,string_to_float
2798,ecoli50_r002798,retained,True,string_to_float
2799,ecoli50_r002799,retained,True,string_to_float
2800,ecoli50_r002800,retained,True,string_to_float
2801,ecoli50_r002801,retained,True,string_to_float
2802,ecoli50_r002802,retained,True,string_to_float
2803,ecoli50_r002803,retained,True,string_to_float
2804,ecoli50_r002804,retained,True,string_to_float
2805,ecoli50_r002805,retained,True,string_to_float
2806,ecoli50_r002806,retained,True,string_to_float
2807,ecoli50_r002807,retained,True,string_to_float
2808,ecoli50_r002808,retained,True,string_to_float
2809,ecoli50_r002809,retained,True,string_to_float
2810,ecoli50_r002810,retained,True,string_to_float
2811,ecoli50_r002811,retained,True,string_to_float
2812,ecoli50_r002812,retained,True,string_to_float
2813,ecoli50_r002813,retained,True,string_to_float
2814,ecoli50_r002814,retained,True,string_to_float
2815,ecoli50_r002815,retained,True,string_to_float
2816,ecoli50_r002816,retained,True,string_to_float
2817,ecoli50_r002817,retained,True,string_to_float
2818,ecoli50_r002818,retained,True,string_to_float
2819,ecoli50_r002819,retained,True,string_to_float
2820,ecoli50_r002820,retained,True,string_to_float
2821,ecoli50_r002821,retained,True,string_to_float
2822,ecoli50_r002822,retained,True,string_to_float
2823,ecoli50_r002823,retained,True,string_to_float
2824,ecoli50_r002824,retained,True,string_to_float
2825,ecoli50_r002825,retained,True,string_to_float
2826,ecoli50_r002826,retained,True,string_to_float
2827,ecoli50_r002827,retained,True,string_to_float
2828,ecoli50_r002828,retained,True,string_to_float
2829,ecoli50_r002829,retained,True,string_to_float
2830,ecoli50_r002830,retained,True,string_to_float
2831,ecoli50_r002831,retained,True,string_to_float
2832,ecoli50_r002832,retained,True,string_to_float
2833,ecoli50_r002833,retained,True,string_to_float
2834,ecoli50_r002834,retained,True,string_to_float
2835,ecoli50_r002835,retained,True,string_to_float
2836,ecoli50_r002836,retained,True,string_to_float
2837,ecoli50_r002837,retained,True,string_to_float
2838,ecoli50_r002838,retained,True,string_to_float
2839,ecoli50_r002839,retained,True,string_to_float
2840,ecoli50_r002840,retained,True,string_to_float
2841,ecoli50_r002841,retained,True,string_to_float
2842,ecoli50_r002842,retained,True,string_to_float
2843,ecoli50_r002843,retained,True,string_to_float
2844,ecoli50_r002844,retained,True,string_to_float
2845,ecoli50_r002845,retained,True,string_to_float
2846,ecoli50_r002846,retained,True,string_to_float
2847,ecoli50_r002847,retained,True,string_to_float
2848,ecoli50_r002848,retained,True,string_to_float
2849,ecoli50_r002849,retained,True,string_to_float
2850,ecoli50_r002850,retained,True,string_to_float
2851,ecoli50_r002851,retained,True,string_to_float
2852,ecoli50_r002852,retained,True,string_to_float
2853,ecoli50_r002853,retained,True,string_to_float
2854,ecoli50_r002854,retained,True,string_to_float
2855,ecoli50_r002855,retained,True,string_to_float
2856,ecoli50_r002856,retained,True,string_to_float
2857,ecoli50_r002857,retained,True,string_to_float
2858,ecoli50_r002858,retained,True,string_to_float
2859,ecoli50_r002859,retained,True,string_to_float
2860,ecoli50_r002860,retained,True,string_to_float
2861,ecoli50_r002861,retained,True,string_to_float
2862,ecoli50_r002862,retained,True,string_to_float
2863,ecoli50_r002863,retained,True,string_to_float
2864,ecoli50_r002864,retained,True,string_to_float
2865,ecoli50_r002865,retained,True,string_to_float
2866,ecoli50_r002866,retained,True,string_to_float
2867,ecoli50_r002867,retained,True,string_to_float
2868,ecoli50_r002868,retained,True,string_to_float
2869,ecoli50_r002869,retained,True,string_to_float
2870,ecoli50_r002870,retained,True,string_to_float
2871,ecoli50_r002871,retained,True,string_to_float
2872,ecoli50_r002872,retained,True,string_to_float
2873,ecoli50_r002873,retained,True,string_to_float
2874,ecoli50_r002874,retained,True,string_to_float
2875,ecoli50_r002875,retained,True,string_to_float
2876,ecoli50_r002876,retained,True,string_to_float
2877,ecoli50_r002877,retained,True,string_to_float
2878,ecoli50_r002878,retained,True,string_to_float
2879,ecoli50_r002879,retained,True,string_to_float
2880,ecoli50_r002880,retained,True,string_to_float
2881,ecoli50_r002881,retained,True,string_to_float
2882,ecoli50_r002882,retained,True,string_to_float
2883,ecoli50_r002883,retained,True,string_to_float
2884,ecoli50_r002884,retained,True,string_to_float
2885,ecoli50_r002885,retained,True,string_to_float
2886,ecoli50_r002886,retained,True,string_to_float
2887,ecoli50_r002887,retained,True,string_to_float
2888,ecoli50_r002888,retained,True,string_to_float
2889,ecoli50_r002889,retained,True,string_to_float
2890,ecoli50_r002890,retained,True,string_to_float
2891,ecoli50_r002891,retained,True,string_to_float
2892,ecoli50_r002892,retained,True,string_to_float
2893,ecoli50_r002893,retained,True,string_to_float
2894,ecoli50_r002894,retained,True,string_to_float
2895,ecoli50_r002895,retained,True,string_to_float
2896,ecoli50_r002896,retained,True,string_to_float
2897,ecoli50_r002897,retained,True,string_to_float
2898,ecoli50_r002898,retained,True,string_to_float
2899,ecoli50_r002899,retained,True,string_to_float
2900,ecoli50_r002900,retained,True,string_to_float
2901,ecoli50_r002901,retained,True,string_to_float
2902,ecoli50_r002902,retained,True,string_to_float
2903,ecoli50_r002903,retained,True,string_to_float
2904,ecoli50_r002904,retained,True,string_to_float
2905,ecoli50_r002905,retained,True,string_to_float
2906,ecoli50_r002906,retained,True,string_to_float
2907,ecoli50_r002907,retained,True,string_to_float
2908,ecoli50_r002908,retained,True,string_to_float
2909,ecoli50_r002909,retained,True,string_to_float
2910,ecoli50_r002910,retained,True,string_to_float
2911,ecoli50_r002911,retained,True,string_to_float
2912,ecoli50_r002912,retained,True,string_to_float
2913,ecoli50_r002913,retained,True,string_to_float
2914,ecoli50_r002914,retained,True,string_to_float
2915,ecoli50_r002915,retained,True,string_to_float
2916,ecoli50_r002916,retained,True,string_to_float
2917,ecoli50_r002917,retained,True,string_to_float
2918,ecoli50_r002918,retained,True,string_to_float
2919,ecoli50_r002919,retained,True,string_to_float
2920,ecoli50_r002920,retained,True,string_to_float
2921,ecoli50_r002921,retained,True,string_to_float
2922,ecoli50_r002922,retained,True,string_to_float
2923,ecoli50_r002923,retained,True,string_to_float
2924,ecoli50_r002924,retained,True,string_to_float
2925,ecoli50_r002925,retained,True,string_to_float
2926,ecoli50_r002926,retained,True,string_to_float
2927,ecoli50_r002927,retained,True,string_to_float
2928,ecoli50_r002928,retained,True,string_to_float
2929,ecoli50_r002929,retained,True,string_to_float
2930,ecoli50_r002930,retained,True,string_to_float
2931,ecoli50_r002931,retained,True,string_to_float
2932,ecoli50_r002932,retained,True,string_to_float
2933,ecoli50_r002933,retained,True,string_to_float
2934,ecoli50_r002934,retained,True,string_to_float
2935,ecoli50_r002935,retained,True,string_to_float
2936,ecoli50_r002936,retained,True,string_to_float
2937,ecoli50_r002937,retained,True,string_to_float
2938,ecoli50_r002938,retained,True,string_to_float
2939,ecoli50_r002939,retained,True,string_to_float
2940,ecoli50_r002940,retained,True,string_to_float
2941,ecoli50_r002941,retained,True,string_to_float
2942,ecoli50_r002942,retained,True,string_to_float
2943,ecoli50_r002943,retained,True,string_to_float
2944,ecoli50_r002944,retained,True,string_to_float
2945,ecoli50_r002945,retained,True,string_to_float
2946,ecoli50_r002946,retained,True,string_to_float
2947,ecoli50_r002947,retained,True,string_to_float
2948,ecoli50_r002948,retained,True,string_to_float
2949,ecoli50_r002949,retained,True,string_to_float
2950,ecoli50_r002950,retained,True,string_to_float
2951,ecoli50_r002951,retained,True,string_to_float
2952,ecoli50_r002952,retained,True,string_to_float
2953,ecoli50_r002953,retained,True,string_to_float
2954,ecoli50_r002954,retained,True,string_to_float
2955,ecoli50_r002955,retained,True,string_to_float
2956,ecoli50_r002956,retained,True,string_to_float
2957,ecoli50_r002957,retained,True,string_to_float
2958,ecoli50_r002958,retained,True,string_to_float
2959,ecoli50_r002959,retained,True,string_to_float
2960,ecoli50_r002960,retained,True,string_to_float
2961,ecoli50_r002961,retained,True,string_to_float
2962,ecoli50_r002962,retained,True,string_to_float
2963,ecoli50_r002963,retained,True,string_to_float
2964,ecoli50_r002964,retained,True,string_to_float
2965,ecoli50_r002965,retained,True,string_to_float
2966,ecoli50_r002966,retained,True,string_to_float
2967,ecoli50_r002967,retained,True,string_to_float
2968,ecoli50_r002968,retained,True,string_to_float
2969,ecoli50_r002969,retained,True,string_to_float
2970,ecoli50_r002970,retained,True,string_to_float
2971,ecoli50_r002971,retained,True,string_to_float
2972,ecoli50_r002972,retained,True,string_to_float
2973,ecoli50_r002973,retained,True,string_to_float
2974,ecoli50_r002974,retained,True,string_to_float
2975,ecoli50_r002975,retained,True,string_to_float
2976,ecoli50_r002976,retained,True,string_to_float
2977,ecoli50_r002977,retained,True,string_to_float
2978,ecoli50_r002978,retained,True,string_to_float
2979,ecoli50_r002979,retained,True,string_to_float
2980,ecoli50_r002980,retained,True,string_to_float
2981,ecoli50_r002981,retained,True,string_to_float
2982,ecoli50_r002982,retained,True,string_to_float
2983,ecoli50_r002983,retained,True,string_to_float
2984,ecoli50_r002984,retained,True,string_to_float
2985,ecoli50_r002985,retained,True,string_to_float
2986,ecoli50_r002986,retained,True,string_to_float
2987,ecoli50_r002987,retained,True,string_to_float
2988,ecoli50_r002988,retained,True,string_to_float
2989,ecoli50_r002989,retained,True,string_to_float
2990,ecoli50_r002990,retained,True,string_to_float
2991,ecoli50_r002991,retained,True,string_to_float
2992,ecoli50_r002992,retained,True,string_to_float
2993,ecoli50_r002993,retained,True,string_to_float
2994,ecoli50_r002994,retained,True,string_to_float
2995,ecoli50_r002995,retained,True,string_to_float
2996,ecoli50_r002996,retained,True,string_to_float
2997,ecoli50_r002997,retained,True,string_to_float
2998,ecoli50_r002998,retained,True,string_to_float
2999,ecoli50_r002999,retained,True,string_to_float
3000,ecoli50_r003000,retained,True,string_to_float
3001,ecoli50_r003001,retained,True,string_to_float
3002,ecoli50_r003002,retained,True,string_to_float
3003,ecoli50_r003003,retained,True,string_to_float
3004,ecoli50_r003004,retained,True,string_to_float
3005,ecoli50_r003005,retained,True,string_to_float
3006,ecoli50_r003006,retained,True,string_to_float
3007,ecoli50_r003007,retained,True,string_to_float
3008,ecoli50_r003008,retained,True,string_to_float
3009,ecoli50_r003009,retained,True,string_to_float
3010,ecoli50_r003010,retained,True,string_to_float
3011,ecoli50_r003011,retained,True,string_to_float
3012,ecoli50_r003012,retained,True,string_to_float
3013,ecoli50_r003013,retained,True,string_to_float
3014,ecoli50_r003014,retained,True,string_to_float
3015,ecoli50_r003015,retained,True,string_to_float
3016,ecoli50_r003016,retained,True,string_to_float
3017,ecoli50_r003017,retained,True,string_to_float
3018,ecoli50_r003018,retained,True,string_to_float
3019,ecoli50_r003019,retained,True,string_to_float
3020,ecoli50_r003020,retained,True,string_to_float
3021,ecoli50_r003021,retained,True,string_to_float
3022,ecoli50_r003022,retained,True,string_to_float
3023,ecoli50_r003023,retained,True,string_to_float
3024,ecoli50_r003024,retained,True,string_to_float
3025,ecoli50_r003025,retained,True,string_to_float
3026,ecoli50_r003026,retained,True,string_to_float
3027,ecoli50_r003027,retained,True,string_to_float
3028,ecoli50_r003028,retained,True,string_to_float
3029,ecoli50_r003029,retained,True,string_to_float
3030,ecoli50_r003030,retained,True,string_to_float
3031,ecoli50_r003031,retained,True,string_to_float
3032,ecoli50_r003032,retained,True,string_to_float
3033,ecoli50_r003033,retained,True,string_to_float
3034,ecoli50_r003034,retained,True,string_to_float
3035,ecoli50_r003035,retained,True,string_to_float
3036,ecoli50_r003036,retained,True,string_to_float
3037,ecoli50_r003037,retained,True,string_to_float
3038,ecoli50_r003038,retained,True,string_to_float
3039,ecoli50_r003039,retained,True,string_to_float
3040,ecoli50_r003040,retained,True,string_to_float
3041,ecoli50_r003041,retained,True,string_to_float
3042,ecoli50_r003042,retained,True,string_to_float
3043,ecoli50_r003043,retained,True,string_to_float
3044,ecoli50_r003044,retained,True,string_to_float
3045,ecoli50_r003045,retained,True,string_to_float
3046,ecoli50_r003046,retained,True,string_to_float
3047,ecoli50_r003047,retained,True,string_to_float
3048,ecoli50_r003048,retained,True,string_to_float
3049,ecoli50_r003049,retained,True,string_to_float
3050,ecoli50_r003050,retained,True,string_to_float
3051,ecoli50_r003051,retained,True,string_to_float
3052,ecoli50_r003052,retained,True,string_to_float
3053,ecoli50_r003053,retained,True,string_to_float
3054,ecoli50_r003054,retained,True,string_to_float
3055,ecoli50_r003055,retained,True,string_to_float
3056,ecoli50_r003056,retained,True,string_to_float
3057,ecoli50_r003057,retained,True,string_to_float
3058,ecoli50_r003058,retained,True,string_to_float
3059,ecoli50_r003059,retained,True,string_to_float
3060,ecoli50_r003060,retained,True,string_to_float
3061,ecoli50_r003061,retained,True,string_to_float
3062,ecoli50_r003062,retained,True,string_to_float
3063,ecoli50_r003063,retained,True,string_to_float
3064,ecoli50_r003064,retained,True,string_to_float
3065,ecoli50_r003065,retained,True,string_to_float
3066,ecoli50_r003066,retained,True,string_to_float
3067,ecoli50_r003067,retained,True,string_to_float
3068,ecoli50_r003068,retained,True,string_to_float
3069,ecoli50_r003069,retained,True,string_to_float
3070,ecoli50_r003070,retained,True,string_to_float
3071,ecoli50_r003071,retained,True,string_to_float
3072,ecoli50_r003072,retained,True,string_to_float
3073,ecoli50_r003073,retained,True,string_to_float
3074,ecoli50_r003074,retained,True,string_to_float
3075,ecoli50_r003075,retained,True,string_to_float
3076,ecoli50_r003076,retained,True,string_to_float
3077,ecoli50_r003077,retained,True,string_to_float
3078,ecoli50_r003078,retained,True,string_to_float
3079,ecoli50_r003079,retained,True,string_to_float
3080,ecoli50_r003080,retained,True,string_to_float
3081,ecoli50_r003081,retained,True,string_to_float
3082,ecoli50_r003082,retained,True,string_to_float
3083,ecoli50_r003083,retained,True,string_to_float
3084,ecoli50_r003084,retained,True,string_to_float
3085,ecoli50_r003085,retained,True,string_to_float
3086,ecoli50_r003086,retained,True,string_to_float
3087,ecoli50_r003087,retained,True,string_to_float
3088,ecoli50_r003088,retained,True,string_to_float
3089,ecoli50_r003089,retained,True,string_to_float
3090,ecoli50_r003090,retained,True,string_to_float
3091,ecoli50_r003091,retained,True,string_to_float
3092,ecoli50_r003092,retained,True,string_to_float
3093,ecoli50_r003093,retained,True,string_to_float
3094,ecoli50_r003094,retained,True,string_to_float
3095,ecoli50_r003095,retained,True,string_to_float
3096,ecoli50_r003096,retained,True,string_to_float
3097,ecoli50_r003097,retained,True,string_to_float
3098,ecoli50_r003098,retained,True,string_to_float
3099,ecoli50_r003099,retained,True,string_to_float
3100,ecoli50_r003100,retained,True,string_to_float
3101,ecoli50_r003101,retained,True,string_to_float
3102,ecoli50_r003102,retained,True,string_to_float
3103,ecoli50_r003103,retained,True,string_to_float
3104,ecoli50_r003104,retained,True,string_to_float
3105,ecoli50_r003105,retained,True,string_to_float
3106,ecoli50_r003106,retained,True,string_to_float
3107,ecoli50_r003107,retained,True,string_to_float
3108,ecoli50_r003108,retained,True,string_to_float
3109,ecoli50_r003109,retained,True,string_to_float
3110,ecoli50_r003110,retained,True,string_to_float
3111,ecoli50_r003111,retained,True,string_to_float
3112,ecoli50_r003112,retained,True,string_to_float
3113,ecoli50_r003113,retained,True,string_to_float
3114,ecoli50_r003114,retained,True,string_to_float
3115,ecoli50_r003115,retained,True,string_to_float
3116,ecoli50_r003116,retained,True,string_to_float
3117,ecoli50_r003117,retained,True,string_to_float
3118,ecoli50_r003118,retained,True,string_to_float
3119,ecoli50_r003119,retained,True,string_to_float
3120,ecoli50_r003120,retained,True,string_to_float
3121,ecoli50_r003121,retained,True,string_to_float
3122,ecoli50_r003122,retained,True,string_to_float
3123,ecoli50_r003123,retained,True,string_to_float
3124,ecoli50_r003124,retained,True,string_to_float
3125,ecoli50_r003125,retained,True,string_to_float
3126,ecoli50_r003126,retained,True,string_to_float
3127,ecoli50_r003127,retained,True,string_to_float
3128,ecoli50_r003128,retained,True,string_to_float
3129,ecoli50_r003129,retained,True,string_to_float
3130,ecoli50_r003130,retained,True,string_to_float
3131,ecoli50_r003131,retained,True,string_to_float
3132,ecoli50_r003132,retained,True,string_to_float
3133,ecoli50_r003133,retained,True,string_to_float
3134,ecoli50_r003134,retained,True,string_to_float
3135,ecoli50_r003135,retained,True,string_to_float
3136,ecoli50_r003136,retained,True,string_to_float
3137,ecoli50_r003137,retained,True,string_to_float
3138,ecoli50_r003138,retained,True,string_to_float
3139,ecoli50_r003139,retained,True,string_to_float
3140,ecoli50_r003140,retained,True,string_to_float
3141,ecoli50_r003141,retained,True,string_to_float
3142,ecoli50_r003142,retained,True,string_to_float
3143,ecoli50_r003143,retained,True,string_to_float
3144,ecoli50_r003144,retained,True,string_to_float
3145,ecoli50_r003145,retained,True,string_to_float
3146,ecoli50_r003146,retained,True,string_to_float
3147,ecoli50_r003147,retained,True,string_to_float
3148,ecoli50_r003148,retained,True,string_to_float
3149,ecoli50_r003149,retained,True,string_to_float
3150,ecoli50_r003150,retained,True,string_to_float
3151,ecoli50_r003151,retained,True,string_to_float
3152,ecoli50_r003152,retained,True,string_to_float
3153,ecoli50_r003153,retained,True,string_to_float
3154,ecoli50_r003154,retained,True,string_to_float
3155,ecoli50_r003155,retained,True,string_to_float
3156,ecoli50_r003156,retained,True,string_to_float
3157,ecoli50_r003157,retained,True,string_to_float
3158,ecoli50_r003158,retained,True,string_to_float
3159,ecoli50_r003159,retained,True,string_to_float
3160,ecoli50_r003160,retained,True,string_to_float
3161,ecoli50_r003161,retained,True,string_to_float
3162,ecoli50_r003162,retained,True,string_to_float
3163,ecoli50_r003163,retained,True,string_to_float
3164,ecoli50_r003164,retained,True,string_to_float
3165,ecoli50_r003165,retained,True,string_to_float
3166,ecoli50_r003166,retained,True,string_to_float
3167,ecoli50_r003167,retained,True,string_to_float
3168,ecoli50_r003168,retained,True,string_to_float
3169,ecoli50_r003169,retained,True,string_to_float
3170,ecoli50_r003170,retained,True,string_to_float
3171,ecoli50_r003171,retained,True,string_to_float
3172,ecoli50_r003172,retained,True,string_to_float
3173,ecoli50_r003173,retained,True,string_to_float
3174,ecoli50_r003174,retained,True,string_to_float
3175,ecoli50_r003175,retained,True,string_to_float
3176,ecoli50_r003176,retained,True,string_to_float
3177,ecoli50_r003177,retained,True,string_to_float
3178,ecoli50_r003178,retained,True,string_to_float
3179,ecoli50_r003179,retained,True,string_to_float
3180,ecoli50_r003180,retained,True,string_to_float
3181,ecoli50_r003181,retained,True,string_to_float
3182,ecoli50_r003182,retained,True,string_to_float
3183,ecoli50_r003183,retained,True,string_to_float
3184,ecoli50_r003184,retained,True,string_to_float
3185,ecoli50_r003185,retained,True,string_to_float
3186,ecoli50_r003186,retained,True,string_to_float
3187,ecoli50_r003187,retained,True,string_to_float
3188,ecoli50_r003188,retained,True,string_to_float
3189,ecoli50_r003189,retained,True,string_to_float
3190,ecoli50_r003190,retained,True,string_to_float
3191,ecoli50_r003191,retained,True,string_to_float
3192,ecoli50_r003192,retained,True,string_to_float
3193,ecoli50_r003193,retained,True,string_to_float
3194,ecoli50_r003194,retained,True,string_to_float
3195,ecoli50_r003195,retained,True,string_to_float
3196,ecoli50_r003196,retained,True,string_to_float
3197,ecoli50_r003197,retained,True,string_to_float
3198,ecoli50_r003198,retained,True,string_to_float
3199,ecoli50_r003199,retained,True,string_to_float
3200,ecoli50_r003200,retained,True,string_to_float
3201,ecoli50_r003201,retained,True,string_to_float
3202,ecoli50_r003202,retained,True,string_to_float
3203,ecoli50_r003203,retained,True,string_to_float
3204,ecoli50_r003204,retained,True,string_to_float
3205,ecoli50_r003205,retained,True,string_to_float
3206,ecoli50_r003206,retained,True,string_to_float
3207,ecoli50_r003207,retained,True,string_to_float
3208,ecoli50_r003208,retained,True,string_to_float
3209,ecoli50_r003209,retained,True,string_to_float
3210,ecoli50_r003210,retained,True,string_to_float
3211,ecoli50_r003211,retained,True,string_to_float
3212,ecoli50_r003212,retained,True,string_to_float
3213,ecoli50_r003213,retained,True,string_to_float
3214,ecoli50_r003214,retained,True,string_to_float
3215,ecoli50_r003215,retained,True,string_to_float
3216,ecoli50_r003216,retained,True,string_to_float
3217,ecoli50_r003217,retained,True,string_to_float
3218,ecoli50_r003218,retained,True,string_to_float
3219,ecoli50_r003219,retained,True,string_to_float
3220,ecoli50_r003220,retained,True,string_to_float
3221,ecoli50_r003221,retained,True,string_to_float
3222,ecoli50_r003222,retained,True,string_to_float
3223,ecoli50_r003223,retained,True,string_to_float
3224,ecoli50_r003224,retained,True,string_to_float
3225,ecoli50_r003225,retained,True,string_to_float
3226,ecoli50_r003226,retained,True,string_to_float
3227,ecoli50_r003227,retained,True,string_to_float
3228,ecoli50_r003228,retained,True,string_to_float
3229,ecoli50_r003229,retained,True,string_to_float
3230,ecoli50_r003230,retained,True,string_to_float
3231,ecoli50_r003231,retained,True,string_to_float
3232,ecoli50_r003232,retained,True,string_to_float
3233,ecoli50_r003233,retained,True,string_to_float
3234,ecoli50_r003234,retained,True,string_to_float
3235,ecoli50_r003235,retained,True,string_to_float
3236,ecoli50_r003236,retained,True,string_to_float
3237,ecoli50_r003237,retained,True,string_to_float
3238,ecoli50_r003238,retained,True,string_to_float
3239,ecoli50_r003239,retained,True,string_to_float
3240,ecoli50_r003240,retained,True,string_to_float
3241,ecoli50_r003241,retained,True,string_to_float
3242,ecoli50_r003242,retained,True,string_to_float
3243,ecoli50_r003243,retained,True,string_to_float
3244,ecoli50_r003244,retained,True,string_to_float
3245,ecoli50_r003245,retained,True,string_to_float
3246,ecoli50_r003246,retained,True,string_to_float
3247,ecoli50_r003247,retained,True,string_to_float
3248,ecoli50_r003248,retained,True,string_to_float
3249,ecoli50_r003249,retained,True,string_to_float
3250,ecoli50_r003250,retained,True,string_to_float
3251,ecoli50_r003251,retained,True,string_to_float
3252,ecoli50_r003252,retained,True,string_to_float
3253,ecoli50_r003253,retained,True,string_to_float
3254,ecoli50_r003254,retained,True,string_to_float
3255,ecoli50_r003255,retained,True,string_to_float
3256,ecoli50_r003256,retained,True,string_to_float
3257,ecoli50_r003257,retained,True,string_to_float
3258,ecoli50_r003258,retained,True,string_to_float
3259,ecoli50_r003259,retained,True,string_to_float
3260,ecoli50_r003260,retained,True,string_to_float
3261,ecoli50_r003261,retained,True,string_to_float
3262,ecoli50_r003262,retained,True,string_to_float
3263,ecoli50_r003263,retained,True,string_to_float
3264,ecoli50_r003264,retained,True,string_to_float
3265,ecoli50_r003265,retained,True,string_to_float
3266,ecoli50_r003266,retained,True,string_to_float
3267,ecoli50_r003267,retained,True,string_to_float
3268,ecoli50_r003268,retained,True,string_to_float
3269,ecoli50_r003269,retained,True,string_to_float
3270,ecoli50_r003270,retained,True,string_to_float
3271,ecoli50_r003271,retained,True,string_to_float
3272,ecoli50_r003272,retained,True,string_to_float
3273,ecoli50_r003273,retained,True,string_to_float
3274,ecoli50_r003274,retained,True,string_to_float
3275,ecoli50_r003275,retained,True,string_to_float
3276,ecoli50_r003276,retained,True,string_to_float
3277,ecoli50_r003277,retained,True,string_to_float
3278,ecoli50_r003278,retained,True,string_to_float
3279,ecoli50_r003279,retained,True,string_to_float
3280,ecoli50_r003280,retained,True,string_to_float
3281,ecoli50_r003281,retained,True,string_to_float
3282,ecoli50_r003282,retained,True,string_to_float
3283,ecoli50_r003283,retained,True,string_to_float
3284,ecoli50_r003284,retained,True,string_to_float
3285,ecoli50_r003285,retained,True,string_to_float
3286,ecoli50_r003286,retained,True,string_to_float
3287,ecoli50_r003287,retained,True,string_to_float
3288,ecoli50_r003288,retained,True,string_to_float
3289,ecoli50_r003289,retained,True,string_to_float
3290,ecoli50_r003290,retained,True,string_to_float
3291,ecoli50_r003291,retained,True,string_to_float
3292,ecoli50_r003292,retained,True,string_to_float
3293,ecoli50_r003293,retained,True,string_to_float
3294,ecoli50_r003294,retained,True,string_to_float
3295,ecoli50_r003295,retained,True,string_to_float
3296,ecoli50_r003296,retained,True,string_to_float
3297,ecoli50_r003297,retained,True,string_to_float
3298,ecoli50_r003298,retained,True,string_to_float
3299,ecoli50_r003299,retained,True,string_to_float
3300,ecoli50_r003300,retained,True,string_to_float
3301,ecoli50_r003301,retained,True,string_to_float
3302,ecoli50_r003302,retained,True,string_to_float
3303,ecoli50_r003303,retained,True,string_to_float
3304,ecoli50_r003304,retained,True,string_to_float
3305,ecoli50_r003305,retained,True,string_to_float
3306,ecoli50_r003306,retained,True,string_to_float
3307,ecoli50_r003307,retained,True,string_to_float
3308,ecoli50_r003308,retained,True,string_to_float
3309,ecoli50_r003309,retained,True,string_to_float
3310,ecoli50_r003310,retained,True,string_to_float
3311,ecoli50_r003311,retained,True,string_to_float
3312,ecoli50_r003312,retained,True,string_to_float
3313,ecoli50_r003313,retained,True,string_to_float
3314,ecoli50_r003314,retained,True,string_to_float
3315,ecoli50_r003315,retained,True,string_to_float
3316,ecoli50_r003316,retained,True,string_to_float
3317,ecoli50_r003317,retained,True,string_to_float
3318,ecoli50_r003318,retained,True,string_to_float
3319,ecoli50_r003319,retained,True,string_to_float
3320,ecoli50_r003320,retained,True,string_to_float
3321,ecoli50_r003321,retained,True,string_to_float
3322,ecoli50_r003322,retained,True,string_to_float
3323,ecoli50_r003323,retained,True,string_to_float
3324,ecoli50_r003324,retained,True,string_to_float
3325,ecoli50_r003325,retained,True,string_to_float
3326,ecoli50_r003326,retained,True,string_to_float
3327,ecoli50_r003327,retained,True,string_to_float
3328,ecoli50_r003328,retained,True,string_to_float
3329,ecoli50_r003329,retained,True,string_to_float
3330,ecoli50_r003330,retained,True,string_to_float
3331,ecoli50_r003331,retained,True,string_to_float
3332,ecoli50_r003332,retained,True,string_to_float
3333,ecoli50_r003333,retained,True,string_to_float
3334,ecoli50_r003334,retained,True,string_to_float
3335,ecoli50_r003335,retained,True,string_to_float
3336,ecoli50_r003336,retained,True,string_to_float
3337,ecoli50_r003337,retained,True,string_to_float
3338,ecoli50_r003338,retained,True,string_to_float
3339,ecoli50_r003339,retained,True,string_to_float
3340,ecoli50_r003340,retained,True,string_to_float
3341,ecoli50_r003341,retained,True,string_to_float
3342,ecoli50_r003342,retained,True,string_to_float
3343,ecoli50_r003343,retained,True,string_to_float
3344,ecoli50_r003344,retained,True,string_to_float
3345,ecoli50_r003345,retained,True,string_to_float
3346,ecoli50_r003346,retained,True,string_to_float
3347,ecoli50_r003347,retained,True,string_to_float
3348,ecoli50_r003348,retained,True,string_to_float
3349,ecoli50_r003349,retained,True,string_to_float
3350,ecoli50_r003350,retained,True,string_to_float
3351,ecoli50_r003351,retained,True,string_to_float
3352,ecoli50_r003352,retained,True,string_to_float
3353,ecoli50_r003353,retained,True,string_to_float
3354,ecoli50_r003354,retained,True,string_to_float
3355,ecoli50_r003355,retained,True,string_to_float
3356,ecoli50_r003356,retained,True,string_to_float
3357,ecoli50_r003357,retained,True,string_to_float
3358,ecoli50_r003358,retained,True,string_to_float
3359,ecoli50_r003359,retained,True,string_to_float
3360,ecoli50_r003360,retained,True,string_to_float
3361,ecoli50_r003361,retained,True,string_to_float
3362,ecoli50_r003362,retained,True,string_to_float
3363,ecoli50_r003363,retained,True,string_to_float
3364,ecoli50_r003364,retained,True,string_to_float
3365,ecoli50_r003365,retained,True,string_to_float
3366,ecoli50_r003366,retained,True,string_to_float
3367,ecoli50_r003367,retained,True,string_to_float
3368,ecoli50_r003368,retained,True,string_to_float
3369,ecoli50_r003369,retained,True,string_to_float
3370,ecoli50_r003370,retained,True,string_to_float
3371,ecoli50_r003371,retained,True,string_to_float
3372,ecoli50_r003372,retained,True,string_to_float
3373,ecoli50_r003373,retained,True,string_to_float
3374,ecoli50_r003374,retained,True,string_to_float
3375,ecoli50_r003375,retained,True,string_to_float
3376,ecoli50_r003376,retained,True,string_to_float
3377,ecoli50_r003377,retained,True,string_to_float
3378,ecoli50_r003378,retained,True,string_to_float
3379,ecoli50_r003379,retained,True,string_to_float
3380,ecoli50_r003380,retained,True,string_to_float
3381,ecoli50_r003381,retained,True,string_to_float
3382,ecoli50_r003382,retained,True,string_to_float
3383,ecoli50_r003383,retained,True,string_to_float
3384,ecoli50_r003384,retained,True,string_to_float
3385,ecoli50_r003385,retained,True,string_to_float
3386,ecoli50_r003386,retained,True,string_to_float
3387,ecoli50_r003387,retained,True,string_to_float
3388,ecoli50_r003388,retained,True,string_to_float
3389,ecoli50_r003389,retained,True,string_to_float
3390,ecoli50_r003390,retained,True,string_to_float
3391,ecoli50_r003391,retained,True,string_to_float
3392,ecoli50_r003392,retained,True,string_to_float
3393,ecoli50_r003393,retained,True,string_to_float
3394,ecoli50_r003394,retained,True,string_to_float
3395,ecoli50_r003395,retained,True,string_to_float
3396,ecoli50_r003396,retained,True,string_to_float
3397,ecoli50_r003397,retained,True,string_to_float
3398,ecoli50_r003398,retained,True,string_to_float
3399,ecoli50_r003399,retained,True,string_to_float
3400,ecoli50_r003400,retained,True,string_to_float
3401,ecoli50_r003401,retained,True,string_to_float
3402,ecoli50_r003402,retained,True,string_to_float
3403,ecoli50_r003403,retained,True,string_to_float
3404,ecoli50_r003404,retained,True,string_to_float
3405,ecoli50_r003405,retained,True,string_to_float
3406,ecoli50_r003406,retained,True,string_to_float
3407,ecoli50_r003407,retained,True,string_to_float
3408,ecoli50_r003408,retained,True,string_to_float
3409,ecoli50_r003409,retained,True,string_to_float
3410,ecoli50_r003410,retained,True,string_to_float
3411,ecoli50_r003411,retained,True,string_to_float
3412,ecoli50_r003412,retained,True,string_to_float
3413,ecoli50_r003413,retained,True,string_to_float
3414,ecoli50_r003414,retained,True,string_to_float
3415,ecoli50_r003415,retained,True,string_to_float
3416,ecoli50_r003416,retained,True,string_to_float
3417,ecoli50_r003417,retained,True,string_to_float
3418,ecoli50_r003418,retained,True,string_to_float
3419,ecoli50_r003419,retained,True,string_to_float
3420,ecoli50_r003420,retained,True,string_to_float
3421,ecoli50_r003421,retained,True,string_to_float
3422,ecoli50_r003422,retained,True,string_to_float
3423,ecoli50_r003423,retained,True,string_to_float
3424,ecoli50_r003424,retained,True,string_to_float
3425,ecoli50_r003425,retained,True,string_to_float
3426,ecoli50_r003426,retained,True,string_to_float
3427,ecoli50_r003427,retained,True,string_to_float
3428,ecoli50_r003428,retained,True,string_to_float
3429,ecoli50_r003429,retained,True,string_to_float
3430,ecoli50_r003430,retained,True,string_to_float
3431,ecoli50_r003431,retained,True,string_to_float
3432,ecoli50_r003432,retained,True,string_to_float
3433,ecoli50_r003433,retained,True,string_to_float
3434,ecoli50_r003434,retained,True,string_to_float
3435,ecoli50_r003435,retained,True,string_to_float
3436,ecoli50_r003436,retained,True,string_to_float
3437,ecoli50_r003437,retained,True,string_to_float
3438,ecoli50_r003438,retained,True,string_to_float
3439,ecoli50_r003439,retained,True,string_to_float
3440,ecoli50_r003440,retained,True,string_to_float
3441,ecoli50_r003441,retained,True,string_to_float
3442,ecoli50_r003442,retained,True,string_to_float
3443,ecoli50_r003443,retained,True,string_to_float
3444,ecoli50_r003444,retained,True,string_to_float
3445,ecoli50_r003445,retained,True,string_to_float
3446,ecoli50_r003446,retained,True,string_to_float
3447,ecoli50_r003447,retained,True,string_to_float
3448,ecoli50_r003448,retained,True,string_to_float
3449,ecoli50_r003449,retained,True,string_to_float
3450,ecoli50_r003450,retained,True,string_to_float
3451,ecoli50_r003451,retained,True,string_to_float
3452,ecoli50_r003452,retained,True,string_to_float
3453,ecoli50_r003453,retained,True,string_to_float
3454,ecoli50_r003454,retained,True,string_to_float
3455,ecoli50_r003455,retained,True,string_to_float
3456,ecoli50_r003456,retained,True,string_to_float
3457,ecoli50_r003457,retained,True,string_to_float
3458,ecoli50_r003458,retained,True,string_to_float
3459,ecoli50_r003459,retained,True,string_to_float
3460,ecoli50_r003460,retained,True,string_to_float
3461,ecoli50_r003461,retained,True,string_to_float
3462,ecoli50_r003462,retained,True,string_to_float
3463,ecoli50_r003463,retained,True,string_to_float
3464,ecoli50_r003464,retained,True,string_to_float
3465,ecoli50_r003465,retained,True,string_to_float
3466,ecoli50_r003466,retained,True,string_to_float
3467,ecoli50_r003467,retained,True,string_to_float
3468,ecoli50_r003468,retained,True,string_to_float
3469,ecoli50_r003469,retained,True,string_to_float
3470,ecoli50_r003470,retained,True,string_to_float
3471,ecoli50_r003471,retained,True,string_to_float
3472,ecoli50_r003472,retained,True,string_to_float
3473,ecoli50_r003473,retained,True,string_to_float
3474,ecoli50_r003474,retained,True,string_to_float
3475,ecoli50_r003475,retained,True,string_to_float
3476,ecoli50_r003476,retained,True,string_to_float
3477,ecoli50_r003477,retained,True,string_to_float
3478,ecoli50_r003478,retained,True,string_to_float
3479,ecoli50_r003479,retained,True,string_to_float
3480,ecoli50_r003480,retained,True,string_to_float
3481,ecoli50_r003481,retained,True,string_to_float
3482,ecoli50_r003482,retained,True,string_to_float
3483,ecoli50_r003483,retained,True,string_to_float
3484,ecoli50_r003484,retained,True,string_to_float
3485,ecoli50_r003485,retained,True,string_to_float
3486,ecoli50_r003486,retained,True,string_to_float
3487,ecoli50_r003487,retained,True,string_to_float
3488,ecoli50_r003488,retained,True,string_to_float
3489,ecoli50_r003489,retained,True,string_to_float
3490,ecoli50_r003490,retained,True,string_to_float
3491,ecoli50_r003491,retained,True,string_to_float
3492,ecoli50_r003492,retained,True,string_to_float
3493,ecoli50_r003493,retained,True,string_to_float
3494,ecoli50_r003494,retained,True,string_to_float
3495,ecoli50_r003495,retained,True,string_to_float
3496,ecoli50_r003496,retained,True,string_to_float
3497,ecoli50_r003497,retained,True,string_to_float
3498,ecoli50_r003498,retained,True,string_to_float
3499,ecoli50_r003499,retained,True,string_to_float
3500,ecoli50_r003500,retained,True,string_to_float
3501,ecoli50_r003501,retained,True,string_to_float
3502,ecoli50_r003502,retained,True,string_to_float
3503,ecoli50_r003503,retained,True,string_to_float
3504,ecoli50_r003504,retained,True,string_to_float
3505,ecoli50_r003505,retained,True,string_to_float
3506,ecoli50_r003506,retained,True,string_to_float
3507,ecoli50_r003507,retained,True,string_to_float
3508,ecoli50_r003508,retained,True,string_to_float
3509,ecoli50_r003509,retained,True,string_to_float
3510,ecoli50_r003510,retained,True,string_to_float
3511,ecoli50_r003511,retained,True,string_to_float
3512,ecoli50_r003512,retained,True,string_to_float
3513,ecoli50_r003513,retained,True,string_to_float
3514,ecoli50_r003514,retained,True,string_to_float
3515,ecoli50_r003515,retained,True,string_to_float
3516,ecoli50_r003516,retained,True,string_to_float
3517,ecoli50_r003517,retained,True,string_to_float
3518,ecoli50_r003518,retained,True,string_to_float
3519,ecoli50_r003519,retained,True,string_to_float
3520,ecoli50_r003520,retained,True,string_to_float
3521,ecoli50_r003521,retained,True,string_to_float
3522,ecoli50_r003522,retained,True,string_to_float
3523,ecoli50_r003523,retained,True,string_to_float
3524,ecoli50_r003524,retained,True,string_to_float
3525,ecoli50_r003525,retained,True,string_to_float
3526,ecoli50_r003526,retained,True,string_to_float
3527,ecoli50_r003527,retained,True,string_to_float
3528,ecoli50_r003528,retained,True,string_to_float
3529,ecoli50_r003529,retained,True,string_to_float
3530,ecoli50_r003530,retained,True,string_to_float
3531,ecoli50_r003531,retained,True,string_to_float
3532,ecoli50_r003532,retained,True,string_to_float
3533,ecoli50_r003533,retained,True,string_to_float
3534,ecoli50_r003534,retained,True,string_to_float
3535,ecoli50_r003535,retained,True,string_to_float
3536,ecoli50_r003536,retained,True,string_to_float
3537,ecoli50_r003537,retained,True,string_to_float
3538,ecoli50_r003538,retained,True,string_to_float
3539,ecoli50_r003539,retained,True,string_to_float
3540,ecoli50_r003540,retained,True,string_to_float
3541,ecoli50_r003541,retained,True,string_to_float
3542,ecoli50_r003542,retained,True,string_to_float
3543,ecoli50_r003543,retained,True,string_to_float
3544,ecoli50_r003544,retained,True,string_to_float
3545,ecoli50_r003545,retained,True,string_to_float
3546,ecoli50_r003546,retained,True,string_to_float
3547,ecoli50_r003547,retained,True,string_to_float
3548,ecoli50_r003548,retained,True,string_to_float
3549,ecoli50_r003549,retained,True,string_to_float
3550,ecoli50_r003550,retained,True,string_to_float
3551,ecoli50_r003551,retained,True,string_to_float
3552,ecoli50_r003552,retained,True,string_to_float
3553,ecoli50_r003553,retained,True,string_to_float
3554,ecoli50_r003554,retained,True,string_to_float
3555,ecoli50_r003555,retained,True,string_to_float
3556,ecoli50_r003556,retained,True,string_to_float
3557,ecoli50_r003557,retained,True,string_to_float
3558,ecoli50_r003558,retained,True,string_to_float
3559,ecoli50_r003559,retained,True,string_to_float
3560,ecoli50_r003560,retained,True,string_to_float
3561,ecoli50_r003561,retained,True,string_to_float
3562,ecoli50_r003562,retained,True,string_to_float
3563,ecoli50_r003563,retained,True,string_to_float
3564,ecoli50_r003564,retained,True,string_to_float
3565,ecoli50_r003565,retained,True,string_to_float
3566,ecoli50_r003566,retained,True,string_to_float
3567,ecoli50_r003567,retained,True,string_to_float
3568,ecoli50_r003568,retained,True,string_to_float
3569,ecoli50_r003569,retained,True,string_to_float
3570,ecoli50_r003570,retained,True,string_to_float
3571,ecoli50_r003571,retained,True,string_to_float
3572,ecoli50_r003572,retained,True,string_to_float
3573,ecoli50_r003573,retained,True,string_to_float
3574,ecoli50_r003574,retained,True,string_to_float
3575,ecoli50_r003575,retained,True,string_to_float
3576,ecoli50_r003576,retained,True,string_to_float
3577,ecoli50_r003577,retained,True,string_to_float
3578,ecoli50_r003578,retained,True,string_to_float
3579,ecoli50_r003579,retained,True,string_to_float
3580,ecoli50_r003580,retained,True,string_to_float
3581,ecoli50_r003581,retained,True,string_to_float
3582,ecoli50_r003582,retained,True,string_to_float
3583,ecoli50_r003583,retained,True,string_to_float
3584,ecoli50_r003584,retained,True,string_to_float
3585,ecoli50_r003585,retained,True,string_to_float
3586,ecoli50_r003586,retained,True,string_to_float
3587,ecoli50_r003587,retained,True,string_to_float
3588,ecoli50_r003588,retained,True,string_to_float
3589,ecoli50_r003589,retained,True,string_to_float
3590,ecoli50_r003590,retained,True,string_to_float
3591,ecoli50_r003591,retained,True,string_to_float
3592,ecoli50_r003592,retained,True,string_to_float
3593,ecoli50_r003593,retained,True,string_to_float
3594,ecoli50_r003594,retained,True,string_to_float
3595,ecoli50_r003595,retained,True,string_to_float
3596,ecoli50_r003596,retained,True,string_to_float
3597,ecoli50_r003597,retained,True,string_to_float
3598,ecoli50_r003598,retained,True,string_to_float
3599,ecoli50_r003599,retained,True,string_to_float
3600,ecoli50_r003600,retained,True,string_to_float
3601,ecoli50_r003601,retained,True,string_to_float
3602,ecoli50_r003602,retained,True,string_to_float
3603,ecoli50_r003603,retained,True,string_to_float
3604,ecoli50_r003604,retained,True,string_to_float
3605,ecoli50_r003605,retained,True,string_to_float
3606,ecoli50_r003606,retained,True,string_to_float
3607,ecoli50_r003607,retained,True,string_to_float
3608,ecoli50_r003608,retained,True,string_to_float
3609,ecoli50_r003609,retained,True,string_to_float
3610,ecoli50_r003610,retained,True,string_to_float
3611,ecoli50_r003611,retained,True,string_to_float
3612,ecoli50_r003612,retained,True,string_to_float
3613,ecoli50_r003613,retained,True,string_to_float
3614,ecoli50_r003614,retained,True,string_to_float
3615,ecoli50_r003615,retained,True,string_to_float
3616,ecoli50_r003616,retained,True,string_to_float
3617,ecoli50_r003617,retained,True,string_to_float
3618,ecoli50_r003618,retained,True,string_to_float
3619,ecoli50_r003619,retained,True,string_to_float
3620,ecoli50_r003620,retained,True,string_to_float
3621,ecoli50_r003621,retained,True,string_to_float
3622,ecoli50_r003622,retained,True,string_to_float
3623,ecoli50_r003623,retained,True,string_to_float
3624,ecoli50_r003624,retained,True,string_to_float
3625,ecoli50_r003625,retained,True,string_to_float
3626,ecoli50_r003626,retained,True,string_to_float
3627,ecoli50_r003627,retained,True,string_to_float
3628,ecoli50_r003628,retained,True,string_to_float
3629,ecoli50_r003629,retained,True,string_to_float
3630,ecoli50_r003630,retained,True,string_to_float
3631,ecoli50_r003631,retained,True,string_to_float
3632,ecoli50_r003632,retained,True,string_to_float
3633,ecoli50_r003633,retained,True,string_to_float
3634,ecoli50_r003634,retained,True,string_to_float
3635,ecoli50_r003635,retained,True,string_to_float
3636,ecoli50_r003636,retained,True,string_to_float
3637,ecoli50_r003637,retained,True,string_to_float
3638,ecoli50_r003638,retained,True,string_to_float
3639,ecoli50_r003639,retained,True,string_to_float
3640,ecoli50_r003640,retained,True,string_to_float
3641,ecoli50_r003641,retained,True,string_to_float
3642,ecoli50_r003642,retained,True,string_to_float
3643,ecoli50_r003643,retained,True,string_to_float
3644,ecoli50_r003644,retained,True,string_to_float
3645,ecoli50_r003645,retained,True,string_to_float
3646,ecoli50_r003646,retained,True,string_to_float
3647,ecoli50_r003647,retained,True,string_to_float
3648,ecoli50_r003648,retained,True,string_to_float
3649,ecoli50_r003649,retained,True,string_to_float
3650,ecoli50_r003650,retained,True,string_to_float
3651,ecoli50_r003651,retained,True,string_to_float
3652,ecoli50_r003652,retained,True,string_to_float
3653,ecoli50_r003653,retained,True,string_to_float
3654,ecoli50_r003654,retained,True,string_to_float
3655,ecoli50_r003655,retained,True,string_to_float
3656,ecoli50_r003656,retained,True,string_to_float
3657,ecoli50_r003657,retained,True,string_to_float
3658,ecoli50_r003658,retained,True,string_to_float
3659,ecoli50_r003659,retained,True,string_to_float
3660,ecoli50_r003660,retained,True,string_to_float
3661,ecoli50_r003661,retained,True,string_to_float
3662,ecoli50_r003662,retained,True,string_to_float
3663,ecoli50_r003663,retained,True,string_to_float
3664,ecoli50_r003664,retained,True,string_to_float
3665,ecoli50_r003665,retained,True,string_to_float
3666,ecoli50_r003666,retained,True,string_to_float
3667,ecoli50_r003667,retained,True,string_to_float
3668,ecoli50_r003668,retained,True,string_to_float
3669,ecoli50_r003669,retained,True,string_to_float
3670,ecoli50_r003670,retained,True,string_to_float
3671,ecoli50_r003671,retained,True,string_to_float
3672,ecoli50_r003672,retained,True,string_to_float
3673,ecoli50_r003673,retained,True,string_to_float
3674,ecoli50_r003674,retained,True,string_to_float
3675,ecoli50_r003675,retained,True,string_to_float
3676,ecoli50_r003676,retained,True,string_to_float
3677,ecoli50_r003677,retained,True,string_to_float
3678,ecoli50_r003678,retained,True,string_to_float
3679,ecoli50_r003679,retained,True,string_to_float
3680,ecoli50_r003680,retained,True,string_to_float
3681,ecoli50_r003681,retained,True,string_to_float
3682,ecoli50_r003682,retained,True,string_to_float
3683,ecoli50_r003683,retained,True,string_to_float
3684,ecoli50_r003684,retained,True,string_to_float
3685,ecoli50_r003685,retained,True,string_to_float
3686,ecoli50_r003686,retained,True,string_to_float
3687,ecoli50_r003687,retained,True,string_to_float
3688,ecoli50_r003688,retained,True,string_to_float
3689,ecoli50_r003689,retained,True,string_to_float
3690,ecoli50_r003690,retained,True,string_to_float
3691,ecoli50_r003691,retained,True,string_to_float
3692,ecoli50_r003692,retained,True,string_to_float
3693,ecoli50_r003693,retained,True,string_to_float
3694,ecoli50_r003694,retained,True,string_to_float
3695,ecoli50_r003695,retained,True,string_to_float
3696,ecoli50_r003696,retained,True,string_to_float
3697,ecoli50_r003697,retained,True,string_to_float
3698,ecoli50_r003698,retained,True,string_to_float
3699,ecoli50_r003699,retained,True,string_to_float
3700,ecoli50_r003700,retained,True,string_to_float
3701,ecoli50_r003701,retained,True,string_to_float
3702,ecoli50_r003702,retained,True,string_to_float
3703,ecoli50_r003703,retained,True,string_to_float
3704,ecoli50_r003704,retained,True,string_to_float
3705,ecoli50_r003705,retained,True,string_to_float
3706,ecoli50_r003706,retained,True,string_to_float
3707,ecoli50_r003707,retained,True,string_to_float
3708,ecoli50_r003708,retained,True,string_to_float
3709,ecoli50_r003709,retained,True,string_to_float
3710,ecoli50_r003710,retained,True,string_to_float
3711,ecoli50_r003711,retained,True,string_to_float
3712,ecoli50_r003712,retained,True,string_to_float
3713,ecoli50_r003713,retained,True,string_to_float
3714,ecoli50_r003714,retained,True,string_to_float
3715,ecoli50_r003715,retained,True,string_to_float
3716,ecoli50_r003716,retained,True,string_to_float
3717,ecoli50_r003717,retained,True,string_to_float
3718,ecoli50_r003718,retained,True,string_to_float
3719,ecoli50_r003719,retained,True,string_to_float
3720,ecoli50_r003720,retained,True,string_to_float
3721,ecoli50_r003721,retained,True,string_to_float
3722,ecoli50_r003722,retained,True,string_to_float
3723,ecoli50_r003723,retained,True,string_to_float
3724,ecoli50_r003724,retained,True,string_to_float
3725,ecoli50_r003725,retained,True,string_to_float
3726,ecoli50_r003726,retained,True,string_to_float
3727,ecoli50_r003727,retained,True,string_to_float
3728,ecoli50_r003728,retained,True,string_to_float
3729,ecoli50_r003729,retained,True,string_to_float
3730,ecoli50_r003730,retained,True,string_to_float
3731,ecoli50_r003731,retained,True,string_to_float
3732,ecoli50_r003732,retained,True,string_to_float
3733,ecoli50_r003733,retained,True,string_to_float
3734,ecoli50_r003734,retained,True,string_to_float
3735,ecoli50_r003735,retained,True,string_to_float
3736,ecoli50_r003736,retained,True,string_to_float
3737,ecoli50_r003737,retained,True,string_to_float
3738,ecoli50_r003738,retained,True,string_to_float
3739,ecoli50_r003739,retained,True,string_to_float
3740,ecoli50_r003740,retained,True,string_to_float
3741,ecoli50_r003741,retained,True,string_to_float
3742,ecoli50_r003742,retained,True,string_to_float
3743,ecoli50_r003743,retained,True,string_to_float
3744,ecoli50_r003744,retained,True,string_to_float
3745,ecoli50_r003745,retained,True,string_to_float
3746,ecoli50_r003746,retained,True,string_to_float
3747,ecoli50_r003747,retained,True,string_to_float
3748,ecoli50_r003748,retained,True,string_to_float
3749,ecoli50_r003749,retained,True,string_to_float
3750,ecoli50_r003750,retained,True,string_to_float
3751,ecoli50_r003751,retained,True,string_to_float
3752,ecoli50_r003752,retained,True,string_to_float
3753,ecoli50_r003753,retained,True,string_to_float
3754,ecoli50_r003754,retained,True,string_to_float
3755,ecoli50_r003755,retained,True,string_to_float
3756,ecoli50_r003756,retained,True,string_to_float
3757,ecoli50_r003757,retained,True,string_to_float
3758,ecoli50_r003758,retained,True,string_to_float
3759,ecoli50_r003759,retained,True,string_to_float
3760,ecoli50_r003760,retained,True,string_to_float
3761,ecoli50_r003761,retained,True,string_to_float
3762,ecoli50_r003762,retained,True,string_to_float
3763,ecoli50_r003763,retained,True,string_to_float
3764,ecoli50_r003764,retained,True,string_to_float
3765,ecoli50_r003765,retained,True,string_to_float
3766,ecoli50_r003766,retained,True,string_to_float
3767,ecoli50_r003767,retained,True,string_to_float
3768,ecoli50_r003768,retained,True,string_to_float
3769,ecoli50_r003769,retained,True,string_to_float
3770,ecoli50_r003770,retained,True,string_to_float
3771,ecoli50_r003771,retained,True,string_to_float
3772,ecoli50_r003772,retained,True,string_to_float
3773,ecoli50_r003773,retained,True,string_to_float
3774,ecoli50_r003774,retained,True,string_to_float
3775,ecoli50_r003775,retained,True,string_to_float
3776,ecoli50_r003776,retained,True,string_to_float
3777,ecoli50_r003777,retained,True,string_to_float
3778,ecoli50_r003778,retained,True,string_to_float
3779,ecoli50_r003779,retained,True,string_to_float
3780,ecoli50_r003780,retained,True,string_to_float
3781,ecoli50_r003781,retained,True,string_to_float
3782,ecoli50_r003782,retained,True,string_to_float
3783,ecoli50_r003783,retained,True,string_to_float
3784,ecoli50_r003784,retained,True,string_to_float
3785,ecoli50_r003785,retained,True,string_to_float
3786,ecoli50_r003786,retained,True,string_to_float
3787,ecoli50_r003787,retained,True,string_to_float
3788,ecoli50_r003788,retained,True,string_to_float
3789,ecoli50_r003789,retained,True,string_to_float
3790,ecoli50_r003790,retained,True,string_to_float
3791,ecoli50_r003791,retained,True,string_to_float
3792,ecoli50_r003792,retained,True,string_to_float
3793,ecoli50_r003793,retained,True,string_to_float
3794,ecoli50_r003794,retained,True,string_to_float
3795,ecoli50_r003795,retained,True,string_to_float
3796,ecoli50_r003796,retained,True,string_to_float
3797,ecoli50_r003797,retained,True,string_to_float
3798,ecoli50_r003798,retained,True,string_to_float
3799,ecoli50_r003799,retained,True,string_to_float
3800,ecoli50_r003800,retained,True,string_to_float
3801,ecoli50_r003801,retained,True,string_to_float
3802,ecoli50_r003802,retained,True,string_to_float
3803,ecoli50_r003803,retained,True,string_to_float
3804,ecoli50_r003804,retained,True,string_to_float
3805,ecoli50_r003805,retained,True,string_to_float
3806,ecoli50_r003806,retained,True,string_to_float
3807,ecoli50_r003807,retained,True,string_to_float
3808,ecoli50_r003808,retained,True,string_to_float
3809,ecoli50_r003809,retained,True,string_to_float
3810,ecoli50_r003810,retained,True,string_to_float
3811,ecoli50_r003811,retained,True,string_to_float
3812,ecoli50_r003812,retained,True,string_to_float
3813,ecoli50_r003813,retained,True,string_to_float
3814,ecoli50_r003814,retained,True,string_to_float
3815,ecoli50_r003815,retained,True,string_to_float
3816,ecoli50_r003816,retained,True,string_to_float
3817,ecoli50_r003817,retained,True,string_to_float
3818,ecoli50_r003818,retained,True,string_to_float
3819,ecoli50_r003819,retained,True,string_to_float
3820,ecoli50_r003820,retained,True,string_to_float
3821,ecoli50_r003821,retained,True,string_to_float
3822,ecoli50_r003822,retained,True,string_to_float
3823,ecoli50_r003823,retained,True,string_to_float
3824,ecoli50_r003824,retained,True,string_to_float
3825,ecoli50_r003825,retained,True,string_to_float
3826,ecoli50_r003826,retained,True,string_to_float
3827,ecoli50_r003827,retained,True,string_to_float
3828,ecoli50_r003828,retained,True,string_to_float
3829,ecoli50_r003829,retained,True,string_to_float
3830,ecoli50_r003830,retained,True,string_to_float
3831,ecoli50_r003831,retained,True,string_to_float
3832,ecoli50_r003832,retained,True,string_to_float
3833,ecoli50_r003833,retained,True,string_to_float
3834,ecoli50_r003834,retained,True,string_to_float
3835,ecoli50_r003835,retained,True,string_to_float
3836,ecoli50_r003836,retained,True,string_to_float
3837,ecoli50_r003837,retained,True,string_to_float
3838,ecoli50_r003838,retained,True,string_to_float
3839,ecoli50_r003839,retained,True,string_to_float
3840,ecoli50_r003840,retained,True,string_to_float
3841,ecoli50_r003841,retained,True,string_to_float
3842,ecoli50_r003842,retained,True,string_to_float
3843,ecoli50_r003843,retained,True,string_to_float
3844,ecoli50_r003844,retained,True,string_to_float
3845,ecoli50_r003845,retained,True,string_to_float
3846,ecoli50_r003846,retained,True,string_to_float
3847,ecoli50_r003847,retained,True,string_to_float
3848,ecoli50_r003848,retained,True,string_to_float
3849,ecoli50_r003849,retained,True,string_to_float
3850,ecoli50_r003850,retained,True,string_to_float
3851,ecoli50_r003851,retained,True,string_to_float
3852,ecoli50_r003852,retained,True,string_to_float
3853,ecoli50_r003853,retained,True,string_to_float
3854,ecoli50_r003854,retained,True,string_to_float
3855,ecoli50_r003855,retained,True,string_to_float
3856,ecoli50_r003856,retained,True,string_to_float
3857,ecoli50_r003857,retained,True,string_to_float
3858,ecoli50_r003858,retained,True,string_to_float
3859,ecoli50_r003859,retained,True,string_to_float
3860,ecoli50_r003860,retained,True,string_to_float
3861,ecoli50_r003861,retained,True,string_to_float
3862,ecoli50_r003862,retained,True,string_to_float
3863,ecoli50_r003863,retained,True,string_to_float
3864,ecoli50_r003864,retained,True,string_to_float
3865,ecoli50_r003865,retained,True,string_to_float
3866,ecoli50_r003866,retained,True,string_to_float
3867,ecoli50_r003867,retained,True,string_to_float
3868,ecoli50_r003868,retained,True,string_to_float
3869,ecoli50_r003869,retained,True,string_to_float
3870,ecoli50_r003870,retained,True,string_to_float
3871,ecoli50_r003871,retained,True,string_to_float
3872,ecoli50_r003872,retained,True,string_to_float
3873,ecoli50_r003873,retained,True,string_to_float
3874,ecoli50_r003874,retained,True,string_to_float
3875,ecoli50_r003875,retained,True,string_to_float
3876,ecoli50_r003876,retained,True,string_to_float
3877,ecoli50_r003877,retained,True,string_to_float
3878,ecoli50_r003878,retained,True,string_to_float
3879,ecoli50_r003879,retained,True,string_to_float
3880,ecoli50_r003880,retained,True,string_to_float
3881,ecoli50_r003881,retained,True,string_to_float
3882,ecoli50_r003882,retained,True,string_to_float
3883,ecoli50_r003883,retained,True,string_to_float
3884,ecoli50_r003884,retained,True,string_to_float
3885,ecoli50_r003885,retained,True,string_to_float
3886,ecoli50_r003886,retained,True,string_to_float
3887,ecoli50_r003887,retained,True,string_to_float
3888,ecoli50_r003888,retained,True,string_to_float
3889,ecoli50_r003889,retained,True,string_to_float
3890,ecoli50_r003890,retained,True,string_to_float
3891,ecoli50_r003891,retained,True,string_to_float
3892,ecoli50_r003892,retained,True,string_to_float
3893,ecoli50_r003893,retained,True,string_to_float
3894,ecoli50_r003894,retained,True,string_to_float
3895,ecoli50_r003895,retained,True,string_to_float
3896,ecoli50_r003896,retained,True,string_to_float
3897,ecoli50_r003897,retained,True,string_to_float
3898,ecoli50_r003898,retained,True,string_to_float
3899,ecoli50_r003899,retained,True,string_to_float
3900,ecoli50_r003900,retained,True,string_to_float
3901,ecoli50_r003901,retained,True,string_to_float
3902,ecoli50_r003902,retained,True,string_to_float
3903,ecoli50_r003903,retained,True,string_to_float
3904,ecoli50_r003904,retained,True,string_to_float
3905,ecoli50_r003905,retained,True,string_to_float
3906,ecoli50_r003906,retained,True,string_to_float
3907,ecoli50_r003907,retained,True,string_to_float
3908,ecoli50_r003908,retained,True,string_to_float
3909,ecoli50_r003909,retained,True,string_to_float
3910,ecoli50_r003910,retained,True,string_to_float
3911,ecoli50_r003911,retained,True,string_to_float
3912,ecoli50_r003912,retained,True,string_to_float
3913,ecoli50_r003913,retained,True,string_to_float
3914,ecoli50_r003914,retained,True,string_to_float
3915,ecoli50_r003915,retained,True,string_to_float
3916,ecoli50_r003916,retained,True,string_to_float
3917,ecoli50_r003917,retained,True,string_to_float
3918,ecoli50_r003918,retained,True,string_to_float
3919,ecoli50_r003919,retained,True,string_to_float
3920,ecoli50_r003920,retained,True,string_to_float
3921,ecoli50_r003921,retained,True,string_to_float
3922,ecoli50_r003922,retained,True,string_to_float
3923,ecoli50_r003923,retained,True,string_to_float
3924,ecoli50_r003924,retained,True,string_to_float
3925,ecoli50_r003925,retained,True,string_to_float
3926,ecoli50_r003926,retained,True,string_to_float
3927,ecoli50_r003927,retained,True,string_to_float
3928,ecoli50_r003928,retained,True,string_to_float
3929,ecoli50_r003929,retained,True,string_to_float
3930,ecoli50_r003930,retained,True,string_to_float
3931,ecoli50_r003931,retained,True,string_to_float
3932,ecoli50_r003932,retained,True,string_to_float
3933,ecoli50_r003933,retained,True,string_to_float
3934,ecoli50_r003934,retained,True,string_to_float
3935,ecoli50_r003935,retained,True,string_to_float
3936,ecoli50_r003936,retained,True,string_to_float
3937,ecoli50_r003937,retained,True,string_to_float
3938,ecoli50_r003938,retained,True,string_to_float
3939,ecoli50_r003939,retained,True,string_to_float
3940,ecoli50_r003940,retained,True,string_to_float
3941,ecoli50_r003941,retained,True,string_to_float
3942,ecoli50_r003942,retained,True,string_to_float
3943,ecoli50_r003943,retained,True,string_to_float
3944,ecoli50_r003944,retained,True,string_to_float
3945,ecoli50_r003945,retained,True,string_to_float
3946,ecoli50_r003946,retained,True,string_to_float
3947,ecoli50_r003947,retained,True,string_to_float
3948,ecoli50_r003948,retained,True,string_to_float
3949,ecoli50_r003949,retained,True,string_to_float
3950,ecoli50_r003950,retained,True,string_to_float
3951,ecoli50_r003951,retained,True,string_to_float
3952,ecoli50_r003952,retained,True,string_to_float
3953,ecoli50_r003953,retained,True,string_to_float
3954,ecoli50_r003954,retained,True,string_to_float
3955,ecoli50_r003955,retained,True,string_to_float
3956,ecoli50_r003956,retained,True,string_to_float
3957,ecoli50_r003957,retained,True,string_to_float
3958,ecoli50_r003958,retained,True,string_to_float
3959,ecoli50_r003959,retained,True,string_to_float
3960,ecoli50_r003960,retained,True,string_to_float
3961,ecoli50_r003961,retained,True,string_to_float
3962,ecoli50_r003962,retained,True,string_to_float
3963,ecoli50_r003963,retained,True,string_to_float
3964,ecoli50_r003964,retained,True,string_to_float
3965,ecoli50_r003965,retained,True,string_to_float
3966,ecoli50_r003966,retained,True,string_to_float
3967,ecoli50_r003967,retained,True,string_to_float
3968,ecoli50_r003968,retained,True,string_to_float
3969,ecoli50_r003969,retained,True,string_to_float
3970,ecoli50_r003970,retained,True,string_to_float
3971,ecoli50_r003971,retained,True,string_to_float
3972,ecoli50_r003972,retained,True,string_to_float
3973,ecoli50_r003973,retained,True,string_to_float
3974,ecoli50_r003974,retained,True,string_to_float
3975,ecoli50_r003975,retained,True,string_to_float
3976,ecoli50_r003976,retained,True,string_to_float
3977,ecoli50_r003977,retained,True,string_to_float
3978,ecoli50_r003978,retained,True,string_to_float
3979,ecoli50_r003979,retained,True,string_to_float
3980,ecoli50_r003980,retained,True,string_to_float
3981,ecoli50_r003981,retained,True,string_to_float
3982,ecoli50_r003982,retained,True,string_to_float
3983,ecoli50_r003983,retained,True,string_to_float
3984,ecoli50_r003984,retained,True,string_to_float
3985,ecoli50_r003985,retained,True,string_to_float
3986,ecoli50_r003986,retained,True,string_to_float
3987,ecoli50_r003987,retained,True,string_to_float
3988,ecoli50_r003988,retained,True,string_to_float
3989,ecoli50_r003989,retained,True,string_to_float
3990,ecoli50_r003990,retained,True,string_to_float
3991,ecoli50_r003991,retained,True,string_to_float
3992,ecoli50_r003992,retained,True,string_to_float
3993,ecoli50_r003993,retained,True,string_to_float
3994,ecoli50_r003994,retained,True,string_to_float
3995,ecoli50_r003995,retained,True,string_to_float
3996,ecoli50_r003996,retained,True,string_to_float
3997,ecoli50_r003997,retained,True,string_to_float
3998,ecoli50_r003998,retained,True,string_to_float
3999,ecoli50_r003999,retained,True,string_to_float
4000,ecoli50_r004000,retained,True,string_to_float
4001,ecoli50_r004001,retained,True,string_to_float
4002,ecoli50_r004002,retained,True,string_to_float
4003,ecoli50_r004003,retained,True,string_to_float
4004,ecoli50_r004004,retained,True,string_to_float
4005,ecoli50_r004005,retained,True,string_to_float
4006,ecoli50_r004006,retained,True,string_to_float
4007,ecoli50_r004007,retained,True,string_to_float
4008,ecoli50_r004008,retained,True,string_to_float
4009,ecoli50_r004009,retained,True,string_to_float
4010,ecoli50_r004010,retained,True,string_to_float
4011,ecoli50_r004011,retained,True,string_to_float
4012,ecoli50_r004012,retained,True,string_to_float
4013,ecoli50_r004013,retained,True,string_to_float
4014,ecoli50_r004014,retained,True,string_to_float
4015,ecoli50_r004015,retained,True,string_to_float
4016,ecoli50_r004016,retained,True,string_to_float
4017,ecoli50_r004017,retained,True,string_to_float
4018,ecoli50_r004018,retained,True,string_to_float
4019,ecoli50_r004019,retained,True,string_to_float
4020,ecoli50_r004020,retained,True,string_to_float
4021,ecoli50_r004021,retained,True,string_to_float
4022,ecoli50_r004022,retained,True,string_to_float
4023,ecoli50_r004023,retained,True,string_to_float
4024,ecoli50_r004024,retained,True,string_to_float
4025,ecoli50_r004025,retained,True,string_to_float
4026,ecoli50_r004026,retained,True,string_to_float
4027,ecoli50_r004027,retained,True,string_to_float
4028,ecoli50_r004028,retained,True,string_to_float
4029,ecoli50_r004029,retained,True,string_to_float
4030,ecoli50_r004030,retained,True,string_to_float
4031,ecoli50_r004031,retained,True,string_to_float
4032,ecoli50_r004032,retained,True,string_to_float
4033,ecoli50_r004033,retained,True,string_to_float
4034,ecoli50_r004034,retained,True,string_to_float
4035,ecoli50_r004035,retained,True,string_to_float
4036,ecoli50_r004036,retained,True,string_to_float
4037,ecoli50_r004037,retained,True,string_to_float
4038,ecoli50_r004038,retained,True,string_to_float
4039,ecoli50_r004039,retained,True,string_to_float
4040,ecoli50_r004040,retained,True,string_to_float
4041,ecoli50_r004041,retained,True,string_to_float
4042,ecoli50_r004042,retained,True,string_to_float
4043,ecoli50_r004043,retained,True,string_to_float
4044,ecoli50_r004044,retained,True,string_to_float
4045,ecoli50_r004045,retained,True,string_to_float
4046,ecoli50_r004046,retained,True,string_to_float
4047,ecoli50_r004047,retained,True,string_to_float
4048,ecoli50_r004048,retained,True,string_to_float
4049,ecoli50_r004049,retained,True,string_to_float
4050,ecoli50_r004050,retained,True,string_to_float
4051,ecoli50_r004051,retained,True,string_to_float
4052,ecoli50_r004052,retained,True,string_to_float
4053,ecoli50_r004053,retained,True,string_to_float
4054,ecoli50_r004054,retained,True,string_to_float
4055,ecoli50_r004055,retained,True,string_to_float
4056,ecoli50_r004056,retained,True,string_to_float
4057,ecoli50_r004057,retained,True,string_to_float
4058,ecoli50_r004058,retained,True,string_to_float
4059,ecoli50_r004059,retained,True,string_to_float
4060,ecoli50_r004060,retained,True,string_to_float
4061,ecoli50_r004061,retained,True,string_to_float
4062,ecoli50_r004062,retained,True,string_to_float
4063,ecoli50_r004063,retained,True,string_to_float
4064,ecoli50_r004064,retained,True,string_to_float
4065,ecoli50_r004065,retained,True,string_to_float
4066,ecoli50_r004066,retained,True,string_to_float
4067,ecoli50_r004067,retained,True,string_to_float
4068,ecoli50_r004068,retained,True,string_to_float
4069,ecoli50_r004069,retained,True,string_to_float
4070,ecoli50_r004070,retained,True,string_to_float
4071,ecoli50_r004071,retained,True,string_to_float
4072,ecoli50_r004072,retained,True,string_to_float
4073,ecoli50_r004073,retained,True,string_to_float
4074,ecoli50_r004074,retained,True,string_to_float
4075,ecoli50_r004075,retained,True,string_to_float
4076,ecoli50_r004076,retained,True,string_to_float
4077,ecoli50_r004077,retained,True,string_to_float
4078,ecoli50_r004078,retained,True,string_to_float
4079,ecoli50_r004079,retained,True,string_to_float
4080,ecoli50_r004080,retained,True,string_to_float
4081,ecoli50_r004081,retained,True,string_to_float
4082,ecoli50_r004082,retained,True,string_to_float
4083,ecoli50_r004083,retained,True,string_to_float
4084,ecoli50_r004084,retained,True,string_to_float
4085,ecoli50_r004085,retained,True,string_to_float
4086,ecoli50_r004086,retained,True,string_to_float
4087,ecoli50_r004087,retained,True,string_to_float
4088,ecoli50_r004088,retained,True,string_to_float
4089,ecoli50_r004089,retained,True,string_to_float
4090,ecoli50_r004090,retained,True,string_to_float
4091,ecoli50_r004091,retained,True,string_to_float
4092,ecoli50_r004092,retained,True,string_to_float
4093,ecoli50_r004093,retained,True,string_to_float
4094,ecoli50_r004094,retained,True,string_to_float
4095,ecoli50_r004095,retained,True,string_to_float
4096,ecoli50_r004096,retained,True,string_to_float
4097,ecoli50_r004097,retained,True,string_to_float
4098,ecoli50_r004098,retained,True,string_to_float
4099,ecoli50_r004099,retained,True,string_to_float
4100,ecoli50_r004100,retained,True,string_to_float
4101,ecoli50_r004101,retained,True,string_to_float
4102,ecoli50_r004102,retained,True,string_to_float
4103,ecoli50_r004103,retained,True,string_to_float
4104,ecoli50_r004104,retained,True,string_to_float
4105,ecoli50_r004105,retained,True,string_to_float
4106,ecoli50_r004106,retained,True,string_to_float
4107,ecoli50_r004107,retained,True,string_to_float
4108,ecoli50_r004108,retained,True,string_to_float
4109,ecoli50_r004109,retained,True,string_to_float
4110,ecoli50_r004110,retained,True,string_to_float
4111,ecoli50_r004111,retained,True,string_to_float
4112,ecoli50_r004112,retained,True,string_to_float
4113,ecoli50_r004113,retained,True,string_to_float
4114,ecoli50_r004114,retained,True,string_to_float
4115,ecoli50_r004115,retained,True,string_to_float
4116,ecoli50_r004116,retained,True,string_to_float
4117,ecoli50_r004117,retained,True,string_to_float
4118,ecoli50_r004118,retained,True,string_to_float
4119,ecoli50_r004119,retained,True,string_to_float
4120,ecoli50_r004120,retained,True,string_to_float
4121,ecoli50_r004121,retained,True,string_to_float
4122,ecoli50_r004122,retained,True,string_to_float
4123,ecoli50_r004123,retained,True,string_to_float
4124,ecoli50_r004124,retained,True,string_to_float
4125,ecoli50_r004125,retained,True,string_to_float
4126,ecoli50_r004126,retained,True,string_to_float
4127,ecoli50_r004127,retained,True,string_to_float
4128,ecoli50_r004128,retained,True,string_to_float
4129,ecoli50_r004129,retained,True,string_to_float
4130,ecoli50_r004130,retained,True,string_to_float
4131,ecoli50_r004131,retained,True,string_to_float
4132,ecoli50_r004132,retained,True,string_to_float
4133,ecoli50_r004133,retained,True,string_to_float
4134,ecoli50_r004134,retained,True,string_to_float
4135,ecoli50_r004135,retained,True,string_to_float
4136,ecoli50_r004136,retained,True,string_to_float
4137,ecoli50_r004137,retained,True,string_to_float
4138,ecoli50_r004138,retained,True,string_to_float
4139,ecoli50_r004139,retained,True,string_to_float
4140,ecoli50_r004140,retained,True,string_to_float
4141,ecoli50_r004141,retained,True,string_to_float
4142,ecoli50_r004142,retained,True,string_to_float
4143,ecoli50_r004143,retained,True,string_to_float
4144,ecoli50_r004144,retained,True,string_to_float
4145,ecoli50_r004145,retained,True,string_to_float
4146,ecoli50_r004146,retained,True,string_to_float
4147,ecoli50_r004147,retained,True,string_to_float
4148,ecoli50_r004148,retained,True,string_to_float
4149,ecoli50_r004149,retained,True,string_to_float
4150,ecoli50_r004150,retained,True,string_to_float
4151,ecoli50_r004151,retained,True,string_to_float
4152,ecoli50_r004152,retained,True,string_to_float
4153,ecoli50_r004153,retained,True,string_to_float
4154,ecoli50_r004154,retained,True,string_to_float
4155,ecoli50_r004155,retained,True,string_to_float
4156,ecoli50_r004156,retained,True,string_to_float
4157,ecoli50_r004157,retained,True,string_to_float
4158,ecoli50_r004158,retained,True,string_to_float
4159,ecoli50_r004159,retained,True,string_to_float
4160,ecoli50_r004160,retained,True,string_to_float
4161,ecoli50_r004161,retained,True,string_to_float
4162,ecoli50_r004162,retained,True,string_to_float
4163,ecoli50_r004163,retained,True,string_to_float
4164,ecoli50_r004164,retained,True,string_to_float
4165,ecoli50_r004165,retained,True,string_to_float
4166,ecoli50_r004166,retained,True,string_to_float
4167,ecoli50_r004167,retained,True,string_to_float
4168,ecoli50_r004168,retained,True,string_to_float
4169,ecoli50_r004169,retained,True,string_to_float
4170,ecoli50_r004170,retained,True,string_to_float
4171,ecoli50_r004171,retained,True,string_to_float
4172,ecoli50_r004172,retained,True,string_to_float
4173,ecoli50_r004173,retained,True,string_to_float
4174,ecoli50_r004174,retained,True,string_to_float
4175,ecoli50_r004175,retained,True,string_to_float
4176,ecoli50_r004176,retained,True,string_to_float
4177,ecoli50_r004177,retained,True,string_to_float
4178,ecoli50_r004178,retained,True,string_to_float
4179,ecoli50_r004179,retained,True,string_to_float
4180,ecoli50_r004180,retained,True,string_to_float
4181,ecoli50_r004181,retained,True,string_to_float
4182,ecoli50_r004182,retained,True,string_to_float
4183,ecoli50_r004183,retained,True,string_to_float
4184,ecoli50_r004184,retained,True,string_to_float
4185,ecoli50_r004185,retained,True,string_to_float
4186,ecoli50_r004186,retained,True,string_to_float
4187,ecoli50_r004187,retained,True,string_to_float
4188,ecoli50_r004188,retained,True,string_to_float
4189,ecoli50_r004189,retained,True,string_to_float
4190,ecoli50_r004190,retained,True,string_to_float
4191,ecoli50_r004191,retained,True,string_to_float
4192,ecoli50_r004192,retained,True,string_to_float
4193,ecoli50_r004193,retained,True,string_to_float
4194,ecoli50_r004194,retained,True,string_to_float
4195,ecoli50_r004195,retained,True,string_to_float
4196,ecoli50_r004196,retained,True,string_to_float
4197,ecoli50_r004197,retained,True,string_to_float
4198,ecoli50_r004198,retained,True,string_to_float
4199,ecoli50_r004199,retained,True,string_to_float
4200,ecoli50_r004200,retained,True,string_to_float
4201,ecoli50_r004201,retained,True,string_to_float
4202,ecoli50_r004202,retained,True,string_to_float
4203,ecoli50_r004203,retained,True,string_to_float
4204,ecoli50_r004204,retained,True,string_to_float
4205,ecoli50_r004205,retained,True,string_to_float
4206,ecoli50_r004206,retained,True,string_to_float
4207,ecoli50_r004207,retained,True,string_to_float
4208,ecoli50_r004208,retained,True,string_to_float
4209,ecoli50_r004209,retained,True,string_to_float
4210,ecoli50_r004210,retained,True,string_to_float
4211,ecoli50_r004211,retained,True,string_to_float
4212,ecoli50_r004212,retained,True,string_to_float
4213,ecoli50_r004213,retained,True,string_to_float
4214,ecoli50_r004214,retained,True,string_to_float
4215,ecoli50_r004215,retained,True,string_to_float
4216,ecoli50_r004216,retained,True,string_to_float
4217,ecoli50_r004217,retained,True,string_to_float
4218,ecoli50_r004218,retained,True,string_to_float
4219,ecoli50_r004219,retained,True,string_to_float
4220,ecoli50_r004220,retained,True,string_to_float
4221,ecoli50_r004221,retained,True,string_to_float
4222,ecoli50_r004222,retained,True,string_to_float
4223,ecoli50_r004223,retained,True,string_to_float
4224,ecoli50_r004224,retained,True,string_to_float
4225,ecoli50_r004225,retained,True,string_to_float
4226,ecoli50_r004226,retained,True,string_to_float
4227,ecoli50_r004227,retained,True,string_to_float
4228,ecoli50_r004228,retained,True,string_to_float
4229,ecoli50_r004229,retained,True,string_to_float
4230,ecoli50_r004230,retained,True,string_to_float
4231,ecoli50_r004231,retained,True,string_to_float
4232,ecoli50_r004232,retained,True,string_to_float
4233,ecoli50_r004233,retained,True,string_to_float
4234,ecoli50_r004234,retained,True,string_to_float
4235,ecoli50_r004235,retained,True,string_to_float
4236,ecoli50_r004236,retained,True,string_to_float
4237,ecoli50_r004237,retained,True,string_to_float
4238,ecoli50_r004238,retained,True,string_to_float
4239,ecoli50_r004239,retained,True,string_to_float
4240,ecoli50_r004240,retained,True,string_to_float
4241,ecoli50_r004241,retained,True,string_to_float
4242,ecoli50_r004242,retained,True,string_to_float
4243,ecoli50_r004243,retained,True,string_to_float
4244,ecoli50_r004244,retained,True,string_to_float
4245,ecoli50_r004245,retained,True,string_to_float
4246,ecoli50_r004246,retained,True,string_to_float
4247,ecoli50_r004247,retained,True,string_to_float
4248,ecoli50_r004248,retained,True,string_to_float
4249,ecoli50_r004249,retained,True,string_to_float
4250,ecoli50_r004250,retained,True,string_to_float
4251,ecoli50_r004251,retained,True,string_to_float
4252,ecoli50_r004252,retained,True,string_to_float
4253,ecoli50_r004253,retained,True,string_to_float
4254,ecoli50_r004254,retained,True,string_to_float
4255,ecoli50_r004255,retained,True,string_to_float
4256,ecoli50_r004256,retained,True,string_to_float
4257,ecoli50_r004257,retained,True,string_to_float
4258,ecoli50_r004258,retained,True,string_to_float
4259,ecoli50_r004259,retained,True,string_to_float
4260,ecoli50_r004260,retained,True,string_to_float
4261,ecoli50_r004261,retained,True,string_to_float
4262,ecoli50_r004262,retained,True,string_to_float
4263,ecoli50_r004263,retained,True,string_to_float
4264,ecoli50_r004264,retained,True,string_to_float
4265,ecoli50_r004265,retained,True,string_to_float
4266,ecoli50_r004266,retained,True,string_to_float
4267,ecoli50_r004267,retained,True,string_to_float
4268,ecoli50_r004268,retained,True,string_to_float
4269,ecoli50_r004269,retained,True,string_to_float
4270,ecoli50_r004270,retained,True,string_to_float
4271,ecoli50_r004271,retained,True,string_to_float
4272,ecoli50_r004272,retained,True,string_to_float
4273,ecoli50_r004273,retained,True,string_to_float
4274,ecoli50_r004274,retained,True,string_to_float
4275,ecoli50_r004275,retained,True,string_to_float
4276,ecoli50_r004276,retained,True,string_to_float
4277,ecoli50_r004277,retained,True,string_to_float
4278,ecoli50_r004278,retained,True,string_to_float
4279,ecoli50_r004279,retained,True,string_to_float
4280,ecoli50_r004280,retained,True,string_to_float
4281,ecoli50_r004281,retained,True,string_to_float
4282,ecoli50_r004282,retained,True,string_to_float
4283,ecoli50_r004283,retained,True,string_to_float
4284,ecoli50_r004284,retained,True,string_to_float
4285,ecoli50_r004285,retained,True,string_to_float
4286,ecoli50_r004286,retained,True,string_to_float
4287,ecoli50_r004287,retained,True,string_to_float
4288,ecoli50_r004288,retained,True,string_to_float
4289,ecoli50_r004289,retained,True,string_to_float
4290,ecoli50_r004290,retained,True,string_to_float
4291,ecoli50_r004291,retained,True,string_to_float
4292,ecoli50_r004292,retained,True,string_to_float
4293,ecoli50_r004293,retained,True,string_to_float
4294,ecoli50_r004294,retained,True,string_to_float
4295,ecoli50_r004295,retained,True,string_to_float
4296,ecoli50_r004296,retained,True,string_to_float
4297,ecoli50_r004297,retained,True,string_to_float
4298,ecoli50_r004298,retained,True,string_to_float
4299,ecoli50_r004299,retained,True,string_to_float
4300,ecoli50_r004300,retained,True,string_to_float
4301,ecoli50_r004301,retained,True,string_to_float
4302,ecoli50_r004302,retained,True,string_to_float
4303,ecoli50_r004303,retained,True,string_to_float
4304,ecoli50_r004304,retained,True,string_to_float
4305,ecoli50_r004305,retained,True,string_to_float
4306,ecoli50_r004306,retained,True,string_to_float
4307,ecoli50_r004307,retained,True,string_to_float
4308,ecoli50_r004308,retained,True,string_to_float
4309,ecoli50_r004309,retained,True,string_to_float
4310,ecoli50_r004310,retained,True,string_to_float
4311,ecoli50_r004311,retained,True,string_to_float
4312,ecoli50_r004312,retained,True,string_to_float
4313,ecoli50_r004313,retained,True,string_to_float
4314,ecoli50_r004314,retained,True,string_to_float
4315,ecoli50_r004315,retained,True,string_to_float
4316,ecoli50_r004316,retained,True,string_to_float
4317,ecoli50_r004317,retained,True,string_to_float
4318,ecoli50_r004318,retained,True,string_to_float
4319,ecoli50_r004319,retained,True,string_to_float
4320,ecoli50_r004320,retained,True,string_to_float
4321,ecoli50_r004321,retained,True,string_to_float
4322,ecoli50_r004322,retained,True,string_to_float
4323,ecoli50_r004323,retained,True,string_to_float
4324,ecoli50_r004324,retained,True,string_to_float
4325,ecoli50_r004325,retained,True,string_to_float
4326,ecoli50_r004326,retained,True,string_to_float
4327,ecoli50_r004327,retained,True,string_to_float
4328,ecoli50_r004328,retained,True,string_to_float
4329,ecoli50_r004329,retained,True,string_to_float
4330,ecoli50_r004330,retained,True,string_to_float
4331,ecoli50_r004331,retained,True,string_to_float
4332,ecoli50_r004332,retained,True,string_to_float
4333,ecoli50_r004333,retained,True,string_to_float
4334,ecoli50_r004334,retained,True,string_to_float
4335,ecoli50_r004335,retained,True,string_to_float
4336,ecoli50_r004336,retained,True,string_to_float
4337,ecoli50_r004337,retained,True,string_to_float
4338,ecoli50_r004338,retained,True,string_to_float
4339,ecoli50_r004339,retained,True,string_to_float
4340,ecoli50_r004340,retained,True,string_to_float
4341,ecoli50_r004341,retained,True,string_to_float
4342,ecoli50_r004342,retained,True,string_to_float
4343,ecoli50_r004343,retained,True,string_to_float
4344,ecoli50_r004344,retained,True,string_to_float
4345,ecoli50_r004345,retained,True,string_to_float
4346,ecoli50_r004346,retained,True,string_to_float
4347,ecoli50_r004347,retained,True,string_to_float
4348,ecoli50_r004348,retained,True,string_to_float
4349,ecoli50_r004349,retained,True,string_to_float
4350,ecoli50_r004350,retained,True,string_to_float
4351,ecoli50_r004351,retained,True,string_to_float
4352,ecoli50_r004352,retained,True,string_to_float
4353,ecoli50_r004353,retained,True,string_to_float
4354,ecoli50_r004354,retained,True,string_to_float
4355,ecoli50_r004355,retained,True,string_to_float
4356,ecoli50_r004356,retained,True,string_to_float
4357,ecoli50_r004357,retained,True,string_to_float
4358,ecoli50_r004358,retained,True,string_to_float
4359,ecoli50_r004359,retained,True,string_to_float
4360,ecoli50_r004360,retained,True,string_to_float
4361,ecoli50_r004361,retained,True,string_to_float
4362,ecoli50_r004362,retained,True,string_to_float
4363,ecoli50_r004363,retained,True,string_to_float
4364,ecoli50_r004364,retained,True,string_to_float
4365,ecoli50_r004365,retained,True,string_to_float
4366,ecoli50_r004366,retained,True,string_to_float
4367,ecoli50_r004367,retained,True,string_to_float
4368,ecoli50_r004368,retained,True,string_to_float
4369,ecoli50_r004369,retained,True,string_to_float
4370,ecoli50_r004370,retained,True,string_to_float
4371,ecoli50_r004371,retained,True,string_to_float
4372,ecoli50_r004372,retained,True,string_to_float
4373,ecoli50_r004373,retained,True,string_to_float
4374,ecoli50_r004374,retained,True,string_to_float
4375,ecoli50_r004375,retained,True,string_to_float
4376,ecoli50_r004376,retained,True,string_to_float
4377,ecoli50_r004377,retained,True,string_to_float
4378,ecoli50_r004378,retained,True,string_to_float
4379,ecoli50_r004379,retained,True,string_to_float
4380,ecoli50_r004380,retained,True,string_to_float
4381,ecoli50_r004381,retained,True,string_to_float
4382,ecoli50_r004382,retained,True,string_to_float
4383,ecoli50_r004383,retained,True,string_to_float
4384,ecoli50_r004384,retained,True,string_to_float
4385,ecoli50_r004385,retained,True,string_to_float
4386,ecoli50_r004386,retained,True,string_to_float
4387,ecoli50_r004387,retained,True,string_to_float
4388,ecoli50_r004388,retained,True,string_to_float
4389,ecoli50_r004389,retained,True,string_to_float
4390,ecoli50_r004390,retained,True,string_to_float
4391,ecoli50_r004391,retained,True,string_to_float
4392,ecoli50_r004392,retained,True,string_to_float
4393,ecoli50_r004393,retained,True,string_to_float
4394,ecoli50_r004394,retained,True,string_to_float
4395,ecoli50_r004395,retained,True,string_to_float
4396,ecoli50_r004396,retained,True,string_to_float
4397,ecoli50_r004397,retained,True,string_to_float
4398,ecoli50_r004398,retained,True,string_to_float
4399,ecoli50_r004399,retained,True,string_to_float
4400,ecoli50_r004400,retained,True,string_to_float
4401,ecoli50_r004401,retained,True,string_to_float
4402,ecoli50_r004402,retained,True,string_to_float
4403,ecoli50_r004403,retained,True,string_to_float
4404,ecoli50_r004404,retained,True,string_to_float
4405,ecoli50_r004405,retained,True,string_to_float
4406,ecoli50_r004406,retained,True,string_to_float
4407,ecoli50_r004407,retained,True,string_to_float
4408,ecoli50_r004408,retained,True,string_to_float
4409,ecoli50_r004409,retained,True,string_to_float
4410,ecoli50_r004410,retained,True,string_to_float
4411,ecoli50_r004411,retained,True,string_to_float
4412,ecoli50_r004412,retained,True,string_to_float
4413,ecoli50_r004413,retained,True,string_to_float
4414,ecoli50_r004414,retained,True,string_to_float
4415,ecoli50_r004415,retained,True,string_to_float
4416,ecoli50_r004416,retained,True,string_to_float
4417,ecoli50_r004417,retained,True,string_to_float
4418,ecoli50_r004418,retained,True,string_to_float
4419,ecoli50_r004419,retained,True,string_to_float
4420,ecoli50_r004420,retained,True,string_to_float
4421,ecoli50_r004421,retained,True,string_to_float
4422,ecoli50_r004422,retained,True,string_to_float
4423,ecoli50_r004423,retained,True,string_to_float
4424,ecoli50_r004424,retained,True,string_to_float
4425,ecoli50_r004425,retained,True,string_to_float
4426,ecoli50_r004426,retained,True,string_to_float
4427,ecoli50_r004427,retained,True,string_to_float
4428,ecoli50_r004428,retained,True,string_to_float
4429,ecoli50_r004429,retained,True,string_to_float
4430,ecoli50_r004430,retained,True,string_to_float
4431,ecoli50_r004431,retained,True,string_to_float
4432,ecoli50_r004432,retained,True,string_to_float
4433,ecoli50_r004433,retained,True,string_to_float
4434,ecoli50_r004434,retained,True,string_to_float
4435,ecoli50_r004435,retained,True,string_to_float
4436,ecoli50_r004436,retained,True,string_to_float
4437,ecoli50_r004437,retained,True,string_to_float
4438,ecoli50_r004438,retained,True,string_to_float
4439,ecoli50_r004439,retained,True,string_to_float
4440,ecoli50_r004440,retained,True,string_to_float
4441,ecoli50_r004441,retained,True,string_to_float
4442,ecoli50_r004442,retained,True,string_to_float
4443,ecoli50_r004443,retained,True,string_to_float
4444,ecoli50_r004444,retained,True,string_to_float
4445,ecoli50_r004445,retained,True,string_to_float
4446,ecoli50_r004446,retained,True,string_to_float
4447,ecoli50_r004447,retained,True,string_to_float
4448,ecoli50_r004448,retained,True,string_to_float
4449,ecoli50_r004449,retained,True,string_to_float
4450,ecoli50_r004450,retained,True,string_to_float
4451,ecoli50_r004451,retained,True,string_to_float
4452,ecoli50_r004452,retained,True,string_to_float
4453,ecoli50_r004453,retained,True,string_to_float
4454,ecoli50_r004454,retained,True,string_to_float
4455,ecoli50_r004455,retained,True,string_to_float
4456,ecoli50_r004456,retained,True,string_to_float
4457,ecoli50_r004457,retained,True,string_to_float
4458,ecoli50_r004458,retained,True,string_to_float
4459,ecoli50_r004459,retained,True,string_to_float
4460,ecoli50_r004460,retained,True,string_to_float
4461,ecoli50_r004461,retained,True,string_to_float
4462,ecoli50_r004462,retained,True,string_to_float
4463,ecoli50_r004463,retained,True,string_to_float
4464,ecoli50_r004464,retained,True,string_to_float
4465,ecoli50_r004465,retained,True,string_to_float
4466,ecoli50_r004466,retained,True,string_to_float
4467,ecoli50_r004467,retained,True,string_to_float
4468,ecoli50_r004468,retained,True,string_to_float
4469,ecoli50_r004469,retained,True,string_to_float
4470,ecoli50_r004470,retained,True,string_to_float
4471,ecoli50_r004471,retained,True,string_to_float
4472,ecoli50_r004472,retained,True,string_to_float
4473,ecoli50_r004473,retained,True,string_to_float
4474,ecoli50_r004474,retained,True,string_to_float
4475,ecoli50_r004475,retained,True,string_to_float
4476,ecoli50_r004476,retained,True,string_to_float
4477,ecoli50_r004477,retained,True,string_to_float
4478,ecoli50_r004478,retained,True,string_to_float
4479,ecoli50_r004479,retained,True,string_to_float
4480,ecoli50_r004480,retained,True,string_to_float
4481,ecoli50_r004481,retained,True,string_to_float
4482,ecoli50_r004482,retained,True,string_to_float
4483,ecoli50_r004483,retained,True,string_to_float
4484,ecoli50_r004484,retained,True,string_to_float
4485,ecoli50_r004485,retained,True,string_to_float
4486,ecoli50_r004486,retained,True,string_to_float
4487,ecoli50_r004487,retained,True,string_to_float
4488,ecoli50_r004488,retained,True,string_to_float
4489,ecoli50_r004489,retained,True,string_to_float
4490,ecoli50_r004490,retained,True,string_to_float
4491,ecoli50_r004491,retained,True,string_to_float
4492,ecoli50_r004492,retained,True,string_to_float
4493,ecoli50_r004493,retained,True,string_to_float
4494,ecoli50_r004494,retained,True,string_to_float
4495,ecoli50_r004495,retained,True,string_to_float
4496,ecoli50_r004496,retained,True,string_to_float
4497,ecoli50_r004497,retained,True,string_to_float
4498,ecoli50_r004498,retained,True,string_to_float
4499,ecoli50_r004499,retained,True,string_to_float
4500,ecoli50_r004500,retained,True,string_to_float
4501,ecoli50_r004501,retained,True,string_to_float
4502,ecoli50_r004502,retained,True,string_to_float
4503,ecoli50_r004503,retained,True,string_to_float
4504,ecoli50_r004504,retained,True,string_to_float
4505,ecoli50_r004505,retained,True,string_to_float
4506,ecoli50_r004506,retained,True,string_to_float
4507,ecoli50_r004507,retained,True,string_to_float
4508,ecoli50_r004508,retained,True,string_to_float
4509,ecoli50_r004509,retained,True,string_to_float
4510,ecoli50_r004510,retained,True,string_to_float
4511,ecoli50_r004511,retained,True,string_to_float
4512,ecoli50_r004512,retained,True,string_to_float
4513,ecoli50_r004513,retained,True,string_to_float
4514,ecoli50_r004514,retained,True,string_to_float
4515,ecoli50_r004515,retained,True,string_to_float
4516,ecoli50_r004516,retained,True,string_to_float
4517,ecoli50_r004517,retained,True,string_to_float
4518,ecoli50_r004518,retained,True,string_to_float
4519,ecoli50_r004519,retained,True,string_to_float
4520,ecoli50_r004520,retained,True,string_to_float
4521,ecoli50_r004521,retained,True,string_to_float
4522,ecoli50_r004522,retained,True,string_to_float
4523,ecoli50_r004523,retained,True,string_to_float
4524,ecoli50_r004524,retained,True,string_to_float
4525,ecoli50_r004525,retained,True,string_to_float
4526,ecoli50_r004526,retained,True,string_to_float
4527,ecoli50_r004527,retained,True,string_to_float
4528,ecoli50_r004528,retained,True,string_to_float
4529,ecoli50_r004529,retained,True,string_to_float
4530,ecoli50_r004530,retained,True,string_to_float
4531,ecoli50_r004531,retained,True,string_to_float
4532,ecoli50_r004532,retained,True,string_to_float
4533,ecoli50_r004533,retained,True,string_to_float
4534,ecoli50_r004534,retained,True,string_to_float
4535,ecoli50_r004535,retained,True,string_to_float
4536,ecoli50_r004536,retained,True,string_to_float
4537,ecoli50_r004537,retained,True,string_to_float
4538,ecoli50_r004538,retained,True,string_to_float
4539,ecoli50_r004539,retained,True,string_to_float
4540,ecoli50_r004540,retained,True,string_to_float
4541,ecoli50_r004541,retained,True,string_to_float
4542,ecoli50_r004542,retained,True,string_to_float
4543,ecoli50_r004543,retained,True,string_to_float
4544,ecoli50_r004544,retained,True,string_to_float
4545,ecoli50_r004545,retained,True,string_to_float
4546,ecoli50_r004546,retained,True,string_to_float
4547,ecoli50_r004547,retained,True,string_to_float
4548,ecoli50_r004548,retained,True,string_to_float
4549,ecoli50_r004549,retained,True,string_to_float
4550,ecoli50_r004550,retained,True,string_to_float
4551,ecoli50_r004551,retained,True,string_to_float
4552,ecoli50_r004552,retained,True,string_to_float
4553,ecoli50_r004553,retained,True,string_to_float
4554,ecoli50_r004554,retained,True,string_to_float
4555,ecoli50_r004555,retained,True,string_to_float
4556,ecoli50_r004556,retained,True,string_to_float
4557,ecoli50_r004557,retained,True,string_to_float
4558,ecoli50_r004558,retained,True,string_to_float
4559,ecoli50_r004559,retained,True,string_to_float
4560,ecoli50_r004560,retained,True,string_to_float
4561,ecoli50_r004561,retained,True,string_to_float
4562,ecoli50_r004562,retained,True,string_to_float
4563,ecoli50_r004563,retained,True,string_to_float
4564,ecoli50_r004564,retained,True,string_to_float
4565,ecoli50_r004565,retained,True,string_to_float
4566,ecoli50_r004566,retained,True,string_to_float
4567,ecoli50_r004567,retained,True,string_to_float
4568,ecoli50_r004568,retained,True,string_to_float
4569,ecoli50_r004569,retained,True,string_to_float
4570,ecoli50_r004570,retained,True,string_to_float
4571,ecoli50_r004571,retained,True,string_to_float
4572,ecoli50_r004572,retained,True,string_to_float
4573,ecoli50_r004573,retained,True,string_to_float
4574,ecoli50_r004574,retained,True,string_to_float
4575,ecoli50_r004575,retained,True,string_to_float
4576,ecoli50_r004576,retained,True,string_to_float
4577,ecoli50_r004577,retained,True,string_to_float
4578,ecoli50_r004578,retained,True,string_to_float
4579,ecoli50_r004579,retained,True,string_to_float
4580,ecoli50_r004580,retained,True,string_to_float
4581,ecoli50_r004581,retained,True,string_to_float
4582,ecoli50_r004582,retained,True,string_to_float
4583,ecoli50_r004583,retained,True,string_to_float
4584,ecoli50_r004584,retained,True,string_to_float
4585,ecoli50_r004585,retained,True,string_to_float
4586,ecoli50_r004586,retained,True,string_to_float
4587,ecoli50_r004587,retained,True,string_to_float
4588,ecoli50_r004588,retained,True,string_to_float
4589,ecoli50_r004589,retained,True,string_to_float
4590,ecoli50_r004590,retained,True,string_to_float
4591,ecoli50_r004591,retained,True,string_to_float
4592,ecoli50_r004592,retained,True,string_to_float
4593,ecoli50_r004593,retained,True,string_to_float
4594,ecoli50_r004594,retained,True,string_to_float
4595,ecoli50_r004595,retained,True,string_to_float
4596,ecoli50_r004596,retained,True,string_to_float
4597,ecoli50_r004597,retained,True,string_to_float
4598,ecoli50_r004598,retained,True,string_to_float
4599,ecoli50_r004599,retained,True,string_to_float
4600,ecoli50_r004600,retained,True,string_to_float
4601,ecoli50_r004601,retained,True,string_to_float
4602,ecoli50_r004602,retained,True,string_to_float
4603,ecoli50_r004603,retained,True,string_to_float
4604,ecoli50_r004604,retained,True,string_to_float
4605,ecoli50_r004605,retained,True,string_to_float
4606,ecoli50_r004606,retained,True,string_to_float
4607,ecoli50_r004607,retained,True,string_to_float
4608,ecoli50_r004608,retained,True,string_to_float
4609,ecoli50_r004609,retained,True,string_to_float
4610,ecoli50_r004610,retained,True,string_to_float
4611,ecoli50_r004611,retained,True,string_to_float
4612,ecoli50_r004612,retained,True,string_to_float
4613,ecoli50_r004613,retained,True,string_to_float
4614,ecoli50_r004614,retained,True,string_to_float
4615,ecoli50_r004615,retained,True,string_to_float
4616,ecoli50_r004616,retained,True,string_to_float
4617,ecoli50_r004617,retained,True,string_to_float
4618,ecoli50_r004618,retained,True,string_to_float
4619,ecoli50_r004619,retained,True,string_to_float
4620,ecoli50_r004620,retained,True,string_to_float
4621,ecoli50_r004621,retained,True,string_to_float
4622,ecoli50_r004622,retained,True,string_to_float
4623,ecoli50_r004623,retained,True,string_to_float
4624,ecoli50_r004624,retained,True,string_to_float
4625,ecoli50_r004625,retained,True,string_to_float
4626,ecoli50_r004626,retained,True,string_to_float
4627,ecoli50_r004627,retained,True,string_to_float
4628,ecoli50_r004628,retained,True,string_to_float
4629,ecoli50_r004629,retained,True,string_to_float
4630,ecoli50_r004630,retained,True,string_to_float
4631,ecoli50_r004631,retained,True,string_to_float
4632,ecoli50_r004632,retained,True,string_to_float
4633,ecoli50_r004633,retained,True,string_to_float
4634,ecoli50_r004634,retained,True,string_to_float
4635,ecoli50_r004635,retained,True,string_to_float
4636,ecoli50_r004636,retained,True,string_to_float
4637,ecoli50_r004637,retained,True,string_to_float
4638,ecoli50_r004638,retained,True,string_to_float
4639,ecoli50_r004639,retained,True,string_to_float
4640,ecoli50_r004640,retained,True,string_to_float
4641,ecoli50_r004641,retained,True,string_to_float
4642,ecoli50_r004642,retained,True,string_to_float
4643,ecoli50_r004643,retained,True,string_to_float
4644,ecoli50_r004644,retained,True,string_to_float
4645,ecoli50_r004645,retained,True,string_to_float
4646,ecoli50_r004646,retained,True,string_to_float
4647,ecoli50_r004647,retained,True,string_to_float
4648,ecoli50_r004648,retained,True,string_to_float
4649,ecoli50_r004649,retained,True,string_to_float
4650,ecoli50_r004650,retained,True,string_to_float
4651,ecoli50_r004651,retained,True,string_to_float
4652,ecoli50_r004652,retained,True,string_to_float
4653,ecoli50_r004653,retained,True,string_to_float
4654,ecoli50_r004654,retained,True,string_to_float
4655,ecoli50_r004655,retained,True,string_to_float
4656,ecoli50_r004656,retained,True,string_to_float
4657,ecoli50_r004657,retained,True,string_to_float
4658,ecoli50_r004658,retained,True,string_to_float
4659,ecoli50_r004659,retained,True,string_to_float
4660,ecoli50_r004660,retained,True,string_to_float
4661,ecoli50_r004661,retained,True,string_to_float
4662,ecoli50_r004662,retained,True,string_to_float
4663,ecoli50_r004663,retained,True,string_to_float
4664,ecoli50_r004664,retained,True,string_to_float
4665,ecoli50_r004665,retained,True,string_to_float
4666,ecoli50_r004666,retained,True,string_to_float
4667,ecoli50_r004667,retained,True,string_to_float
4668,ecoli50_r004668,retained,True,string_to_float
4669,ecoli50_r004669,retained,True,string_to_float
4670,ecoli50_r004670,retained,True,string_to_float
4671,ecoli50_r004671,retained,True,string_to_float
4672,ecoli50_r004672,retained,True,string_to_float
4673,ecoli50_r004673,retained,True,string_to_float
4674,ecoli50_r004674,retained,True,string_to_float
4675,ecoli50_r004675,retained,True,string_to_float
4676,ecoli50_r004676,retained,True,string_to_float
4677,ecoli50_r004677,retained,True,string_to_float
4678,ecoli50_r004678,retained,True,string_to_float
4679,ecoli50_r004679,retained,True,string_to_float
4680,ecoli50_r004680,retained,True,string_to_float
4681,ecoli50_r004681,retained,True,string_to_float
4682,ecoli50_r004682,retained,True,string_to_float
4683,ecoli50_r004683,retained,True,string_to_float
4684,ecoli50_r004684,retained,True,string_to_float
4685,ecoli50_r004685,retained,True,string_to_float
4686,ecoli50_r004686,retained,True,string_to_float
4687,ecoli50_r004687,retained,True,string_to_float
4688,ecoli50_r004688,retained,True,string_to_float
4689,ecoli50_r004689,retained,True,string_to_float
4690,ecoli50_r004690,retained,True,string_to_float
4691,ecoli50_r004691,retained,True,string_to_float
4692,ecoli50_r004692,retained,True,string_to_float
4693,ecoli50_r004693,retained,True,string_to_float
4694,ecoli50_r004694,retained,True,string_to_float
4695,ecoli50_r004695,retained,True,string_to_float
4696,ecoli50_r004696,retained,True,string_to_float
4697,ecoli50_r004697,retained,True,string_to_float
4698,ecoli50_r004698,retained,True,string_to_float
4699,ecoli50_r004699,retained,True,string_to_float
4700,ecoli50_r004700,retained,True,string_to_float
4701,ecoli50_r004701,retained,True,string_to_float
4702,ecoli50_r004702,retained,True,string_to_float
4703,ecoli50_r004703,retained,True,string_to_float
4704,ecoli50_r004704,retained,True,string_to_float
4705,ecoli50_r004705,retained,True,string_to_float
4706,ecoli50_r004706,retained,True,string_to_float
4707,ecoli50_r004707,retained,True,string_to_float
4708,ecoli50_r004708,retained,True,string_to_float
4709,ecoli50_r004709,retained,True,string_to_float
4710,ecoli50_r004710,retained,True,string_to_float
4711,ecoli50_r004711,retained,True,string_to_float
4712,ecoli50_r004712,retained,True,string_to_float
4713,ecoli50_r004713,retained,True,string_to_float
4714,ecoli50_r004714,retained,True,string_to_float
4715,ecoli50_r004715,retained,True,string_to_float
4716,ecoli50_r004716,retained,True,string_to_float
4717,ecoli50_r004717,retained,True,string_to_float
4718,ecoli50_r004718,retained,True,string_to_float
4719,ecoli50_r004719,retained,True,string_to_float
4720,ecoli50_r004720,retained,True,string_to_float
4721,ecoli50_r004721,retained,True,string_to_float
4722,ecoli50_r004722,retained,True,string_to_float
4723,ecoli50_r004723,retained,True,string_to_float
4724,ecoli50_r004724,retained,True,string_to_float
4725,ecoli50_r004725,retained,True,string_to_float
4726,ecoli50_r004726,retained,True,string_to_float
4727,ecoli50_r004727,retained,True,string_to_float
4728,ecoli50_r004728,retained,True,string_to_float
4729,ecoli50_r004729,retained,True,string_to_float
4730,ecoli50_r004730,retained,True,string_to_float
4731,ecoli50_r004731,retained,True,string_to_float
4732,ecoli50_r004732,retained,True,string_to_float
4733,ecoli50_r004733,retained,True,string_to_float
4734,ecoli50_r004734,retained,True,string_to_float
4735,ecoli50_r004735,retained,True,string_to_float
4736,ecoli50_r004736,retained,True,string_to_float
4737,ecoli50_r004737,retained,True,string_to_float
4738,ecoli50_r004738,retained,True,string_to_float
4739,ecoli50_r004739,retained,True,string_to_float
4740,ecoli50_r004740,retained,True,string_to_float
4741,ecoli50_r004741,retained,True,string_to_float
4742,ecoli50_r004742,retained,True,string_to_float
4743,ecoli50_r004743,retained,True,string_to_float
4744,ecoli50_r004744,retained,True,string_to_float
4745,ecoli50_r004745,retained,True,string_to_float
4746,ecoli50_r004746,retained,True,string_to_float
4747,ecoli50_r004747,retained,True,string_to_float
4748,ecoli50_r004748,retained,True,string_to_float
4749,ecoli50_r004749,retained,True,string_to_float
4750,ecoli50_r004750,retained,True,string_to_float
4751,ecoli50_r004751,retained,True,string_to_float
4752,ecoli50_r004752,retained,True,string_to_float
4753,ecoli50_r004753,retained,True,string_to_float
4754,ecoli50_r004754,retained,True,string_to_float
4755,ecoli50_r004755,retained,True,string_to_float
4756,ecoli50_r004756,retained,True,string_to_float
4757,ecoli50_r004757,retained,True,string_to_float
4758,ecoli50_r004758,retained,True,string_to_float
4759,ecoli50_r004759,retained,True,string_to_float
4760,ecoli50_r004760,retained,True,string_to_float
4761,ecoli50_r004761,retained,True,string_to_float
4762,ecoli50_r004762,retained,True,string_to_float
4763,ecoli50_r004763,retained,True,string_to_float
4764,ecoli50_r004764,retained,True,string_to_float
4765,ecoli50_r004765,retained,True,string_to_float
4766,ecoli50_r004766,retained,True,string_to_float
4767,ecoli50_r004767,retained,True,string_to_float
4768,ecoli50_r004768,retained,True,string_to_float
4769,ecoli50_r004769,retained,True,string_to_float
4770,ecoli50_r004770,retained,True,string_to_float
4771,ecoli50_r004771,retained,True,string_to_float
4772,ecoli50_r004772,retained,True,string_to_float
4773,ecoli50_r004773,retained,True,string_to_float
4774,ecoli50_r004774,retained,True,string_to_float
4775,ecoli50_r004775,retained,True,string_to_float
4776,ecoli50_r004776,retained,True,string_to_float
4777,ecoli50_r004777,retained,True,string_to_float
4778,ecoli50_r004778,retained,True,string_to_float
4779,ecoli50_r004779,retained,True,string_to_float
4780,ecoli50_r004780,retained,True,string_to_float
4781,ecoli50_r004781,retained,True,string_to_float
4782,ecoli50_r004782,retained,True,string_to_float
4783,ecoli50_r004783,retained,True,string_to_float
4784,ecoli50_r004784,retained,True,string_to_float
4785,ecoli50_r004785,retained,True,string_to_float
4786,ecoli50_r004786,retained,True,string_to_float
4787,ecoli50_r004787,retained,True,string_to_float
4788,ecoli50_r004788,retained,True,string_to_float
4789,ecoli50_r004789,retained,True,string_to_float
4790,ecoli50_r004790,retained,True,string_to_float
4791,ecoli50_r004791,retained,True,string_to_float
4792,ecoli50_r004792,retained,True,string_to_float
4793,ecoli50_r004793,retained,True,string_to_float
4794,ecoli50_r004794,retained,True,string_to_float
4795,ecoli50_r004795,retained,True,string_to_float
4796,ecoli50_r004796,retained,True,string_to_float
4797,ecoli50_r004797,retained,True,string_to_float
4798,ecoli50_r004798,retained,True,string_to_float
4799,ecoli50_r004799,retained,True,string_to_float
4800,ecoli50_r004800,retained,True,string_to_float
4801,ecoli50_r004801,retained,True,string_to_float
4802,ecoli50_r004802,retained,True,string_to_float
4803,ecoli50_r004803,retained,True,string_to_float
4804,ecoli50_r004804,retained,True,string_to_float
4805,ecoli50_r004805,retained,True,string_to_float
4806,ecoli50_r004806,retained,True,string_to_float
4807,ecoli50_r004807,retained,True,string_to_float
4808,ecoli50_r004808,retained,True,string_to_float
4809,ecoli50_r004809,retained,True,string_to_float
4810,ecoli50_r004810,retained,True,string_to_float
4811,ecoli50_r004811,retained,True,string_to_float
4812,ecoli50_r004812,retained,True,string_to_float
4813,ecoli50_r004813,retained,True,string_to_float
4814,ecoli50_r004814,retained,True,string_to_float
4815,ecoli50_r004815,retained,True,string_to_float
4816,ecoli50_r004816,retained,True,string_to_float
4817,ecoli50_r004817,retained,True,string_to_float
4818,ecoli50_r004818,retained,True,string_to_float
4819,ecoli50_r004819,retained,True,string_to_float
4820,ecoli50_r004820,retained,True,string_to_float
4821,ecoli50_r004821,retained,True,string_to_float
4822,ecoli50_r004822,retained,True,string_to_float
4823,ecoli50_r004823,retained,True,string_to_float
4824,ecoli50_r004824,retained,True,string_to_float
4825,ecoli50_r004825,retained,True,string_to_float
4826,ecoli50_r004826,retained,True,string_to_float
4827,ecoli50_r004827,retained,True,string_to_float
4828,ecoli50_r004828,retained,True,string_to_float
4829,ecoli50_r004829,retained,True,string_to_float
4830,ecoli50_r004830,retained,True,string_to_float
4831,ecoli50_r004831,retained,True,string_to_float
4832,ecoli50_r004832,retained,True,string_to_float
4833,ecoli50_r004833,retained,True,string_to_float
4834,ecoli50_r004834,retained,True,string_to_float
4835,ecoli50_r004835,retained,True,string_to_float
4836,ecoli50_r004836,retained,True,string_to_float
4837,ecoli50_r004837,retained,True,string_to_float
4838,ecoli50_r004838,retained,True,string_to_float
4839,ecoli50_r004839,retained,True,string_to_float
4840,ecoli50_r004840,retained,True,string_to_float
4841,ecoli50_r004841,retained,True,string_to_float
4842,ecoli50_r004842,retained,True,string_to_float
4843,ecoli50_r004843,retained,True,string_to_float
4844,ecoli50_r004844,retained,True,string_to_float
4845,ecoli50_r004845,retained,True,string_to_float
4846,ecoli50_r004846,retained,True,string_to_float
4847,ecoli50_r004847,retained,True,string_to_float
4848,ecoli50_r004848,retained,True,string_to_float
4849,ecoli50_r004849,retained,True,string_to_float
4850,ecoli50_r004850,retained,True,string_to_float
4851,ecoli50_r004851,retained,True,string_to_float
4852,ecoli50_r004852,retained,True,string_to_float
4853,ecoli50_r004853,retained,True,string_to_float
4854,ecoli50_r004854,retained,True,string_to_float
4855,ecoli50_r004855,retained,True,string_to_float
4856,ecoli50_r004856,retained,True,string_to_float
4857,ecoli50_r004857,retained,True,string_to_float
4858,ecoli50_r004858,retained,True,string_to_float
4859,ecoli50_r004859,retained,True,string_to_float
4860,ecoli50_r004860,retained,True,string_to_float
4861,ecoli50_r004861,retained,True,string_to_float
4862,ecoli50_r004862,retained,True,string_to_float
4863,ecoli50_r004863,retained,True,string_to_float
4864,ecoli50_r004864,retained,True,string_to_float
4865,ecoli50_r004865,retained,True,string_to_float
4866,ecoli50_r004866,retained,True,string_to_float
4867,ecoli50_r004867,retained,True,string_to_float
4868,ecoli50_r004868,retained,True,string_to_float
4869,ecoli50_r004869,retained,True,string_to_float
4870,ecoli50_r004870,retained,True,string_to_float
4871,ecoli50_r004871,retained,True,string_to_float
4872,ecoli50_r004872,retained,True,string_to_float
4873,ecoli50_r004873,retained,True,string_to_float
4874,ecoli50_r004874,retained,True,string_to_float
4875,ecoli50_r004875,retained,True,string_to_float
4876,ecoli50_r004876,retained,True,string_to_float
4877,ecoli50_r004877,retained,True,string_to_float
4878,ecoli50_r004878,retained,True,string_to_float
4879,ecoli50_r004879,retained,True,string_to_float
4880,ecoli50_r004880,retained,True,string_to_float
4881,ecoli50_r004881,retained,True,string_to_float
4882,ecoli50_r004882,retained,True,string_to_float
4883,ecoli50_r004883,retained,True,string_to_float
4884,ecoli50_r004884,retained,True,string_to_float
4885,ecoli50_r004885,retained,True,string_to_float
4886,ecoli50_r004886,retained,True,string_to_float
4887,ecoli50_r004887,retained,True,string_to_float
4888,ecoli50_r004888,retained,True,string_to_float
4889,ecoli50_r004889,retained,True,string_to_float
4890,ecoli50_r004890,retained,True,string_to_float
4891,ecoli50_r004891,retained,True,string_to_float
4892,ecoli50_r004892,retained,True,string_to_float
4893,ecoli50_r004893,retained,True,string_to_float
4894,ecoli50_r004894,retained,True,string_to_float
4895,ecoli50_r004895,retained,True,string_to_float
4896,ecoli50_r004896,retained,True,string_to_float
4897,ecoli50_r004897,retained,True,string_to_float
4898,ecoli50_r004898,retained,True,string_to_float
4899,ecoli50_r004899,retained,True,string_to_float
4900,ecoli50_r004900,retained,True,string_to_float
4901,ecoli50_r004901,retained,True,string_to_float
4902,ecoli50_r004902,retained,True,string_to_float
4903,ecoli50_r004903,retained,True,string_to_float
4904,ecoli50_r004904,retained,True,string_to_float
4905,ecoli50_r004905,retained,True,string_to_float
4906,ecoli50_r004906,retained,True,string_to_float
4907,ecoli50_r004907,retained,True,string_to_float
4908,ecoli50_r004908,retained,True,string_to_float
4909,ecoli50_r004909,retained,True,string_to_float
4910,ecoli50_r004910,retained,True,string_to_float
4911,ecoli50_r004911,retained,True,string_to_float
4912,ecoli50_r004912,retained,True,string_to_float
4913,ecoli50_r004913,retained,True,string_to_float
4914,ecoli50_r004914,retained,True,string_to_float
4915,ecoli50_r004915,retained,True,string_to_float
4916,ecoli50_r004916,retained,True,string_to_float
4917,ecoli50_r004917,retained,True,string_to_float
4918,ecoli50_r004918,retained,True,string_to_float
4919,ecoli50_r004919,retained,True,string_to_float
4920,ecoli50_r004920,retained,True,string_to_float
4921,ecoli50_r004921,retained,True,string_to_float
4922,ecoli50_r004922,retained,True,string_to_float
4923,ecoli50_r004923,retained,True,string_to_float
4924,ecoli50_r004924,retained,True,string_to_float
4925,ecoli50_r004925,retained,True,string_to_float
4926,ecoli50_r004926,retained,True,string_to_float
4927,ecoli50_r004927,retained,True,string_to_float
4928,ecoli50_r004928,retained,True,string_to_float
4929,ecoli50_r004929,retained,True,string_to_float
4930,ecoli50_r004930,retained,True,string_to_float
4931,ecoli50_r004931,retained,True,string_to_float
4932,ecoli50_r004932,retained,True,string_to_float
4933,ecoli50_r004933,retained,True,string_to_float
4934,ecoli50_r004934,retained,True,string_to_float
4935,ecoli50_r004935,retained,True,string_to_float
4936,ecoli50_r004936,retained,True,string_to_float
4937,ecoli50_r004937,retained,True,string_to_float
4938,ecoli50_r004938,retained,True,string_to_float
4939,ecoli50_r004939,retained,True,string_to_float
4940,ecoli50_r004940,retained,True,string_to_float
4941,ecoli50_r004941,retained,True,string_to_float
4942,ecoli50_r004942,retained,True,string_to_float
4943,ecoli50_r004943,retained,True,string_to_float
4944,ecoli50_r004944,retained,True,string_to_float
4945,ecoli50_r004945,retained,True,string_to_float
4946,ecoli50_r004946,retained,True,string_to_float
4947,ecoli50_r004947,retained,True,string_to_float
4948,ecoli50_r004948,retained,True,string_to_float
4949,ecoli50_r004949,retained,True,string_to_float
4950,ecoli50_r004950,retained,True,string_to_float
4951,ecoli50_r004951,retained,True,string_to_float
4952,ecoli50_r004952,retained,True,string_to_float
4953,ecoli50_r004953,retained,True,string_to_float
4954,ecoli50_r004954,retained,True,string_to_float
4955,ecoli50_r004955,retained,True,string_to_float
4956,ecoli50_r004956,retained,True,string_to_float
4957,ecoli50_r004957,retained,True,string_to_float
4958,ecoli50_r004958,retained,True,string_to_float
4959,ecoli50_r004959,retained,True,string_to_float
4960,ecoli50_r004960,retained,True,string_to_float
4961,ecoli50_r004961,retained,True,string_to_float
4962,ecoli50_r004962,retained,True,string_to_float
4963,ecoli50_r004963,retained,True,string_to_float
4964,ecoli50_r004964,retained,True,string_to_float
4965,ecoli50_r004965,retained,True,string_to_float
4966,ecoli50_r004966,retained,True,string_to_float
4967,ecoli50_r004967,retained,True,string_to_float
4968,ecoli50_r004968,retained,True,string_to_float
4969,ecoli50_r004969,retained,True,string_to_float
4970,ecoli50_r004970,retained,True,string_to_float
4971,ecoli50_r004971,retained,True,string_to_float
4972,ecoli50_r004972,retained,True,string_to_float
4973,ecoli50_r004973,retained,True,string_to_float
4974,ecoli50_r004974,retained,True,string_to_float
4975,ecoli50_r004975,retained,True,string_to_float
4976,ecoli50_r004976,retained,True,string_to_float
4977,ecoli50_r004977,retained,True,string_to_float
4978,ecoli50_r004978,retained,True,string_to_float
4979,ecoli50_r004979,retained,True,string_to_float
4980,ecoli50_r004980,retained,True,string_to_float
4981,ecoli50_r004981,retained,True,string_to_float
4982,ecoli50_r004982,retained,True,string_to_float
4983,ecoli50_r004983,retained,True,string_to_float
4984,ecoli50_r004984,retained,True,string_to_float
4985,ecoli50_r004985,retained,True,string_to_float
4986,ecoli50_r004986,retained,True,string_to_float
4987,ecoli50_r004987,retained,True,string_to_float
4988,ecoli50_r004988,retained,True,string_to_float
4989,ecoli50_r004989,retained,True,string_to_float
4990,ecoli50_r004990,retained,True,string_to_float
4991,ecoli50_r004991,retained,True,string_to_float
4992,ecoli50_r004992,retained,True,string_to_float
4993,ecoli50_r004993,retained,True,string_to_float
4994,ecoli50_r004994,retained,True,string_to_float
4995,ecoli50_r004995,retained,True,string_to_float
4996,ecoli50_r004996,retained,True,string_to_float
4997,ecoli50_r004997,retained,True,string_to_float
4998,ecoli50_r004998,retained,True,string_to_float
4999,ecoli50_r004999,retained,True,string_to_float
5000,ecoli50_r005000,retained,True,string_to_float
5001,ecoli50_r005001,retained,True,string_to_float
5002,ecoli50_r005002,retained,True,string_to_float
5003,ecoli50_r005003,retained,True,string_to_float
5004,ecoli50_r005004,retained,True,string_to_float
5005,ecoli50_r005005,retained,True,string_to_float
5006,ecoli50_r005006,retained,True,string_to_float
5007,ecoli50_r005007,retained,True,string_to_float
5008,ecoli50_r005008,retained,True,string_to_float
5009,ecoli50_r005009,retained,True,string_to_float
5010,ecoli50_r005010,retained,True,string_to_float
5011,ecoli50_r005011,retained,True,string_to_float
5012,ecoli50_r005012,retained,True,string_to_float
5013,ecoli50_r005013,retained,True,string_to_float
5014,ecoli50_r005014,retained,True,string_to_float
5015,ecoli50_r005015,retained,True,string_to_float
5016,ecoli50_r005016,retained,True,string_to_float
5017,ecoli50_r005017,retained,True,string_to_float
5018,ecoli50_r005018,retained,True,string_to_float
5019,ecoli50_r005019,retained,True,string_to_float
5020,ecoli50_r005020,retained,True,string_to_float
5021,ecoli50_r005021,retained,True,string_to_float
5022,ecoli50_r005022,retained,True,string_to_float
5023,ecoli50_r005023,retained,True,string_to_float
5024,ecoli50_r005024,retained,True,string_to_float
5025,ecoli50_r005025,retained,True,string_to_float
5026,ecoli50_r005026,retained,True,string_to_float
5027,ecoli50_r005027,retained,True,string_to_float
5028,ecoli50_r005028,retained,True,string_to_float
5029,ecoli50_r005029,retained,True,string_to_float
5030,ecoli50_r005030,retained,True,string_to_float
5031,ecoli50_r005031,retained,True,string_to_float
5032,ecoli50_r005032,retained,True,string_to_float
5033,ecoli50_r005033,retained,True,string_to_float
5034,ecoli50_r005034,retained,True,string_to_float
5035,ecoli50_r005035,retained,True,string_to_float
5036,ecoli50_r005036,retained,True,string_to_float
5037,ecoli50_r005037,retained,True,string_to_float
5038,ecoli50_r005038,retained,True,string_to_float
5039,ecoli50_r005039,retained,True,string_to_float
5040,ecoli50_r005040,retained,True,string_to_float
5041,ecoli50_r005041,retained,True,string_to_float
5042,ecoli50_r005042,retained,True,string_to_float
5043,ecoli50_r005043,retained,True,string_to_float
5044,ecoli50_r005044,retained,True,string_to_float
5045,ecoli50_r005045,retained,True,string_to_float
5046,ecoli50_r005046,retained,True,string_to_float
5047,ecoli50_r005047,retained,True,string_to_float
5048,ecoli50_r005048,retained,True,string_to_float
5049,ecoli50_r005049,retained,True,string_to_float
5050,ecoli50_r005050,retained,True,string_to_float
5051,ecoli50_r005051,retained,True,string_to_float
5052,ecoli50_r005052,retained,True,string_to_float
5053,ecoli50_r005053,retained,True,string_to_float
5054,ecoli50_r005054,retained,True,string_to_float
5055,ecoli50_r005055,retained,True,string_to_float
5056,ecoli50_r005056,retained,True,string_to_float
5057,ecoli50_r005057,retained,True,string_to_float
5058,ecoli50_r005058,retained,True,string_to_float
5059,ecoli50_r005059,retained,True,string_to_float
5060,ecoli50_r005060,retained,True,string_to_float
5061,ecoli50_r005061,retained,True,string_to_float
5062,ecoli50_r005062,retained,True,string_to_float
5063,ecoli50_r005063,retained,True,string_to_float
5064,ecoli50_r005064,retained,True,string_to_float
5065,ecoli50_r005065,retained,True,string_to_float
5066,ecoli50_r005066,retained,True,string_to_float
5067,ecoli50_r005067,retained,True,string_to_float
5068,ecoli50_r005068,retained,True,string_to_float
5069,ecoli50_r005069,retained,True,string_to_float
5070,ecoli50_r005070,retained,True,string_to_float
5071,ecoli50_r005071,retained,True,string_to_float
5072,ecoli50_r005072,retained,True,string_to_float
5073,ecoli50_r005073,retained,True,string_to_float
5074,ecoli50_r005074,retained,True,string_to_float
5075,ecoli50_r005075,retained,True,string_to_float
5076,ecoli50_r005076,retained,True,string_to_float
5077,ecoli50_r005077,retained,True,string_to_float
5078,ecoli50_r005078,retained,True,string_to_float
5079,ecoli50_r005079,retained,True,string_to_float
5080,ecoli50_r005080,retained,True,string_to_float
5081,ecoli50_r005081,retained,True,string_to_float
5082,ecoli50_r005082,retained,True,string_to_float
5083,ecoli50_r005083,retained,True,string_to_float
5084,ecoli50_r005084,retained,True,string_to_float
5085,ecoli50_r005085,retained,True,string_to_float
5086,ecoli50_r005086,retained,True,string_to_float
5087,ecoli50_r005087,retained,True,string_to_float
5088,ecoli50_r005088,retained,True,string_to_float
5089,ecoli50_r005089,retained,True,string_to_float
5090,ecoli50_r005090,retained,True,string_to_float
5091,ecoli50_r005091,retained,True,string_to_float
5092,ecoli50_r005092,retained,True,string_to_float
5093,ecoli50_r005093,retained,True,string_to_float
5094,ecoli50_r005094,retained,True,string_to_float
5095,ecoli50_r005095,retained,True,string_to_float
5096,ecoli50_r005096,retained,True,string_to_float
5097,ecoli50_r005097,retained,True,string_to_float
5098,ecoli50_r005098,retained,True,string_to_float
5099,ecoli50_r005099,retained,True,string_to_float
5100,ecoli50_r005100,retained,True,string_to_float
5101,ecoli50_r005101,retained,True,string_to_float
5102,ecoli50_r005102,retained,True,string_to_float
5103,ecoli50_r005103,retained,True,string_to_float
5104,ecoli50_r005104,retained,True,string_to_float
5105,ecoli50_r005105,retained,True,string_to_float
5106,ecoli50_r005106,retained,True,string_to_float
5107,ecoli50_r005107,retained,True,string_to_float
5108,ecoli50_r005108,retained,True,string_to_float
5109,ecoli50_r005109,retained,True,string_to_float
5110,ecoli50_r005110,retained,True,string_to_float
5111,ecoli50_r005111,retained,True,string_to_float
5112,ecoli50_r005112,retained,True,string_to_float
5113,ecoli50_r005113,retained,True,string_to_float
5114,ecoli50_r005114,retained,True,string_to_float
5115,ecoli50_r005115,retained,True,string_to_float
5116,ecoli50_r005116,retained,True,string_to_float
5117,ecoli50_r005117,retained,True,string_to_float
5118,ecoli50_r005118,retained,True,string_to_float
5119,ecoli50_r005119,retained,True,string_to_float
5120,ecoli50_r005120,retained,True,string_to_float
5121,ecoli50_r005121,retained,True,string_to_float
5122,ecoli50_r005122,retained,True,string_to_float
5123,ecoli50_r005123,retained,True,string_to_float
5124,ecoli50_r005124,retained,True,string_to_float
5125,ecoli50_r005125,retained,True,string_to_float
5126,ecoli50_r005126,retained,True,string_to_float
5127,ecoli50_r005127,retained,True,string_to_float
5128,ecoli50_r005128,retained,True,string_to_float
5129,ecoli50_r005129,retained,True,string_to_float
5130,ecoli50_r005130,retained,True,string_to_float
5131,ecoli50_r005131,retained,True,string_to_float
5132,ecoli50_r005132,retained,True,string_to_float
5133,ecoli50_r005133,retained,True,string_to_float
5134,ecoli50_r005134,retained,True,string_to_float
5135,ecoli50_r005135,retained,True,string_to_float
5136,ecoli50_r005136,retained,True,string_to_float
5137,ecoli50_r005137,retained,True,string_to_float
5138,ecoli50_r005138,retained,True,string_to_float
5139,ecoli50_r005139,retained,True,string_to_float
5140,ecoli50_r005140,retained,True,string_to_float
5141,ecoli50_r005141,retained,True,string_to_float
5142,ecoli50_r005142,retained,True,string_to_float
5143,ecoli50_r005143,retained,True,string_to_float
5144,ecoli50_r005144,retained,True,string_to_float
5145,ecoli50_r005145,retained,True,string_to_float
5146,ecoli50_r005146,retained,True,string_to_float
5147,ecoli50_r005147,retained,True,string_to_float
5148,ecoli50_r005148,retained,True,string_to_float
5149,ecoli50_r005149,retained,True,string_to_float
5150,ecoli50_r005150,retained,True,string_to_float
5151,ecoli50_r005151,retained,True,string_to_float
5152,ecoli50_r005152,retained,True,string_to_float
5153,ecoli50_r005153,retained,True,string_to_float
5154,ecoli50_r005154,retained,True,string_to_float
5155,ecoli50_r005155,retained,True,string_to_float
5156,ecoli50_r005156,retained,True,string_to_float
5157,ecoli50_r005157,retained,True,string_to_float
5158,ecoli50_r005158,retained,True,string_to_float
5159,ecoli50_r005159,retained,True,string_to_float
5160,ecoli50_r005160,retained,True,string_to_float
5161,ecoli50_r005161,retained,True,string_to_float
5162,ecoli50_r005162,retained,True,string_to_float
5163,ecoli50_r005163,retained,True,string_to_float
5164,ecoli50_r005164,retained,True,string_to_float
5165,ecoli50_r005165,retained,True,string_to_float
5166,ecoli50_r005166,retained,True,string_to_float
5167,ecoli50_r005167,retained,True,string_to_float
5168,ecoli50_r005168,retained,True,string_to_float
5169,ecoli50_r005169,retained,True,string_to_float
5170,ecoli50_r005170,retained,True,string_to_float
5171,ecoli50_r005171,retained,True,string_to_float
5172,ecoli50_r005172,retained,True,string_to_float
5173,ecoli50_r005173,retained,True,string_to_float
5174,ecoli50_r005174,retained,True,string_to_float
5175,ecoli50_r005175,retained,True,string_to_float
5176,ecoli50_r005176,retained,True,string_to_float
5177,ecoli50_r005177,retained,True,string_to_float
5178,ecoli50_r005178,retained,True,string_to_float
5179,ecoli50_r005179,retained,True,string_to_float
5180,ecoli50_r005180,retained,True,string_to_float
5181,ecoli50_r005181,retained,True,string_to_float
5182,ecoli50_r005182,retained,True,string_to_float
5183,ecoli50_r005183,retained,True,string_to_float
5184,ecoli50_r005184,retained,True,string_to_float
5185,ecoli50_r005185,retained,True,string_to_float
5186,ecoli50_r005186,retained,True,string_to_float
5187,ecoli50_r005187,retained,True,string_to_float
5188,ecoli50_r005188,retained,True,string_to_float
5189,ecoli50_r005189,retained,True,string_to_float
5190,ecoli50_r005190,retained,True,string_to_float
5191,ecoli50_r005191,retained,True,string_to_float
5192,ecoli50_r005192,retained,True,string_to_float
5193,ecoli50_r005193,retained,True,string_to_float
5194,ecoli50_r005194,retained,True,string_to_float
5195,ecoli50_r005195,retained,True,string_to_float
5196,ecoli50_r005196,retained,True,string_to_float
5197,ecoli50_r005197,retained,True,string_to_float
5198,ecoli50_r005198,retained,True,string_to_float
5199,ecoli50_r005199,retained,True,string_to_float
5200,ecoli50_r005200,retained,True,string_to_float
5201,ecoli50_r005201,retained,True,string_to_float
5202,ecoli50_r005202,retained,True,string_to_float
5203,ecoli50_r005203,retained,True,string_to_float
5204,ecoli50_r005204,retained,True,string_to_float
5205,ecoli50_r005205,retained,True,string_to_float
5206,ecoli50_r005206,retained,True,string_to_float
5207,ecoli50_r005207,retained,True,string_to_float
5208,ecoli50_r005208,retained,True,string_to_float
5209,ecoli50_r005209,retained,True,string_to_float
5210,ecoli50_r005210,retained,True,string_to_float
5211,ecoli50_r005211,retained,True,string_to_float
5212,ecoli50_r005212,retained,True,string_to_float
5213,ecoli50_r005213,retained,True,string_to_float
5214,ecoli50_r005214,retained,True,string_to_float
5215,ecoli50_r005215,retained,True,string_to_float
5216,ecoli50_r005216,retained,True,string_to_float
5217,ecoli50_r005217,retained,True,string_to_float
5218,ecoli50_r005218,retained,True,string_to_float
5219,ecoli50_r005219,retained,True,string_to_float
5220,ecoli50_r005220,retained,True,string_to_float
5221,ecoli50_r005221,retained,True,string_to_float
5222,ecoli50_r005222,retained,True,string_to_float
5223,ecoli50_r005223,retained,True,string_to_float
5224,ecoli50_r005224,retained,True,string_to_float
5225,ecoli50_r005225,retained,True,string_to_float
5226,ecoli50_r005226,retained,True,string_to_float
5227,ecoli50_r005227,retained,True,string_to_float
5228,ecoli50_r005228,retained,True,string_to_float
5229,ecoli50_r005229,retained,True,string_to_float
5230,ecoli50_r005230,retained,True,string_to_float
5231,ecoli50_r005231,retained,True,string_to_float
5232,ecoli50_r005232,retained,True,string_to_float
5233,ecoli50_r005233,retained,True,string_to_float
5234,ecoli50_r005234,retained,True,string_to_float
5235,ecoli50_r005235,retained,True,string_to_float
5236,ecoli50_r005236,retained,True,string_to_float
5237,ecoli50_r005237,retained,True,string_to_float
5238,ecoli50_r005238,retained,True,string_to_float
5239,ecoli50_r005239,retained,True,string_to_float
5240,ecoli50_r005240,retained,True,string_to_float
5241,ecoli50_r005241,retained,True,string_to_float
5242,ecoli50_r005242,retained,True,string_to_float
5243,ecoli50_r005243,retained,True,string_to_float
5244,ecoli50_r005244,retained,True,string_to_float
5245,ecoli50_r005245,retained,True,string_to_float
5246,ecoli50_r005246,retained,True,string_to_float
5247,ecoli50_r005247,retained,True,string_to_float
5248,ecoli50_r005248,retained,True,string_to_float
5249,ecoli50_r005249,retained,True,string_to_float
5250,ecoli50_r005250,retained,True,string_to_float
5251,ecoli50_r005251,retained,True,string_to_float
5252,ecoli50_r005252,retained,True,string_to_float
5253,ecoli50_r005253,retained,True,string_to_float
5254,ecoli50_r005254,retained,True,string_to_float
5255,ecoli50_r005255,retained,True,string_to_float
5256,ecoli50_r005256,retained,True,string_to_float
5257,ecoli50_r005257,retained,True,string_to_float
5258,ecoli50_r005258,retained,True,string_to_float
5259,ecoli50_r005259,retained,True,string_to_float
5260,ecoli50_r005260,retained,True,string_to_float
5261,ecoli50_r005261,retained,True,string_to_float
5262,ecoli50_r005262,retained,True,string_to_float
5263,ecoli50_r005263,retained,True,string_to_float
5264,ecoli50_r005264,retained,True,string_to_float
5265,ecoli50_r005265,retained,True,string_to_float
5266,ecoli50_r005266,retained,True,string_to_float
5267,ecoli50_r005267,retained,True,string_to_float
5268,ecoli50_r005268,retained,True,string_to_float
5269,ecoli50_r005269,retained,True,string_to_float
5270,ecoli50_r005270,retained,True,string_to_float
5271,ecoli50_r005271,retained,True,string_to_float
5272,ecoli50_r005272,retained,True,string_to_float
5273,ecoli50_r005273,retained,True,string_to_float
5274,ecoli50_r005274,retained,True,string_to_float
5275,ecoli50_r005275,retained,True,string_to_float
5276,ecoli50_r005276,retained,True,string_to_float
5277,ecoli50_r005277,retained,True,string_to_float
5278,ecoli50_r005278,retained,True,string_to_float
5279,ecoli50_r005279,retained,True,string_to_float
5280,ecoli50_r005280,retained,True,string_to_float
5281,ecoli50_r005281,retained,True,string_to_float
5282,ecoli50_r005282,retained,True,string_to_float
5283,ecoli50_r005283,retained,True,string_to_float
5284,ecoli50_r005284,retained,True,string_to_float
5285,ecoli50_r005285,retained,True,string_to_float
5286,ecoli50_r005286,retained,True,string_to_float
5287,ecoli50_r005287,retained,True,string_to_float
5288,ecoli50_r005288,retained,True,string_to_float
5289,ecoli50_r005289,retained,True,string_to_float
5290,ecoli50_r005290,retained,True,string_to_float
5291,ecoli50_r005291,retained,True,string_to_float
5292,ecoli50_r005292,retained,True,string_to_float
5293,ecoli50_r005293,retained,True,string_to_float
5294,ecoli50_r005294,retained,True,string_to_float
5295,ecoli50_r005295,retained,True,string_to_float
5296,ecoli50_r005296,retained,True,string_to_float
5297,ecoli50_r005297,retained,True,string_to_float
5298,ecoli50_r005298,retained,True,string_to_float
5299,ecoli50_r005299,retained,True,string_to_float
5300,ecoli50_r005300,retained,True,string_to_float
5301,ecoli50_r005301,retained,True,string_to_float
5302,ecoli50_r005302,retained,True,string_to_float
5303,ecoli50_r005303,retained,True,string_to_float
5304,ecoli50_r005304,retained,True,string_to_float
5305,ecoli50_r005305,retained,True,string_to_float
5306,ecoli50_r005306,retained,True,string_to_float
5307,ecoli50_r005307,retained,True,string_to_float
5308,ecoli50_r005308,retained,True,string_to_float
5309,ecoli50_r005309,retained,True,string_to_float
5310,ecoli50_r005310,retained,True,string_to_float
5311,ecoli50_r005311,retained,True,string_to_float
5312,ecoli50_r005312,retained,True,string_to_float
5313,ecoli50_r005313,retained,True,string_to_float
5314,ecoli50_r005314,retained,True,string_to_float
5315,ecoli50_r005315,retained,True,string_to_float
5316,ecoli50_r005316,retained,True,string_to_float
5317,ecoli50_r005317,retained,True,string_to_float
5318,ecoli50_r005318,retained,True,string_to_float
5319,ecoli50_r005319,retained,True,string_to_float
5320,ecoli50_r005320,retained,True,string_to_float
5321,ecoli50_r005321,retained,True,string_to_float
5322,ecoli50_r005322,retained,True,string_to_float
5323,ecoli50_r005323,retained,True,string_to_float
5324,ecoli50_r005324,retained,True,string_to_float
5325,ecoli50_r005325,retained,True,string_to_float
5326,ecoli50_r005326,retained,True,string_to_float
5327,ecoli50_r005327,retained,True,string_to_float
5328,ecoli50_r005328,retained,True,string_to_float
5329,ecoli50_r005329,retained,True,string_to_float
5330,ecoli50_r005330,retained,True,string_to_float
5331,ecoli50_r005331,retained,True,string_to_float
5332,ecoli50_r005332,retained,True,string_to_float
5333,ecoli50_r005333,retained,True,string_to_float
5334,ecoli50_r005334,retained,True,string_to_float
5335,ecoli50_r005335,retained,True,string_to_float
5336,ecoli50_r005336,retained,True,string_to_float
5337,ecoli50_r005337,retained,True,string_to_float
5338,ecoli50_r005338,retained,True,string_to_float
5339,ecoli50_r005339,retained,True,string_to_float
5340,ecoli50_r005340,retained,True,string_to_float
5341,ecoli50_r005341,retained,True,string_to_float
5342,ecoli50_r005342,retained,True,string_to_float
5343,ecoli50_r005343,retained,True,string_to_float
5344,ecoli50_r005344,retained,True,string_to_float
5345,ecoli50_r005345,retained,True,string_to_float
5346,ecoli50_r005346,retained,True,string_to_float
5347,ecoli50_r005347,retained,True,string_to_float
5348,ecoli50_r005348,retained,True,string_to_float
5349,ecoli50_r005349,retained,True,string_to_float
5350,ecoli50_r005350,retained,True,string_to_float
5351,ecoli50_r005351,retained,True,string_to_float
5352,ecoli50_r005352,retained,True,string_to_float
5353,ecoli50_r005353,retained,True,string_to_float
5354,ecoli50_r005354,retained,True,string_to_float
5355,ecoli50_r005355,retained,True,string_to_float
5356,ecoli50_r005356,retained,True,string_to_float
5357,ecoli50_r005357,retained,True,string_to_float
5358,ecoli50_r005358,retained,True,string_to_float
5359,ecoli50_r005359,retained,True,string_to_float
5360,ecoli50_r005360,retained,True,string_to_float
5361,ecoli50_r005361,retained,True,string_to_float
5362,ecoli50_r005362,retained,True,string_to_float
5363,ecoli50_r005363,retained,True,string_to_float
5364,ecoli50_r005364,retained,True,string_to_float
5365,ecoli50_r005365,retained,True,string_to_float
5366,ecoli50_r005366,retained,True,string_to_float
5367,ecoli50_r005367,retained,True,string_to_float
5368,ecoli50_r005368,retained,True,string_to_float
5369,ecoli50_r005369,retained,True,string_to_float
5370,ecoli50_r005370,retained,True,string_to_float
5371,ecoli50_r005371,retained,True,string_to_float
5372,ecoli50_r005372,retained,True,string_to_float
5373,ecoli50_r005373,retained,True,string_to_float
5374,ecoli50_r005374,retained,True,string_to_float
5375,ecoli50_r005375,retained,True,string_to_float
5376,ecoli50_r005376,retained,True,string_to_float
5377,ecoli50_r005377,retained,True,string_to_float
5378,ecoli50_r005378,retained,True,string_to_float
5379,ecoli50_r005379,retained,True,string_to_float
5380,ecoli50_r005380,retained,True,string_to_float
5381,ecoli50_r005381,retained,True,string_to_float
5382,ecoli50_r005382,retained,True,string_to_float
5383,ecoli50_r005383,retained,True,string_to_float
5384,ecoli50_r005384,retained,True,string_to_float
5385,ecoli50_r005385,retained,True,string_to_float
5386,ecoli50_r005386,retained,True,string_to_float
5387,ecoli50_r005387,retained,True,string_to_float
5388,ecoli50_r005388,retained,True,string_to_float
5389,ecoli50_r005389,retained,True,string_to_float
5390,ecoli50_r005390,retained,True,string_to_float
5391,ecoli50_r005391,retained,True,string_to_float
5392,ecoli50_r005392,retained,True,string_to_float
5393,ecoli50_r005393,retained,True,string_to_float
5394,ecoli50_r005394,retained,True,string_to_float
5395,ecoli50_r005395,retained,True,string_to_float
5396,ecoli50_r005396,retained,True,string_to_float
5397,ecoli50_r005397,retained,True,string_to_float
5398,ecoli50_r005398,retained,True,string_to_float
5399,ecoli50_r005399,retained,True,string_to_float
5400,ecoli50_r005400,retained,True,string_to_float
5401,ecoli50_r005401,retained,True,string_to_float
5402,ecoli50_r005402,retained,True,string_to_float
5403,ecoli50_r005403,retained,True,string_to_float
5404,ecoli50_r005404,retained,True,string_to_float
5405,ecoli50_r005405,retained,True,string_to_float
5406,ecoli50_r005406,retained,True,string_to_float
5407,ecoli50_r005407,retained,True,string_to_float
5408,ecoli50_r005408,retained,True,string_to_float
5409,ecoli50_r005409,retained,True,string_to_float
5410,ecoli50_r005410,retained,True,string_to_float
5411,ecoli50_r005411,retained,True,string_to_float
5412,ecoli50_r005412,retained,True,string_to_float
5413,ecoli50_r005413,retained,True,string_to_float
5414,ecoli50_r005414,retained,True,string_to_float
5415,ecoli50_r005415,retained,True,string_to_float
5416,ecoli50_r005416,retained,True,string_to_float
5417,ecoli50_r005417,retained,True,string_to_float
5418,ecoli50_r005418,retained,True,string_to_float
5419,ecoli50_r005419,retained,True,string_to_float
5420,ecoli50_r005420,retained,True,string_to_float
5421,ecoli50_r005421,retained,True,string_to_float
5422,ecoli50_r005422,retained,True,string_to_float
5423,ecoli50_r005423,retained,True,string_to_float
5424,ecoli50_r005424,retained,True,string_to_float
5425,ecoli50_r005425,retained,True,string_to_float
5426,ecoli50_r005426,retained,True,string_to_float
5427,ecoli50_r005427,retained,True,string_to_float
5428,ecoli50_r005428,retained,True,string_to_float
5429,ecoli50_r005429,retained,True,string_to_float
5430,ecoli50_r005430,retained,True,string_to_float
5431,ecoli50_r005431,retained,True,string_to_float
5432,ecoli50_r005432,retained,True,string_to_float
5433,ecoli50_r005433,retained,True,string_to_float
5434,ecoli50_r005434,retained,True,string_to_float
5435,ecoli50_r005435,retained,True,string_to_float
5436,ecoli50_r005436,retained,True,string_to_float
5437,ecoli50_r005437,retained,True,string_to_float
5438,ecoli50_r005438,retained,True,string_to_float
5439,ecoli50_r005439,retained,True,string_to_float
5440,ecoli50_r005440,retained,True,string_to_float
5441,ecoli50_r005441,retained,True,string_to_float
5442,ecoli50_r005442,retained,True,string_to_float
5443,ecoli50_r005443,retained,True,string_to_float
5444,ecoli50_r005444,retained,True,string_to_float
5445,ecoli50_r005445,retained,True,string_to_float
5446,ecoli50_r005446,retained,True,string_to_float
5447,ecoli50_r005447,retained,True,string_to_float
5448,ecoli50_r005448,retained,True,string_to_float
5449,ecoli50_r005449,retained,True,string_to_float
5450,ecoli50_r005450,retained,True,string_to_float
5451,ecoli50_r005451,retained,True,string_to_float
5452,ecoli50_r005452,retained,True,string_to_float
5453,ecoli50_r005453,retained,True,string_to_float
5454,ecoli50_r005454,retained,True,string_to_float
5455,ecoli50_r005455,retained,True,string_to_float
5456,ecoli50_r005456,retained,True,string_to_float
5457,ecoli50_r005457,retained,True,string_to_float
5458,ecoli50_r005458,retained,True,string_to_float
5459,ecoli50_r005459,retained,True,string_to_float
5460,ecoli50_r005460,retained,True,string_to_float
5461,ecoli50_r005461,retained,True,string_to_float
5462,ecoli50_r005462,retained,True,string_to_float
5463,ecoli50_r005463,retained,True,string_to_float
5464,ecoli50_r005464,retained,True,string_to_float
5465,ecoli50_r005465,retained,True,string_to_float
5466,ecoli50_r005466,retained,True,string_to_float
5467,ecoli50_r005467,retained,True,string_to_float
5468,ecoli50_r005468,retained,True,string_to_float
5469,ecoli50_r005469,retained,True,string_to_float
5470,ecoli50_r005470,retained,True,string_to_float
5471,ecoli50_r005471,retained,True,string_to_float
5472,ecoli50_r005472,retained,True,string_to_float
5473,ecoli50_r005473,retained,True,string_to_float
5474,ecoli50_r005474,retained,True,string_to_float
5475,ecoli50_r005475,retained,True,string_to_float
5476,ecoli50_r005476,retained,True,string_to_float
5477,ecoli50_r005477,retained,True,string_to_float
5478,ecoli50_r005478,retained,True,string_to_float
5479,ecoli50_r005479,retained,True,string_to_float
5480,ecoli50_r005480,retained,True,string_to_float
5481,ecoli50_r005481,retained,True,string_to_float
5482,ecoli50_r005482,retained,True,string_to_float
5483,ecoli50_r005483,retained,True,string_to_float
5484,ecoli50_r005484,retained,True,string_to_float
5485,ecoli50_r005485,retained,True,string_to_float
5486,ecoli50_r005486,retained,True,string_to_float
5487,ecoli50_r005487,retained,True,string_to_float
5488,ecoli50_r005488,retained,True,string_to_float
5489,ecoli50_r005489,retained,True,string_to_float
5490,ecoli50_r005490,retained,True,string_to_float
5491,ecoli50_r005491,retained,True,string_to_float
5492,ecoli50_r005492,retained,True,string_to_float
5493,ecoli50_r005493,retained,True,string_to_float
5494,ecoli50_r005494,retained,True,string_to_float
5495,ecoli50_r005495,retained,True,string_to_float
5496,ecoli50_r005496,retained,True,string_to_float
5497,ecoli50_r005497,retained,True,string_to_float
5498,ecoli50_r005498,retained,True,string_to_float
5499,ecoli50_r005499,retained,True,string_to_float
5500,ecoli50_r005500,retained,True,string_to_float
5501,ecoli50_r005501,retained,True,string_to_float
5502,ecoli50_r005502,retained,True,string_to_float
5503,ecoli50_r005503,retained,True,string_to_float
5504,ecoli50_r005504,retained,True,string_to_float
5505,ecoli50_r005505,retained,True,string_to_float
5506,ecoli50_r005506,retained,True,string_to_float
5507,ecoli50_r005507,retained,True,string_to_float
5508,ecoli50_r005508,retained,True,string_to_float
5509,ecoli50_r005509,retained,True,string_to_float
5510,ecoli50_r005510,retained,True,string_to_float
5511,ecoli50_r005511,retained,True,string_to_float
5512,ecoli50_r005512,retained,True,string_to_float
5513,ecoli50_r005513,retained,True,string_to_float
5514,ecoli50_r005514,retained,True,string_to_float
5515,ecoli50_r005515,retained,True,string_to_float
5516,ecoli50_r005516,retained,True,string_to_float
5517,ecoli50_r005517,retained,True,string_to_float
5518,ecoli50_r005518,retained,True,string_to_float
5519,ecoli50_r005519,retained,True,string_to_float
5520,ecoli50_r005520,retained,True,string_to_float
5521,ecoli50_r005521,retained,True,string_to_float
5522,ecoli50_r005522,retained,True,string_to_float
5523,ecoli50_r005523,retained,True,string_to_float
5524,ecoli50_r005524,retained,True,string_to_float
5525,ecoli50_r005525,retained,True,string_to_float
5526,ecoli50_r005526,retained,True,string_to_float
5527,ecoli50_r005527,retained,True,string_to_float
5528,ecoli50_r005528,retained,True,string_to_float
5529,ecoli50_r005529,retained,True,string_to_float
5530,ecoli50_r005530,retained,True,string_to_float
5531,ecoli50_r005531,retained,True,string_to_float
5532,ecoli50_r005532,retained,True,string_to_float
5533,ecoli50_r005533,retained,True,string_to_float
5534,ecoli50_r005534,retained,True,string_to_float
5535,ecoli50_r005535,retained,True,string_to_float
5536,ecoli50_r005536,retained,True,string_to_float
5537,ecoli50_r005537,retained,True,string_to_float
5538,ecoli50_r005538,retained,True,string_to_float
5539,ecoli50_r005539,retained,True,string_to_float
5540,ecoli50_r005540,retained,True,string_to_float
5541,ecoli50_r005541,retained,True,string_to_float
5542,ecoli50_r005542,retained,True,string_to_float
5543,ecoli50_r005543,retained,True,string_to_float
5544,ecoli50_r005544,retained,True,string_to_float
5545,ecoli50_r005545,retained,True,string_to_float
5546,ecoli50_r005546,retained,True,string_to_float
5547,ecoli50_r005547,retained,True,string_to_float
5548,ecoli50_r005548,retained,True,string_to_float
5549,ecoli50_r005549,retained,True,string_to_float
5550,ecoli50_r005550,retained,True,string_to_float
5551,ecoli50_r005551,retained,True,string_to_float
5552,ecoli50_r005552,retained,True,string_to_float
5553,ecoli50_r005553,retained,True,string_to_float
5554,ecoli50_r005554,retained,True,string_to_float
5555,ecoli50_r005555,retained,True,string_to_float
5556,ecoli50_r005556,retained,True,string_to_float
5557,ecoli50_r005557,retained,True,string_to_float
5558,ecoli50_r005558,retained,True,string_to_float
5559,ecoli50_r005559,retained,True,string_to_float
5560,ecoli50_r005560,retained,True,string_to_float
5561,ecoli50_r005561,retained,True,string_to_float
5562,ecoli50_r005562,retained,True,string_to_float
5563,ecoli50_r005563,retained,True,string_to_float
5564,ecoli50_r005564,retained,True,string_to_float
5565,ecoli50_r005565,retained,True,string_to_float
5566,ecoli50_r005566,retained,True,string_to_float
5567,ecoli50_r005567,retained,True,string_to_float
5568,ecoli50_r005568,retained,True,string_to_float
5569,ecoli50_r005569,retained,True,string_to_float
5570,ecoli50_r005570,retained,True,string_to_float
5571,ecoli50_r005571,retained,True,string_to_float
5572,ecoli50_r005572,retained,True,string_to_float
5573,ecoli50_r005573,retained,True,string_to_float
5574,ecoli50_r005574,retained,True,string_to_float
5575,ecoli50_r005575,retained,True,string_to_float
5576,ecoli50_r005576,retained,True,string_to_float
5577,ecoli50_r005577,retained,True,string_to_float
5578,ecoli50_r005578,retained,True,string_to_float
5579,ecoli50_r005579,retained,True,string_to_float
5580,ecoli50_r005580,retained,True,string_to_float
5581,ecoli50_r005581,retained,True,string_to_float
5582,ecoli50_r005582,retained,True,string_to_float
5583,ecoli50_r005583,retained,True,string_to_float
5584,ecoli50_r005584,retained,True,string_to_float
5585,ecoli50_r005585,retained,True,string_to_float
5586,ecoli50_r005586,retained,True,string_to_float
5587,ecoli50_r005587,retained,True,string_to_float
5588,ecoli50_r005588,retained,True,string_to_float
5589,ecoli50_r005589,retained,True,string_to_float
5590,ecoli50_r005590,retained,True,string_to_float
5591,ecoli50_r005591,retained,True,string_to_float
5592,ecoli50_r005592,retained,True,string_to_float
5593,ecoli50_r005593,retained,True,string_to_float
5594,ecoli50_r005594,retained,True,string_to_float
5595,ecoli50_r005595,retained,True,string_to_float
5596,ecoli50_r005596,retained,True,string_to_float
5597,ecoli50_r005597,retained,True,string_to_float
5598,ecoli50_r005598,retained,True,string_to_float
5599,ecoli50_r005599,retained,True,string_to_float
5600,ecoli50_r005600,retained,True,string_to_float
5601,ecoli50_r005601,retained,True,string_to_float
5602,ecoli50_r005602,retained,True,string_to_float
5603,ecoli50_r005603,retained,True,string_to_float
5604,ecoli50_r005604,retained,True,string_to_float
5605,ecoli50_r005605,retained,True,string_to_float
5606,ecoli50_r005606,retained,True,string_to_float
5607,ecoli50_r005607,retained,True,string_to_float
5608,ecoli50_r005608,retained,True,string_to_float
5609,ecoli50_r005609,retained,True,string_to_float
5610,ecoli50_r005610,retained,True,string_to_float
5611,ecoli50_r005611,retained,True,string_to_float
5612,ecoli50_r005612,retained,True,string_to_float
5613,ecoli50_r005613,retained,True,string_to_float
5614,ecoli50_r005614,retained,True,string_to_float
5615,ecoli50_r005615,retained,True,string_to_float
5616,ecoli50_r005616,retained,True,string_to_float
5617,ecoli50_r005617,retained,True,string_to_float
5618,ecoli50_r005618,retained,True,string_to_float
5619,ecoli50_r005619,retained,True,string_to_float
5620,ecoli50_r005620,retained,True,string_to_float
5621,ecoli50_r005621,retained,True,string_to_float
5622,ecoli50_r005622,retained,True,string_to_float
5623,ecoli50_r005623,retained,True,string_to_float
5624,ecoli50_r005624,retained,True,string_to_float
5625,ecoli50_r005625,retained,True,string_to_float
5626,ecoli50_r005626,retained,True,string_to_float
5627,ecoli50_r005627,retained,True,string_to_float
5628,ecoli50_r005628,retained,True,string_to_float
5629,ecoli50_r005629,retained,True,string_to_float
5630,ecoli50_r005630,retained,True,string_to_float
5631,ecoli50_r005631,retained,True,string_to_float
5632,ecoli50_r005632,retained,True,string_to_float
5633,ecoli50_r005633,retained,True,string_to_float
5634,ecoli50_r005634,retained,True,string_to_float
5635,ecoli50_r005635,retained,True,string_to_float
5636,ecoli50_r005636,retained,True,string_to_float
5637,ecoli50_r005637,retained,True,string_to_float
5638,ecoli50_r005638,retained,True,string_to_float
5639,ecoli50_r005639,retained,True,string_to_float
5640,ecoli50_r005640,retained,True,string_to_float
5641,ecoli50_r005641,retained,True,string_to_float
5642,ecoli50_r005642,retained,True,string_to_float
5643,ecoli50_r005643,retained,True,string_to_float
5644,ecoli50_r005644,retained,True,string_to_float
5645,ecoli50_r005645,retained,True,string_to_float
5646,ecoli50_r005646,retained,True,string_to_float
5647,ecoli50_r005647,retained,True,string_to_float
5648,ecoli50_r005648,retained,True,string_to_float
5649,ecoli50_r005649,retained,True,string_to_float
5650,ecoli50_r005650,retained,True,string_to_float
5651,ecoli50_r005651,retained,True,string_to_float
5652,ecoli50_r005652,retained,True,string_to_float
5653,ecoli50_r005653,retained,True,string_to_float
5654,ecoli50_r005654,retained,True,string_to_float
5655,ecoli50_r005655,retained,True,string_to_float
5656,ecoli50_r005656,retained,True,string_to_float
5657,ecoli50_r005657,retained,True,string_to_float
5658,ecoli50_r005658,retained,True,string_to_float
5659,ecoli50_r005659,retained,True,string_to_float
5660,ecoli50_r005660,retained,True,string_to_float
5661,ecoli50_r005661,retained,True,string_to_float
5662,ecoli50_r005662,retained,True,string_to_float
5663,ecoli50_r005663,retained,True,string_to_float
5664,ecoli50_r005664,retained,True,string_to_float
5665,ecoli50_r005665,retained,True,string_to_float
5666,ecoli50_r005666,retained,True,string_to_float
5667,ecoli50_r005667,retained,True,string_to_float
5668,ecoli50_r005668,retained,True,string_to_float
5669,ecoli50_r005669,retained,True,string_to_float
5670,ecoli50_r005670,retained,True,string_to_float
5671,ecoli50_r005671,retained,True,string_to_float
5672,ecoli50_r005672,retained,True,string_to_float
5673,ecoli50_r005673,retained,True,string_to_float
5674,ecoli50_r005674,retained,True,string_to_float
5675,ecoli50_r005675,retained,True,string_to_float
5676,ecoli50_r005676,retained,True,string_to_float
5677,ecoli50_r005677,retained,True,string_to_float
5678,ecoli50_r005678,retained,True,string_to_float
5679,ecoli50_r005679,retained,True,string_to_float
5680,ecoli50_r005680,retained,True,string_to_float
5681,ecoli50_r005681,retained,True,string_to_float
5682,ecoli50_r005682,retained,True,string_to_float
5683,ecoli50_r005683,retained,True,string_to_float
5684,ecoli50_r005684,retained,True,string_to_float
5685,ecoli50_r005685,retained,True,string_to_float
5686,ecoli50_r005686,retained,True,string_to_float
5687,ecoli50_r005687,retained,True,string_to_float
5688,ecoli50_r005688,retained,True,string_to_float
5689,ecoli50_r005689,retained,True,string_to_float
5690,ecoli50_r005690,retained,True,string_to_float
5691,ecoli50_r005691,retained,True,string_to_float
5692,ecoli50_r005692,retained,True,string_to_float
5693,ecoli50_r005693,retained,True,string_to_float
5694,ecoli50_r005694,retained,True,string_to_float
5695,ecoli50_r005695,retained,True,string_to_float
5696,ecoli50_r005696,retained,True,string_to_float
5697,ecoli50_r005697,retained,True,string_to_float
5698,ecoli50_r005698,retained,True,string_to_float
5699,ecoli50_r005699,retained,True,string_to_float
5700,ecoli50_r005700,retained,True,string_to_float
5701,ecoli50_r005701,retained,True,string_to_float
5702,ecoli50_r005702,retained,True,string_to_float
5703,ecoli50_r005703,retained,True,string_to_float
5704,ecoli50_r005704,retained,True,string_to_float
5705,ecoli50_r005705,retained,True,string_to_float
5706,ecoli50_r005706,retained,True,string_to_float
5707,ecoli50_r005707,retained,True,string_to_float
5708,ecoli50_r005708,retained,True,string_to_float
5709,ecoli50_r005709,retained,True,string_to_float
5710,ecoli50_r005710,retained,True,string_to_float
5711,ecoli50_r005711,retained,True,string_to_float
5712,ecoli50_r005712,retained,True,string_to_float
5713,ecoli50_r005713,retained,True,string_to_float
5714,ecoli50_r005714,retained,True,string_to_float
5715,ecoli50_r005715,retained,True,string_to_float
5716,ecoli50_r005716,retained,True,string_to_float
5717,ecoli50_r005717,retained,True,string_to_float
5718,ecoli50_r005718,retained,True,string_to_float
5719,ecoli50_r005719,retained,True,string_to_float
5720,ecoli50_r005720,retained,True,string_to_float
5721,ecoli50_r005721,retained,True,string_to_float
5722,ecoli50_r005722,retained,True,string_to_float
5723,ecoli50_r005723,retained,True,string_to_float
5724,ecoli50_r005724,retained,True,string_to_float
5725,ecoli50_r005725,retained,True,string_to_float
5726,ecoli50_r005726,retained,True,string_to_float
5727,ecoli50_r005727,retained,True,string_to_float
5728,ecoli50_r005728,retained,True,string_to_float
5729,ecoli50_r005729,retained,True,string_to_float
5730,ecoli50_r005730,retained,True,string_to_float
5731,ecoli50_r005731,retained,True,string_to_float
5732,ecoli50_r005732,retained,True,string_to_float
5733,ecoli50_r005733,retained,True,string_to_float
5734,ecoli50_r005734,retained,True,string_to_float
5735,ecoli50_r005735,retained,True,string_to_float
5736,ecoli50_r005736,retained,True,string_to_float
5737,ecoli50_r005737,retained,True,string_to_float
5738,ecoli50_r005738,retained,True,string_to_float
5739,ecoli50_r005739,retained,True,string_to_float
5740,ecoli50_r005740,retained,True,string_to_float
5741,ecoli50_r005741,retained,True,string_to_float
5742,ecoli50_r005742,retained,True,string_to_float
5743,ecoli50_r005743,retained,True,string_to_float
5744,ecoli50_r005744,retained,True,string_to_float
5745,ecoli50_r005745,retained,True,string_to_float
5746,ecoli50_r005746,retained,True,string_to_float
5747,ecoli50_r005747,retained,True,string_to_float
5748,ecoli50_r005748,retained,True,string_to_float
5749,ecoli50_r005749,retained,True,string_to_float
5750,ecoli50_r005750,retained,True,string_to_float
5751,ecoli50_r005751,retained,True,string_to_float
5752,ecoli50_r005752,retained,True,string_to_float
5753,ecoli50_r005753,retained,True,string_to_float
5754,ecoli50_r005754,retained,True,string_to_float
5755,ecoli50_r005755,retained,True,string_to_float
5756,ecoli50_r005756,retained,True,string_to_float
5757,ecoli50_r005757,retained,True,string_to_float
5758,ecoli50_r005758,retained,True,string_to_float
5759,ecoli50_r005759,retained,True,string_to_float
5760,ecoli50_r005760,retained,True,string_to_float
5761,ecoli50_r005761,retained,True,string_to_float
5762,ecoli50_r005762,retained,True,string_to_float
5763,ecoli50_r005763,retained,True,string_to_float
5764,ecoli50_r005764,retained,True,string_to_float
5765,ecoli50_r005765,retained,True,string_to_float
5766,ecoli50_r005766,retained,True,string_to_float
5767,ecoli50_r005767,retained,True,string_to_float
5768,ecoli50_r005768,retained,True,string_to_float
5769,ecoli50_r005769,retained,True,string_to_float
5770,ecoli50_r005770,retained,True,string_to_float
5771,ecoli50_r005771,retained,True,string_to_float
5772,ecoli50_r005772,retained,True,string_to_float
5773,ecoli50_r005773,retained,True,string_to_float
5774,ecoli50_r005774,retained,True,string_to_float
5775,ecoli50_r005775,retained,True,string_to_float
5776,ecoli50_r005776,retained,True,string_to_float
5777,ecoli50_r005777,retained,True,string_to_float
5778,ecoli50_r005778,retained,True,string_to_float
5779,ecoli50_r005779,retained,True,string_to_float
5780,ecoli50_r005780,retained,True,string_to_float
5781,ecoli50_r005781,retained,True,string_to_float
5782,ecoli50_r005782,retained,True,string_to_float
5783,ecoli50_r005783,retained,True,string_to_float
5784,ecoli50_r005784,retained,True,string_to_float
5785,ecoli50_r005785,retained,True,string_to_float
5786,ecoli50_r005786,retained,True,string_to_float
5787,ecoli50_r005787,retained,True,string_to_float
5788,ecoli50_r005788,retained,True,string_to_float
5789,ecoli50_r005789,retained,True,string_to_float
5790,ecoli50_r005790,retained,True,string_to_float
5791,ecoli50_r005791,retained,True,string_to_float
5792,ecoli50_r005792,retained,True,string_to_float
5793,ecoli50_r005793,retained,True,string_to_float
5794,ecoli50_r005794,retained,True,string_to_float
5795,ecoli50_r005795,retained,True,string_to_float
5796,ecoli50_r005796,retained,True,string_to_float
5797,ecoli50_r005797,retained,True,string_to_float
5798,ecoli50_r005798,retained,True,string_to_float
5799,ecoli50_r005799,retained,True,string_to_float
5800,ecoli50_r005800,retained,True,string_to_float
5801,ecoli50_r005801,retained,True,string_to_float
5802,ecoli50_r005802,retained,True,string_to_float
5803,ecoli50_r005803,retained,True,string_to_float
5804,ecoli50_r005804,retained,True,string_to_float
5805,ecoli50_r005805,retained,True,string_to_float
5806,ecoli50_r005806,retained,True,string_to_float
5807,ecoli50_r005807,retained,True,string_to_float
5808,ecoli50_r005808,retained,True,string_to_float
5809,ecoli50_r005809,retained,True,string_to_float
5810,ecoli50_r005810,retained,True,string_to_float
5811,ecoli50_r005811,retained,True,string_to_float
5812,ecoli50_r005812,retained,True,string_to_float
5813,ecoli50_r005813,retained,True,string_to_float
5814,ecoli50_r005814,retained,True,string_to_float
5815,ecoli50_r005815,retained,True,string_to_float
5816,ecoli50_r005816,retained,True,string_to_float
5817,ecoli50_r005817,retained,True,string_to_float
5818,ecoli50_r005818,retained,True,string_to_float
5819,ecoli50_r005819,retained,True,string_to_float
5820,ecoli50_r005820,retained,True,string_to_float
5821,ecoli50_r005821,retained,True,string_to_float
5822,ecoli50_r005822,retained,True,string_to_float
5823,ecoli50_r005823,retained,True,string_to_float
5824,ecoli50_r005824,retained,True,string_to_float
5825,ecoli50_r005825,retained,True,string_to_float
5826,ecoli50_r005826,retained,True,string_to_float
5827,ecoli50_r005827,retained,True,string_to_float
5828,ecoli50_r005828,retained,True,string_to_float
5829,ecoli50_r005829,retained,True,string_to_float
5830,ecoli50_r005830,retained,True,string_to_float
5831,ecoli50_r005831,retained,True,string_to_float
5832,ecoli50_r005832,retained,True,string_to_float
5833,ecoli50_r005833,retained,True,string_to_float
5834,ecoli50_r005834,retained,True,string_to_float
5835,ecoli50_r005835,retained,True,string_to_float
5836,ecoli50_r005836,retained,True,string_to_float
5837,ecoli50_r005837,retained,True,string_to_float
5838,ecoli50_r005838,retained,True,string_to_float
5839,ecoli50_r005839,retained,True,string_to_float
5840,ecoli50_r005840,retained,True,string_to_float
5841,ecoli50_r005841,retained,True,string_to_float
5842,ecoli50_r005842,retained,True,string_to_float
5843,ecoli50_r005843,retained,True,string_to_float
5844,ecoli50_r005844,retained,True,string_to_float
5845,ecoli50_r005845,retained,True,string_to_float
5846,ecoli50_r005846,retained,True,string_to_float
5847,ecoli50_r005847,retained,True,string_to_float
5848,ecoli50_r005848,retained,True,string_to_float
5849,ecoli50_r005849,retained,True,string_to_float
5850,ecoli50_r005850,retained,True,string_to_float
5851,ecoli50_r005851,retained,True,string_to_float
5852,ecoli50_r005852,retained,True,string_to_float
5853,ecoli50_r005853,retained,True,string_to_float
5854,ecoli50_r005854,retained,True,string_to_float
5855,ecoli50_r005855,retained,True,string_to_float
5856,ecoli50_r005856,retained,True,string_to_float
5857,ecoli50_r005857,retained,True,string_to_float
5858,ecoli50_r005858,retained,True,string_to_float
5859,ecoli50_r005859,retained,True,string_to_float
5860,ecoli50_r005860,retained,True,string_to_float
5861,ecoli50_r005861,retained,True,string_to_float
5862,ecoli50_r005862,retained,True,string_to_float
5863,ecoli50_r005863,retained,True,string_to_float
5864,ecoli50_r005864,retained,True,string_to_float
5865,ecoli50_r005865,retained,True,string_to_float
5866,ecoli50_r005866,retained,True,string_to_float
5867,ecoli50_r005867,retained,True,string_to_float
5868,ecoli50_r005868,retained,True,string_to_float
5869,ecoli50_r005869,retained,True,string_to_float
5870,ecoli50_r005870,retained,True,string_to_float
5871,ecoli50_r005871,retained,True,string_to_float
5872,ecoli50_r005872,retained,True,string_to_float
5873,ecoli50_r005873,retained,True,string_to_float
5874,ecoli50_r005874,retained,True,string_to_float
5875,ecoli50_r005875,retained,True,string_to_float
5876,ecoli50_r005876,retained,True,string_to_float
5877,ecoli50_r005877,retained,True,string_to_float
5878,ecoli50_r005878,retained,True,string_to_float
5879,ecoli50_r005879,retained,True,string_to_float
5880,ecoli50_r005880,retained,True,string_to_float
5881,ecoli50_r005881,retained,True,string_to_float
5882,ecoli50_r005882,retained,True,string_to_float
5883,ecoli50_r005883,retained,True,string_to_float
5884,ecoli50_r005884,retained,True,string_to_float
5885,ecoli50_r005885,retained,True,string_to_float
5886,ecoli50_r005886,retained,True,string_to_float
5887,ecoli50_r005887,retained,True,string_to_float
5888,ecoli50_r005888,retained,True,string_to_float
5889,ecoli50_r005889,retained,True,string_to_float
5890,ecoli50_r005890,retained,True,string_to_float
5891,ecoli50_r005891,retained,True,string_to_float
5892,ecoli50_r005892,retained,True,string_to_float
5893,ecoli50_r005893,retained,True,string_to_float
5894,ecoli50_r005894,retained,True,string_to_float
5895,ecoli50_r005895,retained,True,string_to_float
5896,ecoli50_r005896,retained,True,string_to_float
5897,ecoli50_r005897,retained,True,string_to_float
5898,ecoli50_r005898,retained,True,string_to_float
5899,ecoli50_r005899,retained,True,string_to_float
5900,ecoli50_r005900,retained,True,string_to_float
5901,ecoli50_r005901,retained,True,string_to_float
5902,ecoli50_r005902,retained,True,string_to_float
5903,ecoli50_r005903,retained,True,string_to_float
5904,ecoli50_r005904,retained,True,string_to_float
5905,ecoli50_r005905,retained,True,string_to_float
5906,ecoli50_r005906,retained,True,string_to_float
5907,ecoli50_r005907,retained,True,string_to_float
5908,ecoli50_r005908,retained,True,string_to_float
5909,ecoli50_r005909,retained,True,string_to_float
5910,ecoli50_r005910,retained,True,string_to_float
5911,ecoli50_r005911,retained,True,string_to_float
5912,ecoli50_r005912,retained,True,string_to_float
5913,ecoli50_r005913,retained,True,string_to_float
5914,ecoli50_r005914,retained,True,string_to_float
5915,ecoli50_r005915,retained,True,string_to_float
5916,ecoli50_r005916,retained,True,string_to_float
5917,ecoli50_r005917,retained,True,string_to_float
5918,ecoli50_r005918,retained,True,string_to_float
5919,ecoli50_r005919,retained,True,string_to_float
5920,ecoli50_r005920,retained,True,string_to_float
5921,ecoli50_r005921,retained,True,string_to_float
5922,ecoli50_r005922,retained,True,string_to_float
5923,ecoli50_r005923,retained,True,string_to_float
5924,ecoli50_r005924,retained,True,string_to_float
5925,ecoli50_r005925,retained,True,string_to_float
5926,ecoli50_r005926,retained,True,string_to_float
5927,ecoli50_r005927,retained,True,string_to_float
5928,ecoli50_r005928,retained,True,string_to_float
5929,ecoli50_r005929,retained,True,string_to_float
5930,ecoli50_r005930,retained,True,string_to_float
5931,ecoli50_r005931,retained,True,string_to_float
5932,ecoli50_r005932,retained,True,string_to_float
5933,ecoli50_r005933,retained,True,string_to_float
5934,ecoli50_r005934,retained,True,string_to_float
5935,ecoli50_r005935,retained,True,string_to_float
5936,ecoli50_r005936,retained,True,string_to_float
5937,ecoli50_r005937,retained,True,string_to_float
5938,ecoli50_r005938,retained,True,string_to_float
5939,ecoli50_r005939,retained,True,string_to_float
5940,ecoli50_r005940,retained,True,string_to_float
5941,ecoli50_r005941,retained,True,string_to_float
5942,ecoli50_r005942,retained,True,string_to_float
5943,ecoli50_r005943,retained,True,string_to_float
5944,ecoli50_r005944,retained,True,string_to_float
5945,ecoli50_r005945,retained,True,string_to_float
5946,ecoli50_r005946,retained,True,string_to_float
5947,ecoli50_r005947,retained,True,string_to_float
5948,ecoli50_r005948,retained,True,string_to_float
5949,ecoli50_r005949,retained,True,string_to_float
5950,ecoli50_r005950,retained,True,string_to_float
5951,ecoli50_r005951,retained,True,string_to_float
5952,ecoli50_r005952,retained,True,string_to_float
5953,ecoli50_r005953,retained,True,string_to_float
5954,ecoli50_r005954,retained,True,string_to_float
5955,ecoli50_r005955,retained,True,string_to_float
5956,ecoli50_r005956,retained,True,string_to_float
5957,ecoli50_r005957,retained,True,string_to_float
5958,ecoli50_r005958,retained,True,string_to_float
5959,ecoli50_r005959,retained,True,string_to_float
5960,ecoli50_r005960,retained,True,string_to_float
5961,ecoli50_r005961,retained,True,string_to_float
5962,ecoli50_r005962,retained,True,string_to_float
5963,ecoli50_r005963,retained,True,string_to_float
5964,ecoli50_r005964,retained,True,string_to_float
5965,ecoli50_r005965,retained,True,string_to_float
5966,ecoli50_r005966,retained,True,string_to_float
5967,ecoli50_r005967,retained,True,string_to_float
5968,ecoli50_r005968,retained,True,string_to_float
5969,ecoli50_r005969,retained,True,string_to_float
5970,ecoli50_r005970,retained,True,string_to_float
5971,ecoli50_r005971,retained,True,string_to_float
5972,ecoli50_r005972,retained,True,string_to_float
5973,ecoli50_r005973,retained,True,string_to_float
5974,ecoli50_r005974,retained,True,string_to_float
5975,ecoli50_r005975,retained,True,string_to_float
5976,ecoli50_r005976,retained,True,string_to_float
5977,ecoli50_r005977,retained,True,string_to_float
5978,ecoli50_r005978,retained,True,string_to_float
5979,ecoli50_r005979,retained,True,string_to_float
5980,ecoli50_r005980,retained,True,string_to_float
5981,ecoli50_r005981,retained,True,string_to_float
5982,ecoli50_r005982,retained,True,string_to_float
5983,ecoli50_r005983,retained,True,string_to_float
5984,ecoli50_r005984,retained,True,string_to_float
5985,ecoli50_r005985,retained,True,string_to_float
5986,ecoli50_r005986,retained,True,string_to_float
5987,ecoli50_r005987,retained,True,string_to_float
5988,ecoli50_r005988,retained,True,string_to_float
5989,ecoli50_r005989,retained,True,string_to_float
5990,ecoli50_r005990,retained,True,string_to_float
5991,ecoli50_r005991,retained,True,string_to_float
5992,ecoli50_r005992,retained,True,string_to_float
5993,ecoli50_r005993,retained,True,string_to_float
5994,ecoli50_r005994,retained,True,string_to_float
5995,ecoli50_r005995,retained,True,string_to_float
5996,ecoli50_r005996,retained,True,string_to_float
5997,ecoli50_r005997,retained,True,string_to_float
5998,ecoli50_r005998,retained,True,string_to_float
5999,ecoli50_r005999,retained,True,string_to_float
6000,ecoli50_r006000,retained,True,string_to_float
6001,ecoli50_r006001,retained,True,string_to_float
6002,ecoli50_r006002,retained,True,string_to_float
6003,ecoli50_r006003,retained,True,string_to_float
6004,ecoli50_r006004,retained,True,string_to_float
6005,ecoli50_r006005,retained,True,string_to_float
6006,ecoli50_r006006,retained,True,string_to_float
6007,ecoli50_r006007,retained,True,string_to_float
6008,ecoli50_r006008,retained,True,string_to_float
6009,ecoli50_r006009,retained,True,string_to_float
6010,ecoli50_r006010,retained,True,string_to_float
6011,ecoli50_r006011,retained,True,string_to_float
6012,ecoli50_r006012,retained,True,string_to_float
6013,ecoli50_r006013,retained,True,string_to_float
6014,ecoli50_r006014,retained,True,string_to_float
6015,ecoli50_r006015,retained,True,string_to_float
6016,ecoli50_r006016,retained,True,string_to_float
6017,ecoli50_r006017,retained,True,string_to_float
6018,ecoli50_r006018,retained,True,string_to_float
6019,ecoli50_r006019,retained,True,string_to_float
6020,ecoli50_r006020,retained,True,string_to_float
6021,ecoli50_r006021,retained,True,string_to_float
6022,ecoli50_r006022,retained,True,string_to_float
6023,ecoli50_r006023,retained,True,string_to_float
6024,ecoli50_r006024,retained,True,string_to_float
6025,ecoli50_r006025,retained,True,string_to_float
6026,ecoli50_r006026,retained,True,string_to_float
6027,ecoli50_r006027,retained,True,string_to_float
6028,ecoli50_r006028,retained,True,string_to_float
6029,ecoli50_r006029,retained,True,string_to_float
6030,ecoli50_r006030,retained,True,string_to_float
6031,ecoli50_r006031,retained,True,string_to_float
6032,ecoli50_r006032,retained,True,string_to_float
6033,ecoli50_r006033,retained,True,string_to_float
6034,ecoli50_r006034,retained,True,string_to_float
6035,ecoli50_r006035,retained,True,string_to_float
6036,ecoli50_r006036,retained,True,string_to_float
6037,ecoli50_r006037,retained,True,string_to_float
6038,ecoli50_r006038,retained,True,string_to_float
6039,ecoli50_r006039,retained,True,string_to_float
6040,ecoli50_r006040,retained,True,string_to_float
6041,ecoli50_r006041,retained,True,string_to_float
6042,ecoli50_r006042,retained,True,string_to_float
6043,ecoli50_r006043,retained,True,string_to_float
6044,ecoli50_r006044,retained,True,string_to_float
6045,ecoli50_r006045,retained,True,string_to_float
6046,ecoli50_r006046,retained,True,string_to_float
6047,ecoli50_r006047,retained,True,string_to_float
6048,ecoli50_r006048,retained,True,string_to_float
6049,ecoli50_r006049,retained,True,string_to_float
6050,ecoli50_r006050,retained,True,string_to_float
6051,ecoli50_r006051,retained,True,string_to_float
6052,ecoli50_r006052,retained,True,string_to_float
6053,ecoli50_r006053,retained,True,string_to_float
6054,ecoli50_r006054,retained,True,string_to_float
6055,ecoli50_r006055,retained,True,string_to_float
6056,ecoli50_r006056,retained,True,string_to_float
6057,ecoli50_r006057,retained,True,string_to_float
6058,ecoli50_r006058,retained,True,string_to_float
6059,ecoli50_r006059,retained,True,string_to_float
6060,ecoli50_r006060,retained,True,string_to_float
6061,ecoli50_r006061,retained,True,string_to_float
6062,ecoli50_r006062,retained,True,string_to_float
6063,ecoli50_r006063,retained,True,string_to_float
6064,ecoli50_r006064,retained,True,string_to_float
6065,ecoli50_r006065,retained,True,string_to_float
6066,ecoli50_r006066,retained,True,string_to_float
6067,ecoli50_r006067,retained,True,string_to_float
6068,ecoli50_r006068,retained,True,string_to_float
6069,ecoli50_r006069,retained,True,string_to_float
6070,ecoli50_r006070,retained,True,string_to_float
6071,ecoli50_r006071,retained,True,string_to_float
6072,ecoli50_r006072,retained,True,string_to_float
6073,ecoli50_r006073,retained,True,string_to_float
6074,ecoli50_r006074,retained,True,string_to_float
6075,ecoli50_r006075,retained,True,string_to_float
6076,ecoli50_r006076,retained,True,string_to_float
6077,ecoli50_r006077,retained,True,string_to_float
6078,ecoli50_r006078,retained,True,string_to_float
6079,ecoli50_r006079,retained,True,string_to_float
6080,ecoli50_r006080,retained,True,string_to_float
6081,ecoli50_r006081,retained,True,string_to_float
6082,ecoli50_r006082,retained,True,string_to_float
6083,ecoli50_r006083,retained,True,string_to_float
6084,ecoli50_r006084,retained,True,string_to_float
6085,ecoli50_r006085,retained,True,string_to_float
6086,ecoli50_r006086,retained,True,string_to_float
6087,ecoli50_r006087,retained,True,string_to_float
6088,ecoli50_r006088,retained,True,string_to_float
6089,ecoli50_r006089,retained,True,string_to_float
6090,ecoli50_r006090,retained,True,string_to_float
6091,ecoli50_r006091,retained,True,string_to_float
6092,ecoli50_r006092,retained,True,string_to_float
6093,ecoli50_r006093,retained,True,string_to_float
6094,ecoli50_r006094,retained,True,string_to_float
6095,ecoli50_r006095,retained,True,string_to_float
6096,ecoli50_r006096,retained,True,string_to_float
6097,ecoli50_r006097,retained,True,string_to_float
6098,ecoli50_r006098,retained,True,string_to_float
6099,ecoli50_r006099,retained,True,string_to_float
6100,ecoli50_r006100,retained,True,string_to_float
6101,ecoli50_r006101,retained,True,string_to_float
6102,ecoli50_r006102,retained,True,string_to_float
6103,ecoli50_r006103,retained,True,string_to_float
6104,ecoli50_r006104,retained,True,string_to_float
6105,ecoli50_r006105,retained,True,string_to_float
6106,ecoli50_r006106,retained,True,string_to_float
6107,ecoli50_r006107,retained,True,string_to_float
6108,ecoli50_r006108,retained,True,string_to_float
6109,ecoli50_r006109,retained,True,string_to_float
6110,ecoli50_r006110,retained,True,string_to_float
6111,ecoli50_r006111,retained,True,string_to_float
6112,ecoli50_r006112,retained,True,string_to_float
6113,ecoli50_r006113,retained,True,string_to_float
6114,ecoli50_r006114,retained,True,string_to_float
6115,ecoli50_r006115,retained,True,string_to_float
6116,ecoli50_r006116,retained,True,string_to_float
6117,ecoli50_r006117,retained,True,string_to_float
6118,ecoli50_r006118,retained,True,string_to_float
6119,ecoli50_r006119,retained,True,string_to_float
6120,ecoli50_r006120,retained,True,string_to_float
6121,ecoli50_r006121,retained,True,string_to_float
6122,ecoli50_r006122,retained,True,string_to_float
6123,ecoli50_r006123,retained,True,string_to_float
6124,ecoli50_r006124,retained,True,string_to_float
6125,ecoli50_r006125,retained,True,string_to_float
6126,ecoli50_r006126,retained,True,string_to_float
6127,ecoli50_r006127,retained,True,string_to_float
6128,ecoli50_r006128,retained,True,string_to_float
6129,ecoli50_r006129,retained,True,string_to_float
6130,ecoli50_r006130,retained,True,string_to_float
6131,ecoli50_r006131,retained,True,string_to_float
6132,ecoli50_r006132,retained,True,string_to_float
6133,ecoli50_r006133,retained,True,string_to_float
6134,ecoli50_r006134,retained,True,string_to_float
6135,ecoli50_r006135,retained,True,string_to_float
6136,ecoli50_r006136,retained,True,string_to_float
6137,ecoli50_r006137,retained,True,string_to_float
6138,ecoli50_r006138,retained,True,string_to_float
6139,ecoli50_r006139,retained,True,string_to_float
6140,ecoli50_r006140,retained,True,string_to_float
6141,ecoli50_r006141,retained,True,string_to_float
6142,ecoli50_r006142,retained,True,string_to_float
6143,ecoli50_r006143,retained,True,string_to_float
6144,ecoli50_r006144,retained,True,string_to_float
6145,ecoli50_r006145,retained,True,string_to_float
6146,ecoli50_r006146,retained,True,string_to_float
6147,ecoli50_r006147,retained,True,string_to_float
6148,ecoli50_r006148,retained,True,string_to_float
6149,ecoli50_r006149,retained,True,string_to_float
6150,ecoli50_r006150,retained,True,string_to_float
6151,ecoli50_r006151,retained,True,string_to_float
6152,ecoli50_r006152,retained,True,string_to_float
6153,ecoli50_r006153,retained,True,string_to_float
6154,ecoli50_r006154,retained,True,string_to_float
6155,ecoli50_r006155,retained,True,string_to_float
6156,ecoli50_r006156,retained,True,string_to_float
6157,ecoli50_r006157,retained,True,string_to_float
6158,ecoli50_r006158,retained,True,string_to_float
6159,ecoli50_r006159,retained,True,string_to_float
6160,ecoli50_r006160,retained,True,string_to_float
6161,ecoli50_r006161,retained,True,string_to_float
6162,ecoli50_r006162,retained,True,string_to_float
6163,ecoli50_r006163,retained,True,string_to_float
6164,ecoli50_r006164,retained,True,string_to_float
6165,ecoli50_r006165,retained,True,string_to_float
6166,ecoli50_r006166,retained,True,string_to_float
6167,ecoli50_r006167,retained,True,string_to_float
6168,ecoli50_r006168,retained,True,string_to_float
6169,ecoli50_r006169,retained,True,string_to_float
6170,ecoli50_r006170,retained,True,string_to_float
6171,ecoli50_r006171,retained,True,string_to_float
6172,ecoli50_r006172,retained,True,string_to_float
6173,ecoli50_r006173,retained,True,string_to_float
6174,ecoli50_r006174,retained,True,string_to_float
6175,ecoli50_r006175,retained,True,string_to_float
6176,ecoli50_r006176,retained,True,string_to_float
6177,ecoli50_r006177,retained,True,string_to_float
6178,ecoli50_r006178,retained,True,string_to_float
6179,ecoli50_r006179,retained,True,string_to_float
6180,ecoli50_r006180,retained,True,string_to_float
6181,ecoli50_r006181,retained,True,string_to_float
6182,ecoli50_r006182,retained,True,string_to_float
6183,ecoli50_r006183,retained,True,string_to_float
6184,ecoli50_r006184,retained,True,string_to_float
6185,ecoli50_r006185,retained,True,string_to_float
6186,ecoli50_r006186,retained,True,string_to_float
6187,ecoli50_r006187,retained,True,string_to_float
6188,ecoli50_r006188,retained,True,string_to_float
6189,ecoli50_r006189,retained,True,string_to_float
6190,ecoli50_r006190,retained,True,string_to_float
6191,ecoli50_r006191,retained,True,string_to_float
6192,ecoli50_r006192,retained,True,string_to_float
6193,ecoli50_r006193,retained,True,string_to_float
6194,ecoli50_r006194,retained,True,string_to_float
6195,ecoli50_r006195,retained,True,string_to_float
6196,ecoli50_r006196,retained,True,string_to_float
6197,ecoli50_r006197,retained,True,string_to_float
6198,ecoli50_r006198,retained,True,string_to_float
6199,ecoli50_r006199,retained,True,string_to_float
6200,ecoli50_r006200,retained,True,string_to_float
6201,ecoli50_r006201,retained,True,string_to_float
6202,ecoli50_r006202,retained,True,string_to_float
6203,ecoli50_r006203,retained,True,string_to_float
6204,ecoli50_r006204,retained,True,string_to_float
6205,ecoli50_r006205,retained,True,string_to_float
6206,ecoli50_r006206,retained,True,string_to_float
6207,ecoli50_r006207,retained,True,string_to_float
6208,ecoli50_r006208,retained,True,string_to_float
6209,ecoli50_r006209,retained,True,string_to_float
6210,ecoli50_r006210,retained,True,string_to_float
6211,ecoli50_r006211,retained,True,string_to_float
6212,ecoli50_r006212,retained,True,string_to_float
6213,ecoli50_r006213,retained,True,string_to_float
6214,ecoli50_r006214,retained,True,string_to_float
6215,ecoli50_r006215,retained,True,string_to_float
6216,ecoli50_r006216,retained,True,string_to_float
6217,ecoli50_r006217,retained,True,string_to_float
6218,ecoli50_r006218,retained,True,string_to_float
6219,ecoli50_r006219,retained,True,string_to_float
6220,ecoli50_r006220,retained,True,string_to_float
6221,ecoli50_r006221,retained,True,string_to_float
6222,ecoli50_r006222,retained,True,string_to_float
6223,ecoli50_r006223,retained,True,string_to_float
6224,ecoli50_r006224,retained,True,string_to_float
6225,ecoli50_r006225,retained,True,string_to_float
6226,ecoli50_r006226,retained,True,string_to_float
6227,ecoli50_r006227,retained,True,string_to_float
6228,ecoli50_r006228,retained,True,string_to_float
6229,ecoli50_r006229,retained,True,string_to_float
6230,ecoli50_r006230,retained,True,string_to_float
6231,ecoli50_r006231,retained,True,string_to_float
6232,ecoli50_r006232,retained,True,string_to_float
6233,ecoli50_r006233,retained,True,string_to_float
6234,ecoli50_r006234,retained,True,string_to_float
6235,ecoli50_r006235,retained,True,string_to_float
6236,ecoli50_r006236,retained,True,string_to_float
6237,ecoli50_r006237,retained,True,string_to_float
6238,ecoli50_r006238,retained,True,string_to_float
6239,ecoli50_r006239,retained,True,string_to_float
6240,ecoli50_r006240,retained,True,string_to_float
6241,ecoli50_r006241,retained,True,string_to_float
6242,ecoli50_r006242,retained,True,string_to_float
6243,ecoli50_r006243,retained,True,string_to_float
6244,ecoli50_r006244,retained,True,string_to_float
6245,ecoli50_r006245,retained,True,string_to_float
6246,ecoli50_r006246,retained,True,string_to_float
6247,ecoli50_r006247,retained,True,string_to_float
6248,ecoli50_r006248,retained,True,string_to_float
6249,ecoli50_r006249,retained,True,string_to_float
6250,ecoli50_r006250,retained,True,string_to_float
6251,ecoli50_r006251,retained,True,string_to_float
6252,ecoli50_r006252,retained,True,string_to_float
6253,ecoli50_r006253,retained,True,string_to_float
6254,ecoli50_r006254,retained,True,string_to_float
6255,ecoli50_r006255,retained,True,string_to_float
6256,ecoli50_r006256,retained,True,string_to_float
6257,ecoli50_r006257,retained,True,string_to_float
6258,ecoli50_r006258,retained,True,string_to_float
6259,ecoli50_r006259,retained,True,string_to_float
6260,ecoli50_r006260,retained,True,string_to_float
6261,ecoli50_r006261,retained,True,string_to_float
6262,ecoli50_r006262,retained,True,string_to_float
6263,ecoli50_r006263,retained,True,string_to_float
6264,ecoli50_r006264,retained,True,string_to_float
6265,ecoli50_r006265,retained,True,string_to_float
6266,ecoli50_r006266,retained,True,string_to_float
6267,ecoli50_r006267,retained,True,string_to_float
6268,ecoli50_r006268,retained,True,string_to_float
6269,ecoli50_r006269,retained,True,string_to_float
6270,ecoli50_r006270,retained,True,string_to_float
6271,ecoli50_r006271,retained,True,string_to_float
6272,ecoli50_r006272,retained,True,string_to_float
6273,ecoli50_r006273,retained,True,string_to_float
6274,ecoli50_r006274,retained,True,string_to_float
6275,ecoli50_r006275,retained,True,string_to_float
6276,ecoli50_r006276,retained,True,string_to_float
6277,ecoli50_r006277,retained,True,string_to_float
6278,ecoli50_r006278,retained,True,string_to_float
6279,ecoli50_r006279,retained,True,string_to_float
6280,ecoli50_r006280,retained,True,string_to_float
6281,ecoli50_r006281,retained,True,string_to_float
6282,ecoli50_r006282,retained,True,string_to_float
6283,ecoli50_r006283,retained,True,string_to_float
6284,ecoli50_r006284,retained,True,string_to_float
6285,ecoli50_r006285,retained,True,string_to_float
6286,ecoli50_r006286,retained,True,string_to_float
6287,ecoli50_r006287,retained,True,string_to_float
6288,ecoli50_r006288,retained,True,string_to_float
6289,ecoli50_r006289,retained,True,string_to_float
6290,ecoli50_r006290,retained,True,string_to_float
6291,ecoli50_r006291,retained,True,string_to_float
6292,ecoli50_r006292,retained,True,string_to_float
6293,ecoli50_r006293,retained,True,string_to_float
6294,ecoli50_r006294,retained,True,string_to_float
6295,ecoli50_r006295,retained,True,string_to_float
6296,ecoli50_r006296,retained,True,string_to_float
6297,ecoli50_r006297,retained,True,string_to_float
6298,ecoli50_r006298,retained,True,string_to_float
6299,ecoli50_r006299,retained,True,string_to_float
6300,ecoli50_r006300,retained,True,string_to_float
6301,ecoli50_r006301,retained,True,string_to_float
6302,ecoli50_r006302,retained,True,string_to_float
6303,ecoli50_r006303,retained,True,string_to_float
6304,ecoli50_r006304,retained,True,string_to_float
6305,ecoli50_r006305,retained,True,string_to_float
6306,ecoli50_r006306,retained,True,string_to_float
6307,ecoli50_r006307,retained,True,string_to_float
6308,ecoli50_r006308,retained,True,string_to_float
6309,ecoli50_r006309,retained,True,string_to_float
6310,ecoli50_r006310,retained,True,string_to_float
6311,ecoli50_r006311,retained,True,string_to_float
6312,ecoli50_r006312,retained,True,string_to_float
6313,ecoli50_r006313,retained,True,string_to_float
6314,ecoli50_r006314,retained,True,string_to_float
6315,ecoli50_r006315,retained,True,string_to_float
6316,ecoli50_r006316,retained,True,string_to_float
6317,ecoli50_r006317,retained,True,string_to_float
6318,ecoli50_r006318,retained,True,string_to_float
6319,ecoli50_r006319,retained,True,string_to_float
6320,ecoli50_r006320,retained,True,string_to_float
6321,ecoli50_r006321,retained,True,string_to_float
6322,ecoli50_r006322,retained,True,string_to_float
6323,ecoli50_r006323,retained,True,string_to_float
6324,ecoli50_r006324,retained,True,string_to_float
6325,ecoli50_r006325,retained,True,string_to_float
6326,ecoli50_r006326,retained,True,string_to_float
6327,ecoli50_r006327,retained,True,string_to_float
6328,ecoli50_r006328,retained,True,string_to_float
6329,ecoli50_r006329,retained,True,string_to_float
6330,ecoli50_r006330,retained,True,string_to_float
6331,ecoli50_r006331,retained,True,string_to_float
6332,ecoli50_r006332,retained,True,string_to_float
6333,ecoli50_r006333,retained,True,string_to_float
6334,ecoli50_r006334,retained,True,string_to_float
6335,ecoli50_r006335,retained,True,string_to_float
6336,ecoli50_r006336,retained,True,string_to_float
6337,ecoli50_r006337,retained,True,string_to_float
6338,ecoli50_r006338,retained,True,string_to_float
6339,ecoli50_r006339,retained,True,string_to_float
6340,ecoli50_r006340,retained,True,string_to_float
6341,ecoli50_r006341,retained,True,string_to_float
6342,ecoli50_r006342,retained,True,string_to_float
6343,ecoli50_r006343,retained,True,string_to_float
6344,ecoli50_r006344,retained,True,string_to_float
6345,ecoli50_r006345,retained,True,string_to_float
6346,ecoli50_r006346,retained,True,string_to_float
6347,ecoli50_r006347,retained,True,string_to_float
6348,ecoli50_r006348,retained,True,string_to_float
6349,ecoli50_r006349,retained,True,string_to_float
6350,ecoli50_r006350,retained,True,string_to_float
6351,ecoli50_r006351,retained,True,string_to_float
6352,ecoli50_r006352,retained,True,string_to_float
6353,ecoli50_r006353,retained,True,string_to_float
6354,ecoli50_r006354,retained,True,string_to_float
6355,ecoli50_r006355,retained,True,string_to_float
6356,ecoli50_r006356,retained,True,string_to_float
6357,ecoli50_r006357,retained,True,string_to_float
6358,ecoli50_r006358,retained,True,string_to_float
6359,ecoli50_r006359,retained,True,string_to_float
6360,ecoli50_r006360,retained,True,string_to_float
6361,ecoli50_r006361,retained,True,string_to_float
6362,ecoli50_r006362,retained,True,string_to_float
6363,ecoli50_r006363,retained,True,string_to_float
6364,ecoli50_r006364,retained,True,string_to_float
6365,ecoli50_r006365,retained,True,string_to_float
6366,ecoli50_r006366,retained,True,string_to_float
6367,ecoli50_r006367,retained,True,string_to_float
6368,ecoli50_r006368,retained,True,string_to_float
6369,ecoli50_r006369,retained,True,string_to_float
6370,ecoli50_r006370,retained,True,string_to_float
6371,ecoli50_r006371,retained,True,string_to_float
6372,ecoli50_r006372,retained,True,string_to_float
6373,ecoli50_r006373,retained,True,string_to_float
6374,ecoli50_r006374,retained,True,string_to_float
6375,ecoli50_r006375,retained,True,string_to_float
6376,ecoli50_r006376,retained,True,string_to_float
6377,ecoli50_r006377,retained,True,string_to_float
6378,ecoli50_r006378,retained,True,string_to_float
6379,ecoli50_r006379,retained,True,string_to_float
6380,ecoli50_r006380,retained,True,string_to_float
6381,ecoli50_r006381,retained,True,string_to_float
6382,ecoli50_r006382,retained,True,string_to_float
6383,ecoli50_r006383,retained,True,string_to_float
6384,ecoli50_r006384,retained,True,string_to_float
6385,ecoli50_r006385,retained,True,string_to_float
6386,ecoli50_r006386,retained,True,string_to_float
6387,ecoli50_r006387,retained,True,string_to_float
6388,ecoli50_r006388,retained,True,string_to_float
6389,ecoli50_r006389,retained,True,string_to_float
6390,ecoli50_r006390,retained,True,string_to_float
6391,ecoli50_r006391,retained,True,string_to_float
6392,ecoli50_r006392,retained,True,string_to_float
6393,ecoli50_r006393,retained,True,string_to_float
6394,ecoli50_r006394,retained,True,string_to_float
6395,ecoli50_r006395,retained,True,string_to_float
6396,ecoli50_r006396,retained,True,string_to_float
6397,ecoli50_r006397,retained,True,string_to_float
6398,ecoli50_r006398,retained,True,string_to_float
6399,ecoli50_r006399,retained,True,string_to_float
6400,ecoli50_r006400,retained,True,string_to_float
6401,ecoli50_r006401,retained,True,string_to_float
6402,ecoli50_r006402,retained,True,string_to_float
6403,ecoli50_r006403,retained,True,string_to_float
6404,ecoli50_r006404,retained,True,string_to_float
6405,ecoli50_r006405,retained,True,string_to_float
6406,ecoli50_r006406,retained,True,string_to_float
6407,ecoli50_r006407,retained,True,string_to_float
6408,ecoli50_r006408,retained,True,string_to_float
6409,ecoli50_r006409,retained,True,string_to_float
6410,ecoli50_r006410,retained,True,string_to_float
6411,ecoli50_r006411,retained,True,string_to_float
6412,ecoli50_r006412,retained,True,string_to_float
6413,ecoli50_r006413,retained,True,string_to_float
6414,ecoli50_r006414,retained,True,string_to_float
6415,ecoli50_r006415,retained,True,string_to_float
6416,ecoli50_r006416,retained,True,string_to_float
6417,ecoli50_r006417,retained,True,string_to_float
6418,ecoli50_r006418,retained,True,string_to_float
6419,ecoli50_r006419,retained,True,string_to_float
6420,ecoli50_r006420,retained,True,string_to_float
6421,ecoli50_r006421,retained,True,string_to_float
6422,ecoli50_r006422,retained,True,string_to_float
6423,ecoli50_r006423,retained,True,string_to_float
6424,ecoli50_r006424,retained,True,string_to_float
6425,ecoli50_r006425,retained,True,string_to_float
6426,ecoli50_r006426,retained,True,string_to_float
6427,ecoli50_r006427,retained,True,string_to_float
6428,ecoli50_r006428,retained,True,string_to_float
6429,ecoli50_r006429,retained,True,string_to_float
6430,ecoli50_r006430,retained,True,string_to_float
6431,ecoli50_r006431,retained,True,string_to_float
6432,ecoli50_r006432,retained,True,string_to_float
6433,ecoli50_r006433,retained,True,string_to_float
6434,ecoli50_r006434,retained,True,string_to_float
6435,ecoli50_r006435,retained,True,string_to_float
6436,ecoli50_r006436,retained,True,string_to_float
6437,ecoli50_r006437,retained,True,string_to_float
6438,ecoli50_r006438,retained,True,string_to_float
6439,ecoli50_r006439,retained,True,string_to_float
6440,ecoli50_r006440,retained,True,string_to_float
6441,ecoli50_r006441,retained,True,string_to_float
6442,ecoli50_r006442,retained,True,string_to_float
6443,ecoli50_r006443,retained,True,string_to_float
6444,ecoli50_r006444,retained,True,string_to_float
6445,ecoli50_r006445,retained,True,string_to_float
6446,ecoli50_r006446,retained,True,string_to_float
6447,ecoli50_r006447,retained,True,string_to_float
6448,ecoli50_r006448,retained,True,string_to_float
6449,ecoli50_r006449,retained,True,string_to_float
6450,ecoli50_r006450,retained,True,string_to_float
6451,ecoli50_r006451,retained,True,string_to_float
6452,ecoli50_r006452,retained,True,string_to_float
6453,ecoli50_r006453,retained,True,string_to_float
6454,ecoli50_r006454,retained,True,string_to_float
6455,ecoli50_r006455,retained,True,string_to_float
6456,ecoli50_r006456,retained,True,string_to_float
6457,ecoli50_r006457,retained,True,string_to_float
6458,ecoli50_r006458,retained,True,string_to_float
6459,ecoli50_r006459,retained,True,string_to_float
6460,ecoli50_r006460,retained,True,string_to_float
6461,ecoli50_r006461,retained,True,string_to_float
6462,ecoli50_r006462,retained,True,string_to_float
6463,ecoli50_r006463,retained,True,string_to_float
6464,ecoli50_r006464,retained,True,string_to_float
6465,ecoli50_r006465,retained,True,string_to_float
6466,ecoli50_r006466,retained,True,string_to_float
6467,ecoli50_r006467,retained,True,string_to_float
6468,ecoli50_r006468,retained,True,string_to_float
6469,ecoli50_r006469,retained,True,string_to_float
6470,ecoli50_r006470,retained,True,string_to_float
6471,ecoli50_r006471,retained,True,string_to_float
6472,ecoli50_r006472,retained,True,string_to_float
6473,ecoli50_r006473,retained,True,string_to_float
6474,ecoli50_r006474,retained,True,string_to_float
6475,ecoli50_r006475,retained,True,string_to_float
6476,ecoli50_r006476,retained,True,string_to_float
6477,ecoli50_r006477,retained,True,string_to_float
6478,ecoli50_r006478,retained,True,string_to_float
6479,ecoli50_r006479,retained,True,string_to_float
6480,ecoli50_r006480,retained,True,string_to_float
6481,ecoli50_r006481,retained,True,string_to_float
6482,ecoli50_r006482,retained,True,string_to_float
6483,ecoli50_r006483,retained,True,string_to_float
6484,ecoli50_r006484,retained,True,string_to_float
6485,ecoli50_r006485,retained,True,string_to_float
6486,ecoli50_r006486,retained,True,string_to_float
6487,ecoli50_r006487,retained,True,string_to_float
6488,ecoli50_r006488,retained,True,string_to_float
6489,ecoli50_r006489,retained,True,string_to_float
6490,ecoli50_r006490,retained,True,string_to_float
6491,ecoli50_r006491,retained,True,string_to_float
6492,ecoli50_r006492,retained,True,string_to_float
6493,ecoli50_r006493,retained,True,string_to_float
6494,ecoli50_r006494,retained,True,string_to_float
6495,ecoli50_r006495,retained,True,string_to_float
6496,ecoli50_r006496,retained,True,string_to_float
6497,ecoli50_r006497,retained,True,string_to_float
6498,ecoli50_r006498,retained,True,string_to_float
6499,ecoli50_r006499,retained,True,string_to_float
6500,ecoli50_r006500,retained,True,string_to_float
6501,ecoli50_r006501,retained,True,string_to_float
6502,ecoli50_r006502,retained,True,string_to_float
6503,ecoli50_r006503,retained,True,string_to_float
6504,ecoli50_r006504,retained,True,string_to_float
6505,ecoli50_r006505,retained,True,string_to_float
6506,ecoli50_r006506,retained,True,string_to_float
6507,ecoli50_r006507,retained,True,string_to_float
6508,ecoli50_r006508,retained,True,string_to_float
6509,ecoli50_r006509,retained,True,string_to_float
6510,ecoli50_r006510,retained,True,string_to_float
6511,ecoli50_r006511,retained,True,string_to_float
6512,ecoli50_r006512,retained,True,string_to_float
6513,ecoli50_r006513,retained,True,string_to_float
6514,ecoli50_r006514,retained,True,string_to_float
6515,ecoli50_r006515,retained,True,string_to_float
6516,ecoli50_r006516,retained,True,string_to_float
6517,ecoli50_r006517,retained,True,string_to_float
6518,ecoli50_r006518,retained,True,string_to_float
6519,ecoli50_r006519,retained,True,string_to_float
6520,ecoli50_r006520,retained,True,string_to_float
6521,ecoli50_r006521,retained,True,string_to_float
6522,ecoli50_r006522,retained,True,string_to_float
6523,ecoli50_r006523,retained,True,string_to_float
6524,ecoli50_r006524,retained,True,string_to_float
6525,ecoli50_r006525,retained,True,string_to_float
6526,ecoli50_r006526,retained,True,string_to_float
6527,ecoli50_r006527,retained,True,string_to_float
6528,ecoli50_r006528,retained,True,string_to_float
6529,ecoli50_r006529,retained,True,string_to_float
6530,ecoli50_r006530,retained,True,string_to_float
6531,ecoli50_r006531,retained,True,string_to_float
6532,ecoli50_r006532,retained,True,string_to_float
6533,ecoli50_r006533,retained,True,string_to_float
6534,ecoli50_r006534,retained,True,string_to_float
6535,ecoli50_r006535,retained,True,string_to_float
6536,ecoli50_r006536,retained,True,string_to_float
6537,ecoli50_r006537,retained,True,string_to_float
6538,ecoli50_r006538,retained,True,string_to_float
6539,ecoli50_r006539,retained,True,string_to_float
6540,ecoli50_r006540,retained,True,string_to_float
6541,ecoli50_r006541,retained,True,string_to_float
6542,ecoli50_r006542,retained,True,string_to_float
6543,ecoli50_r006543,retained,True,string_to_float
6544,ecoli50_r006544,retained,True,string_to_float
6545,ecoli50_r006545,retained,True,string_to_float
6546,ecoli50_r006546,retained,True,string_to_float
6547,ecoli50_r006547,retained,True,string_to_float
6548,ecoli50_r006548,retained,True,string_to_float
6549,ecoli50_r006549,retained,True,string_to_float
6550,ecoli50_r006550,retained,True,string_to_float
6551,ecoli50_r006551,retained,True,string_to_float
6552,ecoli50_r006552,retained,True,string_to_float
6553,ecoli50_r006553,retained,True,string_to_float
6554,ecoli50_r006554,retained,True,string_to_float
6555,ecoli50_r006555,retained,True,string_to_float
6556,ecoli50_r006556,retained,True,string_to_float
6557,ecoli50_r006557,retained,True,string_to_float
6558,ecoli50_r006558,retained,True,string_to_float
6559,ecoli50_r006559,retained,True,string_to_float
6560,ecoli50_r006560,retained,True,string_to_float
6561,ecoli50_r006561,retained,True,string_to_float
6562,ecoli50_r006562,retained,True,string_to_float
6563,ecoli50_r006563,retained,True,string_to_float
6564,ecoli50_r006564,retained,True,string_to_float
6565,ecoli50_r006565,retained,True,string_to_float
6566,ecoli50_r006566,retained,True,string_to_float
6567,ecoli50_r006567,retained,True,string_to_float
6568,ecoli50_r006568,retained,True,string_to_float
6569,ecoli50_r006569,retained,True,string_to_float
6570,ecoli50_r006570,retained,True,string_to_float
6571,ecoli50_r006571,retained,True,string_to_float
6572,ecoli50_r006572,retained,True,string_to_float
6573,ecoli50_r006573,retained,True,string_to_float
6574,ecoli50_r006574,retained,True,string_to_float
6575,ecoli50_r006575,retained,True,string_to_float
6576,ecoli50_r006576,retained,True,string_to_float
6577,ecoli50_r006577,retained,True,string_to_float
6578,ecoli50_r006578,retained,True,string_to_float
6579,ecoli50_r006579,retained,True,string_to_float
6580,ecoli50_r006580,retained,True,string_to_float
6581,ecoli50_r006581,retained,True,string_to_float
6582,ecoli50_r006582,retained,True,string_to_float
6583,ecoli50_r006583,retained,True,string_to_float
6584,ecoli50_r006584,retained,True,string_to_float
6585,ecoli50_r006585,retained,True,string_to_float
6586,ecoli50_r006586,retained,True,string_to_float
6587,ecoli50_r006587,retained,True,string_to_float
6588,ecoli50_r006588,retained,True,string_to_float
6589,ecoli50_r006589,retained,True,string_to_float
6590,ecoli50_r006590,retained,True,string_to_float
6591,ecoli50_r006591,retained,True,string_to_float
6592,ecoli50_r006592,retained,True,string_to_float
6593,ecoli50_r006593,retained,True,string_to_float
6594,ecoli50_r006594,retained,True,string_to_float
6595,ecoli50_r006595,retained,True,string_to_float
6596,ecoli50_r006596,retained,True,string_to_float
6597,ecoli50_r006597,retained,True,string_to_float
6598,ecoli50_r006598,retained,True,string_to_float
6599,ecoli50_r006599,retained,True,string_to_float
6600,ecoli50_r006600,retained,True,string_to_float
6601,ecoli50_r006601,retained,True,string_to_float
6602,ecoli50_r006602,retained,True,string_to_float
6603,ecoli50_r006603,retained,True,string_to_float
6604,ecoli50_r006604,retained,True,string_to_float
6605,ecoli50_r006605,retained,True,string_to_float
6606,ecoli50_r006606,retained,True,string_to_float
6607,ecoli50_r006607,retained,True,string_to_float
6608,ecoli50_r006608,retained,True,string_to_float
6609,ecoli50_r006609,retained,True,string_to_float
6610,ecoli50_r006610,retained,True,string_to_float
6611,ecoli50_r006611,retained,True,string_to_float
6612,ecoli50_r006612,retained,True,string_to_float
6613,ecoli50_r006613,retained,True,string_to_float
6614,ecoli50_r006614,retained,True,string_to_float
6615,ecoli50_r006615,retained,True,string_to_float
6616,ecoli50_r006616,retained,True,string_to_float
6617,ecoli50_r006617,retained,True,string_to_float
6618,ecoli50_r006618,retained,True,string_to_float
6619,ecoli50_r006619,retained,True,string_to_float
6620,ecoli50_r006620,retained,True,string_to_float
6621,ecoli50_r006621,retained,True,string_to_float
6622,ecoli50_r006622,retained,True,string_to_float
6623,ecoli50_r006623,retained,True,string_to_float
6624,ecoli50_r006624,retained,True,string_to_float
6625,ecoli50_r006625,retained,True,string_to_float
6626,ecoli50_r006626,retained,True,string_to_float
6627,ecoli50_r006627,retained,True,string_to_float
6628,ecoli50_r006628,retained,True,string_to_float
6629,ecoli50_r006629,retained,True,string_to_float
6630,ecoli50_r006630,retained,True,string_to_float
6631,ecoli50_r006631,retained,True,string_to_float
6632,ecoli50_r006632,retained,True,string_to_float
6633,ecoli50_r006633,retained,True,string_to_float
6634,ecoli50_r006634,retained,True,string_to_float
6635,ecoli50_r006635,retained,True,string_to_float
6636,ecoli50_r006636,retained,True,string_to_float
6637,ecoli50_r006637,retained,True,string_to_float
6638,ecoli50_r006638,retained,True,string_to_float
6639,ecoli50_r006639,retained,True,string_to_float
6640,ecoli50_r006640,retained,True,string_to_float
6641,ecoli50_r006641,retained,True,string_to_float
6642,ecoli50_r006642,retained,True,string_to_float
6643,ecoli50_r006643,retained,True,string_to_float
6644,ecoli50_r006644,retained,True,string_to_float
6645,ecoli50_r006645,retained,True,string_to_float
6646,ecoli50_r006646,retained,True,string_to_float
6647,ecoli50_r006647,retained,True,string_to_float
6648,ecoli50_r006648,retained,True,string_to_float
6649,ecoli50_r006649,retained,True,string_to_float
6650,ecoli50_r006650,retained,True,string_to_float
6651,ecoli50_r006651,retained,True,string_to_float
6652,ecoli50_r006652,retained,True,string_to_float
6653,ecoli50_r006653,retained,True,string_to_float
6654,ecoli50_r006654,retained,True,string_to_float
6655,ecoli50_r006655,retained,True,string_to_float
6656,ecoli50_r006656,retained,True,string_to_float
6657,ecoli50_r006657,retained,True,string_to_float
6658,ecoli50_r006658,retained,True,string_to_float
6659,ecoli50_r006659,retained,True,string_to_float
6660,ecoli50_r006660,retained,True,string_to_float
6661,ecoli50_r006661,retained,True,string_to_float
6662,ecoli50_r006662,retained,True,string_to_float
6663,ecoli50_r006663,retained,True,string_to_float
6664,ecoli50_r006664,retained,True,string_to_float
6665,ecoli50_r006665,retained,True,string_to_float
6666,ecoli50_r006666,retained,True,string_to_float
6667,ecoli50_r006667,retained,True,string_to_float
6668,ecoli50_r006668,retained,True,string_to_float
6669,ecoli50_r006669,retained,True,string_to_float
6670,ecoli50_r006670,retained,True,string_to_float
6671,ecoli50_r006671,retained,True,string_to_float
6672,ecoli50_r006672,retained,True,string_to_float
6673,ecoli50_r006673,retained,True,string_to_float
6674,ecoli50_r006674,retained,True,string_to_float
6675,ecoli50_r006675,retained,True,string_to_float
6676,ecoli50_r006676,retained,True,string_to_float
6677,ecoli50_r006677,retained,True,string_to_float
6678,ecoli50_r006678,retained,True,string_to_float
6679,ecoli50_r006679,retained,True,string_to_float
6680,ecoli50_r006680,retained,True,string_to_float
6681,ecoli50_r006681,retained,True,string_to_float
6682,ecoli50_r006682,retained,True,string_to_float
6683,ecoli50_r006683,retained,True,string_to_float
6684,ecoli50_r006684,retained,True,string_to_float
6685,ecoli50_r006685,retained,True,string_to_float
6686,ecoli50_r006686,retained,True,string_to_float
6687,ecoli50_r006687,retained,True,string_to_float
6688,ecoli50_r006688,retained,True,string_to_float
6689,ecoli50_r006689,retained,True,string_to_float
6690,ecoli50_r006690,retained,True,string_to_float
6691,ecoli50_r006691,retained,True,string_to_float
6692,ecoli50_r006692,retained,True,string_to_float
6693,ecoli50_r006693,retained,True,string_to_float
6694,ecoli50_r006694,retained,True,string_to_float
6695,ecoli50_r006695,retained,True,string_to_float
6696,ecoli50_r006696,retained,True,string_to_float
6697,ecoli50_r006697,retained,True,string_to_float
6698,ecoli50_r006698,retained,True,string_to_float
6699,ecoli50_r006699,retained,True,string_to_float
6700,ecoli50_r006700,retained,True,string_to_float
6701,ecoli50_r006701,retained,True,string_to_float
6702,ecoli50_r006702,retained,True,string_to_float
6703,ecoli50_r006703,retained,True,string_to_float
6704,ecoli50_r006704,retained,True,string_to_float
6705,ecoli50_r006705,retained,True,string_to_float
6706,ecoli50_r006706,retained,True,string_to_float
6707,ecoli50_r006707,retained,True,string_to_float
6708,ecoli50_r006708,retained,True,string_to_float
6709,ecoli50_r006709,retained,True,string_to_float
6710,ecoli50_r006710,retained,True,string_to_float
6711,ecoli50_r006711,retained,True,string_to_float
6712,ecoli50_r006712,retained,True,string_to_float
6713,ecoli50_r006713,retained,True,string_to_float
6714,ecoli50_r006714,retained,True,string_to_float
6715,ecoli50_r006715,retained,True,string_to_float
6716,ecoli50_r006716,retained,True,string_to_float
6717,ecoli50_r006717,retained,True,string_to_float
6718,ecoli50_r006718,retained,True,string_to_float
6719,ecoli50_r006719,retained,True,string_to_float
6720,ecoli50_r006720,retained,True,string_to_float
6721,ecoli50_r006721,retained,True,string_to_float
6722,ecoli50_r006722,retained,True,string_to_float
6723,ecoli50_r006723,retained,True,string_to_float
6724,ecoli50_r006724,retained,True,string_to_float
6725,ecoli50_r006725,retained,True,string_to_float
6726,ecoli50_r006726,retained,True,string_to_float
6727,ecoli50_r006727,retained,True,string_to_float
6728,ecoli50_r006728,retained,True,string_to_float
6729,ecoli50_r006729,retained,True,string_to_float
6730,ecoli50_r006730,retained,True,string_to_float
6731,ecoli50_r006731,retained,True,string_to_float
6732,ecoli50_r006732,retained,True,string_to_float
6733,ecoli50_r006733,retained,True,string_to_float
6734,ecoli50_r006734,retained,True,string_to_float
6735,ecoli50_r006735,retained,True,string_to_float
6736,ecoli50_r006736,retained,True,string_to_float
6737,ecoli50_r006737,retained,True,string_to_float
6738,ecoli50_r006738,retained,True,string_to_float
6739,ecoli50_r006739,retained,True,string_to_float
6740,ecoli50_r006740,retained,True,string_to_float
6741,ecoli50_r006741,retained,True,string_to_float
6742,ecoli50_r006742,retained,True,string_to_float
6743,ecoli50_r006743,retained,True,string_to_float
6744,ecoli50_r006744,retained,True,string_to_float
6745,ecoli50_r006745,retained,True,string_to_float
6746,ecoli50_r006746,retained,True,string_to_float
6747,ecoli50_r006747,retained,True,string_to_float
6748,ecoli50_r006748,retained,True,string_to_float
6749,ecoli50_r006749,retained,True,string_to_float
6750,ecoli50_r006750,retained,True,string_to_float
6751,ecoli50_r006751,retained,True,string_to_float
6752,ecoli50_r006752,retained,True,string_to_float
6753,ecoli50_r006753,retained,True,string_to_float
6754,ecoli50_r006754,retained,True,string_to_float
6755,ecoli50_r006755,retained,True,string_to_float
6756,ecoli50_r006756,retained,True,string_to_float
6757,ecoli50_r006757,retained,True,string_to_float
6758,ecoli50_r006758,retained,True,string_to_float
6759,ecoli50_r006759,retained,True,string_to_float
6760,ecoli50_r006760,retained,True,string_to_float
6761,ecoli50_r006761,retained,True,string_to_float
6762,ecoli50_r006762,retained,True,string_to_float
6763,ecoli50_r006763,retained,True,string_to_float
6764,ecoli50_r006764,retained,True,string_to_float
6765,ecoli50_r006765,retained,True,string_to_float
6766,ecoli50_r006766,retained,True,string_to_float
6767,ecoli50_r006767,retained,True,string_to_float
6768,ecoli50_r006768,retained,True,string_to_float
6769,ecoli50_r006769,retained,True,string_to_float
6770,ecoli50_r006770,retained,True,string_to_float
6771,ecoli50_r006771,retained,True,string_to_float
6772,ecoli50_r006772,retained,True,string_to_float
6773,ecoli50_r006773,retained,True,string_to_float
6774,ecoli50_r006774,retained,True,string_to_float
6775,ecoli50_r006775,retained,True,string_to_float
6776,ecoli50_r006776,retained,True,string_to_float
6777,ecoli50_r006777,retained,True,string_to_float
6778,ecoli50_r006778,retained,True,string_to_float
6779,ecoli50_r006779,retained,True,string_to_float
6780,ecoli50_r006780,retained,True,string_to_float
6781,ecoli50_r006781,retained,True,string_to_float
6782,ecoli50_r006782,retained,True,string_to_float
6783,ecoli50_r006783,retained,True,string_to_float
6784,ecoli50_r006784,retained,True,string_to_float
6785,ecoli50_r006785,retained,True,string_to_float
6786,ecoli50_r006786,retained,True,string_to_float
6787,ecoli50_r006787,retained,True,string_to_float
6788,ecoli50_r006788,retained,True,string_to_float
6789,ecoli50_r006789,retained,True,string_to_float
6790,ecoli50_r006790,retained,True,string_to_float
6791,ecoli50_r006791,retained,True,string_to_float
6792,ecoli50_r006792,retained,True,string_to_float
6793,ecoli50_r006793,retained,True,string_to_float
6794,ecoli50_r006794,retained,True,string_to_float
6795,ecoli50_r006795,retained,True,string_to_float
6796,ecoli50_r006796,retained,True,string_to_float
6797,ecoli50_r006797,retained,True,string_to_float
6798,ecoli50_r006798,retained,True,string_to_float
6799,ecoli50_r006799,retained,True,string_to_float
6800,ecoli50_r006800,retained,True,string_to_float
6801,ecoli50_r006801,retained,True,string_to_float
6802,ecoli50_r006802,retained,True,string_to_float
6803,ecoli50_r006803,retained,True,string_to_float
6804,ecoli50_r006804,retained,True,string_to_float
6805,ecoli50_r006805,retained,True,string_to_float
6806,ecoli50_r006806,retained,True,string_to_float
6807,ecoli50_r006807,retained,True,string_to_float
6808,ecoli50_r006808,retained,True,string_to_float
6809,ecoli50_r006809,retained,True,string_to_float
6810,ecoli50_r006810,retained,True,string_to_float
6811,ecoli50_r006811,retained,True,string_to_float
6812,ecoli50_r006812,retained,True,string_to_float
6813,ecoli50_r006813,retained,True,string_to_float
6814,ecoli50_r006814,retained,True,string_to_float
6815,ecoli50_r006815,retained,True,string_to_float
6816,ecoli50_r006816,retained,True,string_to_float
6817,ecoli50_r006817,retained,True,string_to_float
6818,ecoli50_r006818,retained,True,string_to_float
6819,ecoli50_r006819,retained,True,string_to_float
6820,ecoli50_r006820,retained,True,string_to_float
6821,ecoli50_r006821,retained,True,string_to_float
6822,ecoli50_r006822,retained,True,string_to_float
6823,ecoli50_r006823,retained,True,string_to_float
6824,ecoli50_r006824,retained,True,string_to_float
6825,ecoli50_r006825,retained,True,string_to_float
6826,ecoli50_r006826,retained,True,string_to_float
6827,ecoli50_r006827,retained,True,string_to_float
6828,ecoli50_r006828,retained,True,string_to_float
6829,ecoli50_r006829,retained,True,string_to_float
6830,ecoli50_r006830,retained,True,string_to_float
6831,ecoli50_r006831,retained,True,string_to_float
6832,ecoli50_r006832,retained,True,string_to_float
6833,ecoli50_r006833,retained,True,string_to_float
6834,ecoli50_r006834,retained,True,string_to_float
6835,ecoli50_r006835,retained,True,string_to_float
6836,ecoli50_r006836,retained,True,string_to_float
6837,ecoli50_r006837,retained,True,string_to_float
6838,ecoli50_r006838,retained,True,string_to_float
6839,ecoli50_r006839,retained,True,string_to_float
6840,ecoli50_r006840,retained,True,string_to_float
6841,ecoli50_r006841,retained,True,string_to_float
6842,ecoli50_r006842,retained,True,string_to_float
6843,ecoli50_r006843,retained,True,string_to_float
6844,ecoli50_r006844,retained,True,string_to_float
6845,ecoli50_r006845,retained,True,string_to_float
6846,ecoli50_r006846,retained,True,string_to_float
6847,ecoli50_r006847,retained,True,string_to_float
6848,ecoli50_r006848,retained,True,string_to_float
6849,ecoli50_r006849,retained,True,string_to_float
6850,ecoli50_r006850,retained,True,string_to_float
6851,ecoli50_r006851,retained,True,string_to_float
6852,ecoli50_r006852,retained,True,string_to_float
6853,ecoli50_r006853,retained,True,string_to_float
6854,ecoli50_r006854,retained,True,string_to_float
6855,ecoli50_r006855,retained,True,string_to_float
6856,ecoli50_r006856,retained,True,string_to_float
6857,ecoli50_r006857,retained,True,string_to_float
6858,ecoli50_r006858,retained,True,string_to_float
6859,ecoli50_r006859,retained,True,string_to_float
6860,ecoli50_r006860,retained,True,string_to_float
6861,ecoli50_r006861,retained,True,string_to_float
6862,ecoli50_r006862,retained,True,string_to_float
6863,ecoli50_r006863,retained,True,string_to_float
6864,ecoli50_r006864,retained,True,string_to_float
6865,ecoli50_r006865,retained,True,string_to_float
6866,ecoli50_r006866,retained,True,string_to_float
6867,ecoli50_r006867,retained,True,string_to_float
6868,ecoli50_r006868,retained,True,string_to_float
6869,ecoli50_r006869,retained,True,string_to_float
6870,ecoli50_r006870,retained,True,string_to_float
6871,ecoli50_r006871,retained,True,string_to_float
6872,ecoli50_r006872,retained,True,string_to_float
6873,ecoli50_r006873,retained,True,string_to_float
6874,ecoli50_r006874,retained,True,string_to_float
6875,ecoli50_r006875,retained,True,string_to_float
6876,ecoli50_r006876,retained,True,string_to_float
6877,ecoli50_r006877,retained,True,string_to_float
6878,ecoli50_r006878,retained,True,string_to_float
6879,ecoli50_r006879,retained,True,string_to_float
6880,ecoli50_r006880,retained,True,string_to_float
6881,ecoli50_r006881,retained,True,string_to_float
6882,ecoli50_r006882,retained,True,string_to_float
6883,ecoli50_r006883,retained,True,string_to_float
6884,ecoli50_r006884,retained,True,string_to_float
6885,ecoli50_r006885,retained,True,string_to_float
6886,ecoli50_r006886,retained,True,string_to_float
6887,ecoli50_r006887,retained,True,string_to_float
6888,ecoli50_r006888,retained,True,string_to_float
6889,ecoli50_r006889,retained,True,string_to_float
6890,ecoli50_r006890,retained,True,string_to_float
6891,ecoli50_r006891,retained,True,string_to_float
6892,ecoli50_r006892,retained,True,string_to_float
6893,ecoli50_r006893,retained,True,string_to_float
6894,ecoli50_r006894,retained,True,string_to_float
6895,ecoli50_r006895,retained,True,string_to_float
6896,ecoli50_r006896,retained,True,string_to_float
6897,ecoli50_r006897,retained,True,string_to_float
6898,ecoli50_r006898,retained,True,string_to_float
6899,ecoli50_r006899,retained,True,string_to_float
6900,ecoli50_r006900,retained,True,string_to_float
6901,ecoli50_r006901,retained,True,string_to_float
6902,ecoli50_r006902,retained,True,string_to_float
6903,ecoli50_r006903,retained,True,string_to_float
6904,ecoli50_r006904,retained,True,string_to_float
6905,ecoli50_r006905,retained,True,string_to_float
6906,ecoli50_r006906,retained,True,string_to_float
6907,ecoli50_r006907,retained,True,string_to_float
6908,ecoli50_r006908,retained,True,string_to_float
6909,ecoli50_r006909,retained,True,string_to_float
6910,ecoli50_r006910,retained,True,string_to_float
6911,ecoli50_r006911,retained,True,string_to_float
6912,ecoli50_r006912,retained,True,string_to_float
6913,ecoli50_r006913,retained,True,string_to_float
6914,ecoli50_r006914,retained,True,string_to_float
6915,ecoli50_r006915,retained,True,string_to_float
6916,ecoli50_r006916,retained,True,string_to_float
6917,ecoli50_r006917,retained,True,string_to_float
6918,ecoli50_r006918,retained,True,string_to_float
6919,ecoli50_r006919,retained,True,string_to_float
6920,ecoli50_r006920,retained,True,string_to_float
6921,ecoli50_r006921,retained,True,string_to_float
6922,ecoli50_r006922,retained,True,string_to_float
6923,ecoli50_r006923,retained,True,string_to_float
6924,ecoli50_r006924,retained,True,string_to_float
6925,ecoli50_r006925,retained,True,string_to_float
6926,ecoli50_r006926,retained,True,string_to_float
6927,ecoli50_r006927,retained,True,string_to_float
6928,ecoli50_r006928,retained,True,string_to_float
6929,ecoli50_r006929,retained,True,string_to_float
6930,ecoli50_r006930,retained,True,string_to_float
6931,ecoli50_r006931,retained,True,string_to_float
6932,ecoli50_r006932,retained,True,string_to_float
6933,ecoli50_r006933,retained,True,string_to_float
6934,ecoli50_r006934,retained,True,string_to_float
6935,ecoli50_r006935,retained,True,string_to_float
6936,ecoli50_r006936,retained,True,string_to_float
6937,ecoli50_r006937,retained,True,string_to_float
6938,ecoli50_r006938,retained,True,string_to_float
6939,ecoli50_r006939,retained,True,string_to_float
6940,ecoli50_r006940,retained,True,string_to_float
6941,ecoli50_r006941,retained,True,string_to_float
6942,ecoli50_r006942,retained,True,string_to_float
6943,ecoli50_r006943,retained,True,string_to_float
6944,ecoli50_r006944,retained,True,string_to_float
6945,ecoli50_r006945,retained,True,string_to_float
6946,ecoli50_r006946,retained,True,string_to_float
6947,ecoli50_r006947,retained,True,string_to_float
6948,ecoli50_r006948,retained,True,string_to_float
6949,ecoli50_r006949,retained,True,string_to_float
6950,ecoli50_r006950,retained,True,string_to_float
6951,ecoli50_r006951,retained,True,string_to_float
6952,ecoli50_r006952,retained,True,string_to_float
6953,ecoli50_r006953,retained,True,string_to_float
6954,ecoli50_r006954,retained,True,string_to_float
6955,ecoli50_r006955,retained,True,string_to_float
6956,ecoli50_r006956,retained,True,string_to_float
6957,ecoli50_r006957,retained,True,string_to_float
6958,ecoli50_r006958,retained,True,string_to_float
6959,ecoli50_r006959,retained,True,string_to_float
6960,ecoli50_r006960,retained,True,string_to_float
6961,ecoli50_r006961,retained,True,string_to_float
6962,ecoli50_r006962,retained,True,string_to_float
6963,ecoli50_r006963,retained,True,string_to_float
6964,ecoli50_r006964,retained,True,string_to_float
6965,ecoli50_r006965,retained,True,string_to_float
6966,ecoli50_r006966,retained,True,string_to_float
6967,ecoli50_r006967,retained,True,string_to_float
6968,ecoli50_r006968,retained,True,string_to_float
6969,ecoli50_r006969,retained,True,string_to_float
6970,ecoli50_r006970,retained,True,string_to_float
6971,ecoli50_r006971,retained,True,string_to_float
6972,ecoli50_r006972,retained,True,string_to_float
6973,ecoli50_r006973,retained,True,string_to_float
6974,ecoli50_r006974,retained,True,string_to_float
6975,ecoli50_r006975,retained,True,string_to_float
6976,ecoli50_r006976,retained,True,string_to_float
6977,ecoli50_r006977,retained,True,string_to_float
6978,ecoli50_r006978,retained,True,string_to_float
6979,ecoli50_r006979,retained,True,string_to_float
6980,ecoli50_r006980,retained,True,string_to_float
6981,ecoli50_r006981,retained,True,string_to_float
6982,ecoli50_r006982,retained,True,string_to_float
6983,ecoli50_r006983,retained,True,string_to_float
6984,ecoli50_r006984,retained,True,string_to_float
6985,ecoli50_r006985,retained,True,string_to_float
6986,ecoli50_r006986,retained,True,string_to_float
6987,ecoli50_r006987,retained,True,string_to_float
6988,ecoli50_r006988,retained,True,string_to_float
6989,ecoli50_r006989,retained,True,string_to_float
6990,ecoli50_r006990,retained,True,string_to_float
6991,ecoli50_r006991,retained,True,string_to_float
6992,ecoli50_r006992,retained,True,string_to_float
6993,ecoli50_r006993,retained,True,string_to_float
6994,ecoli50_r006994,retained,True,string_to_float
6995,ecoli50_r006995,retained,True,string_to_float
6996,ecoli50_r006996,retained,True,string_to_float
6997,ecoli50_r006997,retained,True,string_to_float
6998,ecoli50_r006998,retained,True,string_to_float
6999,ecoli50_r006999,retained,True,string_to_float
7000,ecoli50_r007000,retained,True,string_to_float
7001,ecoli50_r007001,retained,True,string_to_float
7002,ecoli50_r007002,retained,True,string_to_float
7003,ecoli50_r007003,retained,True,string_to_float
7004,ecoli50_r007004,retained,True,string_to_float
7005,ecoli50_r007005,retained,True,string_to_float
7006,ecoli50_r007006,retained,True,string_to_float
7007,ecoli50_r007007,retained,True,string_to_float
7008,ecoli50_r007008,retained,True,string_to_float
7009,ecoli50_r007009,retained,True,string_to_float
7010,ecoli50_r007010,retained,True,string_to_float
7011,ecoli50_r007011,retained,True,string_to_float
7012,ecoli50_r007012,retained,True,string_to_float
7013,ecoli50_r007013,retained,True,string_to_float
7014,ecoli50_r007014,retained,True,string_to_float
7015,ecoli50_r007015,retained,True,string_to_float
7016,ecoli50_r007016,retained,True,string_to_float
7017,ecoli50_r007017,retained,True,string_to_float
7018,ecoli50_r007018,retained,True,string_to_float
7019,ecoli50_r007019,retained,True,string_to_float
7020,ecoli50_r007020,retained,True,string_to_float
7021,ecoli50_r007021,retained,True,string_to_float
7022,ecoli50_r007022,retained,True,string_to_float
7023,ecoli50_r007023,retained,True,string_to_float
7024,ecoli50_r007024,retained,True,string_to_float
7025,ecoli50_r007025,retained,True,string_to_float
7026,ecoli50_r007026,retained,True,string_to_float
7027,ecoli50_r007027,retained,True,string_to_float
7028,ecoli50_r007028,retained,True,string_to_float
7029,ecoli50_r007029,retained,True,string_to_float
7030,ecoli50_r007030,retained,True,string_to_float
7031,ecoli50_r007031,retained,True,string_to_float
7032,ecoli50_r007032,retained,True,string_to_float
7033,ecoli50_r007033,retained,True,string_to_float
7034,ecoli50_r007034,retained,True,string_to_float
7035,ecoli50_r007035,retained,True,string_to_float
7036,ecoli50_r007036,retained,True,string_to_float
7037,ecoli50_r007037,retained,True,string_to_float
7038,ecoli50_r007038,retained,True,string_to_float
7039,ecoli50_r007039,retained,True,string_to_float
7040,ecoli50_r007040,retained,True,string_to_float
7041,ecoli50_r007041,retained,True,string_to_float
7042,ecoli50_r007042,retained,True,string_to_float
7043,ecoli50_r007043,retained,True,string_to_float
7044,ecoli50_r007044,retained,True,string_to_float
7045,ecoli50_r007045,retained,True,string_to_float
7046,ecoli50_r007046,retained,True,string_to_float
7047,ecoli50_r007047,retained,True,string_to_float
7048,ecoli50_r007048,retained,True,string_to_float
7049,ecoli50_r007049,retained,True,string_to_float
7050,ecoli50_r007050,retained,True,string_to_float
7051,ecoli50_r007051,retained,True,string_to_float
7052,ecoli50_r007052,retained,True,string_to_float
7053,ecoli50_r007053,retained,True,string_to_float
7054,ecoli50_r007054,retained,True,string_to_float
7055,ecoli50_r007055,retained,True,string_to_float
7056,ecoli50_r007056,retained,True,string_to_float
7057,ecoli50_r007057,retained,True,string_to_float
7058,ecoli50_r007058,retained,True,string_to_float
7059,ecoli50_r007059,retained,True,string_to_float
7060,ecoli50_r007060,retained,True,string_to_float
7061,ecoli50_r007061,retained,True,string_to_float
7062,ecoli50_r007062,retained,True,string_to_float
7063,ecoli50_r007063,retained,True,string_to_float
7064,ecoli50_r007064,retained,True,string_to_float
7065,ecoli50_r007065,retained,True,string_to_float
7066,ecoli50_r007066,retained,True,string_to_float
7067,ecoli50_r007067,retained,True,string_to_float
7068,ecoli50_r007068,retained,True,string_to_float
7069,ecoli50_r007069,retained,True,string_to_float
7070,ecoli50_r007070,retained,True,string_to_float
7071,ecoli50_r007071,retained,True,string_to_float
7072,ecoli50_r007072,retained,True,string_to_float
7073,ecoli50_r007073,retained,True,string_to_float
7074,ecoli50_r007074,retained,True,string_to_float
7075,ecoli50_r007075,retained,True,string_to_float
7076,ecoli50_r007076,retained,True,string_to_float
7077,ecoli50_r007077,retained,True,string_to_float
7078,ecoli50_r007078,retained,True,string_to_float
7079,ecoli50_r007079,retained,True,string_to_float
7080,ecoli50_r007080,retained,True,string_to_float
7081,ecoli50_r007081,retained,True,string_to_float
7082,ecoli50_r007082,retained,True,string_to_float
7083,ecoli50_r007083,retained,True,string_to_float
7084,ecoli50_r007084,retained,True,string_to_float
7085,ecoli50_r007085,retained,True,string_to_float
7086,ecoli50_r007086,retained,True,string_to_float
7087,ecoli50_r007087,retained,True,string_to_float
7088,ecoli50_r007088,retained,True,string_to_float
7089,ecoli50_r007089,retained,True,string_to_float
7090,ecoli50_r007090,retained,True,string_to_float
7091,ecoli50_r007091,retained,True,string_to_float
7092,ecoli50_r007092,retained,True,string_to_float
7093,ecoli50_r007093,retained,True,string_to_float
7094,ecoli50_r007094,retained,True,string_to_float
7095,ecoli50_r007095,retained,True,string_to_float
7096,ecoli50_r007096,retained,True,string_to_float
7097,ecoli50_r007097,retained,True,string_to_float
7098,ecoli50_r007098,retained,True,string_to_float
7099,ecoli50_r007099,retained,True,string_to_float
7100,ecoli50_r007100,retained,True,string_to_float
7101,ecoli50_r007101,retained,True,string_to_float
7102,ecoli50_r007102,retained,True,string_to_float
7103,ecoli50_r007103,retained,True,string_to_float
7104,ecoli50_r007104,retained,True,string_to_float
7105,ecoli50_r007105,retained,True,string_to_float
7106,ecoli50_r007106,retained,True,string_to_float
7107,ecoli50_r007107,retained,True,string_to_float
7108,ecoli50_r007108,retained,True,string_to_float
7109,ecoli50_r007109,retained,True,string_to_float
7110,ecoli50_r007110,retained,True,string_to_float
7111,ecoli50_r007111,retained,True,string_to_float
7112,ecoli50_r007112,retained,True,string_to_float
7113,ecoli50_r007113,retained,True,string_to_float
7114,ecoli50_r007114,retained,True,string_to_float
7115,ecoli50_r007115,retained,True,string_to_float
7116,ecoli50_r007116,retained,True,string_to_float
7117,ecoli50_r007117,retained,True,string_to_float
7118,ecoli50_r007118,retained,True,string_to_float
7119,ecoli50_r007119,retained,True,string_to_float
7120,ecoli50_r007120,retained,True,string_to_float
7121,ecoli50_r007121,retained,True,string_to_float
7122,ecoli50_r007122,retained,True,string_to_float
7123,ecoli50_r007123,retained,True,string_to_float
7124,ecoli50_r007124,retained,True,string_to_float
7125,ecoli50_r007125,retained,True,string_to_float
7126,ecoli50_r007126,retained,True,string_to_float
7127,ecoli50_r007127,retained,True,string_to_float
7128,ecoli50_r007128,retained,True,string_to_float
7129,ecoli50_r007129,retained,True,string_to_float
7130,ecoli50_r007130,retained,True,string_to_float
7131,ecoli50_r007131,retained,True,string_to_float
7132,ecoli50_r007132,retained,True,string_to_float
7133,ecoli50_r007133,retained,True,string_to_float
7134,ecoli50_r007134,retained,True,string_to_float
7135,ecoli50_r007135,retained,True,string_to_float
7136,ecoli50_r007136,retained,True,string_to_float
7137,ecoli50_r007137,retained,True,string_to_float
7138,ecoli50_r007138,retained,True,string_to_float
7139,ecoli50_r007139,retained,True,string_to_float
7140,ecoli50_r007140,retained,True,string_to_float
7141,ecoli50_r007141,retained,True,string_to_float
7142,ecoli50_r007142,retained,True,string_to_float
7143,ecoli50_r007143,retained,True,string_to_float
7144,ecoli50_r007144,retained,True,string_to_float
7145,ecoli50_r007145,retained,True,string_to_float
7146,ecoli50_r007146,retained,True,string_to_float
7147,ecoli50_r007147,retained,True,string_to_float
7148,ecoli50_r007148,retained,True,string_to_float
7149,ecoli50_r007149,retained,True,string_to_float
7150,ecoli50_r007150,retained,True,string_to_float
7151,ecoli50_r007151,retained,True,string_to_float
7152,ecoli50_r007152,retained,True,string_to_float
7153,ecoli50_r007153,retained,True,string_to_float
7154,ecoli50_r007154,retained,True,string_to_float
7155,ecoli50_r007155,retained,True,string_to_float
7156,ecoli50_r007156,retained,True,string_to_float
7157,ecoli50_r007157,retained,True,string_to_float
7158,ecoli50_r007158,retained,True,string_to_float
7159,ecoli50_r007159,retained,True,string_to_float
7160,ecoli50_r007160,retained,True,string_to_float
7161,ecoli50_r007161,retained,True,string_to_float
7162,ecoli50_r007162,retained,True,string_to_float
7163,ecoli50_r007163,retained,True,string_to_float
7164,ecoli50_r007164,retained,True,string_to_float
7165,ecoli50_r007165,retained,True,string_to_float
7166,ecoli50_r007166,retained,True,string_to_float
7167,ecoli50_r007167,retained,True,string_to_float
7168,ecoli50_r007168,retained,True,string_to_float
7169,ecoli50_r007169,retained,True,string_to_float
7170,ecoli50_r007170,retained,True,string_to_float
7171,ecoli50_r007171,retained,True,string_to_float
7172,ecoli50_r007172,retained,True,string_to_float
7173,ecoli50_r007173,retained,True,string_to_float
7174,ecoli50_r007174,retained,True,string_to_float
7175,ecoli50_r007175,retained,True,string_to_float
7176,ecoli50_r007176,retained,True,string_to_float
7177,ecoli50_r007177,retained,True,string_to_float
7178,ecoli50_r007178,retained,True,string_to_float
7179,ecoli50_r007179,retained,True,string_to_float
7180,ecoli50_r007180,retained,True,string_to_float
7181,ecoli50_r007181,retained,True,string_to_float
7182,ecoli50_r007182,retained,True,string_to_float
7183,ecoli50_r007183,retained,True,string_to_float
7184,ecoli50_r007184,retained,True,string_to_float
7185,ecoli50_r007185,retained,True,string_to_float
7186,ecoli50_r007186,retained,True,string_to_float
7187,ecoli50_r007187,retained,True,string_to_float
7188,ecoli50_r007188,retained,True,string_to_float
7189,ecoli50_r007189,retained,True,string_to_float
7190,ecoli50_r007190,retained,True,string_to_float
7191,ecoli50_r007191,retained,True,string_to_float
7192,ecoli50_r007192,retained,True,string_to_float
7193,ecoli50_r007193,retained,True,string_to_float
7194,ecoli50_r007194,retained,True,string_to_float
7195,ecoli50_r007195,retained,True,string_to_float
7196,ecoli50_r007196,retained,True,string_to_float
7197,ecoli50_r007197,retained,True,string_to_float
7198,ecoli50_r007198,retained,True,string_to_float
7199,ecoli50_r007199,retained,True,string_to_float
7200,ecoli50_r007200,retained,True,string_to_float
7201,ecoli50_r007201,retained,True,string_to_float
7202,ecoli50_r007202,retained,True,string_to_float
7203,ecoli50_r007203,retained,True,string_to_float
7204,ecoli50_r007204,retained,True,string_to_float
7205,ecoli50_r007205,retained,True,string_to_float
7206,ecoli50_r007206,retained,True,string_to_float
7207,ecoli50_r007207,retained,True,string_to_float
7208,ecoli50_r007208,retained,True,string_to_float
7209,ecoli50_r007209,retained,True,string_to_float
7210,ecoli50_r007210,retained,True,string_to_float
7211,ecoli50_r007211,retained,True,string_to_float
7212,ecoli50_r007212,retained,True,string_to_float
7213,ecoli50_r007213,retained,True,string_to_float
7214,ecoli50_r007214,retained,True,string_to_float
7215,ecoli50_r007215,retained,True,string_to_float
7216,ecoli50_r007216,retained,True,string_to_float
7217,ecoli50_r007217,retained,True,string_to_float
7218,ecoli50_r007218,retained,True,string_to_float
7219,ecoli50_r007219,retained,True,string_to_float
7220,ecoli50_r007220,retained,True,string_to_float
7221,ecoli50_r007221,retained,True,string_to_float
7222,ecoli50_r007222,retained,True,string_to_float
7223,ecoli50_r007223,retained,True,string_to_float
7224,ecoli50_r007224,retained,True,string_to_float
7225,ecoli50_r007225,retained,True,string_to_float
7226,ecoli50_r007226,retained,True,string_to_float
7227,ecoli50_r007227,retained,True,string_to_float
7228,ecoli50_r007228,retained,True,string_to_float
7229,ecoli50_r007229,retained,True,string_to_float
7230,ecoli50_r007230,retained,True,string_to_float
7231,ecoli50_r007231,retained,True,string_to_float
7232,ecoli50_r007232,retained,True,string_to_float
7233,ecoli50_r007233,retained,True,string_to_float
7234,ecoli50_r007234,retained,True,string_to_float
7235,ecoli50_r007235,retained,True,string_to_float
7236,ecoli50_r007236,retained,True,string_to_float
7237,ecoli50_r007237,retained,True,string_to_float
7238,ecoli50_r007238,retained,True,string_to_float
7239,ecoli50_r007239,retained,True,string_to_float
7240,ecoli50_r007240,retained,True,string_to_float
7241,ecoli50_r007241,retained,True,string_to_float
7242,ecoli50_r007242,retained,True,string_to_float
7243,ecoli50_r007243,retained,True,string_to_float
7244,ecoli50_r007244,retained,True,string_to_float
7245,ecoli50_r007245,retained,True,string_to_float
7246,ecoli50_r007246,retained,True,string_to_float
7247,ecoli50_r007247,retained,True,string_to_float
7248,ecoli50_r007248,retained,True,string_to_float
7249,ecoli50_r007249,retained,True,string_to_float
7250,ecoli50_r007250,retained,True,string_to_float
7251,ecoli50_r007251,retained,True,string_to_float
7252,ecoli50_r007252,retained,True,string_to_float
7253,ecoli50_r007253,retained,True,string_to_float
7254,ecoli50_r007254,retained,True,string_to_float
7255,ecoli50_r007255,retained,True,string_to_float
7256,ecoli50_r007256,retained,True,string_to_float
7257,ecoli50_r007257,retained,True,string_to_float
7258,ecoli50_r007258,retained,True,string_to_float
7259,ecoli50_r007259,retained,True,string_to_float
7260,ecoli50_r007260,retained,True,string_to_float
7261,ecoli50_r007261,retained,True,string_to_float
7262,ecoli50_r007262,retained,True,string_to_float
7263,ecoli50_r007263,retained,True,string_to_float
7264,ecoli50_r007264,retained,True,string_to_float
7265,ecoli50_r007265,retained,True,string_to_float
7266,ecoli50_r007266,retained,True,string_to_float
7267,ecoli50_r007267,retained,True,string_to_float
7268,ecoli50_r007268,retained,True,string_to_float
7269,ecoli50_r007269,retained,True,string_to_float
7270,ecoli50_r007270,retained,True,string_to_float
7271,ecoli50_r007271,retained,True,string_to_float
7272,ecoli50_r007272,retained,True,string_to_float
7273,ecoli50_r007273,retained,True,string_to_float
7274,ecoli50_r007274,retained,True,string_to_float
7275,ecoli50_r007275,retained,True,string_to_float
7276,ecoli50_r007276,retained,True,string_to_float
7277,ecoli50_r007277,retained,True,string_to_float
7278,ecoli50_r007278,retained,True,string_to_float
7279,ecoli50_r007279,retained,True,string_to_float
7280,ecoli50_r007280,retained,True,string_to_float
7281,ecoli50_r007281,retained,True,string_to_float
7282,ecoli50_r007282,retained,True,string_to_float
7283,ecoli50_r007283,retained,True,string_to_float
7284,ecoli50_r007284,retained,True,string_to_float
7285,ecoli50_r007285,retained,True,string_to_float
7286,ecoli50_r007286,retained,True,string_to_float
7287,ecoli50_r007287,retained,True,string_to_float
7288,ecoli50_r007288,retained,True,string_to_float
7289,ecoli50_r007289,retained,True,string_to_float
7290,ecoli50_r007290,retained,True,string_to_float
7291,ecoli50_r007291,retained,True,string_to_float
7292,ecoli50_r007292,retained,True,string_to_float
7293,ecoli50_r007293,retained,True,string_to_float
7294,ecoli50_r007294,retained,True,string_to_float
7295,ecoli50_r007295,retained,True,string_to_float
7296,ecoli50_r007296,retained,True,string_to_float
7297,ecoli50_r007297,retained,True,string_to_float
7298,ecoli50_r007298,retained,True,string_to_float
7299,ecoli50_r007299,retained,True,string_to_float
7300,ecoli50_r007300,retained,True,string_to_float
7301,ecoli50_r007301,retained,True,string_to_float
7302,ecoli50_r007302,retained,True,string_to_float
7303,ecoli50_r007303,retained,True,string_to_float
7304,ecoli50_r007304,retained,True,string_to_float
7305,ecoli50_r007305,retained,True,string_to_float
7306,ecoli50_r007306,retained,True,string_to_float
7307,ecoli50_r007307,retained,True,string_to_float
7308,ecoli50_r007308,retained,True,string_to_float
7309,ecoli50_r007309,retained,True,string_to_float
7310,ecoli50_r007310,retained,True,string_to_float
7311,ecoli50_r007311,retained,True,string_to_float
7312,ecoli50_r007312,retained,True,string_to_float
7313,ecoli50_r007313,retained,True,string_to_float
7314,ecoli50_r007314,retained,True,string_to_float
7315,ecoli50_r007315,retained,True,string_to_float
7316,ecoli50_r007316,retained,True,string_to_float
7317,ecoli50_r007317,retained,True,string_to_float
7318,ecoli50_r007318,retained,True,string_to_float
7319,ecoli50_r007319,retained,True,string_to_float
7320,ecoli50_r007320,retained,True,string_to_float
7321,ecoli50_r007321,retained,True,string_to_float
7322,ecoli50_r007322,retained,True,string_to_float
7323,ecoli50_r007323,retained,True,string_to_float
7324,ecoli50_r007324,retained,True,string_to_float
7325,ecoli50_r007325,retained,True,string_to_float
7326,ecoli50_r007326,retained,True,string_to_float
7327,ecoli50_r007327,retained,True,string_to_float
7328,ecoli50_r007328,retained,True,string_to_float
7329,ecoli50_r007329,retained,True,string_to_float
7330,ecoli50_r007330,retained,True,string_to_float
7331,ecoli50_r007331,retained,True,string_to_float
7332,ecoli50_r007332,retained,True,string_to_float
7333,ecoli50_r007333,retained,True,string_to_float
7334,ecoli50_r007334,retained,True,string_to_float
7335,ecoli50_r007335,retained,True,string_to_float
7336,ecoli50_r007336,retained,True,string_to_float
7337,ecoli50_r007337,retained,True,string_to_float
7338,ecoli50_r007338,retained,True,string_to_float
7339,ecoli50_r007339,retained,True,string_to_float
7340,ecoli50_r007340,retained,True,string_to_float
7341,ecoli50_r007341,retained,True,string_to_float
7342,ecoli50_r007342,retained,True,string_to_float
7343,ecoli50_r007343,retained,True,string_to_float
7344,ecoli50_r007344,retained,True,string_to_float
7345,ecoli50_r007345,retained,True,string_to_float
7346,ecoli50_r007346,retained,True,string_to_float
7347,ecoli50_r007347,retained,True,string_to_float
7348,ecoli50_r007348,retained,True,string_to_float
7349,ecoli50_r007349,retained,True,string_to_float
7350,ecoli50_r007350,retained,True,string_to_float
7351,ecoli50_r007351,retained,True,string_to_float
7352,ecoli50_r007352,retained,True,string_to_float
7353,ecoli50_r007353,retained,True,string_to_float
7354,ecoli50_r007354,retained,True,string_to_float
7355,ecoli50_r007355,retained,True,string_to_float
7356,ecoli50_r007356,retained,True,string_to_float
7357,ecoli50_r007357,retained,True,string_to_float
7358,ecoli50_r007358,retained,True,string_to_float
7359,ecoli50_r007359,retained,True,string_to_float
7360,ecoli50_r007360,retained,True,string_to_float
7361,ecoli50_r007361,retained,True,string_to_float
7362,ecoli50_r007362,retained,True,string_to_float
7363,ecoli50_r007363,retained,True,string_to_float
7364,ecoli50_r007364,retained,True,string_to_float
7365,ecoli50_r007365,retained,True,string_to_float
7366,ecoli50_r007366,retained,True,string_to_float
7367,ecoli50_r007367,retained,True,string_to_float
7368,ecoli50_r007368,retained,True,string_to_float
7369,ecoli50_r007369,retained,True,string_to_float
7370,ecoli50_r007370,retained,True,string_to_float
7371,ecoli50_r007371,retained,True,string_to_float
7372,ecoli50_r007372,retained,True,string_to_float
7373,ecoli50_r007373,retained,True,string_to_float
7374,ecoli50_r007374,retained,True,string_to_float
7375,ecoli50_r007375,retained,True,string_to_float
7376,ecoli50_r007376,retained,True,string_to_float
7377,ecoli50_r007377,retained,True,string_to_float
7378,ecoli50_r007378,retained,True,string_to_float
7379,ecoli50_r007379,retained,True,string_to_float
7380,ecoli50_r007380,retained,True,string_to_float
7381,ecoli50_r007381,retained,True,string_to_float
7382,ecoli50_r007382,retained,True,string_to_float
7383,ecoli50_r007383,retained,True,string_to_float
7384,ecoli50_r007384,retained,True,string_to_float
7385,ecoli50_r007385,retained,True,string_to_float
7386,ecoli50_r007386,retained,True,string_to_float
7387,ecoli50_r007387,retained,True,string_to_float
7388,ecoli50_r007388,retained,True,string_to_float
7389,ecoli50_r007389,retained,True,string_to_float
7390,ecoli50_r007390,retained,True,string_to_float
7391,ecoli50_r007391,retained,True,string_to_float
7392,ecoli50_r007392,retained,True,string_to_float
7393,ecoli50_r007393,retained,True,string_to_float
7394,ecoli50_r007394,retained,True,string_to_float
7395,ecoli50_r007395,retained,True,string_to_float
7396,ecoli50_r007396,retained,True,string_to_float
7397,ecoli50_r007397,retained,True,string_to_float
7398,ecoli50_r007398,retained,True,string_to_float
7399,ecoli50_r007399,retained,True,string_to_float
7400,ecoli50_r007400,retained,True,string_to_float
7401,ecoli50_r007401,retained,True,string_to_float
7402,ecoli50_r007402,retained,True,string_to_float
7403,ecoli50_r007403,retained,True,string_to_float
7404,ecoli50_r007404,retained,True,string_to_float
7405,ecoli50_r007405,retained,True,string_to_float
7406,ecoli50_r007406,retained,True,string_to_float
7407,ecoli50_r007407,retained,True,string_to_float
7408,ecoli50_r007408,retained,True,string_to_float
7409,ecoli50_r007409,retained,True,string_to_float
7410,ecoli50_r007410,retained,True,string_to_float
7411,ecoli50_r007411,retained,True,string_to_float
7412,ecoli50_r007412,retained,True,string_to_float
7413,ecoli50_r007413,retained,True,string_to_float
7414,ecoli50_r007414,retained,True,string_to_float
7415,ecoli50_r007415,retained,True,string_to_float
7416,ecoli50_r007416,retained,True,string_to_float
7417,ecoli50_r007417,retained,True,string_to_float
7418,ecoli50_r007418,retained,True,string_to_float
7419,ecoli50_r007419,retained,True,string_to_float
7420,ecoli50_r007420,retained,True,string_to_float
7421,ecoli50_r007421,retained,True,string_to_float
7422,ecoli50_r007422,retained,True,string_to_float
7423,ecoli50_r007423,retained,True,string_to_float
7424,ecoli50_r007424,retained,True,string_to_float
7425,ecoli50_r007425,retained,True,string_to_float
7426,ecoli50_r007426,retained,True,string_to_float
7427,ecoli50_r007427,retained,True,string_to_float
7428,ecoli50_r007428,retained,True,string_to_float
7429,ecoli50_r007429,retained,True,string_to_float
7430,ecoli50_r007430,retained,True,string_to_float
7431,ecoli50_r007431,retained,True,string_to_float
7432,ecoli50_r007432,retained,True,string_to_float
7433,ecoli50_r007433,retained,True,string_to_float
7434,ecoli50_r007434,retained,True,string_to_float
7435,ecoli50_r007435,retained,True,string_to_float
7436,ecoli50_r007436,retained,True,string_to_float
7437,ecoli50_r007437,retained,True,string_to_float
7438,ecoli50_r007438,retained,True,string_to_float
7439,ecoli50_r007439,retained,True,string_to_float
7440,ecoli50_r007440,retained,True,string_to_float
7441,ecoli50_r007441,retained,True,string_to_float
7442,ecoli50_r007442,retained,True,string_to_float
7443,ecoli50_r007443,retained,True,string_to_float
7444,ecoli50_r007444,retained,True,string_to_float
7445,ecoli50_r007445,retained,True,string_to_float
7446,ecoli50_r007446,retained,True,string_to_float
7447,ecoli50_r007447,retained,True,string_to_float
7448,ecoli50_r007448,retained,True,string_to_float
7449,ecoli50_r007449,retained,True,string_to_float
7450,ecoli50_r007450,retained,True,string_to_float
7451,ecoli50_r007451,retained,True,string_to_float
7452,ecoli50_r007452,retained,True,string_to_float
7453,ecoli50_r007453,retained,True,string_to_float
7454,ecoli50_r007454,retained,True,string_to_float
7455,ecoli50_r007455,retained,True,string_to_float
7456,ecoli50_r007456,retained,True,string_to_float
7457,ecoli50_r007457,retained,True,string_to_float
7458,ecoli50_r007458,retained,True,string_to_float
7459,ecoli50_r007459,retained,True,string_to_float
7460,ecoli50_r007460,retained,True,string_to_float
7461,ecoli50_r007461,retained,True,string_to_float
7462,ecoli50_r007462,retained,True,string_to_float
7463,ecoli50_r007463,retained,True,string_to_float
7464,ecoli50_r007464,retained,True,string_to_float
7465,ecoli50_r007465,retained,True,string_to_float
7466,ecoli50_r007466,retained,True,string_to_float
7467,ecoli50_r007467,retained,True,string_to_float
7468,ecoli50_r007468,retained,True,string_to_float
7469,ecoli50_r007469,retained,True,string_to_float
7470,ecoli50_r007470,retained,True,string_to_float
7471,ecoli50_r007471,retained,True,string_to_float
7472,ecoli50_r007472,retained,True,string_to_float
7473,ecoli50_r007473,retained,True,string_to_float
7474,ecoli50_r007474,retained,True,string_to_float
7475,ecoli50_r007475,retained,True,string_to_float
7476,ecoli50_r007476,retained,True,string_to_float
7477,ecoli50_r007477,retained,True,string_to_float
7478,ecoli50_r007478,retained,True,string_to_float
7479,ecoli50_r007479,retained,True,string_to_float
7480,ecoli50_r007480,retained,True,string_to_float
7481,ecoli50_r007481,retained,True,string_to_float
7482,ecoli50_r007482,retained,True,string_to_float
7483,ecoli50_r007483,retained,True,string_to_float
7484,ecoli50_r007484,retained,True,string_to_float
7485,ecoli50_r007485,retained,True,string_to_float
7486,ecoli50_r007486,retained,True,string_to_float
7487,ecoli50_r007487,retained,True,string_to_float
7488,ecoli50_r007488,retained,True,string_to_float
7489,ecoli50_r007489,retained,True,string_to_float
7490,ecoli50_r007490,retained,True,string_to_float
7491,ecoli50_r007491,retained,True,string_to_float
7492,ecoli50_r007492,retained,True,string_to_float
7493,ecoli50_r007493,retained,True,string_to_float
7494,ecoli50_r007494,retained,True,string_to_float
7495,ecoli50_r007495,retained,True,string_to_float
7496,ecoli50_r007496,retained,True,string_to_float
7497,ecoli50_r007497,retained,True,string_to_float
7498,ecoli50_r007498,retained,True,string_to_float
7499,ecoli50_r007499,retained,True,string_to_float
7500,ecoli50_r007500,retained,True,string_to_float
7501,ecoli50_r007501,retained,True,string_to_float
7502,ecoli50_r007502,retained,True,string_to_float
7503,ecoli50_r007503,retained,True,string_to_float
7504,ecoli50_r007504,retained,True,string_to_float
7505,ecoli50_r007505,retained,True,string_to_float
7506,ecoli50_r007506,retained,True,string_to_float
7507,ecoli50_r007507,retained,True,string_to_float
7508,ecoli50_r007508,retained,True,string_to_float
7509,ecoli50_r007509,retained,True,string_to_float
7510,ecoli50_r007510,retained,True,string_to_float
7511,ecoli50_r007511,retained,True,string_to_float
7512,ecoli50_r007512,retained,True,string_to_float
7513,ecoli50_r007513,retained,True,string_to_float
7514,ecoli50_r007514,retained,True,string_to_float
7515,ecoli50_r007515,retained,True,string_to_float
7516,ecoli50_r007516,retained,True,string_to_float
7517,ecoli50_r007517,retained,True,string_to_float
7518,ecoli50_r007518,retained,True,string_to_float
7519,ecoli50_r007519,retained,True,string_to_float
7520,ecoli50_r007520,retained,True,string_to_float
7521,ecoli50_r007521,retained,True,string_to_float
7522,ecoli50_r007522,retained,True,string_to_float
7523,ecoli50_r007523,retained,True,string_to_float
7524,ecoli50_r007524,retained,True,string_to_float
7525,ecoli50_r007525,retained,True,string_to_float
7526,ecoli50_r007526,retained,True,string_to_float
7527,ecoli50_r007527,retained,True,string_to_float
7528,ecoli50_r007528,retained,True,string_to_float
7529,ecoli50_r007529,retained,True,string_to_float
7530,ecoli50_r007530,retained,True,string_to_float
7531,ecoli50_r007531,retained,True,string_to_float
7532,ecoli50_r007532,retained,True,string_to_float
7533,ecoli50_r007533,retained,True,string_to_float
7534,ecoli50_r007534,retained,True,string_to_float
7535,ecoli50_r007535,retained,True,string_to_float
7536,ecoli50_r007536,retained,True,string_to_float
7537,ecoli50_r007537,retained,True,string_to_float
7538,ecoli50_r007538,retained,True,string_to_float
7539,ecoli50_r007539,retained,True,string_to_float
7540,ecoli50_r007540,retained,True,string_to_float
7541,ecoli50_r007541,retained,True,string_to_float
7542,ecoli50_r007542,retained,True,string_to_float
7543,ecoli50_r007543,retained,True,string_to_float
7544,ecoli50_r007544,retained,True,string_to_float
7545,ecoli50_r007545,retained,True,string_to_float
7546,ecoli50_r007546,retained,True,string_to_float
7547,ecoli50_r007547,retained,True,string_to_float
7548,ecoli50_r007548,retained,True,string_to_float
7549,ecoli50_r007549,retained,True,string_to_float
7550,ecoli50_r007550,retained,True,string_to_float
7551,ecoli50_r007551,retained,True,string_to_float
7552,ecoli50_r007552,retained,True,string_to_float
7553,ecoli50_r007553,retained,True,string_to_float
7554,ecoli50_r007554,retained,True,string_to_float
7555,ecoli50_r007555,retained,True,string_to_float
7556,ecoli50_r007556,retained,True,string_to_float
7557,ecoli50_r007557,retained,True,string_to_float
7558,ecoli50_r007558,retained,True,string_to_float
7559,ecoli50_r007559,retained,True,string_to_float
7560,ecoli50_r007560,retained,True,string_to_float
7561,ecoli50_r007561,retained,True,string_to_float
7562,ecoli50_r007562,retained,True,string_to_float
7563,ecoli50_r007563,retained,True,string_to_float
7564,ecoli50_r007564,retained,True,string_to_float
7565,ecoli50_r007565,retained,True,string_to_float
7566,ecoli50_r007566,retained,True,string_to_float
7567,ecoli50_r007567,retained,True,string_to_float
7568,ecoli50_r007568,retained,True,string_to_float
7569,ecoli50_r007569,retained,True,string_to_float
7570,ecoli50_r007570,retained,True,string_to_float
7571,ecoli50_r007571,retained,True,string_to_float
7572,ecoli50_r007572,retained,True,string_to_float
7573,ecoli50_r007573,retained,True,string_to_float
7574,ecoli50_r007574,retained,True,string_to_float
7575,ecoli50_r007575,retained,True,string_to_float
7576,ecoli50_r007576,retained,True,string_to_float
7577,ecoli50_r007577,retained,True,string_to_float
7578,ecoli50_r007578,retained,True,string_to_float
7579,ecoli50_r007579,retained,True,string_to_float
7580,ecoli50_r007580,retained,True,string_to_float
7581,ecoli50_r007581,retained,True,string_to_float
7582,ecoli50_r007582,retained,True,string_to_float
7583,ecoli50_r007583,retained,True,string_to_float
7584,ecoli50_r007584,retained,True,string_to_float
7585,ecoli50_r007585,retained,True,string_to_float
7586,ecoli50_r007586,retained,True,string_to_float
7587,ecoli50_r007587,retained,True,string_to_float
7588,ecoli50_r007588,retained,True,string_to_float
7589,ecoli50_r007589,retained,True,string_to_float
7590,ecoli50_r007590,retained,True,string_to_float
7591,ecoli50_r007591,retained,True,string_to_float
7592,ecoli50_r007592,retained,True,string_to_float
7593,ecoli50_r007593,retained,True,string_to_float
7594,ecoli50_r007594,retained,True,string_to_float
7595,ecoli50_r007595,retained,True,string_to_float
7596,ecoli50_r007596,retained,True,string_to_float
7597,ecoli50_r007597,retained,True,string_to_float
7598,ecoli50_r007598,retained,True,string_to_float
7599,ecoli50_r007599,retained,True,string_to_float
7600,ecoli50_r007600,retained,True,string_to_float
7601,ecoli50_r007601,retained,True,string_to_float
7602,ecoli50_r007602,retained,True,string_to_float
7603,ecoli50_r007603,retained,True,string_to_float
7604,ecoli50_r007604,retained,True,string_to_float
7605,ecoli50_r007605,retained,True,string_to_float
7606,ecoli50_r007606,retained,True,string_to_float
7607,ecoli50_r007607,retained,True,string_to_float
7608,ecoli50_r007608,retained,True,string_to_float
7609,ecoli50_r007609,retained,True,string_to_float
7610,ecoli50_r007610,retained,True,string_to_float
7611,ecoli50_r007611,retained,True,string_to_float
7612,ecoli50_r007612,retained,True,string_to_float
7613,ecoli50_r007613,retained,True,string_to_float
7614,ecoli50_r007614,retained,True,string_to_float
7615,ecoli50_r007615,retained,True,string_to_float
7616,ecoli50_r007616,retained,True,string_to_float
7617,ecoli50_r007617,retained,True,string_to_float
7618,ecoli50_r007618,retained,True,string_to_float
7619,ecoli50_r007619,retained,True,string_to_float
7620,ecoli50_r007620,retained,True,string_to_float
7621,ecoli50_r007621,retained,True,string_to_float
7622,ecoli50_r007622,retained,True,string_to_float
7623,ecoli50_r007623,retained,True,string_to_float
7624,ecoli50_r007624,retained,True,string_to_float
7625,ecoli50_r007625,retained,True,string_to_float
7626,ecoli50_r007626,retained,True,string_to_float
7627,ecoli50_r007627,retained,True,string_to_float
7628,ecoli50_r007628,retained,True,string_to_float
7629,ecoli50_r007629,retained,True,string_to_float
7630,ecoli50_r007630,retained,True,string_to_float
7631,ecoli50_r007631,retained,True,string_to_float
7632,ecoli50_r007632,retained,True,string_to_float
7633,ecoli50_r007633,retained,True,string_to_float
7634,ecoli50_r007634,retained,True,string_to_float
7635,ecoli50_r007635,retained,True,string_to_float
7636,ecoli50_r007636,retained,True,string_to_float
7637,ecoli50_r007637,retained,True,string_to_float
7638,ecoli50_r007638,retained,True,string_to_float
7639,ecoli50_r007639,retained,True,string_to_float
7640,ecoli50_r007640,retained,True,string_to_float
7641,ecoli50_r007641,retained,True,string_to_float
7642,ecoli50_r007642,retained,True,string_to_float
7643,ecoli50_r007643,retained,True,string_to_float
7644,ecoli50_r007644,retained,True,string_to_float
7645,ecoli50_r007645,retained,True,string_to_float
7646,ecoli50_r007646,retained,True,string_to_float
7647,ecoli50_r007647,retained,True,string_to_float
7648,ecoli50_r007648,retained,True,string_to_float
7649,ecoli50_r007649,retained,True,string_to_float
7650,ecoli50_r007650,retained,True,string_to_float
7651,ecoli50_r007651,retained,True,string_to_float
7652,ecoli50_r007652,retained,True,string_to_float
7653,ecoli50_r007653,retained,True,string_to_float
7654,ecoli50_r007654,retained,True,string_to_float
7655,ecoli50_r007655,retained,True,string_to_float
7656,ecoli50_r007656,retained,True,string_to_float
7657,ecoli50_r007657,retained,True,string_to_float
7658,ecoli50_r007658,retained,True,string_to_float
7659,ecoli50_r007659,retained,True,string_to_float
7660,ecoli50_r007660,retained,True,string_to_float
7661,ecoli50_r007661,retained,True,string_to_float
7662,ecoli50_r007662,retained,True,string_to_float
7663,ecoli50_r007663,retained,True,string_to_float
7664,ecoli50_r007664,retained,True,string_to_float
7665,ecoli50_r007665,retained,True,string_to_float
7666,ecoli50_r007666,retained,True,string_to_float
7667,ecoli50_r007667,retained,True,string_to_float
7668,ecoli50_r007668,retained,True,string_to_float
7669,ecoli50_r007669,retained,True,string_to_float
7670,ecoli50_r007670,retained,True,string_to_float
7671,ecoli50_r007671,retained,True,string_to_float
7672,ecoli50_r007672,retained,True,string_to_float
7673,ecoli50_r007673,retained,True,string_to_float
7674,ecoli50_r007674,retained,True,string_to_float
7675,ecoli50_r007675,retained,True,string_to_float
7676,ecoli50_r007676,retained,True,string_to_float
7677,ecoli50_r007677,retained,True,string_to_float
7678,ecoli50_r007678,retained,True,string_to_float
7679,ecoli50_r007679,retained,True,string_to_float
7680,ecoli50_r007680,retained,True,string_to_float
7681,ecoli50_r007681,retained,True,string_to_float
7682,ecoli50_r007682,retained,True,string_to_float
7683,ecoli50_r007683,retained,True,string_to_float
7684,ecoli50_r007684,retained,True,string_to_float
7685,ecoli50_r007685,retained,True,string_to_float
7686,ecoli50_r007686,retained,True,string_to_float
7687,ecoli50_r007687,retained,True,string_to_float
7688,ecoli50_r007688,retained,True,string_to_float
7689,ecoli50_r007689,retained,True,string_to_float
7690,ecoli50_r007690,retained,True,string_to_float
7691,ecoli50_r007691,retained,True,string_to_float
7692,ecoli50_r007692,retained,True,string_to_float
7693,ecoli50_r007693,retained,True,string_to_float
7694,ecoli50_r007694,retained,True,string_to_float
7695,ecoli50_r007695,retained,True,string_to_float
7696,ecoli50_r007696,retained,True,string_to_float
7697,ecoli50_r007697,retained,True,string_to_float
7698,ecoli50_r007698,retained,True,string_to_float
7699,ecoli50_r007699,retained,True,string_to_float
7700,ecoli50_r007700,retained,True,string_to_float
7701,ecoli50_r007701,retained,True,string_to_float
7702,ecoli50_r007702,retained,True,string_to_float
7703,ecoli50_r007703,retained,True,string_to_float
7704,ecoli50_r007704,retained,True,string_to_float
7705,ecoli50_r007705,retained,True,string_to_float
7706,ecoli50_r007706,retained,True,string_to_float
7707,ecoli50_r007707,retained,True,string_to_float
7708,ecoli50_r007708,retained,True,string_to_float
7709,ecoli50_r007709,retained,True,string_to_float
7710,ecoli50_r007710,retained,True,string_to_float
7711,ecoli50_r007711,retained,True,string_to_float
7712,ecoli50_r007712,retained,True,string_to_float
7713,ecoli50_r007713,retained,True,string_to_float
7714,ecoli50_r007714,retained,True,string_to_float
7715,ecoli50_r007715,retained,True,string_to_float
7716,ecoli50_r007716,retained,True,string_to_float
7717,ecoli50_r007717,retained,True,string_to_float
7718,ecoli50_r007718,retained,True,string_to_float
7719,ecoli50_r007719,retained,True,string_to_float
7720,ecoli50_r007720,retained,True,string_to_float
7721,ecoli50_r007721,retained,True,string_to_float
7722,ecoli50_r007722,retained,True,string_to_float
7723,ecoli50_r007723,retained,True,string_to_float
7724,ecoli50_r007724,retained,True,string_to_float
7725,ecoli50_r007725,retained,True,string_to_float
7726,ecoli50_r007726,retained,True,string_to_float
7727,ecoli50_r007727,retained,True,string_to_float
7728,ecoli50_r007728,retained,True,string_to_float
7729,ecoli50_r007729,retained,True,string_to_float
7730,ecoli50_r007730,retained,True,string_to_float
7731,ecoli50_r007731,retained,True,string_to_float
7732,ecoli50_r007732,retained,True,string_to_float
7733,ecoli50_r007733,retained,True,string_to_float
7734,ecoli50_r007734,retained,True,string_to_float
7735,ecoli50_r007735,retained,True,string_to_float
7736,ecoli50_r007736,retained,True,string_to_float
7737,ecoli50_r007737,retained,True,string_to_float
7738,ecoli50_r007738,retained,True,string_to_float
7739,ecoli50_r007739,retained,True,string_to_float
7740,ecoli50_r007740,retained,True,string_to_float
7741,ecoli50_r007741,retained,True,string_to_float
7742,ecoli50_r007742,retained,True,string_to_float
7743,ecoli50_r007743,retained,True,string_to_float
7744,ecoli50_r007744,retained,True,string_to_float
7745,ecoli50_r007745,retained,True,string_to_float
7746,ecoli50_r007746,retained,True,string_to_float
7747,ecoli50_r007747,retained,True,string_to_float
7748,ecoli50_r007748,retained,True,string_to_float
7749,ecoli50_r007749,retained,True,string_to_float
7750,ecoli50_r007750,retained,True,string_to_float
7751,ecoli50_r007751,retained,True,string_to_float
7752,ecoli50_r007752,retained,True,string_to_float
7753,ecoli50_r007753,retained,True,string_to_float
7754,ecoli50_r007754,retained,True,string_to_float
7755,ecoli50_r007755,retained,True,string_to_float
7756,ecoli50_r007756,retained,True,string_to_float
7757,ecoli50_r007757,retained,True,string_to_float
7758,ecoli50_r007758,retained,True,string_to_float
7759,ecoli50_r007759,retained,True,string_to_float
7760,ecoli50_r007760,retained,True,string_to_float
7761,ecoli50_r007761,retained,True,string_to_float
7762,ecoli50_r007762,retained,True,string_to_float
7763,ecoli50_r007763,retained,True,string_to_float
7764,ecoli50_r007764,retained,True,string_to_float
7765,ecoli50_r007765,retained,True,string_to_float
7766,ecoli50_r007766,retained,True,string_to_float
7767,ecoli50_r007767,retained,True,string_to_float
7768,ecoli50_r007768,retained,True,string_to_float
7769,ecoli50_r007769,retained,True,string_to_float
7770,ecoli50_r007770,retained,True,string_to_float
7771,ecoli50_r007771,retained,True,string_to_float
7772,ecoli50_r007772,retained,True,string_to_float
7773,ecoli50_r007773,retained,True,string_to_float
7774,ecoli50_r007774,retained,True,string_to_float
7775,ecoli50_r007775,retained,True,string_to_float
7776,ecoli50_r007776,retained,True,string_to_float
7777,ecoli50_r007777,retained,True,string_to_float
7778,ecoli50_r007778,retained,True,string_to_float
7779,ecoli50_r007779,retained,True,string_to_float
7780,ecoli50_r007780,retained,True,string_to_float
7781,ecoli50_r007781,retained,True,string_to_float
7782,ecoli50_r007782,retained,True,string_to_float
7783,ecoli50_r007783,retained,True,string_to_float
7784,ecoli50_r007784,retained,True,string_to_float
7785,ecoli50_r007785,retained,True,string_to_float
7786,ecoli50_r007786,retained,True,string_to_float
7787,ecoli50_r007787,retained,True,string_to_float
7788,ecoli50_r007788,retained,True,string_to_float
7789,ecoli50_r007789,retained,True,string_to_float
7790,ecoli50_r007790,retained,True,string_to_float
7791,ecoli50_r007791,retained,True,string_to_float
7792,ecoli50_r007792,retained,True,string_to_float
7793,ecoli50_r007793,retained,True,string_to_float
7794,ecoli50_r007794,retained,True,string_to_float
7795,ecoli50_r007795,retained,True,string_to_float
7796,ecoli50_r007796,retained,True,string_to_float
7797,ecoli50_r007797,retained,True,string_to_float
7798,ecoli50_r007798,retained,True,string_to_float
7799,ecoli50_r007799,retained,True,string_to_float
7800,ecoli50_r007800,retained,True,string_to_float
7801,ecoli50_r007801,retained,True,string_to_float
7802,ecoli50_r007802,retained,True,string_to_float
7803,ecoli50_r007803,retained,True,string_to_float
7804,ecoli50_r007804,retained,True,string_to_float
7805,ecoli50_r007805,retained,True,string_to_float
7806,ecoli50_r007806,retained,True,string_to_float
7807,ecoli50_r007807,retained,True,string_to_float
7808,ecoli50_r007808,retained,True,string_to_float
7809,ecoli50_r007809,retained,True,string_to_float
7810,ecoli50_r007810,retained,True,string_to_float
7811,ecoli50_r007811,retained,True,string_to_float
7812,ecoli50_r007812,retained,True,string_to_float
7813,ecoli50_r007813,retained,True,string_to_float
7814,ecoli50_r007814,retained,True,string_to_float
7815,ecoli50_r007815,retained,True,string_to_float
7816,ecoli50_r007816,retained,True,string_to_float
7817,ecoli50_r007817,retained,True,string_to_float
7818,ecoli50_r007818,retained,True,string_to_float
7819,ecoli50_r007819,retained,True,string_to_float
7820,ecoli50_r007820,retained,True,string_to_float
7821,ecoli50_r007821,retained,True,string_to_float
7822,ecoli50_r007822,retained,True,string_to_float
7823,ecoli50_r007823,retained,True,string_to_float
7824,ecoli50_r007824,retained,True,string_to_float
7825,ecoli50_r007825,retained,True,string_to_float
7826,ecoli50_r007826,retained,True,string_to_float
7827,ecoli50_r007827,retained,True,string_to_float
7828,ecoli50_r007828,retained,True,string_to_float
7829,ecoli50_r007829,retained,True,string_to_float
7830,ecoli50_r007830,retained,True,string_to_float
7831,ecoli50_r007831,retained,True,string_to_float
7832,ecoli50_r007832,retained,True,string_to_float
7833,ecoli50_r007833,retained,True,string_to_float
7834,ecoli50_r007834,retained,True,string_to_float
7835,ecoli50_r007835,retained,True,string_to_float
7836,ecoli50_r007836,retained,True,string_to_float
7837,ecoli50_r007837,retained,True,string_to_float
7838,ecoli50_r007838,retained,True,string_to_float
7839,ecoli50_r007839,retained,True,string_to_float
7840,ecoli50_r007840,retained,True,string_to_float
7841,ecoli50_r007841,retained,True,string_to_float
7842,ecoli50_r007842,retained,True,string_to_float
7843,ecoli50_r007843,retained,True,string_to_float
7844,ecoli50_r007844,retained,True,string_to_float
7845,ecoli50_r007845,retained,True,string_to_float
7846,ecoli50_r007846,retained,True,string_to_float
7847,ecoli50_r007847,retained,True,string_to_float
7848,ecoli50_r007848,retained,True,string_to_float
7849,ecoli50_r007849,retained,True,string_to_float
7850,ecoli50_r007850,retained,True,string_to_float
7851,ecoli50_r007851,retained,True,string_to_float
7852,ecoli50_r007852,retained,True,string_to_float
7853,ecoli50_r007853,retained,True,string_to_float
7854,ecoli50_r007854,retained,True,string_to_float
7855,ecoli50_r007855,retained,True,string_to_float
7856,ecoli50_r007856,retained,True,string_to_float
7857,ecoli50_r007857,retained,True,string_to_float
7858,ecoli50_r007858,retained,True,string_to_float
7859,ecoli50_r007859,retained,True,string_to_float
7860,ecoli50_r007860,retained,True,string_to_float
7861,ecoli50_r007861,retained,True,string_to_float
7862,ecoli50_r007862,retained,True,string_to_float
7863,ecoli50_r007863,retained,True,string_to_float
7864,ecoli50_r007864,retained,True,string_to_float
7865,ecoli50_r007865,retained,True,string_to_float
7866,ecoli50_r007866,retained,True,string_to_float
7867,ecoli50_r007867,retained,True,string_to_float
7868,ecoli50_r007868,retained,True,string_to_float
7869,ecoli50_r007869,retained,True,string_to_float
7870,ecoli50_r007870,retained,True,string_to_float
7871,ecoli50_r007871,retained,True,string_to_float
7872,ecoli50_r007872,retained,True,string_to_float
7873,ecoli50_r007873,retained,True,string_to_float
7874,ecoli50_r007874,retained,True,string_to_float
7875,ecoli50_r007875,retained,True,string_to_float
7876,ecoli50_r007876,retained,True,string_to_float
7877,ecoli50_r007877,retained,True,string_to_float
7878,ecoli50_r007878,retained,True,string_to_float
7879,ecoli50_r007879,retained,True,string_to_float
7880,ecoli50_r007880,retained,True,string_to_float
7881,ecoli50_r007881,retained,True,string_to_float
7882,ecoli50_r007882,retained,True,string_to_float
7883,ecoli50_r007883,retained,True,string_to_float
7884,ecoli50_r007884,retained,True,string_to_float
7885,ecoli50_r007885,retained,True,string_to_float
7886,ecoli50_r007886,retained,True,string_to_float
7887,ecoli50_r007887,retained,True,string_to_float
7888,ecoli50_r007888,retained,True,string_to_float
7889,ecoli50_r007889,retained,True,string_to_float
7890,ecoli50_r007890,retained,True,string_to_float
7891,ecoli50_r007891,retained,True,string_to_float
7892,ecoli50_r007892,retained,True,string_to_float
7893,ecoli50_r007893,retained,True,string_to_float
7894,ecoli50_r007894,retained,True,string_to_float
7895,ecoli50_r007895,retained,True,string_to_float
7896,ecoli50_r007896,retained,True,string_to_float
7897,ecoli50_r007897,retained,True,string_to_float
7898,ecoli50_r007898,retained,True,string_to_float
7899,ecoli50_r007899,retained,True,string_to_float
7900,ecoli50_r007900,retained,True,string_to_float
7901,ecoli50_r007901,retained,True,string_to_float
7902,ecoli50_r007902,retained,True,string_to_float
7903,ecoli50_r007903,retained,True,string_to_float
7904,ecoli50_r007904,retained,True,string_to_float
7905,ecoli50_r007905,retained,True,string_to_float
7906,ecoli50_r007906,retained,True,string_to_float
7907,ecoli50_r007907,retained,True,string_to_float
7908,ecoli50_r007908,retained,True,string_to_float
7909,ecoli50_r007909,retained,True,string_to_float
7910,ecoli50_r007910,retained,True,string_to_float
7911,ecoli50_r007911,retained,True,string_to_float
7912,ecoli50_r007912,retained,True,string_to_float
7913,ecoli50_r007913,retained,True,string_to_float
7914,ecoli50_r007914,retained,True,string_to_float
7915,ecoli50_r007915,retained,True,string_to_float
7916,ecoli50_r007916,retained,True,string_to_float
7917,ecoli50_r007917,retained,True,string_to_float
7918,ecoli50_r007918,retained,True,string_to_float
7919,ecoli50_r007919,retained,True,string_to_float
7920,ecoli50_r007920,retained,True,string_to_float
7921,ecoli50_r007921,retained,True,string_to_float
7922,ecoli50_r007922,retained,True,string_to_float
7923,ecoli50_r007923,retained,True,string_to_float
7924,ecoli50_r007924,retained,True,string_to_float
7925,ecoli50_r007925,retained,True,string_to_float
7926,ecoli50_r007926,retained,True,string_to_float
7927,ecoli50_r007927,retained,True,string_to_float
7928,ecoli50_r007928,retained,True,string_to_float
7929,ecoli50_r007929,retained,True,string_to_float
7930,ecoli50_r007930,retained,True,string_to_float
7931,ecoli50_r007931,retained,True,string_to_float
7932,ecoli50_r007932,retained,True,string_to_float
7933,ecoli50_r007933,retained,True,string_to_float
7934,ecoli50_r007934,retained,True,string_to_float
7935,ecoli50_r007935,retained,True,string_to_float
7936,ecoli50_r007936,retained,True,string_to_float
7937,ecoli50_r007937,retained,True,string_to_float
7938,ecoli50_r007938,retained,True,string_to_float
7939,ecoli50_r007939,retained,True,string_to_float
7940,ecoli50_r007940,retained,True,string_to_float
7941,ecoli50_r007941,retained,True,string_to_float
7942,ecoli50_r007942,retained,True,string_to_float
7943,ecoli50_r007943,retained,True,string_to_float
7944,ecoli50_r007944,retained,True,string_to_float
7945,ecoli50_r007945,retained,True,string_to_float
7946,ecoli50_r007946,retained,True,string_to_float
7947,ecoli50_r007947,retained,True,string_to_float
7948,ecoli50_r007948,retained,True,string_to_float
7949,ecoli50_r007949,retained,True,string_to_float
7950,ecoli50_r007950,retained,True,string_to_float
7951,ecoli50_r007951,retained,True,string_to_float
7952,ecoli50_r007952,retained,True,string_to_float
7953,ecoli50_r007953,retained,True,string_to_float
7954,ecoli50_r007954,retained,True,string_to_float
7955,ecoli50_r007955,retained,True,string_to_float
7956,ecoli50_r007956,retained,True,string_to_float
7957,ecoli50_r007957,retained,True,string_to_float
7958,ecoli50_r007958,retained,True,string_to_float
7959,ecoli50_r007959,retained,True,string_to_float
7960,ecoli50_r007960,retained,True,string_to_float
7961,ecoli50_r007961,retained,True,string_to_float
7962,ecoli50_r007962,retained,True,string_to_float
7963,ecoli50_r007963,retained,True,string_to_float
7964,ecoli50_r007964,retained,True,string_to_float
7965,ecoli50_r007965,retained,True,string_to_float
7966,ecoli50_r007966,retained,True,string_to_float
7967,ecoli50_r007967,retained,True,string_to_float
7968,ecoli50_r007968,retained,True,string_to_float
7969,ecoli50_r007969,retained,True,string_to_float
7970,ecoli50_r007970,retained,True,string_to_float
7971,ecoli50_r007971,retained,True,string_to_float
7972,ecoli50_r007972,retained,True,string_to_float
7973,ecoli50_r007973,retained,True,string_to_float
7974,ecoli50_r007974,retained,True,string_to_float
7975,ecoli50_r007975,retained,True,string_to_float
7976,ecoli50_r007976,retained,True,string_to_float
7977,ecoli50_r007977,retained,True,string_to_float
7978,ecoli50_r007978,retained,True,string_to_float
7979,ecoli50_r007979,retained,True,string_to_float
7980,ecoli50_r007980,retained,True,string_to_float
7981,ecoli50_r007981,retained,True,string_to_float
7982,ecoli50_r007982,retained,True,string_to_float
7983,ecoli50_r007983,retained,True,string_to_float
7984,ecoli50_r007984,retained,True,string_to_float
7985,ecoli50_r007985,retained,True,string_to_float
7986,ecoli50_r007986,retained,True,string_to_float
7987,ecoli50_r007987,retained,True,string_to_float
7988,ecoli50_r007988,retained,True,string_to_float
7989,ecoli50_r007989,retained,True,string_to_float
7990,ecoli50_r007990,retained,True,string_to_float
7991,ecoli50_r007991,retained,True,string_to_float
7992,ecoli50_r007992,retained,True,string_to_float
7993,ecoli50_r007993,retained,True,string_to_float
7994,ecoli50_r007994,retained,True,string_to_float
7995,ecoli50_r007995,retained,True,string_to_float
7996,ecoli50_r007996,retained,True,string_to_float
7997,ecoli50_r007997,retained,True,string_to_float
7998,ecoli50_r007998,retained,True,string_to_float
7999,ecoli50_r007999,retained,True,string_to_float
8000,ecoli50_r008000,retained,True,string_to_float
8001,ecoli50_r008001,retained,True,string_to_float
8002,ecoli50_r008002,retained,True,string_to_float
8003,ecoli50_r008003,retained,True,string_to_float
8004,ecoli50_r008004,retained,True,string_to_float
8005,ecoli50_r008005,retained,True,string_to_float
8006,ecoli50_r008006,retained,True,string_to_float
8007,ecoli50_r008007,retained,True,string_to_float
8008,ecoli50_r008008,retained,True,string_to_float
8009,ecoli50_r008009,retained,True,string_to_float
8010,ecoli50_r008010,retained,True,string_to_float
8011,ecoli50_r008011,retained,True,string_to_float
8012,ecoli50_r008012,retained,True,string_to_float
8013,ecoli50_r008013,retained,True,string_to_float
8014,ecoli50_r008014,retained,True,string_to_float
8015,ecoli50_r008015,retained,True,string_to_float
8016,ecoli50_r008016,retained,True,string_to_float
8017,ecoli50_r008017,retained,True,string_to_float
8018,ecoli50_r008018,retained,True,string_to_float
8019,ecoli50_r008019,retained,True,string_to_float
8020,ecoli50_r008020,retained,True,string_to_float
8021,ecoli50_r008021,retained,True,string_to_float
8022,ecoli50_r008022,retained,True,string_to_float
8023,ecoli50_r008023,retained,True,string_to_float
8024,ecoli50_r008024,retained,True,string_to_float
8025,ecoli50_r008025,retained,True,string_to_float
8026,ecoli50_r008026,retained,True,string_to_float
8027,ecoli50_r008027,retained,True,string_to_float
8028,ecoli50_r008028,retained,True,string_to_float
8029,ecoli50_r008029,retained,True,string_to_float
8030,ecoli50_r008030,retained,True,string_to_float
8031,ecoli50_r008031,retained,True,string_to_float
8032,ecoli50_r008032,retained,True,string_to_float
8033,ecoli50_r008033,retained,True,string_to_float
8034,ecoli50_r008034,retained,True,string_to_float
8035,ecoli50_r008035,retained,True,string_to_float
8036,ecoli50_r008036,retained,True,string_to_float
8037,ecoli50_r008037,retained,True,string_to_float
8038,ecoli50_r008038,retained,True,string_to_float
8039,ecoli50_r008039,retained,True,string_to_float
8040,ecoli50_r008040,retained,True,string_to_float
8041,ecoli50_r008041,retained,True,string_to_float
8042,ecoli50_r008042,retained,True,string_to_float
8043,ecoli50_r008043,retained,True,string_to_float
8044,ecoli50_r008044,retained,True,string_to_float
8045,ecoli50_r008045,retained,True,string_to_float
8046,ecoli50_r008046,retained,True,string_to_float
8047,ecoli50_r008047,retained,True,string_to_float
8048,ecoli50_r008048,retained,True,string_to_float
8049,ecoli50_r008049,retained,True,string_to_float
8050,ecoli50_r008050,retained,True,string_to_float
8051,ecoli50_r008051,retained,True,string_to_float
8052,ecoli50_r008052,retained,True,string_to_float
8053,ecoli50_r008053,retained,True,string_to_float
8054,ecoli50_r008054,retained,True,string_to_float
8055,ecoli50_r008055,retained,True,string_to_float
8056,ecoli50_r008056,retained,True,string_to_float
8057,ecoli50_r008057,retained,True,string_to_float
8058,ecoli50_r008058,retained,True,string_to_float
8059,ecoli50_r008059,retained,True,string_to_float
8060,ecoli50_r008060,retained,True,string_to_float
8061,ecoli50_r008061,retained,True,string_to_float
8062,ecoli50_r008062,retained,True,string_to_float
8063,ecoli50_r008063,retained,True,string_to_float
8064,ecoli50_r008064,retained,True,string_to_float
8065,ecoli50_r008065,retained,True,string_to_float
8066,ecoli50_r008066,retained,True,string_to_float
8067,ecoli50_r008067,retained,True,string_to_float
8068,ecoli50_r008068,retained,True,string_to_float
8069,ecoli50_r008069,retained,True,string_to_float
8070,ecoli50_r008070,retained,True,string_to_float
8071,ecoli50_r008071,retained,True,string_to_float
8072,ecoli50_r008072,retained,True,string_to_float
8073,ecoli50_r008073,retained,True,string_to_float
8074,ecoli50_r008074,retained,True,string_to_float
8075,ecoli50_r008075,retained,True,string_to_float
8076,ecoli50_r008076,retained,True,string_to_float
8077,ecoli50_r008077,retained,True,string_to_float
8078,ecoli50_r008078,retained,True,string_to_float
8079,ecoli50_r008079,retained,True,string_to_float
8080,ecoli50_r008080,retained,True,string_to_float
8081,ecoli50_r008081,retained,True,string_to_float
8082,ecoli50_r008082,retained,True,string_to_float
8083,ecoli50_r008083,retained,True,string_to_float
8084,ecoli50_r008084,retained,True,string_to_float
8085,ecoli50_r008085,retained,True,string_to_float
8086,ecoli50_r008086,retained,True,string_to_float
8087,ecoli50_r008087,retained,True,string_to_float
8088,ecoli50_r008088,retained,True,string_to_float
8089,ecoli50_r008089,retained,True,string_to_float
8090,ecoli50_r008090,retained,True,string_to_float
8091,ecoli50_r008091,retained,True,string_to_float
8092,ecoli50_r008092,retained,True,string_to_float
8093,ecoli50_r008093,retained,True,string_to_float
8094,ecoli50_r008094,retained,True,string_to_float
8095,ecoli50_r008095,retained,True,string_to_float
8096,ecoli50_r008096,retained,True,string_to_float
8097,ecoli50_r008097,retained,True,string_to_float
8098,ecoli50_r008098,retained,True,string_to_float
8099,ecoli50_r008099,retained,True,string_to_float
8100,ecoli50_r008100,retained,True,string_to_float
8101,ecoli50_r008101,retained,True,string_to_float
8102,ecoli50_r008102,retained,True,string_to_float
8103,ecoli50_r008103,retained,True,string_to_float
8104,ecoli50_r008104,retained,True,string_to_float
8105,ecoli50_r008105,retained,True,string_to_float
8106,ecoli50_r008106,retained,True,string_to_float
8107,ecoli50_r008107,retained,True,string_to_float
8108,ecoli50_r008108,retained,True,string_to_float
8109,ecoli50_r008109,retained,True,string_to_float
8110,ecoli50_r008110,retained,True,string_to_float
8111,ecoli50_r008111,retained,True,string_to_float
8112,ecoli50_r008112,retained,True,string_to_float
8113,ecoli50_r008113,retained,True,string_to_float
8114,ecoli50_r008114,retained,True,string_to_float
8115,ecoli50_r008115,retained,True,string_to_float
8116,ecoli50_r008116,retained,True,string_to_float
8117,ecoli50_r008117,retained,True,string_to_float
8118,ecoli50_r008118,retained,True,string_to_float
8119,ecoli50_r008119,retained,True,string_to_float
8120,ecoli50_r008120,retained,True,string_to_float
8121,ecoli50_r008121,retained,True,string_to_float
8122,ecoli50_r008122,retained,True,string_to_float
8123,ecoli50_r008123,retained,True,string_to_float
8124,ecoli50_r008124,retained,True,string_to_float
8125,ecoli50_r008125,retained,True,string_to_float
8126,ecoli50_r008126,retained,True,string_to_float
8127,ecoli50_r008127,retained,True,string_to_float
8128,ecoli50_r008128,retained,True,string_to_float
8129,ecoli50_r008129,retained,True,string_to_float
8130,ecoli50_r008130,retained,True,string_to_float
8131,ecoli50_r008131,retained,True,string_to_float
8132,ecoli50_r008132,retained,True,string_to_float
8133,ecoli50_r008133,retained,True,string_to_float
8134,ecoli50_r008134,retained,True,string_to_float
8135,ecoli50_r008135,retained,True,string_to_float
8136,ecoli50_r008136,retained,True,string_to_float
8137,ecoli50_r008137,retained,True,string_to_float
8138,ecoli50_r008138,retained,True,string_to_float
8139,ecoli50_r008139,retained,True,string_to_float
8140,ecoli50_r008140,retained,True,string_to_float
8141,ecoli50_r008141,retained,True,string_to_float
8142,ecoli50_r008142,retained,True,string_to_float
8143,ecoli50_r008143,retained,True,string_to_float
8144,ecoli50_r008144,retained,True,string_to_float
8145,ecoli50_r008145,retained,True,string_to_float
8146,ecoli50_r008146,retained,True,string_to_float
8147,ecoli50_r008147,retained,True,string_to_float
8148,ecoli50_r008148,retained,True,string_to_float
8149,ecoli50_r008149,retained,True,string_to_float
8150,ecoli50_r008150,retained,True,string_to_float
8151,ecoli50_r008151,retained,True,string_to_float
8152,ecoli50_r008152,retained,True,string_to_float
8153,ecoli50_r008153,retained,True,string_to_float
8154,ecoli50_r008154,retained,True,string_to_float
8155,ecoli50_r008155,retained,True,string_to_float
8156,ecoli50_r008156,retained,True,string_to_float
8157,ecoli50_r008157,retained,True,string_to_float
8158,ecoli50_r008158,retained,True,string_to_float
8159,ecoli50_r008159,retained,True,string_to_float
8160,ecoli50_r008160,retained,True,string_to_float
8161,ecoli50_r008161,retained,True,string_to_float
8162,ecoli50_r008162,retained,True,string_to_float
8163,ecoli50_r008163,retained,True,string_to_float
8164,ecoli50_r008164,retained,True,string_to_float
8165,ecoli50_r008165,retained,True,string_to_float
8166,ecoli50_r008166,retained,True,string_to_float
8167,ecoli50_r008167,retained,True,string_to_float
8168,ecoli50_r008168,retained,True,string_to_float
8169,ecoli50_r008169,retained,True,string_to_float
8170,ecoli50_r008170,retained,True,string_to_float
8171,ecoli50_r008171,retained,True,string_to_float
8172,ecoli50_r008172,retained,True,string_to_float
8173,ecoli50_r008173,retained,True,string_to_float
8174,ecoli50_r008174,retained,True,string_to_float
8175,ecoli50_r008175,retained,True,string_to_float
8176,ecoli50_r008176,retained,True,string_to_float
8177,ecoli50_r008177,retained,True,string_to_float
8178,ecoli50_r008178,retained,True,string_to_float
8179,ecoli50_r008179,retained,True,string_to_float
8180,ecoli50_r008180,retained,True,string_to_float
8181,ecoli50_r008181,retained,True,string_to_float
8182,ecoli50_r008182,retained,True,string_to_float
8183,ecoli50_r008183,retained,True,string_to_float
8184,ecoli50_r008184,retained,True,string_to_float
8185,ecoli50_r008185,retained,True,string_to_float
8186,ecoli50_r008186,retained,True,string_to_float
8187,ecoli50_r008187,retained,True,string_to_float
8188,ecoli50_r008188,retained,True,string_to_float
8189,ecoli50_r008189,retained,True,string_to_float
8190,ecoli50_r008190,retained,True,string_to_float
8191,ecoli50_r008191,retained,True,string_to_float
8192,ecoli50_r008192,retained,True,string_to_float
8193,ecoli50_r008193,retained,True,string_to_float
8194,ecoli50_r008194,retained,True,string_to_float
8195,ecoli50_r008195,retained,True,string_to_float
8196,ecoli50_r008196,retained,True,string_to_float
8197,ecoli50_r008197,retained,True,string_to_float
8198,ecoli50_r008198,retained,True,string_to_float
8199,ecoli50_r008199,retained,True,string_to_float
8200,ecoli50_r008200,retained,True,string_to_float
8201,ecoli50_r008201,retained,True,string_to_float
8202,ecoli50_r008202,retained,True,string_to_float
8203,ecoli50_r008203,retained,True,string_to_float
8204,ecoli50_r008204,retained,True,string_to_float
8205,ecoli50_r008205,retained,True,string_to_float
8206,ecoli50_r008206,retained,True,string_to_float
8207,ecoli50_r008207,retained,True,string_to_float
8208,ecoli50_r008208,retained,True,string_to_float
8209,ecoli50_r008209,retained,True,string_to_float
8210,ecoli50_r008210,retained,True,string_to_float
8211,ecoli50_r008211,retained,True,string_to_float
8212,ecoli50_r008212,retained,True,string_to_float
8213,ecoli50_r008213,retained,True,string_to_float
8214,ecoli50_r008214,retained,True,string_to_float
8215,ecoli50_r008215,retained,True,string_to_float
8216,ecoli50_r008216,retained,True,string_to_float
8217,ecoli50_r008217,retained,True,string_to_float
8218,ecoli50_r008218,retained,True,string_to_float
8219,ecoli50_r008219,retained,True,string_to_float
8220,ecoli50_r008220,retained,True,string_to_float
8221,ecoli50_r008221,retained,True,string_to_float
8222,ecoli50_r008222,retained,True,string_to_float
8223,ecoli50_r008223,retained,True,string_to_float
8224,ecoli50_r008224,retained,True,string_to_float
8225,ecoli50_r008225,retained,True,string_to_float
8226,ecoli50_r008226,retained,True,string_to_float
8227,ecoli50_r008227,retained,True,string_to_float
8228,ecoli50_r008228,retained,True,string_to_float
8229,ecoli50_r008229,retained,True,string_to_float
8230,ecoli50_r008230,retained,True,string_to_float
8231,ecoli50_r008231,retained,True,string_to_float
8232,ecoli50_r008232,retained,True,string_to_float
8233,ecoli50_r008233,retained,True,string_to_float
8234,ecoli50_r008234,retained,True,string_to_float
8235,ecoli50_r008235,retained,True,string_to_float
8236,ecoli50_r008236,retained,True,string_to_float
8237,ecoli50_r008237,retained,True,string_to_float
8238,ecoli50_r008238,retained,True,string_to_float
8239,ecoli50_r008239,retained,True,string_to_float
8240,ecoli50_r008240,retained,True,string_to_float
8241,ecoli50_r008241,retained,True,string_to_float
8242,ecoli50_r008242,retained,True,string_to_float
8243,ecoli50_r008243,retained,True,string_to_float
8244,ecoli50_r008244,retained,True,string_to_float
8245,ecoli50_r008245,retained,True,string_to_float
8246,ecoli50_r008246,retained,True,string_to_float
8247,ecoli50_r008247,retained,True,string_to_float
8248,ecoli50_r008248,retained,True,string_to_float
8249,ecoli50_r008249,retained,True,string_to_float
8250,ecoli50_r008250,retained,True,string_to_float
8251,ecoli50_r008251,retained,True,string_to_float
8252,ecoli50_r008252,retained,True,string_to_float
8253,ecoli50_r008253,retained,True,string_to_float
8254,ecoli50_r008254,retained,True,string_to_float
8255,ecoli50_r008255,retained,True,string_to_float
8256,ecoli50_r008256,retained,True,string_to_float
8257,ecoli50_r008257,retained,True,string_to_float
8258,ecoli50_r008258,retained,True,string_to_float
8259,ecoli50_r008259,retained,True,string_to_float
8260,ecoli50_r008260,retained,True,string_to_float
8261,ecoli50_r008261,retained,True,string_to_float
8262,ecoli50_r008262,retained,True,string_to_float
8263,ecoli50_r008263,retained,True,string_to_float
8264,ecoli50_r008264,retained,True,string_to_float
8265,ecoli50_r008265,retained,True,string_to_float
8266,ecoli50_r008266,retained,True,string_to_float
8267,ecoli50_r008267,retained,True,string_to_float
8268,ecoli50_r008268,retained,True,string_to_float
8269,ecoli50_r008269,retained,True,string_to_float
8270,ecoli50_r008270,retained,True,string_to_float
8271,ecoli50_r008271,retained,True,string_to_float
8272,ecoli50_r008272,retained,True,string_to_float
8273,ecoli50_r008273,retained,True,string_to_float
8274,ecoli50_r008274,retained,True,string_to_float
8275,ecoli50_r008275,retained,True,string_to_float
8276,ecoli50_r008276,retained,True,string_to_float
8277,ecoli50_r008277,retained,True,string_to_float
8278,ecoli50_r008278,retained,True,string_to_float
8279,ecoli50_r008279,retained,True,string_to_float
8280,ecoli50_r008280,retained,True,string_to_float
8281,ecoli50_r008281,retained,True,string_to_float
8282,ecoli50_r008282,retained,True,string_to_float
8283,ecoli50_r008283,retained,True,string_to_float
8284,ecoli50_r008284,retained,True,string_to_float
8285,ecoli50_r008285,retained,True,string_to_float
8286,ecoli50_r008286,retained,True,string_to_float
8287,ecoli50_r008287,retained,True,string_to_float
8288,ecoli50_r008288,retained,True,string_to_float
8289,ecoli50_r008289,retained,True,string_to_float
8290,ecoli50_r008290,retained,True,string_to_float
8291,ecoli50_r008291,retained,True,string_to_float
8292,ecoli50_r008292,retained,True,string_to_float
8293,ecoli50_r008293,retained,True,string_to_float
8294,ecoli50_r008294,retained,True,string_to_float
8295,ecoli50_r008295,retained,True,string_to_float
8296,ecoli50_r008296,retained,True,string_to_float
8297,ecoli50_r008297,retained,True,string_to_float
8298,ecoli50_r008298,retained,True,string_to_float
8299,ecoli50_r008299,retained,True,string_to_float
8300,ecoli50_r008300,retained,True,string_to_float
8301,ecoli50_r008301,retained,True,string_to_float
8302,ecoli50_r008302,retained,True,string_to_float
8303,ecoli50_r008303,retained,True,string_to_float
8304,ecoli50_r008304,retained,True,string_to_float
8305,ecoli50_r008305,retained,True,string_to_float
8306,ecoli50_r008306,retained,True,string_to_float
8307,ecoli50_r008307,retained,True,string_to_float
8308,ecoli50_r008308,retained,True,string_to_float
8309,ecoli50_r008309,retained,True,string_to_float
8310,ecoli50_r008310,retained,True,string_to_float
8311,ecoli50_r008311,retained,True,string_to_float
8312,ecoli50_r008312,retained,True,string_to_float
8313,ecoli50_r008313,retained,True,string_to_float
8314,ecoli50_r008314,retained,True,string_to_float
8315,ecoli50_r008315,retained,True,string_to_float
8316,ecoli50_r008316,retained,True,string_to_float
8317,ecoli50_r008317,retained,True,string_to_float
8318,ecoli50_r008318,retained,True,string_to_float
8319,ecoli50_r008319,retained,True,string_to_float
8320,ecoli50_r008320,retained,True,string_to_float
8321,ecoli50_r008321,retained,True,string_to_float
8322,ecoli50_r008322,retained,True,string_to_float
8323,ecoli50_r008323,retained,True,string_to_float
8324,ecoli50_r008324,retained,True,string_to_float
8325,ecoli50_r008325,retained,True,string_to_float
8326,ecoli50_r008326,retained,True,string_to_float
8327,ecoli50_r008327,retained,True,string_to_float
8328,ecoli50_r008328,retained,True,string_to_float
8329,ecoli50_r008329,retained,True,string_to_float
8330,ecoli50_r008330,retained,True,string_to_float
8331,ecoli50_r008331,retained,True,string_to_float
8332,ecoli50_r008332,retained,True,string_to_float
8333,ecoli50_r008333,retained,True,string_to_float
8334,ecoli50_r008334,retained,True,string_to_float
8335,ecoli50_r008335,retained,True,string_to_float
8336,ecoli50_r008336,retained,True,string_to_float
8337,ecoli50_r008337,retained,True,string_to_float
8338,ecoli50_r008338,retained,True,string_to_float
8339,ecoli50_r008339,retained,True,string_to_float
8340,ecoli50_r008340,retained,True,string_to_float
8341,ecoli50_r008341,retained,True,string_to_float
8342,ecoli50_r008342,retained,True,string_to_float
8343,ecoli50_r008343,retained,True,string_to_float
8344,ecoli50_r008344,retained,True,string_to_float
8345,ecoli50_r008345,retained,True,string_to_float
8346,ecoli50_r008346,retained,True,string_to_float
8347,ecoli50_r008347,retained,True,string_to_float
8348,ecoli50_r008348,retained,True,string_to_float
8349,ecoli50_r008349,retained,True,string_to_float
8350,ecoli50_r008350,retained,True,string_to_float
8351,ecoli50_r008351,retained,True,string_to_float
8352,ecoli50_r008352,retained,True,string_to_float
8353,ecoli50_r008353,retained,True,string_to_float
8354,ecoli50_r008354,retained,True,string_to_float
8355,ecoli50_r008355,retained,True,string_to_float
8356,ecoli50_r008356,retained,True,string_to_float
8357,ecoli50_r008357,retained,True,string_to_float
8358,ecoli50_r008358,retained,True,string_to_float
8359,ecoli50_r008359,retained,True,string_to_float
8360,ecoli50_r008360,retained,True,string_to_float
8361,ecoli50_r008361,retained,True,string_to_float
8362,ecoli50_r008362,retained,True,string_to_float
8363,ecoli50_r008363,retained,True,string_to_float
8364,ecoli50_r008364,retained,True,string_to_float
8365,ecoli50_r008365,retained,True,string_to_float
8366,ecoli50_r008366,retained,True,string_to_float
8367,ecoli50_r008367,retained,True,string_to_float
8368,ecoli50_r008368,retained,True,string_to_float
8369,ecoli50_r008369,retained,True,string_to_float
8370,ecoli50_r008370,retained,True,string_to_float
8371,ecoli50_r008371,retained,True,string_to_float
8372,ecoli50_r008372,retained,True,string_to_float
8373,ecoli50_r008373,retained,True,string_to_float
8374,ecoli50_r008374,retained,True,string_to_float
8375,ecoli50_r008375,retained,True,string_to_float
8376,ecoli50_r008376,retained,True,string_to_float
8377,ecoli50_r008377,retained,True,string_to_float
8378,ecoli50_r008378,retained,True,string_to_float
8379,ecoli50_r008379,retained,True,string_to_float
8380,ecoli50_r008380,retained,True,string_to_float
8381,ecoli50_r008381,retained,True,string_to_float
8382,ecoli50_r008382,retained,True,string_to_float
8383,ecoli50_r008383,retained,True,string_to_float
8384,ecoli50_r008384,retained,True,string_to_float
8385,ecoli50_r008385,retained,True,string_to_float
8386,ecoli50_r008386,retained,True,string_to_float
8387,ecoli50_r008387,retained,True,string_to_float
8388,ecoli50_r008388,retained,True,string_to_float
8389,ecoli50_r008389,retained,True,string_to_float
8390,ecoli50_r008390,retained,True,string_to_float
8391,ecoli50_r008391,retained,True,string_to_float
8392,ecoli50_r008392,retained,True,string_to_float
8393,ecoli50_r008393,retained,True,string_to_float
8394,ecoli50_r008394,retained,True,string_to_float
8395,ecoli50_r008395,retained,True,string_to_float
8396,ecoli50_r008396,retained,True,string_to_float
8397,ecoli50_r008397,retained,True,string_to_float
8398,ecoli50_r008398,retained,True,string_to_float
8399,ecoli50_r008399,retained,True,string_to_float
8400,ecoli50_r008400,retained,True,string_to_float
8401,ecoli50_r008401,retained,True,string_to_float
8402,ecoli50_r008402,retained,True,string_to_float
8403,ecoli50_r008403,retained,True,string_to_float
8404,ecoli50_r008404,retained,True,string_to_float
8405,ecoli50_r008405,retained,True,string_to_float
8406,ecoli50_r008406,retained,True,string_to_float
8407,ecoli50_r008407,retained,True,string_to_float
8408,ecoli50_r008408,retained,True,string_to_float
8409,ecoli50_r008409,retained,True,string_to_float
8410,ecoli50_r008410,retained,True,string_to_float
8411,ecoli50_r008411,retained,True,string_to_float
8412,ecoli50_r008412,retained,True,string_to_float
8413,ecoli50_r008413,retained,True,string_to_float
8414,ecoli50_r008414,retained,True,string_to_float
8415,ecoli50_r008415,retained,True,string_to_float
8416,ecoli50_r008416,retained,True,string_to_float
8417,ecoli50_r008417,retained,True,string_to_float
8418,ecoli50_r008418,retained,True,string_to_float
8419,ecoli50_r008419,retained,True,string_to_float
8420,ecoli50_r008420,retained,True,string_to_float
8421,ecoli50_r008421,retained,True,string_to_float
8422,ecoli50_r008422,retained,True,string_to_float
8423,ecoli50_r008423,retained,True,string_to_float
8424,ecoli50_r008424,retained,True,string_to_float
8425,ecoli50_r008425,retained,True,string_to_float
8426,ecoli50_r008426,retained,True,string_to_float
8427,ecoli50_r008427,retained,True,string_to_float
8428,ecoli50_r008428,retained,True,string_to_float
8429,ecoli50_r008429,retained,True,string_to_float
8430,ecoli50_r008430,retained,True,string_to_float
8431,ecoli50_r008431,retained,True,string_to_float
8432,ecoli50_r008432,retained,True,string_to_float
8433,ecoli50_r008433,retained,True,string_to_float
8434,ecoli50_r008434,retained,True,string_to_float
8435,ecoli50_r008435,retained,True,string_to_float
8436,ecoli50_r008436,retained,True,string_to_float
8437,ecoli50_r008437,retained,True,string_to_float
8438,ecoli50_r008438,retained,True,string_to_float
8439,ecoli50_r008439,retained,True,string_to_float
8440,ecoli50_r008440,retained,True,string_to_float
8441,ecoli50_r008441,retained,True,string_to_float
8442,ecoli50_r008442,retained,True,string_to_float
8443,ecoli50_r008443,retained,True,string_to_float
8444,ecoli50_r008444,retained,True,string_to_float
8445,ecoli50_r008445,retained,True,string_to_float
8446,ecoli50_r008446,retained,True,string_to_float
8447,ecoli50_r008447,retained,True,string_to_float
8448,ecoli50_r008448,retained,True,string_to_float
8449,ecoli50_r008449,retained,True,string_to_float
8450,ecoli50_r008450,retained,True,string_to_float
8451,ecoli50_r008451,retained,True,string_to_float
8452,ecoli50_r008452,retained,True,string_to_float
8453,ecoli50_r008453,retained,True,string_to_float
8454,ecoli50_r008454,retained,True,string_to_float
8455,ecoli50_r008455,retained,True,string_to_float
8456,ecoli50_r008456,retained,True,string_to_float
8457,ecoli50_r008457,retained,True,string_to_float
8458,ecoli50_r008458,retained,True,string_to_float
8459,ecoli50_r008459,retained,True,string_to_float
8460,ecoli50_r008460,retained,True,string_to_float
8461,ecoli50_r008461,retained,True,string_to_float
8462,ecoli50_r008462,retained,True,string_to_float
8463,ecoli50_r008463,retained,True,string_to_float
8464,ecoli50_r008464,retained,True,string_to_float
8465,ecoli50_r008465,retained,True,string_to_float
8466,ecoli50_r008466,retained,True,string_to_float
8467,ecoli50_r008467,retained,True,string_to_float
8468,ecoli50_r008468,retained,True,string_to_float
8469,ecoli50_r008469,retained,True,string_to_float
8470,ecoli50_r008470,retained,True,string_to_float
8471,ecoli50_r008471,retained,True,string_to_float
8472,ecoli50_r008472,retained,True,string_to_float
8473,ecoli50_r008473,retained,True,string_to_float
8474,ecoli50_r008474,retained,True,string_to_float
8475,ecoli50_r008475,retained,True,string_to_float
8476,ecoli50_r008476,retained,True,string_to_float
8477,ecoli50_r008477,retained,True,string_to_float
8478,ecoli50_r008478,retained,True,string_to_float
8479,ecoli50_r008479,retained,True,string_to_float
8480,ecoli50_r008480,retained,True,string_to_float
8481,ecoli50_r008481,retained,True,string_to_float
8482,ecoli50_r008482,retained,True,string_to_float
8483,ecoli50_r008483,retained,True,string_to_float
8484,ecoli50_r008484,retained,True,string_to_float
8485,ecoli50_r008485,retained,True,string_to_float
8486,ecoli50_r008486,retained,True,string_to_float
8487,ecoli50_r008487,retained,True,string_to_float
8488,ecoli50_r008488,retained,True,string_to_float
8489,ecoli50_r008489,retained,True,string_to_float
8490,ecoli50_r008490,retained,True,string_to_float
8491,ecoli50_r008491,retained,True,string_to_float
8492,ecoli50_r008492,retained,True,string_to_float
8493,ecoli50_r008493,retained,True,string_to_float
8494,ecoli50_r008494,retained,True,string_to_float
8495,ecoli50_r008495,retained,True,string_to_float
8496,ecoli50_r008496,retained,True,string_to_float
8497,ecoli50_r008497,retained,True,string_to_float
8498,ecoli50_r008498,retained,True,string_to_float
8499,ecoli50_r008499,retained,True,string_to_float
8500,ecoli50_r008500,retained,True,string_to_float
8501,ecoli50_r008501,retained,True,string_to_float
8502,ecoli50_r008502,retained,True,string_to_float
8503,ecoli50_r008503,retained,True,string_to_float
8504,ecoli50_r008504,retained,True,string_to_float
8505,ecoli50_r008505,retained,True,string_to_float
8506,ecoli50_r008506,retained,True,string_to_float
8507,ecoli50_r008507,retained,True,string_to_float
8508,ecoli50_r008508,retained,True,string_to_float
8509,ecoli50_r008509,retained,True,string_to_float
8510,ecoli50_r008510,retained,True,string_to_float
8511,ecoli50_r008511,retained,True,string_to_float
8512,ecoli50_r008512,retained,True,string_to_float
8513,ecoli50_r008513,retained,True,string_to_float
8514,ecoli50_r008514,retained,True,string_to_float
8515,ecoli50_r008515,retained,True,string_to_float
8516,ecoli50_r008516,retained,True,string_to_float
8517,ecoli50_r008517,retained,True,string_to_float
8518,ecoli50_r008518,retained,True,string_to_float
8519,ecoli50_r008519,retained,True,string_to_float
8520,ecoli50_r008520,retained,True,string_to_float
8521,ecoli50_r008521,retained,True,string_to_float
8522,ecoli50_r008522,retained,True,string_to_float
8523,ecoli50_r008523,retained,True,string_to_float
8524,ecoli50_r008524,retained,True,string_to_float
8525,ecoli50_r008525,retained,True,string_to_float
8526,ecoli50_r008526,retained,True,string_to_float
8527,ecoli50_r008527,retained,True,string_to_float
8528,ecoli50_r008528,retained,True,string_to_float
8529,ecoli50_r008529,retained,True,string_to_float
8530,ecoli50_r008530,retained,True,string_to_float
8531,ecoli50_r008531,retained,True,string_to_float
8532,ecoli50_r008532,retained,True,string_to_float
8533,ecoli50_r008533,retained,True,string_to_float
8534,ecoli50_r008534,retained,True,string_to_float
8535,ecoli50_r008535,retained,True,string_to_float
8536,ecoli50_r008536,retained,True,string_to_float
8537,ecoli50_r008537,retained,True,string_to_float
8538,ecoli50_r008538,retained,True,string_to_float
8539,ecoli50_r008539,retained,True,string_to_float
8540,ecoli50_r008540,retained,True,string_to_float
8541,ecoli50_r008541,retained,True,string_to_float
8542,ecoli50_r008542,retained,True,string_to_float
8543,ecoli50_r008543,retained,True,string_to_float
8544,ecoli50_r008544,retained,True,string_to_float
8545,ecoli50_r008545,retained,True,string_to_float
8546,ecoli50_r008546,retained,True,string_to_float
8547,ecoli50_r008547,retained,True,string_to_float
8548,ecoli50_r008548,retained,True,string_to_float
8549,ecoli50_r008549,retained,True,string_to_float
8550,ecoli50_r008550,retained,True,string_to_float
8551,ecoli50_r008551,retained,True,string_to_float
8552,ecoli50_r008552,retained,True,string_to_float
8553,ecoli50_r008553,retained,True,string_to_float
8554,ecoli50_r008554,retained,True,string_to_float
8555,ecoli50_r008555,retained,True,string_to_float
8556,ecoli50_r008556,retained,True,string_to_float
8557,ecoli50_r008557,retained,True,string_to_float
8558,ecoli50_r008558,retained,True,string_to_float
8559,ecoli50_r008559,retained,True,string_to_float
8560,ecoli50_r008560,retained,True,string_to_float
8561,ecoli50_r008561,retained,True,string_to_float
8562,ecoli50_r008562,retained,True,string_to_float
8563,ecoli50_r008563,retained,True,string_to_float
8564,ecoli50_r008564,retained,True,string_to_float
8565,ecoli50_r008565,retained,True,string_to_float
8566,ecoli50_r008566,retained,True,string_to_float
8567,ecoli50_r008567,retained,True,string_to_float
8568,ecoli50_r008568,retained,True,string_to_float
8569,ecoli50_r008569,retained,True,string_to_float
8570,ecoli50_r008570,retained,True,string_to_float
8571,ecoli50_r008571,retained,True,string_to_float
8572,ecoli50_r008572,retained,True,string_to_float
8573,ecoli50_r008573,retained,True,string_to_float
8574,ecoli50_r008574,retained,True,string_to_float
8575,ecoli50_r008575,retained,True,string_to_float
8576,ecoli50_r008576,retained,True,string_to_float
8577,ecoli50_r008577,retained,True,string_to_float
8578,ecoli50_r008578,retained,True,string_to_float
8579,ecoli50_r008579,retained,True,string_to_float
8580,ecoli50_r008580,retained,True,string_to_float
8581,ecoli50_r008581,retained,True,string_to_float
8582,ecoli50_r008582,retained,True,string_to_float
8583,ecoli50_r008583,retained,True,string_to_float
8584,ecoli50_r008584,retained,True,string_to_float
8585,ecoli50_r008585,retained,True,string_to_float
8586,ecoli50_r008586,retained,True,string_to_float
8587,ecoli50_r008587,retained,True,string_to_float
8588,ecoli50_r008588,retained,True,string_to_float
8589,ecoli50_r008589,retained,True,string_to_float
8590,ecoli50_r008590,retained,True,string_to_float
8591,ecoli50_r008591,retained,True,string_to_float
8592,ecoli50_r008592,retained,True,string_to_float
8593,ecoli50_r008593,retained,True,string_to_float
8594,ecoli50_r008594,retained,True,string_to_float
8595,ecoli50_r008595,retained,True,string_to_float
8596,ecoli50_r008596,retained,True,string_to_float
8597,ecoli50_r008597,retained,True,string_to_float
8598,ecoli50_r008598,retained,True,string_to_float
8599,ecoli50_r008599,retained,True,string_to_float
8600,ecoli50_r008600,retained,True,string_to_float
8601,ecoli50_r008601,retained,True,string_to_float
8602,ecoli50_r008602,retained,True,string_to_float
8603,ecoli50_r008603,retained,True,string_to_float
8604,ecoli50_r008604,retained,True,string_to_float
8605,ecoli50_r008605,retained,True,string_to_float
8606,ecoli50_r008606,retained,True,string_to_float
8607,ecoli50_r008607,retained,True,string_to_float
8608,ecoli50_r008608,retained,True,string_to_float
8609,ecoli50_r008609,retained,True,string_to_float
8610,ecoli50_r008610,retained,True,string_to_float
8611,ecoli50_r008611,retained,True,string_to_float
8612,ecoli50_r008612,retained,True,string_to_float
8613,ecoli50_r008613,retained,True,string_to_float
8614,ecoli50_r008614,retained,True,string_to_float
8615,ecoli50_r008615,retained,True,string_to_float
8616,ecoli50_r008616,retained,True,string_to_float
8617,ecoli50_r008617,retained,True,string_to_float
8618,ecoli50_r008618,retained,True,string_to_float
8619,ecoli50_r008619,retained,True,string_to_float
8620,ecoli50_r008620,retained,True,string_to_float
8621,ecoli50_r008621,retained,True,string_to_float
8622,ecoli50_r008622,retained,True,string_to_float
8623,ecoli50_r008623,retained,True,string_to_float
8624,ecoli50_r008624,retained,True,string_to_float
8625,ecoli50_r008625,retained,True,string_to_float
8626,ecoli50_r008626,retained,True,string_to_float
8627,ecoli50_r008627,retained,True,string_to_float
8628,ecoli50_r008628,retained,True,string_to_float
8629,ecoli50_r008629,retained,True,string_to_float
8630,ecoli50_r008630,retained,True,string_to_float
8631,ecoli50_r008631,retained,True,string_to_float
8632,ecoli50_r008632,retained,True,string_to_float
8633,ecoli50_r008633,retained,True,string_to_float
8634,ecoli50_r008634,retained,True,string_to_float
8635,ecoli50_r008635,retained,True,string_to_float
8636,ecoli50_r008636,retained,True,string_to_float
8637,ecoli50_r008637,retained,True,string_to_float
8638,ecoli50_r008638,retained,True,string_to_float
8639,ecoli50_r008639,retained,True,string_to_float
8640,ecoli50_r008640,retained,True,string_to_float
8641,ecoli50_r008641,retained,True,string_to_float
8642,ecoli50_r008642,retained,True,string_to_float
8643,ecoli50_r008643,retained,True,string_to_float
8644,ecoli50_r008644,retained,True,string_to_float
8645,ecoli50_r008645,retained,True,string_to_float
8646,ecoli50_r008646,retained,True,string_to_float
8647,ecoli50_r008647,retained,True,string_to_float
8648,ecoli50_r008648,retained,True,string_to_float
8649,ecoli50_r008649,retained,True,string_to_float
8650,ecoli50_r008650,retained,True,string_to_float
8651,ecoli50_r008651,retained,True,string_to_float
8652,ecoli50_r008652,retained,True,string_to_float
8653,ecoli50_r008653,retained,True,string_to_float
8654,ecoli50_r008654,retained,True,string_to_float
8655,ecoli50_r008655,retained,True,string_to_float
8656,ecoli50_r008656,retained,True,string_to_float
8657,ecoli50_r008657,retained,True,string_to_float
8658,ecoli50_r008658,retained,True,string_to_float
8659,ecoli50_r008659,retained,True,string_to_float
8660,ecoli50_r008660,retained,True,string_to_float
8661,ecoli50_r008661,retained,True,string_to_float
8662,ecoli50_r008662,retained,True,string_to_float
8663,ecoli50_r008663,retained,True,string_to_float
8664,ecoli50_r008664,retained,True,string_to_float
8665,ecoli50_r008665,retained,True,string_to_float
8666,ecoli50_r008666,retained,True,string_to_float
8667,ecoli50_r008667,retained,True,string_to_float
8668,ecoli50_r008668,retained,True,string_to_float
8669,ecoli50_r008669,retained,True,string_to_float
8670,ecoli50_r008670,retained,True,string_to_float
8671,ecoli50_r008671,retained,True,string_to_float
8672,ecoli50_r008672,retained,True,string_to_float
8673,ecoli50_r008673,retained,True,string_to_float
8674,ecoli50_r008674,retained,True,string_to_float
8675,ecoli50_r008675,retained,True,string_to_float
8676,ecoli50_r008676,retained,True,string_to_float
8677,ecoli50_r008677,retained,True,string_to_float
8678,ecoli50_r008678,retained,True,string_to_float
8679,ecoli50_r008679,retained,True,string_to_float
8680,ecoli50_r008680,retained,True,string_to_float
8681,ecoli50_r008681,retained,True,string_to_float
8682,ecoli50_r008682,retained,True,string_to_float
8683,ecoli50_r008683,retained,True,string_to_float
8684,ecoli50_r008684,retained,True,string_to_float
8685,ecoli50_r008685,retained,True,string_to_float
8686,ecoli50_r008686,retained,True,string_to_float
8687,ecoli50_r008687,retained,True,string_to_float
8688,ecoli50_r008688,retained,True,string_to_float
8689,ecoli50_r008689,retained,True,string_to_float
8690,ecoli50_r008690,retained,True,string_to_float
8691,ecoli50_r008691,retained,True,string_to_float
8692,ecoli50_r008692,retained,True,string_to_float
8693,ecoli50_r008693,retained,True,string_to_float
8694,ecoli50_r008694,retained,True,string_to_float
8695,ecoli50_r008695,retained,True,string_to_float
8696,ecoli50_r008696,retained,True,string_to_float
8697,ecoli50_r008697,retained,True,string_to_float
8698,ecoli50_r008698,retained,True,string_to_float
8699,ecoli50_r008699,retained,True,string_to_float
8700,ecoli50_r008700,retained,True,string_to_float
8701,ecoli50_r008701,retained,True,string_to_float
8702,ecoli50_r008702,retained,True,string_to_float
8703,ecoli50_r008703,retained,True,string_to_float
8704,ecoli50_r008704,retained,True,string_to_float
8705,ecoli50_r008705,retained,True,string_to_float
8706,ecoli50_r008706,retained,True,string_to_float
8707,ecoli50_r008707,retained,True,string_to_float
8708,ecoli50_r008708,retained,True,string_to_float
8709,ecoli50_r008709,retained,True,string_to_float
8710,ecoli50_r008710,retained,True,string_to_float
8711,ecoli50_r008711,retained,True,string_to_float
8712,ecoli50_r008712,retained,True,string_to_float
8713,ecoli50_r008713,retained,True,string_to_float
8714,ecoli50_r008714,retained,True,string_to_float
8715,ecoli50_r008715,retained,True,string_to_float
8716,ecoli50_r008716,retained,True,string_to_float
8717,ecoli50_r008717,retained,True,string_to_float
8718,ecoli50_r008718,retained,True,string_to_float
8719,ecoli50_r008719,retained,True,string_to_float
8720,ecoli50_r008720,retained,True,string_to_float
8721,ecoli50_r008721,retained,True,string_to_float
8722,ecoli50_r008722,retained,True,string_to_float
8723,ecoli50_r008723,retained,True,string_to_float
8724,ecoli50_r008724,retained,True,string_to_float
8725,ecoli50_r008725,retained,True,string_to_float
8726,ecoli50_r008726,retained,True,string_to_float
8727,ecoli50_r008727,retained,True,string_to_float
8728,ecoli50_r008728,retained,True,string_to_float
8729,ecoli50_r008729,retained,True,string_to_float
8730,ecoli50_r008730,retained,True,string_to_float
8731,ecoli50_r008731,retained,True,string_to_float
8732,ecoli50_r008732,retained,True,string_to_float
8733,ecoli50_r008733,retained,True,string_to_float
8734,ecoli50_r008734,retained,True,string_to_float
8735,ecoli50_r008735,retained,True,string_to_float
8736,ecoli50_r008736,retained,True,string_to_float
8737,ecoli50_r008737,retained,True,string_to_float
8738,ecoli50_r008738,retained,True,string_to_float
8739,ecoli50_r008739,retained,True,string_to_float
8740,ecoli50_r008740,retained,True,string_to_float
8741,ecoli50_r008741,retained,True,string_to_float
8742,ecoli50_r008742,retained,True,string_to_float
8743,ecoli50_r008743,retained,True,string_to_float
8744,ecoli50_r008744,retained,True,string_to_float
8745,ecoli50_r008745,retained,True,string_to_float
8746,ecoli50_r008746,retained,True,string_to_float
8747,ecoli50_r008747,retained,True,string_to_float
8748,ecoli50_r008748,retained,True,string_to_float
8749,ecoli50_r008749,retained,True,string_to_float
8750,ecoli50_r008750,retained,True,string_to_float
8751,ecoli50_r008751,retained,True,string_to_float
8752,ecoli50_r008752,retained,True,string_to_float
8753,ecoli50_r008753,retained,True,string_to_float
8754,ecoli50_r008754,retained,True,string_to_float
8755,ecoli50_r008755,retained,True,string_to_float
8756,ecoli50_r008756,retained,True,string_to_float
8757,ecoli50_r008757,retained,True,string_to_float
8758,ecoli50_r008758,retained,True,string_to_float
8759,ecoli50_r008759,retained,True,string_to_float
8760,ecoli50_r008760,retained,True,string_to_float
8761,ecoli50_r008761,retained,True,string_to_float
8762,ecoli50_r008762,retained,True,string_to_float
8763,ecoli50_r008763,retained,True,string_to_float
8764,ecoli50_r008764,retained,True,string_to_float
8765,ecoli50_r008765,retained,True,string_to_float
8766,ecoli50_r008766,retained,True,string_to_float
8767,ecoli50_r008767,retained,True,string_to_float
8768,ecoli50_r008768,retained,True,string_to_float
8769,ecoli50_r008769,retained,True,string_to_float
8770,ecoli50_r008770,retained,True,string_to_float
8771,ecoli50_r008771,retained,True,string_to_float
8772,ecoli50_r008772,retained,True,string_to_float
8773,ecoli50_r008773,retained,True,string_to_float
8774,ecoli50_r008774,retained,True,string_to_float
8775,ecoli50_r008775,retained,True,string_to_float
8776,ecoli50_r008776,retained,True,string_to_float
8777,ecoli50_r008777,retained,True,string_to_float
8778,ecoli50_r008778,retained,True,string_to_float
8779,ecoli50_r008779,retained,True,string_to_float
8780,ecoli50_r008780,retained,True,string_to_float
8781,ecoli50_r008781,retained,True,string_to_float
8782,ecoli50_r008782,retained,True,string_to_float
8783,ecoli50_r008783,retained,True,string_to_float
8784,ecoli50_r008784,retained,True,string_to_float
8785,ecoli50_r008785,retained,True,string_to_float
8786,ecoli50_r008786,retained,True,string_to_float
8787,ecoli50_r008787,retained,True,string_to_float
8788,ecoli50_r008788,retained,True,string_to_float
8789,ecoli50_r008789,retained,True,string_to_float
8790,ecoli50_r008790,retained,True,string_to_float
8791,ecoli50_r008791,retained,True,string_to_float
8792,ecoli50_r008792,retained,True,string_to_float
8793,ecoli50_r008793,retained,True,string_to_float
8794,ecoli50_r008794,retained,True,string_to_float
8795,ecoli50_r008795,retained,True,string_to_float
8796,ecoli50_r008796,retained,True,string_to_float
8797,ecoli50_r008797,retained,True,string_to_float
8798,ecoli50_r008798,retained,True,string_to_float
8799,ecoli50_r008799,retained,True,string_to_float
8800,ecoli50_r008800,retained,True,string_to_float
8801,ecoli50_r008801,retained,True,string_to_float
8802,ecoli50_r008802,retained,True,string_to_float
8803,ecoli50_r008803,retained,True,string_to_float
8804,ecoli50_r008804,retained,True,string_to_float
8805,ecoli50_r008805,retained,True,string_to_float
8806,ecoli50_r008806,retained,True,string_to_float
8807,ecoli50_r008807,retained,True,string_to_float
8808,ecoli50_r008808,retained,True,string_to_float
8809,ecoli50_r008809,retained,True,string_to_float
8810,ecoli50_r008810,retained,True,string_to_float
8811,ecoli50_r008811,retained,True,string_to_float
8812,ecoli50_r008812,retained,True,string_to_float
8813,ecoli50_r008813,retained,True,string_to_float
8814,ecoli50_r008814,retained,True,string_to_float
8815,ecoli50_r008815,retained,True,string_to_float
8816,ecoli50_r008816,retained,True,string_to_float
8817,ecoli50_r008817,retained,True,string_to_float
8818,ecoli50_r008818,retained,True,string_to_float
8819,ecoli50_r008819,retained,True,string_to_float
8820,ecoli50_r008820,retained,True,string_to_float
8821,ecoli50_r008821,retained,True,string_to_float
8822,ecoli50_r008822,retained,True,string_to_float
8823,ecoli50_r008823,retained,True,string_to_float
8824,ecoli50_r008824,retained,True,string_to_float
8825,ecoli50_r008825,retained,True,string_to_float
8826,ecoli50_r008826,retained,True,string_to_float
8827,ecoli50_r008827,retained,True,string_to_float
8828,ecoli50_r008828,retained,True,string_to_float
8829,ecoli50_r008829,retained,True,string_to_float
8830,ecoli50_r008830,retained,True,string_to_float
8831,ecoli50_r008831,retained,True,string_to_float
8832,ecoli50_r008832,retained,True,string_to_float
8833,ecoli50_r008833,retained,True,string_to_float
8834,ecoli50_r008834,retained,True,string_to_float
8835,ecoli50_r008835,retained,True,string_to_float
8836,ecoli50_r008836,retained,True,string_to_float
8837,ecoli50_r008837,retained,True,string_to_float
8838,ecoli50_r008838,retained,True,string_to_float
8839,ecoli50_r008839,retained,True,string_to_float
8840,ecoli50_r008840,retained,True,string_to_float
8841,ecoli50_r008841,retained,True,string_to_float
8842,ecoli50_r008842,retained,True,string_to_float
8843,ecoli50_r008843,retained,True,string_to_float
8844,ecoli50_r008844,retained,True,string_to_float
8845,ecoli50_r008845,retained,True,string_to_float
8846,ecoli50_r008846,retained,True,string_to_float
8847,ecoli50_r008847,retained,True,string_to_float
8848,ecoli50_r008848,retained,True,string_to_float
8849,ecoli50_r008849,retained,True,string_to_float
8850,ecoli50_r008850,retained,True,string_to_float
8851,ecoli50_r008851,retained,True,string_to_float
8852,ecoli50_r008852,retained,True,string_to_float
8853,ecoli50_r008853,retained,True,string_to_float
8854,ecoli50_r008854,retained,True,string_to_float
8855,ecoli50_r008855,retained,True,string_to_float
8856,ecoli50_r008856,retained,True,string_to_float
8857,ecoli50_r008857,retained,True,string_to_float
8858,ecoli50_r008858,retained,True,string_to_float
8859,ecoli50_r008859,retained,True,string_to_float
8860,ecoli50_r008860,retained,True,string_to_float
8861,ecoli50_r008861,retained,True,string_to_float
8862,ecoli50_r008862,retained,True,string_to_float
8863,ecoli50_r008863,retained,True,string_to_float
8864,ecoli50_r008864,retained,True,string_to_float
8865,ecoli50_r008865,retained,True,string_to_float
8866,ecoli50_r008866,retained,True,string_to_float
8867,ecoli50_r008867,retained,True,string_to_float
8868,ecoli50_r008868,retained,True,string_to_float
8869,ecoli50_r008869,retained,True,string_to_float
8870,ecoli50_r008870,retained,True,string_to_float
8871,ecoli50_r008871,retained,True,string_to_float
8872,ecoli50_r008872,retained,True,string_to_float
8873,ecoli50_r008873,retained,True,string_to_float
8874,ecoli50_r008874,retained,True,string_to_float
8875,ecoli50_r008875,retained,True,string_to_float
8876,ecoli50_r008876,retained,True,string_to_float
8877,ecoli50_r008877,retained,True,string_to_float
8878,ecoli50_r008878,retained,True,string_to_float
8879,ecoli50_r008879,retained,True,string_to_float
8880,ecoli50_r008880,retained,True,string_to_float
8881,ecoli50_r008881,retained,True,string_to_float
8882,ecoli50_r008882,retained,True,string_to_float
8883,ecoli50_r008883,retained,True,string_to_float
8884,ecoli50_r008884,retained,True,string_to_float
8885,ecoli50_r008885,retained,True,string_to_float
8886,ecoli50_r008886,retained,True,string_to_float
8887,ecoli50_r008887,retained,True,string_to_float
8888,ecoli50_r008888,retained,True,string_to_float
8889,ecoli50_r008889,retained,True,string_to_float
8890,ecoli50_r008890,retained,True,string_to_float
8891,ecoli50_r008891,retained,True,string_to_float
8892,ecoli50_r008892,retained,True,string_to_float
8893,ecoli50_r008893,retained,True,string_to_float
8894,ecoli50_r008894,retained,True,string_to_float
8895,ecoli50_r008895,retained,True,string_to_float
8896,ecoli50_r008896,retained,True,string_to_float
8897,ecoli50_r008897,retained,True,string_to_float
8898,ecoli50_r008898,retained,True,string_to_float
8899,ecoli50_r008899,retained,True,string_to_float
8900,ecoli50_r008900,retained,True,string_to_float
8901,ecoli50_r008901,retained,True,string_to_float
8902,ecoli50_r008902,retained,True,string_to_float
8903,ecoli50_r008903,retained,True,string_to_float
8904,ecoli50_r008904,retained,True,string_to_float
8905,ecoli50_r008905,retained,True,string_to_float
8906,ecoli50_r008906,retained,True,string_to_float
8907,ecoli50_r008907,retained,True,string_to_float
8908,ecoli50_r008908,retained,True,string_to_float
8909,ecoli50_r008909,retained,True,string_to_float
8910,ecoli50_r008910,retained,True,string_to_float
8911,ecoli50_r008911,retained,True,string_to_float
8912,ecoli50_r008912,retained,True,string_to_float
8913,ecoli50_r008913,retained,True,string_to_float
8914,ecoli50_r008914,retained,True,string_to_float
8915,ecoli50_r008915,retained,True,string_to_float
8916,ecoli50_r008916,retained,True,string_to_float
8917,ecoli50_r008917,retained,True,string_to_float
8918,ecoli50_r008918,retained,True,string_to_float
8919,ecoli50_r008919,retained,True,string_to_float
8920,ecoli50_r008920,retained,True,string_to_float
8921,ecoli50_r008921,retained,True,string_to_float
8922,ecoli50_r008922,retained,True,string_to_float
8923,ecoli50_r008923,retained,True,string_to_float
8924,ecoli50_r008924,retained,True,string_to_float
8925,ecoli50_r008925,retained,True,string_to_float
8926,ecoli50_r008926,retained,True,string_to_float
8927,ecoli50_r008927,retained,True,string_to_float
8928,ecoli50_r008928,retained,True,string_to_float
8929,ecoli50_r008929,retained,True,string_to_float
8930,ecoli50_r008930,retained,True,string_to_float
8931,ecoli50_r008931,retained,True,string_to_float
8932,ecoli50_r008932,retained,True,string_to_float
8933,ecoli50_r008933,retained,True,string_to_float
8934,ecoli50_r008934,retained,True,string_to_float
8935,ecoli50_r008935,retained,True,string_to_float
8936,ecoli50_r008936,retained,True,string_to_float
8937,ecoli50_r008937,retained,True,string_to_float
8938,ecoli50_r008938,retained,True,string_to_float
8939,ecoli50_r008939,retained,True,string_to_float
8940,ecoli50_r008940,retained,True,string_to_float
8941,ecoli50_r008941,retained,True,string_to_float
8942,ecoli50_r008942,retained,True,string_to_float
8943,ecoli50_r008943,retained,True,string_to_float
8944,ecoli50_r008944,retained,True,string_to_float
8945,ecoli50_r008945,retained,True,string_to_float
8946,ecoli50_r008946,retained,True,string_to_float
8947,ecoli50_r008947,retained,True,string_to_float
8948,ecoli50_r008948,retained,True,string_to_float
8949,ecoli50_r008949,retained,True,string_to_float
8950,ecoli50_r008950,retained,True,string_to_float
8951,ecoli50_r008951,retained,True,string_to_float
8952,ecoli50_r008952,retained,True,string_to_float
8953,ecoli50_r008953,retained,True,string_to_float
8954,ecoli50_r008954,retained,True,string_to_float
8955,ecoli50_r008955,retained,True,string_to_float
8956,ecoli50_r008956,retained,True,string_to_float
8957,ecoli50_r008957,retained,True,string_to_float
8958,ecoli50_r008958,retained,True,string_to_float
8959,ecoli50_r008959,retained,True,string_to_float
8960,ecoli50_r008960,retained,True,string_to_float
8961,ecoli50_r008961,retained,True,string_to_float
8962,ecoli50_r008962,retained,True,string_to_float
8963,ecoli50_r008963,retained,True,string_to_float
8964,ecoli50_r008964,retained,True,string_to_float
8965,ecoli50_r008965,retained,True,string_to_float
8966,ecoli50_r008966,retained,True,string_to_float
8967,ecoli50_r008967,retained,True,string_to_float
8968,ecoli50_r008968,retained,True,string_to_float
8969,ecoli50_r008969,retained,True,string_to_float
8970,ecoli50_r008970,retained,True,string_to_float
8971,ecoli50_r008971,retained,True,string_to_float
8972,ecoli50_r008972,retained,True,string_to_float
8973,ecoli50_r008973,retained,True,string_to_float
8974,ecoli50_r008974,retained,True,string_to_float
8975,ecoli50_r008975,retained,True,string_to_float
8976,ecoli50_r008976,retained,True,string_to_float
8977,ecoli50_r008977,retained,True,string_to_float
8978,ecoli50_r008978,retained,True,string_to_float
8979,ecoli50_r008979,retained,True,string_to_float
8980,ecoli50_r008980,retained,True,string_to_float
8981,ecoli50_r008981,retained,True,string_to_float
8982,ecoli50_r008982,retained,True,string_to_float
8983,ecoli50_r008983,retained,True,string_to_float
8984,ecoli50_r008984,retained,True,string_to_float
8985,ecoli50_r008985,retained,True,string_to_float
8986,ecoli50_r008986,retained,True,string_to_float
8987,ecoli50_r008987,retained,True,string_to_float
8988,ecoli50_r008988,retained,True,string_to_float
8989,ecoli50_r008989,retained,True,string_to_float
8990,ecoli50_r008990,retained,True,string_to_float
8991,ecoli50_r008991,retained,True,string_to_float
8992,ecoli50_r008992,retained,True,string_to_float
8993,ecoli50_r008993,retained,True,string_to_float
8994,ecoli50_r008994,retained,True,string_to_float
8995,ecoli50_r008995,retained,True,string_to_float
8996,ecoli50_r008996,retained,True,string_to_float
8997,ecoli50_r008997,retained,True,string_to_float
8998,ecoli50_r008998,retained,True,string_to_float
8999,ecoli50_r008999,retained,True,string_to_float
9000,ecoli50_r009000,retained,True,string_to_float
9001,ecoli50_r009001,retained,True,string_to_float
9002,ecoli50_r009002,retained,True,string_to_float
9003,ecoli50_r009003,retained,True,string_to_float
9004,ecoli50_r009004,retained,True,string_to_float
9005,ecoli50_r009005,retained,True,string_to_float
9006,ecoli50_r009006,retained,True,string_to_float
9007,ecoli50_r009007,retained,True,string_to_float
9008,ecoli50_r009008,retained,True,string_to_float
9009,ecoli50_r009009,retained,True,string_to_float
9010,ecoli50_r009010,retained,True,string_to_float
9011,ecoli50_r009011,retained,True,string_to_float
9012,ecoli50_r009012,retained,True,string_to_float
9013,ecoli50_r009013,retained,True,string_to_float
9014,ecoli50_r009014,retained,True,string_to_float
9015,ecoli50_r009015,retained,True,string_to_float
9016,ecoli50_r009016,retained,True,string_to_float
9017,ecoli50_r009017,retained,True,string_to_float
9018,ecoli50_r009018,retained,True,string_to_float
9019,ecoli50_r009019,retained,True,string_to_float
9020,ecoli50_r009020,retained,True,string_to_float
9021,ecoli50_r009021,retained,True,string_to_float
9022,ecoli50_r009022,retained,True,string_to_float
9023,ecoli50_r009023,retained,True,string_to_float
9024,ecoli50_r009024,retained,True,string_to_float
9025,ecoli50_r009025,retained,True,string_to_float
9026,ecoli50_r009026,retained,True,string_to_float
9027,ecoli50_r009027,retained,True,string_to_float
9028,ecoli50_r009028,retained,True,string_to_float
9029,ecoli50_r009029,retained,True,string_to_float
9030,ecoli50_r009030,retained,True,string_to_float
9031,ecoli50_r009031,retained,True,string_to_float
9032,ecoli50_r009032,retained,True,string_to_float
9033,ecoli50_r009033,retained,True,string_to_float
9034,ecoli50_r009034,retained,True,string_to_float
9035,ecoli50_r009035,retained,True,string_to_float
9036,ecoli50_r009036,retained,True,string_to_float
9037,ecoli50_r009037,retained,True,string_to_float
9038,ecoli50_r009038,retained,True,string_to_float
9039,ecoli50_r009039,retained,True,string_to_float
9040,ecoli50_r009040,retained,True,string_to_float
9041,ecoli50_r009041,retained,True,string_to_float
9042,ecoli50_r009042,retained,True,string_to_float
9043,ecoli50_r009043,retained,True,string_to_float
9044,ecoli50_r009044,retained,True,string_to_float
9045,ecoli50_r009045,retained,True,string_to_float
9046,ecoli50_r009046,retained,True,string_to_float
9047,ecoli50_r009047,retained,True,string_to_float
9048,ecoli50_r009048,retained,True,string_to_float
9049,ecoli50_r009049,retained,True,string_to_float
9050,ecoli50_r009050,retained,True,string_to_float
9051,ecoli50_r009051,retained,True,string_to_float
9052,ecoli50_r009052,retained,True,string_to_float
9053,ecoli50_r009053,retained,True,string_to_float
9054,ecoli50_r009054,retained,True,string_to_float
9055,ecoli50_r009055,retained,True,string_to_float
9056,ecoli50_r009056,retained,True,string_to_float
9057,ecoli50_r009057,retained,True,string_to_float
9058,ecoli50_r009058,retained,True,string_to_float
9059,ecoli50_r009059,retained,True,string_to_float
9060,ecoli50_r009060,retained,True,string_to_float
9061,ecoli50_r009061,retained,True,string_to_float
9062,ecoli50_r009062,retained,True,string_to_float
9063,ecoli50_r009063,retained,True,string_to_float
9064,ecoli50_r009064,retained,True,string_to_float
9065,ecoli50_r009065,retained,True,string_to_float
9066,ecoli50_r009066,retained,True,string_to_float
9067,ecoli50_r009067,retained,True,string_to_float
9068,ecoli50_r009068,retained,True,string_to_float
9069,ecoli50_r009069,retained,True,string_to_float
9070,ecoli50_r009070,retained,True,string_to_float
9071,ecoli50_r009071,retained,True,string_to_float
9072,ecoli50_r009072,retained,True,string_to_float
9073,ecoli50_r009073,retained,True,string_to_float
9074,ecoli50_r009074,retained,True,string_to_float
9075,ecoli50_r009075,retained,True,string_to_float
9076,ecoli50_r009076,retained,True,string_to_float
9077,ecoli50_r009077,retained,True,string_to_float
9078,ecoli50_r009078,retained,True,string_to_float
9079,ecoli50_r009079,retained,True,string_to_float
9080,ecoli50_r009080,retained,True,string_to_float
9081,ecoli50_r009081,retained,True,string_to_float
9082,ecoli50_r009082,retained,True,string_to_float
9083,ecoli50_r009083,retained,True,string_to_float
9084,ecoli50_r009084,retained,True,string_to_float
9085,ecoli50_r009085,retained,True,string_to_float
9086,ecoli50_r009086,retained,True,string_to_float
9087,ecoli50_r009087,retained,True,string_to_float
9088,ecoli50_r009088,retained,True,string_to_float
9089,ecoli50_r009089,retained,True,string_to_float
9090,ecoli50_r009090,retained,True,string_to_float
9091,ecoli50_r009091,retained,True,string_to_float
9092,ecoli50_r009092,retained,True,string_to_float
9093,ecoli50_r009093,retained,True,string_to_float
9094,ecoli50_r009094,retained,True,string_to_float
9095,ecoli50_r009095,retained,True,string_to_float
9096,ecoli50_r009096,retained,True,string_to_float
9097,ecoli50_r009097,retained,True,string_to_float
9098,ecoli50_r009098,retained,True,string_to_float
9099,ecoli50_r009099,retained,True,string_to_float
9100,ecoli50_r009100,retained,True,string_to_float
9101,ecoli50_r009101,retained,True,string_to_float
9102,ecoli50_r009102,retained,True,string_to_float
9103,ecoli50_r009103,retained,True,string_to_float
9104,ecoli50_r009104,retained,True,string_to_float
9105,ecoli50_r009105,retained,True,string_to_float
9106,ecoli50_r009106,retained,True,string_to_float
9107,ecoli50_r009107,retained,True,string_to_float
9108,ecoli50_r009108,retained,True,string_to_float
9109,ecoli50_r009109,retained,True,string_to_float
9110,ecoli50_r009110,retained,True,string_to_float
9111,ecoli50_r009111,retained,True,string_to_float
9112,ecoli50_r009112,retained,True,string_to_float
9113,ecoli50_r009113,retained,True,string_to_float
9114,ecoli50_r009114,retained,True,string_to_float
9115,ecoli50_r009115,retained,True,string_to_float
9116,ecoli50_r009116,retained,True,string_to_float
9117,ecoli50_r009117,retained,True,string_to_float
9118,ecoli50_r009118,retained,True,string_to_float
9119,ecoli50_r009119,retained,True,string_to_float
9120,ecoli50_r009120,retained,True,string_to_float
9121,ecoli50_r009121,retained,True,string_to_float
9122,ecoli50_r009122,retained,True,string_to_float
9123,ecoli50_r009123,retained,True,string_to_float
9124,ecoli50_r009124,retained,True,string_to_float
9125,ecoli50_r009125,retained,True,string_to_float
9126,ecoli50_r009126,retained,True,string_to_float
9127,ecoli50_r009127,retained,True,string_to_float
9128,ecoli50_r009128,retained,True,string_to_float
9129,ecoli50_r009129,retained,True,string_to_float
9130,ecoli50_r009130,retained,True,string_to_float
9131,ecoli50_r009131,retained,True,string_to_float
9132,ecoli50_r009132,retained,True,string_to_float
9133,ecoli50_r009133,retained,True,string_to_float
9134,ecoli50_r009134,retained,True,string_to_float
9135,ecoli50_r009135,retained,True,string_to_float
9136,ecoli50_r009136,retained,True,string_to_float
9137,ecoli50_r009137,retained,True,string_to_float
9138,ecoli50_r009138,retained,True,string_to_float
9139,ecoli50_r009139,retained,True,string_to_float
9140,ecoli50_r009140,retained,True,string_to_float
9141,ecoli50_r009141,retained,True,string_to_float
9142,ecoli50_r009142,retained,True,string_to_float
9143,ecoli50_r009143,retained,True,string_to_float
9144,ecoli50_r009144,retained,True,string_to_float
9145,ecoli50_r009145,retained,True,string_to_float
9146,ecoli50_r009146,retained,True,string_to_float
9147,ecoli50_r009147,retained,True,string_to_float
9148,ecoli50_r009148,retained,True,string_to_float
9149,ecoli50_r009149,retained,True,string_to_float
9150,ecoli50_r009150,retained,True,string_to_float
9151,ecoli50_r009151,retained,True,string_to_float
9152,ecoli50_r009152,retained,True,string_to_float
9153,ecoli50_r009153,retained,True,string_to_float
9154,ecoli50_r009154,retained,True,string_to_float
9155,ecoli50_r009155,retained,True,string_to_float
9156,ecoli50_r009156,retained,True,string_to_float
9157,ecoli50_r009157,retained,True,string_to_float
9158,ecoli50_r009158,retained,True,string_to_float
9159,ecoli50_r009159,retained,True,string_to_float
9160,ecoli50_r009160,retained,True,string_to_float
9161,ecoli50_r009161,retained,True,string_to_float
9162,ecoli50_r009162,retained,True,string_to_float
9163,ecoli50_r009163,retained,True,string_to_float
9164,ecoli50_r009164,retained,True,string_to_float
9165,ecoli50_r009165,retained,True,string_to_float
9166,ecoli50_r009166,retained,True,string_to_float
9167,ecoli50_r009167,retained,True,string_to_float
9168,ecoli50_r009168,retained,True,string_to_float
9169,ecoli50_r009169,retained,True,string_to_float
9170,ecoli50_r009170,retained,True,string_to_float
9171,ecoli50_r009171,retained,True,string_to_float
9172,ecoli50_r009172,retained,True,string_to_float
9173,ecoli50_r009173,retained,True,string_to_float
9174,ecoli50_r009174,retained,True,string_to_float
9175,ecoli50_r009175,retained,True,string_to_float
9176,ecoli50_r009176,retained,True,string_to_float
9177,ecoli50_r009177,retained,True,string_to_float
9178,ecoli50_r009178,retained,True,string_to_float
9179,ecoli50_r009179,retained,True,string_to_float
9180,ecoli50_r009180,retained,True,string_to_float
9181,ecoli50_r009181,retained,True,string_to_float
9182,ecoli50_r009182,retained,True,string_to_float
9183,ecoli50_r009183,retained,True,string_to_float
9184,ecoli50_r009184,retained,True,string_to_float
9185,ecoli50_r009185,retained,True,string_to_float
9186,ecoli50_r009186,retained,True,string_to_float
9187,ecoli50_r009187,retained,True,string_to_float
9188,ecoli50_r009188,retained,True,string_to_float
9189,ecoli50_r009189,retained,True,string_to_float
9190,ecoli50_r009190,retained,True,string_to_float
9191,ecoli50_r009191,retained,True,string_to_float
9192,ecoli50_r009192,retained,True,string_to_float
9193,ecoli50_r009193,retained,True,string_to_float
9194,ecoli50_r009194,retained,True,string_to_float
9195,ecoli50_r009195,retained,True,string_to_float
9196,ecoli50_r009196,retained,True,string_to_float
9197,ecoli50_r009197,retained,True,string_to_float
9198,ecoli50_r009198,retained,True,string_to_float
9199,ecoli50_r009199,retained,True,string_to_float
9200,ecoli50_r009200,retained,True,string_to_float
9201,ecoli50_r009201,retained,True,string_to_float
9202,ecoli50_r009202,retained,True,string_to_float
9203,ecoli50_r009203,retained,True,string_to_float
9204,ecoli50_r009204,retained,True,string_to_float
9205,ecoli50_r009205,retained,True,string_to_float
9206,ecoli50_r009206,retained,True,string_to_float
9207,ecoli50_r009207,retained,True,string_to_float
9208,ecoli50_r009208,retained,True,string_to_float
9209,ecoli50_r009209,retained,True,string_to_float
9210,ecoli50_r009210,retained,True,string_to_float
9211,ecoli50_r009211,retained,True,string_to_float
9212,ecoli50_r009212,retained,True,string_to_float
9213,ecoli50_r009213,retained,True,string_to_float
9214,ecoli50_r009214,retained,True,string_to_float
9215,ecoli50_r009215,retained,True,string_to_float
9216,ecoli50_r009216,retained,True,string_to_float
9217,ecoli50_r009217,retained,True,string_to_float
9218,ecoli50_r009218,retained,True,string_to_float
9219,ecoli50_r009219,retained,True,string_to_float
9220,ecoli50_r009220,retained,True,string_to_float
9221,ecoli50_r009221,retained,True,string_to_float
9222,ecoli50_r009222,retained,True,string_to_float
9223,ecoli50_r009223,retained,True,string_to_float
9224,ecoli50_r009224,retained,True,string_to_float
9225,ecoli50_r009225,retained,True,string_to_float
9226,ecoli50_r009226,retained,True,string_to_float
9227,ecoli50_r009227,retained,True,string_to_float
9228,ecoli50_r009228,retained,True,string_to_float
9229,ecoli50_r009229,retained,True,string_to_float
9230,ecoli50_r009230,retained,True,string_to_float
9231,ecoli50_r009231,retained,True,string_to_float
9232,ecoli50_r009232,retained,True,string_to_float
9233,ecoli50_r009233,retained,True,string_to_float
9234,ecoli50_r009234,retained,True,string_to_float
9235,ecoli50_r009235,retained,True,string_to_float
9236,ecoli50_r009236,retained,True,string_to_float
9237,ecoli50_r009237,retained,True,string_to_float
9238,ecoli50_r009238,retained,True,string_to_float
9239,ecoli50_r009239,retained,True,string_to_float
9240,ecoli50_r009240,retained,True,string_to_float
9241,ecoli50_r009241,retained,True,string_to_float
9242,ecoli50_r009242,retained,True,string_to_float
9243,ecoli50_r009243,retained,True,string_to_float
9244,ecoli50_r009244,retained,True,string_to_float
9245,ecoli50_r009245,retained,True,string_to_float
9246,ecoli50_r009246,retained,True,string_to_float
9247,ecoli50_r009247,retained,True,string_to_float
9248,ecoli50_r009248,retained,True,string_to_float
9249,ecoli50_r009249,retained,True,string_to_float
9250,ecoli50_r009250,retained,True,string_to_float
9251,ecoli50_r009251,retained,True,string_to_float
9252,ecoli50_r009252,retained,True,string_to_float
9253,ecoli50_r009253,retained,True,string_to_float
9254,ecoli50_r009254,retained,True,string_to_float
9255,ecoli50_r009255,retained,True,string_to_float
9256,ecoli50_r009256,retained,True,string_to_float
9257,ecoli50_r009257,retained,True,string_to_float
9258,ecoli50_r009258,retained,True,string_to_float
9259,ecoli50_r009259,retained,True,string_to_float
9260,ecoli50_r009260,retained,True,string_to_float
9261,ecoli50_r009261,retained,True,string_to_float
9262,ecoli50_r009262,retained,True,string_to_float
9263,ecoli50_r009263,retained,True,string_to_float
9264,ecoli50_r009264,retained,True,string_to_float
9265,ecoli50_r009265,retained,True,string_to_float
9266,ecoli50_r009266,retained,True,string_to_float
9267,ecoli50_r009267,retained,True,string_to_float
9268,ecoli50_r009268,retained,True,string_to_float
9269,ecoli50_r009269,retained,True,string_to_float
9270,ecoli50_r009270,retained,True,string_to_float
9271,ecoli50_r009271,retained,True,string_to_float
9272,ecoli50_r009272,retained,True,string_to_float
9273,ecoli50_r009273,retained,True,string_to_float
9274,ecoli50_r009274,retained,True,string_to_float
9275,ecoli50_r009275,retained,True,string_to_float
9276,ecoli50_r009276,retained,True,string_to_float
9277,ecoli50_r009277,retained,True,string_to_float
9278,ecoli50_r009278,retained,True,string_to_float
9279,ecoli50_r009279,retained,True,string_to_float
9280,ecoli50_r009280,retained,True,string_to_float
9281,ecoli50_r009281,retained,True,string_to_float
9282,ecoli50_r009282,retained,True,string_to_float
9283,ecoli50_r009283,retained,True,string_to_float
9284,ecoli50_r009284,retained,True,string_to_float
9285,ecoli50_r009285,retained,True,string_to_float
9286,ecoli50_r009286,retained,True,string_to_float
9287,ecoli50_r009287,retained,True,string_to_float
9288,ecoli50_r009288,retained,True,string_to_float
9289,ecoli50_r009289,retained,True,string_to_float
9290,ecoli50_r009290,retained,True,string_to_float
9291,ecoli50_r009291,retained,True,string_to_float
9292,ecoli50_r009292,retained,True,string_to_float
9293,ecoli50_r009293,retained,True,string_to_float
9294,ecoli50_r009294,retained,True,string_to_float
9295,ecoli50_r009295,retained,True,string_to_float
9296,ecoli50_r009296,retained,True,string_to_float
9297,ecoli50_r009297,retained,True,string_to_float
9298,ecoli50_r009298,retained,True,string_to_float
9299,ecoli50_r009299,retained,True,string_to_float
9300,ecoli50_r009300,retained,True,string_to_float
9301,ecoli50_r009301,retained,True,string_to_float
9302,ecoli50_r009302,retained,True,string_to_float
9303,ecoli50_r009303,retained,True,string_to_float
9304,ecoli50_r009304,retained,True,string_to_float
9305,ecoli50_r009305,retained,True,string_to_float
9306,ecoli50_r009306,retained,True,string_to_float
9307,ecoli50_r009307,retained,True,string_to_float
9308,ecoli50_r009308,retained,True,string_to_float
9309,ecoli50_r009309,retained,True,string_to_float
9310,ecoli50_r009310,retained,True,string_to_float
9311,ecoli50_r009311,retained,True,string_to_float
9312,ecoli50_r009312,retained,True,string_to_float
9313,ecoli50_r009313,retained,True,string_to_float
9314,ecoli50_r009314,retained,True,string_to_float
9315,ecoli50_r009315,retained,True,string_to_float
9316,ecoli50_r009316,retained,True,string_to_float
9317,ecoli50_r009317,retained,True,string_to_float
9318,ecoli50_r009318,retained,True,string_to_float
9319,ecoli50_r009319,retained,True,string_to_float
9320,ecoli50_r009320,retained,True,string_to_float
9321,ecoli50_r009321,retained,True,string_to_float
9322,ecoli50_r009322,retained,True,string_to_float
9323,ecoli50_r009323,retained,True,string_to_float
9324,ecoli50_r009324,retained,True,string_to_float
9325,ecoli50_r009325,retained,True,string_to_float
9326,ecoli50_r009326,retained,True,string_to_float
9327,ecoli50_r009327,retained,True,string_to_float
9328,ecoli50_r009328,retained,True,string_to_float
9329,ecoli50_r009329,retained,True,string_to_float
9330,ecoli50_r009330,retained,True,string_to_float
9331,ecoli50_r009331,retained,True,string_to_float
9332,ecoli50_r009332,retained,True,string_to_float
9333,ecoli50_r009333,retained,True,string_to_float
9334,ecoli50_r009334,retained,True,string_to_float
9335,ecoli50_r009335,retained,True,string_to_float
9336,ecoli50_r009336,retained,True,string_to_float
9337,ecoli50_r009337,retained,True,string_to_float
9338,ecoli50_r009338,retained,True,string_to_float
9339,ecoli50_r009339,retained,True,string_to_float
9340,ecoli50_r009340,retained,True,string_to_float
9341,ecoli50_r009341,retained,True,string_to_float
9342,ecoli50_r009342,retained,True,string_to_float
9343,ecoli50_r009343,retained,True,string_to_float
9344,ecoli50_r009344,retained,True,string_to_float
9345,ecoli50_r009345,retained,True,string_to_float
9346,ecoli50_r009346,retained,True,string_to_float
9347,ecoli50_r009347,retained,True,string_to_float
9348,ecoli50_r009348,retained,True,string_to_float
9349,ecoli50_r009349,retained,True,string_to_float
9350,ecoli50_r009350,retained,True,string_to_float
9351,ecoli50_r009351,retained,True,string_to_float
9352,ecoli50_r009352,retained,True,string_to_float
9353,ecoli50_r009353,retained,True,string_to_float
9354,ecoli50_r009354,retained,True,string_to_float
9355,ecoli50_r009355,retained,True,string_to_float
9356,ecoli50_r009356,retained,True,string_to_float
9357,ecoli50_r009357,retained,True,string_to_float
9358,ecoli50_r009358,retained,True,string_to_float
9359,ecoli50_r009359,retained,True,string_to_float
9360,ecoli50_r009360,retained,True,string_to_float
9361,ecoli50_r009361,retained,True,string_to_float
9362,ecoli50_r009362,retained,True,string_to_float
9363,ecoli50_r009363,retained,True,string_to_float
9364,ecoli50_r009364,retained,True,string_to_float
9365,ecoli50_r009365,retained,True,string_to_float
9366,ecoli50_r009366,retained,True,string_to_float
9367,ecoli50_r009367,retained,True,string_to_float
9368,ecoli50_r009368,retained,True,string_to_float
9369,ecoli50_r009369,retained,True,string_to_float
9370,ecoli50_r009370,retained,True,string_to_float
9371,ecoli50_r009371,retained,True,string_to_float
9372,ecoli50_r009372,retained,True,string_to_float
9373,ecoli50_r009373,retained,True,string_to_float
9374,ecoli50_r009374,retained,True,string_to_float
9375,ecoli50_r009375,retained,True,string_to_float
9376,ecoli50_r009376,retained,True,string_to_float
9377,ecoli50_r009377,retained,True,string_to_float
9378,ecoli50_r009378,retained,True,string_to_float
9379,ecoli50_r009379,retained,True,string_to_float
9380,ecoli50_r009380,retained,True,string_to_float
9381,ecoli50_r009381,retained,True,string_to_float
9382,ecoli50_r009382,retained,True,string_to_float
9383,ecoli50_r009383,retained,True,string_to_float
9384,ecoli50_r009384,retained,True,string_to_float
9385,ecoli50_r009385,retained,True,string_to_float
9386,ecoli50_r009386,retained,True,string_to_float
9387,ecoli50_r009387,retained,True,string_to_float
9388,ecoli50_r009388,retained,True,string_to_float
9389,ecoli50_r009389,retained,True,string_to_float
9390,ecoli50_r009390,retained,True,string_to_float
9391,ecoli50_r009391,retained,True,string_to_float
9392,ecoli50_r009392,retained,True,string_to_float
9393,ecoli50_r009393,retained,True,string_to_float
9394,ecoli50_r009394,retained,True,string_to_float
9395,ecoli50_r009395,retained,True,string_to_float
9396,ecoli50_r009396,retained,True,string_to_float
9397,ecoli50_r009397,retained,True,string_to_float
9398,ecoli50_r009398,retained,True,string_to_float
9399,ecoli50_r009399,retained,True,string_to_float
9400,ecoli50_r009400,retained,True,string_to_float
9401,ecoli50_r009401,retained,True,string_to_float
9402,ecoli50_r009402,retained,True,string_to_float
9403,ecoli50_r009403,retained,True,string_to_float
9404,ecoli50_r009404,retained,True,string_to_float
9405,ecoli50_r009405,retained,True,string_to_float
9406,ecoli50_r009406,retained,True,string_to_float
9407,ecoli50_r009407,retained,True,string_to_float
9408,ecoli50_r009408,retained,True,string_to_float
9409,ecoli50_r009409,retained,True,string_to_float
9410,ecoli50_r009410,retained,True,string_to_float
9411,ecoli50_r009411,retained,True,string_to_float
9412,ecoli50_r009412,retained,True,string_to_float
9413,ecoli50_r009413,retained,True,string_to_float
9414,ecoli50_r009414,retained,True,string_to_float
9415,ecoli50_r009415,retained,True,string_to_float
9416,ecoli50_r009416,retained,True,string_to_float
9417,ecoli50_r009417,retained,True,string_to_float
9418,ecoli50_r009418,retained,True,string_to_float
9419,ecoli50_r009419,retained,True,string_to_float
9420,ecoli50_r009420,retained,True,string_to_float
9421,ecoli50_r009421,retained,True,string_to_float
9422,ecoli50_r009422,retained,True,string_to_float
9423,ecoli50_r009423,retained,True,string_to_float
9424,ecoli50_r009424,retained,True,string_to_float
9425,ecoli50_r009425,retained,True,string_to_float
9426,ecoli50_r009426,retained,True,string_to_float
9427,ecoli50_r009427,retained,True,string_to_float
9428,ecoli50_r009428,retained,True,string_to_float
9429,ecoli50_r009429,retained,True,string_to_float
9430,ecoli50_r009430,retained,True,string_to_float
9431,ecoli50_r009431,retained,True,string_to_float
9432,ecoli50_r009432,retained,True,string_to_float
9433,ecoli50_r009433,retained,True,string_to_float
9434,ecoli50_r009434,retained,True,string_to_float
9435,ecoli50_r009435,retained,True,string_to_float
9436,ecoli50_r009436,retained,True,string_to_float
9437,ecoli50_r009437,retained,True,string_to_float
9438,ecoli50_r009438,retained,True,string_to_float
9439,ecoli50_r009439,retained,True,string_to_float
9440,ecoli50_r009440,retained,True,string_to_float
9441,ecoli50_r009441,retained,True,string_to_float
9442,ecoli50_r009442,retained,True,string_to_float
9443,ecoli50_r009443,retained,True,string_to_float
9444,ecoli50_r009444,retained,True,string_to_float
9445,ecoli50_r009445,retained,True,string_to_float
9446,ecoli50_r009446,retained,True,string_to_float
9447,ecoli50_r009447,retained,True,string_to_float
9448,ecoli50_r009448,retained,True,string_to_float
9449,ecoli50_r009449,retained,True,string_to_float
9450,ecoli50_r009450,retained,True,string_to_float
9451,ecoli50_r009451,retained,True,string_to_float
9452,ecoli50_r009452,retained,True,string_to_float
9453,ecoli50_r009453,retained,True,string_to_float
9454,ecoli50_r009454,retained,True,string_to_float
9455,ecoli50_r009455,retained,True,string_to_float
9456,ecoli50_r009456,retained,True,string_to_float
9457,ecoli50_r009457,retained,True,string_to_float
9458,ecoli50_r009458,retained,True,string_to_float
9459,ecoli50_r009459,retained,True,string_to_float
9460,ecoli50_r009460,retained,True,string_to_float
9461,ecoli50_r009461,retained,True,string_to_float
9462,ecoli50_r009462,retained,True,string_to_float
9463,ecoli50_r009463,retained,True,string_to_float
9464,ecoli50_r009464,retained,True,string_to_float
9465,ecoli50_r009465,retained,True,string_to_float
9466,ecoli50_r009466,retained,True,string_to_float
9467,ecoli50_r009467,retained,True,string_to_float
9468,ecoli50_r009468,retained,True,string_to_float
9469,ecoli50_r009469,retained,True,string_to_float
9470,ecoli50_r009470,retained,True,string_to_float
9471,ecoli50_r009471,retained,True,string_to_float
9472,ecoli50_r009472,retained,True,string_to_float
9473,ecoli50_r009473,retained,True,string_to_float
9474,ecoli50_r009474,retained,True,string_to_float
9475,ecoli50_r009475,retained,True,string_to_float
9476,ecoli50_r009476,retained,True,string_to_float
9477,ecoli50_r009477,retained,True,string_to_float
9478,ecoli50_r009478,retained,True,string_to_float
9479,ecoli50_r009479,retained,True,string_to_float
9480,ecoli50_r009480,retained,True,string_to_float
9481,ecoli50_r009481,retained,True,string_to_float
9482,ecoli50_r009482,retained,True,string_to_float
9483,ecoli50_r009483,retained,True,string_to_float
9484,ecoli50_r009484,retained,True,string_to_float
9485,ecoli50_r009485,retained,True,string_to_float
9486,ecoli50_r009486,retained,True,string_to_float
9487,ecoli50_r009487,retained,True,string_to_float
9488,ecoli50_r009488,retained,True,string_to_float
9489,ecoli50_r009489,retained,True,string_to_float
9490,ecoli50_r009490,retained,True,string_to_float
9491,ecoli50_r009491,retained,True,string_to_float
9492,ecoli50_r009492,retained,True,string_to_float
9493,ecoli50_r009493,retained,True,string_to_float
9494,ecoli50_r009494,retained,True,string_to_float
9495,ecoli50_r009495,retained,True,string_to_float
9496,ecoli50_r009496,retained,True,string_to_float
9497,ecoli50_r009497,retained,True,string_to_float
9498,ecoli50_r009498,retained,True,string_to_float
9499,ecoli50_r009499,retained,True,string_to_float
9500,ecoli50_r009500,retained,True,string_to_float
9501,ecoli50_r009501,retained,True,string_to_float
9502,ecoli50_r009502,retained,True,string_to_float
9503,ecoli50_r009503,retained,True,string_to_float
9504,ecoli50_r009504,retained,True,string_to_float
9505,ecoli50_r009505,retained,True,string_to_float
9506,ecoli50_r009506,retained,True,string_to_float
9507,ecoli50_r009507,retained,True,string_to_float
9508,ecoli50_r009508,retained,True,string_to_float
9509,ecoli50_r009509,retained,True,string_to_float
9510,ecoli50_r009510,retained,True,string_to_float
9511,ecoli50_r009511,retained,True,string_to_float
9512,ecoli50_r009512,retained,True,string_to_float
9513,ecoli50_r009513,retained,True,string_to_float
9514,ecoli50_r009514,retained,True,string_to_float
9515,ecoli50_r009515,retained,True,string_to_float
9516,ecoli50_r009516,retained,True,string_to_float
9517,ecoli50_r009517,retained,True,string_to_float
9518,ecoli50_r009518,retained,True,string_to_float
9519,ecoli50_r009519,retained,True,string_to_float
9520,ecoli50_r009520,retained,True,string_to_float
9521,ecoli50_r009521,retained,True,string_to_float
9522,ecoli50_r009522,retained,True,string_to_float
9523,ecoli50_r009523,retained,True,string_to_float
9524,ecoli50_r009524,retained,True,string_to_float
9525,ecoli50_r009525,retained,True,string_to_float
9526,ecoli50_r009526,retained,True,string_to_float
9527,ecoli50_r009527,retained,True,string_to_float
9528,ecoli50_r009528,retained,True,string_to_float
9529,ecoli50_r009529,retained,True,string_to_float
9530,ecoli50_r009530,retained,True,string_to_float
9531,ecoli50_r009531,retained,True,string_to_float
9532,ecoli50_r009532,retained,True,string_to_float
9533,ecoli50_r009533,retained,True,string_to_float
9534,ecoli50_r009534,retained,True,string_to_float
9535,ecoli50_r009535,retained,True,string_to_float
9536,ecoli50_r009536,retained,True,string_to_float
9537,ecoli50_r009537,retained,True,string_to_float
9538,ecoli50_r009538,retained,True,string_to_float
9539,ecoli50_r009539,retained,True,string_to_float
9540,ecoli50_r009540,retained,True,string_to_float
9541,ecoli50_r009541,retained,True,string_to_float
9542,ecoli50_r009542,retained,True,string_to_float
9543,ecoli50_r009543,retained,True,string_to_float
9544,ecoli50_r009544,retained,True,string_to_float
9545,ecoli50_r009545,retained,True,string_to_float
9546,ecoli50_r009546,retained,True,string_to_float
9547,ecoli50_r009547,retained,True,string_to_float
9548,ecoli50_r009548,retained,True,string_to_float
9549,ecoli50_r009549,retained,True,string_to_float
9550,ecoli50_r009550,retained,True,string_to_float
9551,ecoli50_r009551,retained,True,string_to_float
9552,ecoli50_r009552,retained,True,string_to_float
9553,ecoli50_r009553,retained,True,string_to_float
9554,ecoli50_r009554,retained,True,string_to_float
9555,ecoli50_r009555,retained,True,string_to_float
9556,ecoli50_r009556,retained,True,string_to_float
9557,ecoli50_r009557,retained,True,string_to_float
9558,ecoli50_r009558,retained,True,string_to_float
9559,ecoli50_r009559,retained,True,string_to_float
9560,ecoli50_r009560,retained,True,string_to_float
9561,ecoli50_r009561,retained,True,string_to_float
9562,ecoli50_r009562,retained,True,string_to_float
9563,ecoli50_r009563,retained,True,string_to_float
9564,ecoli50_r009564,retained,True,string_to_float
9565,ecoli50_r009565,retained,True,string_to_float
9566,ecoli50_r009566,retained,True,string_to_float
9567,ecoli50_r009567,retained,True,string_to_float
9568,ecoli50_r009568,retained,True,string_to_float
9569,ecoli50_r009569,retained,True,string_to_float
9570,ecoli50_r009570,retained,True,string_to_float
9571,ecoli50_r009571,retained,True,string_to_float
9572,ecoli50_r009572,retained,True,string_to_float
9573,ecoli50_r009573,retained,True,string_to_float
9574,ecoli50_r009574,retained,True,string_to_float
9575,ecoli50_r009575,retained,True,string_to_float
9576,ecoli50_r009576,retained,True,string_to_float
9577,ecoli50_r009577,retained,True,string_to_float
9578,ecoli50_r009578,retained,True,string_to_float
9579,ecoli50_r009579,retained,True,string_to_float
9580,ecoli50_r009580,retained,True,string_to_float
9581,ecoli50_r009581,retained,True,string_to_float
9582,ecoli50_r009582,retained,True,string_to_float
9583,ecoli50_r009583,retained,True,string_to_float
9584,ecoli50_r009584,retained,True,string_to_float
9585,ecoli50_r009585,retained,True,string_to_float
9586,ecoli50_r009586,retained,True,string_to_float
9587,ecoli50_r009587,retained,True,string_to_float
9588,ecoli50_r009588,retained,True,string_to_float
9589,ecoli50_r009589,retained,True,string_to_float
9590,ecoli50_r009590,retained,True,string_to_float
9591,ecoli50_r009591,retained,True,string_to_float
9592,ecoli50_r009592,retained,True,string_to_float
9593,ecoli50_r009593,retained,True,string_to_float
9594,ecoli50_r009594,retained,True,string_to_float
9595,ecoli50_r009595,retained,True,string_to_float
9596,ecoli50_r009596,retained,True,string_to_float
9597,ecoli50_r009597,retained,True,string_to_float
9598,ecoli50_r009598,retained,True,string_to_float
9599,ecoli50_r009599,retained,True,string_to_float
9600,ecoli50_r009600,retained,True,string_to_float
9601,ecoli50_r009601,retained,True,string_to_float
9602,ecoli50_r009602,retained,True,string_to_float
9603,ecoli50_r009603,retained,True,string_to_float
9604,ecoli50_r009604,retained,True,string_to_float
9605,ecoli50_r009605,retained,True,string_to_float
9606,ecoli50_r009606,retained,True,string_to_float
9607,ecoli50_r009607,retained,True,string_to_float
9608,ecoli50_r009608,retained,True,string_to_float
9609,ecoli50_r009609,retained,True,string_to_float
9610,ecoli50_r009610,retained,True,string_to_float
9611,ecoli50_r009611,retained,True,string_to_float
9612,ecoli50_r009612,retained,True,string_to_float
9613,ecoli50_r009613,retained,True,string_to_float
9614,ecoli50_r009614,retained,True,string_to_float
9615,ecoli50_r009615,retained,True,string_to_float
9616,ecoli50_r009616,retained,True,string_to_float
9617,ecoli50_r009617,retained,True,string_to_float
9618,ecoli50_r009618,retained,True,string_to_float
9619,ecoli50_r009619,retained,True,string_to_float
9620,ecoli50_r009620,retained,True,string_to_float
9621,ecoli50_r009621,retained,True,string_to_float
9622,ecoli50_r009622,retained,True,string_to_float
9623,ecoli50_r009623,retained,True,string_to_float
9624,ecoli50_r009624,retained,True,string_to_float
9625,ecoli50_r009625,retained,True,string_to_float
9626,ecoli50_r009626,retained,True,string_to_float
9627,ecoli50_r009627,retained,True,string_to_float
9628,ecoli50_r009628,retained,True,string_to_float
9629,ecoli50_r009629,retained,True,string_to_float
9630,ecoli50_r009630,retained,True,string_to_float
9631,ecoli50_r009631,retained,True,string_to_float
9632,ecoli50_r009632,retained,True,string_to_float
9633,ecoli50_r009633,retained,True,string_to_float
9634,ecoli50_r009634,retained,True,string_to_float
9635,ecoli50_r009635,retained,True,string_to_float
9636,ecoli50_r009636,retained,True,string_to_float
9637,ecoli50_r009637,retained,True,string_to_float
9638,ecoli50_r009638,retained,True,string_to_float
9639,ecoli50_r009639,retained,True,string_to_float
9640,ecoli50_r009640,retained,True,string_to_float
9641,ecoli50_r009641,retained,True,string_to_float
9642,ecoli50_r009642,retained,True,string_to_float
9643,ecoli50_r009643,retained,True,string_to_float
9644,ecoli50_r009644,retained,True,string_to_float
9645,ecoli50_r009645,retained,True,string_to_float
9646,ecoli50_r009646,retained,True,string_to_float
9647,ecoli50_r009647,retained,True,string_to_float
9648,ecoli50_r009648,retained,True,string_to_float
9649,ecoli50_r009649,retained,True,string_to_float
9650,ecoli50_r009650,retained,True,string_to_float
9651,ecoli50_r009651,retained,True,string_to_float
9652,ecoli50_r009652,retained,True,string_to_float
9653,ecoli50_r009653,retained,True,string_to_float
9654,ecoli50_r009654,retained,True,string_to_float
9655,ecoli50_r009655,retained,True,string_to_float
9656,ecoli50_r009656,retained,True,string_to_float
9657,ecoli50_r009657,retained,True,string_to_float
9658,ecoli50_r009658,retained,True,string_to_float
9659,ecoli50_r009659,retained,True,string_to_float
9660,ecoli50_r009660,retained,True,string_to_float
9661,ecoli50_r009661,retained,True,string_to_float
9662,ecoli50_r009662,retained,True,string_to_float
9663,ecoli50_r009663,retained,True,string_to_float
9664,ecoli50_r009664,retained,True,string_to_float
9665,ecoli50_r009665,retained,True,string_to_float
9666,ecoli50_r009666,retained,True,string_to_float
9667,ecoli50_r009667,retained,True,string_to_float
9668,ecoli50_r009668,retained,True,string_to_float
9669,ecoli50_r009669,retained,True,string_to_float
9670,ecoli50_r009670,retained,True,string_to_float
9671,ecoli50_r009671,retained,True,string_to_float
9672,ecoli50_r009672,retained,True,string_to_float
9673,ecoli50_r009673,retained,True,string_to_float
9674,ecoli50_r009674,retained,True,string_to_float
9675,ecoli50_r009675,retained,True,string_to_float
9676,ecoli50_r009676,retained,True,string_to_float
9677,ecoli50_r009677,retained,True,string_to_float
9678,ecoli50_r009678,retained,True,string_to_float
9679,ecoli50_r009679,retained,True,string_to_float
9680,ecoli50_r009680,retained,True,string_to_float
9681,ecoli50_r009681,retained,True,string_to_float
9682,ecoli50_r009682,retained,True,string_to_float
9683,ecoli50_r009683,retained,True,string_to_float
9684,ecoli50_r009684,retained,True,string_to_float
9685,ecoli50_r009685,retained,True,string_to_float
9686,ecoli50_r009686,retained,True,string_to_float
9687,ecoli50_r009687,retained,True,string_to_float
9688,ecoli50_r009688,retained,True,string_to_float
9689,ecoli50_r009689,retained,True,string_to_float
9690,ecoli50_r009690,retained,True,string_to_float
9691,ecoli50_r009691,retained,True,string_to_float
9692,ecoli50_r009692,retained,True,string_to_float
9693,ecoli50_r009693,retained,True,string_to_float
9694,ecoli50_r009694,retained,True,string_to_float
9695,ecoli50_r009695,retained,True,string_to_float
9696,ecoli50_r009696,retained,True,string_to_float
9697,ecoli50_r009697,retained,True,string_to_float
9698,ecoli50_r009698,retained,True,string_to_float
9699,ecoli50_r009699,retained,True,string_to_float
9700,ecoli50_r009700,retained,True,string_to_float
9701,ecoli50_r009701,retained,True,string_to_float
9702,ecoli50_r009702,retained,True,string_to_float
9703,ecoli50_r009703,retained,True,string_to_float
9704,ecoli50_r009704,retained,True,string_to_float
9705,ecoli50_r009705,retained,True,string_to_float
9706,ecoli50_r009706,retained,True,string_to_float
9707,ecoli50_r009707,retained,True,string_to_float
9708,ecoli50_r009708,retained,True,string_to_float
9709,ecoli50_r009709,retained,True,string_to_float
9710,ecoli50_r009710,retained,True,string_to_float
9711,ecoli50_r009711,retained,True,string_to_float
9712,ecoli50_r009712,retained,True,string_to_float
9713,ecoli50_r009713,retained,True,string_to_float
9714,ecoli50_r009714,retained,True,string_to_float
9715,ecoli50_r009715,retained,True,string_to_float
9716,ecoli50_r009716,retained,True,string_to_float
9717,ecoli50_r009717,retained,True,string_to_float
9718,ecoli50_r009718,retained,True,string_to_float
9719,ecoli50_r009719,retained,True,string_to_float
9720,ecoli50_r009720,retained,True,string_to_float
9721,ecoli50_r009721,retained,True,string_to_float
9722,ecoli50_r009722,retained,True,string_to_float
9723,ecoli50_r009723,retained,True,string_to_float
9724,ecoli50_r009724,retained,True,string_to_float
9725,ecoli50_r009725,retained,True,string_to_float
9726,ecoli50_r009726,retained,True,string_to_float
9727,ecoli50_r009727,retained,True,string_to_float
9728,ecoli50_r009728,retained,True,string_to_float
9729,ecoli50_r009729,retained,True,string_to_float
9730,ecoli50_r009730,retained,True,string_to_float
9731,ecoli50_r009731,retained,True,string_to_float
9732,ecoli50_r009732,retained,True,string_to_float
9733,ecoli50_r009733,retained,True,string_to_float
9734,ecoli50_r009734,retained,True,string_to_float
9735,ecoli50_r009735,retained,True,string_to_float
9736,ecoli50_r009736,retained,True,string_to_float
9737,ecoli50_r009737,retained,True,string_to_float
9738,ecoli50_r009738,retained,True,string_to_float
9739,ecoli50_r009739,retained,True,string_to_float
9740,ecoli50_r009740,retained,True,string_to_float
9741,ecoli50_r009741,retained,True,string_to_float
9742,ecoli50_r009742,retained,True,string_to_float
9743,ecoli50_r009743,retained,True,string_to_float
9744,ecoli50_r009744,retained,True,string_to_float
9745,ecoli50_r009745,retained,True,string_to_float
9746,ecoli50_r009746,retained,True,string_to_float
9747,ecoli50_r009747,retained,True,string_to_float
9748,ecoli50_r009748,retained,True,string_to_float
9749,ecoli50_r009749,retained,True,string_to_float
9750,ecoli50_r009750,retained,True,string_to_float
9751,ecoli50_r009751,retained,True,string_to_float
9752,ecoli50_r009752,retained,True,string_to_float
9753,ecoli50_r009753,retained,True,string_to_float
9754,ecoli50_r009754,retained,True,string_to_float
9755,ecoli50_r009755,retained,True,string_to_float
9756,ecoli50_r009756,retained,True,string_to_float
9757,ecoli50_r009757,retained,True,string_to_float
9758,ecoli50_r009758,retained,True,string_to_float
9759,ecoli50_r009759,retained,True,string_to_float
9760,ecoli50_r009760,retained,True,string_to_float
9761,ecoli50_r009761,retained,True,string_to_float
9762,ecoli50_r009762,retained,True,string_to_float
9763,ecoli50_r009763,retained,True,string_to_float
9764,ecoli50_r009764,retained,True,string_to_float
9765,ecoli50_r009765,retained,True,string_to_float
9766,ecoli50_r009766,retained,True,string_to_float
9767,ecoli50_r009767,retained,True,string_to_float
9768,ecoli50_r009768,retained,True,string_to_float
9769,ecoli50_r009769,retained,True,string_to_float
9770,ecoli50_r009770,retained,True,string_to_float
9771,ecoli50_r009771,retained,True,string_to_float
9772,ecoli50_r009772,retained,True,string_to_float
9773,ecoli50_r009773,retained,True,string_to_float
9774,ecoli50_r009774,retained,True,string_to_float
9775,ecoli50_r009775,retained,True,string_to_float
9776,ecoli50_r009776,retained,True,string_to_float
9777,ecoli50_r009777,retained,True,string_to_float
9778,ecoli50_r009778,retained,True,string_to_float
9779,ecoli50_r009779,retained,True,string_to_float
9780,ecoli50_r009780,retained,True,string_to_float
9781,ecoli50_r009781,retained,True,string_to_float
9782,ecoli50_r009782,retained,True,string_to_float
9783,ecoli50_r009783,retained,True,string_to_float
9784,ecoli50_r009784,retained,True,string_to_float
9785,ecoli50_r009785,retained,True,string_to_float
9786,ecoli50_r009786,retained,True,string_to_float
9787,ecoli50_r009787,retained,True,string_to_float
9788,ecoli50_r009788,retained,True,string_to_float
9789,ecoli50_r009789,retained,True,string_to_float
9790,ecoli50_r009790,retained,True,string_to_float
9791,ecoli50_r009791,retained,True,string_to_float
9792,ecoli50_r009792,retained,True,string_to_float
9793,ecoli50_r009793,retained,True,string_to_float
9794,ecoli50_r009794,retained,True,string_to_float
9795,ecoli50_r009795,retained,True,string_to_float
9796,ecoli50_r009796,retained,True,string_to_float
9797,ecoli50_r009797,retained,True,string_to_float
9798,ecoli50_r009798,retained,True,string_to_float
9799,ecoli50_r009799,retained,True,string_to_float
9800,ecoli50_r009800,retained,True,string_to_float
9801,ecoli50_r009801,retained,True,string_to_float
9802,ecoli50_r009802,retained,True,string_to_float
9803,ecoli50_r009803,retained,True,string_to_float
9804,ecoli50_r009804,retained,True,string_to_float
9805,ecoli50_r009805,retained,True,string_to_float
9806,ecoli50_r009806,retained,True,string_to_float
9807,ecoli50_r009807,retained,True,string_to_float
9808,ecoli50_r009808,retained,True,string_to_float
9809,ecoli50_r009809,retained,True,string_to_float
9810,ecoli50_r009810,retained,True,string_to_float
9811,ecoli50_r009811,retained,True,string_to_float
9812,ecoli50_r009812,retained,True,string_to_float
9813,ecoli50_r009813,retained,True,string_to_float
9814,ecoli50_r009814,retained,True,string_to_float
9815,ecoli50_r009815,retained,True,string_to_float
9816,ecoli50_r009816,retained,True,string_to_float
9817,ecoli50_r009817,retained,True,string_to_float
9818,ecoli50_r009818,retained,True,string_to_float
9819,ecoli50_r009819,retained,True,string_to_float
9820,ecoli50_r009820,retained,True,string_to_float
9821,ecoli50_r009821,retained,True,string_to_float
9822,ecoli50_r009822,retained,True,string_to_float
9823,ecoli50_r009823,retained,True,string_to_float
9824,ecoli50_r009824,retained,True,string_to_float
9825,ecoli50_r009825,retained,True,string_to_float
9826,ecoli50_r009826,retained,True,string_to_float
9827,ecoli50_r009827,retained,True,string_to_float
9828,ecoli50_r009828,retained,True,string_to_float
9829,ecoli50_r009829,retained,True,string_to_float
9830,ecoli50_r009830,retained,True,string_to_float
9831,ecoli50_r009831,retained,True,string_to_float
9832,ecoli50_r009832,retained,True,string_to_float
9833,ecoli50_r009833,retained,True,string_to_float
9834,ecoli50_r009834,retained,True,string_to_float
9835,ecoli50_r009835,retained,True,string_to_float
9836,ecoli50_r009836,retained,True,string_to_float
9837,ecoli50_r009837,retained,True,string_to_float
9838,ecoli50_r009838,retained,True,string_to_float
9839,ecoli50_r009839,retained,True,string_to_float
9840,ecoli50_r009840,retained,True,string_to_float
9841,ecoli50_r009841,retained,True,string_to_float
9842,ecoli50_r009842,retained,True,string_to_float
9843,ecoli50_r009843,retained,True,string_to_float
9844,ecoli50_r009844,retained,True,string_to_float
9845,ecoli50_r009845,retained,True,string_to_float
9846,ecoli50_r009846,retained,True,string_to_float
9847,ecoli50_r009847,retained,True,string_to_float
9848,ecoli50_r009848,retained,True,string_to_float
9849,ecoli50_r009849,retained,True,string_to_float
9850,ecoli50_r009850,retained,True,string_to_float
9851,ecoli50_r009851,retained,True,string_to_float
9852,ecoli50_r009852,retained,True,string_to_float
9853,ecoli50_r009853,retained,True,string_to_float
9854,ecoli50_r009854,retained,True,string_to_float
9855,ecoli50_r009855,retained,True,string_to_float
9856,ecoli50_r009856,retained,True,string_to_float
9857,ecoli50_r009857,retained,True,string_to_float
9858,ecoli50_r009858,retained,True,string_to_float
9859,ecoli50_r009859,retained,True,string_to_float
9860,ecoli50_r009860,retained,True,string_to_float
9861,ecoli50_r009861,retained,True,string_to_float
9862,ecoli50_r009862,retained,True,string_to_float
9863,ecoli50_r009863,retained,True,string_to_float
9864,ecoli50_r009864,retained,True,string_to_float
9865,ecoli50_r009865,retained,True,string_to_float
9866,ecoli50_r009866,retained,True,string_to_float
9867,ecoli50_r009867,retained,True,string_to_float
9868,ecoli50_r009868,retained,True,string_to_float
9869,ecoli50_r009869,retained,True,string_to_float
9870,ecoli50_r009870,retained,True,string_to_float
9871,ecoli50_r009871,retained,True,string_to_float
9872,ecoli50_r009872,retained,True,string_to_float
9873,ecoli50_r009873,retained,True,string_to_float
9874,ecoli50_r009874,retained,True,string_to_float
9875,ecoli50_r009875,retained,True,string_to_float
9876,ecoli50_r009876,retained,True,string_to_float
9877,ecoli50_r009877,retained,True,string_to_float
9878,ecoli50_r009878,retained,True,string_to_float
9879,ecoli50_r009879,retained,True,string_to_float
9880,ecoli50_r009880,retained,True,string_to_float
9881,ecoli50_r009881,retained,True,string_to_float
9882,ecoli50_r009882,retained,True,string_to_float
9883,ecoli50_r009883,retained,True,string_to_float
9884,ecoli50_r009884,retained,True,string_to_float
9885,ecoli50_r009885,retained,True,string_to_float
9886,ecoli50_r009886,retained,True,string_to_float
9887,ecoli50_r009887,retained,True,string_to_float
9888,ecoli50_r009888,retained,True,string_to_float
9889,ecoli50_r009889,retained,True,string_to_float
9890,ecoli50_r009890,retained,True,string_to_float
9891,ecoli50_r009891,retained,True,string_to_float
9892,ecoli50_r009892,retained,True,string_to_float
9893,ecoli50_r009893,retained,True,string_to_float
9894,ecoli50_r009894,retained,True,string_to_float
9895,ecoli50_r009895,retained,True,string_to_float
9896,ecoli50_r009896,retained,True,string_to_float
9897,ecoli50_r009897,retained,True,string_to_float
9898,ecoli50_r009898,retained,True,string_to_float
9899,ecoli50_r009899,retained,True,string_to_float
9900,ecoli50_r009900,retained,True,string_to_float
9901,ecoli50_r009901,retained,True,string_to_float
9902,ecoli50_r009902,retained,True,string_to_float
9903,ecoli50_r009903,retained,True,string_to_float
9904,ecoli50_r009904,retained,True,string_to_float
9905,ecoli50_r009905,retained,True,string_to_float
9906,ecoli50_r009906,retained,True,string_to_float
9907,ecoli50_r009907,retained,True,string_to_float
9908,ecoli50_r009908,retained,True,string_to_float
9909,ecoli50_r009909,retained,True,string_to_float
9910,ecoli50_r009910,retained,True,string_to_float
9911,ecoli50_r009911,retained,True,string_to_float
9912,ecoli50_r009912,retained,True,string_to_float
9913,ecoli50_r009913,retained,True,string_to_float
9914,ecoli50_r009914,retained,True,string_to_float
9915,ecoli50_r009915,retained,True,string_to_float
9916,ecoli50_r009916,retained,True,string_to_float
9917,ecoli50_r009917,retained,True,string_to_float
9918,ecoli50_r009918,retained,True,string_to_float
9919,ecoli50_r009919,retained,True,string_to_float
9920,ecoli50_r009920,retained,True,string_to_float
9921,ecoli50_r009921,retained,True,string_to_float
9922,ecoli50_r009922,retained,True,string_to_float
9923,ecoli50_r009923,retained,True,string_to_float
9924,ecoli50_r009924,retained,True,string_to_float
9925,ecoli50_r009925,retained,True,string_to_float
9926,ecoli50_r009926,retained,True,string_to_float
9927,ecoli50_r009927,retained,True,string_to_float
9928,ecoli50_r009928,retained,True,string_to_float
9929,ecoli50_r009929,retained,True,string_to_float
9930,ecoli50_r009930,retained,True,string_to_float
9931,ecoli50_r009931,retained,True,string_to_float
9932,ecoli50_r009932,retained,True,string_to_float
9933,ecoli50_r009933,retained,True,string_to_float
9934,ecoli50_r009934,retained,True,string_to_float
9935,ecoli50_r009935,retained,True,string_to_float
9936,ecoli50_r009936,retained,True,string_to_float
9937,ecoli50_r009937,retained,True,string_to_float
9938,ecoli50_r009938,retained,True,string_to_float
9939,ecoli50_r009939,retained,True,string_to_float
9940,ecoli50_r009940,retained,True,string_to_float
9941,ecoli50_r009941,retained,True,string_to_float
9942,ecoli50_r009942,retained,True,string_to_float
9943,ecoli50_r009943,retained,True,string_to_float
9944,ecoli50_r009944,retained,True,string_to_float
9945,ecoli50_r009945,retained,True,string_to_float
9946,ecoli50_r009946,retained,True,string_to_float
9947,ecoli50_r009947,retained,True,string_to_float
9948,ecoli50_r009948,retained,True,string_to_float
9949,ecoli50_r009949,retained,True,string_to_float
9950,ecoli50_r009950,retained,True,string_to_float
9951,ecoli50_r009951,retained,True,string_to_float
9952,ecoli50_r009952,retained,True,string_to_float
9953,ecoli50_r009953,retained,True,string_to_float
9954,ecoli50_r009954,retained,True,string_to_float
9955,ecoli50_r009955,retained,True,string_to_float
9956,ecoli50_r009956,retained,True,string_to_float
9957,ecoli50_r009957,retained,True,string_to_float
9958,ecoli50_r009958,retained,True,string_to_float
9959,ecoli50_r009959,retained,True,string_to_float
9960,ecoli50_r009960,retained,True,string_to_float
9961,ecoli50_r009961,retained,True,string_to_float
9962,ecoli50_r009962,retained,True,string_to_float
9963,ecoli50_r009963,retained,True,string_to_float
9964,ecoli50_r009964,retained,True,string_to_float
9965,ecoli50_r009965,retained,True,string_to_float
9966,ecoli50_r009966,retained,True,string_to_float
9967,ecoli50_r009967,retained,True,string_to_float
9968,ecoli50_r009968,retained,True,string_to_float
9969,ecoli50_r009969,retained,True,string_to_float
9970,ecoli50_r009970,retained,True,string_to_float
9971,ecoli50_r009971,retained,True,string_to_float
9972,ecoli50_r009972,retained,True,string_to_float
9973,ecoli50_r009973,retained,True,string_to_float
9974,ecoli50_r009974,retained,True,string_to_float
9975,ecoli50_r009975,retained,True,string_to_float
9976,ecoli50_r009976,retained,True,string_to_float
9977,ecoli50_r009977,retained,True,string_to_float
9978,ecoli50_r009978,retained,True,string_to_float
9979,ecoli50_r009979,retained,True,string_to_float
9980,ecoli50_r009980,retained,True,string_to_float
9981,ecoli50_r009981,retained,True,string_to_float
9982,ecoli50_r009982,retained,True,string_to_float
9983,ecoli50_r009983,retained,True,string_to_float
9984,ecoli50_r009984,retained,True,string_to_float
9985,ecoli50_r009985,retained,True,string_to_float
9986,ecoli50_r009986,retained,True,string_to_float
9987,ecoli50_r009987,retained,True,string_to_float
9988,ecoli50_r009988,retained,True,string_to_float
9989,ecoli50_r009989,retained,True,string_to_float
9990,ecoli50_r009990,retained,True,string_to_float
9991,ecoli50_r009991,retained,True,string_to_float
9992,ecoli50_r009992,retained,True,string_to_float
9993,ecoli50_r009993,retained,True,string_to_float
9994,ecoli50_r009994,retained,True,string_to_float
9995,ecoli50_r009995,retained,True,string_to_float
9996,ecoli50_r009996,retained,True,string_to_float
9997,ecoli50_r009997,retained,True,string_to_float
9998,ecoli50_r009998,retained,True,string_to_float
9999,ecoli50_r009999,retained,True,string_to_float
10000,ecoli50_r010000,retained,True,string_to_float
10001,ecoli50_r010001,retained,True,string_to_float
10002,ecoli50_r010002,retained,True,string_to_float
10003,ecoli50_r010003,retained,True,string_to_float
10004,ecoli50_r010004,retained,True,string_to_float
10005,ecoli50_r010005,retained,True,string_to_float
10006,ecoli50_r010006,retained,True,string_to_float
10007,ecoli50_r010007,retained,True,string_to_float
10008,ecoli50_r010008,retained,True,string_to_float
10009,ecoli50_r010009,retained,True,string_to_float
10010,ecoli50_r010010,retained,True,string_to_float
10011,ecoli50_r010011,retained,True,string_to_float
10012,ecoli50_r010012,retained,True,string_to_float
10013,ecoli50_r010013,retained,True,string_to_float
10014,ecoli50_r010014,retained,True,string_to_float
10015,ecoli50_r010015,retained,True,string_to_float
10016,ecoli50_r010016,retained,True,string_to_float
10017,ecoli50_r010017,retained,True,string_to_float
10018,ecoli50_r010018,retained,True,string_to_float
10019,ecoli50_r010019,retained,True,string_to_float
10020,ecoli50_r010020,retained,True,string_to_float
10021,ecoli50_r010021,retained,True,string_to_float
10022,ecoli50_r010022,retained,True,string_to_float
10023,ecoli50_r010023,retained,True,string_to_float
10024,ecoli50_r010024,retained,True,string_to_float
10025,ecoli50_r010025,retained,True,string_to_float
10026,ecoli50_r010026,retained,True,string_to_float
10027,ecoli50_r010027,retained,True,string_to_float
10028,ecoli50_r010028,retained,True,string_to_float
10029,ecoli50_r010029,retained,True,string_to_float
10030,ecoli50_r010030,retained,True,string_to_float
10031,ecoli50_r010031,retained,True,string_to_float
10032,ecoli50_r010032,retained,True,string_to_float
10033,ecoli50_r010033,retained,True,string_to_float
10034,ecoli50_r010034,retained,True,string_to_float
10035,ecoli50_r010035,retained,True,string_to_float
10036,ecoli50_r010036,retained,True,string_to_float
10037,ecoli50_r010037,retained,True,string_to_float
10038,ecoli50_r010038,retained,True,string_to_float
10039,ecoli50_r010039,retained,True,string_to_float
10040,ecoli50_r010040,retained,True,string_to_float
10041,ecoli50_r010041,retained,True,string_to_float
10042,ecoli50_r010042,retained,True,string_to_float
10043,ecoli50_r010043,retained,True,string_to_float
10044,ecoli50_r010044,retained,True,string_to_float
10045,ecoli50_r010045,retained,True,string_to_float
10046,ecoli50_r010046,retained,True,string_to_float
10047,ecoli50_r010047,retained,True,string_to_float
10048,ecoli50_r010048,retained,True,string_to_float
10049,ecoli50_r010049,retained,True,string_to_float
10050,ecoli50_r010050,retained,True,string_to_float
10051,ecoli50_r010051,retained,True,string_to_float
10052,ecoli50_r010052,retained,True,string_to_float
10053,ecoli50_r010053,retained,True,string_to_float
10054,ecoli50_r010054,retained,True,string_to_float
10055,ecoli50_r010055,retained,True,string_to_float
10056,ecoli50_r010056,retained,True,string_to_float
10057,ecoli50_r010057,retained,True,string_to_float
10058,ecoli50_r010058,retained,True,string_to_float
10059,ecoli50_r010059,retained,True,string_to_float
10060,ecoli50_r010060,retained,True,string_to_float
10061,ecoli50_r010061,retained,True,string_to_float
10062,ecoli50_r010062,retained,True,string_to_float
10063,ecoli50_r010063,retained,True,string_to_float
10064,ecoli50_r010064,retained,True,string_to_float
10065,ecoli50_r010065,retained,True,string_to_float
10066,ecoli50_r010066,retained,True,string_to_float
10067,ecoli50_r010067,retained,True,string_to_float
10068,ecoli50_r010068,retained,True,string_to_float
10069,ecoli50_r010069,retained,True,string_to_float
10070,ecoli50_r010070,retained,True,string_to_float
10071,ecoli50_r010071,retained,True,string_to_float
10072,ecoli50_r010072,retained,True,string_to_float
10073,ecoli50_r010073,retained,True,string_to_float
10074,ecoli50_r010074,retained,True,string_to_float
10075,ecoli50_r010075,retained,True,string_to_float
10076,ecoli50_r010076,retained,True,string_to_float
10077,ecoli50_r010077,retained,True,string_to_float
10078,ecoli50_r010078,retained,True,string_to_float
10079,ecoli50_r010079,retained,True,string_to_float
10080,ecoli50_r010080,retained,True,string_to_float
10081,ecoli50_r010081,retained,True,string_to_float
10082,ecoli50_r010082,retained,True,string_to_float
10083,ecoli50_r010083,retained,True,string_to_float
10084,ecoli50_r010084,retained,True,string_to_float
10085,ecoli50_r010085,retained,True,string_to_float
10086,ecoli50_r010086,retained,True,string_to_float
10087,ecoli50_r010087,retained,True,string_to_float
10088,ecoli50_r010088,retained,True,string_to_float
10089,ecoli50_r010089,retained,True,string_to_float
10090,ecoli50_r010090,retained,True,string_to_float
10091,ecoli50_r010091,retained,True,string_to_float
10092,ecoli50_r010092,retained,True,string_to_float
10093,ecoli50_r010093,retained,True,string_to_float
10094,ecoli50_r010094,retained,True,string_to_float
10095,ecoli50_r010095,retained,True,string_to_float
10096,ecoli50_r010096,retained,True,string_to_float
10097,ecoli50_r010097,retained,True,string_to_float
10098,ecoli50_r010098,retained,True,string_to_float
10099,ecoli50_r010099,retained,True,string_to_float
10100,ecoli50_r010100,retained,True,string_to_float
10101,ecoli50_r010101,retained,True,string_to_float
10102,ecoli50_r010102,retained,True,string_to_float
10103,ecoli50_r010103,retained,True,string_to_float
10104,ecoli50_r010104,retained,True,string_to_float
10105,ecoli50_r010105,retained,True,string_to_float
10106,ecoli50_r010106,retained,True,string_to_float
10107,ecoli50_r010107,retained,True,string_to_float
10108,ecoli50_r010108,retained,True,string_to_float
10109,ecoli50_r010109,retained,True,string_to_float
10110,ecoli50_r010110,retained,True,string_to_float
10111,ecoli50_r010111,retained,True,string_to_float
10112,ecoli50_r010112,retained,True,string_to_float
10113,ecoli50_r010113,retained,True,string_to_float
10114,ecoli50_r010114,retained,True,string_to_float
10115,ecoli50_r010115,retained,True,string_to_float
10116,ecoli50_r010116,retained,True,string_to_float
10117,ecoli50_r010117,retained,True,string_to_float
10118,ecoli50_r010118,retained,True,string_to_float
10119,ecoli50_r010119,retained,True,string_to_float
10120,ecoli50_r010120,retained,True,string_to_float
10121,ecoli50_r010121,retained,True,string_to_float
10122,ecoli50_r010122,retained,True,string_to_float
10123,ecoli50_r010123,retained,True,string_to_float
10124,ecoli50_r010124,retained,True,string_to_float
10125,ecoli50_r010125,retained,True,string_to_float
10126,ecoli50_r010126,retained,True,string_to_float
10127,ecoli50_r010127,retained,True,string_to_float
10128,ecoli50_r010128,retained,True,string_to_float
10129,ecoli50_r010129,retained,True,string_to_float
10130,ecoli50_r010130,retained,True,string_to_float
10131,ecoli50_r010131,retained,True,string_to_float
10132,ecoli50_r010132,retained,True,string_to_float
10133,ecoli50_r010133,retained,True,string_to_float
10134,ecoli50_r010134,retained,True,string_to_float
10135,ecoli50_r010135,retained,True,string_to_float
10136,ecoli50_r010136,retained,True,string_to_float
10137,ecoli50_r010137,retained,True,string_to_float
10138,ecoli50_r010138,retained,True,string_to_float
10139,ecoli50_r010139,retained,True,string_to_float
10140,ecoli50_r010140,retained,True,string_to_float
10141,ecoli50_r010141,retained,True,string_to_float
10142,ecoli50_r010142,retained,True,string_to_float
10143,ecoli50_r010143,retained,True,string_to_float
10144,ecoli50_r010144,retained,True,string_to_float
10145,ecoli50_r010145,retained,True,string_to_float
10146,ecoli50_r010146,retained,True,string_to_float
10147,ecoli50_r010147,retained,True,string_to_float
10148,ecoli50_r010148,retained,True,string_to_float
10149,ecoli50_r010149,retained,True,string_to_float
10150,ecoli50_r010150,retained,True,string_to_float
10151,ecoli50_r010151,retained,True,string_to_float
10152,ecoli50_r010152,retained,True,string_to_float
10153,ecoli50_r010153,retained,True,string_to_float
10154,ecoli50_r010154,retained,True,string_to_float
10155,ecoli50_r010155,retained,True,string_to_float
10156,ecoli50_r010156,retained,True,string_to_float
10157,ecoli50_r010157,retained,True,string_to_float
10158,ecoli50_r010158,retained,True,string_to_float
10159,ecoli50_r010159,retained,True,string_to_float
10160,ecoli50_r010160,retained,True,string_to_float
10161,ecoli50_r010161,retained,True,string_to_float
10162,ecoli50_r010162,retained,True,string_to_float
10163,ecoli50_r010163,retained,True,string_to_float
10164,ecoli50_r010164,retained,True,string_to_float
10165,ecoli50_r010165,retained,True,string_to_float
10166,ecoli50_r010166,retained,True,string_to_float
10167,ecoli50_r010167,retained,True,string_to_float
10168,ecoli50_r010168,retained,True,string_to_float
10169,ecoli50_r010169,retained,True,string_to_float
10170,ecoli50_r010170,retained,True,string_to_float
10171,ecoli50_r010171,retained,True,string_to_float
10172,ecoli50_r010172,retained,True,string_to_float
10173,ecoli50_r010173,retained,True,string_to_float
10174,ecoli50_r010174,retained,True,string_to_float
10175,ecoli50_r010175,retained,True,string_to_float
10176,ecoli50_r010176,retained,True,string_to_float
10177,ecoli50_r010177,retained,True,string_to_float
10178,ecoli50_r010178,retained,True,string_to_float
10179,ecoli50_r010179,retained,True,string_to_float
10180,ecoli50_r010180,retained,True,string_to_float
10181,ecoli50_r010181,retained,True,string_to_float
10182,ecoli50_r010182,retained,True,string_to_float
10183,ecoli50_r010183,retained,True,string_to_float
10184,ecoli50_r010184,retained,True,string_to_float
10185,ecoli50_r010185,retained,True,string_to_float
10186,ecoli50_r010186,retained,True,string_to_float
10187,ecoli50_r010187,retained,True,string_to_float
10188,ecoli50_r010188,retained,True,string_to_float
10189,ecoli50_r010189,retained,True,string_to_float
10190,ecoli50_r010190,retained,True,string_to_float
10191,ecoli50_r010191,retained,True,string_to_float
10192,ecoli50_r010192,retained,True,string_to_float
10193,ecoli50_r010193,retained,True,string_to_float
10194,ecoli50_r010194,retained,True,string_to_float
10195,ecoli50_r010195,retained,True,string_to_float
10196,ecoli50_r010196,retained,True,string_to_float
10197,ecoli50_r010197,retained,True,string_to_float
10198,ecoli50_r010198,retained,True,string_to_float
10199,ecoli50_r010199,retained,True,string_to_float
10200,ecoli50_r010200,retained,True,string_to_float
10201,ecoli50_r010201,retained,True,string_to_float
10202,ecoli50_r010202,retained,True,string_to_float
10203,ecoli50_r010203,retained,True,string_to_float
10204,ecoli50_r010204,retained,True,string_to_float
10205,ecoli50_r010205,retained,True,string_to_float
10206,ecoli50_r010206,retained,True,string_to_float
10207,ecoli50_r010207,retained,True,string_to_float
10208,ecoli50_r010208,retained,True,string_to_float
10209,ecoli50_r010209,retained,True,string_to_float
10210,ecoli50_r010210,retained,True,string_to_float
10211,ecoli50_r010211,retained,True,string_to_float
10212,ecoli50_r010212,retained,True,string_to_float
10213,ecoli50_r010213,retained,True,string_to_float
10214,ecoli50_r010214,retained,True,string_to_float
10215,ecoli50_r010215,retained,True,string_to_float
10216,ecoli50_r010216,retained,True,string_to_float
10217,ecoli50_r010217,retained,True,string_to_float
10218,ecoli50_r010218,retained,True,string_to_float
10219,ecoli50_r010219,retained,True,string_to_float
10220,ecoli50_r010220,retained,True,string_to_float
10221,ecoli50_r010221,retained,True,string_to_float
10222,ecoli50_r010222,retained,True,string_to_float
10223,ecoli50_r010223,retained,True,string_to_float
10224,ecoli50_r010224,retained,True,string_to_float
10225,ecoli50_r010225,retained,True,string_to_float
10226,ecoli50_r010226,retained,True,string_to_float
10227,ecoli50_r010227,retained,True,string_to_float
10228,ecoli50_r010228,retained,True,string_to_float
10229,ecoli50_r010229,retained,True,string_to_float
10230,ecoli50_r010230,retained,True,string_to_float
10231,ecoli50_r010231,retained,True,string_to_float
10232,ecoli50_r010232,retained,True,string_to_float
10233,ecoli50_r010233,retained,True,string_to_float
10234,ecoli50_r010234,retained,True,string_to_float
10235,ecoli50_r010235,retained,True,string_to_float
10236,ecoli50_r010236,retained,True,string_to_float
10237,ecoli50_r010237,retained,True,string_to_float
10238,ecoli50_r010238,retained,True,string_to_float
10239,ecoli50_r010239,retained,True,string_to_float
10240,ecoli50_r010240,retained,True,string_to_float
10241,ecoli50_r010241,retained,True,string_to_float
10242,ecoli50_r010242,retained,True,string_to_float
10243,ecoli50_r010243,retained,True,string_to_float
10244,ecoli50_r010244,retained,True,string_to_float
10245,ecoli50_r010245,retained,True,string_to_float
10246,ecoli50_r010246,retained,True,string_to_float
10247,ecoli50_r010247,retained,True,string_to_float
10248,ecoli50_r010248,retained,True,string_to_float
10249,ecoli50_r010249,retained,True,string_to_float
10250,ecoli50_r010250,retained,True,string_to_float
10251,ecoli50_r010251,retained,True,string_to_float
10252,ecoli50_r010252,retained,True,string_to_float
10253,ecoli50_r010253,retained,True,string_to_float
10254,ecoli50_r010254,retained,True,string_to_float
10255,ecoli50_r010255,retained,True,string_to_float
10256,ecoli50_r010256,retained,True,string_to_float
10257,ecoli50_r010257,retained,True,string_to_float
10258,ecoli50_r010258,retained,True,string_to_float
10259,ecoli50_r010259,retained,True,string_to_float
10260,ecoli50_r010260,retained,True,string_to_float
10261,ecoli50_r010261,retained,True,string_to_float
10262,ecoli50_r010262,retained,True,string_to_float
10263,ecoli50_r010263,retained,True,string_to_float
10264,ecoli50_r010264,retained,True,string_to_float
10265,ecoli50_r010265,retained,True,string_to_float
10266,ecoli50_r010266,retained,True,string_to_float
10267,ecoli50_r010267,retained,True,string_to_float
10268,ecoli50_r010268,retained,True,string_to_float
10269,ecoli50_r010269,retained,True,string_to_float
10270,ecoli50_r010270,retained,True,string_to_float
10271,ecoli50_r010271,retained,True,string_to_float
10272,ecoli50_r010272,retained,True,string_to_float
10273,ecoli50_r010273,retained,True,string_to_float
10274,ecoli50_r010274,retained,True,string_to_float
10275,ecoli50_r010275,retained,True,string_to_float
10276,ecoli50_r010276,retained,True,string_to_float
10277,ecoli50_r010277,retained,True,string_to_float
10278,ecoli50_r010278,retained,True,string_to_float
10279,ecoli50_r010279,retained,True,string_to_float
10280,ecoli50_r010280,retained,True,string_to_float
10281,ecoli50_r010281,retained,True,string_to_float
10282,ecoli50_r010282,retained,True,string_to_float
10283,ecoli50_r010283,retained,True,string_to_float
10284,ecoli50_r010284,retained,True,string_to_float
10285,ecoli50_r010285,retained,True,string_to_float
10286,ecoli50_r010286,retained,True,string_to_float
10287,ecoli50_r010287,retained,True,string_to_float
10288,ecoli50_r010288,retained,True,string_to_float
10289,ecoli50_r010289,retained,True,string_to_float
10290,ecoli50_r010290,retained,True,string_to_float
10291,ecoli50_r010291,retained,True,string_to_float
10292,ecoli50_r010292,retained,True,string_to_float
10293,ecoli50_r010293,retained,True,string_to_float
10294,ecoli50_r010294,retained,True,string_to_float
10295,ecoli50_r010295,retained,True,string_to_float
10296,ecoli50_r010296,retained,True,string_to_float
10297,ecoli50_r010297,retained,True,string_to_float
10298,ecoli50_r010298,retained,True,string_to_float
10299,ecoli50_r010299,retained,True,string_to_float
10300,ecoli50_r010300,retained,True,string_to_float
10301,ecoli50_r010301,retained,True,string_to_float
10302,ecoli50_r010302,retained,True,string_to_float
10303,ecoli50_r010303,retained,True,string_to_float
10304,ecoli50_r010304,retained,True,string_to_float
10305,ecoli50_r010305,retained,True,string_to_float
10306,ecoli50_r010306,retained,True,string_to_float
10307,ecoli50_r010307,retained,True,string_to_float
10308,ecoli50_r010308,retained,True,string_to_float
10309,ecoli50_r010309,retained,True,string_to_float
10310,ecoli50_r010310,retained,True,string_to_float
10311,ecoli50_r010311,retained,True,string_to_float
10312,ecoli50_r010312,retained,True,string_to_float
10313,ecoli50_r010313,retained,True,string_to_float
10314,ecoli50_r010314,retained,True,string_to_float
10315,ecoli50_r010315,retained,True,string_to_float
10316,ecoli50_r010316,retained,True,string_to_float
10317,ecoli50_r010317,retained,True,string_to_float
10318,ecoli50_r010318,retained,True,string_to_float
10319,ecoli50_r010319,retained,True,string_to_float
10320,ecoli50_r010320,retained,True,string_to_float
10321,ecoli50_r010321,retained,True,string_to_float
10322,ecoli50_r010322,retained,True,string_to_float
10323,ecoli50_r010323,retained,True,string_to_float
10324,ecoli50_r010324,retained,True,string_to_float
10325,ecoli50_r010325,retained,True,string_to_float
10326,ecoli50_r010326,retained,True,string_to_float
10327,ecoli50_r010327,retained,True,string_to_float
10328,ecoli50_r010328,retained,True,string_to_float
10329,ecoli50_r010329,retained,True,string_to_float
10330,ecoli50_r010330,retained,True,string_to_float
10331,ecoli50_r010331,retained,True,string_to_float
10332,ecoli50_r010332,retained,True,string_to_float
10333,ecoli50_r010333,retained,True,string_to_float
10334,ecoli50_r010334,retained,True,string_to_float
10335,ecoli50_r010335,retained,True,string_to_float
10336,ecoli50_r010336,retained,True,string_to_float
10337,ecoli50_r010337,retained,True,string_to_float
10338,ecoli50_r010338,retained,True,string_to_float
10339,ecoli50_r010339,retained,True,string_to_float
10340,ecoli50_r010340,retained,True,string_to_float
10341,ecoli50_r010341,retained,True,string_to_float
10342,ecoli50_r010342,retained,True,string_to_float
10343,ecoli50_r010343,retained,True,string_to_float
10344,ecoli50_r010344,retained,True,string_to_float
10345,ecoli50_r010345,retained,True,string_to_float
10346,ecoli50_r010346,retained,True,string_to_float
10347,ecoli50_r010347,retained,True,string_to_float
10348,ecoli50_r010348,retained,True,string_to_float
10349,ecoli50_r010349,retained,True,string_to_float
10350,ecoli50_r010350,retained,True,string_to_float
10351,ecoli50_r010351,retained,True,string_to_float
10352,ecoli50_r010352,retained,True,string_to_float
10353,ecoli50_r010353,retained,True,string_to_float
10354,ecoli50_r010354,retained,True,string_to_float
10355,ecoli50_r010355,retained,True,string_to_float
10356,ecoli50_r010356,retained,True,string_to_float
10357,ecoli50_r010357,retained,True,string_to_float
10358,ecoli50_r010358,retained,True,string_to_float
10359,ecoli50_r010359,retained,True,string_to_float
10360,ecoli50_r010360,retained,True,string_to_float
10361,ecoli50_r010361,retained,True,string_to_float
10362,ecoli50_r010362,retained,True,string_to_float
10363,ecoli50_r010363,retained,True,string_to_float
10364,ecoli50_r010364,retained,True,string_to_float
10365,ecoli50_r010365,retained,True,string_to_float
10366,ecoli50_r010366,retained,True,string_to_float
10367,ecoli50_r010367,retained,True,string_to_float
10368,ecoli50_r010368,retained,True,string_to_float
10369,ecoli50_r010369,retained,True,string_to_float
10370,ecoli50_r010370,retained,True,string_to_float
10371,ecoli50_r010371,retained,True,string_to_float
10372,ecoli50_r010372,retained,True,string_to_float
10373,ecoli50_r010373,retained,True,string_to_float
10374,ecoli50_r010374,retained,True,string_to_float
10375,ecoli50_r010375,retained,True,string_to_float
10376,ecoli50_r010376,retained,True,string_to_float
10377,ecoli50_r010377,retained,True,string_to_float
10378,ecoli50_r010378,retained,True,string_to_float
10379,ecoli50_r010379,retained,True,string_to_float
10380,ecoli50_r010380,retained,True,string_to_float
10381,ecoli50_r010381,retained,True,string_to_float
10382,ecoli50_r010382,retained,True,string_to_float
10383,ecoli50_r010383,retained,True,string_to_float
10384,ecoli50_r010384,retained,True,string_to_float
10385,ecoli50_r010385,retained,True,string_to_float
10386,ecoli50_r010386,retained,True,string_to_float
10387,ecoli50_r010387,retained,True,string_to_float
10388,ecoli50_r010388,retained,True,string_to_float
10389,ecoli50_r010389,retained,True,string_to_float
10390,ecoli50_r010390,retained,True,string_to_float
10391,ecoli50_r010391,retained,True,string_to_float
10392,ecoli50_r010392,retained,True,string_to_float
10393,ecoli50_r010393,retained,True,string_to_float
10394,ecoli50_r010394,retained,True,string_to_float
10395,ecoli50_r010395,retained,True,string_to_float
10396,ecoli50_r010396,retained,True,string_to_float
10397,ecoli50_r010397,retained,True,string_to_float
10398,ecoli50_r010398,retained,True,string_to_float
10399,ecoli50_r010399,retained,True,string_to_float
10400,ecoli50_r010400,retained,True,string_to_float
10401,ecoli50_r010401,retained,True,string_to_float
10402,ecoli50_r010402,retained,True,string_to_float
10403,ecoli50_r010403,retained,True,string_to_float
10404,ecoli50_r010404,retained,True,string_to_float
10405,ecoli50_r010405,retained,True,string_to_float
10406,ecoli50_r010406,retained,True,string_to_float
10407,ecoli50_r010407,retained,True,string_to_float
10408,ecoli50_r010408,retained,True,string_to_float
10409,ecoli50_r010409,retained,True,string_to_float
10410,ecoli50_r010410,retained,True,string_to_float
10411,ecoli50_r010411,retained,True,string_to_float
10412,ecoli50_r010412,retained,True,string_to_float
10413,ecoli50_r010413,retained,True,string_to_float
10414,ecoli50_r010414,retained,True,string_to_float
10415,ecoli50_r010415,retained,True,string_to_float
10416,ecoli50_r010416,retained,True,string_to_float
10417,ecoli50_r010417,retained,True,string_to_float
10418,ecoli50_r010418,retained,True,string_to_float
10419,ecoli50_r010419,retained,True,string_to_float
10420,ecoli50_r010420,retained,True,string_to_float
10421,ecoli50_r010421,retained,True,string_to_float
10422,ecoli50_r010422,retained,True,string_to_float
10423,ecoli50_r010423,retained,True,string_to_float
10424,ecoli50_r010424,retained,True,string_to_float
10425,ecoli50_r010425,retained,True,string_to_float
10426,ecoli50_r010426,retained,True,string_to_float
10427,ecoli50_r010427,retained,True,string_to_float
10428,ecoli50_r010428,retained,True,string_to_float
10429,ecoli50_r010429,retained,True,string_to_float
10430,ecoli50_r010430,retained,True,string_to_float
10431,ecoli50_r010431,retained,True,string_to_float
10432,ecoli50_r010432,retained,True,string_to_float
10433,ecoli50_r010433,retained,True,string_to_float
10434,ecoli50_r010434,retained,True,string_to_float
10435,ecoli50_r010435,retained,True,string_to_float
10436,ecoli50_r010436,retained,True,string_to_float
10437,ecoli50_r010437,retained,True,string_to_float
10438,ecoli50_r010438,retained,True,string_to_float
10439,ecoli50_r010439,retained,True,string_to_float
10440,ecoli50_r010440,retained,True,string_to_float
10441,ecoli50_r010441,retained,True,string_to_float
10442,ecoli50_r010442,retained,True,string_to_float
10443,ecoli50_r010443,retained,True,string_to_float
10444,ecoli50_r010444,retained,True,string_to_float
10445,ecoli50_r010445,retained,True,string_to_float
10446,ecoli50_r010446,retained,True,string_to_float
10447,ecoli50_r010447,retained,True,string_to_float
10448,ecoli50_r010448,retained,True,string_to_float
10449,ecoli50_r010449,retained,True,string_to_float
10450,ecoli50_r010450,retained,True,string_to_float
10451,ecoli50_r010451,retained,True,string_to_float
10452,ecoli50_r010452,retained,True,string_to_float
10453,ecoli50_r010453,retained,True,string_to_float
10454,ecoli50_r010454,retained,True,string_to_float
10455,ecoli50_r010455,retained,True,string_to_float
10456,ecoli50_r010456,retained,True,string_to_float
10457,ecoli50_r010457,retained,True,string_to_float
10458,ecoli50_r010458,retained,True,string_to_float
10459,ecoli50_r010459,retained,True,string_to_float
10460,ecoli50_r010460,retained,True,string_to_float
10461,ecoli50_r010461,retained,True,string_to_float
10462,ecoli50_r010462,retained,True,string_to_float
10463,ecoli50_r010463,retained,True,string_to_float
10464,ecoli50_r010464,retained,True,string_to_float
10465,ecoli50_r010465,retained,True,string_to_float
10466,ecoli50_r010466,retained,True,string_to_float
10467,ecoli50_r010467,retained,True,string_to_float
10468,ecoli50_r010468,retained,True,string_to_float
10469,ecoli50_r010469,retained,True,string_to_float
10470,ecoli50_r010470,retained,True,string_to_float
10471,ecoli50_r010471,retained,True,string_to_float
10472,ecoli50_r010472,retained,True,string_to_float
10473,ecoli50_r010473,retained,True,string_to_float
10474,ecoli50_r010474,retained,True,string_to_float
10475,ecoli50_r010475,retained,True,string_to_float
10476,ecoli50_r010476,retained,True,string_to_float
10477,ecoli50_r010477,retained,True,string_to_float
10478,ecoli50_r010478,retained,True,string_to_float
10479,ecoli50_r010479,retained,True,string_to_float
10480,ecoli50_r010480,retained,True,string_to_float
10481,ecoli50_r010481,retained,True,string_to_float
10482,ecoli50_r010482,retained,True,string_to_float
10483,ecoli50_r010483,retained,True,string_to_float
10484,ecoli50_r010484,retained,True,string_to_float
10485,ecoli50_r010485,retained,True,string_to_float
10486,ecoli50_r010486,retained,True,string_to_float
10487,ecoli50_r010487,retained,True,string_to_float
10488,ecoli50_r010488,retained,True,string_to_float
10489,ecoli50_r010489,retained,True,string_to_float
10490,ecoli50_r010490,retained,True,string_to_float
10491,ecoli50_r010491,retained,True,string_to_float
10492,ecoli50_r010492,retained,True,string_to_float
10493,ecoli50_r010493,retained,True,string_to_float
10494,ecoli50_r010494,retained,True,string_to_float
10495,ecoli50_r010495,retained,True,string_to_float
10496,ecoli50_r010496,retained,True,string_to_float
10497,ecoli50_r010497,retained,True,string_to_float
10498,ecoli50_r010498,retained,True,string_to_float
10499,ecoli50_r010499,retained,True,string_to_float
10500,ecoli50_r010500,retained,True,string_to_float
10501,ecoli50_r010501,retained,True,string_to_float
10502,ecoli50_r010502,retained,True,string_to_float
10503,ecoli50_r010503,retained,True,string_to_float
10504,ecoli50_r010504,retained,True,string_to_float
10505,ecoli50_r010505,retained,True,string_to_float
10506,ecoli50_r010506,retained,True,string_to_float
10507,ecoli50_r010507,retained,True,string_to_float
10508,ecoli50_r010508,retained,True,string_to_float
10509,ecoli50_r010509,retained,True,string_to_float
10510,ecoli50_r010510,retained,True,string_to_float
10511,ecoli50_r010511,retained,True,string_to_float
10512,ecoli50_r010512,retained,True,string_to_float
10513,ecoli50_r010513,retained,True,string_to_float
10514,ecoli50_r010514,retained,True,string_to_float
10515,ecoli50_r010515,retained,True,string_to_float
10516,ecoli50_r010516,retained,True,string_to_float
10517,ecoli50_r010517,retained,True,string_to_float
10518,ecoli50_r010518,retained,True,string_to_float
10519,ecoli50_r010519,retained,True,string_to_float
10520,ecoli50_r010520,retained,True,string_to_float
10521,ecoli50_r010521,retained,True,string_to_float
10522,ecoli50_r010522,retained,True,string_to_float
10523,ecoli50_r010523,retained,True,string_to_float
10524,ecoli50_r010524,retained,True,string_to_float
10525,ecoli50_r010525,retained,True,string_to_float
10526,ecoli50_r010526,retained,True,string_to_float
10527,ecoli50_r010527,retained,True,string_to_float
10528,ecoli50_r010528,retained,True,string_to_float
10529,ecoli50_r010529,retained,True,string_to_float
10530,ecoli50_r010530,retained,True,string_to_float
10531,ecoli50_r010531,retained,True,string_to_float
10532,ecoli50_r010532,retained,True,string_to_float
10533,ecoli50_r010533,retained,True,string_to_float
10534,ecoli50_r010534,retained,True,string_to_float
10535,ecoli50_r010535,retained,True,string_to_float
10536,ecoli50_r010536,retained,True,string_to_float
10537,ecoli50_r010537,retained,True,string_to_float
10538,ecoli50_r010538,retained,True,string_to_float
10539,ecoli50_r010539,retained,True,string_to_float
10540,ecoli50_r010540,retained,True,string_to_float
10541,ecoli50_r010541,retained,True,string_to_float
10542,ecoli50_r010542,retained,True,string_to_float
10543,ecoli50_r010543,retained,True,string_to_float
10544,ecoli50_r010544,retained,True,string_to_float
10545,ecoli50_r010545,retained,True,string_to_float
10546,ecoli50_r010546,retained,True,string_to_float
10547,ecoli50_r010547,retained,True,string_to_float
10548,ecoli50_r010548,retained,True,string_to_float
10549,ecoli50_r010549,retained,True,string_to_float
10550,ecoli50_r010550,retained,True,string_to_float
10551,ecoli50_r010551,retained,True,string_to_float
10552,ecoli50_r010552,retained,True,string_to_float
10553,ecoli50_r010553,retained,True,string_to_float
10554,ecoli50_r010554,retained,True,string_to_float
10555,ecoli50_r010555,retained,True,string_to_float
10556,ecoli50_r010556,retained,True,string_to_float
10557,ecoli50_r010557,retained,True,string_to_float
10558,ecoli50_r010558,retained,True,string_to_float
10559,ecoli50_r010559,retained,True,string_to_float
10560,ecoli50_r010560,retained,True,string_to_float
10561,ecoli50_r010561,retained,True,string_to_float
10562,ecoli50_r010562,retained,True,string_to_float
10563,ecoli50_r010563,retained,True,string_to_float
10564,ecoli50_r010564,retained,True,string_to_float
10565,ecoli50_r010565,retained,True,string_to_float
10566,ecoli50_r010566,retained,True,string_to_float
10567,ecoli50_r010567,retained,True,string_to_float
10568,ecoli50_r010568,retained,True,string_to_float
10569,ecoli50_r010569,retained,True,string_to_float
10570,ecoli50_r010570,retained,True,string_to_float
10571,ecoli50_r010571,retained,True,string_to_float
10572,ecoli50_r010572,retained,True,string_to_float
10573,ecoli50_r010573,retained,True,string_to_float
10574,ecoli50_r010574,retained,True,string_to_float
10575,ecoli50_r010575,retained,True,string_to_float
10576,ecoli50_r010576,retained,True,string_to_float
10577,ecoli50_r010577,retained,True,string_to_float
10578,ecoli50_r010578,retained,True,string_to_float
10579,ecoli50_r010579,retained,True,string_to_float
10580,ecoli50_r010580,retained,True,string_to_float
10581,ecoli50_r010581,retained,True,string_to_float
10582,ecoli50_r010582,retained,True,string_to_float
10583,ecoli50_r010583,retained,True,string_to_float
10584,ecoli50_r010584,retained,True,string_to_float
10585,ecoli50_r010585,retained,True,string_to_float
10586,ecoli50_r010586,retained,True,string_to_float
10587,ecoli50_r010587,retained,True,string_to_float
10588,ecoli50_r010588,retained,True,string_to_float
10589,ecoli50_r010589,retained,True,string_to_float
10590,ecoli50_r010590,retained,True,string_to_float
10591,ecoli50_r010591,retained,True,string_to_float
10592,ecoli50_r010592,retained,True,string_to_float
10593,ecoli50_r010593,retained,True,string_to_float
10594,ecoli50_r010594,retained,True,string_to_float
10595,ecoli50_r010595,retained,True,string_to_float
10596,ecoli50_r010596,retained,True,string_to_float
10597,ecoli50_r010597,retained,True,string_to_float
10598,ecoli50_r010598,retained,True,string_to_float
10599,ecoli50_r010599,retained,True,string_to_float
10600,ecoli50_r010600,retained,True,string_to_float
10601,ecoli50_r010601,retained,True,string_to_float
10602,ecoli50_r010602,retained,True,string_to_float
10603,ecoli50_r010603,retained,True,string_to_float
10604,ecoli50_r010604,retained,True,string_to_float
10605,ecoli50_r010605,retained,True,string_to_float
10606,ecoli50_r010606,retained,True,string_to_float
10607,ecoli50_r010607,retained,True,string_to_float
10608,ecoli50_r010608,retained,True,string_to_float
10609,ecoli50_r010609,retained,True,string_to_float
10610,ecoli50_r010610,retained,True,string_to_float
10611,ecoli50_r010611,retained,True,string_to_float
10612,ecoli50_r010612,retained,True,string_to_float
10613,ecoli50_r010613,retained,True,string_to_float
10614,ecoli50_r010614,retained,True,string_to_float
10615,ecoli50_r010615,retained,True,string_to_float
10616,ecoli50_r010616,retained,True,string_to_float
10617,ecoli50_r010617,retained,True,string_to_float
10618,ecoli50_r010618,retained,True,string_to_float
10619,ecoli50_r010619,retained,True,string_to_float
10620,ecoli50_r010620,retained,True,string_to_float
10621,ecoli50_r010621,retained,True,string_to_float
10622,ecoli50_r010622,retained,True,string_to_float
10623,ecoli50_r010623,retained,True,string_to_float
10624,ecoli50_r010624,retained,True,string_to_float
10625,ecoli50_r010625,retained,True,string_to_float
10626,ecoli50_r010626,retained,True,string_to_float
10627,ecoli50_r010627,retained,True,string_to_float
10628,ecoli50_r010628,retained,True,string_to_float
10629,ecoli50_r010629,retained,True,string_to_float
10630,ecoli50_r010630,retained,True,string_to_float
10631,ecoli50_r010631,retained,True,string_to_float
10632,ecoli50_r010632,retained,True,string_to_float
10633,ecoli50_r010633,retained,True,string_to_float
10634,ecoli50_r010634,retained,True,string_to_float
10635,ecoli50_r010635,retained,True,string_to_float
10636,ecoli50_r010636,retained,True,string_to_float
10637,ecoli50_r010637,retained,True,string_to_float
10638,ecoli50_r010638,retained,True,string_to_float
10639,ecoli50_r010639,retained,True,string_to_float
10640,ecoli50_r010640,retained,True,string_to_float
10641,ecoli50_r010641,retained,True,string_to_float
10642,ecoli50_r010642,retained,True,string_to_float
10643,ecoli50_r010643,retained,True,string_to_float
10644,ecoli50_r010644,retained,True,string_to_float
10645,ecoli50_r010645,retained,True,string_to_float
10646,ecoli50_r010646,retained,True,string_to_float
10647,ecoli50_r010647,retained,True,string_to_float
10648,ecoli50_r010648,retained,True,string_to_float
10649,ecoli50_r010649,retained,True,string_to_float
10650,ecoli50_r010650,retained,True,string_to_float
10651,ecoli50_r010651,retained,True,string_to_float
10652,ecoli50_r010652,retained,True,string_to_float
10653,ecoli50_r010653,retained,True,string_to_float
10654,ecoli50_r010654,retained,True,string_to_float
10655,ecoli50_r010655,retained,True,string_to_float
10656,ecoli50_r010656,retained,True,string_to_float
10657,ecoli50_r010657,retained,True,string_to_float
10658,ecoli50_r010658,retained,True,string_to_float
10659,ecoli50_r010659,retained,True,string_to_float
10660,ecoli50_r010660,retained,True,string_to_float
10661,ecoli50_r010661,retained,True,string_to_float
10662,ecoli50_r010662,retained,True,string_to_float
10663,ecoli50_r010663,retained,True,string_to_float
10664,ecoli50_r010664,retained,True,string_to_float
10665,ecoli50_r010665,retained,True,string_to_float
10666,ecoli50_r010666,retained,True,string_to_float
10667,ecoli50_r010667,retained,True,string_to_float
10668,ecoli50_r010668,retained,True,string_to_float
10669,ecoli50_r010669,retained,True,string_to_float
10670,ecoli50_r010670,retained,True,string_to_float
10671,ecoli50_r010671,retained,True,string_to_float
10672,ecoli50_r010672,retained,True,string_to_float
10673,ecoli50_r010673,retained,True,string_to_float
10674,ecoli50_r010674,retained,True,string_to_float
10675,ecoli50_r010675,retained,True,string_to_float
10676,ecoli50_r010676,retained,True,string_to_float
10677,ecoli50_r010677,retained,True,string_to_float
10678,ecoli50_r010678,retained,True,string_to_float
10679,ecoli50_r010679,retained,True,string_to_float
10680,ecoli50_r010680,retained,True,string_to_float
10681,ecoli50_r010681,retained,True,string_to_float
10682,ecoli50_r010682,retained,True,string_to_float
10683,ecoli50_r010683,retained,True,string_to_float
10684,ecoli50_r010684,retained,True,string_to_float
10685,ecoli50_r010685,retained,True,string_to_float
10686,ecoli50_r010686,retained,True,string_to_float
10687,ecoli50_r010687,retained,True,string_to_float
10688,ecoli50_r010688,retained,True,string_to_float
10689,ecoli50_r010689,retained,True,string_to_float
10690,ecoli50_r010690,retained,True,string_to_float
10691,ecoli50_r010691,retained,True,string_to_float
10692,ecoli50_r010692,retained,True,string_to_float
10693,ecoli50_r010693,retained,True,string_to_float
10694,ecoli50_r010694,retained,True,string_to_float
10695,ecoli50_r010695,retained,True,string_to_float
10696,ecoli50_r010696,retained,True,string_to_float
10697,ecoli50_r010697,retained,True,string_to_float
10698,ecoli50_r010698,retained,True,string_to_float
10699,ecoli50_r010699,retained,True,string_to_float
10700,ecoli50_r010700,retained,True,string_to_float
10701,ecoli50_r010701,retained,True,string_to_float
10702,ecoli50_r010702,retained,True,string_to_float
10703,ecoli50_r010703,retained,True,string_to_float
10704,ecoli50_r010704,retained,True,string_to_float
10705,ecoli50_r010705,retained,True,string_to_float
10706,ecoli50_r010706,retained,True,string_to_float
10707,ecoli50_r010707,retained,True,string_to_float
10708,ecoli50_r010708,retained,True,string_to_float
10709,ecoli50_r010709,retained,True,string_to_float
10710,ecoli50_r010710,retained,True,string_to_float
10711,ecoli50_r010711,retained,True,string_to_float
10712,ecoli50_r010712,retained,True,string_to_float
10713,ecoli50_r010713,retained,True,string_to_float
10714,ecoli50_r010714,retained,True,string_to_float
10715,ecoli50_r010715,retained,True,string_to_float
10716,ecoli50_r010716,retained,True,string_to_float
10717,ecoli50_r010717,retained,True,string_to_float
10718,ecoli50_r010718,retained,True,string_to_float
10719,ecoli50_r010719,retained,True,string_to_float
10720,ecoli50_r010720,retained,True,string_to_float
10721,ecoli50_r010721,retained,True,string_to_float
10722,ecoli50_r010722,retained,True,string_to_float
10723,ecoli50_r010723,retained,True,string_to_float
10724,ecoli50_r010724,retained,True,string_to_float
10725,ecoli50_r010725,retained,True,string_to_float
10726,ecoli50_r010726,retained,True,string_to_float
10727,ecoli50_r010727,retained,True,string_to_float
10728,ecoli50_r010728,retained,True,string_to_float
10729,ecoli50_r010729,retained,True,string_to_float
10730,ecoli50_r010730,retained,True,string_to_float
10731,ecoli50_r010731,retained,True,string_to_float
10732,ecoli50_r010732,retained,True,string_to_float
10733,ecoli50_r010733,retained,True,string_to_float
10734,ecoli50_r010734,retained,True,string_to_float
10735,ecoli50_r010735,retained,True,string_to_float
10736,ecoli50_r010736,retained,True,string_to_float
10737,ecoli50_r010737,retained,True,string_to_float
10738,ecoli50_r010738,retained,True,string_to_float
10739,ecoli50_r010739,retained,True,string_to_float
10740,ecoli50_r010740,retained,True,string_to_float
10741,ecoli50_r010741,retained,True,string_to_float
10742,ecoli50_r010742,retained,True,string_to_float
10743,ecoli50_r010743,retained,True,string_to_float
10744,ecoli50_r010744,retained,True,string_to_float
10745,ecoli50_r010745,retained,True,string_to_float
10746,ecoli50_r010746,retained,True,string_to_float
10747,ecoli50_r010747,retained,True,string_to_float
10748,ecoli50_r010748,retained,True,string_to_float
10749,ecoli50_r010749,retained,True,string_to_float
10750,ecoli50_r010750,retained,True,string_to_float
10751,ecoli50_r010751,retained,True,string_to_float
10752,ecoli50_r010752,retained,True,string_to_float
10753,ecoli50_r010753,retained,True,string_to_float
10754,ecoli50_r010754,retained,True,string_to_float
10755,ecoli50_r010755,retained,True,string_to_float
10756,ecoli50_r010756,retained,True,string_to_float
10757,ecoli50_r010757,retained,True,string_to_float
10758,ecoli50_r010758,retained,True,string_to_float
10759,ecoli50_r010759,retained,True,string_to_float
10760,ecoli50_r010760,retained,True,string_to_float
10761,ecoli50_r010761,retained,True,string_to_float
10762,ecoli50_r010762,retained,True,string_to_float
10763,ecoli50_r010763,retained,True,string_to_float
10764,ecoli50_r010764,retained,True,string_to_float
10765,ecoli50_r010765,retained,True,string_to_float
10766,ecoli50_r010766,retained,True,string_to_float
10767,ecoli50_r010767,retained,True,string_to_float
10768,ecoli50_r010768,retained,True,string_to_float
10769,ecoli50_r010769,retained,True,string_to_float
10770,ecoli50_r010770,retained,True,string_to_float
10771,ecoli50_r010771,retained,True,string_to_float
10772,ecoli50_r010772,retained,True,string_to_float
10773,ecoli50_r010773,retained,True,string_to_float
10774,ecoli50_r010774,retained,True,string_to_float
10775,ecoli50_r010775,retained,True,string_to_float
10776,ecoli50_r010776,retained,True,string_to_float
10777,ecoli50_r010777,retained,True,string_to_float
10778,ecoli50_r010778,retained,True,string_to_float
10779,ecoli50_r010779,retained,True,string_to_float
10780,ecoli50_r010780,retained,True,string_to_float
10781,ecoli50_r010781,retained,True,string_to_float
10782,ecoli50_r010782,retained,True,string_to_float
10783,ecoli50_r010783,retained,True,string_to_float
10784,ecoli50_r010784,retained,True,string_to_float
10785,ecoli50_r010785,retained,True,string_to_float
10786,ecoli50_r010786,retained,True,string_to_float
10787,ecoli50_r010787,retained,True,string_to_float
10788,ecoli50_r010788,retained,True,string_to_float
10789,ecoli50_r010789,retained,True,string_to_float
10790,ecoli50_r010790,retained,True,string_to_float
10791,ecoli50_r010791,retained,True,string_to_float
10792,ecoli50_r010792,retained,True,string_to_float
10793,ecoli50_r010793,retained,True,string_to_float
10794,ecoli50_r010794,retained,True,string_to_float
10795,ecoli50_r010795,retained,True,string_to_float
10796,ecoli50_r010796,retained,True,string_to_float
10797,ecoli50_r010797,retained,True,string_to_float
10798,ecoli50_r010798,retained,True,string_to_float
10799,ecoli50_r010799,retained,True,string_to_float
10800,ecoli50_r010800,retained,True,string_to_float
10801,ecoli50_r010801,retained,True,string_to_float
10802,ecoli50_r010802,retained,True,string_to_float
10803,ecoli50_r010803,retained,True,string_to_float
10804,ecoli50_r010804,retained,True,string_to_float
10805,ecoli50_r010805,retained,True,string_to_float
10806,ecoli50_r010806,retained,True,string_to_float
10807,ecoli50_r010807,retained,True,string_to_float
10808,ecoli50_r010808,retained,True,string_to_float
10809,ecoli50_r010809,retained,True,string_to_float
10810,ecoli50_r010810,retained,True,string_to_float
10811,ecoli50_r010811,retained,True,string_to_float
10812,ecoli50_r010812,retained,True,string_to_float
10813,ecoli50_r010813,retained,True,string_to_float
10814,ecoli50_r010814,retained,True,string_to_float
10815,ecoli50_r010815,retained,True,string_to_float
10816,ecoli50_r010816,retained,True,string_to_float
10817,ecoli50_r010817,retained,True,string_to_float
10818,ecoli50_r010818,retained,True,string_to_float
10819,ecoli50_r010819,retained,True,string_to_float
10820,ecoli50_r010820,retained,True,string_to_float
10821,ecoli50_r010821,retained,True,string_to_float
10822,ecoli50_r010822,retained,True,string_to_float
10823,ecoli50_r010823,retained,True,string_to_float
10824,ecoli50_r010824,retained,True,string_to_float
10825,ecoli50_r010825,retained,True,string_to_float
10826,ecoli50_r010826,retained,True,string_to_float
10827,ecoli50_r010827,retained,True,string_to_float
10828,ecoli50_r010828,retained,True,string_to_float
10829,ecoli50_r010829,retained,True,string_to_float
10830,ecoli50_r010830,retained,True,string_to_float
10831,ecoli50_r010831,retained,True,string_to_float
10832,ecoli50_r010832,retained,True,string_to_float
10833,ecoli50_r010833,retained,True,string_to_float
10834,ecoli50_r010834,retained,True,string_to_float
10835,ecoli50_r010835,retained,True,string_to_float
10836,ecoli50_r010836,retained,True,string_to_float
10837,ecoli50_r010837,retained,True,string_to_float
10838,ecoli50_r010838,retained,True,string_to_float
10839,ecoli50_r010839,retained,True,string_to_float
10840,ecoli50_r010840,retained,True,string_to_float
10841,ecoli50_r010841,retained,True,string_to_float
10842,ecoli50_r010842,retained,True,string_to_float
10843,ecoli50_r010843,retained,True,string_to_float
10844,ecoli50_r010844,retained,True,string_to_float
10845,ecoli50_r010845,retained,True,string_to_float
10846,ecoli50_r010846,retained,True,string_to_float
10847,ecoli50_r010847,retained,True,string_to_float
10848,ecoli50_r010848,retained,True,string_to_float
10849,ecoli50_r010849,retained,True,string_to_float
10850,ecoli50_r010850,retained,True,string_to_float
10851,ecoli50_r010851,retained,True,string_to_float
10852,ecoli50_r010852,retained,True,string_to_float
10853,ecoli50_r010853,retained,True,string_to_float
10854,ecoli50_r010854,retained,True,string_to_float
10855,ecoli50_r010855,retained,True,string_to_float
10856,ecoli50_r010856,retained,True,string_to_float
10857,ecoli50_r010857,retained,True,string_to_float
10858,ecoli50_r010858,retained,True,string_to_float
10859,ecoli50_r010859,retained,True,string_to_float
10860,ecoli50_r010860,retained,True,string_to_float
10861,ecoli50_r010861,retained,True,string_to_float
10862,ecoli50_r010862,retained,True,string_to_float
10863,ecoli50_r010863,retained,True,string_to_float
10864,ecoli50_r010864,retained,True,string_to_float
10865,ecoli50_r010865,retained,True,string_to_float
10866,ecoli50_r010866,retained,True,string_to_float
10867,ecoli50_r010867,retained,True,string_to_float
10868,ecoli50_r010868,retained,True,string_to_float
10869,ecoli50_r010869,retained,True,string_to_float
10870,ecoli50_r010870,retained,True,string_to_float
10871,ecoli50_r010871,retained,True,string_to_float
10872,ecoli50_r010872,retained,True,string_to_float
10873,ecoli50_r010873,retained,True,string_to_float
10874,ecoli50_r010874,retained,True,string_to_float
10875,ecoli50_r010875,retained,True,string_to_float
10876,ecoli50_r010876,retained,True,string_to_float
10877,ecoli50_r010877,retained,True,string_to_float
10878,ecoli50_r010878,retained,True,string_to_float
10879,ecoli50_r010879,retained,True,string_to_float
10880,ecoli50_r010880,retained,True,string_to_float
10881,ecoli50_r010881,retained,True,string_to_float
10882,ecoli50_r010882,retained,True,string_to_float
10883,ecoli50_r010883,retained,True,string_to_float
10884,ecoli50_r010884,retained,True,string_to_float
10885,ecoli50_r010885,retained,True,string_to_float
10886,ecoli50_r010886,retained,True,string_to_float
10887,ecoli50_r010887,retained,True,string_to_float
10888,ecoli50_r010888,retained,True,string_to_float
10889,ecoli50_r010889,retained,True,string_to_float
10890,ecoli50_r010890,retained,True,string_to_float
10891,ecoli50_r010891,retained,True,string_to_float
10892,ecoli50_r010892,retained,True,string_to_float
10893,ecoli50_r010893,retained,True,string_to_float
10894,ecoli50_r010894,retained,True,string_to_float
10895,ecoli50_r010895,retained,True,string_to_float
10896,ecoli50_r010896,retained,True,string_to_float
10897,ecoli50_r010897,retained,True,string_to_float
10898,ecoli50_r010898,retained,True,string_to_float
10899,ecoli50_r010899,retained,True,string_to_float
10900,ecoli50_r010900,retained,True,string_to_float
10901,ecoli50_r010901,retained,True,string_to_float
10902,ecoli50_r010902,retained,True,string_to_float
10903,ecoli50_r010903,retained,True,string_to_float
10904,ecoli50_r010904,retained,True,string_to_float
10905,ecoli50_r010905,retained,True,string_to_float
10906,ecoli50_r010906,retained,True,string_to_float
10907,ecoli50_r010907,retained,True,string_to_float
10908,ecoli50_r010908,retained,True,string_to_float
10909,ecoli50_r010909,retained,True,string_to_float
10910,ecoli50_r010910,retained,True,string_to_float
10911,ecoli50_r010911,retained,True,string_to_float
10912,ecoli50_r010912,retained,True,string_to_float
10913,ecoli50_r010913,retained,True,string_to_float
10914,ecoli50_r010914,retained,True,string_to_float
10915,ecoli50_r010915,retained,True,string_to_float
10916,ecoli50_r010916,retained,True,string_to_float
10917,ecoli50_r010917,retained,True,string_to_float
10918,ecoli50_r010918,retained,True,string_to_float
10919,ecoli50_r010919,retained,True,string_to_float
10920,ecoli50_r010920,retained,True,string_to_float
10921,ecoli50_r010921,retained,True,string_to_float
10922,ecoli50_r010922,retained,True,string_to_float
10923,ecoli50_r010923,retained,True,string_to_float
10924,ecoli50_r010924,retained,True,string_to_float
10925,ecoli50_r010925,retained,True,string_to_float
10926,ecoli50_r010926,retained,True,string_to_float
10927,ecoli50_r010927,retained,True,string_to_float
10928,ecoli50_r010928,retained,True,string_to_float
10929,ecoli50_r010929,retained,True,string_to_float
10930,ecoli50_r010930,retained,True,string_to_float
10931,ecoli50_r010931,retained,True,string_to_float
10932,ecoli50_r010932,retained,True,string_to_float
10933,ecoli50_r010933,retained,True,string_to_float
10934,ecoli50_r010934,retained,True,string_to_float
10935,ecoli50_r010935,retained,True,string_to_float
10936,ecoli50_r010936,retained,True,string_to_float
10937,ecoli50_r010937,retained,True,string_to_float
10938,ecoli50_r010938,retained,True,string_to_float
10939,ecoli50_r010939,retained,True,string_to_float
10940,ecoli50_r010940,retained,True,string_to_float
10941,ecoli50_r010941,retained,True,string_to_float
10942,ecoli50_r010942,retained,True,string_to_float
10943,ecoli50_r010943,retained,True,string_to_float
10944,ecoli50_r010944,retained,True,string_to_float
10945,ecoli50_r010945,retained,True,string_to_float
10946,ecoli50_r010946,retained,True,string_to_float
10947,ecoli50_r010947,retained,True,string_to_float
10948,ecoli50_r010948,retained,True,string_to_float
10949,ecoli50_r010949,retained,True,string_to_float
10950,ecoli50_r010950,retained,True,string_to_float
10951,ecoli50_r010951,retained,True,string_to_float
10952,ecoli50_r010952,retained,True,string_to_float
10953,ecoli50_r010953,retained,True,string_to_float
10954,ecoli50_r010954,retained,True,string_to_float
10955,ecoli50_r010955,retained,True,string_to_float
10956,ecoli50_r010956,retained,True,string_to_float
10957,ecoli50_r010957,retained,True,string_to_float
10958,ecoli50_r010958,retained,True,string_to_float
10959,ecoli50_r010959,retained,True,string_to_float
10960,ecoli50_r010960,retained,True,string_to_float
10961,ecoli50_r010961,retained,True,string_to_float
10962,ecoli50_r010962,retained,True,string_to_float
10963,ecoli50_r010963,retained,True,string_to_float
10964,ecoli50_r010964,retained,True,string_to_float
10965,ecoli50_r010965,retained,True,string_to_float
10966,ecoli50_r010966,retained,True,string_to_float
10967,ecoli50_r010967,retained,True,string_to_float
10968,ecoli50_r010968,retained,True,string_to_float
10969,ecoli50_r010969,retained,True,string_to_float
10970,ecoli50_r010970,retained,True,string_to_float
10971,ecoli50_r010971,retained,True,string_to_float
10972,ecoli50_r010972,retained,True,string_to_float
10973,ecoli50_r010973,retained,True,string_to_float
10974,ecoli50_r010974,retained,True,string_to_float
10975,ecoli50_r010975,retained,True,string_to_float
10976,ecoli50_r010976,retained,True,string_to_float
10977,ecoli50_r010977,retained,True,string_to_float
10978,ecoli50_r010978,retained,True,string_to_float
10979,ecoli50_r010979,retained,True,string_to_float
10980,ecoli50_r010980,retained,True,string_to_float
10981,ecoli50_r010981,retained,True,string_to_float
10982,ecoli50_r010982,retained,True,string_to_float
10983,ecoli50_r010983,retained,True,string_to_float
10984,ecoli50_r010984,retained,True,string_to_float
10985,ecoli50_r010985,retained,True,string_to_float
10986,ecoli50_r010986,retained,True,string_to_float
10987,ecoli50_r010987,retained,True,string_to_float
10988,ecoli50_r010988,retained,True,string_to_float
10989,ecoli50_r010989,retained,True,string_to_float
10990,ecoli50_r010990,retained,True,string_to_float
10991,ecoli50_r010991,retained,True,string_to_float
10992,ecoli50_r010992,retained,True,string_to_float
10993,ecoli50_r010993,retained,True,string_to_float
10994,ecoli50_r010994,retained,True,string_to_float
10995,ecoli50_r010995,retained,True,string_to_float
10996,ecoli50_r010996,retained,True,string_to_float
10997,ecoli50_r010997,retained,True,string_to_float
10998,ecoli50_r010998,retained,True,string_to_float
10999,ecoli50_r010999,retained,True,string_to_float
11000,ecoli50_r011000,retained,True,string_to_float
11001,ecoli50_r011001,retained,True,string_to_float
11002,ecoli50_r011002,retained,True,string_to_float
11003,ecoli50_r011003,retained,True,string_to_float
11004,ecoli50_r011004,retained,True,string_to_float
11005,ecoli50_r011005,retained,True,string_to_float
11006,ecoli50_r011006,retained,True,string_to_float
11007,ecoli50_r011007,retained,True,string_to_float
11008,ecoli50_r011008,retained,True,string_to_float
11009,ecoli50_r011009,retained,True,string_to_float
11010,ecoli50_r011010,retained,True,string_to_float
11011,ecoli50_r011011,retained,True,string_to_float
11012,ecoli50_r011012,retained,True,string_to_float
11013,ecoli50_r011013,retained,True,string_to_float
11014,ecoli50_r011014,retained,True,string_to_float
11015,ecoli50_r011015,retained,True,string_to_float
11016,ecoli50_r011016,retained,True,string_to_float
11017,ecoli50_r011017,retained,True,string_to_float
11018,ecoli50_r011018,retained,True,string_to_float
11019,ecoli50_r011019,retained,True,string_to_float
11020,ecoli50_r011020,retained,True,string_to_float
11021,ecoli50_r011021,retained,True,string_to_float
11022,ecoli50_r011022,retained,True,string_to_float
11023,ecoli50_r011023,retained,True,string_to_float
11024,ecoli50_r011024,retained,True,string_to_float
11025,ecoli50_r011025,retained,True,string_to_float
11026,ecoli50_r011026,retained,True,string_to_float
11027,ecoli50_r011027,retained,True,string_to_float
11028,ecoli50_r011028,retained,True,string_to_float
11029,ecoli50_r011029,retained,True,string_to_float
11030,ecoli50_r011030,retained,True,string_to_float
11031,ecoli50_r011031,retained,True,string_to_float
11032,ecoli50_r011032,retained,True,string_to_float
11033,ecoli50_r011033,retained,True,string_to_float
11034,ecoli50_r011034,retained,True,string_to_float
11035,ecoli50_r011035,retained,True,string_to_float
11036,ecoli50_r011036,retained,True,string_to_float
11037,ecoli50_r011037,retained,True,string_to_float
11038,ecoli50_r011038,retained,True,string_to_float
11039,ecoli50_r011039,retained,True,string_to_float
11040,ecoli50_r011040,retained,True,string_to_float
11041,ecoli50_r011041,retained,True,string_to_float
11042,ecoli50_r011042,retained,True,string_to_float
11043,ecoli50_r011043,retained,True,string_to_float
11044,ecoli50_r011044,retained,True,string_to_float
11045,ecoli50_r011045,retained,True,string_to_float
11046,ecoli50_r011046,retained,True,string_to_float
11047,ecoli50_r011047,retained,True,string_to_float
11048,ecoli50_r011048,retained,True,string_to_float
11049,ecoli50_r011049,retained,True,string_to_float
11050,ecoli50_r011050,retained,True,string_to_float
11051,ecoli50_r011051,retained,True,string_to_float
11052,ecoli50_r011052,retained,True,string_to_float
11053,ecoli50_r011053,retained,True,string_to_float
11054,ecoli50_r011054,retained,True,string_to_float
11055,ecoli50_r011055,retained,True,string_to_float
11056,ecoli50_r011056,retained,True,string_to_float
11057,ecoli50_r011057,retained,True,string_to_float
11058,ecoli50_r011058,retained,True,string_to_float
11059,ecoli50_r011059,retained,True,string_to_float
11060,ecoli50_r011060,retained,True,string_to_float
11061,ecoli50_r011061,retained,True,string_to_float
11062,ecoli50_r011062,retained,True,string_to_float
11063,ecoli50_r011063,retained,True,string_to_float
11064,ecoli50_r011064,retained,True,string_to_float
11065,ecoli50_r011065,retained,True,string_to_float
11066,ecoli50_r011066,retained,True,string_to_float
11067,ecoli50_r011067,retained,True,string_to_float
11068,ecoli50_r011068,retained,True,string_to_float
11069,ecoli50_r011069,retained,True,string_to_float
11070,ecoli50_r011070,retained,True,string_to_float
11071,ecoli50_r011071,retained,True,string_to_float
11072,ecoli50_r011072,retained,True,string_to_float
11073,ecoli50_r011073,retained,True,string_to_float
11074,ecoli50_r011074,retained,True,string_to_float
11075,ecoli50_r011075,retained,True,string_to_float
11076,ecoli50_r011076,retained,True,string_to_float
11077,ecoli50_r011077,retained,True,string_to_float
11078,ecoli50_r011078,retained,True,string_to_float
11079,ecoli50_r011079,retained,True,string_to_float
11080,ecoli50_r011080,retained,True,string_to_float
11081,ecoli50_r011081,retained,True,string_to_float
11082,ecoli50_r011082,retained,True,string_to_float
11083,ecoli50_r011083,retained,True,string_to_float
11084,ecoli50_r011084,retained,True,string_to_float
11085,ecoli50_r011085,retained,True,string_to_float
11086,ecoli50_r011086,retained,True,string_to_float
11087,ecoli50_r011087,retained,True,string_to_float
11088,ecoli50_r011088,retained,True,string_to_float
11089,ecoli50_r011089,retained,True,string_to_float
11090,ecoli50_r011090,retained,True,string_to_float
11091,ecoli50_r011091,retained,True,string_to_float
11092,ecoli50_r011092,retained,True,string_to_float
11093,ecoli50_r011093,retained,True,string_to_float
11094,ecoli50_r011094,retained,True,string_to_float
11095,ecoli50_r011095,retained,True,string_to_float
11096,ecoli50_r011096,retained,True,string_to_float
11097,ecoli50_r011097,retained,True,string_to_float
11098,ecoli50_r011098,retained,True,string_to_float
11099,ecoli50_r011099,retained,True,string_to_float
11100,ecoli50_r011100,retained,True,string_to_float
11101,ecoli50_r011101,retained,True,string_to_float
11102,ecoli50_r011102,retained,True,string_to_float
11103,ecoli50_r011103,retained,True,string_to_float
11104,ecoli50_r011104,retained,True,string_to_float
11105,ecoli50_r011105,retained,True,string_to_float
11106,ecoli50_r011106,retained,True,string_to_float
11107,ecoli50_r011107,retained,True,string_to_float
11108,ecoli50_r011108,retained,True,string_to_float
11109,ecoli50_r011109,retained,True,string_to_float
11110,ecoli50_r011110,retained,True,string_to_float
11111,ecoli50_r011111,retained,True,string_to_float
11112,ecoli50_r011112,retained,True,string_to_float
11113,ecoli50_r011113,retained,True,string_to_float
11114,ecoli50_r011114,retained,True,string_to_float
11115,ecoli50_r011115,retained,True,string_to_float
11116,ecoli50_r011116,retained,True,string_to_float
11117,ecoli50_r011117,retained,True,string_to_float
11118,ecoli50_r011118,retained,True,string_to_float
11119,ecoli50_r011119,retained,True,string_to_float
11120,ecoli50_r011120,retained,True,string_to_float
11121,ecoli50_r011121,retained,True,string_to_float
11122,ecoli50_r011122,retained,True,string_to_float
11123,ecoli50_r011123,retained,True,string_to_float
11124,ecoli50_r011124,retained,True,string_to_float
11125,ecoli50_r011125,retained,True,string_to_float
11126,ecoli50_r011126,retained,True,string_to_float
11127,ecoli50_r011127,retained,True,string_to_float
11128,ecoli50_r011128,retained,True,string_to_float
11129,ecoli50_r011129,retained,True,string_to_float
11130,ecoli50_r011130,retained,True,string_to_float
11131,ecoli50_r011131,retained,True,string_to_float
11132,ecoli50_r011132,retained,True,string_to_float
11133,ecoli50_r011133,retained,True,string_to_float
11134,ecoli50_r011134,retained,True,string_to_float
11135,ecoli50_r011135,retained,True,string_to_float
11136,ecoli50_r011136,retained,True,string_to_float
11137,ecoli50_r011137,retained,True,string_to_float
11138,ecoli50_r011138,retained,True,string_to_float
11139,ecoli50_r011139,retained,True,string_to_float
11140,ecoli50_r011140,retained,True,string_to_float
11141,ecoli50_r011141,retained,True,string_to_float
11142,ecoli50_r011142,retained,True,string_to_float
11143,ecoli50_r011143,retained,True,string_to_float
11144,ecoli50_r011144,retained,True,string_to_float
11145,ecoli50_r011145,retained,True,string_to_float
11146,ecoli50_r011146,retained,True,string_to_float
11147,ecoli50_r011147,retained,True,string_to_float
11148,ecoli50_r011148,retained,True,string_to_float
11149,ecoli50_r011149,retained,True,string_to_float
11150,ecoli50_r011150,retained,True,string_to_float
11151,ecoli50_r011151,retained,True,string_to_float
11152,ecoli50_r011152,retained,True,string_to_float
11153,ecoli50_r011153,retained,True,string_to_float
11154,ecoli50_r011154,retained,True,string_to_float
11155,ecoli50_r011155,retained,True,string_to_float
11156,ecoli50_r011156,retained,True,string_to_float
11157,ecoli50_r011157,retained,True,string_to_float
11158,ecoli50_r011158,retained,True,string_to_float
11159,ecoli50_r011159,retained,True,string_to_float
11160,ecoli50_r011160,retained,True,string_to_float
11161,ecoli50_r011161,retained,True,string_to_float
11162,ecoli50_r011162,retained,True,string_to_float
11163,ecoli50_r011163,retained,True,string_to_float
11164,ecoli50_r011164,retained,True,string_to_float
11165,ecoli50_r011165,retained,True,string_to_float
11166,ecoli50_r011166,retained,True,string_to_float
11167,ecoli50_r011167,retained,True,string_to_float
11168,ecoli50_r011168,retained,True,string_to_float
11169,ecoli50_r011169,retained,True,string_to_float
11170,ecoli50_r011170,retained,True,string_to_float
11171,ecoli50_r011171,retained,True,string_to_float
11172,ecoli50_r011172,retained,True,string_to_float
11173,ecoli50_r011173,retained,True,string_to_float
11174,ecoli50_r011174,retained,True,string_to_float
11175,ecoli50_r011175,retained,True,string_to_float
11176,ecoli50_r011176,retained,True,string_to_float
11177,ecoli50_r011177,retained,True,string_to_float
11178,ecoli50_r011178,retained,True,string_to_float
11179,ecoli50_r011179,retained,True,string_to_float
11180,ecoli50_r011180,retained,True,string_to_float
11181,ecoli50_r011181,retained,True,string_to_float
11182,ecoli50_r011182,retained,True,string_to_float
11183,ecoli50_r011183,retained,True,string_to_float
11184,ecoli50_r011184,retained,True,string_to_float
11185,ecoli50_r011185,retained,True,string_to_float
11186,ecoli50_r011186,retained,True,string_to_float
11187,ecoli50_r011187,retained,True,string_to_float
11188,ecoli50_r011188,retained,True,string_to_float
11189,ecoli50_r011189,retained,True,string_to_float
11190,ecoli50_r011190,retained,True,string_to_float
11191,ecoli50_r011191,retained,True,string_to_float
11192,ecoli50_r011192,retained,True,string_to_float
11193,ecoli50_r011193,retained,True,string_to_float
11194,ecoli50_r011194,retained,True,string_to_float
11195,ecoli50_r011195,retained,True,string_to_float
11196,ecoli50_r011196,retained,True,string_to_float
11197,ecoli50_r011197,retained,True,string_to_float
11198,ecoli50_r011198,retained,True,string_to_float
11199,ecoli50_r011199,retained,True,string_to_float
11200,ecoli50_r011200,retained,True,string_to_float
11201,ecoli50_r011201,retained,True,string_to_float
11202,ecoli50_r011202,retained,True,string_to_float
11203,ecoli50_r011203,retained,True,string_to_float
11204,ecoli50_r011204,retained,True,string_to_float
11205,ecoli50_r011205,retained,True,string_to_float
11206,ecoli50_r011206,retained,True,string_to_float
11207,ecoli50_r011207,retained,True,string_to_float
11208,ecoli50_r011208,retained,True,string_to_float
11209,ecoli50_r011209,retained,True,string_to_float
11210,ecoli50_r011210,retained,True,string_to_float
11211,ecoli50_r011211,retained,True,string_to_float
11212,ecoli50_r011212,retained,True,string_to_float
11213,ecoli50_r011213,retained,True,string_to_float
11214,ecoli50_r011214,retained,True,string_to_float
11215,ecoli50_r011215,retained,True,string_to_float
11216,ecoli50_r011216,retained,True,string_to_float
11217,ecoli50_r011217,retained,True,string_to_float
11218,ecoli50_r011218,retained,True,string_to_float
11219,ecoli50_r011219,retained,True,string_to_float
11220,ecoli50_r011220,retained,True,string_to_float
11221,ecoli50_r011221,retained,True,string_to_float
11222,ecoli50_r011222,retained,True,string_to_float
11223,ecoli50_r011223,retained,True,string_to_float
11224,ecoli50_r011224,retained,True,string_to_float
11225,ecoli50_r011225,retained,True,string_to_float
11226,ecoli50_r011226,retained,True,string_to_float
11227,ecoli50_r011227,retained,True,string_to_float
11228,ecoli50_r011228,retained,True,string_to_float
11229,ecoli50_r011229,retained,True,string_to_float
11230,ecoli50_r011230,retained,True,string_to_float
11231,ecoli50_r011231,retained,True,string_to_float
11232,ecoli50_r011232,retained,True,string_to_float
11233,ecoli50_r011233,retained,True,string_to_float
11234,ecoli50_r011234,retained,True,string_to_float
11235,ecoli50_r011235,retained,True,string_to_float
11236,ecoli50_r011236,retained,True,string_to_float
11237,ecoli50_r011237,retained,True,string_to_float
11238,ecoli50_r011238,retained,True,string_to_float
11239,ecoli50_r011239,retained,True,string_to_float
11240,ecoli50_r011240,retained,True,string_to_float
11241,ecoli50_r011241,retained,True,string_to_float
11242,ecoli50_r011242,retained,True,string_to_float
11243,ecoli50_r011243,retained,True,string_to_float
11244,ecoli50_r011244,retained,True,string_to_float
11245,ecoli50_r011245,retained,True,string_to_float
11246,ecoli50_r011246,retained,True,string_to_float
11247,ecoli50_r011247,retained,True,string_to_float
11248,ecoli50_r011248,retained,True,string_to_float
11249,ecoli50_r011249,retained,True,string_to_float
11250,ecoli50_r011250,retained,True,string_to_float
11251,ecoli50_r011251,retained,True,string_to_float
11252,ecoli50_r011252,retained,True,string_to_float
11253,ecoli50_r011253,retained,True,string_to_float
11254,ecoli50_r011254,retained,True,string_to_float
11255,ecoli50_r011255,retained,True,string_to_float
11256,ecoli50_r011256,retained,True,string_to_float
11257,ecoli50_r011257,retained,True,string_to_float
11258,ecoli50_r011258,retained,True,string_to_float
11259,ecoli50_r011259,retained,True,string_to_float
11260,ecoli50_r011260,retained,True,string_to_float
11261,ecoli50_r011261,retained,True,string_to_float
11262,ecoli50_r011262,retained,True,string_to_float
11263,ecoli50_r011263,retained,True,string_to_float
11264,ecoli50_r011264,retained,True,string_to_float
11265,ecoli50_r011265,retained,True,string_to_float
11266,ecoli50_r011266,retained,True,string_to_float
11267,ecoli50_r011267,retained,True,string_to_float
11268,ecoli50_r011268,retained,True,string_to_float
11269,ecoli50_r011269,retained,True,string_to_float
11270,ecoli50_r011270,retained,True,string_to_float
11271,ecoli50_r011271,retained,True,string_to_float
11272,ecoli50_r011272,retained,True,string_to_float
11273,ecoli50_r011273,retained,True,string_to_float
11274,ecoli50_r011274,retained,True,string_to_float
11275,ecoli50_r011275,retained,True,string_to_float
11276,ecoli50_r011276,retained,True,string_to_float
11277,ecoli50_r011277,retained,True,string_to_float
11278,ecoli50_r011278,retained,True,string_to_float
11279,ecoli50_r011279,retained,True,string_to_float
11280,ecoli50_r011280,retained,True,string_to_float
11281,ecoli50_r011281,retained,True,string_to_float
11282,ecoli50_r011282,retained,True,string_to_float
11283,ecoli50_r011283,retained,True,string_to_float
11284,ecoli50_r011284,retained,True,string_to_float
11285,ecoli50_r011285,retained,True,string_to_float
11286,ecoli50_r011286,retained,True,string_to_float
11287,ecoli50_r011287,retained,True,string_to_float
11288,ecoli50_r011288,retained,True,string_to_float
11289,ecoli50_r011289,retained,True,string_to_float
11290,ecoli50_r011290,retained,True,string_to_float
11291,ecoli50_r011291,retained,True,string_to_float
11292,ecoli50_r011292,retained,True,string_to_float
11293,ecoli50_r011293,retained,True,string_to_float
11294,ecoli50_r011294,retained,True,string_to_float
11295,ecoli50_r011295,retained,True,string_to_float
11296,ecoli50_r011296,retained,True,string_to_float
11297,ecoli50_r011297,retained,True,string_to_float
11298,ecoli50_r011298,retained,True,string_to_float
11299,ecoli50_r011299,retained,True,string_to_float
11300,ecoli50_r011300,retained,True,string_to_float
11301,ecoli50_r011301,retained,True,string_to_float
11302,ecoli50_r011302,retained,True,string_to_float
11303,ecoli50_r011303,retained,True,string_to_float
11304,ecoli50_r011304,retained,True,string_to_float
11305,ecoli50_r011305,retained,True,string_to_float
11306,ecoli50_r011306,retained,True,string_to_float
11307,ecoli50_r011307,retained,True,string_to_float
11308,ecoli50_r011308,retained,True,string_to_float
11309,ecoli50_r011309,retained,True,string_to_float
11310,ecoli50_r011310,retained,True,string_to_float
11311,ecoli50_r011311,retained,True,string_to_float
11312,ecoli50_r011312,retained,True,string_to_float
11313,ecoli50_r011313,retained,True,string_to_float
11314,ecoli50_r011314,retained,True,string_to_float
11315,ecoli50_r011315,retained,True,string_to_float
11316,ecoli50_r011316,retained,True,string_to_float
11317,ecoli50_r011317,retained,True,string_to_float
11318,ecoli50_r011318,retained,True,string_to_float
11319,ecoli50_r011319,retained,True,string_to_float
11320,ecoli50_r011320,retained,True,string_to_float
11321,ecoli50_r011321,retained,True,string_to_float
11322,ecoli50_r011322,retained,True,string_to_float
11323,ecoli50_r011323,retained,True,string_to_float
11324,ecoli50_r011324,retained,True,string_to_float
11325,ecoli50_r011325,retained,True,string_to_float
11326,ecoli50_r011326,retained,True,string_to_float
11327,ecoli50_r011327,retained,True,string_to_float
11328,ecoli50_r011328,retained,True,string_to_float
11329,ecoli50_r011329,retained,True,string_to_float
11330,ecoli50_r011330,retained,True,string_to_float
11331,ecoli50_r011331,retained,True,string_to_float
11332,ecoli50_r011332,retained,True,string_to_float
11333,ecoli50_r011333,retained,True,string_to_float
11334,ecoli50_r011334,retained,True,string_to_float
11335,ecoli50_r011335,retained,True,string_to_float
11336,ecoli50_r011336,retained,True,string_to_float
11337,ecoli50_r011337,retained,True,string_to_float
11338,ecoli50_r011338,retained,True,string_to_float
11339,ecoli50_r011339,retained,True,string_to_float
11340,ecoli50_r011340,retained,True,string_to_float
11341,ecoli50_r011341,retained,True,string_to_float
11342,ecoli50_r011342,retained,True,string_to_float
11343,ecoli50_r011343,retained,True,string_to_float
11344,ecoli50_r011344,retained,True,string_to_float
11345,ecoli50_r011345,retained,True,string_to_float
11346,ecoli50_r011346,retained,True,string_to_float
11347,ecoli50_r011347,retained,True,string_to_float
11348,ecoli50_r011348,retained,True,string_to_float
11349,ecoli50_r011349,retained,True,string_to_float
11350,ecoli50_r011350,retained,True,string_to_float
11351,ecoli50_r011351,retained,True,string_to_float
11352,ecoli50_r011352,retained,True,string_to_float
11353,ecoli50_r011353,retained,True,string_to_float
11354,ecoli50_r011354,retained,True,string_to_float
11355,ecoli50_r011355,retained,True,string_to_float
11356,ecoli50_r011356,retained,True,string_to_float
11357,ecoli50_r011357,retained,True,string_to_float
11358,ecoli50_r011358,retained,True,string_to_float
11359,ecoli50_r011359,retained,True,string_to_float
11360,ecoli50_r011360,retained,True,string_to_float
11361,ecoli50_r011361,retained,True,string_to_float
11362,ecoli50_r011362,retained,True,string_to_float
11363,ecoli50_r011363,retained,True,string_to_float
11364,ecoli50_r011364,retained,True,string_to_float
11365,ecoli50_r011365,retained,True,string_to_float
11366,ecoli50_r011366,retained,True,string_to_float
11367,ecoli50_r011367,retained,True,string_to_float
11368,ecoli50_r011368,retained,True,string_to_float
11369,ecoli50_r011369,retained,True,string_to_float
11370,ecoli50_r011370,retained,True,string_to_float
11371,ecoli50_r011371,retained,True,string_to_float
11372,ecoli50_r011372,retained,True,string_to_float
11373,ecoli50_r011373,retained,True,string_to_float
11374,ecoli50_r011374,retained,True,string_to_float
11375,ecoli50_r011375,retained,True,string_to_float
11376,ecoli50_r011376,retained,True,string_to_float
11377,ecoli50_r011377,retained,True,string_to_float
11378,ecoli50_r011378,retained,True,string_to_float
11379,ecoli50_r011379,retained,True,string_to_float
11380,ecoli50_r011380,retained,True,string_to_float
11381,ecoli50_r011381,retained,True,string_to_float
11382,ecoli50_r011382,retained,True,string_to_float
11383,ecoli50_r011383,retained,True,string_to_float
11384,ecoli50_r011384,retained,True,string_to_float
11385,ecoli50_r011385,retained,True,string_to_float
11386,ecoli50_r011386,retained,True,string_to_float
11387,ecoli50_r011387,retained,True,string_to_float
11388,ecoli50_r011388,retained,True,string_to_float
11389,ecoli50_r011389,retained,True,string_to_float
11390,ecoli50_r011390,retained,True,string_to_float
11391,ecoli50_r011391,retained,True,string_to_float
11392,ecoli50_r011392,retained,True,string_to_float
11393,ecoli50_r011393,retained,True,string_to_float
11394,ecoli50_r011394,retained,True,string_to_float
11395,ecoli50_r011395,retained,True,string_to_float
11396,ecoli50_r011396,retained,True,string_to_float
11397,ecoli50_r011397,retained,True,string_to_float
11398,ecoli50_r011398,retained,True,string_to_float
11399,ecoli50_r011399,retained,True,string_to_float
11400,ecoli50_r011400,retained,True,string_to_float
11401,ecoli50_r011401,retained,True,string_to_float
11402,ecoli50_r011402,retained,True,string_to_float
11403,ecoli50_r011403,retained,True,string_to_float
11404,ecoli50_r011404,retained,True,string_to_float
11405,ecoli50_r011405,retained,True,string_to_float
11406,ecoli50_r011406,retained,True,string_to_float
11407,ecoli50_r011407,retained,True,string_to_float
11408,ecoli50_r011408,retained,True,string_to_float
11409,ecoli50_r011409,retained,True,string_to_float
11410,ecoli50_r011410,retained,True,string_to_float
11411,ecoli50_r011411,retained,True,string_to_float
11412,ecoli50_r011412,retained,True,string_to_float
11413,ecoli50_r011413,retained,True,string_to_float
11414,ecoli50_r011414,retained,True,string_to_float
11415,ecoli50_r011415,retained,True,string_to_float
11416,ecoli50_r011416,retained,True,string_to_float
11417,ecoli50_r011417,retained,True,string_to_float
11418,ecoli50_r011418,retained,True,string_to_float
11419,ecoli50_r011419,retained,True,string_to_float
11420,ecoli50_r011420,retained,True,string_to_float
11421,ecoli50_r011421,retained,True,string_to_float
11422,ecoli50_r011422,retained,True,string_to_float
11423,ecoli50_r011423,retained,True,string_to_float
11424,ecoli50_r011424,retained,True,string_to_float
11425,ecoli50_r011425,retained,True,string_to_float
11426,ecoli50_r011426,retained,True,string_to_float
11427,ecoli50_r011427,retained,True,string_to_float
11428,ecoli50_r011428,retained,True,string_to_float
11429,ecoli50_r011429,retained,True,string_to_float
11430,ecoli50_r011430,retained,True,string_to_float
11431,ecoli50_r011431,retained,True,string_to_float
11432,ecoli50_r011432,retained,True,string_to_float
11433,ecoli50_r011433,retained,True,string_to_float
11434,ecoli50_r011434,retained,True,string_to_float
11435,ecoli50_r011435,retained,True,string_to_float
11436,ecoli50_r011436,retained,True,string_to_float
11437,ecoli50_r011437,retained,True,string_to_float
11438,ecoli50_r011438,retained,True,string_to_float
11439,ecoli50_r011439,retained,True,string_to_float
11440,ecoli50_r011440,retained,True,string_to_float
11441,ecoli50_r011441,retained,True,string_to_float
11442,ecoli50_r011442,retained,True,string_to_float
11443,ecoli50_r011443,retained,True,string_to_float
11444,ecoli50_r011444,retained,True,string_to_float
11445,ecoli50_r011445,retained,True,string_to_float
11446,ecoli50_r011446,retained,True,string_to_float
11447,ecoli50_r011447,retained,True,string_to_float
11448,ecoli50_r011448,retained,True,string_to_float
11449,ecoli50_r011449,retained,True,string_to_float
11450,ecoli50_r011450,retained,True,string_to_float
11451,ecoli50_r011451,retained,True,string_to_float
11452,ecoli50_r011452,retained,True,string_to_float
11453,ecoli50_r011453,retained,True,string_to_float
11454,ecoli50_r011454,retained,True,string_to_float
11455,ecoli50_r011455,retained,True,string_to_float
11456,ecoli50_r011456,retained,True,string_to_float
11457,ecoli50_r011457,retained,True,string_to_float
11458,ecoli50_r011458,retained,True,string_to_float
11459,ecoli50_r011459,retained,True,string_to_float
11460,ecoli50_r011460,retained,True,string_to_float
11461,ecoli50_r011461,retained,True,string_to_float
11462,ecoli50_r011462,retained,True,string_to_float
11463,ecoli50_r011463,retained,True,string_to_float
11464,ecoli50_r011464,retained,True,string_to_float
11465,ecoli50_r011465,retained,True,string_to_float
11466,ecoli50_r011466,retained,True,string_to_float
11467,ecoli50_r011467,retained,True,string_to_float
11468,ecoli50_r011468,retained,True,string_to_float
11469,ecoli50_r011469,retained,True,string_to_float
11470,ecoli50_r011470,retained,True,string_to_float
11471,ecoli50_r011471,retained,True,string_to_float
11472,ecoli50_r011472,retained,True,string_to_float
11473,ecoli50_r011473,retained,True,string_to_float
11474,ecoli50_r011474,retained,True,string_to_float
11475,ecoli50_r011475,retained,True,string_to_float
11476,ecoli50_r011476,retained,True,string_to_float
11477,ecoli50_r011477,retained,True,string_to_float
11478,ecoli50_r011478,retained,True,string_to_float
11479,ecoli50_r011479,retained,True,string_to_float
11480,ecoli50_r011480,retained,True,string_to_float
11481,ecoli50_r011481,retained,True,string_to_float
11482,ecoli50_r011482,retained,True,string_to_float
11483,ecoli50_r011483,retained,True,string_to_float
11484,ecoli50_r011484,retained,True,string_to_float
11485,ecoli50_r011485,retained,True,string_to_float
11486,ecoli50_r011486,retained,True,string_to_float
11487,ecoli50_r011487,retained,True,string_to_float
11488,ecoli50_r011488,retained,True,string_to_float
11489,ecoli50_r011489,retained,True,string_to_float
11490,ecoli50_r011490,retained,True,string_to_float
11491,ecoli50_r011491,retained,True,string_to_float
11492,ecoli50_r011492,retained,True,string_to_float
11493,ecoli50_r011493,retained,True,string_to_float
11494,ecoli50_r011494,retained,True,string_to_float
11495,ecoli50_r011495,retained,True,string_to_float
11496,ecoli50_r011496,retained,True,string_to_float
11497,ecoli50_r011497,retained,True,string_to_float
11498,ecoli50_r011498,retained,True,string_to_float
11499,ecoli50_r011499,retained,True,string_to_float
11500,ecoli50_r011500,retained,True,string_to_float
11501,ecoli50_r011501,retained,True,string_to_float
11502,ecoli50_r011502,retained,True,string_to_float
11503,ecoli50_r011503,retained,True,string_to_float
11504,ecoli50_r011504,retained,True,string_to_float
11505,ecoli50_r011505,retained,True,string_to_float
11506,ecoli50_r011506,retained,True,string_to_float
11507,ecoli50_r011507,retained,True,string_to_float
11508,ecoli50_r011508,retained,True,string_to_float
11509,ecoli50_r011509,retained,True,string_to_float
11510,ecoli50_r011510,retained,True,string_to_float
11511,ecoli50_r011511,retained,True,string_to_float
11512,ecoli50_r011512,retained,True,string_to_float
11513,ecoli50_r011513,retained,True,string_to_float
11514,ecoli50_r011514,retained,True,string_to_float
11515,ecoli50_r011515,retained,True,string_to_float
11516,ecoli50_r011516,retained,True,string_to_float
11517,ecoli50_r011517,retained,True,string_to_float
11518,ecoli50_r011518,retained,True,string_to_float
11519,ecoli50_r011519,retained,True,string_to_float
11520,ecoli50_r011520,retained,True,string_to_float
11521,ecoli50_r011521,retained,True,string_to_float
11522,ecoli50_r011522,retained,True,string_to_float
11523,ecoli50_r011523,retained,True,string_to_float
11524,ecoli50_r011524,retained,True,string_to_float
11525,ecoli50_r011525,retained,True,string_to_float
11526,ecoli50_r011526,retained,True,string_to_float
11527,ecoli50_r011527,retained,True,string_to_float
11528,ecoli50_r011528,retained,True,string_to_float
11529,ecoli50_r011529,retained,True,string_to_float
11530,ecoli50_r011530,retained,True,string_to_float
11531,ecoli50_r011531,retained,True,string_to_float
11532,ecoli50_r011532,retained,True,string_to_float
11533,ecoli50_r011533,retained,True,string_to_float
11534,ecoli50_r011534,retained,True,string_to_float
11535,ecoli50_r011535,retained,True,string_to_float
11536,ecoli50_r011536,retained,True,string_to_float
11537,ecoli50_r011537,retained,True,string_to_float
11538,ecoli50_r011538,retained,True,string_to_float
11539,ecoli50_r011539,retained,True,string_to_float
11540,ecoli50_r011540,retained,True,string_to_float
11541,ecoli50_r011541,retained,True,string_to_float
11542,ecoli50_r011542,retained,True,string_to_float
11543,ecoli50_r011543,retained,True,string_to_float
11544,ecoli50_r011544,retained,True,string_to_float
11545,ecoli50_r011545,retained,True,string_to_float
11546,ecoli50_r011546,retained,True,string_to_float
11547,ecoli50_r011547,retained,True,string_to_float
11548,ecoli50_r011548,retained,True,string_to_float
11549,ecoli50_r011549,retained,True,string_to_float
11550,ecoli50_r011550,retained,True,string_to_float
11551,ecoli50_r011551,retained,True,string_to_float
11552,ecoli50_r011552,retained,True,string_to_float
11553,ecoli50_r011553,retained,True,string_to_float
11554,ecoli50_r011554,retained,True,string_to_float
11555,ecoli50_r011555,retained,True,string_to_float
11556,ecoli50_r011556,retained,True,string_to_float
11557,ecoli50_r011557,retained,True,string_to_float
11558,ecoli50_r011558,retained,True,string_to_float
11559,ecoli50_r011559,retained,True,string_to_float
11560,ecoli50_r011560,retained,True,string_to_float
11561,ecoli50_r011561,retained,True,string_to_float
11562,ecoli50_r011562,retained,True,string_to_float
11563,ecoli50_r011563,retained,True,string_to_float
11564,ecoli50_r011564,retained,True,string_to_float
11565,ecoli50_r011565,retained,True,string_to_float
11566,ecoli50_r011566,retained,True,string_to_float
11567,ecoli50_r011567,retained,True,string_to_float
11568,ecoli50_r011568,retained,True,string_to_float
11569,ecoli50_r011569,retained,True,string_to_float
11570,ecoli50_r011570,retained,True,string_to_float
11571,ecoli50_r011571,retained,True,string_to_float
11572,ecoli50_r011572,retained,True,string_to_float
11573,ecoli50_r011573,retained,True,string_to_float
11574,ecoli50_r011574,retained,True,string_to_float
11575,ecoli50_r011575,retained,True,string_to_float
11576,ecoli50_r011576,retained,True,string_to_float
11577,ecoli50_r011577,retained,True,string_to_float
11578,ecoli50_r011578,retained,True,string_to_float
11579,ecoli50_r011579,retained,True,string_to_float
11580,ecoli50_r011580,retained,True,string_to_float
11581,ecoli50_r011581,retained,True,string_to_float
11582,ecoli50_r011582,retained,True,string_to_float
11583,ecoli50_r011583,retained,True,string_to_float
11584,ecoli50_r011584,retained,True,string_to_float
11585,ecoli50_r011585,retained,True,string_to_float
11586,ecoli50_r011586,retained,True,string_to_float
11587,ecoli50_r011587,retained,True,string_to_float
11588,ecoli50_r011588,retained,True,string_to_float
11589,ecoli50_r011589,retained,True,string_to_float
11590,ecoli50_r011590,retained,True,string_to_float
11591,ecoli50_r011591,retained,True,string_to_float
11592,ecoli50_r011592,retained,True,string_to_float
11593,ecoli50_r011593,retained,True,string_to_float
11594,ecoli50_r011594,retained,True,string_to_float
11595,ecoli50_r011595,retained,True,string_to_float
11596,ecoli50_r011596,retained,True,string_to_float
11597,ecoli50_r011597,retained,True,string_to_float
11598,ecoli50_r011598,retained,True,string_to_float
11599,ecoli50_r011599,retained,True,string_to_float
11600,ecoli50_r011600,retained,True,string_to_float
11601,ecoli50_r011601,retained,True,string_to_float
11602,ecoli50_r011602,retained,True,string_to_float
11603,ecoli50_r011603,retained,True,string_to_float
11604,ecoli50_r011604,retained,True,string_to_float
11605,ecoli50_r011605,retained,True,string_to_float
11606,ecoli50_r011606,retained,True,string_to_float
11607,ecoli50_r011607,retained,True,string_to_float
11608,ecoli50_r011608,retained,True,string_to_float
11609,ecoli50_r011609,retained,True,string_to_float
11610,ecoli50_r011610,retained,True,string_to_float
11611,ecoli50_r011611,retained,True,string_to_float
11612,ecoli50_r011612,retained,True,string_to_float
11613,ecoli50_r011613,retained,True,string_to_float
11614,ecoli50_r011614,retained,True,string_to_float
11615,ecoli50_r011615,retained,True,string_to_float
11616,ecoli50_r011616,retained,True,string_to_float
11617,ecoli50_r011617,retained,True,string_to_float
11618,ecoli50_r011618,retained,True,string_to_float
11619,ecoli50_r011619,retained,True,string_to_float
11620,ecoli50_r011620,retained,True,string_to_float
11621,ecoli50_r011621,retained,True,string_to_float
11622,ecoli50_r011622,retained,True,string_to_float
11623,ecoli50_r011623,retained,True,string_to_float
11624,ecoli50_r011624,retained,True,string_to_float
11625,ecoli50_r011625,retained,True,string_to_float
11626,ecoli50_r011626,retained,True,string_to_float
11627,ecoli50_r011627,retained,True,string_to_float
11628,ecoli50_r011628,retained,True,string_to_float
11629,ecoli50_r011629,retained,True,string_to_float
11630,ecoli50_r011630,retained,True,string_to_float
11631,ecoli50_r011631,retained,True,string_to_float
11632,ecoli50_r011632,retained,True,string_to_float
11633,ecoli50_r011633,retained,True,string_to_float
11634,ecoli50_r011634,retained,True,string_to_float
11635,ecoli50_r011635,retained,True,string_to_float
11636,ecoli50_r011636,retained,True,string_to_float
11637,ecoli50_r011637,retained,True,string_to_float
11638,ecoli50_r011638,retained,True,string_to_float
11639,ecoli50_r011639,retained,True,string_to_float
11640,ecoli50_r011640,retained,True,string_to_float
11641,ecoli50_r011641,retained,True,string_to_float
11642,ecoli50_r011642,retained,True,string_to_float
11643,ecoli50_r011643,retained,True,string_to_float
11644,ecoli50_r011644,retained,True,string_to_float
11645,ecoli50_r011645,retained,True,string_to_float
11646,ecoli50_r011646,retained,True,string_to_float
11647,ecoli50_r011647,retained,True,string_to_float
11648,ecoli50_r011648,retained,True,string_to_float
11649,ecoli50_r011649,retained,True,string_to_float
11650,ecoli50_r011650,retained,True,string_to_float
11651,ecoli50_r011651,retained,True,string_to_float
11652,ecoli50_r011652,retained,True,string_to_float
11653,ecoli50_r011653,retained,True,string_to_float
11654,ecoli50_r011654,retained,True,string_to_float
11655,ecoli50_r011655,retained,True,string_to_float
11656,ecoli50_r011656,retained,True,string_to_float
11657,ecoli50_r011657,retained,True,string_to_float
11658,ecoli50_r011658,retained,True,string_to_float
11659,ecoli50_r011659,retained,True,string_to_float
11660,ecoli50_r011660,retained,True,string_to_float
11661,ecoli50_r011661,retained,True,string_to_float
11662,ecoli50_r011662,retained,True,string_to_float
11663,ecoli50_r011663,retained,True,string_to_float
11664,ecoli50_r011664,retained,True,string_to_float
11665,ecoli50_r011665,retained,True,string_to_float
11666,ecoli50_r011666,retained,True,string_to_float
11667,ecoli50_r011667,retained,True,string_to_float
11668,ecoli50_r011668,retained,True,string_to_float
11669,ecoli50_r011669,retained,True,string_to_float
11670,ecoli50_r011670,retained,True,string_to_float
11671,ecoli50_r011671,retained,True,string_to_float
11672,ecoli50_r011672,retained,True,string_to_float
11673,ecoli50_r011673,retained,True,string_to_float
11674,ecoli50_r011674,retained,True,string_to_float
11675,ecoli50_r011675,retained,True,string_to_float
11676,ecoli50_r011676,retained,True,string_to_float
11677,ecoli50_r011677,retained,True,string_to_float
11678,ecoli50_r011678,retained,True,string_to_float
11679,ecoli50_r011679,retained,True,string_to_float
11680,ecoli50_r011680,retained,True,string_to_float
11681,ecoli50_r011681,retained,True,string_to_float
11682,ecoli50_r011682,retained,True,string_to_float
11683,ecoli50_r011683,retained,True,string_to_float
11684,ecoli50_r011684,retained,True,string_to_float
11685,ecoli50_r011685,retained,True,string_to_float
11686,ecoli50_r011686,retained,True,string_to_float
11687,ecoli50_r011687,retained,True,string_to_float
11688,ecoli50_r011688,retained,True,string_to_float
11689,ecoli50_r011689,retained,True,string_to_float
11690,ecoli50_r011690,retained,True,string_to_float
11691,ecoli50_r011691,retained,True,string_to_float
11692,ecoli50_r011692,retained,True,string_to_float
11693,ecoli50_r011693,retained,True,string_to_float
11694,ecoli50_r011694,retained,True,string_to_float
11695,ecoli50_r011695,retained,True,string_to_float
11696,ecoli50_r011696,retained,True,string_to_float
11697,ecoli50_r011697,retained,True,string_to_float
11698,ecoli50_r011698,retained,True,string_to_float
11699,ecoli50_r011699,retained,True,string_to_float
11700,ecoli50_r011700,retained,True,string_to_float
11701,ecoli50_r011701,retained,True,string_to_float
11702,ecoli50_r011702,retained,True,string_to_float
11703,ecoli50_r011703,retained,True,string_to_float
11704,ecoli50_r011704,retained,True,string_to_float
11705,ecoli50_r011705,retained,True,string_to_float
11706,ecoli50_r011706,retained,True,string_to_float
11707,ecoli50_r011707,retained,True,string_to_float
11708,ecoli50_r011708,retained,True,string_to_float
11709,ecoli50_r011709,retained,True,string_to_float
11710,ecoli50_r011710,retained,True,string_to_float
11711,ecoli50_r011711,retained,True,string_to_float
11712,ecoli50_r011712,retained,True,string_to_float
11713,ecoli50_r011713,retained,True,string_to_float
11714,ecoli50_r011714,retained,True,string_to_float
11715,ecoli50_r011715,retained,True,string_to_float
11716,ecoli50_r011716,retained,True,string_to_float
11717,ecoli50_r011717,retained,True,string_to_float
11718,ecoli50_r011718,retained,True,string_to_float
11719,ecoli50_r011719,retained,True,string_to_float
11720,ecoli50_r011720,retained,True,string_to_float
11721,ecoli50_r011721,retained,True,string_to_float
11722,ecoli50_r011722,retained,True,string_to_float
11723,ecoli50_r011723,retained,True,string_to_float
11724,ecoli50_r011724,retained,True,string_to_float
11725,ecoli50_r011725,retained,True,string_to_float
11726,ecoli50_r011726,retained,True,string_to_float
11727,ecoli50_r011727,retained,True,string_to_float
11728,ecoli50_r011728,retained,True,string_to_float
11729,ecoli50_r011729,retained,True,string_to_float
11730,ecoli50_r011730,retained,True,string_to_float
11731,ecoli50_r011731,retained,True,string_to_float
11732,ecoli50_r011732,retained,True,string_to_float
11733,ecoli50_r011733,retained,True,string_to_float
11734,ecoli50_r011734,retained,True,string_to_float
11735,ecoli50_r011735,retained,True,string_to_float
11736,ecoli50_r011736,retained,True,string_to_float
11737,ecoli50_r011737,retained,True,string_to_float
11738,ecoli50_r011738,retained,True,string_to_float
11739,ecoli50_r011739,retained,True,string_to_float
11740,ecoli50_r011740,retained,True,string_to_float
11741,ecoli50_r011741,retained,True,string_to_float
11742,ecoli50_r011742,retained,True,string_to_float
11743,ecoli50_r011743,retained,True,string_to_float
11744,ecoli50_r011744,retained,True,string_to_float
11745,ecoli50_r011745,retained,True,string_to_float
11746,ecoli50_r011746,retained,True,string_to_float
11747,ecoli50_r011747,retained,True,string_to_float
11748,ecoli50_r011748,retained,True,string_to_float
11749,ecoli50_r011749,retained,True,string_to_float
11750,ecoli50_r011750,retained,True,string_to_float
11751,ecoli50_r011751,retained,True,string_to_float
11752,ecoli50_r011752,retained,True,string_to_float
11753,ecoli50_r011753,retained,True,string_to_float
11754,ecoli50_r011754,retained,True,string_to_float
11755,ecoli50_r011755,retained,True,string_to_float
11756,ecoli50_r011756,retained,True,string_to_float
11757,ecoli50_r011757,retained,True,string_to_float
11758,ecoli50_r011758,retained,True,string_to_float
11759,ecoli50_r011759,retained,True,string_to_float
11760,ecoli50_r011760,retained,True,string_to_float
11761,ecoli50_r011761,retained,True,string_to_float
11762,ecoli50_r011762,retained,True,string_to_float
11763,ecoli50_r011763,retained,True,string_to_float
11764,ecoli50_r011764,retained,True,string_to_float
11765,ecoli50_r011765,retained,True,string_to_float
11766,ecoli50_r011766,retained,True,string_to_float
11767,ecoli50_r011767,retained,True,string_to_float
11768,ecoli50_r011768,retained,True,string_to_float
11769,ecoli50_r011769,retained,True,string_to_float
11770,ecoli50_r011770,retained,True,string_to_float
11771,ecoli50_r011771,retained,True,string_to_float
11772,ecoli50_r011772,retained,True,string_to_float
11773,ecoli50_r011773,retained,True,string_to_float
11774,ecoli50_r011774,retained,True,string_to_float
11775,ecoli50_r011775,retained,True,string_to_float
11776,ecoli50_r011776,retained,True,string_to_float
11777,ecoli50_r011777,retained,True,string_to_float
11778,ecoli50_r011778,retained,True,string_to_float
11779,ecoli50_r011779,retained,True,string_to_float
11780,ecoli50_r011780,retained,True,string_to_float
11781,ecoli50_r011781,retained,True,string_to_float
11782,ecoli50_r011782,retained,True,string_to_float
11783,ecoli50_r011783,retained,True,string_to_float
11784,ecoli50_r011784,retained,True,string_to_float
11785,ecoli50_r011785,retained,True,string_to_float
11786,ecoli50_r011786,retained,True,string_to_float
11787,ecoli50_r011787,retained,True,string_to_float
11788,ecoli50_r011788,retained,True,string_to_float
11789,ecoli50_r011789,retained,True,string_to_float
11790,ecoli50_r011790,retained,True,string_to_float
11791,ecoli50_r011791,retained,True,string_to_float
11792,ecoli50_r011792,retained,True,string_to_float
11793,ecoli50_r011793,retained,True,string_to_float
11794,ecoli50_r011794,retained,True,string_to_float
11795,ecoli50_r011795,retained,True,string_to_float
11796,ecoli50_r011796,retained,True,string_to_float
11797,ecoli50_r011797,retained,True,string_to_float
11798,ecoli50_r011798,retained,True,string_to_float
11799,ecoli50_r011799,retained,True,string_to_float
11800,ecoli50_r011800,retained,True,string_to_float
11801,ecoli50_r011801,retained,True,string_to_float
11802,ecoli50_r011802,retained,True,string_to_float
11803,ecoli50_r011803,retained,True,string_to_float
11804,ecoli50_r011804,retained,True,string_to_float
11805,ecoli50_r011805,retained,True,string_to_float
11806,ecoli50_r011806,retained,True,string_to_float
11807,ecoli50_r011807,retained,True,string_to_float
11808,ecoli50_r011808,retained,True,string_to_float
11809,ecoli50_r011809,retained,True,string_to_float
11810,ecoli50_r011810,retained,True,string_to_float
11811,ecoli50_r011811,retained,True,string_to_float
11812,ecoli50_r011812,retained,True,string_to_float
11813,ecoli50_r011813,retained,True,string_to_float
11814,ecoli50_r011814,retained,True,string_to_float
11815,ecoli50_r011815,retained,True,string_to_float
11816,ecoli50_r011816,retained,True,string_to_float
11817,ecoli50_r011817,retained,True,string_to_float
11818,ecoli50_r011818,retained,True,string_to_float
11819,ecoli50_r011819,retained,True,string_to_float
11820,ecoli50_r011820,retained,True,string_to_float
11821,ecoli50_r011821,retained,True,string_to_float
11822,ecoli50_r011822,retained,True,string_to_float
11823,ecoli50_r011823,retained,True,string_to_float
11824,ecoli50_r011824,retained,True,string_to_float
11825,ecoli50_r011825,retained,True,string_to_float
11826,ecoli50_r011826,retained,True,string_to_float
11827,ecoli50_r011827,retained,True,string_to_float
11828,ecoli50_r011828,retained,True,string_to_float
11829,ecoli50_r011829,retained,True,string_to_float
11830,ecoli50_r011830,retained,True,string_to_float
11831,ecoli50_r011831,retained,True,string_to_float
11832,ecoli50_r011832,retained,True,string_to_float
11833,ecoli50_r011833,retained,True,string_to_float
11834,ecoli50_r011834,retained,True,string_to_float
11835,ecoli50_r011835,retained,True,string_to_float
11836,ecoli50_r011836,retained,True,string_to_float
11837,ecoli50_r011837,retained,True,string_to_float
11838,ecoli50_r011838,retained,True,string_to_float
11839,ecoli50_r011839,retained,True,string_to_float
11840,ecoli50_r011840,retained,True,string_to_float
11841,ecoli50_r011841,retained,True,string_to_float
11842,ecoli50_r011842,retained,True,string_to_float
11843,ecoli50_r011843,retained,True,string_to_float
11844,ecoli50_r011844,retained,True,string_to_float
11845,ecoli50_r011845,retained,True,string_to_float
11846,ecoli50_r011846,retained,True,string_to_float
11847,ecoli50_r011847,retained,True,string_to_float
11848,ecoli50_r011848,retained,True,string_to_float
11849,ecoli50_r011849,retained,True,string_to_float
11850,ecoli50_r011850,retained,True,string_to_float
11851,ecoli50_r011851,retained,True,string_to_float
11852,ecoli50_r011852,retained,True,string_to_float
11853,ecoli50_r011853,retained,True,string_to_float
11854,ecoli50_r011854,retained,True,string_to_float
11855,ecoli50_r011855,retained,True,string_to_float
11856,ecoli50_r011856,retained,True,string_to_float
11857,ecoli50_r011857,retained,True,string_to_float
11858,ecoli50_r011858,retained,True,string_to_float
11859,ecoli50_r011859,retained,True,string_to_float
11860,ecoli50_r011860,retained,True,string_to_float
11861,ecoli50_r011861,retained,True,string_to_float
11862,ecoli50_r011862,retained,True,string_to_float
11863,ecoli50_r011863,retained,True,string_to_float
11864,ecoli50_r011864,retained,True,string_to_float
11865,ecoli50_r011865,retained,True,string_to_float
11866,ecoli50_r011866,retained,True,string_to_float
11867,ecoli50_r011867,retained,True,string_to_float
11868,ecoli50_r011868,retained,True,string_to_float
11869,ecoli50_r011869,retained,True,string_to_float
11870,ecoli50_r011870,retained,True,string_to_float
11871,ecoli50_r011871,retained,True,string_to_float
11872,ecoli50_r011872,retained,True,string_to_float
11873,ecoli50_r011873,retained,True,string_to_float
11874,ecoli50_r011874,retained,True,string_to_float
11875,ecoli50_r011875,retained,True,string_to_float
11876,ecoli50_r011876,retained,True,string_to_float
11877,ecoli50_r011877,retained,True,string_to_float
11878,ecoli50_r011878,retained,True,string_to_float
11879,ecoli50_r011879,retained,True,string_to_float
11880,ecoli50_r011880,retained,True,string_to_float
11881,ecoli50_r011881,retained,True,string_to_float
11882,ecoli50_r011882,retained,True,string_to_float
11883,ecoli50_r011883,retained,True,string_to_float
11884,ecoli50_r011884,retained,True,string_to_float
