dataset_id,sample_id,true_value,predicted_value,predicted_value_log10,method_name,target_scale_model,model_checkpoint,predicted_tx_rate,thermo_mode,calibration_id,run_id,split_id,subset,seed,prediction_status,error_reason,predicted_value_normalized,label_transform_id,schema_version,data_version
course_ecoli50_strength,ecoli50_r000001,1951.41,246.9716467329453,2.392647097493568,knn_physchem_full,log10,runs/knn_physchem_integrated_20261002_v2/knn_model.joblib,,,,knn_physchem_integrated_20261002_v2,ecoli50_random_20260928_v1,val,20260928,ok,,,,2.0.0,ecoli50_strength_v1
course_ecoli50_strength,ecoli50_r000006,647.24,155.04068595800456,2.190445681192224,knn_physchem_full,log10,runs/knn_physchem_integrated_20261002_v2/knn_model.joblib,,,,knn_physchem_integrated_20261002_v2,ecoli50_random_20260928_v1,val,20260928,ok,,,,2.0.0,ecoli50_strength_v1
course_ecoli50_strength,ecoli50_r000010,139.7,182.98980117707796,2.262426885271705,knn_physchem_full,log10,runs/knn_physchem_integrated_20261002_v2/knn_model.joblib,,,,knn_physchem_integrated_20261002_v2,ecoli50_random_20260928_v1,val,20260928,ok,,,,2.0.0,ecoli50_strength_v1
course_ecoli50_strength,ecoli50_r000014,148.93,230.95160069364505,2.3635209766280654,knn_physchem_full,log10,runs/knn_physchem_integrated_20261002_v2/knn_model.joblib,,,,knn_physchem_integrated_20261002_v2,ecoli50_random_20260928_v1,val,20260928,ok,,,,2.0.0,ecoli50_strength_v1
course_ecoli50_strength,ecoli50_r000023,301.05,190.1536466004553,2.279104658347496,knn_physchem_full,log10,runs/knn_physchem_integrated_20261002_v2/knn_model.joblib,,,,knn_physchem_integrated_20261002_v2,ecoli50_random_20260928_v1,val,20260928,ok,,,,2.0.0,ecoli50_strength_v1
course_ecoli50_strength,ecoli50_r000030,902.01,240.87875306732235,2.3817984943422035,knn_physchem_full,log10,runs/knn_physchem_integrated_20261002_v2/knn_model.joblib,,,,knn_physchem_integrated_20261002_v2,ecoli50_random_20260928_v1,val,20260928,ok,,,,2.0.0,ecoli50_strength_v1
course_ecoli50_strength,ecoli50_r000031,194.53,180.8527005212688,2.2573249981002865,knn_physchem_full,log10,runs/knn_physchem_integrated_20261002_v2/knn_model.joblib,,,,knn_physchem_integrated_20261002_v2,ecoli50_random_20260928_v1,val,20260928,ok,,,,2.0.0,ecoli50_strength_v1
course_ecoli50_strength,ecoli50_r000034,144.32,161.44424740349297,2.2080225748073192,knn_physchem_full,log10,runs/knn_physchem_integrated_20261002_v2/knn_model.joblib,,,,knn_physchem_integrated_20261002_v2,ecoli50_random_20260928_v1,val,20260928,ok,,,,2.0.0,ecoli50_strength_v1
course_ecoli50_strength,ecoli50_r000042,945.77,146.9616458182714,2.1672040069735217,knn_physchem_full,log10,runs/knn_physchem_integrated_20261002_v2/knn_model.joblib,,,,knn_physchem_integrated_20261002_v2,ecoli50_random_20260928_v1,val,20260928,ok,,,,2.0.0,ecoli50_strength_v1
course_ecoli50_strength,ecoli50_r000044,417.52,162.97927332984045,2.212132377098254,knn_physchem_full,log10,runs/knn_physchem_integrated_20261002_v2/knn_model.joblib,,,,knn_physchem_integrated_20261002_v2,ecoli50_random_20260928_v1,val,20260928,ok,,,,2.0.0,ecoli50_strength_v1
course_ecoli50_strength,ecoli50_r000047,479.74,253.86044450613085,2.4045950361592414,knn_physchem_full,log10,runs/knn_physchem_integrated_20261002_v2/knn_model.joblib,,,,knn_physchem_integrated_20261002_v2,ecoli50_random_20260928_v1,val,20260928,ok,,,,2.0.0,ecoli50_strength_v1
course_ecoli50_strength,ecoli50_r000048,75.48,250.1360737955922,2.398176328758157,knn_physchem_full,log10,runs/knn_physchem_integrated_20261002_v2/knn_model.joblib,,,,knn_physchem_integrated_20261002_v2,ecoli50_random_20260928_v1,val,20260928,ok,,,,2.0.0,ecoli50_strength_v1
course_ecoli50_strength,ecoli50_r000055,756.59,199.06628521610543,2.298997712139592,knn_physchem_full,log10,runs/knn_physchem_integrated_20261002_v2/knn_model.joblib,,,,knn_physchem_integrated_20261002_v2,ecoli50_random_20260928_v1,val,20260928,ok,,,,2.0.0,ecoli50_strength_v1
course_ecoli50_strength,ecoli50_r000068,997.65,250.94312079505684,2.3995752946915307,knn_physchem_full,log10,runs/knn_physchem_integrated_20261002_v2/knn_model.joblib,,,,knn_physchem_integrated_20261002_v2,ecoli50_random_20260928_v1,val,20260928,ok,,,,2.0.0,ecoli50_strength_v1
course_ecoli50_strength,ecoli50_r000072,67.1,181.9168702036619,2.259872975570508,knn_physchem_full,log10,runs/knn_physchem_integrated_20261002_v2/knn_model.joblib,,,,knn_physchem_integrated_20261002_v2,ecoli50_random_20260928_v1,val,20260928,ok,,,,2.0.0,ecoli50_strength_v1
course_ecoli50_strength,ecoli50_r000093,76.63,153.0867409639624,2.184937577533354,knn_physchem_full,log10,runs/knn_physchem_integrated_20261002_v2/knn_model.joblib,,,,knn_physchem_integrated_20261002_v2,ecoli50_random_20260928_v1,val,20260928,ok,,,,2.0.0,ecoli50_strength_v1
course_ecoli50_strength,ecoli50_r000105,164.39,237.0224789921632,2.374789536049375,knn_physchem_full,log10,runs/knn_physchem_integrated_20261002_v2/knn_model.joblib,,,,knn_physchem_integrated_20261002_v2,ecoli50_random_20260928_v1,val,20260928,ok,,,,2.0.0,ecoli50_strength_v1
course_ecoli50_strength,ecoli50_r000113,87.23,177.19969801903983,2.248462977433784,knn_physchem_full,log10,runs/knn_physchem_integrated_20261002_v2/knn_model.joblib,,,,knn_physchem_integrated_20261002_v2,ecoli50_random_20260928_v1,val,20260928,ok,,,,2.0.0,ecoli50_strength_v1
course_ecoli50_strength,ecoli50_r000122,79.35,159.5375599266502,2.202862945377896,knn_physchem_full,log10,runs/knn_physchem_integrated_20261002_v2/knn_model.joblib,,,,knn_physchem_integrated_20261002_v2,ecoli50_random_20260928_v1,val,20260928,ok,,,,2.0.0,ecoli50_strength_v1
course_ecoli50_strength,ecoli50_r000137,82.44,148.00453809283874,2.1702750318710566,knn_physchem_full,log10,runs/knn_physchem_integrated_20261002_v2/knn_model.joblib,,,,knn_physchem_integrated_20261002_v2,ecoli50_random_20260928_v1,val,20260928,ok,,,,2.0.0,ecoli50_strength_v1
course_ecoli50_strength,ecoli50_r000141,937.49,201.89744272651777,2.3051308181175094,knn_physchem_full,log10,runs/knn_physchem_integrated_20261002_v2/knn_model.joblib,,,,knn_physchem_integrated_20261002_v2,ecoli50_random_20260928_v1,val,20260928,ok,,,,2.0.0,ecoli50_strength_v1
course_ecoli50_strength,ecoli50_r000146,43.61,263.4772084178312,2.4207430533759955,knn_physchem_full,log10,runs/knn_physchem_integrated_20261002_v2/knn_model.joblib,,,,knn_physchem_integrated_20261002_v2,ecoli50_random_20260928_v1,val,20260928,ok,,,,2.0.0,ecoli50_strength_v1
course_ecoli50_strength,ecoli50_r000149,138.7,242.32059401452003,2.384390324937345,knn_physchem_full,log10,runs/knn_physchem_integrated_20261002_v2/knn_model.joblib,,,,knn_physchem_integrated_20261002_v2,ecoli50_random_20260928_v1,val,20260928,ok,,,,2.0.0,ecoli50_strength_v1
course_ecoli50_strength,ecoli50_r000155,81.5,189.48674441962265,2.277578834215608,knn_physchem_full,log10,runs/knn_physchem_integrated_20261002_v2/knn_model.joblib,,,,knn_physchem_integrated_20261002_v2,ecoli50_random_20260928_v1,val,20260928,ok,,,,2.0.0,ecoli50_strength_v1
course_ecoli50_strength,ecoli50_r000162,24.15,193.83627275235423,2.287435050228458,knn_physchem_full,log10,runs/knn_physchem_integrated_20261002_v2/knn_model.joblib,,,,knn_physchem_integrated_20261002_v2,ecoli50_random_20260928_v1,val,20260928,ok,,,,2.0.0,ecoli50_strength_v1
course_ecoli50_strength,ecoli50_r000163,147.37,207.74727064286384,2.317535326788135,knn_physchem_full,log10,runs/knn_physchem_integrated_20261002_v2/knn_model.joblib,,,,knn_physchem_integrated_20261002_v2,ecoli50_random_20260928_v1,val,20260928,ok,,,,2.0.0,ecoli50_strength_v1
course_ecoli50_strength,ecoli50_r000175,283.34,180.4073995516143,2.256254346501543,knn_physchem_full,log10,runs/knn_physchem_integrated_20261002_v2/knn_model.joblib,,,,knn_physchem_integrated_20261002_v2,ecoli50_random_20260928_v1,val,20260928,ok,,,,2.0.0,ecoli50_strength_v1
course_ecoli50_strength,ecoli50_r000177,70.74,154.3062325814094,2.1883834680012475,knn_physchem_full,log10,runs/knn_physchem_integrated_20261002_v2/knn_model.joblib,,,,knn_physchem_integrated_20261002_v2,ecoli50_random_20260928_v1,val,20260928,ok,,,,2.0.0,ecoli50_strength_v1
course_ecoli50_strength,ecoli50_r000189,61.89,140.395080984036,2.1473518917046563,knn_physchem_full,log10,runs/knn_physchem_integrated_20261002_v2/knn_model.joblib,,,,knn_physchem_integrated_20261002_v2,ecoli50_random_20260928_v1,val,20260928,ok,,,,2.0.0,ecoli50_strength_v1
course_ecoli50_strength,ecoli50_r000190,52.01,148.9904537551943,2.173158442813224,knn_physchem_full,log10,runs/knn_physchem_integrated_20261002_v2/knn_model.joblib,,,,knn_physchem_integrated_20261002_v2,ecoli50_random_20260928_v1,val,20260928,ok,,,,2.0.0,ecoli50_strength_v1
course_ecoli50_strength,ecoli50_r000191,204.46,160.94828937003422,2.2066863651713517,knn_physchem_full,log10,runs/knn_physchem_integrated_20261002_v2/knn_model.joblib,,,,knn_physchem_integrated_20261002_v2,ecoli50_random_20260928_v1,val,20260928,ok,,,,2.0.0,ecoli50_strength_v1
course_ecoli50_strength,ecoli50_r000196,36.08,179.26027914664968,2.253484068377069,knn_physchem_full,log10,runs/knn_physchem_integrated_20261002_v2/knn_model.joblib,,,,knn_physchem_integrated_20261002_v2,ecoli50_random_20260928_v1,val,20260928,ok,,,,2.0.0,ecoli50_strength_v1
course_ecoli50_strength,ecoli50_r000200,75.16,205.1780993248364,2.3121310023950663,knn_physchem_full,log10,runs/knn_physchem_integrated_20261002_v2/knn_model.joblib,,,,knn_physchem_integrated_20261002_v2,ecoli50_random_20260928_v1,val,20260928,ok,,,,2.0.0,ecoli50_strength_v1
course_ecoli50_strength,ecoli50_r000222,674.33,162.35027642643757,2.210453032416128,knn_physchem_full,log10,runs/knn_physchem_integrated_20261002_v2/knn_model.joblib,,,,knn_physchem_integrated_20261002_v2,ecoli50_random_20260928_v1,val,20260928,ok,,,,2.0.0,ecoli50_strength_v1
course_ecoli50_strength,ecoli50_r000234,72.16,232.6700607416581,2.3667405032213584,knn_physchem_full,log10,runs/knn_physchem_integrated_20261002_v2/knn_model.joblib,,,,knn_physchem_integrated_20261002_v2,ecoli50_random_20260928_v1,val,20260928,ok,,,,2.0.0,ecoli50_strength_v1
course_ecoli50_strength,ecoli50_r000236,38.6,150.52924079480402,2.1776208712410097,knn_physchem_full,log10,runs/knn_physchem_integrated_20261002_v2/knn_model.joblib,,,,knn_physchem_integrated_20261002_v2,ecoli50_random_20260928_v1,val,20260928,ok,,,,2.0.0,ecoli50_strength_v1
course_ecoli50_strength,ecoli50_r000251,397.91,188.7448863990283,2.275875194268017,knn_physchem_full,log10,runs/knn_physchem_integrated_20261002_v2/knn_model.joblib,,,,knn_physchem_integrated_20261002_v2,ecoli50_random_20260928_v1,val,20260928,ok,,,,2.0.0,ecoli50_strength_v1
course_ecoli50_strength,ecoli50_r000262,9429.18,225.870844271273,2.3538601751908703,knn_physchem_full,log10,runs/knn_physchem_integrated_20261002_v2/knn_model.joblib,,,,knn_physchem_integrated_20261002_v2,ecoli50_random_20260928_v1,val,20260928,ok,,,,2.0.0,ecoli50_strength_v1
course_ecoli50_strength,ecoli50_r000266,25.05,252.0990026316356,2.4015711274993974,knn_physchem_full,log10,runs/knn_physchem_integrated_20261002_v2/knn_model.joblib,,,,knn_physchem_integrated_20261002_v2,ecoli50_random_20260928_v1,val,20260928,ok,,,,2.0.0,ecoli50_strength_v1
course_ecoli50_strength,ecoli50_r000268,127.88,198.3130819838158,2.297351363958141,knn_physchem_full,log10,runs/knn_physchem_integrated_20261002_v2/knn_model.joblib,,,,knn_physchem_integrated_20261002_v2,ecoli50_random_20260928_v1,val,20260928,ok,,,,2.0.0,ecoli50_strength_v1
course_ecoli50_strength,ecoli50_r000290,474.71,181.83868196892,2.259686274808316,knn_physchem_full,log10,runs/knn_physchem_integrated_20261002_v2/knn_model.joblib,,,,knn_physchem_integrated_20261002_v2,ecoli50_random_20260928_v1,val,20260928,ok,,,,2.0.0,ecoli50_strength_v1
course_ecoli50_strength,ecoli50_r000313,145.9,191.93000582197277,2.2831428764770583,knn_physchem_full,log10,runs/knn_physchem_integrated_20261002_v2/knn_model.joblib,,,,knn_physchem_integrated_20261002_v2,ecoli50_random_20260928_v1,val,20260928,ok,,,,2.0.0,ecoli50_strength_v1
course_ecoli50_strength,ecoli50_r000314,110.53,209.29913080149203,2.320767424760571,knn_physchem_full,log10,runs/knn_physchem_integrated_20261002_v2/knn_model.joblib,,,,knn_physchem_integrated_20261002_v2,ecoli50_random_20260928_v1,val,20260928,ok,,,,2.0.0,ecoli50_strength_v1
course_ecoli50_strength,ecoli50_r000316,91.37,189.04028169049545,2.276554355770613,knn_physchem_full,log10,runs/knn_physchem_integrated_20261002_v2/knn_model.joblib,,,,knn_physchem_integrated_20261002_v2,ecoli50_random_20260928_v1,val,20260928,ok,,,,2.0.0,ecoli50_strength_v1
course_ecoli50_strength,ecoli50_r000319,6811.5,217.6833720862806,2.3378252563861865,knn_physchem_full,log10,runs/knn_physchem_integrated_20261002_v2/knn_model.joblib,,,,knn_physchem_integrated_20261002_v2,ecoli50_random_20260928_v1,val,20260928,ok,,,,2.0.0,ecoli50_strength_v1
course_ecoli50_strength,ecoli50_r000323,47.95,236.7912977381773,2.3743657376888225,knn_physchem_full,log10,runs/knn_physchem_integrated_20261002_v2/knn_model.joblib,,,,knn_physchem_integrated_20261002_v2,ecoli50_random_20260928_v1,val,20260928,ok,,,,2.0.0,ecoli50_strength_v1
course_ecoli50_strength,ecoli50_r000327,160.14,222.23712172651463,2.3468166037247733,knn_physchem_full,log10,runs/knn_physchem_integrated_20261002_v2/knn_model.joblib,,,,knn_physchem_integrated_20261002_v2,ecoli50_random_20260928_v1,val,20260928,ok,,,,2.0.0,ecoli50_strength_v1
course_ecoli50_strength,ecoli50_r000336,143.24,186.0449585077297,2.269617905897789,knn_physchem_full,log10,runs/knn_physchem_integrated_20261002_v2/knn_model.joblib,,,,knn_physchem_integrated_20261002_v2,ecoli50_random_20260928_v1,val,20260928,ok,,,,2.0.0,ecoli50_strength_v1
course_ecoli50_strength,ecoli50_r000342,251.11,156.27786127057382,2.193897459087532,knn_physchem_full,log10,runs/knn_physchem_integrated_20261002_v2/knn_model.joblib,,,,knn_physchem_integrated_20261002_v2,ecoli50_random_20260928_v1,val,20260928,ok,,,,2.0.0,ecoli50_strength_v1
course_ecoli50_strength,ecoli50_r000346,52.01,257.77605922583444,2.4112425800890644,knn_physchem_full,log10,runs/knn_physchem_integrated_20261002_v2/knn_model.joblib,,,,knn_physchem_integrated_20261002_v2,ecoli50_random_20260928_v1,val,20260928,ok,,,,2.0.0,ecoli50_strength_v1
course_ecoli50_strength,ecoli50_r000355,496.52,197.10533183495417,2.294698372403135,knn_physchem_full,log10,runs/knn_physchem_integrated_20261002_v2/knn_model.joblib,,,,knn_physchem_integrated_20261002_v2,ecoli50_random_20260928_v1,val,20260928,ok,,,,2.0.0,ecoli50_strength_v1
course_ecoli50_strength,ecoli50_r000366,37.15,180.26642603418912,2.2559148484870666,knn_physchem_full,log10,runs/knn_physchem_integrated_20261002_v2/knn_model.joblib,,,,knn_physchem_integrated_20261002_v2,ecoli50_random_20260928_v1,val,20260928,ok,,,,2.0.0,ecoli50_strength_v1
course_ecoli50_strength,ecoli50_r000367,210.09,238.0011198118764,2.3765790004471614,knn_physchem_full,log10,runs/knn_physchem_integrated_20261002_v2/knn_model.joblib,,,,knn_physchem_integrated_20261002_v2,ecoli50_random_20260928_v1,val,20260928,ok,,,,2.0.0,ecoli50_strength_v1
course_ecoli50_strength,ecoli50_r000370,322.72,214.46226173300943,2.331350881774669,knn_physchem_full,log10,runs/knn_physchem_integrated_20261002_v2/knn_model.joblib,,,,knn_physchem_integrated_20261002_v2,ecoli50_random_20260928_v1,val,20260928,ok,,,,2.0.0,ecoli50_strength_v1
course_ecoli50_strength,ecoli50_r000382,53.68,209.73541629191268,2.3216717723892075,knn_physchem_full,log10,runs/knn_physchem_integrated_20261002_v2/knn_model.joblib,,,,knn_physchem_integrated_20261002_v2,ecoli50_random_20260928_v1,val,20260928,ok,,,,2.0.0,ecoli50_strength_v1
course_ecoli50_strength,ecoli50_r000386,173.75,217.3317743308233,2.337123225665866,knn_physchem_full,log10,runs/knn_physchem_integrated_20261002_v2/knn_model.joblib,,,,knn_physchem_integrated_20261002_v2,ecoli50_random_20260928_v1,val,20260928,ok,,,,2.0.0,ecoli50_strength_v1
course_ecoli50_strength,ecoli50_r000387,173.75,172.6446547240418,2.237153136639777,knn_physchem_full,log10,runs/knn_physchem_integrated_20261002_v2/knn_model.joblib,,,,knn_physchem_integrated_20261002_v2,ecoli50_random_20260928_v1,val,20260928,ok,,,,2.0.0,ecoli50_strength_v1
course_ecoli50_strength,ecoli50_r000395,238.74,160.10749792758588,2.204411670659635,knn_physchem_full,log10,runs/knn_physchem_integrated_20261002_v2/knn_model.joblib,,,,knn_physchem_integrated_20261002_v2,ecoli50_random_20260928_v1,val,20260928,ok,,,,2.0.0,ecoli50_strength_v1
course_ecoli50_strength,ecoli50_r000396,460.68,148.2219673176002,2.170912573264224,knn_physchem_full,log10,runs/knn_physchem_integrated_20261002_v2/knn_model.joblib,,,,knn_physchem_integrated_20261002_v2,ecoli50_random_20260928_v1,val,20260928,ok,,,,2.0.0,ecoli50_strength_v1
course_ecoli50_strength,ecoli50_r000415,1125.6,150.30688115157184,2.1769788633397305,knn_physchem_full,log10,runs/knn_physchem_integrated_20261002_v2/knn_model.joblib,,,,knn_physchem_integrated_20261002_v2,ecoli50_random_20260928_v1,val,20260928,ok,,,,2.0.0,ecoli50_strength_v1
course_ecoli50_strength,ecoli50_r000435,32.52,239.70952864460068,2.379685297928188,knn_physchem_full,log10,runs/knn_physchem_integrated_20261002_v2/knn_model.joblib,,,,knn_physchem_integrated_20261002_v2,ecoli50_random_20260928_v1,val,20260928,ok,,,,2.0.0,ecoli50_strength_v1
course_ecoli50_strength,ecoli50_r000439,1840.1,234.48221851064997,2.3701099144476743,knn_physchem_full,log10,runs/knn_physchem_integrated_20261002_v2/knn_model.joblib,,,,knn_physchem_integrated_20261002_v2,ecoli50_random_20260928_v1,val,20260928,ok,,,,2.0.0,ecoli50_strength_v1
course_ecoli50_strength,ecoli50_r000443,124.99,156.3440358835267,2.194081318695181,knn_physchem_full,log10,runs/knn_physchem_integrated_20261002_v2/knn_model.joblib,,,,knn_physchem_integrated_20261002_v2,ecoli50_random_20260928_v1,val,20260928,ok,,,,2.0.0,ecoli50_strength_v1
course_ecoli50_strength,ecoli50_r000446,380.29,154.3672129376642,2.1885550631478656,knn_physchem_full,log10,runs/knn_physchem_integrated_20261002_v2/knn_model.joblib,,,,knn_physchem_integrated_20261002_v2,ecoli50_random_20260928_v1,val,20260928,ok,,,,2.0.0,ecoli50_strength_v1
course_ecoli50_strength,ecoli50_r000449,144.32,169.47097506347205,2.229095328207788,knn_physchem_full,log10,runs/knn_physchem_integrated_20261002_v2/knn_model.joblib,,,,knn_physchem_integrated_20261002_v2,ecoli50_random_20260928_v1,val,20260928,ok,,,,2.0.0,ecoli50_strength_v1
course_ecoli50_strength,ecoli50_r000452,117.03,208.45135689012648,2.319004726461484,knn_physchem_full,log10,runs/knn_physchem_integrated_20261002_v2/knn_model.joblib,,,,knn_physchem_integrated_20261002_v2,ecoli50_random_20260928_v1,val,20260928,ok,,,,2.0.0,ecoli50_strength_v1
course_ecoli50_strength,ecoli50_r000454,297.22,165.4759030827209,2.218734759923542,knn_physchem_full,log10,runs/knn_physchem_integrated_20261002_v2/knn_model.joblib,,,,knn_physchem_integrated_20261002_v2,ecoli50_random_20260928_v1,val,20260928,ok,,,,2.0.0,ecoli50_strength_v1
course_ecoli50_strength,ecoli50_r000465,60.13,214.16574062001496,2.3307499994105787,knn_physchem_full,log10,runs/knn_physchem_integrated_20261002_v2/knn_model.joblib,,,,knn_physchem_integrated_20261002_v2,ecoli50_random_20260928_v1,val,20260928,ok,,,,2.0.0,ecoli50_strength_v1
course_ecoli50_strength,ecoli50_r000475,69.27,149.2724141785068,2.1739795567070583,knn_physchem_full,log10,runs/knn_physchem_integrated_20261002_v2/knn_model.joblib,,,,knn_physchem_integrated_20261002_v2,ecoli50_random_20260928_v1,val,20260928,ok,,,,2.0.0,ecoli50_strength_v1
course_ecoli50_strength,ecoli50_r000486,120.77,196.3771559683512,2.293090966068492,knn_physchem_full,log10,runs/knn_physchem_integrated_20261002_v2/knn_model.joblib,,,,knn_physchem_integrated_20261002_v2,ecoli50_random_20260928_v1,val,20260928,ok,,,,2.0.0,ecoli50_strength_v1
course_ecoli50_strength,ecoli50_r000487,73.69,178.78128066775074,2.252322043943696,knn_physchem_full,log10,runs/knn_physchem_integrated_20261002_v2/knn_model.joblib,,,,knn_physchem_integrated_20261002_v2,ecoli50_random_20260928_v1,val,20260928,ok,,,,2.0.0,ecoli50_strength_v1
course_ecoli50_strength,ecoli50_r000490,228.51,155.82407089283026,2.1926345460737755,knn_physchem_full,log10,runs/knn_physchem_integrated_20261002_v2/knn_model.joblib,,,,knn_physchem_integrated_20261002_v2,ecoli50_random_20260928_v1,val,20260928,ok,,,,2.0.0,ecoli50_strength_v1
course_ecoli50_strength,ecoli50_r000497,445.06,201.1324789737313,2.303482206350752,knn_physchem_full,log10,runs/knn_physchem_integrated_20261002_v2/knn_model.joblib,,,,knn_physchem_integrated_20261002_v2,ecoli50_random_20260928_v1,val,20260928,ok,,,,2.0.0,ecoli50_strength_v1
course_ecoli50_strength,ecoli50_r000501,116.41,215.51049703833175,2.333468428532933,knn_physchem_full,log10,runs/knn_physchem_integrated_20261002_v2/knn_model.joblib,,,,knn_physchem_integrated_20261002_v2,ecoli50_random_20260928_v1,val,20260928,ok,,,,2.0.0,ecoli50_strength_v1
course_ecoli50_strength,ecoli50_r000506,2511.21,178.6853367188734,2.252088914881885,knn_physchem_full,log10,runs/knn_physchem_integrated_20261002_v2/knn_model.joblib,,,,knn_physchem_integrated_20261002_v2,ecoli50_random_20260928_v1,val,20260928,ok,,,,2.0.0,ecoli50_strength_v1
course_ecoli50_strength,ecoli50_r000507,58.95,152.72405975212797,2.183907460072049,knn_physchem_full,log10,runs/knn_physchem_integrated_20261002_v2/knn_model.joblib,,,,knn_physchem_integrated_20261002_v2,ecoli50_random_20260928_v1,val,20260928,ok,,,,2.0.0,ecoli50_strength_v1
course_ecoli50_strength,ecoli50_r000517,73.69,222.6167036246377,2.347557747688919,knn_physchem_full,log10,runs/knn_physchem_integrated_20261002_v2/knn_model.joblib,,,,knn_physchem_integrated_20261002_v2,ecoli50_random_20260928_v1,val,20260928,ok,,,,2.0.0,ecoli50_strength_v1
course_ecoli50_strength,ecoli50_r000520,216.48,159.23376214892085,2.2020351561177587,knn_physchem_full,log10,runs/knn_physchem_integrated_20261002_v2/knn_model.joblib,,,,knn_physchem_integrated_20261002_v2,ecoli50_random_20260928_v1,val,20260928,ok,,,,2.0.0,ecoli50_strength_v1
course_ecoli50_strength,ecoli50_r000527,85.55,208.9682327177212,2.320080269823952,knn_physchem_full,log10,runs/knn_physchem_integrated_20261002_v2/knn_model.joblib,,,,knn_physchem_integrated_20261002_v2,ecoli50_random_20260928_v1,val,20260928,ok,,,,2.0.0,ecoli50_strength_v1
course_ecoli50_strength,ecoli50_r000530,91.37,201.34641890123663,2.3039439097554064,knn_physchem_full,log10,runs/knn_physchem_integrated_20261002_v2/knn_model.joblib,,,,knn_physchem_integrated_20261002_v2,ecoli50_random_20260928_v1,val,20260928,ok,,,,2.0.0,ecoli50_strength_v1
course_ecoli50_strength,ecoli50_r000536,147.37,173.89292976353966,2.2402819245725687,knn_physchem_full,log10,runs/knn_physchem_integrated_20261002_v2/knn_model.joblib,,,,knn_physchem_integrated_20261002_v2,ecoli50_random_20260928_v1,val,20260928,ok,,,,2.0.0,ecoli50_strength_v1
course_ecoli50_strength,ecoli50_r000546,1173.23,180.49498202314908,2.2564651325023437,knn_physchem_full,log10,runs/knn_physchem_integrated_20261002_v2/knn_model.joblib,,,,knn_physchem_integrated_20261002_v2,ecoli50_random_20260928_v1,val,20260928,ok,,,,2.0.0,ecoli50_strength_v1
course_ecoli50_strength,ecoli50_r000553,154.24,144.9118119568051,2.161103786841665,knn_physchem_full,log10,runs/knn_physchem_integrated_20261002_v2/knn_model.joblib,,,,knn_physchem_integrated_20261002_v2,ecoli50_random_20260928_v1,val,20260928,ok,,,,2.0.0,ecoli50_strength_v1
course_ecoli50_strength,ecoli50_r000556,38.6,194.16770326669223,2.288176993545618,knn_physchem_full,log10,runs/knn_physchem_integrated_20261002_v2/knn_model.joblib,,,,knn_physchem_integrated_20261002_v2,ecoli50_random_20260928_v1,val,20260928,ok,,,,2.0.0,ecoli50_strength_v1
course_ecoli50_strength,ecoli50_r000557,38.58,156.2820434196952,2.1939090810790844,knn_physchem_full,log10,runs/knn_physchem_integrated_20261002_v2/knn_model.joblib,,,,knn_physchem_integrated_20261002_v2,ecoli50_random_20260928_v1,val,20260928,ok,,,,2.0.0,ecoli50_strength_v1
course_ecoli50_strength,ecoli50_r000558,52.54,198.1512522424598,2.296996821259014,knn_physchem_full,log10,runs/knn_physchem_integrated_20261002_v2/knn_model.joblib,,,,knn_physchem_integrated_20261002_v2,ecoli50_random_20260928_v1,val,20260928,ok,,,,2.0.0,ecoli50_strength_v1
course_ecoli50_strength,ecoli50_r000563,35.29,193.79087724019044,2.287333328661605,knn_physchem_full,log10,runs/knn_physchem_integrated_20261002_v2/knn_model.joblib,,,,knn_physchem_integrated_20261002_v2,ecoli50_random_20260928_v1,val,20260928,ok,,,,2.0.0,ecoli50_strength_v1
course_ecoli50_strength,ecoli50_r000567,279.41,227.62918225029463,2.357227938205674,knn_physchem_full,log10,runs/knn_physchem_integrated_20261002_v2/knn_model.joblib,,,,knn_physchem_integrated_20261002_v2,ecoli50_random_20260928_v1,val,20260928,ok,,,,2.0.0,ecoli50_strength_v1
course_ecoli50_strength,ecoli50_r000572,197.65,156.1649520055463,2.193583572060478,knn_physchem_full,log10,runs/knn_physchem_integrated_20261002_v2/knn_model.joblib,,,,knn_physchem_integrated_20261002_v2,ecoli50_random_20260928_v1,val,20260928,ok,,,,2.0.0,ecoli50_strength_v1
course_ecoli50_strength,ecoli50_r000581,100.31,157.175932612224,2.196386045940571,knn_physchem_full,log10,runs/knn_physchem_integrated_20261002_v2/knn_model.joblib,,,,knn_physchem_integrated_20261002_v2,ecoli50_random_20260928_v1,val,20260928,ok,,,,2.0.0,ecoli50_strength_v1
course_ecoli50_strength,ecoli50_r000582,127.06,237.28609906984428,2.375272296691456,knn_physchem_full,log10,runs/knn_physchem_integrated_20261002_v2/knn_model.joblib,,,,knn_physchem_integrated_20261002_v2,ecoli50_random_20260928_v1,val,20260928,ok,,,,2.0.0,ecoli50_strength_v1
course_ecoli50_strength,ecoli50_r000591,72.16,226.801455207594,2.3556458367579087,knn_physchem_full,log10,runs/knn_physchem_integrated_20261002_v2/knn_model.joblib,,,,knn_physchem_integrated_20261002_v2,ecoli50_random_20260928_v1,val,20260928,ok,,,,2.0.0,ecoli50_strength_v1
course_ecoli50_strength,ecoli50_r000601,102.17,192.5354499173065,2.2845107041616264,knn_physchem_full,log10,runs/knn_physchem_integrated_20261002_v2/knn_model.joblib,,,,knn_physchem_integrated_20261002_v2,ecoli50_random_20260928_v1,val,20260928,ok,,,,2.0.0,ecoli50_strength_v1
course_ecoli50_strength,ecoli50_r000605,90.42,151.66444960157403,2.180883793369274,knn_physchem_full,log10,runs/knn_physchem_integrated_20261002_v2/knn_model.joblib,,,,knn_physchem_integrated_20261002_v2,ecoli50_random_20260928_v1,val,20260928,ok,,,,2.0.0,ecoli50_strength_v1
course_ecoli50_strength,ecoli50_r000606,129.69,159.60376003486212,2.203043118488126,knn_physchem_full,log10,runs/knn_physchem_integrated_20261002_v2/knn_model.joblib,,,,knn_physchem_integrated_20261002_v2,ecoli50_random_20260928_v1,val,20260928,ok,,,,2.0.0,ecoli50_strength_v1
course_ecoli50_strength,ecoli50_r000610,36.9,281.2887127061103,2.449152305546636,knn_physchem_full,log10,runs/knn_physchem_integrated_20261002_v2/knn_model.joblib,,,,knn_physchem_integrated_20261002_v2,ecoli50_random_20260928_v1,val,20260928,ok,,,,2.0.0,ecoli50_strength_v1
course_ecoli50_strength,ecoli50_r000613,451.79,245.5995392905193,2.390227547795788,knn_physchem_full,log10,runs/knn_physchem_integrated_20261002_v2/knn_model.joblib,,,,knn_physchem_integrated_20261002_v2,ecoli50_random_20260928_v1,val,20260928,ok,,,,2.0.0,ecoli50_strength_v1
course_ecoli50_strength,ecoli50_r000619,98.97,165.4718351134349,2.218724083333799,knn_physchem_full,log10,runs/knn_physchem_integrated_20261002_v2/knn_model.joblib,,,,knn_physchem_integrated_20261002_v2,ecoli50_random_20260928_v1,val,20260928,ok,,,,2.0.0,ecoli50_strength_v1
course_ecoli50_strength,ecoli50_r000628,122.55,155.93108860128805,2.192932710839678,knn_physchem_full,log10,runs/knn_physchem_integrated_20261002_v2/knn_model.joblib,,,,knn_physchem_integrated_20261002_v2,ecoli50_random_20260928_v1,val,20260928,ok,,,,2.0.0,ecoli50_strength_v1
course_ecoli50_strength,ecoli50_r000629,87.92,183.58400485862265,2.2638348396961208,knn_physchem_full,log10,runs/knn_physchem_integrated_20261002_v2/knn_model.joblib,,,,knn_physchem_integrated_20261002_v2,ecoli50_random_20260928_v1,val,20260928,ok,,,,2.0.0,ecoli50_strength_v1
course_ecoli50_strength,ecoli50_r000631,1040.0,235.3015645673489,2.3716248148968337,knn_physchem_full,log10,runs/knn_physchem_integrated_20261002_v2/knn_model.joblib,,,,knn_physchem_integrated_20261002_v2,ecoli50_random_20260928_v1,val,20260928,ok,,,,2.0.0,ecoli50_strength_v1
course_ecoli50_strength,ecoli50_r000638,45.21,154.69459354786932,2.189475135720332,knn_physchem_full,log10,runs/knn_physchem_integrated_20261002_v2/knn_model.joblib,,,,knn_physchem_integrated_20261002_v2,ecoli50_random_20260928_v1,val,20260928,ok,,,,2.0.0,ecoli50_strength_v1
course_ecoli50_strength,ecoli50_r000649,56.0,174.13105767883152,2.240876237950203,knn_physchem_full,log10,runs/knn_physchem_integrated_20261002_v2/knn_model.joblib,,,,knn_physchem_integrated_20261002_v2,ecoli50_random_20260928_v1,val,20260928,ok,,,,2.0.0,ecoli50_strength_v1
course_ecoli50_strength,ecoli50_r000656,80.52,183.6231157172004,2.2639273522274705,knn_physchem_full,log10,runs/knn_physchem_integrated_20261002_v2/knn_model.joblib,,,,knn_physchem_integrated_20261002_v2,ecoli50_random_20260928_v1,val,20260928,ok,,,,2.0.0,ecoli50_strength_v1
course_ecoli50_strength,ecoli50_r000659,63.74,143.88255811507202,2.15800815061842,knn_physchem_full,log10,runs/knn_physchem_integrated_20261002_v2/knn_model.joblib,,,,knn_physchem_integrated_20261002_v2,ecoli50_random_20260928_v1,val,20260928,ok,,,,2.0.0,ecoli50_strength_v1
course_ecoli50_strength,ecoli50_r000663,644.59,231.56647661757785,2.364675687724704,knn_physchem_full,log10,runs/knn_physchem_integrated_20261002_v2/knn_model.joblib,,,,knn_physchem_integrated_20261002_v2,ecoli50_random_20260928_v1,val,20260928,ok,,,,2.0.0,ecoli50_strength_v1
course_ecoli50_strength,ecoli50_r000664,40.87,176.13097550842318,2.245835740461273,knn_physchem_full,log10,runs/knn_physchem_integrated_20261002_v2/knn_model.joblib,,,,knn_physchem_integrated_20261002_v2,ecoli50_random_20260928_v1,val,20260928,ok,,,,2.0.0,ecoli50_strength_v1
course_ecoli50_strength,ecoli50_r000673,1034.79,169.85790869237832,2.2300857727044088,knn_physchem_full,log10,runs/knn_physchem_integrated_20261002_v2/knn_model.joblib,,,,knn_physchem_integrated_20261002_v2,ecoli50_random_20260928_v1,val,20260928,ok,,,,2.0.0,ecoli50_strength_v1
course_ecoli50_strength,ecoli50_r000676,112.0,160.34733819202472,2.2050617549217058,knn_physchem_full,log10,runs/knn_physchem_integrated_20261002_v2/knn_model.joblib,,,,knn_physchem_integrated_20261002_v2,ecoli50_random_20260928_v1,val,20260928,ok,,,,2.0.0,ecoli50_strength_v1
course_ecoli50_strength,ecoli50_r000678,98.74,163.26120430401016,2.2128829957690432,knn_physchem_full,log10,runs/knn_physchem_integrated_20261002_v2/knn_model.joblib,,,,knn_physchem_integrated_20261002_v2,ecoli50_random_20260928_v1,val,20260928,ok,,,,2.0.0,ecoli50_strength_v1
course_ecoli50_strength,ecoli50_r000687,104.03,232.0968535126593,2.365669252858537,knn_physchem_full,log10,runs/knn_physchem_integrated_20261002_v2/knn_model.joblib,,,,knn_physchem_integrated_20261002_v2,ecoli50_random_20260928_v1,val,20260928,ok,,,,2.0.0,ecoli50_strength_v1
course_ecoli50_strength,ecoli50_r000689,2236.55,150.38674868225496,2.17720957011389,knn_physchem_full,log10,runs/knn_physchem_integrated_20261002_v2/knn_model.joblib,,,,knn_physchem_integrated_20261002_v2,ecoli50_random_20260928_v1,val,20260928,ok,,,,2.0.0,ecoli50_strength_v1
course_ecoli50_strength,ecoli50_r000690,117.22,150.2680600625367,2.176866679770634,knn_physchem_full,log10,runs/knn_physchem_integrated_20261002_v2/knn_model.joblib,,,,knn_physchem_integrated_20261002_v2,ecoli50_random_20260928_v1,val,20260928,ok,,,,2.0.0,ecoli50_strength_v1
course_ecoli50_strength,ecoli50_r000703,96.21,161.15174107888242,2.2072350019790794,knn_physchem_full,log10,runs/knn_physchem_integrated_20261002_v2/knn_model.joblib,,,,knn_physchem_integrated_20261002_v2,ecoli50_random_20260928_v1,val,20260928,ok,,,,2.0.0,ecoli50_strength_v1
course_ecoli50_strength,ecoli50_r000717,39.01,180.19349101370463,2.255739099251892,knn_physchem_full,log10,runs/knn_physchem_integrated_20261002_v2/knn_model.joblib,,,,knn_physchem_integrated_20261002_v2,ecoli50_random_20260928_v1,val,20260928,ok,,,,2.0.0,ecoli50_strength_v1
course_ecoli50_strength,ecoli50_r000720,129.42,236.88624664599783,2.374539846796465,knn_physchem_full,log10,runs/knn_physchem_integrated_20261002_v2/knn_model.joblib,,,,knn_physchem_integrated_20261002_v2,ecoli50_random_20260928_v1,val,20260928,ok,,,,2.0.0,ecoli50_strength_v1
course_ecoli50_strength,ecoli50_r000721,95.3,214.1015531438883,2.330619817781938,knn_physchem_full,log10,runs/knn_physchem_integrated_20261002_v2/knn_model.joblib,,,,knn_physchem_integrated_20261002_v2,ecoli50_random_20260928_v1,val,20260928,ok,,,,2.0.0,ecoli50_strength_v1
course_ecoli50_strength,ecoli50_r000724,129.69,197.58463119506604,2.295753160662765,knn_physchem_full,log10,runs/knn_physchem_integrated_20261002_v2/knn_model.joblib,,,,knn_physchem_integrated_20261002_v2,ecoli50_random_20260928_v1,val,20260928,ok,,,,2.0.0,ecoli50_strength_v1
course_ecoli50_strength,ecoli50_r000727,1862.1,167.67434213188,2.22446661106723,knn_physchem_full,log10,runs/knn_physchem_integrated_20261002_v2/knn_model.joblib,,,,knn_physchem_integrated_20261002_v2,ecoli50_random_20260928_v1,val,20260928,ok,,,,2.0.0,ecoli50_strength_v1
course_ecoli50_strength,ecoli50_r000729,77.16,149.32996888558378,2.174146974607372,knn_physchem_full,log10,runs/knn_physchem_integrated_20261002_v2/knn_model.joblib,,,,knn_physchem_integrated_20261002_v2,ecoli50_random_20260928_v1,val,20260928,ok,,,,2.0.0,ecoli50_strength_v1
course_ecoli50_strength,ecoli50_r000730,167.54,210.60268837623676,2.3234639107217987,knn_physchem_full,log10,runs/knn_physchem_integrated_20261002_v2/knn_model.joblib,,,,knn_physchem_integrated_20261002_v2,ecoli50_random_20260928_v1,val,20260928,ok,,,,2.0.0,ecoli50_strength_v1
course_ecoli50_strength,ecoli50_r000733,52.01,157.63791101852877,2.1976606710607505,knn_physchem_full,log10,runs/knn_physchem_integrated_20261002_v2/knn_model.joblib,,,,knn_physchem_integrated_20261002_v2,ecoli50_random_20260928_v1,val,20260928,ok,,,,2.0.0,ecoli50_strength_v1
course_ecoli50_strength,ecoli50_r000737,50.11,150.0295520577709,2.176176812599139,knn_physchem_full,log10,runs/knn_physchem_integrated_20261002_v2/knn_model.joblib,,,,knn_physchem_integrated_20261002_v2,ecoli50_random_20260928_v1,val,20260928,ok,,,,2.0.0,ecoli50_strength_v1
course_ecoli50_strength,ecoli50_r000741,52.12,240.8365148065966,2.3817223338182227,knn_physchem_full,log10,runs/knn_physchem_integrated_20261002_v2/knn_model.joblib,,,,knn_physchem_integrated_20261002_v2,ecoli50_random_20260928_v1,val,20260928,ok,,,,2.0.0,ecoli50_strength_v1
course_ecoli50_strength,ecoli50_r000755,419.89,202.0207319225582,2.3053959402266,knn_physchem_full,log10,runs/knn_physchem_integrated_20261002_v2/knn_model.joblib,,,,knn_physchem_integrated_20261002_v2,ecoli50_random_20260928_v1,val,20260928,ok,,,,2.0.0,ecoli50_strength_v1
course_ecoli50_strength,ecoli50_r000770,416.93,171.97747983660358,2.2354715804945893,knn_physchem_full,log10,runs/knn_physchem_integrated_20261002_v2/knn_model.joblib,,,,knn_physchem_integrated_20261002_v2,ecoli50_random_20260928_v1,val,20260928,ok,,,,2.0.0,ecoli50_strength_v1
course_ecoli50_strength,ecoli50_r000772,657.55,246.7680696212433,2.39228896377114,knn_physchem_full,log10,runs/knn_physchem_integrated_20261002_v2/knn_model.joblib,,,,knn_physchem_integrated_20261002_v2,ecoli50_random_20260928_v1,val,20260928,ok,,,,2.0.0,ecoli50_strength_v1
course_ecoli50_strength,ecoli50_r000773,288.52,252.71720464296908,2.402634809102982,knn_physchem_full,log10,runs/knn_physchem_integrated_20261002_v2/knn_model.joblib,,,,knn_physchem_integrated_20261002_v2,ecoli50_random_20260928_v1,val,20260928,ok,,,,2.0.0,ecoli50_strength_v1
course_ecoli50_strength,ecoli50_r000775,77.16,258.41645874531014,2.4123201707573863,knn_physchem_full,log10,runs/knn_physchem_integrated_20261002_v2/knn_model.joblib,,,,knn_physchem_integrated_20261002_v2,ecoli50_random_20260928_v1,val,20260928,ok,,,,2.0.0,ecoli50_strength_v1
course_ecoli50_strength,ecoli50_r000776,114.25,198.4361905719489,2.297620881186856,knn_physchem_full,log10,runs/knn_physchem_integrated_20261002_v2/knn_model.joblib,,,,knn_physchem_integrated_20261002_v2,ecoli50_random_20260928_v1,val,20260928,ok,,,,2.0.0,ecoli50_strength_v1
course_ecoli50_strength,ecoli50_r000802,169.42,263.7587335656529,2.421206848880437,knn_physchem_full,log10,runs/knn_physchem_integrated_20261002_v2/knn_model.joblib,,,,knn_physchem_integrated_20261002_v2,ecoli50_random_20260928_v1,val,20260928,ok,,,,2.0.0,ecoli50_strength_v1
course_ecoli50_strength,ecoli50_r000803,252.63,186.77716588710376,2.2713237812335745,knn_physchem_full,log10,runs/knn_physchem_integrated_20261002_v2/knn_model.joblib,,,,knn_physchem_integrated_20261002_v2,ecoli50_random_20260928_v1,val,20260928,ok,,,,2.0.0,ecoli50_strength_v1
course_ecoli50_strength,ecoli50_r000808,79.78,198.6059848722253,2.2979923315602653,knn_physchem_full,log10,runs/knn_physchem_integrated_20261002_v2/knn_model.joblib,,,,knn_physchem_integrated_20261002_v2,ecoli50_random_20260928_v1,val,20260928,ok,,,,2.0.0,ecoli50_strength_v1
course_ecoli50_strength,ecoli50_r000811,34.88,160.89190853146317,2.206534203399847,knn_physchem_full,log10,runs/knn_physchem_integrated_20261002_v2/knn_model.joblib,,,,knn_physchem_integrated_20261002_v2,ecoli50_random_20260928_v1,val,20260928,ok,,,,2.0.0,ecoli50_strength_v1
course_ecoli50_strength,ecoli50_r000817,63.74,170.53732191722318,2.231819438630251,knn_physchem_full,log10,runs/knn_physchem_integrated_20261002_v2/knn_model.joblib,,,,knn_physchem_integrated_20261002_v2,ecoli50_random_20260928_v1,val,20260928,ok,,,,2.0.0,ecoli50_strength_v1
course_ecoli50_strength,ecoli50_r000819,751.59,169.3317970477375,2.228738517386795,knn_physchem_full,log10,runs/knn_physchem_integrated_20261002_v2/knn_model.joblib,,,,knn_physchem_integrated_20261002_v2,ecoli50_random_20260928_v1,val,20260928,ok,,,,2.0.0,ecoli50_strength_v1
course_ecoli50_strength,ecoli50_r000821,74.3,190.10719815698613,2.278998561161472,knn_physchem_full,log10,runs/knn_physchem_integrated_20261002_v2/knn_model.joblib,,,,knn_physchem_integrated_20261002_v2,ecoli50_random_20260928_v1,val,20260928,ok,,,,2.0.0,ecoli50_strength_v1
course_ecoli50_strength,ecoli50_r000825,579.91,167.38616729916768,2.2237195652829205,knn_physchem_full,log10,runs/knn_physchem_integrated_20261002_v2/knn_model.joblib,,,,knn_physchem_integrated_20261002_v2,ecoli50_random_20260928_v1,val,20260928,ok,,,,2.0.0,ecoli50_strength_v1
course_ecoli50_strength,ecoli50_r000835,67.1,258.32009249762353,2.412158187518552,knn_physchem_full,log10,runs/knn_physchem_integrated_20261002_v2/knn_model.joblib,,,,knn_physchem_integrated_20261002_v2,ecoli50_random_20260928_v1,val,20260928,ok,,,,2.0.0,ecoli50_strength_v1
course_ecoli50_strength,ecoli50_r000842,84.19,184.27417833985032,2.2654644834003954,knn_physchem_full,log10,runs/knn_physchem_integrated_20261002_v2/knn_model.joblib,,,,knn_physchem_integrated_20261002_v2,ecoli50_random_20260928_v1,val,20260928,ok,,,,2.0.0,ecoli50_strength_v1
course_ecoli50_strength,ecoli50_r000844,42.09,236.6759946148725,2.37415421088646,knn_physchem_full,log10,runs/knn_physchem_integrated_20261002_v2/knn_model.joblib,,,,knn_physchem_integrated_20261002_v2,ecoli50_random_20260928_v1,val,20260928,ok,,,,2.0.0,ecoli50_strength_v1
course_ecoli50_strength,ecoli50_r000845,475.06,261.1707781754907,2.4169245830659527,knn_physchem_full,log10,runs/knn_physchem_integrated_20261002_v2/knn_model.joblib,,,,knn_physchem_integrated_20261002_v2,ecoli50_random_20260928_v1,val,20260928,ok,,,,2.0.0,ecoli50_strength_v1
course_ecoli50_strength,ecoli50_r000846,85.45,154.00104444136332,2.187523666249337,knn_physchem_full,log10,runs/knn_physchem_integrated_20261002_v2/knn_model.joblib,,,,knn_physchem_integrated_20261002_v2,ecoli50_random_20260928_v1,val,20260928,ok,,,,2.0.0,ecoli50_strength_v1
course_ecoli50_strength,ecoli50_r000850,45.29,186.08110233278035,2.269702270125268,knn_physchem_full,log10,runs/knn_physchem_integrated_20261002_v2/knn_model.joblib,,,,knn_physchem_integrated_20261002_v2,ecoli50_random_20260928_v1,val,20260928,ok,,,,2.0.0,ecoli50_strength_v1
course_ecoli50_strength,ecoli50_r000853,402.42,168.8989361576263,2.227626914092456,knn_physchem_full,log10,runs/knn_physchem_integrated_20261002_v2/knn_model.joblib,,,,knn_physchem_integrated_20261002_v2,ecoli50_random_20260928_v1,val,20260928,ok,,,,2.0.0,ecoli50_strength_v1
course_ecoli50_strength,ecoli50_r000854,144.89,158.36155842979124,2.1996497669759014,knn_physchem_full,log10,runs/knn_physchem_integrated_20261002_v2/knn_model.joblib,,,,knn_physchem_integrated_20261002_v2,ecoli50_random_20260928_v1,val,20260928,ok,,,,2.0.0,ecoli50_strength_v1
course_ecoli50_strength,ecoli50_r000856,382.45,257.4303254077287,2.41065970566659,knn_physchem_full,log10,runs/knn_physchem_integrated_20261002_v2/knn_model.joblib,,,,knn_physchem_integrated_20261002_v2,ecoli50_random_20260928_v1,val,20260928,ok,,,,2.0.0,ecoli50_strength_v1
course_ecoli50_strength,ecoli50_r000862,79.92,163.39094221132544,2.213227977186153,knn_physchem_full,log10,runs/knn_physchem_integrated_20261002_v2/knn_model.joblib,,,,knn_physchem_integrated_20261002_v2,ecoli50_random_20260928_v1,val,20260928,ok,,,,2.0.0,ecoli50_strength_v1
course_ecoli50_strength,ecoli50_r000877,24.05,188.3768219253688,2.2750274657118466,knn_physchem_full,log10,runs/knn_physchem_integrated_20261002_v2/knn_model.joblib,,,,knn_physchem_integrated_20261002_v2,ecoli50_random_20260928_v1,val,20260928,ok,,,,2.0.0,ecoli50_strength_v1
course_ecoli50_strength,ecoli50_r000888,147.37,151.62692959285843,2.1807763407085847,knn_physchem_full,log10,runs/knn_physchem_integrated_20261002_v2/knn_model.joblib,,,,knn_physchem_integrated_20261002_v2,ecoli50_random_20260928_v1,val,20260928,ok,,,,2.0.0,ecoli50_strength_v1
course_ecoli50_strength,ecoli50_r000896,2111.48,149.33319389283673,2.1741563537543755,knn_physchem_full,log10,runs/knn_physchem_integrated_20261002_v2/knn_model.joblib,,,,knn_physchem_integrated_20261002_v2,ecoli50_random_20260928_v1,val,20260928,ok,,,,2.0.0,ecoli50_strength_v1
course_ecoli50_strength,ecoli50_r000897,171.57,169.7147218515631,2.229719516693533,knn_physchem_full,log10,runs/knn_physchem_integrated_20261002_v2/knn_model.joblib,,,,knn_physchem_integrated_20261002_v2,ecoli50_random_20260928_v1,val,20260928,ok,,,,2.0.0,ecoli50_strength_v1
course_ecoli50_strength,ecoli50_r000898,128.68,241.1287808897624,2.382249050425656,knn_physchem_full,log10,runs/knn_physchem_integrated_20261002_v2/knn_model.joblib,,,,knn_physchem_integrated_20261002_v2,ecoli50_random_20260928_v1,val,20260928,ok,,,,2.0.0,ecoli50_strength_v1
course_ecoli50_strength,ecoli50_r000903,241.49,232.74261927281455,2.366875917537748,knn_physchem_full,log10,runs/knn_physchem_integrated_20261002_v2/knn_model.joblib,,,,knn_physchem_integrated_20261002_v2,ecoli50_random_20260928_v1,val,20260928,ok,,,,2.0.0,ecoli50_strength_v1
course_ecoli50_strength,ecoli50_r000916,186.49,224.8578877681367,2.351908126745376,knn_physchem_full,log10,runs/knn_physchem_integrated_20261002_v2/knn_model.joblib,,,,knn_physchem_integrated_20261002_v2,ecoli50_random_20260928_v1,val,20260928,ok,,,,2.0.0,ecoli50_strength_v1
course_ecoli50_strength,ecoli50_r000921,61.23,272.0090649384035,2.434583377516284,knn_physchem_full,log10,runs/knn_physchem_integrated_20261002_v2/knn_model.joblib,,,,knn_physchem_integrated_20261002_v2,ecoli50_random_20260928_v1,val,20260928,ok,,,,2.0.0,ecoli50_strength_v1
course_ecoli50_strength,ecoli50_r000940,200.78,177.63390791383813,2.249525870306795,knn_physchem_full,log10,runs/knn_physchem_integrated_20261002_v2/knn_model.joblib,,,,knn_physchem_integrated_20261002_v2,ecoli50_random_20260928_v1,val,20260928,ok,,,,2.0.0,ecoli50_strength_v1
course_ecoli50_strength,ecoli50_r000945,138.53,157.4641076129087,2.1971815762712,knn_physchem_full,log10,runs/knn_physchem_integrated_20261002_v2/knn_model.joblib,,,,knn_physchem_integrated_20261002_v2,ecoli50_random_20260928_v1,val,20260928,ok,,,,2.0.0,ecoli50_strength_v1
course_ecoli50_strength,ecoli50_r000946,101.39,165.36091846717406,2.2184328758357155,knn_physchem_full,log10,runs/knn_physchem_integrated_20261002_v2/knn_model.joblib,,,,knn_physchem_integrated_20261002_v2,ecoli50_random_20260928_v1,val,20260928,ok,,,,2.0.0,ecoli50_strength_v1
course_ecoli50_strength,ecoli50_r000959,63.37,143.78945636017482,2.1577270417320182,knn_physchem_full,log10,runs/knn_physchem_integrated_20261002_v2/knn_model.joblib,,,,knn_physchem_integrated_20261002_v2,ecoli50_random_20260928_v1,val,20260928,ok,,,,2.0.0,ecoli50_strength_v1
course_ecoli50_strength,ecoli50_r000961,104.0,169.64480472519932,2.22954056416548,knn_physchem_full,log10,runs/knn_physchem_integrated_20261002_v2/knn_model.joblib,,,,knn_physchem_integrated_20261002_v2,ecoli50_random_20260928_v1,val,20260928,ok,,,,2.0.0,ecoli50_strength_v1
course_ecoli50_strength,ecoli50_r000963,696.76,172.6255178762922,2.23710499447143,knn_physchem_full,log10,runs/knn_physchem_integrated_20261002_v2/knn_model.joblib,,,,knn_physchem_integrated_20261002_v2,ecoli50_random_20260928_v1,val,20260928,ok,,,,2.0.0,ecoli50_strength_v1
course_ecoli50_strength,ecoli50_r000972,237.77,206.86601601333325,2.315689150549125,knn_physchem_full,log10,runs/knn_physchem_integrated_20261002_v2/knn_model.joblib,,,,knn_physchem_integrated_20261002_v2,ecoli50_random_20260928_v1,val,20260928,ok,,,,2.0.0,ecoli50_strength_v1
course_ecoli50_strength,ecoli50_r000974,78.84,150.23961820688135,2.1767844712821574,knn_physchem_full,log10,runs/knn_physchem_integrated_20261002_v2/knn_model.joblib,,,,knn_physchem_integrated_20261002_v2,ecoli50_random_20260928_v1,val,20260928,ok,,,,2.0.0,ecoli50_strength_v1
course_ecoli50_strength,ecoli50_r000987,46.1,178.5567253736917,2.251776212622759,knn_physchem_full,log10,runs/knn_physchem_integrated_20261002_v2/knn_model.joblib,,,,knn_physchem_integrated_20261002_v2,ecoli50_random_20260928_v1,val,20260928,ok,,,,2.0.0,ecoli50_strength_v1
course_ecoli50_strength,ecoli50_r000989,204.85,227.52167612338616,2.357022778453928,knn_physchem_full,log10,runs/knn_physchem_integrated_20261002_v2/knn_model.joblib,,,,knn_physchem_integrated_20261002_v2,ecoli50_random_20260928_v1,val,20260928,ok,,,,2.0.0,ecoli50_strength_v1
course_ecoli50_strength,ecoli50_r000993,75.79,184.17958708679535,2.2652414949877624,knn_physchem_full,log10,runs/knn_physchem_integrated_20261002_v2/knn_model.joblib,,,,knn_physchem_integrated_20261002_v2,ecoli50_random_20260928_v1,val,20260928,ok,,,,2.0.0,ecoli50_strength_v1
course_ecoli50_strength,ecoli50_r000996,1906.24,195.8085445794762,2.291831639370844,knn_physchem_full,log10,runs/knn_physchem_integrated_20261002_v2/knn_model.joblib,,,,knn_physchem_integrated_20261002_v2,ecoli50_random_20260928_v1,val,20260928,ok,,,,2.0.0,ecoli50_strength_v1
course_ecoli50_strength,ecoli50_r001000,46266.98,181.1003516504549,2.2579192936034227,knn_physchem_full,log10,runs/knn_physchem_integrated_20261002_v2/knn_model.joblib,,,,knn_physchem_integrated_20261002_v2,ecoli50_random_20260928_v1,val,20260928,ok,,,,2.0.0,ecoli50_strength_v1
course_ecoli50_strength,ecoli50_r001005,23.48,221.1344932374128,2.3446564904497227,knn_physchem_full,log10,runs/knn_physchem_integrated_20261002_v2/knn_model.joblib,,,,knn_physchem_integrated_20261002_v2,ecoli50_random_20260928_v1,val,20260928,ok,,,,2.0.0,ecoli50_strength_v1
course_ecoli50_strength,ecoli50_r001045,205.37,143.96916718450245,2.158269492404941,knn_physchem_full,log10,runs/knn_physchem_integrated_20261002_v2/knn_model.joblib,,,,knn_physchem_integrated_20261002_v2,ecoli50_random_20260928_v1,val,20260928,ok,,,,2.0.0,ecoli50_strength_v1
course_ecoli50_strength,ecoli50_r001051,88.42,148.66655234060772,2.172213270015827,knn_physchem_full,log10,runs/knn_physchem_integrated_20261002_v2/knn_model.joblib,,,,knn_physchem_integrated_20261002_v2,ecoli50_random_20260928_v1,val,20260928,ok,,,,2.0.0,ecoli50_strength_v1
course_ecoli50_strength,ecoli50_r001060,96.6,220.5955343830536,2.343596716570046,knn_physchem_full,log10,runs/knn_physchem_integrated_20261002_v2/knn_model.joblib,,,,knn_physchem_integrated_20261002_v2,ecoli50_random_20260928_v1,val,20260928,ok,,,,2.0.0,ecoli50_strength_v1
course_ecoli50_strength,ecoli50_r001064,590.72,217.5383634866407,2.3375358570670115,knn_physchem_full,log10,runs/knn_physchem_integrated_20261002_v2/knn_model.joblib,,,,knn_physchem_integrated_20261002_v2,ecoli50_random_20260928_v1,val,20260928,ok,,,,2.0.0,ecoli50_strength_v1
course_ecoli50_strength,ecoli50_r001065,144.32,147.9208365007224,2.170029354117995,knn_physchem_full,log10,runs/knn_physchem_integrated_20261002_v2/knn_model.joblib,,,,knn_physchem_integrated_20261002_v2,ecoli50_random_20260928_v1,val,20260928,ok,,,,2.0.0,ecoli50_strength_v1
course_ecoli50_strength,ecoli50_r001075,938.09,180.69710146385924,2.256951186161664,knn_physchem_full,log10,runs/knn_physchem_integrated_20261002_v2/knn_model.joblib,,,,knn_physchem_integrated_20261002_v2,ecoli50_random_20260928_v1,val,20260928,ok,,,,2.0.0,ecoli50_strength_v1
course_ecoli50_strength,ecoli50_r001077,132.97,200.28470659719883,2.3016477885645723,knn_physchem_full,log10,runs/knn_physchem_integrated_20261002_v2/knn_model.joblib,,,,knn_physchem_integrated_20261002_v2,ecoli50_random_20260928_v1,val,20260928,ok,,,,2.0.0,ecoli50_strength_v1
course_ecoli50_strength,ecoli50_r001079,152.27,199.5693413420341,2.300093823982072,knn_physchem_full,log10,runs/knn_physchem_integrated_20261002_v2/knn_model.joblib,,,,knn_physchem_integrated_20261002_v2,ecoli50_random_20260928_v1,val,20260928,ok,,,,2.0.0,ecoli50_strength_v1
course_ecoli50_strength,ecoli50_r001080,33.44,174.0030270526649,2.2405568035747474,knn_physchem_full,log10,runs/knn_physchem_integrated_20261002_v2/knn_model.joblib,,,,knn_physchem_integrated_20261002_v2,ecoli50_random_20260928_v1,val,20260928,ok,,,,2.0.0,ecoli50_strength_v1
course_ecoli50_strength,ecoli50_r001085,40.87,151.5133428285776,2.1804508801100373,knn_physchem_full,log10,runs/knn_physchem_integrated_20261002_v2/knn_model.joblib,,,,knn_physchem_integrated_20261002_v2,ecoli50_random_20260928_v1,val,20260928,ok,,,,2.0.0,ecoli50_strength_v1
course_ecoli50_strength,ecoli50_r001088,29.31,145.77255111907294,2.1636757542988323,knn_physchem_full,log10,runs/knn_physchem_integrated_20261002_v2/knn_model.joblib,,,,knn_physchem_integrated_20261002_v2,ecoli50_random_20260928_v1,val,20260928,ok,,,,2.0.0,ecoli50_strength_v1
course_ecoli50_strength,ecoli50_r001091,81.73,176.78806547124924,2.2474529435111843,knn_physchem_full,log10,runs/knn_physchem_integrated_20261002_v2/knn_model.joblib,,,,knn_physchem_integrated_20261002_v2,ecoli50_random_20260928_v1,val,20260928,ok,,,,2.0.0,ecoli50_strength_v1
course_ecoli50_strength,ecoli50_r001092,130.03,149.74676456454063,2.175357447776233,knn_physchem_full,log10,runs/knn_physchem_integrated_20261002_v2/knn_model.joblib,,,,knn_physchem_integrated_20261002_v2,ecoli50_random_20260928_v1,val,20260928,ok,,,,2.0.0,ecoli50_strength_v1
course_ecoli50_strength,ecoli50_r001101,100.21,172.6608067458903,2.237193765791344,knn_physchem_full,log10,runs/knn_physchem_integrated_20261002_v2/knn_model.joblib,,,,knn_physchem_integrated_20261002_v2,ecoli50_random_20260928_v1,val,20260928,ok,,,,2.0.0,ecoli50_strength_v1
course_ecoli50_strength,ecoli50_r001109,438.69,166.95165061224293,2.2225907171804176,knn_physchem_full,log10,runs/knn_physchem_integrated_20261002_v2/knn_model.joblib,,,,knn_physchem_integrated_20261002_v2,ecoli50_random_20260928_v1,val,20260928,ok,,,,2.0.0,ecoli50_strength_v1
course_ecoli50_strength,ecoli50_r001113,99.92,185.62040724298373,2.268625721159848,knn_physchem_full,log10,runs/knn_physchem_integrated_20261002_v2/knn_model.joblib,,,,knn_physchem_integrated_20261002_v2,ecoli50_random_20260928_v1,val,20260928,ok,,,,2.0.0,ecoli50_strength_v1
course_ecoli50_strength,ecoli50_r001134,44.21,183.8785462918435,2.264531061643824,knn_physchem_full,log10,runs/knn_physchem_integrated_20261002_v2/knn_model.joblib,,,,knn_physchem_integrated_20261002_v2,ecoli50_random_20260928_v1,val,20260928,ok,,,,2.0.0,ecoli50_strength_v1
course_ecoli50_strength,ecoli50_r001135,116.47,145.49897533255685,2.162859934840941,knn_physchem_full,log10,runs/knn_physchem_integrated_20261002_v2/knn_model.joblib,,,,knn_physchem_integrated_20261002_v2,ecoli50_random_20260928_v1,val,20260928,ok,,,,2.0.0,ecoli50_strength_v1
course_ecoli50_strength,ecoli50_r001158,452.09,176.66682537562397,2.247155005030524,knn_physchem_full,log10,runs/knn_physchem_integrated_20261002_v2/knn_model.joblib,,,,knn_physchem_integrated_20261002_v2,ecoli50_random_20260928_v1,val,20260928,ok,,,,2.0.0,ecoli50_strength_v1
course_ecoli50_strength,ecoli50_r001160,44.58,181.43526540722877,2.258721704351575,knn_physchem_full,log10,runs/knn_physchem_integrated_20261002_v2/knn_model.joblib,,,,knn_physchem_integrated_20261002_v2,ecoli50_random_20260928_v1,val,20260928,ok,,,,2.0.0,ecoli50_strength_v1
course_ecoli50_strength,ecoli50_r001170,684.58,153.1721045920706,2.1851796796253637,knn_physchem_full,log10,runs/knn_physchem_integrated_20261002_v2/knn_model.joblib,,,,knn_physchem_integrated_20261002_v2,ecoli50_random_20260928_v1,val,20260928,ok,,,,2.0.0,ecoli50_strength_v1
course_ecoli50_strength,ecoli50_r001173,319.7,238.77776336148924,2.3779938798314424,knn_physchem_full,log10,runs/knn_physchem_integrated_20261002_v2/knn_model.joblib,,,,knn_physchem_integrated_20261002_v2,ecoli50_random_20260928_v1,val,20260928,ok,,,,2.0.0,ecoli50_strength_v1
course_ecoli50_strength,ecoli50_r001180,53.19,196.58856693799493,2.293558256832221,knn_physchem_full,log10,runs/knn_physchem_integrated_20261002_v2/knn_model.joblib,,,,knn_physchem_integrated_20261002_v2,ecoli50_random_20260928_v1,val,20260928,ok,,,,2.0.0,ecoli50_strength_v1
course_ecoli50_strength,ecoli50_r001194,140.9,236.8154473653375,2.3744100278089832,knn_physchem_full,log10,runs/knn_physchem_integrated_20261002_v2/knn_model.joblib,,,,knn_physchem_integrated_20261002_v2,ecoli50_random_20260928_v1,val,20260928,ok,,,,2.0.0,ecoli50_strength_v1
course_ecoli50_strength,ecoli50_r001198,14909.54,156.10291160091862,2.1934110035135377,knn_physchem_full,log10,runs/knn_physchem_integrated_20261002_v2/knn_model.joblib,,,,knn_physchem_integrated_20261002_v2,ecoli50_random_20260928_v1,val,20260928,ok,,,,2.0.0,ecoli50_strength_v1
course_ecoli50_strength,ecoli50_r001211,94.36,246.83329674739875,2.392403743765908,knn_physchem_full,log10,runs/knn_physchem_integrated_20261002_v2/knn_model.joblib,,,,knn_physchem_integrated_20261002_v2,ecoli50_random_20260928_v1,val,20260928,ok,,,,2.0.0,ecoli50_strength_v1
course_ecoli50_strength,ecoli50_r001213,90.58,158.75447253024214,2.200725969352,knn_physchem_full,log10,runs/knn_physchem_integrated_20261002_v2/knn_model.joblib,,,,knn_physchem_integrated_20261002_v2,ecoli50_random_20260928_v1,val,20260928,ok,,,,2.0.0,ecoli50_strength_v1
course_ecoli50_strength,ecoli50_r001221,168.37,180.46573933277236,2.2563947650726317,knn_physchem_full,log10,runs/knn_physchem_integrated_20261002_v2/knn_model.joblib,,,,knn_physchem_integrated_20261002_v2,ecoli50_random_20260928_v1,val,20260928,ok,,,,2.0.0,ecoli50_strength_v1
course_ecoli50_strength,ecoli50_r001226,148.45,191.54556645380853,2.282272104181641,knn_physchem_full,log10,runs/knn_physchem_integrated_20261002_v2/knn_model.joblib,,,,knn_physchem_integrated_20261002_v2,ecoli50_random_20260928_v1,val,20260928,ok,,,,2.0.0,ecoli50_strength_v1
course_ecoli50_strength,ecoli50_r001244,87.31,240.1105639174973,2.3804112677211307,knn_physchem_full,log10,runs/knn_physchem_integrated_20261002_v2/knn_model.joblib,,,,knn_physchem_integrated_20261002_v2,ecoli50_random_20260928_v1,val,20260928,ok,,,,2.0.0,ecoli50_strength_v1
course_ecoli50_strength,ecoli50_r001252,549.85,207.10811652440705,2.316197119138214,knn_physchem_full,log10,runs/knn_physchem_integrated_20261002_v2/knn_model.joblib,,,,knn_physchem_integrated_20261002_v2,ecoli50_random_20260928_v1,val,20260928,ok,,,,2.0.0,ecoli50_strength_v1
course_ecoli50_strength,ecoli50_r001281,64.34,173.548154022014,2.2394199985760466,knn_physchem_full,log10,runs/knn_physchem_integrated_20261002_v2/knn_model.joblib,,,,knn_physchem_integrated_20261002_v2,ecoli50_random_20260928_v1,val,20260928,ok,,,,2.0.0,ecoli50_strength_v1
course_ecoli50_strength,ecoli50_r001284,111.52,167.12352623343847,2.223037590492884,knn_physchem_full,log10,runs/knn_physchem_integrated_20261002_v2/knn_model.joblib,,,,knn_physchem_integrated_20261002_v2,ecoli50_random_20260928_v1,val,20260928,ok,,,,2.0.0,ecoli50_strength_v1
course_ecoli50_strength,ecoli50_r001290,482.05,147.68014064443096,2.1693220972860567,knn_physchem_full,log10,runs/knn_physchem_integrated_20261002_v2/knn_model.joblib,,,,knn_physchem_integrated_20261002_v2,ecoli50_random_20260928_v1,val,20260928,ok,,,,2.0.0,ecoli50_strength_v1
course_ecoli50_strength,ecoli50_r001291,399.07,159.4226465766563,2.202550014580003,knn_physchem_full,log10,runs/knn_physchem_integrated_20261002_v2/knn_model.joblib,,,,knn_physchem_integrated_20261002_v2,ecoli50_random_20260928_v1,val,20260928,ok,,,,2.0.0,ecoli50_strength_v1
course_ecoli50_strength,ecoli50_r001294,109.03,163.80210353648158,2.214319474643084,knn_physchem_full,log10,runs/knn_physchem_integrated_20261002_v2/knn_model.joblib,,,,knn_physchem_integrated_20261002_v2,ecoli50_random_20260928_v1,val,20260928,ok,,,,2.0.0,ecoli50_strength_v1
course_ecoli50_strength,ecoli50_r001302,77.21,152.76893660479465,2.1840350555969934,knn_physchem_full,log10,runs/knn_physchem_integrated_20261002_v2/knn_model.joblib,,,,knn_physchem_integrated_20261002_v2,ecoli50_random_20260928_v1,val,20260928,ok,,,,2.0.0,ecoli50_strength_v1
course_ecoli50_strength,ecoli50_r001306,40.28,220.14220204608856,2.342703306337293,knn_physchem_full,log10,runs/knn_physchem_integrated_20261002_v2/knn_model.joblib,,,,knn_physchem_integrated_20261002_v2,ecoli50_random_20260928_v1,val,20260928,ok,,,,2.0.0,ecoli50_strength_v1
course_ecoli50_strength,ecoli50_r001308,66.48,182.81147416999016,2.262003450765009,knn_physchem_full,log10,runs/knn_physchem_integrated_20261002_v2/knn_model.joblib,,,,knn_physchem_integrated_20261002_v2,ecoli50_random_20260928_v1,val,20260928,ok,,,,2.0.0,ecoli50_strength_v1
course_ecoli50_strength,ecoli50_r001309,71.8,151.77158445062847,2.1811904680583405,knn_physchem_full,log10,runs/knn_physchem_integrated_20261002_v2/knn_model.joblib,,,,knn_physchem_integrated_20261002_v2,ecoli50_random_20260928_v1,val,20260928,ok,,,,2.0.0,ecoli50_strength_v1
course_ecoli50_strength,ecoli50_r001323,936.56,157.81896528899512,2.198159191683556,knn_physchem_full,log10,runs/knn_physchem_integrated_20261002_v2/knn_model.joblib,,,,knn_physchem_integrated_20261002_v2,ecoli50_random_20260928_v1,val,20260928,ok,,,,2.0.0,ecoli50_strength_v1
course_ecoli50_strength,ecoli50_r001324,50.53,261.6009079244125,2.4176392469376964,knn_physchem_full,log10,runs/knn_physchem_integrated_20261002_v2/knn_model.joblib,,,,knn_physchem_integrated_20261002_v2,ecoli50_random_20260928_v1,val,20260928,ok,,,,2.0.0,ecoli50_strength_v1
course_ecoli50_strength,ecoli50_r001329,147.37,217.85222973084308,2.3381620093250004,knn_physchem_full,log10,runs/knn_physchem_integrated_20261002_v2/knn_model.joblib,,,,knn_physchem_integrated_20261002_v2,ecoli50_random_20260928_v1,val,20260928,ok,,,,2.0.0,ecoli50_strength_v1
course_ecoli50_strength,ecoli50_r001336,91.37,154.97153824776956,2.190251943867405,knn_physchem_full,log10,runs/knn_physchem_integrated_20261002_v2/knn_model.joblib,,,,knn_physchem_integrated_20261002_v2,ecoli50_random_20260928_v1,val,20260928,ok,,,,2.0.0,ecoli50_strength_v1
course_ecoli50_strength,ecoli50_r001349,855.49,183.29519460264595,2.2631510793380456,knn_physchem_full,log10,runs/knn_physchem_integrated_20261002_v2/knn_model.joblib,,,,knn_physchem_integrated_20261002_v2,ecoli50_random_20260928_v1,val,20260928,ok,,,,2.0.0,ecoli50_strength_v1
course_ecoli50_strength,ecoli50_r001357,691.54,268.12626065221514,2.4283393514607847,knn_physchem_full,log10,runs/knn_physchem_integrated_20261002_v2/knn_model.joblib,,,,knn_physchem_integrated_20261002_v2,ecoli50_random_20260928_v1,val,20260928,ok,,,,2.0.0,ecoli50_strength_v1
course_ecoli50_strength,ecoli50_r001359,811.15,241.2367047631197,2.3824433874785376,knn_physchem_full,log10,runs/knn_physchem_integrated_20261002_v2/knn_model.joblib,,,,knn_physchem_integrated_20261002_v2,ecoli50_random_20260928_v1,val,20260928,ok,,,,2.0.0,ecoli50_strength_v1
course_ecoli50_strength,ecoli50_r001363,177.81,181.4289780356275,2.258706654255889,knn_physchem_full,log10,runs/knn_physchem_integrated_20261002_v2/knn_model.joblib,,,,knn_physchem_integrated_20261002_v2,ecoli50_random_20260928_v1,val,20260928,ok,,,,2.0.0,ecoli50_strength_v1
course_ecoli50_strength,ecoli50_r001372,64.84,240.2377713612786,2.3806412903448195,knn_physchem_full,log10,runs/knn_physchem_integrated_20261002_v2/knn_model.joblib,,,,knn_physchem_integrated_20261002_v2,ecoli50_random_20260928_v1,val,20260928,ok,,,,2.0.0,ecoli50_strength_v1
course_ecoli50_strength,ecoli50_r001374,1188.2,217.76382082724632,2.3379857279439027,knn_physchem_full,log10,runs/knn_physchem_integrated_20261002_v2/knn_model.joblib,,,,knn_physchem_integrated_20261002_v2,ecoli50_random_20260928_v1,val,20260928,ok,,,,2.0.0,ecoli50_strength_v1
course_ecoli50_strength,ecoli50_r001380,92.88,244.2303182626408,2.387799575402746,knn_physchem_full,log10,runs/knn_physchem_integrated_20261002_v2/knn_model.joblib,,,,knn_physchem_integrated_20261002_v2,ecoli50_random_20260928_v1,val,20260928,ok,,,,2.0.0,ecoli50_strength_v1
course_ecoli50_strength,ecoli50_r001382,60.13,147.5421918930594,2.168916231067526,knn_physchem_full,log10,runs/knn_physchem_integrated_20261002_v2/knn_model.joblib,,,,knn_physchem_integrated_20261002_v2,ecoli50_random_20260928_v1,val,20260928,ok,,,,2.0.0,ecoli50_strength_v1
course_ecoli50_strength,ecoli50_r001383,3003.43,183.1691160034556,2.262852249462993,knn_physchem_full,log10,runs/knn_physchem_integrated_20261002_v2/knn_model.joblib,,,,knn_physchem_integrated_20261002_v2,ecoli50_random_20260928_v1,val,20260928,ok,,,,2.0.0,ecoli50_strength_v1
course_ecoli50_strength,ecoli50_r001392,123.22,159.96689759823033,2.2040301221698213,knn_physchem_full,log10,runs/knn_physchem_integrated_20261002_v2/knn_model.joblib,,,,knn_physchem_integrated_20261002_v2,ecoli50_random_20260928_v1,val,20260928,ok,,,,2.0.0,ecoli50_strength_v1
course_ecoli50_strength,ecoli50_r001400,1541.81,192.66540807489855,2.2848037466701823,knn_physchem_full,log10,runs/knn_physchem_integrated_20261002_v2/knn_model.joblib,,,,knn_physchem_integrated_20261002_v2,ecoli50_random_20260928_v1,val,20260928,ok,,,,2.0.0,ecoli50_strength_v1
course_ecoli50_strength,ecoli50_r001414,95.74,205.46175444027455,2.3127309922395125,knn_physchem_full,log10,runs/knn_physchem_integrated_20261002_v2/knn_model.joblib,,,,knn_physchem_integrated_20261002_v2,ecoli50_random_20260928_v1,val,20260928,ok,,,,2.0.0,ecoli50_strength_v1
course_ecoli50_strength,ecoli50_r001416,52.01,245.30244522096493,2.389701877357137,knn_physchem_full,log10,runs/knn_physchem_integrated_20261002_v2/knn_model.joblib,,,,knn_physchem_integrated_20261002_v2,ecoli50_random_20260928_v1,val,20260928,ok,,,,2.0.0,ecoli50_strength_v1
course_ecoli50_strength,ecoli50_r001421,117.42,208.64843505614152,2.3194151316835723,knn_physchem_full,log10,runs/knn_physchem_integrated_20261002_v2/knn_model.joblib,,,,knn_physchem_integrated_20261002_v2,ecoli50_random_20260928_v1,val,20260928,ok,,,,2.0.0,ecoli50_strength_v1
course_ecoli50_strength,ecoli50_r001424,126.32,177.17736306839222,2.248408233789808,knn_physchem_full,log10,runs/knn_physchem_integrated_20261002_v2/knn_model.joblib,,,,knn_physchem_integrated_20261002_v2,ecoli50_random_20260928_v1,val,20260928,ok,,,,2.0.0,ecoli50_strength_v1
course_ecoli50_strength,ecoli50_r001427,3435.55,164.5211278001534,2.216221677956664,knn_physchem_full,log10,runs/knn_physchem_integrated_20261002_v2/knn_model.joblib,,,,knn_physchem_integrated_20261002_v2,ecoli50_random_20260928_v1,val,20260928,ok,,,,2.0.0,ecoli50_strength_v1
course_ecoli50_strength,ecoli50_r001436,66.87,243.1708954113225,2.3859115939614903,knn_physchem_full,log10,runs/knn_physchem_integrated_20261002_v2/knn_model.joblib,,,,knn_physchem_integrated_20261002_v2,ecoli50_random_20260928_v1,val,20260928,ok,,,,2.0.0,ecoli50_strength_v1
course_ecoli50_strength,ecoli50_r001442,50.32,173.76595707401256,2.2399646967210534,knn_physchem_full,log10,runs/knn_physchem_integrated_20261002_v2/knn_model.joblib,,,,knn_physchem_integrated_20261002_v2,ecoli50_random_20260928_v1,val,20260928,ok,,,,2.0.0,ecoli50_strength_v1
course_ecoli50_strength,ecoli50_r001452,10174.65,263.3686833923921,2.420564132666559,knn_physchem_full,log10,runs/knn_physchem_integrated_20261002_v2/knn_model.joblib,,,,knn_physchem_integrated_20261002_v2,ecoli50_random_20260928_v1,val,20260928,ok,,,,2.0.0,ecoli50_strength_v1
course_ecoli50_strength,ecoli50_r001453,488.55,263.4040066098073,2.42062237668232,knn_physchem_full,log10,runs/knn_physchem_integrated_20261002_v2/knn_model.joblib,,,,knn_physchem_integrated_20261002_v2,ecoli50_random_20260928_v1,val,20260928,ok,,,,2.0.0,ecoli50_strength_v1
course_ecoli50_strength,ecoli50_r001467,175.39,236.43282456700575,2.3737077705963165,knn_physchem_full,log10,runs/knn_physchem_integrated_20261002_v2/knn_model.joblib,,,,knn_physchem_integrated_20261002_v2,ecoli50_random_20260928_v1,val,20260928,ok,,,,2.0.0,ecoli50_strength_v1
course_ecoli50_strength,ecoli50_r001473,132.29,238.78255097664933,2.3780025875685937,knn_physchem_full,log10,runs/knn_physchem_integrated_20261002_v2/knn_model.joblib,,,,knn_physchem_integrated_20261002_v2,ecoli50_random_20260928_v1,val,20260928,ok,,,,2.0.0,ecoli50_strength_v1
course_ecoli50_strength,ecoli50_r001475,267.6,254.6666239033102,2.4059720309297528,knn_physchem_full,log10,runs/knn_physchem_integrated_20261002_v2/knn_model.joblib,,,,knn_physchem_integrated_20261002_v2,ecoli50_random_20260928_v1,val,20260928,ok,,,,2.0.0,ecoli50_strength_v1
course_ecoli50_strength,ecoli50_r001480,1378.28,267.3345396025498,2.427055073196231,knn_physchem_full,log10,runs/knn_physchem_integrated_20261002_v2/knn_model.joblib,,,,knn_physchem_integrated_20261002_v2,ecoli50_random_20260928_v1,val,20260928,ok,,,,2.0.0,ecoli50_strength_v1
course_ecoli50_strength,ecoli50_r001489,85.1,141.40053632771347,2.1504510567290893,knn_physchem_full,log10,runs/knn_physchem_integrated_20261002_v2/knn_model.joblib,,,,knn_physchem_integrated_20261002_v2,ecoli50_random_20260928_v1,val,20260928,ok,,,,2.0.0,ecoli50_strength_v1
course_ecoli50_strength,ecoli50_r001494,159.75,167.6964755010445,2.224523935077565,knn_physchem_full,log10,runs/knn_physchem_integrated_20261002_v2/knn_model.joblib,,,,knn_physchem_integrated_20261002_v2,ecoli50_random_20260928_v1,val,20260928,ok,,,,2.0.0,ecoli50_strength_v1
course_ecoli50_strength,ecoli50_r001502,48.65,172.81354065990865,2.2375777682556497,knn_physchem_full,log10,runs/knn_physchem_integrated_20261002_v2/knn_model.joblib,,,,knn_physchem_integrated_20261002_v2,ecoli50_random_20260928_v1,val,20260928,ok,,,,2.0.0,ecoli50_strength_v1
course_ecoli50_strength,ecoli50_r001503,82.53,246.89483333588703,2.392512001729453,knn_physchem_full,log10,runs/knn_physchem_integrated_20261002_v2/knn_model.joblib,,,,knn_physchem_integrated_20261002_v2,ecoli50_random_20260928_v1,val,20260928,ok,,,,2.0.0,ecoli50_strength_v1
course_ecoli50_strength,ecoli50_r001504,106.5,152.3136413073408,2.182738800770068,knn_physchem_full,log10,runs/knn_physchem_integrated_20261002_v2/knn_model.joblib,,,,knn_physchem_integrated_20261002_v2,ecoli50_random_20260928_v1,val,20260928,ok,,,,2.0.0,ecoli50_strength_v1
course_ecoli50_strength,ecoli50_r001515,233.16,162.00275797890998,2.2095224081526688,knn_physchem_full,log10,runs/knn_physchem_integrated_20261002_v2/knn_model.joblib,,,,knn_physchem_integrated_20261002_v2,ecoli50_random_20260928_v1,val,20260928,ok,,,,2.0.0,ecoli50_strength_v1
course_ecoli50_strength,ecoli50_r001518,552.44,246.27195903767657,2.3914149651136287,knn_physchem_full,log10,runs/knn_physchem_integrated_20261002_v2/knn_model.joblib,,,,knn_physchem_integrated_20261002_v2,ecoli50_random_20260928_v1,val,20260928,ok,,,,2.0.0,ecoli50_strength_v1
course_ecoli50_strength,ecoli50_r001523,237.77,147.1029769401408,2.1676214616846616,knn_physchem_full,log10,runs/knn_physchem_integrated_20261002_v2/knn_model.joblib,,,,knn_physchem_integrated_20261002_v2,ecoli50_random_20260928_v1,val,20260928,ok,,,,2.0.0,ecoli50_strength_v1
course_ecoli50_strength,ecoli50_r001531,50.77,173.00457619734894,2.23805759093788,knn_physchem_full,log10,runs/knn_physchem_integrated_20261002_v2/knn_model.joblib,,,,knn_physchem_integrated_20261002_v2,ecoli50_random_20260928_v1,val,20260928,ok,,,,2.0.0,ecoli50_strength_v1
course_ecoli50_strength,ecoli50_r001533,300.64,175.71696565154983,2.244813695093134,knn_physchem_full,log10,runs/knn_physchem_integrated_20261002_v2/knn_model.joblib,,,,knn_physchem_integrated_20261002_v2,ecoli50_random_20260928_v1,val,20260928,ok,,,,2.0.0,ecoli50_strength_v1
course_ecoli50_strength,ecoli50_r001547,35.37,183.49942446326276,2.2636347064473936,knn_physchem_full,log10,runs/knn_physchem_integrated_20261002_v2/knn_model.joblib,,,,knn_physchem_integrated_20261002_v2,ecoli50_random_20260928_v1,val,20260928,ok,,,,2.0.0,ecoli50_strength_v1
course_ecoli50_strength,ecoli50_r001550,80.52,240.02017331989904,2.3802477450171167,knn_physchem_full,log10,runs/knn_physchem_integrated_20261002_v2/knn_model.joblib,,,,knn_physchem_integrated_20261002_v2,ecoli50_random_20260928_v1,val,20260928,ok,,,,2.0.0,ecoli50_strength_v1
course_ecoli50_strength,ecoli50_r001557,204.65,164.82617700445118,2.2170261856729114,knn_physchem_full,log10,runs/knn_physchem_integrated_20261002_v2/knn_model.joblib,,,,knn_physchem_integrated_20261002_v2,ecoli50_random_20260928_v1,val,20260928,ok,,,,2.0.0,ecoli50_strength_v1
course_ecoli50_strength,ecoli50_r001560,146.27,153.41418847450973,2.1858655270916647,knn_physchem_full,log10,runs/knn_physchem_integrated_20261002_v2/knn_model.joblib,,,,knn_physchem_integrated_20261002_v2,ecoli50_random_20260928_v1,val,20260928,ok,,,,2.0.0,ecoli50_strength_v1
course_ecoli50_strength,ecoli50_r001563,131.89,239.8236561427015,2.3798920195698465,knn_physchem_full,log10,runs/knn_physchem_integrated_20261002_v2/knn_model.joblib,,,,knn_physchem_integrated_20261002_v2,ecoli50_random_20260928_v1,val,20260928,ok,,,,2.0.0,ecoli50_strength_v1
course_ecoli50_strength,ecoli50_r001567,52.01,151.57469011255236,2.180626689012918,knn_physchem_full,log10,runs/knn_physchem_integrated_20261002_v2/knn_model.joblib,,,,knn_physchem_integrated_20261002_v2,ecoli50_random_20260928_v1,val,20260928,ok,,,,2.0.0,ecoli50_strength_v1
course_ecoli50_strength,ecoli50_r001579,357.88,153.3448422613558,2.185669173112097,knn_physchem_full,log10,runs/knn_physchem_integrated_20261002_v2/knn_model.joblib,,,,knn_physchem_integrated_20261002_v2,ecoli50_random_20260928_v1,val,20260928,ok,,,,2.0.0,ecoli50_strength_v1
course_ecoli50_strength,ecoli50_r001582,547.62,155.67306690728765,2.192213481512689,knn_physchem_full,log10,runs/knn_physchem_integrated_20261002_v2/knn_model.joblib,,,,knn_physchem_integrated_20261002_v2,ecoli50_random_20260928_v1,val,20260928,ok,,,,2.0.0,ecoli50_strength_v1
course_ecoli50_strength,ecoli50_r001588,31.03,154.0408652728571,2.187635949461027,knn_physchem_full,log10,runs/knn_physchem_integrated_20261002_v2/knn_model.joblib,,,,knn_physchem_integrated_20261002_v2,ecoli50_random_20260928_v1,val,20260928,ok,,,,2.0.0,ecoli50_strength_v1
course_ecoli50_strength,ecoli50_r001589,35.29,177.07560171668064,2.2481587262393954,knn_physchem_full,log10,runs/knn_physchem_integrated_20261002_v2/knn_model.joblib,,,,knn_physchem_integrated_20261002_v2,ecoli50_random_20260928_v1,val,20260928,ok,,,,2.0.0,ecoli50_strength_v1
course_ecoli50_strength,ecoli50_r001592,527.56,260.6915966013831,2.4161270319030064,knn_physchem_full,log10,runs/knn_physchem_integrated_20261002_v2/knn_model.joblib,,,,knn_physchem_integrated_20261002_v2,ecoli50_random_20260928_v1,val,20260928,ok,,,,2.0.0,ecoli50_strength_v1
course_ecoli50_strength,ecoli50_r001600,212.47,259.8101511287027,2.414656115532448,knn_physchem_full,log10,runs/knn_physchem_integrated_20261002_v2/knn_model.joblib,,,,knn_physchem_integrated_20261002_v2,ecoli50_random_20260928_v1,val,20260928,ok,,,,2.0.0,ecoli50_strength_v1
course_ecoli50_strength,ecoli50_r001603,82.58,196.36197848084876,2.2930573992629637,knn_physchem_full,log10,runs/knn_physchem_integrated_20261002_v2/knn_model.joblib,,,,knn_physchem_integrated_20261002_v2,ecoli50_random_20260928_v1,val,20260928,ok,,,,2.0.0,ecoli50_strength_v1
course_ecoli50_strength,ecoli50_r001610,3004.53,175.93987183423596,2.245364271267227,knn_physchem_full,log10,runs/knn_physchem_integrated_20261002_v2/knn_model.joblib,,,,knn_physchem_integrated_20261002_v2,ecoli50_random_20260928_v1,val,20260928,ok,,,,2.0.0,ecoli50_strength_v1
course_ecoli50_strength,ecoli50_r001620,132.97,188.38133287147156,2.2750378653752685,knn_physchem_full,log10,runs/knn_physchem_integrated_20261002_v2/knn_model.joblib,,,,knn_physchem_integrated_20261002_v2,ecoli50_random_20260928_v1,val,20260928,ok,,,,2.0.0,ecoli50_strength_v1
course_ecoli50_strength,ecoli50_r001622,87.44,207.70833080803695,2.3174539156559613,knn_physchem_full,log10,runs/knn_physchem_integrated_20261002_v2/knn_model.joblib,,,,knn_physchem_integrated_20261002_v2,ecoli50_random_20260928_v1,val,20260928,ok,,,,2.0.0,ecoli50_strength_v1
course_ecoli50_strength,ecoli50_r001623,42.72,219.44654671704708,2.34132875103412,knn_physchem_full,log10,runs/knn_physchem_integrated_20261002_v2/knn_model.joblib,,,,knn_physchem_integrated_20261002_v2,ecoli50_random_20260928_v1,val,20260928,ok,,,,2.0.0,ecoli50_strength_v1
course_ecoli50_strength,ecoli50_r001651,117.03,159.6215580312114,2.203091545546846,knn_physchem_full,log10,runs/knn_physchem_integrated_20261002_v2/knn_model.joblib,,,,knn_physchem_integrated_20261002_v2,ecoli50_random_20260928_v1,val,20260928,ok,,,,2.0.0,ecoli50_strength_v1
course_ecoli50_strength,ecoli50_r001655,154.32,236.02787942505992,2.372963304518189,knn_physchem_full,log10,runs/knn_physchem_integrated_20261002_v2/knn_model.joblib,,,,knn_physchem_integrated_20261002_v2,ecoli50_random_20260928_v1,val,20260928,ok,,,,2.0.0,ecoli50_strength_v1
course_ecoli50_strength,ecoli50_r001665,774.97,164.02212535430158,2.214902435067019,knn_physchem_full,log10,runs/knn_physchem_integrated_20261002_v2/knn_model.joblib,,,,knn_physchem_integrated_20261002_v2,ecoli50_random_20260928_v1,val,20260928,ok,,,,2.0.0,ecoli50_strength_v1
course_ecoli50_strength,ecoli50_r001680,186.41,228.01519727109053,2.3579637938031768,knn_physchem_full,log10,runs/knn_physchem_integrated_20261002_v2/knn_model.joblib,,,,knn_physchem_integrated_20261002_v2,ecoli50_random_20260928_v1,val,20260928,ok,,,,2.0.0,ecoli50_strength_v1
course_ecoli50_strength,ecoli50_r001682,81.73,156.1045538068128,2.1934155722765367,knn_physchem_full,log10,runs/knn_physchem_integrated_20261002_v2/knn_model.joblib,,,,knn_physchem_integrated_20261002_v2,ecoli50_random_20260928_v1,val,20260928,ok,,,,2.0.0,ecoli50_strength_v1
course_ecoli50_strength,ecoli50_r001683,2095.59,252.89912622579035,2.40294732884629,knn_physchem_full,log10,runs/knn_physchem_integrated_20261002_v2/knn_model.joblib,,,,knn_physchem_integrated_20261002_v2,ecoli50_random_20260928_v1,val,20260928,ok,,,,2.0.0,ecoli50_strength_v1
course_ecoli50_strength,ecoli50_r001688,237.77,183.205567163688,2.262938666666624,knn_physchem_full,log10,runs/knn_physchem_integrated_20261002_v2/knn_model.joblib,,,,knn_physchem_integrated_20261002_v2,ecoli50_random_20260928_v1,val,20260928,ok,,,,2.0.0,ecoli50_strength_v1
course_ecoli50_strength,ecoli50_r001690,234.44,163.80717591209196,2.2143329230090254,knn_physchem_full,log10,runs/knn_physchem_integrated_20261002_v2/knn_model.joblib,,,,knn_physchem_integrated_20261002_v2,ecoli50_random_20260928_v1,val,20260928,ok,,,,2.0.0,ecoli50_strength_v1
course_ecoli50_strength,ecoli50_r001693,245.82,170.81023130875582,2.23251388080179,knn_physchem_full,log10,runs/knn_physchem_integrated_20261002_v2/knn_model.joblib,,,,knn_physchem_integrated_20261002_v2,ecoli50_random_20260928_v1,val,20260928,ok,,,,2.0.0,ecoli50_strength_v1
course_ecoli50_strength,ecoli50_r001696,40.87,196.86034621330575,2.2941582445530706,knn_physchem_full,log10,runs/knn_physchem_integrated_20261002_v2/knn_model.joblib,,,,knn_physchem_integrated_20261002_v2,ecoli50_random_20260928_v1,val,20260928,ok,,,,2.0.0,ecoli50_strength_v1
course_ecoli50_strength,ecoli50_r001698,233.43,156.7852240108427,2.195305130842472,knn_physchem_full,log10,runs/knn_physchem_integrated_20261002_v2/knn_model.joblib,,,,knn_physchem_integrated_20261002_v2,ecoli50_random_20260928_v1,val,20260928,ok,,,,2.0.0,ecoli50_strength_v1
course_ecoli50_strength,ecoli50_r001709,59.44,171.1418411458708,2.233356199823375,knn_physchem_full,log10,runs/knn_physchem_integrated_20261002_v2/knn_model.joblib,,,,knn_physchem_integrated_20261002_v2,ecoli50_random_20260928_v1,val,20260928,ok,,,,2.0.0,ecoli50_strength_v1
course_ecoli50_strength,ecoli50_r001726,42.55,189.583661781127,2.277800907347832,knn_physchem_full,log10,runs/knn_physchem_integrated_20261002_v2/knn_model.joblib,,,,knn_physchem_integrated_20261002_v2,ecoli50_random_20260928_v1,val,20260928,ok,,,,2.0.0,ecoli50_strength_v1
course_ecoli50_strength,ecoli50_r001730,144.32,167.13960529183544,2.2230793722251945,knn_physchem_full,log10,runs/knn_physchem_integrated_20261002_v2/knn_model.joblib,,,,knn_physchem_integrated_20261002_v2,ecoli50_random_20260928_v1,val,20260928,ok,,,,2.0.0,ecoli50_strength_v1
course_ecoli50_strength,ecoli50_r001734,282.63,174.17494888015227,2.2409856917424413,knn_physchem_full,log10,runs/knn_physchem_integrated_20261002_v2/knn_model.joblib,,,,knn_physchem_integrated_20261002_v2,ecoli50_random_20260928_v1,val,20260928,ok,,,,2.0.0,ecoli50_strength_v1
course_ecoli50_strength,ecoli50_r001735,541.2,215.3737475136342,2.3331927648635187,knn_physchem_full,log10,runs/knn_physchem_integrated_20261002_v2/knn_model.joblib,,,,knn_physchem_integrated_20261002_v2,ecoli50_random_20260928_v1,val,20260928,ok,,,,2.0.0,ecoli50_strength_v1
course_ecoli50_strength,ecoli50_r001749,117.9,161.1338525962073,2.207186790892541,knn_physchem_full,log10,runs/knn_physchem_integrated_20261002_v2/knn_model.joblib,,,,knn_physchem_integrated_20261002_v2,ecoli50_random_20260928_v1,val,20260928,ok,,,,2.0.0,ecoli50_strength_v1
course_ecoli50_strength,ecoli50_r001759,239164.33,170.01704408961623,2.2304924612784305,knn_physchem_full,log10,runs/knn_physchem_integrated_20261002_v2/knn_model.joblib,,,,knn_physchem_integrated_20261002_v2,ecoli50_random_20260928_v1,val,20260928,ok,,,,2.0.0,ecoli50_strength_v1
course_ecoli50_strength,ecoli50_r001761,216.3,248.8454063081434,2.395929628068032,knn_physchem_full,log10,runs/knn_physchem_integrated_20261002_v2/knn_model.joblib,,,,knn_physchem_integrated_20261002_v2,ecoli50_random_20260928_v1,val,20260928,ok,,,,2.0.0,ecoli50_strength_v1
course_ecoli50_strength,ecoli50_r001765,82.72,167.56446745486622,2.224181930616924,knn_physchem_full,log10,runs/knn_physchem_integrated_20261002_v2/knn_model.joblib,,,,knn_physchem_integrated_20261002_v2,ecoli50_random_20260928_v1,val,20260928,ok,,,,2.0.0,ecoli50_strength_v1
course_ecoli50_strength,ecoli50_r001771,93.94,218.9822769278173,2.340408967150995,knn_physchem_full,log10,runs/knn_physchem_integrated_20261002_v2/knn_model.joblib,,,,knn_physchem_integrated_20261002_v2,ecoli50_random_20260928_v1,val,20260928,ok,,,,2.0.0,ecoli50_strength_v1
course_ecoli50_strength,ecoli50_r001773,67.1,168.14640418198232,2.225687584343959,knn_physchem_full,log10,runs/knn_physchem_integrated_20261002_v2/knn_model.joblib,,,,knn_physchem_integrated_20261002_v2,ecoli50_random_20260928_v1,val,20260928,ok,,,,2.0.0,ecoli50_strength_v1
course_ecoli50_strength,ecoli50_r001778,873.84,230.2181788798553,2.36213961414821,knn_physchem_full,log10,runs/knn_physchem_integrated_20261002_v2/knn_model.joblib,,,,knn_physchem_integrated_20261002_v2,ecoli50_random_20260928_v1,val,20260928,ok,,,,2.0.0,ecoli50_strength_v1
course_ecoli50_strength,ecoli50_r001780,124.13,198.87440101083376,2.29857888460646,knn_physchem_full,log10,runs/knn_physchem_integrated_20261002_v2/knn_model.joblib,,,,knn_physchem_integrated_20261002_v2,ecoli50_random_20260928_v1,val,20260928,ok,,,,2.0.0,ecoli50_strength_v1
course_ecoli50_strength,ecoli50_r001785,52.01,229.23484021598992,2.360280624480605,knn_physchem_full,log10,runs/knn_physchem_integrated_20261002_v2/knn_model.joblib,,,,knn_physchem_integrated_20261002_v2,ecoli50_random_20260928_v1,val,20260928,ok,,,,2.0.0,ecoli50_strength_v1
course_ecoli50_strength,ecoli50_r001787,642.37,172.0088549816037,2.2355508048764965,knn_physchem_full,log10,runs/knn_physchem_integrated_20261002_v2/knn_model.joblib,,,,knn_physchem_integrated_20261002_v2,ecoli50_random_20260928_v1,val,20260928,ok,,,,2.0.0,ecoli50_strength_v1
course_ecoli50_strength,ecoli50_r001791,996.39,218.09676333247037,2.338649220474261,knn_physchem_full,log10,runs/knn_physchem_integrated_20261002_v2/knn_model.joblib,,,,knn_physchem_integrated_20261002_v2,ecoli50_random_20260928_v1,val,20260928,ok,,,,2.0.0,ecoli50_strength_v1
course_ecoli50_strength,ecoli50_r001806,7920.81,215.55582741559385,2.33355976822552,knn_physchem_full,log10,runs/knn_physchem_integrated_20261002_v2/knn_model.joblib,,,,knn_physchem_integrated_20261002_v2,ecoli50_random_20260928_v1,val,20260928,ok,,,,2.0.0,ecoli50_strength_v1
course_ecoli50_strength,ecoli50_r001809,49.23,221.42304429670423,2.3452228174916425,knn_physchem_full,log10,runs/knn_physchem_integrated_20261002_v2/knn_model.joblib,,,,knn_physchem_integrated_20261002_v2,ecoli50_random_20260928_v1,val,20260928,ok,,,,2.0.0,ecoli50_strength_v1
course_ecoli50_strength,ecoli50_r001814,673.5,155.28064876069652,2.191117336861257,knn_physchem_full,log10,runs/knn_physchem_integrated_20261002_v2/knn_model.joblib,,,,knn_physchem_integrated_20261002_v2,ecoli50_random_20260928_v1,val,20260928,ok,,,,2.0.0,ecoli50_strength_v1
course_ecoli50_strength,ecoli50_r001820,139.79,167.79997351886362,2.2247918879550634,knn_physchem_full,log10,runs/knn_physchem_integrated_20261002_v2/knn_model.joblib,,,,knn_physchem_integrated_20261002_v2,ecoli50_random_20260928_v1,val,20260928,ok,,,,2.0.0,ecoli50_strength_v1
course_ecoli50_strength,ecoli50_r001824,191.82,179.55660585047133,2.2542013873603626,knn_physchem_full,log10,runs/knn_physchem_integrated_20261002_v2/knn_model.joblib,,,,knn_physchem_integrated_20261002_v2,ecoli50_random_20260928_v1,val,20260928,ok,,,,2.0.0,ecoli50_strength_v1
course_ecoli50_strength,ecoli50_r001835,24.15,239.5442009837496,2.3793856616844917,knn_physchem_full,log10,runs/knn_physchem_integrated_20261002_v2/knn_model.joblib,,,,knn_physchem_integrated_20261002_v2,ecoli50_random_20260928_v1,val,20260928,ok,,,,2.0.0,ecoli50_strength_v1
course_ecoli50_strength,ecoli50_r001841,55.73,206.673951574737,2.3152857431960894,knn_physchem_full,log10,runs/knn_physchem_integrated_20261002_v2/knn_model.joblib,,,,knn_physchem_integrated_20261002_v2,ecoli50_random_20260928_v1,val,20260928,ok,,,,2.0.0,ecoli50_strength_v1
course_ecoli50_strength,ecoli50_r001842,133.75,256.9406092068898,2.4098327495006364,knn_physchem_full,log10,runs/knn_physchem_integrated_20261002_v2/knn_model.joblib,,,,knn_physchem_integrated_20261002_v2,ecoli50_random_20260928_v1,val,20260928,ok,,,,2.0.0,ecoli50_strength_v1
course_ecoli50_strength,ecoli50_r001844,409.43,152.81878453596704,2.1841767411434785,knn_physchem_full,log10,runs/knn_physchem_integrated_20261002_v2/knn_model.joblib,,,,knn_physchem_integrated_20261002_v2,ecoli50_random_20260928_v1,val,20260928,ok,,,,2.0.0,ecoli50_strength_v1
course_ecoli50_strength,ecoli50_r001858,226.95,256.8412152863985,2.4096647161849964,knn_physchem_full,log10,runs/knn_physchem_integrated_20261002_v2/knn_model.joblib,,,,knn_physchem_integrated_20261002_v2,ecoli50_random_20260928_v1,val,20260928,ok,,,,2.0.0,ecoli50_strength_v1
course_ecoli50_strength,ecoli50_r001859,358.52,214.362594758188,2.3311490053334265,knn_physchem_full,log10,runs/knn_physchem_integrated_20261002_v2/knn_model.joblib,,,,knn_physchem_integrated_20261002_v2,ecoli50_random_20260928_v1,val,20260928,ok,,,,2.0.0,ecoli50_strength_v1
course_ecoli50_strength,ecoli50_r001862,48.11,225.93578192784696,2.3539850165033998,knn_physchem_full,log10,runs/knn_physchem_integrated_20261002_v2/knn_model.joblib,,,,knn_physchem_integrated_20261002_v2,ecoli50_random_20260928_v1,val,20260928,ok,,,,2.0.0,ecoli50_strength_v1
course_ecoli50_strength,ecoli50_r001872,95.79,195.6926076071682,2.2915744202617168,knn_physchem_full,log10,runs/knn_physchem_integrated_20261002_v2/knn_model.joblib,,,,knn_physchem_integrated_20261002_v2,ecoli50_random_20260928_v1,val,20260928,ok,,,,2.0.0,ecoli50_strength_v1
course_ecoli50_strength,ecoli50_r001879,60.13,175.00079689244626,2.243040026316032,knn_physchem_full,log10,runs/knn_physchem_integrated_20261002_v2/knn_model.joblib,,,,knn_physchem_integrated_20261002_v2,ecoli50_random_20260928_v1,val,20260928,ok,,,,2.0.0,ecoli50_strength_v1
course_ecoli50_strength,ecoli50_r001882,504.91,186.5560927224448,2.270809437201714,knn_physchem_full,log10,runs/knn_physchem_integrated_20261002_v2/knn_model.joblib,,,,knn_physchem_integrated_20261002_v2,ecoli50_random_20260928_v1,val,20260928,ok,,,,2.0.0,ecoli50_strength_v1
course_ecoli50_strength,ecoli50_r001887,140.34,207.07047503017003,2.316118179793612,knn_physchem_full,log10,runs/knn_physchem_integrated_20261002_v2/knn_model.joblib,,,,knn_physchem_integrated_20261002_v2,ecoli50_random_20260928_v1,val,20260928,ok,,,,2.0.0,ecoli50_strength_v1
course_ecoli50_strength,ecoli50_r001889,222.04,205.14457472682412,2.312060036061116,knn_physchem_full,log10,runs/knn_physchem_integrated_20261002_v2/knn_model.joblib,,,,knn_physchem_integrated_20261002_v2,ecoli50_random_20260928_v1,val,20260928,ok,,,,2.0.0,ecoli50_strength_v1
course_ecoli50_strength,ecoli50_r001901,27.86,255.86131092234413,2.4080046206928487,knn_physchem_full,log10,runs/knn_physchem_integrated_20261002_v2/knn_model.joblib,,,,knn_physchem_integrated_20261002_v2,ecoli50_random_20260928_v1,val,20260928,ok,,,,2.0.0,ecoli50_strength_v1
course_ecoli50_strength,ecoli50_r001903,63.94,161.4543139555402,2.2080496535777474,knn_physchem_full,log10,runs/knn_physchem_integrated_20261002_v2/knn_model.joblib,,,,knn_physchem_integrated_20261002_v2,ecoli50_random_20260928_v1,val,20260928,ok,,,,2.0.0,ecoli50_strength_v1
course_ecoli50_strength,ecoli50_r001915,64.84,227.854199658531,2.357657037622077,knn_physchem_full,log10,runs/knn_physchem_integrated_20261002_v2/knn_model.joblib,,,,knn_physchem_integrated_20261002_v2,ecoli50_random_20260928_v1,val,20260928,ok,,,,2.0.0,ecoli50_strength_v1
course_ecoli50_strength,ecoli50_r001916,40.26,185.1178810923446,2.267448370587963,knn_physchem_full,log10,runs/knn_physchem_integrated_20261002_v2/knn_model.joblib,,,,knn_physchem_integrated_20261002_v2,ecoli50_random_20260928_v1,val,20260928,ok,,,,2.0.0,ecoli50_strength_v1
course_ecoli50_strength,ecoli50_r001926,37.17,187.3483980935653,2.272649984047914,knn_physchem_full,log10,runs/knn_physchem_integrated_20261002_v2/knn_model.joblib,,,,knn_physchem_integrated_20261002_v2,ecoli50_random_20260928_v1,val,20260928,ok,,,,2.0.0,ecoli50_strength_v1
course_ecoli50_strength,ecoli50_r001928,24.05,168.5266596647448,2.226668612800541,knn_physchem_full,log10,runs/knn_physchem_integrated_20261002_v2/knn_model.joblib,,,,knn_physchem_integrated_20261002_v2,ecoli50_random_20260928_v1,val,20260928,ok,,,,2.0.0,ecoli50_strength_v1
course_ecoli50_strength,ecoli50_r001944,65.42,180.11156447097608,2.255541598575729,knn_physchem_full,log10,runs/knn_physchem_integrated_20261002_v2/knn_model.joblib,,,,knn_physchem_integrated_20261002_v2,ecoli50_random_20260928_v1,val,20260928,ok,,,,2.0.0,ecoli50_strength_v1
course_ecoli50_strength,ecoli50_r001945,256.43,152.52920126943553,2.183352996050948,knn_physchem_full,log10,runs/knn_physchem_integrated_20261002_v2/knn_model.joblib,,,,knn_physchem_integrated_20261002_v2,ecoli50_random_20260928_v1,val,20260928,ok,,,,2.0.0,ecoli50_strength_v1
course_ecoli50_strength,ecoli50_r001948,463.56,164.66072516831477,2.216590023719156,knn_physchem_full,log10,runs/knn_physchem_integrated_20261002_v2/knn_model.joblib,,,,knn_physchem_integrated_20261002_v2,ecoli50_random_20260928_v1,val,20260928,ok,,,,2.0.0,ecoli50_strength_v1
course_ecoli50_strength,ecoli50_r001950,107.82,152.72083471320832,2.183898289078314,knn_physchem_full,log10,runs/knn_physchem_integrated_20261002_v2/knn_model.joblib,,,,knn_physchem_integrated_20261002_v2,ecoli50_random_20260928_v1,val,20260928,ok,,,,2.0.0,ecoli50_strength_v1
course_ecoli50_strength,ecoli50_r001951,47.87,151.23345269355363,2.179647867311163,knn_physchem_full,log10,runs/knn_physchem_integrated_20261002_v2/knn_model.joblib,,,,knn_physchem_integrated_20261002_v2,ecoli50_random_20260928_v1,val,20260928,ok,,,,2.0.0,ecoli50_strength_v1
course_ecoli50_strength,ecoli50_r001965,159.85,205.40209019000227,2.312604858703155,knn_physchem_full,log10,runs/knn_physchem_integrated_20261002_v2/knn_model.joblib,,,,knn_physchem_integrated_20261002_v2,ecoli50_random_20260928_v1,val,20260928,ok,,,,2.0.0,ecoli50_strength_v1
course_ecoli50_strength,ecoli50_r001976,153.92,158.45191188624443,2.1998974837701604,knn_physchem_full,log10,runs/knn_physchem_integrated_20261002_v2/knn_model.joblib,,,,knn_physchem_integrated_20261002_v2,ecoli50_random_20260928_v1,val,20260928,ok,,,,2.0.0,ecoli50_strength_v1
course_ecoli50_strength,ecoli50_r001987,282.4,214.90464368508785,2.332245799879625,knn_physchem_full,log10,runs/knn_physchem_integrated_20261002_v2/knn_model.joblib,,,,knn_physchem_integrated_20261002_v2,ecoli50_random_20260928_v1,val,20260928,ok,,,,2.0.0,ecoli50_strength_v1
course_ecoli50_strength,ecoli50_r001998,186.41,222.97214267457628,2.3482506072704106,knn_physchem_full,log10,runs/knn_physchem_integrated_20261002_v2/knn_model.joblib,,,,knn_physchem_integrated_20261002_v2,ecoli50_random_20260928_v1,val,20260928,ok,,,,2.0.0,ecoli50_strength_v1
course_ecoli50_strength,ecoli50_r002000,518.58,162.72953644941057,2.2114663873116926,knn_physchem_full,log10,runs/knn_physchem_integrated_20261002_v2/knn_model.joblib,,,,knn_physchem_integrated_20261002_v2,ecoli50_random_20260928_v1,val,20260928,ok,,,,2.0.0,ecoli50_strength_v1
course_ecoli50_strength,ecoli50_r002006,1407.64,230.19843321809813,2.362102363398682,knn_physchem_full,log10,runs/knn_physchem_integrated_20261002_v2/knn_model.joblib,,,,knn_physchem_integrated_20261002_v2,ecoli50_random_20260928_v1,val,20260928,ok,,,,2.0.0,ecoli50_strength_v1
course_ecoli50_strength,ecoli50_r002023,72.21,161.71023146093805,2.208737498734196,knn_physchem_full,log10,runs/knn_physchem_integrated_20261002_v2/knn_model.joblib,,,,knn_physchem_integrated_20261002_v2,ecoli50_random_20260928_v1,val,20260928,ok,,,,2.0.0,ecoli50_strength_v1
course_ecoli50_strength,ecoli50_r002032,45.21,208.2227408271104,2.3185281587787347,knn_physchem_full,log10,runs/knn_physchem_integrated_20261002_v2/knn_model.joblib,,,,knn_physchem_integrated_20261002_v2,ecoli50_random_20260928_v1,val,20260928,ok,,,,2.0.0,ecoli50_strength_v1
course_ecoli50_strength,ecoli50_r002033,167.74,246.015307660148,2.390962130784276,knn_physchem_full,log10,runs/knn_physchem_integrated_20261002_v2/knn_model.joblib,,,,knn_physchem_integrated_20261002_v2,ecoli50_random_20260928_v1,val,20260928,ok,,,,2.0.0,ecoli50_strength_v1
course_ecoli50_strength,ecoli50_r002034,42.55,201.07376069707465,2.3033554006416166,knn_physchem_full,log10,runs/knn_physchem_integrated_20261002_v2/knn_model.joblib,,,,knn_physchem_integrated_20261002_v2,ecoli50_random_20260928_v1,val,20260928,ok,,,,2.0.0,ecoli50_strength_v1
course_ecoli50_strength,ecoli50_r002042,48.3,152.71693132631282,2.1838871888177827,knn_physchem_full,log10,runs/knn_physchem_integrated_20261002_v2/knn_model.joblib,,,,knn_physchem_integrated_20261002_v2,ecoli50_random_20260928_v1,val,20260928,ok,,,,2.0.0,ecoli50_strength_v1
course_ecoli50_strength,ecoli50_r002053,47.16,157.16618017292168,2.196359098036341,knn_physchem_full,log10,runs/knn_physchem_integrated_20261002_v2/knn_model.joblib,,,,knn_physchem_integrated_20261002_v2,ecoli50_random_20260928_v1,val,20260928,ok,,,,2.0.0,ecoli50_strength_v1
course_ecoli50_strength,ecoli50_r002061,534.96,254.05382214092,2.4049257330869915,knn_physchem_full,log10,runs/knn_physchem_integrated_20261002_v2/knn_model.joblib,,,,knn_physchem_integrated_20261002_v2,ecoli50_random_20260928_v1,val,20260928,ok,,,,2.0.0,ecoli50_strength_v1
course_ecoli50_strength,ecoli50_r002073,53.19,179.24661484622095,2.253450962568631,knn_physchem_full,log10,runs/knn_physchem_integrated_20261002_v2/knn_model.joblib,,,,knn_physchem_integrated_20261002_v2,ecoli50_random_20260928_v1,val,20260928,ok,,,,2.0.0,ecoli50_strength_v1
course_ecoli50_strength,ecoli50_r002079,285.16,212.44068256521305,2.3272376881238146,knn_physchem_full,log10,runs/knn_physchem_integrated_20261002_v2/knn_model.joblib,,,,knn_physchem_integrated_20261002_v2,ecoli50_random_20260928_v1,val,20260928,ok,,,,2.0.0,ecoli50_strength_v1
course_ecoli50_strength,ecoli50_r002083,226.63,220.26040589756985,2.342936435209579,knn_physchem_full,log10,runs/knn_physchem_integrated_20261002_v2/knn_model.joblib,,,,knn_physchem_integrated_20261002_v2,ecoli50_random_20260928_v1,val,20260928,ok,,,,2.0.0,ecoli50_strength_v1
course_ecoli50_strength,ecoli50_r002088,196.79,199.31552106502224,2.2995411193248216,knn_physchem_full,log10,runs/knn_physchem_integrated_20261002_v2/knn_model.joblib,,,,knn_physchem_integrated_20261002_v2,ecoli50_random_20260928_v1,val,20260928,ok,,,,2.0.0,ecoli50_strength_v1
course_ecoli50_strength,ecoli50_r002090,106.24,194.2323703079555,2.2883216100961903,knn_physchem_full,log10,runs/knn_physchem_integrated_20261002_v2/knn_model.joblib,,,,knn_physchem_integrated_20261002_v2,ecoli50_random_20260928_v1,val,20260928,ok,,,,2.0.0,ecoli50_strength_v1
course_ecoli50_strength,ecoli50_r002094,745.62,216.72954368152625,2.335918116595826,knn_physchem_full,log10,runs/knn_physchem_integrated_20261002_v2/knn_model.joblib,,,,knn_physchem_integrated_20261002_v2,ecoli50_random_20260928_v1,val,20260928,ok,,,,2.0.0,ecoli50_strength_v1
course_ecoli50_strength,ecoli50_r002099,3069.15,199.6335366010328,2.300233500565224,knn_physchem_full,log10,runs/knn_physchem_integrated_20261002_v2/knn_model.joblib,,,,knn_physchem_integrated_20261002_v2,ecoli50_random_20260928_v1,val,20260928,ok,,,,2.0.0,ecoli50_strength_v1
course_ecoli50_strength,ecoli50_r002105,84.19,169.11331687945395,2.228177807595065,knn_physchem_full,log10,runs/knn_physchem_integrated_20261002_v2/knn_model.joblib,,,,knn_physchem_integrated_20261002_v2,ecoli50_random_20260928_v1,val,20260928,ok,,,,2.0.0,ecoli50_strength_v1
course_ecoli50_strength,ecoli50_r002111,85.45,235.411102445307,2.3718269411625967,knn_physchem_full,log10,runs/knn_physchem_integrated_20261002_v2/knn_model.joblib,,,,knn_physchem_integrated_20261002_v2,ecoli50_random_20260928_v1,val,20260928,ok,,,,2.0.0,ecoli50_strength_v1
course_ecoli50_strength,ecoli50_r002118,92.88,165.13874897604018,2.2178489902340943,knn_physchem_full,log10,runs/knn_physchem_integrated_20261002_v2/knn_model.joblib,,,,knn_physchem_integrated_20261002_v2,ecoli50_random_20260928_v1,val,20260928,ok,,,,2.0.0,ecoli50_strength_v1
course_ecoli50_strength,ecoli50_r002121,70.59,253.83280226601383,2.4045477443252907,knn_physchem_full,log10,runs/knn_physchem_integrated_20261002_v2/knn_model.joblib,,,,knn_physchem_integrated_20261002_v2,ecoli50_random_20260928_v1,val,20260928,ok,,,,2.0.0,ecoli50_strength_v1
course_ecoli50_strength,ecoli50_r002130,42.44,151.94580789227058,2.1816887226168893,knn_physchem_full,log10,runs/knn_physchem_integrated_20261002_v2/knn_model.joblib,,,,knn_physchem_integrated_20261002_v2,ecoli50_random_20260928_v1,val,20260928,ok,,,,2.0.0,ecoli50_strength_v1
course_ecoli50_strength,ecoli50_r002140,374.32,244.6713373695612,2.3885830958277388,knn_physchem_full,log10,runs/knn_physchem_integrated_20261002_v2/knn_model.joblib,,,,knn_physchem_integrated_20261002_v2,ecoli50_random_20260928_v1,val,20260928,ok,,,,2.0.0,ecoli50_strength_v1
course_ecoli50_strength,ecoli50_r002145,462.73,150.43621841230856,2.17735240781797,knn_physchem_full,log10,runs/knn_physchem_integrated_20261002_v2/knn_model.joblib,,,,knn_physchem_integrated_20261002_v2,ecoli50_random_20260928_v1,val,20260928,ok,,,,2.0.0,ecoli50_strength_v1
course_ecoli50_strength,ecoli50_r002150,15087.58,267.242453396751,2.4269054501037406,knn_physchem_full,log10,runs/knn_physchem_integrated_20261002_v2/knn_model.joblib,,,,knn_physchem_integrated_20261002_v2,ecoli50_random_20260928_v1,val,20260928,ok,,,,2.0.0,ecoli50_strength_v1
course_ecoli50_strength,ecoli50_r002172,866.96,206.89107671706373,2.315741759800048,knn_physchem_full,log10,runs/knn_physchem_integrated_20261002_v2/knn_model.joblib,,,,knn_physchem_integrated_20261002_v2,ecoli50_random_20260928_v1,val,20260928,ok,,,,2.0.0,ecoli50_strength_v1
course_ecoli50_strength,ecoli50_r002173,72.45,255.96661971826205,2.4081833332127034,knn_physchem_full,log10,runs/knn_physchem_integrated_20261002_v2/knn_model.joblib,,,,knn_physchem_integrated_20261002_v2,ecoli50_random_20260928_v1,val,20260928,ok,,,,2.0.0,ecoli50_strength_v1
course_ecoli50_strength,ecoli50_r002182,1123.88,161.94925860229597,2.2093789641667034,knn_physchem_full,log10,runs/knn_physchem_integrated_20261002_v2/knn_model.joblib,,,,knn_physchem_integrated_20261002_v2,ecoli50_random_20260928_v1,val,20260928,ok,,,,2.0.0,ecoli50_strength_v1
course_ecoli50_strength,ecoli50_r002189,61.61,161.25478937091177,2.207512622324173,knn_physchem_full,log10,runs/knn_physchem_integrated_20261002_v2/knn_model.joblib,,,,knn_physchem_integrated_20261002_v2,ecoli50_random_20260928_v1,val,20260928,ok,,,,2.0.0,ecoli50_strength_v1
course_ecoli50_strength,ecoli50_r002192,164.46,152.67220214899862,2.183759969916406,knn_physchem_full,log10,runs/knn_physchem_integrated_20261002_v2/knn_model.joblib,,,,knn_physchem_integrated_20261002_v2,ecoli50_random_20260928_v1,val,20260928,ok,,,,2.0.0,ecoli50_strength_v1
course_ecoli50_strength,ecoli50_r002195,880.5,224.47019234173712,2.3511586786980287,knn_physchem_full,log10,runs/knn_physchem_integrated_20261002_v2/knn_model.joblib,,,,knn_physchem_integrated_20261002_v2,ecoli50_random_20260928_v1,val,20260928,ok,,,,2.0.0,ecoli50_strength_v1
course_ecoli50_strength,ecoli50_r002198,933.44,239.4461556116809,2.3792078686910667,knn_physchem_full,log10,runs/knn_physchem_integrated_20261002_v2/knn_model.joblib,,,,knn_physchem_integrated_20261002_v2,ecoli50_random_20260928_v1,val,20260928,ok,,,,2.0.0,ecoli50_strength_v1
course_ecoli50_strength,ecoli50_r002202,128.36,231.50506863166908,2.36456050401344,knn_physchem_full,log10,runs/knn_physchem_integrated_20261002_v2/knn_model.joblib,,,,knn_physchem_integrated_20261002_v2,ecoli50_random_20260928_v1,val,20260928,ok,,,,2.0.0,ecoli50_strength_v1
course_ecoli50_strength,ecoli50_r002204,56.0,159.01631569022362,2.2014416869034963,knn_physchem_full,log10,runs/knn_physchem_integrated_20261002_v2/knn_model.joblib,,,,knn_physchem_integrated_20261002_v2,ecoli50_random_20260928_v1,val,20260928,ok,,,,2.0.0,ecoli50_strength_v1
course_ecoli50_strength,ecoli50_r002206,89.0,162.93718584904613,2.212020211171968,knn_physchem_full,log10,runs/knn_physchem_integrated_20261002_v2/knn_model.joblib,,,,knn_physchem_integrated_20261002_v2,ecoli50_random_20260928_v1,val,20260928,ok,,,,2.0.0,ecoli50_strength_v1
course_ecoli50_strength,ecoli50_r002217,122.55,172.51734510691205,2.2368327661079856,knn_physchem_full,log10,runs/knn_physchem_integrated_20261002_v2/knn_model.joblib,,,,knn_physchem_integrated_20261002_v2,ecoli50_random_20260928_v1,val,20260928,ok,,,,2.0.0,ecoli50_strength_v1
course_ecoli50_strength,ecoli50_r002225,252.88,182.16035291064435,2.260453858993763,knn_physchem_full,log10,runs/knn_physchem_integrated_20261002_v2/knn_model.joblib,,,,knn_physchem_integrated_20261002_v2,ecoli50_random_20260928_v1,val,20260928,ok,,,,2.0.0,ecoli50_strength_v1
course_ecoli50_strength,ecoli50_r002226,1070.98,153.99525122753118,2.1875073286450517,knn_physchem_full,log10,runs/knn_physchem_integrated_20261002_v2/knn_model.joblib,,,,knn_physchem_integrated_20261002_v2,ecoli50_random_20260928_v1,val,20260928,ok,,,,2.0.0,ecoli50_strength_v1
course_ecoli50_strength,ecoli50_r002229,159.56,151.47849664765556,2.18035098630311,knn_physchem_full,log10,runs/knn_physchem_integrated_20261002_v2/knn_model.joblib,,,,knn_physchem_integrated_20261002_v2,ecoli50_random_20260928_v1,val,20260928,ok,,,,2.0.0,ecoli50_strength_v1
course_ecoli50_strength,ecoli50_r002240,72.16,265.26247703041787,2.4236758207657267,knn_physchem_full,log10,runs/knn_physchem_integrated_20261002_v2/knn_model.joblib,,,,knn_physchem_integrated_20261002_v2,ecoli50_random_20260928_v1,val,20260928,ok,,,,2.0.0,ecoli50_strength_v1
course_ecoli50_strength,ecoli50_r002250,36.08,144.07348242215585,2.1585840536974006,knn_physchem_full,log10,runs/knn_physchem_integrated_20261002_v2/knn_model.joblib,,,,knn_physchem_integrated_20261002_v2,ecoli50_random_20260928_v1,val,20260928,ok,,,,2.0.0,ecoli50_strength_v1
course_ecoli50_strength,ecoli50_r002258,73.69,151.19246349612325,2.179530143389913,knn_physchem_full,log10,runs/knn_physchem_integrated_20261002_v2/knn_model.joblib,,,,knn_physchem_integrated_20261002_v2,ecoli50_random_20260928_v1,val,20260928,ok,,,,2.0.0,ecoli50_strength_v1
course_ecoli50_strength,ecoli50_r002268,186.16,264.69653348480847,2.422748253737022,knn_physchem_full,log10,runs/knn_physchem_integrated_20261002_v2/knn_model.joblib,,,,knn_physchem_integrated_20261002_v2,ecoli50_random_20260928_v1,val,20260928,ok,,,,2.0.0,ecoli50_strength_v1
course_ecoli50_strength,ecoli50_r002275,2560.9,230.22162114730145,2.3621461077560912,knn_physchem_full,log10,runs/knn_physchem_integrated_20261002_v2/knn_model.joblib,,,,knn_physchem_integrated_20261002_v2,ecoli50_random_20260928_v1,val,20260928,ok,,,,2.0.0,ecoli50_strength_v1
course_ecoli50_strength,ecoli50_r002278,104.03,216.56262512472745,2.3355835072169824,knn_physchem_full,log10,runs/knn_physchem_integrated_20261002_v2/knn_model.joblib,,,,knn_physchem_integrated_20261002_v2,ecoli50_random_20260928_v1,val,20260928,ok,,,,2.0.0,ecoli50_strength_v1
course_ecoli50_strength,ecoli50_r002281,198.09,144.97025203819362,2.1612788939515224,knn_physchem_full,log10,runs/knn_physchem_integrated_20261002_v2/knn_model.joblib,,,,knn_physchem_integrated_20261002_v2,ecoli50_random_20260928_v1,val,20260928,ok,,,,2.0.0,ecoli50_strength_v1
course_ecoli50_strength,ecoli50_r002282,198.09,151.49314358997722,2.18039297760122,knn_physchem_full,log10,runs/knn_physchem_integrated_20261002_v2/knn_model.joblib,,,,knn_physchem_integrated_20261002_v2,ecoli50_random_20260928_v1,val,20260928,ok,,,,2.0.0,ecoli50_strength_v1
course_ecoli50_strength,ecoli50_r002284,66.87,170.56663500141784,2.23189408162683,knn_physchem_full,log10,runs/knn_physchem_integrated_20261002_v2/knn_model.joblib,,,,knn_physchem_integrated_20261002_v2,ecoli50_random_20260928_v1,val,20260928,ok,,,,2.0.0,ecoli50_strength_v1
course_ecoli50_strength,ecoli50_r002285,476.11,199.3806930107931,2.2996831011931014,knn_physchem_full,log10,runs/knn_physchem_integrated_20261002_v2/knn_model.joblib,,,,knn_physchem_integrated_20261002_v2,ecoli50_random_20260928_v1,val,20260928,ok,,,,2.0.0,ecoli50_strength_v1
course_ecoli50_strength,ecoli50_r002288,653.88,198.24934714904316,2.297211765825531,knn_physchem_full,log10,runs/knn_physchem_integrated_20261002_v2/knn_model.joblib,,,,knn_physchem_integrated_20261002_v2,ecoli50_random_20260928_v1,val,20260928,ok,,,,2.0.0,ecoli50_strength_v1
course_ecoli50_strength,ecoli50_r002301,1356.37,204.6870095123461,2.311090280981377,knn_physchem_full,log10,runs/knn_physchem_integrated_20261002_v2/knn_model.joblib,,,,knn_physchem_integrated_20261002_v2,ecoli50_random_20260928_v1,val,20260928,ok,,,,2.0.0,ecoli50_strength_v1
course_ecoli50_strength,ecoli50_r002302,53.19,203.0337969215592,2.307568336409957,knn_physchem_full,log10,runs/knn_physchem_integrated_20261002_v2/knn_model.joblib,,,,knn_physchem_integrated_20261002_v2,ecoli50_random_20260928_v1,val,20260928,ok,,,,2.0.0,ecoli50_strength_v1
course_ecoli50_strength,ecoli50_r002314,39.89,153.76292032708758,2.1868516186978804,knn_physchem_full,log10,runs/knn_physchem_integrated_20261002_v2/knn_model.joblib,,,,knn_physchem_integrated_20261002_v2,ecoli50_random_20260928_v1,val,20260928,ok,,,,2.0.0,ecoli50_strength_v1
course_ecoli50_strength,ecoli50_r002319,70.74,210.87322484044992,2.324021439662424,knn_physchem_full,log10,runs/knn_physchem_integrated_20261002_v2/knn_model.joblib,,,,knn_physchem_integrated_20261002_v2,ecoli50_random_20260928_v1,val,20260928,ok,,,,2.0.0,ecoli50_strength_v1
course_ecoli50_strength,ecoli50_r002327,215.89,189.6970426470276,2.2780605603452337,knn_physchem_full,log10,runs/knn_physchem_integrated_20261002_v2/knn_model.joblib,,,,knn_physchem_integrated_20261002_v2,ecoli50_random_20260928_v1,val,20260928,ok,,,,2.0.0,ecoli50_strength_v1
course_ecoli50_strength,ecoli50_r002332,180.4,233.1254542658575,2.367589695415339,knn_physchem_full,log10,runs/knn_physchem_integrated_20261002_v2/knn_model.joblib,,,,knn_physchem_integrated_20261002_v2,ecoli50_random_20260928_v1,val,20260928,ok,,,,2.0.0,ecoli50_strength_v1
course_ecoli50_strength,ecoli50_r002342,429.11,150.13699030052763,2.1764877055960774,knn_physchem_full,log10,runs/knn_physchem_integrated_20261002_v2/knn_model.joblib,,,,knn_physchem_integrated_20261002_v2,ecoli50_random_20260928_v1,val,20260928,ok,,,,2.0.0,ecoli50_strength_v1
course_ecoli50_strength,ecoli50_r002348,661.47,218.8288091096722,2.3401044968832214,knn_physchem_full,log10,runs/knn_physchem_integrated_20261002_v2/knn_model.joblib,,,,knn_physchem_integrated_20261002_v2,ecoli50_random_20260928_v1,val,20260928,ok,,,,2.0.0,ecoli50_strength_v1
course_ecoli50_strength,ecoli50_r002352,1046.33,219.1709021338822,2.3407828952433483,knn_physchem_full,log10,runs/knn_physchem_integrated_20261002_v2/knn_model.joblib,,,,knn_physchem_integrated_20261002_v2,ecoli50_random_20260928_v1,val,20260928,ok,,,,2.0.0,ecoli50_strength_v1
course_ecoli50_strength,ecoli50_r002359,232.85,149.34218136748686,2.174182490563576,knn_physchem_full,log10,runs/knn_physchem_integrated_20261002_v2/knn_model.joblib,,,,knn_physchem_integrated_20261002_v2,ecoli50_random_20260928_v1,val,20260928,ok,,,,2.0.0,ecoli50_strength_v1
course_ecoli50_strength,ecoli50_r002360,89.16,164.3765987398667,2.2158399898370305,knn_physchem_full,log10,runs/knn_physchem_integrated_20261002_v2/knn_model.joblib,,,,knn_physchem_integrated_20261002_v2,ecoli50_random_20260928_v1,val,20260928,ok,,,,2.0.0,ecoli50_strength_v1
course_ecoli50_strength,ecoli50_r002361,124.28,162.74101901503235,2.211497031035409,knn_physchem_full,log10,runs/knn_physchem_integrated_20261002_v2/knn_model.joblib,,,,knn_physchem_integrated_20261002_v2,ecoli50_random_20260928_v1,val,20260928,ok,,,,2.0.0,ecoli50_strength_v1
course_ecoli50_strength,ecoli50_r002374,254.49,197.5628997067428,2.295705391843609,knn_physchem_full,log10,runs/knn_physchem_integrated_20261002_v2/knn_model.joblib,,,,knn_physchem_integrated_20261002_v2,ecoli50_random_20260928_v1,val,20260928,ok,,,,2.0.0,ecoli50_strength_v1
course_ecoli50_strength,ecoli50_r002375,43.61,188.47430298731712,2.27525214588627,knn_physchem_full,log10,runs/knn_physchem_integrated_20261002_v2/knn_model.joblib,,,,knn_physchem_integrated_20261002_v2,ecoli50_random_20260928_v1,val,20260928,ok,,,,2.0.0,ecoli50_strength_v1
course_ecoli50_strength,ecoli50_r002385,55.91,239.98265973940576,2.3801798623301167,knn_physchem_full,log10,runs/knn_physchem_integrated_20261002_v2/knn_model.joblib,,,,knn_physchem_integrated_20261002_v2,ecoli50_random_20260928_v1,val,20260928,ok,,,,2.0.0,ecoli50_strength_v1
course_ecoli50_strength,ecoli50_r002398,418.27,181.67642206816288,2.259298568309024,knn_physchem_full,log10,runs/knn_physchem_integrated_20261002_v2/knn_model.joblib,,,,knn_physchem_integrated_20261002_v2,ecoli50_random_20260928_v1,val,20260928,ok,,,,2.0.0,ecoli50_strength_v1
course_ecoli50_strength,ecoli50_r002399,1627.62,245.23250294543524,2.3895780307499432,knn_physchem_full,log10,runs/knn_physchem_integrated_20261002_v2/knn_model.joblib,,,,knn_physchem_integrated_20261002_v2,ecoli50_random_20260928_v1,val,20260928,ok,,,,2.0.0,ecoli50_strength_v1
course_ecoli50_strength,ecoli50_r002403,282.63,245.76445285097068,2.3905190671302514,knn_physchem_full,log10,runs/knn_physchem_integrated_20261002_v2/knn_model.joblib,,,,knn_physchem_integrated_20261002_v2,ecoli50_random_20260928_v1,val,20260928,ok,,,,2.0.0,ecoli50_strength_v1
course_ecoli50_strength,ecoli50_r002412,256.35,237.3767474548799,2.3754381748265625,knn_physchem_full,log10,runs/knn_physchem_integrated_20261002_v2/knn_model.joblib,,,,knn_physchem_integrated_20261002_v2,ecoli50_random_20260928_v1,val,20260928,ok,,,,2.0.0,ecoli50_strength_v1
course_ecoli50_strength,ecoli50_r002426,134.3,239.3075003708693,2.378956310475677,knn_physchem_full,log10,runs/knn_physchem_integrated_20261002_v2/knn_model.joblib,,,,knn_physchem_integrated_20261002_v2,ecoli50_random_20260928_v1,val,20260928,ok,,,,2.0.0,ecoli50_strength_v1
course_ecoli50_strength,ecoli50_r002436,55.73,165.33398612824698,2.2183621365165176,knn_physchem_full,log10,runs/knn_physchem_integrated_20261002_v2/knn_model.joblib,,,,knn_physchem_integrated_20261002_v2,ecoli50_random_20260928_v1,val,20260928,ok,,,,2.0.0,ecoli50_strength_v1
course_ecoli50_strength,ecoli50_r002440,144.82,213.070256951176,2.328522829613247,knn_physchem_full,log10,runs/knn_physchem_integrated_20261002_v2/knn_model.joblib,,,,knn_physchem_integrated_20261002_v2,ecoli50_random_20260928_v1,val,20260928,ok,,,,2.0.0,ecoli50_strength_v1
course_ecoli50_strength,ecoli50_r002454,102.57,161.07910992380604,2.207039221157349,knn_physchem_full,log10,runs/knn_physchem_integrated_20261002_v2/knn_model.joblib,,,,knn_physchem_integrated_20261002_v2,ecoli50_random_20260928_v1,val,20260928,ok,,,,2.0.0,ecoli50_strength_v1
course_ecoli50_strength,ecoli50_r002455,969.55,182.7787751583619,2.261925762695495,knn_physchem_full,log10,runs/knn_physchem_integrated_20261002_v2/knn_model.joblib,,,,knn_physchem_integrated_20261002_v2,ecoli50_random_20260928_v1,val,20260928,ok,,,,2.0.0,ecoli50_strength_v1
course_ecoli50_strength,ecoli50_r002462,49.54,152.75739091839222,2.1840022320564665,knn_physchem_full,log10,runs/knn_physchem_integrated_20261002_v2/knn_model.joblib,,,,knn_physchem_integrated_20261002_v2,ecoli50_random_20260928_v1,val,20260928,ok,,,,2.0.0,ecoli50_strength_v1
course_ecoli50_strength,ecoli50_r002476,330.96,260.19031327030365,2.4152911240028008,knn_physchem_full,log10,runs/knn_physchem_integrated_20261002_v2/knn_model.joblib,,,,knn_physchem_integrated_20261002_v2,ecoli50_random_20260928_v1,val,20260928,ok,,,,2.0.0,ecoli50_strength_v1
course_ecoli50_strength,ecoli50_r002482,56.59,139.36929871120583,2.144167114731917,knn_physchem_full,log10,runs/knn_physchem_integrated_20261002_v2/knn_model.joblib,,,,knn_physchem_integrated_20261002_v2,ecoli50_random_20260928_v1,val,20260928,ok,,,,2.0.0,ecoli50_strength_v1
course_ecoli50_strength,ecoli50_r002489,42.09,159.3521293254439,2.20235787106116,knn_physchem_full,log10,runs/knn_physchem_integrated_20261002_v2/knn_model.joblib,,,,knn_physchem_integrated_20261002_v2,ecoli50_random_20260928_v1,val,20260928,ok,,,,2.0.0,ecoli50_strength_v1
course_ecoli50_strength,ecoli50_r002490,92.88,243.6336727338838,2.3867373121705366,knn_physchem_full,log10,runs/knn_physchem_integrated_20261002_v2/knn_model.joblib,,,,knn_physchem_integrated_20261002_v2,ecoli50_random_20260928_v1,val,20260928,ok,,,,2.0.0,ecoli50_strength_v1
course_ecoli50_strength,ecoli50_r002499,926.06,266.15220489509016,2.425130068366389,knn_physchem_full,log10,runs/knn_physchem_integrated_20261002_v2/knn_model.joblib,,,,knn_physchem_integrated_20261002_v2,ecoli50_random_20260928_v1,val,20260928,ok,,,,2.0.0,ecoli50_strength_v1
course_ecoli50_strength,ecoli50_r002524,39.89,238.66801263906336,2.3777942168063624,knn_physchem_full,log10,runs/knn_physchem_integrated_20261002_v2/knn_model.joblib,,,,knn_physchem_integrated_20261002_v2,ecoli50_random_20260928_v1,val,20260928,ok,,,,2.0.0,ecoli50_strength_v1
course_ecoli50_strength,ecoli50_r002527,74.3,188.4254382674031,2.275139534090535,knn_physchem_full,log10,runs/knn_physchem_integrated_20261002_v2/knn_model.joblib,,,,knn_physchem_integrated_20261002_v2,ecoli50_random_20260928_v1,val,20260928,ok,,,,2.0.0,ecoli50_strength_v1
course_ecoli50_strength,ecoli50_r002531,96.21,171.7894440736171,2.234996474271565,knn_physchem_full,log10,runs/knn_physchem_integrated_20261002_v2/knn_model.joblib,,,,knn_physchem_integrated_20261002_v2,ecoli50_random_20260928_v1,val,20260928,ok,,,,2.0.0,ecoli50_strength_v1
course_ecoli50_strength,ecoli50_r002543,56.48,163.9417195958886,2.2146894861189605,knn_physchem_full,log10,runs/knn_physchem_integrated_20261002_v2/knn_model.joblib,,,,knn_physchem_integrated_20261002_v2,ecoli50_random_20260928_v1,val,20260928,ok,,,,2.0.0,ecoli50_strength_v1
course_ecoli50_strength,ecoli50_r002563,102.94,234.477624510951,2.370101405622244,knn_physchem_full,log10,runs/knn_physchem_integrated_20261002_v2/knn_model.joblib,,,,knn_physchem_integrated_20261002_v2,ecoli50_random_20260928_v1,val,20260928,ok,,,,2.0.0,ecoli50_strength_v1
course_ecoli50_strength,ecoli50_r002564,100.8,169.10919406610563,2.228167219801354,knn_physchem_full,log10,runs/knn_physchem_integrated_20261002_v2/knn_model.joblib,,,,knn_physchem_integrated_20261002_v2,ecoli50_random_20260928_v1,val,20260928,ok,,,,2.0.0,ecoli50_strength_v1
course_ecoli50_strength,ecoli50_r002586,66.15,150.73646202206572,2.178218317607352,knn_physchem_full,log10,runs/knn_physchem_integrated_20261002_v2/knn_model.joblib,,,,knn_physchem_integrated_20261002_v2,ecoli50_random_20260928_v1,val,20260928,ok,,,,2.0.0,ecoli50_strength_v1
course_ecoli50_strength,ecoli50_r002588,152.65,168.582275072484,2.226811910485178,knn_physchem_full,log10,runs/knn_physchem_integrated_20261002_v2/knn_model.joblib,,,,knn_physchem_integrated_20261002_v2,ecoli50_random_20260928_v1,val,20260928,ok,,,,2.0.0,ecoli50_strength_v1
course_ecoli50_strength,ecoli50_r002614,2260.03,198.71725238775997,2.2982355736601146,knn_physchem_full,log10,runs/knn_physchem_integrated_20261002_v2/knn_model.joblib,,,,knn_physchem_integrated_20261002_v2,ecoli50_random_20260928_v1,val,20260928,ok,,,,2.0.0,ecoli50_strength_v1
course_ecoli50_strength,ecoli50_r002619,624.0,141.36356491726193,2.1503374887084807,knn_physchem_full,log10,runs/knn_physchem_integrated_20261002_v2/knn_model.joblib,,,,knn_physchem_integrated_20261002_v2,ecoli50_random_20260928_v1,val,20260928,ok,,,,2.0.0,ecoli50_strength_v1
course_ecoli50_strength,ecoli50_r002622,56.0,175.37418818547158,2.24396567367356,knn_physchem_full,log10,runs/knn_physchem_integrated_20261002_v2/knn_model.joblib,,,,knn_physchem_integrated_20261002_v2,ecoli50_random_20260928_v1,val,20260928,ok,,,,2.0.0,ecoli50_strength_v1
course_ecoli50_strength,ecoli50_r002625,27.92,238.13618536966655,2.376825392516753,knn_physchem_full,log10,runs/knn_physchem_integrated_20261002_v2/knn_model.joblib,,,,knn_physchem_integrated_20261002_v2,ecoli50_random_20260928_v1,val,20260928,ok,,,,2.0.0,ecoli50_strength_v1
course_ecoli50_strength,ecoli50_r002633,2121.38,172.735288061641,2.237381068574572,knn_physchem_full,log10,runs/knn_physchem_integrated_20261002_v2/knn_model.joblib,,,,knn_physchem_integrated_20261002_v2,ecoli50_random_20260928_v1,val,20260928,ok,,,,2.0.0,ecoli50_strength_v1
course_ecoli50_strength,ecoli50_r002634,2120.14,154.07490414072498,2.18773190620205,knn_physchem_full,log10,runs/knn_physchem_integrated_20261002_v2/knn_model.joblib,,,,knn_physchem_integrated_20261002_v2,ecoli50_random_20260928_v1,val,20260928,ok,,,,2.0.0,ecoli50_strength_v1
course_ecoli50_strength,ecoli50_r002650,886.52,239.1754207548456,2.378716546641545,knn_physchem_full,log10,runs/knn_physchem_integrated_20261002_v2/knn_model.joblib,,,,knn_physchem_integrated_20261002_v2,ecoli50_random_20260928_v1,val,20260928,ok,,,,2.0.0,ecoli50_strength_v1
course_ecoli50_strength,ecoli50_r002652,112.69,193.37157994851825,2.286392645659609,knn_physchem_full,log10,runs/knn_physchem_integrated_20261002_v2/knn_model.joblib,,,,knn_physchem_integrated_20261002_v2,ecoli50_random_20260928_v1,val,20260928,ok,,,,2.0.0,ecoli50_strength_v1
course_ecoli50_strength,ecoli50_r002655,174.61,261.3974902744261,2.417301413523025,knn_physchem_full,log10,runs/knn_physchem_integrated_20261002_v2/knn_model.joblib,,,,knn_physchem_integrated_20261002_v2,ecoli50_random_20260928_v1,val,20260928,ok,,,,2.0.0,ecoli50_strength_v1
course_ecoli50_strength,ecoli50_r002657,150.97,263.39293327208145,2.4206041188333947,knn_physchem_full,log10,runs/knn_physchem_integrated_20261002_v2/knn_model.joblib,,,,knn_physchem_integrated_20261002_v2,ecoli50_random_20260928_v1,val,20260928,ok,,,,2.0.0,ecoli50_strength_v1
course_ecoli50_strength,ecoli50_r002658,271.74,204.69291390938287,2.3111028084498995,knn_physchem_full,log10,runs/knn_physchem_integrated_20261002_v2/knn_model.joblib,,,,knn_physchem_integrated_20261002_v2,ecoli50_random_20260928_v1,val,20260928,ok,,,,2.0.0,ecoli50_strength_v1
course_ecoli50_strength,ecoli50_r002661,38.32,256.16631914195705,2.408522027936533,knn_physchem_full,log10,runs/knn_physchem_integrated_20261002_v2/knn_model.joblib,,,,knn_physchem_integrated_20261002_v2,ecoli50_random_20260928_v1,val,20260928,ok,,,,2.0.0,ecoli50_strength_v1
course_ecoli50_strength,ecoli50_r002663,144.32,185.80850102121403,2.269065579744525,knn_physchem_full,log10,runs/knn_physchem_integrated_20261002_v2/knn_model.joblib,,,,knn_physchem_integrated_20261002_v2,ecoli50_random_20260928_v1,val,20260928,ok,,,,2.0.0,ecoli50_strength_v1
course_ecoli50_strength,ecoli50_r002667,143.61,207.67111365436116,2.317376091850608,knn_physchem_full,log10,runs/knn_physchem_integrated_20261002_v2/knn_model.joblib,,,,knn_physchem_integrated_20261002_v2,ecoli50_random_20260928_v1,val,20260928,ok,,,,2.0.0,ecoli50_strength_v1
course_ecoli50_strength,ecoli50_r002669,132.29,155.0604283090136,2.19050097924644,knn_physchem_full,log10,runs/knn_physchem_integrated_20261002_v2/knn_model.joblib,,,,knn_physchem_integrated_20261002_v2,ecoli50_random_20260928_v1,val,20260928,ok,,,,2.0.0,ecoli50_strength_v1
course_ecoli50_strength,ecoli50_r002672,1202.68,198.55231810383532,2.297874961829654,knn_physchem_full,log10,runs/knn_physchem_integrated_20261002_v2/knn_model.joblib,,,,knn_physchem_integrated_20261002_v2,ecoli50_random_20260928_v1,val,20260928,ok,,,,2.0.0,ecoli50_strength_v1
course_ecoli50_strength,ecoli50_r002673,240.67,195.37522654713655,2.290869494613241,knn_physchem_full,log10,runs/knn_physchem_integrated_20261002_v2/knn_model.joblib,,,,knn_physchem_integrated_20261002_v2,ecoli50_random_20260928_v1,val,20260928,ok,,,,2.0.0,ecoli50_strength_v1
course_ecoli50_strength,ecoli50_r002680,148.93,148.78813177992993,2.1725682906987727,knn_physchem_full,log10,runs/knn_physchem_integrated_20261002_v2/knn_model.joblib,,,,knn_physchem_integrated_20261002_v2,ecoli50_random_20260928_v1,val,20260928,ok,,,,2.0.0,ecoli50_strength_v1
course_ecoli50_strength,ecoli50_r002681,59.44,165.35511430840614,2.21841763185674,knn_physchem_full,log10,runs/knn_physchem_integrated_20261002_v2/knn_model.joblib,,,,knn_physchem_integrated_20261002_v2,ecoli50_random_20260928_v1,val,20260928,ok,,,,2.0.0,ecoli50_strength_v1
course_ecoli50_strength,ecoli50_r002683,2055.7,256.4272380541467,2.4089641546546083,knn_physchem_full,log10,runs/knn_physchem_integrated_20261002_v2/knn_model.joblib,,,,knn_physchem_integrated_20261002_v2,ecoli50_random_20260928_v1,val,20260928,ok,,,,2.0.0,ecoli50_strength_v1
course_ecoli50_strength,ecoli50_r002686,118.89,245.9244759717384,2.390801754645492,knn_physchem_full,log10,runs/knn_physchem_integrated_20261002_v2/knn_model.joblib,,,,knn_physchem_integrated_20261002_v2,ecoli50_random_20260928_v1,val,20260928,ok,,,,2.0.0,ecoli50_strength_v1
course_ecoli50_strength,ecoli50_r002692,31.91,224.9246023289258,2.35203696131081,knn_physchem_full,log10,runs/knn_physchem_integrated_20261002_v2/knn_model.joblib,,,,knn_physchem_integrated_20261002_v2,ecoli50_random_20260928_v1,val,20260928,ok,,,,2.0.0,ecoli50_strength_v1
course_ecoli50_strength,ecoli50_r002700,97.29,166.85629993508007,2.222342608805552,knn_physchem_full,log10,runs/knn_physchem_integrated_20261002_v2/knn_model.joblib,,,,knn_physchem_integrated_20261002_v2,ecoli50_random_20260928_v1,val,20260928,ok,,,,2.0.0,ecoli50_strength_v1
course_ecoli50_strength,ecoli50_r002707,36.08,147.51125429667792,2.168825155856478,knn_physchem_full,log10,runs/knn_physchem_integrated_20261002_v2/knn_model.joblib,,,,knn_physchem_integrated_20261002_v2,ecoli50_random_20260928_v1,val,20260928,ok,,,,2.0.0,ecoli50_strength_v1
course_ecoli50_strength,ecoli50_r002708,330.27,152.07324086809186,2.182052801392075,knn_physchem_full,log10,runs/knn_physchem_integrated_20261002_v2/knn_model.joblib,,,,knn_physchem_integrated_20261002_v2,ecoli50_random_20260928_v1,val,20260928,ok,,,,2.0.0,ecoli50_strength_v1
course_ecoli50_strength,ecoli50_r002709,4694.17,231.83268486612064,2.3651746648300014,knn_physchem_full,log10,runs/knn_physchem_integrated_20261002_v2/knn_model.joblib,,,,knn_physchem_integrated_20261002_v2,ecoli50_random_20260928_v1,val,20260928,ok,,,,2.0.0,ecoli50_strength_v1
course_ecoli50_strength,ecoli50_r002710,105.23,226.95140455999928,2.355932874854896,knn_physchem_full,log10,runs/knn_physchem_integrated_20261002_v2/knn_model.joblib,,,,knn_physchem_integrated_20261002_v2,ecoli50_random_20260928_v1,val,20260928,ok,,,,2.0.0,ecoli50_strength_v1
course_ecoli50_strength,ecoli50_r002714,87.39,246.45201251395127,2.3917323689307315,knn_physchem_full,log10,runs/knn_physchem_integrated_20261002_v2/knn_model.joblib,,,,knn_physchem_integrated_20261002_v2,ecoli50_random_20260928_v1,val,20260928,ok,,,,2.0.0,ecoli50_strength_v1
course_ecoli50_strength,ecoli50_r002718,252.56,179.94965224776428,2.2551510117167823,knn_physchem_full,log10,runs/knn_physchem_integrated_20261002_v2/knn_model.joblib,,,,knn_physchem_integrated_20261002_v2,ecoli50_random_20260928_v1,val,20260928,ok,,,,2.0.0,ecoli50_strength_v1
course_ecoli50_strength,ecoli50_r002719,527.28,242.2491358425673,2.3842622364989685,knn_physchem_full,log10,runs/knn_physchem_integrated_20261002_v2/knn_model.joblib,,,,knn_physchem_integrated_20261002_v2,ecoli50_random_20260928_v1,val,20260928,ok,,,,2.0.0,ecoli50_strength_v1
course_ecoli50_strength,ecoli50_r002739,2086.9,267.3830118832027,2.427133811004676,knn_physchem_full,log10,runs/knn_physchem_integrated_20261002_v2/knn_model.joblib,,,,knn_physchem_integrated_20261002_v2,ecoli50_random_20260928_v1,val,20260928,ok,,,,2.0.0,ecoli50_strength_v1
course_ecoli50_strength,ecoli50_r002741,84.19,240.1235980748316,2.38043484231476,knn_physchem_full,log10,runs/knn_physchem_integrated_20261002_v2/knn_model.joblib,,,,knn_physchem_integrated_20261002_v2,ecoli50_random_20260928_v1,val,20260928,ok,,,,2.0.0,ecoli50_strength_v1
course_ecoli50_strength,ecoli50_r002771,310.32,186.01815890420397,2.269555341674657,knn_physchem_full,log10,runs/knn_physchem_integrated_20261002_v2/knn_model.joblib,,,,knn_physchem_integrated_20261002_v2,ecoli50_random_20260928_v1,val,20260928,ok,,,,2.0.0,ecoli50_strength_v1
course_ecoli50_strength,ecoli50_r002773,81.73,231.11828102647053,2.363834298724101,knn_physchem_full,log10,runs/knn_physchem_integrated_20261002_v2/knn_model.joblib,,,,knn_physchem_integrated_20261002_v2,ecoli50_random_20260928_v1,val,20260928,ok,,,,2.0.0,ecoli50_strength_v1
course_ecoli50_strength,ecoli50_r002777,70.45,160.296862231631,2.2049250212385774,knn_physchem_full,log10,runs/knn_physchem_integrated_20261002_v2/knn_model.joblib,,,,knn_physchem_integrated_20261002_v2,ecoli50_random_20260928_v1,val,20260928,ok,,,,2.0.0,ecoli50_strength_v1
course_ecoli50_strength,ecoli50_r002800,114.95,154.45135976035525,2.188791736100205,knn_physchem_full,log10,runs/knn_physchem_integrated_20261002_v2/knn_model.joblib,,,,knn_physchem_integrated_20261002_v2,ecoli50_random_20260928_v1,val,20260928,ok,,,,2.0.0,ecoli50_strength_v1
course_ecoli50_strength,ecoli50_r002803,331.59,155.1980591792755,2.190886285910563,knn_physchem_full,log10,runs/knn_physchem_integrated_20261002_v2/knn_model.joblib,,,,knn_physchem_integrated_20261002_v2,ecoli50_random_20260928_v1,val,20260928,ok,,,,2.0.0,ecoli50_strength_v1
course_ecoli50_strength,ecoli50_r002812,48.11,191.97449127890587,2.2832435254077343,knn_physchem_full,log10,runs/knn_physchem_integrated_20261002_v2/knn_model.joblib,,,,knn_physchem_integrated_20261002_v2,ecoli50_random_20260928_v1,val,20260928,ok,,,,2.0.0,ecoli50_strength_v1
course_ecoli50_strength,ecoli50_r002814,63.94,152.0155640793305,2.1818880553640345,knn_physchem_full,log10,runs/knn_physchem_integrated_20261002_v2/knn_model.joblib,,,,knn_physchem_integrated_20261002_v2,ecoli50_random_20260928_v1,val,20260928,ok,,,,2.0.0,ecoli50_strength_v1
course_ecoli50_strength,ecoli50_r002815,148.61,141.76313487947198,2.1515633084213803,knn_physchem_full,log10,runs/knn_physchem_integrated_20261002_v2/knn_model.joblib,,,,knn_physchem_integrated_20261002_v2,ecoli50_random_20260928_v1,val,20260928,ok,,,,2.0.0,ecoli50_strength_v1
course_ecoli50_strength,ecoli50_r002817,201.9,148.83734707971277,2.172711920426964,knn_physchem_full,log10,runs/knn_physchem_integrated_20261002_v2/knn_model.joblib,,,,knn_physchem_integrated_20261002_v2,ecoli50_random_20260928_v1,val,20260928,ok,,,,2.0.0,ecoli50_strength_v1
course_ecoli50_strength,ecoli50_r002820,589.49,207.839886772114,2.317728897132246,knn_physchem_full,log10,runs/knn_physchem_integrated_20261002_v2/knn_model.joblib,,,,knn_physchem_integrated_20261002_v2,ecoli50_random_20260928_v1,val,20260928,ok,,,,2.0.0,ecoli50_strength_v1
course_ecoli50_strength,ecoli50_r002821,297.22,142.65345710791925,2.154282300947177,knn_physchem_full,log10,runs/knn_physchem_integrated_20261002_v2/knn_model.joblib,,,,knn_physchem_integrated_20261002_v2,ecoli50_random_20260928_v1,val,20260928,ok,,,,2.0.0,ecoli50_strength_v1
course_ecoli50_strength,ecoli50_r002826,565.26,221.48475992588823,2.3453438483568463,knn_physchem_full,log10,runs/knn_physchem_integrated_20261002_v2/knn_model.joblib,,,,knn_physchem_integrated_20261002_v2,ecoli50_random_20260928_v1,val,20260928,ok,,,,2.0.0,ecoli50_strength_v1
course_ecoli50_strength,ecoli50_r002828,122.33,204.67791612450256,2.311070986665154,knn_physchem_full,log10,runs/knn_physchem_integrated_20261002_v2/knn_model.joblib,,,,knn_physchem_integrated_20261002_v2,ecoli50_random_20260928_v1,val,20260928,ok,,,,2.0.0,ecoli50_strength_v1
course_ecoli50_strength,ecoli50_r002833,28.93,241.2453110503958,2.382458880959959,knn_physchem_full,log10,runs/knn_physchem_integrated_20261002_v2/knn_model.joblib,,,,knn_physchem_integrated_20261002_v2,ecoli50_random_20260928_v1,val,20260928,ok,,,,2.0.0,ecoli50_strength_v1
course_ecoli50_strength,ecoli50_r002839,917.48,185.75180152737963,2.2689330344897107,knn_physchem_full,log10,runs/knn_physchem_integrated_20261002_v2/knn_model.joblib,,,,knn_physchem_integrated_20261002_v2,ecoli50_random_20260928_v1,val,20260928,ok,,,,2.0.0,ecoli50_strength_v1
course_ecoli50_strength,ecoli50_r002843,7692.12,248.91698987157335,2.396054540464169,knn_physchem_full,log10,runs/knn_physchem_integrated_20261002_v2/knn_model.joblib,,,,knn_physchem_integrated_20261002_v2,ecoli50_random_20260928_v1,val,20260928,ok,,,,2.0.0,ecoli50_strength_v1
course_ecoli50_strength,ecoli50_r002845,10121.04,157.7933470263019,2.198088688286103,knn_physchem_full,log10,runs/knn_physchem_integrated_20261002_v2/knn_model.joblib,,,,knn_physchem_integrated_20261002_v2,ecoli50_random_20260928_v1,val,20260928,ok,,,,2.0.0,ecoli50_strength_v1
course_ecoli50_strength,ecoli50_r002859,103.72,166.3006590480374,2.220893970328111,knn_physchem_full,log10,runs/knn_physchem_integrated_20261002_v2/knn_model.joblib,,,,knn_physchem_integrated_20261002_v2,ecoli50_random_20260928_v1,val,20260928,ok,,,,2.0.0,ecoli50_strength_v1
course_ecoli50_strength,ecoli50_r002861,3120.95,232.74346374338293,2.3668774933051933,knn_physchem_full,log10,runs/knn_physchem_integrated_20261002_v2/knn_model.joblib,,,,knn_physchem_integrated_20261002_v2,ecoli50_random_20260928_v1,val,20260928,ok,,,,2.0.0,ecoli50_strength_v1
course_ecoli50_strength,ecoli50_r002868,56.12,162.5790781033192,2.2110646565784755,knn_physchem_full,log10,runs/knn_physchem_integrated_20261002_v2/knn_model.joblib,,,,knn_physchem_integrated_20261002_v2,ecoli50_random_20260928_v1,val,20260928,ok,,,,2.0.0,ecoli50_strength_v1
course_ecoli50_strength,ecoli50_r002904,106.38,168.3378537523865,2.2261817857753834,knn_physchem_full,log10,runs/knn_physchem_integrated_20261002_v2/knn_model.joblib,,,,knn_physchem_integrated_20261002_v2,ecoli50_random_20260928_v1,val,20260928,ok,,,,2.0.0,ecoli50_strength_v1
course_ecoli50_strength,ecoli50_r002920,809.9,235.3760274298357,2.371762228749137,knn_physchem_full,log10,runs/knn_physchem_integrated_20261002_v2/knn_model.joblib,,,,knn_physchem_integrated_20261002_v2,ecoli50_random_20260928_v1,val,20260928,ok,,,,2.0.0,ecoli50_strength_v1
course_ecoli50_strength,ecoli50_r002924,75.16,249.9266056299839,2.3978124908733416,knn_physchem_full,log10,runs/knn_physchem_integrated_20261002_v2/knn_model.joblib,,,,knn_physchem_integrated_20261002_v2,ecoli50_random_20260928_v1,val,20260928,ok,,,,2.0.0,ecoli50_strength_v1
course_ecoli50_strength,ecoli50_r002933,72.16,210.57616183677231,2.323409205554515,knn_physchem_full,log10,runs/knn_physchem_integrated_20261002_v2/knn_model.joblib,,,,knn_physchem_integrated_20261002_v2,ecoli50_random_20260928_v1,val,20260928,ok,,,,2.0.0,ecoli50_strength_v1
course_ecoli50_strength,ecoli50_r002934,383.64,185.3102804803197,2.267899513393512,knn_physchem_full,log10,runs/knn_physchem_integrated_20261002_v2/knn_model.joblib,,,,knn_physchem_integrated_20261002_v2,ecoli50_random_20260928_v1,val,20260928,ok,,,,2.0.0,ecoli50_strength_v1
course_ecoli50_strength,ecoli50_r002958,667.49,246.05116781127447,2.391025430629148,knn_physchem_full,log10,runs/knn_physchem_integrated_20261002_v2/knn_model.joblib,,,,knn_physchem_integrated_20261002_v2,ecoli50_random_20260928_v1,val,20260928,ok,,,,2.0.0,ecoli50_strength_v1
course_ecoli50_strength,ecoli50_r002967,120.27,185.6445344659191,2.268682167748912,knn_physchem_full,log10,runs/knn_physchem_integrated_20261002_v2/knn_model.joblib,,,,knn_physchem_integrated_20261002_v2,ecoli50_random_20260928_v1,val,20260928,ok,,,,2.0.0,ecoli50_strength_v1
course_ecoli50_strength,ecoli50_r002973,41.07,146.43512592418747,2.1656452650097,knn_physchem_full,log10,runs/knn_physchem_integrated_20261002_v2/knn_model.joblib,,,,knn_physchem_integrated_20261002_v2,ecoli50_random_20260928_v1,val,20260928,ok,,,,2.0.0,ecoli50_strength_v1
course_ecoli50_strength,ecoli50_r002983,291.87,194.2623983014248,2.2883887460936143,knn_physchem_full,log10,runs/knn_physchem_integrated_20261002_v2/knn_model.joblib,,,,knn_physchem_integrated_20261002_v2,ecoli50_random_20260928_v1,val,20260928,ok,,,,2.0.0,ecoli50_strength_v1
course_ecoli50_strength,ecoli50_r002997,172.77,245.7076861550736,2.390418742163943,knn_physchem_full,log10,runs/knn_physchem_integrated_20261002_v2/knn_model.joblib,,,,knn_physchem_integrated_20261002_v2,ecoli50_random_20260928_v1,val,20260928,ok,,,,2.0.0,ecoli50_strength_v1
course_ecoli50_strength,ecoli50_r002999,374.13,244.4355591850892,2.388164385017802,knn_physchem_full,log10,runs/knn_physchem_integrated_20261002_v2/knn_model.joblib,,,,knn_physchem_integrated_20261002_v2,ecoli50_random_20260928_v1,val,20260928,ok,,,,2.0.0,ecoli50_strength_v1
course_ecoli50_strength,ecoli50_r003008,50.11,162.56100672353216,2.211016380153044,knn_physchem_full,log10,runs/knn_physchem_integrated_20261002_v2/knn_model.joblib,,,,knn_physchem_integrated_20261002_v2,ecoli50_random_20260928_v1,val,20260928,ok,,,,2.0.0,ecoli50_strength_v1
course_ecoli50_strength,ecoli50_r003013,305.29,181.6528597301283,2.259242239276842,knn_physchem_full,log10,runs/knn_physchem_integrated_20261002_v2/knn_model.joblib,,,,knn_physchem_integrated_20261002_v2,ecoli50_random_20260928_v1,val,20260928,ok,,,,2.0.0,ecoli50_strength_v1
course_ecoli50_strength,ecoli50_r003021,120.27,253.10700128549547,2.403304158503188,knn_physchem_full,log10,runs/knn_physchem_integrated_20261002_v2/knn_model.joblib,,,,knn_physchem_integrated_20261002_v2,ecoli50_random_20260928_v1,val,20260928,ok,,,,2.0.0,ecoli50_strength_v1
course_ecoli50_strength,ecoli50_r003022,54.12,263.829769917541,2.4213237987215432,knn_physchem_full,log10,runs/knn_physchem_integrated_20261002_v2/knn_model.joblib,,,,knn_physchem_integrated_20261002_v2,ecoli50_random_20260928_v1,val,20260928,ok,,,,2.0.0,ecoli50_strength_v1
course_ecoli50_strength,ecoli50_r003027,42.44,184.839676736223,2.266795200315195,knn_physchem_full,log10,runs/knn_physchem_integrated_20261002_v2/knn_model.joblib,,,,knn_physchem_integrated_20261002_v2,ecoli50_random_20260928_v1,val,20260928,ok,,,,2.0.0,ecoli50_strength_v1
course_ecoli50_strength,ecoli50_r003036,196.26,242.23737992003845,2.384241160443727,knn_physchem_full,log10,runs/knn_physchem_integrated_20261002_v2/knn_model.joblib,,,,knn_physchem_integrated_20261002_v2,ecoli50_random_20260928_v1,val,20260928,ok,,,,2.0.0,ecoli50_strength_v1
course_ecoli50_strength,ecoli50_r003037,78.02,256.3962443558636,2.4089116594291897,knn_physchem_full,log10,runs/knn_physchem_integrated_20261002_v2/knn_model.joblib,,,,knn_physchem_integrated_20261002_v2,ecoli50_random_20260928_v1,val,20260928,ok,,,,2.0.0,ecoli50_strength_v1
course_ecoli50_strength,ecoli50_r003040,125.27,215.37846964018783,2.3332022867808693,knn_physchem_full,log10,runs/knn_physchem_integrated_20261002_v2/knn_model.joblib,,,,knn_physchem_integrated_20261002_v2,ecoli50_random_20260928_v1,val,20260928,ok,,,,2.0.0,ecoli50_strength_v1
course_ecoli50_strength,ecoli50_r003042,594.43,211.6021042785516,2.325519982229024,knn_physchem_full,log10,runs/knn_physchem_integrated_20261002_v2/knn_model.joblib,,,,knn_physchem_integrated_20261002_v2,ecoli50_random_20260928_v1,val,20260928,ok,,,,2.0.0,ecoli50_strength_v1
course_ecoli50_strength,ecoli50_r003043,137.46,240.82009600531785,2.381692725193997,knn_physchem_full,log10,runs/knn_physchem_integrated_20261002_v2/knn_model.joblib,,,,knn_physchem_integrated_20261002_v2,ecoli50_random_20260928_v1,val,20260928,ok,,,,2.0.0,ecoli50_strength_v1
course_ecoli50_strength,ecoli50_r003061,381.19,193.0200005446945,2.285602312511174,knn_physchem_full,log10,runs/knn_physchem_integrated_20261002_v2/knn_model.joblib,,,,knn_physchem_integrated_20261002_v2,ecoli50_random_20260928_v1,val,20260928,ok,,,,2.0.0,ecoli50_strength_v1
course_ecoli50_strength,ecoli50_r003062,67.79,237.55406291151877,2.3757624626018408,knn_physchem_full,log10,runs/knn_physchem_integrated_20261002_v2/knn_model.joblib,,,,knn_physchem_integrated_20261002_v2,ecoli50_random_20260928_v1,val,20260928,ok,,,,2.0.0,ecoli50_strength_v1
course_ecoli50_strength,ecoli50_r003074,887.31,207.3238816605751,2.3166493314041667,knn_physchem_full,log10,runs/knn_physchem_integrated_20261002_v2/knn_model.joblib,,,,knn_physchem_integrated_20261002_v2,ecoli50_random_20260928_v1,val,20260928,ok,,,,2.0.0,ecoli50_strength_v1
course_ecoli50_strength,ecoli50_r003075,321.36,244.01143678681203,2.387410182146113,knn_physchem_full,log10,runs/knn_physchem_integrated_20261002_v2/knn_model.joblib,,,,knn_physchem_integrated_20261002_v2,ecoli50_random_20260928_v1,val,20260928,ok,,,,2.0.0,ecoli50_strength_v1
course_ecoli50_strength,ecoli50_r003081,674.96,249.46362154906183,2.3970072228555948,knn_physchem_full,log10,runs/knn_physchem_integrated_20261002_v2/knn_model.joblib,,,,knn_physchem_integrated_20261002_v2,ecoli50_random_20260928_v1,val,20260928,ok,,,,2.0.0,ecoli50_strength_v1
course_ecoli50_strength,ecoli50_r003083,761.94,143.55471768945785,2.157017469440203,knn_physchem_full,log10,runs/knn_physchem_integrated_20261002_v2/knn_model.joblib,,,,knn_physchem_integrated_20261002_v2,ecoli50_random_20260928_v1,val,20260928,ok,,,,2.0.0,ecoli50_strength_v1
course_ecoli50_strength,ecoli50_r003086,85.48,250.3292845844821,2.398511658195941,knn_physchem_full,log10,runs/knn_physchem_integrated_20261002_v2/knn_model.joblib,,,,knn_physchem_integrated_20261002_v2,ecoli50_random_20260928_v1,val,20260928,ok,,,,2.0.0,ecoli50_strength_v1
course_ecoli50_strength,ecoli50_r003091,2688.05,156.80865267062848,2.1953700232937527,knn_physchem_full,log10,runs/knn_physchem_integrated_20261002_v2/knn_model.joblib,,,,knn_physchem_integrated_20261002_v2,ecoli50_random_20260928_v1,val,20260928,ok,,,,2.0.0,ecoli50_strength_v1
course_ecoli50_strength,ecoli50_r003102,197.65,203.337397908207,2.308217261626167,knn_physchem_full,log10,runs/knn_physchem_integrated_20261002_v2/knn_model.joblib,,,,knn_physchem_integrated_20261002_v2,ecoli50_random_20260928_v1,val,20260928,ok,,,,2.0.0,ecoli50_strength_v1
course_ecoli50_strength,ecoli50_r003103,94.36,179.92775909224707,2.255098171075249,knn_physchem_full,log10,runs/knn_physchem_integrated_20261002_v2/knn_model.joblib,,,,knn_physchem_integrated_20261002_v2,ecoli50_random_20260928_v1,val,20260928,ok,,,,2.0.0,ecoli50_strength_v1
course_ecoli50_strength,ecoli50_r003106,831.21,151.95772139338325,2.1817227726840813,knn_physchem_full,log10,runs/knn_physchem_integrated_20261002_v2/knn_model.joblib,,,,knn_physchem_integrated_20261002_v2,ecoli50_random_20260928_v1,val,20260928,ok,,,,2.0.0,ecoli50_strength_v1
course_ecoli50_strength,ecoli50_r003110,2594.87,246.1231298270338,2.391152429160861,knn_physchem_full,log10,runs/knn_physchem_integrated_20261002_v2/knn_model.joblib,,,,knn_physchem_integrated_20261002_v2,ecoli50_random_20260928_v1,val,20260928,ok,,,,2.0.0,ecoli50_strength_v1
course_ecoli50_strength,ecoli50_r003115,50.11,163.3164579481737,2.2130299522560777,knn_physchem_full,log10,runs/knn_physchem_integrated_20261002_v2/knn_model.joblib,,,,knn_physchem_integrated_20261002_v2,ecoli50_random_20260928_v1,val,20260928,ok,,,,2.0.0,ecoli50_strength_v1
course_ecoli50_strength,ecoli50_r003126,275.1,263.1881008587824,2.4202662502603487,knn_physchem_full,log10,runs/knn_physchem_integrated_20261002_v2/knn_model.joblib,,,,knn_physchem_integrated_20261002_v2,ecoli50_random_20260928_v1,val,20260928,ok,,,,2.0.0,ecoli50_strength_v1
course_ecoli50_strength,ecoli50_r003138,90.42,167.36799687985513,2.223672418369194,knn_physchem_full,log10,runs/knn_physchem_integrated_20261002_v2/knn_model.joblib,,,,knn_physchem_integrated_20261002_v2,ecoli50_random_20260928_v1,val,20260928,ok,,,,2.0.0,ecoli50_strength_v1
course_ecoli50_strength,ecoli50_r003156,58.51,169.52584505429442,2.2292359179303465,knn_physchem_full,log10,runs/knn_physchem_integrated_20261002_v2/knn_model.joblib,,,,knn_physchem_integrated_20261002_v2,ecoli50_random_20260928_v1,val,20260928,ok,,,,2.0.0,ecoli50_strength_v1
course_ecoli50_strength,ecoli50_r003160,171.57,195.57624510505843,2.291316103793609,knn_physchem_full,log10,runs/knn_physchem_integrated_20261002_v2/knn_model.joblib,,,,knn_physchem_integrated_20261002_v2,ecoli50_random_20260928_v1,val,20260928,ok,,,,2.0.0,ecoli50_strength_v1
course_ecoli50_strength,ecoli50_r003161,61.92,180.30578296182728,2.2560096561075063,knn_physchem_full,log10,runs/knn_physchem_integrated_20261002_v2/knn_model.joblib,,,,knn_physchem_integrated_20261002_v2,ecoli50_random_20260928_v1,val,20260928,ok,,,,2.0.0,ecoli50_strength_v1
course_ecoli50_strength,ecoli50_r003166,704.52,184.90264274619352,2.2669431184165383,knn_physchem_full,log10,runs/knn_physchem_integrated_20261002_v2/knn_model.joblib,,,,knn_physchem_integrated_20261002_v2,ecoli50_random_20260928_v1,val,20260928,ok,,,,2.0.0,ecoli50_strength_v1
course_ecoli50_strength,ecoli50_r003167,2548.63,208.47971920515172,2.319063813431176,knn_physchem_full,log10,runs/knn_physchem_integrated_20261002_v2/knn_model.joblib,,,,knn_physchem_integrated_20261002_v2,ecoli50_random_20260928_v1,val,20260928,ok,,,,2.0.0,ecoli50_strength_v1
course_ecoli50_strength,ecoli50_r003175,180.4,234.96194631052893,2.3709975310139857,knn_physchem_full,log10,runs/knn_physchem_integrated_20261002_v2/knn_model.joblib,,,,knn_physchem_integrated_20261002_v2,ecoli50_random_20260928_v1,val,20260928,ok,,,,2.0.0,ecoli50_strength_v1
course_ecoli50_strength,ecoli50_r003184,50.11,230.24077382929676,2.36218223623998,knn_physchem_full,log10,runs/knn_physchem_integrated_20261002_v2/knn_model.joblib,,,,knn_physchem_integrated_20261002_v2,ecoli50_random_20260928_v1,val,20260928,ok,,,,2.0.0,ecoli50_strength_v1
course_ecoli50_strength,ecoli50_r003187,1146.55,202.20683038313604,2.3057958216189958,knn_physchem_full,log10,runs/knn_physchem_integrated_20261002_v2/knn_model.joblib,,,,knn_physchem_integrated_20261002_v2,ecoli50_random_20260928_v1,val,20260928,ok,,,,2.0.0,ecoli50_strength_v1
course_ecoli50_strength,ecoli50_r003201,82.88,198.56809272341275,2.2979094643636637,knn_physchem_full,log10,runs/knn_physchem_integrated_20261002_v2/knn_model.joblib,,,,knn_physchem_integrated_20261002_v2,ecoli50_random_20260928_v1,val,20260928,ok,,,,2.0.0,ecoli50_strength_v1
course_ecoli50_strength,ecoli50_r003203,87.31,219.0428733365472,2.3405291277677382,knn_physchem_full,log10,runs/knn_physchem_integrated_20261002_v2/knn_model.joblib,,,,knn_physchem_integrated_20261002_v2,ecoli50_random_20260928_v1,val,20260928,ok,,,,2.0.0,ecoli50_strength_v1
course_ecoli50_strength,ecoli50_r003208,159.16,172.37751973407816,2.2364806275442133,knn_physchem_full,log10,runs/knn_physchem_integrated_20261002_v2/knn_model.joblib,,,,knn_physchem_integrated_20261002_v2,ecoli50_random_20260928_v1,val,20260928,ok,,,,2.0.0,ecoli50_strength_v1
course_ecoli50_strength,ecoli50_r003215,70.59,244.6137954250541,2.3884809461918,knn_physchem_full,log10,runs/knn_physchem_integrated_20261002_v2/knn_model.joblib,,,,knn_physchem_integrated_20261002_v2,ecoli50_random_20260928_v1,val,20260928,ok,,,,2.0.0,ecoli50_strength_v1
course_ecoli50_strength,ecoli50_r003218,458.83,215.0807940234164,2.3326016311124635,knn_physchem_full,log10,runs/knn_physchem_integrated_20261002_v2/knn_model.joblib,,,,knn_physchem_integrated_20261002_v2,ecoli50_random_20260928_v1,val,20260928,ok,,,,2.0.0,ecoli50_strength_v1
course_ecoli50_strength,ecoli50_r003239,50.16,211.54708693367348,2.325407049344262,knn_physchem_full,log10,runs/knn_physchem_integrated_20261002_v2/knn_model.joblib,,,,knn_physchem_integrated_20261002_v2,ecoli50_random_20260928_v1,val,20260928,ok,,,,2.0.0,ecoli50_strength_v1
course_ecoli50_strength,ecoli50_r003241,271.74,198.5311427084419,2.297828642311025,knn_physchem_full,log10,runs/knn_physchem_integrated_20261002_v2/knn_model.joblib,,,,knn_physchem_integrated_20261002_v2,ecoli50_random_20260928_v1,val,20260928,ok,,,,2.0.0,ecoli50_strength_v1
course_ecoli50_strength,ecoli50_r003249,59.44,200.9541993434375,2.303097086082305,knn_physchem_full,log10,runs/knn_physchem_integrated_20261002_v2/knn_model.joblib,,,,knn_physchem_integrated_20261002_v2,ecoli50_random_20260928_v1,val,20260928,ok,,,,2.0.0,ecoli50_strength_v1
course_ecoli50_strength,ecoli50_r003266,66.15,182.7255413539249,2.261799257225454,knn_physchem_full,log10,runs/knn_physchem_integrated_20261002_v2/knn_model.joblib,,,,knn_physchem_integrated_20261002_v2,ecoli50_random_20260928_v1,val,20260928,ok,,,,2.0.0,ecoli50_strength_v1
course_ecoli50_strength,ecoli50_r003269,596.21,199.38184399737645,2.299685608284794,knn_physchem_full,log10,runs/knn_physchem_integrated_20261002_v2/knn_model.joblib,,,,knn_physchem_integrated_20261002_v2,ecoli50_random_20260928_v1,val,20260928,ok,,,,2.0.0,ecoli50_strength_v1
course_ecoli50_strength,ecoli50_r003270,151.58,146.38048930953553,2.165483194551062,knn_physchem_full,log10,runs/knn_physchem_integrated_20261002_v2/knn_model.joblib,,,,knn_physchem_integrated_20261002_v2,ecoli50_random_20260928_v1,val,20260928,ok,,,,2.0.0,ecoli50_strength_v1
course_ecoli50_strength,ecoli50_r003275,74.86,181.41625170545825,2.2586761896141265,knn_physchem_full,log10,runs/knn_physchem_integrated_20261002_v2/knn_model.joblib,,,,knn_physchem_integrated_20261002_v2,ecoli50_random_20260928_v1,val,20260928,ok,,,,2.0.0,ecoli50_strength_v1
course_ecoli50_strength,ecoli50_r003286,48.11,165.40398669224294,2.218545973037424,knn_physchem_full,log10,runs/knn_physchem_integrated_20261002_v2/knn_model.joblib,,,,knn_physchem_integrated_20261002_v2,ecoli50_random_20260928_v1,val,20260928,ok,,,,2.0.0,ecoli50_strength_v1
course_ecoli50_strength,ecoli50_r003288,310.6,242.7953502369272,2.38524036532834,knn_physchem_full,log10,runs/knn_physchem_integrated_20261002_v2/knn_model.joblib,,,,knn_physchem_integrated_20261002_v2,ecoli50_random_20260928_v1,val,20260928,ok,,,,2.0.0,ecoli50_strength_v1
course_ecoli50_strength,ecoli50_r003290,404.96,248.08045789906876,2.394592554837039,knn_physchem_full,log10,runs/knn_physchem_integrated_20261002_v2/knn_model.joblib,,,,knn_physchem_integrated_20261002_v2,ecoli50_random_20260928_v1,val,20260928,ok,,,,2.0.0,ecoli50_strength_v1
course_ecoli50_strength,ecoli50_r003292,3138.99,184.7343134080651,2.266547570804061,knn_physchem_full,log10,runs/knn_physchem_integrated_20261002_v2/knn_model.joblib,,,,knn_physchem_integrated_20261002_v2,ecoli50_random_20260928_v1,val,20260928,ok,,,,2.0.0,ecoli50_strength_v1
course_ecoli50_strength,ecoli50_r003305,66.48,180.2736971204203,2.255932365497936,knn_physchem_full,log10,runs/knn_physchem_integrated_20261002_v2/knn_model.joblib,,,,knn_physchem_integrated_20261002_v2,ecoli50_random_20260928_v1,val,20260928,ok,,,,2.0.0,ecoli50_strength_v1
course_ecoli50_strength,ecoli50_r003306,107.36,180.50327573475116,2.2564850877963454,knn_physchem_full,log10,runs/knn_physchem_integrated_20261002_v2/knn_model.joblib,,,,knn_physchem_integrated_20261002_v2,ecoli50_random_20260928_v1,val,20260928,ok,,,,2.0.0,ecoli50_strength_v1
course_ecoli50_strength,ecoli50_r003311,543.21,222.38944286122089,2.3471141668311497,knn_physchem_full,log10,runs/knn_physchem_integrated_20261002_v2/knn_model.joblib,,,,knn_physchem_integrated_20261002_v2,ecoli50_random_20260928_v1,val,20260928,ok,,,,2.0.0,ecoli50_strength_v1
course_ecoli50_strength,ecoli50_r003319,438.39,173.31590018736435,2.2388384071851872,knn_physchem_full,log10,runs/knn_physchem_integrated_20261002_v2/knn_model.joblib,,,,knn_physchem_integrated_20261002_v2,ecoli50_random_20260928_v1,val,20260928,ok,,,,2.0.0,ecoli50_strength_v1
course_ecoli50_strength,ecoli50_r003335,276.62,239.2695545176256,2.378887441002973,knn_physchem_full,log10,runs/knn_physchem_integrated_20261002_v2/knn_model.joblib,,,,knn_physchem_integrated_20261002_v2,ecoli50_random_20260928_v1,val,20260928,ok,,,,2.0.0,ecoli50_strength_v1
course_ecoli50_strength,ecoli50_r003336,66.87,253.3349669010582,2.40369513801045,knn_physchem_full,log10,runs/knn_physchem_integrated_20261002_v2/knn_model.joblib,,,,knn_physchem_integrated_20261002_v2,ecoli50_random_20260928_v1,val,20260928,ok,,,,2.0.0,ecoli50_strength_v1
course_ecoli50_strength,ecoli50_r003339,548.22,200.09230106779935,2.301230378650723,knn_physchem_full,log10,runs/knn_physchem_integrated_20261002_v2/knn_model.joblib,,,,knn_physchem_integrated_20261002_v2,ecoli50_random_20260928_v1,val,20260928,ok,,,,2.0.0,ecoli50_strength_v1
course_ecoli50_strength,ecoli50_r003345,144.42,157.35206164649358,2.1968724374674165,knn_physchem_full,log10,runs/knn_physchem_integrated_20261002_v2/knn_model.joblib,,,,knn_physchem_integrated_20261002_v2,ecoli50_random_20260928_v1,val,20260928,ok,,,,2.0.0,ecoli50_strength_v1
course_ecoli50_strength,ecoli50_r003346,248.55,142.64260470076485,2.154249260599442,knn_physchem_full,log10,runs/knn_physchem_integrated_20261002_v2/knn_model.joblib,,,,knn_physchem_integrated_20261002_v2,ecoli50_random_20260928_v1,val,20260928,ok,,,,2.0.0,ecoli50_strength_v1
course_ecoli50_strength,ecoli50_r003349,79.88,179.58515273529008,2.2542704283687223,knn_physchem_full,log10,runs/knn_physchem_integrated_20261002_v2/knn_model.joblib,,,,knn_physchem_integrated_20261002_v2,ecoli50_random_20260928_v1,val,20260928,ok,,,,2.0.0,ecoli50_strength_v1
course_ecoli50_strength,ecoli50_r003350,446.2,237.7898021446069,2.3761932255253497,knn_physchem_full,log10,runs/knn_physchem_integrated_20261002_v2/knn_model.joblib,,,,knn_physchem_integrated_20261002_v2,ecoli50_random_20260928_v1,val,20260928,ok,,,,2.0.0,ecoli50_strength_v1
course_ecoli50_strength,ecoli50_r003352,104.03,177.34449733861408,2.248817717687858,knn_physchem_full,log10,runs/knn_physchem_integrated_20261002_v2/knn_model.joblib,,,,knn_physchem_integrated_20261002_v2,ecoli50_random_20260928_v1,val,20260928,ok,,,,2.0.0,ecoli50_strength_v1
course_ecoli50_strength,ecoli50_r003373,127.33,154.82185256360742,2.189832259822241,knn_physchem_full,log10,runs/knn_physchem_integrated_20261002_v2/knn_model.joblib,,,,knn_physchem_integrated_20261002_v2,ecoli50_random_20260928_v1,val,20260928,ok,,,,2.0.0,ecoli50_strength_v1
course_ecoli50_strength,ecoli50_r003393,90.2,168.43886960935933,2.226442318214477,knn_physchem_full,log10,runs/knn_physchem_integrated_20261002_v2/knn_model.joblib,,,,knn_physchem_integrated_20261002_v2,ecoli50_random_20260928_v1,val,20260928,ok,,,,2.0.0,ecoli50_strength_v1
course_ecoli50_strength,ecoli50_r003399,752.33,222.60621351528343,2.3475372824503493,knn_physchem_full,log10,runs/knn_physchem_integrated_20261002_v2/knn_model.joblib,,,,knn_physchem_integrated_20261002_v2,ecoli50_random_20260928_v1,val,20260928,ok,,,,2.0.0,ecoli50_strength_v1
course_ecoli50_strength,ecoli50_r003403,673.42,148.9186283340239,2.1729490273468657,knn_physchem_full,log10,runs/knn_physchem_integrated_20261002_v2/knn_model.joblib,,,,knn_physchem_integrated_20261002_v2,ecoli50_random_20260928_v1,val,20260928,ok,,,,2.0.0,ecoli50_strength_v1
course_ecoli50_strength,ecoli50_r003404,134.4,235.26972487592877,2.371566044620701,knn_physchem_full,log10,runs/knn_physchem_integrated_20261002_v2/knn_model.joblib,,,,knn_physchem_integrated_20261002_v2,ecoli50_random_20260928_v1,val,20260928,ok,,,,2.0.0,ecoli50_strength_v1
course_ecoli50_strength,ecoli50_r003407,43.61,253.55403306401547,2.404070522884353,knn_physchem_full,log10,runs/knn_physchem_integrated_20261002_v2/knn_model.joblib,,,,knn_physchem_integrated_20261002_v2,ecoli50_random_20260928_v1,val,20260928,ok,,,,2.0.0,ecoli50_strength_v1
course_ecoli50_strength,ecoli50_r003418,68.63,184.62431335141375,2.2662888931094627,knn_physchem_full,log10,runs/knn_physchem_integrated_20261002_v2/knn_model.joblib,,,,knn_physchem_integrated_20261002_v2,ecoli50_random_20260928_v1,val,20260928,ok,,,,2.0.0,ecoli50_strength_v1
course_ecoli50_strength,ecoli50_r003419,203.37,164.44089930829898,2.216009843221203,knn_physchem_full,log10,runs/knn_physchem_integrated_20261002_v2/knn_model.joblib,,,,knn_physchem_integrated_20261002_v2,ecoli50_random_20260928_v1,val,20260928,ok,,,,2.0.0,ecoli50_strength_v1
course_ecoli50_strength,ecoli50_r003429,40.87,246.27808053172143,2.3914257600821447,knn_physchem_full,log10,runs/knn_physchem_integrated_20261002_v2/knn_model.joblib,,,,knn_physchem_integrated_20261002_v2,ecoli50_random_20260928_v1,val,20260928,ok,,,,2.0.0,ecoli50_strength_v1
course_ecoli50_strength,ecoli50_r003444,422.71,190.8474235336596,2.2806863012897423,knn_physchem_full,log10,runs/knn_physchem_integrated_20261002_v2/knn_model.joblib,,,,knn_physchem_integrated_20261002_v2,ecoli50_random_20260928_v1,val,20260928,ok,,,,2.0.0,ecoli50_strength_v1
course_ecoli50_strength,ecoli50_r003447,197.48,259.6156373291734,2.414330847609232,knn_physchem_full,log10,runs/knn_physchem_integrated_20261002_v2/knn_model.joblib,,,,knn_physchem_integrated_20261002_v2,ecoli50_random_20260928_v1,val,20260928,ok,,,,2.0.0,ecoli50_strength_v1
course_ecoli50_strength,ecoli50_r003449,625.39,177.2636174333635,2.248619607742298,knn_physchem_full,log10,runs/knn_physchem_integrated_20261002_v2/knn_model.joblib,,,,knn_physchem_integrated_20261002_v2,ecoli50_random_20260928_v1,val,20260928,ok,,,,2.0.0,ecoli50_strength_v1
course_ecoli50_strength,ecoli50_r003465,114.95,149.13708372649387,2.1735856465065817,knn_physchem_full,log10,runs/knn_physchem_integrated_20261002_v2/knn_model.joblib,,,,knn_physchem_integrated_20261002_v2,ecoli50_random_20260928_v1,val,20260928,ok,,,,2.0.0,ecoli50_strength_v1
course_ecoli50_strength,ecoli50_r003467,61.9,176.52157542295453,2.246797794791712,knn_physchem_full,log10,runs/knn_physchem_integrated_20261002_v2/knn_model.joblib,,,,knn_physchem_integrated_20261002_v2,ecoli50_random_20260928_v1,val,20260928,ok,,,,2.0.0,ecoli50_strength_v1
course_ecoli50_strength,ecoli50_r003468,480.46,239.83759671125185,2.3799172636851957,knn_physchem_full,log10,runs/knn_physchem_integrated_20261002_v2/knn_model.joblib,,,,knn_physchem_integrated_20261002_v2,ecoli50_random_20260928_v1,val,20260928,ok,,,,2.0.0,ecoli50_strength_v1
course_ecoli50_strength,ecoli50_r003473,577.28,148.1814960552347,2.1707939751491394,knn_physchem_full,log10,runs/knn_physchem_integrated_20261002_v2/knn_model.joblib,,,,knn_physchem_integrated_20261002_v2,ecoli50_random_20260928_v1,val,20260928,ok,,,,2.0.0,ecoli50_strength_v1
course_ecoli50_strength,ecoli50_r003490,208.0,151.75391811772585,2.181139912893527,knn_physchem_full,log10,runs/knn_physchem_integrated_20261002_v2/knn_model.joblib,,,,knn_physchem_integrated_20261002_v2,ecoli50_random_20260928_v1,val,20260928,ok,,,,2.0.0,ecoli50_strength_v1
course_ecoli50_strength,ecoli50_r003504,143.86,148.65146466849797,2.1721691926819773,knn_physchem_full,log10,runs/knn_physchem_integrated_20261002_v2/knn_model.joblib,,,,knn_physchem_integrated_20261002_v2,ecoli50_random_20260928_v1,val,20260928,ok,,,,2.0.0,ecoli50_strength_v1
course_ecoli50_strength,ecoli50_r003508,87.23,237.06155537468848,2.374861129505858,knn_physchem_full,log10,runs/knn_physchem_integrated_20261002_v2/knn_model.joblib,,,,knn_physchem_integrated_20261002_v2,ecoli50_random_20260928_v1,val,20260928,ok,,,,2.0.0,ecoli50_strength_v1
course_ecoli50_strength,ecoli50_r003529,59.44,161.06678306746778,2.207005984752316,knn_physchem_full,log10,runs/knn_physchem_integrated_20261002_v2/knn_model.joblib,,,,knn_physchem_integrated_20261002_v2,ecoli50_random_20260928_v1,val,20260928,ok,,,,2.0.0,ecoli50_strength_v1
course_ecoli50_strength,ecoli50_r003531,70.59,161.58480122384435,2.208400508325686,knn_physchem_full,log10,runs/knn_physchem_integrated_20261002_v2/knn_model.joblib,,,,knn_physchem_integrated_20261002_v2,ecoli50_random_20260928_v1,val,20260928,ok,,,,2.0.0,ecoli50_strength_v1
course_ecoli50_strength,ecoli50_r003532,81.73,230.38617779192523,2.3624564196784066,knn_physchem_full,log10,runs/knn_physchem_integrated_20261002_v2/knn_model.joblib,,,,knn_physchem_integrated_20261002_v2,ecoli50_random_20260928_v1,val,20260928,ok,,,,2.0.0,ecoli50_strength_v1
course_ecoli50_strength,ecoli50_r003534,87.76,230.03516205928332,2.361794225240019,knn_physchem_full,log10,runs/knn_physchem_integrated_20261002_v2/knn_model.joblib,,,,knn_physchem_integrated_20261002_v2,ecoli50_random_20260928_v1,val,20260928,ok,,,,2.0.0,ecoli50_strength_v1
course_ecoli50_strength,ecoli50_r003547,295.36,162.96457084929636,2.212093197305238,knn_physchem_full,log10,runs/knn_physchem_integrated_20261002_v2/knn_model.joblib,,,,knn_physchem_integrated_20261002_v2,ecoli50_random_20260928_v1,val,20260928,ok,,,,2.0.0,ecoli50_strength_v1
course_ecoli50_strength,ecoli50_r003564,208.03,224.1440114126825,2.350527140055838,knn_physchem_full,log10,runs/knn_physchem_integrated_20261002_v2/knn_model.joblib,,,,knn_physchem_integrated_20261002_v2,ecoli50_random_20260928_v1,val,20260928,ok,,,,2.0.0,ecoli50_strength_v1
course_ecoli50_strength,ecoli50_r003573,78.17,219.9939116046332,2.3424106617626608,knn_physchem_full,log10,runs/knn_physchem_integrated_20261002_v2/knn_model.joblib,,,,knn_physchem_integrated_20261002_v2,ecoli50_random_20260928_v1,val,20260928,ok,,,,2.0.0,ecoli50_strength_v1
course_ecoli50_strength,ecoli50_r003578,669.07,195.9299434785293,2.2921008131960505,knn_physchem_full,log10,runs/knn_physchem_integrated_20261002_v2/knn_model.joblib,,,,knn_physchem_integrated_20261002_v2,ecoli50_random_20260928_v1,val,20260928,ok,,,,2.0.0,ecoli50_strength_v1
course_ecoli50_strength,ecoli50_r003587,1274.84,243.8548322422374,2.387131366018812,knn_physchem_full,log10,runs/knn_physchem_integrated_20261002_v2/knn_model.joblib,,,,knn_physchem_integrated_20261002_v2,ecoli50_random_20260928_v1,val,20260928,ok,,,,2.0.0,ecoli50_strength_v1
course_ecoli50_strength,ecoli50_r003588,198.44,264.82915238753066,2.4229657905266024,knn_physchem_full,log10,runs/knn_physchem_integrated_20261002_v2/knn_model.joblib,,,,knn_physchem_integrated_20261002_v2,ecoli50_random_20260928_v1,val,20260928,ok,,,,2.0.0,ecoli50_strength_v1
course_ecoli50_strength,ecoli50_r003591,571.27,191.39991603704465,2.28194174292538,knn_physchem_full,log10,runs/knn_physchem_integrated_20261002_v2/knn_model.joblib,,,,knn_physchem_integrated_20261002_v2,ecoli50_random_20260928_v1,val,20260928,ok,,,,2.0.0,ecoli50_strength_v1
course_ecoli50_strength,ecoli50_r003592,26.01,178.56852633608383,2.2518049145575865,knn_physchem_full,log10,runs/knn_physchem_integrated_20261002_v2/knn_model.joblib,,,,knn_physchem_integrated_20261002_v2,ecoli50_random_20260928_v1,val,20260928,ok,,,,2.0.0,ecoli50_strength_v1
course_ecoli50_strength,ecoli50_r003598,56.0,148.31951373916087,2.17119829298202,knn_physchem_full,log10,runs/knn_physchem_integrated_20261002_v2/knn_model.joblib,,,,knn_physchem_integrated_20261002_v2,ecoli50_random_20260928_v1,val,20260928,ok,,,,2.0.0,ecoli50_strength_v1
course_ecoli50_strength,ecoli50_r003601,84.88,191.9596491768676,2.283209947549768,knn_physchem_full,log10,runs/knn_physchem_integrated_20261002_v2/knn_model.joblib,,,,knn_physchem_integrated_20261002_v2,ecoli50_random_20260928_v1,val,20260928,ok,,,,2.0.0,ecoli50_strength_v1
course_ecoli50_strength,ecoli50_r003603,33.9,222.07110558055933,2.3464920547066845,knn_physchem_full,log10,runs/knn_physchem_integrated_20261002_v2/knn_model.joblib,,,,knn_physchem_integrated_20261002_v2,ecoli50_random_20260928_v1,val,20260928,ok,,,,2.0.0,ecoli50_strength_v1
course_ecoli50_strength,ecoli50_r003604,63.74,160.5740640086468,2.205675399177096,knn_physchem_full,log10,runs/knn_physchem_integrated_20261002_v2/knn_model.joblib,,,,knn_physchem_integrated_20261002_v2,ecoli50_random_20260928_v1,val,20260928,ok,,,,2.0.0,ecoli50_strength_v1
course_ecoli50_strength,ecoli50_r003608,11594.51,209.56570957289227,2.3213202221972784,knn_physchem_full,log10,runs/knn_physchem_integrated_20261002_v2/knn_model.joblib,,,,knn_physchem_integrated_20261002_v2,ecoli50_random_20260928_v1,val,20260928,ok,,,,2.0.0,ecoli50_strength_v1
course_ecoli50_strength,ecoli50_r003610,228.51,184.69521777256728,2.2664556506006472,knn_physchem_full,log10,runs/knn_physchem_integrated_20261002_v2/knn_model.joblib,,,,knn_physchem_integrated_20261002_v2,ecoli50_random_20260928_v1,val,20260928,ok,,,,2.0.0,ecoli50_strength_v1
course_ecoli50_strength,ecoli50_r003613,630.27,153.78450146359808,2.1869125690935007,knn_physchem_full,log10,runs/knn_physchem_integrated_20261002_v2/knn_model.joblib,,,,knn_physchem_integrated_20261002_v2,ecoli50_random_20260928_v1,val,20260928,ok,,,,2.0.0,ecoli50_strength_v1
course_ecoli50_strength,ecoli50_r003615,78.45,162.409606181181,2.2106117132555063,knn_physchem_full,log10,runs/knn_physchem_integrated_20261002_v2/knn_model.joblib,,,,knn_physchem_integrated_20261002_v2,ecoli50_random_20260928_v1,val,20260928,ok,,,,2.0.0,ecoli50_strength_v1
course_ecoli50_strength,ecoli50_r003619,158.23,241.50879140338373,2.382932944563657,knn_physchem_full,log10,runs/knn_physchem_integrated_20261002_v2/knn_model.joblib,,,,knn_physchem_integrated_20261002_v2,ecoli50_random_20260928_v1,val,20260928,ok,,,,2.0.0,ecoli50_strength_v1
course_ecoli50_strength,ecoli50_r003622,88.24,228.0258838286086,2.357984147728092,knn_physchem_full,log10,runs/knn_physchem_integrated_20261002_v2/knn_model.joblib,,,,knn_physchem_integrated_20261002_v2,ecoli50_random_20260928_v1,val,20260928,ok,,,,2.0.0,ecoli50_strength_v1
course_ecoli50_strength,ecoli50_r003629,144.89,145.68155691622428,2.163404574168741,knn_physchem_full,log10,runs/knn_physchem_integrated_20261002_v2/knn_model.joblib,,,,knn_physchem_integrated_20261002_v2,ecoli50_random_20260928_v1,val,20260928,ok,,,,2.0.0,ecoli50_strength_v1
course_ecoli50_strength,ecoli50_r003633,72.16,230.49361104095283,2.362658891859662,knn_physchem_full,log10,runs/knn_physchem_integrated_20261002_v2/knn_model.joblib,,,,knn_physchem_integrated_20261002_v2,ecoli50_random_20260928_v1,val,20260928,ok,,,,2.0.0,ecoli50_strength_v1
course_ecoli50_strength,ecoli50_r003634,31.87,145.4279472513099,2.162647873997038,knn_physchem_full,log10,runs/knn_physchem_integrated_20261002_v2/knn_model.joblib,,,,knn_physchem_integrated_20261002_v2,ecoli50_random_20260928_v1,val,20260928,ok,,,,2.0.0,ecoli50_strength_v1
course_ecoli50_strength,ecoli50_r003646,43.61,143.09423342954415,2.1556221324307048,knn_physchem_full,log10,runs/knn_physchem_integrated_20261002_v2/knn_model.joblib,,,,knn_physchem_integrated_20261002_v2,ecoli50_random_20260928_v1,val,20260928,ok,,,,2.0.0,ecoli50_strength_v1
course_ecoli50_strength,ecoli50_r003648,59.84,158.78411964928225,2.200807065512013,knn_physchem_full,log10,runs/knn_physchem_integrated_20261002_v2/knn_model.joblib,,,,knn_physchem_integrated_20261002_v2,ecoli50_random_20260928_v1,val,20260928,ok,,,,2.0.0,ecoli50_strength_v1
course_ecoli50_strength,ecoli50_r003652,3687.89,149.66678412381486,2.175125427114204,knn_physchem_full,log10,runs/knn_physchem_integrated_20261002_v2/knn_model.joblib,,,,knn_physchem_integrated_20261002_v2,ecoli50_random_20260928_v1,val,20260928,ok,,,,2.0.0,ecoli50_strength_v1
course_ecoli50_strength,ecoli50_r003654,622.33,160.1790076008189,2.204605598636417,knn_physchem_full,log10,runs/knn_physchem_integrated_20261002_v2/knn_model.joblib,,,,knn_physchem_integrated_20261002_v2,ecoli50_random_20260928_v1,val,20260928,ok,,,,2.0.0,ecoli50_strength_v1
course_ecoli50_strength,ecoli50_r003656,2193.83,249.61990508096545,2.3972792137112933,knn_physchem_full,log10,runs/knn_physchem_integrated_20261002_v2/knn_model.joblib,,,,knn_physchem_integrated_20261002_v2,ecoli50_random_20260928_v1,val,20260928,ok,,,,2.0.0,ecoli50_strength_v1
course_ecoli50_strength,ecoli50_r003665,129.42,233.4279831000216,2.368152917593919,knn_physchem_full,log10,runs/knn_physchem_integrated_20261002_v2/knn_model.joblib,,,,knn_physchem_integrated_20261002_v2,ecoli50_random_20260928_v1,val,20260928,ok,,,,2.0.0,ecoli50_strength_v1
course_ecoli50_strength,ecoli50_r003669,264.59,240.0634170706303,2.3803259835686776,knn_physchem_full,log10,runs/knn_physchem_integrated_20261002_v2/knn_model.joblib,,,,knn_physchem_integrated_20261002_v2,ecoli50_random_20260928_v1,val,20260928,ok,,,,2.0.0,ecoli50_strength_v1
course_ecoli50_strength,ecoli50_r003679,66.87,158.32488442984396,2.199549179683728,knn_physchem_full,log10,runs/knn_physchem_integrated_20261002_v2/knn_model.joblib,,,,knn_physchem_integrated_20261002_v2,ecoli50_random_20260928_v1,val,20260928,ok,,,,2.0.0,ecoli50_strength_v1
course_ecoli50_strength,ecoli50_r003683,89.16,148.60919054918085,2.172045668653161,knn_physchem_full,log10,runs/knn_physchem_integrated_20261002_v2/knn_model.joblib,,,,knn_physchem_integrated_20261002_v2,ecoli50_random_20260928_v1,val,20260928,ok,,,,2.0.0,ecoli50_strength_v1
course_ecoli50_strength,ecoli50_r003694,164.39,160.9067531480861,2.20657427152851,knn_physchem_full,log10,runs/knn_physchem_integrated_20261002_v2/knn_model.joblib,,,,knn_physchem_integrated_20261002_v2,ecoli50_random_20260928_v1,val,20260928,ok,,,,2.0.0,ecoli50_strength_v1
course_ecoli50_strength,ecoli50_r003708,50.11,155.00584781009692,2.1903480828396424,knn_physchem_full,log10,runs/knn_physchem_integrated_20261002_v2/knn_model.joblib,,,,knn_physchem_integrated_20261002_v2,ecoli50_random_20260928_v1,val,20260928,ok,,,,2.0.0,ecoli50_strength_v1
course_ecoli50_strength,ecoli50_r003709,276.78,177.84693691067122,2.250046389655345,knn_physchem_full,log10,runs/knn_physchem_integrated_20261002_v2/knn_model.joblib,,,,knn_physchem_integrated_20261002_v2,ecoli50_random_20260928_v1,val,20260928,ok,,,,2.0.0,ecoli50_strength_v1
course_ecoli50_strength,ecoli50_r003710,82.44,213.2444700549602,2.328877777678924,knn_physchem_full,log10,runs/knn_physchem_integrated_20261002_v2/knn_model.joblib,,,,knn_physchem_integrated_20261002_v2,ecoli50_random_20260928_v1,val,20260928,ok,,,,2.0.0,ecoli50_strength_v1
course_ecoli50_strength,ecoli50_r003711,36.9,157.46291287896796,2.197178281118202,knn_physchem_full,log10,runs/knn_physchem_integrated_20261002_v2/knn_model.joblib,,,,knn_physchem_integrated_20261002_v2,ecoli50_random_20260928_v1,val,20260928,ok,,,,2.0.0,ecoli50_strength_v1
course_ecoli50_strength,ecoli50_r003728,499.59,244.8785591119262,2.388950761167927,knn_physchem_full,log10,runs/knn_physchem_integrated_20261002_v2/knn_model.joblib,,,,knn_physchem_integrated_20261002_v2,ecoli50_random_20260928_v1,val,20260928,ok,,,,2.0.0,ecoli50_strength_v1
course_ecoli50_strength,ecoli50_r003729,50.62,243.19355634448175,2.3859520636882454,knn_physchem_full,log10,runs/knn_physchem_integrated_20261002_v2/knn_model.joblib,,,,knn_physchem_integrated_20261002_v2,ecoli50_random_20260928_v1,val,20260928,ok,,,,2.0.0,ecoli50_strength_v1
course_ecoli50_strength,ecoli50_r003732,252.0,159.44883075532724,2.202621338891796,knn_physchem_full,log10,runs/knn_physchem_integrated_20261002_v2/knn_model.joblib,,,,knn_physchem_integrated_20261002_v2,ecoli50_random_20260928_v1,val,20260928,ok,,,,2.0.0,ecoli50_strength_v1
course_ecoli50_strength,ecoli50_r003735,2682.41,204.9343070906284,2.311614667688471,knn_physchem_full,log10,runs/knn_physchem_integrated_20261002_v2/knn_model.joblib,,,,knn_physchem_integrated_20261002_v2,ecoli50_random_20260928_v1,val,20260928,ok,,,,2.0.0,ecoli50_strength_v1
course_ecoli50_strength,ecoli50_r003740,539.38,152.8663112993908,2.184311786073998,knn_physchem_full,log10,runs/knn_physchem_integrated_20261002_v2/knn_model.joblib,,,,knn_physchem_integrated_20261002_v2,ecoli50_random_20260928_v1,val,20260928,ok,,,,2.0.0,ecoli50_strength_v1
course_ecoli50_strength,ecoli50_r003741,158.7,162.11703067880413,2.209828640643181,knn_physchem_full,log10,runs/knn_physchem_integrated_20261002_v2/knn_model.joblib,,,,knn_physchem_integrated_20261002_v2,ecoli50_random_20260928_v1,val,20260928,ok,,,,2.0.0,ecoli50_strength_v1
course_ecoli50_strength,ecoli50_r003742,53.19,163.62357915679488,2.21384588833166,knn_physchem_full,log10,runs/knn_physchem_integrated_20261002_v2/knn_model.joblib,,,,knn_physchem_integrated_20261002_v2,ecoli50_random_20260928_v1,val,20260928,ok,,,,2.0.0,ecoli50_strength_v1
course_ecoli50_strength,ecoli50_r003748,107.36,167.50915625501304,2.2240385510883542,knn_physchem_full,log10,runs/knn_physchem_integrated_20261002_v2/knn_model.joblib,,,,knn_physchem_integrated_20261002_v2,ecoli50_random_20260928_v1,val,20260928,ok,,,,2.0.0,ecoli50_strength_v1
course_ecoli50_strength,ecoli50_r003751,3026.37,205.06258070104803,2.311886418643932,knn_physchem_full,log10,runs/knn_physchem_integrated_20261002_v2/knn_model.joblib,,,,knn_physchem_integrated_20261002_v2,ecoli50_random_20260928_v1,val,20260928,ok,,,,2.0.0,ecoli50_strength_v1
course_ecoli50_strength,ecoli50_r003773,55.73,230.5042590056224,2.3626789542183007,knn_physchem_full,log10,runs/knn_physchem_integrated_20261002_v2/knn_model.joblib,,,,knn_physchem_integrated_20261002_v2,ecoli50_random_20260928_v1,val,20260928,ok,,,,2.0.0,ecoli50_strength_v1
course_ecoli50_strength,ecoli50_r003787,204.65,201.19343077536777,2.303613796341224,knn_physchem_full,log10,runs/knn_physchem_integrated_20261002_v2/knn_model.joblib,,,,knn_physchem_integrated_20261002_v2,ecoli50_random_20260928_v1,val,20260928,ok,,,,2.0.0,ecoli50_strength_v1
course_ecoli50_strength,ecoli50_r003797,91.37,151.61431145407795,2.1807401979462844,knn_physchem_full,log10,runs/knn_physchem_integrated_20261002_v2/knn_model.joblib,,,,knn_physchem_integrated_20261002_v2,ecoli50_random_20260928_v1,val,20260928,ok,,,,2.0.0,ecoli50_strength_v1
course_ecoli50_strength,ecoli50_r003812,156.35,177.77971463495163,2.249882204751729,knn_physchem_full,log10,runs/knn_physchem_integrated_20261002_v2/knn_model.joblib,,,,knn_physchem_integrated_20261002_v2,ecoli50_random_20260928_v1,val,20260928,ok,,,,2.0.0,ecoli50_strength_v1
course_ecoli50_strength,ecoli50_r003816,50.16,188.97650325739068,2.276407808723352,knn_physchem_full,log10,runs/knn_physchem_integrated_20261002_v2/knn_model.joblib,,,,knn_physchem_integrated_20261002_v2,ecoli50_random_20260928_v1,val,20260928,ok,,,,2.0.0,ecoli50_strength_v1
course_ecoli50_strength,ecoli50_r003821,491.09,223.62001173451728,2.349510665927198,knn_physchem_full,log10,runs/knn_physchem_integrated_20261002_v2/knn_model.joblib,,,,knn_physchem_integrated_20261002_v2,ecoli50_random_20260928_v1,val,20260928,ok,,,,2.0.0,ecoli50_strength_v1
course_ecoli50_strength,ecoli50_r003827,356.99,217.50954752574103,2.3374783249538305,knn_physchem_full,log10,runs/knn_physchem_integrated_20261002_v2/knn_model.joblib,,,,knn_physchem_integrated_20261002_v2,ecoli50_random_20260928_v1,val,20260928,ok,,,,2.0.0,ecoli50_strength_v1
course_ecoli50_strength,ecoli50_r003834,83.87,234.9180201120248,2.3709163319544806,knn_physchem_full,log10,runs/knn_physchem_integrated_20261002_v2/knn_model.joblib,,,,knn_physchem_integrated_20261002_v2,ecoli50_random_20260928_v1,val,20260928,ok,,,,2.0.0,ecoli50_strength_v1
course_ecoli50_strength,ecoli50_r003840,38.6,217.8304808285416,2.3381186501186977,knn_physchem_full,log10,runs/knn_physchem_integrated_20261002_v2/knn_model.joblib,,,,knn_physchem_integrated_20261002_v2,ecoli50_random_20260928_v1,val,20260928,ok,,,,2.0.0,ecoli50_strength_v1
course_ecoli50_strength,ecoli50_r003847,82.44,165.9495122474972,2.219975980284654,knn_physchem_full,log10,runs/knn_physchem_integrated_20261002_v2/knn_model.joblib,,,,knn_physchem_integrated_20261002_v2,ecoli50_random_20260928_v1,val,20260928,ok,,,,2.0.0,ecoli50_strength_v1
course_ecoli50_strength,ecoli50_r003848,45.21,170.65301288981664,2.232113960179095,knn_physchem_full,log10,runs/knn_physchem_integrated_20261002_v2/knn_model.joblib,,,,knn_physchem_integrated_20261002_v2,ecoli50_random_20260928_v1,val,20260928,ok,,,,2.0.0,ecoli50_strength_v1
course_ecoli50_strength,ecoli50_r003855,45.21,213.5289024041212,2.329456667675239,knn_physchem_full,log10,runs/knn_physchem_integrated_20261002_v2/knn_model.joblib,,,,knn_physchem_integrated_20261002_v2,ecoli50_random_20260928_v1,val,20260928,ok,,,,2.0.0,ecoli50_strength_v1
course_ecoli50_strength,ecoli50_r003858,53.05,180.46171417748957,2.256385078346331,knn_physchem_full,log10,runs/knn_physchem_integrated_20261002_v2/knn_model.joblib,,,,knn_physchem_integrated_20261002_v2,ecoli50_random_20260928_v1,val,20260928,ok,,,,2.0.0,ecoli50_strength_v1
course_ecoli50_strength,ecoli50_r003861,111.89,252.15333594927085,2.4016647181813573,knn_physchem_full,log10,runs/knn_physchem_integrated_20261002_v2/knn_model.joblib,,,,knn_physchem_integrated_20261002_v2,ecoli50_random_20260928_v1,val,20260928,ok,,,,2.0.0,ecoli50_strength_v1
course_ecoli50_strength,ecoli50_r003862,70.59,258.5124126181251,2.412481400823138,knn_physchem_full,log10,runs/knn_physchem_integrated_20261002_v2/knn_model.joblib,,,,knn_physchem_integrated_20261002_v2,ecoli50_random_20260928_v1,val,20260928,ok,,,,2.0.0,ecoli50_strength_v1
course_ecoli50_strength,ecoli50_r003868,27.38,187.21851761391517,2.2723488022002165,knn_physchem_full,log10,runs/knn_physchem_integrated_20261002_v2/knn_model.joblib,,,,knn_physchem_integrated_20261002_v2,ecoli50_random_20260928_v1,val,20260928,ok,,,,2.0.0,ecoli50_strength_v1
course_ecoli50_strength,ecoli50_r003897,42.89,236.45160500158315,2.373742266293781,knn_physchem_full,log10,runs/knn_physchem_integrated_20261002_v2/knn_model.joblib,,,,knn_physchem_integrated_20261002_v2,ecoli50_random_20260928_v1,val,20260928,ok,,,,2.0.0,ecoli50_strength_v1
course_ecoli50_strength,ecoli50_r003901,240.74,174.66697816927766,2.2422108067893185,knn_physchem_full,log10,runs/knn_physchem_integrated_20261002_v2/knn_model.joblib,,,,knn_physchem_integrated_20261002_v2,ecoli50_random_20260928_v1,val,20260928,ok,,,,2.0.0,ecoli50_strength_v1
course_ecoli50_strength,ecoli50_r003902,68.73,236.04128235068575,2.37298796538195,knn_physchem_full,log10,runs/knn_physchem_integrated_20261002_v2/knn_model.joblib,,,,knn_physchem_integrated_20261002_v2,ecoli50_random_20260928_v1,val,20260928,ok,,,,2.0.0,ecoli50_strength_v1
course_ecoli50_strength,ecoli50_r003905,841.87,201.18908174339688,2.3036044084551808,knn_physchem_full,log10,runs/knn_physchem_integrated_20261002_v2/knn_model.joblib,,,,knn_physchem_integrated_20261002_v2,ecoli50_random_20260928_v1,val,20260928,ok,,,,2.0.0,ecoli50_strength_v1
course_ecoli50_strength,ecoli50_r003910,342.2,218.69633469715976,2.3398415044178966,knn_physchem_full,log10,runs/knn_physchem_integrated_20261002_v2/knn_model.joblib,,,,knn_physchem_integrated_20261002_v2,ecoli50_random_20260928_v1,val,20260928,ok,,,,2.0.0,ecoli50_strength_v1
course_ecoli50_strength,ecoli50_r003917,115.17,158.75184663773675,2.200718785805996,knn_physchem_full,log10,runs/knn_physchem_integrated_20261002_v2/knn_model.joblib,,,,knn_physchem_integrated_20261002_v2,ecoli50_random_20260928_v1,val,20260928,ok,,,,2.0.0,ecoli50_strength_v1
course_ecoli50_strength,ecoli50_r003920,183.5,254.9229038095939,2.406408856855139,knn_physchem_full,log10,runs/knn_physchem_integrated_20261002_v2/knn_model.joblib,,,,knn_physchem_integrated_20261002_v2,ecoli50_random_20260928_v1,val,20260928,ok,,,,2.0.0,ecoli50_strength_v1
course_ecoli50_strength,ecoli50_r003923,90.2,220.3574104574904,2.3431276600952278,knn_physchem_full,log10,runs/knn_physchem_integrated_20261002_v2/knn_model.joblib,,,,knn_physchem_integrated_20261002_v2,ecoli50_random_20260928_v1,val,20260928,ok,,,,2.0.0,ecoli50_strength_v1
course_ecoli50_strength,ecoli50_r003924,79.88,251.90940615089625,2.401244384104555,knn_physchem_full,log10,runs/knn_physchem_integrated_20261002_v2/knn_model.joblib,,,,knn_physchem_integrated_20261002_v2,ecoli50_random_20260928_v1,val,20260928,ok,,,,2.0.0,ecoli50_strength_v1
course_ecoli50_strength,ecoli50_r003934,24.05,164.50813288419823,2.216187373285503,knn_physchem_full,log10,runs/knn_physchem_integrated_20261002_v2/knn_model.joblib,,,,knn_physchem_integrated_20261002_v2,ecoli50_random_20260928_v1,val,20260928,ok,,,,2.0.0,ecoli50_strength_v1
course_ecoli50_strength,ecoli50_r003939,28.52,202.33052445137076,2.3060614072432184,knn_physchem_full,log10,runs/knn_physchem_integrated_20261002_v2/knn_model.joblib,,,,knn_physchem_integrated_20261002_v2,ecoli50_random_20260928_v1,val,20260928,ok,,,,2.0.0,ecoli50_strength_v1
course_ecoli50_strength,ecoli50_r003955,42.09,147.6807223327642,2.169323807898836,knn_physchem_full,log10,runs/knn_physchem_integrated_20261002_v2/knn_model.joblib,,,,knn_physchem_integrated_20261002_v2,ecoli50_random_20260928_v1,val,20260928,ok,,,,2.0.0,ecoli50_strength_v1
course_ecoli50_strength,ecoli50_r003960,215.48,235.60298684045725,2.372180791888012,knn_physchem_full,log10,runs/knn_physchem_integrated_20261002_v2/knn_model.joblib,,,,knn_physchem_integrated_20261002_v2,ecoli50_random_20260928_v1,val,20260928,ok,,,,2.0.0,ecoli50_strength_v1
course_ecoli50_strength,ecoli50_r003961,41.07,141.40709046184696,2.150471186485282,knn_physchem_full,log10,runs/knn_physchem_integrated_20261002_v2/knn_model.joblib,,,,knn_physchem_integrated_20261002_v2,ecoli50_random_20260928_v1,val,20260928,ok,,,,2.0.0,ecoli50_strength_v1
course_ecoli50_strength,ecoli50_r003963,85.25,165.46957580790243,2.218718153559565,knn_physchem_full,log10,runs/knn_physchem_integrated_20261002_v2/knn_model.joblib,,,,knn_physchem_integrated_20261002_v2,ecoli50_random_20260928_v1,val,20260928,ok,,,,2.0.0,ecoli50_strength_v1
course_ecoli50_strength,ecoli50_r003971,85.48,223.95592923663676,2.350162564885935,knn_physchem_full,log10,runs/knn_physchem_integrated_20261002_v2/knn_model.joblib,,,,knn_physchem_integrated_20261002_v2,ecoli50_random_20260928_v1,val,20260928,ok,,,,2.0.0,ecoli50_strength_v1
course_ecoli50_strength,ecoli50_r003978,361.21,168.49710068540168,2.226592432405195,knn_physchem_full,log10,runs/knn_physchem_integrated_20261002_v2/knn_model.joblib,,,,knn_physchem_integrated_20261002_v2,ecoli50_random_20260928_v1,val,20260928,ok,,,,2.0.0,ecoli50_strength_v1
course_ecoli50_strength,ecoli50_r003991,196.79,212.8551213097554,2.328084103795796,knn_physchem_full,log10,runs/knn_physchem_integrated_20261002_v2/knn_model.joblib,,,,knn_physchem_integrated_20261002_v2,ecoli50_random_20260928_v1,val,20260928,ok,,,,2.0.0,ecoli50_strength_v1
course_ecoli50_strength,ecoli50_r003992,51.34,263.51021707262703,2.420797458760102,knn_physchem_full,log10,runs/knn_physchem_integrated_20261002_v2/knn_model.joblib,,,,knn_physchem_integrated_20261002_v2,ecoli50_random_20260928_v1,val,20260928,ok,,,,2.0.0,ecoli50_strength_v1
course_ecoli50_strength,ecoli50_r004011,426.26,256.30396472251005,2.4087553242638022,knn_physchem_full,log10,runs/knn_physchem_integrated_20261002_v2/knn_model.joblib,,,,knn_physchem_integrated_20261002_v2,ecoli50_random_20260928_v1,val,20260928,ok,,,,2.0.0,ecoli50_strength_v1
course_ecoli50_strength,ecoli50_r004013,24.76,184.2277056214523,2.265354943416234,knn_physchem_full,log10,runs/knn_physchem_integrated_20261002_v2/knn_model.joblib,,,,knn_physchem_integrated_20261002_v2,ecoli50_random_20260928_v1,val,20260928,ok,,,,2.0.0,ecoli50_strength_v1
course_ecoli50_strength,ecoli50_r004016,33718.55,238.3686304781183,2.377249101291968,knn_physchem_full,log10,runs/knn_physchem_integrated_20261002_v2/knn_model.joblib,,,,knn_physchem_integrated_20261002_v2,ecoli50_random_20260928_v1,val,20260928,ok,,,,2.0.0,ecoli50_strength_v1
course_ecoli50_strength,ecoli50_r004026,96.21,189.72664809600795,2.278128334095088,knn_physchem_full,log10,runs/knn_physchem_integrated_20261002_v2/knn_model.joblib,,,,knn_physchem_integrated_20261002_v2,ecoli50_random_20260928_v1,val,20260928,ok,,,,2.0.0,ecoli50_strength_v1
course_ecoli50_strength,ecoli50_r004035,154.41,165.99866543596903,2.220104596497138,knn_physchem_full,log10,runs/knn_physchem_integrated_20261002_v2/knn_model.joblib,,,,knn_physchem_integrated_20261002_v2,ecoli50_random_20260928_v1,val,20260928,ok,,,,2.0.0,ecoli50_strength_v1
course_ecoli50_strength,ecoli50_r004037,111.46,186.0228386867056,2.269566267372256,knn_physchem_full,log10,runs/knn_physchem_integrated_20261002_v2/knn_model.joblib,,,,knn_physchem_integrated_20261002_v2,ecoli50_random_20260928_v1,val,20260928,ok,,,,2.0.0,ecoli50_strength_v1
course_ecoli50_strength,ecoli50_r004044,199.61,260.5401296777629,2.4158746249689917,knn_physchem_full,log10,runs/knn_physchem_integrated_20261002_v2/knn_model.joblib,,,,knn_physchem_integrated_20261002_v2,ecoli50_random_20260928_v1,val,20260928,ok,,,,2.0.0,ecoli50_strength_v1
course_ecoli50_strength,ecoli50_r004049,60.42,189.69821100727157,2.278063235193704,knn_physchem_full,log10,runs/knn_physchem_integrated_20261002_v2/knn_model.joblib,,,,knn_physchem_integrated_20261002_v2,ecoli50_random_20260928_v1,val,20260928,ok,,,,2.0.0,ecoli50_strength_v1
course_ecoli50_strength,ecoli50_r004056,48.11,241.5407624384174,2.382990432844127,knn_physchem_full,log10,runs/knn_physchem_integrated_20261002_v2/knn_model.joblib,,,,knn_physchem_integrated_20261002_v2,ecoli50_random_20260928_v1,val,20260928,ok,,,,2.0.0,ecoli50_strength_v1
course_ecoli50_strength,ecoli50_r004060,148.24,234.7688280781685,2.37064043204595,knn_physchem_full,log10,runs/knn_physchem_integrated_20261002_v2/knn_model.joblib,,,,knn_physchem_integrated_20261002_v2,ecoli50_random_20260928_v1,val,20260928,ok,,,,2.0.0,ecoli50_strength_v1
course_ecoli50_strength,ecoli50_r004066,889.98,186.5472646512953,2.270788885349199,knn_physchem_full,log10,runs/knn_physchem_integrated_20261002_v2/knn_model.joblib,,,,knn_physchem_integrated_20261002_v2,ecoli50_random_20260928_v1,val,20260928,ok,,,,2.0.0,ecoli50_strength_v1
course_ecoli50_strength,ecoli50_r004079,134.19,210.94551744833052,2.3241703011417503,knn_physchem_full,log10,runs/knn_physchem_integrated_20261002_v2/knn_model.joblib,,,,knn_physchem_integrated_20261002_v2,ecoli50_random_20260928_v1,val,20260928,ok,,,,2.0.0,ecoli50_strength_v1
course_ecoli50_strength,ecoli50_r004084,30359.57,246.1637074869392,2.391224024224916,knn_physchem_full,log10,runs/knn_physchem_integrated_20261002_v2/knn_model.joblib,,,,knn_physchem_integrated_20261002_v2,ecoli50_random_20260928_v1,val,20260928,ok,,,,2.0.0,ecoli50_strength_v1
course_ecoli50_strength,ecoli50_r004090,63.74,162.99338240684358,2.212169972241179,knn_physchem_full,log10,runs/knn_physchem_integrated_20261002_v2/knn_model.joblib,,,,knn_physchem_integrated_20261002_v2,ecoli50_random_20260928_v1,val,20260928,ok,,,,2.0.0,ecoli50_strength_v1
course_ecoli50_strength,ecoli50_r004094,85.48,161.67332710791246,2.208638375841135,knn_physchem_full,log10,runs/knn_physchem_integrated_20261002_v2/knn_model.joblib,,,,knn_physchem_integrated_20261002_v2,ecoli50_random_20260928_v1,val,20260928,ok,,,,2.0.0,ecoli50_strength_v1
course_ecoli50_strength,ecoli50_r004099,82.53,208.4095277868664,2.3189175695731428,knn_physchem_full,log10,runs/knn_physchem_integrated_20261002_v2/knn_model.joblib,,,,knn_physchem_integrated_20261002_v2,ecoli50_random_20260928_v1,val,20260928,ok,,,,2.0.0,ecoli50_strength_v1
course_ecoli50_strength,ecoli50_r004100,41.26,151.95103218106794,2.181703654524679,knn_physchem_full,log10,runs/knn_physchem_integrated_20261002_v2/knn_model.joblib,,,,knn_physchem_integrated_20261002_v2,ecoli50_random_20260928_v1,val,20260928,ok,,,,2.0.0,ecoli50_strength_v1
course_ecoli50_strength,ecoli50_r004101,60.39,239.6341372756385,2.379548685897525,knn_physchem_full,log10,runs/knn_physchem_integrated_20261002_v2/knn_model.joblib,,,,knn_physchem_integrated_20261002_v2,ecoli50_random_20260928_v1,val,20260928,ok,,,,2.0.0,ecoli50_strength_v1
course_ecoli50_strength,ecoli50_r004117,1128.51,255.9205842949885,2.4081052186195,knn_physchem_full,log10,runs/knn_physchem_integrated_20261002_v2/knn_model.joblib,,,,knn_physchem_integrated_20261002_v2,ecoli50_random_20260928_v1,val,20260928,ok,,,,2.0.0,ecoli50_strength_v1
course_ecoli50_strength,ecoli50_r004122,323.22,232.18761206999773,2.365839045061643,knn_physchem_full,log10,runs/knn_physchem_integrated_20261002_v2/knn_model.joblib,,,,knn_physchem_integrated_20261002_v2,ecoli50_random_20260928_v1,val,20260928,ok,,,,2.0.0,ecoli50_strength_v1
course_ecoli50_strength,ecoli50_r004133,293.5,158.60978233347163,2.200329969125549,knn_physchem_full,log10,runs/knn_physchem_integrated_20261002_v2/knn_model.joblib,,,,knn_physchem_integrated_20261002_v2,ecoli50_random_20260928_v1,val,20260928,ok,,,,2.0.0,ecoli50_strength_v1
course_ecoli50_strength,ecoli50_r004135,40.25,169.48102991924208,2.2291210945010347,knn_physchem_full,log10,runs/knn_physchem_integrated_20261002_v2/knn_model.joblib,,,,knn_physchem_integrated_20261002_v2,ecoli50_random_20260928_v1,val,20260928,ok,,,,2.0.0,ecoli50_strength_v1
course_ecoli50_strength,ecoli50_r004137,215.48,250.4074172795468,2.3986471888988907,knn_physchem_full,log10,runs/knn_physchem_integrated_20261002_v2/knn_model.joblib,,,,knn_physchem_integrated_20261002_v2,ecoli50_random_20260928_v1,val,20260928,ok,,,,2.0.0,ecoli50_strength_v1
course_ecoli50_strength,ecoli50_r004140,27.7,193.6046180118284,2.2869157122344355,knn_physchem_full,log10,runs/knn_physchem_integrated_20261002_v2/knn_model.joblib,,,,knn_physchem_integrated_20261002_v2,ecoli50_random_20260928_v1,val,20260928,ok,,,,2.0.0,ecoli50_strength_v1
course_ecoli50_strength,ecoli50_r004151,51.34,187.1621755466021,2.272218084726988,knn_physchem_full,log10,runs/knn_physchem_integrated_20261002_v2/knn_model.joblib,,,,knn_physchem_integrated_20261002_v2,ecoli50_random_20260928_v1,val,20260928,ok,,,,2.0.0,ecoli50_strength_v1
course_ecoli50_strength,ecoli50_r004162,109.6,264.9906812499312,2.4232306016617406,knn_physchem_full,log10,runs/knn_physchem_integrated_20261002_v2/knn_model.joblib,,,,knn_physchem_integrated_20261002_v2,ecoli50_random_20260928_v1,val,20260928,ok,,,,2.0.0,ecoli50_strength_v1
course_ecoli50_strength,ecoli50_r004164,64.83,158.28182561043724,2.199431050742124,knn_physchem_full,log10,runs/knn_physchem_integrated_20261002_v2/knn_model.joblib,,,,knn_physchem_integrated_20261002_v2,ecoli50_random_20260928_v1,val,20260928,ok,,,,2.0.0,ecoli50_strength_v1
course_ecoli50_strength,ecoli50_r004166,2005.46,242.0746617572744,2.383949333700753,knn_physchem_full,log10,runs/knn_physchem_integrated_20261002_v2/knn_model.joblib,,,,knn_physchem_integrated_20261002_v2,ecoli50_random_20260928_v1,val,20260928,ok,,,,2.0.0,ecoli50_strength_v1
course_ecoli50_strength,ecoli50_r004170,6531.32,225.41347913118983,2.3529798821505,knn_physchem_full,log10,runs/knn_physchem_integrated_20261002_v2/knn_model.joblib,,,,knn_physchem_integrated_20261002_v2,ecoli50_random_20260928_v1,val,20260928,ok,,,,2.0.0,ecoli50_strength_v1
course_ecoli50_strength,ecoli50_r004176,107.36,257.20310945941304,2.4102762146911494,knn_physchem_full,log10,runs/knn_physchem_integrated_20261002_v2/knn_model.joblib,,,,knn_physchem_integrated_20261002_v2,ecoli50_random_20260928_v1,val,20260928,ok,,,,2.0.0,ecoli50_strength_v1
course_ecoli50_strength,ecoli50_r004184,102.23,237.93164392275867,2.3764522052450547,knn_physchem_full,log10,runs/knn_physchem_integrated_20261002_v2/knn_model.joblib,,,,knn_physchem_integrated_20261002_v2,ecoli50_random_20260928_v1,val,20260928,ok,,,,2.0.0,ecoli50_strength_v1
course_ecoli50_strength,ecoli50_r004204,29.18,160.4603300705825,2.205367681221114,knn_physchem_full,log10,runs/knn_physchem_integrated_20261002_v2/knn_model.joblib,,,,knn_physchem_integrated_20261002_v2,ecoli50_random_20260928_v1,val,20260928,ok,,,,2.0.0,ecoli50_strength_v1
course_ecoli50_strength,ecoli50_r004214,64.84,149.57557892807847,2.174860692441935,knn_physchem_full,log10,runs/knn_physchem_integrated_20261002_v2/knn_model.joblib,,,,knn_physchem_integrated_20261002_v2,ecoli50_random_20260928_v1,val,20260928,ok,,,,2.0.0,ecoli50_strength_v1
course_ecoli50_strength,ecoli50_r004221,372.83,164.3139427659825,2.215674416809458,knn_physchem_full,log10,runs/knn_physchem_integrated_20261002_v2/knn_model.joblib,,,,knn_physchem_integrated_20261002_v2,ecoli50_random_20260928_v1,val,20260928,ok,,,,2.0.0,ecoli50_strength_v1
course_ecoli50_strength,ecoli50_r004231,63.83,163.2288140779266,2.2127968253153703,knn_physchem_full,log10,runs/knn_physchem_integrated_20261002_v2/knn_model.joblib,,,,knn_physchem_integrated_20261002_v2,ecoli50_random_20260928_v1,val,20260928,ok,,,,2.0.0,ecoli50_strength_v1
course_ecoli50_strength,ecoli50_r004258,834.33,218.8875028567861,2.3402209667060254,knn_physchem_full,log10,runs/knn_physchem_integrated_20261002_v2/knn_model.joblib,,,,knn_physchem_integrated_20261002_v2,ecoli50_random_20260928_v1,val,20260928,ok,,,,2.0.0,ecoli50_strength_v1
course_ecoli50_strength,ecoli50_r004260,482.21,264.98610900175777,2.423223108117917,knn_physchem_full,log10,runs/knn_physchem_integrated_20261002_v2/knn_model.joblib,,,,knn_physchem_integrated_20261002_v2,ecoli50_random_20260928_v1,val,20260928,ok,,,,2.0.0,ecoli50_strength_v1
course_ecoli50_strength,ecoli50_r004271,226.05,175.59914806360845,2.244522404553163,knn_physchem_full,log10,runs/knn_physchem_integrated_20261002_v2/knn_model.joblib,,,,knn_physchem_integrated_20261002_v2,ecoli50_random_20260928_v1,val,20260928,ok,,,,2.0.0,ecoli50_strength_v1
course_ecoli50_strength,ecoli50_r004279,156.9,152.4952363305697,2.183256277337492,knn_physchem_full,log10,runs/knn_physchem_integrated_20261002_v2/knn_model.joblib,,,,knn_physchem_integrated_20261002_v2,ecoli50_random_20260928_v1,val,20260928,ok,,,,2.0.0,ecoli50_strength_v1
course_ecoli50_strength,ecoli50_r004284,102.17,214.6659564295599,2.331763175749312,knn_physchem_full,log10,runs/knn_physchem_integrated_20261002_v2/knn_model.joblib,,,,knn_physchem_integrated_20261002_v2,ecoli50_random_20260928_v1,val,20260928,ok,,,,2.0.0,ecoli50_strength_v1
course_ecoli50_strength,ecoli50_r004295,7300.25,257.10044203596823,2.410102823331374,knn_physchem_full,log10,runs/knn_physchem_integrated_20261002_v2/knn_model.joblib,,,,knn_physchem_integrated_20261002_v2,ecoli50_random_20260928_v1,val,20260928,ok,,,,2.0.0,ecoli50_strength_v1
course_ecoli50_strength,ecoli50_r004296,7715.17,255.6949039452869,2.407722072529676,knn_physchem_full,log10,runs/knn_physchem_integrated_20261002_v2/knn_model.joblib,,,,knn_physchem_integrated_20261002_v2,ecoli50_random_20260928_v1,val,20260928,ok,,,,2.0.0,ecoli50_strength_v1
course_ecoli50_strength,ecoli50_r004299,174.61,206.4309368879376,2.3147747836184123,knn_physchem_full,log10,runs/knn_physchem_integrated_20261002_v2/knn_model.joblib,,,,knn_physchem_integrated_20261002_v2,ecoli50_random_20260928_v1,val,20260928,ok,,,,2.0.0,ecoli50_strength_v1
course_ecoli50_strength,ecoli50_r004300,76.63,212.4372021575867,2.3272305730355445,knn_physchem_full,log10,runs/knn_physchem_integrated_20261002_v2/knn_model.joblib,,,,knn_physchem_integrated_20261002_v2,ecoli50_random_20260928_v1,val,20260928,ok,,,,2.0.0,ecoli50_strength_v1
course_ecoli50_strength,ecoli50_r004305,73.36,262.3438768309726,2.418870932115246,knn_physchem_full,log10,runs/knn_physchem_integrated_20261002_v2/knn_model.joblib,,,,knn_physchem_integrated_20261002_v2,ecoli50_random_20260928_v1,val,20260928,ok,,,,2.0.0,ecoli50_strength_v1
course_ecoli50_strength,ecoli50_r004323,216.72,167.7205978376847,2.2245864017707917,knn_physchem_full,log10,runs/knn_physchem_integrated_20261002_v2/knn_model.joblib,,,,knn_physchem_integrated_20261002_v2,ecoli50_random_20260928_v1,val,20260928,ok,,,,2.0.0,ecoli50_strength_v1
course_ecoli50_strength,ecoli50_r004339,137.55,208.02178347985665,2.318108815490381,knn_physchem_full,log10,runs/knn_physchem_integrated_20261002_v2/knn_model.joblib,,,,knn_physchem_integrated_20261002_v2,ecoli50_random_20260928_v1,val,20260928,ok,,,,2.0.0,ecoli50_strength_v1
course_ecoli50_strength,ecoli50_r004342,1675.61,248.90622237040964,2.3960357536088157,knn_physchem_full,log10,runs/knn_physchem_integrated_20261002_v2/knn_model.joblib,,,,knn_physchem_integrated_20261002_v2,ecoli50_random_20260928_v1,val,20260928,ok,,,,2.0.0,ecoli50_strength_v1
course_ecoli50_strength,ecoli50_r004360,76.16,144.4288918415571,2.159654079052571,knn_physchem_full,log10,runs/knn_physchem_integrated_20261002_v2/knn_model.joblib,,,,knn_physchem_integrated_20261002_v2,ecoli50_random_20260928_v1,val,20260928,ok,,,,2.0.0,ecoli50_strength_v1
course_ecoli50_strength,ecoli50_r004363,212.47,189.48646187078552,2.277578186626814,knn_physchem_full,log10,runs/knn_physchem_integrated_20261002_v2/knn_model.joblib,,,,knn_physchem_integrated_20261002_v2,ecoli50_random_20260928_v1,val,20260928,ok,,,,2.0.0,ecoli50_strength_v1
course_ecoli50_strength,ecoli50_r004364,95.91,184.61640303059644,2.266270285147073,knn_physchem_full,log10,runs/knn_physchem_integrated_20261002_v2/knn_model.joblib,,,,knn_physchem_integrated_20261002_v2,ecoli50_random_20260928_v1,val,20260928,ok,,,,2.0.0,ecoli50_strength_v1
course_ecoli50_strength,ecoli50_r004365,204.96,151.02842904830868,2.1790587050196297,knn_physchem_full,log10,runs/knn_physchem_integrated_20261002_v2/knn_model.joblib,,,,knn_physchem_integrated_20261002_v2,ecoli50_random_20260928_v1,val,20260928,ok,,,,2.0.0,ecoli50_strength_v1
course_ecoli50_strength,ecoli50_r004370,70.45,173.05322787895116,2.2381797043926004,knn_physchem_full,log10,runs/knn_physchem_integrated_20261002_v2/knn_model.joblib,,,,knn_physchem_integrated_20261002_v2,ecoli50_random_20260928_v1,val,20260928,ok,,,,2.0.0,ecoli50_strength_v1
course_ecoli50_strength,ecoli50_r004371,354.79,208.82871579498763,2.319790217768076,knn_physchem_full,log10,runs/knn_physchem_integrated_20261002_v2/knn_model.joblib,,,,knn_physchem_integrated_20261002_v2,ecoli50_random_20260928_v1,val,20260928,ok,,,,2.0.0,ecoli50_strength_v1
course_ecoli50_strength,ecoli50_r004373,117.42,243.9639476204556,2.387325652132416,knn_physchem_full,log10,runs/knn_physchem_integrated_20261002_v2/knn_model.joblib,,,,knn_physchem_integrated_20261002_v2,ecoli50_random_20260928_v1,val,20260928,ok,,,,2.0.0,ecoli50_strength_v1
course_ecoli50_strength,ecoli50_r004393,252.56,252.82578661563977,2.4028213671330825,knn_physchem_full,log10,runs/knn_physchem_integrated_20261002_v2/knn_model.joblib,,,,knn_physchem_integrated_20261002_v2,ecoli50_random_20260928_v1,val,20260928,ok,,,,2.0.0,ecoli50_strength_v1
course_ecoli50_strength,ecoli50_r004403,240.01,236.7664637031976,2.374320187662012,knn_physchem_full,log10,runs/knn_physchem_integrated_20261002_v2/knn_model.joblib,,,,knn_physchem_integrated_20261002_v2,ecoli50_random_20260928_v1,val,20260928,ok,,,,2.0.0,ecoli50_strength_v1
course_ecoli50_strength,ecoli50_r004413,59.44,187.74447749644065,2.273567171092472,knn_physchem_full,log10,runs/knn_physchem_integrated_20261002_v2/knn_model.joblib,,,,knn_physchem_integrated_20261002_v2,ecoli50_random_20260928_v1,val,20260928,ok,,,,2.0.0,ecoli50_strength_v1
course_ecoli50_strength,ecoli50_r004419,227.33,199.9149519043018,2.300845276792936,knn_physchem_full,log10,runs/knn_physchem_integrated_20261002_v2/knn_model.joblib,,,,knn_physchem_integrated_20261002_v2,ecoli50_random_20260928_v1,val,20260928,ok,,,,2.0.0,ecoli50_strength_v1
course_ecoli50_strength,ecoli50_r004430,147.37,215.0793920766211,2.3325988002704805,knn_physchem_full,log10,runs/knn_physchem_integrated_20261002_v2/knn_model.joblib,,,,knn_physchem_integrated_20261002_v2,ecoli50_random_20260928_v1,val,20260928,ok,,,,2.0.0,ecoli50_strength_v1
course_ecoli50_strength,ecoli50_r004452,37.23,156.38770597774246,2.1942026091081885,knn_physchem_full,log10,runs/knn_physchem_integrated_20261002_v2/knn_model.joblib,,,,knn_physchem_integrated_20261002_v2,ecoli50_random_20260928_v1,val,20260928,ok,,,,2.0.0,ecoli50_strength_v1
course_ecoli50_strength,ecoli50_r004458,120.84,218.14796586903108,2.3387511677423944,knn_physchem_full,log10,runs/knn_physchem_integrated_20261002_v2/knn_model.joblib,,,,knn_physchem_integrated_20261002_v2,ecoli50_random_20260928_v1,val,20260928,ok,,,,2.0.0,ecoli50_strength_v1
course_ecoli50_strength,ecoli50_r004488,553.55,184.6096036428951,2.2662542898677267,knn_physchem_full,log10,runs/knn_physchem_integrated_20261002_v2/knn_model.joblib,,,,knn_physchem_integrated_20261002_v2,ecoli50_random_20260928_v1,val,20260928,ok,,,,2.0.0,ecoli50_strength_v1
course_ecoli50_strength,ecoli50_r004499,139.23,238.45828230994852,2.3774124112699537,knn_physchem_full,log10,runs/knn_physchem_integrated_20261002_v2/knn_model.joblib,,,,knn_physchem_integrated_20261002_v2,ecoli50_random_20260928_v1,val,20260928,ok,,,,2.0.0,ecoli50_strength_v1
course_ecoli50_strength,ecoli50_r004513,64.84,140.47817350377707,2.14760885190494,knn_physchem_full,log10,runs/knn_physchem_integrated_20261002_v2/knn_model.joblib,,,,knn_physchem_integrated_20261002_v2,ecoli50_random_20260928_v1,val,20260928,ok,,,,2.0.0,ecoli50_strength_v1
course_ecoli50_strength,ecoli50_r004523,142.09,186.43999235890635,2.270539076461337,knn_physchem_full,log10,runs/knn_physchem_integrated_20261002_v2/knn_model.joblib,,,,knn_physchem_integrated_20261002_v2,ecoli50_random_20260928_v1,val,20260928,ok,,,,2.0.0,ecoli50_strength_v1
course_ecoli50_strength,ecoli50_r004526,31.08,265.9318331565347,2.42477032731554,knn_physchem_full,log10,runs/knn_physchem_integrated_20261002_v2/knn_model.joblib,,,,knn_physchem_integrated_20261002_v2,ecoli50_random_20260928_v1,val,20260928,ok,,,,2.0.0,ecoli50_strength_v1
course_ecoli50_strength,ecoli50_r004534,109.05,250.2841173500059,2.3984332908143515,knn_physchem_full,log10,runs/knn_physchem_integrated_20261002_v2/knn_model.joblib,,,,knn_physchem_integrated_20261002_v2,ecoli50_random_20260928_v1,val,20260928,ok,,,,2.0.0,ecoli50_strength_v1
course_ecoli50_strength,ecoli50_r004537,126.28,181.70088085501797,2.2593570326990435,knn_physchem_full,log10,runs/knn_physchem_integrated_20261002_v2/knn_model.joblib,,,,knn_physchem_integrated_20261002_v2,ecoli50_random_20260928_v1,val,20260928,ok,,,,2.0.0,ecoli50_strength_v1
course_ecoli50_strength,ecoli50_r004539,285.88,145.24823212488764,2.162110855120348,knn_physchem_full,log10,runs/knn_physchem_integrated_20261002_v2/knn_model.joblib,,,,knn_physchem_integrated_20261002_v2,ecoli50_random_20260928_v1,val,20260928,ok,,,,2.0.0,ecoli50_strength_v1
course_ecoli50_strength,ecoli50_r004540,67.1,210.82030674145776,2.3239124408906404,knn_physchem_full,log10,runs/knn_physchem_integrated_20261002_v2/knn_model.joblib,,,,knn_physchem_integrated_20261002_v2,ecoli50_random_20260928_v1,val,20260928,ok,,,,2.0.0,ecoli50_strength_v1
course_ecoli50_strength,ecoli50_r004545,23.93,155.9483265841828,2.192980718886977,knn_physchem_full,log10,runs/knn_physchem_integrated_20261002_v2/knn_model.joblib,,,,knn_physchem_integrated_20261002_v2,ecoli50_random_20260928_v1,val,20260928,ok,,,,2.0.0,ecoli50_strength_v1
course_ecoli50_strength,ecoli50_r004548,182.04,247.4841764517,2.393547436403332,knn_physchem_full,log10,runs/knn_physchem_integrated_20261002_v2/knn_model.joblib,,,,knn_physchem_integrated_20261002_v2,ecoli50_random_20260928_v1,val,20260928,ok,,,,2.0.0,ecoli50_strength_v1
course_ecoli50_strength,ecoli50_r004554,761.55,184.1643263331784,2.265205508721407,knn_physchem_full,log10,runs/knn_physchem_integrated_20261002_v2/knn_model.joblib,,,,knn_physchem_integrated_20261002_v2,ecoli50_random_20260928_v1,val,20260928,ok,,,,2.0.0,ecoli50_strength_v1
course_ecoli50_strength,ecoli50_r004555,430.32,159.24873172657107,2.202075982254829,knn_physchem_full,log10,runs/knn_physchem_integrated_20261002_v2/knn_model.joblib,,,,knn_physchem_integrated_20261002_v2,ecoli50_random_20260928_v1,val,20260928,ok,,,,2.0.0,ecoli50_strength_v1
course_ecoli50_strength,ecoli50_r004557,74.46,175.7074615795202,2.2447902046028934,knn_physchem_full,log10,runs/knn_physchem_integrated_20261002_v2/knn_model.joblib,,,,knn_physchem_integrated_20261002_v2,ecoli50_random_20260928_v1,val,20260928,ok,,,,2.0.0,ecoli50_strength_v1
course_ecoli50_strength,ecoli50_r004561,79189.46,171.0586779984108,2.2331451113256664,knn_physchem_full,log10,runs/knn_physchem_integrated_20261002_v2/knn_model.joblib,,,,knn_physchem_integrated_20261002_v2,ecoli50_random_20260928_v1,val,20260928,ok,,,,2.0.0,ecoli50_strength_v1
course_ecoli50_strength,ecoli50_r004562,586.39,228.77372509927224,2.359406143811289,knn_physchem_full,log10,runs/knn_physchem_integrated_20261002_v2/knn_model.joblib,,,,knn_physchem_integrated_20261002_v2,ecoli50_random_20260928_v1,val,20260928,ok,,,,2.0.0,ecoli50_strength_v1
course_ecoli50_strength,ecoli50_r004577,89.16,155.3654977403708,2.1913545807157138,knn_physchem_full,log10,runs/knn_physchem_integrated_20261002_v2/knn_model.joblib,,,,knn_physchem_integrated_20261002_v2,ecoli50_random_20260928_v1,val,20260928,ok,,,,2.0.0,ecoli50_strength_v1
course_ecoli50_strength,ecoli50_r004585,95.36,216.49109687848087,2.335440040846187,knn_physchem_full,log10,runs/knn_physchem_integrated_20261002_v2/knn_model.joblib,,,,knn_physchem_integrated_20261002_v2,ecoli50_random_20260928_v1,val,20260928,ok,,,,2.0.0,ecoli50_strength_v1
course_ecoli50_strength,ecoli50_r004587,114.25,241.2288227981537,2.3824291974745018,knn_physchem_full,log10,runs/knn_physchem_integrated_20261002_v2/knn_model.joblib,,,,knn_physchem_integrated_20261002_v2,ecoli50_random_20260928_v1,val,20260928,ok,,,,2.0.0,ecoli50_strength_v1
course_ecoli50_strength,ecoli50_r004600,85.1,167.6338067239942,2.224361607331936,knn_physchem_full,log10,runs/knn_physchem_integrated_20261002_v2/knn_model.joblib,,,,knn_physchem_integrated_20261002_v2,ecoli50_random_20260928_v1,val,20260928,ok,,,,2.0.0,ecoli50_strength_v1
course_ecoli50_strength,ecoli50_r004604,279.23,157.8170879314628,2.198154025442193,knn_physchem_full,log10,runs/knn_physchem_integrated_20261002_v2/knn_model.joblib,,,,knn_physchem_integrated_20261002_v2,ecoli50_random_20260928_v1,val,20260928,ok,,,,2.0.0,ecoli50_strength_v1
course_ecoli50_strength,ecoli50_r004610,462.97,214.5012764145891,2.331429880847845,knn_physchem_full,log10,runs/knn_physchem_integrated_20261002_v2/knn_model.joblib,,,,knn_physchem_integrated_20261002_v2,ecoli50_random_20260928_v1,val,20260928,ok,,,,2.0.0,ecoli50_strength_v1
course_ecoli50_strength,ecoli50_r004612,32.42,215.658981084902,2.3337675489850858,knn_physchem_full,log10,runs/knn_physchem_integrated_20261002_v2/knn_model.joblib,,,,knn_physchem_integrated_20261002_v2,ecoli50_random_20260928_v1,val,20260928,ok,,,,2.0.0,ecoli50_strength_v1
course_ecoli50_strength,ecoli50_r004613,168.37,243.8056892428923,2.38704383572849,knn_physchem_full,log10,runs/knn_physchem_integrated_20261002_v2/knn_model.joblib,,,,knn_physchem_integrated_20261002_v2,ecoli50_random_20260928_v1,val,20260928,ok,,,,2.0.0,ecoli50_strength_v1
course_ecoli50_strength,ecoli50_r004621,59.44,178.51538411638003,2.251675648733682,knn_physchem_full,log10,runs/knn_physchem_integrated_20261002_v2/knn_model.joblib,,,,knn_physchem_integrated_20261002_v2,ecoli50_random_20260928_v1,val,20260928,ok,,,,2.0.0,ecoli50_strength_v1
course_ecoli50_strength,ecoli50_r004632,84.88,147.4206860385162,2.168558427905976,knn_physchem_full,log10,runs/knn_physchem_integrated_20261002_v2/knn_model.joblib,,,,knn_physchem_integrated_20261002_v2,ecoli50_random_20260928_v1,val,20260928,ok,,,,2.0.0,ecoli50_strength_v1
course_ecoli50_strength,ecoli50_r004636,51.42,211.61556538029856,2.325547609063299,knn_physchem_full,log10,runs/knn_physchem_integrated_20261002_v2/knn_model.joblib,,,,knn_physchem_integrated_20261002_v2,ecoli50_random_20260928_v1,val,20260928,ok,,,,2.0.0,ecoli50_strength_v1
course_ecoli50_strength,ecoli50_r004645,58.95,198.2906824361652,2.2973023074396464,knn_physchem_full,log10,runs/knn_physchem_integrated_20261002_v2/knn_model.joblib,,,,knn_physchem_integrated_20261002_v2,ecoli50_random_20260928_v1,val,20260928,ok,,,,2.0.0,ecoli50_strength_v1
course_ecoli50_strength,ecoli50_r004666,98.97,263.48843002924303,2.4207615497771244,knn_physchem_full,log10,runs/knn_physchem_integrated_20261002_v2/knn_model.joblib,,,,knn_physchem_integrated_20261002_v2,ecoli50_random_20260928_v1,val,20260928,ok,,,,2.0.0,ecoli50_strength_v1
course_ecoli50_strength,ecoli50_r004693,147.61,203.35965375167805,2.308264793763318,knn_physchem_full,log10,runs/knn_physchem_integrated_20261002_v2/knn_model.joblib,,,,knn_physchem_integrated_20261002_v2,ecoli50_random_20260928_v1,val,20260928,ok,,,,2.0.0,ecoli50_strength_v1
course_ecoli50_strength,ecoli50_r004697,144.32,155.8000867872116,2.192567695256934,knn_physchem_full,log10,runs/knn_physchem_integrated_20261002_v2/knn_model.joblib,,,,knn_physchem_integrated_20261002_v2,ecoli50_random_20260928_v1,val,20260928,ok,,,,2.0.0,ecoli50_strength_v1
course_ecoli50_strength,ecoli50_r004699,222.5,257.8677437988732,2.4113970204385167,knn_physchem_full,log10,runs/knn_physchem_integrated_20261002_v2/knn_model.joblib,,,,knn_physchem_integrated_20261002_v2,ecoli50_random_20260928_v1,val,20260928,ok,,,,2.0.0,ecoli50_strength_v1
course_ecoli50_strength,ecoli50_r004709,137.55,212.06593631586665,2.3264709143528366,knn_physchem_full,log10,runs/knn_physchem_integrated_20261002_v2/knn_model.joblib,,,,knn_physchem_integrated_20261002_v2,ecoli50_random_20260928_v1,val,20260928,ok,,,,2.0.0,ecoli50_strength_v1
course_ecoli50_strength,ecoli50_r004719,725.7,235.9541597751483,2.372827638180211,knn_physchem_full,log10,runs/knn_physchem_integrated_20261002_v2/knn_model.joblib,,,,knn_physchem_integrated_20261002_v2,ecoli50_random_20260928_v1,val,20260928,ok,,,,2.0.0,ecoli50_strength_v1
course_ecoli50_strength,ecoli50_r004721,1515.37,252.62113296653524,2.4024696785504798,knn_physchem_full,log10,runs/knn_physchem_integrated_20261002_v2/knn_model.joblib,,,,knn_physchem_integrated_20261002_v2,ecoli50_random_20260928_v1,val,20260928,ok,,,,2.0.0,ecoli50_strength_v1
course_ecoli50_strength,ecoli50_r004723,206.32,239.99796601024343,2.380207561068812,knn_physchem_full,log10,runs/knn_physchem_integrated_20261002_v2/knn_model.joblib,,,,knn_physchem_integrated_20261002_v2,ecoli50_random_20260928_v1,val,20260928,ok,,,,2.0.0,ecoli50_strength_v1
course_ecoli50_strength,ecoli50_r004730,316.47,150.73006160730858,2.178199876655581,knn_physchem_full,log10,runs/knn_physchem_integrated_20261002_v2/knn_model.joblib,,,,knn_physchem_integrated_20261002_v2,ecoli50_random_20260928_v1,val,20260928,ok,,,,2.0.0,ecoli50_strength_v1
course_ecoli50_strength,ecoli50_r004738,228.48,149.385081186686,2.1743072274538187,knn_physchem_full,log10,runs/knn_physchem_integrated_20261002_v2/knn_model.joblib,,,,knn_physchem_integrated_20261002_v2,ecoli50_random_20260928_v1,val,20260928,ok,,,,2.0.0,ecoli50_strength_v1
course_ecoli50_strength,ecoli50_r004744,436.54,259.50369051975844,2.4141435385273264,knn_physchem_full,log10,runs/knn_physchem_integrated_20261002_v2/knn_model.joblib,,,,knn_physchem_integrated_20261002_v2,ecoli50_random_20260928_v1,val,20260928,ok,,,,2.0.0,ecoli50_strength_v1
course_ecoli50_strength,ecoli50_r004764,1120.76,260.0487806622812,2.415054821760594,knn_physchem_full,log10,runs/knn_physchem_integrated_20261002_v2/knn_model.joblib,,,,knn_physchem_integrated_20261002_v2,ecoli50_random_20260928_v1,val,20260928,ok,,,,2.0.0,ecoli50_strength_v1
course_ecoli50_strength,ecoli50_r004769,58.61,151.60350633890812,2.180709245926837,knn_physchem_full,log10,runs/knn_physchem_integrated_20261002_v2/knn_model.joblib,,,,knn_physchem_integrated_20261002_v2,ecoli50_random_20260928_v1,val,20260928,ok,,,,2.0.0,ecoli50_strength_v1
course_ecoli50_strength,ecoli50_r004772,93.21,196.16400506153715,2.2926193198773137,knn_physchem_full,log10,runs/knn_physchem_integrated_20261002_v2/knn_model.joblib,,,,knn_physchem_integrated_20261002_v2,ecoli50_random_20260928_v1,val,20260928,ok,,,,2.0.0,ecoli50_strength_v1
course_ecoli50_strength,ecoli50_r004783,82.59,166.86031432225738,2.2223530573485664,knn_physchem_full,log10,runs/knn_physchem_integrated_20261002_v2/knn_model.joblib,,,,knn_physchem_integrated_20261002_v2,ecoli50_random_20260928_v1,val,20260928,ok,,,,2.0.0,ecoli50_strength_v1
course_ecoli50_strength,ecoli50_r004784,73.81,172.9120428502912,2.237825241748712,knn_physchem_full,log10,runs/knn_physchem_integrated_20261002_v2/knn_model.joblib,,,,knn_physchem_integrated_20261002_v2,ecoli50_random_20260928_v1,val,20260928,ok,,,,2.0.0,ecoli50_strength_v1
course_ecoli50_strength,ecoli50_r004791,33.55,226.29908235299757,2.3546827928860696,knn_physchem_full,log10,runs/knn_physchem_integrated_20261002_v2/knn_model.joblib,,,,knn_physchem_integrated_20261002_v2,ecoli50_random_20260928_v1,val,20260928,ok,,,,2.0.0,ecoli50_strength_v1
course_ecoli50_strength,ecoli50_r004792,1238.87,196.94285573189129,2.294340231032477,knn_physchem_full,log10,runs/knn_physchem_integrated_20261002_v2/knn_model.joblib,,,,knn_physchem_integrated_20261002_v2,ecoli50_random_20260928_v1,val,20260928,ok,,,,2.0.0,ecoli50_strength_v1
course_ecoli50_strength,ecoli50_r004793,3257.56,252.9966918358526,2.403114842413653,knn_physchem_full,log10,runs/knn_physchem_integrated_20261002_v2/knn_model.joblib,,,,knn_physchem_integrated_20261002_v2,ecoli50_random_20260928_v1,val,20260928,ok,,,,2.0.0,ecoli50_strength_v1
course_ecoli50_strength,ecoli50_r004795,801.81,248.390258724326,2.3951345598409857,knn_physchem_full,log10,runs/knn_physchem_integrated_20261002_v2/knn_model.joblib,,,,knn_physchem_integrated_20261002_v2,ecoli50_random_20260928_v1,val,20260928,ok,,,,2.0.0,ecoli50_strength_v1
course_ecoli50_strength,ecoli50_r004804,72.16,179.2806818879129,2.2535334953542843,knn_physchem_full,log10,runs/knn_physchem_integrated_20261002_v2/knn_model.joblib,,,,knn_physchem_integrated_20261002_v2,ecoli50_random_20260928_v1,val,20260928,ok,,,,2.0.0,ecoli50_strength_v1
course_ecoli50_strength,ecoli50_r004806,271.16,166.7536281500529,2.2220752918743787,knn_physchem_full,log10,runs/knn_physchem_integrated_20261002_v2/knn_model.joblib,,,,knn_physchem_integrated_20261002_v2,ecoli50_random_20260928_v1,val,20260928,ok,,,,2.0.0,ecoli50_strength_v1
course_ecoli50_strength,ecoli50_r004811,259.73,245.8157523274956,2.3906097098348416,knn_physchem_full,log10,runs/knn_physchem_integrated_20261002_v2/knn_model.joblib,,,,knn_physchem_integrated_20261002_v2,ecoli50_random_20260928_v1,val,20260928,ok,,,,2.0.0,ecoli50_strength_v1
course_ecoli50_strength,ecoli50_r004815,224.59,161.57073986252502,2.208362713698292,knn_physchem_full,log10,runs/knn_physchem_integrated_20261002_v2/knn_model.joblib,,,,knn_physchem_integrated_20261002_v2,ecoli50_random_20260928_v1,val,20260928,ok,,,,2.0.0,ecoli50_strength_v1
course_ecoli50_strength,ecoli50_r004832,215.48,231.8470768921078,2.3652016247190764,knn_physchem_full,log10,runs/knn_physchem_integrated_20261002_v2/knn_model.joblib,,,,knn_physchem_integrated_20261002_v2,ecoli50_random_20260928_v1,val,20260928,ok,,,,2.0.0,ecoli50_strength_v1
course_ecoli50_strength,ecoli50_r004835,70.03,160.4744484331697,2.2054058916450368,knn_physchem_full,log10,runs/knn_physchem_integrated_20261002_v2/knn_model.joblib,,,,knn_physchem_integrated_20261002_v2,ecoli50_random_20260928_v1,val,20260928,ok,,,,2.0.0,ecoli50_strength_v1
course_ecoli50_strength,ecoli50_r004836,96.21,141.31501283774116,2.1501883023032318,knn_physchem_full,log10,runs/knn_physchem_integrated_20261002_v2/knn_model.joblib,,,,knn_physchem_integrated_20261002_v2,ecoli50_random_20260928_v1,val,20260928,ok,,,,2.0.0,ecoli50_strength_v1
course_ecoli50_strength,ecoli50_r004864,156.04,160.53758769747924,2.205576732805793,knn_physchem_full,log10,runs/knn_physchem_integrated_20261002_v2/knn_model.joblib,,,,knn_physchem_integrated_20261002_v2,ecoli50_random_20260928_v1,val,20260928,ok,,,,2.0.0,ecoli50_strength_v1
course_ecoli50_strength,ecoli50_r004871,88.42,201.497485921342,2.30426963183048,knn_physchem_full,log10,runs/knn_physchem_integrated_20261002_v2/knn_model.joblib,,,,knn_physchem_integrated_20261002_v2,ecoli50_random_20260928_v1,val,20260928,ok,,,,2.0.0,ecoli50_strength_v1
course_ecoli50_strength,ecoli50_r004893,108.24,153.77145639523386,2.1868757276598347,knn_physchem_full,log10,runs/knn_physchem_integrated_20261002_v2/knn_model.joblib,,,,knn_physchem_integrated_20261002_v2,ecoli50_random_20260928_v1,val,20260928,ok,,,,2.0.0,ecoli50_strength_v1
course_ecoli50_strength,ecoli50_r004905,379.1,176.84441067770888,2.2475913381106887,knn_physchem_full,log10,runs/knn_physchem_integrated_20261002_v2/knn_model.joblib,,,,knn_physchem_integrated_20261002_v2,ecoli50_random_20260928_v1,val,20260928,ok,,,,2.0.0,ecoli50_strength_v1
course_ecoli50_strength,ecoli50_r004909,3471.36,168.95057322869724,2.2277596696216446,knn_physchem_full,log10,runs/knn_physchem_integrated_20261002_v2/knn_model.joblib,,,,knn_physchem_integrated_20261002_v2,ecoli50_random_20260928_v1,val,20260928,ok,,,,2.0.0,ecoli50_strength_v1
course_ecoli50_strength,ecoli50_r004925,499.11,237.57913737256283,2.3758083011164794,knn_physchem_full,log10,runs/knn_physchem_integrated_20261002_v2/knn_model.joblib,,,,knn_physchem_integrated_20261002_v2,ecoli50_random_20260928_v1,val,20260928,ok,,,,2.0.0,ecoli50_strength_v1
course_ecoli50_strength,ecoli50_r004928,501.55,212.229983375201,2.326806740048465,knn_physchem_full,log10,runs/knn_physchem_integrated_20261002_v2/knn_model.joblib,,,,knn_physchem_integrated_20261002_v2,ecoli50_random_20260928_v1,val,20260928,ok,,,,2.0.0,ecoli50_strength_v1
course_ecoli50_strength,ecoli50_r004929,108.24,202.39280216434537,2.3061950633264003,knn_physchem_full,log10,runs/knn_physchem_integrated_20261002_v2/knn_model.joblib,,,,knn_physchem_integrated_20261002_v2,ecoli50_random_20260928_v1,val,20260928,ok,,,,2.0.0,ecoli50_strength_v1
course_ecoli50_strength,ecoli50_r004932,1139.18,227.4159411617727,2.35682090413334,knn_physchem_full,log10,runs/knn_physchem_integrated_20261002_v2/knn_model.joblib,,,,knn_physchem_integrated_20261002_v2,ecoli50_random_20260928_v1,val,20260928,ok,,,,2.0.0,ecoli50_strength_v1
course_ecoli50_strength,ecoli50_r004933,1205.58,182.72040027314085,2.2617870379461498,knn_physchem_full,log10,runs/knn_physchem_integrated_20261002_v2/knn_model.joblib,,,,knn_physchem_integrated_20261002_v2,ecoli50_random_20260928_v1,val,20260928,ok,,,,2.0.0,ecoli50_strength_v1
course_ecoli50_strength,ecoli50_r004937,189.48,176.85903059605175,2.247627240220337,knn_physchem_full,log10,runs/knn_physchem_integrated_20261002_v2/knn_model.joblib,,,,knn_physchem_integrated_20261002_v2,ecoli50_random_20260928_v1,val,20260928,ok,,,,2.0.0,ecoli50_strength_v1
course_ecoli50_strength,ecoli50_r004939,349.23,156.573967944785,2.1947195577365126,knn_physchem_full,log10,runs/knn_physchem_integrated_20261002_v2/knn_model.joblib,,,,knn_physchem_integrated_20261002_v2,ecoli50_random_20260928_v1,val,20260928,ok,,,,2.0.0,ecoli50_strength_v1
course_ecoli50_strength,ecoli50_r004940,586.54,239.12461864897065,2.3786242904319868,knn_physchem_full,log10,runs/knn_physchem_integrated_20261002_v2/knn_model.joblib,,,,knn_physchem_integrated_20261002_v2,ecoli50_random_20260928_v1,val,20260928,ok,,,,2.0.0,ecoli50_strength_v1
course_ecoli50_strength,ecoli50_r004946,50.32,180.69752589121356,2.256952206245771,knn_physchem_full,log10,runs/knn_physchem_integrated_20261002_v2/knn_model.joblib,,,,knn_physchem_integrated_20261002_v2,ecoli50_random_20260928_v1,val,20260928,ok,,,,2.0.0,ecoli50_strength_v1
course_ecoli50_strength,ecoli50_r004959,582.37,141.63023082651017,2.1511559629571586,knn_physchem_full,log10,runs/knn_physchem_integrated_20261002_v2/knn_model.joblib,,,,knn_physchem_integrated_20261002_v2,ecoli50_random_20260928_v1,val,20260928,ok,,,,2.0.0,ecoli50_strength_v1
course_ecoli50_strength,ecoli50_r004965,31.91,169.66610067219736,2.229595078842922,knn_physchem_full,log10,runs/knn_physchem_integrated_20261002_v2/knn_model.joblib,,,,knn_physchem_integrated_20261002_v2,ecoli50_random_20260928_v1,val,20260928,ok,,,,2.0.0,ecoli50_strength_v1
course_ecoli50_strength,ecoli50_r004966,41.76,153.0349631516616,2.1847906632957854,knn_physchem_full,log10,runs/knn_physchem_integrated_20261002_v2/knn_model.joblib,,,,knn_physchem_integrated_20261002_v2,ecoli50_random_20260928_v1,val,20260928,ok,,,,2.0.0,ecoli50_strength_v1
course_ecoli50_strength,ecoli50_r004973,120.25,193.5322015848472,2.286753237091737,knn_physchem_full,log10,runs/knn_physchem_integrated_20261002_v2/knn_model.joblib,,,,knn_physchem_integrated_20261002_v2,ecoli50_random_20260928_v1,val,20260928,ok,,,,2.0.0,ecoli50_strength_v1
course_ecoli50_strength,ecoli50_r004977,2032.52,247.1128867373596,2.3928953940989324,knn_physchem_full,log10,runs/knn_physchem_integrated_20261002_v2/knn_model.joblib,,,,knn_physchem_integrated_20261002_v2,ecoli50_random_20260928_v1,val,20260928,ok,,,,2.0.0,ecoli50_strength_v1
course_ecoli50_strength,ecoli50_r004980,249.98,195.6277525120578,2.2914304655225406,knn_physchem_full,log10,runs/knn_physchem_integrated_20261002_v2/knn_model.joblib,,,,knn_physchem_integrated_20261002_v2,ecoli50_random_20260928_v1,val,20260928,ok,,,,2.0.0,ecoli50_strength_v1
course_ecoli50_strength,ecoli50_r004984,546.22,219.43093244142463,2.3412978485883733,knn_physchem_full,log10,runs/knn_physchem_integrated_20261002_v2/knn_model.joblib,,,,knn_physchem_integrated_20261002_v2,ecoli50_random_20260928_v1,val,20260928,ok,,,,2.0.0,ecoli50_strength_v1
course_ecoli50_strength,ecoli50_r004988,27.24,172.1235595806001,2.235840318878258,knn_physchem_full,log10,runs/knn_physchem_integrated_20261002_v2/knn_model.joblib,,,,knn_physchem_integrated_20261002_v2,ecoli50_random_20260928_v1,val,20260928,ok,,,,2.0.0,ecoli50_strength_v1
course_ecoli50_strength,ecoli50_r004993,141.18,239.75721768166272,2.379771690095613,knn_physchem_full,log10,runs/knn_physchem_integrated_20261002_v2/knn_model.joblib,,,,knn_physchem_integrated_20261002_v2,ecoli50_random_20260928_v1,val,20260928,ok,,,,2.0.0,ecoli50_strength_v1
course_ecoli50_strength,ecoli50_r005003,452.09,185.3451591189687,2.267981247525689,knn_physchem_full,log10,runs/knn_physchem_integrated_20261002_v2/knn_model.joblib,,,,knn_physchem_integrated_20261002_v2,ecoli50_random_20260928_v1,val,20260928,ok,,,,2.0.0,ecoli50_strength_v1
course_ecoli50_strength,ecoli50_r005008,45.04,203.66132208398685,2.3089085586985627,knn_physchem_full,log10,runs/knn_physchem_integrated_20261002_v2/knn_model.joblib,,,,knn_physchem_integrated_20261002_v2,ecoli50_random_20260928_v1,val,20260928,ok,,,,2.0.0,ecoli50_strength_v1
course_ecoli50_strength,ecoli50_r005011,150.97,223.42886207823523,2.3491392736662484,knn_physchem_full,log10,runs/knn_physchem_integrated_20261002_v2/knn_model.joblib,,,,knn_physchem_integrated_20261002_v2,ecoli50_random_20260928_v1,val,20260928,ok,,,,2.0.0,ecoli50_strength_v1
course_ecoli50_strength,ecoli50_r005020,11361.21,154.38332470015408,2.188600389381808,knn_physchem_full,log10,runs/knn_physchem_integrated_20261002_v2/knn_model.joblib,,,,knn_physchem_integrated_20261002_v2,ecoli50_random_20260928_v1,val,20260928,ok,,,,2.0.0,ecoli50_strength_v1
course_ecoli50_strength,ecoli50_r005022,107.74,249.03969501318943,2.3962685758154403,knn_physchem_full,log10,runs/knn_physchem_integrated_20261002_v2/knn_model.joblib,,,,knn_physchem_integrated_20261002_v2,ecoli50_random_20260928_v1,val,20260928,ok,,,,2.0.0,ecoli50_strength_v1
course_ecoli50_strength,ecoli50_r005023,186.41,257.7493960715615,2.4111976563683744,knn_physchem_full,log10,runs/knn_physchem_integrated_20261002_v2/knn_model.joblib,,,,knn_physchem_integrated_20261002_v2,ecoli50_random_20260928_v1,val,20260928,ok,,,,2.0.0,ecoli50_strength_v1
course_ecoli50_strength,ecoli50_r005063,182.04,264.6178259559956,2.422619097045578,knn_physchem_full,log10,runs/knn_physchem_integrated_20261002_v2/knn_model.joblib,,,,knn_physchem_integrated_20261002_v2,ecoli50_random_20260928_v1,val,20260928,ok,,,,2.0.0,ecoli50_strength_v1
course_ecoli50_strength,ecoli50_r005067,57.03,156.51270727812334,2.1945496037146146,knn_physchem_full,log10,runs/knn_physchem_integrated_20261002_v2/knn_model.joblib,,,,knn_physchem_integrated_20261002_v2,ecoli50_random_20260928_v1,val,20260928,ok,,,,2.0.0,ecoli50_strength_v1
course_ecoli50_strength,ecoli50_r005068,61.17,152.2342263701912,2.1825123045543533,knn_physchem_full,log10,runs/knn_physchem_integrated_20261002_v2/knn_model.joblib,,,,knn_physchem_integrated_20261002_v2,ecoli50_random_20260928_v1,val,20260928,ok,,,,2.0.0,ecoli50_strength_v1
course_ecoli50_strength,ecoli50_r005092,46.97,208.6460378468756,2.3194101419469533,knn_physchem_full,log10,runs/knn_physchem_integrated_20261002_v2/knn_model.joblib,,,,knn_physchem_integrated_20261002_v2,ecoli50_random_20260928_v1,val,20260928,ok,,,,2.0.0,ecoli50_strength_v1
course_ecoli50_strength,ecoli50_r005093,72.45,199.50315518708237,2.2999497685415817,knn_physchem_full,log10,runs/knn_physchem_integrated_20261002_v2/knn_model.joblib,,,,knn_physchem_integrated_20261002_v2,ecoli50_random_20260928_v1,val,20260928,ok,,,,2.0.0,ecoli50_strength_v1
course_ecoli50_strength,ecoli50_r005097,48.3,173.7466386850957,2.2399164114513,knn_physchem_full,log10,runs/knn_physchem_integrated_20261002_v2/knn_model.joblib,,,,knn_physchem_integrated_20261002_v2,ecoli50_random_20260928_v1,val,20260928,ok,,,,2.0.0,ecoli50_strength_v1
course_ecoli50_strength,ecoli50_r005101,286.07,215.68211673912492,2.333814137112322,knn_physchem_full,log10,runs/knn_physchem_integrated_20261002_v2/knn_model.joblib,,,,knn_physchem_integrated_20261002_v2,ecoli50_random_20260928_v1,val,20260928,ok,,,,2.0.0,ecoli50_strength_v1
course_ecoli50_strength,ecoli50_r005123,100.8,153.10325322443026,2.1849844189308394,knn_physchem_full,log10,runs/knn_physchem_integrated_20261002_v2/knn_model.joblib,,,,knn_physchem_integrated_20261002_v2,ecoli50_random_20260928_v1,val,20260928,ok,,,,2.0.0,ecoli50_strength_v1
course_ecoli50_strength,ecoli50_r005129,82.59,248.53089858630275,2.395380390056602,knn_physchem_full,log10,runs/knn_physchem_integrated_20261002_v2/knn_model.joblib,,,,knn_physchem_integrated_20261002_v2,ecoli50_random_20260928_v1,val,20260928,ok,,,,2.0.0,ecoli50_strength_v1
course_ecoli50_strength,ecoli50_r005132,40.26,209.52567363533691,2.321237245607887,knn_physchem_full,log10,runs/knn_physchem_integrated_20261002_v2/knn_model.joblib,,,,knn_physchem_integrated_20261002_v2,ecoli50_random_20260928_v1,val,20260928,ok,,,,2.0.0,ecoli50_strength_v1
course_ecoli50_strength,ecoli50_r005133,1013.17,226.7267490875649,2.3555027609549963,knn_physchem_full,log10,runs/knn_physchem_integrated_20261002_v2/knn_model.joblib,,,,knn_physchem_integrated_20261002_v2,ecoli50_random_20260928_v1,val,20260928,ok,,,,2.0.0,ecoli50_strength_v1
course_ecoli50_strength,ecoli50_r005135,35.37,215.5701536809037,2.3335886313339635,knn_physchem_full,log10,runs/knn_physchem_integrated_20261002_v2/knn_model.joblib,,,,knn_physchem_integrated_20261002_v2,ecoli50_random_20260928_v1,val,20260928,ok,,,,2.0.0,ecoli50_strength_v1
course_ecoli50_strength,ecoli50_r005138,51.58,185.76266307432223,2.268958428439895,knn_physchem_full,log10,runs/knn_physchem_integrated_20261002_v2/knn_model.joblib,,,,knn_physchem_integrated_20261002_v2,ecoli50_random_20260928_v1,val,20260928,ok,,,,2.0.0,ecoli50_strength_v1
course_ecoli50_strength,ecoli50_r005144,432.96,158.86340743957314,2.201023873436421,knn_physchem_full,log10,runs/knn_physchem_integrated_20261002_v2/knn_model.joblib,,,,knn_physchem_integrated_20261002_v2,ecoli50_random_20260928_v1,val,20260928,ok,,,,2.0.0,ecoli50_strength_v1
course_ecoli50_strength,ecoli50_r005164,1959.23,257.05929434506004,2.4100333110227345,knn_physchem_full,log10,runs/knn_physchem_integrated_20261002_v2/knn_model.joblib,,,,knn_physchem_integrated_20261002_v2,ecoli50_random_20260928_v1,val,20260928,ok,,,,2.0.0,ecoli50_strength_v1
course_ecoli50_strength,ecoli50_r005181,2707.37,149.44641976651184,2.174485515265079,knn_physchem_full,log10,runs/knn_physchem_integrated_20261002_v2/knn_model.joblib,,,,knn_physchem_integrated_20261002_v2,ecoli50_random_20260928_v1,val,20260928,ok,,,,2.0.0,ecoli50_strength_v1
course_ecoli50_strength,ecoli50_r005195,99.03,153.09563036971358,2.184962795313525,knn_physchem_full,log10,runs/knn_physchem_integrated_20261002_v2/knn_model.joblib,,,,knn_physchem_integrated_20261002_v2,ecoli50_random_20260928_v1,val,20260928,ok,,,,2.0.0,ecoli50_strength_v1
course_ecoli50_strength,ecoli50_r005199,238.74,234.77910757353035,2.3706594474766405,knn_physchem_full,log10,runs/knn_physchem_integrated_20261002_v2/knn_model.joblib,,,,knn_physchem_integrated_20261002_v2,ecoli50_random_20260928_v1,val,20260928,ok,,,,2.0.0,ecoli50_strength_v1
course_ecoli50_strength,ecoli50_r005201,684.73,140.2483668815284,2.146897812826809,knn_physchem_full,log10,runs/knn_physchem_integrated_20261002_v2/knn_model.joblib,,,,knn_physchem_integrated_20261002_v2,ecoli50_random_20260928_v1,val,20260928,ok,,,,2.0.0,ecoli50_strength_v1
course_ecoli50_strength,ecoli50_r005209,92.88,172.5065961291964,2.2368057058309927,knn_physchem_full,log10,runs/knn_physchem_integrated_20261002_v2/knn_model.joblib,,,,knn_physchem_integrated_20261002_v2,ecoli50_random_20260928_v1,val,20260928,ok,,,,2.0.0,ecoli50_strength_v1
course_ecoli50_strength,ecoli50_r005210,72.13,142.75576766768776,2.154593663787576,knn_physchem_full,log10,runs/knn_physchem_integrated_20261002_v2/knn_model.joblib,,,,knn_physchem_integrated_20261002_v2,ecoli50_random_20260928_v1,val,20260928,ok,,,,2.0.0,ecoli50_strength_v1
course_ecoli50_strength,ecoli50_r005213,952.95,233.77107244237527,2.36879076920428,knn_physchem_full,log10,runs/knn_physchem_integrated_20261002_v2/knn_model.joblib,,,,knn_physchem_integrated_20261002_v2,ecoli50_random_20260928_v1,val,20260928,ok,,,,2.0.0,ecoli50_strength_v1
course_ecoli50_strength,ecoli50_r005216,371.52,191.72054805085196,2.282668661792317,knn_physchem_full,log10,runs/knn_physchem_integrated_20261002_v2/knn_model.joblib,,,,knn_physchem_integrated_20261002_v2,ecoli50_random_20260928_v1,val,20260928,ok,,,,2.0.0,ecoli50_strength_v1
course_ecoli50_strength,ecoli50_r005233,219.2,219.9914935217576,2.342405888149548,knn_physchem_full,log10,runs/knn_physchem_integrated_20261002_v2/knn_model.joblib,,,,knn_physchem_integrated_20261002_v2,ecoli50_random_20260928_v1,val,20260928,ok,,,,2.0.0,ecoli50_strength_v1
course_ecoli50_strength,ecoli50_r005235,28.06,216.46408516425865,2.3353858503020604,knn_physchem_full,log10,runs/knn_physchem_integrated_20261002_v2/knn_model.joblib,,,,knn_physchem_integrated_20261002_v2,ecoli50_random_20260928_v1,val,20260928,ok,,,,2.0.0,ecoli50_strength_v1
course_ecoli50_strength,ecoli50_r005236,12.38,169.55491555143595,2.2293103848892097,knn_physchem_full,log10,runs/knn_physchem_integrated_20261002_v2/knn_model.joblib,,,,knn_physchem_integrated_20261002_v2,ecoli50_random_20260928_v1,val,20260928,ok,,,,2.0.0,ecoli50_strength_v1
course_ecoli50_strength,ecoli50_r005244,926.06,241.51190020486737,2.382938534946649,knn_physchem_full,log10,runs/knn_physchem_integrated_20261002_v2/knn_model.joblib,,,,knn_physchem_integrated_20261002_v2,ecoli50_random_20260928_v1,val,20260928,ok,,,,2.0.0,ecoli50_strength_v1
course_ecoli50_strength,ecoli50_r005251,288.85,178.66472915770152,2.2520388253424284,knn_physchem_full,log10,runs/knn_physchem_integrated_20261002_v2/knn_model.joblib,,,,knn_physchem_integrated_20261002_v2,ecoli50_random_20260928_v1,val,20260928,ok,,,,2.0.0,ecoli50_strength_v1
course_ecoli50_strength,ecoli50_r005254,53.87,163.13753596219857,2.21255389841431,knn_physchem_full,log10,runs/knn_physchem_integrated_20261002_v2/knn_model.joblib,,,,knn_physchem_integrated_20261002_v2,ecoli50_random_20260928_v1,val,20260928,ok,,,,2.0.0,ecoli50_strength_v1
course_ecoli50_strength,ecoli50_r005255,53.68,253.21478559982265,2.4034890612068343,knn_physchem_full,log10,runs/knn_physchem_integrated_20261002_v2/knn_model.joblib,,,,knn_physchem_integrated_20261002_v2,ecoli50_random_20260928_v1,val,20260928,ok,,,,2.0.0,ecoli50_strength_v1
course_ecoli50_strength,ecoli50_r005265,159.75,230.31957466048792,2.362330849843395,knn_physchem_full,log10,runs/knn_physchem_integrated_20261002_v2/knn_model.joblib,,,,knn_physchem_integrated_20261002_v2,ecoli50_random_20260928_v1,val,20260928,ok,,,,2.0.0,ecoli50_strength_v1
course_ecoli50_strength,ecoli50_r005271,191.58,249.8455095092372,2.397671548243746,knn_physchem_full,log10,runs/knn_physchem_integrated_20261002_v2/knn_model.joblib,,,,knn_physchem_integrated_20261002_v2,ecoli50_random_20260928_v1,val,20260928,ok,,,,2.0.0,ecoli50_strength_v1
course_ecoli50_strength,ecoli50_r005278,81.73,170.89335705865196,2.232725181217853,knn_physchem_full,log10,runs/knn_physchem_integrated_20261002_v2/knn_model.joblib,,,,knn_physchem_integrated_20261002_v2,ecoli50_random_20260928_v1,val,20260928,ok,,,,2.0.0,ecoli50_strength_v1
course_ecoli50_strength,ecoli50_r005283,1050.78,230.46904535521108,2.3626126028962333,knn_physchem_full,log10,runs/knn_physchem_integrated_20261002_v2/knn_model.joblib,,,,knn_physchem_integrated_20261002_v2,ecoli50_random_20260928_v1,val,20260928,ok,,,,2.0.0,ecoli50_strength_v1
course_ecoli50_strength,ecoli50_r005288,35.29,237.150725654536,2.37502445788217,knn_physchem_full,log10,runs/knn_physchem_integrated_20261002_v2/knn_model.joblib,,,,knn_physchem_integrated_20261002_v2,ecoli50_random_20260928_v1,val,20260928,ok,,,,2.0.0,ecoli50_strength_v1
course_ecoli50_strength,ecoli50_r005289,144.32,255.630298524872,2.4076123271950003,knn_physchem_full,log10,runs/knn_physchem_integrated_20261002_v2/knn_model.joblib,,,,knn_physchem_integrated_20261002_v2,ecoli50_random_20260928_v1,val,20260928,ok,,,,2.0.0,ecoli50_strength_v1
course_ecoli50_strength,ecoli50_r005292,78.84,208.7751960169816,2.3196789001116525,knn_physchem_full,log10,runs/knn_physchem_integrated_20261002_v2/knn_model.joblib,,,,knn_physchem_integrated_20261002_v2,ecoli50_random_20260928_v1,val,20260928,ok,,,,2.0.0,ecoli50_strength_v1
course_ecoli50_strength,ecoli50_r005294,48.11,165.78289202673028,2.2195397114872417,knn_physchem_full,log10,runs/knn_physchem_integrated_20261002_v2/knn_model.joblib,,,,knn_physchem_integrated_20261002_v2,ecoli50_random_20260928_v1,val,20260928,ok,,,,2.0.0,ecoli50_strength_v1
course_ecoli50_strength,ecoli50_r005297,28.0,139.20965015517604,2.143669342055266,knn_physchem_full,log10,runs/knn_physchem_integrated_20261002_v2/knn_model.joblib,,,,knn_physchem_integrated_20261002_v2,ecoli50_random_20260928_v1,val,20260928,ok,,,,2.0.0,ecoli50_strength_v1
course_ecoli50_strength,ecoli50_r005305,48.63,156.98281879963187,2.1958521230536574,knn_physchem_full,log10,runs/knn_physchem_integrated_20261002_v2/knn_model.joblib,,,,knn_physchem_integrated_20261002_v2,ecoli50_random_20260928_v1,val,20260928,ok,,,,2.0.0,ecoli50_strength_v1
course_ecoli50_strength,ecoli50_r005321,59.84,177.2034670782545,2.2484722148322054,knn_physchem_full,log10,runs/knn_physchem_integrated_20261002_v2/knn_model.joblib,,,,knn_physchem_integrated_20261002_v2,ecoli50_random_20260928_v1,val,20260928,ok,,,,2.0.0,ecoli50_strength_v1
course_ecoli50_strength,ecoli50_r005325,181.16,201.6910818247954,2.3046866954368235,knn_physchem_full,log10,runs/knn_physchem_integrated_20261002_v2/knn_model.joblib,,,,knn_physchem_integrated_20261002_v2,ecoli50_random_20260928_v1,val,20260928,ok,,,,2.0.0,ecoli50_strength_v1
course_ecoli50_strength,ecoli50_r005327,156.21,208.77786460567503,2.3196844512784542,knn_physchem_full,log10,runs/knn_physchem_integrated_20261002_v2/knn_model.joblib,,,,knn_physchem_integrated_20261002_v2,ecoli50_random_20260928_v1,val,20260928,ok,,,,2.0.0,ecoli50_strength_v1
course_ecoli50_strength,ecoli50_r005330,106.57,195.50055343200705,2.291147991154528,knn_physchem_full,log10,runs/knn_physchem_integrated_20261002_v2/knn_model.joblib,,,,knn_physchem_integrated_20261002_v2,ecoli50_random_20260928_v1,val,20260928,ok,,,,2.0.0,ecoli50_strength_v1
course_ecoli50_strength,ecoli50_r005332,72.16,150.60984094084628,2.1778533498638497,knn_physchem_full,log10,runs/knn_physchem_integrated_20261002_v2/knn_model.joblib,,,,knn_physchem_integrated_20261002_v2,ecoli50_random_20260928_v1,val,20260928,ok,,,,2.0.0,ecoli50_strength_v1
course_ecoli50_strength,ecoli50_r005346,318.32,224.9872598179908,2.352157926345148,knn_physchem_full,log10,runs/knn_physchem_integrated_20261002_v2/knn_model.joblib,,,,knn_physchem_integrated_20261002_v2,ecoli50_random_20260928_v1,val,20260928,ok,,,,2.0.0,ecoli50_strength_v1
course_ecoli50_strength,ecoli50_r005347,165.06,160.46704161092623,2.205385845984821,knn_physchem_full,log10,runs/knn_physchem_integrated_20261002_v2/knn_model.joblib,,,,knn_physchem_integrated_20261002_v2,ecoli50_random_20260928_v1,val,20260928,ok,,,,2.0.0,ecoli50_strength_v1
course_ecoli50_strength,ecoli50_r005354,78.02,146.66300458545155,2.166320577847072,knn_physchem_full,log10,runs/knn_physchem_integrated_20261002_v2/knn_model.joblib,,,,knn_physchem_integrated_20261002_v2,ecoli50_random_20260928_v1,val,20260928,ok,,,,2.0.0,ecoli50_strength_v1
course_ecoli50_strength,ecoli50_r005356,96.21,224.60094995938357,2.351411588796525,knn_physchem_full,log10,runs/knn_physchem_integrated_20261002_v2/knn_model.joblib,,,,knn_physchem_integrated_20261002_v2,ecoli50_random_20260928_v1,val,20260928,ok,,,,2.0.0,ecoli50_strength_v1
course_ecoli50_strength,ecoli50_r005357,37.23,157.93865606012184,2.198488438171432,knn_physchem_full,log10,runs/knn_physchem_integrated_20261002_v2/knn_model.joblib,,,,knn_physchem_integrated_20261002_v2,ecoli50_random_20260928_v1,val,20260928,ok,,,,2.0.0,ecoli50_strength_v1
course_ecoli50_strength,ecoli50_r005369,97.07,165.19647356425335,2.21800077223417,knn_physchem_full,log10,runs/knn_physchem_integrated_20261002_v2/knn_model.joblib,,,,knn_physchem_integrated_20261002_v2,ecoli50_random_20260928_v1,val,20260928,ok,,,,2.0.0,ecoli50_strength_v1
course_ecoli50_strength,ecoli50_r005379,64.34,165.9398475813398,2.219950686848402,knn_physchem_full,log10,runs/knn_physchem_integrated_20261002_v2/knn_model.joblib,,,,knn_physchem_integrated_20261002_v2,ecoli50_random_20260928_v1,val,20260928,ok,,,,2.0.0,ecoli50_strength_v1
course_ecoli50_strength,ecoli50_r005392,279.73,210.55912173968508,2.323374060457779,knn_physchem_full,log10,runs/knn_physchem_integrated_20261002_v2/knn_model.joblib,,,,knn_physchem_integrated_20261002_v2,ecoli50_random_20260928_v1,val,20260928,ok,,,,2.0.0,ecoli50_strength_v1
course_ecoli50_strength,ecoli50_r005414,602.09,167.83937247761207,2.224893847100556,knn_physchem_full,log10,runs/knn_physchem_integrated_20261002_v2/knn_model.joblib,,,,knn_physchem_integrated_20261002_v2,ecoli50_random_20260928_v1,val,20260928,ok,,,,2.0.0,ecoli50_strength_v1
course_ecoli50_strength,ecoli50_r005417,69.14,179.64169591042716,2.254407146374332,knn_physchem_full,log10,runs/knn_physchem_integrated_20261002_v2/knn_model.joblib,,,,knn_physchem_integrated_20261002_v2,ecoli50_random_20260928_v1,val,20260928,ok,,,,2.0.0,ecoli50_strength_v1
course_ecoli50_strength,ecoli50_r005419,73.81,224.50617393969029,2.351228288640325,knn_physchem_full,log10,runs/knn_physchem_integrated_20261002_v2/knn_model.joblib,,,,knn_physchem_integrated_20261002_v2,ecoli50_random_20260928_v1,val,20260928,ok,,,,2.0.0,ecoli50_strength_v1
course_ecoli50_strength,ecoli50_r005420,493.1,239.5788389897624,2.379448455971748,knn_physchem_full,log10,runs/knn_physchem_integrated_20261002_v2/knn_model.joblib,,,,knn_physchem_integrated_20261002_v2,ecoli50_random_20260928_v1,val,20260928,ok,,,,2.0.0,ecoli50_strength_v1
course_ecoli50_strength,ecoli50_r005443,57.03,148.7348152402382,2.172412638306498,knn_physchem_full,log10,runs/knn_physchem_integrated_20261002_v2/knn_model.joblib,,,,knn_physchem_integrated_20261002_v2,ecoli50_random_20260928_v1,val,20260928,ok,,,,2.0.0,ecoli50_strength_v1
course_ecoli50_strength,ecoli50_r005458,251.61,216.0364985622426,2.334527129785698,knn_physchem_full,log10,runs/knn_physchem_integrated_20261002_v2/knn_model.joblib,,,,knn_physchem_integrated_20261002_v2,ecoli50_random_20260928_v1,val,20260928,ok,,,,2.0.0,ecoli50_strength_v1
course_ecoli50_strength,ecoli50_r005470,59.84,209.43139213984145,2.321041779593465,knn_physchem_full,log10,runs/knn_physchem_integrated_20261002_v2/knn_model.joblib,,,,knn_physchem_integrated_20261002_v2,ecoli50_random_20260928_v1,val,20260928,ok,,,,2.0.0,ecoli50_strength_v1
course_ecoli50_strength,ecoli50_r005472,601.34,232.1850492922336,2.365834251496759,knn_physchem_full,log10,runs/knn_physchem_integrated_20261002_v2/knn_model.joblib,,,,knn_physchem_integrated_20261002_v2,ecoli50_random_20260928_v1,val,20260928,ok,,,,2.0.0,ecoli50_strength_v1
course_ecoli50_strength,ecoli50_r005476,181.43,219.54298388161328,2.341519562550914,knn_physchem_full,log10,runs/knn_physchem_integrated_20261002_v2/knn_model.joblib,,,,knn_physchem_integrated_20261002_v2,ecoli50_random_20260928_v1,val,20260928,ok,,,,2.0.0,ecoli50_strength_v1
course_ecoli50_strength,ecoli50_r005485,1359.02,215.3982739333581,2.333242218812374,knn_physchem_full,log10,runs/knn_physchem_integrated_20261002_v2/knn_model.joblib,,,,knn_physchem_integrated_20261002_v2,ecoli50_random_20260928_v1,val,20260928,ok,,,,2.0.0,ecoli50_strength_v1
course_ecoli50_strength,ecoli50_r005490,60.42,146.08281649206066,2.1645991335142147,knn_physchem_full,log10,runs/knn_physchem_integrated_20261002_v2/knn_model.joblib,,,,knn_physchem_integrated_20261002_v2,ecoli50_random_20260928_v1,val,20260928,ok,,,,2.0.0,ecoli50_strength_v1
course_ecoli50_strength,ecoli50_r005510,631.58,238.0570178858487,2.376680988936652,knn_physchem_full,log10,runs/knn_physchem_integrated_20261002_v2/knn_model.joblib,,,,knn_physchem_integrated_20261002_v2,ecoli50_random_20260928_v1,val,20260928,ok,,,,2.0.0,ecoli50_strength_v1
course_ecoli50_strength,ecoli50_r005517,492.26,172.33320594284163,2.236368967339417,knn_physchem_full,log10,runs/knn_physchem_integrated_20261002_v2/knn_model.joblib,,,,knn_physchem_integrated_20261002_v2,ecoli50_random_20260928_v1,val,20260928,ok,,,,2.0.0,ecoli50_strength_v1
course_ecoli50_strength,ecoli50_r005524,1046.71,194.2480545991357,2.288356678020745,knn_physchem_full,log10,runs/knn_physchem_integrated_20261002_v2/knn_model.joblib,,,,knn_physchem_integrated_20261002_v2,ecoli50_random_20260928_v1,val,20260928,ok,,,,2.0.0,ecoli50_strength_v1
course_ecoli50_strength,ecoli50_r005526,231.37,144.88783320883633,2.1610319176166795,knn_physchem_full,log10,runs/knn_physchem_integrated_20261002_v2/knn_model.joblib,,,,knn_physchem_integrated_20261002_v2,ecoli50_random_20260928_v1,val,20260928,ok,,,,2.0.0,ecoli50_strength_v1
course_ecoli50_strength,ecoli50_r005530,620.74,211.47434862837943,2.325257695943853,knn_physchem_full,log10,runs/knn_physchem_integrated_20261002_v2/knn_model.joblib,,,,knn_physchem_integrated_20261002_v2,ecoli50_random_20260928_v1,val,20260928,ok,,,,2.0.0,ecoli50_strength_v1
course_ecoli50_strength,ecoli50_r005537,55.85,168.3336832058519,2.2261710260576897,knn_physchem_full,log10,runs/knn_physchem_integrated_20261002_v2/knn_model.joblib,,,,knn_physchem_integrated_20261002_v2,ecoli50_random_20260928_v1,val,20260928,ok,,,,2.0.0,ecoli50_strength_v1
course_ecoli50_strength,ecoli50_r005538,435.03,237.78015794867824,2.3761756112038985,knn_physchem_full,log10,runs/knn_physchem_integrated_20261002_v2/knn_model.joblib,,,,knn_physchem_integrated_20261002_v2,ecoli50_random_20260928_v1,val,20260928,ok,,,,2.0.0,ecoli50_strength_v1
course_ecoli50_strength,ecoli50_r005546,136.43,153.4617963934764,2.186000277659891,knn_physchem_full,log10,runs/knn_physchem_integrated_20261002_v2/knn_model.joblib,,,,knn_physchem_integrated_20261002_v2,ecoli50_random_20260928_v1,val,20260928,ok,,,,2.0.0,ecoli50_strength_v1
course_ecoli50_strength,ecoli50_r005554,318.71,230.8899252261319,2.3634049830940684,knn_physchem_full,log10,runs/knn_physchem_integrated_20261002_v2/knn_model.joblib,,,,knn_physchem_integrated_20261002_v2,ecoli50_random_20260928_v1,val,20260928,ok,,,,2.0.0,ecoli50_strength_v1
course_ecoli50_strength,ecoli50_r005559,114.07,188.32833852597392,2.2749156749792103,knn_physchem_full,log10,runs/knn_physchem_integrated_20261002_v2/knn_model.joblib,,,,knn_physchem_integrated_20261002_v2,ecoli50_random_20260928_v1,val,20260928,ok,,,,2.0.0,ecoli50_strength_v1
course_ecoli50_strength,ecoli50_r005569,73.69,235.39381425144856,2.371795046138004,knn_physchem_full,log10,runs/knn_physchem_integrated_20261002_v2/knn_model.joblib,,,,knn_physchem_integrated_20261002_v2,ecoli50_random_20260928_v1,val,20260928,ok,,,,2.0.0,ecoli50_strength_v1
course_ecoli50_strength,ecoli50_r005572,90.42,162.81259816371085,2.211688006826498,knn_physchem_full,log10,runs/knn_physchem_integrated_20261002_v2/knn_model.joblib,,,,knn_physchem_integrated_20261002_v2,ecoli50_random_20260928_v1,val,20260928,ok,,,,2.0.0,ecoli50_strength_v1
course_ecoli50_strength,ecoli50_r005587,348.78,218.73374822062905,2.339915795087265,knn_physchem_full,log10,runs/knn_physchem_integrated_20261002_v2/knn_model.joblib,,,,knn_physchem_integrated_20261002_v2,ecoli50_random_20260928_v1,val,20260928,ok,,,,2.0.0,ecoli50_strength_v1
course_ecoli50_strength,ecoli50_r005590,2212.93,227.43590046360185,2.356859018586704,knn_physchem_full,log10,runs/knn_physchem_integrated_20261002_v2/knn_model.joblib,,,,knn_physchem_integrated_20261002_v2,ecoli50_random_20260928_v1,val,20260928,ok,,,,2.0.0,ecoli50_strength_v1
course_ecoli50_strength,ecoli50_r005598,171.1,231.00630374248323,2.363623831161505,knn_physchem_full,log10,runs/knn_physchem_integrated_20261002_v2/knn_model.joblib,,,,knn_physchem_integrated_20261002_v2,ecoli50_random_20260928_v1,val,20260928,ok,,,,2.0.0,ecoli50_strength_v1
course_ecoli50_strength,ecoli50_r005615,164.39,243.5010576979184,2.386500852003925,knn_physchem_full,log10,runs/knn_physchem_integrated_20261002_v2/knn_model.joblib,,,,knn_physchem_integrated_20261002_v2,ecoli50_random_20260928_v1,val,20260928,ok,,,,2.0.0,ecoli50_strength_v1
course_ecoli50_strength,ecoli50_r005616,8964.78,144.00683539491772,2.158383106705253,knn_physchem_full,log10,runs/knn_physchem_integrated_20261002_v2/knn_model.joblib,,,,knn_physchem_integrated_20261002_v2,ecoli50_random_20260928_v1,val,20260928,ok,,,,2.0.0,ecoli50_strength_v1
course_ecoli50_strength,ecoli50_r005625,60.13,146.50329305746058,2.165847386742076,knn_physchem_full,log10,runs/knn_physchem_integrated_20261002_v2/knn_model.joblib,,,,knn_physchem_integrated_20261002_v2,ecoli50_random_20260928_v1,val,20260928,ok,,,,2.0.0,ecoli50_strength_v1
course_ecoli50_strength,ecoli50_r005630,654.92,225.33450808420247,2.352827705363202,knn_physchem_full,log10,runs/knn_physchem_integrated_20261002_v2/knn_model.joblib,,,,knn_physchem_integrated_20261002_v2,ecoli50_random_20260928_v1,val,20260928,ok,,,,2.0.0,ecoli50_strength_v1
course_ecoli50_strength,ecoli50_r005631,1797.64,182.2963706270617,2.2607780222900264,knn_physchem_full,log10,runs/knn_physchem_integrated_20261002_v2/knn_model.joblib,,,,knn_physchem_integrated_20261002_v2,ecoli50_random_20260928_v1,val,20260928,ok,,,,2.0.0,ecoli50_strength_v1
course_ecoli50_strength,ecoli50_r005637,40.25,237.6055490146823,2.375856578894661,knn_physchem_full,log10,runs/knn_physchem_integrated_20261002_v2/knn_model.joblib,,,,knn_physchem_integrated_20261002_v2,ecoli50_random_20260928_v1,val,20260928,ok,,,,2.0.0,ecoli50_strength_v1
course_ecoli50_strength,ecoli50_r005639,98.4,174.70394152826648,2.242302703292412,knn_physchem_full,log10,runs/knn_physchem_integrated_20261002_v2/knn_model.joblib,,,,knn_physchem_integrated_20261002_v2,ecoli50_random_20260928_v1,val,20260928,ok,,,,2.0.0,ecoli50_strength_v1
course_ecoli50_strength,ecoli50_r005641,33.6,215.77284730458672,2.333996792489057,knn_physchem_full,log10,runs/knn_physchem_integrated_20261002_v2/knn_model.joblib,,,,knn_physchem_integrated_20261002_v2,ecoli50_random_20260928_v1,val,20260928,ok,,,,2.0.0,ecoli50_strength_v1
course_ecoli50_strength,ecoli50_r005644,511.38,208.90066931354036,2.319939831453317,knn_physchem_full,log10,runs/knn_physchem_integrated_20261002_v2/knn_model.joblib,,,,knn_physchem_integrated_20261002_v2,ecoli50_random_20260928_v1,val,20260928,ok,,,,2.0.0,ecoli50_strength_v1
course_ecoli50_strength,ecoli50_r005654,157.68,209.1314369541598,2.320419321528844,knn_physchem_full,log10,runs/knn_physchem_integrated_20261002_v2/knn_model.joblib,,,,knn_physchem_integrated_20261002_v2,ecoli50_random_20260928_v1,val,20260928,ok,,,,2.0.0,ecoli50_strength_v1
course_ecoli50_strength,ecoli50_r005661,120.77,157.14043594229557,2.196287953639414,knn_physchem_full,log10,runs/knn_physchem_integrated_20261002_v2/knn_model.joblib,,,,knn_physchem_integrated_20261002_v2,ecoli50_random_20260928_v1,val,20260928,ok,,,,2.0.0,ecoli50_strength_v1
course_ecoli50_strength,ecoli50_r005666,83.59,212.447223403639,2.3272510594153752,knn_physchem_full,log10,runs/knn_physchem_integrated_20261002_v2/knn_model.joblib,,,,knn_physchem_integrated_20261002_v2,ecoli50_random_20260928_v1,val,20260928,ok,,,,2.0.0,ecoli50_strength_v1
course_ecoli50_strength,ecoli50_r005671,92.84,162.3816647379244,2.210536989482184,knn_physchem_full,log10,runs/knn_physchem_integrated_20261002_v2/knn_model.joblib,,,,knn_physchem_integrated_20261002_v2,ecoli50_random_20260928_v1,val,20260928,ok,,,,2.0.0,ecoli50_strength_v1
course_ecoli50_strength,ecoli50_r005674,2502.8,163.3236280564575,2.213049018736869,knn_physchem_full,log10,runs/knn_physchem_integrated_20261002_v2/knn_model.joblib,,,,knn_physchem_integrated_20261002_v2,ecoli50_random_20260928_v1,val,20260928,ok,,,,2.0.0,ecoli50_strength_v1
course_ecoli50_strength,ecoli50_r005676,108.24,234.85629345018708,2.370802202475696,knn_physchem_full,log10,runs/knn_physchem_integrated_20261002_v2/knn_model.joblib,,,,knn_physchem_integrated_20261002_v2,ecoli50_random_20260928_v1,val,20260928,ok,,,,2.0.0,ecoli50_strength_v1
course_ecoli50_strength,ecoli50_r005679,111.52,152.46002663215364,2.1831559912978222,knn_physchem_full,log10,runs/knn_physchem_integrated_20261002_v2/knn_model.joblib,,,,knn_physchem_integrated_20261002_v2,ecoli50_random_20260928_v1,val,20260928,ok,,,,2.0.0,ecoli50_strength_v1
course_ecoli50_strength,ecoli50_r005680,336.75,243.2704740765851,2.3860894014760463,knn_physchem_full,log10,runs/knn_physchem_integrated_20261002_v2/knn_model.joblib,,,,knn_physchem_integrated_20261002_v2,ecoli50_random_20260928_v1,val,20260928,ok,,,,2.0.0,ecoli50_strength_v1
course_ecoli50_strength,ecoli50_r005684,256.72,173.01174560736035,2.2380755879802776,knn_physchem_full,log10,runs/knn_physchem_integrated_20261002_v2/knn_model.joblib,,,,knn_physchem_integrated_20261002_v2,ecoli50_random_20260928_v1,val,20260928,ok,,,,2.0.0,ecoli50_strength_v1
course_ecoli50_strength,ecoli50_r005689,51.86,162.8419216670371,2.2117662187654923,knn_physchem_full,log10,runs/knn_physchem_integrated_20261002_v2/knn_model.joblib,,,,knn_physchem_integrated_20261002_v2,ecoli50_random_20260928_v1,val,20260928,ok,,,,2.0.0,ecoli50_strength_v1
course_ecoli50_strength,ecoli50_r005697,36.9,165.3865626918567,2.218500221142508,knn_physchem_full,log10,runs/knn_physchem_integrated_20261002_v2/knn_model.joblib,,,,knn_physchem_integrated_20261002_v2,ecoli50_random_20260928_v1,val,20260928,ok,,,,2.0.0,ecoli50_strength_v1
course_ecoli50_strength,ecoli50_r005714,95.74,164.49113702364588,2.2161425026177857,knn_physchem_full,log10,runs/knn_physchem_integrated_20261002_v2/knn_model.joblib,,,,knn_physchem_integrated_20261002_v2,ecoli50_random_20260928_v1,val,20260928,ok,,,,2.0.0,ecoli50_strength_v1
course_ecoli50_strength,ecoli50_r005719,38.08,240.10225176250208,2.3803962330409654,knn_physchem_full,log10,runs/knn_physchem_integrated_20261002_v2/knn_model.joblib,,,,knn_physchem_integrated_20261002_v2,ecoli50_random_20260928_v1,val,20260928,ok,,,,2.0.0,ecoli50_strength_v1
course_ecoli50_strength,ecoli50_r005722,149.29,196.0372210436716,2.292338537474784,knn_physchem_full,log10,runs/knn_physchem_integrated_20261002_v2/knn_model.joblib,,,,knn_physchem_integrated_20261002_v2,ecoli50_random_20260928_v1,val,20260928,ok,,,,2.0.0,ecoli50_strength_v1
course_ecoli50_strength,ecoli50_r005726,1025.95,164.27292743006484,2.215565996566468,knn_physchem_full,log10,runs/knn_physchem_integrated_20261002_v2/knn_model.joblib,,,,knn_physchem_integrated_20261002_v2,ecoli50_random_20260928_v1,val,20260928,ok,,,,2.0.0,ecoli50_strength_v1
course_ecoli50_strength,ecoli50_r005736,515.8,231.162984650982,2.36391829320516,knn_physchem_full,log10,runs/knn_physchem_integrated_20261002_v2/knn_model.joblib,,,,knn_physchem_integrated_20261002_v2,ecoli50_random_20260928_v1,val,20260928,ok,,,,2.0.0,ecoli50_strength_v1
course_ecoli50_strength,ecoli50_r005740,1313.43,202.57009852284548,2.306575339321792,knn_physchem_full,log10,runs/knn_physchem_integrated_20261002_v2/knn_model.joblib,,,,knn_physchem_integrated_20261002_v2,ecoli50_random_20260928_v1,val,20260928,ok,,,,2.0.0,ecoli50_strength_v1
course_ecoli50_strength,ecoli50_r005746,53.87,179.91881681134984,2.25507658641384,knn_physchem_full,log10,runs/knn_physchem_integrated_20261002_v2/knn_model.joblib,,,,knn_physchem_integrated_20261002_v2,ecoli50_random_20260928_v1,val,20260928,ok,,,,2.0.0,ecoli50_strength_v1
course_ecoli50_strength,ecoli50_r005767,68.63,206.791439951364,2.315532557348257,knn_physchem_full,log10,runs/knn_physchem_integrated_20261002_v2/knn_model.joblib,,,,knn_physchem_integrated_20261002_v2,ecoli50_random_20260928_v1,val,20260928,ok,,,,2.0.0,ecoli50_strength_v1
course_ecoli50_strength,ecoli50_r005768,1364.04,197.17732539399185,2.2948569713432447,knn_physchem_full,log10,runs/knn_physchem_integrated_20261002_v2/knn_model.joblib,,,,knn_physchem_integrated_20261002_v2,ecoli50_random_20260928_v1,val,20260928,ok,,,,2.0.0,ecoli50_strength_v1
course_ecoli50_strength,ecoli50_r005771,144.42,222.60474052611383,2.3475344087067342,knn_physchem_full,log10,runs/knn_physchem_integrated_20261002_v2/knn_model.joblib,,,,knn_physchem_integrated_20261002_v2,ecoli50_random_20260928_v1,val,20260928,ok,,,,2.0.0,ecoli50_strength_v1
course_ecoli50_strength,ecoli50_r005781,283.22,205.20916813855877,2.312196759865897,knn_physchem_full,log10,runs/knn_physchem_integrated_20261002_v2/knn_model.joblib,,,,knn_physchem_integrated_20261002_v2,ecoli50_random_20260928_v1,val,20260928,ok,,,,2.0.0,ecoli50_strength_v1
course_ecoli50_strength,ecoli50_r005785,2598.21,175.33200045048108,2.243861187917719,knn_physchem_full,log10,runs/knn_physchem_integrated_20261002_v2/knn_model.joblib,,,,knn_physchem_integrated_20261002_v2,ecoli50_random_20260928_v1,val,20260928,ok,,,,2.0.0,ecoli50_strength_v1
course_ecoli50_strength,ecoli50_r005786,374.97,168.63015825063522,2.2269352475755806,knn_physchem_full,log10,runs/knn_physchem_integrated_20261002_v2/knn_model.joblib,,,,knn_physchem_integrated_20261002_v2,ecoli50_random_20260928_v1,val,20260928,ok,,,,2.0.0,ecoli50_strength_v1
course_ecoli50_strength,ecoli50_r005788,98.74,207.77273131525507,2.3175885489169703,knn_physchem_full,log10,runs/knn_physchem_integrated_20261002_v2/knn_model.joblib,,,,knn_physchem_integrated_20261002_v2,ecoli50_random_20260928_v1,val,20260928,ok,,,,2.0.0,ecoli50_strength_v1
course_ecoli50_strength,ecoli50_r005794,1653.26,156.94610195877985,2.1957505336785266,knn_physchem_full,log10,runs/knn_physchem_integrated_20261002_v2/knn_model.joblib,,,,knn_physchem_integrated_20261002_v2,ecoli50_random_20260928_v1,val,20260928,ok,,,,2.0.0,ecoli50_strength_v1
course_ecoli50_strength,ecoli50_r005799,628.74,221.2501407861777,2.344883555720781,knn_physchem_full,log10,runs/knn_physchem_integrated_20261002_v2/knn_model.joblib,,,,knn_physchem_integrated_20261002_v2,ecoli50_random_20260928_v1,val,20260928,ok,,,,2.0.0,ecoli50_strength_v1
course_ecoli50_strength,ecoli50_r005800,393.63,146.05226572784989,2.164508298628776,knn_physchem_full,log10,runs/knn_physchem_integrated_20261002_v2/knn_model.joblib,,,,knn_physchem_integrated_20261002_v2,ecoli50_random_20260928_v1,val,20260928,ok,,,,2.0.0,ecoli50_strength_v1
course_ecoli50_strength,ecoli50_r005801,34.57,179.29192684494598,2.2535607345949367,knn_physchem_full,log10,runs/knn_physchem_integrated_20261002_v2/knn_model.joblib,,,,knn_physchem_integrated_20261002_v2,ecoli50_random_20260928_v1,val,20260928,ok,,,,2.0.0,ecoli50_strength_v1
course_ecoli50_strength,ecoli50_r005807,120.25,163.16895038847795,2.2126375198720383,knn_physchem_full,log10,runs/knn_physchem_integrated_20261002_v2/knn_model.joblib,,,,knn_physchem_integrated_20261002_v2,ecoli50_random_20260928_v1,val,20260928,ok,,,,2.0.0,ecoli50_strength_v1
course_ecoli50_strength,ecoli50_r005822,73.69,145.45696264085024,2.1627345146111154,knn_physchem_full,log10,runs/knn_physchem_integrated_20261002_v2/knn_model.joblib,,,,knn_physchem_integrated_20261002_v2,ecoli50_random_20260928_v1,val,20260928,ok,,,,2.0.0,ecoli50_strength_v1
course_ecoli50_strength,ecoli50_r005824,67.79,197.60194040200776,2.295791204936564,knn_physchem_full,log10,runs/knn_physchem_integrated_20261002_v2/knn_model.joblib,,,,knn_physchem_integrated_20261002_v2,ecoli50_random_20260928_v1,val,20260928,ok,,,,2.0.0,ecoli50_strength_v1
course_ecoli50_strength,ecoli50_r005841,261.08,231.784871502871,2.365085086341832,knn_physchem_full,log10,runs/knn_physchem_integrated_20261002_v2/knn_model.joblib,,,,knn_physchem_integrated_20261002_v2,ecoli50_random_20260928_v1,val,20260928,ok,,,,2.0.0,ecoli50_strength_v1
course_ecoli50_strength,ecoli50_r005861,50.11,162.64226151995908,2.2112334044814976,knn_physchem_full,log10,runs/knn_physchem_integrated_20261002_v2/knn_model.joblib,,,,knn_physchem_integrated_20261002_v2,ecoli50_random_20260928_v1,val,20260928,ok,,,,2.0.0,ecoli50_strength_v1
course_ecoli50_strength,ecoli50_r005865,248.26,158.55144976536545,2.200170217490321,knn_physchem_full,log10,runs/knn_physchem_integrated_20261002_v2/knn_model.joblib,,,,knn_physchem_integrated_20261002_v2,ecoli50_random_20260928_v1,val,20260928,ok,,,,2.0.0,ecoli50_strength_v1
course_ecoli50_strength,ecoli50_r005872,3005.6,174.9158375274367,2.242829133889064,knn_physchem_full,log10,runs/knn_physchem_integrated_20261002_v2/knn_model.joblib,,,,knn_physchem_integrated_20261002_v2,ecoli50_random_20260928_v1,val,20260928,ok,,,,2.0.0,ecoli50_strength_v1
course_ecoli50_strength,ecoli50_r005878,1938.83,252.54530991553457,2.402339307527772,knn_physchem_full,log10,runs/knn_physchem_integrated_20261002_v2/knn_model.joblib,,,,knn_physchem_integrated_20261002_v2,ecoli50_random_20260928_v1,val,20260928,ok,,,,2.0.0,ecoli50_strength_v1
course_ecoli50_strength,ecoli50_r005891,215.41,189.7366935735621,2.278151328123716,knn_physchem_full,log10,runs/knn_physchem_integrated_20261002_v2/knn_model.joblib,,,,knn_physchem_integrated_20261002_v2,ecoli50_random_20260928_v1,val,20260928,ok,,,,2.0.0,ecoli50_strength_v1
course_ecoli50_strength,ecoli50_r005899,6193.69,171.36373537292812,2.233918920307164,knn_physchem_full,log10,runs/knn_physchem_integrated_20261002_v2/knn_model.joblib,,,,knn_physchem_integrated_20261002_v2,ecoli50_random_20260928_v1,val,20260928,ok,,,,2.0.0,ecoli50_strength_v1
course_ecoli50_strength,ecoli50_r005903,148.24,171.809857287008,2.235048077088619,knn_physchem_full,log10,runs/knn_physchem_integrated_20261002_v2/knn_model.joblib,,,,knn_physchem_integrated_20261002_v2,ecoli50_random_20260928_v1,val,20260928,ok,,,,2.0.0,ecoli50_strength_v1
course_ecoli50_strength,ecoli50_r005906,689.7,170.8718675143295,2.232670566003319,knn_physchem_full,log10,runs/knn_physchem_integrated_20261002_v2/knn_model.joblib,,,,knn_physchem_integrated_20261002_v2,ecoli50_random_20260928_v1,val,20260928,ok,,,,2.0.0,ecoli50_strength_v1
course_ecoli50_strength,ecoli50_r005908,191.43,227.4912209863739,2.3569646416492187,knn_physchem_full,log10,runs/knn_physchem_integrated_20261002_v2/knn_model.joblib,,,,knn_physchem_integrated_20261002_v2,ecoli50_random_20260928_v1,val,20260928,ok,,,,2.0.0,ecoli50_strength_v1
course_ecoli50_strength,ecoli50_r005910,362.88,167.22659193940603,2.2233053389778403,knn_physchem_full,log10,runs/knn_physchem_integrated_20261002_v2/knn_model.joblib,,,,knn_physchem_integrated_20261002_v2,ecoli50_random_20260928_v1,val,20260928,ok,,,,2.0.0,ecoli50_strength_v1
course_ecoli50_strength,ecoli50_r005917,120.27,176.08219881421726,2.245715452801305,knn_physchem_full,log10,runs/knn_physchem_integrated_20261002_v2/knn_model.joblib,,,,knn_physchem_integrated_20261002_v2,ecoli50_random_20260928_v1,val,20260928,ok,,,,2.0.0,ecoli50_strength_v1
course_ecoli50_strength,ecoli50_r005952,201.9,163.100450033528,2.2124551593652804,knn_physchem_full,log10,runs/knn_physchem_integrated_20261002_v2/knn_model.joblib,,,,knn_physchem_integrated_20261002_v2,ecoli50_random_20260928_v1,val,20260928,ok,,,,2.0.0,ecoli50_strength_v1
course_ecoli50_strength,ecoli50_r005954,379.94,171.96838789192003,2.235448620012855,knn_physchem_full,log10,runs/knn_physchem_integrated_20261002_v2/knn_model.joblib,,,,knn_physchem_integrated_20261002_v2,ecoli50_random_20260928_v1,val,20260928,ok,,,,2.0.0,ecoli50_strength_v1
course_ecoli50_strength,ecoli50_r005969,495.05,179.7987878338426,2.2547867594837068,knn_physchem_full,log10,runs/knn_physchem_integrated_20261002_v2/knn_model.joblib,,,,knn_physchem_integrated_20261002_v2,ecoli50_random_20260928_v1,val,20260928,ok,,,,2.0.0,ecoli50_strength_v1
course_ecoli50_strength,ecoli50_r005980,166.26,97.26000000110125,1.987934265237076,knn_physchem_full,log10,runs/knn_physchem_integrated_20261002_v2/knn_model.joblib,,,,knn_physchem_integrated_20261002_v2,ecoli50_random_20260928_v1,val,20260928,ok,,,,2.0.0,ecoli50_strength_v1
course_ecoli50_strength,ecoli50_r005984,61.9,143.38387310603977,2.156500307434189,knn_physchem_full,log10,runs/knn_physchem_integrated_20261002_v2/knn_model.joblib,,,,knn_physchem_integrated_20261002_v2,ecoli50_random_20260928_v1,val,20260928,ok,,,,2.0.0,ecoli50_strength_v1
course_ecoli50_strength,ecoli50_r005989,282.36,183.7201940928701,2.264156895560484,knn_physchem_full,log10,runs/knn_physchem_integrated_20261002_v2/knn_model.joblib,,,,knn_physchem_integrated_20261002_v2,ecoli50_random_20260928_v1,val,20260928,ok,,,,2.0.0,ecoli50_strength_v1
course_ecoli50_strength,ecoli50_r005999,1482.85,188.23385846262323,2.274697744600897,knn_physchem_full,log10,runs/knn_physchem_integrated_20261002_v2/knn_model.joblib,,,,knn_physchem_integrated_20261002_v2,ecoli50_random_20260928_v1,val,20260928,ok,,,,2.0.0,ecoli50_strength_v1
course_ecoli50_strength,ecoli50_r006001,560.0,161.22318324023536,2.20742749174561,knn_physchem_full,log10,runs/knn_physchem_integrated_20261002_v2/knn_model.joblib,,,,knn_physchem_integrated_20261002_v2,ecoli50_random_20260928_v1,val,20260928,ok,,,,2.0.0,ecoli50_strength_v1
course_ecoli50_strength,ecoli50_r006014,164.3,160.5439456413758,2.2055939322997795,knn_physchem_full,log10,runs/knn_physchem_integrated_20261002_v2/knn_model.joblib,,,,knn_physchem_integrated_20261002_v2,ecoli50_random_20260928_v1,val,20260928,ok,,,,2.0.0,ecoli50_strength_v1
course_ecoli50_strength,ecoli50_r006025,605.58,199.59467604606775,2.300148952809812,knn_physchem_full,log10,runs/knn_physchem_integrated_20261002_v2/knn_model.joblib,,,,knn_physchem_integrated_20261002_v2,ecoli50_random_20260928_v1,val,20260928,ok,,,,2.0.0,ecoli50_strength_v1
course_ecoli50_strength,ecoli50_r006030,33.44,165.55681924981977,2.218947073952923,knn_physchem_full,log10,runs/knn_physchem_integrated_20261002_v2/knn_model.joblib,,,,knn_physchem_integrated_20261002_v2,ecoli50_random_20260928_v1,val,20260928,ok,,,,2.0.0,ecoli50_strength_v1
course_ecoli50_strength,ecoli50_r006052,63.16,175.26598767277696,2.243697644563781,knn_physchem_full,log10,runs/knn_physchem_integrated_20261002_v2/knn_model.joblib,,,,knn_physchem_integrated_20261002_v2,ecoli50_random_20260928_v1,val,20260928,ok,,,,2.0.0,ecoli50_strength_v1
course_ecoli50_strength,ecoli50_r006064,40.87,172.65413494703583,2.237176983862285,knn_physchem_full,log10,runs/knn_physchem_integrated_20261002_v2/knn_model.joblib,,,,knn_physchem_integrated_20261002_v2,ecoli50_random_20260928_v1,val,20260928,ok,,,,2.0.0,ecoli50_strength_v1
course_ecoli50_strength,ecoli50_r006073,77.12,180.80411938119445,2.2572083210737537,knn_physchem_full,log10,runs/knn_physchem_integrated_20261002_v2/knn_model.joblib,,,,knn_physchem_integrated_20261002_v2,ecoli50_random_20260928_v1,val,20260928,ok,,,,2.0.0,ecoli50_strength_v1
course_ecoli50_strength,ecoli50_r006081,43.96,204.2874529450219,2.310241693680532,knn_physchem_full,log10,runs/knn_physchem_integrated_20261002_v2/knn_model.joblib,,,,knn_physchem_integrated_20261002_v2,ecoli50_random_20260928_v1,val,20260928,ok,,,,2.0.0,ecoli50_strength_v1
course_ecoli50_strength,ecoli50_r006082,116.41,193.3575027113904,2.2863610283508424,knn_physchem_full,log10,runs/knn_physchem_integrated_20261002_v2/knn_model.joblib,,,,knn_physchem_integrated_20261002_v2,ecoli50_random_20260928_v1,val,20260928,ok,,,,2.0.0,ecoli50_strength_v1
course_ecoli50_strength,ecoli50_r006087,63.74,160.2483610534343,2.204793596449267,knn_physchem_full,log10,runs/knn_physchem_integrated_20261002_v2/knn_model.joblib,,,,knn_physchem_integrated_20261002_v2,ecoli50_random_20260928_v1,val,20260928,ok,,,,2.0.0,ecoli50_strength_v1
course_ecoli50_strength,ecoli50_r006090,78.02,239.51675596810196,2.3793359009236044,knn_physchem_full,log10,runs/knn_physchem_integrated_20261002_v2/knn_model.joblib,,,,knn_physchem_integrated_20261002_v2,ecoli50_random_20260928_v1,val,20260928,ok,,,,2.0.0,ecoli50_strength_v1
course_ecoli50_strength,ecoli50_r006092,8238.34,253.19241163242413,2.4034506854071265,knn_physchem_full,log10,runs/knn_physchem_integrated_20261002_v2/knn_model.joblib,,,,knn_physchem_integrated_20261002_v2,ecoli50_random_20260928_v1,val,20260928,ok,,,,2.0.0,ecoli50_strength_v1
course_ecoli50_strength,ecoli50_r006098,180.4,256.1023107212493,2.408413496972766,knn_physchem_full,log10,runs/knn_physchem_integrated_20261002_v2/knn_model.joblib,,,,knn_physchem_integrated_20261002_v2,ecoli50_random_20260928_v1,val,20260928,ok,,,,2.0.0,ecoli50_strength_v1
course_ecoli50_strength,ecoli50_r006106,100.65,190.7567360127365,2.280479882729197,knn_physchem_full,log10,runs/knn_physchem_integrated_20261002_v2/knn_model.joblib,,,,knn_physchem_integrated_20261002_v2,ecoli50_random_20260928_v1,val,20260928,ok,,,,2.0.0,ecoli50_strength_v1
course_ecoli50_strength,ecoli50_r006113,78.02,259.04373867625344,2.413373099455737,knn_physchem_full,log10,runs/knn_physchem_integrated_20261002_v2/knn_model.joblib,,,,knn_physchem_integrated_20261002_v2,ecoli50_random_20260928_v1,val,20260928,ok,,,,2.0.0,ecoli50_strength_v1
course_ecoli50_strength,ecoli50_r006116,1716.01,223.5966162220761,2.349465226910272,knn_physchem_full,log10,runs/knn_physchem_integrated_20261002_v2/knn_model.joblib,,,,knn_physchem_integrated_20261002_v2,ecoli50_random_20260928_v1,val,20260928,ok,,,,2.0.0,ecoli50_strength_v1
course_ecoli50_strength,ecoli50_r006118,3082.22,241.1529459400637,2.382292571659929,knn_physchem_full,log10,runs/knn_physchem_integrated_20261002_v2/knn_model.joblib,,,,knn_physchem_integrated_20261002_v2,ecoli50_random_20260928_v1,val,20260928,ok,,,,2.0.0,ecoli50_strength_v1
course_ecoli50_strength,ecoli50_r006123,577.08,273.4441831996058,2.4368686893446583,knn_physchem_full,log10,runs/knn_physchem_integrated_20261002_v2/knn_model.joblib,,,,knn_physchem_integrated_20261002_v2,ecoli50_random_20260928_v1,val,20260928,ok,,,,2.0.0,ecoli50_strength_v1
course_ecoli50_strength,ecoli50_r006129,62.5,180.50425319700665,2.256487439583662,knn_physchem_full,log10,runs/knn_physchem_integrated_20261002_v2/knn_model.joblib,,,,knn_physchem_integrated_20261002_v2,ecoli50_random_20260928_v1,val,20260928,ok,,,,2.0.0,ecoli50_strength_v1
course_ecoli50_strength,ecoli50_r006140,252.63,203.2776487078769,2.308089628630761,knn_physchem_full,log10,runs/knn_physchem_integrated_20261002_v2/knn_model.joblib,,,,knn_physchem_integrated_20261002_v2,ecoli50_random_20260928_v1,val,20260928,ok,,,,2.0.0,ecoli50_strength_v1
course_ecoli50_strength,ecoli50_r006143,99.53,191.2130469048724,2.281517521859949,knn_physchem_full,log10,runs/knn_physchem_integrated_20261002_v2/knn_model.joblib,,,,knn_physchem_integrated_20261002_v2,ecoli50_random_20260928_v1,val,20260928,ok,,,,2.0.0,ecoli50_strength_v1
course_ecoli50_strength,ecoli50_r006148,396.88,211.81085177559072,2.325948206694638,knn_physchem_full,log10,runs/knn_physchem_integrated_20261002_v2/knn_model.joblib,,,,knn_physchem_integrated_20261002_v2,ecoli50_random_20260928_v1,val,20260928,ok,,,,2.0.0,ecoli50_strength_v1
course_ecoli50_strength,ecoli50_r006149,288.85,150.8223323282323,2.1784656524676453,knn_physchem_full,log10,runs/knn_physchem_integrated_20261002_v2/knn_model.joblib,,,,knn_physchem_integrated_20261002_v2,ecoli50_random_20260928_v1,val,20260928,ok,,,,2.0.0,ecoli50_strength_v1
course_ecoli50_strength,ecoli50_r006164,50.11,243.1945212273291,2.3859537867703504,knn_physchem_full,log10,runs/knn_physchem_integrated_20261002_v2/knn_model.joblib,,,,knn_physchem_integrated_20261002_v2,ecoli50_random_20260928_v1,val,20260928,ok,,,,2.0.0,ecoli50_strength_v1
course_ecoli50_strength,ecoli50_r006167,128.54,205.3296146318308,2.3124515920575863,knn_physchem_full,log10,runs/knn_physchem_integrated_20261002_v2/knn_model.joblib,,,,knn_physchem_integrated_20261002_v2,ecoli50_random_20260928_v1,val,20260928,ok,,,,2.0.0,ecoli50_strength_v1
course_ecoli50_strength,ecoli50_r006180,705.89,219.71007275013483,2.341849967887842,knn_physchem_full,log10,runs/knn_physchem_integrated_20261002_v2/knn_model.joblib,,,,knn_physchem_integrated_20261002_v2,ecoli50_random_20260928_v1,val,20260928,ok,,,,2.0.0,ecoli50_strength_v1
course_ecoli50_strength,ecoli50_r006186,165173.72,221.34441142560405,2.3450685612475004,knn_physchem_full,log10,runs/knn_physchem_integrated_20261002_v2/knn_model.joblib,,,,knn_physchem_integrated_20261002_v2,ecoli50_random_20260928_v1,val,20260928,ok,,,,2.0.0,ecoli50_strength_v1
course_ecoli50_strength,ecoli50_r006195,230.34,227.00291475352068,2.356031433639128,knn_physchem_full,log10,runs/knn_physchem_integrated_20261002_v2/knn_model.joblib,,,,knn_physchem_integrated_20261002_v2,ecoli50_random_20260928_v1,val,20260928,ok,,,,2.0.0,ecoli50_strength_v1
course_ecoli50_strength,ecoli50_r006209,200.62,195.20284484993527,2.2904861427037555,knn_physchem_full,log10,runs/knn_physchem_integrated_20261002_v2/knn_model.joblib,,,,knn_physchem_integrated_20261002_v2,ecoli50_random_20260928_v1,val,20260928,ok,,,,2.0.0,ecoli50_strength_v1
course_ecoli50_strength,ecoli50_r006219,1459.46,238.5622423556218,2.3776017082605634,knn_physchem_full,log10,runs/knn_physchem_integrated_20261002_v2/knn_model.joblib,,,,knn_physchem_integrated_20261002_v2,ecoli50_random_20260928_v1,val,20260928,ok,,,,2.0.0,ecoli50_strength_v1
course_ecoli50_strength,ecoli50_r006233,63.83,201.61835319639945,2.3045300631362204,knn_physchem_full,log10,runs/knn_physchem_integrated_20261002_v2/knn_model.joblib,,,,knn_physchem_integrated_20261002_v2,ecoli50_random_20260928_v1,val,20260928,ok,,,,2.0.0,ecoli50_strength_v1
course_ecoli50_strength,ecoli50_r006240,11643.81,160.19578791993484,2.2046510928519742,knn_physchem_full,log10,runs/knn_physchem_integrated_20261002_v2/knn_model.joblib,,,,knn_physchem_integrated_20261002_v2,ecoli50_random_20260928_v1,val,20260928,ok,,,,2.0.0,ecoli50_strength_v1
course_ecoli50_strength,ecoli50_r006252,349.27,158.05803459274227,2.198816577306903,knn_physchem_full,log10,runs/knn_physchem_integrated_20261002_v2/knn_model.joblib,,,,knn_physchem_integrated_20261002_v2,ecoli50_random_20260928_v1,val,20260928,ok,,,,2.0.0,ecoli50_strength_v1
course_ecoli50_strength,ecoli50_r006254,122.33,235.2261851434997,2.3714856653222256,knn_physchem_full,log10,runs/knn_physchem_integrated_20261002_v2/knn_model.joblib,,,,knn_physchem_integrated_20261002_v2,ecoli50_random_20260928_v1,val,20260928,ok,,,,2.0.0,ecoli50_strength_v1
course_ecoli50_strength,ecoli50_r006262,57.91,175.1941707797697,2.2435196518303715,knn_physchem_full,log10,runs/knn_physchem_integrated_20261002_v2/knn_model.joblib,,,,knn_physchem_integrated_20261002_v2,ecoli50_random_20260928_v1,val,20260928,ok,,,,2.0.0,ecoli50_strength_v1
course_ecoli50_strength,ecoli50_r006271,30.95,189.88808686831769,2.278497718977962,knn_physchem_full,log10,runs/knn_physchem_integrated_20261002_v2/knn_model.joblib,,,,knn_physchem_integrated_20261002_v2,ecoli50_random_20260928_v1,val,20260928,ok,,,,2.0.0,ecoli50_strength_v1
course_ecoli50_strength,ecoli50_r006280,31.87,239.3850276197856,2.379096983892232,knn_physchem_full,log10,runs/knn_physchem_integrated_20261002_v2/knn_model.joblib,,,,knn_physchem_integrated_20261002_v2,ecoli50_random_20260928_v1,val,20260928,ok,,,,2.0.0,ecoli50_strength_v1
course_ecoli50_strength,ecoli50_r006281,162.11,241.6391527763174,2.3831673043574813,knn_physchem_full,log10,runs/knn_physchem_integrated_20261002_v2/knn_model.joblib,,,,knn_physchem_integrated_20261002_v2,ecoli50_random_20260928_v1,val,20260928,ok,,,,2.0.0,ecoli50_strength_v1
course_ecoli50_strength,ecoli50_r006283,37.23,161.0046166765756,2.206838329251821,knn_physchem_full,log10,runs/knn_physchem_integrated_20261002_v2/knn_model.joblib,,,,knn_physchem_integrated_20261002_v2,ecoli50_random_20260928_v1,val,20260928,ok,,,,2.0.0,ecoli50_strength_v1
course_ecoli50_strength,ecoli50_r006285,15.96,162.72899451335735,2.2114649409840346,knn_physchem_full,log10,runs/knn_physchem_integrated_20261002_v2/knn_model.joblib,,,,knn_physchem_integrated_20261002_v2,ecoli50_random_20260928_v1,val,20260928,ok,,,,2.0.0,ecoli50_strength_v1
course_ecoli50_strength,ecoli50_r006301,132.29,237.70078490331315,2.3760306157989204,knn_physchem_full,log10,runs/knn_physchem_integrated_20261002_v2/knn_model.joblib,,,,knn_physchem_integrated_20261002_v2,ecoli50_random_20260928_v1,val,20260928,ok,,,,2.0.0,ecoli50_strength_v1
course_ecoli50_strength,ecoli50_r006302,2326.99,230.70832146893497,2.3630632594663146,knn_physchem_full,log10,runs/knn_physchem_integrated_20261002_v2/knn_model.joblib,,,,knn_physchem_integrated_20261002_v2,ecoli50_random_20260928_v1,val,20260928,ok,,,,2.0.0,ecoli50_strength_v1
course_ecoli50_strength,ecoli50_r006330,396.88,157.35814641922877,2.1968892312234187,knn_physchem_full,log10,runs/knn_physchem_integrated_20261002_v2/knn_model.joblib,,,,knn_physchem_integrated_20261002_v2,ecoli50_random_20260928_v1,val,20260928,ok,,,,2.0.0,ecoli50_strength_v1
course_ecoli50_strength,ecoli50_r006336,138.08,261.8782727323665,2.418099467788084,knn_physchem_full,log10,runs/knn_physchem_integrated_20261002_v2/knn_model.joblib,,,,knn_physchem_integrated_20261002_v2,ecoli50_random_20260928_v1,val,20260928,ok,,,,2.0.0,ecoli50_strength_v1
course_ecoli50_strength,ecoli50_r006340,162.36,182.8494845671591,2.2620937404468053,knn_physchem_full,log10,runs/knn_physchem_integrated_20261002_v2/knn_model.joblib,,,,knn_physchem_integrated_20261002_v2,ecoli50_random_20260928_v1,val,20260928,ok,,,,2.0.0,ecoli50_strength_v1
course_ecoli50_strength,ecoli50_r006343,294.74,160.21812977464072,2.204711657912941,knn_physchem_full,log10,runs/knn_physchem_integrated_20261002_v2/knn_model.joblib,,,,knn_physchem_integrated_20261002_v2,ecoli50_random_20260928_v1,val,20260928,ok,,,,2.0.0,ecoli50_strength_v1
course_ecoli50_strength,ecoli50_r006349,53.28,157.65468776811778,2.197706888763327,knn_physchem_full,log10,runs/knn_physchem_integrated_20261002_v2/knn_model.joblib,,,,knn_physchem_integrated_20261002_v2,ecoli50_random_20260928_v1,val,20260928,ok,,,,2.0.0,ecoli50_strength_v1
course_ecoli50_strength,ecoli50_r006363,519.91,193.57762056678985,2.286855147258791,knn_physchem_full,log10,runs/knn_physchem_integrated_20261002_v2/knn_model.joblib,,,,knn_physchem_integrated_20261002_v2,ecoli50_random_20260928_v1,val,20260928,ok,,,,2.0.0,ecoli50_strength_v1
course_ecoli50_strength,ecoli50_r006364,57.47,162.5887339818856,2.21109044938222,knn_physchem_full,log10,runs/knn_physchem_integrated_20261002_v2/knn_model.joblib,,,,knn_physchem_integrated_20261002_v2,ecoli50_random_20260928_v1,val,20260928,ok,,,,2.0.0,ecoli50_strength_v1
course_ecoli50_strength,ecoli50_r006366,76.16,222.14126848566292,2.3466292474755184,knn_physchem_full,log10,runs/knn_physchem_integrated_20261002_v2/knn_model.joblib,,,,knn_physchem_integrated_20261002_v2,ecoli50_random_20260928_v1,val,20260928,ok,,,,2.0.0,ecoli50_strength_v1
course_ecoli50_strength,ecoli50_r006368,171.15,159.7395388285094,2.2034124262807357,knn_physchem_full,log10,runs/knn_physchem_integrated_20261002_v2/knn_model.joblib,,,,knn_physchem_integrated_20261002_v2,ecoli50_random_20260928_v1,val,20260928,ok,,,,2.0.0,ecoli50_strength_v1
course_ecoli50_strength,ecoli50_r006369,2008.76,194.17199685159025,2.2881865968914945,knn_physchem_full,log10,runs/knn_physchem_integrated_20261002_v2/knn_model.joblib,,,,knn_physchem_integrated_20261002_v2,ecoli50_random_20260928_v1,val,20260928,ok,,,,2.0.0,ecoli50_strength_v1
course_ecoli50_strength,ecoli50_r006384,96.21,211.31353987323217,2.3249273252768146,knn_physchem_full,log10,runs/knn_physchem_integrated_20261002_v2/knn_model.joblib,,,,knn_physchem_integrated_20261002_v2,ecoli50_random_20260928_v1,val,20260928,ok,,,,2.0.0,ecoli50_strength_v1
course_ecoli50_strength,ecoli50_r006386,116.38,149.19666513488278,2.173759115833,knn_physchem_full,log10,runs/knn_physchem_integrated_20261002_v2/knn_model.joblib,,,,knn_physchem_integrated_20261002_v2,ecoli50_random_20260928_v1,val,20260928,ok,,,,2.0.0,ecoli50_strength_v1
course_ecoli50_strength,ecoli50_r006388,38.32,156.53884310822713,2.194622119866069,knn_physchem_full,log10,runs/knn_physchem_integrated_20261002_v2/knn_model.joblib,,,,knn_physchem_integrated_20261002_v2,ecoli50_random_20260928_v1,val,20260928,ok,,,,2.0.0,ecoli50_strength_v1
course_ecoli50_strength,ecoli50_r006391,77.16,191.4174625302272,2.281981554833605,knn_physchem_full,log10,runs/knn_physchem_integrated_20261002_v2/knn_model.joblib,,,,knn_physchem_integrated_20261002_v2,ecoli50_random_20260928_v1,val,20260928,ok,,,,2.0.0,ecoli50_strength_v1
course_ecoli50_strength,ecoli50_r006401,97.29,164.0139302032903,2.2148807355690336,knn_physchem_full,log10,runs/knn_physchem_integrated_20261002_v2/knn_model.joblib,,,,knn_physchem_integrated_20261002_v2,ecoli50_random_20260928_v1,val,20260928,ok,,,,2.0.0,ecoli50_strength_v1
course_ecoli50_strength,ecoli50_r006403,85.48,172.88841653525537,2.237765896666973,knn_physchem_full,log10,runs/knn_physchem_integrated_20261002_v2/knn_model.joblib,,,,knn_physchem_integrated_20261002_v2,ecoli50_random_20260928_v1,val,20260928,ok,,,,2.0.0,ecoli50_strength_v1
course_ecoli50_strength,ecoli50_r006406,132.63,221.84091834965807,2.34604165441223,knn_physchem_full,log10,runs/knn_physchem_integrated_20261002_v2/knn_model.joblib,,,,knn_physchem_integrated_20261002_v2,ecoli50_random_20260928_v1,val,20260928,ok,,,,2.0.0,ecoli50_strength_v1
course_ecoli50_strength,ecoli50_r006411,72.16,218.48943459510724,2.339430440812233,knn_physchem_full,log10,runs/knn_physchem_integrated_20261002_v2/knn_model.joblib,,,,knn_physchem_integrated_20261002_v2,ecoli50_random_20260928_v1,val,20260928,ok,,,,2.0.0,ecoli50_strength_v1
course_ecoli50_strength,ecoli50_r006423,49.12,142.51332089673704,2.1538554602853286,knn_physchem_full,log10,runs/knn_physchem_integrated_20261002_v2/knn_model.joblib,,,,knn_physchem_integrated_20261002_v2,ecoli50_random_20260928_v1,val,20260928,ok,,,,2.0.0,ecoli50_strength_v1
course_ecoli50_strength,ecoli50_r006429,108.24,257.4561038248871,2.4107031926326385,knn_physchem_full,log10,runs/knn_physchem_integrated_20261002_v2/knn_model.joblib,,,,knn_physchem_integrated_20261002_v2,ecoli50_random_20260928_v1,val,20260928,ok,,,,2.0.0,ecoli50_strength_v1
course_ecoli50_strength,ecoli50_r006432,61.89,242.35041219945072,2.384443762725148,knn_physchem_full,log10,runs/knn_physchem_integrated_20261002_v2/knn_model.joblib,,,,knn_physchem_integrated_20261002_v2,ecoli50_random_20260928_v1,val,20260928,ok,,,,2.0.0,ecoli50_strength_v1
course_ecoli50_strength,ecoli50_r006433,90.58,272.38559889185694,2.435184142568461,knn_physchem_full,log10,runs/knn_physchem_integrated_20261002_v2/knn_model.joblib,,,,knn_physchem_integrated_20261002_v2,ecoli50_random_20260928_v1,val,20260928,ok,,,,2.0.0,ecoli50_strength_v1
course_ecoli50_strength,ecoli50_r006434,267.27,155.59520770766488,2.1919962167014355,knn_physchem_full,log10,runs/knn_physchem_integrated_20261002_v2/knn_model.joblib,,,,knn_physchem_integrated_20261002_v2,ecoli50_random_20260928_v1,val,20260928,ok,,,,2.0.0,ecoli50_strength_v1
course_ecoli50_strength,ecoli50_r006450,120.74,205.73746566255156,2.3133133857583905,knn_physchem_full,log10,runs/knn_physchem_integrated_20261002_v2/knn_model.joblib,,,,knn_physchem_integrated_20261002_v2,ecoli50_random_20260928_v1,val,20260928,ok,,,,2.0.0,ecoli50_strength_v1
course_ecoli50_strength,ecoli50_r006459,38.56,158.168848836242,2.1991209538097247,knn_physchem_full,log10,runs/knn_physchem_integrated_20261002_v2/knn_model.joblib,,,,knn_physchem_integrated_20261002_v2,ecoli50_random_20260928_v1,val,20260928,ok,,,,2.0.0,ecoli50_strength_v1
course_ecoli50_strength,ecoli50_r006460,392.87,199.6886828396889,2.300353452354192,knn_physchem_full,log10,runs/knn_physchem_integrated_20261002_v2/knn_model.joblib,,,,knn_physchem_integrated_20261002_v2,ecoli50_random_20260928_v1,val,20260928,ok,,,,2.0.0,ecoli50_strength_v1
course_ecoli50_strength,ecoli50_r006462,120.84,213.23886694401148,2.3288663662123765,knn_physchem_full,log10,runs/knn_physchem_integrated_20261002_v2/knn_model.joblib,,,,knn_physchem_integrated_20261002_v2,ecoli50_random_20260928_v1,val,20260928,ok,,,,2.0.0,ecoli50_strength_v1
course_ecoli50_strength,ecoli50_r006482,654.21,247.0380360872938,2.392763826097993,knn_physchem_full,log10,runs/knn_physchem_integrated_20261002_v2/knn_model.joblib,,,,knn_physchem_integrated_20261002_v2,ecoli50_random_20260928_v1,val,20260928,ok,,,,2.0.0,ecoli50_strength_v1
course_ecoli50_strength,ecoli50_r006486,58.71,216.8528212299956,2.3361650766422586,knn_physchem_full,log10,runs/knn_physchem_integrated_20261002_v2/knn_model.joblib,,,,knn_physchem_integrated_20261002_v2,ecoli50_random_20260928_v1,val,20260928,ok,,,,2.0.0,ecoli50_strength_v1
course_ecoli50_strength,ecoli50_r006487,135.58,171.6232934170519,2.234576231740851,knn_physchem_full,log10,runs/knn_physchem_integrated_20261002_v2/knn_model.joblib,,,,knn_physchem_integrated_20261002_v2,ecoli50_random_20260928_v1,val,20260928,ok,,,,2.0.0,ecoli50_strength_v1
course_ecoli50_strength,ecoli50_r006493,1351.81,184.13707755465072,2.265141246168781,knn_physchem_full,log10,runs/knn_physchem_integrated_20261002_v2/knn_model.joblib,,,,knn_physchem_integrated_20261002_v2,ecoli50_random_20260928_v1,val,20260928,ok,,,,2.0.0,ecoli50_strength_v1
course_ecoli50_strength,ecoli50_r006497,76.04,144.09715505650044,2.1586554065221093,knn_physchem_full,log10,runs/knn_physchem_integrated_20261002_v2/knn_model.joblib,,,,knn_physchem_integrated_20261002_v2,ecoli50_random_20260928_v1,val,20260928,ok,,,,2.0.0,ecoli50_strength_v1
course_ecoli50_strength,ecoli50_r006505,84.88,164.02667633175602,2.2149144848863487,knn_physchem_full,log10,runs/knn_physchem_integrated_20261002_v2/knn_model.joblib,,,,knn_physchem_integrated_20261002_v2,ecoli50_random_20260928_v1,val,20260928,ok,,,,2.0.0,ecoli50_strength_v1
course_ecoli50_strength,ecoli50_r006511,72.21,149.0068976266717,2.173206372652989,knn_physchem_full,log10,runs/knn_physchem_integrated_20261002_v2/knn_model.joblib,,,,knn_physchem_integrated_20261002_v2,ecoli50_random_20260928_v1,val,20260928,ok,,,,2.0.0,ecoli50_strength_v1
course_ecoli50_strength,ecoli50_r006531,132.63,168.00311578540376,2.225317336225028,knn_physchem_full,log10,runs/knn_physchem_integrated_20261002_v2/knn_model.joblib,,,,knn_physchem_integrated_20261002_v2,ecoli50_random_20260928_v1,val,20260928,ok,,,,2.0.0,ecoli50_strength_v1
course_ecoli50_strength,ecoli50_r006534,488.55,150.7318937076769,2.17820515540513,knn_physchem_full,log10,runs/knn_physchem_integrated_20261002_v2/knn_model.joblib,,,,knn_physchem_integrated_20261002_v2,ecoli50_random_20260928_v1,val,20260928,ok,,,,2.0.0,ecoli50_strength_v1
course_ecoli50_strength,ecoli50_r006540,396.25,216.41187212467264,2.3352810820205065,knn_physchem_full,log10,runs/knn_physchem_integrated_20261002_v2/knn_model.joblib,,,,knn_physchem_integrated_20261002_v2,ecoli50_random_20260928_v1,val,20260928,ok,,,,2.0.0,ecoli50_strength_v1
course_ecoli50_strength,ecoli50_r006541,397.53,239.60024591573375,2.379487259459308,knn_physchem_full,log10,runs/knn_physchem_integrated_20261002_v2/knn_model.joblib,,,,knn_physchem_integrated_20261002_v2,ecoli50_random_20260928_v1,val,20260928,ok,,,,2.0.0,ecoli50_strength_v1
course_ecoli50_strength,ecoli50_r006550,217.35,155.1536424723596,2.190761975776306,knn_physchem_full,log10,runs/knn_physchem_integrated_20261002_v2/knn_model.joblib,,,,knn_physchem_integrated_20261002_v2,ecoli50_random_20260928_v1,val,20260928,ok,,,,2.0.0,ecoli50_strength_v1
course_ecoli50_strength,ecoli50_r006557,982.05,205.77656034274665,2.3133959034995057,knn_physchem_full,log10,runs/knn_physchem_integrated_20261002_v2/knn_model.joblib,,,,knn_physchem_integrated_20261002_v2,ecoli50_random_20260928_v1,val,20260928,ok,,,,2.0.0,ecoli50_strength_v1
course_ecoli50_strength,ecoli50_r006561,156.9,154.15406670511382,2.187954986242508,knn_physchem_full,log10,runs/knn_physchem_integrated_20261002_v2/knn_model.joblib,,,,knn_physchem_integrated_20261002_v2,ecoli50_random_20260928_v1,val,20260928,ok,,,,2.0.0,ecoli50_strength_v1
course_ecoli50_strength,ecoli50_r006570,88.42,161.0433531352892,2.206942804559389,knn_physchem_full,log10,runs/knn_physchem_integrated_20261002_v2/knn_model.joblib,,,,knn_physchem_integrated_20261002_v2,ecoli50_random_20260928_v1,val,20260928,ok,,,,2.0.0,ecoli50_strength_v1
course_ecoli50_strength,ecoli50_r006571,278.45,219.70951008573212,2.341848855684132,knn_physchem_full,log10,runs/knn_physchem_integrated_20261002_v2/knn_model.joblib,,,,knn_physchem_integrated_20261002_v2,ecoli50_random_20260928_v1,val,20260928,ok,,,,2.0.0,ecoli50_strength_v1
course_ecoli50_strength,ecoli50_r006575,3168.48,236.9914443188545,2.3747326677308638,knn_physchem_full,log10,runs/knn_physchem_integrated_20261002_v2/knn_model.joblib,,,,knn_physchem_integrated_20261002_v2,ecoli50_random_20260928_v1,val,20260928,ok,,,,2.0.0,ecoli50_strength_v1
course_ecoli50_strength,ecoli50_r006582,521.69,209.19179084233315,2.3205446378346823,knn_physchem_full,log10,runs/knn_physchem_integrated_20261002_v2/knn_model.joblib,,,,knn_physchem_integrated_20261002_v2,ecoli50_random_20260928_v1,val,20260928,ok,,,,2.0.0,ecoli50_strength_v1
course_ecoli50_strength,ecoli50_r006591,58.51,237.02727848803423,2.3747983300400475,knn_physchem_full,log10,runs/knn_physchem_integrated_20261002_v2/knn_model.joblib,,,,knn_physchem_integrated_20261002_v2,ecoli50_random_20260928_v1,val,20260928,ok,,,,2.0.0,ecoli50_strength_v1
course_ecoli50_strength,ecoli50_r006595,108.86,194.3133487138243,2.2885026362849223,knn_physchem_full,log10,runs/knn_physchem_integrated_20261002_v2/knn_model.joblib,,,,knn_physchem_integrated_20261002_v2,ecoli50_random_20260928_v1,val,20260928,ok,,,,2.0.0,ecoli50_strength_v1
course_ecoli50_strength,ecoli50_r006605,1393.2,153.50704221487263,2.1861283037539594,knn_physchem_full,log10,runs/knn_physchem_integrated_20261002_v2/knn_model.joblib,,,,knn_physchem_integrated_20261002_v2,ecoli50_random_20260928_v1,val,20260928,ok,,,,2.0.0,ecoli50_strength_v1
course_ecoli50_strength,ecoli50_r006615,68.77,241.5169954067985,2.3829476972063115,knn_physchem_full,log10,runs/knn_physchem_integrated_20261002_v2/knn_model.joblib,,,,knn_physchem_integrated_20261002_v2,ecoli50_random_20260928_v1,val,20260928,ok,,,,2.0.0,ecoli50_strength_v1
course_ecoli50_strength,ecoli50_r006625,104.03,202.5636634008065,2.306561542703219,knn_physchem_full,log10,runs/knn_physchem_integrated_20261002_v2/knn_model.joblib,,,,knn_physchem_integrated_20261002_v2,ecoli50_random_20260928_v1,val,20260928,ok,,,,2.0.0,ecoli50_strength_v1
course_ecoli50_strength,ecoli50_r006632,70.59,253.59097006993247,2.404133785019549,knn_physchem_full,log10,runs/knn_physchem_integrated_20261002_v2/knn_model.joblib,,,,knn_physchem_integrated_20261002_v2,ecoli50_random_20260928_v1,val,20260928,ok,,,,2.0.0,ecoli50_strength_v1
course_ecoli50_strength,ecoli50_r006646,88.42,209.28763897098324,2.3207435786242927,knn_physchem_full,log10,runs/knn_physchem_integrated_20261002_v2/knn_model.joblib,,,,knn_physchem_integrated_20261002_v2,ecoli50_random_20260928_v1,val,20260928,ok,,,,2.0.0,ecoli50_strength_v1
course_ecoli50_strength,ecoli50_r006649,312.43,207.2718544245392,2.3165403329766816,knn_physchem_full,log10,runs/knn_physchem_integrated_20261002_v2/knn_model.joblib,,,,knn_physchem_integrated_20261002_v2,ecoli50_random_20260928_v1,val,20260928,ok,,,,2.0.0,ecoli50_strength_v1
course_ecoli50_strength,ecoli50_r006666,101.06,247.98180700103745,2.394419820306533,knn_physchem_full,log10,runs/knn_physchem_integrated_20261002_v2/knn_model.joblib,,,,knn_physchem_integrated_20261002_v2,ecoli50_random_20260928_v1,val,20260928,ok,,,,2.0.0,ecoli50_strength_v1
course_ecoli50_strength,ecoli50_r006672,95.91,177.46376868274388,2.2491097001105715,knn_physchem_full,log10,runs/knn_physchem_integrated_20261002_v2/knn_model.joblib,,,,knn_physchem_integrated_20261002_v2,ecoli50_random_20260928_v1,val,20260928,ok,,,,2.0.0,ecoli50_strength_v1
course_ecoli50_strength,ecoli50_r006676,468.64,159.93302565381384,2.2039381534162383,knn_physchem_full,log10,runs/knn_physchem_integrated_20261002_v2/knn_model.joblib,,,,knn_physchem_integrated_20261002_v2,ecoli50_random_20260928_v1,val,20260928,ok,,,,2.0.0,ecoli50_strength_v1
course_ecoli50_strength,ecoli50_r006684,292.97,215.283984484114,2.3330117227687523,knn_physchem_full,log10,runs/knn_physchem_integrated_20261002_v2/knn_model.joblib,,,,knn_physchem_integrated_20261002_v2,ecoli50_random_20260928_v1,val,20260928,ok,,,,2.0.0,ecoli50_strength_v1
course_ecoli50_strength,ecoli50_r006695,3356.81,246.7077939194295,2.3921828698088823,knn_physchem_full,log10,runs/knn_physchem_integrated_20261002_v2/knn_model.joblib,,,,knn_physchem_integrated_20261002_v2,ecoli50_random_20260928_v1,val,20260928,ok,,,,2.0.0,ecoli50_strength_v1
course_ecoli50_strength,ecoli50_r006699,144.89,176.1446466979502,2.2458694488520976,knn_physchem_full,log10,runs/knn_physchem_integrated_20261002_v2/knn_model.joblib,,,,knn_physchem_integrated_20261002_v2,ecoli50_random_20260928_v1,val,20260928,ok,,,,2.0.0,ecoli50_strength_v1
course_ecoli50_strength,ecoli50_r006702,208.76,196.4128463999912,2.2931698894497754,knn_physchem_full,log10,runs/knn_physchem_integrated_20261002_v2/knn_model.joblib,,,,knn_physchem_integrated_20261002_v2,ecoli50_random_20260928_v1,val,20260928,ok,,,,2.0.0,ecoli50_strength_v1
course_ecoli50_strength,ecoli50_r006703,28.42,168.73871688759522,2.227214742348788,knn_physchem_full,log10,runs/knn_physchem_integrated_20261002_v2/knn_model.joblib,,,,knn_physchem_integrated_20261002_v2,ecoli50_random_20260928_v1,val,20260928,ok,,,,2.0.0,ecoli50_strength_v1
course_ecoli50_strength,ecoli50_r006710,91.37,217.6233296207568,2.337705450688181,knn_physchem_full,log10,runs/knn_physchem_integrated_20261002_v2/knn_model.joblib,,,,knn_physchem_integrated_20261002_v2,ecoli50_random_20260928_v1,val,20260928,ok,,,,2.0.0,ecoli50_strength_v1
course_ecoli50_strength,ecoli50_r006724,114.56,160.1135415519196,2.204428063790476,knn_physchem_full,log10,runs/knn_physchem_integrated_20261002_v2/knn_model.joblib,,,,knn_physchem_integrated_20261002_v2,ecoli50_random_20260928_v1,val,20260928,ok,,,,2.0.0,ecoli50_strength_v1
course_ecoli50_strength,ecoli50_r006725,176.85,188.87699942332443,2.276179074747059,knn_physchem_full,log10,runs/knn_physchem_integrated_20261002_v2/knn_model.joblib,,,,knn_physchem_integrated_20261002_v2,ecoli50_random_20260928_v1,val,20260928,ok,,,,2.0.0,ecoli50_strength_v1
course_ecoli50_strength,ecoli50_r006726,99.13,207.21087442842145,2.316412543449312,knn_physchem_full,log10,runs/knn_physchem_integrated_20261002_v2/knn_model.joblib,,,,knn_physchem_integrated_20261002_v2,ecoli50_random_20260928_v1,val,20260928,ok,,,,2.0.0,ecoli50_strength_v1
course_ecoli50_strength,ecoli50_r006727,148783.16,196.8794065699709,2.2942002916548465,knn_physchem_full,log10,runs/knn_physchem_integrated_20261002_v2/knn_model.joblib,,,,knn_physchem_integrated_20261002_v2,ecoli50_random_20260928_v1,val,20260928,ok,,,,2.0.0,ecoli50_strength_v1
course_ecoli50_strength,ecoli50_r006744,156.35,179.35914561769135,2.253723526481909,knn_physchem_full,log10,runs/knn_physchem_integrated_20261002_v2/knn_model.joblib,,,,knn_physchem_integrated_20261002_v2,ecoli50_random_20260928_v1,val,20260928,ok,,,,2.0.0,ecoli50_strength_v1
course_ecoli50_strength,ecoli50_r006749,88.32,152.15767426585884,2.182293861441241,knn_physchem_full,log10,runs/knn_physchem_integrated_20261002_v2/knn_model.joblib,,,,knn_physchem_integrated_20261002_v2,ecoli50_random_20260928_v1,val,20260928,ok,,,,2.0.0,ecoli50_strength_v1
course_ecoli50_strength,ecoli50_r006759,66.87,192.7453345172562,2.2849838745676987,knn_physchem_full,log10,runs/knn_physchem_integrated_20261002_v2/knn_model.joblib,,,,knn_physchem_integrated_20261002_v2,ecoli50_random_20260928_v1,val,20260928,ok,,,,2.0.0,ecoli50_strength_v1
course_ecoli50_strength,ecoli50_r006762,69.14,222.1588618722513,2.346663641841827,knn_physchem_full,log10,runs/knn_physchem_integrated_20261002_v2/knn_model.joblib,,,,knn_physchem_integrated_20261002_v2,ecoli50_random_20260928_v1,val,20260928,ok,,,,2.0.0,ecoli50_strength_v1
course_ecoli50_strength,ecoli50_r006772,33049.56,240.55323417061916,2.3812112002450734,knn_physchem_full,log10,runs/knn_physchem_integrated_20261002_v2/knn_model.joblib,,,,knn_physchem_integrated_20261002_v2,ecoli50_random_20260928_v1,val,20260928,ok,,,,2.0.0,ecoli50_strength_v1
course_ecoli50_strength,ecoli50_r006777,63.74,141.9080339830882,2.152006983306344,knn_physchem_full,log10,runs/knn_physchem_integrated_20261002_v2/knn_model.joblib,,,,knn_physchem_integrated_20261002_v2,ecoli50_random_20260928_v1,val,20260928,ok,,,,2.0.0,ecoli50_strength_v1
course_ecoli50_strength,ecoli50_r006778,162.51,178.7510688429443,2.252248647346992,knn_physchem_full,log10,runs/knn_physchem_integrated_20261002_v2/knn_model.joblib,,,,knn_physchem_integrated_20261002_v2,ecoli50_random_20260928_v1,val,20260928,ok,,,,2.0.0,ecoli50_strength_v1
course_ecoli50_strength,ecoli50_r006784,59.44,200.84343004183805,2.302857629728413,knn_physchem_full,log10,runs/knn_physchem_integrated_20261002_v2/knn_model.joblib,,,,knn_physchem_integrated_20261002_v2,ecoli50_random_20260928_v1,val,20260928,ok,,,,2.0.0,ecoli50_strength_v1
course_ecoli50_strength,ecoli50_r006793,19.01,157.8243870185844,2.198174111226299,knn_physchem_full,log10,runs/knn_physchem_integrated_20261002_v2/knn_model.joblib,,,,knn_physchem_integrated_20261002_v2,ecoli50_random_20260928_v1,val,20260928,ok,,,,2.0.0,ecoli50_strength_v1
course_ecoli50_strength,ecoli50_r006794,12869.22,254.1460246023768,2.405083320779804,knn_physchem_full,log10,runs/knn_physchem_integrated_20261002_v2/knn_model.joblib,,,,knn_physchem_integrated_20261002_v2,ecoli50_random_20260928_v1,val,20260928,ok,,,,2.0.0,ecoli50_strength_v1
course_ecoli50_strength,ecoli50_r006796,2153.01,235.7002197160025,2.372359987366933,knn_physchem_full,log10,runs/knn_physchem_integrated_20261002_v2/knn_model.joblib,,,,knn_physchem_integrated_20261002_v2,ecoli50_random_20260928_v1,val,20260928,ok,,,,2.0.0,ecoli50_strength_v1
course_ecoli50_strength,ecoli50_r006797,5949.03,152.08560242429928,2.1820881023919965,knn_physchem_full,log10,runs/knn_physchem_integrated_20261002_v2/knn_model.joblib,,,,knn_physchem_integrated_20261002_v2,ecoli50_random_20260928_v1,val,20260928,ok,,,,2.0.0,ecoli50_strength_v1
course_ecoli50_strength,ecoli50_r006803,244.66,203.60910475975612,2.308797194384325,knn_physchem_full,log10,runs/knn_physchem_integrated_20261002_v2/knn_model.joblib,,,,knn_physchem_integrated_20261002_v2,ecoli50_random_20260928_v1,val,20260928,ok,,,,2.0.0,ecoli50_strength_v1
course_ecoli50_strength,ecoli50_r006829,67.81,143.08971769712824,2.155608426856633,knn_physchem_full,log10,runs/knn_physchem_integrated_20261002_v2/knn_model.joblib,,,,knn_physchem_integrated_20261002_v2,ecoli50_random_20260928_v1,val,20260928,ok,,,,2.0.0,ecoli50_strength_v1
course_ecoli50_strength,ecoli50_r006832,47.87,245.7845572776077,2.390554592546335,knn_physchem_full,log10,runs/knn_physchem_integrated_20261002_v2/knn_model.joblib,,,,knn_physchem_integrated_20261002_v2,ecoli50_random_20260928_v1,val,20260928,ok,,,,2.0.0,ecoli50_strength_v1
course_ecoli50_strength,ecoli50_r006833,121.0,228.43323484715648,2.358759289857053,knn_physchem_full,log10,runs/knn_physchem_integrated_20261002_v2/knn_model.joblib,,,,knn_physchem_integrated_20261002_v2,ecoli50_random_20260928_v1,val,20260928,ok,,,,2.0.0,ecoli50_strength_v1
course_ecoli50_strength,ecoli50_r006853,32.07,181.23005783656765,2.258230229047033,knn_physchem_full,log10,runs/knn_physchem_integrated_20261002_v2/knn_model.joblib,,,,knn_physchem_integrated_20261002_v2,ecoli50_random_20260928_v1,val,20260928,ok,,,,2.0.0,ecoli50_strength_v1
course_ecoli50_strength,ecoli50_r006860,113.48,181.04663905195528,2.2577904669893294,knn_physchem_full,log10,runs/knn_physchem_integrated_20261002_v2/knn_model.joblib,,,,knn_physchem_integrated_20261002_v2,ecoli50_random_20260928_v1,val,20260928,ok,,,,2.0.0,ecoli50_strength_v1
course_ecoli50_strength,ecoli50_r006866,70.47,232.92572761534345,2.367217460815837,knn_physchem_full,log10,runs/knn_physchem_integrated_20261002_v2/knn_model.joblib,,,,knn_physchem_integrated_20261002_v2,ecoli50_random_20260928_v1,val,20260928,ok,,,,2.0.0,ecoli50_strength_v1
course_ecoli50_strength,ecoli50_r006876,218.11,221.95262419741752,2.3462602841562514,knn_physchem_full,log10,runs/knn_physchem_integrated_20261002_v2/knn_model.joblib,,,,knn_physchem_integrated_20261002_v2,ecoli50_random_20260928_v1,val,20260928,ok,,,,2.0.0,ecoli50_strength_v1
course_ecoli50_strength,ecoli50_r006880,102.23,231.28369875649324,2.3641450240823967,knn_physchem_full,log10,runs/knn_physchem_integrated_20261002_v2/knn_model.joblib,,,,knn_physchem_integrated_20261002_v2,ecoli50_random_20260928_v1,val,20260928,ok,,,,2.0.0,ecoli50_strength_v1
course_ecoli50_strength,ecoli50_r006883,103.65,151.74217418445303,2.181106302408594,knn_physchem_full,log10,runs/knn_physchem_integrated_20261002_v2/knn_model.joblib,,,,knn_physchem_integrated_20261002_v2,ecoli50_random_20260928_v1,val,20260928,ok,,,,2.0.0,ecoli50_strength_v1
course_ecoli50_strength,ecoli50_r006890,73.69,224.54988245958225,2.3513128320677685,knn_physchem_full,log10,runs/knn_physchem_integrated_20261002_v2/knn_model.joblib,,,,knn_physchem_integrated_20261002_v2,ecoli50_random_20260928_v1,val,20260928,ok,,,,2.0.0,ecoli50_strength_v1
course_ecoli50_strength,ecoli50_r006895,23.58,191.7416095713785,2.2827163687275265,knn_physchem_full,log10,runs/knn_physchem_integrated_20261002_v2/knn_model.joblib,,,,knn_physchem_integrated_20261002_v2,ecoli50_random_20260928_v1,val,20260928,ok,,,,2.0.0,ecoli50_strength_v1
course_ecoli50_strength,ecoli50_r006900,177.81,175.99891430347077,2.245509988760366,knn_physchem_full,log10,runs/knn_physchem_integrated_20261002_v2/knn_model.joblib,,,,knn_physchem_integrated_20261002_v2,ecoli50_random_20260928_v1,val,20260928,ok,,,,2.0.0,ecoli50_strength_v1
course_ecoli50_strength,ecoli50_r006906,46.97,270.22150091051134,2.4317199018854576,knn_physchem_full,log10,runs/knn_physchem_integrated_20261002_v2/knn_model.joblib,,,,knn_physchem_integrated_20261002_v2,ecoli50_random_20260928_v1,val,20260928,ok,,,,2.0.0,ecoli50_strength_v1
course_ecoli50_strength,ecoli50_r006911,71.8,248.851357725076,2.3959400145833567,knn_physchem_full,log10,runs/knn_physchem_integrated_20261002_v2/knn_model.joblib,,,,knn_physchem_integrated_20261002_v2,ecoli50_random_20260928_v1,val,20260928,ok,,,,2.0.0,ecoli50_strength_v1
course_ecoli50_strength,ecoli50_r006915,296.08,148.12413286207806,2.170625820945289,knn_physchem_full,log10,runs/knn_physchem_integrated_20261002_v2/knn_model.joblib,,,,knn_physchem_integrated_20261002_v2,ecoli50_random_20260928_v1,val,20260928,ok,,,,2.0.0,ecoli50_strength_v1
course_ecoli50_strength,ecoli50_r006919,864.75,209.3565972233083,2.3208866508854067,knn_physchem_full,log10,runs/knn_physchem_integrated_20261002_v2/knn_model.joblib,,,,knn_physchem_integrated_20261002_v2,ecoli50_random_20260928_v1,val,20260928,ok,,,,2.0.0,ecoli50_strength_v1
course_ecoli50_strength,ecoli50_r006921,1398.67,167.4593234976278,2.2239093324124592,knn_physchem_full,log10,runs/knn_physchem_integrated_20261002_v2/knn_model.joblib,,,,knn_physchem_integrated_20261002_v2,ecoli50_random_20260928_v1,val,20260928,ok,,,,2.0.0,ecoli50_strength_v1
course_ecoli50_strength,ecoli50_r006929,36.46,226.17945677532464,2.3544531566713296,knn_physchem_full,log10,runs/knn_physchem_integrated_20261002_v2/knn_model.joblib,,,,knn_physchem_integrated_20261002_v2,ecoli50_random_20260928_v1,val,20260928,ok,,,,2.0.0,ecoli50_strength_v1
course_ecoli50_strength,ecoli50_r006930,50.32,199.7322397340427,2.300448172074029,knn_physchem_full,log10,runs/knn_physchem_integrated_20261002_v2/knn_model.joblib,,,,knn_physchem_integrated_20261002_v2,ecoli50_random_20260928_v1,val,20260928,ok,,,,2.0.0,ecoli50_strength_v1
course_ecoli50_strength,ecoli50_r006941,254.97,178.38027687546554,2.251346833685417,knn_physchem_full,log10,runs/knn_physchem_integrated_20261002_v2/knn_model.joblib,,,,knn_physchem_integrated_20261002_v2,ecoli50_random_20260928_v1,val,20260928,ok,,,,2.0.0,ecoli50_strength_v1
course_ecoli50_strength,ecoli50_r006945,192.43,234.51207053997916,2.370165201140632,knn_physchem_full,log10,runs/knn_physchem_integrated_20261002_v2/knn_model.joblib,,,,knn_physchem_integrated_20261002_v2,ecoli50_random_20260928_v1,val,20260928,ok,,,,2.0.0,ecoli50_strength_v1
course_ecoli50_strength,ecoli50_r006946,66.48,190.06901652173696,2.2789113275423536,knn_physchem_full,log10,runs/knn_physchem_integrated_20261002_v2/knn_model.joblib,,,,knn_physchem_integrated_20261002_v2,ecoli50_random_20260928_v1,val,20260928,ok,,,,2.0.0,ecoli50_strength_v1
course_ecoli50_strength,ecoli50_r006949,338.84,259.1680782771349,2.4135815084569003,knn_physchem_full,log10,runs/knn_physchem_integrated_20261002_v2/knn_model.joblib,,,,knn_physchem_integrated_20261002_v2,ecoli50_random_20260928_v1,val,20260928,ok,,,,2.0.0,ecoli50_strength_v1
course_ecoli50_strength,ecoli50_r006957,84724.58,243.86693687580984,2.3871529232914206,knn_physchem_full,log10,runs/knn_physchem_integrated_20261002_v2/knn_model.joblib,,,,knn_physchem_integrated_20261002_v2,ecoli50_random_20260928_v1,val,20260928,ok,,,,2.0.0,ecoli50_strength_v1
course_ecoli50_strength,ecoli50_r006962,252.63,200.87646797046017,2.3029290635319035,knn_physchem_full,log10,runs/knn_physchem_integrated_20261002_v2/knn_model.joblib,,,,knn_physchem_integrated_20261002_v2,ecoli50_random_20260928_v1,val,20260928,ok,,,,2.0.0,ecoli50_strength_v1
course_ecoli50_strength,ecoli50_r006963,568.65,171.33927658272756,2.2338569289194865,knn_physchem_full,log10,runs/knn_physchem_integrated_20261002_v2/knn_model.joblib,,,,knn_physchem_integrated_20261002_v2,ecoli50_random_20260928_v1,val,20260928,ok,,,,2.0.0,ecoli50_strength_v1
course_ecoli50_strength,ecoli50_r006965,310.74,147.95388670388783,2.1701263784312905,knn_physchem_full,log10,runs/knn_physchem_integrated_20261002_v2/knn_model.joblib,,,,knn_physchem_integrated_20261002_v2,ecoli50_random_20260928_v1,val,20260928,ok,,,,2.0.0,ecoli50_strength_v1
course_ecoli50_strength,ecoli50_r006968,281907.24,256.5827744641122,2.4092274969091627,knn_physchem_full,log10,runs/knn_physchem_integrated_20261002_v2/knn_model.joblib,,,,knn_physchem_integrated_20261002_v2,ecoli50_random_20260928_v1,val,20260928,ok,,,,2.0.0,ecoli50_strength_v1
course_ecoli50_strength,ecoli50_r006969,423.53,240.11008244434143,2.3804103968667167,knn_physchem_full,log10,runs/knn_physchem_integrated_20261002_v2/knn_model.joblib,,,,knn_physchem_integrated_20261002_v2,ecoli50_random_20260928_v1,val,20260928,ok,,,,2.0.0,ecoli50_strength_v1
course_ecoli50_strength,ecoli50_r006972,2430.03,247.42798102502888,2.393448811370797,knn_physchem_full,log10,runs/knn_physchem_integrated_20261002_v2/knn_model.joblib,,,,knn_physchem_integrated_20261002_v2,ecoli50_random_20260928_v1,val,20260928,ok,,,,2.0.0,ecoli50_strength_v1
course_ecoli50_strength,ecoli50_r006974,87.28,156.69756970059453,2.195062260834857,knn_physchem_full,log10,runs/knn_physchem_integrated_20261002_v2/knn_model.joblib,,,,knn_physchem_integrated_20261002_v2,ecoli50_random_20260928_v1,val,20260928,ok,,,,2.0.0,ecoli50_strength_v1
course_ecoli50_strength,ecoli50_r006981,156.35,154.99952723617184,2.1903303735313564,knn_physchem_full,log10,runs/knn_physchem_integrated_20261002_v2/knn_model.joblib,,,,knn_physchem_integrated_20261002_v2,ecoli50_random_20260928_v1,val,20260928,ok,,,,2.0.0,ecoli50_strength_v1
course_ecoli50_strength,ecoli50_r006988,98.4,173.8975520951952,2.240293468609777,knn_physchem_full,log10,runs/knn_physchem_integrated_20261002_v2/knn_model.joblib,,,,knn_physchem_integrated_20261002_v2,ecoli50_random_20260928_v1,val,20260928,ok,,,,2.0.0,ecoli50_strength_v1
course_ecoli50_strength,ecoli50_r006989,98.4,204.22005734700053,2.3100983938103785,knn_physchem_full,log10,runs/knn_physchem_integrated_20261002_v2/knn_model.joblib,,,,knn_physchem_integrated_20261002_v2,ecoli50_random_20260928_v1,val,20260928,ok,,,,2.0.0,ecoli50_strength_v1
course_ecoli50_strength,ecoli50_r006993,70.45,151.76420877121978,2.1811693620343418,knn_physchem_full,log10,runs/knn_physchem_integrated_20261002_v2/knn_model.joblib,,,,knn_physchem_integrated_20261002_v2,ecoli50_random_20260928_v1,val,20260928,ok,,,,2.0.0,ecoli50_strength_v1
course_ecoli50_strength,ecoli50_r006999,36.08,145.4378231620799,2.162677365631937,knn_physchem_full,log10,runs/knn_physchem_integrated_20261002_v2/knn_model.joblib,,,,knn_physchem_integrated_20261002_v2,ecoli50_random_20260928_v1,val,20260928,ok,,,,2.0.0,ecoli50_strength_v1
course_ecoli50_strength,ecoli50_r007006,263.78,143.25145850160476,2.156099052391429,knn_physchem_full,log10,runs/knn_physchem_integrated_20261002_v2/knn_model.joblib,,,,knn_physchem_integrated_20261002_v2,ecoli50_random_20260928_v1,val,20260928,ok,,,,2.0.0,ecoli50_strength_v1
course_ecoli50_strength,ecoli50_r007019,97.27,151.06739180572876,2.179170731135008,knn_physchem_full,log10,runs/knn_physchem_integrated_20261002_v2/knn_model.joblib,,,,knn_physchem_integrated_20261002_v2,ecoli50_random_20260928_v1,val,20260928,ok,,,,2.0.0,ecoli50_strength_v1
course_ecoli50_strength,ecoli50_r007027,87.76,178.0078287329336,2.25043910287489,knn_physchem_full,log10,runs/knn_physchem_integrated_20261002_v2/knn_model.joblib,,,,knn_physchem_integrated_20261002_v2,ecoli50_random_20260928_v1,val,20260928,ok,,,,2.0.0,ecoli50_strength_v1
course_ecoli50_strength,ecoli50_r007051,71.8,263.17083537174875,2.420237759034181,knn_physchem_full,log10,runs/knn_physchem_integrated_20261002_v2/knn_model.joblib,,,,knn_physchem_integrated_20261002_v2,ecoli50_random_20260928_v1,val,20260928,ok,,,,2.0.0,ecoli50_strength_v1
course_ecoli50_strength,ecoli50_r007053,71.8,192.747703953119,2.2849892133563032,knn_physchem_full,log10,runs/knn_physchem_integrated_20261002_v2/knn_model.joblib,,,,knn_physchem_integrated_20261002_v2,ecoli50_random_20260928_v1,val,20260928,ok,,,,2.0.0,ecoli50_strength_v1
course_ecoli50_strength,ecoli50_r007071,73.81,243.80047594098707,2.387034549101652,knn_physchem_full,log10,runs/knn_physchem_integrated_20261002_v2/knn_model.joblib,,,,knn_physchem_integrated_20261002_v2,ecoli50_random_20260928_v1,val,20260928,ok,,,,2.0.0,ecoli50_strength_v1
course_ecoli50_strength,ecoli50_r007095,360.37,237.79639109615263,2.3762052592863743,knn_physchem_full,log10,runs/knn_physchem_integrated_20261002_v2/knn_model.joblib,,,,knn_physchem_integrated_20261002_v2,ecoli50_random_20260928_v1,val,20260928,ok,,,,2.0.0,ecoli50_strength_v1
course_ecoli50_strength,ecoli50_r007097,29.47,248.2115906745904,2.3948220577770707,knn_physchem_full,log10,runs/knn_physchem_integrated_20261002_v2/knn_model.joblib,,,,knn_physchem_integrated_20261002_v2,ecoli50_random_20260928_v1,val,20260928,ok,,,,2.0.0,ecoli50_strength_v1
course_ecoli50_strength,ecoli50_r007099,60.13,242.1598523152142,2.3841021430876514,knn_physchem_full,log10,runs/knn_physchem_integrated_20261002_v2/knn_model.joblib,,,,knn_physchem_integrated_20261002_v2,ecoli50_random_20260928_v1,val,20260928,ok,,,,2.0.0,ecoli50_strength_v1
course_ecoli50_strength,ecoli50_r007101,343.06,156.14718722835917,2.1935341654333014,knn_physchem_full,log10,runs/knn_physchem_integrated_20261002_v2/knn_model.joblib,,,,knn_physchem_integrated_20261002_v2,ecoli50_random_20260928_v1,val,20260928,ok,,,,2.0.0,ecoli50_strength_v1
course_ecoli50_strength,ecoli50_r007109,94.32,243.04499250323676,2.385686677660652,knn_physchem_full,log10,runs/knn_physchem_integrated_20261002_v2/knn_model.joblib,,,,knn_physchem_integrated_20261002_v2,ecoli50_random_20260928_v1,val,20260928,ok,,,,2.0.0,ecoli50_strength_v1
course_ecoli50_strength,ecoli50_r007119,192.43,160.10799775160862,2.204413026439214,knn_physchem_full,log10,runs/knn_physchem_integrated_20261002_v2/knn_model.joblib,,,,knn_physchem_integrated_20261002_v2,ecoli50_random_20260928_v1,val,20260928,ok,,,,2.0.0,ecoli50_strength_v1
course_ecoli50_strength,ecoli50_r007129,414.92,177.68190927718962,2.24964321226764,knn_physchem_full,log10,runs/knn_physchem_integrated_20261002_v2/knn_model.joblib,,,,knn_physchem_integrated_20261002_v2,ecoli50_random_20260928_v1,val,20260928,ok,,,,2.0.0,ecoli50_strength_v1
course_ecoli50_strength,ecoli50_r007131,1071.84,178.14299597501335,2.250768751923076,knn_physchem_full,log10,runs/knn_physchem_integrated_20261002_v2/knn_model.joblib,,,,knn_physchem_integrated_20261002_v2,ecoli50_random_20260928_v1,val,20260928,ok,,,,2.0.0,ecoli50_strength_v1
course_ecoli50_strength,ecoli50_r007133,39.79,208.98588262199908,2.320116949716587,knn_physchem_full,log10,runs/knn_physchem_integrated_20261002_v2/knn_model.joblib,,,,knn_physchem_integrated_20261002_v2,ecoli50_random_20260928_v1,val,20260928,ok,,,,2.0.0,ecoli50_strength_v1
course_ecoli50_strength,ecoli50_r007139,70.74,142.7050442945687,2.1544393246954288,knn_physchem_full,log10,runs/knn_physchem_integrated_20261002_v2/knn_model.joblib,,,,knn_physchem_integrated_20261002_v2,ecoli50_random_20260928_v1,val,20260928,ok,,,,2.0.0,ecoli50_strength_v1
course_ecoli50_strength,ecoli50_r007148,22150.17,224.7953975303924,2.3517874152261355,knn_physchem_full,log10,runs/knn_physchem_integrated_20261002_v2/knn_model.joblib,,,,knn_physchem_integrated_20261002_v2,ecoli50_random_20260928_v1,val,20260928,ok,,,,2.0.0,ecoli50_strength_v1
course_ecoli50_strength,ecoli50_r007153,111.46,183.73540978807875,2.264192862313481,knn_physchem_full,log10,runs/knn_physchem_integrated_20261002_v2/knn_model.joblib,,,,knn_physchem_integrated_20261002_v2,ecoli50_random_20260928_v1,val,20260928,ok,,,,2.0.0,ecoli50_strength_v1
course_ecoli50_strength,ecoli50_r007162,443.97,245.0755746974677,2.389300029723316,knn_physchem_full,log10,runs/knn_physchem_integrated_20261002_v2/knn_model.joblib,,,,knn_physchem_integrated_20261002_v2,ecoli50_random_20260928_v1,val,20260928,ok,,,,2.0.0,ecoli50_strength_v1
course_ecoli50_strength,ecoli50_r007166,144.32,175.43480012424368,2.2441157464008,knn_physchem_full,log10,runs/knn_physchem_integrated_20261002_v2/knn_model.joblib,,,,knn_physchem_integrated_20261002_v2,ecoli50_random_20260928_v1,val,20260928,ok,,,,2.0.0,ecoli50_strength_v1
course_ecoli50_strength,ecoli50_r007185,81.73,251.11818855676296,2.399878169916263,knn_physchem_full,log10,runs/knn_physchem_integrated_20261002_v2/knn_model.joblib,,,,knn_physchem_integrated_20261002_v2,ecoli50_random_20260928_v1,val,20260928,ok,,,,2.0.0,ecoli50_strength_v1
course_ecoli50_strength,ecoli50_r007187,3241.51,149.23958687929996,2.1738840381690547,knn_physchem_full,log10,runs/knn_physchem_integrated_20261002_v2/knn_model.joblib,,,,knn_physchem_integrated_20261002_v2,ecoli50_random_20260928_v1,val,20260928,ok,,,,2.0.0,ecoli50_strength_v1
course_ecoli50_strength,ecoli50_r007188,115.74,150.18329318588604,2.1766216232091886,knn_physchem_full,log10,runs/knn_physchem_integrated_20261002_v2/knn_model.joblib,,,,knn_physchem_integrated_20261002_v2,ecoli50_random_20260928_v1,val,20260928,ok,,,,2.0.0,ecoli50_strength_v1
course_ecoli50_strength,ecoli50_r007189,672.65,147.4255704529171,2.168572816925169,knn_physchem_full,log10,runs/knn_physchem_integrated_20261002_v2/knn_model.joblib,,,,knn_physchem_integrated_20261002_v2,ecoli50_random_20260928_v1,val,20260928,ok,,,,2.0.0,ecoli50_strength_v1
course_ecoli50_strength,ecoli50_r007191,131.27,156.18812708192243,2.193648017129089,knn_physchem_full,log10,runs/knn_physchem_integrated_20261002_v2/knn_model.joblib,,,,knn_physchem_integrated_20261002_v2,ecoli50_random_20260928_v1,val,20260928,ok,,,,2.0.0,ecoli50_strength_v1
course_ecoli50_strength,ecoli50_r007196,92.22,220.60722478354552,2.343619731278457,knn_physchem_full,log10,runs/knn_physchem_integrated_20261002_v2/knn_model.joblib,,,,knn_physchem_integrated_20261002_v2,ecoli50_random_20260928_v1,val,20260928,ok,,,,2.0.0,ecoli50_strength_v1
course_ecoli50_strength,ecoli50_r007210,127038.76,204.19711322307887,2.3100495980831672,knn_physchem_full,log10,runs/knn_physchem_integrated_20261002_v2/knn_model.joblib,,,,knn_physchem_integrated_20261002_v2,ecoli50_random_20260928_v1,val,20260928,ok,,,,2.0.0,ecoli50_strength_v1
course_ecoli50_strength,ecoli50_r007214,154.18,168.79690623061654,2.227364482459752,knn_physchem_full,log10,runs/knn_physchem_integrated_20261002_v2/knn_model.joblib,,,,knn_physchem_integrated_20261002_v2,ecoli50_random_20260928_v1,val,20260928,ok,,,,2.0.0,ecoli50_strength_v1
course_ecoli50_strength,ecoli50_r007224,84.88,180.835458827833,2.2572835924190118,knn_physchem_full,log10,runs/knn_physchem_integrated_20261002_v2/knn_model.joblib,,,,knn_physchem_integrated_20261002_v2,ecoli50_random_20260928_v1,val,20260928,ok,,,,2.0.0,ecoli50_strength_v1
course_ecoli50_strength,ecoli50_r007231,201.6,145.52838189875754,2.1629477005382807,knn_physchem_full,log10,runs/knn_physchem_integrated_20261002_v2/knn_model.joblib,,,,knn_physchem_integrated_20261002_v2,ecoli50_random_20260928_v1,val,20260928,ok,,,,2.0.0,ecoli50_strength_v1
course_ecoli50_strength,ecoli50_r007238,608.67,172.64017695795388,2.2371418724953664,knn_physchem_full,log10,runs/knn_physchem_integrated_20261002_v2/knn_model.joblib,,,,knn_physchem_integrated_20261002_v2,ecoli50_random_20260928_v1,val,20260928,ok,,,,2.0.0,ecoli50_strength_v1
course_ecoli50_strength,ecoli50_r007241,120.27,150.23090467862386,2.176759282540148,knn_physchem_full,log10,runs/knn_physchem_integrated_20261002_v2/knn_model.joblib,,,,knn_physchem_integrated_20261002_v2,ecoli50_random_20260928_v1,val,20260928,ok,,,,2.0.0,ecoli50_strength_v1
course_ecoli50_strength,ecoli50_r007259,34.57,155.297881834178,2.191165532264285,knn_physchem_full,log10,runs/knn_physchem_integrated_20261002_v2/knn_model.joblib,,,,knn_physchem_integrated_20261002_v2,ecoli50_random_20260928_v1,val,20260928,ok,,,,2.0.0,ecoli50_strength_v1
course_ecoli50_strength,ecoli50_r007271,259.37,147.53261611023044,2.1688880435738382,knn_physchem_full,log10,runs/knn_physchem_integrated_20261002_v2/knn_model.joblib,,,,knn_physchem_integrated_20261002_v2,ecoli50_random_20260928_v1,val,20260928,ok,,,,2.0.0,ecoli50_strength_v1
course_ecoli50_strength,ecoli50_r007280,187.87,222.9470932646989,2.34820181448634,knn_physchem_full,log10,runs/knn_physchem_integrated_20261002_v2/knn_model.joblib,,,,knn_physchem_integrated_20261002_v2,ecoli50_random_20260928_v1,val,20260928,ok,,,,2.0.0,ecoli50_strength_v1
course_ecoli50_strength,ecoli50_r007281,398.84,251.57950804336983,2.4006752635374355,knn_physchem_full,log10,runs/knn_physchem_integrated_20261002_v2/knn_model.joblib,,,,knn_physchem_integrated_20261002_v2,ecoli50_random_20260928_v1,val,20260928,ok,,,,2.0.0,ecoli50_strength_v1
course_ecoli50_strength,ecoli50_r007282,52.84,251.46044550849328,2.4004696806508328,knn_physchem_full,log10,runs/knn_physchem_integrated_20261002_v2/knn_model.joblib,,,,knn_physchem_integrated_20261002_v2,ecoli50_random_20260928_v1,val,20260928,ok,,,,2.0.0,ecoli50_strength_v1
course_ecoli50_strength,ecoli50_r007284,4116.16,197.2007277323341,2.2949085132905567,knn_physchem_full,log10,runs/knn_physchem_integrated_20261002_v2/knn_model.joblib,,,,knn_physchem_integrated_20261002_v2,ecoli50_random_20260928_v1,val,20260928,ok,,,,2.0.0,ecoli50_strength_v1
course_ecoli50_strength,ecoli50_r007286,1092.27,183.4183161275109,2.2634427020860324,knn_physchem_full,log10,runs/knn_physchem_integrated_20261002_v2/knn_model.joblib,,,,knn_physchem_integrated_20261002_v2,ecoli50_random_20260928_v1,val,20260928,ok,,,,2.0.0,ecoli50_strength_v1
course_ecoli50_strength,ecoli50_r007293,246.55,193.57832687378996,2.28685673186693,knn_physchem_full,log10,runs/knn_physchem_integrated_20261002_v2/knn_model.joblib,,,,knn_physchem_integrated_20261002_v2,ecoli50_random_20260928_v1,val,20260928,ok,,,,2.0.0,ecoli50_strength_v1
course_ecoli50_strength,ecoli50_r007302,27293.25,189.78898992483315,2.2782710144475247,knn_physchem_full,log10,runs/knn_physchem_integrated_20261002_v2/knn_model.joblib,,,,knn_physchem_integrated_20261002_v2,ecoli50_random_20260928_v1,val,20260928,ok,,,,2.0.0,ecoli50_strength_v1
course_ecoli50_strength,ecoli50_r007303,27437.57,182.24492654164865,2.2606554469728084,knn_physchem_full,log10,runs/knn_physchem_integrated_20261002_v2/knn_model.joblib,,,,knn_physchem_integrated_20261002_v2,ecoli50_random_20260928_v1,val,20260928,ok,,,,2.0.0,ecoli50_strength_v1
course_ecoli50_strength,ecoli50_r007313,49.29,164.71159710350628,2.216724178287825,knn_physchem_full,log10,runs/knn_physchem_integrated_20261002_v2/knn_model.joblib,,,,knn_physchem_integrated_20261002_v2,ecoli50_random_20260928_v1,val,20260928,ok,,,,2.0.0,ecoli50_strength_v1
course_ecoli50_strength,ecoli50_r007316,1063.75,182.2016820458336,2.2605523819665727,knn_physchem_full,log10,runs/knn_physchem_integrated_20261002_v2/knn_model.joblib,,,,knn_physchem_integrated_20261002_v2,ecoli50_random_20260928_v1,val,20260928,ok,,,,2.0.0,ecoli50_strength_v1
course_ecoli50_strength,ecoli50_r007323,159.56,147.0836742604965,2.167564470334216,knn_physchem_full,log10,runs/knn_physchem_integrated_20261002_v2/knn_model.joblib,,,,knn_physchem_integrated_20261002_v2,ecoli50_random_20260928_v1,val,20260928,ok,,,,2.0.0,ecoli50_strength_v1
course_ecoli50_strength,ecoli50_r007327,42.55,232.99850909852435,2.367353142088871,knn_physchem_full,log10,runs/knn_physchem_integrated_20261002_v2/knn_model.joblib,,,,knn_physchem_integrated_20261002_v2,ecoli50_random_20260928_v1,val,20260928,ok,,,,2.0.0,ecoli50_strength_v1
course_ecoli50_strength,ecoli50_r007333,89.09,160.36918704838314,2.2051209276616195,knn_physchem_full,log10,runs/knn_physchem_integrated_20261002_v2/knn_model.joblib,,,,knn_physchem_integrated_20261002_v2,ecoli50_random_20260928_v1,val,20260928,ok,,,,2.0.0,ecoli50_strength_v1
course_ecoli50_strength,ecoli50_r007360,813.45,240.883552198565,2.3818071468922013,knn_physchem_full,log10,runs/knn_physchem_integrated_20261002_v2/knn_model.joblib,,,,knn_physchem_integrated_20261002_v2,ecoli50_random_20260928_v1,val,20260928,ok,,,,2.0.0,ecoli50_strength_v1
course_ecoli50_strength,ecoli50_r007363,22.29,213.76691831933255,2.3299404964620387,knn_physchem_full,log10,runs/knn_physchem_integrated_20261002_v2/knn_model.joblib,,,,knn_physchem_integrated_20261002_v2,ecoli50_random_20260928_v1,val,20260928,ok,,,,2.0.0,ecoli50_strength_v1
course_ecoli50_strength,ecoli50_r007371,33431.24,155.97003180461942,2.1930411607123834,knn_physchem_full,log10,runs/knn_physchem_integrated_20261002_v2/knn_model.joblib,,,,knn_physchem_integrated_20261002_v2,ecoli50_random_20260928_v1,val,20260928,ok,,,,2.0.0,ecoli50_strength_v1
course_ecoli50_strength,ecoli50_r007376,594.37,162.67657608912046,2.211325023080657,knn_physchem_full,log10,runs/knn_physchem_integrated_20261002_v2/knn_model.joblib,,,,knn_physchem_integrated_20261002_v2,ecoli50_random_20260928_v1,val,20260928,ok,,,,2.0.0,ecoli50_strength_v1
course_ecoli50_strength,ecoli50_r007395,352.94,156.41111496784416,2.1942676118803623,knn_physchem_full,log10,runs/knn_physchem_integrated_20261002_v2/knn_model.joblib,,,,knn_physchem_integrated_20261002_v2,ecoli50_random_20260928_v1,val,20260928,ok,,,,2.0.0,ecoli50_strength_v1
course_ecoli50_strength,ecoli50_r007399,395.87,215.22015727895135,2.332882944434184,knn_physchem_full,log10,runs/knn_physchem_integrated_20261002_v2/knn_model.joblib,,,,knn_physchem_integrated_20261002_v2,ecoli50_random_20260928_v1,val,20260928,ok,,,,2.0.0,ecoli50_strength_v1
course_ecoli50_strength,ecoli50_r007402,59.44,184.800828208211,2.266703913233925,knn_physchem_full,log10,runs/knn_physchem_integrated_20261002_v2/knn_model.joblib,,,,knn_physchem_integrated_20261002_v2,ecoli50_random_20260928_v1,val,20260928,ok,,,,2.0.0,ecoli50_strength_v1
course_ecoli50_strength,ecoli50_r007405,176.48,211.2545776231433,2.324806128343302,knn_physchem_full,log10,runs/knn_physchem_integrated_20261002_v2/knn_model.joblib,,,,knn_physchem_integrated_20261002_v2,ecoli50_random_20260928_v1,val,20260928,ok,,,,2.0.0,ecoli50_strength_v1
course_ecoli50_strength,ecoli50_r007406,578.84,252.35763070968105,2.402016441326505,knn_physchem_full,log10,runs/knn_physchem_integrated_20261002_v2/knn_model.joblib,,,,knn_physchem_integrated_20261002_v2,ecoli50_random_20260928_v1,val,20260928,ok,,,,2.0.0,ecoli50_strength_v1
course_ecoli50_strength,ecoli50_r007417,105.68,248.8750793802089,2.3959814115563347,knn_physchem_full,log10,runs/knn_physchem_integrated_20261002_v2/knn_model.joblib,,,,knn_physchem_integrated_20261002_v2,ecoli50_random_20260928_v1,val,20260928,ok,,,,2.0.0,ecoli50_strength_v1
course_ecoli50_strength,ecoli50_r007420,126.28,240.08981917764805,2.380373744527198,knn_physchem_full,log10,runs/knn_physchem_integrated_20261002_v2/knn_model.joblib,,,,knn_physchem_integrated_20261002_v2,ecoli50_random_20260928_v1,val,20260928,ok,,,,2.0.0,ecoli50_strength_v1
course_ecoli50_strength,ecoli50_r007424,288.64,266.6682452830256,2.425971303206073,knn_physchem_full,log10,runs/knn_physchem_integrated_20261002_v2/knn_model.joblib,,,,knn_physchem_integrated_20261002_v2,ecoli50_random_20260928_v1,val,20260928,ok,,,,2.0.0,ecoli50_strength_v1
course_ecoli50_strength,ecoli50_r007434,221.98,227.2272715000242,2.356460453584771,knn_physchem_full,log10,runs/knn_physchem_integrated_20261002_v2/knn_model.joblib,,,,knn_physchem_integrated_20261002_v2,ecoli50_random_20260928_v1,val,20260928,ok,,,,2.0.0,ecoli50_strength_v1
course_ecoli50_strength,ecoli50_r007453,297.69,210.2847375963781,2.322807752866014,knn_physchem_full,log10,runs/knn_physchem_integrated_20261002_v2/knn_model.joblib,,,,knn_physchem_integrated_20261002_v2,ecoli50_random_20260928_v1,val,20260928,ok,,,,2.0.0,ecoli50_strength_v1
course_ecoli50_strength,ecoli50_r007467,329.76,247.51922192261452,2.393608931151486,knn_physchem_full,log10,runs/knn_physchem_integrated_20261002_v2/knn_model.joblib,,,,knn_physchem_integrated_20261002_v2,ecoli50_random_20260928_v1,val,20260928,ok,,,,2.0.0,ecoli50_strength_v1
course_ecoli50_strength,ecoli50_r007483,1887.83,220.71039542018087,2.3438227888358725,knn_physchem_full,log10,runs/knn_physchem_integrated_20261002_v2/knn_model.joblib,,,,knn_physchem_integrated_20261002_v2,ecoli50_random_20260928_v1,val,20260928,ok,,,,2.0.0,ecoli50_strength_v1
course_ecoli50_strength,ecoli50_r007490,34.11,155.67800026720107,2.1922272443111104,knn_physchem_full,log10,runs/knn_physchem_integrated_20261002_v2/knn_model.joblib,,,,knn_physchem_integrated_20261002_v2,ecoli50_random_20260928_v1,val,20260928,ok,,,,2.0.0,ecoli50_strength_v1
course_ecoli50_strength,ecoli50_r007496,204.85,189.66418504111263,2.2779853292676666,knn_physchem_full,log10,runs/knn_physchem_integrated_20261002_v2/knn_model.joblib,,,,knn_physchem_integrated_20261002_v2,ecoli50_random_20260928_v1,val,20260928,ok,,,,2.0.0,ecoli50_strength_v1
course_ecoli50_strength,ecoli50_r007506,31.87,216.90349079256845,2.3362665415012867,knn_physchem_full,log10,runs/knn_physchem_integrated_20261002_v2/knn_model.joblib,,,,knn_physchem_integrated_20261002_v2,ecoli50_random_20260928_v1,val,20260928,ok,,,,2.0.0,ecoli50_strength_v1
course_ecoli50_strength,ecoli50_r007516,60.13,149.3633984542309,2.174244186523296,knn_physchem_full,log10,runs/knn_physchem_integrated_20261002_v2/knn_model.joblib,,,,knn_physchem_integrated_20261002_v2,ecoli50_random_20260928_v1,val,20260928,ok,,,,2.0.0,ecoli50_strength_v1
course_ecoli50_strength,ecoli50_r007529,13.75,162.7386720876189,2.2114907679249725,knn_physchem_full,log10,runs/knn_physchem_integrated_20261002_v2/knn_model.joblib,,,,knn_physchem_integrated_20261002_v2,ecoli50_random_20260928_v1,val,20260928,ok,,,,2.0.0,ecoli50_strength_v1
course_ecoli50_strength,ecoli50_r007530,26.63,178.96279923151218,2.2527627641221657,knn_physchem_full,log10,runs/knn_physchem_integrated_20261002_v2/knn_model.joblib,,,,knn_physchem_integrated_20261002_v2,ecoli50_random_20260928_v1,val,20260928,ok,,,,2.0.0,ecoli50_strength_v1
course_ecoli50_strength,ecoli50_r007553,18198.88,242.97044906011052,2.385553456353273,knn_physchem_full,log10,runs/knn_physchem_integrated_20261002_v2/knn_model.joblib,,,,knn_physchem_integrated_20261002_v2,ecoli50_random_20260928_v1,val,20260928,ok,,,,2.0.0,ecoli50_strength_v1
course_ecoli50_strength,ecoli50_r007554,1002.39,219.9942784787329,2.342411386015723,knn_physchem_full,log10,runs/knn_physchem_integrated_20261002_v2/knn_model.joblib,,,,knn_physchem_integrated_20261002_v2,ecoli50_random_20260928_v1,val,20260928,ok,,,,2.0.0,ecoli50_strength_v1
course_ecoli50_strength,ecoli50_r007557,381.75,228.68249719548464,2.3592329260308555,knn_physchem_full,log10,runs/knn_physchem_integrated_20261002_v2/knn_model.joblib,,,,knn_physchem_integrated_20261002_v2,ecoli50_random_20260928_v1,val,20260928,ok,,,,2.0.0,ecoli50_strength_v1
course_ecoli50_strength,ecoli50_r007558,277.64,148.33696632968127,2.1712493929193277,knn_physchem_full,log10,runs/knn_physchem_integrated_20261002_v2/knn_model.joblib,,,,knn_physchem_integrated_20261002_v2,ecoli50_random_20260928_v1,val,20260928,ok,,,,2.0.0,ecoli50_strength_v1
course_ecoli50_strength,ecoli50_r007559,287.73,160.7844575294264,2.2062440647143937,knn_physchem_full,log10,runs/knn_physchem_integrated_20261002_v2/knn_model.joblib,,,,knn_physchem_integrated_20261002_v2,ecoli50_random_20260928_v1,val,20260928,ok,,,,2.0.0,ecoli50_strength_v1
course_ecoli50_strength,ecoli50_r007572,174.61,143.12255091639085,2.155708068189833,knn_physchem_full,log10,runs/knn_physchem_integrated_20261002_v2/knn_model.joblib,,,,knn_physchem_integrated_20261002_v2,ecoli50_random_20260928_v1,val,20260928,ok,,,,2.0.0,ecoli50_strength_v1
course_ecoli50_strength,ecoli50_r007579,699.42,237.1253564665029,2.374977996764695,knn_physchem_full,log10,runs/knn_physchem_integrated_20261002_v2/knn_model.joblib,,,,knn_physchem_integrated_20261002_v2,ecoli50_random_20260928_v1,val,20260928,ok,,,,2.0.0,ecoli50_strength_v1
course_ecoli50_strength,ecoli50_r007589,33.44,163.3933671375998,2.2132344226125085,knn_physchem_full,log10,runs/knn_physchem_integrated_20261002_v2/knn_model.joblib,,,,knn_physchem_integrated_20261002_v2,ecoli50_random_20260928_v1,val,20260928,ok,,,,2.0.0,ecoli50_strength_v1
course_ecoli50_strength,ecoli50_r007592,457.41,145.31460923090788,2.162309278368388,knn_physchem_full,log10,runs/knn_physchem_integrated_20261002_v2/knn_model.joblib,,,,knn_physchem_integrated_20261002_v2,ecoli50_random_20260928_v1,val,20260928,ok,,,,2.0.0,ecoli50_strength_v1
course_ecoli50_strength,ecoli50_r007595,169.04,162.6408674455724,2.2112296819471293,knn_physchem_full,log10,runs/knn_physchem_integrated_20261002_v2/knn_model.joblib,,,,knn_physchem_integrated_20261002_v2,ecoli50_random_20260928_v1,val,20260928,ok,,,,2.0.0,ecoli50_strength_v1
course_ecoli50_strength,ecoli50_r007599,15.79,248.2412905947326,2.394874020458456,knn_physchem_full,log10,runs/knn_physchem_integrated_20261002_v2/knn_model.joblib,,,,knn_physchem_integrated_20261002_v2,ecoli50_random_20260928_v1,val,20260928,ok,,,,2.0.0,ecoli50_strength_v1
course_ecoli50_strength,ecoli50_r007603,678.02,159.79000385320512,2.203549607223397,knn_physchem_full,log10,runs/knn_physchem_integrated_20261002_v2/knn_model.joblib,,,,knn_physchem_integrated_20261002_v2,ecoli50_random_20260928_v1,val,20260928,ok,,,,2.0.0,ecoli50_strength_v1
course_ecoli50_strength,ecoli50_r007611,140.56,173.81122874856763,2.2400778297997417,knn_physchem_full,log10,runs/knn_physchem_integrated_20261002_v2/knn_model.joblib,,,,knn_physchem_integrated_20261002_v2,ecoli50_random_20260928_v1,val,20260928,ok,,,,2.0.0,ecoli50_strength_v1
course_ecoli50_strength,ecoli50_r007619,114.67,154.60659010560605,2.1892280017783063,knn_physchem_full,log10,runs/knn_physchem_integrated_20261002_v2/knn_model.joblib,,,,knn_physchem_integrated_20261002_v2,ecoli50_random_20260928_v1,val,20260928,ok,,,,2.0.0,ecoli50_strength_v1
course_ecoli50_strength,ecoli50_r007626,94.7,209.62987978214585,2.3214531852756446,knn_physchem_full,log10,runs/knn_physchem_integrated_20261002_v2/knn_model.joblib,,,,knn_physchem_integrated_20261002_v2,ecoli50_random_20260928_v1,val,20260928,ok,,,,2.0.0,ecoli50_strength_v1
course_ecoli50_strength,ecoli50_r007633,92.88,176.06406780435174,2.2456707316255367,knn_physchem_full,log10,runs/knn_physchem_integrated_20261002_v2/knn_model.joblib,,,,knn_physchem_integrated_20261002_v2,ecoli50_random_20260928_v1,val,20260928,ok,,,,2.0.0,ecoli50_strength_v1
course_ecoli50_strength,ecoli50_r007639,150.33,222.24473716933463,2.3468314855235604,knn_physchem_full,log10,runs/knn_physchem_integrated_20261002_v2/knn_model.joblib,,,,knn_physchem_integrated_20261002_v2,ecoli50_random_20260928_v1,val,20260928,ok,,,,2.0.0,ecoli50_strength_v1
course_ecoli50_strength,ecoli50_r007641,130.82,183.0493107865562,2.262568098024111,knn_physchem_full,log10,runs/knn_physchem_integrated_20261002_v2/knn_model.joblib,,,,knn_physchem_integrated_20261002_v2,ecoli50_random_20260928_v1,val,20260928,ok,,,,2.0.0,ecoli50_strength_v1
course_ecoli50_strength,ecoli50_r007643,104.03,196.0532196456139,2.2923739788108866,knn_physchem_full,log10,runs/knn_physchem_integrated_20261002_v2/knn_model.joblib,,,,knn_physchem_integrated_20261002_v2,ecoli50_random_20260928_v1,val,20260928,ok,,,,2.0.0,ecoli50_strength_v1
course_ecoli50_strength,ecoli50_r007645,1904.27,168.65154011827929,2.226990311501005,knn_physchem_full,log10,runs/knn_physchem_integrated_20261002_v2/knn_model.joblib,,,,knn_physchem_integrated_20261002_v2,ecoli50_random_20260928_v1,val,20260928,ok,,,,2.0.0,ecoli50_strength_v1
course_ecoli50_strength,ecoli50_r007651,378.95,147.7915816800223,2.169649697022025,knn_physchem_full,log10,runs/knn_physchem_integrated_20261002_v2/knn_model.joblib,,,,knn_physchem_integrated_20261002_v2,ecoli50_random_20260928_v1,val,20260928,ok,,,,2.0.0,ecoli50_strength_v1
course_ecoli50_strength,ecoli50_r007657,30016.59,171.82275442190132,2.2350806767565685,knn_physchem_full,log10,runs/knn_physchem_integrated_20261002_v2/knn_model.joblib,,,,knn_physchem_integrated_20261002_v2,ecoli50_random_20260928_v1,val,20260928,ok,,,,2.0.0,ecoli50_strength_v1
course_ecoli50_strength,ecoli50_r007677,148.9,142.6489042793732,2.154268440085282,knn_physchem_full,log10,runs/knn_physchem_integrated_20261002_v2/knn_model.joblib,,,,knn_physchem_integrated_20261002_v2,ecoli50_random_20260928_v1,val,20260928,ok,,,,2.0.0,ecoli50_strength_v1
course_ecoli50_strength,ecoli50_r007684,222.82,154.5727023659289,2.189132799681897,knn_physchem_full,log10,runs/knn_physchem_integrated_20261002_v2/knn_model.joblib,,,,knn_physchem_integrated_20261002_v2,ecoli50_random_20260928_v1,val,20260928,ok,,,,2.0.0,ecoli50_strength_v1
course_ecoli50_strength,ecoli50_r007685,282.36,179.53884901172628,2.254158436679785,knn_physchem_full,log10,runs/knn_physchem_integrated_20261002_v2/knn_model.joblib,,,,knn_physchem_integrated_20261002_v2,ecoli50_random_20260928_v1,val,20260928,ok,,,,2.0.0,ecoli50_strength_v1
course_ecoli50_strength,ecoli50_r007705,4735.02,230.9096269598884,2.3634420396664235,knn_physchem_full,log10,runs/knn_physchem_integrated_20261002_v2/knn_model.joblib,,,,knn_physchem_integrated_20261002_v2,ecoli50_random_20260928_v1,val,20260928,ok,,,,2.0.0,ecoli50_strength_v1
course_ecoli50_strength,ecoli50_r007710,48.11,182.5745396994092,2.261440214386698,knn_physchem_full,log10,runs/knn_physchem_integrated_20261002_v2/knn_model.joblib,,,,knn_physchem_integrated_20261002_v2,ecoli50_random_20260928_v1,val,20260928,ok,,,,2.0.0,ecoli50_strength_v1
course_ecoli50_strength,ecoli50_r007713,3941.45,152.88492093819795,2.1843646529971825,knn_physchem_full,log10,runs/knn_physchem_integrated_20261002_v2/knn_model.joblib,,,,knn_physchem_integrated_20261002_v2,ecoli50_random_20260928_v1,val,20260928,ok,,,,2.0.0,ecoli50_strength_v1
course_ecoli50_strength,ecoli50_r007725,70.17,148.35247720775257,2.171294802615619,knn_physchem_full,log10,runs/knn_physchem_integrated_20261002_v2/knn_model.joblib,,,,knn_physchem_integrated_20261002_v2,ecoli50_random_20260928_v1,val,20260928,ok,,,,2.0.0,ecoli50_strength_v1
course_ecoli50_strength,ecoli50_r007726,160.63,145.50238484338564,2.162870111643813,knn_physchem_full,log10,runs/knn_physchem_integrated_20261002_v2/knn_model.joblib,,,,knn_physchem_integrated_20261002_v2,ecoli50_random_20260928_v1,val,20260928,ok,,,,2.0.0,ecoli50_strength_v1
course_ecoli50_strength,ecoli50_r007738,79.92,169.3918369679292,2.228892477746733,knn_physchem_full,log10,runs/knn_physchem_integrated_20261002_v2/knn_model.joblib,,,,knn_physchem_integrated_20261002_v2,ecoli50_random_20260928_v1,val,20260928,ok,,,,2.0.0,ecoli50_strength_v1
course_ecoli50_strength,ecoli50_r007741,30.81,158.71996805274446,2.2006315673950443,knn_physchem_full,log10,runs/knn_physchem_integrated_20261002_v2/knn_model.joblib,,,,knn_physchem_integrated_20261002_v2,ecoli50_random_20260928_v1,val,20260928,ok,,,,2.0.0,ecoli50_strength_v1
course_ecoli50_strength,ecoli50_r007752,39.89,147.48490938471153,2.1687475856956944,knn_physchem_full,log10,runs/knn_physchem_integrated_20261002_v2/knn_model.joblib,,,,knn_physchem_integrated_20261002_v2,ecoli50_random_20260928_v1,val,20260928,ok,,,,2.0.0,ecoli50_strength_v1
course_ecoli50_strength,ecoli50_r007757,268.39,179.05305521184223,2.2529817358495907,knn_physchem_full,log10,runs/knn_physchem_integrated_20261002_v2/knn_model.joblib,,,,knn_physchem_integrated_20261002_v2,ecoli50_random_20260928_v1,val,20260928,ok,,,,2.0.0,ecoli50_strength_v1
course_ecoli50_strength,ecoli50_r007761,39.89,148.18871257707562,2.170815125018616,knn_physchem_full,log10,runs/knn_physchem_integrated_20261002_v2/knn_model.joblib,,,,knn_physchem_integrated_20261002_v2,ecoli50_random_20260928_v1,val,20260928,ok,,,,2.0.0,ecoli50_strength_v1
course_ecoli50_strength,ecoli50_r007766,574.0,253.13721930504573,2.403356005096696,knn_physchem_full,log10,runs/knn_physchem_integrated_20261002_v2/knn_model.joblib,,,,knn_physchem_integrated_20261002_v2,ecoli50_random_20260928_v1,val,20260928,ok,,,,2.0.0,ecoli50_strength_v1
course_ecoli50_strength,ecoli50_r007768,151.86,170.97794116093672,2.2329400831989195,knn_physchem_full,log10,runs/knn_physchem_integrated_20261002_v2/knn_model.joblib,,,,knn_physchem_integrated_20261002_v2,ecoli50_random_20260928_v1,val,20260928,ok,,,,2.0.0,ecoli50_strength_v1
course_ecoli50_strength,ecoli50_r007770,98.45,185.28544255054703,2.267841299144464,knn_physchem_full,log10,runs/knn_physchem_integrated_20261002_v2/knn_model.joblib,,,,knn_physchem_integrated_20261002_v2,ecoli50_random_20260928_v1,val,20260928,ok,,,,2.0.0,ecoli50_strength_v1
course_ecoli50_strength,ecoli50_r007773,78.17,210.60115899350384,2.3234607568926693,knn_physchem_full,log10,runs/knn_physchem_integrated_20261002_v2/knn_model.joblib,,,,knn_physchem_integrated_20261002_v2,ecoli50_random_20260928_v1,val,20260928,ok,,,,2.0.0,ecoli50_strength_v1
course_ecoli50_strength,ecoli50_r007783,1955.8,243.057212031622,2.385708512055562,knn_physchem_full,log10,runs/knn_physchem_integrated_20261002_v2/knn_model.joblib,,,,knn_physchem_integrated_20261002_v2,ecoli50_random_20260928_v1,val,20260928,ok,,,,2.0.0,ecoli50_strength_v1
course_ecoli50_strength,ecoli50_r007784,47.16,216.4870408185573,2.3354319040637965,knn_physchem_full,log10,runs/knn_physchem_integrated_20261002_v2/knn_model.joblib,,,,knn_physchem_integrated_20261002_v2,ecoli50_random_20260928_v1,val,20260928,ok,,,,2.0.0,ecoli50_strength_v1
course_ecoli50_strength,ecoli50_r007786,77.46,146.48074802713234,2.165780549092837,knn_physchem_full,log10,runs/knn_physchem_integrated_20261002_v2/knn_model.joblib,,,,knn_physchem_integrated_20261002_v2,ecoli50_random_20260928_v1,val,20260928,ok,,,,2.0.0,ecoli50_strength_v1
course_ecoli50_strength,ecoli50_r007802,316.47,226.00102856695003,2.354110415695782,knn_physchem_full,log10,runs/knn_physchem_integrated_20261002_v2/knn_model.joblib,,,,knn_physchem_integrated_20261002_v2,ecoli50_random_20260928_v1,val,20260928,ok,,,,2.0.0,ecoli50_strength_v1
course_ecoli50_strength,ecoli50_r007812,4704.34,255.94531775269127,2.4081471890034,knn_physchem_full,log10,runs/knn_physchem_integrated_20261002_v2/knn_model.joblib,,,,knn_physchem_integrated_20261002_v2,ecoli50_random_20260928_v1,val,20260928,ok,,,,2.0.0,ecoli50_strength_v1
course_ecoli50_strength,ecoli50_r007814,161.61,205.8256971088089,2.313499594993293,knn_physchem_full,log10,runs/knn_physchem_integrated_20261002_v2/knn_model.joblib,,,,knn_physchem_integrated_20261002_v2,ecoli50_random_20260928_v1,val,20260928,ok,,,,2.0.0,ecoli50_strength_v1
course_ecoli50_strength,ecoli50_r007817,170.9,162.83474065668085,2.2117470668056898,knn_physchem_full,log10,runs/knn_physchem_integrated_20261002_v2/knn_model.joblib,,,,knn_physchem_integrated_20261002_v2,ecoli50_random_20260928_v1,val,20260928,ok,,,,2.0.0,ecoli50_strength_v1
course_ecoli50_strength,ecoli50_r007819,1719.83,202.17653801028985,2.3057307555879776,knn_physchem_full,log10,runs/knn_physchem_integrated_20261002_v2/knn_model.joblib,,,,knn_physchem_integrated_20261002_v2,ecoli50_random_20260928_v1,val,20260928,ok,,,,2.0.0,ecoli50_strength_v1
course_ecoli50_strength,ecoli50_r007820,52.01,209.40691366468087,2.3209910160097507,knn_physchem_full,log10,runs/knn_physchem_integrated_20261002_v2/knn_model.joblib,,,,knn_physchem_integrated_20261002_v2,ecoli50_random_20260928_v1,val,20260928,ok,,,,2.0.0,ecoli50_strength_v1
course_ecoli50_strength,ecoli50_r007823,98.45,181.80423442366583,2.2596039942072683,knn_physchem_full,log10,runs/knn_physchem_integrated_20261002_v2/knn_model.joblib,,,,knn_physchem_integrated_20261002_v2,ecoli50_random_20260928_v1,val,20260928,ok,,,,2.0.0,ecoli50_strength_v1
course_ecoli50_strength,ecoli50_r007830,611.66,157.0250975860613,2.1959690719762843,knn_physchem_full,log10,runs/knn_physchem_integrated_20261002_v2/knn_model.joblib,,,,knn_physchem_integrated_20261002_v2,ecoli50_random_20260928_v1,val,20260928,ok,,,,2.0.0,ecoli50_strength_v1
course_ecoli50_strength,ecoli50_r007848,156.35,246.84917616869265,2.392431682149077,knn_physchem_full,log10,runs/knn_physchem_integrated_20261002_v2/knn_model.joblib,,,,knn_physchem_integrated_20261002_v2,ecoli50_random_20260928_v1,val,20260928,ok,,,,2.0.0,ecoli50_strength_v1
course_ecoli50_strength,ecoli50_r007850,70.59,146.07521495945088,2.1645765340761587,knn_physchem_full,log10,runs/knn_physchem_integrated_20261002_v2/knn_model.joblib,,,,knn_physchem_integrated_20261002_v2,ecoli50_random_20260928_v1,val,20260928,ok,,,,2.0.0,ecoli50_strength_v1
course_ecoli50_strength,ecoli50_r007861,1023.54,218.8713293246026,2.340188875630908,knn_physchem_full,log10,runs/knn_physchem_integrated_20261002_v2/knn_model.joblib,,,,knn_physchem_integrated_20261002_v2,ecoli50_random_20260928_v1,val,20260928,ok,,,,2.0.0,ecoli50_strength_v1
course_ecoli50_strength,ecoli50_r007873,115.81,173.88261997210395,2.2402561752895336,knn_physchem_full,log10,runs/knn_physchem_integrated_20261002_v2/knn_model.joblib,,,,knn_physchem_integrated_20261002_v2,ecoli50_random_20260928_v1,val,20260928,ok,,,,2.0.0,ecoli50_strength_v1
course_ecoli50_strength,ecoli50_r007878,637.42,248.62476780155373,2.3955443905314824,knn_physchem_full,log10,runs/knn_physchem_integrated_20261002_v2/knn_model.joblib,,,,knn_physchem_integrated_20261002_v2,ecoli50_random_20260928_v1,val,20260928,ok,,,,2.0.0,ecoli50_strength_v1
course_ecoli50_strength,ecoli50_r007883,132.29,216.8444495088251,2.3361483101438085,knn_physchem_full,log10,runs/knn_physchem_integrated_20261002_v2/knn_model.joblib,,,,knn_physchem_integrated_20261002_v2,ecoli50_random_20260928_v1,val,20260928,ok,,,,2.0.0,ecoli50_strength_v1
course_ecoli50_strength,ecoli50_r007891,198.44,149.31003267852353,2.174088990514927,knn_physchem_full,log10,runs/knn_physchem_integrated_20261002_v2/knn_model.joblib,,,,knn_physchem_integrated_20261002_v2,ecoli50_random_20260928_v1,val,20260928,ok,,,,2.0.0,ecoli50_strength_v1
course_ecoli50_strength,ecoli50_r007899,286.07,149.31985414008753,2.174117557023179,knn_physchem_full,log10,runs/knn_physchem_integrated_20261002_v2/knn_model.joblib,,,,knn_physchem_integrated_20261002_v2,ecoli50_random_20260928_v1,val,20260928,ok,,,,2.0.0,ecoli50_strength_v1
course_ecoli50_strength,ecoli50_r007906,294.74,163.7916489229714,2.214291755060977,knn_physchem_full,log10,runs/knn_physchem_integrated_20261002_v2/knn_model.joblib,,,,knn_physchem_integrated_20261002_v2,ecoli50_random_20260928_v1,val,20260928,ok,,,,2.0.0,ecoli50_strength_v1
course_ecoli50_strength,ecoli50_r007907,471.83,148.91812949101944,2.172947572558237,knn_physchem_full,log10,runs/knn_physchem_integrated_20261002_v2/knn_model.joblib,,,,knn_physchem_integrated_20261002_v2,ecoli50_random_20260928_v1,val,20260928,ok,,,,2.0.0,ecoli50_strength_v1
course_ecoli50_strength,ecoli50_r007909,1304.9,240.1834445732497,2.380543068935862,knn_physchem_full,log10,runs/knn_physchem_integrated_20261002_v2/knn_model.joblib,,,,knn_physchem_integrated_20261002_v2,ecoli50_random_20260928_v1,val,20260928,ok,,,,2.0.0,ecoli50_strength_v1
course_ecoli50_strength,ecoli50_r007910,703.33,168.5666642277561,2.2267716926292827,knn_physchem_full,log10,runs/knn_physchem_integrated_20261002_v2/knn_model.joblib,,,,knn_physchem_integrated_20261002_v2,ecoli50_random_20260928_v1,val,20260928,ok,,,,2.0.0,ecoli50_strength_v1
course_ecoli50_strength,ecoli50_r007913,1363.48,174.04082448445033,2.240651132010929,knn_physchem_full,log10,runs/knn_physchem_integrated_20261002_v2/knn_model.joblib,,,,knn_physchem_integrated_20261002_v2,ecoli50_random_20260928_v1,val,20260928,ok,,,,2.0.0,ecoli50_strength_v1
course_ecoli50_strength,ecoli50_r007915,1672.39,197.6783284911797,2.295959060145307,knn_physchem_full,log10,runs/knn_physchem_integrated_20261002_v2/knn_model.joblib,,,,knn_physchem_integrated_20261002_v2,ecoli50_random_20260928_v1,val,20260928,ok,,,,2.0.0,ecoli50_strength_v1
course_ecoli50_strength,ecoli50_r007924,333.81,198.4557807614674,2.2976637538667224,knn_physchem_full,log10,runs/knn_physchem_integrated_20261002_v2/knn_model.joblib,,,,knn_physchem_integrated_20261002_v2,ecoli50_random_20260928_v1,val,20260928,ok,,,,2.0.0,ecoli50_strength_v1
course_ecoli50_strength,ecoli50_r007931,191.58,241.5919567756117,2.383082471397292,knn_physchem_full,log10,runs/knn_physchem_integrated_20261002_v2/knn_model.joblib,,,,knn_physchem_integrated_20261002_v2,ecoli50_random_20260928_v1,val,20260928,ok,,,,2.0.0,ecoli50_strength_v1
course_ecoli50_strength,ecoli50_r007935,63.07,152.4452951261254,2.183114025406599,knn_physchem_full,log10,runs/knn_physchem_integrated_20261002_v2/knn_model.joblib,,,,knn_physchem_integrated_20261002_v2,ecoli50_random_20260928_v1,val,20260928,ok,,,,2.0.0,ecoli50_strength_v1
course_ecoli50_strength,ecoli50_r007939,55013.7,184.9586220681363,2.267074581281774,knn_physchem_full,log10,runs/knn_physchem_integrated_20261002_v2/knn_model.joblib,,,,knn_physchem_integrated_20261002_v2,ecoli50_random_20260928_v1,val,20260928,ok,,,,2.0.0,ecoli50_strength_v1
course_ecoli50_strength,ecoli50_r007943,533.42,246.53678445209684,2.3918817272348,knn_physchem_full,log10,runs/knn_physchem_integrated_20261002_v2/knn_model.joblib,,,,knn_physchem_integrated_20261002_v2,ecoli50_random_20260928_v1,val,20260928,ok,,,,2.0.0,ecoli50_strength_v1
course_ecoli50_strength,ecoli50_r007947,63.37,215.68324964156545,2.3338164183027783,knn_physchem_full,log10,runs/knn_physchem_integrated_20261002_v2/knn_model.joblib,,,,knn_physchem_integrated_20261002_v2,ecoli50_random_20260928_v1,val,20260928,ok,,,,2.0.0,ecoli50_strength_v1
course_ecoli50_strength,ecoli50_r007953,29.31,237.88927229977423,2.376374857816757,knn_physchem_full,log10,runs/knn_physchem_integrated_20261002_v2/knn_model.joblib,,,,knn_physchem_integrated_20261002_v2,ecoli50_random_20260928_v1,val,20260928,ok,,,,2.0.0,ecoli50_strength_v1
course_ecoli50_strength,ecoli50_r007955,1218.59,243.87246129327,2.387162761430508,knn_physchem_full,log10,runs/knn_physchem_integrated_20261002_v2/knn_model.joblib,,,,knn_physchem_integrated_20261002_v2,ecoli50_random_20260928_v1,val,20260928,ok,,,,2.0.0,ecoli50_strength_v1
course_ecoli50_strength,ecoli50_r007957,219.74,245.65029855962877,2.3903172963060557,knn_physchem_full,log10,runs/knn_physchem_integrated_20261002_v2/knn_model.joblib,,,,knn_physchem_integrated_20261002_v2,ecoli50_random_20260928_v1,val,20260928,ok,,,,2.0.0,ecoli50_strength_v1
course_ecoli50_strength,ecoli50_r007962,271.74,246.98760366492348,2.392675156518692,knn_physchem_full,log10,runs/knn_physchem_integrated_20261002_v2/knn_model.joblib,,,,knn_physchem_integrated_20261002_v2,ecoli50_random_20260928_v1,val,20260928,ok,,,,2.0.0,ecoli50_strength_v1
course_ecoli50_strength,ecoli50_r007969,11309.07,152.488440905314,2.1832369240677174,knn_physchem_full,log10,runs/knn_physchem_integrated_20261002_v2/knn_model.joblib,,,,knn_physchem_integrated_20261002_v2,ecoli50_random_20260928_v1,val,20260928,ok,,,,2.0.0,ecoli50_strength_v1
course_ecoli50_strength,ecoli50_r007971,80.52,142.47399876610723,2.153735613658624,knn_physchem_full,log10,runs/knn_physchem_integrated_20261002_v2/knn_model.joblib,,,,knn_physchem_integrated_20261002_v2,ecoli50_random_20260928_v1,val,20260928,ok,,,,2.0.0,ecoli50_strength_v1
course_ecoli50_strength,ecoli50_r007978,216.68,156.8775284164903,2.195560738464831,knn_physchem_full,log10,runs/knn_physchem_integrated_20261002_v2/knn_model.joblib,,,,knn_physchem_integrated_20261002_v2,ecoli50_random_20260928_v1,val,20260928,ok,,,,2.0.0,ecoli50_strength_v1
course_ecoli50_strength,ecoli50_r007987,63.74,250.5351346460231,2.3988686392368286,knn_physchem_full,log10,runs/knn_physchem_integrated_20261002_v2/knn_model.joblib,,,,knn_physchem_integrated_20261002_v2,ecoli50_random_20260928_v1,val,20260928,ok,,,,2.0.0,ecoli50_strength_v1
course_ecoli50_strength,ecoli50_r008000,69.14,143.462658725108,2.156738875146733,knn_physchem_full,log10,runs/knn_physchem_integrated_20261002_v2/knn_model.joblib,,,,knn_physchem_integrated_20261002_v2,ecoli50_random_20260928_v1,val,20260928,ok,,,,2.0.0,ecoli50_strength_v1
course_ecoli50_strength,ecoli50_r008013,33.44,153.06484424222734,2.1848754538933206,knn_physchem_full,log10,runs/knn_physchem_integrated_20261002_v2/knn_model.joblib,,,,knn_physchem_integrated_20261002_v2,ecoli50_random_20260928_v1,val,20260928,ok,,,,2.0.0,ecoli50_strength_v1
course_ecoli50_strength,ecoli50_r008023,14809.92,189.6583421360937,2.2779719499335838,knn_physchem_full,log10,runs/knn_physchem_integrated_20261002_v2/knn_model.joblib,,,,knn_physchem_integrated_20261002_v2,ecoli50_random_20260928_v1,val,20260928,ok,,,,2.0.0,ecoli50_strength_v1
course_ecoli50_strength,ecoli50_r008026,262.71,258.9112191820076,2.413150869759976,knn_physchem_full,log10,runs/knn_physchem_integrated_20261002_v2/knn_model.joblib,,,,knn_physchem_integrated_20261002_v2,ecoli50_random_20260928_v1,val,20260928,ok,,,,2.0.0,ecoli50_strength_v1
course_ecoli50_strength,ecoli50_r008031,79.78,161.93039947304635,2.209328387259067,knn_physchem_full,log10,runs/knn_physchem_integrated_20261002_v2/knn_model.joblib,,,,knn_physchem_integrated_20261002_v2,ecoli50_random_20260928_v1,val,20260928,ok,,,,2.0.0,ecoli50_strength_v1
course_ecoli50_strength,ecoli50_r008042,47.16,148.48060453630126,2.1716697271011154,knn_physchem_full,log10,runs/knn_physchem_integrated_20261002_v2/knn_model.joblib,,,,knn_physchem_integrated_20261002_v2,ecoli50_random_20260928_v1,val,20260928,ok,,,,2.0.0,ecoli50_strength_v1
course_ecoli50_strength,ecoli50_r008045,70.74,201.8849098489692,2.305103858249012,knn_physchem_full,log10,runs/knn_physchem_integrated_20261002_v2/knn_model.joblib,,,,knn_physchem_integrated_20261002_v2,ecoli50_random_20260928_v1,val,20260928,ok,,,,2.0.0,ecoli50_strength_v1
course_ecoli50_strength,ecoli50_r008049,101.24,144.84758476324214,2.160911258029657,knn_physchem_full,log10,runs/knn_physchem_integrated_20261002_v2/knn_model.joblib,,,,knn_physchem_integrated_20261002_v2,ecoli50_random_20260928_v1,val,20260928,ok,,,,2.0.0,ecoli50_strength_v1
course_ecoli50_strength,ecoli50_r008061,91.7,173.49651328437045,2.239290751308024,knn_physchem_full,log10,runs/knn_physchem_integrated_20261002_v2/knn_model.joblib,,,,knn_physchem_integrated_20261002_v2,ecoli50_random_20260928_v1,val,20260928,ok,,,,2.0.0,ecoli50_strength_v1
course_ecoli50_strength,ecoli50_r008075,81.73,260.3075847208832,2.4154868225634667,knn_physchem_full,log10,runs/knn_physchem_integrated_20261002_v2/knn_model.joblib,,,,knn_physchem_integrated_20261002_v2,ecoli50_random_20260928_v1,val,20260928,ok,,,,2.0.0,ecoli50_strength_v1
course_ecoli50_strength,ecoli50_r008078,412.39,173.98694560126498,2.240516663995117,knn_physchem_full,log10,runs/knn_physchem_integrated_20261002_v2/knn_model.joblib,,,,knn_physchem_integrated_20261002_v2,ecoli50_random_20260928_v1,val,20260928,ok,,,,2.0.0,ecoli50_strength_v1
course_ecoli50_strength,ecoli50_r008085,73.69,147.29940807923637,2.1682010016393867,knn_physchem_full,log10,runs/knn_physchem_integrated_20261002_v2/knn_model.joblib,,,,knn_physchem_integrated_20261002_v2,ecoli50_random_20260928_v1,val,20260928,ok,,,,2.0.0,ecoli50_strength_v1
course_ecoli50_strength,ecoli50_r008091,33.44,199.5009889186724,2.2999450528090226,knn_physchem_full,log10,runs/knn_physchem_integrated_20261002_v2/knn_model.joblib,,,,knn_physchem_integrated_20261002_v2,ecoli50_random_20260928_v1,val,20260928,ok,,,,2.0.0,ecoli50_strength_v1
course_ecoli50_strength,ecoli50_r008093,222.5,170.94127983183353,2.2328469511840328,knn_physchem_full,log10,runs/knn_physchem_integrated_20261002_v2/knn_model.joblib,,,,knn_physchem_integrated_20261002_v2,ecoli50_random_20260928_v1,val,20260928,ok,,,,2.0.0,ecoli50_strength_v1
course_ecoli50_strength,ecoli50_r008094,2303.13,241.17738184626265,2.382336576270961,knn_physchem_full,log10,runs/knn_physchem_integrated_20261002_v2/knn_model.joblib,,,,knn_physchem_integrated_20261002_v2,ecoli50_random_20260928_v1,val,20260928,ok,,,,2.0.0,ecoli50_strength_v1
course_ecoli50_strength,ecoli50_r008100,263.28,205.7599853138919,2.3133609202463834,knn_physchem_full,log10,runs/knn_physchem_integrated_20261002_v2/knn_model.joblib,,,,knn_physchem_integrated_20261002_v2,ecoli50_random_20260928_v1,val,20260928,ok,,,,2.0.0,ecoli50_strength_v1
course_ecoli50_strength,ecoli50_r008102,269.97,161.85329314436035,2.20912154019132,knn_physchem_full,log10,runs/knn_physchem_integrated_20261002_v2/knn_model.joblib,,,,knn_physchem_integrated_20261002_v2,ecoli50_random_20260928_v1,val,20260928,ok,,,,2.0.0,ecoli50_strength_v1
course_ecoli50_strength,ecoli50_r008123,276.58,220.36285118406977,2.3431383828948658,knn_physchem_full,log10,runs/knn_physchem_integrated_20261002_v2/knn_model.joblib,,,,knn_physchem_integrated_20261002_v2,ecoli50_random_20260928_v1,val,20260928,ok,,,,2.0.0,ecoli50_strength_v1
course_ecoli50_strength,ecoli50_r008129,216.48,176.1196042233304,2.2458077008403112,knn_physchem_full,log10,runs/knn_physchem_integrated_20261002_v2/knn_model.joblib,,,,knn_physchem_integrated_20261002_v2,ecoli50_random_20260928_v1,val,20260928,ok,,,,2.0.0,ecoli50_strength_v1
course_ecoli50_strength,ecoli50_r008134,50.32,168.71526245203071,2.2271543718533606,knn_physchem_full,log10,runs/knn_physchem_integrated_20261002_v2/knn_model.joblib,,,,knn_physchem_integrated_20261002_v2,ecoli50_random_20260928_v1,val,20260928,ok,,,,2.0.0,ecoli50_strength_v1
course_ecoli50_strength,ecoli50_r008149,596.27,168.91767967066582,2.227675107129219,knn_physchem_full,log10,runs/knn_physchem_integrated_20261002_v2/knn_model.joblib,,,,knn_physchem_integrated_20261002_v2,ecoli50_random_20260928_v1,val,20260928,ok,,,,2.0.0,ecoli50_strength_v1
course_ecoli50_strength,ecoli50_r008161,112.0,175.76204728241387,2.244925102619082,knn_physchem_full,log10,runs/knn_physchem_integrated_20261002_v2/knn_model.joblib,,,,knn_physchem_integrated_20261002_v2,ecoli50_random_20260928_v1,val,20260928,ok,,,,2.0.0,ecoli50_strength_v1
course_ecoli50_strength,ecoli50_r008167,50.16,209.52246101637604,2.321230586598709,knn_physchem_full,log10,runs/knn_physchem_integrated_20261002_v2/knn_model.joblib,,,,knn_physchem_integrated_20261002_v2,ecoli50_random_20260928_v1,val,20260928,ok,,,,2.0.0,ecoli50_strength_v1
course_ecoli50_strength,ecoli50_r008168,54.12,194.91075334782693,2.289835800076032,knn_physchem_full,log10,runs/knn_physchem_integrated_20261002_v2/knn_model.joblib,,,,knn_physchem_integrated_20261002_v2,ecoli50_random_20260928_v1,val,20260928,ok,,,,2.0.0,ecoli50_strength_v1
course_ecoli50_strength,ecoli50_r008178,106.11,143.8904183281456,2.1580318752030387,knn_physchem_full,log10,runs/knn_physchem_integrated_20261002_v2/knn_model.joblib,,,,knn_physchem_integrated_20261002_v2,ecoli50_random_20260928_v1,val,20260928,ok,,,,2.0.0,ecoli50_strength_v1
course_ecoli50_strength,ecoli50_r008182,55.73,180.09926344680747,2.255511936686045,knn_physchem_full,log10,runs/knn_physchem_integrated_20261002_v2/knn_model.joblib,,,,knn_physchem_integrated_20261002_v2,ecoli50_random_20260928_v1,val,20260928,ok,,,,2.0.0,ecoli50_strength_v1
course_ecoli50_strength,ecoli50_r008187,67.1,265.7517132203449,2.424476072968594,knn_physchem_full,log10,runs/knn_physchem_integrated_20261002_v2/knn_model.joblib,,,,knn_physchem_integrated_20261002_v2,ecoli50_random_20260928_v1,val,20260928,ok,,,,2.0.0,ecoli50_strength_v1
course_ecoli50_strength,ecoli50_r008197,2948.9,152.98078415729472,2.1846368827224563,knn_physchem_full,log10,runs/knn_physchem_integrated_20261002_v2/knn_model.joblib,,,,knn_physchem_integrated_20261002_v2,ecoli50_random_20260928_v1,val,20260928,ok,,,,2.0.0,ecoli50_strength_v1
course_ecoli50_strength,ecoli50_r008200,59.44,179.95774930139163,2.255170552885958,knn_physchem_full,log10,runs/knn_physchem_integrated_20261002_v2/knn_model.joblib,,,,knn_physchem_integrated_20261002_v2,ecoli50_random_20260928_v1,val,20260928,ok,,,,2.0.0,ecoli50_strength_v1
course_ecoli50_strength,ecoli50_r008216,162.54,154.23807293192002,2.188191590467848,knn_physchem_full,log10,runs/knn_physchem_integrated_20261002_v2/knn_model.joblib,,,,knn_physchem_integrated_20261002_v2,ecoli50_random_20260928_v1,val,20260928,ok,,,,2.0.0,ecoli50_strength_v1
course_ecoli50_strength,ecoli50_r008221,19.65,169.52007599834212,2.2292211384033824,knn_physchem_full,log10,runs/knn_physchem_integrated_20261002_v2/knn_model.joblib,,,,knn_physchem_integrated_20261002_v2,ecoli50_random_20260928_v1,val,20260928,ok,,,,2.0.0,ecoli50_strength_v1
course_ecoli50_strength,ecoli50_r008225,117.01,154.820925000413,2.189829657884743,knn_physchem_full,log10,runs/knn_physchem_integrated_20261002_v2/knn_model.joblib,,,,knn_physchem_integrated_20261002_v2,ecoli50_random_20260928_v1,val,20260928,ok,,,,2.0.0,ecoli50_strength_v1
course_ecoli50_strength,ecoli50_r008239,2095.37,216.2982706349905,2.3350530471474444,knn_physchem_full,log10,runs/knn_physchem_integrated_20261002_v2/knn_model.joblib,,,,knn_physchem_integrated_20261002_v2,ecoli50_random_20260928_v1,val,20260928,ok,,,,2.0.0,ecoli50_strength_v1
course_ecoli50_strength,ecoli50_r008241,95.91,150.18380050879003,2.1766230902642847,knn_physchem_full,log10,runs/knn_physchem_integrated_20261002_v2/knn_model.joblib,,,,knn_physchem_integrated_20261002_v2,ecoli50_random_20260928_v1,val,20260928,ok,,,,2.0.0,ecoli50_strength_v1
course_ecoli50_strength,ecoli50_r008245,253.48,164.9527832211475,2.217359647722459,knn_physchem_full,log10,runs/knn_physchem_integrated_20261002_v2/knn_model.joblib,,,,knn_physchem_integrated_20261002_v2,ecoli50_random_20260928_v1,val,20260928,ok,,,,2.0.0,ecoli50_strength_v1
course_ecoli50_strength,ecoli50_r008251,91.37,161.99622992551184,2.2095049074957247,knn_physchem_full,log10,runs/knn_physchem_integrated_20261002_v2/knn_model.joblib,,,,knn_physchem_integrated_20261002_v2,ecoli50_random_20260928_v1,val,20260928,ok,,,,2.0.0,ecoli50_strength_v1
course_ecoli50_strength,ecoli50_r008252,85.48,154.50887913688527,2.188953442009077,knn_physchem_full,log10,runs/knn_physchem_integrated_20261002_v2/knn_model.joblib,,,,knn_physchem_integrated_20261002_v2,ecoli50_random_20260928_v1,val,20260928,ok,,,,2.0.0,ecoli50_strength_v1
course_ecoli50_strength,ecoli50_r008254,93.94,157.46604660826057,2.197186924091791,knn_physchem_full,log10,runs/knn_physchem_integrated_20261002_v2/knn_model.joblib,,,,knn_physchem_integrated_20261002_v2,ecoli50_random_20260928_v1,val,20260928,ok,,,,2.0.0,ecoli50_strength_v1
course_ecoli50_strength,ecoli50_r008260,1683.75,161.65191119225503,2.208580843592447,knn_physchem_full,log10,runs/knn_physchem_integrated_20261002_v2/knn_model.joblib,,,,knn_physchem_integrated_20261002_v2,ecoli50_random_20260928_v1,val,20260928,ok,,,,2.0.0,ecoli50_strength_v1
course_ecoli50_strength,ecoli50_r008278,126.28,153.70075649764584,2.186676005053061,knn_physchem_full,log10,runs/knn_physchem_integrated_20261002_v2/knn_model.joblib,,,,knn_physchem_integrated_20261002_v2,ecoli50_random_20260928_v1,val,20260928,ok,,,,2.0.0,ecoli50_strength_v1
course_ecoli50_strength,ecoli50_r008280,103.72,155.5975257564616,2.192002686748406,knn_physchem_full,log10,runs/knn_physchem_integrated_20261002_v2/knn_model.joblib,,,,knn_physchem_integrated_20261002_v2,ecoli50_random_20260928_v1,val,20260928,ok,,,,2.0.0,ecoli50_strength_v1
course_ecoli50_strength,ecoli50_r008283,29.72,218.0099263818248,2.3384762682592246,knn_physchem_full,log10,runs/knn_physchem_integrated_20261002_v2/knn_model.joblib,,,,knn_physchem_integrated_20261002_v2,ecoli50_random_20260928_v1,val,20260928,ok,,,,2.0.0,ecoli50_strength_v1
course_ecoli50_strength,ecoli50_r008284,11996.02,193.1260482487166,2.285840854036989,knn_physchem_full,log10,runs/knn_physchem_integrated_20261002_v2/knn_model.joblib,,,,knn_physchem_integrated_20261002_v2,ecoli50_random_20260928_v1,val,20260928,ok,,,,2.0.0,ecoli50_strength_v1
course_ecoli50_strength,ecoli50_r008298,258.58,252.77800417683645,2.402739280527152,knn_physchem_full,log10,runs/knn_physchem_integrated_20261002_v2/knn_model.joblib,,,,knn_physchem_integrated_20261002_v2,ecoli50_random_20260928_v1,val,20260928,ok,,,,2.0.0,ecoli50_strength_v1
course_ecoli50_strength,ecoli50_r008301,26.59,240.70062842286967,2.381477224135555,knn_physchem_full,log10,runs/knn_physchem_integrated_20261002_v2/knn_model.joblib,,,,knn_physchem_integrated_20261002_v2,ecoli50_random_20260928_v1,val,20260928,ok,,,,2.0.0,ecoli50_strength_v1
course_ecoli50_strength,ecoli50_r008303,233.43,150.82611312015092,2.178476539161029,knn_physchem_full,log10,runs/knn_physchem_integrated_20261002_v2/knn_model.joblib,,,,knn_physchem_integrated_20261002_v2,ecoli50_random_20260928_v1,val,20260928,ok,,,,2.0.0,ecoli50_strength_v1
course_ecoli50_strength,ecoli50_r008305,72.21,156.2190046455529,2.1937338663571064,knn_physchem_full,log10,runs/knn_physchem_integrated_20261002_v2/knn_model.joblib,,,,knn_physchem_integrated_20261002_v2,ecoli50_random_20260928_v1,val,20260928,ok,,,,2.0.0,ecoli50_strength_v1
course_ecoli50_strength,ecoli50_r008312,270.9,140.97809071963022,2.149151624578119,knn_physchem_full,log10,runs/knn_physchem_integrated_20261002_v2/knn_model.joblib,,,,knn_physchem_integrated_20261002_v2,ecoli50_random_20260928_v1,val,20260928,ok,,,,2.0.0,ecoli50_strength_v1
course_ecoli50_strength,ecoli50_r008323,2020.07,197.35045604831583,2.2952381343243298,knn_physchem_full,log10,runs/knn_physchem_integrated_20261002_v2/knn_model.joblib,,,,knn_physchem_integrated_20261002_v2,ecoli50_random_20260928_v1,val,20260928,ok,,,,2.0.0,ecoli50_strength_v1
course_ecoli50_strength,ecoli50_r008324,811.81,190.3826112220602,2.2796272791578382,knn_physchem_full,log10,runs/knn_physchem_integrated_20261002_v2/knn_model.joblib,,,,knn_physchem_integrated_20261002_v2,ecoli50_random_20260928_v1,val,20260928,ok,,,,2.0.0,ecoli50_strength_v1
course_ecoli50_strength,ecoli50_r008339,139.7,241.49697195649836,2.3829116896596707,knn_physchem_full,log10,runs/knn_physchem_integrated_20261002_v2/knn_model.joblib,,,,knn_physchem_integrated_20261002_v2,ecoli50_random_20260928_v1,val,20260928,ok,,,,2.0.0,ecoli50_strength_v1
course_ecoli50_strength,ecoli50_r008349,662.58,187.04578183594708,2.2719479186500853,knn_physchem_full,log10,runs/knn_physchem_integrated_20261002_v2/knn_model.joblib,,,,knn_physchem_integrated_20261002_v2,ecoli50_random_20260928_v1,val,20260928,ok,,,,2.0.0,ecoli50_strength_v1
course_ecoli50_strength,ecoli50_r008352,126.32,222.94949465595536,2.3482064923017787,knn_physchem_full,log10,runs/knn_physchem_integrated_20261002_v2/knn_model.joblib,,,,knn_physchem_integrated_20261002_v2,ecoli50_random_20260928_v1,val,20260928,ok,,,,2.0.0,ecoli50_strength_v1
course_ecoli50_strength,ecoli50_r008357,1404.75,210.03011247398695,2.322281564942283,knn_physchem_full,log10,runs/knn_physchem_integrated_20261002_v2/knn_model.joblib,,,,knn_physchem_integrated_20261002_v2,ecoli50_random_20260928_v1,val,20260928,ok,,,,2.0.0,ecoli50_strength_v1
course_ecoli50_strength,ecoli50_r008379,33.6,210.75446949288963,2.323776793524616,knn_physchem_full,log10,runs/knn_physchem_integrated_20261002_v2/knn_model.joblib,,,,knn_physchem_integrated_20261002_v2,ecoli50_random_20260928_v1,val,20260928,ok,,,,2.0.0,ecoli50_strength_v1
course_ecoli50_strength,ecoli50_r008380,806.28,167.6390694891188,2.22437524153867,knn_physchem_full,log10,runs/knn_physchem_integrated_20261002_v2/knn_model.joblib,,,,knn_physchem_integrated_20261002_v2,ecoli50_random_20260928_v1,val,20260928,ok,,,,2.0.0,ecoli50_strength_v1
course_ecoli50_strength,ecoli50_r008383,108.24,153.28848912493314,2.1855095436526955,knn_physchem_full,log10,runs/knn_physchem_integrated_20261002_v2/knn_model.joblib,,,,knn_physchem_integrated_20261002_v2,ecoli50_random_20260928_v1,val,20260928,ok,,,,2.0.0,ecoli50_strength_v1
course_ecoli50_strength,ecoli50_r008401,320.08,214.87894477158403,2.3321938625947283,knn_physchem_full,log10,runs/knn_physchem_integrated_20261002_v2/knn_model.joblib,,,,knn_physchem_integrated_20261002_v2,ecoli50_random_20260928_v1,val,20260928,ok,,,,2.0.0,ecoli50_strength_v1
course_ecoli50_strength,ecoli50_r008409,39.01,156.14768814799345,2.193535558646256,knn_physchem_full,log10,runs/knn_physchem_integrated_20261002_v2/knn_model.joblib,,,,knn_physchem_integrated_20261002_v2,ecoli50_random_20260928_v1,val,20260928,ok,,,,2.0.0,ecoli50_strength_v1
course_ecoli50_strength,ecoli50_r008413,231.78,195.32655910272237,2.290761299547628,knn_physchem_full,log10,runs/knn_physchem_integrated_20261002_v2/knn_model.joblib,,,,knn_physchem_integrated_20261002_v2,ecoli50_random_20260928_v1,val,20260928,ok,,,,2.0.0,ecoli50_strength_v1
course_ecoli50_strength,ecoli50_r008416,114.62,242.3640188735508,2.384468145343454,knn_physchem_full,log10,runs/knn_physchem_integrated_20261002_v2/knn_model.joblib,,,,knn_physchem_integrated_20261002_v2,ecoli50_random_20260928_v1,val,20260928,ok,,,,2.0.0,ecoli50_strength_v1
course_ecoli50_strength,ecoli50_r008429,239.63,163.53226383218072,2.2136034488736898,knn_physchem_full,log10,runs/knn_physchem_integrated_20261002_v2/knn_model.joblib,,,,knn_physchem_integrated_20261002_v2,ecoli50_random_20260928_v1,val,20260928,ok,,,,2.0.0,ecoli50_strength_v1
course_ecoli50_strength,ecoli50_r008437,50.32,248.7157108184009,2.3957032195531385,knn_physchem_full,log10,runs/knn_physchem_integrated_20261002_v2/knn_model.joblib,,,,knn_physchem_integrated_20261002_v2,ecoli50_random_20260928_v1,val,20260928,ok,,,,2.0.0,ecoli50_strength_v1
course_ecoli50_strength,ecoli50_r008438,110.71,243.36008466009704,2.3862493477912974,knn_physchem_full,log10,runs/knn_physchem_integrated_20261002_v2/knn_model.joblib,,,,knn_physchem_integrated_20261002_v2,ecoli50_random_20260928_v1,val,20260928,ok,,,,2.0.0,ecoli50_strength_v1
course_ecoli50_strength,ecoli50_r008440,156.35,239.9926467877305,2.38019793542646,knn_physchem_full,log10,runs/knn_physchem_integrated_20261002_v2/knn_model.joblib,,,,knn_physchem_integrated_20261002_v2,ecoli50_random_20260928_v1,val,20260928,ok,,,,2.0.0,ecoli50_strength_v1
course_ecoli50_strength,ecoli50_r008446,680.5,142.81764183057965,2.1547818578353626,knn_physchem_full,log10,runs/knn_physchem_integrated_20261002_v2/knn_model.joblib,,,,knn_physchem_integrated_20261002_v2,ecoli50_random_20260928_v1,val,20260928,ok,,,,2.0.0,ecoli50_strength_v1
course_ecoli50_strength,ecoli50_r008447,194.58,240.06129436110345,2.3803221433954382,knn_physchem_full,log10,runs/knn_physchem_integrated_20261002_v2/knn_model.joblib,,,,knn_physchem_integrated_20261002_v2,ecoli50_random_20260928_v1,val,20260928,ok,,,,2.0.0,ecoli50_strength_v1
course_ecoli50_strength,ecoli50_r008450,83.87,220.10171980394907,2.3426234360038114,knn_physchem_full,log10,runs/knn_physchem_integrated_20261002_v2/knn_model.joblib,,,,knn_physchem_integrated_20261002_v2,ecoli50_random_20260928_v1,val,20260928,ok,,,,2.0.0,ecoli50_strength_v1
course_ecoli50_strength,ecoli50_r008458,50.11,232.2368747592896,2.3659311785077044,knn_physchem_full,log10,runs/knn_physchem_integrated_20261002_v2/knn_model.joblib,,,,knn_physchem_integrated_20261002_v2,ecoli50_random_20260928_v1,val,20260928,ok,,,,2.0.0,ecoli50_strength_v1
course_ecoli50_strength,ecoli50_r008459,48.11,150.99836757892322,2.178972252224971,knn_physchem_full,log10,runs/knn_physchem_integrated_20261002_v2/knn_model.joblib,,,,knn_physchem_integrated_20261002_v2,ecoli50_random_20260928_v1,val,20260928,ok,,,,2.0.0,ecoli50_strength_v1
course_ecoli50_strength,ecoli50_r008470,128.29,221.14951894161405,2.3446859990018933,knn_physchem_full,log10,runs/knn_physchem_integrated_20261002_v2/knn_model.joblib,,,,knn_physchem_integrated_20261002_v2,ecoli50_random_20260928_v1,val,20260928,ok,,,,2.0.0,ecoli50_strength_v1
course_ecoli50_strength,ecoli50_r008474,1114.28,152.21868420755317,2.1824679635397537,knn_physchem_full,log10,runs/knn_physchem_integrated_20261002_v2/knn_model.joblib,,,,knn_physchem_integrated_20261002_v2,ecoli50_random_20260928_v1,val,20260928,ok,,,,2.0.0,ecoli50_strength_v1
course_ecoli50_strength,ecoli50_r008476,102.17,154.96774048215175,2.190241300823657,knn_physchem_full,log10,runs/knn_physchem_integrated_20261002_v2/knn_model.joblib,,,,knn_physchem_integrated_20261002_v2,ecoli50_random_20260928_v1,val,20260928,ok,,,,2.0.0,ecoli50_strength_v1
course_ecoli50_strength,ecoli50_r008483,137.46,216.1820781356272,2.3348196873535505,knn_physchem_full,log10,runs/knn_physchem_integrated_20261002_v2/knn_model.joblib,,,,knn_physchem_integrated_20261002_v2,ecoli50_random_20260928_v1,val,20260928,ok,,,,2.0.0,ecoli50_strength_v1
course_ecoli50_strength,ecoli50_r008489,98.74,166.85573303560798,2.222341133274026,knn_physchem_full,log10,runs/knn_physchem_integrated_20261002_v2/knn_model.joblib,,,,knn_physchem_integrated_20261002_v2,ecoli50_random_20260928_v1,val,20260928,ok,,,,2.0.0,ecoli50_strength_v1
course_ecoli50_strength,ecoli50_r008496,433.48,152.68798381923833,2.1838048604595834,knn_physchem_full,log10,runs/knn_physchem_integrated_20261002_v2/knn_model.joblib,,,,knn_physchem_integrated_20261002_v2,ecoli50_random_20260928_v1,val,20260928,ok,,,,2.0.0,ecoli50_strength_v1
course_ecoli50_strength,ecoli50_r008497,126.74,185.15173087890912,2.267527776378145,knn_physchem_full,log10,runs/knn_physchem_integrated_20261002_v2/knn_model.joblib,,,,knn_physchem_integrated_20261002_v2,ecoli50_random_20260928_v1,val,20260928,ok,,,,2.0.0,ecoli50_strength_v1
course_ecoli50_strength,ecoli50_r008506,7482.16,284.6895425774675,2.454371514620392,knn_physchem_full,log10,runs/knn_physchem_integrated_20261002_v2/knn_model.joblib,,,,knn_physchem_integrated_20261002_v2,ecoli50_random_20260928_v1,val,20260928,ok,,,,2.0.0,ecoli50_strength_v1
course_ecoli50_strength,ecoli50_r008509,384.86,191.71127113586016,2.2826476467758834,knn_physchem_full,log10,runs/knn_physchem_integrated_20261002_v2/knn_model.joblib,,,,knn_physchem_integrated_20261002_v2,ecoli50_random_20260928_v1,val,20260928,ok,,,,2.0.0,ecoli50_strength_v1
course_ecoli50_strength,ecoli50_r008510,403.1,237.15399500489133,2.375030445007143,knn_physchem_full,log10,runs/knn_physchem_integrated_20261002_v2/knn_model.joblib,,,,knn_physchem_integrated_20261002_v2,ecoli50_random_20260928_v1,val,20260928,ok,,,,2.0.0,ecoli50_strength_v1
course_ecoli50_strength,ecoli50_r008513,128.98,148.60484276602983,2.1720329625355523,knn_physchem_full,log10,runs/knn_physchem_integrated_20261002_v2/knn_model.joblib,,,,knn_physchem_integrated_20261002_v2,ecoli50_random_20260928_v1,val,20260928,ok,,,,2.0.0,ecoli50_strength_v1
course_ecoli50_strength,ecoli50_r008519,6281.39,259.73160069129585,2.4145247920280046,knn_physchem_full,log10,runs/knn_physchem_integrated_20261002_v2/knn_model.joblib,,,,knn_physchem_integrated_20261002_v2,ecoli50_random_20260928_v1,val,20260928,ok,,,,2.0.0,ecoli50_strength_v1
course_ecoli50_strength,ecoli50_r008527,57.59,240.9400576062908,2.3819090098411566,knn_physchem_full,log10,runs/knn_physchem_integrated_20261002_v2/knn_model.joblib,,,,knn_physchem_integrated_20261002_v2,ecoli50_random_20260928_v1,val,20260928,ok,,,,2.0.0,ecoli50_strength_v1
course_ecoli50_strength,ecoli50_r008542,1019.81,212.8541803668948,2.328082183958524,knn_physchem_full,log10,runs/knn_physchem_integrated_20261002_v2/knn_model.joblib,,,,knn_physchem_integrated_20261002_v2,ecoli50_random_20260928_v1,val,20260928,ok,,,,2.0.0,ecoli50_strength_v1
course_ecoli50_strength,ecoli50_r008547,123.79,152.59281158796335,2.1835340751574357,knn_physchem_full,log10,runs/knn_physchem_integrated_20261002_v2/knn_model.joblib,,,,knn_physchem_integrated_20261002_v2,ecoli50_random_20260928_v1,val,20260928,ok,,,,2.0.0,ecoli50_strength_v1
course_ecoli50_strength,ecoli50_r008551,301.94,156.1874468842701,2.193646125777065,knn_physchem_full,log10,runs/knn_physchem_integrated_20261002_v2/knn_model.joblib,,,,knn_physchem_integrated_20261002_v2,ecoli50_random_20260928_v1,val,20260928,ok,,,,2.0.0,ecoli50_strength_v1
course_ecoli50_strength,ecoli50_r008554,47.16,237.22490926062272,2.37516028918826,knn_physchem_full,log10,runs/knn_physchem_integrated_20261002_v2/knn_model.joblib,,,,knn_physchem_integrated_20261002_v2,ecoli50_random_20260928_v1,val,20260928,ok,,,,2.0.0,ecoli50_strength_v1
course_ecoli50_strength,ecoli50_r008561,63.16,174.7961661255162,2.242531902847627,knn_physchem_full,log10,runs/knn_physchem_integrated_20261002_v2/knn_model.joblib,,,,knn_physchem_integrated_20261002_v2,ecoli50_random_20260928_v1,val,20260928,ok,,,,2.0.0,ecoli50_strength_v1
course_ecoli50_strength,ecoli50_r008564,1108.99,189.18901951090916,2.2768959264410005,knn_physchem_full,log10,runs/knn_physchem_integrated_20261002_v2/knn_model.joblib,,,,knn_physchem_integrated_20261002_v2,ecoli50_random_20260928_v1,val,20260928,ok,,,,2.0.0,ecoli50_strength_v1
course_ecoli50_strength,ecoli50_r008577,128.29,165.46387419550743,2.2187031887453323,knn_physchem_full,log10,runs/knn_physchem_integrated_20261002_v2/knn_model.joblib,,,,knn_physchem_integrated_20261002_v2,ecoli50_random_20260928_v1,val,20260928,ok,,,,2.0.0,ecoli50_strength_v1
course_ecoli50_strength,ecoli50_r008584,438.39,222.81741954997693,2.347949140355846,knn_physchem_full,log10,runs/knn_physchem_integrated_20261002_v2/knn_model.joblib,,,,knn_physchem_integrated_20261002_v2,ecoli50_random_20260928_v1,val,20260928,ok,,,,2.0.0,ecoli50_strength_v1
course_ecoli50_strength,ecoli50_r008590,85.57,165.7897389719349,2.21955764777174,knn_physchem_full,log10,runs/knn_physchem_integrated_20261002_v2/knn_model.joblib,,,,knn_physchem_integrated_20261002_v2,ecoli50_random_20260928_v1,val,20260928,ok,,,,2.0.0,ecoli50_strength_v1
course_ecoli50_strength,ecoli50_r008595,120.25,178.55145730239352,2.2517633991706667,knn_physchem_full,log10,runs/knn_physchem_integrated_20261002_v2/knn_model.joblib,,,,knn_physchem_integrated_20261002_v2,ecoli50_random_20260928_v1,val,20260928,ok,,,,2.0.0,ecoli50_strength_v1
course_ecoli50_strength,ecoli50_r008602,1069.98,175.45328203823013,2.2441614965626027,knn_physchem_full,log10,runs/knn_physchem_integrated_20261002_v2/knn_model.joblib,,,,knn_physchem_integrated_20261002_v2,ecoli50_random_20260928_v1,val,20260928,ok,,,,2.0.0,ecoli50_strength_v1
course_ecoli50_strength,ecoli50_r008609,42.72,243.01718283325133,2.385636982017402,knn_physchem_full,log10,runs/knn_physchem_integrated_20261002_v2/knn_model.joblib,,,,knn_physchem_integrated_20261002_v2,ecoli50_random_20260928_v1,val,20260928,ok,,,,2.0.0,ecoli50_strength_v1
course_ecoli50_strength,ecoli50_r008610,42.55,150.71375885490602,2.1781529014321097,knn_physchem_full,log10,runs/knn_physchem_integrated_20261002_v2/knn_model.joblib,,,,knn_physchem_integrated_20261002_v2,ecoli50_random_20260928_v1,val,20260928,ok,,,,2.0.0,ecoli50_strength_v1
course_ecoli50_strength,ecoli50_r008614,120.0,213.6826210892281,2.329769202220387,knn_physchem_full,log10,runs/knn_physchem_integrated_20261002_v2/knn_model.joblib,,,,knn_physchem_integrated_20261002_v2,ecoli50_random_20260928_v1,val,20260928,ok,,,,2.0.0,ecoli50_strength_v1
course_ecoli50_strength,ecoli50_r008624,49.61,200.03864983936256,2.301113914615416,knn_physchem_full,log10,runs/knn_physchem_integrated_20261002_v2/knn_model.joblib,,,,knn_physchem_integrated_20261002_v2,ecoli50_random_20260928_v1,val,20260928,ok,,,,2.0.0,ecoli50_strength_v1
course_ecoli50_strength,ecoli50_r008627,82.53,177.99851733613258,2.250416384806546,knn_physchem_full,log10,runs/knn_physchem_integrated_20261002_v2/knn_model.joblib,,,,knn_physchem_integrated_20261002_v2,ecoli50_random_20260928_v1,val,20260928,ok,,,,2.0.0,ecoli50_strength_v1
course_ecoli50_strength,ecoli50_r008628,185.69,184.38226764342176,2.2657191518861928,knn_physchem_full,log10,runs/knn_physchem_integrated_20261002_v2/knn_model.joblib,,,,knn_physchem_integrated_20261002_v2,ecoli50_random_20260928_v1,val,20260928,ok,,,,2.0.0,ecoli50_strength_v1
course_ecoli50_strength,ecoli50_r008637,114.07,148.4857496345572,2.171684775861692,knn_physchem_full,log10,runs/knn_physchem_integrated_20261002_v2/knn_model.joblib,,,,knn_physchem_integrated_20261002_v2,ecoli50_random_20260928_v1,val,20260928,ok,,,,2.0.0,ecoli50_strength_v1
course_ecoli50_strength,ecoli50_r008638,94.32,153.9100026069081,2.1872668455353192,knn_physchem_full,log10,runs/knn_physchem_integrated_20261002_v2/knn_model.joblib,,,,knn_physchem_integrated_20261002_v2,ecoli50_random_20260928_v1,val,20260928,ok,,,,2.0.0,ecoli50_strength_v1
course_ecoli50_strength,ecoli50_r008692,57.03,219.018023755881,2.3404798559160658,knn_physchem_full,log10,runs/knn_physchem_integrated_20261002_v2/knn_model.joblib,,,,knn_physchem_integrated_20261002_v2,ecoli50_random_20260928_v1,val,20260928,ok,,,,2.0.0,ecoli50_strength_v1
course_ecoli50_strength,ecoli50_r008695,44.58,207.25266031061545,2.316500113894472,knn_physchem_full,log10,runs/knn_physchem_integrated_20261002_v2/knn_model.joblib,,,,knn_physchem_integrated_20261002_v2,ecoli50_random_20260928_v1,val,20260928,ok,,,,2.0.0,ecoli50_strength_v1
course_ecoli50_strength,ecoli50_r008724,156.35,166.3717603480661,2.221079611823639,knn_physchem_full,log10,runs/knn_physchem_integrated_20261002_v2/knn_model.joblib,,,,knn_physchem_integrated_20261002_v2,ecoli50_random_20260928_v1,val,20260928,ok,,,,2.0.0,ecoli50_strength_v1
course_ecoli50_strength,ecoli50_r008726,8785.52,191.4146963531485,2.2819752787911494,knn_physchem_full,log10,runs/knn_physchem_integrated_20261002_v2/knn_model.joblib,,,,knn_physchem_integrated_20261002_v2,ecoli50_random_20260928_v1,val,20260928,ok,,,,2.0.0,ecoli50_strength_v1
course_ecoli50_strength,ecoli50_r008728,144.32,185.30719009574784,2.2678922706860134,knn_physchem_full,log10,runs/knn_physchem_integrated_20261002_v2/knn_model.joblib,,,,knn_physchem_integrated_20261002_v2,ecoli50_random_20260928_v1,val,20260928,ok,,,,2.0.0,ecoli50_strength_v1
course_ecoli50_strength,ecoli50_r008730,90.4,244.3361202729092,2.3879876735868533,knn_physchem_full,log10,runs/knn_physchem_integrated_20261002_v2/knn_model.joblib,,,,knn_physchem_integrated_20261002_v2,ecoli50_random_20260928_v1,val,20260928,ok,,,,2.0.0,ecoli50_strength_v1
course_ecoli50_strength,ecoli50_r008733,57.03,256.3658682110719,2.40886020402031,knn_physchem_full,log10,runs/knn_physchem_integrated_20261002_v2/knn_model.joblib,,,,knn_physchem_integrated_20261002_v2,ecoli50_random_20260928_v1,val,20260928,ok,,,,2.0.0,ecoli50_strength_v1
course_ecoli50_strength,ecoli50_r008736,96.21,246.944969764926,2.392600184068795,knn_physchem_full,log10,runs/knn_physchem_integrated_20261002_v2/knn_model.joblib,,,,knn_physchem_integrated_20261002_v2,ecoli50_random_20260928_v1,val,20260928,ok,,,,2.0.0,ecoli50_strength_v1
course_ecoli50_strength,ecoli50_r008740,477.36,196.10322816888595,2.29248474289978,knn_physchem_full,log10,runs/knn_physchem_integrated_20261002_v2/knn_model.joblib,,,,knn_physchem_integrated_20261002_v2,ecoli50_random_20260928_v1,val,20260928,ok,,,,2.0.0,ecoli50_strength_v1
course_ecoli50_strength,ecoli50_r008744,39.79,176.93129164935544,2.2478046479964657,knn_physchem_full,log10,runs/knn_physchem_integrated_20261002_v2/knn_model.joblib,,,,knn_physchem_integrated_20261002_v2,ecoli50_random_20260928_v1,val,20260928,ok,,,,2.0.0,ecoli50_strength_v1
course_ecoli50_strength,ecoli50_r008746,19.95,184.66248166044247,2.2663786677035054,knn_physchem_full,log10,runs/knn_physchem_integrated_20261002_v2/knn_model.joblib,,,,knn_physchem_integrated_20261002_v2,ecoli50_random_20260928_v1,val,20260928,ok,,,,2.0.0,ecoli50_strength_v1
course_ecoli50_strength,ecoli50_r008747,47.16,189.1746100000861,2.276862847304676,knn_physchem_full,log10,runs/knn_physchem_integrated_20261002_v2/knn_model.joblib,,,,knn_physchem_integrated_20261002_v2,ecoli50_random_20260928_v1,val,20260928,ok,,,,2.0.0,ecoli50_strength_v1
course_ecoli50_strength,ecoli50_r008750,34.57,167.85085959957195,2.2249235697031544,knn_physchem_full,log10,runs/knn_physchem_integrated_20261002_v2/knn_model.joblib,,,,knn_physchem_integrated_20261002_v2,ecoli50_random_20260928_v1,val,20260928,ok,,,,2.0.0,ecoli50_strength_v1
course_ecoli50_strength,ecoli50_r008761,182.74,161.81413376875753,2.2090164526884823,knn_physchem_full,log10,runs/knn_physchem_integrated_20261002_v2/knn_model.joblib,,,,knn_physchem_integrated_20261002_v2,ecoli50_random_20260928_v1,val,20260928,ok,,,,2.0.0,ecoli50_strength_v1
course_ecoli50_strength,ecoli50_r008762,38.32,209.05195256419617,2.3202542282552248,knn_physchem_full,log10,runs/knn_physchem_integrated_20261002_v2/knn_model.joblib,,,,knn_physchem_integrated_20261002_v2,ecoli50_random_20260928_v1,val,20260928,ok,,,,2.0.0,ecoli50_strength_v1
course_ecoli50_strength,ecoli50_r008782,111.46,172.39626755603527,2.236527858951773,knn_physchem_full,log10,runs/knn_physchem_integrated_20261002_v2/knn_model.joblib,,,,knn_physchem_integrated_20261002_v2,ecoli50_random_20260928_v1,val,20260928,ok,,,,2.0.0,ecoli50_strength_v1
course_ecoli50_strength,ecoli50_r008788,198.95,139.07532740328762,2.1432500910056307,knn_physchem_full,log10,runs/knn_physchem_integrated_20261002_v2/knn_model.joblib,,,,knn_physchem_integrated_20261002_v2,ecoli50_random_20260928_v1,val,20260928,ok,,,,2.0.0,ecoli50_strength_v1
course_ecoli50_strength,ecoli50_r008791,284.52,199.1991838062976,2.299287554624089,knn_physchem_full,log10,runs/knn_physchem_integrated_20261002_v2/knn_model.joblib,,,,knn_physchem_integrated_20261002_v2,ecoli50_random_20260928_v1,val,20260928,ok,,,,2.0.0,ecoli50_strength_v1
course_ecoli50_strength,ecoli50_r008792,5681.16,151.53298686462978,2.180507183688968,knn_physchem_full,log10,runs/knn_physchem_integrated_20261002_v2/knn_model.joblib,,,,knn_physchem_integrated_20261002_v2,ecoli50_random_20260928_v1,val,20260928,ok,,,,2.0.0,ecoli50_strength_v1
course_ecoli50_strength,ecoli50_r008793,7240.12,166.77962408134567,2.222142990608821,knn_physchem_full,log10,runs/knn_physchem_integrated_20261002_v2/knn_model.joblib,,,,knn_physchem_integrated_20261002_v2,ecoli50_random_20260928_v1,val,20260928,ok,,,,2.0.0,ecoli50_strength_v1
course_ecoli50_strength,ecoli50_r008795,55.73,204.4321023384889,2.310549094856737,knn_physchem_full,log10,runs/knn_physchem_integrated_20261002_v2/knn_model.joblib,,,,knn_physchem_integrated_20261002_v2,ecoli50_random_20260928_v1,val,20260928,ok,,,,2.0.0,ecoli50_strength_v1
course_ecoli50_strength,ecoli50_r008798,3300.96,223.56118020578825,2.349396393641615,knn_physchem_full,log10,runs/knn_physchem_integrated_20261002_v2/knn_model.joblib,,,,knn_physchem_integrated_20261002_v2,ecoli50_random_20260928_v1,val,20260928,ok,,,,2.0.0,ecoli50_strength_v1
course_ecoli50_strength,ecoli50_r008801,121.98,192.2357873164792,2.2838342407065104,knn_physchem_full,log10,runs/knn_physchem_integrated_20261002_v2/knn_model.joblib,,,,knn_physchem_integrated_20261002_v2,ecoli50_random_20260928_v1,val,20260928,ok,,,,2.0.0,ecoli50_strength_v1
course_ecoli50_strength,ecoli50_r008802,412.64,217.5385635338339,2.3375362564418656,knn_physchem_full,log10,runs/knn_physchem_integrated_20261002_v2/knn_model.joblib,,,,knn_physchem_integrated_20261002_v2,ecoli50_random_20260928_v1,val,20260928,ok,,,,2.0.0,ecoli50_strength_v1
course_ecoli50_strength,ecoli50_r008813,117.9,163.58554242171692,2.213744918382236,knn_physchem_full,log10,runs/knn_physchem_integrated_20261002_v2/knn_model.joblib,,,,knn_physchem_integrated_20261002_v2,ecoli50_random_20260928_v1,val,20260928,ok,,,,2.0.0,ecoli50_strength_v1
course_ecoli50_strength,ecoli50_r008819,61.8,159.63946918101584,2.203140275036948,knn_physchem_full,log10,runs/knn_physchem_integrated_20261002_v2/knn_model.joblib,,,,knn_physchem_integrated_20261002_v2,ecoli50_random_20260928_v1,val,20260928,ok,,,,2.0.0,ecoli50_strength_v1
course_ecoli50_strength,ecoli50_r008822,350.02,176.69877347833463,2.247233534942871,knn_physchem_full,log10,runs/knn_physchem_integrated_20261002_v2/knn_model.joblib,,,,knn_physchem_integrated_20261002_v2,ecoli50_random_20260928_v1,val,20260928,ok,,,,2.0.0,ecoli50_strength_v1
course_ecoli50_strength,ecoli50_r008830,296.9,190.5247257437734,2.279951345141622,knn_physchem_full,log10,runs/knn_physchem_integrated_20261002_v2/knn_model.joblib,,,,knn_physchem_integrated_20261002_v2,ecoli50_random_20260928_v1,val,20260928,ok,,,,2.0.0,ecoli50_strength_v1
course_ecoli50_strength,ecoli50_r008840,87.76,151.6875476454224,2.180949930088969,knn_physchem_full,log10,runs/knn_physchem_integrated_20261002_v2/knn_model.joblib,,,,knn_physchem_integrated_20261002_v2,ecoli50_random_20260928_v1,val,20260928,ok,,,,2.0.0,ecoli50_strength_v1
course_ecoli50_strength,ecoli50_r008850,80.52,157.47869673521348,2.1972218119916533,knn_physchem_full,log10,runs/knn_physchem_integrated_20261002_v2/knn_model.joblib,,,,knn_physchem_integrated_20261002_v2,ecoli50_random_20260928_v1,val,20260928,ok,,,,2.0.0,ecoli50_strength_v1
course_ecoli50_strength,ecoli50_r008851,589.31,255.98815051717995,2.40821986263956,knn_physchem_full,log10,runs/knn_physchem_integrated_20261002_v2/knn_model.joblib,,,,knn_physchem_integrated_20261002_v2,ecoli50_random_20260928_v1,val,20260928,ok,,,,2.0.0,ecoli50_strength_v1
course_ecoli50_strength,ecoli50_r008868,60.13,194.54675632614013,2.2890239942176227,knn_physchem_full,log10,runs/knn_physchem_integrated_20261002_v2/knn_model.joblib,,,,knn_physchem_integrated_20261002_v2,ecoli50_random_20260928_v1,val,20260928,ok,,,,2.0.0,ecoli50_strength_v1
course_ecoli50_strength,ecoli50_r008870,133.75,161.5877099248643,2.208408326025267,knn_physchem_full,log10,runs/knn_physchem_integrated_20261002_v2/knn_model.joblib,,,,knn_physchem_integrated_20261002_v2,ecoli50_random_20260928_v1,val,20260928,ok,,,,2.0.0,ecoli50_strength_v1
course_ecoli50_strength,ecoli50_r008871,198.76,215.08831588286776,2.332616819102389,knn_physchem_full,log10,runs/knn_physchem_integrated_20261002_v2/knn_model.joblib,,,,knn_physchem_integrated_20261002_v2,ecoli50_random_20260928_v1,val,20260928,ok,,,,2.0.0,ecoli50_strength_v1
course_ecoli50_strength,ecoli50_r008876,2224.27,215.22402815552493,2.332890755436832,knn_physchem_full,log10,runs/knn_physchem_integrated_20261002_v2/knn_model.joblib,,,,knn_physchem_integrated_20261002_v2,ecoli50_random_20260928_v1,val,20260928,ok,,,,2.0.0,ecoli50_strength_v1
course_ecoli50_strength,ecoli50_r008882,44.58,177.34059732680652,2.2488081669419544,knn_physchem_full,log10,runs/knn_physchem_integrated_20261002_v2/knn_model.joblib,,,,knn_physchem_integrated_20261002_v2,ecoli50_random_20260928_v1,val,20260928,ok,,,,2.0.0,ecoli50_strength_v1
course_ecoli50_strength,ecoli50_r008888,382.45,162.064823334059,2.209688760130728,knn_physchem_full,log10,runs/knn_physchem_integrated_20261002_v2/knn_model.joblib,,,,knn_physchem_integrated_20261002_v2,ecoli50_random_20260928_v1,val,20260928,ok,,,,2.0.0,ecoli50_strength_v1
course_ecoli50_strength,ecoli50_r008896,1618.14,224.59789525510973,2.351405682097413,knn_physchem_full,log10,runs/knn_physchem_integrated_20261002_v2/knn_model.joblib,,,,knn_physchem_integrated_20261002_v2,ecoli50_random_20260928_v1,val,20260928,ok,,,,2.0.0,ecoli50_strength_v1
course_ecoli50_strength,ecoli50_r008897,181.16,182.60381322692533,2.261509842454142,knn_physchem_full,log10,runs/knn_physchem_integrated_20261002_v2/knn_model.joblib,,,,knn_physchem_integrated_20261002_v2,ecoli50_random_20260928_v1,val,20260928,ok,,,,2.0.0,ecoli50_strength_v1
course_ecoli50_strength,ecoli50_r008906,364.09,149.86573847898438,2.175702358063516,knn_physchem_full,log10,runs/knn_physchem_integrated_20261002_v2/knn_model.joblib,,,,knn_physchem_integrated_20261002_v2,ecoli50_random_20260928_v1,val,20260928,ok,,,,2.0.0,ecoli50_strength_v1
course_ecoli50_strength,ecoli50_r008907,95.74,173.77332673864785,2.2399831153852685,knn_physchem_full,log10,runs/knn_physchem_integrated_20261002_v2/knn_model.joblib,,,,knn_physchem_integrated_20261002_v2,ecoli50_random_20260928_v1,val,20260928,ok,,,,2.0.0,ecoli50_strength_v1
course_ecoli50_strength,ecoli50_r008908,67.1,154.8667834698421,2.189958278297,knn_physchem_full,log10,runs/knn_physchem_integrated_20261002_v2/knn_model.joblib,,,,knn_physchem_integrated_20261002_v2,ecoli50_random_20260928_v1,val,20260928,ok,,,,2.0.0,ecoli50_strength_v1
course_ecoli50_strength,ecoli50_r008917,550.4,254.25061722256277,2.4052620158957763,knn_physchem_full,log10,runs/knn_physchem_integrated_20261002_v2/knn_model.joblib,,,,knn_physchem_integrated_20261002_v2,ecoli50_random_20260928_v1,val,20260928,ok,,,,2.0.0,ecoli50_strength_v1
course_ecoli50_strength,ecoli50_r008919,550.4,258.100398499005,2.411788675081588,knn_physchem_full,log10,runs/knn_physchem_integrated_20261002_v2/knn_model.joblib,,,,knn_physchem_integrated_20261002_v2,ecoli50_random_20260928_v1,val,20260928,ok,,,,2.0.0,ecoli50_strength_v1
course_ecoli50_strength,ecoli50_r008923,467.53,164.78820406721795,2.2169261206386044,knn_physchem_full,log10,runs/knn_physchem_integrated_20261002_v2/knn_model.joblib,,,,knn_physchem_integrated_20261002_v2,ecoli50_random_20260928_v1,val,20260928,ok,,,,2.0.0,ecoli50_strength_v1
course_ecoli50_strength,ecoli50_r008934,72.92,156.35235323091246,2.194104422115626,knn_physchem_full,log10,runs/knn_physchem_integrated_20261002_v2/knn_model.joblib,,,,knn_physchem_integrated_20261002_v2,ecoli50_random_20260928_v1,val,20260928,ok,,,,2.0.0,ecoli50_strength_v1
course_ecoli50_strength,ecoli50_r008938,84.19,238.8226868890456,2.378075580090195,knn_physchem_full,log10,runs/knn_physchem_integrated_20261002_v2/knn_model.joblib,,,,knn_physchem_integrated_20261002_v2,ecoli50_random_20260928_v1,val,20260928,ok,,,,2.0.0,ecoli50_strength_v1
course_ecoli50_strength,ecoli50_r008950,4498.01,220.5946407459496,2.343594957230492,knn_physchem_full,log10,runs/knn_physchem_integrated_20261002_v2/knn_model.joblib,,,,knn_physchem_integrated_20261002_v2,ecoli50_random_20260928_v1,val,20260928,ok,,,,2.0.0,ecoli50_strength_v1
course_ecoli50_strength,ecoli50_r008976,54.12,252.2854915868294,2.4018922758645656,knn_physchem_full,log10,runs/knn_physchem_integrated_20261002_v2/knn_model.joblib,,,,knn_physchem_integrated_20261002_v2,ecoli50_random_20260928_v1,val,20260928,ok,,,,2.0.0,ecoli50_strength_v1
course_ecoli50_strength,ecoli50_r008989,98.4,163.16371952970042,2.212623597066801,knn_physchem_full,log10,runs/knn_physchem_integrated_20261002_v2/knn_model.joblib,,,,knn_physchem_integrated_20261002_v2,ecoli50_random_20260928_v1,val,20260928,ok,,,,2.0.0,ecoli50_strength_v1
course_ecoli50_strength,ecoli50_r008990,75.54,191.23534914985092,2.281568173095719,knn_physchem_full,log10,runs/knn_physchem_integrated_20261002_v2/knn_model.joblib,,,,knn_physchem_integrated_20261002_v2,ecoli50_random_20260928_v1,val,20260928,ok,,,,2.0.0,ecoli50_strength_v1
course_ecoli50_strength,ecoli50_r008991,210.98,166.49402477207917,2.221398651925948,knn_physchem_full,log10,runs/knn_physchem_integrated_20261002_v2/knn_model.joblib,,,,knn_physchem_integrated_20261002_v2,ecoli50_random_20260928_v1,val,20260928,ok,,,,2.0.0,ecoli50_strength_v1
course_ecoli50_strength,ecoli50_r008992,210.98,147.4964112934517,2.168781453708003,knn_physchem_full,log10,runs/knn_physchem_integrated_20261002_v2/knn_model.joblib,,,,knn_physchem_integrated_20261002_v2,ecoli50_random_20260928_v1,val,20260928,ok,,,,2.0.0,ecoli50_strength_v1
course_ecoli50_strength,ecoli50_r008996,215.48,215.5672763634158,2.333582834560032,knn_physchem_full,log10,runs/knn_physchem_integrated_20261002_v2/knn_model.joblib,,,,knn_physchem_integrated_20261002_v2,ecoli50_random_20260928_v1,val,20260928,ok,,,,2.0.0,ecoli50_strength_v1
course_ecoli50_strength,ecoli50_r008998,105.88,194.74244489512924,2.289460618057048,knn_physchem_full,log10,runs/knn_physchem_integrated_20261002_v2/knn_model.joblib,,,,knn_physchem_integrated_20261002_v2,ecoli50_random_20260928_v1,val,20260928,ok,,,,2.0.0,ecoli50_strength_v1
course_ecoli50_strength,ecoli50_r009005,59.44,157.45782637290222,2.1971642519277337,knn_physchem_full,log10,runs/knn_physchem_integrated_20261002_v2/knn_model.joblib,,,,knn_physchem_integrated_20261002_v2,ecoli50_random_20260928_v1,val,20260928,ok,,,,2.0.0,ecoli50_strength_v1
course_ecoli50_strength,ecoli50_r009006,627.36,209.06444221683185,2.320280174079353,knn_physchem_full,log10,runs/knn_physchem_integrated_20261002_v2/knn_model.joblib,,,,knn_physchem_integrated_20261002_v2,ecoli50_random_20260928_v1,val,20260928,ok,,,,2.0.0,ecoli50_strength_v1
course_ecoli50_strength,ecoli50_r009019,126.74,210.6810368604873,2.323625447058141,knn_physchem_full,log10,runs/knn_physchem_integrated_20261002_v2/knn_model.joblib,,,,knn_physchem_integrated_20261002_v2,ecoli50_random_20260928_v1,val,20260928,ok,,,,2.0.0,ecoli50_strength_v1
course_ecoli50_strength,ecoli50_r009028,74.27,179.7632471233582,2.2547009042876853,knn_physchem_full,log10,runs/knn_physchem_integrated_20261002_v2/knn_model.joblib,,,,knn_physchem_integrated_20261002_v2,ecoli50_random_20260928_v1,val,20260928,ok,,,,2.0.0,ecoli50_strength_v1
course_ecoli50_strength,ecoli50_r009029,415.6,164.40113306673123,2.2159048064092217,knn_physchem_full,log10,runs/knn_physchem_integrated_20261002_v2/knn_model.joblib,,,,knn_physchem_integrated_20261002_v2,ecoli50_random_20260928_v1,val,20260928,ok,,,,2.0.0,ecoli50_strength_v1
course_ecoli50_strength,ecoli50_r009030,842.96,156.0389681717844,2.1932330698198235,knn_physchem_full,log10,runs/knn_physchem_integrated_20261002_v2/knn_model.joblib,,,,knn_physchem_integrated_20261002_v2,ecoli50_random_20260928_v1,val,20260928,ok,,,,2.0.0,ecoli50_strength_v1
course_ecoli50_strength,ecoli50_r009031,83.77,149.27321757300234,2.1739818941038185,knn_physchem_full,log10,runs/knn_physchem_integrated_20261002_v2/knn_model.joblib,,,,knn_physchem_integrated_20261002_v2,ecoli50_random_20260928_v1,val,20260928,ok,,,,2.0.0,ecoli50_strength_v1
course_ecoli50_strength,ecoli50_r009035,896.21,234.5362869607113,2.370210045377848,knn_physchem_full,log10,runs/knn_physchem_integrated_20261002_v2/knn_model.joblib,,,,knn_physchem_integrated_20261002_v2,ecoli50_random_20260928_v1,val,20260928,ok,,,,2.0.0,ecoli50_strength_v1
course_ecoli50_strength,ecoli50_r009037,44.4,169.40162330126284,2.22891756766767,knn_physchem_full,log10,runs/knn_physchem_integrated_20261002_v2/knn_model.joblib,,,,knn_physchem_integrated_20261002_v2,ecoli50_random_20260928_v1,val,20260928,ok,,,,2.0.0,ecoli50_strength_v1
course_ecoli50_strength,ecoli50_r009046,314.37,149.01177849430474,2.173220598163334,knn_physchem_full,log10,runs/knn_physchem_integrated_20261002_v2/knn_model.joblib,,,,knn_physchem_integrated_20261002_v2,ecoli50_random_20260928_v1,val,20260928,ok,,,,2.0.0,ecoli50_strength_v1
course_ecoli50_strength,ecoli50_r009050,425.5,194.67021876549276,2.2892995169279,knn_physchem_full,log10,runs/knn_physchem_integrated_20261002_v2/knn_model.joblib,,,,knn_physchem_integrated_20261002_v2,ecoli50_random_20260928_v1,val,20260928,ok,,,,2.0.0,ecoli50_strength_v1
course_ecoli50_strength,ecoli50_r009053,229.48,200.7725745431297,2.302704388064388,knn_physchem_full,log10,runs/knn_physchem_integrated_20261002_v2/knn_model.joblib,,,,knn_physchem_integrated_20261002_v2,ecoli50_random_20260928_v1,val,20260928,ok,,,,2.0.0,ecoli50_strength_v1
course_ecoli50_strength,ecoli50_r009054,145.01,148.30152767515557,2.1711456247807286,knn_physchem_full,log10,runs/knn_physchem_integrated_20261002_v2/knn_model.joblib,,,,knn_physchem_integrated_20261002_v2,ecoli50_random_20260928_v1,val,20260928,ok,,,,2.0.0,ecoli50_strength_v1
course_ecoli50_strength,ecoli50_r009055,1066.26,246.91819878146003,2.3925531002158325,knn_physchem_full,log10,runs/knn_physchem_integrated_20261002_v2/knn_model.joblib,,,,knn_physchem_integrated_20261002_v2,ecoli50_random_20260928_v1,val,20260928,ok,,,,2.0.0,ecoli50_strength_v1
course_ecoli50_strength,ecoli50_r009065,110.71,172.92908351650826,2.237868039824173,knn_physchem_full,log10,runs/knn_physchem_integrated_20261002_v2/knn_model.joblib,,,,knn_physchem_integrated_20261002_v2,ecoli50_random_20260928_v1,val,20260928,ok,,,,2.0.0,ecoli50_strength_v1
course_ecoli50_strength,ecoli50_r009066,76.16,233.28199351826663,2.367881217930248,knn_physchem_full,log10,runs/knn_physchem_integrated_20261002_v2/knn_model.joblib,,,,knn_physchem_integrated_20261002_v2,ecoli50_random_20260928_v1,val,20260928,ok,,,,2.0.0,ecoli50_strength_v1
course_ecoli50_strength,ecoli50_r009068,211.77,190.00585033562928,2.2787669732126457,knn_physchem_full,log10,runs/knn_physchem_integrated_20261002_v2/knn_model.joblib,,,,knn_physchem_integrated_20261002_v2,ecoli50_random_20260928_v1,val,20260928,ok,,,,2.0.0,ecoli50_strength_v1
course_ecoli50_strength,ecoli50_r009070,107.74,150.7383548426887,2.178223771074811,knn_physchem_full,log10,runs/knn_physchem_integrated_20261002_v2/knn_model.joblib,,,,knn_physchem_integrated_20261002_v2,ecoli50_random_20260928_v1,val,20260928,ok,,,,2.0.0,ecoli50_strength_v1
course_ecoli50_strength,ecoli50_r009077,38.6,167.132026407793,2.223059678854851,knn_physchem_full,log10,runs/knn_physchem_integrated_20261002_v2/knn_model.joblib,,,,knn_physchem_integrated_20261002_v2,ecoli50_random_20260928_v1,val,20260928,ok,,,,2.0.0,ecoli50_strength_v1
course_ecoli50_strength,ecoli50_r009081,52.94,248.80850306251145,2.395865218342036,knn_physchem_full,log10,runs/knn_physchem_integrated_20261002_v2/knn_model.joblib,,,,knn_physchem_integrated_20261002_v2,ecoli50_random_20260928_v1,val,20260928,ok,,,,2.0.0,ecoli50_strength_v1
course_ecoli50_strength,ecoli50_r009085,45.29,262.1377354288452,2.41852954330026,knn_physchem_full,log10,runs/knn_physchem_integrated_20261002_v2/knn_model.joblib,,,,knn_physchem_integrated_20261002_v2,ecoli50_random_20260928_v1,val,20260928,ok,,,,2.0.0,ecoli50_strength_v1
course_ecoli50_strength,ecoli50_r009100,126.32,211.99416486358112,2.3263239071437325,knn_physchem_full,log10,runs/knn_physchem_integrated_20261002_v2/knn_model.joblib,,,,knn_physchem_integrated_20261002_v2,ecoli50_random_20260928_v1,val,20260928,ok,,,,2.0.0,ecoli50_strength_v1
course_ecoli50_strength,ecoli50_r009111,120.25,143.03493621053016,2.155442126628353,knn_physchem_full,log10,runs/knn_physchem_integrated_20261002_v2/knn_model.joblib,,,,knn_physchem_integrated_20261002_v2,ecoli50_random_20260928_v1,val,20260928,ok,,,,2.0.0,ecoli50_strength_v1
course_ecoli50_strength,ecoli50_r009114,85.48,162.35360209655218,2.2104619286460463,knn_physchem_full,log10,runs/knn_physchem_integrated_20261002_v2/knn_model.joblib,,,,knn_physchem_integrated_20261002_v2,ecoli50_random_20260928_v1,val,20260928,ok,,,,2.0.0,ecoli50_strength_v1
course_ecoli50_strength,ecoli50_r009119,1250.78,266.3219273654494,2.4254069251388124,knn_physchem_full,log10,runs/knn_physchem_integrated_20261002_v2/knn_model.joblib,,,,knn_physchem_integrated_20261002_v2,ecoli50_random_20260928_v1,val,20260928,ok,,,,2.0.0,ecoli50_strength_v1
course_ecoli50_strength,ecoli50_r009121,853.9,257.59507019168774,2.4109375473173023,knn_physchem_full,log10,runs/knn_physchem_integrated_20261002_v2/knn_model.joblib,,,,knn_physchem_integrated_20261002_v2,ecoli50_random_20260928_v1,val,20260928,ok,,,,2.0.0,ecoli50_strength_v1
course_ecoli50_strength,ecoli50_r009127,2002.49,241.81420205259545,2.383481803935617,knn_physchem_full,log10,runs/knn_physchem_integrated_20261002_v2/knn_model.joblib,,,,knn_physchem_integrated_20261002_v2,ecoli50_random_20260928_v1,val,20260928,ok,,,,2.0.0,ecoli50_strength_v1
course_ecoli50_strength,ecoli50_r009157,98.97,162.27592348213616,2.210254089299416,knn_physchem_full,log10,runs/knn_physchem_integrated_20261002_v2/knn_model.joblib,,,,knn_physchem_integrated_20261002_v2,ecoli50_random_20260928_v1,val,20260928,ok,,,,2.0.0,ecoli50_strength_v1
course_ecoli50_strength,ecoli50_r009159,140.95,184.80266866848373,2.2667082384188726,knn_physchem_full,log10,runs/knn_physchem_integrated_20261002_v2/knn_model.joblib,,,,knn_physchem_integrated_20261002_v2,ecoli50_random_20260928_v1,val,20260928,ok,,,,2.0.0,ecoli50_strength_v1
course_ecoli50_strength,ecoli50_r009170,90.42,143.40566330270252,2.156566302604773,knn_physchem_full,log10,runs/knn_physchem_integrated_20261002_v2/knn_model.joblib,,,,knn_physchem_integrated_20261002_v2,ecoli50_random_20260928_v1,val,20260928,ok,,,,2.0.0,ecoli50_strength_v1
course_ecoli50_strength,ecoli50_r009187,50.16,244.1188558967676,2.3876013258966933,knn_physchem_full,log10,runs/knn_physchem_integrated_20261002_v2/knn_model.joblib,,,,knn_physchem_integrated_20261002_v2,ecoli50_random_20260928_v1,val,20260928,ok,,,,2.0.0,ecoli50_strength_v1
course_ecoli50_strength,ecoli50_r009191,422.71,251.78038344743248,2.401021890615359,knn_physchem_full,log10,runs/knn_physchem_integrated_20261002_v2/knn_model.joblib,,,,knn_physchem_integrated_20261002_v2,ecoli50_random_20260928_v1,val,20260928,ok,,,,2.0.0,ecoli50_strength_v1
course_ecoli50_strength,ecoli50_r009192,177.81,235.9127398245457,2.37275139440872,knn_physchem_full,log10,runs/knn_physchem_integrated_20261002_v2/knn_model.joblib,,,,knn_physchem_integrated_20261002_v2,ecoli50_random_20260928_v1,val,20260928,ok,,,,2.0.0,ecoli50_strength_v1
course_ecoli50_strength,ecoli50_r009201,84.19,267.6089588796864,2.427500648433917,knn_physchem_full,log10,runs/knn_physchem_integrated_20261002_v2/knn_model.joblib,,,,knn_physchem_integrated_20261002_v2,ecoli50_random_20260928_v1,val,20260928,ok,,,,2.0.0,ecoli50_strength_v1
course_ecoli50_strength,ecoli50_r009208,102.94,255.03204453230612,2.406594752548485,knn_physchem_full,log10,runs/knn_physchem_integrated_20261002_v2/knn_model.joblib,,,,knn_physchem_integrated_20261002_v2,ecoli50_random_20260928_v1,val,20260928,ok,,,,2.0.0,ecoli50_strength_v1
course_ecoli50_strength,ecoli50_r009215,26.01,188.14043050293145,2.2744821334426826,knn_physchem_full,log10,runs/knn_physchem_integrated_20261002_v2/knn_model.joblib,,,,knn_physchem_integrated_20261002_v2,ecoli50_random_20260928_v1,val,20260928,ok,,,,2.0.0,ecoli50_strength_v1
course_ecoli50_strength,ecoli50_r009216,123.88,146.75178450105824,2.166583390970763,knn_physchem_full,log10,runs/knn_physchem_integrated_20261002_v2/knn_model.joblib,,,,knn_physchem_integrated_20261002_v2,ecoli50_random_20260928_v1,val,20260928,ok,,,,2.0.0,ecoli50_strength_v1
course_ecoli50_strength,ecoli50_r009219,6325.58,263.9313291474876,2.42149094485556,knn_physchem_full,log10,runs/knn_physchem_integrated_20261002_v2/knn_model.joblib,,,,knn_physchem_integrated_20261002_v2,ecoli50_random_20260928_v1,val,20260928,ok,,,,2.0.0,ecoli50_strength_v1
course_ecoli50_strength,ecoli50_r009228,505.12,201.57030078469208,2.3044265438673155,knn_physchem_full,log10,runs/knn_physchem_integrated_20261002_v2/knn_model.joblib,,,,knn_physchem_integrated_20261002_v2,ecoli50_random_20260928_v1,val,20260928,ok,,,,2.0.0,ecoli50_strength_v1
course_ecoli50_strength,ecoli50_r009238,11037.57,219.90163284192093,2.342228454152074,knn_physchem_full,log10,runs/knn_physchem_integrated_20261002_v2/knn_model.joblib,,,,knn_physchem_integrated_20261002_v2,ecoli50_random_20260928_v1,val,20260928,ok,,,,2.0.0,ecoli50_strength_v1
course_ecoli50_strength,ecoli50_r009249,1557.15,236.84287075758616,2.37446031649805,knn_physchem_full,log10,runs/knn_physchem_integrated_20261002_v2/knn_model.joblib,,,,knn_physchem_integrated_20261002_v2,ecoli50_random_20260928_v1,val,20260928,ok,,,,2.0.0,ecoli50_strength_v1
course_ecoli50_strength,ecoli50_r009254,158.83,260.8626580522373,2.416411915196253,knn_physchem_full,log10,runs/knn_physchem_integrated_20261002_v2/knn_model.joblib,,,,knn_physchem_integrated_20261002_v2,ecoli50_random_20260928_v1,val,20260928,ok,,,,2.0.0,ecoli50_strength_v1
course_ecoli50_strength,ecoli50_r009260,74.6,238.8306708575791,2.3780900985413767,knn_physchem_full,log10,runs/knn_physchem_integrated_20261002_v2/knn_model.joblib,,,,knn_physchem_integrated_20261002_v2,ecoli50_random_20260928_v1,val,20260928,ok,,,,2.0.0,ecoli50_strength_v1
course_ecoli50_strength,ecoli50_r009261,438.39,241.0256695871745,2.3820632980370835,knn_physchem_full,log10,runs/knn_physchem_integrated_20261002_v2/knn_model.joblib,,,,knn_physchem_integrated_20261002_v2,ecoli50_random_20260928_v1,val,20260928,ok,,,,2.0.0,ecoli50_strength_v1
course_ecoli50_strength,ecoli50_r009292,44.21,207.32362327499027,2.31664879014716,knn_physchem_full,log10,runs/knn_physchem_integrated_20261002_v2/knn_model.joblib,,,,knn_physchem_integrated_20261002_v2,ecoli50_random_20260928_v1,val,20260928,ok,,,,2.0.0,ecoli50_strength_v1
course_ecoli50_strength,ecoli50_r009296,137.11,260.6025292636775,2.4159786264185,knn_physchem_full,log10,runs/knn_physchem_integrated_20261002_v2/knn_model.joblib,,,,knn_physchem_integrated_20261002_v2,ecoli50_random_20260928_v1,val,20260928,ok,,,,2.0.0,ecoli50_strength_v1
course_ecoli50_strength,ecoli50_r009298,24768.69,249.3618833214892,2.396830069317876,knn_physchem_full,log10,runs/knn_physchem_integrated_20261002_v2/knn_model.joblib,,,,knn_physchem_integrated_20261002_v2,ecoli50_random_20260928_v1,val,20260928,ok,,,,2.0.0,ecoli50_strength_v1
course_ecoli50_strength,ecoli50_r009299,242.73,244.51570315832623,2.3883067553860857,knn_physchem_full,log10,runs/knn_physchem_integrated_20261002_v2/knn_model.joblib,,,,knn_physchem_integrated_20261002_v2,ecoli50_random_20260928_v1,val,20260928,ok,,,,2.0.0,ecoli50_strength_v1
course_ecoli50_strength,ecoli50_r009303,1906.24,258.0404443158901,2.4116877810276747,knn_physchem_full,log10,runs/knn_physchem_integrated_20261002_v2/knn_model.joblib,,,,knn_physchem_integrated_20261002_v2,ecoli50_random_20260928_v1,val,20260928,ok,,,,2.0.0,ecoli50_strength_v1
course_ecoli50_strength,ecoli50_r009320,42.89,158.3863769951612,2.1997178246634537,knn_physchem_full,log10,runs/knn_physchem_integrated_20261002_v2/knn_model.joblib,,,,knn_physchem_integrated_20261002_v2,ecoli50_random_20260928_v1,val,20260928,ok,,,,2.0.0,ecoli50_strength_v1
course_ecoli50_strength,ecoli50_r009334,295.72,190.45651345729115,2.2797958297677106,knn_physchem_full,log10,runs/knn_physchem_integrated_20261002_v2/knn_model.joblib,,,,knn_physchem_integrated_20261002_v2,ecoli50_random_20260928_v1,val,20260928,ok,,,,2.0.0,ecoli50_strength_v1
course_ecoli50_strength,ecoli50_r009335,37.23,187.3142630267116,2.2725708479462776,knn_physchem_full,log10,runs/knn_physchem_integrated_20261002_v2/knn_model.joblib,,,,knn_physchem_integrated_20261002_v2,ecoli50_random_20260928_v1,val,20260928,ok,,,,2.0.0,ecoli50_strength_v1
course_ecoli50_strength,ecoli50_r009354,126.32,150.84732364471571,2.178537609263128,knn_physchem_full,log10,runs/knn_physchem_integrated_20261002_v2/knn_model.joblib,,,,knn_physchem_integrated_20261002_v2,ecoli50_random_20260928_v1,val,20260928,ok,,,,2.0.0,ecoli50_strength_v1
course_ecoli50_strength,ecoli50_r009372,130.34,251.40220720798172,2.40036908629361,knn_physchem_full,log10,runs/knn_physchem_integrated_20261002_v2/knn_model.joblib,,,,knn_physchem_integrated_20261002_v2,ecoli50_random_20260928_v1,val,20260928,ok,,,,2.0.0,ecoli50_strength_v1
course_ecoli50_strength,ecoli50_r009373,203.81,229.9359590164195,2.361606894632519,knn_physchem_full,log10,runs/knn_physchem_integrated_20261002_v2/knn_model.joblib,,,,knn_physchem_integrated_20261002_v2,ecoli50_random_20260928_v1,val,20260928,ok,,,,2.0.0,ecoli50_strength_v1
course_ecoli50_strength,ecoli50_r009383,28.52,163.21767183519853,2.2127671787132868,knn_physchem_full,log10,runs/knn_physchem_integrated_20261002_v2/knn_model.joblib,,,,knn_physchem_integrated_20261002_v2,ecoli50_random_20260928_v1,val,20260928,ok,,,,2.0.0,ecoli50_strength_v1
course_ecoli50_strength,ecoli50_r009386,70.45,174.3716054418516,2.241475766124643,knn_physchem_full,log10,runs/knn_physchem_integrated_20261002_v2/knn_model.joblib,,,,knn_physchem_integrated_20261002_v2,ecoli50_random_20260928_v1,val,20260928,ok,,,,2.0.0,ecoli50_strength_v1
course_ecoli50_strength,ecoli50_r009398,310.6,239.1278239589134,2.3786301118279565,knn_physchem_full,log10,runs/knn_physchem_integrated_20261002_v2/knn_model.joblib,,,,knn_physchem_integrated_20261002_v2,ecoli50_random_20260928_v1,val,20260928,ok,,,,2.0.0,ecoli50_strength_v1
course_ecoli50_strength,ecoli50_r009417,192.43,229.42830398608453,2.360646994675573,knn_physchem_full,log10,runs/knn_physchem_integrated_20261002_v2/knn_model.joblib,,,,knn_physchem_integrated_20261002_v2,ecoli50_random_20260928_v1,val,20260928,ok,,,,2.0.0,ecoli50_strength_v1
course_ecoli50_strength,ecoli50_r009422,47.9,196.95237576599573,2.294361223915606,knn_physchem_full,log10,runs/knn_physchem_integrated_20261002_v2/knn_model.joblib,,,,knn_physchem_integrated_20261002_v2,ecoli50_random_20260928_v1,val,20260928,ok,,,,2.0.0,ecoli50_strength_v1
course_ecoli50_strength,ecoli50_r009425,153.87,264.27707319673107,2.422059488458863,knn_physchem_full,log10,runs/knn_physchem_integrated_20261002_v2/knn_model.joblib,,,,knn_physchem_integrated_20261002_v2,ecoli50_random_20260928_v1,val,20260928,ok,,,,2.0.0,ecoli50_strength_v1
course_ecoli50_strength,ecoli50_r009428,89.16,195.85629448179344,2.2919375335799854,knn_physchem_full,log10,runs/knn_physchem_integrated_20261002_v2/knn_model.joblib,,,,knn_physchem_integrated_20261002_v2,ecoli50_random_20260928_v1,val,20260928,ok,,,,2.0.0,ecoli50_strength_v1
course_ecoli50_strength,ecoli50_r009436,1379.13,201.7080429806871,2.304723215775921,knn_physchem_full,log10,runs/knn_physchem_integrated_20261002_v2/knn_model.joblib,,,,knn_physchem_integrated_20261002_v2,ecoli50_random_20260928_v1,val,20260928,ok,,,,2.0.0,ecoli50_strength_v1
course_ecoli50_strength,ecoli50_r009445,50.32,230.00683841837235,2.3617407483793937,knn_physchem_full,log10,runs/knn_physchem_integrated_20261002_v2/knn_model.joblib,,,,knn_physchem_integrated_20261002_v2,ecoli50_random_20260928_v1,val,20260928,ok,,,,2.0.0,ecoli50_strength_v1
course_ecoli50_strength,ecoli50_r009448,73.58,159.79499773515138,2.203563179921502,knn_physchem_full,log10,runs/knn_physchem_integrated_20261002_v2/knn_model.joblib,,,,knn_physchem_integrated_20261002_v2,ecoli50_random_20260928_v1,val,20260928,ok,,,,2.0.0,ecoli50_strength_v1
course_ecoli50_strength,ecoli50_r009454,380.29,160.38606959059226,2.205166644729552,knn_physchem_full,log10,runs/knn_physchem_integrated_20261002_v2/knn_model.joblib,,,,knn_physchem_integrated_20261002_v2,ecoli50_random_20260928_v1,val,20260928,ok,,,,2.0.0,ecoli50_strength_v1
course_ecoli50_strength,ecoli50_r009462,101.63,235.78168377769563,2.3725100647826585,knn_physchem_full,log10,runs/knn_physchem_integrated_20261002_v2/knn_model.joblib,,,,knn_physchem_integrated_20261002_v2,ecoli50_random_20260928_v1,val,20260928,ok,,,,2.0.0,ecoli50_strength_v1
course_ecoli50_strength,ecoli50_r009463,115.17,247.15590755488844,2.392970995487985,knn_physchem_full,log10,runs/knn_physchem_integrated_20261002_v2/knn_model.joblib,,,,knn_physchem_integrated_20261002_v2,ecoli50_random_20260928_v1,val,20260928,ok,,,,2.0.0,ecoli50_strength_v1
course_ecoli50_strength,ecoli50_r009466,83.87,249.6089338553937,2.397260125299909,knn_physchem_full,log10,runs/knn_physchem_integrated_20261002_v2/knn_model.joblib,,,,knn_physchem_integrated_20261002_v2,ecoli50_random_20260928_v1,val,20260928,ok,,,,2.0.0,ecoli50_strength_v1
course_ecoli50_strength,ecoli50_r009467,59.44,194.8778665050923,2.2897625163851627,knn_physchem_full,log10,runs/knn_physchem_integrated_20261002_v2/knn_model.joblib,,,,knn_physchem_integrated_20261002_v2,ecoli50_random_20260928_v1,val,20260928,ok,,,,2.0.0,ecoli50_strength_v1
course_ecoli50_strength,ecoli50_r009468,65.02,219.7264441334856,2.3418823275174154,knn_physchem_full,log10,runs/knn_physchem_integrated_20261002_v2/knn_model.joblib,,,,knn_physchem_integrated_20261002_v2,ecoli50_random_20260928_v1,val,20260928,ok,,,,2.0.0,ecoli50_strength_v1
course_ecoli50_strength,ecoli50_r009475,295.23,247.5270380001293,2.393622644937893,knn_physchem_full,log10,runs/knn_physchem_integrated_20261002_v2/knn_model.joblib,,,,knn_physchem_integrated_20261002_v2,ecoli50_random_20260928_v1,val,20260928,ok,,,,2.0.0,ecoli50_strength_v1
course_ecoli50_strength,ecoli50_r009484,63.37,188.95238802328095,2.276352385000215,knn_physchem_full,log10,runs/knn_physchem_integrated_20261002_v2/knn_model.joblib,,,,knn_physchem_integrated_20261002_v2,ecoli50_random_20260928_v1,val,20260928,ok,,,,2.0.0,ecoli50_strength_v1
course_ecoli50_strength,ecoli50_r009488,66.15,194.16597044408184,2.288173117727739,knn_physchem_full,log10,runs/knn_physchem_integrated_20261002_v2/knn_model.joblib,,,,knn_physchem_integrated_20261002_v2,ecoli50_random_20260928_v1,val,20260928,ok,,,,2.0.0,ecoli50_strength_v1
course_ecoli50_strength,ecoli50_r009490,263.78,221.41748077618132,2.345211905182916,knn_physchem_full,log10,runs/knn_physchem_integrated_20261002_v2/knn_model.joblib,,,,knn_physchem_integrated_20261002_v2,ecoli50_random_20260928_v1,val,20260928,ok,,,,2.0.0,ecoli50_strength_v1
course_ecoli50_strength,ecoli50_r009492,152.32,198.2552732211503,2.297224747567904,knn_physchem_full,log10,runs/knn_physchem_integrated_20261002_v2/knn_model.joblib,,,,knn_physchem_integrated_20261002_v2,ecoli50_random_20260928_v1,val,20260928,ok,,,,2.0.0,ecoli50_strength_v1
course_ecoli50_strength,ecoli50_r009493,178.18,204.43630276534475,2.310558018129764,knn_physchem_full,log10,runs/knn_physchem_integrated_20261002_v2/knn_model.joblib,,,,knn_physchem_integrated_20261002_v2,ecoli50_random_20260928_v1,val,20260928,ok,,,,2.0.0,ecoli50_strength_v1
course_ecoli50_strength,ecoli50_r009494,1779.96,182.04772900035735,2.260185265589298,knn_physchem_full,log10,runs/knn_physchem_integrated_20261002_v2/knn_model.joblib,,,,knn_physchem_integrated_20261002_v2,ecoli50_random_20260928_v1,val,20260928,ok,,,,2.0.0,ecoli50_strength_v1
course_ecoli50_strength,ecoli50_r009503,19.11,139.61768452554648,2.144940431220032,knn_physchem_full,log10,runs/knn_physchem_integrated_20261002_v2/knn_model.joblib,,,,knn_physchem_integrated_20261002_v2,ecoli50_random_20260928_v1,val,20260928,ok,,,,2.0.0,ecoli50_strength_v1
course_ecoli50_strength,ecoli50_r009505,358.57,196.07741362451893,2.292427569684211,knn_physchem_full,log10,runs/knn_physchem_integrated_20261002_v2/knn_model.joblib,,,,knn_physchem_integrated_20261002_v2,ecoli50_random_20260928_v1,val,20260928,ok,,,,2.0.0,ecoli50_strength_v1
course_ecoli50_strength,ecoli50_r009545,246.44,150.9938904014084,2.178959374984327,knn_physchem_full,log10,runs/knn_physchem_integrated_20261002_v2/knn_model.joblib,,,,knn_physchem_integrated_20261002_v2,ecoli50_random_20260928_v1,val,20260928,ok,,,,2.0.0,ecoli50_strength_v1
course_ecoli50_strength,ecoli50_r009547,114.62,250.3375205969052,2.398525946559825,knn_physchem_full,log10,runs/knn_physchem_integrated_20261002_v2/knn_model.joblib,,,,knn_physchem_integrated_20261002_v2,ecoli50_random_20260928_v1,val,20260928,ok,,,,2.0.0,ecoli50_strength_v1
course_ecoli50_strength,ecoli50_r009550,50.46,222.7599713218133,2.347837153306521,knn_physchem_full,log10,runs/knn_physchem_integrated_20261002_v2/knn_model.joblib,,,,knn_physchem_integrated_20261002_v2,ecoli50_random_20260928_v1,val,20260928,ok,,,,2.0.0,ecoli50_strength_v1
course_ecoli50_strength,ecoli50_r009561,120.27,233.7402165111343,2.3687334419867,knn_physchem_full,log10,runs/knn_physchem_integrated_20261002_v2/knn_model.joblib,,,,knn_physchem_integrated_20261002_v2,ecoli50_random_20260928_v1,val,20260928,ok,,,,2.0.0,ecoli50_strength_v1
course_ecoli50_strength,ecoli50_r009565,440.98,221.6962665307941,2.345758379453112,knn_physchem_full,log10,runs/knn_physchem_integrated_20261002_v2/knn_model.joblib,,,,knn_physchem_integrated_20261002_v2,ecoli50_random_20260928_v1,val,20260928,ok,,,,2.0.0,ecoli50_strength_v1
course_ecoli50_strength,ecoli50_r009566,31.91,202.5117902689549,2.306450312981244,knn_physchem_full,log10,runs/knn_physchem_integrated_20261002_v2/knn_model.joblib,,,,knn_physchem_integrated_20261002_v2,ecoli50_random_20260928_v1,val,20260928,ok,,,,2.0.0,ecoli50_strength_v1
course_ecoli50_strength,ecoli50_r009580,646.45,220.91980405487877,2.344234649353728,knn_physchem_full,log10,runs/knn_physchem_integrated_20261002_v2/knn_model.joblib,,,,knn_physchem_integrated_20261002_v2,ecoli50_random_20260928_v1,val,20260928,ok,,,,2.0.0,ecoli50_strength_v1
course_ecoli50_strength,ecoli50_r009583,69.27,151.7130958874924,2.181023070741872,knn_physchem_full,log10,runs/knn_physchem_integrated_20261002_v2/knn_model.joblib,,,,knn_physchem_integrated_20261002_v2,ecoli50_random_20260928_v1,val,20260928,ok,,,,2.0.0,ecoli50_strength_v1
course_ecoli50_strength,ecoli50_r009599,148.33,141.79236406794345,2.151652843453187,knn_physchem_full,log10,runs/knn_physchem_integrated_20261002_v2/knn_model.joblib,,,,knn_physchem_integrated_20261002_v2,ecoli50_random_20260928_v1,val,20260928,ok,,,,2.0.0,ecoli50_strength_v1
course_ecoli50_strength,ecoli50_r009600,137.4,177.94760352068135,2.250292143591608,knn_physchem_full,log10,runs/knn_physchem_integrated_20261002_v2/knn_model.joblib,,,,knn_physchem_integrated_20261002_v2,ecoli50_random_20260928_v1,val,20260928,ok,,,,2.0.0,ecoli50_strength_v1
course_ecoli50_strength,ecoli50_r009602,288.64,160.7262941671715,2.206086931384211,knn_physchem_full,log10,runs/knn_physchem_integrated_20261002_v2/knn_model.joblib,,,,knn_physchem_integrated_20261002_v2,ecoli50_random_20260928_v1,val,20260928,ok,,,,2.0.0,ecoli50_strength_v1
course_ecoli50_strength,ecoli50_r009611,484.85,157.02468627509583,2.1959679343854197,knn_physchem_full,log10,runs/knn_physchem_integrated_20261002_v2/knn_model.joblib,,,,knn_physchem_integrated_20261002_v2,ecoli50_random_20260928_v1,val,20260928,ok,,,,2.0.0,ecoli50_strength_v1
course_ecoli50_strength,ecoli50_r009615,645.49,249.33829421979337,2.396788984043924,knn_physchem_full,log10,runs/knn_physchem_integrated_20261002_v2/knn_model.joblib,,,,knn_physchem_integrated_20261002_v2,ecoli50_random_20260928_v1,val,20260928,ok,,,,2.0.0,ecoli50_strength_v1
course_ecoli50_strength,ecoli50_r009625,21.81,156.80728888046755,2.195366246148124,knn_physchem_full,log10,runs/knn_physchem_integrated_20261002_v2/knn_model.joblib,,,,knn_physchem_integrated_20261002_v2,ecoli50_random_20260928_v1,val,20260928,ok,,,,2.0.0,ecoli50_strength_v1
course_ecoli50_strength,ecoli50_r009630,15.36,174.18325089368284,2.2410063918073058,knn_physchem_full,log10,runs/knn_physchem_integrated_20261002_v2/knn_model.joblib,,,,knn_physchem_integrated_20261002_v2,ecoli50_random_20260928_v1,val,20260928,ok,,,,2.0.0,ecoli50_strength_v1
course_ecoli50_strength,ecoli50_r009640,66.15,258.00581518474115,2.4116294946228543,knn_physchem_full,log10,runs/knn_physchem_integrated_20261002_v2/knn_model.joblib,,,,knn_physchem_integrated_20261002_v2,ecoli50_random_20260928_v1,val,20260928,ok,,,,2.0.0,ecoli50_strength_v1
course_ecoli50_strength,ecoli50_r009642,216.48,221.17149190042932,2.3447291474598617,knn_physchem_full,log10,runs/knn_physchem_integrated_20261002_v2/knn_model.joblib,,,,knn_physchem_integrated_20261002_v2,ecoli50_random_20260928_v1,val,20260928,ok,,,,2.0.0,ecoli50_strength_v1
course_ecoli50_strength,ecoli50_r009651,159.75,199.7329954978277,2.300449815391207,knn_physchem_full,log10,runs/knn_physchem_integrated_20261002_v2/knn_model.joblib,,,,knn_physchem_integrated_20261002_v2,ecoli50_random_20260928_v1,val,20260928,ok,,,,2.0.0,ecoli50_strength_v1
course_ecoli50_strength,ecoli50_r009653,6323.27,201.47237330670987,2.304215502372778,knn_physchem_full,log10,runs/knn_physchem_integrated_20261002_v2/knn_model.joblib,,,,knn_physchem_integrated_20261002_v2,ecoli50_random_20260928_v1,val,20260928,ok,,,,2.0.0,ecoli50_strength_v1
course_ecoli50_strength,ecoli50_r009659,521.69,154.29598906009562,2.1883546366807223,knn_physchem_full,log10,runs/knn_physchem_integrated_20261002_v2/knn_model.joblib,,,,knn_physchem_integrated_20261002_v2,ecoli50_random_20260928_v1,val,20260928,ok,,,,2.0.0,ecoli50_strength_v1
course_ecoli50_strength,ecoli50_r009687,1088.42,185.2446901826938,2.2677457682983,knn_physchem_full,log10,runs/knn_physchem_integrated_20261002_v2/knn_model.joblib,,,,knn_physchem_integrated_20261002_v2,ecoli50_random_20260928_v1,val,20260928,ok,,,,2.0.0,ecoli50_strength_v1
course_ecoli50_strength,ecoli50_r009694,22.6,215.45402688604025,2.333354615565455,knn_physchem_full,log10,runs/knn_physchem_integrated_20261002_v2/knn_model.joblib,,,,knn_physchem_integrated_20261002_v2,ecoli50_random_20260928_v1,val,20260928,ok,,,,2.0.0,ecoli50_strength_v1
course_ecoli50_strength,ecoli50_r009706,56.0,190.79575650388583,2.280568711314405,knn_physchem_full,log10,runs/knn_physchem_integrated_20261002_v2/knn_model.joblib,,,,knn_physchem_integrated_20261002_v2,ecoli50_random_20260928_v1,val,20260928,ok,,,,2.0.0,ecoli50_strength_v1
course_ecoli50_strength,ecoli50_r009708,1211.16,140.24102462129775,2.1468750761159017,knn_physchem_full,log10,runs/knn_physchem_integrated_20261002_v2/knn_model.joblib,,,,knn_physchem_integrated_20261002_v2,ecoli50_random_20260928_v1,val,20260928,ok,,,,2.0.0,ecoli50_strength_v1
course_ecoli50_strength,ecoli50_r009709,109.53,156.54099388277666,2.1946280868393986,knn_physchem_full,log10,runs/knn_physchem_integrated_20261002_v2/knn_model.joblib,,,,knn_physchem_integrated_20261002_v2,ecoli50_random_20260928_v1,val,20260928,ok,,,,2.0.0,ecoli50_strength_v1
course_ecoli50_strength,ecoli50_r009717,401.57,155.58214036823867,2.191959741852322,knn_physchem_full,log10,runs/knn_physchem_integrated_20261002_v2/knn_model.joblib,,,,knn_physchem_integrated_20261002_v2,ecoli50_random_20260928_v1,val,20260928,ok,,,,2.0.0,ecoli50_strength_v1
course_ecoli50_strength,ecoli50_r009733,110.71,153.47540954669745,2.1860388009618217,knn_physchem_full,log10,runs/knn_physchem_integrated_20261002_v2/knn_model.joblib,,,,knn_physchem_integrated_20261002_v2,ecoli50_random_20260928_v1,val,20260928,ok,,,,2.0.0,ecoli50_strength_v1
course_ecoli50_strength,ecoli50_r009734,521.24,227.8210878619377,2.3575939213155075,knn_physchem_full,log10,runs/knn_physchem_integrated_20261002_v2/knn_model.joblib,,,,knn_physchem_integrated_20261002_v2,ecoli50_random_20260928_v1,val,20260928,ok,,,,2.0.0,ecoli50_strength_v1
course_ecoli50_strength,ecoli50_r009740,24040.33,178.6033909872154,2.251889700202334,knn_physchem_full,log10,runs/knn_physchem_integrated_20261002_v2/knn_model.joblib,,,,knn_physchem_integrated_20261002_v2,ecoli50_random_20260928_v1,val,20260928,ok,,,,2.0.0,ecoli50_strength_v1
course_ecoli50_strength,ecoli50_r009751,168.37,209.5073976422241,2.3211993623785703,knn_physchem_full,log10,runs/knn_physchem_integrated_20261002_v2/knn_model.joblib,,,,knn_physchem_integrated_20261002_v2,ecoli50_random_20260928_v1,val,20260928,ok,,,,2.0.0,ecoli50_strength_v1
course_ecoli50_strength,ecoli50_r009763,38.58,146.87604168144028,2.166950959751281,knn_physchem_full,log10,runs/knn_physchem_integrated_20261002_v2/knn_model.joblib,,,,knn_physchem_integrated_20261002_v2,ecoli50_random_20260928_v1,val,20260928,ok,,,,2.0.0,ecoli50_strength_v1
course_ecoli50_strength,ecoli50_r009766,3858.18,178.9377875397063,2.2527020632451427,knn_physchem_full,log10,runs/knn_physchem_integrated_20261002_v2/knn_model.joblib,,,,knn_physchem_integrated_20261002_v2,ecoli50_random_20260928_v1,val,20260928,ok,,,,2.0.0,ecoli50_strength_v1
course_ecoli50_strength,ecoli50_r009769,157.45,210.68261644206223,2.323628703169846,knn_physchem_full,log10,runs/knn_physchem_integrated_20261002_v2/knn_model.joblib,,,,knn_physchem_integrated_20261002_v2,ecoli50_random_20260928_v1,val,20260928,ok,,,,2.0.0,ecoli50_strength_v1
course_ecoli50_strength,ecoli50_r009781,1297.84,204.9119814040912,2.311567352767001,knn_physchem_full,log10,runs/knn_physchem_integrated_20261002_v2/knn_model.joblib,,,,knn_physchem_integrated_20261002_v2,ecoli50_random_20260928_v1,val,20260928,ok,,,,2.0.0,ecoli50_strength_v1
course_ecoli50_strength,ecoli50_r009788,614.54,209.9565193821109,2.322129364507265,knn_physchem_full,log10,runs/knn_physchem_integrated_20261002_v2/knn_model.joblib,,,,knn_physchem_integrated_20261002_v2,ecoli50_random_20260928_v1,val,20260928,ok,,,,2.0.0,ecoli50_strength_v1
course_ecoli50_strength,ecoli50_r009790,27.24,195.08034574123332,2.2902135166210704,knn_physchem_full,log10,runs/knn_physchem_integrated_20261002_v2/knn_model.joblib,,,,knn_physchem_integrated_20261002_v2,ecoli50_random_20260928_v1,val,20260928,ok,,,,2.0.0,ecoli50_strength_v1
course_ecoli50_strength,ecoli50_r009792,108.24,158.04327202208194,2.1987760124446454,knn_physchem_full,log10,runs/knn_physchem_integrated_20261002_v2/knn_model.joblib,,,,knn_physchem_integrated_20261002_v2,ecoli50_random_20260928_v1,val,20260928,ok,,,,2.0.0,ecoli50_strength_v1
course_ecoli50_strength,ecoli50_r009812,103.16,175.6911447678863,2.244749872620171,knn_physchem_full,log10,runs/knn_physchem_integrated_20261002_v2/knn_model.joblib,,,,knn_physchem_integrated_20261002_v2,ecoli50_random_20260928_v1,val,20260928,ok,,,,2.0.0,ecoli50_strength_v1
course_ecoli50_strength,ecoli50_r009819,313.12,193.47283528674603,2.2866199961598515,knn_physchem_full,log10,runs/knn_physchem_integrated_20261002_v2/knn_model.joblib,,,,knn_physchem_integrated_20261002_v2,ecoli50_random_20260928_v1,val,20260928,ok,,,,2.0.0,ecoli50_strength_v1
course_ecoli50_strength,ecoli50_r009820,51.11,224.15954813333445,2.350557242480434,knn_physchem_full,log10,runs/knn_physchem_integrated_20261002_v2/knn_model.joblib,,,,knn_physchem_integrated_20261002_v2,ecoli50_random_20260928_v1,val,20260928,ok,,,,2.0.0,ecoli50_strength_v1
course_ecoli50_strength,ecoli50_r009822,23.93,226.7115622985923,2.3554736697269925,knn_physchem_full,log10,runs/knn_physchem_integrated_20261002_v2/knn_model.joblib,,,,knn_physchem_integrated_20261002_v2,ecoli50_random_20260928_v1,val,20260928,ok,,,,2.0.0,ecoli50_strength_v1
course_ecoli50_strength,ecoli50_r009824,173.75,140.9794015422124,2.149155662654991,knn_physchem_full,log10,runs/knn_physchem_integrated_20261002_v2/knn_model.joblib,,,,knn_physchem_integrated_20261002_v2,ecoli50_random_20260928_v1,val,20260928,ok,,,,2.0.0,ecoli50_strength_v1
course_ecoli50_strength,ecoli50_r009828,1531.8,187.3046143262198,2.2725484765302317,knn_physchem_full,log10,runs/knn_physchem_integrated_20261002_v2/knn_model.joblib,,,,knn_physchem_integrated_20261002_v2,ecoli50_random_20260928_v1,val,20260928,ok,,,,2.0.0,ecoli50_strength_v1
course_ecoli50_strength,ecoli50_r009841,328.78,164.80491803837768,2.216970167585975,knn_physchem_full,log10,runs/knn_physchem_integrated_20261002_v2/knn_model.joblib,,,,knn_physchem_integrated_20261002_v2,ecoli50_random_20260928_v1,val,20260928,ok,,,,2.0.0,ecoli50_strength_v1
course_ecoli50_strength,ecoli50_r009850,72.16,155.1872023526583,2.1908559039274142,knn_physchem_full,log10,runs/knn_physchem_integrated_20261002_v2/knn_model.joblib,,,,knn_physchem_integrated_20261002_v2,ecoli50_random_20260928_v1,val,20260928,ok,,,,2.0.0,ecoli50_strength_v1
course_ecoli50_strength,ecoli50_r009852,1876.18,216.0692063485436,2.334592876712765,knn_physchem_full,log10,runs/knn_physchem_integrated_20261002_v2/knn_model.joblib,,,,knn_physchem_integrated_20261002_v2,ecoli50_random_20260928_v1,val,20260928,ok,,,,2.0.0,ecoli50_strength_v1
course_ecoli50_strength,ecoli50_r009856,1799.4,212.59754596689203,2.3275582471148963,knn_physchem_full,log10,runs/knn_physchem_integrated_20261002_v2/knn_model.joblib,,,,knn_physchem_integrated_20261002_v2,ecoli50_random_20260928_v1,val,20260928,ok,,,,2.0.0,ecoli50_strength_v1
course_ecoli50_strength,ecoli50_r009867,10132.55,225.05306733603845,2.3522849364837293,knn_physchem_full,log10,runs/knn_physchem_integrated_20261002_v2/knn_model.joblib,,,,knn_physchem_integrated_20261002_v2,ecoli50_random_20260928_v1,val,20260928,ok,,,,2.0.0,ecoli50_strength_v1
course_ecoli50_strength,ecoli50_r009877,40.26,144.5574194144352,2.1600403867576743,knn_physchem_full,log10,runs/knn_physchem_integrated_20261002_v2/knn_model.joblib,,,,knn_physchem_integrated_20261002_v2,ecoli50_random_20260928_v1,val,20260928,ok,,,,2.0.0,ecoli50_strength_v1
course_ecoli50_strength,ecoli50_r009883,241.49,146.95432181050546,2.167182362854051,knn_physchem_full,log10,runs/knn_physchem_integrated_20261002_v2/knn_model.joblib,,,,knn_physchem_integrated_20261002_v2,ecoli50_random_20260928_v1,val,20260928,ok,,,,2.0.0,ecoli50_strength_v1
course_ecoli50_strength,ecoli50_r009884,132.63,201.369466150661,2.3039936187121697,knn_physchem_full,log10,runs/knn_physchem_integrated_20261002_v2/knn_model.joblib,,,,knn_physchem_integrated_20261002_v2,ecoli50_random_20260928_v1,val,20260928,ok,,,,2.0.0,ecoli50_strength_v1
course_ecoli50_strength,ecoli50_r009887,271.21,174.19100144184077,2.2410257159696094,knn_physchem_full,log10,runs/knn_physchem_integrated_20261002_v2/knn_model.joblib,,,,knn_physchem_integrated_20261002_v2,ecoli50_random_20260928_v1,val,20260928,ok,,,,2.0.0,ecoli50_strength_v1
course_ecoli50_strength,ecoli50_r009891,748.67,169.8956381725072,2.23018222912256,knn_physchem_full,log10,runs/knn_physchem_integrated_20261002_v2/knn_model.joblib,,,,knn_physchem_integrated_20261002_v2,ecoli50_random_20260928_v1,val,20260928,ok,,,,2.0.0,ecoli50_strength_v1
course_ecoli50_strength,ecoli50_r009898,84.19,190.6237296067959,2.280176962387402,knn_physchem_full,log10,runs/knn_physchem_integrated_20261002_v2/knn_model.joblib,,,,knn_physchem_integrated_20261002_v2,ecoli50_random_20260928_v1,val,20260928,ok,,,,2.0.0,ecoli50_strength_v1
course_ecoli50_strength,ecoli50_r009904,175.52,165.58645745040712,2.219024814966609,knn_physchem_full,log10,runs/knn_physchem_integrated_20261002_v2/knn_model.joblib,,,,knn_physchem_integrated_20261002_v2,ecoli50_random_20260928_v1,val,20260928,ok,,,,2.0.0,ecoli50_strength_v1
course_ecoli50_strength,ecoli50_r009907,43.05,175.878870241779,2.245213667265288,knn_physchem_full,log10,runs/knn_physchem_integrated_20261002_v2/knn_model.joblib,,,,knn_physchem_integrated_20261002_v2,ecoli50_random_20260928_v1,val,20260928,ok,,,,2.0.0,ecoli50_strength_v1
course_ecoli50_strength,ecoli50_r009909,59.44,225.44248730353831,2.3530357673561366,knn_physchem_full,log10,runs/knn_physchem_integrated_20261002_v2/knn_model.joblib,,,,knn_physchem_integrated_20261002_v2,ecoli50_random_20260928_v1,val,20260928,ok,,,,2.0.0,ecoli50_strength_v1
course_ecoli50_strength,ecoli50_r009920,60.39,145.0302128901033,2.1614584844738487,knn_physchem_full,log10,runs/knn_physchem_integrated_20261002_v2/knn_model.joblib,,,,knn_physchem_integrated_20261002_v2,ecoli50_random_20260928_v1,val,20260928,ok,,,,2.0.0,ecoli50_strength_v1
course_ecoli50_strength,ecoli50_r009922,28.81,154.9575841536887,2.190212836951499,knn_physchem_full,log10,runs/knn_physchem_integrated_20261002_v2/knn_model.joblib,,,,knn_physchem_integrated_20261002_v2,ecoli50_random_20260928_v1,val,20260928,ok,,,,2.0.0,ecoli50_strength_v1
course_ecoli50_strength,ecoli50_r009927,85.45,161.95804619209798,2.209402528944062,knn_physchem_full,log10,runs/knn_physchem_integrated_20261002_v2/knn_model.joblib,,,,knn_physchem_integrated_20261002_v2,ecoli50_random_20260928_v1,val,20260928,ok,,,,2.0.0,ecoli50_strength_v1
course_ecoli50_strength,ecoli50_r009935,4807.43,257.80467782847444,2.41129079329924,knn_physchem_full,log10,runs/knn_physchem_integrated_20261002_v2/knn_model.joblib,,,,knn_physchem_integrated_20261002_v2,ecoli50_random_20260928_v1,val,20260928,ok,,,,2.0.0,ecoli50_strength_v1
course_ecoli50_strength,ecoli50_r009939,52.74,166.23580058940254,2.2207245593042626,knn_physchem_full,log10,runs/knn_physchem_integrated_20261002_v2/knn_model.joblib,,,,knn_physchem_integrated_20261002_v2,ecoli50_random_20260928_v1,val,20260928,ok,,,,2.0.0,ecoli50_strength_v1
course_ecoli50_strength,ecoli50_r009943,322.35,233.2937432008431,2.367903091430761,knn_physchem_full,log10,runs/knn_physchem_integrated_20261002_v2/knn_model.joblib,,,,knn_physchem_integrated_20261002_v2,ecoli50_random_20260928_v1,val,20260928,ok,,,,2.0.0,ecoli50_strength_v1
course_ecoli50_strength,ecoli50_r009952,66.15,259.6193674451256,2.4143370874380565,knn_physchem_full,log10,runs/knn_physchem_integrated_20261002_v2/knn_model.joblib,,,,knn_physchem_integrated_20261002_v2,ecoli50_random_20260928_v1,val,20260928,ok,,,,2.0.0,ecoli50_strength_v1
course_ecoli50_strength,ecoli50_r009966,58.95,141.18952398784316,2.149802474031247,knn_physchem_full,log10,runs/knn_physchem_integrated_20261002_v2/knn_model.joblib,,,,knn_physchem_integrated_20261002_v2,ecoli50_random_20260928_v1,val,20260928,ok,,,,2.0.0,ecoli50_strength_v1
course_ecoli50_strength,ecoli50_r009975,1324.37,158.1947778109366,2.199192142844797,knn_physchem_full,log10,runs/knn_physchem_integrated_20261002_v2/knn_model.joblib,,,,knn_physchem_integrated_20261002_v2,ecoli50_random_20260928_v1,val,20260928,ok,,,,2.0.0,ecoli50_strength_v1
course_ecoli50_strength,ecoli50_r009976,146.27,176.83635149770947,2.247571545926452,knn_physchem_full,log10,runs/knn_physchem_integrated_20261002_v2/knn_model.joblib,,,,knn_physchem_integrated_20261002_v2,ecoli50_random_20260928_v1,val,20260928,ok,,,,2.0.0,ecoli50_strength_v1
course_ecoli50_strength,ecoli50_r010006,58.61,155.1436889620339,2.1907341137602745,knn_physchem_full,log10,runs/knn_physchem_integrated_20261002_v2/knn_model.joblib,,,,knn_physchem_integrated_20261002_v2,ecoli50_random_20260928_v1,val,20260928,ok,,,,2.0.0,ecoli50_strength_v1
course_ecoli50_strength,ecoli50_r010021,60.95,179.20251926173785,2.25334411076015,knn_physchem_full,log10,runs/knn_physchem_integrated_20261002_v2/knn_model.joblib,,,,knn_physchem_integrated_20261002_v2,ecoli50_random_20260928_v1,val,20260928,ok,,,,2.0.0,ecoli50_strength_v1
course_ecoli50_strength,ecoli50_r010031,48.11,241.0239011330397,2.382060111518854,knn_physchem_full,log10,runs/knn_physchem_integrated_20261002_v2/knn_model.joblib,,,,knn_physchem_integrated_20261002_v2,ecoli50_random_20260928_v1,val,20260928,ok,,,,2.0.0,ecoli50_strength_v1
course_ecoli50_strength,ecoli50_r010043,244.64,148.1769840476078,2.17078075102939,knn_physchem_full,log10,runs/knn_physchem_integrated_20261002_v2/knn_model.joblib,,,,knn_physchem_integrated_20261002_v2,ecoli50_random_20260928_v1,val,20260928,ok,,,,2.0.0,ecoli50_strength_v1
course_ecoli50_strength,ecoli50_r010045,24.05,140.8535361181882,2.1487677543912937,knn_physchem_full,log10,runs/knn_physchem_integrated_20261002_v2/knn_model.joblib,,,,knn_physchem_integrated_20261002_v2,ecoli50_random_20260928_v1,val,20260928,ok,,,,2.0.0,ecoli50_strength_v1
course_ecoli50_strength,ecoli50_r010046,3477.96,263.0998183074581,2.420120548168958,knn_physchem_full,log10,runs/knn_physchem_integrated_20261002_v2/knn_model.joblib,,,,knn_physchem_integrated_20261002_v2,ecoli50_random_20260928_v1,val,20260928,ok,,,,2.0.0,ecoli50_strength_v1
course_ecoli50_strength,ecoli50_r010048,84.0,153.23210381397877,2.18534976430835,knn_physchem_full,log10,runs/knn_physchem_integrated_20261002_v2/knn_model.joblib,,,,knn_physchem_integrated_20261002_v2,ecoli50_random_20260928_v1,val,20260928,ok,,,,2.0.0,ecoli50_strength_v1
course_ecoli50_strength,ecoli50_r010057,104.03,168.9469870505425,2.227750451103568,knn_physchem_full,log10,runs/knn_physchem_integrated_20261002_v2/knn_model.joblib,,,,knn_physchem_integrated_20261002_v2,ecoli50_random_20260928_v1,val,20260928,ok,,,,2.0.0,ecoli50_strength_v1
course_ecoli50_strength,ecoli50_r010058,61.17,155.6098249336691,2.1920370141175,knn_physchem_full,log10,runs/knn_physchem_integrated_20261002_v2/knn_model.joblib,,,,knn_physchem_integrated_20261002_v2,ecoli50_random_20260928_v1,val,20260928,ok,,,,2.0.0,ecoli50_strength_v1
course_ecoli50_strength,ecoli50_r010076,3746.34,238.97001831762165,2.378343416864479,knn_physchem_full,log10,runs/knn_physchem_integrated_20261002_v2/knn_model.joblib,,,,knn_physchem_integrated_20261002_v2,ecoli50_random_20260928_v1,val,20260928,ok,,,,2.0.0,ecoli50_strength_v1
course_ecoli50_strength,ecoli50_r010077,265.03,190.1025388274093,2.2789879169252627,knn_physchem_full,log10,runs/knn_physchem_integrated_20261002_v2/knn_model.joblib,,,,knn_physchem_integrated_20261002_v2,ecoli50_random_20260928_v1,val,20260928,ok,,,,2.0.0,ecoli50_strength_v1
course_ecoli50_strength,ecoli50_r010108,33.55,157.92870105963684,2.1984610633782986,knn_physchem_full,log10,runs/knn_physchem_integrated_20261002_v2/knn_model.joblib,,,,knn_physchem_integrated_20261002_v2,ecoli50_random_20260928_v1,val,20260928,ok,,,,2.0.0,ecoli50_strength_v1
course_ecoli50_strength,ecoli50_r010123,55.73,235.0888990483068,2.3712321221241366,knn_physchem_full,log10,runs/knn_physchem_integrated_20261002_v2/knn_model.joblib,,,,knn_physchem_integrated_20261002_v2,ecoli50_random_20260928_v1,val,20260928,ok,,,,2.0.0,ecoli50_strength_v1
course_ecoli50_strength,ecoli50_r010129,336.01,194.70461505310064,2.289376245656351,knn_physchem_full,log10,runs/knn_physchem_integrated_20261002_v2/knn_model.joblib,,,,knn_physchem_integrated_20261002_v2,ecoli50_random_20260928_v1,val,20260928,ok,,,,2.0.0,ecoli50_strength_v1
course_ecoli50_strength,ecoli50_r010130,351.04,149.46462917297066,2.174538428964868,knn_physchem_full,log10,runs/knn_physchem_integrated_20261002_v2/knn_model.joblib,,,,knn_physchem_integrated_20261002_v2,ecoli50_random_20260928_v1,val,20260928,ok,,,,2.0.0,ecoli50_strength_v1
course_ecoli50_strength,ecoli50_r010131,42.55,222.76995806433536,2.3478566230969173,knn_physchem_full,log10,runs/knn_physchem_integrated_20261002_v2/knn_model.joblib,,,,knn_physchem_integrated_20261002_v2,ecoli50_random_20260928_v1,val,20260928,ok,,,,2.0.0,ecoli50_strength_v1
course_ecoli50_strength,ecoli50_r010143,79.58,146.07840467947014,2.1645860172912217,knn_physchem_full,log10,runs/knn_physchem_integrated_20261002_v2/knn_model.joblib,,,,knn_physchem_integrated_20261002_v2,ecoli50_random_20260928_v1,val,20260928,ok,,,,2.0.0,ecoli50_strength_v1
course_ecoli50_strength,ecoli50_r010147,565.91,148.9019384200558,2.172900351477188,knn_physchem_full,log10,runs/knn_physchem_integrated_20261002_v2/knn_model.joblib,,,,knn_physchem_integrated_20261002_v2,ecoli50_random_20260928_v1,val,20260928,ok,,,,2.0.0,ecoli50_strength_v1
course_ecoli50_strength,ecoli50_r010148,48.3,196.78221206347092,2.2939858382425555,knn_physchem_full,log10,runs/knn_physchem_integrated_20261002_v2/knn_model.joblib,,,,knn_physchem_integrated_20261002_v2,ecoli50_random_20260928_v1,val,20260928,ok,,,,2.0.0,ecoli50_strength_v1
course_ecoli50_strength,ecoli50_r010154,84.19,200.8516908486278,2.3028754921450507,knn_physchem_full,log10,runs/knn_physchem_integrated_20261002_v2/knn_model.joblib,,,,knn_physchem_integrated_20261002_v2,ecoli50_random_20260928_v1,val,20260928,ok,,,,2.0.0,ecoli50_strength_v1
course_ecoli50_strength,ecoli50_r010172,77.16,162.94795564669712,2.2120489161547807,knn_physchem_full,log10,runs/knn_physchem_integrated_20261002_v2/knn_model.joblib,,,,knn_physchem_integrated_20261002_v2,ecoli50_random_20260928_v1,val,20260928,ok,,,,2.0.0,ecoli50_strength_v1
course_ecoli50_strength,ecoli50_r010177,421.19,239.5494284011344,2.379395138907254,knn_physchem_full,log10,runs/knn_physchem_integrated_20261002_v2/knn_model.joblib,,,,knn_physchem_integrated_20261002_v2,ecoli50_random_20260928_v1,val,20260928,ok,,,,2.0.0,ecoli50_strength_v1
course_ecoli50_strength,ecoli50_r010183,28.6,189.97032488477385,2.278685765451082,knn_physchem_full,log10,runs/knn_physchem_integrated_20261002_v2/knn_model.joblib,,,,knn_physchem_integrated_20261002_v2,ecoli50_random_20260928_v1,val,20260928,ok,,,,2.0.0,ecoli50_strength_v1
course_ecoli50_strength,ecoli50_r010192,1138.71,199.71022698129525,2.300400305270392,knn_physchem_full,log10,runs/knn_physchem_integrated_20261002_v2/knn_model.joblib,,,,knn_physchem_integrated_20261002_v2,ecoli50_random_20260928_v1,val,20260928,ok,,,,2.0.0,ecoli50_strength_v1
course_ecoli50_strength,ecoli50_r010194,79.58,176.85695200921688,2.2476221360190176,knn_physchem_full,log10,runs/knn_physchem_integrated_20261002_v2/knn_model.joblib,,,,knn_physchem_integrated_20261002_v2,ecoli50_random_20260928_v1,val,20260928,ok,,,,2.0.0,ecoli50_strength_v1
course_ecoli50_strength,ecoli50_r010202,78.33,182.8279994675165,2.262042707169472,knn_physchem_full,log10,runs/knn_physchem_integrated_20261002_v2/knn_model.joblib,,,,knn_physchem_integrated_20261002_v2,ecoli50_random_20260928_v1,val,20260928,ok,,,,2.0.0,ecoli50_strength_v1
course_ecoli50_strength,ecoli50_r010204,103.72,164.58106509008462,2.2163798685438283,knn_physchem_full,log10,runs/knn_physchem_integrated_20261002_v2/knn_model.joblib,,,,knn_physchem_integrated_20261002_v2,ecoli50_random_20260928_v1,val,20260928,ok,,,,2.0.0,ecoli50_strength_v1
course_ecoli50_strength,ecoli50_r010207,67.79,151.92605125968362,2.181632250151492,knn_physchem_full,log10,runs/knn_physchem_integrated_20261002_v2/knn_model.joblib,,,,knn_physchem_integrated_20261002_v2,ecoli50_random_20260928_v1,val,20260928,ok,,,,2.0.0,ecoli50_strength_v1
course_ecoli50_strength,ecoli50_r010215,960.38,159.96428430171474,2.204023027267414,knn_physchem_full,log10,runs/knn_physchem_integrated_20261002_v2/knn_model.joblib,,,,knn_physchem_integrated_20261002_v2,ecoli50_random_20260928_v1,val,20260928,ok,,,,2.0.0,ecoli50_strength_v1
course_ecoli50_strength,ecoli50_r010218,73.59,178.70682159092027,2.2521411306967467,knn_physchem_full,log10,runs/knn_physchem_integrated_20261002_v2/knn_model.joblib,,,,knn_physchem_integrated_20261002_v2,ecoli50_random_20260928_v1,val,20260928,ok,,,,2.0.0,ecoli50_strength_v1
course_ecoli50_strength,ecoli50_r010225,63.94,158.674868733947,2.2005081477098254,knn_physchem_full,log10,runs/knn_physchem_integrated_20261002_v2/knn_model.joblib,,,,knn_physchem_integrated_20261002_v2,ecoli50_random_20260928_v1,val,20260928,ok,,,,2.0.0,ecoli50_strength_v1
course_ecoli50_strength,ecoli50_r010233,117.42,203.81702206633557,2.309240451901861,knn_physchem_full,log10,runs/knn_physchem_integrated_20261002_v2/knn_model.joblib,,,,knn_physchem_integrated_20261002_v2,ecoli50_random_20260928_v1,val,20260928,ok,,,,2.0.0,ecoli50_strength_v1
course_ecoli50_strength,ecoli50_r010239,542.51,230.1135951800333,2.361942277674516,knn_physchem_full,log10,runs/knn_physchem_integrated_20261002_v2/knn_model.joblib,,,,knn_physchem_integrated_20261002_v2,ecoli50_random_20260928_v1,val,20260928,ok,,,,2.0.0,ecoli50_strength_v1
course_ecoli50_strength,ecoli50_r010243,142.58,176.27636276273142,2.246194080819208,knn_physchem_full,log10,runs/knn_physchem_integrated_20261002_v2/knn_model.joblib,,,,knn_physchem_integrated_20261002_v2,ecoli50_random_20260928_v1,val,20260928,ok,,,,2.0.0,ecoli50_strength_v1
course_ecoli50_strength,ecoli50_r010257,31.27,162.82580594974263,2.2117232365077792,knn_physchem_full,log10,runs/knn_physchem_integrated_20261002_v2/knn_model.joblib,,,,knn_physchem_integrated_20261002_v2,ecoli50_random_20260928_v1,val,20260928,ok,,,,2.0.0,ecoli50_strength_v1
course_ecoli50_strength,ecoli50_r010263,144.89,187.1829861241833,2.2722663712814484,knn_physchem_full,log10,runs/knn_physchem_integrated_20261002_v2/knn_model.joblib,,,,knn_physchem_integrated_20261002_v2,ecoli50_random_20260928_v1,val,20260928,ok,,,,2.0.0,ecoli50_strength_v1
course_ecoli50_strength,ecoli50_r010265,586.11,150.40275032007173,2.177255777997043,knn_physchem_full,log10,runs/knn_physchem_integrated_20261002_v2/knn_model.joblib,,,,knn_physchem_integrated_20261002_v2,ecoli50_random_20260928_v1,val,20260928,ok,,,,2.0.0,ecoli50_strength_v1
course_ecoli50_strength,ecoli50_r010269,932.31,139.46883759225494,2.144477181275782,knn_physchem_full,log10,runs/knn_physchem_integrated_20261002_v2/knn_model.joblib,,,,knn_physchem_integrated_20261002_v2,ecoli50_random_20260928_v1,val,20260928,ok,,,,2.0.0,ecoli50_strength_v1
course_ecoli50_strength,ecoli50_r010273,2248.53,161.16181423400897,2.2072621476924144,knn_physchem_full,log10,runs/knn_physchem_integrated_20261002_v2/knn_model.joblib,,,,knn_physchem_integrated_20261002_v2,ecoli50_random_20260928_v1,val,20260928,ok,,,,2.0.0,ecoli50_strength_v1
course_ecoli50_strength,ecoli50_r010274,111.89,211.50057652448788,2.325311555545872,knn_physchem_full,log10,runs/knn_physchem_integrated_20261002_v2/knn_model.joblib,,,,knn_physchem_integrated_20261002_v2,ecoli50_random_20260928_v1,val,20260928,ok,,,,2.0.0,ecoli50_strength_v1
course_ecoli50_strength,ecoli50_r010276,88.42,165.82458321973573,2.219648914424529,knn_physchem_full,log10,runs/knn_physchem_integrated_20261002_v2/knn_model.joblib,,,,knn_physchem_integrated_20261002_v2,ecoli50_random_20260928_v1,val,20260928,ok,,,,2.0.0,ecoli50_strength_v1
course_ecoli50_strength,ecoli50_r010287,69.14,198.63179007408013,2.298048756490081,knn_physchem_full,log10,runs/knn_physchem_integrated_20261002_v2/knn_model.joblib,,,,knn_physchem_integrated_20261002_v2,ecoli50_random_20260928_v1,val,20260928,ok,,,,2.0.0,ecoli50_strength_v1
course_ecoli50_strength,ecoli50_r010288,54.12,255.0438924619312,2.406614927938406,knn_physchem_full,log10,runs/knn_physchem_integrated_20261002_v2/knn_model.joblib,,,,knn_physchem_integrated_20261002_v2,ecoli50_random_20260928_v1,val,20260928,ok,,,,2.0.0,ecoli50_strength_v1
course_ecoli50_strength,ecoli50_r010293,34.57,215.13147462729847,2.3327039541204817,knn_physchem_full,log10,runs/knn_physchem_integrated_20261002_v2/knn_model.joblib,,,,knn_physchem_integrated_20261002_v2,ecoli50_random_20260928_v1,val,20260928,ok,,,,2.0.0,ecoli50_strength_v1
course_ecoli50_strength,ecoli50_r010296,185.76,167.57613477831157,2.2242121689954386,knn_physchem_full,log10,runs/knn_physchem_integrated_20261002_v2/knn_model.joblib,,,,knn_physchem_integrated_20261002_v2,ecoli50_random_20260928_v1,val,20260928,ok,,,,2.0.0,ecoli50_strength_v1
course_ecoli50_strength,ecoli50_r010305,645.49,167.872414992266,2.224979338181682,knn_physchem_full,log10,runs/knn_physchem_integrated_20261002_v2/knn_model.joblib,,,,knn_physchem_integrated_20261002_v2,ecoli50_random_20260928_v1,val,20260928,ok,,,,2.0.0,ecoli50_strength_v1
course_ecoli50_strength,ecoli50_r010318,5731.96,255.2779520170725,2.4070133070454816,knn_physchem_full,log10,runs/knn_physchem_integrated_20261002_v2/knn_model.joblib,,,,knn_physchem_integrated_20261002_v2,ecoli50_random_20260928_v1,val,20260928,ok,,,,2.0.0,ecoli50_strength_v1
course_ecoli50_strength,ecoli50_r010323,1604.97,161.5676865138319,2.208354506364341,knn_physchem_full,log10,runs/knn_physchem_integrated_20261002_v2/knn_model.joblib,,,,knn_physchem_integrated_20261002_v2,ecoli50_random_20260928_v1,val,20260928,ok,,,,2.0.0,ecoli50_strength_v1
course_ecoli50_strength,ecoli50_r010332,130.84,184.3294071471628,2.2655946262822435,knn_physchem_full,log10,runs/knn_physchem_integrated_20261002_v2/knn_model.joblib,,,,knn_physchem_integrated_20261002_v2,ecoli50_random_20260928_v1,val,20260928,ok,,,,2.0.0,ecoli50_strength_v1
course_ecoli50_strength,ecoli50_r010333,294.74,178.106734207974,2.2506803404294,knn_physchem_full,log10,runs/knn_physchem_integrated_20261002_v2/knn_model.joblib,,,,knn_physchem_integrated_20261002_v2,ecoli50_random_20260928_v1,val,20260928,ok,,,,2.0.0,ecoli50_strength_v1
course_ecoli50_strength,ecoli50_r010339,105.05,175.6803475748171,2.244723182000848,knn_physchem_full,log10,runs/knn_physchem_integrated_20261002_v2/knn_model.joblib,,,,knn_physchem_integrated_20261002_v2,ecoli50_random_20260928_v1,val,20260928,ok,,,,2.0.0,ecoli50_strength_v1
course_ecoli50_strength,ecoli50_r010346,122.33,145.8098748408412,2.163786937175806,knn_physchem_full,log10,runs/knn_physchem_integrated_20261002_v2/knn_model.joblib,,,,knn_physchem_integrated_20261002_v2,ecoli50_random_20260928_v1,val,20260928,ok,,,,2.0.0,ecoli50_strength_v1
course_ecoli50_strength,ecoli50_r010349,246.11,159.20588220266646,2.201959109638875,knn_physchem_full,log10,runs/knn_physchem_integrated_20261002_v2/knn_model.joblib,,,,knn_physchem_integrated_20261002_v2,ecoli50_random_20260928_v1,val,20260928,ok,,,,2.0.0,ecoli50_strength_v1
course_ecoli50_strength,ecoli50_r010350,74.3,210.7170241088152,2.323699624254732,knn_physchem_full,log10,runs/knn_physchem_integrated_20261002_v2/knn_model.joblib,,,,knn_physchem_integrated_20261002_v2,ecoli50_random_20260928_v1,val,20260928,ok,,,,2.0.0,ecoli50_strength_v1
course_ecoli50_strength,ecoli50_r010354,104.03,232.5528337893884,2.366521636006623,knn_physchem_full,log10,runs/knn_physchem_integrated_20261002_v2/knn_model.joblib,,,,knn_physchem_integrated_20261002_v2,ecoli50_random_20260928_v1,val,20260928,ok,,,,2.0.0,ecoli50_strength_v1
course_ecoli50_strength,ecoli50_r010356,87.23,156.530388131414,2.194598662116734,knn_physchem_full,log10,runs/knn_physchem_integrated_20261002_v2/knn_model.joblib,,,,knn_physchem_integrated_20261002_v2,ecoli50_random_20260928_v1,val,20260928,ok,,,,2.0.0,ecoli50_strength_v1
course_ecoli50_strength,ecoli50_r010357,185.76,228.8826106538312,2.359612798423941,knn_physchem_full,log10,runs/knn_physchem_integrated_20261002_v2/knn_model.joblib,,,,knn_physchem_integrated_20261002_v2,ecoli50_random_20260928_v1,val,20260928,ok,,,,2.0.0,ecoli50_strength_v1
course_ecoli50_strength,ecoli50_r010358,63.74,187.83888668570563,2.2737855055274463,knn_physchem_full,log10,runs/knn_physchem_integrated_20261002_v2/knn_model.joblib,,,,knn_physchem_integrated_20261002_v2,ecoli50_random_20260928_v1,val,20260928,ok,,,,2.0.0,ecoli50_strength_v1
course_ecoli50_strength,ecoli50_r010361,742.54,151.81935082659226,2.181327130068053,knn_physchem_full,log10,runs/knn_physchem_integrated_20261002_v2/knn_model.joblib,,,,knn_physchem_integrated_20261002_v2,ecoli50_random_20260928_v1,val,20260928,ok,,,,2.0.0,ecoli50_strength_v1
course_ecoli50_strength,ecoli50_r010366,165.57,141.28948242385067,2.1501098342102645,knn_physchem_full,log10,runs/knn_physchem_integrated_20261002_v2/knn_model.joblib,,,,knn_physchem_integrated_20261002_v2,ecoli50_random_20260928_v1,val,20260928,ok,,,,2.0.0,ecoli50_strength_v1
course_ecoli50_strength,ecoli50_r010373,60.05,249.1063898095013,2.396384867734881,knn_physchem_full,log10,runs/knn_physchem_integrated_20261002_v2/knn_model.joblib,,,,knn_physchem_integrated_20261002_v2,ecoli50_random_20260928_v1,val,20260928,ok,,,,2.0.0,ecoli50_strength_v1
course_ecoli50_strength,ecoli50_r010387,91.77,242.46823614083067,2.3846548531556,knn_physchem_full,log10,runs/knn_physchem_integrated_20261002_v2/knn_model.joblib,,,,knn_physchem_integrated_20261002_v2,ecoli50_random_20260928_v1,val,20260928,ok,,,,2.0.0,ecoli50_strength_v1
course_ecoli50_strength,ecoli50_r010405,122.6,191.38615796066176,2.2819105241477744,knn_physchem_full,log10,runs/knn_physchem_integrated_20261002_v2/knn_model.joblib,,,,knn_physchem_integrated_20261002_v2,ecoli50_random_20260928_v1,val,20260928,ok,,,,2.0.0,ecoli50_strength_v1
course_ecoli50_strength,ecoli50_r010407,289.79,194.1589430256759,2.288157399091462,knn_physchem_full,log10,runs/knn_physchem_integrated_20261002_v2/knn_model.joblib,,,,knn_physchem_integrated_20261002_v2,ecoli50_random_20260928_v1,val,20260928,ok,,,,2.0.0,ecoli50_strength_v1
course_ecoli50_strength,ecoli50_r010414,58.95,154.41847985962332,2.188699272818423,knn_physchem_full,log10,runs/knn_physchem_integrated_20261002_v2/knn_model.joblib,,,,knn_physchem_integrated_20261002_v2,ecoli50_random_20260928_v1,val,20260928,ok,,,,2.0.0,ecoli50_strength_v1
course_ecoli50_strength,ecoli50_r010422,619.38,255.1030593640449,2.406715666986724,knn_physchem_full,log10,runs/knn_physchem_integrated_20261002_v2/knn_model.joblib,,,,knn_physchem_integrated_20261002_v2,ecoli50_random_20260928_v1,val,20260928,ok,,,,2.0.0,ecoli50_strength_v1
course_ecoli50_strength,ecoli50_r010438,139.62,221.95822641573068,2.346271245872986,knn_physchem_full,log10,runs/knn_physchem_integrated_20261002_v2/knn_model.joblib,,,,knn_physchem_integrated_20261002_v2,ecoli50_random_20260928_v1,val,20260928,ok,,,,2.0.0,ecoli50_strength_v1
course_ecoli50_strength,ecoli50_r010452,310.22,182.58178183725133,2.26145744109382,knn_physchem_full,log10,runs/knn_physchem_integrated_20261002_v2/knn_model.joblib,,,,knn_physchem_integrated_20261002_v2,ecoli50_random_20260928_v1,val,20260928,ok,,,,2.0.0,ecoli50_strength_v1
course_ecoli50_strength,ecoli50_r010455,952.95,152.2216025531782,2.182476289779456,knn_physchem_full,log10,runs/knn_physchem_integrated_20261002_v2/knn_model.joblib,,,,knn_physchem_integrated_20261002_v2,ecoli50_random_20260928_v1,val,20260928,ok,,,,2.0.0,ecoli50_strength_v1
course_ecoli50_strength,ecoli50_r010456,187.87,175.3941066186006,2.244014996635375,knn_physchem_full,log10,runs/knn_physchem_integrated_20261002_v2/knn_model.joblib,,,,knn_physchem_integrated_20261002_v2,ecoli50_random_20260928_v1,val,20260928,ok,,,,2.0.0,ecoli50_strength_v1
course_ecoli50_strength,ecoli50_r010470,80.18,255.3111947939682,2.407069858010889,knn_physchem_full,log10,runs/knn_physchem_integrated_20261002_v2/knn_model.joblib,,,,knn_physchem_integrated_20261002_v2,ecoli50_random_20260928_v1,val,20260928,ok,,,,2.0.0,ecoli50_strength_v1
course_ecoli50_strength,ecoli50_r010478,94.32,179.8128793647358,2.2548207954990525,knn_physchem_full,log10,runs/knn_physchem_integrated_20261002_v2/knn_model.joblib,,,,knn_physchem_integrated_20261002_v2,ecoli50_random_20260928_v1,val,20260928,ok,,,,2.0.0,ecoli50_strength_v1
course_ecoli50_strength,ecoli50_r010496,104.34,148.70991286829042,2.1723399191642407,knn_physchem_full,log10,runs/knn_physchem_integrated_20261002_v2/knn_model.joblib,,,,knn_physchem_integrated_20261002_v2,ecoli50_random_20260928_v1,val,20260928,ok,,,,2.0.0,ecoli50_strength_v1
course_ecoli50_strength,ecoli50_r010497,83.19,149.27112082896903,2.173975793808174,knn_physchem_full,log10,runs/knn_physchem_integrated_20261002_v2/knn_model.joblib,,,,knn_physchem_integrated_20261002_v2,ecoli50_random_20260928_v1,val,20260928,ok,,,,2.0.0,ecoli50_strength_v1
course_ecoli50_strength,ecoli50_r010498,2293.1,145.71769029089643,2.1635122788074006,knn_physchem_full,log10,runs/knn_physchem_integrated_20261002_v2/knn_model.joblib,,,,knn_physchem_integrated_20261002_v2,ecoli50_random_20260928_v1,val,20260928,ok,,,,2.0.0,ecoli50_strength_v1
course_ecoli50_strength,ecoli50_r010501,602.43,153.2984990548793,2.185537902699289,knn_physchem_full,log10,runs/knn_physchem_integrated_20261002_v2/knn_model.joblib,,,,knn_physchem_integrated_20261002_v2,ecoli50_random_20260928_v1,val,20260928,ok,,,,2.0.0,ecoli50_strength_v1
course_ecoli50_strength,ecoli50_r010513,25654.12,233.1337317729392,2.367605115489656,knn_physchem_full,log10,runs/knn_physchem_integrated_20261002_v2/knn_model.joblib,,,,knn_physchem_integrated_20261002_v2,ecoli50_random_20260928_v1,val,20260928,ok,,,,2.0.0,ecoli50_strength_v1
course_ecoli50_strength,ecoli50_r010519,1778.91,266.2816091092568,2.425341172679361,knn_physchem_full,log10,runs/knn_physchem_integrated_20261002_v2/knn_model.joblib,,,,knn_physchem_integrated_20261002_v2,ecoli50_random_20260928_v1,val,20260928,ok,,,,2.0.0,ecoli50_strength_v1
course_ecoli50_strength,ecoli50_r010526,40.87,140.24934450149408,2.146900840123926,knn_physchem_full,log10,runs/knn_physchem_integrated_20261002_v2/knn_model.joblib,,,,knn_physchem_integrated_20261002_v2,ecoli50_random_20260928_v1,val,20260928,ok,,,,2.0.0,ecoli50_strength_v1
course_ecoli50_strength,ecoli50_r010527,241.49,150.08961718989485,2.1763506499174943,knn_physchem_full,log10,runs/knn_physchem_integrated_20261002_v2/knn_model.joblib,,,,knn_physchem_integrated_20261002_v2,ecoli50_random_20260928_v1,val,20260928,ok,,,,2.0.0,ecoli50_strength_v1
course_ecoli50_strength,ecoli50_r010531,88.42,206.6104923330399,2.3151523725884235,knn_physchem_full,log10,runs/knn_physchem_integrated_20261002_v2/knn_model.joblib,,,,knn_physchem_integrated_20261002_v2,ecoli50_random_20260928_v1,val,20260928,ok,,,,2.0.0,ecoli50_strength_v1
course_ecoli50_strength,ecoli50_r010537,1897.41,245.89859342298075,2.3907560445159235,knn_physchem_full,log10,runs/knn_physchem_integrated_20261002_v2/knn_model.joblib,,,,knn_physchem_integrated_20261002_v2,ecoli50_random_20260928_v1,val,20260928,ok,,,,2.0.0,ecoli50_strength_v1
course_ecoli50_strength,ecoli50_r010545,89.16,173.03557150578052,2.238135391687545,knn_physchem_full,log10,runs/knn_physchem_integrated_20261002_v2/knn_model.joblib,,,,knn_physchem_integrated_20261002_v2,ecoli50_random_20260928_v1,val,20260928,ok,,,,2.0.0,ecoli50_strength_v1
course_ecoli50_strength,ecoli50_r010565,210.47,169.43414061147578,2.2290009242075586,knn_physchem_full,log10,runs/knn_physchem_integrated_20261002_v2/knn_model.joblib,,,,knn_physchem_integrated_20261002_v2,ecoli50_random_20260928_v1,val,20260928,ok,,,,2.0.0,ecoli50_strength_v1
course_ecoli50_strength,ecoli50_r010574,63.83,182.9728026184061,2.262386540273827,knn_physchem_full,log10,runs/knn_physchem_integrated_20261002_v2/knn_model.joblib,,,,knn_physchem_integrated_20261002_v2,ecoli50_random_20260928_v1,val,20260928,ok,,,,2.0.0,ecoli50_strength_v1
course_ecoli50_strength,ecoli50_r010600,90.42,179.35823829516727,2.2537213295146965,knn_physchem_full,log10,runs/knn_physchem_integrated_20261002_v2/knn_model.joblib,,,,knn_physchem_integrated_20261002_v2,ecoli50_random_20260928_v1,val,20260928,ok,,,,2.0.0,ecoli50_strength_v1
course_ecoli50_strength,ecoli50_r010618,29.47,166.77790684422837,2.222138518896837,knn_physchem_full,log10,runs/knn_physchem_integrated_20261002_v2/knn_model.joblib,,,,knn_physchem_integrated_20261002_v2,ecoli50_random_20260928_v1,val,20260928,ok,,,,2.0.0,ecoli50_strength_v1
course_ecoli50_strength,ecoli50_r010619,210.8,184.2622547016016,2.2654363810483176,knn_physchem_full,log10,runs/knn_physchem_integrated_20261002_v2/knn_model.joblib,,,,knn_physchem_integrated_20261002_v2,ecoli50_random_20260928_v1,val,20260928,ok,,,,2.0.0,ecoli50_strength_v1
course_ecoli50_strength,ecoli50_r010626,122.45,222.06428292341684,2.346478711737735,knn_physchem_full,log10,runs/knn_physchem_integrated_20261002_v2/knn_model.joblib,,,,knn_physchem_integrated_20261002_v2,ecoli50_random_20260928_v1,val,20260928,ok,,,,2.0.0,ecoli50_strength_v1
course_ecoli50_strength,ecoli50_r010632,55.73,156.96304286633537,2.1957974092971457,knn_physchem_full,log10,runs/knn_physchem_integrated_20261002_v2/knn_model.joblib,,,,knn_physchem_integrated_20261002_v2,ecoli50_random_20260928_v1,val,20260928,ok,,,,2.0.0,ecoli50_strength_v1
course_ecoli50_strength,ecoli50_r010641,1593.28,196.25766511957028,2.292826627731297,knn_physchem_full,log10,runs/knn_physchem_integrated_20261002_v2/knn_model.joblib,,,,knn_physchem_integrated_20261002_v2,ecoli50_random_20260928_v1,val,20260928,ok,,,,2.0.0,ecoli50_strength_v1
course_ecoli50_strength,ecoli50_r010647,84.19,196.1387946935524,2.292563502158325,knn_physchem_full,log10,runs/knn_physchem_integrated_20261002_v2/knn_model.joblib,,,,knn_physchem_integrated_20261002_v2,ecoli50_random_20260928_v1,val,20260928,ok,,,,2.0.0,ecoli50_strength_v1
course_ecoli50_strength,ecoli50_r010649,255.48,153.1684458351797,2.185169305693958,knn_physchem_full,log10,runs/knn_physchem_integrated_20261002_v2/knn_model.joblib,,,,knn_physchem_integrated_20261002_v2,ecoli50_random_20260928_v1,val,20260928,ok,,,,2.0.0,ecoli50_strength_v1
course_ecoli50_strength,ecoli50_r010650,730.66,167.53002473422552,2.22409265261375,knn_physchem_full,log10,runs/knn_physchem_integrated_20261002_v2/knn_model.joblib,,,,knn_physchem_integrated_20261002_v2,ecoli50_random_20260928_v1,val,20260928,ok,,,,2.0.0,ecoli50_strength_v1
course_ecoli50_strength,ecoli50_r010651,296.22,186.68625971297996,2.271112354636664,knn_physchem_full,log10,runs/knn_physchem_integrated_20261002_v2/knn_model.joblib,,,,knn_physchem_integrated_20261002_v2,ecoli50_random_20260928_v1,val,20260928,ok,,,,2.0.0,ecoli50_strength_v1
course_ecoli50_strength,ecoli50_r010667,1221.12,196.4192611239621,2.293184073011508,knn_physchem_full,log10,runs/knn_physchem_integrated_20261002_v2/knn_model.joblib,,,,knn_physchem_integrated_20261002_v2,ecoli50_random_20260928_v1,val,20260928,ok,,,,2.0.0,ecoli50_strength_v1
course_ecoli50_strength,ecoli50_r010668,1301.3,164.4311835355724,2.2159841827489166,knn_physchem_full,log10,runs/knn_physchem_integrated_20261002_v2/knn_model.joblib,,,,knn_physchem_integrated_20261002_v2,ecoli50_random_20260928_v1,val,20260928,ok,,,,2.0.0,ecoli50_strength_v1
course_ecoli50_strength,ecoli50_r010684,1495.34,166.6376527166246,2.2217731394445077,knn_physchem_full,log10,runs/knn_physchem_integrated_20261002_v2/knn_model.joblib,,,,knn_physchem_integrated_20261002_v2,ecoli50_random_20260928_v1,val,20260928,ok,,,,2.0.0,ecoli50_strength_v1
course_ecoli50_strength,ecoli50_r010698,209.68,200.52983393857144,2.3021789941683006,knn_physchem_full,log10,runs/knn_physchem_integrated_20261002_v2/knn_model.joblib,,,,knn_physchem_integrated_20261002_v2,ecoli50_random_20260928_v1,val,20260928,ok,,,,2.0.0,ecoli50_strength_v1
course_ecoli50_strength,ecoli50_r010702,123.79,184.9678297583296,2.267096200979544,knn_physchem_full,log10,runs/knn_physchem_integrated_20261002_v2/knn_model.joblib,,,,knn_physchem_integrated_20261002_v2,ecoli50_random_20260928_v1,val,20260928,ok,,,,2.0.0,ecoli50_strength_v1
course_ecoli50_strength,ecoli50_r010709,138.31,208.36959019102412,2.3188343375838243,knn_physchem_full,log10,runs/knn_physchem_integrated_20261002_v2/knn_model.joblib,,,,knn_physchem_integrated_20261002_v2,ecoli50_random_20260928_v1,val,20260928,ok,,,,2.0.0,ecoli50_strength_v1
course_ecoli50_strength,ecoli50_r010720,48.11,177.91383595983206,2.25020972350468,knn_physchem_full,log10,runs/knn_physchem_integrated_20261002_v2/knn_model.joblib,,,,knn_physchem_integrated_20261002_v2,ecoli50_random_20260928_v1,val,20260928,ok,,,,2.0.0,ecoli50_strength_v1
course_ecoli50_strength,ecoli50_r010721,304.68,222.28783078972367,2.346915687775309,knn_physchem_full,log10,runs/knn_physchem_integrated_20261002_v2/knn_model.joblib,,,,knn_physchem_integrated_20261002_v2,ecoli50_random_20260928_v1,val,20260928,ok,,,,2.0.0,ecoli50_strength_v1
course_ecoli50_strength,ecoli50_r010731,315.96,166.49258553127623,2.2213948976948794,knn_physchem_full,log10,runs/knn_physchem_integrated_20261002_v2/knn_model.joblib,,,,knn_physchem_integrated_20261002_v2,ecoli50_random_20260928_v1,val,20260928,ok,,,,2.0.0,ecoli50_strength_v1
course_ecoli50_strength,ecoli50_r010735,414.24,143.86685623755687,2.157960753553981,knn_physchem_full,log10,runs/knn_physchem_integrated_20261002_v2/knn_model.joblib,,,,knn_physchem_integrated_20261002_v2,ecoli50_random_20260928_v1,val,20260928,ok,,,,2.0.0,ecoli50_strength_v1
course_ecoli50_strength,ecoli50_r010757,30056.98,190.3927291943301,2.2796503593264283,knn_physchem_full,log10,runs/knn_physchem_integrated_20261002_v2/knn_model.joblib,,,,knn_physchem_integrated_20261002_v2,ecoli50_random_20260928_v1,val,20260928,ok,,,,2.0.0,ecoli50_strength_v1
course_ecoli50_strength,ecoli50_r010758,153.77,263.5076066638192,2.4207931564914134,knn_physchem_full,log10,runs/knn_physchem_integrated_20261002_v2/knn_model.joblib,,,,knn_physchem_integrated_20261002_v2,ecoli50_random_20260928_v1,val,20260928,ok,,,,2.0.0,ecoli50_strength_v1
course_ecoli50_strength,ecoli50_r010759,153.77,259.0632010739177,2.4134057275147947,knn_physchem_full,log10,runs/knn_physchem_integrated_20261002_v2/knn_model.joblib,,,,knn_physchem_integrated_20261002_v2,ecoli50_random_20260928_v1,val,20260928,ok,,,,2.0.0,ecoli50_strength_v1
course_ecoli50_strength,ecoli50_r010760,11430.3,143.6799403392503,2.1573961389895726,knn_physchem_full,log10,runs/knn_physchem_integrated_20261002_v2/knn_model.joblib,,,,knn_physchem_integrated_20261002_v2,ecoli50_random_20260928_v1,val,20260928,ok,,,,2.0.0,ecoli50_strength_v1
course_ecoli50_strength,ecoli50_r010790,63.83,152.79155573070045,2.184099352924892,knn_physchem_full,log10,runs/knn_physchem_integrated_20261002_v2/knn_model.joblib,,,,knn_physchem_integrated_20261002_v2,ecoli50_random_20260928_v1,val,20260928,ok,,,,2.0.0,ecoli50_strength_v1
course_ecoli50_strength,ecoli50_r010797,254.65,153.01806983067564,2.184742719473624,knn_physchem_full,log10,runs/knn_physchem_integrated_20261002_v2/knn_model.joblib,,,,knn_physchem_integrated_20261002_v2,ecoli50_random_20260928_v1,val,20260928,ok,,,,2.0.0,ecoli50_strength_v1
course_ecoli50_strength,ecoli50_r010810,1768.98,188.744559435103,2.2758744419363683,knn_physchem_full,log10,runs/knn_physchem_integrated_20261002_v2/knn_model.joblib,,,,knn_physchem_integrated_20261002_v2,ecoli50_random_20260928_v1,val,20260928,ok,,,,2.0.0,ecoli50_strength_v1
course_ecoli50_strength,ecoli50_r010815,46.54,152.22321754234488,2.182480897385413,knn_physchem_full,log10,runs/knn_physchem_integrated_20261002_v2/knn_model.joblib,,,,knn_physchem_integrated_20261002_v2,ecoli50_random_20260928_v1,val,20260928,ok,,,,2.0.0,ecoli50_strength_v1
course_ecoli50_strength,ecoli50_r010827,91.37,170.5057975894423,2.2317391505912503,knn_physchem_full,log10,runs/knn_physchem_integrated_20261002_v2/knn_model.joblib,,,,knn_physchem_integrated_20261002_v2,ecoli50_random_20260928_v1,val,20260928,ok,,,,2.0.0,ecoli50_strength_v1
course_ecoli50_strength,ecoli50_r010833,76.63,160.69181910754924,2.205993767199641,knn_physchem_full,log10,runs/knn_physchem_integrated_20261002_v2/knn_model.joblib,,,,knn_physchem_integrated_20261002_v2,ecoli50_random_20260928_v1,val,20260928,ok,,,,2.0.0,ecoli50_strength_v1
course_ecoli50_strength,ecoli50_r010836,216.39,223.6972011268253,2.3496605502889425,knn_physchem_full,log10,runs/knn_physchem_integrated_20261002_v2/knn_model.joblib,,,,knn_physchem_integrated_20261002_v2,ecoli50_random_20260928_v1,val,20260928,ok,,,,2.0.0,ecoli50_strength_v1
course_ecoli50_strength,ecoli50_r010842,6434.32,198.53545098234588,2.2978380667230143,knn_physchem_full,log10,runs/knn_physchem_integrated_20261002_v2/knn_model.joblib,,,,knn_physchem_integrated_20261002_v2,ecoli50_random_20260928_v1,val,20260928,ok,,,,2.0.0,ecoli50_strength_v1
course_ecoli50_strength,ecoli50_r010851,89.16,220.57608145522948,2.343558417192149,knn_physchem_full,log10,runs/knn_physchem_integrated_20261002_v2/knn_model.joblib,,,,knn_physchem_integrated_20261002_v2,ecoli50_random_20260928_v1,val,20260928,ok,,,,2.0.0,ecoli50_strength_v1
course_ecoli50_strength,ecoli50_r010858,561.1,220.2536388938541,2.3429230922871103,knn_physchem_full,log10,runs/knn_physchem_integrated_20261002_v2/knn_model.joblib,,,,knn_physchem_integrated_20261002_v2,ecoli50_random_20260928_v1,val,20260928,ok,,,,2.0.0,ecoli50_strength_v1
course_ecoli50_strength,ecoli50_r010867,1565.08,151.82783241675295,2.181351391829787,knn_physchem_full,log10,runs/knn_physchem_integrated_20261002_v2/knn_model.joblib,,,,knn_physchem_integrated_20261002_v2,ecoli50_random_20260928_v1,val,20260928,ok,,,,2.0.0,ecoli50_strength_v1
course_ecoli50_strength,ecoli50_r010868,1966.13,244.86669479773735,2.388929719182757,knn_physchem_full,log10,runs/knn_physchem_integrated_20261002_v2/knn_model.joblib,,,,knn_physchem_integrated_20261002_v2,ecoli50_random_20260928_v1,val,20260928,ok,,,,2.0.0,ecoli50_strength_v1
course_ecoli50_strength,ecoli50_r010874,101.55,206.2850968029801,2.3144678532275225,knn_physchem_full,log10,runs/knn_physchem_integrated_20261002_v2/knn_model.joblib,,,,knn_physchem_integrated_20261002_v2,ecoli50_random_20260928_v1,val,20260928,ok,,,,2.0.0,ecoli50_strength_v1
course_ecoli50_strength,ecoli50_r010877,60.13,256.51653602341554,2.4091153666105782,knn_physchem_full,log10,runs/knn_physchem_integrated_20261002_v2/knn_model.joblib,,,,knn_physchem_integrated_20261002_v2,ecoli50_random_20260928_v1,val,20260928,ok,,,,2.0.0,ecoli50_strength_v1
course_ecoli50_strength,ecoli50_r010888,304.65,180.09706067998,2.255506624863497,knn_physchem_full,log10,runs/knn_physchem_integrated_20261002_v2/knn_model.joblib,,,,knn_physchem_integrated_20261002_v2,ecoli50_random_20260928_v1,val,20260928,ok,,,,2.0.0,ecoli50_strength_v1
course_ecoli50_strength,ecoli50_r010899,60.39,183.08461256425616,2.2626518453434725,knn_physchem_full,log10,runs/knn_physchem_integrated_20261002_v2/knn_model.joblib,,,,knn_physchem_integrated_20261002_v2,ecoli50_random_20260928_v1,val,20260928,ok,,,,2.0.0,ecoli50_strength_v1
course_ecoli50_strength,ecoli50_r010904,3283.31,153.4648007870836,2.18600877996355,knn_physchem_full,log10,runs/knn_physchem_integrated_20261002_v2/knn_model.joblib,,,,knn_physchem_integrated_20261002_v2,ecoli50_random_20260928_v1,val,20260928,ok,,,,2.0.0,ecoli50_strength_v1
course_ecoli50_strength,ecoli50_r010917,131.89,224.7514447009219,2.3517024920565315,knn_physchem_full,log10,runs/knn_physchem_integrated_20261002_v2/knn_model.joblib,,,,knn_physchem_integrated_20261002_v2,ecoli50_random_20260928_v1,val,20260928,ok,,,,2.0.0,ecoli50_strength_v1
course_ecoli50_strength,ecoli50_r010919,426.07,247.79411767212676,2.394090992545056,knn_physchem_full,log10,runs/knn_physchem_integrated_20261002_v2/knn_model.joblib,,,,knn_physchem_integrated_20261002_v2,ecoli50_random_20260928_v1,val,20260928,ok,,,,2.0.0,ecoli50_strength_v1
course_ecoli50_strength,ecoli50_r010922,144.32,155.97763541205916,2.193062332242748,knn_physchem_full,log10,runs/knn_physchem_integrated_20261002_v2/knn_model.joblib,,,,knn_physchem_integrated_20261002_v2,ecoli50_random_20260928_v1,val,20260928,ok,,,,2.0.0,ecoli50_strength_v1
course_ecoli50_strength,ecoli50_r010923,579.05,263.66465975667865,2.4210519231146117,knn_physchem_full,log10,runs/knn_physchem_integrated_20261002_v2/knn_model.joblib,,,,knn_physchem_integrated_20261002_v2,ecoli50_random_20260928_v1,val,20260928,ok,,,,2.0.0,ecoli50_strength_v1
course_ecoli50_strength,ecoli50_r010924,36.9,271.22528914322817,2.433330180856212,knn_physchem_full,log10,runs/knn_physchem_integrated_20261002_v2/knn_model.joblib,,,,knn_physchem_integrated_20261002_v2,ecoli50_random_20260928_v1,val,20260928,ok,,,,2.0.0,ecoli50_strength_v1
course_ecoli50_strength,ecoli50_r010927,114.25,169.18621018844166,2.228364962230635,knn_physchem_full,log10,runs/knn_physchem_integrated_20261002_v2/knn_model.joblib,,,,knn_physchem_integrated_20261002_v2,ecoli50_random_20260928_v1,val,20260928,ok,,,,2.0.0,ecoli50_strength_v1
course_ecoli50_strength,ecoli50_r010938,879.16,214.961997929838,2.3323616899243285,knn_physchem_full,log10,runs/knn_physchem_integrated_20261002_v2/knn_model.joblib,,,,knn_physchem_integrated_20261002_v2,ecoli50_random_20260928_v1,val,20260928,ok,,,,2.0.0,ecoli50_strength_v1
course_ecoli50_strength,ecoli50_r010942,2892.44,245.81193092458903,2.390602958326528,knn_physchem_full,log10,runs/knn_physchem_integrated_20261002_v2/knn_model.joblib,,,,knn_physchem_integrated_20261002_v2,ecoli50_random_20260928_v1,val,20260928,ok,,,,2.0.0,ecoli50_strength_v1
course_ecoli50_strength,ecoli50_r010948,436.42,191.3357710940396,2.281796170949802,knn_physchem_full,log10,runs/knn_physchem_integrated_20261002_v2/knn_model.joblib,,,,knn_physchem_integrated_20261002_v2,ecoli50_random_20260928_v1,val,20260928,ok,,,,2.0.0,ecoli50_strength_v1
course_ecoli50_strength,ecoli50_r010957,48.11,155.25553870626027,2.19104710248249,knn_physchem_full,log10,runs/knn_physchem_integrated_20261002_v2/knn_model.joblib,,,,knn_physchem_integrated_20261002_v2,ecoli50_random_20260928_v1,val,20260928,ok,,,,2.0.0,ecoli50_strength_v1
course_ecoli50_strength,ecoli50_r010959,131.89,209.1608465301784,2.3204803908677025,knn_physchem_full,log10,runs/knn_physchem_integrated_20261002_v2/knn_model.joblib,,,,knn_physchem_integrated_20261002_v2,ecoli50_random_20260928_v1,val,20260928,ok,,,,2.0.0,ecoli50_strength_v1
course_ecoli50_strength,ecoli50_r010960,389.06,175.59097516902028,2.2445021907556404,knn_physchem_full,log10,runs/knn_physchem_integrated_20261002_v2/knn_model.joblib,,,,knn_physchem_integrated_20261002_v2,ecoli50_random_20260928_v1,val,20260928,ok,,,,2.0.0,ecoli50_strength_v1
course_ecoli50_strength,ecoli50_r010969,182.74,154.5715474192192,2.189129554679065,knn_physchem_full,log10,runs/knn_physchem_integrated_20261002_v2/knn_model.joblib,,,,knn_physchem_integrated_20261002_v2,ecoli50_random_20260928_v1,val,20260928,ok,,,,2.0.0,ecoli50_strength_v1
course_ecoli50_strength,ecoli50_r010984,117.01,171.98121311896375,2.2354810080448253,knn_physchem_full,log10,runs/knn_physchem_integrated_20261002_v2/knn_model.joblib,,,,knn_physchem_integrated_20261002_v2,ecoli50_random_20260928_v1,val,20260928,ok,,,,2.0.0,ecoli50_strength_v1
course_ecoli50_strength,ecoli50_r010996,466.88,194.48512345230583,2.288886386897373,knn_physchem_full,log10,runs/knn_physchem_integrated_20261002_v2/knn_model.joblib,,,,knn_physchem_integrated_20261002_v2,ecoli50_random_20260928_v1,val,20260928,ok,,,,2.0.0,ecoli50_strength_v1
course_ecoli50_strength,ecoli50_r010998,22.6,179.9428326341958,2.255134552798265,knn_physchem_full,log10,runs/knn_physchem_integrated_20261002_v2/knn_model.joblib,,,,knn_physchem_integrated_20261002_v2,ecoli50_random_20260928_v1,val,20260928,ok,,,,2.0.0,ecoli50_strength_v1
course_ecoli50_strength,ecoli50_r011008,71.8,145.46793564708412,2.162767275753854,knn_physchem_full,log10,runs/knn_physchem_integrated_20261002_v2/knn_model.joblib,,,,knn_physchem_integrated_20261002_v2,ecoli50_random_20260928_v1,val,20260928,ok,,,,2.0.0,ecoli50_strength_v1
course_ecoli50_strength,ecoli50_r011016,1280.85,253.13818822666357,2.403357667422401,knn_physchem_full,log10,runs/knn_physchem_integrated_20261002_v2/knn_model.joblib,,,,knn_physchem_integrated_20261002_v2,ecoli50_random_20260928_v1,val,20260928,ok,,,,2.0.0,ecoli50_strength_v1
course_ecoli50_strength,ecoli50_r011025,35.23,154.7389665495923,2.189599692021981,knn_physchem_full,log10,runs/knn_physchem_integrated_20261002_v2/knn_model.joblib,,,,knn_physchem_integrated_20261002_v2,ecoli50_random_20260928_v1,val,20260928,ok,,,,2.0.0,ecoli50_strength_v1
course_ecoli50_strength,ecoli50_r011027,122.6,157.46127635595647,2.1971737674419733,knn_physchem_full,log10,runs/knn_physchem_integrated_20261002_v2/knn_model.joblib,,,,knn_physchem_integrated_20261002_v2,ecoli50_random_20260928_v1,val,20260928,ok,,,,2.0.0,ecoli50_strength_v1
course_ecoli50_strength,ecoli50_r011031,27.92,195.66761276789924,2.2915189464541084,knn_physchem_full,log10,runs/knn_physchem_integrated_20261002_v2/knn_model.joblib,,,,knn_physchem_integrated_20261002_v2,ecoli50_random_20260928_v1,val,20260928,ok,,,,2.0.0,ecoli50_strength_v1
course_ecoli50_strength,ecoli50_r011045,37.23,215.64253540225383,2.333734429374068,knn_physchem_full,log10,runs/knn_physchem_integrated_20261002_v2/knn_model.joblib,,,,knn_physchem_integrated_20261002_v2,ecoli50_random_20260928_v1,val,20260928,ok,,,,2.0.0,ecoli50_strength_v1
course_ecoli50_strength,ecoli50_r011051,86.14,240.1912001389167,2.3805570921546586,knn_physchem_full,log10,runs/knn_physchem_integrated_20261002_v2/knn_model.joblib,,,,knn_physchem_integrated_20261002_v2,ecoli50_random_20260928_v1,val,20260928,ok,,,,2.0.0,ecoli50_strength_v1
course_ecoli50_strength,ecoli50_r011069,1638.44,248.9020825225064,2.3960285302938056,knn_physchem_full,log10,runs/knn_physchem_integrated_20261002_v2/knn_model.joblib,,,,knn_physchem_integrated_20261002_v2,ecoli50_random_20260928_v1,val,20260928,ok,,,,2.0.0,ecoli50_strength_v1
course_ecoli50_strength,ecoli50_r011087,70.45,219.31590155314305,2.3410701214468737,knn_physchem_full,log10,runs/knn_physchem_integrated_20261002_v2/knn_model.joblib,,,,knn_physchem_integrated_20261002_v2,ecoli50_random_20260928_v1,val,20260928,ok,,,,2.0.0,ecoli50_strength_v1
course_ecoli50_strength,ecoli50_r011089,96.21,199.07459376792175,2.2990158381768686,knn_physchem_full,log10,runs/knn_physchem_integrated_20261002_v2/knn_model.joblib,,,,knn_physchem_integrated_20261002_v2,ecoli50_random_20260928_v1,val,20260928,ok,,,,2.0.0,ecoli50_strength_v1
course_ecoli50_strength,ecoli50_r011106,43.61,251.7210318768369,2.4009195033769646,knn_physchem_full,log10,runs/knn_physchem_integrated_20261002_v2/knn_model.joblib,,,,knn_physchem_integrated_20261002_v2,ecoli50_random_20260928_v1,val,20260928,ok,,,,2.0.0,ecoli50_strength_v1
course_ecoli50_strength,ecoli50_r011111,32.42,171.86915217230597,2.23519793460704,knn_physchem_full,log10,runs/knn_physchem_integrated_20261002_v2/knn_model.joblib,,,,knn_physchem_integrated_20261002_v2,ecoli50_random_20260928_v1,val,20260928,ok,,,,2.0.0,ecoli50_strength_v1
course_ecoli50_strength,ecoli50_r011121,30943.55,183.40388054145325,2.26340852042839,knn_physchem_full,log10,runs/knn_physchem_integrated_20261002_v2/knn_model.joblib,,,,knn_physchem_integrated_20261002_v2,ecoli50_random_20260928_v1,val,20260928,ok,,,,2.0.0,ecoli50_strength_v1
course_ecoli50_strength,ecoli50_r011123,35.29,196.97585282394516,2.294412989470805,knn_physchem_full,log10,runs/knn_physchem_integrated_20261002_v2/knn_model.joblib,,,,knn_physchem_integrated_20261002_v2,ecoli50_random_20260928_v1,val,20260928,ok,,,,2.0.0,ecoli50_strength_v1
course_ecoli50_strength,ecoli50_r011128,460.68,247.7670171135392,2.394043492358957,knn_physchem_full,log10,runs/knn_physchem_integrated_20261002_v2/knn_model.joblib,,,,knn_physchem_integrated_20261002_v2,ecoli50_random_20260928_v1,val,20260928,ok,,,,2.0.0,ecoli50_strength_v1
course_ecoli50_strength,ecoli50_r011146,504.13,186.44687501449496,2.2705551086663025,knn_physchem_full,log10,runs/knn_physchem_integrated_20261002_v2/knn_model.joblib,,,,knn_physchem_integrated_20261002_v2,ecoli50_random_20260928_v1,val,20260928,ok,,,,2.0.0,ecoli50_strength_v1
course_ecoli50_strength,ecoli50_r011154,4137.21,182.23411118170557,2.260629672919113,knn_physchem_full,log10,runs/knn_physchem_integrated_20261002_v2/knn_model.joblib,,,,knn_physchem_integrated_20261002_v2,ecoli50_random_20260928_v1,val,20260928,ok,,,,2.0.0,ecoli50_strength_v1
course_ecoli50_strength,ecoli50_r011162,143.04,224.37269531678828,2.350970005013907,knn_physchem_full,log10,runs/knn_physchem_integrated_20261002_v2/knn_model.joblib,,,,knn_physchem_integrated_20261002_v2,ecoli50_random_20260928_v1,val,20260928,ok,,,,2.0.0,ecoli50_strength_v1
course_ecoli50_strength,ecoli50_r011172,66.87,161.509558781463,2.2081982307116705,knn_physchem_full,log10,runs/knn_physchem_integrated_20261002_v2/knn_model.joblib,,,,knn_physchem_integrated_20261002_v2,ecoli50_random_20260928_v1,val,20260928,ok,,,,2.0.0,ecoli50_strength_v1
course_ecoli50_strength,ecoli50_r011193,22846.96,157.7591772004687,2.1979946325221613,knn_physchem_full,log10,runs/knn_physchem_integrated_20261002_v2/knn_model.joblib,,,,knn_physchem_integrated_20261002_v2,ecoli50_random_20260928_v1,val,20260928,ok,,,,2.0.0,ecoli50_strength_v1
course_ecoli50_strength,ecoli50_r011196,108.24,148.79735183079956,2.172595202073402,knn_physchem_full,log10,runs/knn_physchem_integrated_20261002_v2/knn_model.joblib,,,,knn_physchem_integrated_20261002_v2,ecoli50_random_20260928_v1,val,20260928,ok,,,,2.0.0,ecoli50_strength_v1
course_ecoli50_strength,ecoli50_r011212,21460.21,196.09615453576075,2.2924690771951965,knn_physchem_full,log10,runs/knn_physchem_integrated_20261002_v2/knn_model.joblib,,,,knn_physchem_integrated_20261002_v2,ecoli50_random_20260928_v1,val,20260928,ok,,,,2.0.0,ecoli50_strength_v1
course_ecoli50_strength,ecoli50_r011220,2751.11,154.17282231465882,2.188007822748374,knn_physchem_full,log10,runs/knn_physchem_integrated_20261002_v2/knn_model.joblib,,,,knn_physchem_integrated_20261002_v2,ecoli50_random_20260928_v1,val,20260928,ok,,,,2.0.0,ecoli50_strength_v1
course_ecoli50_strength,ecoli50_r011224,195.03,150.4086551118558,2.177272828005405,knn_physchem_full,log10,runs/knn_physchem_integrated_20261002_v2/knn_model.joblib,,,,knn_physchem_integrated_20261002_v2,ecoli50_random_20260928_v1,val,20260928,ok,,,,2.0.0,ecoli50_strength_v1
course_ecoli50_strength,ecoli50_r011228,894.31,212.8873101798617,2.3281497747163264,knn_physchem_full,log10,runs/knn_physchem_integrated_20261002_v2/knn_model.joblib,,,,knn_physchem_integrated_20261002_v2,ecoli50_random_20260928_v1,val,20260928,ok,,,,2.0.0,ecoli50_strength_v1
course_ecoli50_strength,ecoli50_r011230,365.68,236.17064830395728,2.3732259217630167,knn_physchem_full,log10,runs/knn_physchem_integrated_20261002_v2/knn_model.joblib,,,,knn_physchem_integrated_20261002_v2,ecoli50_random_20260928_v1,val,20260928,ok,,,,2.0.0,ecoli50_strength_v1
course_ecoli50_strength,ecoli50_r011233,106.57,140.27241866341785,2.1469722854271893,knn_physchem_full,log10,runs/knn_physchem_integrated_20261002_v2/knn_model.joblib,,,,knn_physchem_integrated_20261002_v2,ecoli50_random_20260928_v1,val,20260928,ok,,,,2.0.0,ecoli50_strength_v1
course_ecoli50_strength,ecoli50_r011240,213.03,251.3092354610196,2.400208448942988,knn_physchem_full,log10,runs/knn_physchem_integrated_20261002_v2/knn_model.joblib,,,,knn_physchem_integrated_20261002_v2,ecoli50_random_20260928_v1,val,20260928,ok,,,,2.0.0,ecoli50_strength_v1
course_ecoli50_strength,ecoli50_r011268,228.51,153.59883006142564,2.186387907754073,knn_physchem_full,log10,runs/knn_physchem_integrated_20261002_v2/knn_model.joblib,,,,knn_physchem_integrated_20261002_v2,ecoli50_random_20260928_v1,val,20260928,ok,,,,2.0.0,ecoli50_strength_v1
course_ecoli50_strength,ecoli50_r011275,89.16,228.52755481387905,2.3589385728178214,knn_physchem_full,log10,runs/knn_physchem_integrated_20261002_v2/knn_model.joblib,,,,knn_physchem_integrated_20261002_v2,ecoli50_random_20260928_v1,val,20260928,ok,,,,2.0.0,ecoli50_strength_v1
course_ecoli50_strength,ecoli50_r011276,60.39,249.344777467556,2.3968002763411285,knn_physchem_full,log10,runs/knn_physchem_integrated_20261002_v2/knn_model.joblib,,,,knn_physchem_integrated_20261002_v2,ecoli50_random_20260928_v1,val,20260928,ok,,,,2.0.0,ecoli50_strength_v1
course_ecoli50_strength,ecoli50_r011282,229.12,161.6688946636785,2.208626469038109,knn_physchem_full,log10,runs/knn_physchem_integrated_20261002_v2/knn_model.joblib,,,,knn_physchem_integrated_20261002_v2,ecoli50_random_20260928_v1,val,20260928,ok,,,,2.0.0,ecoli50_strength_v1
course_ecoli50_strength,ecoli50_r011293,69.27,142.08752471662248,2.1525559485497645,knn_physchem_full,log10,runs/knn_physchem_integrated_20261002_v2/knn_model.joblib,,,,knn_physchem_integrated_20261002_v2,ecoli50_random_20260928_v1,val,20260928,ok,,,,2.0.0,ecoli50_strength_v1
course_ecoli50_strength,ecoli50_r011298,651.82,237.647982072005,2.375934130944205,knn_physchem_full,log10,runs/knn_physchem_integrated_20261002_v2/knn_model.joblib,,,,knn_physchem_integrated_20261002_v2,ecoli50_random_20260928_v1,val,20260928,ok,,,,2.0.0,ecoli50_strength_v1
course_ecoli50_strength,ecoli50_r011299,54.12,155.68833404988814,2.1922560714790165,knn_physchem_full,log10,runs/knn_physchem_integrated_20261002_v2/knn_model.joblib,,,,knn_physchem_integrated_20261002_v2,ecoli50_random_20260928_v1,val,20260928,ok,,,,2.0.0,ecoli50_strength_v1
course_ecoli50_strength,ecoli50_r011307,4305.92,221.630567487286,2.345629658473097,knn_physchem_full,log10,runs/knn_physchem_integrated_20261002_v2/knn_model.joblib,,,,knn_physchem_integrated_20261002_v2,ecoli50_random_20260928_v1,val,20260928,ok,,,,2.0.0,ecoli50_strength_v1
course_ecoli50_strength,ecoli50_r011318,941.18,167.7357040542454,2.2246255159353616,knn_physchem_full,log10,runs/knn_physchem_integrated_20261002_v2/knn_model.joblib,,,,knn_physchem_integrated_20261002_v2,ecoli50_random_20260928_v1,val,20260928,ok,,,,2.0.0,ecoli50_strength_v1
course_ecoli50_strength,ecoli50_r011330,210.17,154.6373836574472,2.189314493162596,knn_physchem_full,log10,runs/knn_physchem_integrated_20261002_v2/knn_model.joblib,,,,knn_physchem_integrated_20261002_v2,ecoli50_random_20260928_v1,val,20260928,ok,,,,2.0.0,ecoli50_strength_v1
course_ecoli50_strength,ecoli50_r011335,1549.24,180.42804941594645,2.2563040540464474,knn_physchem_full,log10,runs/knn_physchem_integrated_20261002_v2/knn_model.joblib,,,,knn_physchem_integrated_20261002_v2,ecoli50_random_20260928_v1,val,20260928,ok,,,,2.0.0,ecoli50_strength_v1
course_ecoli50_strength,ecoli50_r011339,366.82,195.1473233183827,2.290362598783916,knn_physchem_full,log10,runs/knn_physchem_integrated_20261002_v2/knn_model.joblib,,,,knn_physchem_integrated_20261002_v2,ecoli50_random_20260928_v1,val,20260928,ok,,,,2.0.0,ecoli50_strength_v1
course_ecoli50_strength,ecoli50_r011342,45.69,242.66468502603564,2.3850065780860734,knn_physchem_full,log10,runs/knn_physchem_integrated_20261002_v2/knn_model.joblib,,,,knn_physchem_integrated_20261002_v2,ecoli50_random_20260928_v1,val,20260928,ok,,,,2.0.0,ecoli50_strength_v1
course_ecoli50_strength,ecoli50_r011354,165.18,152.0021301391834,2.181849674136949,knn_physchem_full,log10,runs/knn_physchem_integrated_20261002_v2/knn_model.joblib,,,,knn_physchem_integrated_20261002_v2,ecoli50_random_20260928_v1,val,20260928,ok,,,,2.0.0,ecoli50_strength_v1
course_ecoli50_strength,ecoli50_r011357,35.03,237.1915621363401,2.375099235354929,knn_physchem_full,log10,runs/knn_physchem_integrated_20261002_v2/knn_model.joblib,,,,knn_physchem_integrated_20261002_v2,ecoli50_random_20260928_v1,val,20260928,ok,,,,2.0.0,ecoli50_strength_v1
course_ecoli50_strength,ecoli50_r011358,1926.6,216.82962452105295,2.336118617751425,knn_physchem_full,log10,runs/knn_physchem_integrated_20261002_v2/knn_model.joblib,,,,knn_physchem_integrated_20261002_v2,ecoli50_random_20260928_v1,val,20260928,ok,,,,2.0.0,ecoli50_strength_v1
course_ecoli50_strength,ecoli50_r011374,176.85,152.1814966797361,2.182361850999611,knn_physchem_full,log10,runs/knn_physchem_integrated_20261002_v2/knn_model.joblib,,,,knn_physchem_integrated_20261002_v2,ecoli50_random_20260928_v1,val,20260928,ok,,,,2.0.0,ecoli50_strength_v1
course_ecoli50_strength,ecoli50_r011376,30.19,175.3532134178391,2.2439137289106967,knn_physchem_full,log10,runs/knn_physchem_integrated_20261002_v2/knn_model.joblib,,,,knn_physchem_integrated_20261002_v2,ecoli50_random_20260928_v1,val,20260928,ok,,,,2.0.0,ecoli50_strength_v1
course_ecoli50_strength,ecoli50_r011384,249.06,179.2885436609692,2.2535525395132003,knn_physchem_full,log10,runs/knn_physchem_integrated_20261002_v2/knn_model.joblib,,,,knn_physchem_integrated_20261002_v2,ecoli50_random_20260928_v1,val,20260928,ok,,,,2.0.0,ecoli50_strength_v1
course_ecoli50_strength,ecoli50_r011396,61.9,184.16859648737784,2.2652155784398107,knn_physchem_full,log10,runs/knn_physchem_integrated_20261002_v2/knn_model.joblib,,,,knn_physchem_integrated_20261002_v2,ecoli50_random_20260928_v1,val,20260928,ok,,,,2.0.0,ecoli50_strength_v1
course_ecoli50_strength,ecoli50_r011403,55.85,221.48326157829453,2.3453409103384777,knn_physchem_full,log10,runs/knn_physchem_integrated_20261002_v2/knn_model.joblib,,,,knn_physchem_integrated_20261002_v2,ecoli50_random_20260928_v1,val,20260928,ok,,,,2.0.0,ecoli50_strength_v1
course_ecoli50_strength,ecoli50_r011417,354.79,257.3309879670998,2.4104920873871034,knn_physchem_full,log10,runs/knn_physchem_integrated_20261002_v2/knn_model.joblib,,,,knn_physchem_integrated_20261002_v2,ecoli50_random_20260928_v1,val,20260928,ok,,,,2.0.0,ecoli50_strength_v1
course_ecoli50_strength,ecoli50_r011420,216.48,260.30604800464084,2.415484258714415,knn_physchem_full,log10,runs/knn_physchem_integrated_20261002_v2/knn_model.joblib,,,,knn_physchem_integrated_20261002_v2,ecoli50_random_20260928_v1,val,20260928,ok,,,,2.0.0,ecoli50_strength_v1
course_ecoli50_strength,ecoli50_r011421,60.13,270.256684125837,2.431776443950304,knn_physchem_full,log10,runs/knn_physchem_integrated_20261002_v2/knn_model.joblib,,,,knn_physchem_integrated_20261002_v2,ecoli50_random_20260928_v1,val,20260928,ok,,,,2.0.0,ecoli50_strength_v1
course_ecoli50_strength,ecoli50_r011429,243.35,186.37522031601864,2.2703881698452206,knn_physchem_full,log10,runs/knn_physchem_integrated_20261002_v2/knn_model.joblib,,,,knn_physchem_integrated_20261002_v2,ecoli50_random_20260928_v1,val,20260928,ok,,,,2.0.0,ecoli50_strength_v1
course_ecoli50_strength,ecoli50_r011432,268.13,170.2131902468922,2.230993211620945,knn_physchem_full,log10,runs/knn_physchem_integrated_20261002_v2/knn_model.joblib,,,,knn_physchem_integrated_20261002_v2,ecoli50_random_20260928_v1,val,20260928,ok,,,,2.0.0,ecoli50_strength_v1
course_ecoli50_strength,ecoli50_r011448,21.67,217.22285758031973,2.3369055225682693,knn_physchem_full,log10,runs/knn_physchem_integrated_20261002_v2/knn_model.joblib,,,,knn_physchem_integrated_20261002_v2,ecoli50_random_20260928_v1,val,20260928,ok,,,,2.0.0,ecoli50_strength_v1
course_ecoli50_strength,ecoli50_r011450,212.21,224.24471001419568,2.350722206727313,knn_physchem_full,log10,runs/knn_physchem_integrated_20261002_v2/knn_model.joblib,,,,knn_physchem_integrated_20261002_v2,ecoli50_random_20260928_v1,val,20260928,ok,,,,2.0.0,ecoli50_strength_v1
course_ecoli50_strength,ecoli50_r011459,324.44,236.55995036835355,2.3739412204005754,knn_physchem_full,log10,runs/knn_physchem_integrated_20261002_v2/knn_model.joblib,,,,knn_physchem_integrated_20261002_v2,ecoli50_random_20260928_v1,val,20260928,ok,,,,2.0.0,ecoli50_strength_v1
course_ecoli50_strength,ecoli50_r011485,72.45,182.4130293604593,2.261055855797526,knn_physchem_full,log10,runs/knn_physchem_integrated_20261002_v2/knn_model.joblib,,,,knn_physchem_integrated_20261002_v2,ecoli50_random_20260928_v1,val,20260928,ok,,,,2.0.0,ecoli50_strength_v1
course_ecoli50_strength,ecoli50_r011489,96.17,172.79551370401103,2.237532462686365,knn_physchem_full,log10,runs/knn_physchem_integrated_20261002_v2/knn_model.joblib,,,,knn_physchem_integrated_20261002_v2,ecoli50_random_20260928_v1,val,20260928,ok,,,,2.0.0,ecoli50_strength_v1
course_ecoli50_strength,ecoli50_r011498,114.25,227.79824957126624,2.3575503825856594,knn_physchem_full,log10,runs/knn_physchem_integrated_20261002_v2/knn_model.joblib,,,,knn_physchem_integrated_20261002_v2,ecoli50_random_20260928_v1,val,20260928,ok,,,,2.0.0,ecoli50_strength_v1
course_ecoli50_strength,ecoli50_r011501,319.8,153.0411633290699,2.1848082582834545,knn_physchem_full,log10,runs/knn_physchem_integrated_20261002_v2/knn_model.joblib,,,,knn_physchem_integrated_20261002_v2,ecoli50_random_20260928_v1,val,20260928,ok,,,,2.0.0,ecoli50_strength_v1
course_ecoli50_strength,ecoli50_r011502,54.53,153.63355448517316,2.186486078561863,knn_physchem_full,log10,runs/knn_physchem_integrated_20261002_v2/knn_model.joblib,,,,knn_physchem_integrated_20261002_v2,ecoli50_random_20260928_v1,val,20260928,ok,,,,2.0.0,ecoli50_strength_v1
course_ecoli50_strength,ecoli50_r011515,827.62,180.59994209973613,2.256717606742885,knn_physchem_full,log10,runs/knn_physchem_integrated_20261002_v2/knn_model.joblib,,,,knn_physchem_integrated_20261002_v2,ecoli50_random_20260928_v1,val,20260928,ok,,,,2.0.0,ecoli50_strength_v1
course_ecoli50_strength,ecoli50_r011520,33.8,209.8007609872251,2.321807059129004,knn_physchem_full,log10,runs/knn_physchem_integrated_20261002_v2/knn_model.joblib,,,,knn_physchem_integrated_20261002_v2,ecoli50_random_20260928_v1,val,20260928,ok,,,,2.0.0,ecoli50_strength_v1
course_ecoli50_strength,ecoli50_r011530,67.1,211.88412749010865,2.3260984243764486,knn_physchem_full,log10,runs/knn_physchem_integrated_20261002_v2/knn_model.joblib,,,,knn_physchem_integrated_20261002_v2,ecoli50_random_20260928_v1,val,20260928,ok,,,,2.0.0,ecoli50_strength_v1
course_ecoli50_strength,ecoli50_r011531,55.73,198.02285090420816,2.2967153086907706,knn_physchem_full,log10,runs/knn_physchem_integrated_20261002_v2/knn_model.joblib,,,,knn_physchem_integrated_20261002_v2,ecoli50_random_20260928_v1,val,20260928,ok,,,,2.0.0,ecoli50_strength_v1
course_ecoli50_strength,ecoli50_r011543,90.2,163.8978966048056,2.2145733800574554,knn_physchem_full,log10,runs/knn_physchem_integrated_20261002_v2/knn_model.joblib,,,,knn_physchem_integrated_20261002_v2,ecoli50_random_20260928_v1,val,20260928,ok,,,,2.0.0,ecoli50_strength_v1
course_ecoli50_strength,ecoli50_r011547,35.9,225.9310168364792,2.353975856932957,knn_physchem_full,log10,runs/knn_physchem_integrated_20261002_v2/knn_model.joblib,,,,knn_physchem_integrated_20261002_v2,ecoli50_random_20260928_v1,val,20260928,ok,,,,2.0.0,ecoli50_strength_v1
course_ecoli50_strength,ecoli50_r011555,88.9,147.944464475294,2.170098720136673,knn_physchem_full,log10,runs/knn_physchem_integrated_20261002_v2/knn_model.joblib,,,,knn_physchem_integrated_20261002_v2,ecoli50_random_20260928_v1,val,20260928,ok,,,,2.0.0,ecoli50_strength_v1
course_ecoli50_strength,ecoli50_r011557,60.13,197.0596547733707,2.2945977176186765,knn_physchem_full,log10,runs/knn_physchem_integrated_20261002_v2/knn_model.joblib,,,,knn_physchem_integrated_20261002_v2,ecoli50_random_20260928_v1,val,20260928,ok,,,,2.0.0,ecoli50_strength_v1
course_ecoli50_strength,ecoli50_r011583,98.45,158.7754046722674,2.2007832283026803,knn_physchem_full,log10,runs/knn_physchem_integrated_20261002_v2/knn_model.joblib,,,,knn_physchem_integrated_20261002_v2,ecoli50_random_20260928_v1,val,20260928,ok,,,,2.0.0,ecoli50_strength_v1
course_ecoli50_strength,ecoli50_r011585,130.86,171.64619775658952,2.234634187536769,knn_physchem_full,log10,runs/knn_physchem_integrated_20261002_v2/knn_model.joblib,,,,knn_physchem_integrated_20261002_v2,ecoli50_random_20260928_v1,val,20260928,ok,,,,2.0.0,ecoli50_strength_v1
course_ecoli50_strength,ecoli50_r011586,84.19,140.10917149832605,2.14646656498416,knn_physchem_full,log10,runs/knn_physchem_integrated_20261002_v2/knn_model.joblib,,,,knn_physchem_integrated_20261002_v2,ecoli50_random_20260928_v1,val,20260928,ok,,,,2.0.0,ecoli50_strength_v1
course_ecoli50_strength,ecoli50_r011619,80.52,216.90576544172023,2.336271095888085,knn_physchem_full,log10,runs/knn_physchem_integrated_20261002_v2/knn_model.joblib,,,,knn_physchem_integrated_20261002_v2,ecoli50_random_20260928_v1,val,20260928,ok,,,,2.0.0,ecoli50_strength_v1
course_ecoli50_strength,ecoli50_r011620,58.51,199.16807541927943,2.2992197267565246,knn_physchem_full,log10,runs/knn_physchem_integrated_20261002_v2/knn_model.joblib,,,,knn_physchem_integrated_20261002_v2,ecoli50_random_20260928_v1,val,20260928,ok,,,,2.0.0,ecoli50_strength_v1
course_ecoli50_strength,ecoli50_r011627,66.15,227.46884381424013,2.356921920174795,knn_physchem_full,log10,runs/knn_physchem_integrated_20261002_v2/knn_model.joblib,,,,knn_physchem_integrated_20261002_v2,ecoli50_random_20260928_v1,val,20260928,ok,,,,2.0.0,ecoli50_strength_v1
course_ecoli50_strength,ecoli50_r011630,395.87,241.4405329805853,2.3828101811387365,knn_physchem_full,log10,runs/knn_physchem_integrated_20261002_v2/knn_model.joblib,,,,knn_physchem_integrated_20261002_v2,ecoli50_random_20260928_v1,val,20260928,ok,,,,2.0.0,ecoli50_strength_v1
course_ecoli50_strength,ecoli50_r011633,1154.57,258.09275192073534,2.4117758083213627,knn_physchem_full,log10,runs/knn_physchem_integrated_20261002_v2/knn_model.joblib,,,,knn_physchem_integrated_20261002_v2,ecoli50_random_20260928_v1,val,20260928,ok,,,,2.0.0,ecoli50_strength_v1
course_ecoli50_strength,ecoli50_r011639,81.73,170.31831431641658,2.231261350128826,knn_physchem_full,log10,runs/knn_physchem_integrated_20261002_v2/knn_model.joblib,,,,knn_physchem_integrated_20261002_v2,ecoli50_random_20260928_v1,val,20260928,ok,,,,2.0.0,ecoli50_strength_v1
course_ecoli50_strength,ecoli50_r011642,383.36,165.25490598287433,2.2181543614082906,knn_physchem_full,log10,runs/knn_physchem_integrated_20261002_v2/knn_model.joblib,,,,knn_physchem_integrated_20261002_v2,ecoli50_random_20260928_v1,val,20260928,ok,,,,2.0.0,ecoli50_strength_v1
course_ecoli50_strength,ecoli50_r011669,123.66,162.55280178165168,2.21099445945395,knn_physchem_full,log10,runs/knn_physchem_integrated_20261002_v2/knn_model.joblib,,,,knn_physchem_integrated_20261002_v2,ecoli50_random_20260928_v1,val,20260928,ok,,,,2.0.0,ecoli50_strength_v1
course_ecoli50_strength,ecoli50_r011671,61.3,172.46114432943858,2.2366912634433342,knn_physchem_full,log10,runs/knn_physchem_integrated_20261002_v2/knn_model.joblib,,,,knn_physchem_integrated_20261002_v2,ecoli50_random_20260928_v1,val,20260928,ok,,,,2.0.0,ecoli50_strength_v1
course_ecoli50_strength,ecoli50_r011677,104.38,152.31160094425536,2.1827329830090543,knn_physchem_full,log10,runs/knn_physchem_integrated_20261002_v2/knn_model.joblib,,,,knn_physchem_integrated_20261002_v2,ecoli50_random_20260928_v1,val,20260928,ok,,,,2.0.0,ecoli50_strength_v1
course_ecoli50_strength,ecoli50_r011681,793.77,159.54658274721857,2.2028875066810825,knn_physchem_full,log10,runs/knn_physchem_integrated_20261002_v2/knn_model.joblib,,,,knn_physchem_integrated_20261002_v2,ecoli50_random_20260928_v1,val,20260928,ok,,,,2.0.0,ecoli50_strength_v1
course_ecoli50_strength,ecoli50_r011688,292.53,159.4365041528477,2.2025877633406235,knn_physchem_full,log10,runs/knn_physchem_integrated_20261002_v2/knn_model.joblib,,,,knn_physchem_integrated_20261002_v2,ecoli50_random_20260928_v1,val,20260928,ok,,,,2.0.0,ecoli50_strength_v1
course_ecoli50_strength,ecoli50_r011696,44.32,157.6382565814539,2.197661623090031,knn_physchem_full,log10,runs/knn_physchem_integrated_20261002_v2/knn_model.joblib,,,,knn_physchem_integrated_20261002_v2,ecoli50_random_20260928_v1,val,20260928,ok,,,,2.0.0,ecoli50_strength_v1
course_ecoli50_strength,ecoli50_r011701,19491.38,233.94927702147112,2.369121707420609,knn_physchem_full,log10,runs/knn_physchem_integrated_20261002_v2/knn_model.joblib,,,,knn_physchem_integrated_20261002_v2,ecoli50_random_20260928_v1,val,20260928,ok,,,,2.0.0,ecoli50_strength_v1
course_ecoli50_strength,ecoli50_r011709,1196.65,148.79236123505908,2.172580635789041,knn_physchem_full,log10,runs/knn_physchem_integrated_20261002_v2/knn_model.joblib,,,,knn_physchem_integrated_20261002_v2,ecoli50_random_20260928_v1,val,20260928,ok,,,,2.0.0,ecoli50_strength_v1
course_ecoli50_strength,ecoli50_r011710,137.46,240.3011771981649,2.3807558983503623,knn_physchem_full,log10,runs/knn_physchem_integrated_20261002_v2/knn_model.joblib,,,,knn_physchem_integrated_20261002_v2,ecoli50_random_20260928_v1,val,20260928,ok,,,,2.0.0,ecoli50_strength_v1
course_ecoli50_strength,ecoli50_r011711,90.58,156.82458501161162,2.1954141469831288,knn_physchem_full,log10,runs/knn_physchem_integrated_20261002_v2/knn_model.joblib,,,,knn_physchem_integrated_20261002_v2,ecoli50_random_20260928_v1,val,20260928,ok,,,,2.0.0,ecoli50_strength_v1
course_ecoli50_strength,ecoli50_r011721,277.62,337.2139965859605,2.5279055923877425,knn_physchem_full,log10,runs/knn_physchem_integrated_20261002_v2/knn_model.joblib,,,,knn_physchem_integrated_20261002_v2,ecoli50_random_20260928_v1,val,20260928,ok,,,,2.0.0,ecoli50_strength_v1
course_ecoli50_strength,ecoli50_r011741,205.89,170.2707778180374,2.231140119945324,knn_physchem_full,log10,runs/knn_physchem_integrated_20261002_v2/knn_model.joblib,,,,knn_physchem_integrated_20261002_v2,ecoli50_random_20260928_v1,val,20260928,ok,,,,2.0.0,ecoli50_strength_v1
course_ecoli50_strength,ecoli50_r011747,73.69,169.53292465034838,2.2292540541932926,knn_physchem_full,log10,runs/knn_physchem_integrated_20261002_v2/knn_model.joblib,,,,knn_physchem_integrated_20261002_v2,ecoli50_random_20260928_v1,val,20260928,ok,,,,2.0.0,ecoli50_strength_v1
course_ecoli50_strength,ecoli50_r011748,67.79,165.06554380087107,2.2176564269946755,knn_physchem_full,log10,runs/knn_physchem_integrated_20261002_v2/knn_model.joblib,,,,knn_physchem_integrated_20261002_v2,ecoli50_random_20260928_v1,val,20260928,ok,,,,2.0.0,ecoli50_strength_v1
course_ecoli50_strength,ecoli50_r011750,66.87,272.967657857366,2.436111193391833,knn_physchem_full,log10,runs/knn_physchem_integrated_20261002_v2/knn_model.joblib,,,,knn_physchem_integrated_20261002_v2,ecoli50_random_20260928_v1,val,20260928,ok,,,,2.0.0,ecoli50_strength_v1
course_ecoli50_strength,ecoli50_r011751,114.25,255.88356134962595,2.4080423865340643,knn_physchem_full,log10,runs/knn_physchem_integrated_20261002_v2/knn_model.joblib,,,,knn_physchem_integrated_20261002_v2,ecoli50_random_20260928_v1,val,20260928,ok,,,,2.0.0,ecoli50_strength_v1
course_ecoli50_strength,ecoli50_r011770,2307.14,217.8621643074546,2.3381818137283537,knn_physchem_full,log10,runs/knn_physchem_integrated_20261002_v2/knn_model.joblib,,,,knn_physchem_integrated_20261002_v2,ecoli50_random_20260928_v1,val,20260928,ok,,,,2.0.0,ecoli50_strength_v1
course_ecoli50_strength,ecoli50_r011772,219.2,167.33067947918784,2.223575574596567,knn_physchem_full,log10,runs/knn_physchem_integrated_20261002_v2/knn_model.joblib,,,,knn_physchem_integrated_20261002_v2,ecoli50_random_20260928_v1,val,20260928,ok,,,,2.0.0,ecoli50_strength_v1
course_ecoli50_strength,ecoli50_r011779,74.3,211.36143827850893,2.325025755580324,knn_physchem_full,log10,runs/knn_physchem_integrated_20261002_v2/knn_model.joblib,,,,knn_physchem_integrated_20261002_v2,ecoli50_random_20260928_v1,val,20260928,ok,,,,2.0.0,ecoli50_strength_v1
course_ecoli50_strength,ecoli50_r011785,319.51,138.6667540234418,2.1419723495024177,knn_physchem_full,log10,runs/knn_physchem_integrated_20261002_v2/knn_model.joblib,,,,knn_physchem_integrated_20261002_v2,ecoli50_random_20260928_v1,val,20260928,ok,,,,2.0.0,ecoli50_strength_v1
course_ecoli50_strength,ecoli50_r011788,26.59,150.18573017530196,2.1766286703476982,knn_physchem_full,log10,runs/knn_physchem_integrated_20261002_v2/knn_model.joblib,,,,knn_physchem_integrated_20261002_v2,ecoli50_random_20260928_v1,val,20260928,ok,,,,2.0.0,ecoli50_strength_v1
course_ecoli50_strength,ecoli50_r011804,374.32,159.62179596808343,2.2030921929192613,knn_physchem_full,log10,runs/knn_physchem_integrated_20261002_v2/knn_model.joblib,,,,knn_physchem_integrated_20261002_v2,ecoli50_random_20260928_v1,val,20260928,ok,,,,2.0.0,ecoli50_strength_v1
course_ecoli50_strength,ecoli50_r011808,120.37,158.34712869142788,2.1996101927172487,knn_physchem_full,log10,runs/knn_physchem_integrated_20261002_v2/knn_model.joblib,,,,knn_physchem_integrated_20261002_v2,ecoli50_random_20260928_v1,val,20260928,ok,,,,2.0.0,ecoli50_strength_v1
course_ecoli50_strength,ecoli50_r011812,57.03,189.30747022371145,2.27716775190846,knn_physchem_full,log10,runs/knn_physchem_integrated_20261002_v2/knn_model.joblib,,,,knn_physchem_integrated_20261002_v2,ecoli50_random_20260928_v1,val,20260928,ok,,,,2.0.0,ecoli50_strength_v1
course_ecoli50_strength,ecoli50_r011813,455.57,220.30488170845013,2.3430241207347557,knn_physchem_full,log10,runs/knn_physchem_integrated_20261002_v2/knn_model.joblib,,,,knn_physchem_integrated_20261002_v2,ecoli50_random_20260928_v1,val,20260928,ok,,,,2.0.0,ecoli50_strength_v1
course_ecoli50_strength,ecoli50_r011820,195.46,167.25991416503598,2.2233918695762327,knn_physchem_full,log10,runs/knn_physchem_integrated_20261002_v2/knn_model.joblib,,,,knn_physchem_integrated_20261002_v2,ecoli50_random_20260928_v1,val,20260928,ok,,,,2.0.0,ecoli50_strength_v1
course_ecoli50_strength,ecoli50_r011826,171.15,189.0837307614862,2.2766541626659,knn_physchem_full,log10,runs/knn_physchem_integrated_20261002_v2/knn_model.joblib,,,,knn_physchem_integrated_20261002_v2,ecoli50_random_20260928_v1,val,20260928,ok,,,,2.0.0,ecoli50_strength_v1
course_ecoli50_strength,ecoli50_r011827,85.45,170.63125505239975,2.23205858517574,knn_physchem_full,log10,runs/knn_physchem_integrated_20261002_v2/knn_model.joblib,,,,knn_physchem_integrated_20261002_v2,ecoli50_random_20260928_v1,val,20260928,ok,,,,2.0.0,ecoli50_strength_v1
course_ecoli50_strength,ecoli50_r011838,109.05,172.48264984261752,2.236745415603042,knn_physchem_full,log10,runs/knn_physchem_integrated_20261002_v2/knn_model.joblib,,,,knn_physchem_integrated_20261002_v2,ecoli50_random_20260928_v1,val,20260928,ok,,,,2.0.0,ecoli50_strength_v1
course_ecoli50_strength,ecoli50_r011841,63.16,241.65744414538787,2.383200177920872,knn_physchem_full,log10,runs/knn_physchem_integrated_20261002_v2/knn_model.joblib,,,,knn_physchem_integrated_20261002_v2,ecoli50_random_20260928_v1,val,20260928,ok,,,,2.0.0,ecoli50_strength_v1
course_ecoli50_strength,ecoli50_r011863,85.45,158.91639365178844,2.2011687008906287,knn_physchem_full,log10,runs/knn_physchem_integrated_20261002_v2/knn_model.joblib,,,,knn_physchem_integrated_20261002_v2,ecoli50_random_20260928_v1,val,20260928,ok,,,,2.0.0,ecoli50_strength_v1
