sample_id	match_status	offset_0index	strand	parent_length	n_positive_loci	n_negative_loci	n_positive_positions	n_negative_positions	n_positive_parents	n_negative_parents	positive_parent_ids	negative_parent_ids	positive_parent_loci	negative_parent_loci
ecoli50_r000001	no_hit				0	0	0	0	0	0	[]	[]	[]	[]
ecoli50_r000002	no_hit				0	0	0	0	0	0	[]	[]	[]	[]
ecoli50_r000003	no_hit				0	0	0	0	0	0	[]	[]	[]	[]
ecoli50_r000004	no_hit				0	0	0	0	0	0	[]	[]	[]	[]
ecoli50_r000005	no_hit				0	0	0	0	0	0	[]	[]	[]	[]
ecoli50_r000006	no_hit				0	0	0	0	0	0	[]	[]	[]	[]
ecoli50_r000007	no_hit				0	0	0	0	0	0	[]	[]	[]	[]
ecoli50_r000008	no_hit				0	0	0	0	0	0	[]	[]	[]	[]
ecoli50_r000009	no_hit				0	0	0	0	0	0	[]	[]	[]	[]
ecoli50_r000010	no_hit				0	0	0	0	0	0	[]	[]	[]	[]
ecoli50_r000011	no_hit				0	0	0	0	0	0	[]	[]	[]	[]
ecoli50_r000012	position_consistent_positive	27	reverse	81	1	0	1	0	1	0	"[""497""]"	[]	"[[27,""reverse"",81,""497""]]"	[]
ecoli50_r000013	no_hit				0	0	0	0	0	0	[]	[]	[]	[]
ecoli50_r000014	no_hit				0	0	0	0	0	0	[]	[]	[]	[]
ecoli50_r000015	no_hit				0	0	0	0	0	0	[]	[]	[]	[]
ecoli50_r000016	no_hit				0	0	0	0	0	0	[]	[]	[]	[]
ecoli50_r000017	no_hit				0	0	0	0	0	0	[]	[]	[]	[]
ecoli50_r000018	no_hit				0	0	0	0	0	0	[]	[]	[]	[]
ecoli50_r000019	no_hit				0	0	0	0	0	0	[]	[]	[]	[]
ecoli50_r000020	no_hit				0	0	0	0	0	0	[]	[]	[]	[]
ecoli50_r000021	no_hit				0	0	0	0	0	0	[]	[]	[]	[]
ecoli50_r000022	no_hit				0	0	0	0	0	0	[]	[]	[]	[]
ecoli50_r000023	no_hit				0	0	0	0	0	0	[]	[]	[]	[]
ecoli50_r000024	no_hit				0	0	0	0	0	0	[]	[]	[]	[]
ecoli50_r000025	no_hit				0	0	0	0	0	0	[]	[]	[]	[]
ecoli50_r000026	no_hit				0	0	0	0	0	0	[]	[]	[]	[]
ecoli50_r000027	no_hit				0	0	0	0	0	0	[]	[]	[]	[]
ecoli50_r000028	position_consistent_positive	10	forward	81	1	0	1	0	1	0	"[""1681""]"	[]	"[[10,""forward"",81,""1681""]]"	[]
ecoli50_r000029	no_hit				0	0	0	0	0	0	[]	[]	[]	[]
ecoli50_r000030	no_hit				0	0	0	0	0	0	[]	[]	[]	[]
ecoli50_r000031	no_hit				0	0	0	0	0	0	[]	[]	[]	[]
ecoli50_r000032	no_hit				0	0	0	0	0	0	[]	[]	[]	[]
ecoli50_r000033	no_hit				0	0	0	0	0	0	[]	[]	[]	[]
ecoli50_r000034	no_hit				0	0	0	0	0	0	[]	[]	[]	[]
ecoli50_r000035	no_hit				0	0	0	0	0	0	[]	[]	[]	[]
ecoli50_r000036	no_hit				0	0	0	0	0	0	[]	[]	[]	[]
ecoli50_r000037	no_hit				0	0	0	0	0	0	[]	[]	[]	[]
ecoli50_r000038	no_hit				0	0	0	0	0	0	[]	[]	[]	[]
ecoli50_r000039	no_hit				0	0	0	0	0	0	[]	[]	[]	[]
ecoli50_r000040	no_hit				0	0	0	0	0	0	[]	[]	[]	[]
ecoli50_r000041	no_hit				0	0	0	0	0	0	[]	[]	[]	[]
ecoli50_r000042	negative_only				0	1	0	1	0	1	[]	"[""2160""]"	[]	"[[2,""forward"",81,""2160""]]"
ecoli50_r000043	no_hit				0	0	0	0	0	0	[]	[]	[]	[]
ecoli50_r000044	no_hit				0	0	0	0	0	0	[]	[]	[]	[]
ecoli50_r000045	no_hit				0	0	0	0	0	0	[]	[]	[]	[]
ecoli50_r000046	no_hit				0	0	0	0	0	0	[]	[]	[]	[]
ecoli50_r000047	no_hit				0	0	0	0	0	0	[]	[]	[]	[]
ecoli50_r000048	no_hit				0	0	0	0	0	0	[]	[]	[]	[]
ecoli50_r000049	no_hit				0	0	0	0	0	0	[]	[]	[]	[]
ecoli50_r000050	no_hit				0	0	0	0	0	0	[]	[]	[]	[]
ecoli50_r000051	no_hit				0	0	0	0	0	0	[]	[]	[]	[]
ecoli50_r000052	no_hit				0	0	0	0	0	0	[]	[]	[]	[]
ecoli50_r000053	no_hit				0	0	0	0	0	0	[]	[]	[]	[]
ecoli50_r000054	no_hit				0	0	0	0	0	0	[]	[]	[]	[]
ecoli50_r000055	no_hit				0	0	0	0	0	0	[]	[]	[]	[]
ecoli50_r000056	no_hit				0	0	0	0	0	0	[]	[]	[]	[]
ecoli50_r000057	no_hit				0	0	0	0	0	0	[]	[]	[]	[]
ecoli50_r000058	no_hit				0	0	0	0	0	0	[]	[]	[]	[]
ecoli50_r000059	no_hit				0	0	0	0	0	0	[]	[]	[]	[]
ecoli50_r000060	no_hit				0	0	0	0	0	0	[]	[]	[]	[]
ecoli50_r000061	no_hit				0	0	0	0	0	0	[]	[]	[]	[]
ecoli50_r000062	no_hit				0	0	0	0	0	0	[]	[]	[]	[]
ecoli50_r000063	no_hit				0	0	0	0	0	0	[]	[]	[]	[]
ecoli50_r000064	no_hit				0	0	0	0	0	0	[]	[]	[]	[]
ecoli50_r000065	no_hit				0	0	0	0	0	0	[]	[]	[]	[]
ecoli50_r000066	no_hit				0	0	0	0	0	0	[]	[]	[]	[]
ecoli50_r000067	no_hit				0	0	0	0	0	0	[]	[]	[]	[]
ecoli50_r000068	no_hit				0	0	0	0	0	0	[]	[]	[]	[]
ecoli50_r000069	no_hit				0	0	0	0	0	0	[]	[]	[]	[]
ecoli50_r000070	no_hit				0	0	0	0	0	0	[]	[]	[]	[]
ecoli50_r000071	no_hit				0	0	0	0	0	0	[]	[]	[]	[]
ecoli50_r000072	no_hit				0	0	0	0	0	0	[]	[]	[]	[]
ecoli50_r000073	no_hit				0	0	0	0	0	0	[]	[]	[]	[]
ecoli50_r000074	no_hit				0	0	0	0	0	0	[]	[]	[]	[]
ecoli50_r000075	no_hit				0	0	0	0	0	0	[]	[]	[]	[]
ecoli50_r000076	no_hit				0	0	0	0	0	0	[]	[]	[]	[]
ecoli50_r000077	no_hit				0	0	0	0	0	0	[]	[]	[]	[]
ecoli50_r000078	position_consistent_positive	19	forward	81	1	0	1	0	1	0	"[""1993""]"	[]	"[[19,""forward"",81,""1993""]]"	[]
ecoli50_r000079	no_hit				0	0	0	0	0	0	[]	[]	[]	[]
ecoli50_r000080	no_hit				0	0	0	0	0	0	[]	[]	[]	[]
ecoli50_r000081	no_hit				0	0	0	0	0	0	[]	[]	[]	[]
ecoli50_r000082	no_hit				0	0	0	0	0	0	[]	[]	[]	[]
ecoli50_r000083	no_hit				0	0	0	0	0	0	[]	[]	[]	[]
ecoli50_r000084	no_hit				0	0	0	0	0	0	[]	[]	[]	[]
ecoli50_r000085	no_hit				0	0	0	0	0	0	[]	[]	[]	[]
ecoli50_r000086	no_hit				0	0	0	0	0	0	[]	[]	[]	[]
ecoli50_r000087	position_consistent_positive	9	forward	81	1	0	1	0	1	0	"[""2100""]"	[]	"[[9,""forward"",81,""2100""]]"	[]
ecoli50_r000088	no_hit				0	0	0	0	0	0	[]	[]	[]	[]
ecoli50_r000089	no_hit				0	0	0	0	0	0	[]	[]	[]	[]
ecoli50_r000090	no_hit				0	0	0	0	0	0	[]	[]	[]	[]
ecoli50_r000091	position_consistent_positive	10	forward	81	1	0	1	0	1	0	"[""2607""]"	[]	"[[10,""forward"",81,""2607""]]"	[]
ecoli50_r000092	no_hit				0	0	0	0	0	0	[]	[]	[]	[]
ecoli50_r000093	no_hit				0	0	0	0	0	0	[]	[]	[]	[]
ecoli50_r000094	no_hit				0	0	0	0	0	0	[]	[]	[]	[]
ecoli50_r000095	no_hit				0	0	0	0	0	0	[]	[]	[]	[]
ecoli50_r000096	no_hit				0	0	0	0	0	0	[]	[]	[]	[]
ecoli50_r000097	no_hit				0	0	0	0	0	0	[]	[]	[]	[]
ecoli50_r000098	no_hit				0	0	0	0	0	0	[]	[]	[]	[]
ecoli50_r000099	no_hit				0	0	0	0	0	0	[]	[]	[]	[]
ecoli50_r000100	no_hit				0	0	0	0	0	0	[]	[]	[]	[]
ecoli50_r000101	no_hit				0	0	0	0	0	0	[]	[]	[]	[]
ecoli50_r000102	no_hit				0	0	0	0	0	0	[]	[]	[]	[]
ecoli50_r000103	no_hit				0	0	0	0	0	0	[]	[]	[]	[]
ecoli50_r000104	no_hit				0	0	0	0	0	0	[]	[]	[]	[]
ecoli50_r000105	no_hit				0	0	0	0	0	0	[]	[]	[]	[]
ecoli50_r000106	no_hit				0	0	0	0	0	0	[]	[]	[]	[]
ecoli50_r000107	no_hit				0	0	0	0	0	0	[]	[]	[]	[]
ecoli50_r000108	no_hit				0	0	0	0	0	0	[]	[]	[]	[]
ecoli50_r000109	no_hit				0	0	0	0	0	0	[]	[]	[]	[]
ecoli50_r000110	no_hit				0	0	0	0	0	0	[]	[]	[]	[]
ecoli50_r000111	no_hit				0	0	0	0	0	0	[]	[]	[]	[]
ecoli50_r000112	no_hit				0	0	0	0	0	0	[]	[]	[]	[]
ecoli50_r000113	no_hit				0	0	0	0	0	0	[]	[]	[]	[]
ecoli50_r000114	no_hit				0	0	0	0	0	0	[]	[]	[]	[]
ecoli50_r000115	no_hit				0	0	0	0	0	0	[]	[]	[]	[]
ecoli50_r000116	no_hit				0	0	0	0	0	0	[]	[]	[]	[]
ecoli50_r000117	negative_only				0	1	0	1	0	1	[]	"[""2177""]"	[]	"[[24,""reverse"",81,""2177""]]"
ecoli50_r000118	no_hit				0	0	0	0	0	0	[]	[]	[]	[]
ecoli50_r000119	no_hit				0	0	0	0	0	0	[]	[]	[]	[]
ecoli50_r000120	no_hit				0	0	0	0	0	0	[]	[]	[]	[]
ecoli50_r000121	no_hit				0	0	0	0	0	0	[]	[]	[]	[]
ecoli50_r000122	no_hit				0	0	0	0	0	0	[]	[]	[]	[]
ecoli50_r000123	no_hit				0	0	0	0	0	0	[]	[]	[]	[]
ecoli50_r000124	no_hit				0	0	0	0	0	0	[]	[]	[]	[]
ecoli50_r000125	no_hit				0	0	0	0	0	0	[]	[]	[]	[]
ecoli50_r000126	position_consistent_positive	11	forward	81	1	0	1	0	1	0	"[""2009""]"	[]	"[[11,""forward"",81,""2009""]]"	[]
ecoli50_r000127	no_hit				0	0	0	0	0	0	[]	[]	[]	[]
ecoli50_r000128	no_hit				0	0	0	0	0	0	[]	[]	[]	[]
ecoli50_r000129	no_hit				0	0	0	0	0	0	[]	[]	[]	[]
ecoli50_r000130	no_hit				0	0	0	0	0	0	[]	[]	[]	[]
ecoli50_r000131	no_hit				0	0	0	0	0	0	[]	[]	[]	[]
ecoli50_r000132	no_hit				0	0	0	0	0	0	[]	[]	[]	[]
ecoli50_r000133	negative_only				0	1	0	1	0	1	[]	"[""1439""]"	[]	"[[19,""reverse"",81,""1439""]]"
ecoli50_r000134	no_hit				0	0	0	0	0	0	[]	[]	[]	[]
ecoli50_r000135	no_hit				0	0	0	0	0	0	[]	[]	[]	[]
ecoli50_r000136	no_hit				0	0	0	0	0	0	[]	[]	[]	[]
ecoli50_r000137	no_hit				0	0	0	0	0	0	[]	[]	[]	[]
ecoli50_r000138	no_hit				0	0	0	0	0	0	[]	[]	[]	[]
ecoli50_r000139	no_hit				0	0	0	0	0	0	[]	[]	[]	[]
ecoli50_r000140	no_hit				0	0	0	0	0	0	[]	[]	[]	[]
ecoli50_r000141	no_hit				0	0	0	0	0	0	[]	[]	[]	[]
ecoli50_r000142	no_hit				0	0	0	0	0	0	[]	[]	[]	[]
ecoli50_r000143	no_hit				0	0	0	0	0	0	[]	[]	[]	[]
ecoli50_r000144	no_hit				0	0	0	0	0	0	[]	[]	[]	[]
ecoli50_r000145	no_hit				0	0	0	0	0	0	[]	[]	[]	[]
ecoli50_r000146	no_hit				0	0	0	0	0	0	[]	[]	[]	[]
ecoli50_r000147	no_hit				0	0	0	0	0	0	[]	[]	[]	[]
ecoli50_r000148	no_hit				0	0	0	0	0	0	[]	[]	[]	[]
ecoli50_r000149	no_hit				0	0	0	0	0	0	[]	[]	[]	[]
ecoli50_r000150	no_hit				0	0	0	0	0	0	[]	[]	[]	[]
ecoli50_r000151	no_hit				0	0	0	0	0	0	[]	[]	[]	[]
ecoli50_r000152	no_hit				0	0	0	0	0	0	[]	[]	[]	[]
ecoli50_r000153	no_hit				0	0	0	0	0	0	[]	[]	[]	[]
ecoli50_r000154	no_hit				0	0	0	0	0	0	[]	[]	[]	[]
ecoli50_r000155	no_hit				0	0	0	0	0	0	[]	[]	[]	[]
ecoli50_r000156	no_hit				0	0	0	0	0	0	[]	[]	[]	[]
ecoli50_r000157	no_hit				0	0	0	0	0	0	[]	[]	[]	[]
ecoli50_r000158	negative_only				0	1	0	1	0	1	[]	"[""58""]"	[]	"[[18,""reverse"",81,""58""]]"
ecoli50_r000159	no_hit				0	0	0	0	0	0	[]	[]	[]	[]
ecoli50_r000160	no_hit				0	0	0	0	0	0	[]	[]	[]	[]
ecoli50_r000161	no_hit				0	0	0	0	0	0	[]	[]	[]	[]
ecoli50_r000162	no_hit				0	0	0	0	0	0	[]	[]	[]	[]
ecoli50_r000163	no_hit				0	0	0	0	0	0	[]	[]	[]	[]
ecoli50_r000164	no_hit				0	0	0	0	0	0	[]	[]	[]	[]
ecoli50_r000165	no_hit				0	0	0	0	0	0	[]	[]	[]	[]
ecoli50_r000166	ambiguous_positive				2	0	2	0	2	0	"[""2037"",""3315""]"	[]	"[[10,""forward"",81,""2037""],[17,""forward"",81,""3315""]]"	[]
ecoli50_r000167	no_hit				0	0	0	0	0	0	[]	[]	[]	[]
ecoli50_r000168	no_hit				0	0	0	0	0	0	[]	[]	[]	[]
ecoli50_r000169	no_hit				0	0	0	0	0	0	[]	[]	[]	[]
ecoli50_r000170	no_hit				0	0	0	0	0	0	[]	[]	[]	[]
ecoli50_r000171	no_hit				0	0	0	0	0	0	[]	[]	[]	[]
ecoli50_r000172	no_hit				0	0	0	0	0	0	[]	[]	[]	[]
ecoli50_r000173	no_hit				0	0	0	0	0	0	[]	[]	[]	[]
ecoli50_r000174	no_hit				0	0	0	0	0	0	[]	[]	[]	[]
ecoli50_r000175	no_hit				0	0	0	0	0	0	[]	[]	[]	[]
ecoli50_r000176	no_hit				0	0	0	0	0	0	[]	[]	[]	[]
ecoli50_r000177	no_hit				0	0	0	0	0	0	[]	[]	[]	[]
ecoli50_r000178	no_hit				0	0	0	0	0	0	[]	[]	[]	[]
ecoli50_r000179	no_hit				0	0	0	0	0	0	[]	[]	[]	[]
ecoli50_r000180	no_hit				0	0	0	0	0	0	[]	[]	[]	[]
ecoli50_r000181	no_hit				0	0	0	0	0	0	[]	[]	[]	[]
ecoli50_r000182	no_hit				0	0	0	0	0	0	[]	[]	[]	[]
ecoli50_r000183	no_hit				0	0	0	0	0	0	[]	[]	[]	[]
ecoli50_r000184	no_hit				0	0	0	0	0	0	[]	[]	[]	[]
ecoli50_r000185	no_hit				0	0	0	0	0	0	[]	[]	[]	[]
ecoli50_r000186	no_hit				0	0	0	0	0	0	[]	[]	[]	[]
ecoli50_r000187	no_hit				0	0	0	0	0	0	[]	[]	[]	[]
ecoli50_r000188	position_consistent_positive	10	forward	81	1	0	1	0	1	0	"[""1959""]"	[]	"[[10,""forward"",81,""1959""]]"	[]
ecoli50_r000189	no_hit				0	0	0	0	0	0	[]	[]	[]	[]
ecoli50_r000190	no_hit				0	0	0	0	0	0	[]	[]	[]	[]
ecoli50_r000191	no_hit				0	0	0	0	0	0	[]	[]	[]	[]
ecoli50_r000192	no_hit				0	0	0	0	0	0	[]	[]	[]	[]
ecoli50_r000193	no_hit				0	0	0	0	0	0	[]	[]	[]	[]
ecoli50_r000194	no_hit				0	0	0	0	0	0	[]	[]	[]	[]
ecoli50_r000195	no_hit				0	0	0	0	0	0	[]	[]	[]	[]
ecoli50_r000196	no_hit				0	0	0	0	0	0	[]	[]	[]	[]
ecoli50_r000197	no_hit				0	0	0	0	0	0	[]	[]	[]	[]
ecoli50_r000198	no_hit				0	0	0	0	0	0	[]	[]	[]	[]
ecoli50_r000199	no_hit				0	0	0	0	0	0	[]	[]	[]	[]
ecoli50_r000200	no_hit				0	0	0	0	0	0	[]	[]	[]	[]
ecoli50_r000201	no_hit				0	0	0	0	0	0	[]	[]	[]	[]
ecoli50_r000202	no_hit				0	0	0	0	0	0	[]	[]	[]	[]
ecoli50_r000203	no_hit				0	0	0	0	0	0	[]	[]	[]	[]
ecoli50_r000204	no_hit				0	0	0	0	0	0	[]	[]	[]	[]
ecoli50_r000205	no_hit				0	0	0	0	0	0	[]	[]	[]	[]
ecoli50_r000206	no_hit				0	0	0	0	0	0	[]	[]	[]	[]
ecoli50_r000207	no_hit				0	0	0	0	0	0	[]	[]	[]	[]
ecoli50_r000208	no_hit				0	0	0	0	0	0	[]	[]	[]	[]
ecoli50_r000209	no_hit				0	0	0	0	0	0	[]	[]	[]	[]
ecoli50_r000210	no_hit				0	0	0	0	0	0	[]	[]	[]	[]
ecoli50_r000211	no_hit				0	0	0	0	0	0	[]	[]	[]	[]
ecoli50_r000212	no_hit				0	0	0	0	0	0	[]	[]	[]	[]
ecoli50_r000213	no_hit				0	0	0	0	0	0	[]	[]	[]	[]
ecoli50_r000214	no_hit				0	0	0	0	0	0	[]	[]	[]	[]
ecoli50_r000215	no_hit				0	0	0	0	0	0	[]	[]	[]	[]
ecoli50_r000216	no_hit				0	0	0	0	0	0	[]	[]	[]	[]
ecoli50_r000217	no_hit				0	0	0	0	0	0	[]	[]	[]	[]
ecoli50_r000218	no_hit				0	0	0	0	0	0	[]	[]	[]	[]
ecoli50_r000219	no_hit				0	0	0	0	0	0	[]	[]	[]	[]
ecoli50_r000220	no_hit				0	0	0	0	0	0	[]	[]	[]	[]
ecoli50_r000221	no_hit				0	0	0	0	0	0	[]	[]	[]	[]
ecoli50_r000222	no_hit				0	0	0	0	0	0	[]	[]	[]	[]
ecoli50_r000223	no_hit				0	0	0	0	0	0	[]	[]	[]	[]
ecoli50_r000224	no_hit				0	0	0	0	0	0	[]	[]	[]	[]
ecoli50_r000225	no_hit				0	0	0	0	0	0	[]	[]	[]	[]
ecoli50_r000226	no_hit				0	0	0	0	0	0	[]	[]	[]	[]
ecoli50_r000227	no_hit				0	0	0	0	0	0	[]	[]	[]	[]
ecoli50_r000228	no_hit				0	0	0	0	0	0	[]	[]	[]	[]
ecoli50_r000229	no_hit				0	0	0	0	0	0	[]	[]	[]	[]
ecoli50_r000230	no_hit				0	0	0	0	0	0	[]	[]	[]	[]
ecoli50_r000231	no_hit				0	0	0	0	0	0	[]	[]	[]	[]
ecoli50_r000232	no_hit				0	0	0	0	0	0	[]	[]	[]	[]
ecoli50_r000233	no_hit				0	0	0	0	0	0	[]	[]	[]	[]
ecoli50_r000234	no_hit				0	0	0	0	0	0	[]	[]	[]	[]
ecoli50_r000235	negative_only				0	1	0	1	0	1	[]	"[""65""]"	[]	"[[21,""reverse"",81,""65""]]"
ecoli50_r000236	no_hit				0	0	0	0	0	0	[]	[]	[]	[]
ecoli50_r000237	no_hit				0	0	0	0	0	0	[]	[]	[]	[]
ecoli50_r000238	no_hit				0	0	0	0	0	0	[]	[]	[]	[]
ecoli50_r000239	no_hit				0	0	0	0	0	0	[]	[]	[]	[]
ecoli50_r000240	no_hit				0	0	0	0	0	0	[]	[]	[]	[]
ecoli50_r000241	no_hit				0	0	0	0	0	0	[]	[]	[]	[]
ecoli50_r000242	no_hit				0	0	0	0	0	0	[]	[]	[]	[]
ecoli50_r000243	no_hit				0	0	0	0	0	0	[]	[]	[]	[]
ecoli50_r000244	no_hit				0	0	0	0	0	0	[]	[]	[]	[]
ecoli50_r000245	no_hit				0	0	0	0	0	0	[]	[]	[]	[]
ecoli50_r000246	no_hit				0	0	0	0	0	0	[]	[]	[]	[]
ecoli50_r000247	no_hit				0	0	0	0	0	0	[]	[]	[]	[]
ecoli50_r000248	no_hit				0	0	0	0	0	0	[]	[]	[]	[]
ecoli50_r000249	no_hit				0	0	0	0	0	0	[]	[]	[]	[]
ecoli50_r000250	no_hit				0	0	0	0	0	0	[]	[]	[]	[]
ecoli50_r000251	no_hit				0	0	0	0	0	0	[]	[]	[]	[]
ecoli50_r000252	no_hit				0	0	0	0	0	0	[]	[]	[]	[]
ecoli50_r000253	no_hit				0	0	0	0	0	0	[]	[]	[]	[]
ecoli50_r000254	position_consistent_positive	10	forward	81	1	0	1	0	1	0	"[""2861""]"	[]	"[[10,""forward"",81,""2861""]]"	[]
ecoli50_r000255	no_hit				0	0	0	0	0	0	[]	[]	[]	[]
ecoli50_r000256	no_hit				0	0	0	0	0	0	[]	[]	[]	[]
ecoli50_r000257	no_hit				0	0	0	0	0	0	[]	[]	[]	[]
ecoli50_r000258	position_consistent_positive	4	forward	81	1	0	1	0	1	0	"[""914""]"	[]	"[[4,""forward"",81,""914""]]"	[]
ecoli50_r000259	no_hit				0	0	0	0	0	0	[]	[]	[]	[]
ecoli50_r000260	no_hit				0	0	0	0	0	0	[]	[]	[]	[]
ecoli50_r000261	no_hit				0	0	0	0	0	0	[]	[]	[]	[]
ecoli50_r000262	position_consistent_positive	10	forward	81	1	0	1	0	1	0	"[""210""]"	[]	"[[10,""forward"",81,""210""]]"	[]
ecoli50_r000263	no_hit				0	0	0	0	0	0	[]	[]	[]	[]
ecoli50_r000264	no_hit				0	0	0	0	0	0	[]	[]	[]	[]
ecoli50_r000265	no_hit				0	0	0	0	0	0	[]	[]	[]	[]
ecoli50_r000266	no_hit				0	0	0	0	0	0	[]	[]	[]	[]
ecoli50_r000267	no_hit				0	0	0	0	0	0	[]	[]	[]	[]
ecoli50_r000268	no_hit				0	0	0	0	0	0	[]	[]	[]	[]
ecoli50_r000269	no_hit				0	0	0	0	0	0	[]	[]	[]	[]
ecoli50_r000270	no_hit				0	0	0	0	0	0	[]	[]	[]	[]
ecoli50_r000271	no_hit				0	0	0	0	0	0	[]	[]	[]	[]
ecoli50_r000272	no_hit				0	0	0	0	0	0	[]	[]	[]	[]
ecoli50_r000273	no_hit				0	0	0	0	0	0	[]	[]	[]	[]
ecoli50_r000274	no_hit				0	0	0	0	0	0	[]	[]	[]	[]
ecoli50_r000275	no_hit				0	0	0	0	0	0	[]	[]	[]	[]
ecoli50_r000276	no_hit				0	0	0	0	0	0	[]	[]	[]	[]
ecoli50_r000277	no_hit				0	0	0	0	0	0	[]	[]	[]	[]
ecoli50_r000278	no_hit				0	0	0	0	0	0	[]	[]	[]	[]
ecoli50_r000279	no_hit				0	0	0	0	0	0	[]	[]	[]	[]
ecoli50_r000280	no_hit				0	0	0	0	0	0	[]	[]	[]	[]
ecoli50_r000281	no_hit				0	0	0	0	0	0	[]	[]	[]	[]
ecoli50_r000282	no_hit				0	0	0	0	0	0	[]	[]	[]	[]
ecoli50_r000283	no_hit				0	0	0	0	0	0	[]	[]	[]	[]
ecoli50_r000284	no_hit				0	0	0	0	0	0	[]	[]	[]	[]
ecoli50_r000285	no_hit				0	0	0	0	0	0	[]	[]	[]	[]
ecoli50_r000286	no_hit				0	0	0	0	0	0	[]	[]	[]	[]
ecoli50_r000287	no_hit				0	0	0	0	0	0	[]	[]	[]	[]
ecoli50_r000288	no_hit				0	0	0	0	0	0	[]	[]	[]	[]
ecoli50_r000289	no_hit				0	0	0	0	0	0	[]	[]	[]	[]
ecoli50_r000290	no_hit				0	0	0	0	0	0	[]	[]	[]	[]
ecoli50_r000291	no_hit				0	0	0	0	0	0	[]	[]	[]	[]
ecoli50_r000292	no_hit				0	0	0	0	0	0	[]	[]	[]	[]
ecoli50_r000293	no_hit				0	0	0	0	0	0	[]	[]	[]	[]
ecoli50_r000294	no_hit				0	0	0	0	0	0	[]	[]	[]	[]
ecoli50_r000295	no_hit				0	0	0	0	0	0	[]	[]	[]	[]
ecoli50_r000296	no_hit				0	0	0	0	0	0	[]	[]	[]	[]
ecoli50_r000297	position_consistent_positive	6	reverse	81	1	0	1	0	1	0	"[""1281""]"	[]	"[[6,""reverse"",81,""1281""]]"	[]
ecoli50_r000298	no_hit				0	0	0	0	0	0	[]	[]	[]	[]
ecoli50_r000299	no_hit				0	0	0	0	0	0	[]	[]	[]	[]
ecoli50_r000300	no_hit				0	0	0	0	0	0	[]	[]	[]	[]
ecoli50_r000301	position_consistent_positive	1	forward	81	1	0	1	0	1	0	"[""2175""]"	[]	"[[1,""forward"",81,""2175""]]"	[]
ecoli50_r000302	position_consistent_positive	10	forward	81	1	0	1	0	1	0	"[""2175""]"	[]	"[[10,""forward"",81,""2175""]]"	[]
ecoli50_r000303	no_hit				0	0	0	0	0	0	[]	[]	[]	[]
ecoli50_r000304	no_hit				0	0	0	0	0	0	[]	[]	[]	[]
ecoli50_r000305	no_hit				0	0	0	0	0	0	[]	[]	[]	[]
ecoli50_r000306	no_hit				0	0	0	0	0	0	[]	[]	[]	[]
ecoli50_r000307	no_hit				0	0	0	0	0	0	[]	[]	[]	[]
ecoli50_r000308	no_hit				0	0	0	0	0	0	[]	[]	[]	[]
ecoli50_r000309	no_hit				0	0	0	0	0	0	[]	[]	[]	[]
ecoli50_r000310	no_hit				0	0	0	0	0	0	[]	[]	[]	[]
ecoli50_r000311	no_hit				0	0	0	0	0	0	[]	[]	[]	[]
ecoli50_r000312	no_hit				0	0	0	0	0	0	[]	[]	[]	[]
ecoli50_r000313	no_hit				0	0	0	0	0	0	[]	[]	[]	[]
ecoli50_r000314	position_consistent_positive	16	reverse	81	1	0	1	0	1	0	"[""1333""]"	[]	"[[16,""reverse"",81,""1333""]]"	[]
ecoli50_r000315	no_hit				0	0	0	0	0	0	[]	[]	[]	[]
ecoli50_r000316	no_hit				0	0	0	0	0	0	[]	[]	[]	[]
ecoli50_r000317	no_hit				0	0	0	0	0	0	[]	[]	[]	[]
ecoli50_r000318	no_hit				0	0	0	0	0	0	[]	[]	[]	[]
ecoli50_r000319	no_hit				0	0	0	0	0	0	[]	[]	[]	[]
ecoli50_r000320	no_hit				0	0	0	0	0	0	[]	[]	[]	[]
ecoli50_r000321	no_hit				0	0	0	0	0	0	[]	[]	[]	[]
ecoli50_r000322	no_hit				0	0	0	0	0	0	[]	[]	[]	[]
ecoli50_r000323	no_hit				0	0	0	0	0	0	[]	[]	[]	[]
ecoli50_r000324	no_hit				0	0	0	0	0	0	[]	[]	[]	[]
ecoli50_r000325	no_hit				0	0	0	0	0	0	[]	[]	[]	[]
ecoli50_r000326	no_hit				0	0	0	0	0	0	[]	[]	[]	[]
ecoli50_r000327	no_hit				0	0	0	0	0	0	[]	[]	[]	[]
ecoli50_r000328	no_hit				0	0	0	0	0	0	[]	[]	[]	[]
ecoli50_r000329	no_hit				0	0	0	0	0	0	[]	[]	[]	[]
ecoli50_r000330	no_hit				0	0	0	0	0	0	[]	[]	[]	[]
ecoli50_r000331	no_hit				0	0	0	0	0	0	[]	[]	[]	[]
ecoli50_r000332	no_hit				0	0	0	0	0	0	[]	[]	[]	[]
ecoli50_r000333	no_hit				0	0	0	0	0	0	[]	[]	[]	[]
ecoli50_r000334	no_hit				0	0	0	0	0	0	[]	[]	[]	[]
ecoli50_r000335	no_hit				0	0	0	0	0	0	[]	[]	[]	[]
ecoli50_r000336	no_hit				0	0	0	0	0	0	[]	[]	[]	[]
ecoli50_r000337	no_hit				0	0	0	0	0	0	[]	[]	[]	[]
ecoli50_r000338	no_hit				0	0	0	0	0	0	[]	[]	[]	[]
ecoli50_r000339	no_hit				0	0	0	0	0	0	[]	[]	[]	[]
ecoli50_r000340	no_hit				0	0	0	0	0	0	[]	[]	[]	[]
ecoli50_r000341	no_hit				0	0	0	0	0	0	[]	[]	[]	[]
ecoli50_r000342	no_hit				0	0	0	0	0	0	[]	[]	[]	[]
ecoli50_r000343	no_hit				0	0	0	0	0	0	[]	[]	[]	[]
ecoli50_r000344	no_hit				0	0	0	0	0	0	[]	[]	[]	[]
ecoli50_r000345	no_hit				0	0	0	0	0	0	[]	[]	[]	[]
ecoli50_r000346	no_hit				0	0	0	0	0	0	[]	[]	[]	[]
ecoli50_r000347	no_hit				0	0	0	0	0	0	[]	[]	[]	[]
ecoli50_r000348	no_hit				0	0	0	0	0	0	[]	[]	[]	[]
ecoli50_r000349	no_hit				0	0	0	0	0	0	[]	[]	[]	[]
ecoli50_r000350	no_hit				0	0	0	0	0	0	[]	[]	[]	[]
ecoli50_r000351	no_hit				0	0	0	0	0	0	[]	[]	[]	[]
ecoli50_r000352	no_hit				0	0	0	0	0	0	[]	[]	[]	[]
ecoli50_r000353	no_hit				0	0	0	0	0	0	[]	[]	[]	[]
ecoli50_r000354	no_hit				0	0	0	0	0	0	[]	[]	[]	[]
ecoli50_r000355	no_hit				0	0	0	0	0	0	[]	[]	[]	[]
ecoli50_r000356	no_hit				0	0	0	0	0	0	[]	[]	[]	[]
ecoli50_r000357	no_hit				0	0	0	0	0	0	[]	[]	[]	[]
ecoli50_r000358	no_hit				0	0	0	0	0	0	[]	[]	[]	[]
ecoli50_r000359	no_hit				0	0	0	0	0	0	[]	[]	[]	[]
ecoli50_r000360	no_hit				0	0	0	0	0	0	[]	[]	[]	[]
ecoli50_r000361	no_hit				0	0	0	0	0	0	[]	[]	[]	[]
ecoli50_r000362	no_hit				0	0	0	0	0	0	[]	[]	[]	[]
ecoli50_r000363	no_hit				0	0	0	0	0	0	[]	[]	[]	[]
ecoli50_r000364	no_hit				0	0	0	0	0	0	[]	[]	[]	[]
ecoli50_r000365	no_hit				0	0	0	0	0	0	[]	[]	[]	[]
ecoli50_r000366	no_hit				0	0	0	0	0	0	[]	[]	[]	[]
ecoli50_r000367	no_hit				0	0	0	0	0	0	[]	[]	[]	[]
ecoli50_r000368	no_hit				0	0	0	0	0	0	[]	[]	[]	[]
ecoli50_r000369	no_hit				0	0	0	0	0	0	[]	[]	[]	[]
ecoli50_r000370	no_hit				0	0	0	0	0	0	[]	[]	[]	[]
ecoli50_r000371	no_hit				0	0	0	0	0	0	[]	[]	[]	[]
ecoli50_r000372	no_hit				0	0	0	0	0	0	[]	[]	[]	[]
ecoli50_r000373	no_hit				0	0	0	0	0	0	[]	[]	[]	[]
ecoli50_r000374	no_hit				0	0	0	0	0	0	[]	[]	[]	[]
ecoli50_r000375	no_hit				0	0	0	0	0	0	[]	[]	[]	[]
ecoli50_r000376	no_hit				0	0	0	0	0	0	[]	[]	[]	[]
ecoli50_r000377	no_hit				0	0	0	0	0	0	[]	[]	[]	[]
ecoli50_r000378	no_hit				0	0	0	0	0	0	[]	[]	[]	[]
ecoli50_r000379	no_hit				0	0	0	0	0	0	[]	[]	[]	[]
ecoli50_r000380	no_hit				0	0	0	0	0	0	[]	[]	[]	[]
ecoli50_r000381	no_hit				0	0	0	0	0	0	[]	[]	[]	[]
ecoli50_r000382	no_hit				0	0	0	0	0	0	[]	[]	[]	[]
ecoli50_r000383	no_hit				0	0	0	0	0	0	[]	[]	[]	[]
ecoli50_r000384	no_hit				0	0	0	0	0	0	[]	[]	[]	[]
ecoli50_r000385	no_hit				0	0	0	0	0	0	[]	[]	[]	[]
ecoli50_r000386	no_hit				0	0	0	0	0	0	[]	[]	[]	[]
ecoli50_r000387	no_hit				0	0	0	0	0	0	[]	[]	[]	[]
ecoli50_r000388	no_hit				0	0	0	0	0	0	[]	[]	[]	[]
ecoli50_r000389	no_hit				0	0	0	0	0	0	[]	[]	[]	[]
ecoli50_r000390	no_hit				0	0	0	0	0	0	[]	[]	[]	[]
ecoli50_r000391	position_consistent_positive	19	forward	81	1	0	1	0	1	0	"[""2284""]"	[]	"[[19,""forward"",81,""2284""]]"	[]
ecoli50_r000392	no_hit				0	0	0	0	0	0	[]	[]	[]	[]
ecoli50_r000393	no_hit				0	0	0	0	0	0	[]	[]	[]	[]
ecoli50_r000394	no_hit				0	0	0	0	0	0	[]	[]	[]	[]
ecoli50_r000395	no_hit				0	0	0	0	0	0	[]	[]	[]	[]
ecoli50_r000396	no_hit				0	0	0	0	0	0	[]	[]	[]	[]
ecoli50_r000397	no_hit				0	0	0	0	0	0	[]	[]	[]	[]
ecoli50_r000398	no_hit				0	0	0	0	0	0	[]	[]	[]	[]
ecoli50_r000399	position_consistent_positive	27	reverse	81	1	0	1	0	1	0	"[""1200""]"	[]	"[[27,""reverse"",81,""1200""]]"	[]
ecoli50_r000400	no_hit				0	0	0	0	0	0	[]	[]	[]	[]
ecoli50_r000401	no_hit				0	0	0	0	0	0	[]	[]	[]	[]
ecoli50_r000402	position_consistent_positive	6	forward	81	1	0	1	0	1	0	"[""1334""]"	[]	"[[6,""forward"",81,""1334""]]"	[]
ecoli50_r000403	no_hit				0	0	0	0	0	0	[]	[]	[]	[]
ecoli50_r000404	no_hit				0	0	0	0	0	0	[]	[]	[]	[]
ecoli50_r000405	no_hit				0	0	0	0	0	0	[]	[]	[]	[]
ecoli50_r000406	no_hit				0	0	0	0	0	0	[]	[]	[]	[]
ecoli50_r000407	position_consistent_positive	7	forward	81	1	0	1	0	1	0	"[""1574""]"	[]	"[[7,""forward"",81,""1574""]]"	[]
ecoli50_r000408	no_hit				0	0	0	0	0	0	[]	[]	[]	[]
ecoli50_r000409	no_hit				0	0	0	0	0	0	[]	[]	[]	[]
ecoli50_r000410	no_hit				0	0	0	0	0	0	[]	[]	[]	[]
ecoli50_r000411	no_hit				0	0	0	0	0	0	[]	[]	[]	[]
ecoli50_r000412	no_hit				0	0	0	0	0	0	[]	[]	[]	[]
ecoli50_r000413	no_hit				0	0	0	0	0	0	[]	[]	[]	[]
ecoli50_r000414	no_hit				0	0	0	0	0	0	[]	[]	[]	[]
ecoli50_r000415	no_hit				0	0	0	0	0	0	[]	[]	[]	[]
ecoli50_r000416	position_consistent_positive	30	reverse	81	1	0	1	0	1	0	"[""1167""]"	[]	"[[30,""reverse"",81,""1167""]]"	[]
ecoli50_r000417	no_hit				0	0	0	0	0	0	[]	[]	[]	[]
ecoli50_r000418	no_hit				0	0	0	0	0	0	[]	[]	[]	[]
ecoli50_r000419	no_hit				0	0	0	0	0	0	[]	[]	[]	[]
ecoli50_r000420	no_hit				0	0	0	0	0	0	[]	[]	[]	[]
ecoli50_r000421	no_hit				0	0	0	0	0	0	[]	[]	[]	[]
ecoli50_r000422	no_hit				0	0	0	0	0	0	[]	[]	[]	[]
ecoli50_r000423	no_hit				0	0	0	0	0	0	[]	[]	[]	[]
ecoli50_r000424	no_hit				0	0	0	0	0	0	[]	[]	[]	[]
ecoli50_r000425	no_hit				0	0	0	0	0	0	[]	[]	[]	[]
ecoli50_r000426	no_hit				0	0	0	0	0	0	[]	[]	[]	[]
ecoli50_r000427	no_hit				0	0	0	0	0	0	[]	[]	[]	[]
ecoli50_r000428	no_hit				0	0	0	0	0	0	[]	[]	[]	[]
ecoli50_r000429	no_hit				0	0	0	0	0	0	[]	[]	[]	[]
ecoli50_r000430	no_hit				0	0	0	0	0	0	[]	[]	[]	[]
ecoli50_r000431	no_hit				0	0	0	0	0	0	[]	[]	[]	[]
ecoli50_r000432	no_hit				0	0	0	0	0	0	[]	[]	[]	[]
ecoli50_r000433	no_hit				0	0	0	0	0	0	[]	[]	[]	[]
ecoli50_r000434	no_hit				0	0	0	0	0	0	[]	[]	[]	[]
ecoli50_r000435	no_hit				0	0	0	0	0	0	[]	[]	[]	[]
ecoli50_r000436	no_hit				0	0	0	0	0	0	[]	[]	[]	[]
ecoli50_r000437	no_hit				0	0	0	0	0	0	[]	[]	[]	[]
ecoli50_r000438	no_hit				0	0	0	0	0	0	[]	[]	[]	[]
ecoli50_r000439	no_hit				0	0	0	0	0	0	[]	[]	[]	[]
ecoli50_r000440	no_hit				0	0	0	0	0	0	[]	[]	[]	[]
ecoli50_r000441	no_hit				0	0	0	0	0	0	[]	[]	[]	[]
ecoli50_r000442	no_hit				0	0	0	0	0	0	[]	[]	[]	[]
ecoli50_r000443	no_hit				0	0	0	0	0	0	[]	[]	[]	[]
ecoli50_r000444	no_hit				0	0	0	0	0	0	[]	[]	[]	[]
ecoli50_r000445	no_hit				0	0	0	0	0	0	[]	[]	[]	[]
ecoli50_r000446	position_consistent_positive	10	forward	81	1	0	1	0	1	0	"[""862""]"	[]	"[[10,""forward"",81,""862""]]"	[]
ecoli50_r000447	no_hit				0	0	0	0	0	0	[]	[]	[]	[]
ecoli50_r000448	no_hit				0	0	0	0	0	0	[]	[]	[]	[]
ecoli50_r000449	no_hit				0	0	0	0	0	0	[]	[]	[]	[]
ecoli50_r000450	no_hit				0	0	0	0	0	0	[]	[]	[]	[]
ecoli50_r000451	no_hit				0	0	0	0	0	0	[]	[]	[]	[]
ecoli50_r000452	no_hit				0	0	0	0	0	0	[]	[]	[]	[]
ecoli50_r000453	no_hit				0	0	0	0	0	0	[]	[]	[]	[]
ecoli50_r000454	no_hit				0	0	0	0	0	0	[]	[]	[]	[]
ecoli50_r000455	no_hit				0	0	0	0	0	0	[]	[]	[]	[]
ecoli50_r000456	no_hit				0	0	0	0	0	0	[]	[]	[]	[]
ecoli50_r000457	no_hit				0	0	0	0	0	0	[]	[]	[]	[]
ecoli50_r000458	no_hit				0	0	0	0	0	0	[]	[]	[]	[]
ecoli50_r000459	no_hit				0	0	0	0	0	0	[]	[]	[]	[]
ecoli50_r000460	no_hit				0	0	0	0	0	0	[]	[]	[]	[]
ecoli50_r000461	no_hit				0	0	0	0	0	0	[]	[]	[]	[]
ecoli50_r000462	no_hit				0	0	0	0	0	0	[]	[]	[]	[]
ecoli50_r000463	position_consistent_positive	11	forward	81	1	0	1	0	1	0	"[""689""]"	[]	"[[11,""forward"",81,""689""]]"	[]
ecoli50_r000464	no_hit				0	0	0	0	0	0	[]	[]	[]	[]
ecoli50_r000465	no_hit				0	0	0	0	0	0	[]	[]	[]	[]
ecoli50_r000466	no_hit				0	0	0	0	0	0	[]	[]	[]	[]
ecoli50_r000467	no_hit				0	0	0	0	0	0	[]	[]	[]	[]
ecoli50_r000468	no_hit				0	0	0	0	0	0	[]	[]	[]	[]
ecoli50_r000469	no_hit				0	0	0	0	0	0	[]	[]	[]	[]
ecoli50_r000470	no_hit				0	0	0	0	0	0	[]	[]	[]	[]
ecoli50_r000471	no_hit				0	0	0	0	0	0	[]	[]	[]	[]
ecoli50_r000472	no_hit				0	0	0	0	0	0	[]	[]	[]	[]
ecoli50_r000473	no_hit				0	0	0	0	0	0	[]	[]	[]	[]
ecoli50_r000474	no_hit				0	0	0	0	0	0	[]	[]	[]	[]
ecoli50_r000475	no_hit				0	0	0	0	0	0	[]	[]	[]	[]
ecoli50_r000476	no_hit				0	0	0	0	0	0	[]	[]	[]	[]
ecoli50_r000477	no_hit				0	0	0	0	0	0	[]	[]	[]	[]
ecoli50_r000478	position_consistent_positive	11	forward	81	1	0	1	0	1	0	"[""1018""]"	[]	"[[11,""forward"",81,""1018""]]"	[]
ecoli50_r000479	no_hit				0	0	0	0	0	0	[]	[]	[]	[]
ecoli50_r000480	no_hit				0	0	0	0	0	0	[]	[]	[]	[]
ecoli50_r000481	no_hit				0	0	0	0	0	0	[]	[]	[]	[]
ecoli50_r000482	no_hit				0	0	0	0	0	0	[]	[]	[]	[]
ecoli50_r000483	no_hit				0	0	0	0	0	0	[]	[]	[]	[]
ecoli50_r000484	no_hit				0	0	0	0	0	0	[]	[]	[]	[]
ecoli50_r000485	no_hit				0	0	0	0	0	0	[]	[]	[]	[]
ecoli50_r000486	no_hit				0	0	0	0	0	0	[]	[]	[]	[]
ecoli50_r000487	no_hit				0	0	0	0	0	0	[]	[]	[]	[]
ecoli50_r000488	no_hit				0	0	0	0	0	0	[]	[]	[]	[]
ecoli50_r000489	no_hit				0	0	0	0	0	0	[]	[]	[]	[]
ecoli50_r000490	position_consistent_positive	8	reverse	81	1	0	1	0	1	0	"[""100""]"	[]	"[[8,""reverse"",81,""100""]]"	[]
ecoli50_r000491	no_hit				0	0	0	0	0	0	[]	[]	[]	[]
ecoli50_r000492	position_consistent_positive	12	forward	81	1	0	1	0	1	0	"[""1466""]"	[]	"[[12,""forward"",81,""1466""]]"	[]
ecoli50_r000493	no_hit				0	0	0	0	0	0	[]	[]	[]	[]
ecoli50_r000494	no_hit				0	0	0	0	0	0	[]	[]	[]	[]
ecoli50_r000495	no_hit				0	0	0	0	0	0	[]	[]	[]	[]
ecoli50_r000496	no_hit				0	0	0	0	0	0	[]	[]	[]	[]
ecoli50_r000497	no_hit				0	0	0	0	0	0	[]	[]	[]	[]
ecoli50_r000498	no_hit				0	0	0	0	0	0	[]	[]	[]	[]
ecoli50_r000499	no_hit				0	0	0	0	0	0	[]	[]	[]	[]
ecoli50_r000500	no_hit				0	0	0	0	0	0	[]	[]	[]	[]
ecoli50_r000501	no_hit				0	0	0	0	0	0	[]	[]	[]	[]
ecoli50_r000502	no_hit				0	0	0	0	0	0	[]	[]	[]	[]
ecoli50_r000503	no_hit				0	0	0	0	0	0	[]	[]	[]	[]
ecoli50_r000504	no_hit				0	0	0	0	0	0	[]	[]	[]	[]
ecoli50_r000505	no_hit				0	0	0	0	0	0	[]	[]	[]	[]
ecoli50_r000506	no_hit				0	0	0	0	0	0	[]	[]	[]	[]
ecoli50_r000507	no_hit				0	0	0	0	0	0	[]	[]	[]	[]
ecoli50_r000508	no_hit				0	0	0	0	0	0	[]	[]	[]	[]
ecoli50_r000509	no_hit				0	0	0	0	0	0	[]	[]	[]	[]
ecoli50_r000510	no_hit				0	0	0	0	0	0	[]	[]	[]	[]
ecoli50_r000511	no_hit				0	0	0	0	0	0	[]	[]	[]	[]
ecoli50_r000512	no_hit				0	0	0	0	0	0	[]	[]	[]	[]
ecoli50_r000513	no_hit				0	0	0	0	0	0	[]	[]	[]	[]
ecoli50_r000514	no_hit				0	0	0	0	0	0	[]	[]	[]	[]
ecoli50_r000515	no_hit				0	0	0	0	0	0	[]	[]	[]	[]
ecoli50_r000516	no_hit				0	0	0	0	0	0	[]	[]	[]	[]
ecoli50_r000517	no_hit				0	0	0	0	0	0	[]	[]	[]	[]
ecoli50_r000518	no_hit				0	0	0	0	0	0	[]	[]	[]	[]
ecoli50_r000519	no_hit				0	0	0	0	0	0	[]	[]	[]	[]
ecoli50_r000520	no_hit				0	0	0	0	0	0	[]	[]	[]	[]
ecoli50_r000521	no_hit				0	0	0	0	0	0	[]	[]	[]	[]
ecoli50_r000522	no_hit				0	0	0	0	0	0	[]	[]	[]	[]
ecoli50_r000523	no_hit				0	0	0	0	0	0	[]	[]	[]	[]
ecoli50_r000524	no_hit				0	0	0	0	0	0	[]	[]	[]	[]
ecoli50_r000525	no_hit				0	0	0	0	0	0	[]	[]	[]	[]
ecoli50_r000526	no_hit				0	0	0	0	0	0	[]	[]	[]	[]
ecoli50_r000527	no_hit				0	0	0	0	0	0	[]	[]	[]	[]
ecoli50_r000528	no_hit				0	0	0	0	0	0	[]	[]	[]	[]
ecoli50_r000529	no_hit				0	0	0	0	0	0	[]	[]	[]	[]
ecoli50_r000530	no_hit				0	0	0	0	0	0	[]	[]	[]	[]
ecoli50_r000531	no_hit				0	0	0	0	0	0	[]	[]	[]	[]
ecoli50_r000532	no_hit				0	0	0	0	0	0	[]	[]	[]	[]
ecoli50_r000533	no_hit				0	0	0	0	0	0	[]	[]	[]	[]
ecoli50_r000534	no_hit				0	0	0	0	0	0	[]	[]	[]	[]
ecoli50_r000535	no_hit				0	0	0	0	0	0	[]	[]	[]	[]
ecoli50_r000536	no_hit				0	0	0	0	0	0	[]	[]	[]	[]
ecoli50_r000537	position_consistent_positive	10	forward	81	1	0	1	0	1	0	"[""2923""]"	[]	"[[10,""forward"",81,""2923""]]"	[]
ecoli50_r000538	no_hit				0	0	0	0	0	0	[]	[]	[]	[]
ecoli50_r000539	no_hit				0	0	0	0	0	0	[]	[]	[]	[]
ecoli50_r000540	no_hit				0	0	0	0	0	0	[]	[]	[]	[]
ecoli50_r000541	no_hit				0	0	0	0	0	0	[]	[]	[]	[]
ecoli50_r000542	no_hit				0	0	0	0	0	0	[]	[]	[]	[]
ecoli50_r000543	no_hit				0	0	0	0	0	0	[]	[]	[]	[]
ecoli50_r000544	no_hit				0	0	0	0	0	0	[]	[]	[]	[]
ecoli50_r000545	no_hit				0	0	0	0	0	0	[]	[]	[]	[]
ecoli50_r000546	no_hit				0	0	0	0	0	0	[]	[]	[]	[]
ecoli50_r000547	no_hit				0	0	0	0	0	0	[]	[]	[]	[]
ecoli50_r000548	no_hit				0	0	0	0	0	0	[]	[]	[]	[]
ecoli50_r000549	no_hit				0	0	0	0	0	0	[]	[]	[]	[]
ecoli50_r000550	position_consistent_positive	11	forward	81	1	0	1	0	1	0	"[""423""]"	[]	"[[11,""forward"",81,""423""]]"	[]
ecoli50_r000551	no_hit				0	0	0	0	0	0	[]	[]	[]	[]
ecoli50_r000552	no_hit				0	0	0	0	0	0	[]	[]	[]	[]
ecoli50_r000553	no_hit				0	0	0	0	0	0	[]	[]	[]	[]
ecoli50_r000554	no_hit				0	0	0	0	0	0	[]	[]	[]	[]
ecoli50_r000555	no_hit				0	0	0	0	0	0	[]	[]	[]	[]
ecoli50_r000556	no_hit				0	0	0	0	0	0	[]	[]	[]	[]
ecoli50_r000557	no_hit				0	0	0	0	0	0	[]	[]	[]	[]
ecoli50_r000558	no_hit				0	0	0	0	0	0	[]	[]	[]	[]
ecoli50_r000559	no_hit				0	0	0	0	0	0	[]	[]	[]	[]
ecoli50_r000560	no_hit				0	0	0	0	0	0	[]	[]	[]	[]
ecoli50_r000561	no_hit				0	0	0	0	0	0	[]	[]	[]	[]
ecoli50_r000562	no_hit				0	0	0	0	0	0	[]	[]	[]	[]
ecoli50_r000563	no_hit				0	0	0	0	0	0	[]	[]	[]	[]
ecoli50_r000564	no_hit				0	0	0	0	0	0	[]	[]	[]	[]
ecoli50_r000565	no_hit				0	0	0	0	0	0	[]	[]	[]	[]
ecoli50_r000566	no_hit				0	0	0	0	0	0	[]	[]	[]	[]
ecoli50_r000567	position_consistent_positive	5	forward	81	1	0	1	0	1	0	"[""1472""]"	[]	"[[5,""forward"",81,""1472""]]"	[]
ecoli50_r000568	no_hit				0	0	0	0	0	0	[]	[]	[]	[]
ecoli50_r000569	no_hit				0	0	0	0	0	0	[]	[]	[]	[]
ecoli50_r000570	no_hit				0	0	0	0	0	0	[]	[]	[]	[]
ecoli50_r000571	no_hit				0	0	0	0	0	0	[]	[]	[]	[]
ecoli50_r000572	no_hit				0	0	0	0	0	0	[]	[]	[]	[]
ecoli50_r000573	no_hit				0	0	0	0	0	0	[]	[]	[]	[]
ecoli50_r000574	position_consistent_positive	12	forward	81	1	0	1	0	1	0	"[""2407""]"	[]	"[[12,""forward"",81,""2407""]]"	[]
ecoli50_r000575	no_hit				0	0	0	0	0	0	[]	[]	[]	[]
ecoli50_r000576	no_hit				0	0	0	0	0	0	[]	[]	[]	[]
ecoli50_r000577	no_hit				0	0	0	0	0	0	[]	[]	[]	[]
ecoli50_r000578	no_hit				0	0	0	0	0	0	[]	[]	[]	[]
ecoli50_r000579	no_hit				0	0	0	0	0	0	[]	[]	[]	[]
ecoli50_r000580	no_hit				0	0	0	0	0	0	[]	[]	[]	[]
ecoli50_r000581	no_hit				0	0	0	0	0	0	[]	[]	[]	[]
ecoli50_r000582	no_hit				0	0	0	0	0	0	[]	[]	[]	[]
ecoli50_r000583	no_hit				0	0	0	0	0	0	[]	[]	[]	[]
ecoli50_r000584	no_hit				0	0	0	0	0	0	[]	[]	[]	[]
ecoli50_r000585	no_hit				0	0	0	0	0	0	[]	[]	[]	[]
ecoli50_r000586	no_hit				0	0	0	0	0	0	[]	[]	[]	[]
ecoli50_r000587	no_hit				0	0	0	0	0	0	[]	[]	[]	[]
ecoli50_r000588	no_hit				0	0	0	0	0	0	[]	[]	[]	[]
ecoli50_r000589	no_hit				0	0	0	0	0	0	[]	[]	[]	[]
ecoli50_r000590	no_hit				0	0	0	0	0	0	[]	[]	[]	[]
ecoli50_r000591	no_hit				0	0	0	0	0	0	[]	[]	[]	[]
ecoli50_r000592	no_hit				0	0	0	0	0	0	[]	[]	[]	[]
ecoli50_r000593	no_hit				0	0	0	0	0	0	[]	[]	[]	[]
ecoli50_r000594	no_hit				0	0	0	0	0	0	[]	[]	[]	[]
ecoli50_r000595	no_hit				0	0	0	0	0	0	[]	[]	[]	[]
ecoli50_r000596	position_consistent_positive	18	forward	81	1	0	1	0	1	0	"[""509""]"	[]	"[[18,""forward"",81,""509""]]"	[]
ecoli50_r000597	no_hit				0	0	0	0	0	0	[]	[]	[]	[]
ecoli50_r000598	no_hit				0	0	0	0	0	0	[]	[]	[]	[]
ecoli50_r000599	no_hit				0	0	0	0	0	0	[]	[]	[]	[]
ecoli50_r000600	no_hit				0	0	0	0	0	0	[]	[]	[]	[]
ecoli50_r000601	no_hit				0	0	0	0	0	0	[]	[]	[]	[]
ecoli50_r000602	no_hit				0	0	0	0	0	0	[]	[]	[]	[]
ecoli50_r000603	no_hit				0	0	0	0	0	0	[]	[]	[]	[]
ecoli50_r000604	no_hit				0	0	0	0	0	0	[]	[]	[]	[]
ecoli50_r000605	no_hit				0	0	0	0	0	0	[]	[]	[]	[]
ecoli50_r000606	no_hit				0	0	0	0	0	0	[]	[]	[]	[]
ecoli50_r000607	no_hit				0	0	0	0	0	0	[]	[]	[]	[]
ecoli50_r000608	no_hit				0	0	0	0	0	0	[]	[]	[]	[]
ecoli50_r000609	no_hit				0	0	0	0	0	0	[]	[]	[]	[]
ecoli50_r000610	no_hit				0	0	0	0	0	0	[]	[]	[]	[]
ecoli50_r000611	no_hit				0	0	0	0	0	0	[]	[]	[]	[]
ecoli50_r000612	no_hit				0	0	0	0	0	0	[]	[]	[]	[]
ecoli50_r000613	no_hit				0	0	0	0	0	0	[]	[]	[]	[]
ecoli50_r000614	no_hit				0	0	0	0	0	0	[]	[]	[]	[]
ecoli50_r000615	no_hit				0	0	0	0	0	0	[]	[]	[]	[]
ecoli50_r000616	no_hit				0	0	0	0	0	0	[]	[]	[]	[]
ecoli50_r000617	no_hit				0	0	0	0	0	0	[]	[]	[]	[]
ecoli50_r000618	no_hit				0	0	0	0	0	0	[]	[]	[]	[]
ecoli50_r000619	no_hit				0	0	0	0	0	0	[]	[]	[]	[]
ecoli50_r000620	no_hit				0	0	0	0	0	0	[]	[]	[]	[]
ecoli50_r000621	position_consistent_positive	13	forward	81	1	0	1	0	1	0	"[""384""]"	[]	"[[13,""forward"",81,""384""]]"	[]
ecoli50_r000622	position_consistent_positive	11	forward	81	1	0	1	0	1	0	"[""1208""]"	[]	"[[11,""forward"",81,""1208""]]"	[]
ecoli50_r000623	no_hit				0	0	0	0	0	0	[]	[]	[]	[]
ecoli50_r000624	position_consistent_positive	7	forward	81	1	0	1	0	1	0	"[""2199""]"	[]	"[[7,""forward"",81,""2199""]]"	[]
ecoli50_r000625	no_hit				0	0	0	0	0	0	[]	[]	[]	[]
ecoli50_r000626	no_hit				0	0	0	0	0	0	[]	[]	[]	[]
ecoli50_r000627	no_hit				0	0	0	0	0	0	[]	[]	[]	[]
ecoli50_r000628	no_hit				0	0	0	0	0	0	[]	[]	[]	[]
ecoli50_r000629	no_hit				0	0	0	0	0	0	[]	[]	[]	[]
ecoli50_r000630	no_hit				0	0	0	0	0	0	[]	[]	[]	[]
ecoli50_r000631	no_hit				0	0	0	0	0	0	[]	[]	[]	[]
ecoli50_r000632	no_hit				0	0	0	0	0	0	[]	[]	[]	[]
ecoli50_r000633	no_hit				0	0	0	0	0	0	[]	[]	[]	[]
ecoli50_r000634	no_hit				0	0	0	0	0	0	[]	[]	[]	[]
ecoli50_r000635	no_hit				0	0	0	0	0	0	[]	[]	[]	[]
ecoli50_r000636	no_hit				0	0	0	0	0	0	[]	[]	[]	[]
ecoli50_r000637	no_hit				0	0	0	0	0	0	[]	[]	[]	[]
ecoli50_r000638	no_hit				0	0	0	0	0	0	[]	[]	[]	[]
ecoli50_r000639	no_hit				0	0	0	0	0	0	[]	[]	[]	[]
ecoli50_r000640	no_hit				0	0	0	0	0	0	[]	[]	[]	[]
ecoli50_r000641	no_hit				0	0	0	0	0	0	[]	[]	[]	[]
ecoli50_r000642	no_hit				0	0	0	0	0	0	[]	[]	[]	[]
ecoli50_r000643	no_hit				0	0	0	0	0	0	[]	[]	[]	[]
ecoli50_r000644	no_hit				0	0	0	0	0	0	[]	[]	[]	[]
ecoli50_r000645	no_hit				0	0	0	0	0	0	[]	[]	[]	[]
ecoli50_r000646	no_hit				0	0	0	0	0	0	[]	[]	[]	[]
ecoli50_r000647	no_hit				0	0	0	0	0	0	[]	[]	[]	[]
ecoli50_r000648	no_hit				0	0	0	0	0	0	[]	[]	[]	[]
ecoli50_r000649	no_hit				0	0	0	0	0	0	[]	[]	[]	[]
ecoli50_r000650	no_hit				0	0	0	0	0	0	[]	[]	[]	[]
ecoli50_r000651	no_hit				0	0	0	0	0	0	[]	[]	[]	[]
ecoli50_r000652	no_hit				0	0	0	0	0	0	[]	[]	[]	[]
ecoli50_r000653	no_hit				0	0	0	0	0	0	[]	[]	[]	[]
ecoli50_r000654	no_hit				0	0	0	0	0	0	[]	[]	[]	[]
ecoli50_r000655	no_hit				0	0	0	0	0	0	[]	[]	[]	[]
ecoli50_r000656	no_hit				0	0	0	0	0	0	[]	[]	[]	[]
ecoli50_r000657	no_hit				0	0	0	0	0	0	[]	[]	[]	[]
ecoli50_r000658	no_hit				0	0	0	0	0	0	[]	[]	[]	[]
ecoli50_r000659	no_hit				0	0	0	0	0	0	[]	[]	[]	[]
ecoli50_r000660	no_hit				0	0	0	0	0	0	[]	[]	[]	[]
ecoli50_r000661	no_hit				0	0	0	0	0	0	[]	[]	[]	[]
ecoli50_r000662	no_hit				0	0	0	0	0	0	[]	[]	[]	[]
ecoli50_r000663	no_hit				0	0	0	0	0	0	[]	[]	[]	[]
ecoli50_r000664	no_hit				0	0	0	0	0	0	[]	[]	[]	[]
ecoli50_r000665	no_hit				0	0	0	0	0	0	[]	[]	[]	[]
ecoli50_r000666	no_hit				0	0	0	0	0	0	[]	[]	[]	[]
ecoli50_r000667	no_hit				0	0	0	0	0	0	[]	[]	[]	[]
ecoli50_r000668	no_hit				0	0	0	0	0	0	[]	[]	[]	[]
ecoli50_r000669	no_hit				0	0	0	0	0	0	[]	[]	[]	[]
ecoli50_r000670	no_hit				0	0	0	0	0	0	[]	[]	[]	[]
ecoli50_r000671	no_hit				0	0	0	0	0	0	[]	[]	[]	[]
ecoli50_r000672	no_hit				0	0	0	0	0	0	[]	[]	[]	[]
ecoli50_r000673	no_hit				0	0	0	0	0	0	[]	[]	[]	[]
ecoli50_r000674	no_hit				0	0	0	0	0	0	[]	[]	[]	[]
ecoli50_r000675	position_consistent_positive	12	reverse	81	1	0	1	0	1	0	"[""2758""]"	[]	"[[12,""reverse"",81,""2758""]]"	[]
ecoli50_r000676	no_hit				0	0	0	0	0	0	[]	[]	[]	[]
ecoli50_r000677	no_hit				0	0	0	0	0	0	[]	[]	[]	[]
ecoli50_r000678	no_hit				0	0	0	0	0	0	[]	[]	[]	[]
ecoli50_r000679	no_hit				0	0	0	0	0	0	[]	[]	[]	[]
ecoli50_r000680	no_hit				0	0	0	0	0	0	[]	[]	[]	[]
ecoli50_r000681	no_hit				0	0	0	0	0	0	[]	[]	[]	[]
ecoli50_r000682	no_hit				0	0	0	0	0	0	[]	[]	[]	[]
ecoli50_r000683	no_hit				0	0	0	0	0	0	[]	[]	[]	[]
ecoli50_r000684	no_hit				0	0	0	0	0	0	[]	[]	[]	[]
ecoli50_r000685	no_hit				0	0	0	0	0	0	[]	[]	[]	[]
ecoli50_r000686	no_hit				0	0	0	0	0	0	[]	[]	[]	[]
ecoli50_r000687	no_hit				0	0	0	0	0	0	[]	[]	[]	[]
ecoli50_r000688	position_consistent_positive	31	forward	81	1	0	1	0	1	0	"[""742""]"	[]	"[[31,""forward"",81,""742""]]"	[]
ecoli50_r000689	position_consistent_positive	5	forward	81	1	0	1	0	1	0	"[""2674""]"	[]	"[[5,""forward"",81,""2674""]]"	[]
ecoli50_r000690	no_hit				0	0	0	0	0	0	[]	[]	[]	[]
ecoli50_r000691	no_hit				0	0	0	0	0	0	[]	[]	[]	[]
ecoli50_r000692	no_hit				0	0	0	0	0	0	[]	[]	[]	[]
ecoli50_r000693	no_hit				0	0	0	0	0	0	[]	[]	[]	[]
ecoli50_r000694	no_hit				0	0	0	0	0	0	[]	[]	[]	[]
ecoli50_r000695	no_hit				0	0	0	0	0	0	[]	[]	[]	[]
ecoli50_r000696	no_hit				0	0	0	0	0	0	[]	[]	[]	[]
ecoli50_r000697	no_hit				0	0	0	0	0	0	[]	[]	[]	[]
ecoli50_r000698	no_hit				0	0	0	0	0	0	[]	[]	[]	[]
ecoli50_r000699	no_hit				0	0	0	0	0	0	[]	[]	[]	[]
ecoli50_r000700	no_hit				0	0	0	0	0	0	[]	[]	[]	[]
ecoli50_r000701	no_hit				0	0	0	0	0	0	[]	[]	[]	[]
ecoli50_r000702	no_hit				0	0	0	0	0	0	[]	[]	[]	[]
ecoli50_r000703	no_hit				0	0	0	0	0	0	[]	[]	[]	[]
ecoli50_r000704	no_hit				0	0	0	0	0	0	[]	[]	[]	[]
ecoli50_r000705	no_hit				0	0	0	0	0	0	[]	[]	[]	[]
ecoli50_r000706	no_hit				0	0	0	0	0	0	[]	[]	[]	[]
ecoli50_r000707	no_hit				0	0	0	0	0	0	[]	[]	[]	[]
ecoli50_r000708	no_hit				0	0	0	0	0	0	[]	[]	[]	[]
ecoli50_r000709	no_hit				0	0	0	0	0	0	[]	[]	[]	[]
ecoli50_r000710	no_hit				0	0	0	0	0	0	[]	[]	[]	[]
ecoli50_r000711	no_hit				0	0	0	0	0	0	[]	[]	[]	[]
ecoli50_r000712	no_hit				0	0	0	0	0	0	[]	[]	[]	[]
ecoli50_r000713	no_hit				0	0	0	0	0	0	[]	[]	[]	[]
ecoli50_r000714	no_hit				0	0	0	0	0	0	[]	[]	[]	[]
ecoli50_r000715	no_hit				0	0	0	0	0	0	[]	[]	[]	[]
ecoli50_r000716	no_hit				0	0	0	0	0	0	[]	[]	[]	[]
ecoli50_r000717	no_hit				0	0	0	0	0	0	[]	[]	[]	[]
ecoli50_r000718	no_hit				0	0	0	0	0	0	[]	[]	[]	[]
ecoli50_r000719	no_hit				0	0	0	0	0	0	[]	[]	[]	[]
ecoli50_r000720	no_hit				0	0	0	0	0	0	[]	[]	[]	[]
ecoli50_r000721	no_hit				0	0	0	0	0	0	[]	[]	[]	[]
ecoli50_r000722	no_hit				0	0	0	0	0	0	[]	[]	[]	[]
ecoli50_r000723	no_hit				0	0	0	0	0	0	[]	[]	[]	[]
ecoli50_r000724	no_hit				0	0	0	0	0	0	[]	[]	[]	[]
ecoli50_r000725	no_hit				0	0	0	0	0	0	[]	[]	[]	[]
ecoli50_r000726	no_hit				0	0	0	0	0	0	[]	[]	[]	[]
ecoli50_r000727	no_hit				0	0	0	0	0	0	[]	[]	[]	[]
ecoli50_r000728	no_hit				0	0	0	0	0	0	[]	[]	[]	[]
ecoli50_r000729	negative_only				0	1	0	1	0	1	[]	"[""1931""]"	[]	"[[13,""reverse"",81,""1931""]]"
ecoli50_r000730	no_hit				0	0	0	0	0	0	[]	[]	[]	[]
ecoli50_r000731	no_hit				0	0	0	0	0	0	[]	[]	[]	[]
ecoli50_r000732	no_hit				0	0	0	0	0	0	[]	[]	[]	[]
ecoli50_r000733	no_hit				0	0	0	0	0	0	[]	[]	[]	[]
ecoli50_r000734	position_consistent_positive	11	forward	81	1	0	1	0	1	0	"[""10""]"	[]	"[[11,""forward"",81,""10""]]"	[]
ecoli50_r000735	no_hit				0	0	0	0	0	0	[]	[]	[]	[]
ecoli50_r000736	no_hit				0	0	0	0	0	0	[]	[]	[]	[]
ecoli50_r000737	negative_only				0	1	0	1	0	1	[]	"[""1225""]"	[]	"[[25,""forward"",81,""1225""]]"
ecoli50_r000738	no_hit				0	0	0	0	0	0	[]	[]	[]	[]
ecoli50_r000739	no_hit				0	0	0	0	0	0	[]	[]	[]	[]
ecoli50_r000740	no_hit				0	0	0	0	0	0	[]	[]	[]	[]
ecoli50_r000741	no_hit				0	0	0	0	0	0	[]	[]	[]	[]
ecoli50_r000742	no_hit				0	0	0	0	0	0	[]	[]	[]	[]
ecoli50_r000743	position_consistent_positive	6	forward	81	1	0	1	0	1	0	"[""2954""]"	[]	"[[6,""forward"",81,""2954""]]"	[]
ecoli50_r000744	no_hit				0	0	0	0	0	0	[]	[]	[]	[]
ecoli50_r000745	no_hit				0	0	0	0	0	0	[]	[]	[]	[]
ecoli50_r000746	no_hit				0	0	0	0	0	0	[]	[]	[]	[]
ecoli50_r000747	no_hit				0	0	0	0	0	0	[]	[]	[]	[]
ecoli50_r000748	no_hit				0	0	0	0	0	0	[]	[]	[]	[]
ecoli50_r000749	no_hit				0	0	0	0	0	0	[]	[]	[]	[]
ecoli50_r000750	no_hit				0	0	0	0	0	0	[]	[]	[]	[]
ecoli50_r000751	no_hit				0	0	0	0	0	0	[]	[]	[]	[]
ecoli50_r000752	no_hit				0	0	0	0	0	0	[]	[]	[]	[]
ecoli50_r000753	no_hit				0	0	0	0	0	0	[]	[]	[]	[]
ecoli50_r000754	no_hit				0	0	0	0	0	0	[]	[]	[]	[]
ecoli50_r000755	no_hit				0	0	0	0	0	0	[]	[]	[]	[]
ecoli50_r000756	no_hit				0	0	0	0	0	0	[]	[]	[]	[]
ecoli50_r000757	no_hit				0	0	0	0	0	0	[]	[]	[]	[]
ecoli50_r000758	no_hit				0	0	0	0	0	0	[]	[]	[]	[]
ecoli50_r000759	no_hit				0	0	0	0	0	0	[]	[]	[]	[]
ecoli50_r000760	no_hit				0	0	0	0	0	0	[]	[]	[]	[]
ecoli50_r000761	no_hit				0	0	0	0	0	0	[]	[]	[]	[]
ecoli50_r000762	no_hit				0	0	0	0	0	0	[]	[]	[]	[]
ecoli50_r000763	no_hit				0	0	0	0	0	0	[]	[]	[]	[]
ecoli50_r000764	no_hit				0	0	0	0	0	0	[]	[]	[]	[]
ecoli50_r000765	no_hit				0	0	0	0	0	0	[]	[]	[]	[]
ecoli50_r000766	no_hit				0	0	0	0	0	0	[]	[]	[]	[]
ecoli50_r000767	no_hit				0	0	0	0	0	0	[]	[]	[]	[]
ecoli50_r000768	no_hit				0	0	0	0	0	0	[]	[]	[]	[]
ecoli50_r000769	no_hit				0	0	0	0	0	0	[]	[]	[]	[]
ecoli50_r000770	position_consistent_positive	10	forward	81	1	0	1	0	1	0	"[""3082""]"	[]	"[[10,""forward"",81,""3082""]]"	[]
ecoli50_r000771	no_hit				0	0	0	0	0	0	[]	[]	[]	[]
ecoli50_r000772	no_hit				0	0	0	0	0	0	[]	[]	[]	[]
ecoli50_r000773	no_hit				0	0	0	0	0	0	[]	[]	[]	[]
ecoli50_r000774	no_hit				0	0	0	0	0	0	[]	[]	[]	[]
ecoli50_r000775	no_hit				0	0	0	0	0	0	[]	[]	[]	[]
ecoli50_r000776	no_hit				0	0	0	0	0	0	[]	[]	[]	[]
ecoli50_r000777	no_hit				0	0	0	0	0	0	[]	[]	[]	[]
ecoli50_r000778	no_hit				0	0	0	0	0	0	[]	[]	[]	[]
ecoli50_r000779	no_hit				0	0	0	0	0	0	[]	[]	[]	[]
ecoli50_r000780	no_hit				0	0	0	0	0	0	[]	[]	[]	[]
ecoli50_r000781	no_hit				0	0	0	0	0	0	[]	[]	[]	[]
ecoli50_r000782	no_hit				0	0	0	0	0	0	[]	[]	[]	[]
ecoli50_r000783	no_hit				0	0	0	0	0	0	[]	[]	[]	[]
ecoli50_r000784	no_hit				0	0	0	0	0	0	[]	[]	[]	[]
ecoli50_r000785	no_hit				0	0	0	0	0	0	[]	[]	[]	[]
ecoli50_r000786	no_hit				0	0	0	0	0	0	[]	[]	[]	[]
ecoli50_r000787	no_hit				0	0	0	0	0	0	[]	[]	[]	[]
ecoli50_r000788	no_hit				0	0	0	0	0	0	[]	[]	[]	[]
ecoli50_r000789	no_hit				0	0	0	0	0	0	[]	[]	[]	[]
ecoli50_r000790	no_hit				0	0	0	0	0	0	[]	[]	[]	[]
ecoli50_r000791	no_hit				0	0	0	0	0	0	[]	[]	[]	[]
ecoli50_r000792	no_hit				0	0	0	0	0	0	[]	[]	[]	[]
ecoli50_r000793	no_hit				0	0	0	0	0	0	[]	[]	[]	[]
ecoli50_r000794	no_hit				0	0	0	0	0	0	[]	[]	[]	[]
ecoli50_r000795	no_hit				0	0	0	0	0	0	[]	[]	[]	[]
ecoli50_r000796	no_hit				0	0	0	0	0	0	[]	[]	[]	[]
ecoli50_r000797	no_hit				0	0	0	0	0	0	[]	[]	[]	[]
ecoli50_r000798	no_hit				0	0	0	0	0	0	[]	[]	[]	[]
ecoli50_r000799	no_hit				0	0	0	0	0	0	[]	[]	[]	[]
ecoli50_r000800	no_hit				0	0	0	0	0	0	[]	[]	[]	[]
ecoli50_r000801	no_hit				0	0	0	0	0	0	[]	[]	[]	[]
ecoli50_r000802	no_hit				0	0	0	0	0	0	[]	[]	[]	[]
ecoli50_r000803	no_hit				0	0	0	0	0	0	[]	[]	[]	[]
ecoli50_r000804	no_hit				0	0	0	0	0	0	[]	[]	[]	[]
ecoli50_r000805	no_hit				0	0	0	0	0	0	[]	[]	[]	[]
ecoli50_r000806	no_hit				0	0	0	0	0	0	[]	[]	[]	[]
ecoli50_r000807	no_hit				0	0	0	0	0	0	[]	[]	[]	[]
ecoli50_r000808	no_hit				0	0	0	0	0	0	[]	[]	[]	[]
ecoli50_r000809	no_hit				0	0	0	0	0	0	[]	[]	[]	[]
ecoli50_r000810	no_hit				0	0	0	0	0	0	[]	[]	[]	[]
ecoli50_r000811	no_hit				0	0	0	0	0	0	[]	[]	[]	[]
ecoli50_r000812	no_hit				0	0	0	0	0	0	[]	[]	[]	[]
ecoli50_r000813	no_hit				0	0	0	0	0	0	[]	[]	[]	[]
ecoli50_r000814	no_hit				0	0	0	0	0	0	[]	[]	[]	[]
ecoli50_r000815	no_hit				0	0	0	0	0	0	[]	[]	[]	[]
ecoli50_r000816	no_hit				0	0	0	0	0	0	[]	[]	[]	[]
ecoli50_r000817	no_hit				0	0	0	0	0	0	[]	[]	[]	[]
ecoli50_r000818	no_hit				0	0	0	0	0	0	[]	[]	[]	[]
ecoli50_r000819	no_hit				0	0	0	0	0	0	[]	[]	[]	[]
ecoli50_r000820	no_hit				0	0	0	0	0	0	[]	[]	[]	[]
ecoli50_r000821	no_hit				0	0	0	0	0	0	[]	[]	[]	[]
ecoli50_r000822	no_hit				0	0	0	0	0	0	[]	[]	[]	[]
ecoli50_r000823	no_hit				0	0	0	0	0	0	[]	[]	[]	[]
ecoli50_r000824	no_hit				0	0	0	0	0	0	[]	[]	[]	[]
ecoli50_r000825	no_hit				0	0	0	0	0	0	[]	[]	[]	[]
ecoli50_r000826	no_hit				0	0	0	0	0	0	[]	[]	[]	[]
ecoli50_r000827	no_hit				0	0	0	0	0	0	[]	[]	[]	[]
ecoli50_r000828	no_hit				0	0	0	0	0	0	[]	[]	[]	[]
ecoli50_r000829	no_hit				0	0	0	0	0	0	[]	[]	[]	[]
ecoli50_r000830	no_hit				0	0	0	0	0	0	[]	[]	[]	[]
ecoli50_r000831	no_hit				0	0	0	0	0	0	[]	[]	[]	[]
ecoli50_r000832	no_hit				0	0	0	0	0	0	[]	[]	[]	[]
ecoli50_r000833	no_hit				0	0	0	0	0	0	[]	[]	[]	[]
ecoli50_r000834	no_hit				0	0	0	0	0	0	[]	[]	[]	[]
ecoli50_r000835	no_hit				0	0	0	0	0	0	[]	[]	[]	[]
ecoli50_r000836	no_hit				0	0	0	0	0	0	[]	[]	[]	[]
ecoli50_r000837	no_hit				0	0	0	0	0	0	[]	[]	[]	[]
ecoli50_r000838	no_hit				0	0	0	0	0	0	[]	[]	[]	[]
ecoli50_r000839	no_hit				0	0	0	0	0	0	[]	[]	[]	[]
ecoli50_r000840	no_hit				0	0	0	0	0	0	[]	[]	[]	[]
ecoli50_r000841	no_hit				0	0	0	0	0	0	[]	[]	[]	[]
ecoli50_r000842	no_hit				0	0	0	0	0	0	[]	[]	[]	[]
ecoli50_r000843	position_consistent_positive	11	forward	81	1	0	1	0	1	0	"[""785""]"	[]	"[[11,""forward"",81,""785""]]"	[]
ecoli50_r000844	position_consistent_positive	12	forward	81	1	0	1	0	1	0	"[""3282""]"	[]	"[[12,""forward"",81,""3282""]]"	[]
ecoli50_r000845	no_hit				0	0	0	0	0	0	[]	[]	[]	[]
ecoli50_r000846	position_consistent_positive	28	forward	81	1	0	1	0	1	0	"[""3322""]"	[]	"[[28,""forward"",81,""3322""]]"	[]
ecoli50_r000847	no_hit				0	0	0	0	0	0	[]	[]	[]	[]
ecoli50_r000848	position_consistent_positive	10	forward	81	1	0	1	0	1	0	"[""3265""]"	[]	"[[10,""forward"",81,""3265""]]"	[]
ecoli50_r000849	no_hit				0	0	0	0	0	0	[]	[]	[]	[]
ecoli50_r000850	no_hit				0	0	0	0	0	0	[]	[]	[]	[]
ecoli50_r000851	no_hit				0	0	0	0	0	0	[]	[]	[]	[]
ecoli50_r000852	no_hit				0	0	0	0	0	0	[]	[]	[]	[]
ecoli50_r000853	no_hit				0	0	0	0	0	0	[]	[]	[]	[]
ecoli50_r000854	no_hit				0	0	0	0	0	0	[]	[]	[]	[]
ecoli50_r000855	no_hit				0	0	0	0	0	0	[]	[]	[]	[]
ecoli50_r000856	no_hit				0	0	0	0	0	0	[]	[]	[]	[]
ecoli50_r000857	no_hit				0	0	0	0	0	0	[]	[]	[]	[]
ecoli50_r000858	no_hit				0	0	0	0	0	0	[]	[]	[]	[]
ecoli50_r000859	position_consistent_positive	1	reverse	81	1	0	1	0	1	0	"[""2294""]"	[]	"[[1,""reverse"",81,""2294""]]"	[]
ecoli50_r000860	no_hit				0	0	0	0	0	0	[]	[]	[]	[]
ecoli50_r000861	no_hit				0	0	0	0	0	0	[]	[]	[]	[]
ecoli50_r000862	no_hit				0	0	0	0	0	0	[]	[]	[]	[]
ecoli50_r000863	no_hit				0	0	0	0	0	0	[]	[]	[]	[]
ecoli50_r000864	no_hit				0	0	0	0	0	0	[]	[]	[]	[]
ecoli50_r000865	no_hit				0	0	0	0	0	0	[]	[]	[]	[]
ecoli50_r000866	no_hit				0	0	0	0	0	0	[]	[]	[]	[]
ecoli50_r000867	no_hit				0	0	0	0	0	0	[]	[]	[]	[]
ecoli50_r000868	no_hit				0	0	0	0	0	0	[]	[]	[]	[]
ecoli50_r000869	no_hit				0	0	0	0	0	0	[]	[]	[]	[]
ecoli50_r000870	no_hit				0	0	0	0	0	0	[]	[]	[]	[]
ecoli50_r000871	no_hit				0	0	0	0	0	0	[]	[]	[]	[]
ecoli50_r000872	no_hit				0	0	0	0	0	0	[]	[]	[]	[]
ecoli50_r000873	no_hit				0	0	0	0	0	0	[]	[]	[]	[]
ecoli50_r000874	no_hit				0	0	0	0	0	0	[]	[]	[]	[]
ecoli50_r000875	no_hit				0	0	0	0	0	0	[]	[]	[]	[]
ecoli50_r000876	no_hit				0	0	0	0	0	0	[]	[]	[]	[]
ecoli50_r000877	no_hit				0	0	0	0	0	0	[]	[]	[]	[]
ecoli50_r000878	no_hit				0	0	0	0	0	0	[]	[]	[]	[]
ecoli50_r000879	no_hit				0	0	0	0	0	0	[]	[]	[]	[]
ecoli50_r000880	no_hit				0	0	0	0	0	0	[]	[]	[]	[]
ecoli50_r000881	no_hit				0	0	0	0	0	0	[]	[]	[]	[]
ecoli50_r000882	negative_only				0	1	0	1	0	1	[]	"[""1024""]"	[]	"[[20,""forward"",81,""1024""]]"
ecoli50_r000883	no_hit				0	0	0	0	0	0	[]	[]	[]	[]
ecoli50_r000884	no_hit				0	0	0	0	0	0	[]	[]	[]	[]
ecoli50_r000885	no_hit				0	0	0	0	0	0	[]	[]	[]	[]
ecoli50_r000886	no_hit				0	0	0	0	0	0	[]	[]	[]	[]
ecoli50_r000887	no_hit				0	0	0	0	0	0	[]	[]	[]	[]
ecoli50_r000888	no_hit				0	0	0	0	0	0	[]	[]	[]	[]
ecoli50_r000889	no_hit				0	0	0	0	0	0	[]	[]	[]	[]
ecoli50_r000890	no_hit				0	0	0	0	0	0	[]	[]	[]	[]
ecoli50_r000891	no_hit				0	0	0	0	0	0	[]	[]	[]	[]
ecoli50_r000892	no_hit				0	0	0	0	0	0	[]	[]	[]	[]
ecoli50_r000893	no_hit				0	0	0	0	0	0	[]	[]	[]	[]
ecoli50_r000894	no_hit				0	0	0	0	0	0	[]	[]	[]	[]
ecoli50_r000895	no_hit				0	0	0	0	0	0	[]	[]	[]	[]
ecoli50_r000896	no_hit				0	0	0	0	0	0	[]	[]	[]	[]
ecoli50_r000897	no_hit				0	0	0	0	0	0	[]	[]	[]	[]
ecoli50_r000898	no_hit				0	0	0	0	0	0	[]	[]	[]	[]
ecoli50_r000899	no_hit				0	0	0	0	0	0	[]	[]	[]	[]
ecoli50_r000900	no_hit				0	0	0	0	0	0	[]	[]	[]	[]
ecoli50_r000901	no_hit				0	0	0	0	0	0	[]	[]	[]	[]
ecoli50_r000902	no_hit				0	0	0	0	0	0	[]	[]	[]	[]
ecoli50_r000903	no_hit				0	0	0	0	0	0	[]	[]	[]	[]
ecoli50_r000904	no_hit				0	0	0	0	0	0	[]	[]	[]	[]
ecoli50_r000905	no_hit				0	0	0	0	0	0	[]	[]	[]	[]
ecoli50_r000906	no_hit				0	0	0	0	0	0	[]	[]	[]	[]
ecoli50_r000907	no_hit				0	0	0	0	0	0	[]	[]	[]	[]
ecoli50_r000908	no_hit				0	0	0	0	0	0	[]	[]	[]	[]
ecoli50_r000909	no_hit				0	0	0	0	0	0	[]	[]	[]	[]
ecoli50_r000910	no_hit				0	0	0	0	0	0	[]	[]	[]	[]
ecoli50_r000911	no_hit				0	0	0	0	0	0	[]	[]	[]	[]
ecoli50_r000912	no_hit				0	0	0	0	0	0	[]	[]	[]	[]
ecoli50_r000913	no_hit				0	0	0	0	0	0	[]	[]	[]	[]
ecoli50_r000914	no_hit				0	0	0	0	0	0	[]	[]	[]	[]
ecoli50_r000915	no_hit				0	0	0	0	0	0	[]	[]	[]	[]
ecoli50_r000916	position_consistent_positive	2	reverse	81	1	0	1	0	1	0	"[""2345""]"	[]	"[[2,""reverse"",81,""2345""]]"	[]
ecoli50_r000917	no_hit				0	0	0	0	0	0	[]	[]	[]	[]
ecoli50_r000918	no_hit				0	0	0	0	0	0	[]	[]	[]	[]
ecoli50_r000919	no_hit				0	0	0	0	0	0	[]	[]	[]	[]
ecoli50_r000920	no_hit				0	0	0	0	0	0	[]	[]	[]	[]
ecoli50_r000921	no_hit				0	0	0	0	0	0	[]	[]	[]	[]
ecoli50_r000922	no_hit				0	0	0	0	0	0	[]	[]	[]	[]
ecoli50_r000923	no_hit				0	0	0	0	0	0	[]	[]	[]	[]
ecoli50_r000924	no_hit				0	0	0	0	0	0	[]	[]	[]	[]
ecoli50_r000925	no_hit				0	0	0	0	0	0	[]	[]	[]	[]
ecoli50_r000926	no_hit				0	0	0	0	0	0	[]	[]	[]	[]
ecoli50_r000927	no_hit				0	0	0	0	0	0	[]	[]	[]	[]
ecoli50_r000928	no_hit				0	0	0	0	0	0	[]	[]	[]	[]
ecoli50_r000929	no_hit				0	0	0	0	0	0	[]	[]	[]	[]
ecoli50_r000930	no_hit				0	0	0	0	0	0	[]	[]	[]	[]
ecoli50_r000931	no_hit				0	0	0	0	0	0	[]	[]	[]	[]
ecoli50_r000932	no_hit				0	0	0	0	0	0	[]	[]	[]	[]
ecoli50_r000933	no_hit				0	0	0	0	0	0	[]	[]	[]	[]
ecoli50_r000934	no_hit				0	0	0	0	0	0	[]	[]	[]	[]
ecoli50_r000935	no_hit				0	0	0	0	0	0	[]	[]	[]	[]
ecoli50_r000936	no_hit				0	0	0	0	0	0	[]	[]	[]	[]
ecoli50_r000937	no_hit				0	0	0	0	0	0	[]	[]	[]	[]
ecoli50_r000938	no_hit				0	0	0	0	0	0	[]	[]	[]	[]
ecoli50_r000939	no_hit				0	0	0	0	0	0	[]	[]	[]	[]
ecoli50_r000940	no_hit				0	0	0	0	0	0	[]	[]	[]	[]
ecoli50_r000941	no_hit				0	0	0	0	0	0	[]	[]	[]	[]
ecoli50_r000942	no_hit				0	0	0	0	0	0	[]	[]	[]	[]
ecoli50_r000943	no_hit				0	0	0	0	0	0	[]	[]	[]	[]
ecoli50_r000944	no_hit				0	0	0	0	0	0	[]	[]	[]	[]
ecoli50_r000945	no_hit				0	0	0	0	0	0	[]	[]	[]	[]
ecoli50_r000946	no_hit				0	0	0	0	0	0	[]	[]	[]	[]
ecoli50_r000947	no_hit				0	0	0	0	0	0	[]	[]	[]	[]
ecoli50_r000948	no_hit				0	0	0	0	0	0	[]	[]	[]	[]
ecoli50_r000949	no_hit				0	0	0	0	0	0	[]	[]	[]	[]
ecoli50_r000950	no_hit				0	0	0	0	0	0	[]	[]	[]	[]
ecoli50_r000951	no_hit				0	0	0	0	0	0	[]	[]	[]	[]
ecoli50_r000952	no_hit				0	0	0	0	0	0	[]	[]	[]	[]
ecoli50_r000953	no_hit				0	0	0	0	0	0	[]	[]	[]	[]
ecoli50_r000954	no_hit				0	0	0	0	0	0	[]	[]	[]	[]
ecoli50_r000955	no_hit				0	0	0	0	0	0	[]	[]	[]	[]
ecoli50_r000956	no_hit				0	0	0	0	0	0	[]	[]	[]	[]
ecoli50_r000957	no_hit				0	0	0	0	0	0	[]	[]	[]	[]
ecoli50_r000958	no_hit				0	0	0	0	0	0	[]	[]	[]	[]
ecoli50_r000959	no_hit				0	0	0	0	0	0	[]	[]	[]	[]
ecoli50_r000960	no_hit				0	0	0	0	0	0	[]	[]	[]	[]
ecoli50_r000961	no_hit				0	0	0	0	0	0	[]	[]	[]	[]
ecoli50_r000962	no_hit				0	0	0	0	0	0	[]	[]	[]	[]
ecoli50_r000963	no_hit				0	0	0	0	0	0	[]	[]	[]	[]
ecoli50_r000964	no_hit				0	0	0	0	0	0	[]	[]	[]	[]
ecoli50_r000965	no_hit				0	0	0	0	0	0	[]	[]	[]	[]
ecoli50_r000966	no_hit				0	0	0	0	0	0	[]	[]	[]	[]
ecoli50_r000967	no_hit				0	0	0	0	0	0	[]	[]	[]	[]
ecoli50_r000968	no_hit				0	0	0	0	0	0	[]	[]	[]	[]
ecoli50_r000969	no_hit				0	0	0	0	0	0	[]	[]	[]	[]
ecoli50_r000970	no_hit				0	0	0	0	0	0	[]	[]	[]	[]
ecoli50_r000971	no_hit				0	0	0	0	0	0	[]	[]	[]	[]
ecoli50_r000972	no_hit				0	0	0	0	0	0	[]	[]	[]	[]
ecoli50_r000973	no_hit				0	0	0	0	0	0	[]	[]	[]	[]
ecoli50_r000974	no_hit				0	0	0	0	0	0	[]	[]	[]	[]
ecoli50_r000975	no_hit				0	0	0	0	0	0	[]	[]	[]	[]
ecoli50_r000976	no_hit				0	0	0	0	0	0	[]	[]	[]	[]
ecoli50_r000977	no_hit				0	0	0	0	0	0	[]	[]	[]	[]
ecoli50_r000978	no_hit				0	0	0	0	0	0	[]	[]	[]	[]
ecoli50_r000979	no_hit				0	0	0	0	0	0	[]	[]	[]	[]
ecoli50_r000980	no_hit				0	0	0	0	0	0	[]	[]	[]	[]
ecoli50_r000981	position_consistent_positive	10	forward	81	1	0	1	0	1	0	"[""2703""]"	[]	"[[10,""forward"",81,""2703""]]"	[]
ecoli50_r000982	no_hit				0	0	0	0	0	0	[]	[]	[]	[]
ecoli50_r000983	no_hit				0	0	0	0	0	0	[]	[]	[]	[]
ecoli50_r000984	no_hit				0	0	0	0	0	0	[]	[]	[]	[]
ecoli50_r000985	no_hit				0	0	0	0	0	0	[]	[]	[]	[]
ecoli50_r000986	no_hit				0	0	0	0	0	0	[]	[]	[]	[]
ecoli50_r000987	no_hit				0	0	0	0	0	0	[]	[]	[]	[]
ecoli50_r000988	no_hit				0	0	0	0	0	0	[]	[]	[]	[]
ecoli50_r000989	no_hit				0	0	0	0	0	0	[]	[]	[]	[]
ecoli50_r000990	no_hit				0	0	0	0	0	0	[]	[]	[]	[]
ecoli50_r000991	no_hit				0	0	0	0	0	0	[]	[]	[]	[]
ecoli50_r000992	no_hit				0	0	0	0	0	0	[]	[]	[]	[]
ecoli50_r000993	no_hit				0	0	0	0	0	0	[]	[]	[]	[]
ecoli50_r000994	no_hit				0	0	0	0	0	0	[]	[]	[]	[]
ecoli50_r000995	no_hit				0	0	0	0	0	0	[]	[]	[]	[]
ecoli50_r000996	no_hit				0	0	0	0	0	0	[]	[]	[]	[]
ecoli50_r000997	no_hit				0	0	0	0	0	0	[]	[]	[]	[]
ecoli50_r000998	no_hit				0	0	0	0	0	0	[]	[]	[]	[]
ecoli50_r000999	no_hit				0	0	0	0	0	0	[]	[]	[]	[]
ecoli50_r001000	no_hit				0	0	0	0	0	0	[]	[]	[]	[]
ecoli50_r001001	no_hit				0	0	0	0	0	0	[]	[]	[]	[]
ecoli50_r001002	no_hit				0	0	0	0	0	0	[]	[]	[]	[]
ecoli50_r001003	no_hit				0	0	0	0	0	0	[]	[]	[]	[]
ecoli50_r001004	no_hit				0	0	0	0	0	0	[]	[]	[]	[]
ecoli50_r001005	no_hit				0	0	0	0	0	0	[]	[]	[]	[]
ecoli50_r001006	no_hit				0	0	0	0	0	0	[]	[]	[]	[]
ecoli50_r001007	no_hit				0	0	0	0	0	0	[]	[]	[]	[]
ecoli50_r001008	no_hit				0	0	0	0	0	0	[]	[]	[]	[]
ecoli50_r001009	no_hit				0	0	0	0	0	0	[]	[]	[]	[]
ecoli50_r001010	no_hit				0	0	0	0	0	0	[]	[]	[]	[]
ecoli50_r001011	no_hit				0	0	0	0	0	0	[]	[]	[]	[]
ecoli50_r001012	no_hit				0	0	0	0	0	0	[]	[]	[]	[]
ecoli50_r001013	position_consistent_positive	1	reverse	81	1	0	1	0	1	0	"[""2512""]"	[]	"[[1,""reverse"",81,""2512""]]"	[]
ecoli50_r001014	position_consistent_positive	10	forward	81	1	0	1	0	1	0	"[""2512""]"	[]	"[[10,""forward"",81,""2512""]]"	[]
ecoli50_r001015	no_hit				0	0	0	0	0	0	[]	[]	[]	[]
ecoli50_r001016	no_hit				0	0	0	0	0	0	[]	[]	[]	[]
ecoli50_r001017	no_hit				0	0	0	0	0	0	[]	[]	[]	[]
ecoli50_r001018	no_hit				0	0	0	0	0	0	[]	[]	[]	[]
ecoli50_r001019	no_hit				0	0	0	0	0	0	[]	[]	[]	[]
ecoli50_r001020	no_hit				0	0	0	0	0	0	[]	[]	[]	[]
ecoli50_r001021	no_hit				0	0	0	0	0	0	[]	[]	[]	[]
ecoli50_r001022	no_hit				0	0	0	0	0	0	[]	[]	[]	[]
ecoli50_r001023	no_hit				0	0	0	0	0	0	[]	[]	[]	[]
ecoli50_r001024	no_hit				0	0	0	0	0	0	[]	[]	[]	[]
ecoli50_r001025	no_hit				0	0	0	0	0	0	[]	[]	[]	[]
ecoli50_r001026	no_hit				0	0	0	0	0	0	[]	[]	[]	[]
ecoli50_r001027	negative_only				0	1	0	1	0	1	[]	"[""21""]"	[]	"[[5,""reverse"",81,""21""]]"
ecoli50_r001028	no_hit				0	0	0	0	0	0	[]	[]	[]	[]
ecoli50_r001029	no_hit				0	0	0	0	0	0	[]	[]	[]	[]
ecoli50_r001030	no_hit				0	0	0	0	0	0	[]	[]	[]	[]
ecoli50_r001031	position_consistent_positive	8	forward	81	1	0	1	0	1	0	"[""2126""]"	[]	"[[8,""forward"",81,""2126""]]"	[]
ecoli50_r001032	no_hit				0	0	0	0	0	0	[]	[]	[]	[]
ecoli50_r001033	no_hit				0	0	0	0	0	0	[]	[]	[]	[]
ecoli50_r001034	no_hit				0	0	0	0	0	0	[]	[]	[]	[]
ecoli50_r001035	no_hit				0	0	0	0	0	0	[]	[]	[]	[]
ecoli50_r001036	no_hit				0	0	0	0	0	0	[]	[]	[]	[]
ecoli50_r001037	no_hit				0	0	0	0	0	0	[]	[]	[]	[]
ecoli50_r001038	no_hit				0	0	0	0	0	0	[]	[]	[]	[]
ecoli50_r001039	no_hit				0	0	0	0	0	0	[]	[]	[]	[]
ecoli50_r001040	no_hit				0	0	0	0	0	0	[]	[]	[]	[]
ecoli50_r001041	no_hit				0	0	0	0	0	0	[]	[]	[]	[]
ecoli50_r001042	no_hit				0	0	0	0	0	0	[]	[]	[]	[]
ecoli50_r001043	no_hit				0	0	0	0	0	0	[]	[]	[]	[]
ecoli50_r001044	no_hit				0	0	0	0	0	0	[]	[]	[]	[]
ecoli50_r001045	no_hit				0	0	0	0	0	0	[]	[]	[]	[]
ecoli50_r001046	no_hit				0	0	0	0	0	0	[]	[]	[]	[]
ecoli50_r001047	no_hit				0	0	0	0	0	0	[]	[]	[]	[]
ecoli50_r001048	no_hit				0	0	0	0	0	0	[]	[]	[]	[]
ecoli50_r001049	no_hit				0	0	0	0	0	0	[]	[]	[]	[]
ecoli50_r001050	no_hit				0	0	0	0	0	0	[]	[]	[]	[]
ecoli50_r001051	no_hit				0	0	0	0	0	0	[]	[]	[]	[]
ecoli50_r001052	no_hit				0	0	0	0	0	0	[]	[]	[]	[]
ecoli50_r001053	no_hit				0	0	0	0	0	0	[]	[]	[]	[]
ecoli50_r001054	no_hit				0	0	0	0	0	0	[]	[]	[]	[]
ecoli50_r001055	position_consistent_positive	8	forward	81	1	0	1	0	1	0	"[""1373""]"	[]	"[[8,""forward"",81,""1373""]]"	[]
ecoli50_r001056	no_hit				0	0	0	0	0	0	[]	[]	[]	[]
ecoli50_r001057	negative_only				0	1	0	1	0	1	[]	"[""2700""]"	[]	"[[14,""forward"",81,""2700""]]"
ecoli50_r001058	no_hit				0	0	0	0	0	0	[]	[]	[]	[]
ecoli50_r001059	no_hit				0	0	0	0	0	0	[]	[]	[]	[]
ecoli50_r001060	no_hit				0	0	0	0	0	0	[]	[]	[]	[]
ecoli50_r001061	no_hit				0	0	0	0	0	0	[]	[]	[]	[]
ecoli50_r001062	no_hit				0	0	0	0	0	0	[]	[]	[]	[]
ecoli50_r001063	no_hit				0	0	0	0	0	0	[]	[]	[]	[]
ecoli50_r001064	no_hit				0	0	0	0	0	0	[]	[]	[]	[]
ecoli50_r001065	no_hit				0	0	0	0	0	0	[]	[]	[]	[]
ecoli50_r001066	no_hit				0	0	0	0	0	0	[]	[]	[]	[]
ecoli50_r001067	no_hit				0	0	0	0	0	0	[]	[]	[]	[]
ecoli50_r001068	no_hit				0	0	0	0	0	0	[]	[]	[]	[]
ecoli50_r001069	no_hit				0	0	0	0	0	0	[]	[]	[]	[]
ecoli50_r001070	no_hit				0	0	0	0	0	0	[]	[]	[]	[]
ecoli50_r001071	no_hit				0	0	0	0	0	0	[]	[]	[]	[]
ecoli50_r001072	no_hit				0	0	0	0	0	0	[]	[]	[]	[]
ecoli50_r001073	no_hit				0	0	0	0	0	0	[]	[]	[]	[]
ecoli50_r001074	no_hit				0	0	0	0	0	0	[]	[]	[]	[]
ecoli50_r001075	no_hit				0	0	0	0	0	0	[]	[]	[]	[]
ecoli50_r001076	no_hit				0	0	0	0	0	0	[]	[]	[]	[]
ecoli50_r001077	no_hit				0	0	0	0	0	0	[]	[]	[]	[]
ecoli50_r001078	no_hit				0	0	0	0	0	0	[]	[]	[]	[]
ecoli50_r001079	no_hit				0	0	0	0	0	0	[]	[]	[]	[]
ecoli50_r001080	no_hit				0	0	0	0	0	0	[]	[]	[]	[]
ecoli50_r001081	no_hit				0	0	0	0	0	0	[]	[]	[]	[]
ecoli50_r001082	no_hit				0	0	0	0	0	0	[]	[]	[]	[]
ecoli50_r001083	no_hit				0	0	0	0	0	0	[]	[]	[]	[]
ecoli50_r001084	no_hit				0	0	0	0	0	0	[]	[]	[]	[]
ecoli50_r001085	no_hit				0	0	0	0	0	0	[]	[]	[]	[]
ecoli50_r001086	no_hit				0	0	0	0	0	0	[]	[]	[]	[]
ecoli50_r001087	no_hit				0	0	0	0	0	0	[]	[]	[]	[]
ecoli50_r001088	no_hit				0	0	0	0	0	0	[]	[]	[]	[]
ecoli50_r001089	no_hit				0	0	0	0	0	0	[]	[]	[]	[]
ecoli50_r001090	position_consistent_positive	10	forward	81	1	0	1	0	1	0	"[""585""]"	[]	"[[10,""forward"",81,""585""]]"	[]
ecoli50_r001091	no_hit				0	0	0	0	0	0	[]	[]	[]	[]
ecoli50_r001092	no_hit				0	0	0	0	0	0	[]	[]	[]	[]
ecoli50_r001093	no_hit				0	0	0	0	0	0	[]	[]	[]	[]
ecoli50_r001094	no_hit				0	0	0	0	0	0	[]	[]	[]	[]
ecoli50_r001095	no_hit				0	0	0	0	0	0	[]	[]	[]	[]
ecoli50_r001096	no_hit				0	0	0	0	0	0	[]	[]	[]	[]
ecoli50_r001097	no_hit				0	0	0	0	0	0	[]	[]	[]	[]
ecoli50_r001098	no_hit				0	0	0	0	0	0	[]	[]	[]	[]
ecoli50_r001099	no_hit				0	0	0	0	0	0	[]	[]	[]	[]
ecoli50_r001100	no_hit				0	0	0	0	0	0	[]	[]	[]	[]
ecoli50_r001101	no_hit				0	0	0	0	0	0	[]	[]	[]	[]
ecoli50_r001102	no_hit				0	0	0	0	0	0	[]	[]	[]	[]
ecoli50_r001103	no_hit				0	0	0	0	0	0	[]	[]	[]	[]
ecoli50_r001104	no_hit				0	0	0	0	0	0	[]	[]	[]	[]
ecoli50_r001105	no_hit				0	0	0	0	0	0	[]	[]	[]	[]
ecoli50_r001106	no_hit				0	0	0	0	0	0	[]	[]	[]	[]
ecoli50_r001107	no_hit				0	0	0	0	0	0	[]	[]	[]	[]
ecoli50_r001108	no_hit				0	0	0	0	0	0	[]	[]	[]	[]
ecoli50_r001109	no_hit				0	0	0	0	0	0	[]	[]	[]	[]
ecoli50_r001110	no_hit				0	0	0	0	0	0	[]	[]	[]	[]
ecoli50_r001111	no_hit				0	0	0	0	0	0	[]	[]	[]	[]
ecoli50_r001112	no_hit				0	0	0	0	0	0	[]	[]	[]	[]
ecoli50_r001113	no_hit				0	0	0	0	0	0	[]	[]	[]	[]
ecoli50_r001114	no_hit				0	0	0	0	0	0	[]	[]	[]	[]
ecoli50_r001115	no_hit				0	0	0	0	0	0	[]	[]	[]	[]
ecoli50_r001116	no_hit				0	0	0	0	0	0	[]	[]	[]	[]
ecoli50_r001117	position_consistent_positive	10	forward	81	1	0	1	0	1	0	"[""2662""]"	[]	"[[10,""forward"",81,""2662""]]"	[]
ecoli50_r001118	no_hit				0	0	0	0	0	0	[]	[]	[]	[]
ecoli50_r001119	position_consistent_positive	10	forward	81	1	0	1	0	1	0	"[""2053""]"	[]	"[[10,""forward"",81,""2053""]]"	[]
ecoli50_r001120	no_hit				0	0	0	0	0	0	[]	[]	[]	[]
ecoli50_r001121	no_hit				0	0	0	0	0	0	[]	[]	[]	[]
ecoli50_r001122	no_hit				0	0	0	0	0	0	[]	[]	[]	[]
ecoli50_r001123	no_hit				0	0	0	0	0	0	[]	[]	[]	[]
ecoli50_r001124	no_hit				0	0	0	0	0	0	[]	[]	[]	[]
ecoli50_r001125	no_hit				0	0	0	0	0	0	[]	[]	[]	[]
ecoli50_r001126	no_hit				0	0	0	0	0	0	[]	[]	[]	[]
ecoli50_r001127	no_hit				0	0	0	0	0	0	[]	[]	[]	[]
ecoli50_r001128	no_hit				0	0	0	0	0	0	[]	[]	[]	[]
ecoli50_r001129	no_hit				0	0	0	0	0	0	[]	[]	[]	[]
ecoli50_r001130	no_hit				0	0	0	0	0	0	[]	[]	[]	[]
ecoli50_r001131	no_hit				0	0	0	0	0	0	[]	[]	[]	[]
ecoli50_r001132	no_hit				0	0	0	0	0	0	[]	[]	[]	[]
ecoli50_r001133	no_hit				0	0	0	0	0	0	[]	[]	[]	[]
ecoli50_r001134	no_hit				0	0	0	0	0	0	[]	[]	[]	[]
ecoli50_r001135	no_hit				0	0	0	0	0	0	[]	[]	[]	[]
ecoli50_r001136	no_hit				0	0	0	0	0	0	[]	[]	[]	[]
ecoli50_r001137	no_hit				0	0	0	0	0	0	[]	[]	[]	[]
ecoli50_r001138	no_hit				0	0	0	0	0	0	[]	[]	[]	[]
ecoli50_r001139	negative_only				0	1	0	1	0	1	[]	"[""559""]"	[]	"[[1,""reverse"",81,""559""]]"
ecoli50_r001140	no_hit				0	0	0	0	0	0	[]	[]	[]	[]
ecoli50_r001141	no_hit				0	0	0	0	0	0	[]	[]	[]	[]
ecoli50_r001142	no_hit				0	0	0	0	0	0	[]	[]	[]	[]
ecoli50_r001143	no_hit				0	0	0	0	0	0	[]	[]	[]	[]
ecoli50_r001144	no_hit				0	0	0	0	0	0	[]	[]	[]	[]
ecoli50_r001145	no_hit				0	0	0	0	0	0	[]	[]	[]	[]
ecoli50_r001146	no_hit				0	0	0	0	0	0	[]	[]	[]	[]
ecoli50_r001147	no_hit				0	0	0	0	0	0	[]	[]	[]	[]
ecoli50_r001148	no_hit				0	0	0	0	0	0	[]	[]	[]	[]
ecoli50_r001149	no_hit				0	0	0	0	0	0	[]	[]	[]	[]
ecoli50_r001150	position_consistent_positive	18	reverse	81	1	0	1	0	1	0	"[""1727""]"	[]	"[[18,""reverse"",81,""1727""]]"	[]
ecoli50_r001151	position_consistent_positive	10	forward	81	1	0	1	0	1	0	"[""1727""]"	[]	"[[10,""forward"",81,""1727""]]"	[]
ecoli50_r001152	no_hit				0	0	0	0	0	0	[]	[]	[]	[]
ecoli50_r001153	no_hit				0	0	0	0	0	0	[]	[]	[]	[]
ecoli50_r001154	no_hit				0	0	0	0	0	0	[]	[]	[]	[]
ecoli50_r001155	no_hit				0	0	0	0	0	0	[]	[]	[]	[]
ecoli50_r001156	negative_only				0	1	0	1	0	1	[]	"[""161""]"	[]	"[[23,""forward"",81,""161""]]"
ecoli50_r001157	no_hit				0	0	0	0	0	0	[]	[]	[]	[]
ecoli50_r001158	no_hit				0	0	0	0	0	0	[]	[]	[]	[]
ecoli50_r001159	no_hit				0	0	0	0	0	0	[]	[]	[]	[]
ecoli50_r001160	no_hit				0	0	0	0	0	0	[]	[]	[]	[]
ecoli50_r001161	no_hit				0	0	0	0	0	0	[]	[]	[]	[]
ecoli50_r001162	no_hit				0	0	0	0	0	0	[]	[]	[]	[]
ecoli50_r001163	no_hit				0	0	0	0	0	0	[]	[]	[]	[]
ecoli50_r001164	no_hit				0	0	0	0	0	0	[]	[]	[]	[]
ecoli50_r001165	position_consistent_positive	10	forward	81	1	0	1	0	1	0	"[""2224""]"	[]	"[[10,""forward"",81,""2224""]]"	[]
ecoli50_r001166	position_consistent_positive	16	reverse	81	1	0	1	0	1	0	"[""2224""]"	[]	"[[16,""reverse"",81,""2224""]]"	[]
ecoli50_r001167	no_hit				0	0	0	0	0	0	[]	[]	[]	[]
ecoli50_r001168	no_hit				0	0	0	0	0	0	[]	[]	[]	[]
ecoli50_r001169	no_hit				0	0	0	0	0	0	[]	[]	[]	[]
ecoli50_r001170	no_hit				0	0	0	0	0	0	[]	[]	[]	[]
ecoli50_r001171	position_consistent_positive	12	forward	81	1	0	1	0	1	0	"[""2416""]"	[]	"[[12,""forward"",81,""2416""]]"	[]
ecoli50_r001172	no_hit				0	0	0	0	0	0	[]	[]	[]	[]
ecoli50_r001173	no_hit				0	0	0	0	0	0	[]	[]	[]	[]
ecoli50_r001174	no_hit				0	0	0	0	0	0	[]	[]	[]	[]
ecoli50_r001175	no_hit				0	0	0	0	0	0	[]	[]	[]	[]
ecoli50_r001176	no_hit				0	0	0	0	0	0	[]	[]	[]	[]
ecoli50_r001177	no_hit				0	0	0	0	0	0	[]	[]	[]	[]
ecoli50_r001178	no_hit				0	0	0	0	0	0	[]	[]	[]	[]
ecoli50_r001179	no_hit				0	0	0	0	0	0	[]	[]	[]	[]
ecoli50_r001180	no_hit				0	0	0	0	0	0	[]	[]	[]	[]
ecoli50_r001181	no_hit				0	0	0	0	0	0	[]	[]	[]	[]
ecoli50_r001182	position_consistent_positive	14	forward	81	1	0	1	0	1	0	"[""356""]"	[]	"[[14,""forward"",81,""356""]]"	[]
ecoli50_r001183	no_hit				0	0	0	0	0	0	[]	[]	[]	[]
ecoli50_r001184	no_hit				0	0	0	0	0	0	[]	[]	[]	[]
ecoli50_r001185	no_hit				0	0	0	0	0	0	[]	[]	[]	[]
ecoli50_r001186	no_hit				0	0	0	0	0	0	[]	[]	[]	[]
ecoli50_r001187	no_hit				0	0	0	0	0	0	[]	[]	[]	[]
ecoli50_r001188	position_consistent_positive	7	reverse	81	1	0	1	0	1	0	"[""3306""]"	[]	"[[7,""reverse"",81,""3306""]]"	[]
ecoli50_r001189	position_consistent_positive	22	forward	81	1	0	1	0	1	0	"[""3306""]"	[]	"[[22,""forward"",81,""3306""]]"	[]
ecoli50_r001190	no_hit				0	0	0	0	0	0	[]	[]	[]	[]
ecoli50_r001191	no_hit				0	0	0	0	0	0	[]	[]	[]	[]
ecoli50_r001192	no_hit				0	0	0	0	0	0	[]	[]	[]	[]
ecoli50_r001193	no_hit				0	0	0	0	0	0	[]	[]	[]	[]
ecoli50_r001194	no_hit				0	0	0	0	0	0	[]	[]	[]	[]
ecoli50_r001195	no_hit				0	0	0	0	0	0	[]	[]	[]	[]
ecoli50_r001196	position_consistent_positive	10	forward	81	1	0	1	0	1	0	"[""1638""]"	[]	"[[10,""forward"",81,""1638""]]"	[]
ecoli50_r001197	position_consistent_positive	5	reverse	81	1	0	1	0	1	0	"[""2829""]"	[]	"[[5,""reverse"",81,""2829""]]"	[]
ecoli50_r001198	no_hit				0	0	0	0	0	0	[]	[]	[]	[]
ecoli50_r001199	position_consistent_positive	6	forward	81	1	0	1	0	1	0	"[""2228""]"	[]	"[[6,""forward"",81,""2228""]]"	[]
ecoli50_r001200	position_consistent_positive	12	forward	81	1	0	1	0	1	0	"[""2228""]"	[]	"[[12,""forward"",81,""2228""]]"	[]
ecoli50_r001201	no_hit				0	0	0	0	0	0	[]	[]	[]	[]
ecoli50_r001202	no_hit				0	0	0	0	0	0	[]	[]	[]	[]
ecoli50_r001203	position_consistent_positive	20	forward	81	1	0	1	0	1	0	"[""2176""]"	[]	"[[20,""forward"",81,""2176""]]"	[]
ecoli50_r001204	no_hit				0	0	0	0	0	0	[]	[]	[]	[]
ecoli50_r001205	no_hit				0	0	0	0	0	0	[]	[]	[]	[]
ecoli50_r001206	no_hit				0	0	0	0	0	0	[]	[]	[]	[]
ecoli50_r001207	no_hit				0	0	0	0	0	0	[]	[]	[]	[]
ecoli50_r001208	no_hit				0	0	0	0	0	0	[]	[]	[]	[]
ecoli50_r001209	no_hit				0	0	0	0	0	0	[]	[]	[]	[]
ecoli50_r001210	no_hit				0	0	0	0	0	0	[]	[]	[]	[]
ecoli50_r001211	no_hit				0	0	0	0	0	0	[]	[]	[]	[]
ecoli50_r001212	no_hit				0	0	0	0	0	0	[]	[]	[]	[]
ecoli50_r001213	no_hit				0	0	0	0	0	0	[]	[]	[]	[]
ecoli50_r001214	position_consistent_positive	11	forward	81	1	0	1	0	1	0	"[""3257""]"	[]	"[[11,""forward"",81,""3257""]]"	[]
ecoli50_r001215	no_hit				0	0	0	0	0	0	[]	[]	[]	[]
ecoli50_r001216	no_hit				0	0	0	0	0	0	[]	[]	[]	[]
ecoli50_r001217	no_hit				0	0	0	0	0	0	[]	[]	[]	[]
ecoli50_r001218	no_hit				0	0	0	0	0	0	[]	[]	[]	[]
ecoli50_r001219	no_hit				0	0	0	0	0	0	[]	[]	[]	[]
ecoli50_r001220	no_hit				0	0	0	0	0	0	[]	[]	[]	[]
ecoli50_r001221	no_hit				0	0	0	0	0	0	[]	[]	[]	[]
ecoli50_r001222	no_hit				0	0	0	0	0	0	[]	[]	[]	[]
ecoli50_r001223	no_hit				0	0	0	0	0	0	[]	[]	[]	[]
ecoli50_r001224	no_hit				0	0	0	0	0	0	[]	[]	[]	[]
ecoli50_r001225	no_hit				0	0	0	0	0	0	[]	[]	[]	[]
ecoli50_r001226	no_hit				0	0	0	0	0	0	[]	[]	[]	[]
ecoli50_r001227	no_hit				0	0	0	0	0	0	[]	[]	[]	[]
ecoli50_r001228	no_hit				0	0	0	0	0	0	[]	[]	[]	[]
ecoli50_r001229	no_hit				0	0	0	0	0	0	[]	[]	[]	[]
ecoli50_r001230	no_hit				0	0	0	0	0	0	[]	[]	[]	[]
ecoli50_r001231	no_hit				0	0	0	0	0	0	[]	[]	[]	[]
ecoli50_r001232	no_hit				0	0	0	0	0	0	[]	[]	[]	[]
ecoli50_r001233	no_hit				0	0	0	0	0	0	[]	[]	[]	[]
ecoli50_r001234	no_hit				0	0	0	0	0	0	[]	[]	[]	[]
ecoli50_r001235	no_hit				0	0	0	0	0	0	[]	[]	[]	[]
ecoli50_r001236	no_hit				0	0	0	0	0	0	[]	[]	[]	[]
ecoli50_r001237	no_hit				0	0	0	0	0	0	[]	[]	[]	[]
ecoli50_r001238	no_hit				0	0	0	0	0	0	[]	[]	[]	[]
ecoli50_r001239	no_hit				0	0	0	0	0	0	[]	[]	[]	[]
ecoli50_r001240	no_hit				0	0	0	0	0	0	[]	[]	[]	[]
ecoli50_r001241	no_hit				0	0	0	0	0	0	[]	[]	[]	[]
ecoli50_r001242	no_hit				0	0	0	0	0	0	[]	[]	[]	[]
ecoli50_r001243	no_hit				0	0	0	0	0	0	[]	[]	[]	[]
ecoli50_r001244	no_hit				0	0	0	0	0	0	[]	[]	[]	[]
ecoli50_r001245	no_hit				0	0	0	0	0	0	[]	[]	[]	[]
ecoli50_r001246	no_hit				0	0	0	0	0	0	[]	[]	[]	[]
ecoli50_r001247	no_hit				0	0	0	0	0	0	[]	[]	[]	[]
ecoli50_r001248	no_hit				0	0	0	0	0	0	[]	[]	[]	[]
ecoli50_r001249	no_hit				0	0	0	0	0	0	[]	[]	[]	[]
ecoli50_r001250	no_hit				0	0	0	0	0	0	[]	[]	[]	[]
ecoli50_r001251	no_hit				0	0	0	0	0	0	[]	[]	[]	[]
ecoli50_r001252	no_hit				0	0	0	0	0	0	[]	[]	[]	[]
ecoli50_r001253	no_hit				0	0	0	0	0	0	[]	[]	[]	[]
ecoli50_r001254	no_hit				0	0	0	0	0	0	[]	[]	[]	[]
ecoli50_r001255	position_consistent_positive	11	forward	81	1	0	1	0	1	0	"[""1626""]"	[]	"[[11,""forward"",81,""1626""]]"	[]
ecoli50_r001256	no_hit				0	0	0	0	0	0	[]	[]	[]	[]
ecoli50_r001257	no_hit				0	0	0	0	0	0	[]	[]	[]	[]
ecoli50_r001258	no_hit				0	0	0	0	0	0	[]	[]	[]	[]
ecoli50_r001259	no_hit				0	0	0	0	0	0	[]	[]	[]	[]
ecoli50_r001260	no_hit				0	0	0	0	0	0	[]	[]	[]	[]
ecoli50_r001261	no_hit				0	0	0	0	0	0	[]	[]	[]	[]
ecoli50_r001262	no_hit				0	0	0	0	0	0	[]	[]	[]	[]
ecoli50_r001263	no_hit				0	0	0	0	0	0	[]	[]	[]	[]
ecoli50_r001264	no_hit				0	0	0	0	0	0	[]	[]	[]	[]
ecoli50_r001265	no_hit				0	0	0	0	0	0	[]	[]	[]	[]
ecoli50_r001266	no_hit				0	0	0	0	0	0	[]	[]	[]	[]
ecoli50_r001267	no_hit				0	0	0	0	0	0	[]	[]	[]	[]
ecoli50_r001268	no_hit				0	0	0	0	0	0	[]	[]	[]	[]
ecoli50_r001269	no_hit				0	0	0	0	0	0	[]	[]	[]	[]
ecoli50_r001270	no_hit				0	0	0	0	0	0	[]	[]	[]	[]
ecoli50_r001271	negative_only				0	1	0	1	0	1	[]	"[""262""]"	[]	"[[9,""reverse"",81,""262""]]"
ecoli50_r001272	no_hit				0	0	0	0	0	0	[]	[]	[]	[]
ecoli50_r001273	no_hit				0	0	0	0	0	0	[]	[]	[]	[]
ecoli50_r001274	position_consistent_positive	11	forward	81	1	0	1	0	1	0	"[""432""]"	[]	"[[11,""forward"",81,""432""]]"	[]
ecoli50_r001275	no_hit				0	0	0	0	0	0	[]	[]	[]	[]
ecoli50_r001276	no_hit				0	0	0	0	0	0	[]	[]	[]	[]
ecoli50_r001277	no_hit				0	0	0	0	0	0	[]	[]	[]	[]
ecoli50_r001278	no_hit				0	0	0	0	0	0	[]	[]	[]	[]
ecoli50_r001279	no_hit				0	0	0	0	0	0	[]	[]	[]	[]
ecoli50_r001280	no_hit				0	0	0	0	0	0	[]	[]	[]	[]
ecoli50_r001281	no_hit				0	0	0	0	0	0	[]	[]	[]	[]
ecoli50_r001282	no_hit				0	0	0	0	0	0	[]	[]	[]	[]
ecoli50_r001283	no_hit				0	0	0	0	0	0	[]	[]	[]	[]
ecoli50_r001284	no_hit				0	0	0	0	0	0	[]	[]	[]	[]
ecoli50_r001285	no_hit				0	0	0	0	0	0	[]	[]	[]	[]
ecoli50_r001286	no_hit				0	0	0	0	0	0	[]	[]	[]	[]
ecoli50_r001287	no_hit				0	0	0	0	0	0	[]	[]	[]	[]
ecoli50_r001288	no_hit				0	0	0	0	0	0	[]	[]	[]	[]
ecoli50_r001289	no_hit				0	0	0	0	0	0	[]	[]	[]	[]
ecoli50_r001290	no_hit				0	0	0	0	0	0	[]	[]	[]	[]
ecoli50_r001291	no_hit				0	0	0	0	0	0	[]	[]	[]	[]
ecoli50_r001292	no_hit				0	0	0	0	0	0	[]	[]	[]	[]
ecoli50_r001293	no_hit				0	0	0	0	0	0	[]	[]	[]	[]
ecoli50_r001294	no_hit				0	0	0	0	0	0	[]	[]	[]	[]
ecoli50_r001295	position_consistent_positive	9	forward	81	1	0	1	0	1	0	"[""2002""]"	[]	"[[9,""forward"",81,""2002""]]"	[]
ecoli50_r001296	no_hit				0	0	0	0	0	0	[]	[]	[]	[]
ecoli50_r001297	no_hit				0	0	0	0	0	0	[]	[]	[]	[]
ecoli50_r001298	no_hit				0	0	0	0	0	0	[]	[]	[]	[]
ecoli50_r001299	no_hit				0	0	0	0	0	0	[]	[]	[]	[]
ecoli50_r001300	no_hit				0	0	0	0	0	0	[]	[]	[]	[]
ecoli50_r001301	no_hit				0	0	0	0	0	0	[]	[]	[]	[]
ecoli50_r001302	no_hit				0	0	0	0	0	0	[]	[]	[]	[]
ecoli50_r001303	no_hit				0	0	0	0	0	0	[]	[]	[]	[]
ecoli50_r001304	no_hit				0	0	0	0	0	0	[]	[]	[]	[]
ecoli50_r001305	no_hit				0	0	0	0	0	0	[]	[]	[]	[]
ecoli50_r001306	no_hit				0	0	0	0	0	0	[]	[]	[]	[]
ecoli50_r001307	no_hit				0	0	0	0	0	0	[]	[]	[]	[]
ecoli50_r001308	no_hit				0	0	0	0	0	0	[]	[]	[]	[]
ecoli50_r001309	no_hit				0	0	0	0	0	0	[]	[]	[]	[]
ecoli50_r001310	position_consistent_positive	10	forward	81	1	0	1	0	1	0	"[""1483""]"	[]	"[[10,""forward"",81,""1483""]]"	[]
ecoli50_r001311	no_hit				0	0	0	0	0	0	[]	[]	[]	[]
ecoli50_r001312	no_hit				0	0	0	0	0	0	[]	[]	[]	[]
ecoli50_r001313	no_hit				0	0	0	0	0	0	[]	[]	[]	[]
ecoli50_r001314	no_hit				0	0	0	0	0	0	[]	[]	[]	[]
ecoli50_r001315	no_hit				0	0	0	0	0	0	[]	[]	[]	[]
ecoli50_r001316	no_hit				0	0	0	0	0	0	[]	[]	[]	[]
ecoli50_r001317	no_hit				0	0	0	0	0	0	[]	[]	[]	[]
ecoli50_r001318	no_hit				0	0	0	0	0	0	[]	[]	[]	[]
ecoli50_r001319	no_hit				0	0	0	0	0	0	[]	[]	[]	[]
ecoli50_r001320	no_hit				0	0	0	0	0	0	[]	[]	[]	[]
ecoli50_r001321	no_hit				0	0	0	0	0	0	[]	[]	[]	[]
ecoli50_r001322	no_hit				0	0	0	0	0	0	[]	[]	[]	[]
ecoli50_r001323	no_hit				0	0	0	0	0	0	[]	[]	[]	[]
ecoli50_r001324	no_hit				0	0	0	0	0	0	[]	[]	[]	[]
ecoli50_r001325	no_hit				0	0	0	0	0	0	[]	[]	[]	[]
ecoli50_r001326	no_hit				0	0	0	0	0	0	[]	[]	[]	[]
ecoli50_r001327	no_hit				0	0	0	0	0	0	[]	[]	[]	[]
ecoli50_r001328	no_hit				0	0	0	0	0	0	[]	[]	[]	[]
ecoli50_r001329	no_hit				0	0	0	0	0	0	[]	[]	[]	[]
ecoli50_r001330	no_hit				0	0	0	0	0	0	[]	[]	[]	[]
ecoli50_r001331	no_hit				0	0	0	0	0	0	[]	[]	[]	[]
ecoli50_r001332	no_hit				0	0	0	0	0	0	[]	[]	[]	[]
ecoli50_r001333	no_hit				0	0	0	0	0	0	[]	[]	[]	[]
ecoli50_r001334	no_hit				0	0	0	0	0	0	[]	[]	[]	[]
ecoli50_r001335	no_hit				0	0	0	0	0	0	[]	[]	[]	[]
ecoli50_r001336	no_hit				0	0	0	0	0	0	[]	[]	[]	[]
ecoli50_r001337	no_hit				0	0	0	0	0	0	[]	[]	[]	[]
ecoli50_r001338	no_hit				0	0	0	0	0	0	[]	[]	[]	[]
ecoli50_r001339	no_hit				0	0	0	0	0	0	[]	[]	[]	[]
ecoli50_r001340	position_consistent_positive	10	forward	81	1	0	1	0	1	0	"[""894""]"	[]	"[[10,""forward"",81,""894""]]"	[]
ecoli50_r001341	no_hit				0	0	0	0	0	0	[]	[]	[]	[]
ecoli50_r001342	no_hit				0	0	0	0	0	0	[]	[]	[]	[]
ecoli50_r001343	no_hit				0	0	0	0	0	0	[]	[]	[]	[]
ecoli50_r001344	no_hit				0	0	0	0	0	0	[]	[]	[]	[]
ecoli50_r001345	no_hit				0	0	0	0	0	0	[]	[]	[]	[]
ecoli50_r001346	position_consistent_positive	11	forward	81	1	0	1	0	1	0	"[""89""]"	[]	"[[11,""forward"",81,""89""]]"	[]
ecoli50_r001347	no_hit				0	0	0	0	0	0	[]	[]	[]	[]
ecoli50_r001348	no_hit				0	0	0	0	0	0	[]	[]	[]	[]
ecoli50_r001349	no_hit				0	0	0	0	0	0	[]	[]	[]	[]
ecoli50_r001350	no_hit				0	0	0	0	0	0	[]	[]	[]	[]
ecoli50_r001351	no_hit				0	0	0	0	0	0	[]	[]	[]	[]
ecoli50_r001352	no_hit				0	0	0	0	0	0	[]	[]	[]	[]
ecoli50_r001353	no_hit				0	0	0	0	0	0	[]	[]	[]	[]
ecoli50_r001354	no_hit				0	0	0	0	0	0	[]	[]	[]	[]
ecoli50_r001355	no_hit				0	0	0	0	0	0	[]	[]	[]	[]
ecoli50_r001356	no_hit				0	0	0	0	0	0	[]	[]	[]	[]
ecoli50_r001357	no_hit				0	0	0	0	0	0	[]	[]	[]	[]
ecoli50_r001358	no_hit				0	0	0	0	0	0	[]	[]	[]	[]
ecoli50_r001359	no_hit				0	0	0	0	0	0	[]	[]	[]	[]
ecoli50_r001360	no_hit				0	0	0	0	0	0	[]	[]	[]	[]
ecoli50_r001361	no_hit				0	0	0	0	0	0	[]	[]	[]	[]
ecoli50_r001362	no_hit				0	0	0	0	0	0	[]	[]	[]	[]
ecoli50_r001363	no_hit				0	0	0	0	0	0	[]	[]	[]	[]
ecoli50_r001364	no_hit				0	0	0	0	0	0	[]	[]	[]	[]
ecoli50_r001365	no_hit				0	0	0	0	0	0	[]	[]	[]	[]
ecoli50_r001366	no_hit				0	0	0	0	0	0	[]	[]	[]	[]
ecoli50_r001367	no_hit				0	0	0	0	0	0	[]	[]	[]	[]
ecoli50_r001368	no_hit				0	0	0	0	0	0	[]	[]	[]	[]
ecoli50_r001369	position_consistent_positive	25	forward	81	1	0	1	0	1	0	"[""2480""]"	[]	"[[25,""forward"",81,""2480""]]"	[]
ecoli50_r001370	no_hit				0	0	0	0	0	0	[]	[]	[]	[]
ecoli50_r001371	no_hit				0	0	0	0	0	0	[]	[]	[]	[]
ecoli50_r001372	no_hit				0	0	0	0	0	0	[]	[]	[]	[]
ecoli50_r001373	no_hit				0	0	0	0	0	0	[]	[]	[]	[]
ecoli50_r001374	no_hit				0	0	0	0	0	0	[]	[]	[]	[]
ecoli50_r001375	no_hit				0	0	0	0	0	0	[]	[]	[]	[]
ecoli50_r001376	negative_only				0	1	0	1	0	1	[]	"[""1007""]"	[]	"[[15,""forward"",81,""1007""]]"
ecoli50_r001377	no_hit				0	0	0	0	0	0	[]	[]	[]	[]
ecoli50_r001378	no_hit				0	0	0	0	0	0	[]	[]	[]	[]
ecoli50_r001379	no_hit				0	0	0	0	0	0	[]	[]	[]	[]
ecoli50_r001380	no_hit				0	0	0	0	0	0	[]	[]	[]	[]
ecoli50_r001381	no_hit				0	0	0	0	0	0	[]	[]	[]	[]
ecoli50_r001382	no_hit				0	0	0	0	0	0	[]	[]	[]	[]
ecoli50_r001383	no_hit				0	0	0	0	0	0	[]	[]	[]	[]
ecoli50_r001384	no_hit				0	0	0	0	0	0	[]	[]	[]	[]
ecoli50_r001385	no_hit				0	0	0	0	0	0	[]	[]	[]	[]
ecoli50_r001386	no_hit				0	0	0	0	0	0	[]	[]	[]	[]
ecoli50_r001387	no_hit				0	0	0	0	0	0	[]	[]	[]	[]
ecoli50_r001388	no_hit				0	0	0	0	0	0	[]	[]	[]	[]
ecoli50_r001389	no_hit				0	0	0	0	0	0	[]	[]	[]	[]
ecoli50_r001390	no_hit				0	0	0	0	0	0	[]	[]	[]	[]
ecoli50_r001391	no_hit				0	0	0	0	0	0	[]	[]	[]	[]
ecoli50_r001392	no_hit				0	0	0	0	0	0	[]	[]	[]	[]
ecoli50_r001393	no_hit				0	0	0	0	0	0	[]	[]	[]	[]
ecoli50_r001394	no_hit				0	0	0	0	0	0	[]	[]	[]	[]
ecoli50_r001395	no_hit				0	0	0	0	0	0	[]	[]	[]	[]
ecoli50_r001396	no_hit				0	0	0	0	0	0	[]	[]	[]	[]
ecoli50_r001397	no_hit				0	0	0	0	0	0	[]	[]	[]	[]
ecoli50_r001398	no_hit				0	0	0	0	0	0	[]	[]	[]	[]
ecoli50_r001399	no_hit				0	0	0	0	0	0	[]	[]	[]	[]
ecoli50_r001400	no_hit				0	0	0	0	0	0	[]	[]	[]	[]
ecoli50_r001401	no_hit				0	0	0	0	0	0	[]	[]	[]	[]
ecoli50_r001402	no_hit				0	0	0	0	0	0	[]	[]	[]	[]
ecoli50_r001403	no_hit				0	0	0	0	0	0	[]	[]	[]	[]
ecoli50_r001404	no_hit				0	0	0	0	0	0	[]	[]	[]	[]
ecoli50_r001405	no_hit				0	0	0	0	0	0	[]	[]	[]	[]
ecoli50_r001406	no_hit				0	0	0	0	0	0	[]	[]	[]	[]
ecoli50_r001407	no_hit				0	0	0	0	0	0	[]	[]	[]	[]
ecoli50_r001408	no_hit				0	0	0	0	0	0	[]	[]	[]	[]
ecoli50_r001409	no_hit				0	0	0	0	0	0	[]	[]	[]	[]
ecoli50_r001410	no_hit				0	0	0	0	0	0	[]	[]	[]	[]
ecoli50_r001411	no_hit				0	0	0	0	0	0	[]	[]	[]	[]
ecoli50_r001412	no_hit				0	0	0	0	0	0	[]	[]	[]	[]
ecoli50_r001413	no_hit				0	0	0	0	0	0	[]	[]	[]	[]
ecoli50_r001414	no_hit				0	0	0	0	0	0	[]	[]	[]	[]
ecoli50_r001415	no_hit				0	0	0	0	0	0	[]	[]	[]	[]
ecoli50_r001416	no_hit				0	0	0	0	0	0	[]	[]	[]	[]
ecoli50_r001417	no_hit				0	0	0	0	0	0	[]	[]	[]	[]
ecoli50_r001418	no_hit				0	0	0	0	0	0	[]	[]	[]	[]
ecoli50_r001419	no_hit				0	0	0	0	0	0	[]	[]	[]	[]
ecoli50_r001420	no_hit				0	0	0	0	0	0	[]	[]	[]	[]
ecoli50_r001421	no_hit				0	0	0	0	0	0	[]	[]	[]	[]
ecoli50_r001422	no_hit				0	0	0	0	0	0	[]	[]	[]	[]
ecoli50_r001423	no_hit				0	0	0	0	0	0	[]	[]	[]	[]
ecoli50_r001424	no_hit				0	0	0	0	0	0	[]	[]	[]	[]
ecoli50_r001425	no_hit				0	0	0	0	0	0	[]	[]	[]	[]
ecoli50_r001426	no_hit				0	0	0	0	0	0	[]	[]	[]	[]
ecoli50_r001427	no_hit				0	0	0	0	0	0	[]	[]	[]	[]
ecoli50_r001428	no_hit				0	0	0	0	0	0	[]	[]	[]	[]
ecoli50_r001429	no_hit				0	0	0	0	0	0	[]	[]	[]	[]
ecoli50_r001430	no_hit				0	0	0	0	0	0	[]	[]	[]	[]
ecoli50_r001431	no_hit				0	0	0	0	0	0	[]	[]	[]	[]
ecoli50_r001432	no_hit				0	0	0	0	0	0	[]	[]	[]	[]
ecoli50_r001433	no_hit				0	0	0	0	0	0	[]	[]	[]	[]
ecoli50_r001434	no_hit				0	0	0	0	0	0	[]	[]	[]	[]
ecoli50_r001435	no_hit				0	0	0	0	0	0	[]	[]	[]	[]
ecoli50_r001436	no_hit				0	0	0	0	0	0	[]	[]	[]	[]
ecoli50_r001437	no_hit				0	0	0	0	0	0	[]	[]	[]	[]
ecoli50_r001438	no_hit				0	0	0	0	0	0	[]	[]	[]	[]
ecoli50_r001439	no_hit				0	0	0	0	0	0	[]	[]	[]	[]
ecoli50_r001440	no_hit				0	0	0	0	0	0	[]	[]	[]	[]
ecoli50_r001441	position_consistent_positive	9	forward	81	1	0	1	0	1	0	"[""1166""]"	[]	"[[9,""forward"",81,""1166""]]"	[]
ecoli50_r001442	no_hit				0	0	0	0	0	0	[]	[]	[]	[]
ecoli50_r001443	no_hit				0	0	0	0	0	0	[]	[]	[]	[]
ecoli50_r001444	no_hit				0	0	0	0	0	0	[]	[]	[]	[]
ecoli50_r001445	no_hit				0	0	0	0	0	0	[]	[]	[]	[]
ecoli50_r001446	no_hit				0	0	0	0	0	0	[]	[]	[]	[]
ecoli50_r001447	no_hit				0	0	0	0	0	0	[]	[]	[]	[]
ecoli50_r001448	no_hit				0	0	0	0	0	0	[]	[]	[]	[]
ecoli50_r001449	no_hit				0	0	0	0	0	0	[]	[]	[]	[]
ecoli50_r001450	no_hit				0	0	0	0	0	0	[]	[]	[]	[]
ecoli50_r001451	no_hit				0	0	0	0	0	0	[]	[]	[]	[]
ecoli50_r001452	position_consistent_positive	10	forward	81	1	0	1	0	1	0	"[""1010""]"	[]	"[[10,""forward"",81,""1010""]]"	[]
ecoli50_r001453	no_hit				0	0	0	0	0	0	[]	[]	[]	[]
ecoli50_r001454	no_hit				0	0	0	0	0	0	[]	[]	[]	[]
ecoli50_r001455	no_hit				0	0	0	0	0	0	[]	[]	[]	[]
ecoli50_r001456	no_hit				0	0	0	0	0	0	[]	[]	[]	[]
ecoli50_r001457	no_hit				0	0	0	0	0	0	[]	[]	[]	[]
ecoli50_r001458	no_hit				0	0	0	0	0	0	[]	[]	[]	[]
ecoli50_r001459	no_hit				0	0	0	0	0	0	[]	[]	[]	[]
ecoli50_r001460	no_hit				0	0	0	0	0	0	[]	[]	[]	[]
ecoli50_r001461	no_hit				0	0	0	0	0	0	[]	[]	[]	[]
ecoli50_r001462	no_hit				0	0	0	0	0	0	[]	[]	[]	[]
ecoli50_r001463	no_hit				0	0	0	0	0	0	[]	[]	[]	[]
ecoli50_r001464	no_hit				0	0	0	0	0	0	[]	[]	[]	[]
ecoli50_r001465	no_hit				0	0	0	0	0	0	[]	[]	[]	[]
ecoli50_r001466	no_hit				0	0	0	0	0	0	[]	[]	[]	[]
ecoli50_r001467	negative_only				0	1	0	1	0	1	[]	"[""2811""]"	[]	"[[9,""forward"",81,""2811""]]"
ecoli50_r001468	no_hit				0	0	0	0	0	0	[]	[]	[]	[]
ecoli50_r001469	no_hit				0	0	0	0	0	0	[]	[]	[]	[]
ecoli50_r001470	no_hit				0	0	0	0	0	0	[]	[]	[]	[]
ecoli50_r001471	no_hit				0	0	0	0	0	0	[]	[]	[]	[]
ecoli50_r001472	no_hit				0	0	0	0	0	0	[]	[]	[]	[]
ecoli50_r001473	no_hit				0	0	0	0	0	0	[]	[]	[]	[]
ecoli50_r001474	no_hit				0	0	0	0	0	0	[]	[]	[]	[]
ecoli50_r001475	no_hit				0	0	0	0	0	0	[]	[]	[]	[]
ecoli50_r001476	no_hit				0	0	0	0	0	0	[]	[]	[]	[]
ecoli50_r001477	no_hit				0	0	0	0	0	0	[]	[]	[]	[]
ecoli50_r001478	no_hit				0	0	0	0	0	0	[]	[]	[]	[]
ecoli50_r001479	no_hit				0	0	0	0	0	0	[]	[]	[]	[]
ecoli50_r001480	position_consistent_positive	0	forward	81	1	0	1	0	1	0	"[""218""]"	[]	"[[0,""forward"",81,""218""]]"	[]
ecoli50_r001481	no_hit				0	0	0	0	0	0	[]	[]	[]	[]
ecoli50_r001482	no_hit				0	0	0	0	0	0	[]	[]	[]	[]
ecoli50_r001483	no_hit				0	0	0	0	0	0	[]	[]	[]	[]
ecoli50_r001484	no_hit				0	0	0	0	0	0	[]	[]	[]	[]
ecoli50_r001485	no_hit				0	0	0	0	0	0	[]	[]	[]	[]
ecoli50_r001486	no_hit				0	0	0	0	0	0	[]	[]	[]	[]
ecoli50_r001487	no_hit				0	0	0	0	0	0	[]	[]	[]	[]
ecoli50_r001488	no_hit				0	0	0	0	0	0	[]	[]	[]	[]
ecoli50_r001489	no_hit				0	0	0	0	0	0	[]	[]	[]	[]
ecoli50_r001490	no_hit				0	0	0	0	0	0	[]	[]	[]	[]
ecoli50_r001491	no_hit				0	0	0	0	0	0	[]	[]	[]	[]
ecoli50_r001492	no_hit				0	0	0	0	0	0	[]	[]	[]	[]
ecoli50_r001493	no_hit				0	0	0	0	0	0	[]	[]	[]	[]
ecoli50_r001494	no_hit				0	0	0	0	0	0	[]	[]	[]	[]
ecoli50_r001495	no_hit				0	0	0	0	0	0	[]	[]	[]	[]
ecoli50_r001496	no_hit				0	0	0	0	0	0	[]	[]	[]	[]
ecoli50_r001497	no_hit				0	0	0	0	0	0	[]	[]	[]	[]
ecoli50_r001498	no_hit				0	0	0	0	0	0	[]	[]	[]	[]
ecoli50_r001499	no_hit				0	0	0	0	0	0	[]	[]	[]	[]
ecoli50_r001500	no_hit				0	0	0	0	0	0	[]	[]	[]	[]
ecoli50_r001501	no_hit				0	0	0	0	0	0	[]	[]	[]	[]
ecoli50_r001502	no_hit				0	0	0	0	0	0	[]	[]	[]	[]
ecoli50_r001503	no_hit				0	0	0	0	0	0	[]	[]	[]	[]
ecoli50_r001504	no_hit				0	0	0	0	0	0	[]	[]	[]	[]
ecoli50_r001505	no_hit				0	0	0	0	0	0	[]	[]	[]	[]
ecoli50_r001506	no_hit				0	0	0	0	0	0	[]	[]	[]	[]
ecoli50_r001507	no_hit				0	0	0	0	0	0	[]	[]	[]	[]
ecoli50_r001508	no_hit				0	0	0	0	0	0	[]	[]	[]	[]
ecoli50_r001509	no_hit				0	0	0	0	0	0	[]	[]	[]	[]
ecoli50_r001510	no_hit				0	0	0	0	0	0	[]	[]	[]	[]
ecoli50_r001511	no_hit				0	0	0	0	0	0	[]	[]	[]	[]
ecoli50_r001512	position_consistent_positive	11	forward	81	1	0	1	0	1	0	"[""1321""]"	[]	"[[11,""forward"",81,""1321""]]"	[]
ecoli50_r001513	position_consistent_positive	5	forward	81	1	0	1	0	1	0	"[""1321""]"	[]	"[[5,""forward"",81,""1321""]]"	[]
ecoli50_r001514	no_hit				0	0	0	0	0	0	[]	[]	[]	[]
ecoli50_r001515	no_hit				0	0	0	0	0	0	[]	[]	[]	[]
ecoli50_r001516	no_hit				0	0	0	0	0	0	[]	[]	[]	[]
ecoli50_r001517	no_hit				0	0	0	0	0	0	[]	[]	[]	[]
ecoli50_r001518	no_hit				0	0	0	0	0	0	[]	[]	[]	[]
ecoli50_r001519	no_hit				0	0	0	0	0	0	[]	[]	[]	[]
ecoli50_r001520	no_hit				0	0	0	0	0	0	[]	[]	[]	[]
ecoli50_r001521	no_hit				0	0	0	0	0	0	[]	[]	[]	[]
ecoli50_r001522	no_hit				0	0	0	0	0	0	[]	[]	[]	[]
ecoli50_r001523	no_hit				0	0	0	0	0	0	[]	[]	[]	[]
ecoli50_r001524	no_hit				0	0	0	0	0	0	[]	[]	[]	[]
ecoli50_r001525	no_hit				0	0	0	0	0	0	[]	[]	[]	[]
ecoli50_r001526	no_hit				0	0	0	0	0	0	[]	[]	[]	[]
ecoli50_r001527	no_hit				0	0	0	0	0	0	[]	[]	[]	[]
ecoli50_r001528	no_hit				0	0	0	0	0	0	[]	[]	[]	[]
ecoli50_r001529	no_hit				0	0	0	0	0	0	[]	[]	[]	[]
ecoli50_r001530	no_hit				0	0	0	0	0	0	[]	[]	[]	[]
ecoli50_r001531	position_consistent_positive	10	forward	81	1	0	1	0	1	0	"[""2093""]"	[]	"[[10,""forward"",81,""2093""]]"	[]
ecoli50_r001532	no_hit				0	0	0	0	0	0	[]	[]	[]	[]
ecoli50_r001533	no_hit				0	0	0	0	0	0	[]	[]	[]	[]
ecoli50_r001534	no_hit				0	0	0	0	0	0	[]	[]	[]	[]
ecoli50_r001535	no_hit				0	0	0	0	0	0	[]	[]	[]	[]
ecoli50_r001536	no_hit				0	0	0	0	0	0	[]	[]	[]	[]
ecoli50_r001537	no_hit				0	0	0	0	0	0	[]	[]	[]	[]
ecoli50_r001538	no_hit				0	0	0	0	0	0	[]	[]	[]	[]
ecoli50_r001539	no_hit				0	0	0	0	0	0	[]	[]	[]	[]
ecoli50_r001540	no_hit				0	0	0	0	0	0	[]	[]	[]	[]
ecoli50_r001541	no_hit				0	0	0	0	0	0	[]	[]	[]	[]
ecoli50_r001542	no_hit				0	0	0	0	0	0	[]	[]	[]	[]
ecoli50_r001543	position_consistent_positive	10	forward	81	1	0	1	0	1	0	"[""2186""]"	[]	"[[10,""forward"",81,""2186""]]"	[]
ecoli50_r001544	no_hit				0	0	0	0	0	0	[]	[]	[]	[]
ecoli50_r001545	no_hit				0	0	0	0	0	0	[]	[]	[]	[]
ecoli50_r001546	no_hit				0	0	0	0	0	0	[]	[]	[]	[]
ecoli50_r001547	no_hit				0	0	0	0	0	0	[]	[]	[]	[]
ecoli50_r001548	no_hit				0	0	0	0	0	0	[]	[]	[]	[]
ecoli50_r001549	no_hit				0	0	0	0	0	0	[]	[]	[]	[]
ecoli50_r001550	no_hit				0	0	0	0	0	0	[]	[]	[]	[]
ecoli50_r001551	no_hit				0	0	0	0	0	0	[]	[]	[]	[]
ecoli50_r001552	no_hit				0	0	0	0	0	0	[]	[]	[]	[]
ecoli50_r001553	no_hit				0	0	0	0	0	0	[]	[]	[]	[]
ecoli50_r001554	no_hit				0	0	0	0	0	0	[]	[]	[]	[]
ecoli50_r001555	no_hit				0	0	0	0	0	0	[]	[]	[]	[]
ecoli50_r001556	no_hit				0	0	0	0	0	0	[]	[]	[]	[]
ecoli50_r001557	no_hit				0	0	0	0	0	0	[]	[]	[]	[]
ecoli50_r001558	negative_only				0	1	0	1	0	1	[]	"[""1676""]"	[]	"[[13,""forward"",81,""1676""]]"
ecoli50_r001559	no_hit				0	0	0	0	0	0	[]	[]	[]	[]
ecoli50_r001560	no_hit				0	0	0	0	0	0	[]	[]	[]	[]
ecoli50_r001561	no_hit				0	0	0	0	0	0	[]	[]	[]	[]
ecoli50_r001562	no_hit				0	0	0	0	0	0	[]	[]	[]	[]
ecoli50_r001563	no_hit				0	0	0	0	0	0	[]	[]	[]	[]
ecoli50_r001564	no_hit				0	0	0	0	0	0	[]	[]	[]	[]
ecoli50_r001565	no_hit				0	0	0	0	0	0	[]	[]	[]	[]
ecoli50_r001566	no_hit				0	0	0	0	0	0	[]	[]	[]	[]
ecoli50_r001567	no_hit				0	0	0	0	0	0	[]	[]	[]	[]
ecoli50_r001568	no_hit				0	0	0	0	0	0	[]	[]	[]	[]
ecoli50_r001569	no_hit				0	0	0	0	0	0	[]	[]	[]	[]
ecoli50_r001570	no_hit				0	0	0	0	0	0	[]	[]	[]	[]
ecoli50_r001571	no_hit				0	0	0	0	0	0	[]	[]	[]	[]
ecoli50_r001572	no_hit				0	0	0	0	0	0	[]	[]	[]	[]
ecoli50_r001573	no_hit				0	0	0	0	0	0	[]	[]	[]	[]
ecoli50_r001574	no_hit				0	0	0	0	0	0	[]	[]	[]	[]
ecoli50_r001575	no_hit				0	0	0	0	0	0	[]	[]	[]	[]
ecoli50_r001576	no_hit				0	0	0	0	0	0	[]	[]	[]	[]
ecoli50_r001577	no_hit				0	0	0	0	0	0	[]	[]	[]	[]
ecoli50_r001578	position_consistent_positive	4	forward	81	1	0	1	0	1	0	"[""2835""]"	[]	"[[4,""forward"",81,""2835""]]"	[]
ecoli50_r001579	no_hit				0	0	0	0	0	0	[]	[]	[]	[]
ecoli50_r001580	no_hit				0	0	0	0	0	0	[]	[]	[]	[]
ecoli50_r001581	no_hit				0	0	0	0	0	0	[]	[]	[]	[]
ecoli50_r001582	no_hit				0	0	0	0	0	0	[]	[]	[]	[]
ecoli50_r001583	position_consistent_positive	28	forward	81	1	0	1	0	1	0	"[""132""]"	[]	"[[28,""forward"",81,""132""]]"	[]
ecoli50_r001584	no_hit				0	0	0	0	0	0	[]	[]	[]	[]
ecoli50_r001585	no_hit				0	0	0	0	0	0	[]	[]	[]	[]
ecoli50_r001586	no_hit				0	0	0	0	0	0	[]	[]	[]	[]
ecoli50_r001587	no_hit				0	0	0	0	0	0	[]	[]	[]	[]
ecoli50_r001588	no_hit				0	0	0	0	0	0	[]	[]	[]	[]
ecoli50_r001589	no_hit				0	0	0	0	0	0	[]	[]	[]	[]
ecoli50_r001590	no_hit				0	0	0	0	0	0	[]	[]	[]	[]
ecoli50_r001591	no_hit				0	0	0	0	0	0	[]	[]	[]	[]
ecoli50_r001592	no_hit				0	0	0	0	0	0	[]	[]	[]	[]
ecoli50_r001593	no_hit				0	0	0	0	0	0	[]	[]	[]	[]
ecoli50_r001594	no_hit				0	0	0	0	0	0	[]	[]	[]	[]
ecoli50_r001595	no_hit				0	0	0	0	0	0	[]	[]	[]	[]
ecoli50_r001596	no_hit				0	0	0	0	0	0	[]	[]	[]	[]
ecoli50_r001597	no_hit				0	0	0	0	0	0	[]	[]	[]	[]
ecoli50_r001598	no_hit				0	0	0	0	0	0	[]	[]	[]	[]
ecoli50_r001599	no_hit				0	0	0	0	0	0	[]	[]	[]	[]
ecoli50_r001600	no_hit				0	0	0	0	0	0	[]	[]	[]	[]
ecoli50_r001601	no_hit				0	0	0	0	0	0	[]	[]	[]	[]
ecoli50_r001602	no_hit				0	0	0	0	0	0	[]	[]	[]	[]
ecoli50_r001603	no_hit				0	0	0	0	0	0	[]	[]	[]	[]
ecoli50_r001604	no_hit				0	0	0	0	0	0	[]	[]	[]	[]
ecoli50_r001605	no_hit				0	0	0	0	0	0	[]	[]	[]	[]
ecoli50_r001606	no_hit				0	0	0	0	0	0	[]	[]	[]	[]
ecoli50_r001607	no_hit				0	0	0	0	0	0	[]	[]	[]	[]
ecoli50_r001608	no_hit				0	0	0	0	0	0	[]	[]	[]	[]
ecoli50_r001609	no_hit				0	0	0	0	0	0	[]	[]	[]	[]
ecoli50_r001610	no_hit				0	0	0	0	0	0	[]	[]	[]	[]
ecoli50_r001611	no_hit				0	0	0	0	0	0	[]	[]	[]	[]
ecoli50_r001612	no_hit				0	0	0	0	0	0	[]	[]	[]	[]
ecoli50_r001613	no_hit				0	0	0	0	0	0	[]	[]	[]	[]
ecoli50_r001614	no_hit				0	0	0	0	0	0	[]	[]	[]	[]
ecoli50_r001615	no_hit				0	0	0	0	0	0	[]	[]	[]	[]
ecoli50_r001616	position_consistent_positive	12	forward	81	1	0	1	0	1	0	"[""2721""]"	[]	"[[12,""forward"",81,""2721""]]"	[]
ecoli50_r001617	position_consistent_positive	10	forward	81	1	0	1	0	1	0	"[""1428""]"	[]	"[[10,""forward"",81,""1428""]]"	[]
ecoli50_r001618	no_hit				0	0	0	0	0	0	[]	[]	[]	[]
ecoli50_r001619	no_hit				0	0	0	0	0	0	[]	[]	[]	[]
ecoli50_r001620	no_hit				0	0	0	0	0	0	[]	[]	[]	[]
ecoli50_r001621	no_hit				0	0	0	0	0	0	[]	[]	[]	[]
ecoli50_r001622	no_hit				0	0	0	0	0	0	[]	[]	[]	[]
ecoli50_r001623	no_hit				0	0	0	0	0	0	[]	[]	[]	[]
ecoli50_r001624	no_hit				0	0	0	0	0	0	[]	[]	[]	[]
ecoli50_r001625	no_hit				0	0	0	0	0	0	[]	[]	[]	[]
ecoli50_r001626	no_hit				0	0	0	0	0	0	[]	[]	[]	[]
ecoli50_r001627	no_hit				0	0	0	0	0	0	[]	[]	[]	[]
ecoli50_r001628	no_hit				0	0	0	0	0	0	[]	[]	[]	[]
ecoli50_r001629	no_hit				0	0	0	0	0	0	[]	[]	[]	[]
ecoli50_r001630	no_hit				0	0	0	0	0	0	[]	[]	[]	[]
ecoli50_r001631	no_hit				0	0	0	0	0	0	[]	[]	[]	[]
ecoli50_r001632	no_hit				0	0	0	0	0	0	[]	[]	[]	[]
ecoli50_r001633	no_hit				0	0	0	0	0	0	[]	[]	[]	[]
ecoli50_r001634	no_hit				0	0	0	0	0	0	[]	[]	[]	[]
ecoli50_r001635	no_hit				0	0	0	0	0	0	[]	[]	[]	[]
ecoli50_r001636	no_hit				0	0	0	0	0	0	[]	[]	[]	[]
ecoli50_r001637	no_hit				0	0	0	0	0	0	[]	[]	[]	[]
ecoli50_r001638	no_hit				0	0	0	0	0	0	[]	[]	[]	[]
ecoli50_r001639	no_hit				0	0	0	0	0	0	[]	[]	[]	[]
ecoli50_r001640	no_hit				0	0	0	0	0	0	[]	[]	[]	[]
ecoli50_r001641	no_hit				0	0	0	0	0	0	[]	[]	[]	[]
ecoli50_r001642	no_hit				0	0	0	0	0	0	[]	[]	[]	[]
ecoli50_r001643	no_hit				0	0	0	0	0	0	[]	[]	[]	[]
ecoli50_r001644	no_hit				0	0	0	0	0	0	[]	[]	[]	[]
ecoli50_r001645	no_hit				0	0	0	0	0	0	[]	[]	[]	[]
ecoli50_r001646	no_hit				0	0	0	0	0	0	[]	[]	[]	[]
ecoli50_r001647	no_hit				0	0	0	0	0	0	[]	[]	[]	[]
ecoli50_r001648	no_hit				0	0	0	0	0	0	[]	[]	[]	[]
ecoli50_r001649	no_hit				0	0	0	0	0	0	[]	[]	[]	[]
ecoli50_r001650	no_hit				0	0	0	0	0	0	[]	[]	[]	[]
ecoli50_r001651	no_hit				0	0	0	0	0	0	[]	[]	[]	[]
ecoli50_r001652	no_hit				0	0	0	0	0	0	[]	[]	[]	[]
ecoli50_r001653	no_hit				0	0	0	0	0	0	[]	[]	[]	[]
ecoli50_r001654	no_hit				0	0	0	0	0	0	[]	[]	[]	[]
ecoli50_r001655	no_hit				0	0	0	0	0	0	[]	[]	[]	[]
ecoli50_r001656	no_hit				0	0	0	0	0	0	[]	[]	[]	[]
ecoli50_r001657	no_hit				0	0	0	0	0	0	[]	[]	[]	[]
ecoli50_r001658	no_hit				0	0	0	0	0	0	[]	[]	[]	[]
ecoli50_r001659	no_hit				0	0	0	0	0	0	[]	[]	[]	[]
ecoli50_r001660	no_hit				0	0	0	0	0	0	[]	[]	[]	[]
ecoli50_r001661	no_hit				0	0	0	0	0	0	[]	[]	[]	[]
ecoli50_r001662	no_hit				0	0	0	0	0	0	[]	[]	[]	[]
ecoli50_r001663	no_hit				0	0	0	0	0	0	[]	[]	[]	[]
ecoli50_r001664	no_hit				0	0	0	0	0	0	[]	[]	[]	[]
ecoli50_r001665	no_hit				0	0	0	0	0	0	[]	[]	[]	[]
ecoli50_r001666	no_hit				0	0	0	0	0	0	[]	[]	[]	[]
ecoli50_r001667	negative_only				0	1	0	1	0	1	[]	"[""1833""]"	[]	"[[10,""reverse"",81,""1833""]]"
ecoli50_r001668	no_hit				0	0	0	0	0	0	[]	[]	[]	[]
ecoli50_r001669	no_hit				0	0	0	0	0	0	[]	[]	[]	[]
ecoli50_r001670	no_hit				0	0	0	0	0	0	[]	[]	[]	[]
ecoli50_r001671	no_hit				0	0	0	0	0	0	[]	[]	[]	[]
ecoli50_r001672	no_hit				0	0	0	0	0	0	[]	[]	[]	[]
ecoli50_r001673	no_hit				0	0	0	0	0	0	[]	[]	[]	[]
ecoli50_r001674	no_hit				0	0	0	0	0	0	[]	[]	[]	[]
ecoli50_r001675	no_hit				0	0	0	0	0	0	[]	[]	[]	[]
ecoli50_r001676	position_consistent_positive	26	reverse	81	1	0	1	0	1	0	"[""555""]"	[]	"[[26,""reverse"",81,""555""]]"	[]
ecoli50_r001677	no_hit				0	0	0	0	0	0	[]	[]	[]	[]
ecoli50_r001678	no_hit				0	0	0	0	0	0	[]	[]	[]	[]
ecoli50_r001679	position_consistent_positive	10	forward	81	1	0	1	0	1	0	"[""3238""]"	[]	"[[10,""forward"",81,""3238""]]"	[]
ecoli50_r001680	no_hit				0	0	0	0	0	0	[]	[]	[]	[]
ecoli50_r001681	no_hit				0	0	0	0	0	0	[]	[]	[]	[]
ecoli50_r001682	no_hit				0	0	0	0	0	0	[]	[]	[]	[]
ecoli50_r001683	position_consistent_positive	11	forward	81	1	0	1	0	1	0	"[""1961""]"	[]	"[[11,""forward"",81,""1961""]]"	[]
ecoli50_r001684	no_hit				0	0	0	0	0	0	[]	[]	[]	[]
ecoli50_r001685	no_hit				0	0	0	0	0	0	[]	[]	[]	[]
ecoli50_r001686	no_hit				0	0	0	0	0	0	[]	[]	[]	[]
ecoli50_r001687	no_hit				0	0	0	0	0	0	[]	[]	[]	[]
ecoli50_r001688	no_hit				0	0	0	0	0	0	[]	[]	[]	[]
ecoli50_r001689	no_hit				0	0	0	0	0	0	[]	[]	[]	[]
ecoli50_r001690	no_hit				0	0	0	0	0	0	[]	[]	[]	[]
ecoli50_r001691	no_hit				0	0	0	0	0	0	[]	[]	[]	[]
ecoli50_r001692	no_hit				0	0	0	0	0	0	[]	[]	[]	[]
ecoli50_r001693	no_hit				0	0	0	0	0	0	[]	[]	[]	[]
ecoli50_r001694	no_hit				0	0	0	0	0	0	[]	[]	[]	[]
ecoli50_r001695	no_hit				0	0	0	0	0	0	[]	[]	[]	[]
ecoli50_r001696	no_hit				0	0	0	0	0	0	[]	[]	[]	[]
ecoli50_r001697	no_hit				0	0	0	0	0	0	[]	[]	[]	[]
ecoli50_r001698	no_hit				0	0	0	0	0	0	[]	[]	[]	[]
ecoli50_r001699	no_hit				0	0	0	0	0	0	[]	[]	[]	[]
ecoli50_r001700	no_hit				0	0	0	0	0	0	[]	[]	[]	[]
ecoli50_r001701	no_hit				0	0	0	0	0	0	[]	[]	[]	[]
ecoli50_r001702	no_hit				0	0	0	0	0	0	[]	[]	[]	[]
ecoli50_r001703	position_consistent_positive	4	forward	81	1	0	1	0	1	0	"[""2523""]"	[]	"[[4,""forward"",81,""2523""]]"	[]
ecoli50_r001704	no_hit				0	0	0	0	0	0	[]	[]	[]	[]
ecoli50_r001705	position_consistent_positive	7	forward	81	1	0	1	0	1	0	"[""2032""]"	[]	"[[7,""forward"",81,""2032""]]"	[]
ecoli50_r001706	no_hit				0	0	0	0	0	0	[]	[]	[]	[]
ecoli50_r001707	no_hit				0	0	0	0	0	0	[]	[]	[]	[]
ecoli50_r001708	no_hit				0	0	0	0	0	0	[]	[]	[]	[]
ecoli50_r001709	negative_only				0	1	0	1	0	1	[]	"[""2597""]"	[]	"[[29,""reverse"",81,""2597""]]"
ecoli50_r001710	no_hit				0	0	0	0	0	0	[]	[]	[]	[]
ecoli50_r001711	no_hit				0	0	0	0	0	0	[]	[]	[]	[]
ecoli50_r001712	no_hit				0	0	0	0	0	0	[]	[]	[]	[]
ecoli50_r001713	no_hit				0	0	0	0	0	0	[]	[]	[]	[]
ecoli50_r001714	no_hit				0	0	0	0	0	0	[]	[]	[]	[]
ecoli50_r001715	no_hit				0	0	0	0	0	0	[]	[]	[]	[]
ecoli50_r001716	no_hit				0	0	0	0	0	0	[]	[]	[]	[]
ecoli50_r001717	no_hit				0	0	0	0	0	0	[]	[]	[]	[]
ecoli50_r001718	no_hit				0	0	0	0	0	0	[]	[]	[]	[]
ecoli50_r001719	position_consistent_positive	9	forward	81	1	0	1	0	1	0	"[""532""]"	[]	"[[9,""forward"",81,""532""]]"	[]
ecoli50_r001720	no_hit				0	0	0	0	0	0	[]	[]	[]	[]
ecoli50_r001721	no_hit				0	0	0	0	0	0	[]	[]	[]	[]
ecoli50_r001722	no_hit				0	0	0	0	0	0	[]	[]	[]	[]
ecoli50_r001723	no_hit				0	0	0	0	0	0	[]	[]	[]	[]
ecoli50_r001724	no_hit				0	0	0	0	0	0	[]	[]	[]	[]
ecoli50_r001725	no_hit				0	0	0	0	0	0	[]	[]	[]	[]
ecoli50_r001726	no_hit				0	0	0	0	0	0	[]	[]	[]	[]
ecoli50_r001727	no_hit				0	0	0	0	0	0	[]	[]	[]	[]
ecoli50_r001728	no_hit				0	0	0	0	0	0	[]	[]	[]	[]
ecoli50_r001729	no_hit				0	0	0	0	0	0	[]	[]	[]	[]
ecoli50_r001730	no_hit				0	0	0	0	0	0	[]	[]	[]	[]
ecoli50_r001731	no_hit				0	0	0	0	0	0	[]	[]	[]	[]
ecoli50_r001732	no_hit				0	0	0	0	0	0	[]	[]	[]	[]
ecoli50_r001733	no_hit				0	0	0	0	0	0	[]	[]	[]	[]
ecoli50_r001734	no_hit				0	0	0	0	0	0	[]	[]	[]	[]
ecoli50_r001735	no_hit				0	0	0	0	0	0	[]	[]	[]	[]
ecoli50_r001736	no_hit				0	0	0	0	0	0	[]	[]	[]	[]
ecoli50_r001737	no_hit				0	0	0	0	0	0	[]	[]	[]	[]
ecoli50_r001738	no_hit				0	0	0	0	0	0	[]	[]	[]	[]
ecoli50_r001739	no_hit				0	0	0	0	0	0	[]	[]	[]	[]
ecoli50_r001740	no_hit				0	0	0	0	0	0	[]	[]	[]	[]
ecoli50_r001741	no_hit				0	0	0	0	0	0	[]	[]	[]	[]
ecoli50_r001742	no_hit				0	0	0	0	0	0	[]	[]	[]	[]
ecoli50_r001743	no_hit				0	0	0	0	0	0	[]	[]	[]	[]
ecoli50_r001744	no_hit				0	0	0	0	0	0	[]	[]	[]	[]
ecoli50_r001745	no_hit				0	0	0	0	0	0	[]	[]	[]	[]
ecoli50_r001746	no_hit				0	0	0	0	0	0	[]	[]	[]	[]
ecoli50_r001747	no_hit				0	0	0	0	0	0	[]	[]	[]	[]
ecoli50_r001748	no_hit				0	0	0	0	0	0	[]	[]	[]	[]
ecoli50_r001749	no_hit				0	0	0	0	0	0	[]	[]	[]	[]
ecoli50_r001750	no_hit				0	0	0	0	0	0	[]	[]	[]	[]
ecoli50_r001751	no_hit				0	0	0	0	0	0	[]	[]	[]	[]
ecoli50_r001752	no_hit				0	0	0	0	0	0	[]	[]	[]	[]
ecoli50_r001753	no_hit				0	0	0	0	0	0	[]	[]	[]	[]
ecoli50_r001754	no_hit				0	0	0	0	0	0	[]	[]	[]	[]
ecoli50_r001755	no_hit				0	0	0	0	0	0	[]	[]	[]	[]
ecoli50_r001756	no_hit				0	0	0	0	0	0	[]	[]	[]	[]
ecoli50_r001757	no_hit				0	0	0	0	0	0	[]	[]	[]	[]
ecoli50_r001758	no_hit				0	0	0	0	0	0	[]	[]	[]	[]
ecoli50_r001759	no_hit				0	0	0	0	0	0	[]	[]	[]	[]
ecoli50_r001760	no_hit				0	0	0	0	0	0	[]	[]	[]	[]
ecoli50_r001761	no_hit				0	0	0	0	0	0	[]	[]	[]	[]
ecoli50_r001762	no_hit				0	0	0	0	0	0	[]	[]	[]	[]
ecoli50_r001763	no_hit				0	0	0	0	0	0	[]	[]	[]	[]
ecoli50_r001764	no_hit				0	0	0	0	0	0	[]	[]	[]	[]
ecoli50_r001765	no_hit				0	0	0	0	0	0	[]	[]	[]	[]
ecoli50_r001766	no_hit				0	0	0	0	0	0	[]	[]	[]	[]
ecoli50_r001767	no_hit				0	0	0	0	0	0	[]	[]	[]	[]
ecoli50_r001768	no_hit				0	0	0	0	0	0	[]	[]	[]	[]
ecoli50_r001769	no_hit				0	0	0	0	0	0	[]	[]	[]	[]
ecoli50_r001770	negative_only				0	1	0	1	0	1	[]	"[""1300""]"	[]	"[[30,""forward"",81,""1300""]]"
ecoli50_r001771	no_hit				0	0	0	0	0	0	[]	[]	[]	[]
ecoli50_r001772	no_hit				0	0	0	0	0	0	[]	[]	[]	[]
ecoli50_r001773	no_hit				0	0	0	0	0	0	[]	[]	[]	[]
ecoli50_r001774	no_hit				0	0	0	0	0	0	[]	[]	[]	[]
ecoli50_r001775	no_hit				0	0	0	0	0	0	[]	[]	[]	[]
ecoli50_r001776	no_hit				0	0	0	0	0	0	[]	[]	[]	[]
ecoli50_r001777	no_hit				0	0	0	0	0	0	[]	[]	[]	[]
ecoli50_r001778	position_consistent_positive	10	forward	81	1	0	1	0	1	0	"[""2469""]"	[]	"[[10,""forward"",81,""2469""]]"	[]
ecoli50_r001779	position_consistent_positive	4	forward	81	1	0	1	0	1	0	"[""2469""]"	[]	"[[4,""forward"",81,""2469""]]"	[]
ecoli50_r001780	no_hit				0	0	0	0	0	0	[]	[]	[]	[]
ecoli50_r001781	no_hit				0	0	0	0	0	0	[]	[]	[]	[]
ecoli50_r001782	no_hit				0	0	0	0	0	0	[]	[]	[]	[]
ecoli50_r001783	no_hit				0	0	0	0	0	0	[]	[]	[]	[]
ecoli50_r001784	no_hit				0	0	0	0	0	0	[]	[]	[]	[]
ecoli50_r001785	no_hit				0	0	0	0	0	0	[]	[]	[]	[]
ecoli50_r001786	no_hit				0	0	0	0	0	0	[]	[]	[]	[]
ecoli50_r001787	no_hit				0	0	0	0	0	0	[]	[]	[]	[]
ecoli50_r001788	no_hit				0	0	0	0	0	0	[]	[]	[]	[]
ecoli50_r001789	no_hit				0	0	0	0	0	0	[]	[]	[]	[]
ecoli50_r001790	no_hit				0	0	0	0	0	0	[]	[]	[]	[]
ecoli50_r001791	no_hit				0	0	0	0	0	0	[]	[]	[]	[]
ecoli50_r001792	no_hit				0	0	0	0	0	0	[]	[]	[]	[]
ecoli50_r001793	no_hit				0	0	0	0	0	0	[]	[]	[]	[]
ecoli50_r001794	no_hit				0	0	0	0	0	0	[]	[]	[]	[]
ecoli50_r001795	no_hit				0	0	0	0	0	0	[]	[]	[]	[]
ecoli50_r001796	no_hit				0	0	0	0	0	0	[]	[]	[]	[]
ecoli50_r001797	no_hit				0	0	0	0	0	0	[]	[]	[]	[]
ecoli50_r001798	no_hit				0	0	0	0	0	0	[]	[]	[]	[]
ecoli50_r001799	no_hit				0	0	0	0	0	0	[]	[]	[]	[]
ecoli50_r001800	position_consistent_positive	13	forward	81	1	0	1	0	1	0	"[""1342""]"	[]	"[[13,""forward"",81,""1342""]]"	[]
ecoli50_r001801	no_hit				0	0	0	0	0	0	[]	[]	[]	[]
ecoli50_r001802	no_hit				0	0	0	0	0	0	[]	[]	[]	[]
ecoli50_r001803	no_hit				0	0	0	0	0	0	[]	[]	[]	[]
ecoli50_r001804	no_hit				0	0	0	0	0	0	[]	[]	[]	[]
ecoli50_r001805	no_hit				0	0	0	0	0	0	[]	[]	[]	[]
ecoli50_r001806	no_hit				0	0	0	0	0	0	[]	[]	[]	[]
ecoli50_r001807	no_hit				0	0	0	0	0	0	[]	[]	[]	[]
ecoli50_r001808	no_hit				0	0	0	0	0	0	[]	[]	[]	[]
ecoli50_r001809	no_hit				0	0	0	0	0	0	[]	[]	[]	[]
ecoli50_r001810	no_hit				0	0	0	0	0	0	[]	[]	[]	[]
ecoli50_r001811	position_consistent_positive	10	forward	81	1	0	1	0	1	0	"[""2181""]"	[]	"[[10,""forward"",81,""2181""]]"	[]
ecoli50_r001812	position_consistent_positive	4	forward	81	1	0	1	0	1	0	"[""2181""]"	[]	"[[4,""forward"",81,""2181""]]"	[]
ecoli50_r001813	position_consistent_positive	11	forward	81	1	0	1	0	1	0	"[""2824""]"	[]	"[[11,""forward"",81,""2824""]]"	[]
ecoli50_r001814	no_hit				0	0	0	0	0	0	[]	[]	[]	[]
ecoli50_r001815	no_hit				0	0	0	0	0	0	[]	[]	[]	[]
ecoli50_r001816	no_hit				0	0	0	0	0	0	[]	[]	[]	[]
ecoli50_r001817	no_hit				0	0	0	0	0	0	[]	[]	[]	[]
ecoli50_r001818	no_hit				0	0	0	0	0	0	[]	[]	[]	[]
ecoli50_r001819	no_hit				0	0	0	0	0	0	[]	[]	[]	[]
ecoli50_r001820	no_hit				0	0	0	0	0	0	[]	[]	[]	[]
ecoli50_r001821	no_hit				0	0	0	0	0	0	[]	[]	[]	[]
ecoli50_r001822	no_hit				0	0	0	0	0	0	[]	[]	[]	[]
ecoli50_r001823	no_hit				0	0	0	0	0	0	[]	[]	[]	[]
ecoli50_r001824	no_hit				0	0	0	0	0	0	[]	[]	[]	[]
ecoli50_r001825	no_hit				0	0	0	0	0	0	[]	[]	[]	[]
ecoli50_r001826	no_hit				0	0	0	0	0	0	[]	[]	[]	[]
ecoli50_r001827	no_hit				0	0	0	0	0	0	[]	[]	[]	[]
ecoli50_r001828	no_hit				0	0	0	0	0	0	[]	[]	[]	[]
ecoli50_r001829	no_hit				0	0	0	0	0	0	[]	[]	[]	[]
ecoli50_r001830	no_hit				0	0	0	0	0	0	[]	[]	[]	[]
ecoli50_r001831	no_hit				0	0	0	0	0	0	[]	[]	[]	[]
ecoli50_r001832	no_hit				0	0	0	0	0	0	[]	[]	[]	[]
ecoli50_r001833	no_hit				0	0	0	0	0	0	[]	[]	[]	[]
ecoli50_r001834	no_hit				0	0	0	0	0	0	[]	[]	[]	[]
ecoli50_r001835	no_hit				0	0	0	0	0	0	[]	[]	[]	[]
ecoli50_r001836	no_hit				0	0	0	0	0	0	[]	[]	[]	[]
ecoli50_r001837	no_hit				0	0	0	0	0	0	[]	[]	[]	[]
ecoli50_r001838	no_hit				0	0	0	0	0	0	[]	[]	[]	[]
ecoli50_r001839	no_hit				0	0	0	0	0	0	[]	[]	[]	[]
ecoli50_r001840	no_hit				0	0	0	0	0	0	[]	[]	[]	[]
ecoli50_r001841	no_hit				0	0	0	0	0	0	[]	[]	[]	[]
ecoli50_r001842	no_hit				0	0	0	0	0	0	[]	[]	[]	[]
ecoli50_r001843	no_hit				0	0	0	0	0	0	[]	[]	[]	[]
ecoli50_r001844	no_hit				0	0	0	0	0	0	[]	[]	[]	[]
ecoli50_r001845	no_hit				0	0	0	0	0	0	[]	[]	[]	[]
ecoli50_r001846	no_hit				0	0	0	0	0	0	[]	[]	[]	[]
ecoli50_r001847	no_hit				0	0	0	0	0	0	[]	[]	[]	[]
ecoli50_r001848	no_hit				0	0	0	0	0	0	[]	[]	[]	[]
ecoli50_r001849	no_hit				0	0	0	0	0	0	[]	[]	[]	[]
ecoli50_r001850	no_hit				0	0	0	0	0	0	[]	[]	[]	[]
ecoli50_r001851	no_hit				0	0	0	0	0	0	[]	[]	[]	[]
ecoli50_r001852	no_hit				0	0	0	0	0	0	[]	[]	[]	[]
ecoli50_r001853	no_hit				0	0	0	0	0	0	[]	[]	[]	[]
ecoli50_r001854	no_hit				0	0	0	0	0	0	[]	[]	[]	[]
ecoli50_r001855	no_hit				0	0	0	0	0	0	[]	[]	[]	[]
ecoli50_r001856	no_hit				0	0	0	0	0	0	[]	[]	[]	[]
ecoli50_r001857	no_hit				0	0	0	0	0	0	[]	[]	[]	[]
ecoli50_r001858	no_hit				0	0	0	0	0	0	[]	[]	[]	[]
ecoli50_r001859	no_hit				0	0	0	0	0	0	[]	[]	[]	[]
ecoli50_r001860	no_hit				0	0	0	0	0	0	[]	[]	[]	[]
ecoli50_r001861	no_hit				0	0	0	0	0	0	[]	[]	[]	[]
ecoli50_r001862	no_hit				0	0	0	0	0	0	[]	[]	[]	[]
ecoli50_r001863	no_hit				0	0	0	0	0	0	[]	[]	[]	[]
ecoli50_r001864	no_hit				0	0	0	0	0	0	[]	[]	[]	[]
ecoli50_r001865	no_hit				0	0	0	0	0	0	[]	[]	[]	[]
ecoli50_r001866	no_hit				0	0	0	0	0	0	[]	[]	[]	[]
ecoli50_r001867	position_consistent_positive	10	forward	81	1	0	1	0	1	0	"[""3179""]"	[]	"[[10,""forward"",81,""3179""]]"	[]
ecoli50_r001868	no_hit				0	0	0	0	0	0	[]	[]	[]	[]
ecoli50_r001869	no_hit				0	0	0	0	0	0	[]	[]	[]	[]
ecoli50_r001870	no_hit				0	0	0	0	0	0	[]	[]	[]	[]
ecoli50_r001871	no_hit				0	0	0	0	0	0	[]	[]	[]	[]
ecoli50_r001872	no_hit				0	0	0	0	0	0	[]	[]	[]	[]
ecoli50_r001873	no_hit				0	0	0	0	0	0	[]	[]	[]	[]
ecoli50_r001874	no_hit				0	0	0	0	0	0	[]	[]	[]	[]
ecoli50_r001875	no_hit				0	0	0	0	0	0	[]	[]	[]	[]
ecoli50_r001876	no_hit				0	0	0	0	0	0	[]	[]	[]	[]
ecoli50_r001877	no_hit				0	0	0	0	0	0	[]	[]	[]	[]
ecoli50_r001878	no_hit				0	0	0	0	0	0	[]	[]	[]	[]
ecoli50_r001879	no_hit				0	0	0	0	0	0	[]	[]	[]	[]
ecoli50_r001880	position_consistent_positive	20	forward	81	1	0	1	0	1	0	"[""772""]"	[]	"[[20,""forward"",81,""772""]]"	[]
ecoli50_r001881	no_hit				0	0	0	0	0	0	[]	[]	[]	[]
ecoli50_r001882	position_consistent_positive	10	forward	81	1	0	1	0	1	0	"[""909""]"	[]	"[[10,""forward"",81,""909""]]"	[]
ecoli50_r001883	no_hit				0	0	0	0	0	0	[]	[]	[]	[]
ecoli50_r001884	no_hit				0	0	0	0	0	0	[]	[]	[]	[]
ecoli50_r001885	no_hit				0	0	0	0	0	0	[]	[]	[]	[]
ecoli50_r001886	no_hit				0	0	0	0	0	0	[]	[]	[]	[]
ecoli50_r001887	no_hit				0	0	0	0	0	0	[]	[]	[]	[]
ecoli50_r001888	no_hit				0	0	0	0	0	0	[]	[]	[]	[]
ecoli50_r001889	no_hit				0	0	0	0	0	0	[]	[]	[]	[]
ecoli50_r001890	no_hit				0	0	0	0	0	0	[]	[]	[]	[]
ecoli50_r001891	no_hit				0	0	0	0	0	0	[]	[]	[]	[]
ecoli50_r001892	no_hit				0	0	0	0	0	0	[]	[]	[]	[]
ecoli50_r001893	no_hit				0	0	0	0	0	0	[]	[]	[]	[]
ecoli50_r001894	no_hit				0	0	0	0	0	0	[]	[]	[]	[]
ecoli50_r001895	no_hit				0	0	0	0	0	0	[]	[]	[]	[]
ecoli50_r001896	no_hit				0	0	0	0	0	0	[]	[]	[]	[]
ecoli50_r001897	no_hit				0	0	0	0	0	0	[]	[]	[]	[]
ecoli50_r001898	no_hit				0	0	0	0	0	0	[]	[]	[]	[]
ecoli50_r001899	no_hit				0	0	0	0	0	0	[]	[]	[]	[]
ecoli50_r001900	no_hit				0	0	0	0	0	0	[]	[]	[]	[]
ecoli50_r001901	no_hit				0	0	0	0	0	0	[]	[]	[]	[]
ecoli50_r001902	no_hit				0	0	0	0	0	0	[]	[]	[]	[]
ecoli50_r001903	no_hit				0	0	0	0	0	0	[]	[]	[]	[]
ecoli50_r001904	no_hit				0	0	0	0	0	0	[]	[]	[]	[]
ecoli50_r001905	no_hit				0	0	0	0	0	0	[]	[]	[]	[]
ecoli50_r001906	no_hit				0	0	0	0	0	0	[]	[]	[]	[]
ecoli50_r001907	no_hit				0	0	0	0	0	0	[]	[]	[]	[]
ecoli50_r001908	no_hit				0	0	0	0	0	0	[]	[]	[]	[]
ecoli50_r001909	no_hit				0	0	0	0	0	0	[]	[]	[]	[]
ecoli50_r001910	no_hit				0	0	0	0	0	0	[]	[]	[]	[]
ecoli50_r001911	no_hit				0	0	0	0	0	0	[]	[]	[]	[]
ecoli50_r001912	no_hit				0	0	0	0	0	0	[]	[]	[]	[]
ecoli50_r001913	no_hit				0	0	0	0	0	0	[]	[]	[]	[]
ecoli50_r001914	no_hit				0	0	0	0	0	0	[]	[]	[]	[]
ecoli50_r001915	no_hit				0	0	0	0	0	0	[]	[]	[]	[]
ecoli50_r001916	no_hit				0	0	0	0	0	0	[]	[]	[]	[]
ecoli50_r001917	no_hit				0	0	0	0	0	0	[]	[]	[]	[]
ecoli50_r001918	no_hit				0	0	0	0	0	0	[]	[]	[]	[]
ecoli50_r001919	negative_only				0	1	0	1	0	1	[]	"[""295""]"	[]	"[[29,""reverse"",81,""295""]]"
ecoli50_r001920	no_hit				0	0	0	0	0	0	[]	[]	[]	[]
ecoli50_r001921	no_hit				0	0	0	0	0	0	[]	[]	[]	[]
ecoli50_r001922	no_hit				0	0	0	0	0	0	[]	[]	[]	[]
ecoli50_r001923	no_hit				0	0	0	0	0	0	[]	[]	[]	[]
ecoli50_r001924	no_hit				0	0	0	0	0	0	[]	[]	[]	[]
ecoli50_r001925	no_hit				0	0	0	0	0	0	[]	[]	[]	[]
ecoli50_r001926	no_hit				0	0	0	0	0	0	[]	[]	[]	[]
ecoli50_r001927	no_hit				0	0	0	0	0	0	[]	[]	[]	[]
ecoli50_r001928	no_hit				0	0	0	0	0	0	[]	[]	[]	[]
ecoli50_r001929	no_hit				0	0	0	0	0	0	[]	[]	[]	[]
ecoli50_r001930	no_hit				0	0	0	0	0	0	[]	[]	[]	[]
ecoli50_r001931	no_hit				0	0	0	0	0	0	[]	[]	[]	[]
ecoli50_r001932	no_hit				0	0	0	0	0	0	[]	[]	[]	[]
ecoli50_r001933	no_hit				0	0	0	0	0	0	[]	[]	[]	[]
ecoli50_r001934	no_hit				0	0	0	0	0	0	[]	[]	[]	[]
ecoli50_r001935	no_hit				0	0	0	0	0	0	[]	[]	[]	[]
ecoli50_r001936	no_hit				0	0	0	0	0	0	[]	[]	[]	[]
ecoli50_r001937	no_hit				0	0	0	0	0	0	[]	[]	[]	[]
ecoli50_r001938	no_hit				0	0	0	0	0	0	[]	[]	[]	[]
ecoli50_r001939	position_consistent_positive	12	forward	81	1	0	1	0	1	0	"[""2225""]"	[]	"[[12,""forward"",81,""2225""]]"	[]
ecoli50_r001940	position_consistent_positive	14	forward	81	1	0	1	0	1	0	"[""2581""]"	[]	"[[14,""forward"",81,""2581""]]"	[]
ecoli50_r001941	no_hit				0	0	0	0	0	0	[]	[]	[]	[]
ecoli50_r001942	no_hit				0	0	0	0	0	0	[]	[]	[]	[]
ecoli50_r001943	no_hit				0	0	0	0	0	0	[]	[]	[]	[]
ecoli50_r001944	no_hit				0	0	0	0	0	0	[]	[]	[]	[]
ecoli50_r001945	no_hit				0	0	0	0	0	0	[]	[]	[]	[]
ecoli50_r001946	no_hit				0	0	0	0	0	0	[]	[]	[]	[]
ecoli50_r001947	no_hit				0	0	0	0	0	0	[]	[]	[]	[]
ecoli50_r001948	no_hit				0	0	0	0	0	0	[]	[]	[]	[]
ecoli50_r001949	no_hit				0	0	0	0	0	0	[]	[]	[]	[]
ecoli50_r001950	no_hit				0	0	0	0	0	0	[]	[]	[]	[]
ecoli50_r001951	no_hit				0	0	0	0	0	0	[]	[]	[]	[]
ecoli50_r001952	no_hit				0	0	0	0	0	0	[]	[]	[]	[]
ecoli50_r001953	no_hit				0	0	0	0	0	0	[]	[]	[]	[]
ecoli50_r001954	no_hit				0	0	0	0	0	0	[]	[]	[]	[]
ecoli50_r001955	no_hit				0	0	0	0	0	0	[]	[]	[]	[]
ecoli50_r001956	no_hit				0	0	0	0	0	0	[]	[]	[]	[]
ecoli50_r001957	no_hit				0	0	0	0	0	0	[]	[]	[]	[]
ecoli50_r001958	no_hit				0	0	0	0	0	0	[]	[]	[]	[]
ecoli50_r001959	no_hit				0	0	0	0	0	0	[]	[]	[]	[]
ecoli50_r001960	no_hit				0	0	0	0	0	0	[]	[]	[]	[]
ecoli50_r001961	negative_only				0	1	0	1	0	1	[]	"[""1772""]"	[]	"[[5,""forward"",81,""1772""]]"
ecoli50_r001962	no_hit				0	0	0	0	0	0	[]	[]	[]	[]
ecoli50_r001963	no_hit				0	0	0	0	0	0	[]	[]	[]	[]
ecoli50_r001964	no_hit				0	0	0	0	0	0	[]	[]	[]	[]
ecoli50_r001965	no_hit				0	0	0	0	0	0	[]	[]	[]	[]
ecoli50_r001966	no_hit				0	0	0	0	0	0	[]	[]	[]	[]
ecoli50_r001967	no_hit				0	0	0	0	0	0	[]	[]	[]	[]
ecoli50_r001968	no_hit				0	0	0	0	0	0	[]	[]	[]	[]
ecoli50_r001969	no_hit				0	0	0	0	0	0	[]	[]	[]	[]
ecoli50_r001970	no_hit				0	0	0	0	0	0	[]	[]	[]	[]
ecoli50_r001971	no_hit				0	0	0	0	0	0	[]	[]	[]	[]
ecoli50_r001972	no_hit				0	0	0	0	0	0	[]	[]	[]	[]
ecoli50_r001973	no_hit				0	0	0	0	0	0	[]	[]	[]	[]
ecoli50_r001974	no_hit				0	0	0	0	0	0	[]	[]	[]	[]
ecoli50_r001975	no_hit				0	0	0	0	0	0	[]	[]	[]	[]
ecoli50_r001976	no_hit				0	0	0	0	0	0	[]	[]	[]	[]
ecoli50_r001977	no_hit				0	0	0	0	0	0	[]	[]	[]	[]
ecoli50_r001978	no_hit				0	0	0	0	0	0	[]	[]	[]	[]
ecoli50_r001979	ambiguous_positive				2	0	2	0	2	0	"[""2024"",""488""]"	[]	"[[5,""forward"",81,""488""],[12,""forward"",81,""2024""]]"	[]
ecoli50_r001980	no_hit				0	0	0	0	0	0	[]	[]	[]	[]
ecoli50_r001981	no_hit				0	0	0	0	0	0	[]	[]	[]	[]
ecoli50_r001982	no_hit				0	0	0	0	0	0	[]	[]	[]	[]
ecoli50_r001983	no_hit				0	0	0	0	0	0	[]	[]	[]	[]
ecoli50_r001984	no_hit				0	0	0	0	0	0	[]	[]	[]	[]
ecoli50_r001985	no_hit				0	0	0	0	0	0	[]	[]	[]	[]
ecoli50_r001986	no_hit				0	0	0	0	0	0	[]	[]	[]	[]
ecoli50_r001987	no_hit				0	0	0	0	0	0	[]	[]	[]	[]
ecoli50_r001988	no_hit				0	0	0	0	0	0	[]	[]	[]	[]
ecoli50_r001989	no_hit				0	0	0	0	0	0	[]	[]	[]	[]
ecoli50_r001990	no_hit				0	0	0	0	0	0	[]	[]	[]	[]
ecoli50_r001991	position_consistent_positive	13	forward	81	1	0	1	0	1	0	"[""2793""]"	[]	"[[13,""forward"",81,""2793""]]"	[]
ecoli50_r001992	no_hit				0	0	0	0	0	0	[]	[]	[]	[]
ecoli50_r001993	no_hit				0	0	0	0	0	0	[]	[]	[]	[]
ecoli50_r001994	negative_only				0	1	0	1	0	1	[]	"[""2741""]"	[]	"[[13,""forward"",81,""2741""]]"
ecoli50_r001995	no_hit				0	0	0	0	0	0	[]	[]	[]	[]
ecoli50_r001996	no_hit				0	0	0	0	0	0	[]	[]	[]	[]
ecoli50_r001997	no_hit				0	0	0	0	0	0	[]	[]	[]	[]
ecoli50_r001998	no_hit				0	0	0	0	0	0	[]	[]	[]	[]
ecoli50_r001999	no_hit				0	0	0	0	0	0	[]	[]	[]	[]
ecoli50_r002000	no_hit				0	0	0	0	0	0	[]	[]	[]	[]
ecoli50_r002001	no_hit				0	0	0	0	0	0	[]	[]	[]	[]
ecoli50_r002002	no_hit				0	0	0	0	0	0	[]	[]	[]	[]
ecoli50_r002003	no_hit				0	0	0	0	0	0	[]	[]	[]	[]
ecoli50_r002004	no_hit				0	0	0	0	0	0	[]	[]	[]	[]
ecoli50_r002005	position_consistent_positive	10	forward	81	1	0	1	0	1	0	"[""1608""]"	[]	"[[10,""forward"",81,""1608""]]"	[]
ecoli50_r002006	position_consistent_positive	5	forward	81	1	0	1	0	1	0	"[""1608""]"	[]	"[[5,""forward"",81,""1608""]]"	[]
ecoli50_r002007	no_hit				0	0	0	0	0	0	[]	[]	[]	[]
ecoli50_r002008	no_hit				0	0	0	0	0	0	[]	[]	[]	[]
ecoli50_r002009	no_hit				0	0	0	0	0	0	[]	[]	[]	[]
ecoli50_r002010	no_hit				0	0	0	0	0	0	[]	[]	[]	[]
ecoli50_r002011	no_hit				0	0	0	0	0	0	[]	[]	[]	[]
ecoli50_r002012	no_hit				0	0	0	0	0	0	[]	[]	[]	[]
ecoli50_r002013	no_hit				0	0	0	0	0	0	[]	[]	[]	[]
ecoli50_r002014	no_hit				0	0	0	0	0	0	[]	[]	[]	[]
ecoli50_r002015	no_hit				0	0	0	0	0	0	[]	[]	[]	[]
ecoli50_r002016	no_hit				0	0	0	0	0	0	[]	[]	[]	[]
ecoli50_r002017	no_hit				0	0	0	0	0	0	[]	[]	[]	[]
ecoli50_r002018	no_hit				0	0	0	0	0	0	[]	[]	[]	[]
ecoli50_r002019	no_hit				0	0	0	0	0	0	[]	[]	[]	[]
ecoli50_r002020	no_hit				0	0	0	0	0	0	[]	[]	[]	[]
ecoli50_r002021	no_hit				0	0	0	0	0	0	[]	[]	[]	[]
ecoli50_r002022	no_hit				0	0	0	0	0	0	[]	[]	[]	[]
ecoli50_r002023	no_hit				0	0	0	0	0	0	[]	[]	[]	[]
ecoli50_r002024	no_hit				0	0	0	0	0	0	[]	[]	[]	[]
ecoli50_r002025	no_hit				0	0	0	0	0	0	[]	[]	[]	[]
ecoli50_r002026	no_hit				0	0	0	0	0	0	[]	[]	[]	[]
ecoli50_r002027	no_hit				0	0	0	0	0	0	[]	[]	[]	[]
ecoli50_r002028	no_hit				0	0	0	0	0	0	[]	[]	[]	[]
ecoli50_r002029	no_hit				0	0	0	0	0	0	[]	[]	[]	[]
ecoli50_r002030	no_hit				0	0	0	0	0	0	[]	[]	[]	[]
ecoli50_r002031	no_hit				0	0	0	0	0	0	[]	[]	[]	[]
ecoli50_r002032	no_hit				0	0	0	0	0	0	[]	[]	[]	[]
ecoli50_r002033	no_hit				0	0	0	0	0	0	[]	[]	[]	[]
ecoli50_r002034	no_hit				0	0	0	0	0	0	[]	[]	[]	[]
ecoli50_r002035	no_hit				0	0	0	0	0	0	[]	[]	[]	[]
ecoli50_r002036	no_hit				0	0	0	0	0	0	[]	[]	[]	[]
ecoli50_r002037	no_hit				0	0	0	0	0	0	[]	[]	[]	[]
ecoli50_r002038	no_hit				0	0	0	0	0	0	[]	[]	[]	[]
ecoli50_r002039	no_hit				0	0	0	0	0	0	[]	[]	[]	[]
ecoli50_r002040	no_hit				0	0	0	0	0	0	[]	[]	[]	[]
ecoli50_r002041	no_hit				0	0	0	0	0	0	[]	[]	[]	[]
ecoli50_r002042	no_hit				0	0	0	0	0	0	[]	[]	[]	[]
ecoli50_r002043	no_hit				0	0	0	0	0	0	[]	[]	[]	[]
ecoli50_r002044	no_hit				0	0	0	0	0	0	[]	[]	[]	[]
ecoli50_r002045	no_hit				0	0	0	0	0	0	[]	[]	[]	[]
ecoli50_r002046	no_hit				0	0	0	0	0	0	[]	[]	[]	[]
ecoli50_r002047	no_hit				0	0	0	0	0	0	[]	[]	[]	[]
ecoli50_r002048	no_hit				0	0	0	0	0	0	[]	[]	[]	[]
ecoli50_r002049	no_hit				0	0	0	0	0	0	[]	[]	[]	[]
ecoli50_r002050	no_hit				0	0	0	0	0	0	[]	[]	[]	[]
ecoli50_r002051	no_hit				0	0	0	0	0	0	[]	[]	[]	[]
ecoli50_r002052	ambiguous_positive				2	0	2	0	2	0	"[""2277"",""3089""]"	[]	"[[11,""forward"",81,""2277""],[12,""forward"",81,""3089""]]"	[]
ecoli50_r002053	no_hit				0	0	0	0	0	0	[]	[]	[]	[]
ecoli50_r002054	no_hit				0	0	0	0	0	0	[]	[]	[]	[]
ecoli50_r002055	no_hit				0	0	0	0	0	0	[]	[]	[]	[]
ecoli50_r002056	no_hit				0	0	0	0	0	0	[]	[]	[]	[]
ecoli50_r002057	no_hit				0	0	0	0	0	0	[]	[]	[]	[]
ecoli50_r002058	no_hit				0	0	0	0	0	0	[]	[]	[]	[]
ecoli50_r002059	no_hit				0	0	0	0	0	0	[]	[]	[]	[]
ecoli50_r002060	no_hit				0	0	0	0	0	0	[]	[]	[]	[]
ecoli50_r002061	no_hit				0	0	0	0	0	0	[]	[]	[]	[]
ecoli50_r002062	no_hit				0	0	0	0	0	0	[]	[]	[]	[]
ecoli50_r002063	no_hit				0	0	0	0	0	0	[]	[]	[]	[]
ecoli50_r002064	no_hit				0	0	0	0	0	0	[]	[]	[]	[]
ecoli50_r002065	no_hit				0	0	0	0	0	0	[]	[]	[]	[]
ecoli50_r002066	no_hit				0	0	0	0	0	0	[]	[]	[]	[]
ecoli50_r002067	no_hit				0	0	0	0	0	0	[]	[]	[]	[]
ecoli50_r002068	no_hit				0	0	0	0	0	0	[]	[]	[]	[]
ecoli50_r002069	no_hit				0	0	0	0	0	0	[]	[]	[]	[]
ecoli50_r002070	no_hit				0	0	0	0	0	0	[]	[]	[]	[]
ecoli50_r002071	no_hit				0	0	0	0	0	0	[]	[]	[]	[]
ecoli50_r002072	no_hit				0	0	0	0	0	0	[]	[]	[]	[]
ecoli50_r002073	no_hit				0	0	0	0	0	0	[]	[]	[]	[]
ecoli50_r002074	no_hit				0	0	0	0	0	0	[]	[]	[]	[]
ecoli50_r002075	no_hit				0	0	0	0	0	0	[]	[]	[]	[]
ecoli50_r002076	no_hit				0	0	0	0	0	0	[]	[]	[]	[]
ecoli50_r002077	no_hit				0	0	0	0	0	0	[]	[]	[]	[]
ecoli50_r002078	no_hit				0	0	0	0	0	0	[]	[]	[]	[]
ecoli50_r002079	no_hit				0	0	0	0	0	0	[]	[]	[]	[]
ecoli50_r002080	no_hit				0	0	0	0	0	0	[]	[]	[]	[]
ecoli50_r002081	no_hit				0	0	0	0	0	0	[]	[]	[]	[]
ecoli50_r002082	no_hit				0	0	0	0	0	0	[]	[]	[]	[]
ecoli50_r002083	no_hit				0	0	0	0	0	0	[]	[]	[]	[]
ecoli50_r002084	no_hit				0	0	0	0	0	0	[]	[]	[]	[]
ecoli50_r002085	no_hit				0	0	0	0	0	0	[]	[]	[]	[]
ecoli50_r002086	no_hit				0	0	0	0	0	0	[]	[]	[]	[]
ecoli50_r002087	no_hit				0	0	0	0	0	0	[]	[]	[]	[]
ecoli50_r002088	no_hit				0	0	0	0	0	0	[]	[]	[]	[]
ecoli50_r002089	no_hit				0	0	0	0	0	0	[]	[]	[]	[]
ecoli50_r002090	no_hit				0	0	0	0	0	0	[]	[]	[]	[]
ecoli50_r002091	no_hit				0	0	0	0	0	0	[]	[]	[]	[]
ecoli50_r002092	no_hit				0	0	0	0	0	0	[]	[]	[]	[]
ecoli50_r002093	no_hit				0	0	0	0	0	0	[]	[]	[]	[]
ecoli50_r002094	no_hit				0	0	0	0	0	0	[]	[]	[]	[]
ecoli50_r002095	no_hit				0	0	0	0	0	0	[]	[]	[]	[]
ecoli50_r002096	no_hit				0	0	0	0	0	0	[]	[]	[]	[]
ecoli50_r002097	no_hit				0	0	0	0	0	0	[]	[]	[]	[]
ecoli50_r002098	no_hit				0	0	0	0	0	0	[]	[]	[]	[]
ecoli50_r002099	no_hit				0	0	0	0	0	0	[]	[]	[]	[]
ecoli50_r002100	no_hit				0	0	0	0	0	0	[]	[]	[]	[]
ecoli50_r002101	no_hit				0	0	0	0	0	0	[]	[]	[]	[]
ecoli50_r002102	no_hit				0	0	0	0	0	0	[]	[]	[]	[]
ecoli50_r002103	no_hit				0	0	0	0	0	0	[]	[]	[]	[]
ecoli50_r002104	no_hit				0	0	0	0	0	0	[]	[]	[]	[]
ecoli50_r002105	no_hit				0	0	0	0	0	0	[]	[]	[]	[]
ecoli50_r002106	no_hit				0	0	0	0	0	0	[]	[]	[]	[]
ecoli50_r002107	no_hit				0	0	0	0	0	0	[]	[]	[]	[]
ecoli50_r002108	no_hit				0	0	0	0	0	0	[]	[]	[]	[]
ecoli50_r002109	no_hit				0	0	0	0	0	0	[]	[]	[]	[]
ecoli50_r002110	no_hit				0	0	0	0	0	0	[]	[]	[]	[]
ecoli50_r002111	no_hit				0	0	0	0	0	0	[]	[]	[]	[]
ecoli50_r002112	no_hit				0	0	0	0	0	0	[]	[]	[]	[]
ecoli50_r002113	no_hit				0	0	0	0	0	0	[]	[]	[]	[]
ecoli50_r002114	no_hit				0	0	0	0	0	0	[]	[]	[]	[]
ecoli50_r002115	no_hit				0	0	0	0	0	0	[]	[]	[]	[]
ecoli50_r002116	no_hit				0	0	0	0	0	0	[]	[]	[]	[]
ecoli50_r002117	no_hit				0	0	0	0	0	0	[]	[]	[]	[]
ecoli50_r002118	no_hit				0	0	0	0	0	0	[]	[]	[]	[]
ecoli50_r002119	no_hit				0	0	0	0	0	0	[]	[]	[]	[]
ecoli50_r002120	no_hit				0	0	0	0	0	0	[]	[]	[]	[]
ecoli50_r002121	no_hit				0	0	0	0	0	0	[]	[]	[]	[]
ecoli50_r002122	no_hit				0	0	0	0	0	0	[]	[]	[]	[]
ecoli50_r002123	no_hit				0	0	0	0	0	0	[]	[]	[]	[]
ecoli50_r002124	no_hit				0	0	0	0	0	0	[]	[]	[]	[]
ecoli50_r002125	no_hit				0	0	0	0	0	0	[]	[]	[]	[]
ecoli50_r002126	no_hit				0	0	0	0	0	0	[]	[]	[]	[]
ecoli50_r002127	no_hit				0	0	0	0	0	0	[]	[]	[]	[]
ecoli50_r002128	no_hit				0	0	0	0	0	0	[]	[]	[]	[]
ecoli50_r002129	no_hit				0	0	0	0	0	0	[]	[]	[]	[]
ecoli50_r002130	no_hit				0	0	0	0	0	0	[]	[]	[]	[]
ecoli50_r002131	no_hit				0	0	0	0	0	0	[]	[]	[]	[]
ecoli50_r002132	no_hit				0	0	0	0	0	0	[]	[]	[]	[]
ecoli50_r002133	no_hit				0	0	0	0	0	0	[]	[]	[]	[]
ecoli50_r002134	no_hit				0	0	0	0	0	0	[]	[]	[]	[]
ecoli50_r002135	no_hit				0	0	0	0	0	0	[]	[]	[]	[]
ecoli50_r002136	position_consistent_positive	19	reverse	81	1	0	1	0	1	0	"[""2421""]"	[]	"[[19,""reverse"",81,""2421""]]"	[]
ecoli50_r002137	no_hit				0	0	0	0	0	0	[]	[]	[]	[]
ecoli50_r002138	no_hit				0	0	0	0	0	0	[]	[]	[]	[]
ecoli50_r002139	no_hit				0	0	0	0	0	0	[]	[]	[]	[]
ecoli50_r002140	no_hit				0	0	0	0	0	0	[]	[]	[]	[]
ecoli50_r002141	no_hit				0	0	0	0	0	0	[]	[]	[]	[]
ecoli50_r002142	no_hit				0	0	0	0	0	0	[]	[]	[]	[]
ecoli50_r002143	no_hit				0	0	0	0	0	0	[]	[]	[]	[]
ecoli50_r002144	no_hit				0	0	0	0	0	0	[]	[]	[]	[]
ecoli50_r002145	no_hit				0	0	0	0	0	0	[]	[]	[]	[]
ecoli50_r002146	no_hit				0	0	0	0	0	0	[]	[]	[]	[]
ecoli50_r002147	no_hit				0	0	0	0	0	0	[]	[]	[]	[]
ecoli50_r002148	no_hit				0	0	0	0	0	0	[]	[]	[]	[]
ecoli50_r002149	no_hit				0	0	0	0	0	0	[]	[]	[]	[]
ecoli50_r002150	no_hit				0	0	0	0	0	0	[]	[]	[]	[]
ecoli50_r002151	no_hit				0	0	0	0	0	0	[]	[]	[]	[]
ecoli50_r002152	no_hit				0	0	0	0	0	0	[]	[]	[]	[]
ecoli50_r002153	no_hit				0	0	0	0	0	0	[]	[]	[]	[]
ecoli50_r002154	no_hit				0	0	0	0	0	0	[]	[]	[]	[]
ecoli50_r002155	no_hit				0	0	0	0	0	0	[]	[]	[]	[]
ecoli50_r002156	position_consistent_positive	11	forward	81	1	0	1	0	1	0	"[""826""]"	[]	"[[11,""forward"",81,""826""]]"	[]
ecoli50_r002157	no_hit				0	0	0	0	0	0	[]	[]	[]	[]
ecoli50_r002158	no_hit				0	0	0	0	0	0	[]	[]	[]	[]
ecoli50_r002159	ambiguous_positive				2	0	2	0	2	0	"[""1800"",""346""]"	[]	"[[10,""forward"",81,""1800""],[12,""forward"",81,""346""]]"	[]
ecoli50_r002160	no_hit				0	0	0	0	0	0	[]	[]	[]	[]
ecoli50_r002161	no_hit				0	0	0	0	0	0	[]	[]	[]	[]
ecoli50_r002162	no_hit				0	0	0	0	0	0	[]	[]	[]	[]
ecoli50_r002163	no_hit				0	0	0	0	0	0	[]	[]	[]	[]
ecoli50_r002164	no_hit				0	0	0	0	0	0	[]	[]	[]	[]
ecoli50_r002165	no_hit				0	0	0	0	0	0	[]	[]	[]	[]
ecoli50_r002166	no_hit				0	0	0	0	0	0	[]	[]	[]	[]
ecoli50_r002167	no_hit				0	0	0	0	0	0	[]	[]	[]	[]
ecoli50_r002168	no_hit				0	0	0	0	0	0	[]	[]	[]	[]
ecoli50_r002169	no_hit				0	0	0	0	0	0	[]	[]	[]	[]
ecoli50_r002170	no_hit				0	0	0	0	0	0	[]	[]	[]	[]
ecoli50_r002171	no_hit				0	0	0	0	0	0	[]	[]	[]	[]
ecoli50_r002172	no_hit				0	0	0	0	0	0	[]	[]	[]	[]
ecoli50_r002173	no_hit				0	0	0	0	0	0	[]	[]	[]	[]
ecoli50_r002174	no_hit				0	0	0	0	0	0	[]	[]	[]	[]
ecoli50_r002175	no_hit				0	0	0	0	0	0	[]	[]	[]	[]
ecoli50_r002176	no_hit				0	0	0	0	0	0	[]	[]	[]	[]
ecoli50_r002177	no_hit				0	0	0	0	0	0	[]	[]	[]	[]
ecoli50_r002178	no_hit				0	0	0	0	0	0	[]	[]	[]	[]
ecoli50_r002179	no_hit				0	0	0	0	0	0	[]	[]	[]	[]
ecoli50_r002180	no_hit				0	0	0	0	0	0	[]	[]	[]	[]
ecoli50_r002181	no_hit				0	0	0	0	0	0	[]	[]	[]	[]
ecoli50_r002182	no_hit				0	0	0	0	0	0	[]	[]	[]	[]
ecoli50_r002183	no_hit				0	0	0	0	0	0	[]	[]	[]	[]
ecoli50_r002184	no_hit				0	0	0	0	0	0	[]	[]	[]	[]
ecoli50_r002185	no_hit				0	0	0	0	0	0	[]	[]	[]	[]
ecoli50_r002186	no_hit				0	0	0	0	0	0	[]	[]	[]	[]
ecoli50_r002187	no_hit				0	0	0	0	0	0	[]	[]	[]	[]
ecoli50_r002188	no_hit				0	0	0	0	0	0	[]	[]	[]	[]
ecoli50_r002189	no_hit				0	0	0	0	0	0	[]	[]	[]	[]
ecoli50_r002190	no_hit				0	0	0	0	0	0	[]	[]	[]	[]
ecoli50_r002191	no_hit				0	0	0	0	0	0	[]	[]	[]	[]
ecoli50_r002192	no_hit				0	0	0	0	0	0	[]	[]	[]	[]
ecoli50_r002193	no_hit				0	0	0	0	0	0	[]	[]	[]	[]
ecoli50_r002194	no_hit				0	0	0	0	0	0	[]	[]	[]	[]
ecoli50_r002195	no_hit				0	0	0	0	0	0	[]	[]	[]	[]
ecoli50_r002196	no_hit				0	0	0	0	0	0	[]	[]	[]	[]
ecoli50_r002197	no_hit				0	0	0	0	0	0	[]	[]	[]	[]
ecoli50_r002198	no_hit				0	0	0	0	0	0	[]	[]	[]	[]
ecoli50_r002199	no_hit				0	0	0	0	0	0	[]	[]	[]	[]
ecoli50_r002200	no_hit				0	0	0	0	0	0	[]	[]	[]	[]
ecoli50_r002201	no_hit				0	0	0	0	0	0	[]	[]	[]	[]
ecoli50_r002202	no_hit				0	0	0	0	0	0	[]	[]	[]	[]
ecoli50_r002203	no_hit				0	0	0	0	0	0	[]	[]	[]	[]
ecoli50_r002204	no_hit				0	0	0	0	0	0	[]	[]	[]	[]
ecoli50_r002205	no_hit				0	0	0	0	0	0	[]	[]	[]	[]
ecoli50_r002206	no_hit				0	0	0	0	0	0	[]	[]	[]	[]
ecoli50_r002207	no_hit				0	0	0	0	0	0	[]	[]	[]	[]
ecoli50_r002208	no_hit				0	0	0	0	0	0	[]	[]	[]	[]
ecoli50_r002209	no_hit				0	0	0	0	0	0	[]	[]	[]	[]
ecoli50_r002210	no_hit				0	0	0	0	0	0	[]	[]	[]	[]
ecoli50_r002211	no_hit				0	0	0	0	0	0	[]	[]	[]	[]
ecoli50_r002212	no_hit				0	0	0	0	0	0	[]	[]	[]	[]
ecoli50_r002213	no_hit				0	0	0	0	0	0	[]	[]	[]	[]
ecoli50_r002214	no_hit				0	0	0	0	0	0	[]	[]	[]	[]
ecoli50_r002215	no_hit				0	0	0	0	0	0	[]	[]	[]	[]
ecoli50_r002216	no_hit				0	0	0	0	0	0	[]	[]	[]	[]
ecoli50_r002217	no_hit				0	0	0	0	0	0	[]	[]	[]	[]
ecoli50_r002218	no_hit				0	0	0	0	0	0	[]	[]	[]	[]
ecoli50_r002219	position_consistent_positive	11	forward	81	1	0	1	0	1	0	"[""1928""]"	[]	"[[11,""forward"",81,""1928""]]"	[]
ecoli50_r002220	position_consistent_positive	3	forward	81	1	0	1	0	1	0	"[""1928""]"	[]	"[[3,""forward"",81,""1928""]]"	[]
ecoli50_r002221	no_hit				0	0	0	0	0	0	[]	[]	[]	[]
ecoli50_r002222	no_hit				0	0	0	0	0	0	[]	[]	[]	[]
ecoli50_r002223	no_hit				0	0	0	0	0	0	[]	[]	[]	[]
ecoli50_r002224	no_hit				0	0	0	0	0	0	[]	[]	[]	[]
ecoli50_r002225	no_hit				0	0	0	0	0	0	[]	[]	[]	[]
ecoli50_r002226	no_hit				0	0	0	0	0	0	[]	[]	[]	[]
ecoli50_r002227	no_hit				0	0	0	0	0	0	[]	[]	[]	[]
ecoli50_r002228	no_hit				0	0	0	0	0	0	[]	[]	[]	[]
ecoli50_r002229	no_hit				0	0	0	0	0	0	[]	[]	[]	[]
ecoli50_r002230	no_hit				0	0	0	0	0	0	[]	[]	[]	[]
ecoli50_r002231	no_hit				0	0	0	0	0	0	[]	[]	[]	[]
ecoli50_r002232	no_hit				0	0	0	0	0	0	[]	[]	[]	[]
ecoli50_r002233	no_hit				0	0	0	0	0	0	[]	[]	[]	[]
ecoli50_r002234	no_hit				0	0	0	0	0	0	[]	[]	[]	[]
ecoli50_r002235	no_hit				0	0	0	0	0	0	[]	[]	[]	[]
ecoli50_r002236	no_hit				0	0	0	0	0	0	[]	[]	[]	[]
ecoli50_r002237	no_hit				0	0	0	0	0	0	[]	[]	[]	[]
ecoli50_r002238	no_hit				0	0	0	0	0	0	[]	[]	[]	[]
ecoli50_r002239	no_hit				0	0	0	0	0	0	[]	[]	[]	[]
ecoli50_r002240	no_hit				0	0	0	0	0	0	[]	[]	[]	[]
ecoli50_r002241	no_hit				0	0	0	0	0	0	[]	[]	[]	[]
ecoli50_r002242	no_hit				0	0	0	0	0	0	[]	[]	[]	[]
ecoli50_r002243	no_hit				0	0	0	0	0	0	[]	[]	[]	[]
ecoli50_r002244	no_hit				0	0	0	0	0	0	[]	[]	[]	[]
ecoli50_r002245	no_hit				0	0	0	0	0	0	[]	[]	[]	[]
ecoli50_r002246	no_hit				0	0	0	0	0	0	[]	[]	[]	[]
ecoli50_r002247	no_hit				0	0	0	0	0	0	[]	[]	[]	[]
ecoli50_r002248	no_hit				0	0	0	0	0	0	[]	[]	[]	[]
ecoli50_r002249	no_hit				0	0	0	0	0	0	[]	[]	[]	[]
ecoli50_r002250	no_hit				0	0	0	0	0	0	[]	[]	[]	[]
ecoli50_r002251	no_hit				0	0	0	0	0	0	[]	[]	[]	[]
ecoli50_r002252	no_hit				0	0	0	0	0	0	[]	[]	[]	[]
ecoli50_r002253	no_hit				0	0	0	0	0	0	[]	[]	[]	[]
ecoli50_r002254	no_hit				0	0	0	0	0	0	[]	[]	[]	[]
ecoli50_r002255	no_hit				0	0	0	0	0	0	[]	[]	[]	[]
ecoli50_r002256	no_hit				0	0	0	0	0	0	[]	[]	[]	[]
ecoli50_r002257	no_hit				0	0	0	0	0	0	[]	[]	[]	[]
ecoli50_r002258	no_hit				0	0	0	0	0	0	[]	[]	[]	[]
ecoli50_r002259	no_hit				0	0	0	0	0	0	[]	[]	[]	[]
ecoli50_r002260	no_hit				0	0	0	0	0	0	[]	[]	[]	[]
ecoli50_r002261	position_consistent_positive	11	forward	81	1	0	1	0	1	0	"[""365""]"	[]	"[[11,""forward"",81,""365""]]"	[]
ecoli50_r002262	no_hit				0	0	0	0	0	0	[]	[]	[]	[]
ecoli50_r002263	no_hit				0	0	0	0	0	0	[]	[]	[]	[]
ecoli50_r002264	no_hit				0	0	0	0	0	0	[]	[]	[]	[]
ecoli50_r002265	no_hit				0	0	0	0	0	0	[]	[]	[]	[]
ecoli50_r002266	no_hit				0	0	0	0	0	0	[]	[]	[]	[]
ecoli50_r002267	no_hit				0	0	0	0	0	0	[]	[]	[]	[]
ecoli50_r002268	no_hit				0	0	0	0	0	0	[]	[]	[]	[]
ecoli50_r002269	no_hit				0	0	0	0	0	0	[]	[]	[]	[]
ecoli50_r002270	no_hit				0	0	0	0	0	0	[]	[]	[]	[]
ecoli50_r002271	no_hit				0	0	0	0	0	0	[]	[]	[]	[]
ecoli50_r002272	no_hit				0	0	0	0	0	0	[]	[]	[]	[]
ecoli50_r002273	no_hit				0	0	0	0	0	0	[]	[]	[]	[]
ecoli50_r002274	position_consistent_positive	5	forward	81	1	0	1	0	1	0	"[""2358""]"	[]	"[[5,""forward"",81,""2358""]]"	[]
ecoli50_r002275	position_consistent_positive	11	forward	81	1	0	1	0	1	0	"[""2650""]"	[]	"[[11,""forward"",81,""2650""]]"	[]
ecoli50_r002276	position_consistent_positive	19	forward	81	1	0	1	0	1	0	"[""2358""]"	[]	"[[19,""forward"",81,""2358""]]"	[]
ecoli50_r002277	no_hit				0	0	0	0	0	0	[]	[]	[]	[]
ecoli50_r002278	no_hit				0	0	0	0	0	0	[]	[]	[]	[]
ecoli50_r002279	no_hit				0	0	0	0	0	0	[]	[]	[]	[]
ecoli50_r002280	no_hit				0	0	0	0	0	0	[]	[]	[]	[]
ecoli50_r002281	no_hit				0	0	0	0	0	0	[]	[]	[]	[]
ecoli50_r002282	no_hit				0	0	0	0	0	0	[]	[]	[]	[]
ecoli50_r002283	no_hit				0	0	0	0	0	0	[]	[]	[]	[]
ecoli50_r002284	no_hit				0	0	0	0	0	0	[]	[]	[]	[]
ecoli50_r002285	no_hit				0	0	0	0	0	0	[]	[]	[]	[]
ecoli50_r002286	no_hit				0	0	0	0	0	0	[]	[]	[]	[]
ecoli50_r002287	no_hit				0	0	0	0	0	0	[]	[]	[]	[]
ecoli50_r002288	no_hit				0	0	0	0	0	0	[]	[]	[]	[]
ecoli50_r002289	no_hit				0	0	0	0	0	0	[]	[]	[]	[]
ecoli50_r002290	no_hit				0	0	0	0	0	0	[]	[]	[]	[]
ecoli50_r002291	no_hit				0	0	0	0	0	0	[]	[]	[]	[]
ecoli50_r002292	no_hit				0	0	0	0	0	0	[]	[]	[]	[]
ecoli50_r002293	no_hit				0	0	0	0	0	0	[]	[]	[]	[]
ecoli50_r002294	no_hit				0	0	0	0	0	0	[]	[]	[]	[]
ecoli50_r002295	no_hit				0	0	0	0	0	0	[]	[]	[]	[]
ecoli50_r002296	no_hit				0	0	0	0	0	0	[]	[]	[]	[]
ecoli50_r002297	no_hit				0	0	0	0	0	0	[]	[]	[]	[]
ecoli50_r002298	no_hit				0	0	0	0	0	0	[]	[]	[]	[]
ecoli50_r002299	no_hit				0	0	0	0	0	0	[]	[]	[]	[]
ecoli50_r002300	no_hit				0	0	0	0	0	0	[]	[]	[]	[]
ecoli50_r002301	no_hit				0	0	0	0	0	0	[]	[]	[]	[]
ecoli50_r002302	no_hit				0	0	0	0	0	0	[]	[]	[]	[]
ecoli50_r002303	no_hit				0	0	0	0	0	0	[]	[]	[]	[]
ecoli50_r002304	no_hit				0	0	0	0	0	0	[]	[]	[]	[]
ecoli50_r002305	no_hit				0	0	0	0	0	0	[]	[]	[]	[]
ecoli50_r002306	no_hit				0	0	0	0	0	0	[]	[]	[]	[]
ecoli50_r002307	no_hit				0	0	0	0	0	0	[]	[]	[]	[]
ecoli50_r002308	no_hit				0	0	0	0	0	0	[]	[]	[]	[]
ecoli50_r002309	no_hit				0	0	0	0	0	0	[]	[]	[]	[]
ecoli50_r002310	no_hit				0	0	0	0	0	0	[]	[]	[]	[]
ecoli50_r002311	no_hit				0	0	0	0	0	0	[]	[]	[]	[]
ecoli50_r002312	no_hit				0	0	0	0	0	0	[]	[]	[]	[]
ecoli50_r002313	no_hit				0	0	0	0	0	0	[]	[]	[]	[]
ecoli50_r002314	no_hit				0	0	0	0	0	0	[]	[]	[]	[]
ecoli50_r002315	no_hit				0	0	0	0	0	0	[]	[]	[]	[]
ecoli50_r002316	no_hit				0	0	0	0	0	0	[]	[]	[]	[]
ecoli50_r002317	no_hit				0	0	0	0	0	0	[]	[]	[]	[]
ecoli50_r002318	no_hit				0	0	0	0	0	0	[]	[]	[]	[]
ecoli50_r002319	no_hit				0	0	0	0	0	0	[]	[]	[]	[]
ecoli50_r002320	no_hit				0	0	0	0	0	0	[]	[]	[]	[]
ecoli50_r002321	no_hit				0	0	0	0	0	0	[]	[]	[]	[]
ecoli50_r002322	no_hit				0	0	0	0	0	0	[]	[]	[]	[]
ecoli50_r002323	no_hit				0	0	0	0	0	0	[]	[]	[]	[]
ecoli50_r002324	no_hit				0	0	0	0	0	0	[]	[]	[]	[]
ecoli50_r002325	no_hit				0	0	0	0	0	0	[]	[]	[]	[]
ecoli50_r002326	position_consistent_positive	18	forward	81	1	0	1	0	1	0	"[""1248""]"	[]	"[[18,""forward"",81,""1248""]]"	[]
ecoli50_r002327	no_hit				0	0	0	0	0	0	[]	[]	[]	[]
ecoli50_r002328	no_hit				0	0	0	0	0	0	[]	[]	[]	[]
ecoli50_r002329	no_hit				0	0	0	0	0	0	[]	[]	[]	[]
ecoli50_r002330	position_consistent_positive	11	forward	81	1	0	1	0	1	0	"[""2391""]"	[]	"[[11,""forward"",81,""2391""]]"	[]
ecoli50_r002331	no_hit				0	0	0	0	0	0	[]	[]	[]	[]
ecoli50_r002332	no_hit				0	0	0	0	0	0	[]	[]	[]	[]
ecoli50_r002333	no_hit				0	0	0	0	0	0	[]	[]	[]	[]
ecoli50_r002334	no_hit				0	0	0	0	0	0	[]	[]	[]	[]
ecoli50_r002335	no_hit				0	0	0	0	0	0	[]	[]	[]	[]
ecoli50_r002336	no_hit				0	0	0	0	0	0	[]	[]	[]	[]
ecoli50_r002337	no_hit				0	0	0	0	0	0	[]	[]	[]	[]
ecoli50_r002338	no_hit				0	0	0	0	0	0	[]	[]	[]	[]
ecoli50_r002339	no_hit				0	0	0	0	0	0	[]	[]	[]	[]
ecoli50_r002340	no_hit				0	0	0	0	0	0	[]	[]	[]	[]
ecoli50_r002341	no_hit				0	0	0	0	0	0	[]	[]	[]	[]
ecoli50_r002342	no_hit				0	0	0	0	0	0	[]	[]	[]	[]
ecoli50_r002343	no_hit				0	0	0	0	0	0	[]	[]	[]	[]
ecoli50_r002344	no_hit				0	0	0	0	0	0	[]	[]	[]	[]
ecoli50_r002345	no_hit				0	0	0	0	0	0	[]	[]	[]	[]
ecoli50_r002346	no_hit				0	0	0	0	0	0	[]	[]	[]	[]
ecoli50_r002347	no_hit				0	0	0	0	0	0	[]	[]	[]	[]
ecoli50_r002348	position_consistent_positive	10	forward	81	1	0	1	0	1	0	"[""1424""]"	[]	"[[10,""forward"",81,""1424""]]"	[]
ecoli50_r002349	no_hit				0	0	0	0	0	0	[]	[]	[]	[]
ecoli50_r002350	no_hit				0	0	0	0	0	0	[]	[]	[]	[]
ecoli50_r002351	no_hit				0	0	0	0	0	0	[]	[]	[]	[]
ecoli50_r002352	no_hit				0	0	0	0	0	0	[]	[]	[]	[]
ecoli50_r002353	no_hit				0	0	0	0	0	0	[]	[]	[]	[]
ecoli50_r002354	no_hit				0	0	0	0	0	0	[]	[]	[]	[]
ecoli50_r002355	no_hit				0	0	0	0	0	0	[]	[]	[]	[]
ecoli50_r002356	no_hit				0	0	0	0	0	0	[]	[]	[]	[]
ecoli50_r002357	no_hit				0	0	0	0	0	0	[]	[]	[]	[]
ecoli50_r002358	no_hit				0	0	0	0	0	0	[]	[]	[]	[]
ecoli50_r002359	no_hit				0	0	0	0	0	0	[]	[]	[]	[]
ecoli50_r002360	no_hit				0	0	0	0	0	0	[]	[]	[]	[]
ecoli50_r002361	no_hit				0	0	0	0	0	0	[]	[]	[]	[]
ecoli50_r002362	no_hit				0	0	0	0	0	0	[]	[]	[]	[]
ecoli50_r002363	position_consistent_positive	22	forward	81	1	0	1	0	1	0	"[""830""]"	[]	"[[22,""forward"",81,""830""]]"	[]
ecoli50_r002364	position_consistent_positive	10	forward	81	1	0	1	0	1	0	"[""407""]"	[]	"[[10,""forward"",81,""407""]]"	[]
ecoli50_r002365	no_hit				0	0	0	0	0	0	[]	[]	[]	[]
ecoli50_r002366	no_hit				0	0	0	0	0	0	[]	[]	[]	[]
ecoli50_r002367	no_hit				0	0	0	0	0	0	[]	[]	[]	[]
ecoli50_r002368	no_hit				0	0	0	0	0	0	[]	[]	[]	[]
ecoli50_r002369	no_hit				0	0	0	0	0	0	[]	[]	[]	[]
ecoli50_r002370	no_hit				0	0	0	0	0	0	[]	[]	[]	[]
ecoli50_r002371	no_hit				0	0	0	0	0	0	[]	[]	[]	[]
ecoli50_r002372	no_hit				0	0	0	0	0	0	[]	[]	[]	[]
ecoli50_r002373	no_hit				0	0	0	0	0	0	[]	[]	[]	[]
ecoli50_r002374	no_hit				0	0	0	0	0	0	[]	[]	[]	[]
ecoli50_r002375	no_hit				0	0	0	0	0	0	[]	[]	[]	[]
ecoli50_r002376	no_hit				0	0	0	0	0	0	[]	[]	[]	[]
ecoli50_r002377	no_hit				0	0	0	0	0	0	[]	[]	[]	[]
ecoli50_r002378	no_hit				0	0	0	0	0	0	[]	[]	[]	[]
ecoli50_r002379	no_hit				0	0	0	0	0	0	[]	[]	[]	[]
ecoli50_r002380	no_hit				0	0	0	0	0	0	[]	[]	[]	[]
ecoli50_r002381	no_hit				0	0	0	0	0	0	[]	[]	[]	[]
ecoli50_r002382	no_hit				0	0	0	0	0	0	[]	[]	[]	[]
ecoli50_r002383	no_hit				0	0	0	0	0	0	[]	[]	[]	[]
ecoli50_r002384	no_hit				0	0	0	0	0	0	[]	[]	[]	[]
ecoli50_r002385	no_hit				0	0	0	0	0	0	[]	[]	[]	[]
ecoli50_r002386	no_hit				0	0	0	0	0	0	[]	[]	[]	[]
ecoli50_r002387	no_hit				0	0	0	0	0	0	[]	[]	[]	[]
ecoli50_r002388	no_hit				0	0	0	0	0	0	[]	[]	[]	[]
ecoli50_r002389	no_hit				0	0	0	0	0	0	[]	[]	[]	[]
ecoli50_r002390	no_hit				0	0	0	0	0	0	[]	[]	[]	[]
ecoli50_r002391	no_hit				0	0	0	0	0	0	[]	[]	[]	[]
ecoli50_r002392	no_hit				0	0	0	0	0	0	[]	[]	[]	[]
ecoli50_r002393	no_hit				0	0	0	0	0	0	[]	[]	[]	[]
ecoli50_r002394	no_hit				0	0	0	0	0	0	[]	[]	[]	[]
ecoli50_r002395	no_hit				0	0	0	0	0	0	[]	[]	[]	[]
ecoli50_r002396	no_hit				0	0	0	0	0	0	[]	[]	[]	[]
ecoli50_r002397	no_hit				0	0	0	0	0	0	[]	[]	[]	[]
ecoli50_r002398	no_hit				0	0	0	0	0	0	[]	[]	[]	[]
ecoli50_r002399	position_consistent_positive	11	forward	81	1	0	1	0	1	0	"[""972""]"	[]	"[[11,""forward"",81,""972""]]"	[]
ecoli50_r002400	position_consistent_positive	0	forward	81	1	0	1	0	1	0	"[""972""]"	[]	"[[0,""forward"",81,""972""]]"	[]
ecoli50_r002401	no_hit				0	0	0	0	0	0	[]	[]	[]	[]
ecoli50_r002402	no_hit				0	0	0	0	0	0	[]	[]	[]	[]
ecoli50_r002403	no_hit				0	0	0	0	0	0	[]	[]	[]	[]
ecoli50_r002404	position_consistent_positive	30	forward	81	1	0	1	0	1	0	"[""2963""]"	[]	"[[30,""forward"",81,""2963""]]"	[]
ecoli50_r002405	no_hit				0	0	0	0	0	0	[]	[]	[]	[]
ecoli50_r002406	no_hit				0	0	0	0	0	0	[]	[]	[]	[]
ecoli50_r002407	no_hit				0	0	0	0	0	0	[]	[]	[]	[]
ecoli50_r002408	no_hit				0	0	0	0	0	0	[]	[]	[]	[]
ecoli50_r002409	no_hit				0	0	0	0	0	0	[]	[]	[]	[]
ecoli50_r002410	no_hit				0	0	0	0	0	0	[]	[]	[]	[]
ecoli50_r002411	no_hit				0	0	0	0	0	0	[]	[]	[]	[]
ecoli50_r002412	no_hit				0	0	0	0	0	0	[]	[]	[]	[]
ecoli50_r002413	no_hit				0	0	0	0	0	0	[]	[]	[]	[]
ecoli50_r002414	no_hit				0	0	0	0	0	0	[]	[]	[]	[]
ecoli50_r002415	no_hit				0	0	0	0	0	0	[]	[]	[]	[]
ecoli50_r002416	no_hit				0	0	0	0	0	0	[]	[]	[]	[]
ecoli50_r002417	no_hit				0	0	0	0	0	0	[]	[]	[]	[]
ecoli50_r002418	no_hit				0	0	0	0	0	0	[]	[]	[]	[]
ecoli50_r002419	no_hit				0	0	0	0	0	0	[]	[]	[]	[]
ecoli50_r002420	no_hit				0	0	0	0	0	0	[]	[]	[]	[]
ecoli50_r002421	no_hit				0	0	0	0	0	0	[]	[]	[]	[]
ecoli50_r002422	no_hit				0	0	0	0	0	0	[]	[]	[]	[]
ecoli50_r002423	no_hit				0	0	0	0	0	0	[]	[]	[]	[]
ecoli50_r002424	position_consistent_positive	10	forward	81	1	0	1	0	1	0	"[""417""]"	[]	"[[10,""forward"",81,""417""]]"	[]
ecoli50_r002425	no_hit				0	0	0	0	0	0	[]	[]	[]	[]
ecoli50_r002426	no_hit				0	0	0	0	0	0	[]	[]	[]	[]
ecoli50_r002427	no_hit				0	0	0	0	0	0	[]	[]	[]	[]
ecoli50_r002428	no_hit				0	0	0	0	0	0	[]	[]	[]	[]
ecoli50_r002429	no_hit				0	0	0	0	0	0	[]	[]	[]	[]
ecoli50_r002430	no_hit				0	0	0	0	0	0	[]	[]	[]	[]
ecoli50_r002431	no_hit				0	0	0	0	0	0	[]	[]	[]	[]
ecoli50_r002432	no_hit				0	0	0	0	0	0	[]	[]	[]	[]
ecoli50_r002433	no_hit				0	0	0	0	0	0	[]	[]	[]	[]
ecoli50_r002434	no_hit				0	0	0	0	0	0	[]	[]	[]	[]
ecoli50_r002435	no_hit				0	0	0	0	0	0	[]	[]	[]	[]
ecoli50_r002436	no_hit				0	0	0	0	0	0	[]	[]	[]	[]
ecoli50_r002437	no_hit				0	0	0	0	0	0	[]	[]	[]	[]
ecoli50_r002438	no_hit				0	0	0	0	0	0	[]	[]	[]	[]
ecoli50_r002439	no_hit				0	0	0	0	0	0	[]	[]	[]	[]
ecoli50_r002440	no_hit				0	0	0	0	0	0	[]	[]	[]	[]
ecoli50_r002441	no_hit				0	0	0	0	0	0	[]	[]	[]	[]
ecoli50_r002442	no_hit				0	0	0	0	0	0	[]	[]	[]	[]
ecoli50_r002443	no_hit				0	0	0	0	0	0	[]	[]	[]	[]
ecoli50_r002444	no_hit				0	0	0	0	0	0	[]	[]	[]	[]
ecoli50_r002445	no_hit				0	0	0	0	0	0	[]	[]	[]	[]
ecoli50_r002446	no_hit				0	0	0	0	0	0	[]	[]	[]	[]
ecoli50_r002447	no_hit				0	0	0	0	0	0	[]	[]	[]	[]
ecoli50_r002448	no_hit				0	0	0	0	0	0	[]	[]	[]	[]
ecoli50_r002449	no_hit				0	0	0	0	0	0	[]	[]	[]	[]
ecoli50_r002450	no_hit				0	0	0	0	0	0	[]	[]	[]	[]
ecoli50_r002451	no_hit				0	0	0	0	0	0	[]	[]	[]	[]
ecoli50_r002452	no_hit				0	0	0	0	0	0	[]	[]	[]	[]
ecoli50_r002453	no_hit				0	0	0	0	0	0	[]	[]	[]	[]
ecoli50_r002454	no_hit				0	0	0	0	0	0	[]	[]	[]	[]
ecoli50_r002455	position_consistent_positive	7	forward	81	1	0	1	0	1	0	"[""1860""]"	[]	"[[7,""forward"",81,""1860""]]"	[]
ecoli50_r002456	position_consistent_positive	11	forward	81	1	0	1	0	1	0	"[""1860""]"	[]	"[[11,""forward"",81,""1860""]]"	[]
ecoli50_r002457	no_hit				0	0	0	0	0	0	[]	[]	[]	[]
ecoli50_r002458	no_hit				0	0	0	0	0	0	[]	[]	[]	[]
ecoli50_r002459	no_hit				0	0	0	0	0	0	[]	[]	[]	[]
ecoli50_r002460	no_hit				0	0	0	0	0	0	[]	[]	[]	[]
ecoli50_r002461	no_hit				0	0	0	0	0	0	[]	[]	[]	[]
ecoli50_r002462	no_hit				0	0	0	0	0	0	[]	[]	[]	[]
ecoli50_r002463	no_hit				0	0	0	0	0	0	[]	[]	[]	[]
ecoli50_r002464	no_hit				0	0	0	0	0	0	[]	[]	[]	[]
ecoli50_r002465	no_hit				0	0	0	0	0	0	[]	[]	[]	[]
ecoli50_r002466	no_hit				0	0	0	0	0	0	[]	[]	[]	[]
ecoli50_r002467	no_hit				0	0	0	0	0	0	[]	[]	[]	[]
ecoli50_r002468	no_hit				0	0	0	0	0	0	[]	[]	[]	[]
ecoli50_r002469	no_hit				0	0	0	0	0	0	[]	[]	[]	[]
ecoli50_r002470	no_hit				0	0	0	0	0	0	[]	[]	[]	[]
ecoli50_r002471	no_hit				0	0	0	0	0	0	[]	[]	[]	[]
ecoli50_r002472	no_hit				0	0	0	0	0	0	[]	[]	[]	[]
ecoli50_r002473	no_hit				0	0	0	0	0	0	[]	[]	[]	[]
ecoli50_r002474	no_hit				0	0	0	0	0	0	[]	[]	[]	[]
ecoli50_r002475	no_hit				0	0	0	0	0	0	[]	[]	[]	[]
ecoli50_r002476	no_hit				0	0	0	0	0	0	[]	[]	[]	[]
ecoli50_r002477	no_hit				0	0	0	0	0	0	[]	[]	[]	[]
ecoli50_r002478	no_hit				0	0	0	0	0	0	[]	[]	[]	[]
ecoli50_r002479	no_hit				0	0	0	0	0	0	[]	[]	[]	[]
ecoli50_r002480	no_hit				0	0	0	0	0	0	[]	[]	[]	[]
ecoli50_r002481	no_hit				0	0	0	0	0	0	[]	[]	[]	[]
ecoli50_r002482	no_hit				0	0	0	0	0	0	[]	[]	[]	[]
ecoli50_r002483	no_hit				0	0	0	0	0	0	[]	[]	[]	[]
ecoli50_r002484	no_hit				0	0	0	0	0	0	[]	[]	[]	[]
ecoli50_r002485	no_hit				0	0	0	0	0	0	[]	[]	[]	[]
ecoli50_r002486	no_hit				0	0	0	0	0	0	[]	[]	[]	[]
ecoli50_r002487	no_hit				0	0	0	0	0	0	[]	[]	[]	[]
ecoli50_r002488	ambiguous_positive				2	0	2	0	2	0	"[""1034"",""2651""]"	[]	"[[6,""forward"",81,""1034""],[11,""forward"",81,""2651""]]"	[]
ecoli50_r002489	no_hit				0	0	0	0	0	0	[]	[]	[]	[]
ecoli50_r002490	no_hit				0	0	0	0	0	0	[]	[]	[]	[]
ecoli50_r002491	no_hit				0	0	0	0	0	0	[]	[]	[]	[]
ecoli50_r002492	no_hit				0	0	0	0	0	0	[]	[]	[]	[]
ecoli50_r002493	position_consistent_positive	9	forward	81	1	0	1	0	1	0	"[""2198""]"	[]	"[[9,""forward"",81,""2198""]]"	[]
ecoli50_r002494	no_hit				0	0	0	0	0	0	[]	[]	[]	[]
ecoli50_r002495	no_hit				0	0	0	0	0	0	[]	[]	[]	[]
ecoli50_r002496	no_hit				0	0	0	0	0	0	[]	[]	[]	[]
ecoli50_r002497	no_hit				0	0	0	0	0	0	[]	[]	[]	[]
ecoli50_r002498	no_hit				0	0	0	0	0	0	[]	[]	[]	[]
ecoli50_r002499	no_hit				0	0	0	0	0	0	[]	[]	[]	[]
ecoli50_r002500	no_hit				0	0	0	0	0	0	[]	[]	[]	[]
ecoli50_r002501	no_hit				0	0	0	0	0	0	[]	[]	[]	[]
ecoli50_r002502	no_hit				0	0	0	0	0	0	[]	[]	[]	[]
ecoli50_r002503	position_consistent_positive	10	forward	81	1	0	1	0	1	0	"[""2025""]"	[]	"[[10,""forward"",81,""2025""]]"	[]
ecoli50_r002504	no_hit				0	0	0	0	0	0	[]	[]	[]	[]
ecoli50_r002505	no_hit				0	0	0	0	0	0	[]	[]	[]	[]
ecoli50_r002506	no_hit				0	0	0	0	0	0	[]	[]	[]	[]
ecoli50_r002507	no_hit				0	0	0	0	0	0	[]	[]	[]	[]
ecoli50_r002508	no_hit				0	0	0	0	0	0	[]	[]	[]	[]
ecoli50_r002509	no_hit				0	0	0	0	0	0	[]	[]	[]	[]
ecoli50_r002510	position_consistent_positive	10	forward	81	1	0	1	0	1	0	"[""3268""]"	[]	"[[10,""forward"",81,""3268""]]"	[]
ecoli50_r002511	no_hit				0	0	0	0	0	0	[]	[]	[]	[]
ecoli50_r002512	no_hit				0	0	0	0	0	0	[]	[]	[]	[]
ecoli50_r002513	no_hit				0	0	0	0	0	0	[]	[]	[]	[]
ecoli50_r002514	no_hit				0	0	0	0	0	0	[]	[]	[]	[]
ecoli50_r002515	no_hit				0	0	0	0	0	0	[]	[]	[]	[]
ecoli50_r002516	no_hit				0	0	0	0	0	0	[]	[]	[]	[]
ecoli50_r002517	no_hit				0	0	0	0	0	0	[]	[]	[]	[]
ecoli50_r002518	no_hit				0	0	0	0	0	0	[]	[]	[]	[]
ecoli50_r002519	no_hit				0	0	0	0	0	0	[]	[]	[]	[]
ecoli50_r002520	no_hit				0	0	0	0	0	0	[]	[]	[]	[]
ecoli50_r002521	no_hit				0	0	0	0	0	0	[]	[]	[]	[]
ecoli50_r002522	no_hit				0	0	0	0	0	0	[]	[]	[]	[]
ecoli50_r002523	position_consistent_positive	18	forward	81	1	0	1	0	1	0	"[""3133""]"	[]	"[[18,""forward"",81,""3133""]]"	[]
ecoli50_r002524	no_hit				0	0	0	0	0	0	[]	[]	[]	[]
ecoli50_r002525	no_hit				0	0	0	0	0	0	[]	[]	[]	[]
ecoli50_r002526	no_hit				0	0	0	0	0	0	[]	[]	[]	[]
ecoli50_r002527	no_hit				0	0	0	0	0	0	[]	[]	[]	[]
ecoli50_r002528	no_hit				0	0	0	0	0	0	[]	[]	[]	[]
ecoli50_r002529	no_hit				0	0	0	0	0	0	[]	[]	[]	[]
ecoli50_r002530	no_hit				0	0	0	0	0	0	[]	[]	[]	[]
ecoli50_r002531	no_hit				0	0	0	0	0	0	[]	[]	[]	[]
ecoli50_r002532	no_hit				0	0	0	0	0	0	[]	[]	[]	[]
ecoli50_r002533	no_hit				0	0	0	0	0	0	[]	[]	[]	[]
ecoli50_r002534	no_hit				0	0	0	0	0	0	[]	[]	[]	[]
ecoli50_r002535	no_hit				0	0	0	0	0	0	[]	[]	[]	[]
ecoli50_r002536	position_consistent_positive	12	forward	81	1	0	1	0	1	0	"[""2521""]"	[]	"[[12,""forward"",81,""2521""]]"	[]
ecoli50_r002537	no_hit				0	0	0	0	0	0	[]	[]	[]	[]
ecoli50_r002538	no_hit				0	0	0	0	0	0	[]	[]	[]	[]
ecoli50_r002539	no_hit				0	0	0	0	0	0	[]	[]	[]	[]
ecoli50_r002540	no_hit				0	0	0	0	0	0	[]	[]	[]	[]
ecoli50_r002541	no_hit				0	0	0	0	0	0	[]	[]	[]	[]
ecoli50_r002542	no_hit				0	0	0	0	0	0	[]	[]	[]	[]
ecoli50_r002543	no_hit				0	0	0	0	0	0	[]	[]	[]	[]
ecoli50_r002544	no_hit				0	0	0	0	0	0	[]	[]	[]	[]
ecoli50_r002545	no_hit				0	0	0	0	0	0	[]	[]	[]	[]
ecoli50_r002546	no_hit				0	0	0	0	0	0	[]	[]	[]	[]
ecoli50_r002547	no_hit				0	0	0	0	0	0	[]	[]	[]	[]
ecoli50_r002548	no_hit				0	0	0	0	0	0	[]	[]	[]	[]
ecoli50_r002549	no_hit				0	0	0	0	0	0	[]	[]	[]	[]
ecoli50_r002550	no_hit				0	0	0	0	0	0	[]	[]	[]	[]
ecoli50_r002551	no_hit				0	0	0	0	0	0	[]	[]	[]	[]
ecoli50_r002552	no_hit				0	0	0	0	0	0	[]	[]	[]	[]
ecoli50_r002553	no_hit				0	0	0	0	0	0	[]	[]	[]	[]
ecoli50_r002554	no_hit				0	0	0	0	0	0	[]	[]	[]	[]
ecoli50_r002555	no_hit				0	0	0	0	0	0	[]	[]	[]	[]
ecoli50_r002556	no_hit				0	0	0	0	0	0	[]	[]	[]	[]
ecoli50_r002557	no_hit				0	0	0	0	0	0	[]	[]	[]	[]
ecoli50_r002558	no_hit				0	0	0	0	0	0	[]	[]	[]	[]
ecoli50_r002559	no_hit				0	0	0	0	0	0	[]	[]	[]	[]
ecoli50_r002560	no_hit				0	0	0	0	0	0	[]	[]	[]	[]
ecoli50_r002561	no_hit				0	0	0	0	0	0	[]	[]	[]	[]
ecoli50_r002562	no_hit				0	0	0	0	0	0	[]	[]	[]	[]
ecoli50_r002563	no_hit				0	0	0	0	0	0	[]	[]	[]	[]
ecoli50_r002564	no_hit				0	0	0	0	0	0	[]	[]	[]	[]
ecoli50_r002565	no_hit				0	0	0	0	0	0	[]	[]	[]	[]
ecoli50_r002566	no_hit				0	0	0	0	0	0	[]	[]	[]	[]
ecoli50_r002567	no_hit				0	0	0	0	0	0	[]	[]	[]	[]
ecoli50_r002568	no_hit				0	0	0	0	0	0	[]	[]	[]	[]
ecoli50_r002569	no_hit				0	0	0	0	0	0	[]	[]	[]	[]
ecoli50_r002570	no_hit				0	0	0	0	0	0	[]	[]	[]	[]
ecoli50_r002571	position_consistent_positive	3	forward	81	1	0	1	0	1	0	"[""1609""]"	[]	"[[3,""forward"",81,""1609""]]"	[]
ecoli50_r002572	no_hit				0	0	0	0	0	0	[]	[]	[]	[]
ecoli50_r002573	no_hit				0	0	0	0	0	0	[]	[]	[]	[]
ecoli50_r002574	no_hit				0	0	0	0	0	0	[]	[]	[]	[]
ecoli50_r002575	ambiguous_positive				2	0	2	0	2	0	"[""1581"",""23""]"	[]	"[[13,""forward"",81,""23""],[22,""forward"",81,""1581""]]"	[]
ecoli50_r002576	no_hit				0	0	0	0	0	0	[]	[]	[]	[]
ecoli50_r002577	no_hit				0	0	0	0	0	0	[]	[]	[]	[]
ecoli50_r002578	no_hit				0	0	0	0	0	0	[]	[]	[]	[]
ecoli50_r002579	position_consistent_positive	13	forward	81	1	0	1	0	1	0	"[""1929""]"	[]	"[[13,""forward"",81,""1929""]]"	[]
ecoli50_r002580	position_consistent_positive	10	forward	81	1	0	1	0	1	0	"[""2081""]"	[]	"[[10,""forward"",81,""2081""]]"	[]
ecoli50_r002581	no_hit				0	0	0	0	0	0	[]	[]	[]	[]
ecoli50_r002582	position_consistent_positive	30	forward	81	1	0	1	0	1	0	"[""1420""]"	[]	"[[30,""forward"",81,""1420""]]"	[]
ecoli50_r002583	position_consistent_positive	21	forward	81	1	0	1	0	1	0	"[""1420""]"	[]	"[[21,""forward"",81,""1420""]]"	[]
ecoli50_r002584	no_hit				0	0	0	0	0	0	[]	[]	[]	[]
ecoli50_r002585	no_hit				0	0	0	0	0	0	[]	[]	[]	[]
ecoli50_r002586	no_hit				0	0	0	0	0	0	[]	[]	[]	[]
ecoli50_r002587	no_hit				0	0	0	0	0	0	[]	[]	[]	[]
ecoli50_r002588	no_hit				0	0	0	0	0	0	[]	[]	[]	[]
ecoli50_r002589	no_hit				0	0	0	0	0	0	[]	[]	[]	[]
ecoli50_r002590	no_hit				0	0	0	0	0	0	[]	[]	[]	[]
ecoli50_r002591	no_hit				0	0	0	0	0	0	[]	[]	[]	[]
ecoli50_r002592	no_hit				0	0	0	0	0	0	[]	[]	[]	[]
ecoli50_r002593	no_hit				0	0	0	0	0	0	[]	[]	[]	[]
ecoli50_r002594	no_hit				0	0	0	0	0	0	[]	[]	[]	[]
ecoli50_r002595	no_hit				0	0	0	0	0	0	[]	[]	[]	[]
ecoli50_r002596	no_hit				0	0	0	0	0	0	[]	[]	[]	[]
ecoli50_r002597	no_hit				0	0	0	0	0	0	[]	[]	[]	[]
ecoli50_r002598	position_consistent_positive	2	reverse	81	1	0	1	0	1	0	"[""3036""]"	[]	"[[2,""reverse"",81,""3036""]]"	[]
ecoli50_r002599	no_hit				0	0	0	0	0	0	[]	[]	[]	[]
ecoli50_r002600	no_hit				0	0	0	0	0	0	[]	[]	[]	[]
ecoli50_r002601	no_hit				0	0	0	0	0	0	[]	[]	[]	[]
ecoli50_r002602	no_hit				0	0	0	0	0	0	[]	[]	[]	[]
ecoli50_r002603	no_hit				0	0	0	0	0	0	[]	[]	[]	[]
ecoli50_r002604	no_hit				0	0	0	0	0	0	[]	[]	[]	[]
ecoli50_r002605	no_hit				0	0	0	0	0	0	[]	[]	[]	[]
ecoli50_r002606	no_hit				0	0	0	0	0	0	[]	[]	[]	[]
ecoli50_r002607	no_hit				0	0	0	0	0	0	[]	[]	[]	[]
ecoli50_r002608	no_hit				0	0	0	0	0	0	[]	[]	[]	[]
ecoli50_r002609	no_hit				0	0	0	0	0	0	[]	[]	[]	[]
ecoli50_r002610	no_hit				0	0	0	0	0	0	[]	[]	[]	[]
ecoli50_r002611	no_hit				0	0	0	0	0	0	[]	[]	[]	[]
ecoli50_r002612	no_hit				0	0	0	0	0	0	[]	[]	[]	[]
ecoli50_r002613	ambiguous_positive				2	0	2	0	2	0	"[""2852"",""768""]"	[]	"[[3,""forward"",81,""2852""],[11,""forward"",81,""768""]]"	[]
ecoli50_r002614	position_consistent_positive	7	forward	81	1	0	1	0	1	0	"[""768""]"	[]	"[[7,""forward"",81,""768""]]"	[]
ecoli50_r002615	no_hit				0	0	0	0	0	0	[]	[]	[]	[]
ecoli50_r002616	no_hit				0	0	0	0	0	0	[]	[]	[]	[]
ecoli50_r002617	no_hit				0	0	0	0	0	0	[]	[]	[]	[]
ecoli50_r002618	position_consistent_positive	11	forward	81	1	0	1	0	1	0	"[""1716""]"	[]	"[[11,""forward"",81,""1716""]]"	[]
ecoli50_r002619	no_hit				0	0	0	0	0	0	[]	[]	[]	[]
ecoli50_r002620	no_hit				0	0	0	0	0	0	[]	[]	[]	[]
ecoli50_r002621	no_hit				0	0	0	0	0	0	[]	[]	[]	[]
ecoli50_r002622	no_hit				0	0	0	0	0	0	[]	[]	[]	[]
ecoli50_r002623	no_hit				0	0	0	0	0	0	[]	[]	[]	[]
ecoli50_r002624	no_hit				0	0	0	0	0	0	[]	[]	[]	[]
ecoli50_r002625	no_hit				0	0	0	0	0	0	[]	[]	[]	[]
ecoli50_r002626	no_hit				0	0	0	0	0	0	[]	[]	[]	[]
ecoli50_r002627	no_hit				0	0	0	0	0	0	[]	[]	[]	[]
ecoli50_r002628	no_hit				0	0	0	0	0	0	[]	[]	[]	[]
ecoli50_r002629	no_hit				0	0	0	0	0	0	[]	[]	[]	[]
ecoli50_r002630	no_hit				0	0	0	0	0	0	[]	[]	[]	[]
ecoli50_r002631	no_hit				0	0	0	0	0	0	[]	[]	[]	[]
ecoli50_r002632	no_hit				0	0	0	0	0	0	[]	[]	[]	[]
ecoli50_r002633	no_hit				0	0	0	0	0	0	[]	[]	[]	[]
ecoli50_r002634	no_hit				0	0	0	0	0	0	[]	[]	[]	[]
ecoli50_r002635	no_hit				0	0	0	0	0	0	[]	[]	[]	[]
ecoli50_r002636	no_hit				0	0	0	0	0	0	[]	[]	[]	[]
ecoli50_r002637	no_hit				0	0	0	0	0	0	[]	[]	[]	[]
ecoli50_r002638	no_hit				0	0	0	0	0	0	[]	[]	[]	[]
ecoli50_r002639	no_hit				0	0	0	0	0	0	[]	[]	[]	[]
ecoli50_r002640	no_hit				0	0	0	0	0	0	[]	[]	[]	[]
ecoli50_r002641	no_hit				0	0	0	0	0	0	[]	[]	[]	[]
ecoli50_r002642	no_hit				0	0	0	0	0	0	[]	[]	[]	[]
ecoli50_r002643	no_hit				0	0	0	0	0	0	[]	[]	[]	[]
ecoli50_r002644	no_hit				0	0	0	0	0	0	[]	[]	[]	[]
ecoli50_r002645	no_hit				0	0	0	0	0	0	[]	[]	[]	[]
ecoli50_r002646	no_hit				0	0	0	0	0	0	[]	[]	[]	[]
ecoli50_r002647	no_hit				0	0	0	0	0	0	[]	[]	[]	[]
ecoli50_r002648	no_hit				0	0	0	0	0	0	[]	[]	[]	[]
ecoli50_r002649	no_hit				0	0	0	0	0	0	[]	[]	[]	[]
ecoli50_r002650	no_hit				0	0	0	0	0	0	[]	[]	[]	[]
ecoli50_r002651	no_hit				0	0	0	0	0	0	[]	[]	[]	[]
ecoli50_r002652	no_hit				0	0	0	0	0	0	[]	[]	[]	[]
ecoli50_r002653	position_consistent_positive	12	forward	81	1	0	1	0	1	0	"[""962""]"	[]	"[[12,""forward"",81,""962""]]"	[]
ecoli50_r002654	position_consistent_positive	0	forward	81	1	0	1	0	1	0	"[""962""]"	[]	"[[0,""forward"",81,""962""]]"	[]
ecoli50_r002655	no_hit				0	0	0	0	0	0	[]	[]	[]	[]
ecoli50_r002656	position_consistent_positive	10	forward	81	1	0	1	0	1	0	"[""3253""]"	[]	"[[10,""forward"",81,""3253""]]"	[]
ecoli50_r002657	no_hit				0	0	0	0	0	0	[]	[]	[]	[]
ecoli50_r002658	no_hit				0	0	0	0	0	0	[]	[]	[]	[]
ecoli50_r002659	no_hit				0	0	0	0	0	0	[]	[]	[]	[]
ecoli50_r002660	no_hit				0	0	0	0	0	0	[]	[]	[]	[]
ecoli50_r002661	no_hit				0	0	0	0	0	0	[]	[]	[]	[]
ecoli50_r002662	no_hit				0	0	0	0	0	0	[]	[]	[]	[]
ecoli50_r002663	no_hit				0	0	0	0	0	0	[]	[]	[]	[]
ecoli50_r002664	position_consistent_positive	11	forward	81	1	0	1	0	1	0	"[""160""]"	[]	"[[11,""forward"",81,""160""]]"	[]
ecoli50_r002665	no_hit				0	0	0	0	0	0	[]	[]	[]	[]
ecoli50_r002666	no_hit				0	0	0	0	0	0	[]	[]	[]	[]
ecoli50_r002667	no_hit				0	0	0	0	0	0	[]	[]	[]	[]
ecoli50_r002668	no_hit				0	0	0	0	0	0	[]	[]	[]	[]
ecoli50_r002669	no_hit				0	0	0	0	0	0	[]	[]	[]	[]
ecoli50_r002670	no_hit				0	0	0	0	0	0	[]	[]	[]	[]
ecoli50_r002671	no_hit				0	0	0	0	0	0	[]	[]	[]	[]
ecoli50_r002672	no_hit				0	0	0	0	0	0	[]	[]	[]	[]
ecoli50_r002673	no_hit				0	0	0	0	0	0	[]	[]	[]	[]
ecoli50_r002674	no_hit				0	0	0	0	0	0	[]	[]	[]	[]
ecoli50_r002675	no_hit				0	0	0	0	0	0	[]	[]	[]	[]
ecoli50_r002676	no_hit				0	0	0	0	0	0	[]	[]	[]	[]
ecoli50_r002677	no_hit				0	0	0	0	0	0	[]	[]	[]	[]
ecoli50_r002678	no_hit				0	0	0	0	0	0	[]	[]	[]	[]
ecoli50_r002679	no_hit				0	0	0	0	0	0	[]	[]	[]	[]
ecoli50_r002680	no_hit				0	0	0	0	0	0	[]	[]	[]	[]
ecoli50_r002681	no_hit				0	0	0	0	0	0	[]	[]	[]	[]
ecoli50_r002682	no_hit				0	0	0	0	0	0	[]	[]	[]	[]
ecoli50_r002683	no_hit				0	0	0	0	0	0	[]	[]	[]	[]
ecoli50_r002684	no_hit				0	0	0	0	0	0	[]	[]	[]	[]
ecoli50_r002685	no_hit				0	0	0	0	0	0	[]	[]	[]	[]
ecoli50_r002686	no_hit				0	0	0	0	0	0	[]	[]	[]	[]
ecoli50_r002687	no_hit				0	0	0	0	0	0	[]	[]	[]	[]
ecoli50_r002688	position_consistent_positive	10	forward	81	1	0	1	0	1	0	"[""2926""]"	[]	"[[10,""forward"",81,""2926""]]"	[]
ecoli50_r002689	no_hit				0	0	0	0	0	0	[]	[]	[]	[]
ecoli50_r002690	no_hit				0	0	0	0	0	0	[]	[]	[]	[]
ecoli50_r002691	no_hit				0	0	0	0	0	0	[]	[]	[]	[]
ecoli50_r002692	no_hit				0	0	0	0	0	0	[]	[]	[]	[]
ecoli50_r002693	no_hit				0	0	0	0	0	0	[]	[]	[]	[]
ecoli50_r002694	no_hit				0	0	0	0	0	0	[]	[]	[]	[]
ecoli50_r002695	no_hit				0	0	0	0	0	0	[]	[]	[]	[]
ecoli50_r002696	no_hit				0	0	0	0	0	0	[]	[]	[]	[]
ecoli50_r002697	no_hit				0	0	0	0	0	0	[]	[]	[]	[]
ecoli50_r002698	no_hit				0	0	0	0	0	0	[]	[]	[]	[]
ecoli50_r002699	no_hit				0	0	0	0	0	0	[]	[]	[]	[]
ecoli50_r002700	no_hit				0	0	0	0	0	0	[]	[]	[]	[]
ecoli50_r002701	no_hit				0	0	0	0	0	0	[]	[]	[]	[]
ecoli50_r002702	no_hit				0	0	0	0	0	0	[]	[]	[]	[]
ecoli50_r002703	no_hit				0	0	0	0	0	0	[]	[]	[]	[]
ecoli50_r002704	no_hit				0	0	0	0	0	0	[]	[]	[]	[]
ecoli50_r002705	no_hit				0	0	0	0	0	0	[]	[]	[]	[]
ecoli50_r002706	no_hit				0	0	0	0	0	0	[]	[]	[]	[]
ecoli50_r002707	no_hit				0	0	0	0	0	0	[]	[]	[]	[]
ecoli50_r002708	no_hit				0	0	0	0	0	0	[]	[]	[]	[]
ecoli50_r002709	no_hit				0	0	0	0	0	0	[]	[]	[]	[]
ecoli50_r002710	no_hit				0	0	0	0	0	0	[]	[]	[]	[]
ecoli50_r002711	no_hit				0	0	0	0	0	0	[]	[]	[]	[]
ecoli50_r002712	no_hit				0	0	0	0	0	0	[]	[]	[]	[]
ecoli50_r002713	no_hit				0	0	0	0	0	0	[]	[]	[]	[]
ecoli50_r002714	no_hit				0	0	0	0	0	0	[]	[]	[]	[]
ecoli50_r002715	position_consistent_positive	22	reverse	81	1	0	1	0	1	0	"[""3216""]"	[]	"[[22,""reverse"",81,""3216""]]"	[]
ecoli50_r002716	no_hit				0	0	0	0	0	0	[]	[]	[]	[]
ecoli50_r002717	no_hit				0	0	0	0	0	0	[]	[]	[]	[]
ecoli50_r002718	no_hit				0	0	0	0	0	0	[]	[]	[]	[]
ecoli50_r002719	no_hit				0	0	0	0	0	0	[]	[]	[]	[]
ecoli50_r002720	no_hit				0	0	0	0	0	0	[]	[]	[]	[]
ecoli50_r002721	no_hit				0	0	0	0	0	0	[]	[]	[]	[]
ecoli50_r002722	no_hit				0	0	0	0	0	0	[]	[]	[]	[]
ecoli50_r002723	no_hit				0	0	0	0	0	0	[]	[]	[]	[]
ecoli50_r002724	no_hit				0	0	0	0	0	0	[]	[]	[]	[]
ecoli50_r002725	no_hit				0	0	0	0	0	0	[]	[]	[]	[]
ecoli50_r002726	no_hit				0	0	0	0	0	0	[]	[]	[]	[]
ecoli50_r002727	no_hit				0	0	0	0	0	0	[]	[]	[]	[]
ecoli50_r002728	no_hit				0	0	0	0	0	0	[]	[]	[]	[]
ecoli50_r002729	no_hit				0	0	0	0	0	0	[]	[]	[]	[]
ecoli50_r002730	no_hit				0	0	0	0	0	0	[]	[]	[]	[]
ecoli50_r002731	no_hit				0	0	0	0	0	0	[]	[]	[]	[]
ecoli50_r002732	no_hit				0	0	0	0	0	0	[]	[]	[]	[]
ecoli50_r002733	no_hit				0	0	0	0	0	0	[]	[]	[]	[]
ecoli50_r002734	no_hit				0	0	0	0	0	0	[]	[]	[]	[]
ecoli50_r002735	no_hit				0	0	0	0	0	0	[]	[]	[]	[]
ecoli50_r002736	no_hit				0	0	0	0	0	0	[]	[]	[]	[]
ecoli50_r002737	no_hit				0	0	0	0	0	0	[]	[]	[]	[]
ecoli50_r002738	position_consistent_positive	12	forward	81	1	0	1	0	1	0	"[""2056""]"	[]	"[[12,""forward"",81,""2056""]]"	[]
ecoli50_r002739	no_hit				0	0	0	0	0	0	[]	[]	[]	[]
ecoli50_r002740	no_hit				0	0	0	0	0	0	[]	[]	[]	[]
ecoli50_r002741	no_hit				0	0	0	0	0	0	[]	[]	[]	[]
ecoli50_r002742	no_hit				0	0	0	0	0	0	[]	[]	[]	[]
ecoli50_r002743	no_hit				0	0	0	0	0	0	[]	[]	[]	[]
ecoli50_r002744	no_hit				0	0	0	0	0	0	[]	[]	[]	[]
ecoli50_r002745	no_hit				0	0	0	0	0	0	[]	[]	[]	[]
ecoli50_r002746	no_hit				0	0	0	0	0	0	[]	[]	[]	[]
ecoli50_r002747	no_hit				0	0	0	0	0	0	[]	[]	[]	[]
ecoli50_r002748	no_hit				0	0	0	0	0	0	[]	[]	[]	[]
ecoli50_r002749	no_hit				0	0	0	0	0	0	[]	[]	[]	[]
ecoli50_r002750	no_hit				0	0	0	0	0	0	[]	[]	[]	[]
ecoli50_r002751	position_consistent_positive	12	forward	81	1	0	1	0	1	0	"[""1892""]"	[]	"[[12,""forward"",81,""1892""]]"	[]
ecoli50_r002752	no_hit				0	0	0	0	0	0	[]	[]	[]	[]
ecoli50_r002753	position_consistent_positive	11	forward	81	1	0	1	0	1	0	"[""2962""]"	[]	"[[11,""forward"",81,""2962""]]"	[]
ecoli50_r002754	no_hit				0	0	0	0	0	0	[]	[]	[]	[]
ecoli50_r002755	no_hit				0	0	0	0	0	0	[]	[]	[]	[]
ecoli50_r002756	no_hit				0	0	0	0	0	0	[]	[]	[]	[]
ecoli50_r002757	no_hit				0	0	0	0	0	0	[]	[]	[]	[]
ecoli50_r002758	no_hit				0	0	0	0	0	0	[]	[]	[]	[]
ecoli50_r002759	no_hit				0	0	0	0	0	0	[]	[]	[]	[]
ecoli50_r002760	no_hit				0	0	0	0	0	0	[]	[]	[]	[]
ecoli50_r002761	negative_only				0	1	0	1	0	1	[]	"[""2801""]"	[]	"[[20,""reverse"",81,""2801""]]"
ecoli50_r002762	no_hit				0	0	0	0	0	0	[]	[]	[]	[]
ecoli50_r002763	no_hit				0	0	0	0	0	0	[]	[]	[]	[]
ecoli50_r002764	no_hit				0	0	0	0	0	0	[]	[]	[]	[]
ecoli50_r002765	no_hit				0	0	0	0	0	0	[]	[]	[]	[]
ecoli50_r002766	no_hit				0	0	0	0	0	0	[]	[]	[]	[]
ecoli50_r002767	no_hit				0	0	0	0	0	0	[]	[]	[]	[]
ecoli50_r002768	no_hit				0	0	0	0	0	0	[]	[]	[]	[]
ecoli50_r002769	no_hit				0	0	0	0	0	0	[]	[]	[]	[]
ecoli50_r002770	no_hit				0	0	0	0	0	0	[]	[]	[]	[]
ecoli50_r002771	no_hit				0	0	0	0	0	0	[]	[]	[]	[]
ecoli50_r002772	position_consistent_positive	12	forward	81	1	0	1	0	1	0	"[""3137""]"	[]	"[[12,""forward"",81,""3137""]]"	[]
ecoli50_r002773	no_hit				0	0	0	0	0	0	[]	[]	[]	[]
ecoli50_r002774	no_hit				0	0	0	0	0	0	[]	[]	[]	[]
ecoli50_r002775	no_hit				0	0	0	0	0	0	[]	[]	[]	[]
ecoli50_r002776	no_hit				0	0	0	0	0	0	[]	[]	[]	[]
ecoli50_r002777	no_hit				0	0	0	0	0	0	[]	[]	[]	[]
ecoli50_r002778	no_hit				0	0	0	0	0	0	[]	[]	[]	[]
ecoli50_r002779	no_hit				0	0	0	0	0	0	[]	[]	[]	[]
ecoli50_r002780	no_hit				0	0	0	0	0	0	[]	[]	[]	[]
ecoli50_r002781	no_hit				0	0	0	0	0	0	[]	[]	[]	[]
ecoli50_r002782	no_hit				0	0	0	0	0	0	[]	[]	[]	[]
ecoli50_r002783	no_hit				0	0	0	0	0	0	[]	[]	[]	[]
ecoli50_r002784	no_hit				0	0	0	0	0	0	[]	[]	[]	[]
ecoli50_r002785	no_hit				0	0	0	0	0	0	[]	[]	[]	[]
ecoli50_r002786	no_hit				0	0	0	0	0	0	[]	[]	[]	[]
ecoli50_r002787	no_hit				0	0	0	0	0	0	[]	[]	[]	[]
ecoli50_r002788	no_hit				0	0	0	0	0	0	[]	[]	[]	[]
ecoli50_r002789	no_hit				0	0	0	0	0	0	[]	[]	[]	[]
ecoli50_r002790	position_consistent_positive	10	forward	81	1	0	1	0	1	0	"[""2245""]"	[]	"[[10,""forward"",81,""2245""]]"	[]
ecoli50_r002791	no_hit				0	0	0	0	0	0	[]	[]	[]	[]
ecoli50_r002792	no_hit				0	0	0	0	0	0	[]	[]	[]	[]
ecoli50_r002793	no_hit				0	0	0	0	0	0	[]	[]	[]	[]
ecoli50_r002794	no_hit				0	0	0	0	0	0	[]	[]	[]	[]
ecoli50_r002795	no_hit				0	0	0	0	0	0	[]	[]	[]	[]
ecoli50_r002796	no_hit				0	0	0	0	0	0	[]	[]	[]	[]
ecoli50_r002797	no_hit				0	0	0	0	0	0	[]	[]	[]	[]
ecoli50_r002798	no_hit				0	0	0	0	0	0	[]	[]	[]	[]
ecoli50_r002799	no_hit				0	0	0	0	0	0	[]	[]	[]	[]
ecoli50_r002800	no_hit				0	0	0	0	0	0	[]	[]	[]	[]
ecoli50_r002801	no_hit				0	0	0	0	0	0	[]	[]	[]	[]
ecoli50_r002802	no_hit				0	0	0	0	0	0	[]	[]	[]	[]
ecoli50_r002803	no_hit				0	0	0	0	0	0	[]	[]	[]	[]
ecoli50_r002804	no_hit				0	0	0	0	0	0	[]	[]	[]	[]
ecoli50_r002805	no_hit				0	0	0	0	0	0	[]	[]	[]	[]
ecoli50_r002806	no_hit				0	0	0	0	0	0	[]	[]	[]	[]
ecoli50_r002807	no_hit				0	0	0	0	0	0	[]	[]	[]	[]
ecoli50_r002808	no_hit				0	0	0	0	0	0	[]	[]	[]	[]
ecoli50_r002809	no_hit				0	0	0	0	0	0	[]	[]	[]	[]
ecoli50_r002810	no_hit				0	0	0	0	0	0	[]	[]	[]	[]
ecoli50_r002811	no_hit				0	0	0	0	0	0	[]	[]	[]	[]
ecoli50_r002812	no_hit				0	0	0	0	0	0	[]	[]	[]	[]
ecoli50_r002813	no_hit				0	0	0	0	0	0	[]	[]	[]	[]
ecoli50_r002814	no_hit				0	0	0	0	0	0	[]	[]	[]	[]
ecoli50_r002815	no_hit				0	0	0	0	0	0	[]	[]	[]	[]
ecoli50_r002816	no_hit				0	0	0	0	0	0	[]	[]	[]	[]
ecoli50_r002817	no_hit				0	0	0	0	0	0	[]	[]	[]	[]
ecoli50_r002818	no_hit				0	0	0	0	0	0	[]	[]	[]	[]
ecoli50_r002819	no_hit				0	0	0	0	0	0	[]	[]	[]	[]
ecoli50_r002820	no_hit				0	0	0	0	0	0	[]	[]	[]	[]
ecoli50_r002821	no_hit				0	0	0	0	0	0	[]	[]	[]	[]
ecoli50_r002822	no_hit				0	0	0	0	0	0	[]	[]	[]	[]
ecoli50_r002823	no_hit				0	0	0	0	0	0	[]	[]	[]	[]
ecoli50_r002824	no_hit				0	0	0	0	0	0	[]	[]	[]	[]
ecoli50_r002825	no_hit				0	0	0	0	0	0	[]	[]	[]	[]
ecoli50_r002826	no_hit				0	0	0	0	0	0	[]	[]	[]	[]
ecoli50_r002827	no_hit				0	0	0	0	0	0	[]	[]	[]	[]
ecoli50_r002828	no_hit				0	0	0	0	0	0	[]	[]	[]	[]
ecoli50_r002829	no_hit				0	0	0	0	0	0	[]	[]	[]	[]
ecoli50_r002830	no_hit				0	0	0	0	0	0	[]	[]	[]	[]
ecoli50_r002831	no_hit				0	0	0	0	0	0	[]	[]	[]	[]
ecoli50_r002832	no_hit				0	0	0	0	0	0	[]	[]	[]	[]
ecoli50_r002833	no_hit				0	0	0	0	0	0	[]	[]	[]	[]
ecoli50_r002834	position_consistent_positive	10	forward	81	1	0	1	0	1	0	"[""518""]"	[]	"[[10,""forward"",81,""518""]]"	[]
ecoli50_r002835	no_hit				0	0	0	0	0	0	[]	[]	[]	[]
ecoli50_r002836	no_hit				0	0	0	0	0	0	[]	[]	[]	[]
ecoli50_r002837	no_hit				0	0	0	0	0	0	[]	[]	[]	[]
ecoli50_r002838	no_hit				0	0	0	0	0	0	[]	[]	[]	[]
ecoli50_r002839	no_hit				0	0	0	0	0	0	[]	[]	[]	[]
ecoli50_r002840	no_hit				0	0	0	0	0	0	[]	[]	[]	[]
ecoli50_r002841	position_consistent_positive	11	forward	81	1	0	1	0	1	0	"[""637""]"	[]	"[[11,""forward"",81,""637""]]"	[]
ecoli50_r002842	no_hit				0	0	0	0	0	0	[]	[]	[]	[]
ecoli50_r002843	position_consistent_positive	11	forward	81	1	0	1	0	1	0	"[""3066""]"	[]	"[[11,""forward"",81,""3066""]]"	[]
ecoli50_r002844	no_hit				0	0	0	0	0	0	[]	[]	[]	[]
ecoli50_r002845	no_hit				0	0	0	0	0	0	[]	[]	[]	[]
ecoli50_r002846	no_hit				0	0	0	0	0	0	[]	[]	[]	[]
ecoli50_r002847	no_hit				0	0	0	0	0	0	[]	[]	[]	[]
ecoli50_r002848	no_hit				0	0	0	0	0	0	[]	[]	[]	[]
ecoli50_r002849	no_hit				0	0	0	0	0	0	[]	[]	[]	[]
ecoli50_r002850	no_hit				0	0	0	0	0	0	[]	[]	[]	[]
ecoli50_r002851	ambiguous_positive				2	0	2	0	2	0	"[""1261"",""69""]"	[]	"[[10,""forward"",81,""69""],[12,""forward"",81,""1261""]]"	[]
ecoli50_r002852	no_hit				0	0	0	0	0	0	[]	[]	[]	[]
ecoli50_r002853	no_hit				0	0	0	0	0	0	[]	[]	[]	[]
ecoli50_r002854	no_hit				0	0	0	0	0	0	[]	[]	[]	[]
ecoli50_r002855	no_hit				0	0	0	0	0	0	[]	[]	[]	[]
ecoli50_r002856	no_hit				0	0	0	0	0	0	[]	[]	[]	[]
ecoli50_r002857	no_hit				0	0	0	0	0	0	[]	[]	[]	[]
ecoli50_r002858	no_hit				0	0	0	0	0	0	[]	[]	[]	[]
ecoli50_r002859	no_hit				0	0	0	0	0	0	[]	[]	[]	[]
ecoli50_r002860	position_consistent_positive	10	forward	81	1	0	1	0	1	0	"[""2982""]"	[]	"[[10,""forward"",81,""2982""]]"	[]
ecoli50_r002861	no_hit				0	0	0	0	0	0	[]	[]	[]	[]
ecoli50_r002862	position_consistent_positive	14	reverse	81	1	0	1	0	1	0	"[""2982""]"	[]	"[[14,""reverse"",81,""2982""]]"	[]
ecoli50_r002863	no_hit				0	0	0	0	0	0	[]	[]	[]	[]
ecoli50_r002864	no_hit				0	0	0	0	0	0	[]	[]	[]	[]
ecoli50_r002865	no_hit				0	0	0	0	0	0	[]	[]	[]	[]
ecoli50_r002866	no_hit				0	0	0	0	0	0	[]	[]	[]	[]
ecoli50_r002867	no_hit				0	0	0	0	0	0	[]	[]	[]	[]
ecoli50_r002868	no_hit				0	0	0	0	0	0	[]	[]	[]	[]
ecoli50_r002869	no_hit				0	0	0	0	0	0	[]	[]	[]	[]
ecoli50_r002870	no_hit				0	0	0	0	0	0	[]	[]	[]	[]
ecoli50_r002871	no_hit				0	0	0	0	0	0	[]	[]	[]	[]
ecoli50_r002872	no_hit				0	0	0	0	0	0	[]	[]	[]	[]
ecoli50_r002873	no_hit				0	0	0	0	0	0	[]	[]	[]	[]
ecoli50_r002874	no_hit				0	0	0	0	0	0	[]	[]	[]	[]
ecoli50_r002875	position_consistent_positive	22	forward	81	1	0	1	0	1	0	"[""39""]"	[]	"[[22,""forward"",81,""39""]]"	[]
ecoli50_r002876	no_hit				0	0	0	0	0	0	[]	[]	[]	[]
ecoli50_r002877	no_hit				0	0	0	0	0	0	[]	[]	[]	[]
ecoli50_r002878	no_hit				0	0	0	0	0	0	[]	[]	[]	[]
ecoli50_r002879	no_hit				0	0	0	0	0	0	[]	[]	[]	[]
ecoli50_r002880	no_hit				0	0	0	0	0	0	[]	[]	[]	[]
ecoli50_r002881	no_hit				0	0	0	0	0	0	[]	[]	[]	[]
ecoli50_r002882	no_hit				0	0	0	0	0	0	[]	[]	[]	[]
ecoli50_r002883	no_hit				0	0	0	0	0	0	[]	[]	[]	[]
ecoli50_r002884	position_consistent_positive	10	forward	81	1	0	1	0	1	0	"[""907""]"	[]	"[[10,""forward"",81,""907""]]"	[]
ecoli50_r002885	no_hit				0	0	0	0	0	0	[]	[]	[]	[]
ecoli50_r002886	no_hit				0	0	0	0	0	0	[]	[]	[]	[]
ecoli50_r002887	no_hit				0	0	0	0	0	0	[]	[]	[]	[]
ecoli50_r002888	no_hit				0	0	0	0	0	0	[]	[]	[]	[]
ecoli50_r002889	no_hit				0	0	0	0	0	0	[]	[]	[]	[]
ecoli50_r002890	no_hit				0	0	0	0	0	0	[]	[]	[]	[]
ecoli50_r002891	no_hit				0	0	0	0	0	0	[]	[]	[]	[]
ecoli50_r002892	no_hit				0	0	0	0	0	0	[]	[]	[]	[]
ecoli50_r002893	no_hit				0	0	0	0	0	0	[]	[]	[]	[]
ecoli50_r002894	no_hit				0	0	0	0	0	0	[]	[]	[]	[]
ecoli50_r002895	no_hit				0	0	0	0	0	0	[]	[]	[]	[]
ecoli50_r002896	no_hit				0	0	0	0	0	0	[]	[]	[]	[]
ecoli50_r002897	no_hit				0	0	0	0	0	0	[]	[]	[]	[]
ecoli50_r002898	no_hit				0	0	0	0	0	0	[]	[]	[]	[]
ecoli50_r002899	no_hit				0	0	0	0	0	0	[]	[]	[]	[]
ecoli50_r002900	no_hit				0	0	0	0	0	0	[]	[]	[]	[]
ecoli50_r002901	no_hit				0	0	0	0	0	0	[]	[]	[]	[]
ecoli50_r002902	no_hit				0	0	0	0	0	0	[]	[]	[]	[]
ecoli50_r002903	no_hit				0	0	0	0	0	0	[]	[]	[]	[]
ecoli50_r002904	no_hit				0	0	0	0	0	0	[]	[]	[]	[]
ecoli50_r002905	no_hit				0	0	0	0	0	0	[]	[]	[]	[]
ecoli50_r002906	no_hit				0	0	0	0	0	0	[]	[]	[]	[]
ecoli50_r002907	no_hit				0	0	0	0	0	0	[]	[]	[]	[]
ecoli50_r002908	no_hit				0	0	0	0	0	0	[]	[]	[]	[]
ecoli50_r002909	no_hit				0	0	0	0	0	0	[]	[]	[]	[]
ecoli50_r002910	no_hit				0	0	0	0	0	0	[]	[]	[]	[]
ecoli50_r002911	no_hit				0	0	0	0	0	0	[]	[]	[]	[]
ecoli50_r002912	no_hit				0	0	0	0	0	0	[]	[]	[]	[]
ecoli50_r002913	position_consistent_positive	10	forward	81	1	0	1	0	1	0	"[""1826""]"	[]	"[[10,""forward"",81,""1826""]]"	[]
ecoli50_r002914	no_hit				0	0	0	0	0	0	[]	[]	[]	[]
ecoli50_r002915	no_hit				0	0	0	0	0	0	[]	[]	[]	[]
ecoli50_r002916	no_hit				0	0	0	0	0	0	[]	[]	[]	[]
ecoli50_r002917	no_hit				0	0	0	0	0	0	[]	[]	[]	[]
ecoli50_r002918	no_hit				0	0	0	0	0	0	[]	[]	[]	[]
ecoli50_r002919	no_hit				0	0	0	0	0	0	[]	[]	[]	[]
ecoli50_r002920	no_hit				0	0	0	0	0	0	[]	[]	[]	[]
ecoli50_r002921	no_hit				0	0	0	0	0	0	[]	[]	[]	[]
ecoli50_r002922	no_hit				0	0	0	0	0	0	[]	[]	[]	[]
ecoli50_r002923	no_hit				0	0	0	0	0	0	[]	[]	[]	[]
ecoli50_r002924	no_hit				0	0	0	0	0	0	[]	[]	[]	[]
ecoli50_r002925	no_hit				0	0	0	0	0	0	[]	[]	[]	[]
ecoli50_r002926	no_hit				0	0	0	0	0	0	[]	[]	[]	[]
ecoli50_r002927	no_hit				0	0	0	0	0	0	[]	[]	[]	[]
ecoli50_r002928	no_hit				0	0	0	0	0	0	[]	[]	[]	[]
ecoli50_r002929	no_hit				0	0	0	0	0	0	[]	[]	[]	[]
ecoli50_r002930	no_hit				0	0	0	0	0	0	[]	[]	[]	[]
ecoli50_r002931	no_hit				0	0	0	0	0	0	[]	[]	[]	[]
ecoli50_r002932	no_hit				0	0	0	0	0	0	[]	[]	[]	[]
ecoli50_r002933	no_hit				0	0	0	0	0	0	[]	[]	[]	[]
ecoli50_r002934	no_hit				0	0	0	0	0	0	[]	[]	[]	[]
ecoli50_r002935	position_consistent_positive	10	forward	81	1	0	1	0	1	0	"[""2286""]"	[]	"[[10,""forward"",81,""2286""]]"	[]
ecoli50_r002936	no_hit				0	0	0	0	0	0	[]	[]	[]	[]
ecoli50_r002937	no_hit				0	0	0	0	0	0	[]	[]	[]	[]
ecoli50_r002938	no_hit				0	0	0	0	0	0	[]	[]	[]	[]
ecoli50_r002939	no_hit				0	0	0	0	0	0	[]	[]	[]	[]
ecoli50_r002940	no_hit				0	0	0	0	0	0	[]	[]	[]	[]
ecoli50_r002941	no_hit				0	0	0	0	0	0	[]	[]	[]	[]
ecoli50_r002942	no_hit				0	0	0	0	0	0	[]	[]	[]	[]
ecoli50_r002943	position_consistent_positive	11	forward	81	1	0	1	0	1	0	"[""802""]"	[]	"[[11,""forward"",81,""802""]]"	[]
ecoli50_r002944	no_hit				0	0	0	0	0	0	[]	[]	[]	[]
ecoli50_r002945	no_hit				0	0	0	0	0	0	[]	[]	[]	[]
ecoli50_r002946	no_hit				0	0	0	0	0	0	[]	[]	[]	[]
ecoli50_r002947	no_hit				0	0	0	0	0	0	[]	[]	[]	[]
ecoli50_r002948	no_hit				0	0	0	0	0	0	[]	[]	[]	[]
ecoli50_r002949	no_hit				0	0	0	0	0	0	[]	[]	[]	[]
ecoli50_r002950	no_hit				0	0	0	0	0	0	[]	[]	[]	[]
ecoli50_r002951	no_hit				0	0	0	0	0	0	[]	[]	[]	[]
ecoli50_r002952	no_hit				0	0	0	0	0	0	[]	[]	[]	[]
ecoli50_r002953	no_hit				0	0	0	0	0	0	[]	[]	[]	[]
ecoli50_r002954	no_hit				0	0	0	0	0	0	[]	[]	[]	[]
ecoli50_r002955	no_hit				0	0	0	0	0	0	[]	[]	[]	[]
ecoli50_r002956	no_hit				0	0	0	0	0	0	[]	[]	[]	[]
ecoli50_r002957	no_hit				0	0	0	0	0	0	[]	[]	[]	[]
ecoli50_r002958	no_hit				0	0	0	0	0	0	[]	[]	[]	[]
ecoli50_r002959	no_hit				0	0	0	0	0	0	[]	[]	[]	[]
ecoli50_r002960	no_hit				0	0	0	0	0	0	[]	[]	[]	[]
ecoli50_r002961	no_hit				0	0	0	0	0	0	[]	[]	[]	[]
ecoli50_r002962	no_hit				0	0	0	0	0	0	[]	[]	[]	[]
ecoli50_r002963	no_hit				0	0	0	0	0	0	[]	[]	[]	[]
ecoli50_r002964	no_hit				0	0	0	0	0	0	[]	[]	[]	[]
ecoli50_r002965	no_hit				0	0	0	0	0	0	[]	[]	[]	[]
ecoli50_r002966	no_hit				0	0	0	0	0	0	[]	[]	[]	[]
ecoli50_r002967	no_hit				0	0	0	0	0	0	[]	[]	[]	[]
ecoli50_r002968	no_hit				0	0	0	0	0	0	[]	[]	[]	[]
ecoli50_r002969	no_hit				0	0	0	0	0	0	[]	[]	[]	[]
ecoli50_r002970	no_hit				0	0	0	0	0	0	[]	[]	[]	[]
ecoli50_r002971	no_hit				0	0	0	0	0	0	[]	[]	[]	[]
ecoli50_r002972	no_hit				0	0	0	0	0	0	[]	[]	[]	[]
ecoli50_r002973	no_hit				0	0	0	0	0	0	[]	[]	[]	[]
ecoli50_r002974	no_hit				0	0	0	0	0	0	[]	[]	[]	[]
ecoli50_r002975	no_hit				0	0	0	0	0	0	[]	[]	[]	[]
ecoli50_r002976	no_hit				0	0	0	0	0	0	[]	[]	[]	[]
ecoli50_r002977	no_hit				0	0	0	0	0	0	[]	[]	[]	[]
ecoli50_r002978	no_hit				0	0	0	0	0	0	[]	[]	[]	[]
ecoli50_r002979	no_hit				0	0	0	0	0	0	[]	[]	[]	[]
ecoli50_r002980	position_consistent_positive	19	reverse	81	1	0	1	0	1	0	"[""1947""]"	[]	"[[19,""reverse"",81,""1947""]]"	[]
ecoli50_r002981	no_hit				0	0	0	0	0	0	[]	[]	[]	[]
ecoli50_r002982	no_hit				0	0	0	0	0	0	[]	[]	[]	[]
ecoli50_r002983	no_hit				0	0	0	0	0	0	[]	[]	[]	[]
ecoli50_r002984	no_hit				0	0	0	0	0	0	[]	[]	[]	[]
ecoli50_r002985	no_hit				0	0	0	0	0	0	[]	[]	[]	[]
ecoli50_r002986	no_hit				0	0	0	0	0	0	[]	[]	[]	[]
ecoli50_r002987	no_hit				0	0	0	0	0	0	[]	[]	[]	[]
ecoli50_r002988	no_hit				0	0	0	0	0	0	[]	[]	[]	[]
ecoli50_r002989	no_hit				0	0	0	0	0	0	[]	[]	[]	[]
ecoli50_r002990	no_hit				0	0	0	0	0	0	[]	[]	[]	[]
ecoli50_r002991	no_hit				0	0	0	0	0	0	[]	[]	[]	[]
ecoli50_r002992	no_hit				0	0	0	0	0	0	[]	[]	[]	[]
ecoli50_r002993	no_hit				0	0	0	0	0	0	[]	[]	[]	[]
ecoli50_r002994	no_hit				0	0	0	0	0	0	[]	[]	[]	[]
ecoli50_r002995	no_hit				0	0	0	0	0	0	[]	[]	[]	[]
ecoli50_r002996	no_hit				0	0	0	0	0	0	[]	[]	[]	[]
ecoli50_r002997	no_hit				0	0	0	0	0	0	[]	[]	[]	[]
ecoli50_r002998	no_hit				0	0	0	0	0	0	[]	[]	[]	[]
ecoli50_r002999	no_hit				0	0	0	0	0	0	[]	[]	[]	[]
ecoli50_r003000	no_hit				0	0	0	0	0	0	[]	[]	[]	[]
ecoli50_r003001	no_hit				0	0	0	0	0	0	[]	[]	[]	[]
ecoli50_r003002	no_hit				0	0	0	0	0	0	[]	[]	[]	[]
ecoli50_r003003	no_hit				0	0	0	0	0	0	[]	[]	[]	[]
ecoli50_r003004	no_hit				0	0	0	0	0	0	[]	[]	[]	[]
ecoli50_r003005	no_hit				0	0	0	0	0	0	[]	[]	[]	[]
ecoli50_r003006	no_hit				0	0	0	0	0	0	[]	[]	[]	[]
ecoli50_r003007	no_hit				0	0	0	0	0	0	[]	[]	[]	[]
ecoli50_r003008	no_hit				0	0	0	0	0	0	[]	[]	[]	[]
ecoli50_r003009	no_hit				0	0	0	0	0	0	[]	[]	[]	[]
ecoli50_r003010	no_hit				0	0	0	0	0	0	[]	[]	[]	[]
ecoli50_r003011	no_hit				0	0	0	0	0	0	[]	[]	[]	[]
ecoli50_r003012	no_hit				0	0	0	0	0	0	[]	[]	[]	[]
ecoli50_r003013	no_hit				0	0	0	0	0	0	[]	[]	[]	[]
ecoli50_r003014	no_hit				0	0	0	0	0	0	[]	[]	[]	[]
ecoli50_r003015	no_hit				0	0	0	0	0	0	[]	[]	[]	[]
ecoli50_r003016	no_hit				0	0	0	0	0	0	[]	[]	[]	[]
ecoli50_r003017	no_hit				0	0	0	0	0	0	[]	[]	[]	[]
ecoli50_r003018	no_hit				0	0	0	0	0	0	[]	[]	[]	[]
ecoli50_r003019	no_hit				0	0	0	0	0	0	[]	[]	[]	[]
ecoli50_r003020	no_hit				0	0	0	0	0	0	[]	[]	[]	[]
ecoli50_r003021	no_hit				0	0	0	0	0	0	[]	[]	[]	[]
ecoli50_r003022	no_hit				0	0	0	0	0	0	[]	[]	[]	[]
ecoli50_r003023	no_hit				0	0	0	0	0	0	[]	[]	[]	[]
ecoli50_r003024	no_hit				0	0	0	0	0	0	[]	[]	[]	[]
ecoli50_r003025	no_hit				0	0	0	0	0	0	[]	[]	[]	[]
ecoli50_r003026	position_consistent_positive	10	forward	81	1	0	1	0	1	0	"[""106""]"	[]	"[[10,""forward"",81,""106""]]"	[]
ecoli50_r003027	no_hit				0	0	0	0	0	0	[]	[]	[]	[]
ecoli50_r003028	no_hit				0	0	0	0	0	0	[]	[]	[]	[]
ecoli50_r003029	no_hit				0	0	0	0	0	0	[]	[]	[]	[]
ecoli50_r003030	no_hit				0	0	0	0	0	0	[]	[]	[]	[]
ecoli50_r003031	no_hit				0	0	0	0	0	0	[]	[]	[]	[]
ecoli50_r003032	no_hit				0	0	0	0	0	0	[]	[]	[]	[]
ecoli50_r003033	no_hit				0	0	0	0	0	0	[]	[]	[]	[]
ecoli50_r003034	no_hit				0	0	0	0	0	0	[]	[]	[]	[]
ecoli50_r003035	no_hit				0	0	0	0	0	0	[]	[]	[]	[]
ecoli50_r003036	no_hit				0	0	0	0	0	0	[]	[]	[]	[]
ecoli50_r003037	no_hit				0	0	0	0	0	0	[]	[]	[]	[]
ecoli50_r003038	no_hit				0	0	0	0	0	0	[]	[]	[]	[]
ecoli50_r003039	no_hit				0	0	0	0	0	0	[]	[]	[]	[]
ecoli50_r003040	no_hit				0	0	0	0	0	0	[]	[]	[]	[]
ecoli50_r003041	no_hit				0	0	0	0	0	0	[]	[]	[]	[]
ecoli50_r003042	no_hit				0	0	0	0	0	0	[]	[]	[]	[]
ecoli50_r003043	no_hit				0	0	0	0	0	0	[]	[]	[]	[]
ecoli50_r003044	no_hit				0	0	0	0	0	0	[]	[]	[]	[]
ecoli50_r003045	no_hit				0	0	0	0	0	0	[]	[]	[]	[]
ecoli50_r003046	no_hit				0	0	0	0	0	0	[]	[]	[]	[]
ecoli50_r003047	no_hit				0	0	0	0	0	0	[]	[]	[]	[]
ecoli50_r003048	no_hit				0	0	0	0	0	0	[]	[]	[]	[]
ecoli50_r003049	no_hit				0	0	0	0	0	0	[]	[]	[]	[]
ecoli50_r003050	no_hit				0	0	0	0	0	0	[]	[]	[]	[]
ecoli50_r003051	no_hit				0	0	0	0	0	0	[]	[]	[]	[]
ecoli50_r003052	no_hit				0	0	0	0	0	0	[]	[]	[]	[]
ecoli50_r003053	no_hit				0	0	0	0	0	0	[]	[]	[]	[]
ecoli50_r003054	no_hit				0	0	0	0	0	0	[]	[]	[]	[]
ecoli50_r003055	no_hit				0	0	0	0	0	0	[]	[]	[]	[]
ecoli50_r003056	no_hit				0	0	0	0	0	0	[]	[]	[]	[]
ecoli50_r003057	no_hit				0	0	0	0	0	0	[]	[]	[]	[]
ecoli50_r003058	no_hit				0	0	0	0	0	0	[]	[]	[]	[]
ecoli50_r003059	no_hit				0	0	0	0	0	0	[]	[]	[]	[]
ecoli50_r003060	no_hit				0	0	0	0	0	0	[]	[]	[]	[]
ecoli50_r003061	no_hit				0	0	0	0	0	0	[]	[]	[]	[]
ecoli50_r003062	no_hit				0	0	0	0	0	0	[]	[]	[]	[]
ecoli50_r003063	no_hit				0	0	0	0	0	0	[]	[]	[]	[]
ecoli50_r003064	no_hit				0	0	0	0	0	0	[]	[]	[]	[]
ecoli50_r003065	no_hit				0	0	0	0	0	0	[]	[]	[]	[]
ecoli50_r003066	no_hit				0	0	0	0	0	0	[]	[]	[]	[]
ecoli50_r003067	position_consistent_positive	11	forward	81	1	0	1	0	1	0	"[""499""]"	[]	"[[11,""forward"",81,""499""]]"	[]
ecoli50_r003068	no_hit				0	0	0	0	0	0	[]	[]	[]	[]
ecoli50_r003069	no_hit				0	0	0	0	0	0	[]	[]	[]	[]
ecoli50_r003070	no_hit				0	0	0	0	0	0	[]	[]	[]	[]
ecoli50_r003071	no_hit				0	0	0	0	0	0	[]	[]	[]	[]
ecoli50_r003072	position_consistent_positive	16	reverse	81	1	0	1	0	1	0	"[""342""]"	[]	"[[16,""reverse"",81,""342""]]"	[]
ecoli50_r003073	no_hit				0	0	0	0	0	0	[]	[]	[]	[]
ecoli50_r003074	position_consistent_positive	13	forward	81	1	0	1	0	1	0	"[""342""]"	[]	"[[13,""forward"",81,""342""]]"	[]
ecoli50_r003075	no_hit				0	0	0	0	0	0	[]	[]	[]	[]
ecoli50_r003076	no_hit				0	0	0	0	0	0	[]	[]	[]	[]
ecoli50_r003077	no_hit				0	0	0	0	0	0	[]	[]	[]	[]
ecoli50_r003078	no_hit				0	0	0	0	0	0	[]	[]	[]	[]
ecoli50_r003079	no_hit				0	0	0	0	0	0	[]	[]	[]	[]
ecoli50_r003080	no_hit				0	0	0	0	0	0	[]	[]	[]	[]
ecoli50_r003081	no_hit				0	0	0	0	0	0	[]	[]	[]	[]
ecoli50_r003082	no_hit				0	0	0	0	0	0	[]	[]	[]	[]
ecoli50_r003083	no_hit				0	0	0	0	0	0	[]	[]	[]	[]
ecoli50_r003084	no_hit				0	0	0	0	0	0	[]	[]	[]	[]
ecoli50_r003085	no_hit				0	0	0	0	0	0	[]	[]	[]	[]
ecoli50_r003086	no_hit				0	0	0	0	0	0	[]	[]	[]	[]
ecoli50_r003087	no_hit				0	0	0	0	0	0	[]	[]	[]	[]
ecoli50_r003088	no_hit				0	0	0	0	0	0	[]	[]	[]	[]
ecoli50_r003089	no_hit				0	0	0	0	0	0	[]	[]	[]	[]
ecoli50_r003090	no_hit				0	0	0	0	0	0	[]	[]	[]	[]
ecoli50_r003091	no_hit				0	0	0	0	0	0	[]	[]	[]	[]
ecoli50_r003092	no_hit				0	0	0	0	0	0	[]	[]	[]	[]
ecoli50_r003093	no_hit				0	0	0	0	0	0	[]	[]	[]	[]
ecoli50_r003094	no_hit				0	0	0	0	0	0	[]	[]	[]	[]
ecoli50_r003095	no_hit				0	0	0	0	0	0	[]	[]	[]	[]
ecoli50_r003096	no_hit				0	0	0	0	0	0	[]	[]	[]	[]
ecoli50_r003097	no_hit				0	0	0	0	0	0	[]	[]	[]	[]
ecoli50_r003098	no_hit				0	0	0	0	0	0	[]	[]	[]	[]
ecoli50_r003099	no_hit				0	0	0	0	0	0	[]	[]	[]	[]
ecoli50_r003100	no_hit				0	0	0	0	0	0	[]	[]	[]	[]
ecoli50_r003101	no_hit				0	0	0	0	0	0	[]	[]	[]	[]
ecoli50_r003102	no_hit				0	0	0	0	0	0	[]	[]	[]	[]
ecoli50_r003103	no_hit				0	0	0	0	0	0	[]	[]	[]	[]
ecoli50_r003104	no_hit				0	0	0	0	0	0	[]	[]	[]	[]
ecoli50_r003105	no_hit				0	0	0	0	0	0	[]	[]	[]	[]
ecoli50_r003106	no_hit				0	0	0	0	0	0	[]	[]	[]	[]
ecoli50_r003107	no_hit				0	0	0	0	0	0	[]	[]	[]	[]
ecoli50_r003108	no_hit				0	0	0	0	0	0	[]	[]	[]	[]
ecoli50_r003109	no_hit				0	0	0	0	0	0	[]	[]	[]	[]
ecoli50_r003110	no_hit				0	0	0	0	0	0	[]	[]	[]	[]
ecoli50_r003111	no_hit				0	0	0	0	0	0	[]	[]	[]	[]
ecoli50_r003112	no_hit				0	0	0	0	0	0	[]	[]	[]	[]
ecoli50_r003113	no_hit				0	0	0	0	0	0	[]	[]	[]	[]
ecoli50_r003114	no_hit				0	0	0	0	0	0	[]	[]	[]	[]
ecoli50_r003115	no_hit				0	0	0	0	0	0	[]	[]	[]	[]
ecoli50_r003116	no_hit				0	0	0	0	0	0	[]	[]	[]	[]
ecoli50_r003117	no_hit				0	0	0	0	0	0	[]	[]	[]	[]
ecoli50_r003118	no_hit				0	0	0	0	0	0	[]	[]	[]	[]
ecoli50_r003119	no_hit				0	0	0	0	0	0	[]	[]	[]	[]
ecoli50_r003120	no_hit				0	0	0	0	0	0	[]	[]	[]	[]
ecoli50_r003121	no_hit				0	0	0	0	0	0	[]	[]	[]	[]
ecoli50_r003122	no_hit				0	0	0	0	0	0	[]	[]	[]	[]
ecoli50_r003123	no_hit				0	0	0	0	0	0	[]	[]	[]	[]
ecoli50_r003124	no_hit				0	0	0	0	0	0	[]	[]	[]	[]
ecoli50_r003125	no_hit				0	0	0	0	0	0	[]	[]	[]	[]
ecoli50_r003126	no_hit				0	0	0	0	0	0	[]	[]	[]	[]
ecoli50_r003127	no_hit				0	0	0	0	0	0	[]	[]	[]	[]
ecoli50_r003128	no_hit				0	0	0	0	0	0	[]	[]	[]	[]
ecoli50_r003129	no_hit				0	0	0	0	0	0	[]	[]	[]	[]
ecoli50_r003130	no_hit				0	0	0	0	0	0	[]	[]	[]	[]
ecoli50_r003131	no_hit				0	0	0	0	0	0	[]	[]	[]	[]
ecoli50_r003132	no_hit				0	0	0	0	0	0	[]	[]	[]	[]
ecoli50_r003133	no_hit				0	0	0	0	0	0	[]	[]	[]	[]
ecoli50_r003134	no_hit				0	0	0	0	0	0	[]	[]	[]	[]
ecoli50_r003135	no_hit				0	0	0	0	0	0	[]	[]	[]	[]
ecoli50_r003136	no_hit				0	0	0	0	0	0	[]	[]	[]	[]
ecoli50_r003137	no_hit				0	0	0	0	0	0	[]	[]	[]	[]
ecoli50_r003138	no_hit				0	0	0	0	0	0	[]	[]	[]	[]
ecoli50_r003139	no_hit				0	0	0	0	0	0	[]	[]	[]	[]
ecoli50_r003140	no_hit				0	0	0	0	0	0	[]	[]	[]	[]
ecoli50_r003141	no_hit				0	0	0	0	0	0	[]	[]	[]	[]
ecoli50_r003142	negative_only				0	1	0	1	0	1	[]	"[""1100""]"	[]	"[[24,""reverse"",81,""1100""]]"
ecoli50_r003143	no_hit				0	0	0	0	0	0	[]	[]	[]	[]
ecoli50_r003144	no_hit				0	0	0	0	0	0	[]	[]	[]	[]
ecoli50_r003145	no_hit				0	0	0	0	0	0	[]	[]	[]	[]
ecoli50_r003146	no_hit				0	0	0	0	0	0	[]	[]	[]	[]
ecoli50_r003147	no_hit				0	0	0	0	0	0	[]	[]	[]	[]
ecoli50_r003148	position_consistent_positive	11	forward	81	1	0	1	0	1	0	"[""259""]"	[]	"[[11,""forward"",81,""259""]]"	[]
ecoli50_r003149	no_hit				0	0	0	0	0	0	[]	[]	[]	[]
ecoli50_r003150	no_hit				0	0	0	0	0	0	[]	[]	[]	[]
ecoli50_r003151	no_hit				0	0	0	0	0	0	[]	[]	[]	[]
ecoli50_r003152	no_hit				0	0	0	0	0	0	[]	[]	[]	[]
ecoli50_r003153	no_hit				0	0	0	0	0	0	[]	[]	[]	[]
ecoli50_r003154	no_hit				0	0	0	0	0	0	[]	[]	[]	[]
ecoli50_r003155	no_hit				0	0	0	0	0	0	[]	[]	[]	[]
ecoli50_r003156	no_hit				0	0	0	0	0	0	[]	[]	[]	[]
ecoli50_r003157	position_consistent_positive	11	forward	81	1	0	1	0	1	0	"[""582""]"	[]	"[[11,""forward"",81,""582""]]"	[]
ecoli50_r003158	no_hit				0	0	0	0	0	0	[]	[]	[]	[]
ecoli50_r003159	position_consistent_positive	11	forward	81	1	0	1	0	1	0	"[""1455""]"	[]	"[[11,""forward"",81,""1455""]]"	[]
ecoli50_r003160	no_hit				0	0	0	0	0	0	[]	[]	[]	[]
ecoli50_r003161	no_hit				0	0	0	0	0	0	[]	[]	[]	[]
ecoli50_r003162	no_hit				0	0	0	0	0	0	[]	[]	[]	[]
ecoli50_r003163	no_hit				0	0	0	0	0	0	[]	[]	[]	[]
ecoli50_r003164	no_hit				0	0	0	0	0	0	[]	[]	[]	[]
ecoli50_r003165	no_hit				0	0	0	0	0	0	[]	[]	[]	[]
ecoli50_r003166	position_consistent_positive	12	forward	81	1	0	1	0	1	0	"[""2278""]"	[]	"[[12,""forward"",81,""2278""]]"	[]
ecoli50_r003167	position_consistent_positive	15	reverse	81	1	0	1	0	1	0	"[""2278""]"	[]	"[[15,""reverse"",81,""2278""]]"	[]
ecoli50_r003168	no_hit				0	0	0	0	0	0	[]	[]	[]	[]
ecoli50_r003169	no_hit				0	0	0	0	0	0	[]	[]	[]	[]
ecoli50_r003170	no_hit				0	0	0	0	0	0	[]	[]	[]	[]
ecoli50_r003171	no_hit				0	0	0	0	0	0	[]	[]	[]	[]
ecoli50_r003172	no_hit				0	0	0	0	0	0	[]	[]	[]	[]
ecoli50_r003173	no_hit				0	0	0	0	0	0	[]	[]	[]	[]
ecoli50_r003174	no_hit				0	0	0	0	0	0	[]	[]	[]	[]
ecoli50_r003175	no_hit				0	0	0	0	0	0	[]	[]	[]	[]
ecoli50_r003176	no_hit				0	0	0	0	0	0	[]	[]	[]	[]
ecoli50_r003177	no_hit				0	0	0	0	0	0	[]	[]	[]	[]
ecoli50_r003178	no_hit				0	0	0	0	0	0	[]	[]	[]	[]
ecoli50_r003179	no_hit				0	0	0	0	0	0	[]	[]	[]	[]
ecoli50_r003180	no_hit				0	0	0	0	0	0	[]	[]	[]	[]
ecoli50_r003181	no_hit				0	0	0	0	0	0	[]	[]	[]	[]
ecoli50_r003182	no_hit				0	0	0	0	0	0	[]	[]	[]	[]
ecoli50_r003183	no_hit				0	0	0	0	0	0	[]	[]	[]	[]
ecoli50_r003184	position_consistent_positive	29	forward	81	1	0	1	0	1	0	"[""2933""]"	[]	"[[29,""forward"",81,""2933""]]"	[]
ecoli50_r003185	no_hit				0	0	0	0	0	0	[]	[]	[]	[]
ecoli50_r003186	no_hit				0	0	0	0	0	0	[]	[]	[]	[]
ecoli50_r003187	position_consistent_positive	29	forward	81	1	0	1	0	1	0	"[""1102""]"	[]	"[[29,""forward"",81,""1102""]]"	[]
ecoli50_r003188	no_hit				0	0	0	0	0	0	[]	[]	[]	[]
ecoli50_r003189	no_hit				0	0	0	0	0	0	[]	[]	[]	[]
ecoli50_r003190	no_hit				0	0	0	0	0	0	[]	[]	[]	[]
ecoli50_r003191	no_hit				0	0	0	0	0	0	[]	[]	[]	[]
ecoli50_r003192	no_hit				0	0	0	0	0	0	[]	[]	[]	[]
ecoli50_r003193	no_hit				0	0	0	0	0	0	[]	[]	[]	[]
ecoli50_r003194	no_hit				0	0	0	0	0	0	[]	[]	[]	[]
ecoli50_r003195	no_hit				0	0	0	0	0	0	[]	[]	[]	[]
ecoli50_r003196	no_hit				0	0	0	0	0	0	[]	[]	[]	[]
ecoli50_r003197	no_hit				0	0	0	0	0	0	[]	[]	[]	[]
ecoli50_r003198	no_hit				0	0	0	0	0	0	[]	[]	[]	[]
ecoli50_r003199	no_hit				0	0	0	0	0	0	[]	[]	[]	[]
ecoli50_r003200	no_hit				0	0	0	0	0	0	[]	[]	[]	[]
ecoli50_r003201	no_hit				0	0	0	0	0	0	[]	[]	[]	[]
ecoli50_r003202	no_hit				0	0	0	0	0	0	[]	[]	[]	[]
ecoli50_r003203	no_hit				0	0	0	0	0	0	[]	[]	[]	[]
ecoli50_r003204	no_hit				0	0	0	0	0	0	[]	[]	[]	[]
ecoli50_r003205	no_hit				0	0	0	0	0	0	[]	[]	[]	[]
ecoli50_r003206	no_hit				0	0	0	0	0	0	[]	[]	[]	[]
ecoli50_r003207	no_hit				0	0	0	0	0	0	[]	[]	[]	[]
ecoli50_r003208	no_hit				0	0	0	0	0	0	[]	[]	[]	[]
ecoli50_r003209	no_hit				0	0	0	0	0	0	[]	[]	[]	[]
ecoli50_r003210	no_hit				0	0	0	0	0	0	[]	[]	[]	[]
ecoli50_r003211	no_hit				0	0	0	0	0	0	[]	[]	[]	[]
ecoli50_r003212	no_hit				0	0	0	0	0	0	[]	[]	[]	[]
ecoli50_r003213	no_hit				0	0	0	0	0	0	[]	[]	[]	[]
ecoli50_r003214	no_hit				0	0	0	0	0	0	[]	[]	[]	[]
ecoli50_r003215	no_hit				0	0	0	0	0	0	[]	[]	[]	[]
ecoli50_r003216	no_hit				0	0	0	0	0	0	[]	[]	[]	[]
ecoli50_r003217	no_hit				0	0	0	0	0	0	[]	[]	[]	[]
ecoli50_r003218	no_hit				0	0	0	0	0	0	[]	[]	[]	[]
ecoli50_r003219	no_hit				0	0	0	0	0	0	[]	[]	[]	[]
ecoli50_r003220	no_hit				0	0	0	0	0	0	[]	[]	[]	[]
ecoli50_r003221	no_hit				0	0	0	0	0	0	[]	[]	[]	[]
ecoli50_r003222	no_hit				0	0	0	0	0	0	[]	[]	[]	[]
ecoli50_r003223	no_hit				0	0	0	0	0	0	[]	[]	[]	[]
ecoli50_r003224	no_hit				0	0	0	0	0	0	[]	[]	[]	[]
ecoli50_r003225	no_hit				0	0	0	0	0	0	[]	[]	[]	[]
ecoli50_r003226	no_hit				0	0	0	0	0	0	[]	[]	[]	[]
ecoli50_r003227	negative_only				0	1	0	1	0	1	[]	"[""1847""]"	[]	"[[1,""reverse"",81,""1847""]]"
ecoli50_r003228	no_hit				0	0	0	0	0	0	[]	[]	[]	[]
ecoli50_r003229	no_hit				0	0	0	0	0	0	[]	[]	[]	[]
ecoli50_r003230	no_hit				0	0	0	0	0	0	[]	[]	[]	[]
ecoli50_r003231	no_hit				0	0	0	0	0	0	[]	[]	[]	[]
ecoli50_r003232	no_hit				0	0	0	0	0	0	[]	[]	[]	[]
ecoli50_r003233	no_hit				0	0	0	0	0	0	[]	[]	[]	[]
ecoli50_r003234	no_hit				0	0	0	0	0	0	[]	[]	[]	[]
ecoli50_r003235	no_hit				0	0	0	0	0	0	[]	[]	[]	[]
ecoli50_r003236	no_hit				0	0	0	0	0	0	[]	[]	[]	[]
ecoli50_r003237	no_hit				0	0	0	0	0	0	[]	[]	[]	[]
ecoli50_r003238	no_hit				0	0	0	0	0	0	[]	[]	[]	[]
ecoli50_r003239	no_hit				0	0	0	0	0	0	[]	[]	[]	[]
ecoli50_r003240	no_hit				0	0	0	0	0	0	[]	[]	[]	[]
ecoli50_r003241	no_hit				0	0	0	0	0	0	[]	[]	[]	[]
ecoli50_r003242	no_hit				0	0	0	0	0	0	[]	[]	[]	[]
ecoli50_r003243	no_hit				0	0	0	0	0	0	[]	[]	[]	[]
ecoli50_r003244	no_hit				0	0	0	0	0	0	[]	[]	[]	[]
ecoli50_r003245	no_hit				0	0	0	0	0	0	[]	[]	[]	[]
ecoli50_r003246	no_hit				0	0	0	0	0	0	[]	[]	[]	[]
ecoli50_r003247	no_hit				0	0	0	0	0	0	[]	[]	[]	[]
ecoli50_r003248	no_hit				0	0	0	0	0	0	[]	[]	[]	[]
ecoli50_r003249	no_hit				0	0	0	0	0	0	[]	[]	[]	[]
ecoli50_r003250	no_hit				0	0	0	0	0	0	[]	[]	[]	[]
ecoli50_r003251	no_hit				0	0	0	0	0	0	[]	[]	[]	[]
ecoli50_r003252	no_hit				0	0	0	0	0	0	[]	[]	[]	[]
ecoli50_r003253	no_hit				0	0	0	0	0	0	[]	[]	[]	[]
ecoli50_r003254	no_hit				0	0	0	0	0	0	[]	[]	[]	[]
ecoli50_r003255	no_hit				0	0	0	0	0	0	[]	[]	[]	[]
ecoli50_r003256	no_hit				0	0	0	0	0	0	[]	[]	[]	[]
ecoli50_r003257	no_hit				0	0	0	0	0	0	[]	[]	[]	[]
ecoli50_r003258	no_hit				0	0	0	0	0	0	[]	[]	[]	[]
ecoli50_r003259	no_hit				0	0	0	0	0	0	[]	[]	[]	[]
ecoli50_r003260	no_hit				0	0	0	0	0	0	[]	[]	[]	[]
ecoli50_r003261	no_hit				0	0	0	0	0	0	[]	[]	[]	[]
ecoli50_r003262	no_hit				0	0	0	0	0	0	[]	[]	[]	[]
ecoli50_r003263	no_hit				0	0	0	0	0	0	[]	[]	[]	[]
ecoli50_r003264	no_hit				0	0	0	0	0	0	[]	[]	[]	[]
ecoli50_r003265	no_hit				0	0	0	0	0	0	[]	[]	[]	[]
ecoli50_r003266	no_hit				0	0	0	0	0	0	[]	[]	[]	[]
ecoli50_r003267	no_hit				0	0	0	0	0	0	[]	[]	[]	[]
ecoli50_r003268	no_hit				0	0	0	0	0	0	[]	[]	[]	[]
ecoli50_r003269	no_hit				0	0	0	0	0	0	[]	[]	[]	[]
ecoli50_r003270	no_hit				0	0	0	0	0	0	[]	[]	[]	[]
ecoli50_r003271	no_hit				0	0	0	0	0	0	[]	[]	[]	[]
ecoli50_r003272	no_hit				0	0	0	0	0	0	[]	[]	[]	[]
ecoli50_r003273	no_hit				0	0	0	0	0	0	[]	[]	[]	[]
ecoli50_r003274	no_hit				0	0	0	0	0	0	[]	[]	[]	[]
ecoli50_r003275	no_hit				0	0	0	0	0	0	[]	[]	[]	[]
ecoli50_r003276	no_hit				0	0	0	0	0	0	[]	[]	[]	[]
ecoli50_r003277	no_hit				0	0	0	0	0	0	[]	[]	[]	[]
ecoli50_r003278	no_hit				0	0	0	0	0	0	[]	[]	[]	[]
ecoli50_r003279	no_hit				0	0	0	0	0	0	[]	[]	[]	[]
ecoli50_r003280	no_hit				0	0	0	0	0	0	[]	[]	[]	[]
ecoli50_r003281	no_hit				0	0	0	0	0	0	[]	[]	[]	[]
ecoli50_r003282	no_hit				0	0	0	0	0	0	[]	[]	[]	[]
ecoli50_r003283	no_hit				0	0	0	0	0	0	[]	[]	[]	[]
ecoli50_r003284	no_hit				0	0	0	0	0	0	[]	[]	[]	[]
ecoli50_r003285	no_hit				0	0	0	0	0	0	[]	[]	[]	[]
ecoli50_r003286	no_hit				0	0	0	0	0	0	[]	[]	[]	[]
ecoli50_r003287	no_hit				0	0	0	0	0	0	[]	[]	[]	[]
ecoli50_r003288	no_hit				0	0	0	0	0	0	[]	[]	[]	[]
ecoli50_r003289	no_hit				0	0	0	0	0	0	[]	[]	[]	[]
ecoli50_r003290	no_hit				0	0	0	0	0	0	[]	[]	[]	[]
ecoli50_r003291	no_hit				0	0	0	0	0	0	[]	[]	[]	[]
ecoli50_r003292	no_hit				0	0	0	0	0	0	[]	[]	[]	[]
ecoli50_r003293	no_hit				0	0	0	0	0	0	[]	[]	[]	[]
ecoli50_r003294	no_hit				0	0	0	0	0	0	[]	[]	[]	[]
ecoli50_r003295	no_hit				0	0	0	0	0	0	[]	[]	[]	[]
ecoli50_r003296	no_hit				0	0	0	0	0	0	[]	[]	[]	[]
ecoli50_r003297	no_hit				0	0	0	0	0	0	[]	[]	[]	[]
ecoli50_r003298	no_hit				0	0	0	0	0	0	[]	[]	[]	[]
ecoli50_r003299	no_hit				0	0	0	0	0	0	[]	[]	[]	[]
ecoli50_r003300	negative_only				0	1	0	1	0	1	[]	"[""88""]"	[]	"[[5,""reverse"",81,""88""]]"
ecoli50_r003301	no_hit				0	0	0	0	0	0	[]	[]	[]	[]
ecoli50_r003302	no_hit				0	0	0	0	0	0	[]	[]	[]	[]
ecoli50_r003303	no_hit				0	0	0	0	0	0	[]	[]	[]	[]
ecoli50_r003304	no_hit				0	0	0	0	0	0	[]	[]	[]	[]
ecoli50_r003305	no_hit				0	0	0	0	0	0	[]	[]	[]	[]
ecoli50_r003306	no_hit				0	0	0	0	0	0	[]	[]	[]	[]
ecoli50_r003307	no_hit				0	0	0	0	0	0	[]	[]	[]	[]
ecoli50_r003308	no_hit				0	0	0	0	0	0	[]	[]	[]	[]
ecoli50_r003309	no_hit				0	0	0	0	0	0	[]	[]	[]	[]
ecoli50_r003310	no_hit				0	0	0	0	0	0	[]	[]	[]	[]
ecoli50_r003311	no_hit				0	0	0	0	0	0	[]	[]	[]	[]
ecoli50_r003312	no_hit				0	0	0	0	0	0	[]	[]	[]	[]
ecoli50_r003313	no_hit				0	0	0	0	0	0	[]	[]	[]	[]
ecoli50_r003314	no_hit				0	0	0	0	0	0	[]	[]	[]	[]
ecoli50_r003315	no_hit				0	0	0	0	0	0	[]	[]	[]	[]
ecoli50_r003316	no_hit				0	0	0	0	0	0	[]	[]	[]	[]
ecoli50_r003317	no_hit				0	0	0	0	0	0	[]	[]	[]	[]
ecoli50_r003318	no_hit				0	0	0	0	0	0	[]	[]	[]	[]
ecoli50_r003319	no_hit				0	0	0	0	0	0	[]	[]	[]	[]
ecoli50_r003320	no_hit				0	0	0	0	0	0	[]	[]	[]	[]
ecoli50_r003321	no_hit				0	0	0	0	0	0	[]	[]	[]	[]
ecoli50_r003322	no_hit				0	0	0	0	0	0	[]	[]	[]	[]
ecoli50_r003323	no_hit				0	0	0	0	0	0	[]	[]	[]	[]
ecoli50_r003324	no_hit				0	0	0	0	0	0	[]	[]	[]	[]
ecoli50_r003325	no_hit				0	0	0	0	0	0	[]	[]	[]	[]
ecoli50_r003326	position_consistent_positive	11	reverse	81	1	0	1	0	1	0	"[""839""]"	[]	"[[11,""reverse"",81,""839""]]"	[]
ecoli50_r003327	no_hit				0	0	0	0	0	0	[]	[]	[]	[]
ecoli50_r003328	no_hit				0	0	0	0	0	0	[]	[]	[]	[]
ecoli50_r003329	position_consistent_positive	10	forward	81	1	0	1	0	1	0	"[""839""]"	[]	"[[10,""forward"",81,""839""]]"	[]
ecoli50_r003330	no_hit				0	0	0	0	0	0	[]	[]	[]	[]
ecoli50_r003331	no_hit				0	0	0	0	0	0	[]	[]	[]	[]
ecoli50_r003332	no_hit				0	0	0	0	0	0	[]	[]	[]	[]
ecoli50_r003333	no_hit				0	0	0	0	0	0	[]	[]	[]	[]
ecoli50_r003334	no_hit				0	0	0	0	0	0	[]	[]	[]	[]
ecoli50_r003335	no_hit				0	0	0	0	0	0	[]	[]	[]	[]
ecoli50_r003336	no_hit				0	0	0	0	0	0	[]	[]	[]	[]
ecoli50_r003337	no_hit				0	0	0	0	0	0	[]	[]	[]	[]
ecoli50_r003338	no_hit				0	0	0	0	0	0	[]	[]	[]	[]
ecoli50_r003339	no_hit				0	0	0	0	0	0	[]	[]	[]	[]
ecoli50_r003340	no_hit				0	0	0	0	0	0	[]	[]	[]	[]
ecoli50_r003341	no_hit				0	0	0	0	0	0	[]	[]	[]	[]
ecoli50_r003342	no_hit				0	0	0	0	0	0	[]	[]	[]	[]
ecoli50_r003343	no_hit				0	0	0	0	0	0	[]	[]	[]	[]
ecoli50_r003344	no_hit				0	0	0	0	0	0	[]	[]	[]	[]
ecoli50_r003345	no_hit				0	0	0	0	0	0	[]	[]	[]	[]
ecoli50_r003346	no_hit				0	0	0	0	0	0	[]	[]	[]	[]
ecoli50_r003347	no_hit				0	0	0	0	0	0	[]	[]	[]	[]
ecoli50_r003348	no_hit				0	0	0	0	0	0	[]	[]	[]	[]
ecoli50_r003349	no_hit				0	0	0	0	0	0	[]	[]	[]	[]
ecoli50_r003350	no_hit				0	0	0	0	0	0	[]	[]	[]	[]
ecoli50_r003351	no_hit				0	0	0	0	0	0	[]	[]	[]	[]
ecoli50_r003352	no_hit				0	0	0	0	0	0	[]	[]	[]	[]
ecoli50_r003353	no_hit				0	0	0	0	0	0	[]	[]	[]	[]
ecoli50_r003354	no_hit				0	0	0	0	0	0	[]	[]	[]	[]
ecoli50_r003355	no_hit				0	0	0	0	0	0	[]	[]	[]	[]
ecoli50_r003356	no_hit				0	0	0	0	0	0	[]	[]	[]	[]
ecoli50_r003357	no_hit				0	0	0	0	0	0	[]	[]	[]	[]
ecoli50_r003358	no_hit				0	0	0	0	0	0	[]	[]	[]	[]
ecoli50_r003359	no_hit				0	0	0	0	0	0	[]	[]	[]	[]
ecoli50_r003360	no_hit				0	0	0	0	0	0	[]	[]	[]	[]
ecoli50_r003361	no_hit				0	0	0	0	0	0	[]	[]	[]	[]
ecoli50_r003362	no_hit				0	0	0	0	0	0	[]	[]	[]	[]
ecoli50_r003363	no_hit				0	0	0	0	0	0	[]	[]	[]	[]
ecoli50_r003364	no_hit				0	0	0	0	0	0	[]	[]	[]	[]
ecoli50_r003365	no_hit				0	0	0	0	0	0	[]	[]	[]	[]
ecoli50_r003366	no_hit				0	0	0	0	0	0	[]	[]	[]	[]
ecoli50_r003367	no_hit				0	0	0	0	0	0	[]	[]	[]	[]
ecoli50_r003368	no_hit				0	0	0	0	0	0	[]	[]	[]	[]
ecoli50_r003369	position_consistent_positive	4	reverse	81	1	0	1	0	1	0	"[""816""]"	[]	"[[4,""reverse"",81,""816""]]"	[]
ecoli50_r003370	no_hit				0	0	0	0	0	0	[]	[]	[]	[]
ecoli50_r003371	position_consistent_positive	8	forward	81	1	0	1	0	1	0	"[""1415""]"	[]	"[[8,""forward"",81,""1415""]]"	[]
ecoli50_r003372	position_consistent_positive	10	forward	81	1	0	1	0	1	0	"[""147""]"	[]	"[[10,""forward"",81,""147""]]"	[]
ecoli50_r003373	no_hit				0	0	0	0	0	0	[]	[]	[]	[]
ecoli50_r003374	no_hit				0	0	0	0	0	0	[]	[]	[]	[]
ecoli50_r003375	no_hit				0	0	0	0	0	0	[]	[]	[]	[]
ecoli50_r003376	no_hit				0	0	0	0	0	0	[]	[]	[]	[]
ecoli50_r003377	position_consistent_positive	10	forward	81	1	0	1	0	1	0	"[""673""]"	[]	"[[10,""forward"",81,""673""]]"	[]
ecoli50_r003378	no_hit				0	0	0	0	0	0	[]	[]	[]	[]
ecoli50_r003379	no_hit				0	0	0	0	0	0	[]	[]	[]	[]
ecoli50_r003380	no_hit				0	0	0	0	0	0	[]	[]	[]	[]
ecoli50_r003381	no_hit				0	0	0	0	0	0	[]	[]	[]	[]
ecoli50_r003382	no_hit				0	0	0	0	0	0	[]	[]	[]	[]
ecoli50_r003383	no_hit				0	0	0	0	0	0	[]	[]	[]	[]
ecoli50_r003384	no_hit				0	0	0	0	0	0	[]	[]	[]	[]
ecoli50_r003385	no_hit				0	0	0	0	0	0	[]	[]	[]	[]
ecoli50_r003386	negative_only				0	1	0	1	0	1	[]	"[""1564""]"	[]	"[[22,""forward"",81,""1564""]]"
ecoli50_r003387	no_hit				0	0	0	0	0	0	[]	[]	[]	[]
ecoli50_r003388	no_hit				0	0	0	0	0	0	[]	[]	[]	[]
ecoli50_r003389	no_hit				0	0	0	0	0	0	[]	[]	[]	[]
ecoli50_r003390	no_hit				0	0	0	0	0	0	[]	[]	[]	[]
ecoli50_r003391	no_hit				0	0	0	0	0	0	[]	[]	[]	[]
ecoli50_r003392	no_hit				0	0	0	0	0	0	[]	[]	[]	[]
ecoli50_r003393	no_hit				0	0	0	0	0	0	[]	[]	[]	[]
ecoli50_r003394	no_hit				0	0	0	0	0	0	[]	[]	[]	[]
ecoli50_r003395	position_consistent_positive	9	forward	81	1	0	1	0	1	0	"[""952""]"	[]	"[[9,""forward"",81,""952""]]"	[]
ecoli50_r003396	position_consistent_positive	10	forward	81	1	0	1	0	1	0	"[""610""]"	[]	"[[10,""forward"",81,""610""]]"	[]
ecoli50_r003397	no_hit				0	0	0	0	0	0	[]	[]	[]	[]
ecoli50_r003398	no_hit				0	0	0	0	0	0	[]	[]	[]	[]
ecoli50_r003399	no_hit				0	0	0	0	0	0	[]	[]	[]	[]
ecoli50_r003400	no_hit				0	0	0	0	0	0	[]	[]	[]	[]
ecoli50_r003401	position_consistent_positive	10	forward	81	1	0	1	0	1	0	"[""1691""]"	[]	"[[10,""forward"",81,""1691""]]"	[]
ecoli50_r003402	no_hit				0	0	0	0	0	0	[]	[]	[]	[]
ecoli50_r003403	no_hit				0	0	0	0	0	0	[]	[]	[]	[]
ecoli50_r003404	no_hit				0	0	0	0	0	0	[]	[]	[]	[]
ecoli50_r003405	no_hit				0	0	0	0	0	0	[]	[]	[]	[]
ecoli50_r003406	no_hit				0	0	0	0	0	0	[]	[]	[]	[]
ecoli50_r003407	no_hit				0	0	0	0	0	0	[]	[]	[]	[]
ecoli50_r003408	position_consistent_positive	11	forward	81	1	0	1	0	1	0	"[""1806""]"	[]	"[[11,""forward"",81,""1806""]]"	[]
ecoli50_r003409	no_hit				0	0	0	0	0	0	[]	[]	[]	[]
ecoli50_r003410	no_hit				0	0	0	0	0	0	[]	[]	[]	[]
ecoli50_r003411	no_hit				0	0	0	0	0	0	[]	[]	[]	[]
ecoli50_r003412	no_hit				0	0	0	0	0	0	[]	[]	[]	[]
ecoli50_r003413	no_hit				0	0	0	0	0	0	[]	[]	[]	[]
ecoli50_r003414	no_hit				0	0	0	0	0	0	[]	[]	[]	[]
ecoli50_r003415	no_hit				0	0	0	0	0	0	[]	[]	[]	[]
ecoli50_r003416	no_hit				0	0	0	0	0	0	[]	[]	[]	[]
ecoli50_r003417	no_hit				0	0	0	0	0	0	[]	[]	[]	[]
ecoli50_r003418	no_hit				0	0	0	0	0	0	[]	[]	[]	[]
ecoli50_r003419	no_hit				0	0	0	0	0	0	[]	[]	[]	[]
ecoli50_r003420	position_consistent_positive	14	forward	81	1	0	1	0	1	0	"[""1921""]"	[]	"[[14,""forward"",81,""1921""]]"	[]
ecoli50_r003421	no_hit				0	0	0	0	0	0	[]	[]	[]	[]
ecoli50_r003422	no_hit				0	0	0	0	0	0	[]	[]	[]	[]
ecoli50_r003423	no_hit				0	0	0	0	0	0	[]	[]	[]	[]
ecoli50_r003424	no_hit				0	0	0	0	0	0	[]	[]	[]	[]
ecoli50_r003425	no_hit				0	0	0	0	0	0	[]	[]	[]	[]
ecoli50_r003426	no_hit				0	0	0	0	0	0	[]	[]	[]	[]
ecoli50_r003427	no_hit				0	0	0	0	0	0	[]	[]	[]	[]
ecoli50_r003428	no_hit				0	0	0	0	0	0	[]	[]	[]	[]
ecoli50_r003429	no_hit				0	0	0	0	0	0	[]	[]	[]	[]
ecoli50_r003430	no_hit				0	0	0	0	0	0	[]	[]	[]	[]
ecoli50_r003431	no_hit				0	0	0	0	0	0	[]	[]	[]	[]
ecoli50_r003432	no_hit				0	0	0	0	0	0	[]	[]	[]	[]
ecoli50_r003433	no_hit				0	0	0	0	0	0	[]	[]	[]	[]
ecoli50_r003434	position_consistent_positive	11	forward	81	1	0	1	0	1	0	"[""2""]"	[]	"[[11,""forward"",81,""2""]]"	[]
ecoli50_r003435	no_hit				0	0	0	0	0	0	[]	[]	[]	[]
ecoli50_r003436	no_hit				0	0	0	0	0	0	[]	[]	[]	[]
ecoli50_r003437	no_hit				0	0	0	0	0	0	[]	[]	[]	[]
ecoli50_r003438	no_hit				0	0	0	0	0	0	[]	[]	[]	[]
ecoli50_r003439	no_hit				0	0	0	0	0	0	[]	[]	[]	[]
ecoli50_r003440	no_hit				0	0	0	0	0	0	[]	[]	[]	[]
ecoli50_r003441	position_consistent_positive	9	forward	81	1	0	1	0	1	0	"[""2981""]"	[]	"[[9,""forward"",81,""2981""]]"	[]
ecoli50_r003442	no_hit				0	0	0	0	0	0	[]	[]	[]	[]
ecoli50_r003443	no_hit				0	0	0	0	0	0	[]	[]	[]	[]
ecoli50_r003444	no_hit				0	0	0	0	0	0	[]	[]	[]	[]
ecoli50_r003445	no_hit				0	0	0	0	0	0	[]	[]	[]	[]
ecoli50_r003446	no_hit				0	0	0	0	0	0	[]	[]	[]	[]
ecoli50_r003447	no_hit				0	0	0	0	0	0	[]	[]	[]	[]
ecoli50_r003448	no_hit				0	0	0	0	0	0	[]	[]	[]	[]
ecoli50_r003449	no_hit				0	0	0	0	0	0	[]	[]	[]	[]
ecoli50_r003450	no_hit				0	0	0	0	0	0	[]	[]	[]	[]
ecoli50_r003451	no_hit				0	0	0	0	0	0	[]	[]	[]	[]
ecoli50_r003452	no_hit				0	0	0	0	0	0	[]	[]	[]	[]
ecoli50_r003453	no_hit				0	0	0	0	0	0	[]	[]	[]	[]
ecoli50_r003454	no_hit				0	0	0	0	0	0	[]	[]	[]	[]
ecoli50_r003455	no_hit				0	0	0	0	0	0	[]	[]	[]	[]
ecoli50_r003456	no_hit				0	0	0	0	0	0	[]	[]	[]	[]
ecoli50_r003457	position_consistent_positive	9	forward	81	1	0	1	0	1	0	"[""979""]"	[]	"[[9,""forward"",81,""979""]]"	[]
ecoli50_r003458	no_hit				0	0	0	0	0	0	[]	[]	[]	[]
ecoli50_r003459	no_hit				0	0	0	0	0	0	[]	[]	[]	[]
ecoli50_r003460	no_hit				0	0	0	0	0	0	[]	[]	[]	[]
ecoli50_r003461	position_consistent_positive	14	forward	81	1	0	1	0	1	0	"[""1950""]"	[]	"[[14,""forward"",81,""1950""]]"	[]
ecoli50_r003462	no_hit				0	0	0	0	0	0	[]	[]	[]	[]
ecoli50_r003463	no_hit				0	0	0	0	0	0	[]	[]	[]	[]
ecoli50_r003464	no_hit				0	0	0	0	0	0	[]	[]	[]	[]
ecoli50_r003465	no_hit				0	0	0	0	0	0	[]	[]	[]	[]
ecoli50_r003466	no_hit				0	0	0	0	0	0	[]	[]	[]	[]
ecoli50_r003467	no_hit				0	0	0	0	0	0	[]	[]	[]	[]
ecoli50_r003468	no_hit				0	0	0	0	0	0	[]	[]	[]	[]
ecoli50_r003469	no_hit				0	0	0	0	0	0	[]	[]	[]	[]
ecoli50_r003470	no_hit				0	0	0	0	0	0	[]	[]	[]	[]
ecoli50_r003471	no_hit				0	0	0	0	0	0	[]	[]	[]	[]
ecoli50_r003472	no_hit				0	0	0	0	0	0	[]	[]	[]	[]
ecoli50_r003473	no_hit				0	0	0	0	0	0	[]	[]	[]	[]
ecoli50_r003474	no_hit				0	0	0	0	0	0	[]	[]	[]	[]
ecoli50_r003475	no_hit				0	0	0	0	0	0	[]	[]	[]	[]
ecoli50_r003476	no_hit				0	0	0	0	0	0	[]	[]	[]	[]
ecoli50_r003477	position_consistent_positive	10	forward	81	1	0	1	0	1	0	"[""2488""]"	[]	"[[10,""forward"",81,""2488""]]"	[]
ecoli50_r003478	no_hit				0	0	0	0	0	0	[]	[]	[]	[]
ecoli50_r003479	no_hit				0	0	0	0	0	0	[]	[]	[]	[]
ecoli50_r003480	no_hit				0	0	0	0	0	0	[]	[]	[]	[]
ecoli50_r003481	no_hit				0	0	0	0	0	0	[]	[]	[]	[]
ecoli50_r003482	no_hit				0	0	0	0	0	0	[]	[]	[]	[]
ecoli50_r003483	position_consistent_positive	31	reverse	81	1	0	1	0	1	0	"[""523""]"	[]	"[[31,""reverse"",81,""523""]]"	[]
ecoli50_r003484	position_consistent_positive	11	forward	81	1	0	1	0	1	0	"[""2465""]"	[]	"[[11,""forward"",81,""2465""]]"	[]
ecoli50_r003485	position_consistent_positive	7	reverse	81	1	0	1	0	1	0	"[""1894""]"	[]	"[[7,""reverse"",81,""1894""]]"	[]
ecoli50_r003486	no_hit				0	0	0	0	0	0	[]	[]	[]	[]
ecoli50_r003487	no_hit				0	0	0	0	0	0	[]	[]	[]	[]
ecoli50_r003488	no_hit				0	0	0	0	0	0	[]	[]	[]	[]
ecoli50_r003489	no_hit				0	0	0	0	0	0	[]	[]	[]	[]
ecoli50_r003490	no_hit				0	0	0	0	0	0	[]	[]	[]	[]
ecoli50_r003491	no_hit				0	0	0	0	0	0	[]	[]	[]	[]
ecoli50_r003492	no_hit				0	0	0	0	0	0	[]	[]	[]	[]
ecoli50_r003493	no_hit				0	0	0	0	0	0	[]	[]	[]	[]
ecoli50_r003494	no_hit				0	0	0	0	0	0	[]	[]	[]	[]
ecoli50_r003495	no_hit				0	0	0	0	0	0	[]	[]	[]	[]
ecoli50_r003496	no_hit				0	0	0	0	0	0	[]	[]	[]	[]
ecoli50_r003497	no_hit				0	0	0	0	0	0	[]	[]	[]	[]
ecoli50_r003498	no_hit				0	0	0	0	0	0	[]	[]	[]	[]
ecoli50_r003499	no_hit				0	0	0	0	0	0	[]	[]	[]	[]
ecoli50_r003500	no_hit				0	0	0	0	0	0	[]	[]	[]	[]
ecoli50_r003501	no_hit				0	0	0	0	0	0	[]	[]	[]	[]
ecoli50_r003502	position_consistent_positive	2	forward	81	1	0	1	0	1	0	"[""2664""]"	[]	"[[2,""forward"",81,""2664""]]"	[]
ecoli50_r003503	no_hit				0	0	0	0	0	0	[]	[]	[]	[]
ecoli50_r003504	no_hit				0	0	0	0	0	0	[]	[]	[]	[]
ecoli50_r003505	no_hit				0	0	0	0	0	0	[]	[]	[]	[]
ecoli50_r003506	no_hit				0	0	0	0	0	0	[]	[]	[]	[]
ecoli50_r003507	no_hit				0	0	0	0	0	0	[]	[]	[]	[]
ecoli50_r003508	no_hit				0	0	0	0	0	0	[]	[]	[]	[]
ecoli50_r003509	no_hit				0	0	0	0	0	0	[]	[]	[]	[]
ecoli50_r003510	no_hit				0	0	0	0	0	0	[]	[]	[]	[]
ecoli50_r003511	no_hit				0	0	0	0	0	0	[]	[]	[]	[]
ecoli50_r003512	no_hit				0	0	0	0	0	0	[]	[]	[]	[]
ecoli50_r003513	no_hit				0	0	0	0	0	0	[]	[]	[]	[]
ecoli50_r003514	no_hit				0	0	0	0	0	0	[]	[]	[]	[]
ecoli50_r003515	no_hit				0	0	0	0	0	0	[]	[]	[]	[]
ecoli50_r003516	no_hit				0	0	0	0	0	0	[]	[]	[]	[]
ecoli50_r003517	no_hit				0	0	0	0	0	0	[]	[]	[]	[]
ecoli50_r003518	no_hit				0	0	0	0	0	0	[]	[]	[]	[]
ecoli50_r003519	no_hit				0	0	0	0	0	0	[]	[]	[]	[]
ecoli50_r003520	no_hit				0	0	0	0	0	0	[]	[]	[]	[]
ecoli50_r003521	no_hit				0	0	0	0	0	0	[]	[]	[]	[]
ecoli50_r003522	negative_only				0	1	0	1	0	1	[]	"[""2466""]"	[]	"[[5,""reverse"",81,""2466""]]"
ecoli50_r003523	no_hit				0	0	0	0	0	0	[]	[]	[]	[]
ecoli50_r003524	no_hit				0	0	0	0	0	0	[]	[]	[]	[]
ecoli50_r003525	position_consistent_positive	9	forward	81	1	0	1	0	1	0	"[""1578""]"	[]	"[[9,""forward"",81,""1578""]]"	[]
ecoli50_r003526	no_hit				0	0	0	0	0	0	[]	[]	[]	[]
ecoli50_r003527	no_hit				0	0	0	0	0	0	[]	[]	[]	[]
ecoli50_r003528	no_hit				0	0	0	0	0	0	[]	[]	[]	[]
ecoli50_r003529	no_hit				0	0	0	0	0	0	[]	[]	[]	[]
ecoli50_r003530	no_hit				0	0	0	0	0	0	[]	[]	[]	[]
ecoli50_r003531	no_hit				0	0	0	0	0	0	[]	[]	[]	[]
ecoli50_r003532	no_hit				0	0	0	0	0	0	[]	[]	[]	[]
ecoli50_r003533	no_hit				0	0	0	0	0	0	[]	[]	[]	[]
ecoli50_r003534	no_hit				0	0	0	0	0	0	[]	[]	[]	[]
ecoli50_r003535	no_hit				0	0	0	0	0	0	[]	[]	[]	[]
ecoli50_r003536	no_hit				0	0	0	0	0	0	[]	[]	[]	[]
ecoli50_r003537	no_hit				0	0	0	0	0	0	[]	[]	[]	[]
ecoli50_r003538	no_hit				0	0	0	0	0	0	[]	[]	[]	[]
ecoli50_r003539	no_hit				0	0	0	0	0	0	[]	[]	[]	[]
ecoli50_r003540	no_hit				0	0	0	0	0	0	[]	[]	[]	[]
ecoli50_r003541	no_hit				0	0	0	0	0	0	[]	[]	[]	[]
ecoli50_r003542	no_hit				0	0	0	0	0	0	[]	[]	[]	[]
ecoli50_r003543	no_hit				0	0	0	0	0	0	[]	[]	[]	[]
ecoli50_r003544	no_hit				0	0	0	0	0	0	[]	[]	[]	[]
ecoli50_r003545	no_hit				0	0	0	0	0	0	[]	[]	[]	[]
ecoli50_r003546	no_hit				0	0	0	0	0	0	[]	[]	[]	[]
ecoli50_r003547	no_hit				0	0	0	0	0	0	[]	[]	[]	[]
ecoli50_r003548	no_hit				0	0	0	0	0	0	[]	[]	[]	[]
ecoli50_r003549	no_hit				0	0	0	0	0	0	[]	[]	[]	[]
ecoli50_r003550	no_hit				0	0	0	0	0	0	[]	[]	[]	[]
ecoli50_r003551	no_hit				0	0	0	0	0	0	[]	[]	[]	[]
ecoli50_r003552	no_hit				0	0	0	0	0	0	[]	[]	[]	[]
ecoli50_r003553	no_hit				0	0	0	0	0	0	[]	[]	[]	[]
ecoli50_r003554	no_hit				0	0	0	0	0	0	[]	[]	[]	[]
ecoli50_r003555	no_hit				0	0	0	0	0	0	[]	[]	[]	[]
ecoli50_r003556	no_hit				0	0	0	0	0	0	[]	[]	[]	[]
ecoli50_r003557	no_hit				0	0	0	0	0	0	[]	[]	[]	[]
ecoli50_r003558	no_hit				0	0	0	0	0	0	[]	[]	[]	[]
ecoli50_r003559	no_hit				0	0	0	0	0	0	[]	[]	[]	[]
ecoli50_r003560	no_hit				0	0	0	0	0	0	[]	[]	[]	[]
ecoli50_r003561	no_hit				0	0	0	0	0	0	[]	[]	[]	[]
ecoli50_r003562	no_hit				0	0	0	0	0	0	[]	[]	[]	[]
ecoli50_r003563	no_hit				0	0	0	0	0	0	[]	[]	[]	[]
ecoli50_r003564	no_hit				0	0	0	0	0	0	[]	[]	[]	[]
ecoli50_r003565	no_hit				0	0	0	0	0	0	[]	[]	[]	[]
ecoli50_r003566	no_hit				0	0	0	0	0	0	[]	[]	[]	[]
ecoli50_r003567	no_hit				0	0	0	0	0	0	[]	[]	[]	[]
ecoli50_r003568	no_hit				0	0	0	0	0	0	[]	[]	[]	[]
ecoli50_r003569	no_hit				0	0	0	0	0	0	[]	[]	[]	[]
ecoli50_r003570	no_hit				0	0	0	0	0	0	[]	[]	[]	[]
ecoli50_r003571	position_consistent_positive	7	forward	81	1	0	1	0	1	0	"[""2724""]"	[]	"[[7,""forward"",81,""2724""]]"	[]
ecoli50_r003572	no_hit				0	0	0	0	0	0	[]	[]	[]	[]
ecoli50_r003573	no_hit				0	0	0	0	0	0	[]	[]	[]	[]
ecoli50_r003574	no_hit				0	0	0	0	0	0	[]	[]	[]	[]
ecoli50_r003575	no_hit				0	0	0	0	0	0	[]	[]	[]	[]
ecoli50_r003576	no_hit				0	0	0	0	0	0	[]	[]	[]	[]
ecoli50_r003577	no_hit				0	0	0	0	0	0	[]	[]	[]	[]
ecoli50_r003578	no_hit				0	0	0	0	0	0	[]	[]	[]	[]
ecoli50_r003579	no_hit				0	0	0	0	0	0	[]	[]	[]	[]
ecoli50_r003580	no_hit				0	0	0	0	0	0	[]	[]	[]	[]
ecoli50_r003581	no_hit				0	0	0	0	0	0	[]	[]	[]	[]
ecoli50_r003582	no_hit				0	0	0	0	0	0	[]	[]	[]	[]
ecoli50_r003583	no_hit				0	0	0	0	0	0	[]	[]	[]	[]
ecoli50_r003584	position_consistent_positive	13	forward	81	1	0	1	0	1	0	"[""1913""]"	[]	"[[13,""forward"",81,""1913""]]"	[]
ecoli50_r003585	no_hit				0	0	0	0	0	0	[]	[]	[]	[]
ecoli50_r003586	no_hit				0	0	0	0	0	0	[]	[]	[]	[]
ecoli50_r003587	no_hit				0	0	0	0	0	0	[]	[]	[]	[]
ecoli50_r003588	no_hit				0	0	0	0	0	0	[]	[]	[]	[]
ecoli50_r003589	no_hit				0	0	0	0	0	0	[]	[]	[]	[]
ecoli50_r003590	no_hit				0	0	0	0	0	0	[]	[]	[]	[]
ecoli50_r003591	no_hit				0	0	0	0	0	0	[]	[]	[]	[]
ecoli50_r003592	no_hit				0	0	0	0	0	0	[]	[]	[]	[]
ecoli50_r003593	no_hit				0	0	0	0	0	0	[]	[]	[]	[]
ecoli50_r003594	no_hit				0	0	0	0	0	0	[]	[]	[]	[]
ecoli50_r003595	no_hit				0	0	0	0	0	0	[]	[]	[]	[]
ecoli50_r003596	no_hit				0	0	0	0	0	0	[]	[]	[]	[]
ecoli50_r003597	no_hit				0	0	0	0	0	0	[]	[]	[]	[]
ecoli50_r003598	no_hit				0	0	0	0	0	0	[]	[]	[]	[]
ecoli50_r003599	no_hit				0	0	0	0	0	0	[]	[]	[]	[]
ecoli50_r003600	no_hit				0	0	0	0	0	0	[]	[]	[]	[]
ecoli50_r003601	no_hit				0	0	0	0	0	0	[]	[]	[]	[]
ecoli50_r003602	no_hit				0	0	0	0	0	0	[]	[]	[]	[]
ecoli50_r003603	no_hit				0	0	0	0	0	0	[]	[]	[]	[]
ecoli50_r003604	no_hit				0	0	0	0	0	0	[]	[]	[]	[]
ecoli50_r003605	no_hit				0	0	0	0	0	0	[]	[]	[]	[]
ecoli50_r003606	position_consistent_positive	9	forward	81	1	0	1	0	1	0	"[""1930""]"	[]	"[[9,""forward"",81,""1930""]]"	[]
ecoli50_r003607	no_hit				0	0	0	0	0	0	[]	[]	[]	[]
ecoli50_r003608	no_hit				0	0	0	0	0	0	[]	[]	[]	[]
ecoli50_r003609	no_hit				0	0	0	0	0	0	[]	[]	[]	[]
ecoli50_r003610	no_hit				0	0	0	0	0	0	[]	[]	[]	[]
ecoli50_r003611	no_hit				0	0	0	0	0	0	[]	[]	[]	[]
ecoli50_r003612	no_hit				0	0	0	0	0	0	[]	[]	[]	[]
ecoli50_r003613	no_hit				0	0	0	0	0	0	[]	[]	[]	[]
ecoli50_r003614	no_hit				0	0	0	0	0	0	[]	[]	[]	[]
ecoli50_r003615	no_hit				0	0	0	0	0	0	[]	[]	[]	[]
ecoli50_r003616	no_hit				0	0	0	0	0	0	[]	[]	[]	[]
ecoli50_r003617	no_hit				0	0	0	0	0	0	[]	[]	[]	[]
ecoli50_r003618	no_hit				0	0	0	0	0	0	[]	[]	[]	[]
ecoli50_r003619	no_hit				0	0	0	0	0	0	[]	[]	[]	[]
ecoli50_r003620	no_hit				0	0	0	0	0	0	[]	[]	[]	[]
ecoli50_r003621	no_hit				0	0	0	0	0	0	[]	[]	[]	[]
ecoli50_r003622	no_hit				0	0	0	0	0	0	[]	[]	[]	[]
ecoli50_r003623	no_hit				0	0	0	0	0	0	[]	[]	[]	[]
ecoli50_r003624	no_hit				0	0	0	0	0	0	[]	[]	[]	[]
ecoli50_r003625	no_hit				0	0	0	0	0	0	[]	[]	[]	[]
ecoli50_r003626	no_hit				0	0	0	0	0	0	[]	[]	[]	[]
ecoli50_r003627	no_hit				0	0	0	0	0	0	[]	[]	[]	[]
ecoli50_r003628	no_hit				0	0	0	0	0	0	[]	[]	[]	[]
ecoli50_r003629	no_hit				0	0	0	0	0	0	[]	[]	[]	[]
ecoli50_r003630	no_hit				0	0	0	0	0	0	[]	[]	[]	[]
ecoli50_r003631	no_hit				0	0	0	0	0	0	[]	[]	[]	[]
ecoli50_r003632	no_hit				0	0	0	0	0	0	[]	[]	[]	[]
ecoli50_r003633	no_hit				0	0	0	0	0	0	[]	[]	[]	[]
ecoli50_r003634	no_hit				0	0	0	0	0	0	[]	[]	[]	[]
ecoli50_r003635	no_hit				0	0	0	0	0	0	[]	[]	[]	[]
ecoli50_r003636	position_consistent_positive	10	forward	81	1	0	1	0	1	0	"[""1812""]"	[]	"[[10,""forward"",81,""1812""]]"	[]
ecoli50_r003637	no_hit				0	0	0	0	0	0	[]	[]	[]	[]
ecoli50_r003638	no_hit				0	0	0	0	0	0	[]	[]	[]	[]
ecoli50_r003639	no_hit				0	0	0	0	0	0	[]	[]	[]	[]
ecoli50_r003640	no_hit				0	0	0	0	0	0	[]	[]	[]	[]
ecoli50_r003641	no_hit				0	0	0	0	0	0	[]	[]	[]	[]
ecoli50_r003642	no_hit				0	0	0	0	0	0	[]	[]	[]	[]
ecoli50_r003643	no_hit				0	0	0	0	0	0	[]	[]	[]	[]
ecoli50_r003644	no_hit				0	0	0	0	0	0	[]	[]	[]	[]
ecoli50_r003645	no_hit				0	0	0	0	0	0	[]	[]	[]	[]
ecoli50_r003646	no_hit				0	0	0	0	0	0	[]	[]	[]	[]
ecoli50_r003647	no_hit				0	0	0	0	0	0	[]	[]	[]	[]
ecoli50_r003648	no_hit				0	0	0	0	0	0	[]	[]	[]	[]
ecoli50_r003649	negative_only				0	1	0	1	0	1	[]	"[""2113""]"	[]	"[[26,""forward"",81,""2113""]]"
ecoli50_r003650	no_hit				0	0	0	0	0	0	[]	[]	[]	[]
ecoli50_r003651	no_hit				0	0	0	0	0	0	[]	[]	[]	[]
ecoli50_r003652	no_hit				0	0	0	0	0	0	[]	[]	[]	[]
ecoli50_r003653	no_hit				0	0	0	0	0	0	[]	[]	[]	[]
ecoli50_r003654	no_hit				0	0	0	0	0	0	[]	[]	[]	[]
ecoli50_r003655	no_hit				0	0	0	0	0	0	[]	[]	[]	[]
ecoli50_r003656	no_hit				0	0	0	0	0	0	[]	[]	[]	[]
ecoli50_r003657	no_hit				0	0	0	0	0	0	[]	[]	[]	[]
ecoli50_r003658	no_hit				0	0	0	0	0	0	[]	[]	[]	[]
ecoli50_r003659	no_hit				0	0	0	0	0	0	[]	[]	[]	[]
ecoli50_r003660	no_hit				0	0	0	0	0	0	[]	[]	[]	[]
ecoli50_r003661	no_hit				0	0	0	0	0	0	[]	[]	[]	[]
ecoli50_r003662	no_hit				0	0	0	0	0	0	[]	[]	[]	[]
ecoli50_r003663	no_hit				0	0	0	0	0	0	[]	[]	[]	[]
ecoli50_r003664	no_hit				0	0	0	0	0	0	[]	[]	[]	[]
ecoli50_r003665	no_hit				0	0	0	0	0	0	[]	[]	[]	[]
ecoli50_r003666	no_hit				0	0	0	0	0	0	[]	[]	[]	[]
ecoli50_r003667	no_hit				0	0	0	0	0	0	[]	[]	[]	[]
ecoli50_r003668	no_hit				0	0	0	0	0	0	[]	[]	[]	[]
ecoli50_r003669	no_hit				0	0	0	0	0	0	[]	[]	[]	[]
ecoli50_r003670	no_hit				0	0	0	0	0	0	[]	[]	[]	[]
ecoli50_r003671	no_hit				0	0	0	0	0	0	[]	[]	[]	[]
ecoli50_r003672	no_hit				0	0	0	0	0	0	[]	[]	[]	[]
ecoli50_r003673	no_hit				0	0	0	0	0	0	[]	[]	[]	[]
ecoli50_r003674	no_hit				0	0	0	0	0	0	[]	[]	[]	[]
ecoli50_r003675	no_hit				0	0	0	0	0	0	[]	[]	[]	[]
ecoli50_r003676	no_hit				0	0	0	0	0	0	[]	[]	[]	[]
ecoli50_r003677	no_hit				0	0	0	0	0	0	[]	[]	[]	[]
ecoli50_r003678	no_hit				0	0	0	0	0	0	[]	[]	[]	[]
ecoli50_r003679	no_hit				0	0	0	0	0	0	[]	[]	[]	[]
ecoli50_r003680	no_hit				0	0	0	0	0	0	[]	[]	[]	[]
ecoli50_r003681	no_hit				0	0	0	0	0	0	[]	[]	[]	[]
ecoli50_r003682	no_hit				0	0	0	0	0	0	[]	[]	[]	[]
ecoli50_r003683	no_hit				0	0	0	0	0	0	[]	[]	[]	[]
ecoli50_r003684	no_hit				0	0	0	0	0	0	[]	[]	[]	[]
ecoli50_r003685	no_hit				0	0	0	0	0	0	[]	[]	[]	[]
ecoli50_r003686	no_hit				0	0	0	0	0	0	[]	[]	[]	[]
ecoli50_r003687	no_hit				0	0	0	0	0	0	[]	[]	[]	[]
ecoli50_r003688	no_hit				0	0	0	0	0	0	[]	[]	[]	[]
ecoli50_r003689	no_hit				0	0	0	0	0	0	[]	[]	[]	[]
ecoli50_r003690	no_hit				0	0	0	0	0	0	[]	[]	[]	[]
ecoli50_r003691	no_hit				0	0	0	0	0	0	[]	[]	[]	[]
ecoli50_r003692	no_hit				0	0	0	0	0	0	[]	[]	[]	[]
ecoli50_r003693	no_hit				0	0	0	0	0	0	[]	[]	[]	[]
ecoli50_r003694	no_hit				0	0	0	0	0	0	[]	[]	[]	[]
ecoli50_r003695	no_hit				0	0	0	0	0	0	[]	[]	[]	[]
ecoli50_r003696	no_hit				0	0	0	0	0	0	[]	[]	[]	[]
ecoli50_r003697	no_hit				0	0	0	0	0	0	[]	[]	[]	[]
ecoli50_r003698	no_hit				0	0	0	0	0	0	[]	[]	[]	[]
ecoli50_r003699	no_hit				0	0	0	0	0	0	[]	[]	[]	[]
ecoli50_r003700	no_hit				0	0	0	0	0	0	[]	[]	[]	[]
ecoli50_r003701	no_hit				0	0	0	0	0	0	[]	[]	[]	[]
ecoli50_r003702	no_hit				0	0	0	0	0	0	[]	[]	[]	[]
ecoli50_r003703	no_hit				0	0	0	0	0	0	[]	[]	[]	[]
ecoli50_r003704	no_hit				0	0	0	0	0	0	[]	[]	[]	[]
ecoli50_r003705	no_hit				0	0	0	0	0	0	[]	[]	[]	[]
ecoli50_r003706	no_hit				0	0	0	0	0	0	[]	[]	[]	[]
ecoli50_r003707	no_hit				0	0	0	0	0	0	[]	[]	[]	[]
ecoli50_r003708	no_hit				0	0	0	0	0	0	[]	[]	[]	[]
ecoli50_r003709	no_hit				0	0	0	0	0	0	[]	[]	[]	[]
ecoli50_r003710	no_hit				0	0	0	0	0	0	[]	[]	[]	[]
ecoli50_r003711	no_hit				0	0	0	0	0	0	[]	[]	[]	[]
ecoli50_r003712	no_hit				0	0	0	0	0	0	[]	[]	[]	[]
ecoli50_r003713	no_hit				0	0	0	0	0	0	[]	[]	[]	[]
ecoli50_r003714	no_hit				0	0	0	0	0	0	[]	[]	[]	[]
ecoli50_r003715	no_hit				0	0	0	0	0	0	[]	[]	[]	[]
ecoli50_r003716	no_hit				0	0	0	0	0	0	[]	[]	[]	[]
ecoli50_r003717	no_hit				0	0	0	0	0	0	[]	[]	[]	[]
ecoli50_r003718	no_hit				0	0	0	0	0	0	[]	[]	[]	[]
ecoli50_r003719	position_consistent_positive	22	forward	81	1	0	1	0	1	0	"[""224""]"	[]	"[[22,""forward"",81,""224""]]"	[]
ecoli50_r003720	no_hit				0	0	0	0	0	0	[]	[]	[]	[]
ecoli50_r003721	no_hit				0	0	0	0	0	0	[]	[]	[]	[]
ecoli50_r003722	position_consistent_positive	9	reverse	81	1	0	1	0	1	0	"[""350""]"	[]	"[[9,""reverse"",81,""350""]]"	[]
ecoli50_r003723	no_hit				0	0	0	0	0	0	[]	[]	[]	[]
ecoli50_r003724	no_hit				0	0	0	0	0	0	[]	[]	[]	[]
ecoli50_r003725	no_hit				0	0	0	0	0	0	[]	[]	[]	[]
ecoli50_r003726	position_consistent_positive	13	forward	81	1	0	1	0	1	0	"[""1736""]"	[]	"[[13,""forward"",81,""1736""]]"	[]
ecoli50_r003727	no_hit				0	0	0	0	0	0	[]	[]	[]	[]
ecoli50_r003728	no_hit				0	0	0	0	0	0	[]	[]	[]	[]
ecoli50_r003729	no_hit				0	0	0	0	0	0	[]	[]	[]	[]
ecoli50_r003730	position_consistent_positive	8	forward	81	1	0	1	0	1	0	"[""3110""]"	[]	"[[8,""forward"",81,""3110""]]"	[]
ecoli50_r003731	no_hit				0	0	0	0	0	0	[]	[]	[]	[]
ecoli50_r003732	no_hit				0	0	0	0	0	0	[]	[]	[]	[]
ecoli50_r003733	no_hit				0	0	0	0	0	0	[]	[]	[]	[]
ecoli50_r003734	no_hit				0	0	0	0	0	0	[]	[]	[]	[]
ecoli50_r003735	no_hit				0	0	0	0	0	0	[]	[]	[]	[]
ecoli50_r003736	position_consistent_positive	23	reverse	81	1	0	1	0	1	0	"[""1953""]"	[]	"[[23,""reverse"",81,""1953""]]"	[]
ecoli50_r003737	no_hit				0	0	0	0	0	0	[]	[]	[]	[]
ecoli50_r003738	no_hit				0	0	0	0	0	0	[]	[]	[]	[]
ecoli50_r003739	no_hit				0	0	0	0	0	0	[]	[]	[]	[]
ecoli50_r003740	no_hit				0	0	0	0	0	0	[]	[]	[]	[]
ecoli50_r003741	no_hit				0	0	0	0	0	0	[]	[]	[]	[]
ecoli50_r003742	no_hit				0	0	0	0	0	0	[]	[]	[]	[]
ecoli50_r003743	no_hit				0	0	0	0	0	0	[]	[]	[]	[]
ecoli50_r003744	no_hit				0	0	0	0	0	0	[]	[]	[]	[]
ecoli50_r003745	no_hit				0	0	0	0	0	0	[]	[]	[]	[]
ecoli50_r003746	no_hit				0	0	0	0	0	0	[]	[]	[]	[]
ecoli50_r003747	no_hit				0	0	0	0	0	0	[]	[]	[]	[]
ecoli50_r003748	no_hit				0	0	0	0	0	0	[]	[]	[]	[]
ecoli50_r003749	no_hit				0	0	0	0	0	0	[]	[]	[]	[]
ecoli50_r003750	no_hit				0	0	0	0	0	0	[]	[]	[]	[]
ecoli50_r003751	no_hit				0	0	0	0	0	0	[]	[]	[]	[]
ecoli50_r003752	no_hit				0	0	0	0	0	0	[]	[]	[]	[]
ecoli50_r003753	no_hit				0	0	0	0	0	0	[]	[]	[]	[]
ecoli50_r003754	no_hit				0	0	0	0	0	0	[]	[]	[]	[]
ecoli50_r003755	no_hit				0	0	0	0	0	0	[]	[]	[]	[]
ecoli50_r003756	no_hit				0	0	0	0	0	0	[]	[]	[]	[]
ecoli50_r003757	no_hit				0	0	0	0	0	0	[]	[]	[]	[]
ecoli50_r003758	no_hit				0	0	0	0	0	0	[]	[]	[]	[]
ecoli50_r003759	no_hit				0	0	0	0	0	0	[]	[]	[]	[]
ecoli50_r003760	no_hit				0	0	0	0	0	0	[]	[]	[]	[]
ecoli50_r003761	no_hit				0	0	0	0	0	0	[]	[]	[]	[]
ecoli50_r003762	no_hit				0	0	0	0	0	0	[]	[]	[]	[]
ecoli50_r003763	no_hit				0	0	0	0	0	0	[]	[]	[]	[]
ecoli50_r003764	no_hit				0	0	0	0	0	0	[]	[]	[]	[]
ecoli50_r003765	no_hit				0	0	0	0	0	0	[]	[]	[]	[]
ecoli50_r003766	no_hit				0	0	0	0	0	0	[]	[]	[]	[]
ecoli50_r003767	no_hit				0	0	0	0	0	0	[]	[]	[]	[]
ecoli50_r003768	no_hit				0	0	0	0	0	0	[]	[]	[]	[]
ecoli50_r003769	no_hit				0	0	0	0	0	0	[]	[]	[]	[]
ecoli50_r003770	no_hit				0	0	0	0	0	0	[]	[]	[]	[]
ecoli50_r003771	no_hit				0	0	0	0	0	0	[]	[]	[]	[]
ecoli50_r003772	no_hit				0	0	0	0	0	0	[]	[]	[]	[]
ecoli50_r003773	no_hit				0	0	0	0	0	0	[]	[]	[]	[]
ecoli50_r003774	no_hit				0	0	0	0	0	0	[]	[]	[]	[]
ecoli50_r003775	no_hit				0	0	0	0	0	0	[]	[]	[]	[]
ecoli50_r003776	no_hit				0	0	0	0	0	0	[]	[]	[]	[]
ecoli50_r003777	position_consistent_positive	10	reverse	81	1	0	1	0	1	0	"[""1086""]"	[]	"[[10,""reverse"",81,""1086""]]"	[]
ecoli50_r003778	position_consistent_positive	10	forward	81	1	0	1	0	1	0	"[""1086""]"	[]	"[[10,""forward"",81,""1086""]]"	[]
ecoli50_r003779	no_hit				0	0	0	0	0	0	[]	[]	[]	[]
ecoli50_r003780	no_hit				0	0	0	0	0	0	[]	[]	[]	[]
ecoli50_r003781	no_hit				0	0	0	0	0	0	[]	[]	[]	[]
ecoli50_r003782	no_hit				0	0	0	0	0	0	[]	[]	[]	[]
ecoli50_r003783	ambiguous_positive				2	0	2	0	2	0	"[""2128"",""2457""]"	[]	"[[10,""forward"",81,""2128""],[13,""forward"",81,""2457""]]"	[]
ecoli50_r003784	no_hit				0	0	0	0	0	0	[]	[]	[]	[]
ecoli50_r003785	no_hit				0	0	0	0	0	0	[]	[]	[]	[]
ecoli50_r003786	no_hit				0	0	0	0	0	0	[]	[]	[]	[]
ecoli50_r003787	no_hit				0	0	0	0	0	0	[]	[]	[]	[]
ecoli50_r003788	no_hit				0	0	0	0	0	0	[]	[]	[]	[]
ecoli50_r003789	no_hit				0	0	0	0	0	0	[]	[]	[]	[]
ecoli50_r003790	position_consistent_positive	7	forward	81	1	0	1	0	1	0	"[""398""]"	[]	"[[7,""forward"",81,""398""]]"	[]
ecoli50_r003791	no_hit				0	0	0	0	0	0	[]	[]	[]	[]
ecoli50_r003792	no_hit				0	0	0	0	0	0	[]	[]	[]	[]
ecoli50_r003793	no_hit				0	0	0	0	0	0	[]	[]	[]	[]
ecoli50_r003794	no_hit				0	0	0	0	0	0	[]	[]	[]	[]
ecoli50_r003795	no_hit				0	0	0	0	0	0	[]	[]	[]	[]
ecoli50_r003796	no_hit				0	0	0	0	0	0	[]	[]	[]	[]
ecoli50_r003797	no_hit				0	0	0	0	0	0	[]	[]	[]	[]
ecoli50_r003798	no_hit				0	0	0	0	0	0	[]	[]	[]	[]
ecoli50_r003799	no_hit				0	0	0	0	0	0	[]	[]	[]	[]
ecoli50_r003800	no_hit				0	0	0	0	0	0	[]	[]	[]	[]
ecoli50_r003801	no_hit				0	0	0	0	0	0	[]	[]	[]	[]
ecoli50_r003802	no_hit				0	0	0	0	0	0	[]	[]	[]	[]
ecoli50_r003803	no_hit				0	0	0	0	0	0	[]	[]	[]	[]
ecoli50_r003804	no_hit				0	0	0	0	0	0	[]	[]	[]	[]
ecoli50_r003805	no_hit				0	0	0	0	0	0	[]	[]	[]	[]
ecoli50_r003806	no_hit				0	0	0	0	0	0	[]	[]	[]	[]
ecoli50_r003807	no_hit				0	0	0	0	0	0	[]	[]	[]	[]
ecoli50_r003808	no_hit				0	0	0	0	0	0	[]	[]	[]	[]
ecoli50_r003809	negative_only				0	1	0	1	0	1	[]	"[""2440""]"	[]	"[[20,""reverse"",81,""2440""]]"
ecoli50_r003810	no_hit				0	0	0	0	0	0	[]	[]	[]	[]
ecoli50_r003811	no_hit				0	0	0	0	0	0	[]	[]	[]	[]
ecoli50_r003812	no_hit				0	0	0	0	0	0	[]	[]	[]	[]
ecoli50_r003813	no_hit				0	0	0	0	0	0	[]	[]	[]	[]
ecoli50_r003814	no_hit				0	0	0	0	0	0	[]	[]	[]	[]
ecoli50_r003815	no_hit				0	0	0	0	0	0	[]	[]	[]	[]
ecoli50_r003816	no_hit				0	0	0	0	0	0	[]	[]	[]	[]
ecoli50_r003817	no_hit				0	0	0	0	0	0	[]	[]	[]	[]
ecoli50_r003818	no_hit				0	0	0	0	0	0	[]	[]	[]	[]
ecoli50_r003819	no_hit				0	0	0	0	0	0	[]	[]	[]	[]
ecoli50_r003820	no_hit				0	0	0	0	0	0	[]	[]	[]	[]
ecoli50_r003821	position_consistent_positive	10	forward	81	1	0	1	0	1	0	"[""1986""]"	[]	"[[10,""forward"",81,""1986""]]"	[]
ecoli50_r003822	no_hit				0	0	0	0	0	0	[]	[]	[]	[]
ecoli50_r003823	no_hit				0	0	0	0	0	0	[]	[]	[]	[]
ecoli50_r003824	no_hit				0	0	0	0	0	0	[]	[]	[]	[]
ecoli50_r003825	no_hit				0	0	0	0	0	0	[]	[]	[]	[]
ecoli50_r003826	no_hit				0	0	0	0	0	0	[]	[]	[]	[]
ecoli50_r003827	no_hit				0	0	0	0	0	0	[]	[]	[]	[]
ecoli50_r003828	no_hit				0	0	0	0	0	0	[]	[]	[]	[]
ecoli50_r003829	no_hit				0	0	0	0	0	0	[]	[]	[]	[]
ecoli50_r003830	no_hit				0	0	0	0	0	0	[]	[]	[]	[]
ecoli50_r003831	no_hit				0	0	0	0	0	0	[]	[]	[]	[]
ecoli50_r003832	no_hit				0	0	0	0	0	0	[]	[]	[]	[]
ecoli50_r003833	no_hit				0	0	0	0	0	0	[]	[]	[]	[]
ecoli50_r003834	no_hit				0	0	0	0	0	0	[]	[]	[]	[]
ecoli50_r003835	no_hit				0	0	0	0	0	0	[]	[]	[]	[]
ecoli50_r003836	no_hit				0	0	0	0	0	0	[]	[]	[]	[]
ecoli50_r003837	no_hit				0	0	0	0	0	0	[]	[]	[]	[]
ecoli50_r003838	no_hit				0	0	0	0	0	0	[]	[]	[]	[]
ecoli50_r003839	no_hit				0	0	0	0	0	0	[]	[]	[]	[]
ecoli50_r003840	no_hit				0	0	0	0	0	0	[]	[]	[]	[]
ecoli50_r003841	no_hit				0	0	0	0	0	0	[]	[]	[]	[]
ecoli50_r003842	no_hit				0	0	0	0	0	0	[]	[]	[]	[]
ecoli50_r003843	no_hit				0	0	0	0	0	0	[]	[]	[]	[]
ecoli50_r003844	position_consistent_positive	2	reverse	81	1	0	1	0	1	0	"[""3284""]"	[]	"[[2,""reverse"",81,""3284""]]"	[]
ecoli50_r003845	no_hit				0	0	0	0	0	0	[]	[]	[]	[]
ecoli50_r003846	no_hit				0	0	0	0	0	0	[]	[]	[]	[]
ecoli50_r003847	no_hit				0	0	0	0	0	0	[]	[]	[]	[]
ecoli50_r003848	no_hit				0	0	0	0	0	0	[]	[]	[]	[]
ecoli50_r003849	position_consistent_positive	1	forward	81	1	0	1	0	1	0	"[""436""]"	[]	"[[1,""forward"",81,""436""]]"	[]
ecoli50_r003850	no_hit				0	0	0	0	0	0	[]	[]	[]	[]
ecoli50_r003851	no_hit				0	0	0	0	0	0	[]	[]	[]	[]
ecoli50_r003852	no_hit				0	0	0	0	0	0	[]	[]	[]	[]
ecoli50_r003853	no_hit				0	0	0	0	0	0	[]	[]	[]	[]
ecoli50_r003854	no_hit				0	0	0	0	0	0	[]	[]	[]	[]
ecoli50_r003855	no_hit				0	0	0	0	0	0	[]	[]	[]	[]
ecoli50_r003856	no_hit				0	0	0	0	0	0	[]	[]	[]	[]
ecoli50_r003857	no_hit				0	0	0	0	0	0	[]	[]	[]	[]
ecoli50_r003858	no_hit				0	0	0	0	0	0	[]	[]	[]	[]
ecoli50_r003859	no_hit				0	0	0	0	0	0	[]	[]	[]	[]
ecoli50_r003860	no_hit				0	0	0	0	0	0	[]	[]	[]	[]
ecoli50_r003861	no_hit				0	0	0	0	0	0	[]	[]	[]	[]
ecoli50_r003862	no_hit				0	0	0	0	0	0	[]	[]	[]	[]
ecoli50_r003863	no_hit				0	0	0	0	0	0	[]	[]	[]	[]
ecoli50_r003864	no_hit				0	0	0	0	0	0	[]	[]	[]	[]
ecoli50_r003865	no_hit				0	0	0	0	0	0	[]	[]	[]	[]
ecoli50_r003866	no_hit				0	0	0	0	0	0	[]	[]	[]	[]
ecoli50_r003867	no_hit				0	0	0	0	0	0	[]	[]	[]	[]
ecoli50_r003868	no_hit				0	0	0	0	0	0	[]	[]	[]	[]
ecoli50_r003869	no_hit				0	0	0	0	0	0	[]	[]	[]	[]
ecoli50_r003870	no_hit				0	0	0	0	0	0	[]	[]	[]	[]
ecoli50_r003871	no_hit				0	0	0	0	0	0	[]	[]	[]	[]
ecoli50_r003872	no_hit				0	0	0	0	0	0	[]	[]	[]	[]
ecoli50_r003873	no_hit				0	0	0	0	0	0	[]	[]	[]	[]
ecoli50_r003874	no_hit				0	0	0	0	0	0	[]	[]	[]	[]
ecoli50_r003875	no_hit				0	0	0	0	0	0	[]	[]	[]	[]
ecoli50_r003876	no_hit				0	0	0	0	0	0	[]	[]	[]	[]
ecoli50_r003877	no_hit				0	0	0	0	0	0	[]	[]	[]	[]
ecoli50_r003878	no_hit				0	0	0	0	0	0	[]	[]	[]	[]
ecoli50_r003879	no_hit				0	0	0	0	0	0	[]	[]	[]	[]
ecoli50_r003880	no_hit				0	0	0	0	0	0	[]	[]	[]	[]
ecoli50_r003881	no_hit				0	0	0	0	0	0	[]	[]	[]	[]
ecoli50_r003882	no_hit				0	0	0	0	0	0	[]	[]	[]	[]
ecoli50_r003883	no_hit				0	0	0	0	0	0	[]	[]	[]	[]
ecoli50_r003884	position_consistent_positive	14	forward	81	1	0	1	0	1	0	"[""1175""]"	[]	"[[14,""forward"",81,""1175""]]"	[]
ecoli50_r003885	no_hit				0	0	0	0	0	0	[]	[]	[]	[]
ecoli50_r003886	no_hit				0	0	0	0	0	0	[]	[]	[]	[]
ecoli50_r003887	no_hit				0	0	0	0	0	0	[]	[]	[]	[]
ecoli50_r003888	no_hit				0	0	0	0	0	0	[]	[]	[]	[]
ecoli50_r003889	no_hit				0	0	0	0	0	0	[]	[]	[]	[]
ecoli50_r003890	no_hit				0	0	0	0	0	0	[]	[]	[]	[]
ecoli50_r003891	no_hit				0	0	0	0	0	0	[]	[]	[]	[]
ecoli50_r003892	no_hit				0	0	0	0	0	0	[]	[]	[]	[]
ecoli50_r003893	no_hit				0	0	0	0	0	0	[]	[]	[]	[]
ecoli50_r003894	no_hit				0	0	0	0	0	0	[]	[]	[]	[]
ecoli50_r003895	no_hit				0	0	0	0	0	0	[]	[]	[]	[]
ecoli50_r003896	no_hit				0	0	0	0	0	0	[]	[]	[]	[]
ecoli50_r003897	no_hit				0	0	0	0	0	0	[]	[]	[]	[]
ecoli50_r003898	no_hit				0	0	0	0	0	0	[]	[]	[]	[]
ecoli50_r003899	no_hit				0	0	0	0	0	0	[]	[]	[]	[]
ecoli50_r003900	no_hit				0	0	0	0	0	0	[]	[]	[]	[]
ecoli50_r003901	no_hit				0	0	0	0	0	0	[]	[]	[]	[]
ecoli50_r003902	no_hit				0	0	0	0	0	0	[]	[]	[]	[]
ecoli50_r003903	no_hit				0	0	0	0	0	0	[]	[]	[]	[]
ecoli50_r003904	no_hit				0	0	0	0	0	0	[]	[]	[]	[]
ecoli50_r003905	no_hit				0	0	0	0	0	0	[]	[]	[]	[]
ecoli50_r003906	no_hit				0	0	0	0	0	0	[]	[]	[]	[]
ecoli50_r003907	position_consistent_positive	9	forward	81	1	0	1	0	1	0	"[""1924""]"	[]	"[[9,""forward"",81,""1924""]]"	[]
ecoli50_r003908	no_hit				0	0	0	0	0	0	[]	[]	[]	[]
ecoli50_r003909	no_hit				0	0	0	0	0	0	[]	[]	[]	[]
ecoli50_r003910	no_hit				0	0	0	0	0	0	[]	[]	[]	[]
ecoli50_r003911	no_hit				0	0	0	0	0	0	[]	[]	[]	[]
ecoli50_r003912	no_hit				0	0	0	0	0	0	[]	[]	[]	[]
ecoli50_r003913	no_hit				0	0	0	0	0	0	[]	[]	[]	[]
ecoli50_r003914	no_hit				0	0	0	0	0	0	[]	[]	[]	[]
ecoli50_r003915	no_hit				0	0	0	0	0	0	[]	[]	[]	[]
ecoli50_r003916	no_hit				0	0	0	0	0	0	[]	[]	[]	[]
ecoli50_r003917	no_hit				0	0	0	0	0	0	[]	[]	[]	[]
ecoli50_r003918	no_hit				0	0	0	0	0	0	[]	[]	[]	[]
ecoli50_r003919	no_hit				0	0	0	0	0	0	[]	[]	[]	[]
ecoli50_r003920	no_hit				0	0	0	0	0	0	[]	[]	[]	[]
ecoli50_r003921	no_hit				0	0	0	0	0	0	[]	[]	[]	[]
ecoli50_r003922	no_hit				0	0	0	0	0	0	[]	[]	[]	[]
ecoli50_r003923	no_hit				0	0	0	0	0	0	[]	[]	[]	[]
ecoli50_r003924	no_hit				0	0	0	0	0	0	[]	[]	[]	[]
ecoli50_r003925	no_hit				0	0	0	0	0	0	[]	[]	[]	[]
ecoli50_r003926	no_hit				0	0	0	0	0	0	[]	[]	[]	[]
ecoli50_r003927	no_hit				0	0	0	0	0	0	[]	[]	[]	[]
ecoli50_r003928	no_hit				0	0	0	0	0	0	[]	[]	[]	[]
ecoli50_r003929	no_hit				0	0	0	0	0	0	[]	[]	[]	[]
ecoli50_r003930	no_hit				0	0	0	0	0	0	[]	[]	[]	[]
ecoli50_r003931	no_hit				0	0	0	0	0	0	[]	[]	[]	[]
ecoli50_r003932	no_hit				0	0	0	0	0	0	[]	[]	[]	[]
ecoli50_r003933	no_hit				0	0	0	0	0	0	[]	[]	[]	[]
ecoli50_r003934	no_hit				0	0	0	0	0	0	[]	[]	[]	[]
ecoli50_r003935	no_hit				0	0	0	0	0	0	[]	[]	[]	[]
ecoli50_r003936	no_hit				0	0	0	0	0	0	[]	[]	[]	[]
ecoli50_r003937	no_hit				0	0	0	0	0	0	[]	[]	[]	[]
ecoli50_r003938	no_hit				0	0	0	0	0	0	[]	[]	[]	[]
ecoli50_r003939	no_hit				0	0	0	0	0	0	[]	[]	[]	[]
ecoli50_r003940	no_hit				0	0	0	0	0	0	[]	[]	[]	[]
ecoli50_r003941	no_hit				0	0	0	0	0	0	[]	[]	[]	[]
ecoli50_r003942	no_hit				0	0	0	0	0	0	[]	[]	[]	[]
ecoli50_r003943	no_hit				0	0	0	0	0	0	[]	[]	[]	[]
ecoli50_r003944	no_hit				0	0	0	0	0	0	[]	[]	[]	[]
ecoli50_r003945	no_hit				0	0	0	0	0	0	[]	[]	[]	[]
ecoli50_r003946	position_consistent_positive	12	forward	81	1	0	1	0	1	0	"[""1462""]"	[]	"[[12,""forward"",81,""1462""]]"	[]
ecoli50_r003947	no_hit				0	0	0	0	0	0	[]	[]	[]	[]
ecoli50_r003948	no_hit				0	0	0	0	0	0	[]	[]	[]	[]
ecoli50_r003949	no_hit				0	0	0	0	0	0	[]	[]	[]	[]
ecoli50_r003950	no_hit				0	0	0	0	0	0	[]	[]	[]	[]
ecoli50_r003951	no_hit				0	0	0	0	0	0	[]	[]	[]	[]
ecoli50_r003952	no_hit				0	0	0	0	0	0	[]	[]	[]	[]
ecoli50_r003953	no_hit				0	0	0	0	0	0	[]	[]	[]	[]
ecoli50_r003954	no_hit				0	0	0	0	0	0	[]	[]	[]	[]
ecoli50_r003955	no_hit				0	0	0	0	0	0	[]	[]	[]	[]
ecoli50_r003956	no_hit				0	0	0	0	0	0	[]	[]	[]	[]
ecoli50_r003957	no_hit				0	0	0	0	0	0	[]	[]	[]	[]
ecoli50_r003958	no_hit				0	0	0	0	0	0	[]	[]	[]	[]
ecoli50_r003959	no_hit				0	0	0	0	0	0	[]	[]	[]	[]
ecoli50_r003960	no_hit				0	0	0	0	0	0	[]	[]	[]	[]
ecoli50_r003961	no_hit				0	0	0	0	0	0	[]	[]	[]	[]
ecoli50_r003962	no_hit				0	0	0	0	0	0	[]	[]	[]	[]
ecoli50_r003963	no_hit				0	0	0	0	0	0	[]	[]	[]	[]
ecoli50_r003964	no_hit				0	0	0	0	0	0	[]	[]	[]	[]
ecoli50_r003965	no_hit				0	0	0	0	0	0	[]	[]	[]	[]
ecoli50_r003966	no_hit				0	0	0	0	0	0	[]	[]	[]	[]
ecoli50_r003967	no_hit				0	0	0	0	0	0	[]	[]	[]	[]
ecoli50_r003968	no_hit				0	0	0	0	0	0	[]	[]	[]	[]
ecoli50_r003969	no_hit				0	0	0	0	0	0	[]	[]	[]	[]
ecoli50_r003970	no_hit				0	0	0	0	0	0	[]	[]	[]	[]
ecoli50_r003971	no_hit				0	0	0	0	0	0	[]	[]	[]	[]
ecoli50_r003972	no_hit				0	0	0	0	0	0	[]	[]	[]	[]
ecoli50_r003973	no_hit				0	0	0	0	0	0	[]	[]	[]	[]
ecoli50_r003974	no_hit				0	0	0	0	0	0	[]	[]	[]	[]
ecoli50_r003975	no_hit				0	0	0	0	0	0	[]	[]	[]	[]
ecoli50_r003976	no_hit				0	0	0	0	0	0	[]	[]	[]	[]
ecoli50_r003977	no_hit				0	0	0	0	0	0	[]	[]	[]	[]
ecoli50_r003978	no_hit				0	0	0	0	0	0	[]	[]	[]	[]
ecoli50_r003979	ambiguous_positive				2	0	2	0	2	0	"[""1572"",""2174""]"	[]	"[[6,""forward"",81,""2174""],[23,""forward"",81,""1572""]]"	[]
ecoli50_r003980	no_hit				0	0	0	0	0	0	[]	[]	[]	[]
ecoli50_r003981	no_hit				0	0	0	0	0	0	[]	[]	[]	[]
ecoli50_r003982	no_hit				0	0	0	0	0	0	[]	[]	[]	[]
ecoli50_r003983	no_hit				0	0	0	0	0	0	[]	[]	[]	[]
ecoli50_r003984	no_hit				0	0	0	0	0	0	[]	[]	[]	[]
ecoli50_r003985	no_hit				0	0	0	0	0	0	[]	[]	[]	[]
ecoli50_r003986	no_hit				0	0	0	0	0	0	[]	[]	[]	[]
ecoli50_r003987	no_hit				0	0	0	0	0	0	[]	[]	[]	[]
ecoli50_r003988	no_hit				0	0	0	0	0	0	[]	[]	[]	[]
ecoli50_r003989	no_hit				0	0	0	0	0	0	[]	[]	[]	[]
ecoli50_r003990	no_hit				0	0	0	0	0	0	[]	[]	[]	[]
ecoli50_r003991	no_hit				0	0	0	0	0	0	[]	[]	[]	[]
ecoli50_r003992	no_hit				0	0	0	0	0	0	[]	[]	[]	[]
ecoli50_r003993	position_consistent_positive	11	forward	81	1	0	1	0	1	0	"[""2540""]"	[]	"[[11,""forward"",81,""2540""]]"	[]
ecoli50_r003994	no_hit				0	0	0	0	0	0	[]	[]	[]	[]
ecoli50_r003995	no_hit				0	0	0	0	0	0	[]	[]	[]	[]
ecoli50_r003996	no_hit				0	0	0	0	0	0	[]	[]	[]	[]
ecoli50_r003997	no_hit				0	0	0	0	0	0	[]	[]	[]	[]
ecoli50_r003998	no_hit				0	0	0	0	0	0	[]	[]	[]	[]
ecoli50_r003999	no_hit				0	0	0	0	0	0	[]	[]	[]	[]
ecoli50_r004000	no_hit				0	0	0	0	0	0	[]	[]	[]	[]
ecoli50_r004001	no_hit				0	0	0	0	0	0	[]	[]	[]	[]
ecoli50_r004002	no_hit				0	0	0	0	0	0	[]	[]	[]	[]
ecoli50_r004003	position_consistent_positive	11	forward	81	1	0	1	0	1	0	"[""3305""]"	[]	"[[11,""forward"",81,""3305""]]"	[]
ecoli50_r004004	position_consistent_positive	10	forward	81	1	0	1	0	1	0	"[""1312""]"	[]	"[[10,""forward"",81,""1312""]]"	[]
ecoli50_r004005	no_hit				0	0	0	0	0	0	[]	[]	[]	[]
ecoli50_r004006	no_hit				0	0	0	0	0	0	[]	[]	[]	[]
ecoli50_r004007	no_hit				0	0	0	0	0	0	[]	[]	[]	[]
ecoli50_r004008	no_hit				0	0	0	0	0	0	[]	[]	[]	[]
ecoli50_r004009	no_hit				0	0	0	0	0	0	[]	[]	[]	[]
ecoli50_r004010	no_hit				0	0	0	0	0	0	[]	[]	[]	[]
ecoli50_r004011	no_hit				0	0	0	0	0	0	[]	[]	[]	[]
ecoli50_r004012	no_hit				0	0	0	0	0	0	[]	[]	[]	[]
ecoli50_r004013	no_hit				0	0	0	0	0	0	[]	[]	[]	[]
ecoli50_r004014	no_hit				0	0	0	0	0	0	[]	[]	[]	[]
ecoli50_r004015	position_consistent_positive	10	forward	81	1	0	1	0	1	0	"[""3228""]"	[]	"[[10,""forward"",81,""3228""]]"	[]
ecoli50_r004016	position_consistent_positive	6	forward	81	1	0	1	0	1	0	"[""3228""]"	[]	"[[6,""forward"",81,""3228""]]"	[]
ecoli50_r004017	position_consistent_positive	11	forward	81	1	0	1	0	1	0	"[""2541""]"	[]	"[[11,""forward"",81,""2541""]]"	[]
ecoli50_r004018	no_hit				0	0	0	0	0	0	[]	[]	[]	[]
ecoli50_r004019	no_hit				0	0	0	0	0	0	[]	[]	[]	[]
ecoli50_r004020	no_hit				0	0	0	0	0	0	[]	[]	[]	[]
ecoli50_r004021	no_hit				0	0	0	0	0	0	[]	[]	[]	[]
ecoli50_r004022	no_hit				0	0	0	0	0	0	[]	[]	[]	[]
ecoli50_r004023	position_consistent_positive	11	forward	81	1	0	1	0	1	0	"[""2547""]"	[]	"[[11,""forward"",81,""2547""]]"	[]
ecoli50_r004024	no_hit				0	0	0	0	0	0	[]	[]	[]	[]
ecoli50_r004025	no_hit				0	0	0	0	0	0	[]	[]	[]	[]
ecoli50_r004026	no_hit				0	0	0	0	0	0	[]	[]	[]	[]
ecoli50_r004027	no_hit				0	0	0	0	0	0	[]	[]	[]	[]
ecoli50_r004028	no_hit				0	0	0	0	0	0	[]	[]	[]	[]
ecoli50_r004029	no_hit				0	0	0	0	0	0	[]	[]	[]	[]
ecoli50_r004030	no_hit				0	0	0	0	0	0	[]	[]	[]	[]
ecoli50_r004031	no_hit				0	0	0	0	0	0	[]	[]	[]	[]
ecoli50_r004032	no_hit				0	0	0	0	0	0	[]	[]	[]	[]
ecoli50_r004033	no_hit				0	0	0	0	0	0	[]	[]	[]	[]
ecoli50_r004034	no_hit				0	0	0	0	0	0	[]	[]	[]	[]
ecoli50_r004035	no_hit				0	0	0	0	0	0	[]	[]	[]	[]
ecoli50_r004036	no_hit				0	0	0	0	0	0	[]	[]	[]	[]
ecoli50_r004037	no_hit				0	0	0	0	0	0	[]	[]	[]	[]
ecoli50_r004038	no_hit				0	0	0	0	0	0	[]	[]	[]	[]
ecoli50_r004039	no_hit				0	0	0	0	0	0	[]	[]	[]	[]
ecoli50_r004040	no_hit				0	0	0	0	0	0	[]	[]	[]	[]
ecoli50_r004041	no_hit				0	0	0	0	0	0	[]	[]	[]	[]
ecoli50_r004042	no_hit				0	0	0	0	0	0	[]	[]	[]	[]
ecoli50_r004043	no_hit				0	0	0	0	0	0	[]	[]	[]	[]
ecoli50_r004044	no_hit				0	0	0	0	0	0	[]	[]	[]	[]
ecoli50_r004045	no_hit				0	0	0	0	0	0	[]	[]	[]	[]
ecoli50_r004046	no_hit				0	0	0	0	0	0	[]	[]	[]	[]
ecoli50_r004047	no_hit				0	0	0	0	0	0	[]	[]	[]	[]
ecoli50_r004048	no_hit				0	0	0	0	0	0	[]	[]	[]	[]
ecoli50_r004049	no_hit				0	0	0	0	0	0	[]	[]	[]	[]
ecoli50_r004050	no_hit				0	0	0	0	0	0	[]	[]	[]	[]
ecoli50_r004051	no_hit				0	0	0	0	0	0	[]	[]	[]	[]
ecoli50_r004052	no_hit				0	0	0	0	0	0	[]	[]	[]	[]
ecoli50_r004053	no_hit				0	0	0	0	0	0	[]	[]	[]	[]
ecoli50_r004054	no_hit				0	0	0	0	0	0	[]	[]	[]	[]
ecoli50_r004055	no_hit				0	0	0	0	0	0	[]	[]	[]	[]
ecoli50_r004056	no_hit				0	0	0	0	0	0	[]	[]	[]	[]
ecoli50_r004057	no_hit				0	0	0	0	0	0	[]	[]	[]	[]
ecoli50_r004058	no_hit				0	0	0	0	0	0	[]	[]	[]	[]
ecoli50_r004059	no_hit				0	0	0	0	0	0	[]	[]	[]	[]
ecoli50_r004060	no_hit				0	0	0	0	0	0	[]	[]	[]	[]
ecoli50_r004061	no_hit				0	0	0	0	0	0	[]	[]	[]	[]
ecoli50_r004062	no_hit				0	0	0	0	0	0	[]	[]	[]	[]
ecoli50_r004063	no_hit				0	0	0	0	0	0	[]	[]	[]	[]
ecoli50_r004064	no_hit				0	0	0	0	0	0	[]	[]	[]	[]
ecoli50_r004065	no_hit				0	0	0	0	0	0	[]	[]	[]	[]
ecoli50_r004066	no_hit				0	0	0	0	0	0	[]	[]	[]	[]
ecoli50_r004067	no_hit				0	0	0	0	0	0	[]	[]	[]	[]
ecoli50_r004068	no_hit				0	0	0	0	0	0	[]	[]	[]	[]
ecoli50_r004069	no_hit				0	0	0	0	0	0	[]	[]	[]	[]
ecoli50_r004070	no_hit				0	0	0	0	0	0	[]	[]	[]	[]
ecoli50_r004071	no_hit				0	0	0	0	0	0	[]	[]	[]	[]
ecoli50_r004072	no_hit				0	0	0	0	0	0	[]	[]	[]	[]
ecoli50_r004073	no_hit				0	0	0	0	0	0	[]	[]	[]	[]
ecoli50_r004074	no_hit				0	0	0	0	0	0	[]	[]	[]	[]
ecoli50_r004075	negative_only				0	1	0	1	0	1	[]	"[""2394""]"	[]	"[[11,""reverse"",81,""2394""]]"
ecoli50_r004076	no_hit				0	0	0	0	0	0	[]	[]	[]	[]
ecoli50_r004077	no_hit				0	0	0	0	0	0	[]	[]	[]	[]
ecoli50_r004078	no_hit				0	0	0	0	0	0	[]	[]	[]	[]
ecoli50_r004079	position_consistent_positive	9	forward	81	1	0	1	0	1	0	"[""3287""]"	[]	"[[9,""forward"",81,""3287""]]"	[]
ecoli50_r004080	no_hit				0	0	0	0	0	0	[]	[]	[]	[]
ecoli50_r004081	no_hit				0	0	0	0	0	0	[]	[]	[]	[]
ecoli50_r004082	no_hit				0	0	0	0	0	0	[]	[]	[]	[]
ecoli50_r004083	no_hit				0	0	0	0	0	0	[]	[]	[]	[]
ecoli50_r004084	position_consistent_positive	7	forward	81	1	0	1	0	1	0	"[""13""]"	[]	"[[7,""forward"",81,""13""]]"	[]
ecoli50_r004085	no_hit				0	0	0	0	0	0	[]	[]	[]	[]
ecoli50_r004086	no_hit				0	0	0	0	0	0	[]	[]	[]	[]
ecoli50_r004087	no_hit				0	0	0	0	0	0	[]	[]	[]	[]
ecoli50_r004088	no_hit				0	0	0	0	0	0	[]	[]	[]	[]
ecoli50_r004089	no_hit				0	0	0	0	0	0	[]	[]	[]	[]
ecoli50_r004090	no_hit				0	0	0	0	0	0	[]	[]	[]	[]
ecoli50_r004091	no_hit				0	0	0	0	0	0	[]	[]	[]	[]
ecoli50_r004092	no_hit				0	0	0	0	0	0	[]	[]	[]	[]
ecoli50_r004093	no_hit				0	0	0	0	0	0	[]	[]	[]	[]
ecoli50_r004094	no_hit				0	0	0	0	0	0	[]	[]	[]	[]
ecoli50_r004095	no_hit				0	0	0	0	0	0	[]	[]	[]	[]
ecoli50_r004096	no_hit				0	0	0	0	0	0	[]	[]	[]	[]
ecoli50_r004097	no_hit				0	0	0	0	0	0	[]	[]	[]	[]
ecoli50_r004098	no_hit				0	0	0	0	0	0	[]	[]	[]	[]
ecoli50_r004099	no_hit				0	0	0	0	0	0	[]	[]	[]	[]
ecoli50_r004100	no_hit				0	0	0	0	0	0	[]	[]	[]	[]
ecoli50_r004101	no_hit				0	0	0	0	0	0	[]	[]	[]	[]
ecoli50_r004102	no_hit				0	0	0	0	0	0	[]	[]	[]	[]
ecoli50_r004103	no_hit				0	0	0	0	0	0	[]	[]	[]	[]
ecoli50_r004104	no_hit				0	0	0	0	0	0	[]	[]	[]	[]
ecoli50_r004105	no_hit				0	0	0	0	0	0	[]	[]	[]	[]
ecoli50_r004106	no_hit				0	0	0	0	0	0	[]	[]	[]	[]
ecoli50_r004107	no_hit				0	0	0	0	0	0	[]	[]	[]	[]
ecoli50_r004108	no_hit				0	0	0	0	0	0	[]	[]	[]	[]
ecoli50_r004109	no_hit				0	0	0	0	0	0	[]	[]	[]	[]
ecoli50_r004110	no_hit				0	0	0	0	0	0	[]	[]	[]	[]
ecoli50_r004111	no_hit				0	0	0	0	0	0	[]	[]	[]	[]
ecoli50_r004112	no_hit				0	0	0	0	0	0	[]	[]	[]	[]
ecoli50_r004113	no_hit				0	0	0	0	0	0	[]	[]	[]	[]
ecoli50_r004114	no_hit				0	0	0	0	0	0	[]	[]	[]	[]
ecoli50_r004115	no_hit				0	0	0	0	0	0	[]	[]	[]	[]
ecoli50_r004116	no_hit				0	0	0	0	0	0	[]	[]	[]	[]
ecoli50_r004117	no_hit				0	0	0	0	0	0	[]	[]	[]	[]
ecoli50_r004118	no_hit				0	0	0	0	0	0	[]	[]	[]	[]
ecoli50_r004119	no_hit				0	0	0	0	0	0	[]	[]	[]	[]
ecoli50_r004120	no_hit				0	0	0	0	0	0	[]	[]	[]	[]
ecoli50_r004121	no_hit				0	0	0	0	0	0	[]	[]	[]	[]
ecoli50_r004122	no_hit				0	0	0	0	0	0	[]	[]	[]	[]
ecoli50_r004123	no_hit				0	0	0	0	0	0	[]	[]	[]	[]
ecoli50_r004124	no_hit				0	0	0	0	0	0	[]	[]	[]	[]
ecoli50_r004125	no_hit				0	0	0	0	0	0	[]	[]	[]	[]
ecoli50_r004126	no_hit				0	0	0	0	0	0	[]	[]	[]	[]
ecoli50_r004127	no_hit				0	0	0	0	0	0	[]	[]	[]	[]
ecoli50_r004128	no_hit				0	0	0	0	0	0	[]	[]	[]	[]
ecoli50_r004129	no_hit				0	0	0	0	0	0	[]	[]	[]	[]
ecoli50_r004130	no_hit				0	0	0	0	0	0	[]	[]	[]	[]
ecoli50_r004131	no_hit				0	0	0	0	0	0	[]	[]	[]	[]
ecoli50_r004132	no_hit				0	0	0	0	0	0	[]	[]	[]	[]
ecoli50_r004133	no_hit				0	0	0	0	0	0	[]	[]	[]	[]
ecoli50_r004134	no_hit				0	0	0	0	0	0	[]	[]	[]	[]
ecoli50_r004135	no_hit				0	0	0	0	0	0	[]	[]	[]	[]
ecoli50_r004136	no_hit				0	0	0	0	0	0	[]	[]	[]	[]
ecoli50_r004137	no_hit				0	0	0	0	0	0	[]	[]	[]	[]
ecoli50_r004138	no_hit				0	0	0	0	0	0	[]	[]	[]	[]
ecoli50_r004139	no_hit				0	0	0	0	0	0	[]	[]	[]	[]
ecoli50_r004140	no_hit				0	0	0	0	0	0	[]	[]	[]	[]
ecoli50_r004141	no_hit				0	0	0	0	0	0	[]	[]	[]	[]
ecoli50_r004142	no_hit				0	0	0	0	0	0	[]	[]	[]	[]
ecoli50_r004143	no_hit				0	0	0	0	0	0	[]	[]	[]	[]
ecoli50_r004144	no_hit				0	0	0	0	0	0	[]	[]	[]	[]
ecoli50_r004145	no_hit				0	0	0	0	0	0	[]	[]	[]	[]
ecoli50_r004146	no_hit				0	0	0	0	0	0	[]	[]	[]	[]
ecoli50_r004147	no_hit				0	0	0	0	0	0	[]	[]	[]	[]
ecoli50_r004148	no_hit				0	0	0	0	0	0	[]	[]	[]	[]
ecoli50_r004149	no_hit				0	0	0	0	0	0	[]	[]	[]	[]
ecoli50_r004150	no_hit				0	0	0	0	0	0	[]	[]	[]	[]
ecoli50_r004151	no_hit				0	0	0	0	0	0	[]	[]	[]	[]
ecoli50_r004152	no_hit				0	0	0	0	0	0	[]	[]	[]	[]
ecoli50_r004153	no_hit				0	0	0	0	0	0	[]	[]	[]	[]
ecoli50_r004154	no_hit				0	0	0	0	0	0	[]	[]	[]	[]
ecoli50_r004155	no_hit				0	0	0	0	0	0	[]	[]	[]	[]
ecoli50_r004156	position_consistent_positive	6	reverse	81	1	0	1	0	1	0	"[""974""]"	[]	"[[6,""reverse"",81,""974""]]"	[]
ecoli50_r004157	no_hit				0	0	0	0	0	0	[]	[]	[]	[]
ecoli50_r004158	no_hit				0	0	0	0	0	0	[]	[]	[]	[]
ecoli50_r004159	no_hit				0	0	0	0	0	0	[]	[]	[]	[]
ecoli50_r004160	no_hit				0	0	0	0	0	0	[]	[]	[]	[]
ecoli50_r004161	no_hit				0	0	0	0	0	0	[]	[]	[]	[]
ecoli50_r004162	no_hit				0	0	0	0	0	0	[]	[]	[]	[]
ecoli50_r004163	no_hit				0	0	0	0	0	0	[]	[]	[]	[]
ecoli50_r004164	no_hit				0	0	0	0	0	0	[]	[]	[]	[]
ecoli50_r004165	negative_only				0	1	0	1	0	1	[]	"[""1599""]"	[]	"[[22,""forward"",81,""1599""]]"
ecoli50_r004166	no_hit				0	0	0	0	0	0	[]	[]	[]	[]
ecoli50_r004167	no_hit				0	0	0	0	0	0	[]	[]	[]	[]
ecoli50_r004168	no_hit				0	0	0	0	0	0	[]	[]	[]	[]
ecoli50_r004169	no_hit				0	0	0	0	0	0	[]	[]	[]	[]
ecoli50_r004170	no_hit				0	0	0	0	0	0	[]	[]	[]	[]
ecoli50_r004171	no_hit				0	0	0	0	0	0	[]	[]	[]	[]
ecoli50_r004172	no_hit				0	0	0	0	0	0	[]	[]	[]	[]
ecoli50_r004173	no_hit				0	0	0	0	0	0	[]	[]	[]	[]
ecoli50_r004174	no_hit				0	0	0	0	0	0	[]	[]	[]	[]
ecoli50_r004175	no_hit				0	0	0	0	0	0	[]	[]	[]	[]
ecoli50_r004176	no_hit				0	0	0	0	0	0	[]	[]	[]	[]
ecoli50_r004177	no_hit				0	0	0	0	0	0	[]	[]	[]	[]
ecoli50_r004178	no_hit				0	0	0	0	0	0	[]	[]	[]	[]
ecoli50_r004179	no_hit				0	0	0	0	0	0	[]	[]	[]	[]
ecoli50_r004180	no_hit				0	0	0	0	0	0	[]	[]	[]	[]
ecoli50_r004181	no_hit				0	0	0	0	0	0	[]	[]	[]	[]
ecoli50_r004182	no_hit				0	0	0	0	0	0	[]	[]	[]	[]
ecoli50_r004183	no_hit				0	0	0	0	0	0	[]	[]	[]	[]
ecoli50_r004184	no_hit				0	0	0	0	0	0	[]	[]	[]	[]
ecoli50_r004185	no_hit				0	0	0	0	0	0	[]	[]	[]	[]
ecoli50_r004186	no_hit				0	0	0	0	0	0	[]	[]	[]	[]
ecoli50_r004187	no_hit				0	0	0	0	0	0	[]	[]	[]	[]
ecoli50_r004188	no_hit				0	0	0	0	0	0	[]	[]	[]	[]
ecoli50_r004189	no_hit				0	0	0	0	0	0	[]	[]	[]	[]
ecoli50_r004190	no_hit				0	0	0	0	0	0	[]	[]	[]	[]
ecoli50_r004191	no_hit				0	0	0	0	0	0	[]	[]	[]	[]
ecoli50_r004192	no_hit				0	0	0	0	0	0	[]	[]	[]	[]
ecoli50_r004193	no_hit				0	0	0	0	0	0	[]	[]	[]	[]
ecoli50_r004194	no_hit				0	0	0	0	0	0	[]	[]	[]	[]
ecoli50_r004195	no_hit				0	0	0	0	0	0	[]	[]	[]	[]
ecoli50_r004196	position_consistent_positive	12	forward	81	1	0	1	0	1	0	"[""2255""]"	[]	"[[12,""forward"",81,""2255""]]"	[]
ecoli50_r004197	no_hit				0	0	0	0	0	0	[]	[]	[]	[]
ecoli50_r004198	no_hit				0	0	0	0	0	0	[]	[]	[]	[]
ecoli50_r004199	no_hit				0	0	0	0	0	0	[]	[]	[]	[]
ecoli50_r004200	no_hit				0	0	0	0	0	0	[]	[]	[]	[]
ecoli50_r004201	no_hit				0	0	0	0	0	0	[]	[]	[]	[]
ecoli50_r004202	no_hit				0	0	0	0	0	0	[]	[]	[]	[]
ecoli50_r004203	no_hit				0	0	0	0	0	0	[]	[]	[]	[]
ecoli50_r004204	no_hit				0	0	0	0	0	0	[]	[]	[]	[]
ecoli50_r004205	no_hit				0	0	0	0	0	0	[]	[]	[]	[]
ecoli50_r004206	position_consistent_positive	14	forward	81	1	0	1	0	1	0	"[""1050""]"	[]	"[[14,""forward"",81,""1050""]]"	[]
ecoli50_r004207	no_hit				0	0	0	0	0	0	[]	[]	[]	[]
ecoli50_r004208	no_hit				0	0	0	0	0	0	[]	[]	[]	[]
ecoli50_r004209	no_hit				0	0	0	0	0	0	[]	[]	[]	[]
ecoli50_r004210	no_hit				0	0	0	0	0	0	[]	[]	[]	[]
ecoli50_r004211	no_hit				0	0	0	0	0	0	[]	[]	[]	[]
ecoli50_r004212	position_consistent_positive	4	forward	81	1	0	1	0	1	0	"[""1665""]"	[]	"[[4,""forward"",81,""1665""]]"	[]
ecoli50_r004213	no_hit				0	0	0	0	0	0	[]	[]	[]	[]
ecoli50_r004214	no_hit				0	0	0	0	0	0	[]	[]	[]	[]
ecoli50_r004215	no_hit				0	0	0	0	0	0	[]	[]	[]	[]
ecoli50_r004216	position_consistent_positive	24	reverse	81	1	0	1	0	1	0	"[""1425""]"	[]	"[[24,""reverse"",81,""1425""]]"	[]
ecoli50_r004217	position_consistent_positive	10	forward	81	1	0	1	0	1	0	"[""1425""]"	[]	"[[10,""forward"",81,""1425""]]"	[]
ecoli50_r004218	no_hit				0	0	0	0	0	0	[]	[]	[]	[]
ecoli50_r004219	no_hit				0	0	0	0	0	0	[]	[]	[]	[]
ecoli50_r004220	no_hit				0	0	0	0	0	0	[]	[]	[]	[]
ecoli50_r004221	no_hit				0	0	0	0	0	0	[]	[]	[]	[]
ecoli50_r004222	no_hit				0	0	0	0	0	0	[]	[]	[]	[]
ecoli50_r004223	no_hit				0	0	0	0	0	0	[]	[]	[]	[]
ecoli50_r004224	no_hit				0	0	0	0	0	0	[]	[]	[]	[]
ecoli50_r004225	no_hit				0	0	0	0	0	0	[]	[]	[]	[]
ecoli50_r004226	no_hit				0	0	0	0	0	0	[]	[]	[]	[]
ecoli50_r004227	no_hit				0	0	0	0	0	0	[]	[]	[]	[]
ecoli50_r004228	position_consistent_positive	11	forward	81	1	0	1	0	1	0	"[""193""]"	[]	"[[11,""forward"",81,""193""]]"	[]
ecoli50_r004229	no_hit				0	0	0	0	0	0	[]	[]	[]	[]
ecoli50_r004230	no_hit				0	0	0	0	0	0	[]	[]	[]	[]
ecoli50_r004231	no_hit				0	0	0	0	0	0	[]	[]	[]	[]
ecoli50_r004232	no_hit				0	0	0	0	0	0	[]	[]	[]	[]
ecoli50_r004233	no_hit				0	0	0	0	0	0	[]	[]	[]	[]
ecoli50_r004234	no_hit				0	0	0	0	0	0	[]	[]	[]	[]
ecoli50_r004235	no_hit				0	0	0	0	0	0	[]	[]	[]	[]
ecoli50_r004236	no_hit				0	0	0	0	0	0	[]	[]	[]	[]
ecoli50_r004237	no_hit				0	0	0	0	0	0	[]	[]	[]	[]
ecoli50_r004238	no_hit				0	0	0	0	0	0	[]	[]	[]	[]
ecoli50_r004239	no_hit				0	0	0	0	0	0	[]	[]	[]	[]
ecoli50_r004240	no_hit				0	0	0	0	0	0	[]	[]	[]	[]
ecoli50_r004241	no_hit				0	0	0	0	0	0	[]	[]	[]	[]
ecoli50_r004242	no_hit				0	0	0	0	0	0	[]	[]	[]	[]
ecoli50_r004243	no_hit				0	0	0	0	0	0	[]	[]	[]	[]
ecoli50_r004244	no_hit				0	0	0	0	0	0	[]	[]	[]	[]
ecoli50_r004245	no_hit				0	0	0	0	0	0	[]	[]	[]	[]
ecoli50_r004246	no_hit				0	0	0	0	0	0	[]	[]	[]	[]
ecoli50_r004247	no_hit				0	0	0	0	0	0	[]	[]	[]	[]
ecoli50_r004248	no_hit				0	0	0	0	0	0	[]	[]	[]	[]
ecoli50_r004249	no_hit				0	0	0	0	0	0	[]	[]	[]	[]
ecoli50_r004250	no_hit				0	0	0	0	0	0	[]	[]	[]	[]
ecoli50_r004251	no_hit				0	0	0	0	0	0	[]	[]	[]	[]
ecoli50_r004252	no_hit				0	0	0	0	0	0	[]	[]	[]	[]
ecoli50_r004253	no_hit				0	0	0	0	0	0	[]	[]	[]	[]
ecoli50_r004254	no_hit				0	0	0	0	0	0	[]	[]	[]	[]
ecoli50_r004255	no_hit				0	0	0	0	0	0	[]	[]	[]	[]
ecoli50_r004256	no_hit				0	0	0	0	0	0	[]	[]	[]	[]
ecoli50_r004257	no_hit				0	0	0	0	0	0	[]	[]	[]	[]
ecoli50_r004258	position_consistent_positive	10	forward	81	1	0	1	0	1	0	"[""900""]"	[]	"[[10,""forward"",81,""900""]]"	[]
ecoli50_r004259	no_hit				0	0	0	0	0	0	[]	[]	[]	[]
ecoli50_r004260	no_hit				0	0	0	0	0	0	[]	[]	[]	[]
ecoli50_r004261	no_hit				0	0	0	0	0	0	[]	[]	[]	[]
ecoli50_r004262	no_hit				0	0	0	0	0	0	[]	[]	[]	[]
ecoli50_r004263	position_consistent_positive	9	forward	81	1	0	1	0	1	0	"[""644""]"	[]	"[[9,""forward"",81,""644""]]"	[]
ecoli50_r004264	no_hit				0	0	0	0	0	0	[]	[]	[]	[]
ecoli50_r004265	no_hit				0	0	0	0	0	0	[]	[]	[]	[]
ecoli50_r004266	no_hit				0	0	0	0	0	0	[]	[]	[]	[]
ecoli50_r004267	no_hit				0	0	0	0	0	0	[]	[]	[]	[]
ecoli50_r004268	no_hit				0	0	0	0	0	0	[]	[]	[]	[]
ecoli50_r004269	no_hit				0	0	0	0	0	0	[]	[]	[]	[]
ecoli50_r004270	no_hit				0	0	0	0	0	0	[]	[]	[]	[]
ecoli50_r004271	no_hit				0	0	0	0	0	0	[]	[]	[]	[]
ecoli50_r004272	no_hit				0	0	0	0	0	0	[]	[]	[]	[]
ecoli50_r004273	no_hit				0	0	0	0	0	0	[]	[]	[]	[]
ecoli50_r004274	no_hit				0	0	0	0	0	0	[]	[]	[]	[]
ecoli50_r004275	no_hit				0	0	0	0	0	0	[]	[]	[]	[]
ecoli50_r004276	no_hit				0	0	0	0	0	0	[]	[]	[]	[]
ecoli50_r004277	no_hit				0	0	0	0	0	0	[]	[]	[]	[]
ecoli50_r004278	no_hit				0	0	0	0	0	0	[]	[]	[]	[]
ecoli50_r004279	no_hit				0	0	0	0	0	0	[]	[]	[]	[]
ecoli50_r004280	no_hit				0	0	0	0	0	0	[]	[]	[]	[]
ecoli50_r004281	no_hit				0	0	0	0	0	0	[]	[]	[]	[]
ecoli50_r004282	no_hit				0	0	0	0	0	0	[]	[]	[]	[]
ecoli50_r004283	no_hit				0	0	0	0	0	0	[]	[]	[]	[]
ecoli50_r004284	no_hit				0	0	0	0	0	0	[]	[]	[]	[]
ecoli50_r004285	no_hit				0	0	0	0	0	0	[]	[]	[]	[]
ecoli50_r004286	no_hit				0	0	0	0	0	0	[]	[]	[]	[]
ecoli50_r004287	no_hit				0	0	0	0	0	0	[]	[]	[]	[]
ecoli50_r004288	no_hit				0	0	0	0	0	0	[]	[]	[]	[]
ecoli50_r004289	no_hit				0	0	0	0	0	0	[]	[]	[]	[]
ecoli50_r004290	no_hit				0	0	0	0	0	0	[]	[]	[]	[]
ecoli50_r004291	no_hit				0	0	0	0	0	0	[]	[]	[]	[]
ecoli50_r004292	no_hit				0	0	0	0	0	0	[]	[]	[]	[]
ecoli50_r004293	no_hit				0	0	0	0	0	0	[]	[]	[]	[]
ecoli50_r004294	no_hit				0	0	0	0	0	0	[]	[]	[]	[]
ecoli50_r004295	no_hit				0	0	0	0	0	0	[]	[]	[]	[]
ecoli50_r004296	position_consistent_positive	17	forward	81	1	0	1	0	1	0	"[""2390""]"	[]	"[[17,""forward"",81,""2390""]]"	[]
ecoli50_r004297	no_hit				0	0	0	0	0	0	[]	[]	[]	[]
ecoli50_r004298	no_hit				0	0	0	0	0	0	[]	[]	[]	[]
ecoli50_r004299	no_hit				0	0	0	0	0	0	[]	[]	[]	[]
ecoli50_r004300	no_hit				0	0	0	0	0	0	[]	[]	[]	[]
ecoli50_r004301	no_hit				0	0	0	0	0	0	[]	[]	[]	[]
ecoli50_r004302	no_hit				0	0	0	0	0	0	[]	[]	[]	[]
ecoli50_r004303	no_hit				0	0	0	0	0	0	[]	[]	[]	[]
ecoli50_r004304	no_hit				0	0	0	0	0	0	[]	[]	[]	[]
ecoli50_r004305	no_hit				0	0	0	0	0	0	[]	[]	[]	[]
ecoli50_r004306	no_hit				0	0	0	0	0	0	[]	[]	[]	[]
ecoli50_r004307	no_hit				0	0	0	0	0	0	[]	[]	[]	[]
ecoli50_r004308	no_hit				0	0	0	0	0	0	[]	[]	[]	[]
ecoli50_r004309	no_hit				0	0	0	0	0	0	[]	[]	[]	[]
ecoli50_r004310	no_hit				0	0	0	0	0	0	[]	[]	[]	[]
ecoli50_r004311	no_hit				0	0	0	0	0	0	[]	[]	[]	[]
ecoli50_r004312	no_hit				0	0	0	0	0	0	[]	[]	[]	[]
ecoli50_r004313	no_hit				0	0	0	0	0	0	[]	[]	[]	[]
ecoli50_r004314	no_hit				0	0	0	0	0	0	[]	[]	[]	[]
ecoli50_r004315	no_hit				0	0	0	0	0	0	[]	[]	[]	[]
ecoli50_r004316	no_hit				0	0	0	0	0	0	[]	[]	[]	[]
ecoli50_r004317	no_hit				0	0	0	0	0	0	[]	[]	[]	[]
ecoli50_r004318	no_hit				0	0	0	0	0	0	[]	[]	[]	[]
ecoli50_r004319	no_hit				0	0	0	0	0	0	[]	[]	[]	[]
ecoli50_r004320	no_hit				0	0	0	0	0	0	[]	[]	[]	[]
ecoli50_r004321	position_consistent_positive	9	forward	81	1	0	1	0	1	0	"[""449""]"	[]	"[[9,""forward"",81,""449""]]"	[]
ecoli50_r004322	no_hit				0	0	0	0	0	0	[]	[]	[]	[]
ecoli50_r004323	no_hit				0	0	0	0	0	0	[]	[]	[]	[]
ecoli50_r004324	no_hit				0	0	0	0	0	0	[]	[]	[]	[]
ecoli50_r004325	no_hit				0	0	0	0	0	0	[]	[]	[]	[]
ecoli50_r004326	no_hit				0	0	0	0	0	0	[]	[]	[]	[]
ecoli50_r004327	no_hit				0	0	0	0	0	0	[]	[]	[]	[]
ecoli50_r004328	no_hit				0	0	0	0	0	0	[]	[]	[]	[]
ecoli50_r004329	no_hit				0	0	0	0	0	0	[]	[]	[]	[]
ecoli50_r004330	no_hit				0	0	0	0	0	0	[]	[]	[]	[]
ecoli50_r004331	no_hit				0	0	0	0	0	0	[]	[]	[]	[]
ecoli50_r004332	no_hit				0	0	0	0	0	0	[]	[]	[]	[]
ecoli50_r004333	no_hit				0	0	0	0	0	0	[]	[]	[]	[]
ecoli50_r004334	position_consistent_positive	11	forward	81	1	0	1	0	1	0	"[""1717""]"	[]	"[[11,""forward"",81,""1717""]]"	[]
ecoli50_r004335	no_hit				0	0	0	0	0	0	[]	[]	[]	[]
ecoli50_r004336	no_hit				0	0	0	0	0	0	[]	[]	[]	[]
ecoli50_r004337	no_hit				0	0	0	0	0	0	[]	[]	[]	[]
ecoli50_r004338	no_hit				0	0	0	0	0	0	[]	[]	[]	[]
ecoli50_r004339	no_hit				0	0	0	0	0	0	[]	[]	[]	[]
ecoli50_r004340	no_hit				0	0	0	0	0	0	[]	[]	[]	[]
ecoli50_r004341	no_hit				0	0	0	0	0	0	[]	[]	[]	[]
ecoli50_r004342	no_hit				0	0	0	0	0	0	[]	[]	[]	[]
ecoli50_r004343	no_hit				0	0	0	0	0	0	[]	[]	[]	[]
ecoli50_r004344	no_hit				0	0	0	0	0	0	[]	[]	[]	[]
ecoli50_r004345	no_hit				0	0	0	0	0	0	[]	[]	[]	[]
ecoli50_r004346	no_hit				0	0	0	0	0	0	[]	[]	[]	[]
ecoli50_r004347	no_hit				0	0	0	0	0	0	[]	[]	[]	[]
ecoli50_r004348	no_hit				0	0	0	0	0	0	[]	[]	[]	[]
ecoli50_r004349	no_hit				0	0	0	0	0	0	[]	[]	[]	[]
ecoli50_r004350	no_hit				0	0	0	0	0	0	[]	[]	[]	[]
ecoli50_r004351	no_hit				0	0	0	0	0	0	[]	[]	[]	[]
ecoli50_r004352	no_hit				0	0	0	0	0	0	[]	[]	[]	[]
ecoli50_r004353	no_hit				0	0	0	0	0	0	[]	[]	[]	[]
ecoli50_r004354	no_hit				0	0	0	0	0	0	[]	[]	[]	[]
ecoli50_r004355	position_consistent_positive	10	forward	81	1	0	1	0	1	0	"[""2012""]"	[]	"[[10,""forward"",81,""2012""]]"	[]
ecoli50_r004356	no_hit				0	0	0	0	0	0	[]	[]	[]	[]
ecoli50_r004357	no_hit				0	0	0	0	0	0	[]	[]	[]	[]
ecoli50_r004358	no_hit				0	0	0	0	0	0	[]	[]	[]	[]
ecoli50_r004359	no_hit				0	0	0	0	0	0	[]	[]	[]	[]
ecoli50_r004360	no_hit				0	0	0	0	0	0	[]	[]	[]	[]
ecoli50_r004361	no_hit				0	0	0	0	0	0	[]	[]	[]	[]
ecoli50_r004362	no_hit				0	0	0	0	0	0	[]	[]	[]	[]
ecoli50_r004363	no_hit				0	0	0	0	0	0	[]	[]	[]	[]
ecoli50_r004364	no_hit				0	0	0	0	0	0	[]	[]	[]	[]
ecoli50_r004365	no_hit				0	0	0	0	0	0	[]	[]	[]	[]
ecoli50_r004366	no_hit				0	0	0	0	0	0	[]	[]	[]	[]
ecoli50_r004367	no_hit				0	0	0	0	0	0	[]	[]	[]	[]
ecoli50_r004368	no_hit				0	0	0	0	0	0	[]	[]	[]	[]
ecoli50_r004369	no_hit				0	0	0	0	0	0	[]	[]	[]	[]
ecoli50_r004370	no_hit				0	0	0	0	0	0	[]	[]	[]	[]
ecoli50_r004371	no_hit				0	0	0	0	0	0	[]	[]	[]	[]
ecoli50_r004372	no_hit				0	0	0	0	0	0	[]	[]	[]	[]
ecoli50_r004373	position_consistent_positive	31	reverse	81	1	0	1	0	1	0	"[""2227""]"	[]	"[[31,""reverse"",81,""2227""]]"	[]
ecoli50_r004374	no_hit				0	0	0	0	0	0	[]	[]	[]	[]
ecoli50_r004375	no_hit				0	0	0	0	0	0	[]	[]	[]	[]
ecoli50_r004376	no_hit				0	0	0	0	0	0	[]	[]	[]	[]
ecoli50_r004377	no_hit				0	0	0	0	0	0	[]	[]	[]	[]
ecoli50_r004378	no_hit				0	0	0	0	0	0	[]	[]	[]	[]
ecoli50_r004379	no_hit				0	0	0	0	0	0	[]	[]	[]	[]
ecoli50_r004380	no_hit				0	0	0	0	0	0	[]	[]	[]	[]
ecoli50_r004381	no_hit				0	0	0	0	0	0	[]	[]	[]	[]
ecoli50_r004382	no_hit				0	0	0	0	0	0	[]	[]	[]	[]
ecoli50_r004383	no_hit				0	0	0	0	0	0	[]	[]	[]	[]
ecoli50_r004384	no_hit				0	0	0	0	0	0	[]	[]	[]	[]
ecoli50_r004385	no_hit				0	0	0	0	0	0	[]	[]	[]	[]
ecoli50_r004386	no_hit				0	0	0	0	0	0	[]	[]	[]	[]
ecoli50_r004387	no_hit				0	0	0	0	0	0	[]	[]	[]	[]
ecoli50_r004388	no_hit				0	0	0	0	0	0	[]	[]	[]	[]
ecoli50_r004389	no_hit				0	0	0	0	0	0	[]	[]	[]	[]
ecoli50_r004390	no_hit				0	0	0	0	0	0	[]	[]	[]	[]
ecoli50_r004391	no_hit				0	0	0	0	0	0	[]	[]	[]	[]
ecoli50_r004392	no_hit				0	0	0	0	0	0	[]	[]	[]	[]
ecoli50_r004393	no_hit				0	0	0	0	0	0	[]	[]	[]	[]
ecoli50_r004394	no_hit				0	0	0	0	0	0	[]	[]	[]	[]
ecoli50_r004395	no_hit				0	0	0	0	0	0	[]	[]	[]	[]
ecoli50_r004396	no_hit				0	0	0	0	0	0	[]	[]	[]	[]
ecoli50_r004397	no_hit				0	0	0	0	0	0	[]	[]	[]	[]
ecoli50_r004398	no_hit				0	0	0	0	0	0	[]	[]	[]	[]
ecoli50_r004399	no_hit				0	0	0	0	0	0	[]	[]	[]	[]
ecoli50_r004400	position_consistent_positive	14	reverse	81	1	0	1	0	1	0	"[""2328""]"	[]	"[[14,""reverse"",81,""2328""]]"	[]
ecoli50_r004401	no_hit				0	0	0	0	0	0	[]	[]	[]	[]
ecoli50_r004402	no_hit				0	0	0	0	0	0	[]	[]	[]	[]
ecoli50_r004403	no_hit				0	0	0	0	0	0	[]	[]	[]	[]
ecoli50_r004404	no_hit				0	0	0	0	0	0	[]	[]	[]	[]
ecoli50_r004405	no_hit				0	0	0	0	0	0	[]	[]	[]	[]
ecoli50_r004406	no_hit				0	0	0	0	0	0	[]	[]	[]	[]
ecoli50_r004407	no_hit				0	0	0	0	0	0	[]	[]	[]	[]
ecoli50_r004408	no_hit				0	0	0	0	0	0	[]	[]	[]	[]
ecoli50_r004409	no_hit				0	0	0	0	0	0	[]	[]	[]	[]
ecoli50_r004410	no_hit				0	0	0	0	0	0	[]	[]	[]	[]
ecoli50_r004411	no_hit				0	0	0	0	0	0	[]	[]	[]	[]
ecoli50_r004412	no_hit				0	0	0	0	0	0	[]	[]	[]	[]
ecoli50_r004413	no_hit				0	0	0	0	0	0	[]	[]	[]	[]
ecoli50_r004414	no_hit				0	0	0	0	0	0	[]	[]	[]	[]
ecoli50_r004415	no_hit				0	0	0	0	0	0	[]	[]	[]	[]
ecoli50_r004416	no_hit				0	0	0	0	0	0	[]	[]	[]	[]
ecoli50_r004417	no_hit				0	0	0	0	0	0	[]	[]	[]	[]
ecoli50_r004418	no_hit				0	0	0	0	0	0	[]	[]	[]	[]
ecoli50_r004419	no_hit				0	0	0	0	0	0	[]	[]	[]	[]
ecoli50_r004420	no_hit				0	0	0	0	0	0	[]	[]	[]	[]
ecoli50_r004421	no_hit				0	0	0	0	0	0	[]	[]	[]	[]
ecoli50_r004422	no_hit				0	0	0	0	0	0	[]	[]	[]	[]
ecoli50_r004423	no_hit				0	0	0	0	0	0	[]	[]	[]	[]
ecoli50_r004424	position_consistent_positive	11	forward	81	2	0	1	0	2	0	"[""2617"",""2627""]"	[]	"[[11,""forward"",81,""2617""],[11,""forward"",81,""2627""]]"	[]
ecoli50_r004425	no_hit				0	0	0	0	0	0	[]	[]	[]	[]
ecoli50_r004426	no_hit				0	0	0	0	0	0	[]	[]	[]	[]
ecoli50_r004427	no_hit				0	0	0	0	0	0	[]	[]	[]	[]
ecoli50_r004428	no_hit				0	0	0	0	0	0	[]	[]	[]	[]
ecoli50_r004429	no_hit				0	0	0	0	0	0	[]	[]	[]	[]
ecoli50_r004430	no_hit				0	0	0	0	0	0	[]	[]	[]	[]
ecoli50_r004431	no_hit				0	0	0	0	0	0	[]	[]	[]	[]
ecoli50_r004432	no_hit				0	0	0	0	0	0	[]	[]	[]	[]
ecoli50_r004433	no_hit				0	0	0	0	0	0	[]	[]	[]	[]
ecoli50_r004434	no_hit				0	0	0	0	0	0	[]	[]	[]	[]
ecoli50_r004435	position_consistent_positive	10	forward	81	1	0	1	0	1	0	"[""1529""]"	[]	"[[10,""forward"",81,""1529""]]"	[]
ecoli50_r004436	no_hit				0	0	0	0	0	0	[]	[]	[]	[]
ecoli50_r004437	no_hit				0	0	0	0	0	0	[]	[]	[]	[]
ecoli50_r004438	no_hit				0	0	0	0	0	0	[]	[]	[]	[]
ecoli50_r004439	no_hit				0	0	0	0	0	0	[]	[]	[]	[]
ecoli50_r004440	no_hit				0	0	0	0	0	0	[]	[]	[]	[]
ecoli50_r004441	no_hit				0	0	0	0	0	0	[]	[]	[]	[]
ecoli50_r004442	no_hit				0	0	0	0	0	0	[]	[]	[]	[]
ecoli50_r004443	no_hit				0	0	0	0	0	0	[]	[]	[]	[]
ecoli50_r004444	no_hit				0	0	0	0	0	0	[]	[]	[]	[]
ecoli50_r004445	no_hit				0	0	0	0	0	0	[]	[]	[]	[]
ecoli50_r004446	no_hit				0	0	0	0	0	0	[]	[]	[]	[]
ecoli50_r004447	no_hit				0	0	0	0	0	0	[]	[]	[]	[]
ecoli50_r004448	no_hit				0	0	0	0	0	0	[]	[]	[]	[]
ecoli50_r004449	no_hit				0	0	0	0	0	0	[]	[]	[]	[]
ecoli50_r004450	no_hit				0	0	0	0	0	0	[]	[]	[]	[]
ecoli50_r004451	no_hit				0	0	0	0	0	0	[]	[]	[]	[]
ecoli50_r004452	no_hit				0	0	0	0	0	0	[]	[]	[]	[]
ecoli50_r004453	no_hit				0	0	0	0	0	0	[]	[]	[]	[]
ecoli50_r004454	no_hit				0	0	0	0	0	0	[]	[]	[]	[]
ecoli50_r004455	no_hit				0	0	0	0	0	0	[]	[]	[]	[]
ecoli50_r004456	no_hit				0	0	0	0	0	0	[]	[]	[]	[]
ecoli50_r004457	no_hit				0	0	0	0	0	0	[]	[]	[]	[]
ecoli50_r004458	no_hit				0	0	0	0	0	0	[]	[]	[]	[]
ecoli50_r004459	no_hit				0	0	0	0	0	0	[]	[]	[]	[]
ecoli50_r004460	no_hit				0	0	0	0	0	0	[]	[]	[]	[]
ecoli50_r004461	no_hit				0	0	0	0	0	0	[]	[]	[]	[]
ecoli50_r004462	no_hit				0	0	0	0	0	0	[]	[]	[]	[]
ecoli50_r004463	no_hit				0	0	0	0	0	0	[]	[]	[]	[]
ecoli50_r004464	no_hit				0	0	0	0	0	0	[]	[]	[]	[]
ecoli50_r004465	no_hit				0	0	0	0	0	0	[]	[]	[]	[]
ecoli50_r004466	no_hit				0	0	0	0	0	0	[]	[]	[]	[]
ecoli50_r004467	position_consistent_positive	10	forward	81	1	0	1	0	1	0	"[""2370""]"	[]	"[[10,""forward"",81,""2370""]]"	[]
ecoli50_r004468	no_hit				0	0	0	0	0	0	[]	[]	[]	[]
ecoli50_r004469	no_hit				0	0	0	0	0	0	[]	[]	[]	[]
ecoli50_r004470	no_hit				0	0	0	0	0	0	[]	[]	[]	[]
ecoli50_r004471	no_hit				0	0	0	0	0	0	[]	[]	[]	[]
ecoli50_r004472	no_hit				0	0	0	0	0	0	[]	[]	[]	[]
ecoli50_r004473	no_hit				0	0	0	0	0	0	[]	[]	[]	[]
ecoli50_r004474	no_hit				0	0	0	0	0	0	[]	[]	[]	[]
ecoli50_r004475	no_hit				0	0	0	0	0	0	[]	[]	[]	[]
ecoli50_r004476	no_hit				0	0	0	0	0	0	[]	[]	[]	[]
ecoli50_r004477	position_consistent_positive	11	forward	81	1	0	1	0	1	0	"[""337""]"	[]	"[[11,""forward"",81,""337""]]"	[]
ecoli50_r004478	no_hit				0	0	0	0	0	0	[]	[]	[]	[]
ecoli50_r004479	no_hit				0	0	0	0	0	0	[]	[]	[]	[]
ecoli50_r004480	no_hit				0	0	0	0	0	0	[]	[]	[]	[]
ecoli50_r004481	no_hit				0	0	0	0	0	0	[]	[]	[]	[]
ecoli50_r004482	no_hit				0	0	0	0	0	0	[]	[]	[]	[]
ecoli50_r004483	no_hit				0	0	0	0	0	0	[]	[]	[]	[]
ecoli50_r004484	no_hit				0	0	0	0	0	0	[]	[]	[]	[]
ecoli50_r004485	no_hit				0	0	0	0	0	0	[]	[]	[]	[]
ecoli50_r004486	no_hit				0	0	0	0	0	0	[]	[]	[]	[]
ecoli50_r004487	no_hit				0	0	0	0	0	0	[]	[]	[]	[]
ecoli50_r004488	no_hit				0	0	0	0	0	0	[]	[]	[]	[]
ecoli50_r004489	no_hit				0	0	0	0	0	0	[]	[]	[]	[]
ecoli50_r004490	position_consistent_positive	11	forward	81	1	0	1	0	1	0	"[""265""]"	[]	"[[11,""forward"",81,""265""]]"	[]
ecoli50_r004491	no_hit				0	0	0	0	0	0	[]	[]	[]	[]
ecoli50_r004492	no_hit				0	0	0	0	0	0	[]	[]	[]	[]
ecoli50_r004493	no_hit				0	0	0	0	0	0	[]	[]	[]	[]
ecoli50_r004494	no_hit				0	0	0	0	0	0	[]	[]	[]	[]
ecoli50_r004495	position_consistent_positive	9	forward	81	1	0	1	0	1	0	"[""1941""]"	[]	"[[9,""forward"",81,""1941""]]"	[]
ecoli50_r004496	no_hit				0	0	0	0	0	0	[]	[]	[]	[]
ecoli50_r004497	no_hit				0	0	0	0	0	0	[]	[]	[]	[]
ecoli50_r004498	no_hit				0	0	0	0	0	0	[]	[]	[]	[]
ecoli50_r004499	no_hit				0	0	0	0	0	0	[]	[]	[]	[]
ecoli50_r004500	no_hit				0	0	0	0	0	0	[]	[]	[]	[]
ecoli50_r004501	no_hit				0	0	0	0	0	0	[]	[]	[]	[]
ecoli50_r004502	no_hit				0	0	0	0	0	0	[]	[]	[]	[]
ecoli50_r004503	no_hit				0	0	0	0	0	0	[]	[]	[]	[]
ecoli50_r004504	no_hit				0	0	0	0	0	0	[]	[]	[]	[]
ecoli50_r004505	position_consistent_positive	13	forward	81	1	0	1	0	1	0	"[""2531""]"	[]	"[[13,""forward"",81,""2531""]]"	[]
ecoli50_r004506	position_consistent_positive	3	reverse	81	1	0	1	0	1	0	"[""1605""]"	[]	"[[3,""reverse"",81,""1605""]]"	[]
ecoli50_r004507	no_hit				0	0	0	0	0	0	[]	[]	[]	[]
ecoli50_r004508	no_hit				0	0	0	0	0	0	[]	[]	[]	[]
ecoli50_r004509	no_hit				0	0	0	0	0	0	[]	[]	[]	[]
ecoli50_r004510	no_hit				0	0	0	0	0	0	[]	[]	[]	[]
ecoli50_r004511	no_hit				0	0	0	0	0	0	[]	[]	[]	[]
ecoli50_r004512	no_hit				0	0	0	0	0	0	[]	[]	[]	[]
ecoli50_r004513	no_hit				0	0	0	0	0	0	[]	[]	[]	[]
ecoli50_r004514	position_consistent_positive	10	forward	81	1	0	1	0	1	0	"[""36""]"	[]	"[[10,""forward"",81,""36""]]"	[]
ecoli50_r004515	no_hit				0	0	0	0	0	0	[]	[]	[]	[]
ecoli50_r004516	no_hit				0	0	0	0	0	0	[]	[]	[]	[]
ecoli50_r004517	no_hit				0	0	0	0	0	0	[]	[]	[]	[]
ecoli50_r004518	no_hit				0	0	0	0	0	0	[]	[]	[]	[]
ecoli50_r004519	no_hit				0	0	0	0	0	0	[]	[]	[]	[]
ecoli50_r004520	no_hit				0	0	0	0	0	0	[]	[]	[]	[]
ecoli50_r004521	no_hit				0	0	0	0	0	0	[]	[]	[]	[]
ecoli50_r004522	no_hit				0	0	0	0	0	0	[]	[]	[]	[]
ecoli50_r004523	no_hit				0	0	0	0	0	0	[]	[]	[]	[]
ecoli50_r004524	no_hit				0	0	0	0	0	0	[]	[]	[]	[]
ecoli50_r004525	no_hit				0	0	0	0	0	0	[]	[]	[]	[]
ecoli50_r004526	no_hit				0	0	0	0	0	0	[]	[]	[]	[]
ecoli50_r004527	no_hit				0	0	0	0	0	0	[]	[]	[]	[]
ecoli50_r004528	position_consistent_positive	10	forward	81	1	0	1	0	1	0	"[""2698""]"	[]	"[[10,""forward"",81,""2698""]]"	[]
ecoli50_r004529	no_hit				0	0	0	0	0	0	[]	[]	[]	[]
ecoli50_r004530	no_hit				0	0	0	0	0	0	[]	[]	[]	[]
ecoli50_r004531	no_hit				0	0	0	0	0	0	[]	[]	[]	[]
ecoli50_r004532	no_hit				0	0	0	0	0	0	[]	[]	[]	[]
ecoli50_r004533	no_hit				0	0	0	0	0	0	[]	[]	[]	[]
ecoli50_r004534	no_hit				0	0	0	0	0	0	[]	[]	[]	[]
ecoli50_r004535	no_hit				0	0	0	0	0	0	[]	[]	[]	[]
ecoli50_r004536	no_hit				0	0	0	0	0	0	[]	[]	[]	[]
ecoli50_r004537	no_hit				0	0	0	0	0	0	[]	[]	[]	[]
ecoli50_r004538	no_hit				0	0	0	0	0	0	[]	[]	[]	[]
ecoli50_r004539	no_hit				0	0	0	0	0	0	[]	[]	[]	[]
ecoli50_r004540	no_hit				0	0	0	0	0	0	[]	[]	[]	[]
ecoli50_r004541	no_hit				0	0	0	0	0	0	[]	[]	[]	[]
ecoli50_r004542	no_hit				0	0	0	0	0	0	[]	[]	[]	[]
ecoli50_r004543	no_hit				0	0	0	0	0	0	[]	[]	[]	[]
ecoli50_r004544	no_hit				0	0	0	0	0	0	[]	[]	[]	[]
ecoli50_r004545	no_hit				0	0	0	0	0	0	[]	[]	[]	[]
ecoli50_r004546	no_hit				0	0	0	0	0	0	[]	[]	[]	[]
ecoli50_r004547	no_hit				0	0	0	0	0	0	[]	[]	[]	[]
ecoli50_r004548	no_hit				0	0	0	0	0	0	[]	[]	[]	[]
ecoli50_r004549	no_hit				0	0	0	0	0	0	[]	[]	[]	[]
ecoli50_r004550	no_hit				0	0	0	0	0	0	[]	[]	[]	[]
ecoli50_r004551	no_hit				0	0	0	0	0	0	[]	[]	[]	[]
ecoli50_r004552	position_consistent_positive	2	forward	81	1	0	1	0	1	0	"[""1230""]"	[]	"[[2,""forward"",81,""1230""]]"	[]
ecoli50_r004553	no_hit				0	0	0	0	0	0	[]	[]	[]	[]
ecoli50_r004554	position_consistent_positive	10	forward	81	1	0	1	0	1	0	"[""128""]"	[]	"[[10,""forward"",81,""128""]]"	[]
ecoli50_r004555	no_hit				0	0	0	0	0	0	[]	[]	[]	[]
ecoli50_r004556	no_hit				0	0	0	0	0	0	[]	[]	[]	[]
ecoli50_r004557	no_hit				0	0	0	0	0	0	[]	[]	[]	[]
ecoli50_r004558	no_hit				0	0	0	0	0	0	[]	[]	[]	[]
ecoli50_r004559	no_hit				0	0	0	0	0	0	[]	[]	[]	[]
ecoli50_r004560	no_hit				0	0	0	0	0	0	[]	[]	[]	[]
ecoli50_r004561	no_hit				0	0	0	0	0	0	[]	[]	[]	[]
ecoli50_r004562	no_hit				0	0	0	0	0	0	[]	[]	[]	[]
ecoli50_r004563	no_hit				0	0	0	0	0	0	[]	[]	[]	[]
ecoli50_r004564	no_hit				0	0	0	0	0	0	[]	[]	[]	[]
ecoli50_r004565	no_hit				0	0	0	0	0	0	[]	[]	[]	[]
ecoli50_r004566	no_hit				0	0	0	0	0	0	[]	[]	[]	[]
ecoli50_r004567	no_hit				0	0	0	0	0	0	[]	[]	[]	[]
ecoli50_r004568	no_hit				0	0	0	0	0	0	[]	[]	[]	[]
ecoli50_r004569	no_hit				0	0	0	0	0	0	[]	[]	[]	[]
ecoli50_r004570	position_consistent_positive	15	forward	81	2	0	1	0	2	0	"[""1528"",""880""]"	[]	"[[15,""forward"",81,""1528""],[15,""forward"",81,""880""]]"	[]
ecoli50_r004571	no_hit				0	0	0	0	0	0	[]	[]	[]	[]
ecoli50_r004572	no_hit				0	0	0	0	0	0	[]	[]	[]	[]
ecoli50_r004573	no_hit				0	0	0	0	0	0	[]	[]	[]	[]
ecoli50_r004574	no_hit				0	0	0	0	0	0	[]	[]	[]	[]
ecoli50_r004575	position_consistent_positive	10	forward	81	1	0	1	0	1	0	"[""1337""]"	[]	"[[10,""forward"",81,""1337""]]"	[]
ecoli50_r004576	no_hit				0	0	0	0	0	0	[]	[]	[]	[]
ecoli50_r004577	negative_only				0	1	0	1	0	1	[]	"[""1503""]"	[]	"[[25,""reverse"",81,""1503""]]"
ecoli50_r004578	no_hit				0	0	0	0	0	0	[]	[]	[]	[]
ecoli50_r004579	no_hit				0	0	0	0	0	0	[]	[]	[]	[]
ecoli50_r004580	no_hit				0	0	0	0	0	0	[]	[]	[]	[]
ecoli50_r004581	no_hit				0	0	0	0	0	0	[]	[]	[]	[]
ecoli50_r004582	no_hit				0	0	0	0	0	0	[]	[]	[]	[]
ecoli50_r004583	no_hit				0	0	0	0	0	0	[]	[]	[]	[]
ecoli50_r004584	no_hit				0	0	0	0	0	0	[]	[]	[]	[]
ecoli50_r004585	no_hit				0	0	0	0	0	0	[]	[]	[]	[]
ecoli50_r004586	no_hit				0	0	0	0	0	0	[]	[]	[]	[]
ecoli50_r004587	position_consistent_positive	16	reverse	81	1	0	1	0	1	0	"[""3277""]"	[]	"[[16,""reverse"",81,""3277""]]"	[]
ecoli50_r004588	position_consistent_positive	10	forward	81	1	0	1	0	1	0	"[""315""]"	[]	"[[10,""forward"",81,""315""]]"	[]
ecoli50_r004589	no_hit				0	0	0	0	0	0	[]	[]	[]	[]
ecoli50_r004590	no_hit				0	0	0	0	0	0	[]	[]	[]	[]
ecoli50_r004591	no_hit				0	0	0	0	0	0	[]	[]	[]	[]
ecoli50_r004592	no_hit				0	0	0	0	0	0	[]	[]	[]	[]
ecoli50_r004593	no_hit				0	0	0	0	0	0	[]	[]	[]	[]
ecoli50_r004594	no_hit				0	0	0	0	0	0	[]	[]	[]	[]
ecoli50_r004595	no_hit				0	0	0	0	0	0	[]	[]	[]	[]
ecoli50_r004596	no_hit				0	0	0	0	0	0	[]	[]	[]	[]
ecoli50_r004597	no_hit				0	0	0	0	0	0	[]	[]	[]	[]
ecoli50_r004598	no_hit				0	0	0	0	0	0	[]	[]	[]	[]
ecoli50_r004599	no_hit				0	0	0	0	0	0	[]	[]	[]	[]
ecoli50_r004600	no_hit				0	0	0	0	0	0	[]	[]	[]	[]
ecoli50_r004601	no_hit				0	0	0	0	0	0	[]	[]	[]	[]
ecoli50_r004602	no_hit				0	0	0	0	0	0	[]	[]	[]	[]
ecoli50_r004603	no_hit				0	0	0	0	0	0	[]	[]	[]	[]
ecoli50_r004604	no_hit				0	0	0	0	0	0	[]	[]	[]	[]
ecoli50_r004605	no_hit				0	0	0	0	0	0	[]	[]	[]	[]
ecoli50_r004606	no_hit				0	0	0	0	0	0	[]	[]	[]	[]
ecoli50_r004607	no_hit				0	0	0	0	0	0	[]	[]	[]	[]
ecoli50_r004608	no_hit				0	0	0	0	0	0	[]	[]	[]	[]
ecoli50_r004609	no_hit				0	0	0	0	0	0	[]	[]	[]	[]
ecoli50_r004610	no_hit				0	0	0	0	0	0	[]	[]	[]	[]
ecoli50_r004611	no_hit				0	0	0	0	0	0	[]	[]	[]	[]
ecoli50_r004612	no_hit				0	0	0	0	0	0	[]	[]	[]	[]
ecoli50_r004613	no_hit				0	0	0	0	0	0	[]	[]	[]	[]
ecoli50_r004614	no_hit				0	0	0	0	0	0	[]	[]	[]	[]
ecoli50_r004615	no_hit				0	0	0	0	0	0	[]	[]	[]	[]
ecoli50_r004616	no_hit				0	0	0	0	0	0	[]	[]	[]	[]
ecoli50_r004617	position_consistent_positive	10	forward	81	1	0	1	0	1	0	"[""3326""]"	[]	"[[10,""forward"",81,""3326""]]"	[]
ecoli50_r004618	no_hit				0	0	0	0	0	0	[]	[]	[]	[]
ecoli50_r004619	no_hit				0	0	0	0	0	0	[]	[]	[]	[]
ecoli50_r004620	no_hit				0	0	0	0	0	0	[]	[]	[]	[]
ecoli50_r004621	no_hit				0	0	0	0	0	0	[]	[]	[]	[]
ecoli50_r004622	no_hit				0	0	0	0	0	0	[]	[]	[]	[]
ecoli50_r004623	no_hit				0	0	0	0	0	0	[]	[]	[]	[]
ecoli50_r004624	no_hit				0	0	0	0	0	0	[]	[]	[]	[]
ecoli50_r004625	no_hit				0	0	0	0	0	0	[]	[]	[]	[]
ecoli50_r004626	no_hit				0	0	0	0	0	0	[]	[]	[]	[]
ecoli50_r004627	no_hit				0	0	0	0	0	0	[]	[]	[]	[]
ecoli50_r004628	ambiguous_positive				2	0	2	0	2	0	"[""2408"",""731""]"	[]	"[[2,""forward"",81,""731""],[10,""forward"",81,""2408""]]"	[]
ecoli50_r004629	no_hit				0	0	0	0	0	0	[]	[]	[]	[]
ecoli50_r004630	no_hit				0	0	0	0	0	0	[]	[]	[]	[]
ecoli50_r004631	no_hit				0	0	0	0	0	0	[]	[]	[]	[]
ecoli50_r004632	no_hit				0	0	0	0	0	0	[]	[]	[]	[]
ecoli50_r004633	no_hit				0	0	0	0	0	0	[]	[]	[]	[]
ecoli50_r004634	no_hit				0	0	0	0	0	0	[]	[]	[]	[]
ecoli50_r004635	no_hit				0	0	0	0	0	0	[]	[]	[]	[]
ecoli50_r004636	no_hit				0	0	0	0	0	0	[]	[]	[]	[]
ecoli50_r004637	no_hit				0	0	0	0	0	0	[]	[]	[]	[]
ecoli50_r004638	no_hit				0	0	0	0	0	0	[]	[]	[]	[]
ecoli50_r004639	position_consistent_positive	11	forward	81	1	0	1	0	1	0	"[""2251""]"	[]	"[[11,""forward"",81,""2251""]]"	[]
ecoli50_r004640	no_hit				0	0	0	0	0	0	[]	[]	[]	[]
ecoli50_r004641	no_hit				0	0	0	0	0	0	[]	[]	[]	[]
ecoli50_r004642	no_hit				0	0	0	0	0	0	[]	[]	[]	[]
ecoli50_r004643	no_hit				0	0	0	0	0	0	[]	[]	[]	[]
ecoli50_r004644	no_hit				0	0	0	0	0	0	[]	[]	[]	[]
ecoli50_r004645	no_hit				0	0	0	0	0	0	[]	[]	[]	[]
ecoli50_r004646	no_hit				0	0	0	0	0	0	[]	[]	[]	[]
ecoli50_r004647	no_hit				0	0	0	0	0	0	[]	[]	[]	[]
ecoli50_r004648	no_hit				0	0	0	0	0	0	[]	[]	[]	[]
ecoli50_r004649	no_hit				0	0	0	0	0	0	[]	[]	[]	[]
ecoli50_r004650	no_hit				0	0	0	0	0	0	[]	[]	[]	[]
ecoli50_r004651	no_hit				0	0	0	0	0	0	[]	[]	[]	[]
ecoli50_r004652	no_hit				0	0	0	0	0	0	[]	[]	[]	[]
ecoli50_r004653	no_hit				0	0	0	0	0	0	[]	[]	[]	[]
ecoli50_r004654	no_hit				0	0	0	0	0	0	[]	[]	[]	[]
ecoli50_r004655	no_hit				0	0	0	0	0	0	[]	[]	[]	[]
ecoli50_r004656	no_hit				0	0	0	0	0	0	[]	[]	[]	[]
ecoli50_r004657	no_hit				0	0	0	0	0	0	[]	[]	[]	[]
ecoli50_r004658	no_hit				0	0	0	0	0	0	[]	[]	[]	[]
ecoli50_r004659	no_hit				0	0	0	0	0	0	[]	[]	[]	[]
ecoli50_r004660	no_hit				0	0	0	0	0	0	[]	[]	[]	[]
ecoli50_r004661	position_consistent_positive	10	forward	81	1	0	1	0	1	0	"[""2467""]"	[]	"[[10,""forward"",81,""2467""]]"	[]
ecoli50_r004662	no_hit				0	0	0	0	0	0	[]	[]	[]	[]
ecoli50_r004663	no_hit				0	0	0	0	0	0	[]	[]	[]	[]
ecoli50_r004664	no_hit				0	0	0	0	0	0	[]	[]	[]	[]
ecoli50_r004665	no_hit				0	0	0	0	0	0	[]	[]	[]	[]
ecoli50_r004666	no_hit				0	0	0	0	0	0	[]	[]	[]	[]
ecoli50_r004667	no_hit				0	0	0	0	0	0	[]	[]	[]	[]
ecoli50_r004668	no_hit				0	0	0	0	0	0	[]	[]	[]	[]
ecoli50_r004669	no_hit				0	0	0	0	0	0	[]	[]	[]	[]
ecoli50_r004670	no_hit				0	0	0	0	0	0	[]	[]	[]	[]
ecoli50_r004671	no_hit				0	0	0	0	0	0	[]	[]	[]	[]
ecoli50_r004672	no_hit				0	0	0	0	0	0	[]	[]	[]	[]
ecoli50_r004673	no_hit				0	0	0	0	0	0	[]	[]	[]	[]
ecoli50_r004674	no_hit				0	0	0	0	0	0	[]	[]	[]	[]
ecoli50_r004675	no_hit				0	0	0	0	0	0	[]	[]	[]	[]
ecoli50_r004676	no_hit				0	0	0	0	0	0	[]	[]	[]	[]
ecoli50_r004677	no_hit				0	0	0	0	0	0	[]	[]	[]	[]
ecoli50_r004678	no_hit				0	0	0	0	0	0	[]	[]	[]	[]
ecoli50_r004679	no_hit				0	0	0	0	0	0	[]	[]	[]	[]
ecoli50_r004680	no_hit				0	0	0	0	0	0	[]	[]	[]	[]
ecoli50_r004681	no_hit				0	0	0	0	0	0	[]	[]	[]	[]
ecoli50_r004682	no_hit				0	0	0	0	0	0	[]	[]	[]	[]
ecoli50_r004683	no_hit				0	0	0	0	0	0	[]	[]	[]	[]
ecoli50_r004684	no_hit				0	0	0	0	0	0	[]	[]	[]	[]
ecoli50_r004685	no_hit				0	0	0	0	0	0	[]	[]	[]	[]
ecoli50_r004686	no_hit				0	0	0	0	0	0	[]	[]	[]	[]
ecoli50_r004687	no_hit				0	0	0	0	0	0	[]	[]	[]	[]
ecoli50_r004688	no_hit				0	0	0	0	0	0	[]	[]	[]	[]
ecoli50_r004689	no_hit				0	0	0	0	0	0	[]	[]	[]	[]
ecoli50_r004690	no_hit				0	0	0	0	0	0	[]	[]	[]	[]
ecoli50_r004691	no_hit				0	0	0	0	0	0	[]	[]	[]	[]
ecoli50_r004692	no_hit				0	0	0	0	0	0	[]	[]	[]	[]
ecoli50_r004693	no_hit				0	0	0	0	0	0	[]	[]	[]	[]
ecoli50_r004694	no_hit				0	0	0	0	0	0	[]	[]	[]	[]
ecoli50_r004695	no_hit				0	0	0	0	0	0	[]	[]	[]	[]
ecoli50_r004696	no_hit				0	0	0	0	0	0	[]	[]	[]	[]
ecoli50_r004697	no_hit				0	0	0	0	0	0	[]	[]	[]	[]
ecoli50_r004698	no_hit				0	0	0	0	0	0	[]	[]	[]	[]
ecoli50_r004699	no_hit				0	0	0	0	0	0	[]	[]	[]	[]
ecoli50_r004700	no_hit				0	0	0	0	0	0	[]	[]	[]	[]
ecoli50_r004701	no_hit				0	0	0	0	0	0	[]	[]	[]	[]
ecoli50_r004702	no_hit				0	0	0	0	0	0	[]	[]	[]	[]
ecoli50_r004703	no_hit				0	0	0	0	0	0	[]	[]	[]	[]
ecoli50_r004704	no_hit				0	0	0	0	0	0	[]	[]	[]	[]
ecoli50_r004705	no_hit				0	0	0	0	0	0	[]	[]	[]	[]
ecoli50_r004706	no_hit				0	0	0	0	0	0	[]	[]	[]	[]
ecoli50_r004707	no_hit				0	0	0	0	0	0	[]	[]	[]	[]
ecoli50_r004708	no_hit				0	0	0	0	0	0	[]	[]	[]	[]
ecoli50_r004709	no_hit				0	0	0	0	0	0	[]	[]	[]	[]
ecoli50_r004710	no_hit				0	0	0	0	0	0	[]	[]	[]	[]
ecoli50_r004711	no_hit				0	0	0	0	0	0	[]	[]	[]	[]
ecoli50_r004712	no_hit				0	0	0	0	0	0	[]	[]	[]	[]
ecoli50_r004713	no_hit				0	0	0	0	0	0	[]	[]	[]	[]
ecoli50_r004714	no_hit				0	0	0	0	0	0	[]	[]	[]	[]
ecoli50_r004715	no_hit				0	0	0	0	0	0	[]	[]	[]	[]
ecoli50_r004716	no_hit				0	0	0	0	0	0	[]	[]	[]	[]
ecoli50_r004717	no_hit				0	0	0	0	0	0	[]	[]	[]	[]
ecoli50_r004718	no_hit				0	0	0	0	0	0	[]	[]	[]	[]
ecoli50_r004719	position_consistent_positive	8	forward	81	1	0	1	0	1	0	"[""3248""]"	[]	"[[8,""forward"",81,""3248""]]"	[]
ecoli50_r004720	no_hit				0	0	0	0	0	0	[]	[]	[]	[]
ecoli50_r004721	position_consistent_positive	12	forward	81	1	0	1	0	1	0	"[""3290""]"	[]	"[[12,""forward"",81,""3290""]]"	[]
ecoli50_r004722	no_hit				0	0	0	0	0	0	[]	[]	[]	[]
ecoli50_r004723	no_hit				0	0	0	0	0	0	[]	[]	[]	[]
ecoli50_r004724	no_hit				0	0	0	0	0	0	[]	[]	[]	[]
ecoli50_r004725	no_hit				0	0	0	0	0	0	[]	[]	[]	[]
ecoli50_r004726	position_consistent_positive	5	reverse	81	1	0	1	0	1	0	"[""472""]"	[]	"[[5,""reverse"",81,""472""]]"	[]
ecoli50_r004727	no_hit				0	0	0	0	0	0	[]	[]	[]	[]
ecoli50_r004728	no_hit				0	0	0	0	0	0	[]	[]	[]	[]
ecoli50_r004729	no_hit				0	0	0	0	0	0	[]	[]	[]	[]
ecoli50_r004730	no_hit				0	0	0	0	0	0	[]	[]	[]	[]
ecoli50_r004731	no_hit				0	0	0	0	0	0	[]	[]	[]	[]
ecoli50_r004732	no_hit				0	0	0	0	0	0	[]	[]	[]	[]
ecoli50_r004733	no_hit				0	0	0	0	0	0	[]	[]	[]	[]
ecoli50_r004734	no_hit				0	0	0	0	0	0	[]	[]	[]	[]
ecoli50_r004735	negative_only				0	1	0	1	0	1	[]	"[""1787""]"	[]	"[[22,""reverse"",81,""1787""]]"
ecoli50_r004736	no_hit				0	0	0	0	0	0	[]	[]	[]	[]
ecoli50_r004737	no_hit				0	0	0	0	0	0	[]	[]	[]	[]
ecoli50_r004738	no_hit				0	0	0	0	0	0	[]	[]	[]	[]
ecoli50_r004739	no_hit				0	0	0	0	0	0	[]	[]	[]	[]
ecoli50_r004740	no_hit				0	0	0	0	0	0	[]	[]	[]	[]
ecoli50_r004741	no_hit				0	0	0	0	0	0	[]	[]	[]	[]
ecoli50_r004742	no_hit				0	0	0	0	0	0	[]	[]	[]	[]
ecoli50_r004743	position_consistent_positive	10	forward	81	1	0	1	0	1	0	"[""1477""]"	[]	"[[10,""forward"",81,""1477""]]"	[]
ecoli50_r004744	no_hit				0	0	0	0	0	0	[]	[]	[]	[]
ecoli50_r004745	no_hit				0	0	0	0	0	0	[]	[]	[]	[]
ecoli50_r004746	no_hit				0	0	0	0	0	0	[]	[]	[]	[]
ecoli50_r004747	no_hit				0	0	0	0	0	0	[]	[]	[]	[]
ecoli50_r004748	no_hit				0	0	0	0	0	0	[]	[]	[]	[]
ecoli50_r004749	no_hit				0	0	0	0	0	0	[]	[]	[]	[]
ecoli50_r004750	no_hit				0	0	0	0	0	0	[]	[]	[]	[]
ecoli50_r004751	no_hit				0	0	0	0	0	0	[]	[]	[]	[]
ecoli50_r004752	no_hit				0	0	0	0	0	0	[]	[]	[]	[]
ecoli50_r004753	no_hit				0	0	0	0	0	0	[]	[]	[]	[]
ecoli50_r004754	no_hit				0	0	0	0	0	0	[]	[]	[]	[]
ecoli50_r004755	no_hit				0	0	0	0	0	0	[]	[]	[]	[]
ecoli50_r004756	position_consistent_positive	10	forward	81	1	0	1	0	1	0	"[""1831""]"	[]	"[[10,""forward"",81,""1831""]]"	[]
ecoli50_r004757	no_hit				0	0	0	0	0	0	[]	[]	[]	[]
ecoli50_r004758	no_hit				0	0	0	0	0	0	[]	[]	[]	[]
ecoli50_r004759	no_hit				0	0	0	0	0	0	[]	[]	[]	[]
ecoli50_r004760	no_hit				0	0	0	0	0	0	[]	[]	[]	[]
ecoli50_r004761	no_hit				0	0	0	0	0	0	[]	[]	[]	[]
ecoli50_r004762	no_hit				0	0	0	0	0	0	[]	[]	[]	[]
ecoli50_r004763	no_hit				0	0	0	0	0	0	[]	[]	[]	[]
ecoli50_r004764	no_hit				0	0	0	0	0	0	[]	[]	[]	[]
ecoli50_r004765	no_hit				0	0	0	0	0	0	[]	[]	[]	[]
ecoli50_r004766	no_hit				0	0	0	0	0	0	[]	[]	[]	[]
ecoli50_r004767	no_hit				0	0	0	0	0	0	[]	[]	[]	[]
ecoli50_r004768	no_hit				0	0	0	0	0	0	[]	[]	[]	[]
ecoli50_r004769	no_hit				0	0	0	0	0	0	[]	[]	[]	[]
ecoli50_r004770	no_hit				0	0	0	0	0	0	[]	[]	[]	[]
ecoli50_r004771	no_hit				0	0	0	0	0	0	[]	[]	[]	[]
ecoli50_r004772	no_hit				0	0	0	0	0	0	[]	[]	[]	[]
ecoli50_r004773	no_hit				0	0	0	0	0	0	[]	[]	[]	[]
ecoli50_r004774	no_hit				0	0	0	0	0	0	[]	[]	[]	[]
ecoli50_r004775	no_hit				0	0	0	0	0	0	[]	[]	[]	[]
ecoli50_r004776	no_hit				0	0	0	0	0	0	[]	[]	[]	[]
ecoli50_r004777	position_consistent_positive	22	forward	81	1	0	1	0	1	0	"[""116""]"	[]	"[[22,""forward"",81,""116""]]"	[]
ecoli50_r004778	no_hit				0	0	0	0	0	0	[]	[]	[]	[]
ecoli50_r004779	no_hit				0	0	0	0	0	0	[]	[]	[]	[]
ecoli50_r004780	no_hit				0	0	0	0	0	0	[]	[]	[]	[]
ecoli50_r004781	no_hit				0	0	0	0	0	0	[]	[]	[]	[]
ecoli50_r004782	no_hit				0	0	0	0	0	0	[]	[]	[]	[]
ecoli50_r004783	no_hit				0	0	0	0	0	0	[]	[]	[]	[]
ecoli50_r004784	no_hit				0	0	0	0	0	0	[]	[]	[]	[]
ecoli50_r004785	no_hit				0	0	0	0	0	0	[]	[]	[]	[]
ecoli50_r004786	no_hit				0	0	0	0	0	0	[]	[]	[]	[]
ecoli50_r004787	no_hit				0	0	0	0	0	0	[]	[]	[]	[]
ecoli50_r004788	no_hit				0	0	0	0	0	0	[]	[]	[]	[]
ecoli50_r004789	no_hit				0	0	0	0	0	0	[]	[]	[]	[]
ecoli50_r004790	no_hit				0	0	0	0	0	0	[]	[]	[]	[]
ecoli50_r004791	no_hit				0	0	0	0	0	0	[]	[]	[]	[]
ecoli50_r004792	position_consistent_positive	8	forward	81	1	0	1	0	1	0	"[""715""]"	[]	"[[8,""forward"",81,""715""]]"	[]
ecoli50_r004793	no_hit				0	0	0	0	0	0	[]	[]	[]	[]
ecoli50_r004794	no_hit				0	0	0	0	0	0	[]	[]	[]	[]
ecoli50_r004795	no_hit				0	0	0	0	0	0	[]	[]	[]	[]
ecoli50_r004796	no_hit				0	0	0	0	0	0	[]	[]	[]	[]
ecoli50_r004797	no_hit				0	0	0	0	0	0	[]	[]	[]	[]
ecoli50_r004798	no_hit				0	0	0	0	0	0	[]	[]	[]	[]
ecoli50_r004799	no_hit				0	0	0	0	0	0	[]	[]	[]	[]
ecoli50_r004800	no_hit				0	0	0	0	0	0	[]	[]	[]	[]
ecoli50_r004801	no_hit				0	0	0	0	0	0	[]	[]	[]	[]
ecoli50_r004802	no_hit				0	0	0	0	0	0	[]	[]	[]	[]
ecoli50_r004803	no_hit				0	0	0	0	0	0	[]	[]	[]	[]
ecoli50_r004804	no_hit				0	0	0	0	0	0	[]	[]	[]	[]
ecoli50_r004805	no_hit				0	0	0	0	0	0	[]	[]	[]	[]
ecoli50_r004806	no_hit				0	0	0	0	0	0	[]	[]	[]	[]
ecoli50_r004807	no_hit				0	0	0	0	0	0	[]	[]	[]	[]
ecoli50_r004808	no_hit				0	0	0	0	0	0	[]	[]	[]	[]
ecoli50_r004809	no_hit				0	0	0	0	0	0	[]	[]	[]	[]
ecoli50_r004810	no_hit				0	0	0	0	0	0	[]	[]	[]	[]
ecoli50_r004811	no_hit				0	0	0	0	0	0	[]	[]	[]	[]
ecoli50_r004812	no_hit				0	0	0	0	0	0	[]	[]	[]	[]
ecoli50_r004813	no_hit				0	0	0	0	0	0	[]	[]	[]	[]
ecoli50_r004814	no_hit				0	0	0	0	0	0	[]	[]	[]	[]
ecoli50_r004815	no_hit				0	0	0	0	0	0	[]	[]	[]	[]
ecoli50_r004816	no_hit				0	0	0	0	0	0	[]	[]	[]	[]
ecoli50_r004817	no_hit				0	0	0	0	0	0	[]	[]	[]	[]
ecoli50_r004818	no_hit				0	0	0	0	0	0	[]	[]	[]	[]
ecoli50_r004819	no_hit				0	0	0	0	0	0	[]	[]	[]	[]
ecoli50_r004820	no_hit				0	0	0	0	0	0	[]	[]	[]	[]
ecoli50_r004821	no_hit				0	0	0	0	0	0	[]	[]	[]	[]
ecoli50_r004822	no_hit				0	0	0	0	0	0	[]	[]	[]	[]
ecoli50_r004823	no_hit				0	0	0	0	0	0	[]	[]	[]	[]
ecoli50_r004824	no_hit				0	0	0	0	0	0	[]	[]	[]	[]
ecoli50_r004825	position_consistent_positive	13	forward	81	1	0	1	0	1	0	"[""1595""]"	[]	"[[13,""forward"",81,""1595""]]"	[]
ecoli50_r004826	no_hit				0	0	0	0	0	0	[]	[]	[]	[]
ecoli50_r004827	no_hit				0	0	0	0	0	0	[]	[]	[]	[]
ecoli50_r004828	no_hit				0	0	0	0	0	0	[]	[]	[]	[]
ecoli50_r004829	no_hit				0	0	0	0	0	0	[]	[]	[]	[]
ecoli50_r004830	no_hit				0	0	0	0	0	0	[]	[]	[]	[]
ecoli50_r004831	no_hit				0	0	0	0	0	0	[]	[]	[]	[]
ecoli50_r004832	no_hit				0	0	0	0	0	0	[]	[]	[]	[]
ecoli50_r004833	no_hit				0	0	0	0	0	0	[]	[]	[]	[]
ecoli50_r004834	no_hit				0	0	0	0	0	0	[]	[]	[]	[]
ecoli50_r004835	no_hit				0	0	0	0	0	0	[]	[]	[]	[]
ecoli50_r004836	no_hit				0	0	0	0	0	0	[]	[]	[]	[]
ecoli50_r004837	no_hit				0	0	0	0	0	0	[]	[]	[]	[]
ecoli50_r004838	no_hit				0	0	0	0	0	0	[]	[]	[]	[]
ecoli50_r004839	no_hit				0	0	0	0	0	0	[]	[]	[]	[]
ecoli50_r004840	no_hit				0	0	0	0	0	0	[]	[]	[]	[]
ecoli50_r004841	no_hit				0	0	0	0	0	0	[]	[]	[]	[]
ecoli50_r004842	no_hit				0	0	0	0	0	0	[]	[]	[]	[]
ecoli50_r004843	no_hit				0	0	0	0	0	0	[]	[]	[]	[]
ecoli50_r004844	no_hit				0	0	0	0	0	0	[]	[]	[]	[]
ecoli50_r004845	no_hit				0	0	0	0	0	0	[]	[]	[]	[]
ecoli50_r004846	no_hit				0	0	0	0	0	0	[]	[]	[]	[]
ecoli50_r004847	no_hit				0	0	0	0	0	0	[]	[]	[]	[]
ecoli50_r004848	position_consistent_positive	11	forward	81	1	0	1	0	1	0	"[""2340""]"	[]	"[[11,""forward"",81,""2340""]]"	[]
ecoli50_r004849	no_hit				0	0	0	0	0	0	[]	[]	[]	[]
ecoli50_r004850	no_hit				0	0	0	0	0	0	[]	[]	[]	[]
ecoli50_r004851	no_hit				0	0	0	0	0	0	[]	[]	[]	[]
ecoli50_r004852	no_hit				0	0	0	0	0	0	[]	[]	[]	[]
ecoli50_r004853	no_hit				0	0	0	0	0	0	[]	[]	[]	[]
ecoli50_r004854	no_hit				0	0	0	0	0	0	[]	[]	[]	[]
ecoli50_r004855	no_hit				0	0	0	0	0	0	[]	[]	[]	[]
ecoli50_r004856	no_hit				0	0	0	0	0	0	[]	[]	[]	[]
ecoli50_r004857	position_consistent_positive	12	forward	81	1	0	1	0	1	0	"[""834""]"	[]	"[[12,""forward"",81,""834""]]"	[]
ecoli50_r004858	no_hit				0	0	0	0	0	0	[]	[]	[]	[]
ecoli50_r004859	no_hit				0	0	0	0	0	0	[]	[]	[]	[]
ecoli50_r004860	no_hit				0	0	0	0	0	0	[]	[]	[]	[]
ecoli50_r004861	no_hit				0	0	0	0	0	0	[]	[]	[]	[]
ecoli50_r004862	no_hit				0	0	0	0	0	0	[]	[]	[]	[]
ecoli50_r004863	no_hit				0	0	0	0	0	0	[]	[]	[]	[]
ecoli50_r004864	no_hit				0	0	0	0	0	0	[]	[]	[]	[]
ecoli50_r004865	no_hit				0	0	0	0	0	0	[]	[]	[]	[]
ecoli50_r004866	no_hit				0	0	0	0	0	0	[]	[]	[]	[]
ecoli50_r004867	no_hit				0	0	0	0	0	0	[]	[]	[]	[]
ecoli50_r004868	no_hit				0	0	0	0	0	0	[]	[]	[]	[]
ecoli50_r004869	no_hit				0	0	0	0	0	0	[]	[]	[]	[]
ecoli50_r004870	no_hit				0	0	0	0	0	0	[]	[]	[]	[]
ecoli50_r004871	no_hit				0	0	0	0	0	0	[]	[]	[]	[]
ecoli50_r004872	no_hit				0	0	0	0	0	0	[]	[]	[]	[]
ecoli50_r004873	no_hit				0	0	0	0	0	0	[]	[]	[]	[]
ecoli50_r004874	no_hit				0	0	0	0	0	0	[]	[]	[]	[]
ecoli50_r004875	position_consistent_positive	3	reverse	81	1	0	1	0	1	0	"[""1779""]"	[]	"[[3,""reverse"",81,""1779""]]"	[]
ecoli50_r004876	both				1	1	1	1	1	1	"[""1779""]"	"[""3259""]"	"[[22,""forward"",81,""1779""]]"	"[[4,""forward"",81,""3259""]]"
ecoli50_r004877	no_hit				0	0	0	0	0	0	[]	[]	[]	[]
ecoli50_r004878	negative_only				0	1	0	1	0	1	[]	"[""1433""]"	[]	"[[6,""forward"",81,""1433""]]"
ecoli50_r004879	no_hit				0	0	0	0	0	0	[]	[]	[]	[]
ecoli50_r004880	no_hit				0	0	0	0	0	0	[]	[]	[]	[]
ecoli50_r004881	no_hit				0	0	0	0	0	0	[]	[]	[]	[]
ecoli50_r004882	no_hit				0	0	0	0	0	0	[]	[]	[]	[]
ecoli50_r004883	no_hit				0	0	0	0	0	0	[]	[]	[]	[]
ecoli50_r004884	no_hit				0	0	0	0	0	0	[]	[]	[]	[]
ecoli50_r004885	no_hit				0	0	0	0	0	0	[]	[]	[]	[]
ecoli50_r004886	no_hit				0	0	0	0	0	0	[]	[]	[]	[]
ecoli50_r004887	no_hit				0	0	0	0	0	0	[]	[]	[]	[]
ecoli50_r004888	no_hit				0	0	0	0	0	0	[]	[]	[]	[]
ecoli50_r004889	no_hit				0	0	0	0	0	0	[]	[]	[]	[]
ecoli50_r004890	no_hit				0	0	0	0	0	0	[]	[]	[]	[]
ecoli50_r004891	no_hit				0	0	0	0	0	0	[]	[]	[]	[]
ecoli50_r004892	no_hit				0	0	0	0	0	0	[]	[]	[]	[]
ecoli50_r004893	no_hit				0	0	0	0	0	0	[]	[]	[]	[]
ecoli50_r004894	no_hit				0	0	0	0	0	0	[]	[]	[]	[]
ecoli50_r004895	no_hit				0	0	0	0	0	0	[]	[]	[]	[]
ecoli50_r004896	no_hit				0	0	0	0	0	0	[]	[]	[]	[]
ecoli50_r004897	no_hit				0	0	0	0	0	0	[]	[]	[]	[]
ecoli50_r004898	no_hit				0	0	0	0	0	0	[]	[]	[]	[]
ecoli50_r004899	no_hit				0	0	0	0	0	0	[]	[]	[]	[]
ecoli50_r004900	no_hit				0	0	0	0	0	0	[]	[]	[]	[]
ecoli50_r004901	no_hit				0	0	0	0	0	0	[]	[]	[]	[]
ecoli50_r004902	no_hit				0	0	0	0	0	0	[]	[]	[]	[]
ecoli50_r004903	no_hit				0	0	0	0	0	0	[]	[]	[]	[]
ecoli50_r004904	no_hit				0	0	0	0	0	0	[]	[]	[]	[]
ecoli50_r004905	no_hit				0	0	0	0	0	0	[]	[]	[]	[]
ecoli50_r004906	no_hit				0	0	0	0	0	0	[]	[]	[]	[]
ecoli50_r004907	no_hit				0	0	0	0	0	0	[]	[]	[]	[]
ecoli50_r004908	no_hit				0	0	0	0	0	0	[]	[]	[]	[]
ecoli50_r004909	position_consistent_positive	9	forward	81	1	0	1	0	1	0	"[""2864""]"	[]	"[[9,""forward"",81,""2864""]]"	[]
ecoli50_r004910	no_hit				0	0	0	0	0	0	[]	[]	[]	[]
ecoli50_r004911	no_hit				0	0	0	0	0	0	[]	[]	[]	[]
ecoli50_r004912	no_hit				0	0	0	0	0	0	[]	[]	[]	[]
ecoli50_r004913	no_hit				0	0	0	0	0	0	[]	[]	[]	[]
ecoli50_r004914	no_hit				0	0	0	0	0	0	[]	[]	[]	[]
ecoli50_r004915	negative_only				0	1	0	1	0	1	[]	"[""41""]"	[]	"[[12,""reverse"",81,""41""]]"
ecoli50_r004916	no_hit				0	0	0	0	0	0	[]	[]	[]	[]
ecoli50_r004917	no_hit				0	0	0	0	0	0	[]	[]	[]	[]
ecoli50_r004918	no_hit				0	0	0	0	0	0	[]	[]	[]	[]
ecoli50_r004919	no_hit				0	0	0	0	0	0	[]	[]	[]	[]
ecoli50_r004920	no_hit				0	0	0	0	0	0	[]	[]	[]	[]
ecoli50_r004921	position_consistent_positive	10	forward	81	1	0	1	0	1	0	"[""635""]"	[]	"[[10,""forward"",81,""635""]]"	[]
ecoli50_r004922	no_hit				0	0	0	0	0	0	[]	[]	[]	[]
ecoli50_r004923	no_hit				0	0	0	0	0	0	[]	[]	[]	[]
ecoli50_r004924	no_hit				0	0	0	0	0	0	[]	[]	[]	[]
ecoli50_r004925	no_hit				0	0	0	0	0	0	[]	[]	[]	[]
ecoli50_r004926	no_hit				0	0	0	0	0	0	[]	[]	[]	[]
ecoli50_r004927	position_consistent_positive	10	forward	81	1	0	1	0	1	0	"[""2951""]"	[]	"[[10,""forward"",81,""2951""]]"	[]
ecoli50_r004928	no_hit				0	0	0	0	0	0	[]	[]	[]	[]
ecoli50_r004929	no_hit				0	0	0	0	0	0	[]	[]	[]	[]
ecoli50_r004930	no_hit				0	0	0	0	0	0	[]	[]	[]	[]
ecoli50_r004931	no_hit				0	0	0	0	0	0	[]	[]	[]	[]
ecoli50_r004932	no_hit				0	0	0	0	0	0	[]	[]	[]	[]
ecoli50_r004933	no_hit				0	0	0	0	0	0	[]	[]	[]	[]
ecoli50_r004934	no_hit				0	0	0	0	0	0	[]	[]	[]	[]
ecoli50_r004935	no_hit				0	0	0	0	0	0	[]	[]	[]	[]
ecoli50_r004936	no_hit				0	0	0	0	0	0	[]	[]	[]	[]
ecoli50_r004937	no_hit				0	0	0	0	0	0	[]	[]	[]	[]
ecoli50_r004938	no_hit				0	0	0	0	0	0	[]	[]	[]	[]
ecoli50_r004939	no_hit				0	0	0	0	0	0	[]	[]	[]	[]
ecoli50_r004940	no_hit				0	0	0	0	0	0	[]	[]	[]	[]
ecoli50_r004941	no_hit				0	0	0	0	0	0	[]	[]	[]	[]
ecoli50_r004942	no_hit				0	0	0	0	0	0	[]	[]	[]	[]
ecoli50_r004943	no_hit				0	0	0	0	0	0	[]	[]	[]	[]
ecoli50_r004944	position_consistent_positive	9	forward	81	1	0	1	0	1	0	"[""395""]"	[]	"[[9,""forward"",81,""395""]]"	[]
ecoli50_r004945	no_hit				0	0	0	0	0	0	[]	[]	[]	[]
ecoli50_r004946	no_hit				0	0	0	0	0	0	[]	[]	[]	[]
ecoli50_r004947	no_hit				0	0	0	0	0	0	[]	[]	[]	[]
ecoli50_r004948	no_hit				0	0	0	0	0	0	[]	[]	[]	[]
ecoli50_r004949	no_hit				0	0	0	0	0	0	[]	[]	[]	[]
ecoli50_r004950	no_hit				0	0	0	0	0	0	[]	[]	[]	[]
ecoli50_r004951	no_hit				0	0	0	0	0	0	[]	[]	[]	[]
ecoli50_r004952	no_hit				0	0	0	0	0	0	[]	[]	[]	[]
ecoli50_r004953	no_hit				0	0	0	0	0	0	[]	[]	[]	[]
ecoli50_r004954	no_hit				0	0	0	0	0	0	[]	[]	[]	[]
ecoli50_r004955	no_hit				0	0	0	0	0	0	[]	[]	[]	[]
ecoli50_r004956	no_hit				0	0	0	0	0	0	[]	[]	[]	[]
ecoli50_r004957	no_hit				0	0	0	0	0	0	[]	[]	[]	[]
ecoli50_r004958	no_hit				0	0	0	0	0	0	[]	[]	[]	[]
ecoli50_r004959	no_hit				0	0	0	0	0	0	[]	[]	[]	[]
ecoli50_r004960	no_hit				0	0	0	0	0	0	[]	[]	[]	[]
ecoli50_r004961	no_hit				0	0	0	0	0	0	[]	[]	[]	[]
ecoli50_r004962	no_hit				0	0	0	0	0	0	[]	[]	[]	[]
ecoli50_r004963	no_hit				0	0	0	0	0	0	[]	[]	[]	[]
ecoli50_r004964	no_hit				0	0	0	0	0	0	[]	[]	[]	[]
ecoli50_r004965	no_hit				0	0	0	0	0	0	[]	[]	[]	[]
ecoli50_r004966	no_hit				0	0	0	0	0	0	[]	[]	[]	[]
ecoli50_r004967	no_hit				0	0	0	0	0	0	[]	[]	[]	[]
ecoli50_r004968	no_hit				0	0	0	0	0	0	[]	[]	[]	[]
ecoli50_r004969	no_hit				0	0	0	0	0	0	[]	[]	[]	[]
ecoli50_r004970	no_hit				0	0	0	0	0	0	[]	[]	[]	[]
ecoli50_r004971	no_hit				0	0	0	0	0	0	[]	[]	[]	[]
ecoli50_r004972	no_hit				0	0	0	0	0	0	[]	[]	[]	[]
ecoli50_r004973	no_hit				0	0	0	0	0	0	[]	[]	[]	[]
ecoli50_r004974	no_hit				0	0	0	0	0	0	[]	[]	[]	[]
ecoli50_r004975	no_hit				0	0	0	0	0	0	[]	[]	[]	[]
ecoli50_r004976	no_hit				0	0	0	0	0	0	[]	[]	[]	[]
ecoli50_r004977	ambiguous_positive				2	0	2	0	2	0	"[""482"",""890""]"	[]	"[[7,""reverse"",81,""482""],[25,""forward"",81,""890""]]"	[]
ecoli50_r004978	no_hit				0	0	0	0	0	0	[]	[]	[]	[]
ecoli50_r004979	no_hit				0	0	0	0	0	0	[]	[]	[]	[]
ecoli50_r004980	no_hit				0	0	0	0	0	0	[]	[]	[]	[]
ecoli50_r004981	no_hit				0	0	0	0	0	0	[]	[]	[]	[]
ecoli50_r004982	no_hit				0	0	0	0	0	0	[]	[]	[]	[]
ecoli50_r004983	no_hit				0	0	0	0	0	0	[]	[]	[]	[]
ecoli50_r004984	no_hit				0	0	0	0	0	0	[]	[]	[]	[]
ecoli50_r004985	no_hit				0	0	0	0	0	0	[]	[]	[]	[]
ecoli50_r004986	no_hit				0	0	0	0	0	0	[]	[]	[]	[]
ecoli50_r004987	no_hit				0	0	0	0	0	0	[]	[]	[]	[]
ecoli50_r004988	no_hit				0	0	0	0	0	0	[]	[]	[]	[]
ecoli50_r004989	position_consistent_positive	11	forward	81	2	0	1	0	2	0	"[""2127"",""2616""]"	[]	"[[11,""forward"",81,""2127""],[11,""forward"",81,""2616""]]"	[]
ecoli50_r004990	no_hit				0	0	0	0	0	0	[]	[]	[]	[]
ecoli50_r004991	no_hit				0	0	0	0	0	0	[]	[]	[]	[]
ecoli50_r004992	no_hit				0	0	0	0	0	0	[]	[]	[]	[]
ecoli50_r004993	no_hit				0	0	0	0	0	0	[]	[]	[]	[]
ecoli50_r004994	position_consistent_positive	11	forward	81	2	0	1	0	2	0	"[""696"",""738""]"	[]	"[[11,""forward"",81,""696""],[11,""forward"",81,""738""]]"	[]
ecoli50_r004995	no_hit				0	0	0	0	0	0	[]	[]	[]	[]
ecoli50_r004996	no_hit				0	0	0	0	0	0	[]	[]	[]	[]
ecoli50_r004997	no_hit				0	0	0	0	0	0	[]	[]	[]	[]
ecoli50_r004998	no_hit				0	0	0	0	0	0	[]	[]	[]	[]
ecoli50_r004999	no_hit				0	0	0	0	0	0	[]	[]	[]	[]
ecoli50_r005000	position_consistent_positive	27	forward	81	1	0	1	0	1	0	"[""573""]"	[]	"[[27,""forward"",81,""573""]]"	[]
ecoli50_r005001	no_hit				0	0	0	0	0	0	[]	[]	[]	[]
ecoli50_r005002	no_hit				0	0	0	0	0	0	[]	[]	[]	[]
ecoli50_r005003	no_hit				0	0	0	0	0	0	[]	[]	[]	[]
ecoli50_r005004	no_hit				0	0	0	0	0	0	[]	[]	[]	[]
ecoli50_r005005	no_hit				0	0	0	0	0	0	[]	[]	[]	[]
ecoli50_r005006	no_hit				0	0	0	0	0	0	[]	[]	[]	[]
ecoli50_r005007	no_hit				0	0	0	0	0	0	[]	[]	[]	[]
ecoli50_r005008	no_hit				0	0	0	0	0	0	[]	[]	[]	[]
ecoli50_r005009	no_hit				0	0	0	0	0	0	[]	[]	[]	[]
ecoli50_r005010	no_hit				0	0	0	0	0	0	[]	[]	[]	[]
ecoli50_r005011	no_hit				0	0	0	0	0	0	[]	[]	[]	[]
ecoli50_r005012	no_hit				0	0	0	0	0	0	[]	[]	[]	[]
ecoli50_r005013	no_hit				0	0	0	0	0	0	[]	[]	[]	[]
ecoli50_r005014	no_hit				0	0	0	0	0	0	[]	[]	[]	[]
ecoli50_r005015	no_hit				0	0	0	0	0	0	[]	[]	[]	[]
ecoli50_r005016	no_hit				0	0	0	0	0	0	[]	[]	[]	[]
ecoli50_r005017	no_hit				0	0	0	0	0	0	[]	[]	[]	[]
ecoli50_r005018	no_hit				0	0	0	0	0	0	[]	[]	[]	[]
ecoli50_r005019	no_hit				0	0	0	0	0	0	[]	[]	[]	[]
ecoli50_r005020	ambiguous_positive				2	0	2	0	2	0	"[""1498"",""1664""]"	[]	"[[0,""forward"",81,""1664""],[11,""forward"",81,""1498""]]"	[]
ecoli50_r005021	no_hit				0	0	0	0	0	0	[]	[]	[]	[]
ecoli50_r005022	no_hit				0	0	0	0	0	0	[]	[]	[]	[]
ecoli50_r005023	no_hit				0	0	0	0	0	0	[]	[]	[]	[]
ecoli50_r005024	no_hit				0	0	0	0	0	0	[]	[]	[]	[]
ecoli50_r005025	no_hit				0	0	0	0	0	0	[]	[]	[]	[]
ecoli50_r005026	no_hit				0	0	0	0	0	0	[]	[]	[]	[]
ecoli50_r005027	no_hit				0	0	0	0	0	0	[]	[]	[]	[]
ecoli50_r005028	no_hit				0	0	0	0	0	0	[]	[]	[]	[]
ecoli50_r005029	no_hit				0	0	0	0	0	0	[]	[]	[]	[]
ecoli50_r005030	no_hit				0	0	0	0	0	0	[]	[]	[]	[]
ecoli50_r005031	no_hit				0	0	0	0	0	0	[]	[]	[]	[]
ecoli50_r005032	no_hit				0	0	0	0	0	0	[]	[]	[]	[]
ecoli50_r005033	no_hit				0	0	0	0	0	0	[]	[]	[]	[]
ecoli50_r005034	no_hit				0	0	0	0	0	0	[]	[]	[]	[]
ecoli50_r005035	position_consistent_positive	11	forward	81	1	0	1	0	1	0	"[""2456""]"	[]	"[[11,""forward"",81,""2456""]]"	[]
ecoli50_r005036	no_hit				0	0	0	0	0	0	[]	[]	[]	[]
ecoli50_r005037	position_consistent_positive	12	forward	81	1	0	1	0	1	0	"[""2288""]"	[]	"[[12,""forward"",81,""2288""]]"	[]
ecoli50_r005038	no_hit				0	0	0	0	0	0	[]	[]	[]	[]
ecoli50_r005039	negative_only				0	1	0	1	0	1	[]	"[""1619""]"	[]	"[[14,""forward"",81,""1619""]]"
ecoli50_r005040	no_hit				0	0	0	0	0	0	[]	[]	[]	[]
ecoli50_r005041	no_hit				0	0	0	0	0	0	[]	[]	[]	[]
ecoli50_r005042	no_hit				0	0	0	0	0	0	[]	[]	[]	[]
ecoli50_r005043	no_hit				0	0	0	0	0	0	[]	[]	[]	[]
ecoli50_r005044	no_hit				0	0	0	0	0	0	[]	[]	[]	[]
ecoli50_r005045	no_hit				0	0	0	0	0	0	[]	[]	[]	[]
ecoli50_r005046	no_hit				0	0	0	0	0	0	[]	[]	[]	[]
ecoli50_r005047	no_hit				0	0	0	0	0	0	[]	[]	[]	[]
ecoli50_r005048	no_hit				0	0	0	0	0	0	[]	[]	[]	[]
ecoli50_r005049	no_hit				0	0	0	0	0	0	[]	[]	[]	[]
ecoli50_r005050	no_hit				0	0	0	0	0	0	[]	[]	[]	[]
ecoli50_r005051	no_hit				0	0	0	0	0	0	[]	[]	[]	[]
ecoli50_r005052	no_hit				0	0	0	0	0	0	[]	[]	[]	[]
ecoli50_r005053	no_hit				0	0	0	0	0	0	[]	[]	[]	[]
ecoli50_r005054	no_hit				0	0	0	0	0	0	[]	[]	[]	[]
ecoli50_r005055	no_hit				0	0	0	0	0	0	[]	[]	[]	[]
ecoli50_r005056	no_hit				0	0	0	0	0	0	[]	[]	[]	[]
ecoli50_r005057	position_consistent_positive	11	forward	81	1	0	1	0	1	0	"[""832""]"	[]	"[[11,""forward"",81,""832""]]"	[]
ecoli50_r005058	no_hit				0	0	0	0	0	0	[]	[]	[]	[]
ecoli50_r005059	no_hit				0	0	0	0	0	0	[]	[]	[]	[]
ecoli50_r005060	no_hit				0	0	0	0	0	0	[]	[]	[]	[]
ecoli50_r005061	no_hit				0	0	0	0	0	0	[]	[]	[]	[]
ecoli50_r005062	no_hit				0	0	0	0	0	0	[]	[]	[]	[]
ecoli50_r005063	no_hit				0	0	0	0	0	0	[]	[]	[]	[]
ecoli50_r005064	no_hit				0	0	0	0	0	0	[]	[]	[]	[]
ecoli50_r005065	no_hit				0	0	0	0	0	0	[]	[]	[]	[]
ecoli50_r005066	no_hit				0	0	0	0	0	0	[]	[]	[]	[]
ecoli50_r005067	no_hit				0	0	0	0	0	0	[]	[]	[]	[]
ecoli50_r005068	no_hit				0	0	0	0	0	0	[]	[]	[]	[]
ecoli50_r005069	no_hit				0	0	0	0	0	0	[]	[]	[]	[]
ecoli50_r005070	no_hit				0	0	0	0	0	0	[]	[]	[]	[]
ecoli50_r005071	no_hit				0	0	0	0	0	0	[]	[]	[]	[]
ecoli50_r005072	no_hit				0	0	0	0	0	0	[]	[]	[]	[]
ecoli50_r005073	no_hit				0	0	0	0	0	0	[]	[]	[]	[]
ecoli50_r005074	no_hit				0	0	0	0	0	0	[]	[]	[]	[]
ecoli50_r005075	no_hit				0	0	0	0	0	0	[]	[]	[]	[]
ecoli50_r005076	no_hit				0	0	0	0	0	0	[]	[]	[]	[]
ecoli50_r005077	no_hit				0	0	0	0	0	0	[]	[]	[]	[]
ecoli50_r005078	no_hit				0	0	0	0	0	0	[]	[]	[]	[]
ecoli50_r005079	no_hit				0	0	0	0	0	0	[]	[]	[]	[]
ecoli50_r005080	position_consistent_positive	7	forward	81	1	0	1	0	1	0	"[""81""]"	[]	"[[7,""forward"",81,""81""]]"	[]
ecoli50_r005081	no_hit				0	0	0	0	0	0	[]	[]	[]	[]
ecoli50_r005082	position_consistent_positive	19	reverse	81	1	0	1	0	1	0	"[""81""]"	[]	"[[19,""reverse"",81,""81""]]"	[]
ecoli50_r005083	no_hit				0	0	0	0	0	0	[]	[]	[]	[]
ecoli50_r005084	no_hit				0	0	0	0	0	0	[]	[]	[]	[]
ecoli50_r005085	no_hit				0	0	0	0	0	0	[]	[]	[]	[]
ecoli50_r005086	no_hit				0	0	0	0	0	0	[]	[]	[]	[]
ecoli50_r005087	no_hit				0	0	0	0	0	0	[]	[]	[]	[]
ecoli50_r005088	no_hit				0	0	0	0	0	0	[]	[]	[]	[]
ecoli50_r005089	no_hit				0	0	0	0	0	0	[]	[]	[]	[]
ecoli50_r005090	no_hit				0	0	0	0	0	0	[]	[]	[]	[]
ecoli50_r005091	no_hit				0	0	0	0	0	0	[]	[]	[]	[]
ecoli50_r005092	no_hit				0	0	0	0	0	0	[]	[]	[]	[]
ecoli50_r005093	no_hit				0	0	0	0	0	0	[]	[]	[]	[]
ecoli50_r005094	no_hit				0	0	0	0	0	0	[]	[]	[]	[]
ecoli50_r005095	no_hit				0	0	0	0	0	0	[]	[]	[]	[]
ecoli50_r005096	no_hit				0	0	0	0	0	0	[]	[]	[]	[]
ecoli50_r005097	no_hit				0	0	0	0	0	0	[]	[]	[]	[]
ecoli50_r005098	no_hit				0	0	0	0	0	0	[]	[]	[]	[]
ecoli50_r005099	no_hit				0	0	0	0	0	0	[]	[]	[]	[]
ecoli50_r005100	no_hit				0	0	0	0	0	0	[]	[]	[]	[]
ecoli50_r005101	no_hit				0	0	0	0	0	0	[]	[]	[]	[]
ecoli50_r005102	no_hit				0	0	0	0	0	0	[]	[]	[]	[]
ecoli50_r005103	no_hit				0	0	0	0	0	0	[]	[]	[]	[]
ecoli50_r005104	no_hit				0	0	0	0	0	0	[]	[]	[]	[]
ecoli50_r005105	no_hit				0	0	0	0	0	0	[]	[]	[]	[]
ecoli50_r005106	no_hit				0	0	0	0	0	0	[]	[]	[]	[]
ecoli50_r005107	no_hit				0	0	0	0	0	0	[]	[]	[]	[]
ecoli50_r005108	no_hit				0	0	0	0	0	0	[]	[]	[]	[]
ecoli50_r005109	no_hit				0	0	0	0	0	0	[]	[]	[]	[]
ecoli50_r005110	no_hit				0	0	0	0	0	0	[]	[]	[]	[]
ecoli50_r005111	no_hit				0	0	0	0	0	0	[]	[]	[]	[]
ecoli50_r005112	no_hit				0	0	0	0	0	0	[]	[]	[]	[]
ecoli50_r005113	no_hit				0	0	0	0	0	0	[]	[]	[]	[]
ecoli50_r005114	no_hit				0	0	0	0	0	0	[]	[]	[]	[]
ecoli50_r005115	no_hit				0	0	0	0	0	0	[]	[]	[]	[]
ecoli50_r005116	no_hit				0	0	0	0	0	0	[]	[]	[]	[]
ecoli50_r005117	no_hit				0	0	0	0	0	0	[]	[]	[]	[]
ecoli50_r005118	no_hit				0	0	0	0	0	0	[]	[]	[]	[]
ecoli50_r005119	ambiguous_positive				2	0	2	0	2	0	"[""1042"",""949""]"	[]	"[[8,""forward"",81,""949""],[9,""forward"",81,""1042""]]"	[]
ecoli50_r005120	no_hit				0	0	0	0	0	0	[]	[]	[]	[]
ecoli50_r005121	no_hit				0	0	0	0	0	0	[]	[]	[]	[]
ecoli50_r005122	no_hit				0	0	0	0	0	0	[]	[]	[]	[]
ecoli50_r005123	no_hit				0	0	0	0	0	0	[]	[]	[]	[]
ecoli50_r005124	no_hit				0	0	0	0	0	0	[]	[]	[]	[]
ecoli50_r005125	position_consistent_positive	11	forward	81	1	0	1	0	1	0	"[""1888""]"	[]	"[[11,""forward"",81,""1888""]]"	[]
ecoli50_r005126	no_hit				0	0	0	0	0	0	[]	[]	[]	[]
ecoli50_r005127	no_hit				0	0	0	0	0	0	[]	[]	[]	[]
ecoli50_r005128	no_hit				0	0	0	0	0	0	[]	[]	[]	[]
ecoli50_r005129	no_hit				0	0	0	0	0	0	[]	[]	[]	[]
ecoli50_r005130	no_hit				0	0	0	0	0	0	[]	[]	[]	[]
ecoli50_r005131	no_hit				0	0	0	0	0	0	[]	[]	[]	[]
ecoli50_r005132	no_hit				0	0	0	0	0	0	[]	[]	[]	[]
ecoli50_r005133	position_consistent_positive	13	forward	81	1	0	1	0	1	0	"[""5""]"	[]	"[[13,""forward"",81,""5""]]"	[]
ecoli50_r005134	position_consistent_positive	10	forward	81	1	0	1	0	1	0	"[""1689""]"	[]	"[[10,""forward"",81,""1689""]]"	[]
ecoli50_r005135	no_hit				0	0	0	0	0	0	[]	[]	[]	[]
ecoli50_r005136	no_hit				0	0	0	0	0	0	[]	[]	[]	[]
ecoli50_r005137	no_hit				0	0	0	0	0	0	[]	[]	[]	[]
ecoli50_r005138	no_hit				0	0	0	0	0	0	[]	[]	[]	[]
ecoli50_r005139	position_consistent_positive	7	forward	81	1	0	1	0	1	0	"[""1705""]"	[]	"[[7,""forward"",81,""1705""]]"	[]
ecoli50_r005140	position_consistent_positive	18	forward	81	1	0	1	0	1	0	"[""1705""]"	[]	"[[18,""forward"",81,""1705""]]"	[]
ecoli50_r005141	no_hit				0	0	0	0	0	0	[]	[]	[]	[]
ecoli50_r005142	no_hit				0	0	0	0	0	0	[]	[]	[]	[]
ecoli50_r005143	no_hit				0	0	0	0	0	0	[]	[]	[]	[]
ecoli50_r005144	no_hit				0	0	0	0	0	0	[]	[]	[]	[]
ecoli50_r005145	no_hit				0	0	0	0	0	0	[]	[]	[]	[]
ecoli50_r005146	no_hit				0	0	0	0	0	0	[]	[]	[]	[]
ecoli50_r005147	no_hit				0	0	0	0	0	0	[]	[]	[]	[]
ecoli50_r005148	no_hit				0	0	0	0	0	0	[]	[]	[]	[]
ecoli50_r005149	position_consistent_positive	11	forward	81	1	0	1	0	1	0	"[""1110""]"	[]	"[[11,""forward"",81,""1110""]]"	[]
ecoli50_r005150	position_consistent_positive	15	reverse	81	1	0	1	0	1	0	"[""1110""]"	[]	"[[15,""reverse"",81,""1110""]]"	[]
ecoli50_r005151	no_hit				0	0	0	0	0	0	[]	[]	[]	[]
ecoli50_r005152	no_hit				0	0	0	0	0	0	[]	[]	[]	[]
ecoli50_r005153	no_hit				0	0	0	0	0	0	[]	[]	[]	[]
ecoli50_r005154	no_hit				0	0	0	0	0	0	[]	[]	[]	[]
ecoli50_r005155	no_hit				0	0	0	0	0	0	[]	[]	[]	[]
ecoli50_r005156	no_hit				0	0	0	0	0	0	[]	[]	[]	[]
ecoli50_r005157	no_hit				0	0	0	0	0	0	[]	[]	[]	[]
ecoli50_r005158	no_hit				0	0	0	0	0	0	[]	[]	[]	[]
ecoli50_r005159	no_hit				0	0	0	0	0	0	[]	[]	[]	[]
ecoli50_r005160	no_hit				0	0	0	0	0	0	[]	[]	[]	[]
ecoli50_r005161	no_hit				0	0	0	0	0	0	[]	[]	[]	[]
ecoli50_r005162	no_hit				0	0	0	0	0	0	[]	[]	[]	[]
ecoli50_r005163	no_hit				0	0	0	0	0	0	[]	[]	[]	[]
ecoli50_r005164	position_consistent_positive	11	forward	81	1	0	1	0	1	0	"[""745""]"	[]	"[[11,""forward"",81,""745""]]"	[]
ecoli50_r005165	no_hit				0	0	0	0	0	0	[]	[]	[]	[]
ecoli50_r005166	position_consistent_positive	5	reverse	81	1	0	1	0	1	0	"[""745""]"	[]	"[[5,""reverse"",81,""745""]]"	[]
ecoli50_r005167	no_hit				0	0	0	0	0	0	[]	[]	[]	[]
ecoli50_r005168	no_hit				0	0	0	0	0	0	[]	[]	[]	[]
ecoli50_r005169	no_hit				0	0	0	0	0	0	[]	[]	[]	[]
ecoli50_r005170	no_hit				0	0	0	0	0	0	[]	[]	[]	[]
ecoli50_r005171	no_hit				0	0	0	0	0	0	[]	[]	[]	[]
ecoli50_r005172	no_hit				0	0	0	0	0	0	[]	[]	[]	[]
ecoli50_r005173	no_hit				0	0	0	0	0	0	[]	[]	[]	[]
ecoli50_r005174	no_hit				0	0	0	0	0	0	[]	[]	[]	[]
ecoli50_r005175	no_hit				0	0	0	0	0	0	[]	[]	[]	[]
ecoli50_r005176	no_hit				0	0	0	0	0	0	[]	[]	[]	[]
ecoli50_r005177	no_hit				0	0	0	0	0	0	[]	[]	[]	[]
ecoli50_r005178	no_hit				0	0	0	0	0	0	[]	[]	[]	[]
ecoli50_r005179	no_hit				0	0	0	0	0	0	[]	[]	[]	[]
ecoli50_r005180	no_hit				0	0	0	0	0	0	[]	[]	[]	[]
ecoli50_r005181	no_hit				0	0	0	0	0	0	[]	[]	[]	[]
ecoli50_r005182	no_hit				0	0	0	0	0	0	[]	[]	[]	[]
ecoli50_r005183	no_hit				0	0	0	0	0	0	[]	[]	[]	[]
ecoli50_r005184	no_hit				0	0	0	0	0	0	[]	[]	[]	[]
ecoli50_r005185	no_hit				0	0	0	0	0	0	[]	[]	[]	[]
ecoli50_r005186	no_hit				0	0	0	0	0	0	[]	[]	[]	[]
ecoli50_r005187	no_hit				0	0	0	0	0	0	[]	[]	[]	[]
ecoli50_r005188	no_hit				0	0	0	0	0	0	[]	[]	[]	[]
ecoli50_r005189	no_hit				0	0	0	0	0	0	[]	[]	[]	[]
ecoli50_r005190	no_hit				0	0	0	0	0	0	[]	[]	[]	[]
ecoli50_r005191	no_hit				0	0	0	0	0	0	[]	[]	[]	[]
ecoli50_r005192	no_hit				0	0	0	0	0	0	[]	[]	[]	[]
ecoli50_r005193	no_hit				0	0	0	0	0	0	[]	[]	[]	[]
ecoli50_r005194	no_hit				0	0	0	0	0	0	[]	[]	[]	[]
ecoli50_r005195	no_hit				0	0	0	0	0	0	[]	[]	[]	[]
ecoli50_r005196	no_hit				0	0	0	0	0	0	[]	[]	[]	[]
ecoli50_r005197	no_hit				0	0	0	0	0	0	[]	[]	[]	[]
ecoli50_r005198	no_hit				0	0	0	0	0	0	[]	[]	[]	[]
ecoli50_r005199	no_hit				0	0	0	0	0	0	[]	[]	[]	[]
ecoli50_r005200	no_hit				0	0	0	0	0	0	[]	[]	[]	[]
ecoli50_r005201	no_hit				0	0	0	0	0	0	[]	[]	[]	[]
ecoli50_r005202	no_hit				0	0	0	0	0	0	[]	[]	[]	[]
ecoli50_r005203	no_hit				0	0	0	0	0	0	[]	[]	[]	[]
ecoli50_r005204	no_hit				0	0	0	0	0	0	[]	[]	[]	[]
ecoli50_r005205	no_hit				0	0	0	0	0	0	[]	[]	[]	[]
ecoli50_r005206	position_consistent_positive	10	forward	81	1	0	1	0	1	0	"[""500""]"	[]	"[[10,""forward"",81,""500""]]"	[]
ecoli50_r005207	no_hit				0	0	0	0	0	0	[]	[]	[]	[]
ecoli50_r005208	no_hit				0	0	0	0	0	0	[]	[]	[]	[]
ecoli50_r005209	no_hit				0	0	0	0	0	0	[]	[]	[]	[]
ecoli50_r005210	no_hit				0	0	0	0	0	0	[]	[]	[]	[]
ecoli50_r005211	no_hit				0	0	0	0	0	0	[]	[]	[]	[]
ecoli50_r005212	no_hit				0	0	0	0	0	0	[]	[]	[]	[]
ecoli50_r005213	no_hit				0	0	0	0	0	0	[]	[]	[]	[]
ecoli50_r005214	no_hit				0	0	0	0	0	0	[]	[]	[]	[]
ecoli50_r005215	no_hit				0	0	0	0	0	0	[]	[]	[]	[]
ecoli50_r005216	no_hit				0	0	0	0	0	0	[]	[]	[]	[]
ecoli50_r005217	no_hit				0	0	0	0	0	0	[]	[]	[]	[]
ecoli50_r005218	no_hit				0	0	0	0	0	0	[]	[]	[]	[]
ecoli50_r005219	no_hit				0	0	0	0	0	0	[]	[]	[]	[]
ecoli50_r005220	no_hit				0	0	0	0	0	0	[]	[]	[]	[]
ecoli50_r005221	no_hit				0	0	0	0	0	0	[]	[]	[]	[]
ecoli50_r005222	no_hit				0	0	0	0	0	0	[]	[]	[]	[]
ecoli50_r005223	no_hit				0	0	0	0	0	0	[]	[]	[]	[]
ecoli50_r005224	no_hit				0	0	0	0	0	0	[]	[]	[]	[]
ecoli50_r005225	no_hit				0	0	0	0	0	0	[]	[]	[]	[]
ecoli50_r005226	no_hit				0	0	0	0	0	0	[]	[]	[]	[]
ecoli50_r005227	no_hit				0	0	0	0	0	0	[]	[]	[]	[]
ecoli50_r005228	no_hit				0	0	0	0	0	0	[]	[]	[]	[]
ecoli50_r005229	no_hit				0	0	0	0	0	0	[]	[]	[]	[]
ecoli50_r005230	no_hit				0	0	0	0	0	0	[]	[]	[]	[]
ecoli50_r005231	no_hit				0	0	0	0	0	0	[]	[]	[]	[]
ecoli50_r005232	no_hit				0	0	0	0	0	0	[]	[]	[]	[]
ecoli50_r005233	no_hit				0	0	0	0	0	0	[]	[]	[]	[]
ecoli50_r005234	no_hit				0	0	0	0	0	0	[]	[]	[]	[]
ecoli50_r005235	no_hit				0	0	0	0	0	0	[]	[]	[]	[]
ecoli50_r005236	no_hit				0	0	0	0	0	0	[]	[]	[]	[]
ecoli50_r005237	no_hit				0	0	0	0	0	0	[]	[]	[]	[]
ecoli50_r005238	no_hit				0	0	0	0	0	0	[]	[]	[]	[]
ecoli50_r005239	no_hit				0	0	0	0	0	0	[]	[]	[]	[]
ecoli50_r005240	no_hit				0	0	0	0	0	0	[]	[]	[]	[]
ecoli50_r005241	no_hit				0	0	0	0	0	0	[]	[]	[]	[]
ecoli50_r005242	no_hit				0	0	0	0	0	0	[]	[]	[]	[]
ecoli50_r005243	negative_only				0	1	0	1	0	1	[]	"[""3215""]"	[]	"[[10,""forward"",81,""3215""]]"
ecoli50_r005244	no_hit				0	0	0	0	0	0	[]	[]	[]	[]
ecoli50_r005245	no_hit				0	0	0	0	0	0	[]	[]	[]	[]
ecoli50_r005246	no_hit				0	0	0	0	0	0	[]	[]	[]	[]
ecoli50_r005247	no_hit				0	0	0	0	0	0	[]	[]	[]	[]
ecoli50_r005248	no_hit				0	0	0	0	0	0	[]	[]	[]	[]
ecoli50_r005249	no_hit				0	0	0	0	0	0	[]	[]	[]	[]
ecoli50_r005250	no_hit				0	0	0	0	0	0	[]	[]	[]	[]
ecoli50_r005251	no_hit				0	0	0	0	0	0	[]	[]	[]	[]
ecoli50_r005252	no_hit				0	0	0	0	0	0	[]	[]	[]	[]
ecoli50_r005253	no_hit				0	0	0	0	0	0	[]	[]	[]	[]
ecoli50_r005254	no_hit				0	0	0	0	0	0	[]	[]	[]	[]
ecoli50_r005255	no_hit				0	0	0	0	0	0	[]	[]	[]	[]
ecoli50_r005256	no_hit				0	0	0	0	0	0	[]	[]	[]	[]
ecoli50_r005257	no_hit				0	0	0	0	0	0	[]	[]	[]	[]
ecoli50_r005258	no_hit				0	0	0	0	0	0	[]	[]	[]	[]
ecoli50_r005259	no_hit				0	0	0	0	0	0	[]	[]	[]	[]
ecoli50_r005260	no_hit				0	0	0	0	0	0	[]	[]	[]	[]
ecoli50_r005261	no_hit				0	0	0	0	0	0	[]	[]	[]	[]
ecoli50_r005262	no_hit				0	0	0	0	0	0	[]	[]	[]	[]
ecoli50_r005263	no_hit				0	0	0	0	0	0	[]	[]	[]	[]
ecoli50_r005264	no_hit				0	0	0	0	0	0	[]	[]	[]	[]
ecoli50_r005265	no_hit				0	0	0	0	0	0	[]	[]	[]	[]
ecoli50_r005266	no_hit				0	0	0	0	0	0	[]	[]	[]	[]
ecoli50_r005267	no_hit				0	0	0	0	0	0	[]	[]	[]	[]
ecoli50_r005268	no_hit				0	0	0	0	0	0	[]	[]	[]	[]
ecoli50_r005269	no_hit				0	0	0	0	0	0	[]	[]	[]	[]
ecoli50_r005270	no_hit				0	0	0	0	0	0	[]	[]	[]	[]
ecoli50_r005271	no_hit				0	0	0	0	0	0	[]	[]	[]	[]
ecoli50_r005272	no_hit				0	0	0	0	0	0	[]	[]	[]	[]
ecoli50_r005273	no_hit				0	0	0	0	0	0	[]	[]	[]	[]
ecoli50_r005274	no_hit				0	0	0	0	0	0	[]	[]	[]	[]
ecoli50_r005275	no_hit				0	0	0	0	0	0	[]	[]	[]	[]
ecoli50_r005276	no_hit				0	0	0	0	0	0	[]	[]	[]	[]
ecoli50_r005277	no_hit				0	0	0	0	0	0	[]	[]	[]	[]
ecoli50_r005278	no_hit				0	0	0	0	0	0	[]	[]	[]	[]
ecoli50_r005279	no_hit				0	0	0	0	0	0	[]	[]	[]	[]
ecoli50_r005280	position_consistent_positive	13	forward	81	1	0	1	0	1	0	"[""1066""]"	[]	"[[13,""forward"",81,""1066""]]"	[]
ecoli50_r005281	no_hit				0	0	0	0	0	0	[]	[]	[]	[]
ecoli50_r005282	no_hit				0	0	0	0	0	0	[]	[]	[]	[]
ecoli50_r005283	no_hit				0	0	0	0	0	0	[]	[]	[]	[]
ecoli50_r005284	no_hit				0	0	0	0	0	0	[]	[]	[]	[]
ecoli50_r005285	no_hit				0	0	0	0	0	0	[]	[]	[]	[]
ecoli50_r005286	no_hit				0	0	0	0	0	0	[]	[]	[]	[]
ecoli50_r005287	no_hit				0	0	0	0	0	0	[]	[]	[]	[]
ecoli50_r005288	no_hit				0	0	0	0	0	0	[]	[]	[]	[]
ecoli50_r005289	no_hit				0	0	0	0	0	0	[]	[]	[]	[]
ecoli50_r005290	no_hit				0	0	0	0	0	0	[]	[]	[]	[]
ecoli50_r005291	no_hit				0	0	0	0	0	0	[]	[]	[]	[]
ecoli50_r005292	no_hit				0	0	0	0	0	0	[]	[]	[]	[]
ecoli50_r005293	no_hit				0	0	0	0	0	0	[]	[]	[]	[]
ecoli50_r005294	no_hit				0	0	0	0	0	0	[]	[]	[]	[]
ecoli50_r005295	no_hit				0	0	0	0	0	0	[]	[]	[]	[]
ecoli50_r005296	no_hit				0	0	0	0	0	0	[]	[]	[]	[]
ecoli50_r005297	no_hit				0	0	0	0	0	0	[]	[]	[]	[]
ecoli50_r005298	no_hit				0	0	0	0	0	0	[]	[]	[]	[]
ecoli50_r005299	no_hit				0	0	0	0	0	0	[]	[]	[]	[]
ecoli50_r005300	no_hit				0	0	0	0	0	0	[]	[]	[]	[]
ecoli50_r005301	no_hit				0	0	0	0	0	0	[]	[]	[]	[]
ecoli50_r005302	no_hit				0	0	0	0	0	0	[]	[]	[]	[]
ecoli50_r005303	no_hit				0	0	0	0	0	0	[]	[]	[]	[]
ecoli50_r005304	no_hit				0	0	0	0	0	0	[]	[]	[]	[]
ecoli50_r005305	no_hit				0	0	0	0	0	0	[]	[]	[]	[]
ecoli50_r005306	no_hit				0	0	0	0	0	0	[]	[]	[]	[]
ecoli50_r005307	no_hit				0	0	0	0	0	0	[]	[]	[]	[]
ecoli50_r005308	no_hit				0	0	0	0	0	0	[]	[]	[]	[]
ecoli50_r005309	no_hit				0	0	0	0	0	0	[]	[]	[]	[]
ecoli50_r005310	no_hit				0	0	0	0	0	0	[]	[]	[]	[]
ecoli50_r005311	no_hit				0	0	0	0	0	0	[]	[]	[]	[]
ecoli50_r005312	no_hit				0	0	0	0	0	0	[]	[]	[]	[]
ecoli50_r005313	no_hit				0	0	0	0	0	0	[]	[]	[]	[]
ecoli50_r005314	no_hit				0	0	0	0	0	0	[]	[]	[]	[]
ecoli50_r005315	no_hit				0	0	0	0	0	0	[]	[]	[]	[]
ecoli50_r005316	no_hit				0	0	0	0	0	0	[]	[]	[]	[]
ecoli50_r005317	no_hit				0	0	0	0	0	0	[]	[]	[]	[]
ecoli50_r005318	no_hit				0	0	0	0	0	0	[]	[]	[]	[]
ecoli50_r005319	no_hit				0	0	0	0	0	0	[]	[]	[]	[]
ecoli50_r005320	no_hit				0	0	0	0	0	0	[]	[]	[]	[]
ecoli50_r005321	no_hit				0	0	0	0	0	0	[]	[]	[]	[]
ecoli50_r005322	no_hit				0	0	0	0	0	0	[]	[]	[]	[]
ecoli50_r005323	no_hit				0	0	0	0	0	0	[]	[]	[]	[]
ecoli50_r005324	no_hit				0	0	0	0	0	0	[]	[]	[]	[]
ecoli50_r005325	no_hit				0	0	0	0	0	0	[]	[]	[]	[]
ecoli50_r005326	no_hit				0	0	0	0	0	0	[]	[]	[]	[]
ecoli50_r005327	no_hit				0	0	0	0	0	0	[]	[]	[]	[]
ecoli50_r005328	no_hit				0	0	0	0	0	0	[]	[]	[]	[]
ecoli50_r005329	no_hit				0	0	0	0	0	0	[]	[]	[]	[]
ecoli50_r005330	no_hit				0	0	0	0	0	0	[]	[]	[]	[]
ecoli50_r005331	no_hit				0	0	0	0	0	0	[]	[]	[]	[]
ecoli50_r005332	no_hit				0	0	0	0	0	0	[]	[]	[]	[]
ecoli50_r005333	no_hit				0	0	0	0	0	0	[]	[]	[]	[]
ecoli50_r005334	no_hit				0	0	0	0	0	0	[]	[]	[]	[]
ecoli50_r005335	no_hit				0	0	0	0	0	0	[]	[]	[]	[]
ecoli50_r005336	no_hit				0	0	0	0	0	0	[]	[]	[]	[]
ecoli50_r005337	no_hit				0	0	0	0	0	0	[]	[]	[]	[]
ecoli50_r005338	no_hit				0	0	0	0	0	0	[]	[]	[]	[]
ecoli50_r005339	no_hit				0	0	0	0	0	0	[]	[]	[]	[]
ecoli50_r005340	no_hit				0	0	0	0	0	0	[]	[]	[]	[]
ecoli50_r005341	no_hit				0	0	0	0	0	0	[]	[]	[]	[]
ecoli50_r005342	no_hit				0	0	0	0	0	0	[]	[]	[]	[]
ecoli50_r005343	no_hit				0	0	0	0	0	0	[]	[]	[]	[]
ecoli50_r005344	no_hit				0	0	0	0	0	0	[]	[]	[]	[]
ecoli50_r005345	no_hit				0	0	0	0	0	0	[]	[]	[]	[]
ecoli50_r005346	no_hit				0	0	0	0	0	0	[]	[]	[]	[]
ecoli50_r005347	no_hit				0	0	0	0	0	0	[]	[]	[]	[]
ecoli50_r005348	no_hit				0	0	0	0	0	0	[]	[]	[]	[]
ecoli50_r005349	no_hit				0	0	0	0	0	0	[]	[]	[]	[]
ecoli50_r005350	no_hit				0	0	0	0	0	0	[]	[]	[]	[]
ecoli50_r005351	no_hit				0	0	0	0	0	0	[]	[]	[]	[]
ecoli50_r005352	no_hit				0	0	0	0	0	0	[]	[]	[]	[]
ecoli50_r005353	no_hit				0	0	0	0	0	0	[]	[]	[]	[]
ecoli50_r005354	no_hit				0	0	0	0	0	0	[]	[]	[]	[]
ecoli50_r005355	no_hit				0	0	0	0	0	0	[]	[]	[]	[]
ecoli50_r005356	no_hit				0	0	0	0	0	0	[]	[]	[]	[]
ecoli50_r005357	no_hit				0	0	0	0	0	0	[]	[]	[]	[]
ecoli50_r005358	no_hit				0	0	0	0	0	0	[]	[]	[]	[]
ecoli50_r005359	no_hit				0	0	0	0	0	0	[]	[]	[]	[]
ecoli50_r005360	no_hit				0	0	0	0	0	0	[]	[]	[]	[]
ecoli50_r005361	no_hit				0	0	0	0	0	0	[]	[]	[]	[]
ecoli50_r005362	no_hit				0	0	0	0	0	0	[]	[]	[]	[]
ecoli50_r005363	no_hit				0	0	0	0	0	0	[]	[]	[]	[]
ecoli50_r005364	no_hit				0	0	0	0	0	0	[]	[]	[]	[]
ecoli50_r005365	no_hit				0	0	0	0	0	0	[]	[]	[]	[]
ecoli50_r005366	no_hit				0	0	0	0	0	0	[]	[]	[]	[]
ecoli50_r005367	no_hit				0	0	0	0	0	0	[]	[]	[]	[]
ecoli50_r005368	no_hit				0	0	0	0	0	0	[]	[]	[]	[]
ecoli50_r005369	no_hit				0	0	0	0	0	0	[]	[]	[]	[]
ecoli50_r005370	no_hit				0	0	0	0	0	0	[]	[]	[]	[]
ecoli50_r005371	no_hit				0	0	0	0	0	0	[]	[]	[]	[]
ecoli50_r005372	no_hit				0	0	0	0	0	0	[]	[]	[]	[]
ecoli50_r005373	no_hit				0	0	0	0	0	0	[]	[]	[]	[]
ecoli50_r005374	no_hit				0	0	0	0	0	0	[]	[]	[]	[]
ecoli50_r005375	no_hit				0	0	0	0	0	0	[]	[]	[]	[]
ecoli50_r005376	no_hit				0	0	0	0	0	0	[]	[]	[]	[]
ecoli50_r005377	no_hit				0	0	0	0	0	0	[]	[]	[]	[]
ecoli50_r005378	no_hit				0	0	0	0	0	0	[]	[]	[]	[]
ecoli50_r005379	no_hit				0	0	0	0	0	0	[]	[]	[]	[]
ecoli50_r005380	no_hit				0	0	0	0	0	0	[]	[]	[]	[]
ecoli50_r005381	no_hit				0	0	0	0	0	0	[]	[]	[]	[]
ecoli50_r005382	no_hit				0	0	0	0	0	0	[]	[]	[]	[]
ecoli50_r005383	no_hit				0	0	0	0	0	0	[]	[]	[]	[]
ecoli50_r005384	no_hit				0	0	0	0	0	0	[]	[]	[]	[]
ecoli50_r005385	no_hit				0	0	0	0	0	0	[]	[]	[]	[]
ecoli50_r005386	no_hit				0	0	0	0	0	0	[]	[]	[]	[]
ecoli50_r005387	no_hit				0	0	0	0	0	0	[]	[]	[]	[]
ecoli50_r005388	no_hit				0	0	0	0	0	0	[]	[]	[]	[]
ecoli50_r005389	no_hit				0	0	0	0	0	0	[]	[]	[]	[]
ecoli50_r005390	no_hit				0	0	0	0	0	0	[]	[]	[]	[]
ecoli50_r005391	ambiguous_positive				2	0	2	0	2	0	"[""1421"",""1451""]"	[]	"[[1,""reverse"",81,""1451""],[5,""reverse"",81,""1421""]]"	[]
ecoli50_r005392	no_hit				0	0	0	0	0	0	[]	[]	[]	[]
ecoli50_r005393	no_hit				0	0	0	0	0	0	[]	[]	[]	[]
ecoli50_r005394	no_hit				0	0	0	0	0	0	[]	[]	[]	[]
ecoli50_r005395	no_hit				0	0	0	0	0	0	[]	[]	[]	[]
ecoli50_r005396	no_hit				0	0	0	0	0	0	[]	[]	[]	[]
ecoli50_r005397	no_hit				0	0	0	0	0	0	[]	[]	[]	[]
ecoli50_r005398	no_hit				0	0	0	0	0	0	[]	[]	[]	[]
ecoli50_r005399	no_hit				0	0	0	0	0	0	[]	[]	[]	[]
ecoli50_r005400	no_hit				0	0	0	0	0	0	[]	[]	[]	[]
ecoli50_r005401	no_hit				0	0	0	0	0	0	[]	[]	[]	[]
ecoli50_r005402	no_hit				0	0	0	0	0	0	[]	[]	[]	[]
ecoli50_r005403	no_hit				0	0	0	0	0	0	[]	[]	[]	[]
ecoli50_r005404	no_hit				0	0	0	0	0	0	[]	[]	[]	[]
ecoli50_r005405	no_hit				0	0	0	0	0	0	[]	[]	[]	[]
ecoli50_r005406	no_hit				0	0	0	0	0	0	[]	[]	[]	[]
ecoli50_r005407	no_hit				0	0	0	0	0	0	[]	[]	[]	[]
ecoli50_r005408	no_hit				0	0	0	0	0	0	[]	[]	[]	[]
ecoli50_r005409	no_hit				0	0	0	0	0	0	[]	[]	[]	[]
ecoli50_r005410	no_hit				0	0	0	0	0	0	[]	[]	[]	[]
ecoli50_r005411	no_hit				0	0	0	0	0	0	[]	[]	[]	[]
ecoli50_r005412	no_hit				0	0	0	0	0	0	[]	[]	[]	[]
ecoli50_r005413	no_hit				0	0	0	0	0	0	[]	[]	[]	[]
ecoli50_r005414	no_hit				0	0	0	0	0	0	[]	[]	[]	[]
ecoli50_r005415	no_hit				0	0	0	0	0	0	[]	[]	[]	[]
ecoli50_r005416	no_hit				0	0	0	0	0	0	[]	[]	[]	[]
ecoli50_r005417	no_hit				0	0	0	0	0	0	[]	[]	[]	[]
ecoli50_r005418	no_hit				0	0	0	0	0	0	[]	[]	[]	[]
ecoli50_r005419	no_hit				0	0	0	0	0	0	[]	[]	[]	[]
ecoli50_r005420	position_consistent_positive	11	forward	81	1	0	1	0	1	0	"[""2530""]"	[]	"[[11,""forward"",81,""2530""]]"	[]
ecoli50_r005421	no_hit				0	0	0	0	0	0	[]	[]	[]	[]
ecoli50_r005422	no_hit				0	0	0	0	0	0	[]	[]	[]	[]
ecoli50_r005423	no_hit				0	0	0	0	0	0	[]	[]	[]	[]
ecoli50_r005424	no_hit				0	0	0	0	0	0	[]	[]	[]	[]
ecoli50_r005425	position_consistent_positive	12	forward	81	1	0	1	0	1	0	"[""3201""]"	[]	"[[12,""forward"",81,""3201""]]"	[]
ecoli50_r005426	no_hit				0	0	0	0	0	0	[]	[]	[]	[]
ecoli50_r005427	ambiguous_positive				2	0	2	0	2	0	"[""1385"",""434""]"	[]	"[[6,""forward"",81,""1385""],[12,""forward"",81,""434""]]"	[]
ecoli50_r005428	no_hit				0	0	0	0	0	0	[]	[]	[]	[]
ecoli50_r005429	no_hit				0	0	0	0	0	0	[]	[]	[]	[]
ecoli50_r005430	no_hit				0	0	0	0	0	0	[]	[]	[]	[]
ecoli50_r005431	no_hit				0	0	0	0	0	0	[]	[]	[]	[]
ecoli50_r005432	no_hit				0	0	0	0	0	0	[]	[]	[]	[]
ecoli50_r005433	no_hit				0	0	0	0	0	0	[]	[]	[]	[]
ecoli50_r005434	no_hit				0	0	0	0	0	0	[]	[]	[]	[]
ecoli50_r005435	no_hit				0	0	0	0	0	0	[]	[]	[]	[]
ecoli50_r005436	no_hit				0	0	0	0	0	0	[]	[]	[]	[]
ecoli50_r005437	no_hit				0	0	0	0	0	0	[]	[]	[]	[]
ecoli50_r005438	no_hit				0	0	0	0	0	0	[]	[]	[]	[]
ecoli50_r005439	no_hit				0	0	0	0	0	0	[]	[]	[]	[]
ecoli50_r005440	no_hit				0	0	0	0	0	0	[]	[]	[]	[]
ecoli50_r005441	no_hit				0	0	0	0	0	0	[]	[]	[]	[]
ecoli50_r005442	no_hit				0	0	0	0	0	0	[]	[]	[]	[]
ecoli50_r005443	no_hit				0	0	0	0	0	0	[]	[]	[]	[]
ecoli50_r005444	no_hit				0	0	0	0	0	0	[]	[]	[]	[]
ecoli50_r005445	no_hit				0	0	0	0	0	0	[]	[]	[]	[]
ecoli50_r005446	no_hit				0	0	0	0	0	0	[]	[]	[]	[]
ecoli50_r005447	no_hit				0	0	0	0	0	0	[]	[]	[]	[]
ecoli50_r005448	no_hit				0	0	0	0	0	0	[]	[]	[]	[]
ecoli50_r005449	no_hit				0	0	0	0	0	0	[]	[]	[]	[]
ecoli50_r005450	no_hit				0	0	0	0	0	0	[]	[]	[]	[]
ecoli50_r005451	no_hit				0	0	0	0	0	0	[]	[]	[]	[]
ecoli50_r005452	no_hit				0	0	0	0	0	0	[]	[]	[]	[]
ecoli50_r005453	no_hit				0	0	0	0	0	0	[]	[]	[]	[]
ecoli50_r005454	no_hit				0	0	0	0	0	0	[]	[]	[]	[]
ecoli50_r005455	no_hit				0	0	0	0	0	0	[]	[]	[]	[]
ecoli50_r005456	no_hit				0	0	0	0	0	0	[]	[]	[]	[]
ecoli50_r005457	position_consistent_positive	10	forward	81	1	0	1	0	1	0	"[""1911""]"	[]	"[[10,""forward"",81,""1911""]]"	[]
ecoli50_r005458	no_hit				0	0	0	0	0	0	[]	[]	[]	[]
ecoli50_r005459	no_hit				0	0	0	0	0	0	[]	[]	[]	[]
ecoli50_r005460	no_hit				0	0	0	0	0	0	[]	[]	[]	[]
ecoli50_r005461	no_hit				0	0	0	0	0	0	[]	[]	[]	[]
ecoli50_r005462	no_hit				0	0	0	0	0	0	[]	[]	[]	[]
ecoli50_r005463	no_hit				0	0	0	0	0	0	[]	[]	[]	[]
ecoli50_r005464	no_hit				0	0	0	0	0	0	[]	[]	[]	[]
ecoli50_r005465	no_hit				0	0	0	0	0	0	[]	[]	[]	[]
ecoli50_r005466	no_hit				0	0	0	0	0	0	[]	[]	[]	[]
ecoli50_r005467	no_hit				0	0	0	0	0	0	[]	[]	[]	[]
ecoli50_r005468	no_hit				0	0	0	0	0	0	[]	[]	[]	[]
ecoli50_r005469	no_hit				0	0	0	0	0	0	[]	[]	[]	[]
ecoli50_r005470	no_hit				0	0	0	0	0	0	[]	[]	[]	[]
ecoli50_r005471	no_hit				0	0	0	0	0	0	[]	[]	[]	[]
ecoli50_r005472	no_hit				0	0	0	0	0	0	[]	[]	[]	[]
ecoli50_r005473	no_hit				0	0	0	0	0	0	[]	[]	[]	[]
ecoli50_r005474	no_hit				0	0	0	0	0	0	[]	[]	[]	[]
ecoli50_r005475	no_hit				0	0	0	0	0	0	[]	[]	[]	[]
ecoli50_r005476	no_hit				0	0	0	0	0	0	[]	[]	[]	[]
ecoli50_r005477	no_hit				0	0	0	0	0	0	[]	[]	[]	[]
ecoli50_r005478	no_hit				0	0	0	0	0	0	[]	[]	[]	[]
ecoli50_r005479	no_hit				0	0	0	0	0	0	[]	[]	[]	[]
ecoli50_r005480	no_hit				0	0	0	0	0	0	[]	[]	[]	[]
ecoli50_r005481	no_hit				0	0	0	0	0	0	[]	[]	[]	[]
ecoli50_r005482	no_hit				0	0	0	0	0	0	[]	[]	[]	[]
ecoli50_r005483	no_hit				0	0	0	0	0	0	[]	[]	[]	[]
ecoli50_r005484	no_hit				0	0	0	0	0	0	[]	[]	[]	[]
ecoli50_r005485	no_hit				0	0	0	0	0	0	[]	[]	[]	[]
ecoli50_r005486	no_hit				0	0	0	0	0	0	[]	[]	[]	[]
ecoli50_r005487	no_hit				0	0	0	0	0	0	[]	[]	[]	[]
ecoli50_r005488	no_hit				0	0	0	0	0	0	[]	[]	[]	[]
ecoli50_r005489	no_hit				0	0	0	0	0	0	[]	[]	[]	[]
ecoli50_r005490	no_hit				0	0	0	0	0	0	[]	[]	[]	[]
ecoli50_r005491	position_consistent_positive	10	forward	81	1	0	1	0	1	0	"[""3013""]"	[]	"[[10,""forward"",81,""3013""]]"	[]
ecoli50_r005492	position_consistent_positive	12	forward	81	1	0	1	0	1	0	"[""1677""]"	[]	"[[12,""forward"",81,""1677""]]"	[]
ecoli50_r005493	no_hit				0	0	0	0	0	0	[]	[]	[]	[]
ecoli50_r005494	no_hit				0	0	0	0	0	0	[]	[]	[]	[]
ecoli50_r005495	no_hit				0	0	0	0	0	0	[]	[]	[]	[]
ecoli50_r005496	no_hit				0	0	0	0	0	0	[]	[]	[]	[]
ecoli50_r005497	no_hit				0	0	0	0	0	0	[]	[]	[]	[]
ecoli50_r005498	no_hit				0	0	0	0	0	0	[]	[]	[]	[]
ecoli50_r005499	no_hit				0	0	0	0	0	0	[]	[]	[]	[]
ecoli50_r005500	no_hit				0	0	0	0	0	0	[]	[]	[]	[]
ecoli50_r005501	no_hit				0	0	0	0	0	0	[]	[]	[]	[]
ecoli50_r005502	no_hit				0	0	0	0	0	0	[]	[]	[]	[]
ecoli50_r005503	no_hit				0	0	0	0	0	0	[]	[]	[]	[]
ecoli50_r005504	position_consistent_positive	11	forward	81	1	0	1	0	1	0	"[""1636""]"	[]	"[[11,""forward"",81,""1636""]]"	[]
ecoli50_r005505	position_consistent_positive	24	forward	81	1	0	1	0	1	0	"[""323""]"	[]	"[[24,""forward"",81,""323""]]"	[]
ecoli50_r005506	no_hit				0	0	0	0	0	0	[]	[]	[]	[]
ecoli50_r005507	no_hit				0	0	0	0	0	0	[]	[]	[]	[]
ecoli50_r005508	no_hit				0	0	0	0	0	0	[]	[]	[]	[]
ecoli50_r005509	no_hit				0	0	0	0	0	0	[]	[]	[]	[]
ecoli50_r005510	no_hit				0	0	0	0	0	0	[]	[]	[]	[]
ecoli50_r005511	no_hit				0	0	0	0	0	0	[]	[]	[]	[]
ecoli50_r005512	no_hit				0	0	0	0	0	0	[]	[]	[]	[]
ecoli50_r005513	no_hit				0	0	0	0	0	0	[]	[]	[]	[]
ecoli50_r005514	no_hit				0	0	0	0	0	0	[]	[]	[]	[]
ecoli50_r005515	no_hit				0	0	0	0	0	0	[]	[]	[]	[]
ecoli50_r005516	no_hit				0	0	0	0	0	0	[]	[]	[]	[]
ecoli50_r005517	no_hit				0	0	0	0	0	0	[]	[]	[]	[]
ecoli50_r005518	no_hit				0	0	0	0	0	0	[]	[]	[]	[]
ecoli50_r005519	no_hit				0	0	0	0	0	0	[]	[]	[]	[]
ecoli50_r005520	no_hit				0	0	0	0	0	0	[]	[]	[]	[]
ecoli50_r005521	no_hit				0	0	0	0	0	0	[]	[]	[]	[]
ecoli50_r005522	no_hit				0	0	0	0	0	0	[]	[]	[]	[]
ecoli50_r005523	no_hit				0	0	0	0	0	0	[]	[]	[]	[]
ecoli50_r005524	no_hit				0	0	0	0	0	0	[]	[]	[]	[]
ecoli50_r005525	no_hit				0	0	0	0	0	0	[]	[]	[]	[]
ecoli50_r005526	no_hit				0	0	0	0	0	0	[]	[]	[]	[]
ecoli50_r005527	no_hit				0	0	0	0	0	0	[]	[]	[]	[]
ecoli50_r005528	no_hit				0	0	0	0	0	0	[]	[]	[]	[]
ecoli50_r005529	no_hit				0	0	0	0	0	0	[]	[]	[]	[]
ecoli50_r005530	no_hit				0	0	0	0	0	0	[]	[]	[]	[]
ecoli50_r005531	no_hit				0	0	0	0	0	0	[]	[]	[]	[]
ecoli50_r005532	no_hit				0	0	0	0	0	0	[]	[]	[]	[]
ecoli50_r005533	no_hit				0	0	0	0	0	0	[]	[]	[]	[]
ecoli50_r005534	no_hit				0	0	0	0	0	0	[]	[]	[]	[]
ecoli50_r005535	no_hit				0	0	0	0	0	0	[]	[]	[]	[]
ecoli50_r005536	no_hit				0	0	0	0	0	0	[]	[]	[]	[]
ecoli50_r005537	no_hit				0	0	0	0	0	0	[]	[]	[]	[]
ecoli50_r005538	no_hit				0	0	0	0	0	0	[]	[]	[]	[]
ecoli50_r005539	no_hit				0	0	0	0	0	0	[]	[]	[]	[]
ecoli50_r005540	no_hit				0	0	0	0	0	0	[]	[]	[]	[]
ecoli50_r005541	no_hit				0	0	0	0	0	0	[]	[]	[]	[]
ecoli50_r005542	no_hit				0	0	0	0	0	0	[]	[]	[]	[]
ecoli50_r005543	no_hit				0	0	0	0	0	0	[]	[]	[]	[]
ecoli50_r005544	no_hit				0	0	0	0	0	0	[]	[]	[]	[]
ecoli50_r005545	no_hit				0	0	0	0	0	0	[]	[]	[]	[]
ecoli50_r005546	no_hit				0	0	0	0	0	0	[]	[]	[]	[]
ecoli50_r005547	no_hit				0	0	0	0	0	0	[]	[]	[]	[]
ecoli50_r005548	position_consistent_positive	10	forward	81	1	0	1	0	1	0	"[""2788""]"	[]	"[[10,""forward"",81,""2788""]]"	[]
ecoli50_r005549	no_hit				0	0	0	0	0	0	[]	[]	[]	[]
ecoli50_r005550	negative_only				0	1	0	1	0	1	[]	"[""3057""]"	[]	"[[29,""reverse"",81,""3057""]]"
ecoli50_r005551	no_hit				0	0	0	0	0	0	[]	[]	[]	[]
ecoli50_r005552	no_hit				0	0	0	0	0	0	[]	[]	[]	[]
ecoli50_r005553	no_hit				0	0	0	0	0	0	[]	[]	[]	[]
ecoli50_r005554	position_consistent_positive	11	forward	81	1	0	1	0	1	0	"[""946""]"	[]	"[[11,""forward"",81,""946""]]"	[]
ecoli50_r005555	no_hit				0	0	0	0	0	0	[]	[]	[]	[]
ecoli50_r005556	no_hit				0	0	0	0	0	0	[]	[]	[]	[]
ecoli50_r005557	no_hit				0	0	0	0	0	0	[]	[]	[]	[]
ecoli50_r005558	no_hit				0	0	0	0	0	0	[]	[]	[]	[]
ecoli50_r005559	no_hit				0	0	0	0	0	0	[]	[]	[]	[]
ecoli50_r005560	no_hit				0	0	0	0	0	0	[]	[]	[]	[]
ecoli50_r005561	no_hit				0	0	0	0	0	0	[]	[]	[]	[]
ecoli50_r005562	no_hit				0	0	0	0	0	0	[]	[]	[]	[]
ecoli50_r005563	no_hit				0	0	0	0	0	0	[]	[]	[]	[]
ecoli50_r005564	no_hit				0	0	0	0	0	0	[]	[]	[]	[]
ecoli50_r005565	no_hit				0	0	0	0	0	0	[]	[]	[]	[]
ecoli50_r005566	no_hit				0	0	0	0	0	0	[]	[]	[]	[]
ecoli50_r005567	position_consistent_positive	11	reverse	81	1	0	1	0	1	0	"[""1031""]"	[]	"[[11,""reverse"",81,""1031""]]"	[]
ecoli50_r005568	no_hit				0	0	0	0	0	0	[]	[]	[]	[]
ecoli50_r005569	no_hit				0	0	0	0	0	0	[]	[]	[]	[]
ecoli50_r005570	no_hit				0	0	0	0	0	0	[]	[]	[]	[]
ecoli50_r005571	no_hit				0	0	0	0	0	0	[]	[]	[]	[]
ecoli50_r005572	no_hit				0	0	0	0	0	0	[]	[]	[]	[]
ecoli50_r005573	no_hit				0	0	0	0	0	0	[]	[]	[]	[]
ecoli50_r005574	no_hit				0	0	0	0	0	0	[]	[]	[]	[]
ecoli50_r005575	no_hit				0	0	0	0	0	0	[]	[]	[]	[]
ecoli50_r005576	no_hit				0	0	0	0	0	0	[]	[]	[]	[]
ecoli50_r005577	no_hit				0	0	0	0	0	0	[]	[]	[]	[]
ecoli50_r005578	no_hit				0	0	0	0	0	0	[]	[]	[]	[]
ecoli50_r005579	no_hit				0	0	0	0	0	0	[]	[]	[]	[]
ecoli50_r005580	no_hit				0	0	0	0	0	0	[]	[]	[]	[]
ecoli50_r005581	no_hit				0	0	0	0	0	0	[]	[]	[]	[]
ecoli50_r005582	position_consistent_positive	10	forward	81	1	0	1	0	1	0	"[""2546""]"	[]	"[[10,""forward"",81,""2546""]]"	[]
ecoli50_r005583	no_hit				0	0	0	0	0	0	[]	[]	[]	[]
ecoli50_r005584	no_hit				0	0	0	0	0	0	[]	[]	[]	[]
ecoli50_r005585	no_hit				0	0	0	0	0	0	[]	[]	[]	[]
ecoli50_r005586	no_hit				0	0	0	0	0	0	[]	[]	[]	[]
ecoli50_r005587	no_hit				0	0	0	0	0	0	[]	[]	[]	[]
ecoli50_r005588	no_hit				0	0	0	0	0	0	[]	[]	[]	[]
ecoli50_r005589	no_hit				0	0	0	0	0	0	[]	[]	[]	[]
ecoli50_r005590	no_hit				0	0	0	0	0	0	[]	[]	[]	[]
ecoli50_r005591	no_hit				0	0	0	0	0	0	[]	[]	[]	[]
ecoli50_r005592	no_hit				0	0	0	0	0	0	[]	[]	[]	[]
ecoli50_r005593	no_hit				0	0	0	0	0	0	[]	[]	[]	[]
ecoli50_r005594	no_hit				0	0	0	0	0	0	[]	[]	[]	[]
ecoli50_r005595	no_hit				0	0	0	0	0	0	[]	[]	[]	[]
ecoli50_r005596	no_hit				0	0	0	0	0	0	[]	[]	[]	[]
ecoli50_r005597	no_hit				0	0	0	0	0	0	[]	[]	[]	[]
ecoli50_r005598	no_hit				0	0	0	0	0	0	[]	[]	[]	[]
ecoli50_r005599	no_hit				0	0	0	0	0	0	[]	[]	[]	[]
ecoli50_r005600	no_hit				0	0	0	0	0	0	[]	[]	[]	[]
ecoli50_r005601	no_hit				0	0	0	0	0	0	[]	[]	[]	[]
ecoli50_r005602	no_hit				0	0	0	0	0	0	[]	[]	[]	[]
ecoli50_r005603	no_hit				0	0	0	0	0	0	[]	[]	[]	[]
ecoli50_r005604	no_hit				0	0	0	0	0	0	[]	[]	[]	[]
ecoli50_r005605	no_hit				0	0	0	0	0	0	[]	[]	[]	[]
ecoli50_r005606	no_hit				0	0	0	0	0	0	[]	[]	[]	[]
ecoli50_r005607	no_hit				0	0	0	0	0	0	[]	[]	[]	[]
ecoli50_r005608	no_hit				0	0	0	0	0	0	[]	[]	[]	[]
ecoli50_r005609	no_hit				0	0	0	0	0	0	[]	[]	[]	[]
ecoli50_r005610	no_hit				0	0	0	0	0	0	[]	[]	[]	[]
ecoli50_r005611	no_hit				0	0	0	0	0	0	[]	[]	[]	[]
ecoli50_r005612	no_hit				0	0	0	0	0	0	[]	[]	[]	[]
ecoli50_r005613	no_hit				0	0	0	0	0	0	[]	[]	[]	[]
ecoli50_r005614	no_hit				0	0	0	0	0	0	[]	[]	[]	[]
ecoli50_r005615	no_hit				0	0	0	0	0	0	[]	[]	[]	[]
ecoli50_r005616	position_consistent_positive	10	forward	81	1	0	1	0	1	0	"[""2007""]"	[]	"[[10,""forward"",81,""2007""]]"	[]
ecoli50_r005617	position_consistent_positive	10	forward	81	1	0	1	0	1	0	"[""769""]"	[]	"[[10,""forward"",81,""769""]]"	[]
ecoli50_r005618	no_hit				0	0	0	0	0	0	[]	[]	[]	[]
ecoli50_r005619	no_hit				0	0	0	0	0	0	[]	[]	[]	[]
ecoli50_r005620	no_hit				0	0	0	0	0	0	[]	[]	[]	[]
ecoli50_r005621	no_hit				0	0	0	0	0	0	[]	[]	[]	[]
ecoli50_r005622	no_hit				0	0	0	0	0	0	[]	[]	[]	[]
ecoli50_r005623	no_hit				0	0	0	0	0	0	[]	[]	[]	[]
ecoli50_r005624	no_hit				0	0	0	0	0	0	[]	[]	[]	[]
ecoli50_r005625	negative_only				0	1	0	1	0	1	[]	"[""1661""]"	[]	"[[27,""reverse"",81,""1661""]]"
ecoli50_r005626	no_hit				0	0	0	0	0	0	[]	[]	[]	[]
ecoli50_r005627	no_hit				0	0	0	0	0	0	[]	[]	[]	[]
ecoli50_r005628	no_hit				0	0	0	0	0	0	[]	[]	[]	[]
ecoli50_r005629	no_hit				0	0	0	0	0	0	[]	[]	[]	[]
ecoli50_r005630	no_hit				0	0	0	0	0	0	[]	[]	[]	[]
ecoli50_r005631	no_hit				0	0	0	0	0	0	[]	[]	[]	[]
ecoli50_r005632	no_hit				0	0	0	0	0	0	[]	[]	[]	[]
ecoli50_r005633	no_hit				0	0	0	0	0	0	[]	[]	[]	[]
ecoli50_r005634	no_hit				0	0	0	0	0	0	[]	[]	[]	[]
ecoli50_r005635	no_hit				0	0	0	0	0	0	[]	[]	[]	[]
ecoli50_r005636	position_consistent_positive	11	forward	81	1	0	1	0	1	0	"[""1067""]"	[]	"[[11,""forward"",81,""1067""]]"	[]
ecoli50_r005637	no_hit				0	0	0	0	0	0	[]	[]	[]	[]
ecoli50_r005638	no_hit				0	0	0	0	0	0	[]	[]	[]	[]
ecoli50_r005639	no_hit				0	0	0	0	0	0	[]	[]	[]	[]
ecoli50_r005640	no_hit				0	0	0	0	0	0	[]	[]	[]	[]
ecoli50_r005641	no_hit				0	0	0	0	0	0	[]	[]	[]	[]
ecoli50_r005642	no_hit				0	0	0	0	0	0	[]	[]	[]	[]
ecoli50_r005643	no_hit				0	0	0	0	0	0	[]	[]	[]	[]
ecoli50_r005644	no_hit				0	0	0	0	0	0	[]	[]	[]	[]
ecoli50_r005645	no_hit				0	0	0	0	0	0	[]	[]	[]	[]
ecoli50_r005646	no_hit				0	0	0	0	0	0	[]	[]	[]	[]
ecoli50_r005647	no_hit				0	0	0	0	0	0	[]	[]	[]	[]
ecoli50_r005648	no_hit				0	0	0	0	0	0	[]	[]	[]	[]
ecoli50_r005649	no_hit				0	0	0	0	0	0	[]	[]	[]	[]
ecoli50_r005650	no_hit				0	0	0	0	0	0	[]	[]	[]	[]
ecoli50_r005651	no_hit				0	0	0	0	0	0	[]	[]	[]	[]
ecoli50_r005652	no_hit				0	0	0	0	0	0	[]	[]	[]	[]
ecoli50_r005653	no_hit				0	0	0	0	0	0	[]	[]	[]	[]
ecoli50_r005654	no_hit				0	0	0	0	0	0	[]	[]	[]	[]
ecoli50_r005655	no_hit				0	0	0	0	0	0	[]	[]	[]	[]
ecoli50_r005656	negative_only				0	1	0	1	0	1	[]	"[""1412""]"	[]	"[[1,""reverse"",81,""1412""]]"
ecoli50_r005657	no_hit				0	0	0	0	0	0	[]	[]	[]	[]
ecoli50_r005658	no_hit				0	0	0	0	0	0	[]	[]	[]	[]
ecoli50_r005659	no_hit				0	0	0	0	0	0	[]	[]	[]	[]
ecoli50_r005660	no_hit				0	0	0	0	0	0	[]	[]	[]	[]
ecoli50_r005661	no_hit				0	0	0	0	0	0	[]	[]	[]	[]
ecoli50_r005662	negative_only				0	1	0	1	0	1	[]	"[""2500""]"	[]	"[[25,""forward"",81,""2500""]]"
ecoli50_r005663	no_hit				0	0	0	0	0	0	[]	[]	[]	[]
ecoli50_r005664	no_hit				0	0	0	0	0	0	[]	[]	[]	[]
ecoli50_r005665	no_hit				0	0	0	0	0	0	[]	[]	[]	[]
ecoli50_r005666	no_hit				0	0	0	0	0	0	[]	[]	[]	[]
ecoli50_r005667	no_hit				0	0	0	0	0	0	[]	[]	[]	[]
ecoli50_r005668	no_hit				0	0	0	0	0	0	[]	[]	[]	[]
ecoli50_r005669	position_consistent_positive	23	forward	81	1	0	1	0	1	0	"[""1657""]"	[]	"[[23,""forward"",81,""1657""]]"	[]
ecoli50_r005670	no_hit				0	0	0	0	0	0	[]	[]	[]	[]
ecoli50_r005671	no_hit				0	0	0	0	0	0	[]	[]	[]	[]
ecoli50_r005672	no_hit				0	0	0	0	0	0	[]	[]	[]	[]
ecoli50_r005673	no_hit				0	0	0	0	0	0	[]	[]	[]	[]
ecoli50_r005674	no_hit				0	0	0	0	0	0	[]	[]	[]	[]
ecoli50_r005675	no_hit				0	0	0	0	0	0	[]	[]	[]	[]
ecoli50_r005676	no_hit				0	0	0	0	0	0	[]	[]	[]	[]
ecoli50_r005677	no_hit				0	0	0	0	0	0	[]	[]	[]	[]
ecoli50_r005678	no_hit				0	0	0	0	0	0	[]	[]	[]	[]
ecoli50_r005679	no_hit				0	0	0	0	0	0	[]	[]	[]	[]
ecoli50_r005680	no_hit				0	0	0	0	0	0	[]	[]	[]	[]
ecoli50_r005681	no_hit				0	0	0	0	0	0	[]	[]	[]	[]
ecoli50_r005682	no_hit				0	0	0	0	0	0	[]	[]	[]	[]
ecoli50_r005683	no_hit				0	0	0	0	0	0	[]	[]	[]	[]
ecoli50_r005684	no_hit				0	0	0	0	0	0	[]	[]	[]	[]
ecoli50_r005685	no_hit				0	0	0	0	0	0	[]	[]	[]	[]
ecoli50_r005686	no_hit				0	0	0	0	0	0	[]	[]	[]	[]
ecoli50_r005687	no_hit				0	0	0	0	0	0	[]	[]	[]	[]
ecoli50_r005688	no_hit				0	0	0	0	0	0	[]	[]	[]	[]
ecoli50_r005689	no_hit				0	0	0	0	0	0	[]	[]	[]	[]
ecoli50_r005690	no_hit				0	0	0	0	0	0	[]	[]	[]	[]
ecoli50_r005691	no_hit				0	0	0	0	0	0	[]	[]	[]	[]
ecoli50_r005692	no_hit				0	0	0	0	0	0	[]	[]	[]	[]
ecoli50_r005693	no_hit				0	0	0	0	0	0	[]	[]	[]	[]
ecoli50_r005694	no_hit				0	0	0	0	0	0	[]	[]	[]	[]
ecoli50_r005695	no_hit				0	0	0	0	0	0	[]	[]	[]	[]
ecoli50_r005696	no_hit				0	0	0	0	0	0	[]	[]	[]	[]
ecoli50_r005697	no_hit				0	0	0	0	0	0	[]	[]	[]	[]
ecoli50_r005698	no_hit				0	0	0	0	0	0	[]	[]	[]	[]
ecoli50_r005699	no_hit				0	0	0	0	0	0	[]	[]	[]	[]
ecoli50_r005700	no_hit				0	0	0	0	0	0	[]	[]	[]	[]
ecoli50_r005701	no_hit				0	0	0	0	0	0	[]	[]	[]	[]
ecoli50_r005702	no_hit				0	0	0	0	0	0	[]	[]	[]	[]
ecoli50_r005703	no_hit				0	0	0	0	0	0	[]	[]	[]	[]
ecoli50_r005704	no_hit				0	0	0	0	0	0	[]	[]	[]	[]
ecoli50_r005705	no_hit				0	0	0	0	0	0	[]	[]	[]	[]
ecoli50_r005706	no_hit				0	0	0	0	0	0	[]	[]	[]	[]
ecoli50_r005707	no_hit				0	0	0	0	0	0	[]	[]	[]	[]
ecoli50_r005708	no_hit				0	0	0	0	0	0	[]	[]	[]	[]
ecoli50_r005709	no_hit				0	0	0	0	0	0	[]	[]	[]	[]
ecoli50_r005710	no_hit				0	0	0	0	0	0	[]	[]	[]	[]
ecoli50_r005711	no_hit				0	0	0	0	0	0	[]	[]	[]	[]
ecoli50_r005712	no_hit				0	0	0	0	0	0	[]	[]	[]	[]
ecoli50_r005713	no_hit				0	0	0	0	0	0	[]	[]	[]	[]
ecoli50_r005714	no_hit				0	0	0	0	0	0	[]	[]	[]	[]
ecoli50_r005715	no_hit				0	0	0	0	0	0	[]	[]	[]	[]
ecoli50_r005716	position_consistent_positive	26	forward	81	1	0	1	0	1	0	"[""2491""]"	[]	"[[26,""forward"",81,""2491""]]"	[]
ecoli50_r005717	no_hit				0	0	0	0	0	0	[]	[]	[]	[]
ecoli50_r005718	no_hit				0	0	0	0	0	0	[]	[]	[]	[]
ecoli50_r005719	no_hit				0	0	0	0	0	0	[]	[]	[]	[]
ecoli50_r005720	no_hit				0	0	0	0	0	0	[]	[]	[]	[]
ecoli50_r005721	no_hit				0	0	0	0	0	0	[]	[]	[]	[]
ecoli50_r005722	no_hit				0	0	0	0	0	0	[]	[]	[]	[]
ecoli50_r005723	no_hit				0	0	0	0	0	0	[]	[]	[]	[]
ecoli50_r005724	no_hit				0	0	0	0	0	0	[]	[]	[]	[]
ecoli50_r005725	no_hit				0	0	0	0	0	0	[]	[]	[]	[]
ecoli50_r005726	no_hit				0	0	0	0	0	0	[]	[]	[]	[]
ecoli50_r005727	no_hit				0	0	0	0	0	0	[]	[]	[]	[]
ecoli50_r005728	no_hit				0	0	0	0	0	0	[]	[]	[]	[]
ecoli50_r005729	position_consistent_positive	10	forward	81	1	0	1	0	1	0	"[""800""]"	[]	"[[10,""forward"",81,""800""]]"	[]
ecoli50_r005730	no_hit				0	0	0	0	0	0	[]	[]	[]	[]
ecoli50_r005731	no_hit				0	0	0	0	0	0	[]	[]	[]	[]
ecoli50_r005732	no_hit				0	0	0	0	0	0	[]	[]	[]	[]
ecoli50_r005733	no_hit				0	0	0	0	0	0	[]	[]	[]	[]
ecoli50_r005734	no_hit				0	0	0	0	0	0	[]	[]	[]	[]
ecoli50_r005735	no_hit				0	0	0	0	0	0	[]	[]	[]	[]
ecoli50_r005736	no_hit				0	0	0	0	0	0	[]	[]	[]	[]
ecoli50_r005737	no_hit				0	0	0	0	0	0	[]	[]	[]	[]
ecoli50_r005738	position_consistent_positive	11	forward	81	1	0	1	0	1	0	"[""1085""]"	[]	"[[11,""forward"",81,""1085""]]"	[]
ecoli50_r005739	no_hit				0	0	0	0	0	0	[]	[]	[]	[]
ecoli50_r005740	no_hit				0	0	0	0	0	0	[]	[]	[]	[]
ecoli50_r005741	no_hit				0	0	0	0	0	0	[]	[]	[]	[]
ecoli50_r005742	no_hit				0	0	0	0	0	0	[]	[]	[]	[]
ecoli50_r005743	no_hit				0	0	0	0	0	0	[]	[]	[]	[]
ecoli50_r005744	no_hit				0	0	0	0	0	0	[]	[]	[]	[]
ecoli50_r005745	no_hit				0	0	0	0	0	0	[]	[]	[]	[]
ecoli50_r005746	no_hit				0	0	0	0	0	0	[]	[]	[]	[]
ecoli50_r005747	no_hit				0	0	0	0	0	0	[]	[]	[]	[]
ecoli50_r005748	no_hit				0	0	0	0	0	0	[]	[]	[]	[]
ecoli50_r005749	no_hit				0	0	0	0	0	0	[]	[]	[]	[]
ecoli50_r005750	no_hit				0	0	0	0	0	0	[]	[]	[]	[]
ecoli50_r005751	no_hit				0	0	0	0	0	0	[]	[]	[]	[]
ecoli50_r005752	no_hit				0	0	0	0	0	0	[]	[]	[]	[]
ecoli50_r005753	no_hit				0	0	0	0	0	0	[]	[]	[]	[]
ecoli50_r005754	no_hit				0	0	0	0	0	0	[]	[]	[]	[]
ecoli50_r005755	no_hit				0	0	0	0	0	0	[]	[]	[]	[]
ecoli50_r005756	no_hit				0	0	0	0	0	0	[]	[]	[]	[]
ecoli50_r005757	no_hit				0	0	0	0	0	0	[]	[]	[]	[]
ecoli50_r005758	no_hit				0	0	0	0	0	0	[]	[]	[]	[]
ecoli50_r005759	no_hit				0	0	0	0	0	0	[]	[]	[]	[]
ecoli50_r005760	no_hit				0	0	0	0	0	0	[]	[]	[]	[]
ecoli50_r005761	no_hit				0	0	0	0	0	0	[]	[]	[]	[]
ecoli50_r005762	no_hit				0	0	0	0	0	0	[]	[]	[]	[]
ecoli50_r005763	no_hit				0	0	0	0	0	0	[]	[]	[]	[]
ecoli50_r005764	no_hit				0	0	0	0	0	0	[]	[]	[]	[]
ecoli50_r005765	no_hit				0	0	0	0	0	0	[]	[]	[]	[]
ecoli50_r005766	no_hit				0	0	0	0	0	0	[]	[]	[]	[]
ecoli50_r005767	negative_only				0	1	0	1	0	1	[]	"[""3267""]"	[]	"[[0,""forward"",81,""3267""]]"
ecoli50_r005768	no_hit				0	0	0	0	0	0	[]	[]	[]	[]
ecoli50_r005769	no_hit				0	0	0	0	0	0	[]	[]	[]	[]
ecoli50_r005770	no_hit				0	0	0	0	0	0	[]	[]	[]	[]
ecoli50_r005771	negative_only				0	1	0	1	0	1	[]	"[""1391""]"	[]	"[[28,""forward"",81,""1391""]]"
ecoli50_r005772	no_hit				0	0	0	0	0	0	[]	[]	[]	[]
ecoli50_r005773	no_hit				0	0	0	0	0	0	[]	[]	[]	[]
ecoli50_r005774	no_hit				0	0	0	0	0	0	[]	[]	[]	[]
ecoli50_r005775	no_hit				0	0	0	0	0	0	[]	[]	[]	[]
ecoli50_r005776	no_hit				0	0	0	0	0	0	[]	[]	[]	[]
ecoli50_r005777	no_hit				0	0	0	0	0	0	[]	[]	[]	[]
ecoli50_r005778	no_hit				0	0	0	0	0	0	[]	[]	[]	[]
ecoli50_r005779	no_hit				0	0	0	0	0	0	[]	[]	[]	[]
ecoli50_r005780	no_hit				0	0	0	0	0	0	[]	[]	[]	[]
ecoli50_r005781	no_hit				0	0	0	0	0	0	[]	[]	[]	[]
ecoli50_r005782	no_hit				0	0	0	0	0	0	[]	[]	[]	[]
ecoli50_r005783	no_hit				0	0	0	0	0	0	[]	[]	[]	[]
ecoli50_r005784	no_hit				0	0	0	0	0	0	[]	[]	[]	[]
ecoli50_r005785	no_hit				0	0	0	0	0	0	[]	[]	[]	[]
ecoli50_r005786	no_hit				0	0	0	0	0	0	[]	[]	[]	[]
ecoli50_r005787	no_hit				0	0	0	0	0	0	[]	[]	[]	[]
ecoli50_r005788	no_hit				0	0	0	0	0	0	[]	[]	[]	[]
ecoli50_r005789	no_hit				0	0	0	0	0	0	[]	[]	[]	[]
ecoli50_r005790	no_hit				0	0	0	0	0	0	[]	[]	[]	[]
ecoli50_r005791	no_hit				0	0	0	0	0	0	[]	[]	[]	[]
ecoli50_r005792	no_hit				0	0	0	0	0	0	[]	[]	[]	[]
ecoli50_r005793	no_hit				0	0	0	0	0	0	[]	[]	[]	[]
ecoli50_r005794	no_hit				0	0	0	0	0	0	[]	[]	[]	[]
ecoli50_r005795	position_consistent_positive	10	forward	81	1	0	1	0	1	0	"[""916""]"	[]	"[[10,""forward"",81,""916""]]"	[]
ecoli50_r005796	no_hit				0	0	0	0	0	0	[]	[]	[]	[]
ecoli50_r005797	no_hit				0	0	0	0	0	0	[]	[]	[]	[]
ecoli50_r005798	no_hit				0	0	0	0	0	0	[]	[]	[]	[]
ecoli50_r005799	no_hit				0	0	0	0	0	0	[]	[]	[]	[]
ecoli50_r005800	no_hit				0	0	0	0	0	0	[]	[]	[]	[]
ecoli50_r005801	no_hit				0	0	0	0	0	0	[]	[]	[]	[]
ecoli50_r005802	no_hit				0	0	0	0	0	0	[]	[]	[]	[]
ecoli50_r005803	no_hit				0	0	0	0	0	0	[]	[]	[]	[]
ecoli50_r005804	no_hit				0	0	0	0	0	0	[]	[]	[]	[]
ecoli50_r005805	no_hit				0	0	0	0	0	0	[]	[]	[]	[]
ecoli50_r005806	no_hit				0	0	0	0	0	0	[]	[]	[]	[]
ecoli50_r005807	no_hit				0	0	0	0	0	0	[]	[]	[]	[]
ecoli50_r005808	no_hit				0	0	0	0	0	0	[]	[]	[]	[]
ecoli50_r005809	negative_only				0	1	0	1	0	1	[]	"[""2566""]"	[]	"[[25,""forward"",81,""2566""]]"
ecoli50_r005810	no_hit				0	0	0	0	0	0	[]	[]	[]	[]
ecoli50_r005811	no_hit				0	0	0	0	0	0	[]	[]	[]	[]
ecoli50_r005812	no_hit				0	0	0	0	0	0	[]	[]	[]	[]
ecoli50_r005813	no_hit				0	0	0	0	0	0	[]	[]	[]	[]
ecoli50_r005814	no_hit				0	0	0	0	0	0	[]	[]	[]	[]
ecoli50_r005815	no_hit				0	0	0	0	0	0	[]	[]	[]	[]
ecoli50_r005816	no_hit				0	0	0	0	0	0	[]	[]	[]	[]
ecoli50_r005817	no_hit				0	0	0	0	0	0	[]	[]	[]	[]
ecoli50_r005818	no_hit				0	0	0	0	0	0	[]	[]	[]	[]
ecoli50_r005819	no_hit				0	0	0	0	0	0	[]	[]	[]	[]
ecoli50_r005820	no_hit				0	0	0	0	0	0	[]	[]	[]	[]
ecoli50_r005821	no_hit				0	0	0	0	0	0	[]	[]	[]	[]
ecoli50_r005822	no_hit				0	0	0	0	0	0	[]	[]	[]	[]
ecoli50_r005823	no_hit				0	0	0	0	0	0	[]	[]	[]	[]
ecoli50_r005824	no_hit				0	0	0	0	0	0	[]	[]	[]	[]
ecoli50_r005825	no_hit				0	0	0	0	0	0	[]	[]	[]	[]
ecoli50_r005826	no_hit				0	0	0	0	0	0	[]	[]	[]	[]
ecoli50_r005827	no_hit				0	0	0	0	0	0	[]	[]	[]	[]
ecoli50_r005828	no_hit				0	0	0	0	0	0	[]	[]	[]	[]
ecoli50_r005829	no_hit				0	0	0	0	0	0	[]	[]	[]	[]
ecoli50_r005830	no_hit				0	0	0	0	0	0	[]	[]	[]	[]
ecoli50_r005831	no_hit				0	0	0	0	0	0	[]	[]	[]	[]
ecoli50_r005832	no_hit				0	0	0	0	0	0	[]	[]	[]	[]
ecoli50_r005833	no_hit				0	0	0	0	0	0	[]	[]	[]	[]
ecoli50_r005834	no_hit				0	0	0	0	0	0	[]	[]	[]	[]
ecoli50_r005835	no_hit				0	0	0	0	0	0	[]	[]	[]	[]
ecoli50_r005836	no_hit				0	0	0	0	0	0	[]	[]	[]	[]
ecoli50_r005837	no_hit				0	0	0	0	0	0	[]	[]	[]	[]
ecoli50_r005838	no_hit				0	0	0	0	0	0	[]	[]	[]	[]
ecoli50_r005839	no_hit				0	0	0	0	0	0	[]	[]	[]	[]
ecoli50_r005840	ambiguous_positive				2	0	2	0	2	0	"[""1144"",""2739""]"	[]	"[[11,""reverse"",81,""2739""],[14,""forward"",81,""1144""]]"	[]
ecoli50_r005841	position_consistent_positive	11	forward	81	1	0	1	0	1	0	"[""1603""]"	[]	"[[11,""forward"",81,""1603""]]"	[]
ecoli50_r005842	ambiguous_positive				2	0	2	0	2	0	"[""1144"",""2739""]"	[]	"[[10,""forward"",81,""2739""],[15,""reverse"",81,""1144""]]"	[]
ecoli50_r005843	no_hit				0	0	0	0	0	0	[]	[]	[]	[]
ecoli50_r005844	no_hit				0	0	0	0	0	0	[]	[]	[]	[]
ecoli50_r005845	no_hit				0	0	0	0	0	0	[]	[]	[]	[]
ecoli50_r005846	no_hit				0	0	0	0	0	0	[]	[]	[]	[]
ecoli50_r005847	no_hit				0	0	0	0	0	0	[]	[]	[]	[]
ecoli50_r005848	no_hit				0	0	0	0	0	0	[]	[]	[]	[]
ecoli50_r005849	no_hit				0	0	0	0	0	0	[]	[]	[]	[]
ecoli50_r005850	no_hit				0	0	0	0	0	0	[]	[]	[]	[]
ecoli50_r005851	no_hit				0	0	0	0	0	0	[]	[]	[]	[]
ecoli50_r005852	no_hit				0	0	0	0	0	0	[]	[]	[]	[]
ecoli50_r005853	no_hit				0	0	0	0	0	0	[]	[]	[]	[]
ecoli50_r005854	no_hit				0	0	0	0	0	0	[]	[]	[]	[]
ecoli50_r005855	no_hit				0	0	0	0	0	0	[]	[]	[]	[]
ecoli50_r005856	no_hit				0	0	0	0	0	0	[]	[]	[]	[]
ecoli50_r005857	no_hit				0	0	0	0	0	0	[]	[]	[]	[]
ecoli50_r005858	no_hit				0	0	0	0	0	0	[]	[]	[]	[]
ecoli50_r005859	no_hit				0	0	0	0	0	0	[]	[]	[]	[]
ecoli50_r005860	no_hit				0	0	0	0	0	0	[]	[]	[]	[]
ecoli50_r005861	no_hit				0	0	0	0	0	0	[]	[]	[]	[]
ecoli50_r005862	no_hit				0	0	0	0	0	0	[]	[]	[]	[]
ecoli50_r005863	no_hit				0	0	0	0	0	0	[]	[]	[]	[]
ecoli50_r005864	no_hit				0	0	0	0	0	0	[]	[]	[]	[]
ecoli50_r005865	no_hit				0	0	0	0	0	0	[]	[]	[]	[]
ecoli50_r005866	no_hit				0	0	0	0	0	0	[]	[]	[]	[]
ecoli50_r005867	no_hit				0	0	0	0	0	0	[]	[]	[]	[]
ecoli50_r005868	no_hit				0	0	0	0	0	0	[]	[]	[]	[]
ecoli50_r005869	no_hit				0	0	0	0	0	0	[]	[]	[]	[]
ecoli50_r005870	no_hit				0	0	0	0	0	0	[]	[]	[]	[]
ecoli50_r005871	no_hit				0	0	0	0	0	0	[]	[]	[]	[]
ecoli50_r005872	no_hit				0	0	0	0	0	0	[]	[]	[]	[]
ecoli50_r005873	no_hit				0	0	0	0	0	0	[]	[]	[]	[]
ecoli50_r005874	ambiguous_positive				2	0	2	0	2	0	"[""1488"",""2784""]"	[]	"[[17,""forward"",81,""2784""],[31,""forward"",81,""1488""]]"	[]
ecoli50_r005875	no_hit				0	0	0	0	0	0	[]	[]	[]	[]
ecoli50_r005876	no_hit				0	0	0	0	0	0	[]	[]	[]	[]
ecoli50_r005877	no_hit				0	0	0	0	0	0	[]	[]	[]	[]
ecoli50_r005878	no_hit				0	0	0	0	0	0	[]	[]	[]	[]
ecoli50_r005879	no_hit				0	0	0	0	0	0	[]	[]	[]	[]
ecoli50_r005880	no_hit				0	0	0	0	0	0	[]	[]	[]	[]
ecoli50_r005881	no_hit				0	0	0	0	0	0	[]	[]	[]	[]
ecoli50_r005882	no_hit				0	0	0	0	0	0	[]	[]	[]	[]
ecoli50_r005883	no_hit				0	0	0	0	0	0	[]	[]	[]	[]
ecoli50_r005884	no_hit				0	0	0	0	0	0	[]	[]	[]	[]
ecoli50_r005885	no_hit				0	0	0	0	0	0	[]	[]	[]	[]
ecoli50_r005886	no_hit				0	0	0	0	0	0	[]	[]	[]	[]
ecoli50_r005887	no_hit				0	0	0	0	0	0	[]	[]	[]	[]
ecoli50_r005888	no_hit				0	0	0	0	0	0	[]	[]	[]	[]
ecoli50_r005889	position_consistent_positive	15	forward	81	1	0	1	0	1	0	"[""415""]"	[]	"[[15,""forward"",81,""415""]]"	[]
ecoli50_r005890	no_hit				0	0	0	0	0	0	[]	[]	[]	[]
ecoli50_r005891	no_hit				0	0	0	0	0	0	[]	[]	[]	[]
ecoli50_r005892	no_hit				0	0	0	0	0	0	[]	[]	[]	[]
ecoli50_r005893	no_hit				0	0	0	0	0	0	[]	[]	[]	[]
ecoli50_r005894	no_hit				0	0	0	0	0	0	[]	[]	[]	[]
ecoli50_r005895	no_hit				0	0	0	0	0	0	[]	[]	[]	[]
ecoli50_r005896	no_hit				0	0	0	0	0	0	[]	[]	[]	[]
ecoli50_r005897	no_hit				0	0	0	0	0	0	[]	[]	[]	[]
ecoli50_r005898	no_hit				0	0	0	0	0	0	[]	[]	[]	[]
ecoli50_r005899	no_hit				0	0	0	0	0	0	[]	[]	[]	[]
ecoli50_r005900	no_hit				0	0	0	0	0	0	[]	[]	[]	[]
ecoli50_r005901	no_hit				0	0	0	0	0	0	[]	[]	[]	[]
ecoli50_r005902	position_consistent_positive	11	forward	81	1	0	1	0	1	0	"[""321""]"	[]	"[[11,""forward"",81,""321""]]"	[]
ecoli50_r005903	no_hit				0	0	0	0	0	0	[]	[]	[]	[]
ecoli50_r005904	no_hit				0	0	0	0	0	0	[]	[]	[]	[]
ecoli50_r005905	no_hit				0	0	0	0	0	0	[]	[]	[]	[]
ecoli50_r005906	no_hit				0	0	0	0	0	0	[]	[]	[]	[]
ecoli50_r005907	no_hit				0	0	0	0	0	0	[]	[]	[]	[]
ecoli50_r005908	no_hit				0	0	0	0	0	0	[]	[]	[]	[]
ecoli50_r005909	no_hit				0	0	0	0	0	0	[]	[]	[]	[]
ecoli50_r005910	no_hit				0	0	0	0	0	0	[]	[]	[]	[]
ecoli50_r005911	no_hit				0	0	0	0	0	0	[]	[]	[]	[]
ecoli50_r005912	no_hit				0	0	0	0	0	0	[]	[]	[]	[]
ecoli50_r005913	no_hit				0	0	0	0	0	0	[]	[]	[]	[]
ecoli50_r005914	no_hit				0	0	0	0	0	0	[]	[]	[]	[]
ecoli50_r005915	no_hit				0	0	0	0	0	0	[]	[]	[]	[]
ecoli50_r005916	no_hit				0	0	0	0	0	0	[]	[]	[]	[]
ecoli50_r005917	no_hit				0	0	0	0	0	0	[]	[]	[]	[]
ecoli50_r005918	no_hit				0	0	0	0	0	0	[]	[]	[]	[]
ecoli50_r005919	no_hit				0	0	0	0	0	0	[]	[]	[]	[]
ecoli50_r005920	no_hit				0	0	0	0	0	0	[]	[]	[]	[]
ecoli50_r005921	no_hit				0	0	0	0	0	0	[]	[]	[]	[]
ecoli50_r005922	no_hit				0	0	0	0	0	0	[]	[]	[]	[]
ecoli50_r005923	no_hit				0	0	0	0	0	0	[]	[]	[]	[]
ecoli50_r005924	no_hit				0	0	0	0	0	0	[]	[]	[]	[]
ecoli50_r005925	no_hit				0	0	0	0	0	0	[]	[]	[]	[]
ecoli50_r005926	no_hit				0	0	0	0	0	0	[]	[]	[]	[]
ecoli50_r005927	no_hit				0	0	0	0	0	0	[]	[]	[]	[]
ecoli50_r005928	no_hit				0	0	0	0	0	0	[]	[]	[]	[]
ecoli50_r005929	no_hit				0	0	0	0	0	0	[]	[]	[]	[]
ecoli50_r005930	position_consistent_positive	8	forward	81	1	0	1	0	1	0	"[""1872""]"	[]	"[[8,""forward"",81,""1872""]]"	[]
ecoli50_r005931	no_hit				0	0	0	0	0	0	[]	[]	[]	[]
ecoli50_r005932	no_hit				0	0	0	0	0	0	[]	[]	[]	[]
ecoli50_r005933	no_hit				0	0	0	0	0	0	[]	[]	[]	[]
ecoli50_r005934	no_hit				0	0	0	0	0	0	[]	[]	[]	[]
ecoli50_r005935	no_hit				0	0	0	0	0	0	[]	[]	[]	[]
ecoli50_r005936	no_hit				0	0	0	0	0	0	[]	[]	[]	[]
ecoli50_r005937	no_hit				0	0	0	0	0	0	[]	[]	[]	[]
ecoli50_r005938	no_hit				0	0	0	0	0	0	[]	[]	[]	[]
ecoli50_r005939	no_hit				0	0	0	0	0	0	[]	[]	[]	[]
ecoli50_r005940	no_hit				0	0	0	0	0	0	[]	[]	[]	[]
ecoli50_r005941	no_hit				0	0	0	0	0	0	[]	[]	[]	[]
ecoli50_r005942	no_hit				0	0	0	0	0	0	[]	[]	[]	[]
ecoli50_r005943	no_hit				0	0	0	0	0	0	[]	[]	[]	[]
ecoli50_r005944	no_hit				0	0	0	0	0	0	[]	[]	[]	[]
ecoli50_r005945	no_hit				0	0	0	0	0	0	[]	[]	[]	[]
ecoli50_r005946	no_hit				0	0	0	0	0	0	[]	[]	[]	[]
ecoli50_r005947	no_hit				0	0	0	0	0	0	[]	[]	[]	[]
ecoli50_r005948	no_hit				0	0	0	0	0	0	[]	[]	[]	[]
ecoli50_r005949	no_hit				0	0	0	0	0	0	[]	[]	[]	[]
ecoli50_r005950	no_hit				0	0	0	0	0	0	[]	[]	[]	[]
ecoli50_r005951	no_hit				0	0	0	0	0	0	[]	[]	[]	[]
ecoli50_r005952	no_hit				0	0	0	0	0	0	[]	[]	[]	[]
ecoli50_r005953	no_hit				0	0	0	0	0	0	[]	[]	[]	[]
ecoli50_r005954	no_hit				0	0	0	0	0	0	[]	[]	[]	[]
ecoli50_r005955	no_hit				0	0	0	0	0	0	[]	[]	[]	[]
ecoli50_r005956	no_hit				0	0	0	0	0	0	[]	[]	[]	[]
ecoli50_r005957	no_hit				0	0	0	0	0	0	[]	[]	[]	[]
ecoli50_r005958	no_hit				0	0	0	0	0	0	[]	[]	[]	[]
ecoli50_r005959	no_hit				0	0	0	0	0	0	[]	[]	[]	[]
ecoli50_r005960	no_hit				0	0	0	0	0	0	[]	[]	[]	[]
ecoli50_r005961	no_hit				0	0	0	0	0	0	[]	[]	[]	[]
ecoli50_r005962	no_hit				0	0	0	0	0	0	[]	[]	[]	[]
ecoli50_r005963	no_hit				0	0	0	0	0	0	[]	[]	[]	[]
ecoli50_r005964	no_hit				0	0	0	0	0	0	[]	[]	[]	[]
ecoli50_r005965	no_hit				0	0	0	0	0	0	[]	[]	[]	[]
ecoli50_r005966	position_consistent_positive	11	forward	81	1	0	1	0	1	0	"[""2237""]"	[]	"[[11,""forward"",81,""2237""]]"	[]
ecoli50_r005967	no_hit				0	0	0	0	0	0	[]	[]	[]	[]
ecoli50_r005968	no_hit				0	0	0	0	0	0	[]	[]	[]	[]
ecoli50_r005969	no_hit				0	0	0	0	0	0	[]	[]	[]	[]
ecoli50_r005970	no_hit				0	0	0	0	0	0	[]	[]	[]	[]
ecoli50_r005971	no_hit				0	0	0	0	0	0	[]	[]	[]	[]
ecoli50_r005972	no_hit				0	0	0	0	0	0	[]	[]	[]	[]
ecoli50_r005973	no_hit				0	0	0	0	0	0	[]	[]	[]	[]
ecoli50_r005974	no_hit				0	0	0	0	0	0	[]	[]	[]	[]
ecoli50_r005975	no_hit				0	0	0	0	0	0	[]	[]	[]	[]
ecoli50_r005976	no_hit				0	0	0	0	0	0	[]	[]	[]	[]
ecoli50_r005977	no_hit				0	0	0	0	0	0	[]	[]	[]	[]
ecoli50_r005978	no_hit				0	0	0	0	0	0	[]	[]	[]	[]
ecoli50_r005979	no_hit				0	0	0	0	0	0	[]	[]	[]	[]
ecoli50_r005980	position_consistent_positive	11	forward	81	1	0	1	0	1	0	"[""1326""]"	[]	"[[11,""forward"",81,""1326""]]"	[]
ecoli50_r005981	position_consistent_positive	7	forward	81	1	0	1	0	1	0	"[""3296""]"	[]	"[[7,""forward"",81,""3296""]]"	[]
ecoli50_r005982	no_hit				0	0	0	0	0	0	[]	[]	[]	[]
ecoli50_r005983	no_hit				0	0	0	0	0	0	[]	[]	[]	[]
ecoli50_r005984	no_hit				0	0	0	0	0	0	[]	[]	[]	[]
ecoli50_r005985	no_hit				0	0	0	0	0	0	[]	[]	[]	[]
ecoli50_r005986	no_hit				0	0	0	0	0	0	[]	[]	[]	[]
ecoli50_r005987	no_hit				0	0	0	0	0	0	[]	[]	[]	[]
ecoli50_r005988	no_hit				0	0	0	0	0	0	[]	[]	[]	[]
ecoli50_r005989	no_hit				0	0	0	0	0	0	[]	[]	[]	[]
ecoli50_r005990	no_hit				0	0	0	0	0	0	[]	[]	[]	[]
ecoli50_r005991	no_hit				0	0	0	0	0	0	[]	[]	[]	[]
ecoli50_r005992	no_hit				0	0	0	0	0	0	[]	[]	[]	[]
ecoli50_r005993	no_hit				0	0	0	0	0	0	[]	[]	[]	[]
ecoli50_r005994	no_hit				0	0	0	0	0	0	[]	[]	[]	[]
ecoli50_r005995	no_hit				0	0	0	0	0	0	[]	[]	[]	[]
ecoli50_r005996	no_hit				0	0	0	0	0	0	[]	[]	[]	[]
ecoli50_r005997	no_hit				0	0	0	0	0	0	[]	[]	[]	[]
ecoli50_r005998	no_hit				0	0	0	0	0	0	[]	[]	[]	[]
ecoli50_r005999	no_hit				0	0	0	0	0	0	[]	[]	[]	[]
ecoli50_r006000	negative_only				0	1	0	1	0	1	[]	"[""131""]"	[]	"[[18,""reverse"",81,""131""]]"
ecoli50_r006001	no_hit				0	0	0	0	0	0	[]	[]	[]	[]
ecoli50_r006002	no_hit				0	0	0	0	0	0	[]	[]	[]	[]
ecoli50_r006003	no_hit				0	0	0	0	0	0	[]	[]	[]	[]
ecoli50_r006004	no_hit				0	0	0	0	0	0	[]	[]	[]	[]
ecoli50_r006005	no_hit				0	0	0	0	0	0	[]	[]	[]	[]
ecoli50_r006006	no_hit				0	0	0	0	0	0	[]	[]	[]	[]
ecoli50_r006007	no_hit				0	0	0	0	0	0	[]	[]	[]	[]
ecoli50_r006008	no_hit				0	0	0	0	0	0	[]	[]	[]	[]
ecoli50_r006009	no_hit				0	0	0	0	0	0	[]	[]	[]	[]
ecoli50_r006010	no_hit				0	0	0	0	0	0	[]	[]	[]	[]
ecoli50_r006011	no_hit				0	0	0	0	0	0	[]	[]	[]	[]
ecoli50_r006012	no_hit				0	0	0	0	0	0	[]	[]	[]	[]
ecoli50_r006013	no_hit				0	0	0	0	0	0	[]	[]	[]	[]
ecoli50_r006014	no_hit				0	0	0	0	0	0	[]	[]	[]	[]
ecoli50_r006015	no_hit				0	0	0	0	0	0	[]	[]	[]	[]
ecoli50_r006016	no_hit				0	0	0	0	0	0	[]	[]	[]	[]
ecoli50_r006017	no_hit				0	0	0	0	0	0	[]	[]	[]	[]
ecoli50_r006018	no_hit				0	0	0	0	0	0	[]	[]	[]	[]
ecoli50_r006019	no_hit				0	0	0	0	0	0	[]	[]	[]	[]
ecoli50_r006020	no_hit				0	0	0	0	0	0	[]	[]	[]	[]
ecoli50_r006021	no_hit				0	0	0	0	0	0	[]	[]	[]	[]
ecoli50_r006022	no_hit				0	0	0	0	0	0	[]	[]	[]	[]
ecoli50_r006023	no_hit				0	0	0	0	0	0	[]	[]	[]	[]
ecoli50_r006024	no_hit				0	0	0	0	0	0	[]	[]	[]	[]
ecoli50_r006025	no_hit				0	0	0	0	0	0	[]	[]	[]	[]
ecoli50_r006026	no_hit				0	0	0	0	0	0	[]	[]	[]	[]
ecoli50_r006027	no_hit				0	0	0	0	0	0	[]	[]	[]	[]
ecoli50_r006028	no_hit				0	0	0	0	0	0	[]	[]	[]	[]
ecoli50_r006029	no_hit				0	0	0	0	0	0	[]	[]	[]	[]
ecoli50_r006030	no_hit				0	0	0	0	0	0	[]	[]	[]	[]
ecoli50_r006031	position_consistent_positive	12	forward	81	1	0	1	0	1	0	"[""212""]"	[]	"[[12,""forward"",81,""212""]]"	[]
ecoli50_r006032	no_hit				0	0	0	0	0	0	[]	[]	[]	[]
ecoli50_r006033	no_hit				0	0	0	0	0	0	[]	[]	[]	[]
ecoli50_r006034	no_hit				0	0	0	0	0	0	[]	[]	[]	[]
ecoli50_r006035	no_hit				0	0	0	0	0	0	[]	[]	[]	[]
ecoli50_r006036	no_hit				0	0	0	0	0	0	[]	[]	[]	[]
ecoli50_r006037	no_hit				0	0	0	0	0	0	[]	[]	[]	[]
ecoli50_r006038	no_hit				0	0	0	0	0	0	[]	[]	[]	[]
ecoli50_r006039	no_hit				0	0	0	0	0	0	[]	[]	[]	[]
ecoli50_r006040	no_hit				0	0	0	0	0	0	[]	[]	[]	[]
ecoli50_r006041	no_hit				0	0	0	0	0	0	[]	[]	[]	[]
ecoli50_r006042	no_hit				0	0	0	0	0	0	[]	[]	[]	[]
ecoli50_r006043	no_hit				0	0	0	0	0	0	[]	[]	[]	[]
ecoli50_r006044	no_hit				0	0	0	0	0	0	[]	[]	[]	[]
ecoli50_r006045	no_hit				0	0	0	0	0	0	[]	[]	[]	[]
ecoli50_r006046	no_hit				0	0	0	0	0	0	[]	[]	[]	[]
ecoli50_r006047	no_hit				0	0	0	0	0	0	[]	[]	[]	[]
ecoli50_r006048	no_hit				0	0	0	0	0	0	[]	[]	[]	[]
ecoli50_r006049	no_hit				0	0	0	0	0	0	[]	[]	[]	[]
ecoli50_r006050	no_hit				0	0	0	0	0	0	[]	[]	[]	[]
ecoli50_r006051	no_hit				0	0	0	0	0	0	[]	[]	[]	[]
ecoli50_r006052	no_hit				0	0	0	0	0	0	[]	[]	[]	[]
ecoli50_r006053	no_hit				0	0	0	0	0	0	[]	[]	[]	[]
ecoli50_r006054	no_hit				0	0	0	0	0	0	[]	[]	[]	[]
ecoli50_r006055	no_hit				0	0	0	0	0	0	[]	[]	[]	[]
ecoli50_r006056	no_hit				0	0	0	0	0	0	[]	[]	[]	[]
ecoli50_r006057	no_hit				0	0	0	0	0	0	[]	[]	[]	[]
ecoli50_r006058	no_hit				0	0	0	0	0	0	[]	[]	[]	[]
ecoli50_r006059	no_hit				0	0	0	0	0	0	[]	[]	[]	[]
ecoli50_r006060	no_hit				0	0	0	0	0	0	[]	[]	[]	[]
ecoli50_r006061	no_hit				0	0	0	0	0	0	[]	[]	[]	[]
ecoli50_r006062	no_hit				0	0	0	0	0	0	[]	[]	[]	[]
ecoli50_r006063	no_hit				0	0	0	0	0	0	[]	[]	[]	[]
ecoli50_r006064	no_hit				0	0	0	0	0	0	[]	[]	[]	[]
ecoli50_r006065	no_hit				0	0	0	0	0	0	[]	[]	[]	[]
ecoli50_r006066	position_consistent_positive	11	forward	81	1	0	1	0	1	0	"[""713""]"	[]	"[[11,""forward"",81,""713""]]"	[]
ecoli50_r006067	position_consistent_positive	7	forward	81	1	0	1	0	1	0	"[""713""]"	[]	"[[7,""forward"",81,""713""]]"	[]
ecoli50_r006068	position_consistent_positive	5	reverse	81	1	0	1	0	1	0	"[""713""]"	[]	"[[5,""reverse"",81,""713""]]"	[]
ecoli50_r006069	no_hit				0	0	0	0	0	0	[]	[]	[]	[]
ecoli50_r006070	no_hit				0	0	0	0	0	0	[]	[]	[]	[]
ecoli50_r006071	no_hit				0	0	0	0	0	0	[]	[]	[]	[]
ecoli50_r006072	no_hit				0	0	0	0	0	0	[]	[]	[]	[]
ecoli50_r006073	no_hit				0	0	0	0	0	0	[]	[]	[]	[]
ecoli50_r006074	no_hit				0	0	0	0	0	0	[]	[]	[]	[]
ecoli50_r006075	no_hit				0	0	0	0	0	0	[]	[]	[]	[]
ecoli50_r006076	no_hit				0	0	0	0	0	0	[]	[]	[]	[]
ecoli50_r006077	no_hit				0	0	0	0	0	0	[]	[]	[]	[]
ecoli50_r006078	no_hit				0	0	0	0	0	0	[]	[]	[]	[]
ecoli50_r006079	no_hit				0	0	0	0	0	0	[]	[]	[]	[]
ecoli50_r006080	position_consistent_positive	10	forward	81	1	0	1	0	1	0	"[""2300""]"	[]	"[[10,""forward"",81,""2300""]]"	[]
ecoli50_r006081	no_hit				0	0	0	0	0	0	[]	[]	[]	[]
ecoli50_r006082	no_hit				0	0	0	0	0	0	[]	[]	[]	[]
ecoli50_r006083	no_hit				0	0	0	0	0	0	[]	[]	[]	[]
ecoli50_r006084	no_hit				0	0	0	0	0	0	[]	[]	[]	[]
ecoli50_r006085	no_hit				0	0	0	0	0	0	[]	[]	[]	[]
ecoli50_r006086	no_hit				0	0	0	0	0	0	[]	[]	[]	[]
ecoli50_r006087	no_hit				0	0	0	0	0	0	[]	[]	[]	[]
ecoli50_r006088	no_hit				0	0	0	0	0	0	[]	[]	[]	[]
ecoli50_r006089	no_hit				0	0	0	0	0	0	[]	[]	[]	[]
ecoli50_r006090	no_hit				0	0	0	0	0	0	[]	[]	[]	[]
ecoli50_r006091	position_consistent_positive	9	forward	81	1	0	1	0	1	0	"[""1417""]"	[]	"[[9,""forward"",81,""1417""]]"	[]
ecoli50_r006092	position_consistent_positive	20	forward	81	1	0	1	0	1	0	"[""1417""]"	[]	"[[20,""forward"",81,""1417""]]"	[]
ecoli50_r006093	no_hit				0	0	0	0	0	0	[]	[]	[]	[]
ecoli50_r006094	no_hit				0	0	0	0	0	0	[]	[]	[]	[]
ecoli50_r006095	no_hit				0	0	0	0	0	0	[]	[]	[]	[]
ecoli50_r006096	no_hit				0	0	0	0	0	0	[]	[]	[]	[]
ecoli50_r006097	no_hit				0	0	0	0	0	0	[]	[]	[]	[]
ecoli50_r006098	no_hit				0	0	0	0	0	0	[]	[]	[]	[]
ecoli50_r006099	no_hit				0	0	0	0	0	0	[]	[]	[]	[]
ecoli50_r006100	no_hit				0	0	0	0	0	0	[]	[]	[]	[]
ecoli50_r006101	no_hit				0	0	0	0	0	0	[]	[]	[]	[]
ecoli50_r006102	no_hit				0	0	0	0	0	0	[]	[]	[]	[]
ecoli50_r006103	no_hit				0	0	0	0	0	0	[]	[]	[]	[]
ecoli50_r006104	no_hit				0	0	0	0	0	0	[]	[]	[]	[]
ecoli50_r006105	no_hit				0	0	0	0	0	0	[]	[]	[]	[]
ecoli50_r006106	no_hit				0	0	0	0	0	0	[]	[]	[]	[]
ecoli50_r006107	no_hit				0	0	0	0	0	0	[]	[]	[]	[]
ecoli50_r006108	no_hit				0	0	0	0	0	0	[]	[]	[]	[]
ecoli50_r006109	no_hit				0	0	0	0	0	0	[]	[]	[]	[]
ecoli50_r006110	no_hit				0	0	0	0	0	0	[]	[]	[]	[]
ecoli50_r006111	no_hit				0	0	0	0	0	0	[]	[]	[]	[]
ecoli50_r006112	no_hit				0	0	0	0	0	0	[]	[]	[]	[]
ecoli50_r006113	no_hit				0	0	0	0	0	0	[]	[]	[]	[]
ecoli50_r006114	no_hit				0	0	0	0	0	0	[]	[]	[]	[]
ecoli50_r006115	no_hit				0	0	0	0	0	0	[]	[]	[]	[]
ecoli50_r006116	no_hit				0	0	0	0	0	0	[]	[]	[]	[]
ecoli50_r006117	position_consistent_positive	9	forward	81	1	0	1	0	1	0	"[""2881""]"	[]	"[[9,""forward"",81,""2881""]]"	[]
ecoli50_r006118	no_hit				0	0	0	0	0	0	[]	[]	[]	[]
ecoli50_r006119	no_hit				0	0	0	0	0	0	[]	[]	[]	[]
ecoli50_r006120	no_hit				0	0	0	0	0	0	[]	[]	[]	[]
ecoli50_r006121	no_hit				0	0	0	0	0	0	[]	[]	[]	[]
ecoli50_r006122	no_hit				0	0	0	0	0	0	[]	[]	[]	[]
ecoli50_r006123	no_hit				0	0	0	0	0	0	[]	[]	[]	[]
ecoli50_r006124	no_hit				0	0	0	0	0	0	[]	[]	[]	[]
ecoli50_r006125	no_hit				0	0	0	0	0	0	[]	[]	[]	[]
ecoli50_r006126	no_hit				0	0	0	0	0	0	[]	[]	[]	[]
ecoli50_r006127	no_hit				0	0	0	0	0	0	[]	[]	[]	[]
ecoli50_r006128	no_hit				0	0	0	0	0	0	[]	[]	[]	[]
ecoli50_r006129	no_hit				0	0	0	0	0	0	[]	[]	[]	[]
ecoli50_r006130	no_hit				0	0	0	0	0	0	[]	[]	[]	[]
ecoli50_r006131	no_hit				0	0	0	0	0	0	[]	[]	[]	[]
ecoli50_r006132	no_hit				0	0	0	0	0	0	[]	[]	[]	[]
ecoli50_r006133	no_hit				0	0	0	0	0	0	[]	[]	[]	[]
ecoli50_r006134	no_hit				0	0	0	0	0	0	[]	[]	[]	[]
ecoli50_r006135	no_hit				0	0	0	0	0	0	[]	[]	[]	[]
ecoli50_r006136	no_hit				0	0	0	0	0	0	[]	[]	[]	[]
ecoli50_r006137	no_hit				0	0	0	0	0	0	[]	[]	[]	[]
ecoli50_r006138	no_hit				0	0	0	0	0	0	[]	[]	[]	[]
ecoli50_r006139	no_hit				0	0	0	0	0	0	[]	[]	[]	[]
ecoli50_r006140	no_hit				0	0	0	0	0	0	[]	[]	[]	[]
ecoli50_r006141	no_hit				0	0	0	0	0	0	[]	[]	[]	[]
ecoli50_r006142	no_hit				0	0	0	0	0	0	[]	[]	[]	[]
ecoli50_r006143	no_hit				0	0	0	0	0	0	[]	[]	[]	[]
ecoli50_r006144	no_hit				0	0	0	0	0	0	[]	[]	[]	[]
ecoli50_r006145	no_hit				0	0	0	0	0	0	[]	[]	[]	[]
ecoli50_r006146	no_hit				0	0	0	0	0	0	[]	[]	[]	[]
ecoli50_r006147	no_hit				0	0	0	0	0	0	[]	[]	[]	[]
ecoli50_r006148	no_hit				0	0	0	0	0	0	[]	[]	[]	[]
ecoli50_r006149	no_hit				0	0	0	0	0	0	[]	[]	[]	[]
ecoli50_r006150	no_hit				0	0	0	0	0	0	[]	[]	[]	[]
ecoli50_r006151	no_hit				0	0	0	0	0	0	[]	[]	[]	[]
ecoli50_r006152	no_hit				0	0	0	0	0	0	[]	[]	[]	[]
ecoli50_r006153	no_hit				0	0	0	0	0	0	[]	[]	[]	[]
ecoli50_r006154	no_hit				0	0	0	0	0	0	[]	[]	[]	[]
ecoli50_r006155	no_hit				0	0	0	0	0	0	[]	[]	[]	[]
ecoli50_r006156	no_hit				0	0	0	0	0	0	[]	[]	[]	[]
ecoli50_r006157	no_hit				0	0	0	0	0	0	[]	[]	[]	[]
ecoli50_r006158	no_hit				0	0	0	0	0	0	[]	[]	[]	[]
ecoli50_r006159	no_hit				0	0	0	0	0	0	[]	[]	[]	[]
ecoli50_r006160	no_hit				0	0	0	0	0	0	[]	[]	[]	[]
ecoli50_r006161	no_hit				0	0	0	0	0	0	[]	[]	[]	[]
ecoli50_r006162	no_hit				0	0	0	0	0	0	[]	[]	[]	[]
ecoli50_r006163	no_hit				0	0	0	0	0	0	[]	[]	[]	[]
ecoli50_r006164	no_hit				0	0	0	0	0	0	[]	[]	[]	[]
ecoli50_r006165	no_hit				0	0	0	0	0	0	[]	[]	[]	[]
ecoli50_r006166	no_hit				0	0	0	0	0	0	[]	[]	[]	[]
ecoli50_r006167	no_hit				0	0	0	0	0	0	[]	[]	[]	[]
ecoli50_r006168	no_hit				0	0	0	0	0	0	[]	[]	[]	[]
ecoli50_r006169	no_hit				0	0	0	0	0	0	[]	[]	[]	[]
ecoli50_r006170	no_hit				0	0	0	0	0	0	[]	[]	[]	[]
ecoli50_r006171	no_hit				0	0	0	0	0	0	[]	[]	[]	[]
ecoli50_r006172	no_hit				0	0	0	0	0	0	[]	[]	[]	[]
ecoli50_r006173	no_hit				0	0	0	0	0	0	[]	[]	[]	[]
ecoli50_r006174	no_hit				0	0	0	0	0	0	[]	[]	[]	[]
ecoli50_r006175	no_hit				0	0	0	0	0	0	[]	[]	[]	[]
ecoli50_r006176	no_hit				0	0	0	0	0	0	[]	[]	[]	[]
ecoli50_r006177	position_consistent_positive	7	forward	81	1	0	1	0	1	0	"[""452""]"	[]	"[[7,""forward"",81,""452""]]"	[]
ecoli50_r006178	no_hit				0	0	0	0	0	0	[]	[]	[]	[]
ecoli50_r006179	position_consistent_positive	10	forward	81	1	0	1	0	1	0	"[""2568""]"	[]	"[[10,""forward"",81,""2568""]]"	[]
ecoli50_r006180	no_hit				0	0	0	0	0	0	[]	[]	[]	[]
ecoli50_r006181	no_hit				0	0	0	0	0	0	[]	[]	[]	[]
ecoli50_r006182	no_hit				0	0	0	0	0	0	[]	[]	[]	[]
ecoli50_r006183	no_hit				0	0	0	0	0	0	[]	[]	[]	[]
ecoli50_r006184	no_hit				0	0	0	0	0	0	[]	[]	[]	[]
ecoli50_r006185	position_consistent_positive	3	forward	81	2	0	1	0	2	0	"[""3012"",""833""]"	[]	"[[3,""forward"",81,""3012""],[3,""forward"",81,""833""]]"	[]
ecoli50_r006186	no_hit				0	0	0	0	0	0	[]	[]	[]	[]
ecoli50_r006187	no_hit				0	0	0	0	0	0	[]	[]	[]	[]
ecoli50_r006188	no_hit				0	0	0	0	0	0	[]	[]	[]	[]
ecoli50_r006189	no_hit				0	0	0	0	0	0	[]	[]	[]	[]
ecoli50_r006190	no_hit				0	0	0	0	0	0	[]	[]	[]	[]
ecoli50_r006191	no_hit				0	0	0	0	0	0	[]	[]	[]	[]
ecoli50_r006192	no_hit				0	0	0	0	0	0	[]	[]	[]	[]
ecoli50_r006193	no_hit				0	0	0	0	0	0	[]	[]	[]	[]
ecoli50_r006194	no_hit				0	0	0	0	0	0	[]	[]	[]	[]
ecoli50_r006195	no_hit				0	0	0	0	0	0	[]	[]	[]	[]
ecoli50_r006196	no_hit				0	0	0	0	0	0	[]	[]	[]	[]
ecoli50_r006197	position_consistent_positive	10	forward	81	1	0	1	0	1	0	"[""11""]"	[]	"[[10,""forward"",81,""11""]]"	[]
ecoli50_r006198	no_hit				0	0	0	0	0	0	[]	[]	[]	[]
ecoli50_r006199	no_hit				0	0	0	0	0	0	[]	[]	[]	[]
ecoli50_r006200	no_hit				0	0	0	0	0	0	[]	[]	[]	[]
ecoli50_r006201	no_hit				0	0	0	0	0	0	[]	[]	[]	[]
ecoli50_r006202	no_hit				0	0	0	0	0	0	[]	[]	[]	[]
ecoli50_r006203	no_hit				0	0	0	0	0	0	[]	[]	[]	[]
ecoli50_r006204	no_hit				0	0	0	0	0	0	[]	[]	[]	[]
ecoli50_r006205	no_hit				0	0	0	0	0	0	[]	[]	[]	[]
ecoli50_r006206	no_hit				0	0	0	0	0	0	[]	[]	[]	[]
ecoli50_r006207	position_consistent_positive	10	reverse	81	1	0	1	0	1	0	"[""634""]"	[]	"[[10,""reverse"",81,""634""]]"	[]
ecoli50_r006208	position_consistent_positive	3	forward	81	1	0	1	0	1	0	"[""634""]"	[]	"[[3,""forward"",81,""634""]]"	[]
ecoli50_r006209	no_hit				0	0	0	0	0	0	[]	[]	[]	[]
ecoli50_r006210	no_hit				0	0	0	0	0	0	[]	[]	[]	[]
ecoli50_r006211	no_hit				0	0	0	0	0	0	[]	[]	[]	[]
ecoli50_r006212	no_hit				0	0	0	0	0	0	[]	[]	[]	[]
ecoli50_r006213	no_hit				0	0	0	0	0	0	[]	[]	[]	[]
ecoli50_r006214	no_hit				0	0	0	0	0	0	[]	[]	[]	[]
ecoli50_r006215	no_hit				0	0	0	0	0	0	[]	[]	[]	[]
ecoli50_r006216	no_hit				0	0	0	0	0	0	[]	[]	[]	[]
ecoli50_r006217	no_hit				0	0	0	0	0	0	[]	[]	[]	[]
ecoli50_r006218	no_hit				0	0	0	0	0	0	[]	[]	[]	[]
ecoli50_r006219	no_hit				0	0	0	0	0	0	[]	[]	[]	[]
ecoli50_r006220	position_consistent_positive	31	reverse	81	1	0	1	0	1	0	"[""1653""]"	[]	"[[31,""reverse"",81,""1653""]]"	[]
ecoli50_r006221	position_consistent_positive	13	forward	81	1	0	1	0	1	0	"[""462""]"	[]	"[[13,""forward"",81,""462""]]"	[]
ecoli50_r006222	position_consistent_positive	10	forward	81	1	0	1	0	1	0	"[""2413""]"	[]	"[[10,""forward"",81,""2413""]]"	[]
ecoli50_r006223	no_hit				0	0	0	0	0	0	[]	[]	[]	[]
ecoli50_r006224	no_hit				0	0	0	0	0	0	[]	[]	[]	[]
ecoli50_r006225	ambiguous_positive				2	0	2	0	2	0	"[""2679"",""544""]"	[]	"[[10,""forward"",81,""2679""],[13,""forward"",81,""544""]]"	[]
ecoli50_r006226	no_hit				0	0	0	0	0	0	[]	[]	[]	[]
ecoli50_r006227	position_consistent_positive	10	forward	81	1	0	1	0	1	0	"[""3170""]"	[]	"[[10,""forward"",81,""3170""]]"	[]
ecoli50_r006228	no_hit				0	0	0	0	0	0	[]	[]	[]	[]
ecoli50_r006229	no_hit				0	0	0	0	0	0	[]	[]	[]	[]
ecoli50_r006230	no_hit				0	0	0	0	0	0	[]	[]	[]	[]
ecoli50_r006231	position_consistent_positive	30	forward	81	1	0	1	0	1	0	"[""1769""]"	[]	"[[30,""forward"",81,""1769""]]"	[]
ecoli50_r006232	no_hit				0	0	0	0	0	0	[]	[]	[]	[]
ecoli50_r006233	no_hit				0	0	0	0	0	0	[]	[]	[]	[]
ecoli50_r006234	position_consistent_positive	28	forward	81	1	0	1	0	1	0	"[""478""]"	[]	"[[28,""forward"",81,""478""]]"	[]
ecoli50_r006235	no_hit				0	0	0	0	0	0	[]	[]	[]	[]
ecoli50_r006236	no_hit				0	0	0	0	0	0	[]	[]	[]	[]
ecoli50_r006237	no_hit				0	0	0	0	0	0	[]	[]	[]	[]
ecoli50_r006238	no_hit				0	0	0	0	0	0	[]	[]	[]	[]
ecoli50_r006239	no_hit				0	0	0	0	0	0	[]	[]	[]	[]
ecoli50_r006240	position_consistent_positive	10	forward	81	1	0	1	0	1	0	"[""3130""]"	[]	"[[10,""forward"",81,""3130""]]"	[]
ecoli50_r006241	no_hit				0	0	0	0	0	0	[]	[]	[]	[]
ecoli50_r006242	no_hit				0	0	0	0	0	0	[]	[]	[]	[]
ecoli50_r006243	no_hit				0	0	0	0	0	0	[]	[]	[]	[]
ecoli50_r006244	no_hit				0	0	0	0	0	0	[]	[]	[]	[]
ecoli50_r006245	no_hit				0	0	0	0	0	0	[]	[]	[]	[]
ecoli50_r006246	no_hit				0	0	0	0	0	0	[]	[]	[]	[]
ecoli50_r006247	no_hit				0	0	0	0	0	0	[]	[]	[]	[]
ecoli50_r006248	no_hit				0	0	0	0	0	0	[]	[]	[]	[]
ecoli50_r006249	no_hit				0	0	0	0	0	0	[]	[]	[]	[]
ecoli50_r006250	no_hit				0	0	0	0	0	0	[]	[]	[]	[]
ecoli50_r006251	no_hit				0	0	0	0	0	0	[]	[]	[]	[]
ecoli50_r006252	negative_only				0	1	0	1	0	1	[]	"[""1951""]"	[]	"[[30,""reverse"",81,""1951""]]"
ecoli50_r006253	no_hit				0	0	0	0	0	0	[]	[]	[]	[]
ecoli50_r006254	no_hit				0	0	0	0	0	0	[]	[]	[]	[]
ecoli50_r006255	no_hit				0	0	0	0	0	0	[]	[]	[]	[]
ecoli50_r006256	no_hit				0	0	0	0	0	0	[]	[]	[]	[]
ecoli50_r006257	no_hit				0	0	0	0	0	0	[]	[]	[]	[]
ecoli50_r006258	no_hit				0	0	0	0	0	0	[]	[]	[]	[]
ecoli50_r006259	position_consistent_positive	11	forward	81	1	0	1	0	1	0	"[""208""]"	[]	"[[11,""forward"",81,""208""]]"	[]
ecoli50_r006260	no_hit				0	0	0	0	0	0	[]	[]	[]	[]
ecoli50_r006261	position_consistent_positive	2	forward	81	1	0	1	0	1	0	"[""1902""]"	[]	"[[2,""forward"",81,""1902""]]"	[]
ecoli50_r006262	no_hit				0	0	0	0	0	0	[]	[]	[]	[]
ecoli50_r006263	no_hit				0	0	0	0	0	0	[]	[]	[]	[]
ecoli50_r006264	no_hit				0	0	0	0	0	0	[]	[]	[]	[]
ecoli50_r006265	no_hit				0	0	0	0	0	0	[]	[]	[]	[]
ecoli50_r006266	no_hit				0	0	0	0	0	0	[]	[]	[]	[]
ecoli50_r006267	no_hit				0	0	0	0	0	0	[]	[]	[]	[]
ecoli50_r006268	no_hit				0	0	0	0	0	0	[]	[]	[]	[]
ecoli50_r006269	no_hit				0	0	0	0	0	0	[]	[]	[]	[]
ecoli50_r006270	no_hit				0	0	0	0	0	0	[]	[]	[]	[]
ecoli50_r006271	no_hit				0	0	0	0	0	0	[]	[]	[]	[]
ecoli50_r006272	no_hit				0	0	0	0	0	0	[]	[]	[]	[]
ecoli50_r006273	no_hit				0	0	0	0	0	0	[]	[]	[]	[]
ecoli50_r006274	no_hit				0	0	0	0	0	0	[]	[]	[]	[]
ecoli50_r006275	no_hit				0	0	0	0	0	0	[]	[]	[]	[]
ecoli50_r006276	no_hit				0	0	0	0	0	0	[]	[]	[]	[]
ecoli50_r006277	no_hit				0	0	0	0	0	0	[]	[]	[]	[]
ecoli50_r006278	no_hit				0	0	0	0	0	0	[]	[]	[]	[]
ecoli50_r006279	no_hit				0	0	0	0	0	0	[]	[]	[]	[]
ecoli50_r006280	no_hit				0	0	0	0	0	0	[]	[]	[]	[]
ecoli50_r006281	no_hit				0	0	0	0	0	0	[]	[]	[]	[]
ecoli50_r006282	no_hit				0	0	0	0	0	0	[]	[]	[]	[]
ecoli50_r006283	no_hit				0	0	0	0	0	0	[]	[]	[]	[]
ecoli50_r006284	no_hit				0	0	0	0	0	0	[]	[]	[]	[]
ecoli50_r006285	no_hit				0	0	0	0	0	0	[]	[]	[]	[]
ecoli50_r006286	no_hit				0	0	0	0	0	0	[]	[]	[]	[]
ecoli50_r006287	no_hit				0	0	0	0	0	0	[]	[]	[]	[]
ecoli50_r006288	no_hit				0	0	0	0	0	0	[]	[]	[]	[]
ecoli50_r006289	no_hit				0	0	0	0	0	0	[]	[]	[]	[]
ecoli50_r006290	no_hit				0	0	0	0	0	0	[]	[]	[]	[]
ecoli50_r006291	no_hit				0	0	0	0	0	0	[]	[]	[]	[]
ecoli50_r006292	no_hit				0	0	0	0	0	0	[]	[]	[]	[]
ecoli50_r006293	no_hit				0	0	0	0	0	0	[]	[]	[]	[]
ecoli50_r006294	no_hit				0	0	0	0	0	0	[]	[]	[]	[]
ecoli50_r006295	no_hit				0	0	0	0	0	0	[]	[]	[]	[]
ecoli50_r006296	no_hit				0	0	0	0	0	0	[]	[]	[]	[]
ecoli50_r006297	no_hit				0	0	0	0	0	0	[]	[]	[]	[]
ecoli50_r006298	no_hit				0	0	0	0	0	0	[]	[]	[]	[]
ecoli50_r006299	no_hit				0	0	0	0	0	0	[]	[]	[]	[]
ecoli50_r006300	no_hit				0	0	0	0	0	0	[]	[]	[]	[]
ecoli50_r006301	no_hit				0	0	0	0	0	0	[]	[]	[]	[]
ecoli50_r006302	no_hit				0	0	0	0	0	0	[]	[]	[]	[]
ecoli50_r006303	no_hit				0	0	0	0	0	0	[]	[]	[]	[]
ecoli50_r006304	no_hit				0	0	0	0	0	0	[]	[]	[]	[]
ecoli50_r006305	no_hit				0	0	0	0	0	0	[]	[]	[]	[]
ecoli50_r006306	no_hit				0	0	0	0	0	0	[]	[]	[]	[]
ecoli50_r006307	no_hit				0	0	0	0	0	0	[]	[]	[]	[]
ecoli50_r006308	no_hit				0	0	0	0	0	0	[]	[]	[]	[]
ecoli50_r006309	no_hit				0	0	0	0	0	0	[]	[]	[]	[]
ecoli50_r006310	no_hit				0	0	0	0	0	0	[]	[]	[]	[]
ecoli50_r006311	no_hit				0	0	0	0	0	0	[]	[]	[]	[]
ecoli50_r006312	no_hit				0	0	0	0	0	0	[]	[]	[]	[]
ecoli50_r006313	no_hit				0	0	0	0	0	0	[]	[]	[]	[]
ecoli50_r006314	no_hit				0	0	0	0	0	0	[]	[]	[]	[]
ecoli50_r006315	no_hit				0	0	0	0	0	0	[]	[]	[]	[]
ecoli50_r006316	no_hit				0	0	0	0	0	0	[]	[]	[]	[]
ecoli50_r006317	no_hit				0	0	0	0	0	0	[]	[]	[]	[]
ecoli50_r006318	no_hit				0	0	0	0	0	0	[]	[]	[]	[]
ecoli50_r006319	no_hit				0	0	0	0	0	0	[]	[]	[]	[]
ecoli50_r006320	no_hit				0	0	0	0	0	0	[]	[]	[]	[]
ecoli50_r006321	no_hit				0	0	0	0	0	0	[]	[]	[]	[]
ecoli50_r006322	no_hit				0	0	0	0	0	0	[]	[]	[]	[]
ecoli50_r006323	no_hit				0	0	0	0	0	0	[]	[]	[]	[]
ecoli50_r006324	no_hit				0	0	0	0	0	0	[]	[]	[]	[]
ecoli50_r006325	no_hit				0	0	0	0	0	0	[]	[]	[]	[]
ecoli50_r006326	no_hit				0	0	0	0	0	0	[]	[]	[]	[]
ecoli50_r006327	no_hit				0	0	0	0	0	0	[]	[]	[]	[]
ecoli50_r006328	no_hit				0	0	0	0	0	0	[]	[]	[]	[]
ecoli50_r006329	no_hit				0	0	0	0	0	0	[]	[]	[]	[]
ecoli50_r006330	no_hit				0	0	0	0	0	0	[]	[]	[]	[]
ecoli50_r006331	no_hit				0	0	0	0	0	0	[]	[]	[]	[]
ecoli50_r006332	no_hit				0	0	0	0	0	0	[]	[]	[]	[]
ecoli50_r006333	no_hit				0	0	0	0	0	0	[]	[]	[]	[]
ecoli50_r006334	no_hit				0	0	0	0	0	0	[]	[]	[]	[]
ecoli50_r006335	no_hit				0	0	0	0	0	0	[]	[]	[]	[]
ecoli50_r006336	no_hit				0	0	0	0	0	0	[]	[]	[]	[]
ecoli50_r006337	no_hit				0	0	0	0	0	0	[]	[]	[]	[]
ecoli50_r006338	no_hit				0	0	0	0	0	0	[]	[]	[]	[]
ecoli50_r006339	position_consistent_positive	11	forward	81	1	0	1	0	1	0	"[""59""]"	[]	"[[11,""forward"",81,""59""]]"	[]
ecoli50_r006340	no_hit				0	0	0	0	0	0	[]	[]	[]	[]
ecoli50_r006341	no_hit				0	0	0	0	0	0	[]	[]	[]	[]
ecoli50_r006342	no_hit				0	0	0	0	0	0	[]	[]	[]	[]
ecoli50_r006343	no_hit				0	0	0	0	0	0	[]	[]	[]	[]
ecoli50_r006344	no_hit				0	0	0	0	0	0	[]	[]	[]	[]
ecoli50_r006345	position_consistent_positive	1	forward	81	1	0	1	0	1	0	"[""841""]"	[]	"[[1,""forward"",81,""841""]]"	[]
ecoli50_r006346	no_hit				0	0	0	0	0	0	[]	[]	[]	[]
ecoli50_r006347	no_hit				0	0	0	0	0	0	[]	[]	[]	[]
ecoli50_r006348	no_hit				0	0	0	0	0	0	[]	[]	[]	[]
ecoli50_r006349	no_hit				0	0	0	0	0	0	[]	[]	[]	[]
ecoli50_r006350	no_hit				0	0	0	0	0	0	[]	[]	[]	[]
ecoli50_r006351	no_hit				0	0	0	0	0	0	[]	[]	[]	[]
ecoli50_r006352	no_hit				0	0	0	0	0	0	[]	[]	[]	[]
ecoli50_r006353	no_hit				0	0	0	0	0	0	[]	[]	[]	[]
ecoli50_r006354	no_hit				0	0	0	0	0	0	[]	[]	[]	[]
ecoli50_r006355	position_consistent_positive	11	forward	81	1	0	1	0	1	0	"[""2443""]"	[]	"[[11,""forward"",81,""2443""]]"	[]
ecoli50_r006356	no_hit				0	0	0	0	0	0	[]	[]	[]	[]
ecoli50_r006357	no_hit				0	0	0	0	0	0	[]	[]	[]	[]
ecoli50_r006358	position_consistent_positive	11	forward	81	1	0	1	0	1	0	"[""348""]"	[]	"[[11,""forward"",81,""348""]]"	[]
ecoli50_r006359	no_hit				0	0	0	0	0	0	[]	[]	[]	[]
ecoli50_r006360	no_hit				0	0	0	0	0	0	[]	[]	[]	[]
ecoli50_r006361	no_hit				0	0	0	0	0	0	[]	[]	[]	[]
ecoli50_r006362	no_hit				0	0	0	0	0	0	[]	[]	[]	[]
ecoli50_r006363	no_hit				0	0	0	0	0	0	[]	[]	[]	[]
ecoli50_r006364	no_hit				0	0	0	0	0	0	[]	[]	[]	[]
ecoli50_r006365	no_hit				0	0	0	0	0	0	[]	[]	[]	[]
ecoli50_r006366	no_hit				0	0	0	0	0	0	[]	[]	[]	[]
ecoli50_r006367	no_hit				0	0	0	0	0	0	[]	[]	[]	[]
ecoli50_r006368	no_hit				0	0	0	0	0	0	[]	[]	[]	[]
ecoli50_r006369	no_hit				0	0	0	0	0	0	[]	[]	[]	[]
ecoli50_r006370	no_hit				0	0	0	0	0	0	[]	[]	[]	[]
ecoli50_r006371	no_hit				0	0	0	0	0	0	[]	[]	[]	[]
ecoli50_r006372	no_hit				0	0	0	0	0	0	[]	[]	[]	[]
ecoli50_r006373	no_hit				0	0	0	0	0	0	[]	[]	[]	[]
ecoli50_r006374	no_hit				0	0	0	0	0	0	[]	[]	[]	[]
ecoli50_r006375	no_hit				0	0	0	0	0	0	[]	[]	[]	[]
ecoli50_r006376	position_consistent_positive	10	forward	81	1	0	1	0	1	0	"[""1749""]"	[]	"[[10,""forward"",81,""1749""]]"	[]
ecoli50_r006377	no_hit				0	0	0	0	0	0	[]	[]	[]	[]
ecoli50_r006378	no_hit				0	0	0	0	0	0	[]	[]	[]	[]
ecoli50_r006379	no_hit				0	0	0	0	0	0	[]	[]	[]	[]
ecoli50_r006380	no_hit				0	0	0	0	0	0	[]	[]	[]	[]
ecoli50_r006381	no_hit				0	0	0	0	0	0	[]	[]	[]	[]
ecoli50_r006382	no_hit				0	0	0	0	0	0	[]	[]	[]	[]
ecoli50_r006383	no_hit				0	0	0	0	0	0	[]	[]	[]	[]
ecoli50_r006384	no_hit				0	0	0	0	0	0	[]	[]	[]	[]
ecoli50_r006385	no_hit				0	0	0	0	0	0	[]	[]	[]	[]
ecoli50_r006386	no_hit				0	0	0	0	0	0	[]	[]	[]	[]
ecoli50_r006387	no_hit				0	0	0	0	0	0	[]	[]	[]	[]
ecoli50_r006388	no_hit				0	0	0	0	0	0	[]	[]	[]	[]
ecoli50_r006389	no_hit				0	0	0	0	0	0	[]	[]	[]	[]
ecoli50_r006390	no_hit				0	0	0	0	0	0	[]	[]	[]	[]
ecoli50_r006391	no_hit				0	0	0	0	0	0	[]	[]	[]	[]
ecoli50_r006392	no_hit				0	0	0	0	0	0	[]	[]	[]	[]
ecoli50_r006393	no_hit				0	0	0	0	0	0	[]	[]	[]	[]
ecoli50_r006394	no_hit				0	0	0	0	0	0	[]	[]	[]	[]
ecoli50_r006395	no_hit				0	0	0	0	0	0	[]	[]	[]	[]
ecoli50_r006396	no_hit				0	0	0	0	0	0	[]	[]	[]	[]
ecoli50_r006397	no_hit				0	0	0	0	0	0	[]	[]	[]	[]
ecoli50_r006398	no_hit				0	0	0	0	0	0	[]	[]	[]	[]
ecoli50_r006399	no_hit				0	0	0	0	0	0	[]	[]	[]	[]
ecoli50_r006400	no_hit				0	0	0	0	0	0	[]	[]	[]	[]
ecoli50_r006401	no_hit				0	0	0	0	0	0	[]	[]	[]	[]
ecoli50_r006402	no_hit				0	0	0	0	0	0	[]	[]	[]	[]
ecoli50_r006403	no_hit				0	0	0	0	0	0	[]	[]	[]	[]
ecoli50_r006404	no_hit				0	0	0	0	0	0	[]	[]	[]	[]
ecoli50_r006405	no_hit				0	0	0	0	0	0	[]	[]	[]	[]
ecoli50_r006406	no_hit				0	0	0	0	0	0	[]	[]	[]	[]
ecoli50_r006407	no_hit				0	0	0	0	0	0	[]	[]	[]	[]
ecoli50_r006408	no_hit				0	0	0	0	0	0	[]	[]	[]	[]
ecoli50_r006409	no_hit				0	0	0	0	0	0	[]	[]	[]	[]
ecoli50_r006410	no_hit				0	0	0	0	0	0	[]	[]	[]	[]
ecoli50_r006411	no_hit				0	0	0	0	0	0	[]	[]	[]	[]
ecoli50_r006412	no_hit				0	0	0	0	0	0	[]	[]	[]	[]
ecoli50_r006413	no_hit				0	0	0	0	0	0	[]	[]	[]	[]
ecoli50_r006414	no_hit				0	0	0	0	0	0	[]	[]	[]	[]
ecoli50_r006415	no_hit				0	0	0	0	0	0	[]	[]	[]	[]
ecoli50_r006416	no_hit				0	0	0	0	0	0	[]	[]	[]	[]
ecoli50_r006417	no_hit				0	0	0	0	0	0	[]	[]	[]	[]
ecoli50_r006418	no_hit				0	0	0	0	0	0	[]	[]	[]	[]
ecoli50_r006419	no_hit				0	0	0	0	0	0	[]	[]	[]	[]
ecoli50_r006420	no_hit				0	0	0	0	0	0	[]	[]	[]	[]
ecoli50_r006421	no_hit				0	0	0	0	0	0	[]	[]	[]	[]
ecoli50_r006422	no_hit				0	0	0	0	0	0	[]	[]	[]	[]
ecoli50_r006423	no_hit				0	0	0	0	0	0	[]	[]	[]	[]
ecoli50_r006424	no_hit				0	0	0	0	0	0	[]	[]	[]	[]
ecoli50_r006425	no_hit				0	0	0	0	0	0	[]	[]	[]	[]
ecoli50_r006426	no_hit				0	0	0	0	0	0	[]	[]	[]	[]
ecoli50_r006427	no_hit				0	0	0	0	0	0	[]	[]	[]	[]
ecoli50_r006428	no_hit				0	0	0	0	0	0	[]	[]	[]	[]
ecoli50_r006429	no_hit				0	0	0	0	0	0	[]	[]	[]	[]
ecoli50_r006430	no_hit				0	0	0	0	0	0	[]	[]	[]	[]
ecoli50_r006431	no_hit				0	0	0	0	0	0	[]	[]	[]	[]
ecoli50_r006432	no_hit				0	0	0	0	0	0	[]	[]	[]	[]
ecoli50_r006433	no_hit				0	0	0	0	0	0	[]	[]	[]	[]
ecoli50_r006434	no_hit				0	0	0	0	0	0	[]	[]	[]	[]
ecoli50_r006435	no_hit				0	0	0	0	0	0	[]	[]	[]	[]
ecoli50_r006436	position_consistent_positive	10	forward	81	1	0	1	0	1	0	"[""2403""]"	[]	"[[10,""forward"",81,""2403""]]"	[]
ecoli50_r006437	position_consistent_positive	28	forward	81	1	0	1	0	1	0	"[""360""]"	[]	"[[28,""forward"",81,""360""]]"	[]
ecoli50_r006438	no_hit				0	0	0	0	0	0	[]	[]	[]	[]
ecoli50_r006439	no_hit				0	0	0	0	0	0	[]	[]	[]	[]
ecoli50_r006440	no_hit				0	0	0	0	0	0	[]	[]	[]	[]
ecoli50_r006441	no_hit				0	0	0	0	0	0	[]	[]	[]	[]
ecoli50_r006442	no_hit				0	0	0	0	0	0	[]	[]	[]	[]
ecoli50_r006443	no_hit				0	0	0	0	0	0	[]	[]	[]	[]
ecoli50_r006444	no_hit				0	0	0	0	0	0	[]	[]	[]	[]
ecoli50_r006445	no_hit				0	0	0	0	0	0	[]	[]	[]	[]
ecoli50_r006446	no_hit				0	0	0	0	0	0	[]	[]	[]	[]
ecoli50_r006447	no_hit				0	0	0	0	0	0	[]	[]	[]	[]
ecoli50_r006448	no_hit				0	0	0	0	0	0	[]	[]	[]	[]
ecoli50_r006449	no_hit				0	0	0	0	0	0	[]	[]	[]	[]
ecoli50_r006450	no_hit				0	0	0	0	0	0	[]	[]	[]	[]
ecoli50_r006451	no_hit				0	0	0	0	0	0	[]	[]	[]	[]
ecoli50_r006452	no_hit				0	0	0	0	0	0	[]	[]	[]	[]
ecoli50_r006453	no_hit				0	0	0	0	0	0	[]	[]	[]	[]
ecoli50_r006454	no_hit				0	0	0	0	0	0	[]	[]	[]	[]
ecoli50_r006455	no_hit				0	0	0	0	0	0	[]	[]	[]	[]
ecoli50_r006456	no_hit				0	0	0	0	0	0	[]	[]	[]	[]
ecoli50_r006457	no_hit				0	0	0	0	0	0	[]	[]	[]	[]
ecoli50_r006458	no_hit				0	0	0	0	0	0	[]	[]	[]	[]
ecoli50_r006459	no_hit				0	0	0	0	0	0	[]	[]	[]	[]
ecoli50_r006460	no_hit				0	0	0	0	0	0	[]	[]	[]	[]
ecoli50_r006461	no_hit				0	0	0	0	0	0	[]	[]	[]	[]
ecoli50_r006462	no_hit				0	0	0	0	0	0	[]	[]	[]	[]
ecoli50_r006463	no_hit				0	0	0	0	0	0	[]	[]	[]	[]
ecoli50_r006464	no_hit				0	0	0	0	0	0	[]	[]	[]	[]
ecoli50_r006465	no_hit				0	0	0	0	0	0	[]	[]	[]	[]
ecoli50_r006466	position_consistent_positive	10	forward	81	1	0	1	0	1	0	"[""2573""]"	[]	"[[10,""forward"",81,""2573""]]"	[]
ecoli50_r006467	no_hit				0	0	0	0	0	0	[]	[]	[]	[]
ecoli50_r006468	no_hit				0	0	0	0	0	0	[]	[]	[]	[]
ecoli50_r006469	no_hit				0	0	0	0	0	0	[]	[]	[]	[]
ecoli50_r006470	no_hit				0	0	0	0	0	0	[]	[]	[]	[]
ecoli50_r006471	no_hit				0	0	0	0	0	0	[]	[]	[]	[]
ecoli50_r006472	no_hit				0	0	0	0	0	0	[]	[]	[]	[]
ecoli50_r006473	no_hit				0	0	0	0	0	0	[]	[]	[]	[]
ecoli50_r006474	no_hit				0	0	0	0	0	0	[]	[]	[]	[]
ecoli50_r006475	no_hit				0	0	0	0	0	0	[]	[]	[]	[]
ecoli50_r006476	no_hit				0	0	0	0	0	0	[]	[]	[]	[]
ecoli50_r006477	no_hit				0	0	0	0	0	0	[]	[]	[]	[]
ecoli50_r006478	no_hit				0	0	0	0	0	0	[]	[]	[]	[]
ecoli50_r006479	no_hit				0	0	0	0	0	0	[]	[]	[]	[]
ecoli50_r006480	no_hit				0	0	0	0	0	0	[]	[]	[]	[]
ecoli50_r006481	no_hit				0	0	0	0	0	0	[]	[]	[]	[]
ecoli50_r006482	no_hit				0	0	0	0	0	0	[]	[]	[]	[]
ecoli50_r006483	no_hit				0	0	0	0	0	0	[]	[]	[]	[]
ecoli50_r006484	no_hit				0	0	0	0	0	0	[]	[]	[]	[]
ecoli50_r006485	no_hit				0	0	0	0	0	0	[]	[]	[]	[]
ecoli50_r006486	no_hit				0	0	0	0	0	0	[]	[]	[]	[]
ecoli50_r006487	no_hit				0	0	0	0	0	0	[]	[]	[]	[]
ecoli50_r006488	no_hit				0	0	0	0	0	0	[]	[]	[]	[]
ecoli50_r006489	no_hit				0	0	0	0	0	0	[]	[]	[]	[]
ecoli50_r006490	no_hit				0	0	0	0	0	0	[]	[]	[]	[]
ecoli50_r006491	no_hit				0	0	0	0	0	0	[]	[]	[]	[]
ecoli50_r006492	no_hit				0	0	0	0	0	0	[]	[]	[]	[]
ecoli50_r006493	no_hit				0	0	0	0	0	0	[]	[]	[]	[]
ecoli50_r006494	no_hit				0	0	0	0	0	0	[]	[]	[]	[]
ecoli50_r006495	position_consistent_positive	22	forward	81	1	0	1	0	1	0	"[""2503""]"	[]	"[[22,""forward"",81,""2503""]]"	[]
ecoli50_r006496	no_hit				0	0	0	0	0	0	[]	[]	[]	[]
ecoli50_r006497	no_hit				0	0	0	0	0	0	[]	[]	[]	[]
ecoli50_r006498	no_hit				0	0	0	0	0	0	[]	[]	[]	[]
ecoli50_r006499	no_hit				0	0	0	0	0	0	[]	[]	[]	[]
ecoli50_r006500	no_hit				0	0	0	0	0	0	[]	[]	[]	[]
ecoli50_r006501	no_hit				0	0	0	0	0	0	[]	[]	[]	[]
ecoli50_r006502	no_hit				0	0	0	0	0	0	[]	[]	[]	[]
ecoli50_r006503	no_hit				0	0	0	0	0	0	[]	[]	[]	[]
ecoli50_r006504	no_hit				0	0	0	0	0	0	[]	[]	[]	[]
ecoli50_r006505	no_hit				0	0	0	0	0	0	[]	[]	[]	[]
ecoli50_r006506	no_hit				0	0	0	0	0	0	[]	[]	[]	[]
ecoli50_r006507	no_hit				0	0	0	0	0	0	[]	[]	[]	[]
ecoli50_r006508	no_hit				0	0	0	0	0	0	[]	[]	[]	[]
ecoli50_r006509	no_hit				0	0	0	0	0	0	[]	[]	[]	[]
ecoli50_r006510	no_hit				0	0	0	0	0	0	[]	[]	[]	[]
ecoli50_r006511	no_hit				0	0	0	0	0	0	[]	[]	[]	[]
ecoli50_r006512	no_hit				0	0	0	0	0	0	[]	[]	[]	[]
ecoli50_r006513	no_hit				0	0	0	0	0	0	[]	[]	[]	[]
ecoli50_r006514	no_hit				0	0	0	0	0	0	[]	[]	[]	[]
ecoli50_r006515	no_hit				0	0	0	0	0	0	[]	[]	[]	[]
ecoli50_r006516	no_hit				0	0	0	0	0	0	[]	[]	[]	[]
ecoli50_r006517	no_hit				0	0	0	0	0	0	[]	[]	[]	[]
ecoli50_r006518	no_hit				0	0	0	0	0	0	[]	[]	[]	[]
ecoli50_r006519	no_hit				0	0	0	0	0	0	[]	[]	[]	[]
ecoli50_r006520	no_hit				0	0	0	0	0	0	[]	[]	[]	[]
ecoli50_r006521	no_hit				0	0	0	0	0	0	[]	[]	[]	[]
ecoli50_r006522	no_hit				0	0	0	0	0	0	[]	[]	[]	[]
ecoli50_r006523	no_hit				0	0	0	0	0	0	[]	[]	[]	[]
ecoli50_r006524	no_hit				0	0	0	0	0	0	[]	[]	[]	[]
ecoli50_r006525	no_hit				0	0	0	0	0	0	[]	[]	[]	[]
ecoli50_r006526	no_hit				0	0	0	0	0	0	[]	[]	[]	[]
ecoli50_r006527	no_hit				0	0	0	0	0	0	[]	[]	[]	[]
ecoli50_r006528	no_hit				0	0	0	0	0	0	[]	[]	[]	[]
ecoli50_r006529	no_hit				0	0	0	0	0	0	[]	[]	[]	[]
ecoli50_r006530	no_hit				0	0	0	0	0	0	[]	[]	[]	[]
ecoli50_r006531	no_hit				0	0	0	0	0	0	[]	[]	[]	[]
ecoli50_r006532	no_hit				0	0	0	0	0	0	[]	[]	[]	[]
ecoli50_r006533	no_hit				0	0	0	0	0	0	[]	[]	[]	[]
ecoli50_r006534	no_hit				0	0	0	0	0	0	[]	[]	[]	[]
ecoli50_r006535	no_hit				0	0	0	0	0	0	[]	[]	[]	[]
ecoli50_r006536	no_hit				0	0	0	0	0	0	[]	[]	[]	[]
ecoli50_r006537	no_hit				0	0	0	0	0	0	[]	[]	[]	[]
ecoli50_r006538	no_hit				0	0	0	0	0	0	[]	[]	[]	[]
ecoli50_r006539	no_hit				0	0	0	0	0	0	[]	[]	[]	[]
ecoli50_r006540	no_hit				0	0	0	0	0	0	[]	[]	[]	[]
ecoli50_r006541	no_hit				0	0	0	0	0	0	[]	[]	[]	[]
ecoli50_r006542	no_hit				0	0	0	0	0	0	[]	[]	[]	[]
ecoli50_r006543	no_hit				0	0	0	0	0	0	[]	[]	[]	[]
ecoli50_r006544	no_hit				0	0	0	0	0	0	[]	[]	[]	[]
ecoli50_r006545	no_hit				0	0	0	0	0	0	[]	[]	[]	[]
ecoli50_r006546	no_hit				0	0	0	0	0	0	[]	[]	[]	[]
ecoli50_r006547	no_hit				0	0	0	0	0	0	[]	[]	[]	[]
ecoli50_r006548	no_hit				0	0	0	0	0	0	[]	[]	[]	[]
ecoli50_r006549	no_hit				0	0	0	0	0	0	[]	[]	[]	[]
ecoli50_r006550	no_hit				0	0	0	0	0	0	[]	[]	[]	[]
ecoli50_r006551	no_hit				0	0	0	0	0	0	[]	[]	[]	[]
ecoli50_r006552	no_hit				0	0	0	0	0	0	[]	[]	[]	[]
ecoli50_r006553	position_consistent_positive	11	forward	81	1	0	1	0	1	0	"[""2865""]"	[]	"[[11,""forward"",81,""2865""]]"	[]
ecoli50_r006554	no_hit				0	0	0	0	0	0	[]	[]	[]	[]
ecoli50_r006555	no_hit				0	0	0	0	0	0	[]	[]	[]	[]
ecoli50_r006556	no_hit				0	0	0	0	0	0	[]	[]	[]	[]
ecoli50_r006557	no_hit				0	0	0	0	0	0	[]	[]	[]	[]
ecoli50_r006558	no_hit				0	0	0	0	0	0	[]	[]	[]	[]
ecoli50_r006559	no_hit				0	0	0	0	0	0	[]	[]	[]	[]
ecoli50_r006560	no_hit				0	0	0	0	0	0	[]	[]	[]	[]
ecoli50_r006561	no_hit				0	0	0	0	0	0	[]	[]	[]	[]
ecoli50_r006562	no_hit				0	0	0	0	0	0	[]	[]	[]	[]
ecoli50_r006563	no_hit				0	0	0	0	0	0	[]	[]	[]	[]
ecoli50_r006564	no_hit				0	0	0	0	0	0	[]	[]	[]	[]
ecoli50_r006565	no_hit				0	0	0	0	0	0	[]	[]	[]	[]
ecoli50_r006566	no_hit				0	0	0	0	0	0	[]	[]	[]	[]
ecoli50_r006567	no_hit				0	0	0	0	0	0	[]	[]	[]	[]
ecoli50_r006568	no_hit				0	0	0	0	0	0	[]	[]	[]	[]
ecoli50_r006569	no_hit				0	0	0	0	0	0	[]	[]	[]	[]
ecoli50_r006570	no_hit				0	0	0	0	0	0	[]	[]	[]	[]
ecoli50_r006571	no_hit				0	0	0	0	0	0	[]	[]	[]	[]
ecoli50_r006572	no_hit				0	0	0	0	0	0	[]	[]	[]	[]
ecoli50_r006573	no_hit				0	0	0	0	0	0	[]	[]	[]	[]
ecoli50_r006574	position_consistent_positive	7	forward	81	1	0	1	0	1	0	"[""14""]"	[]	"[[7,""forward"",81,""14""]]"	[]
ecoli50_r006575	no_hit				0	0	0	0	0	0	[]	[]	[]	[]
ecoli50_r006576	no_hit				0	0	0	0	0	0	[]	[]	[]	[]
ecoli50_r006577	no_hit				0	0	0	0	0	0	[]	[]	[]	[]
ecoli50_r006578	no_hit				0	0	0	0	0	0	[]	[]	[]	[]
ecoli50_r006579	no_hit				0	0	0	0	0	0	[]	[]	[]	[]
ecoli50_r006580	no_hit				0	0	0	0	0	0	[]	[]	[]	[]
ecoli50_r006581	no_hit				0	0	0	0	0	0	[]	[]	[]	[]
ecoli50_r006582	no_hit				0	0	0	0	0	0	[]	[]	[]	[]
ecoli50_r006583	no_hit				0	0	0	0	0	0	[]	[]	[]	[]
ecoli50_r006584	no_hit				0	0	0	0	0	0	[]	[]	[]	[]
ecoli50_r006585	no_hit				0	0	0	0	0	0	[]	[]	[]	[]
ecoli50_r006586	no_hit				0	0	0	0	0	0	[]	[]	[]	[]
ecoli50_r006587	no_hit				0	0	0	0	0	0	[]	[]	[]	[]
ecoli50_r006588	no_hit				0	0	0	0	0	0	[]	[]	[]	[]
ecoli50_r006589	no_hit				0	0	0	0	0	0	[]	[]	[]	[]
ecoli50_r006590	no_hit				0	0	0	0	0	0	[]	[]	[]	[]
ecoli50_r006591	no_hit				0	0	0	0	0	0	[]	[]	[]	[]
ecoli50_r006592	no_hit				0	0	0	0	0	0	[]	[]	[]	[]
ecoli50_r006593	no_hit				0	0	0	0	0	0	[]	[]	[]	[]
ecoli50_r006594	no_hit				0	0	0	0	0	0	[]	[]	[]	[]
ecoli50_r006595	no_hit				0	0	0	0	0	0	[]	[]	[]	[]
ecoli50_r006596	no_hit				0	0	0	0	0	0	[]	[]	[]	[]
ecoli50_r006597	no_hit				0	0	0	0	0	0	[]	[]	[]	[]
ecoli50_r006598	no_hit				0	0	0	0	0	0	[]	[]	[]	[]
ecoli50_r006599	no_hit				0	0	0	0	0	0	[]	[]	[]	[]
ecoli50_r006600	no_hit				0	0	0	0	0	0	[]	[]	[]	[]
ecoli50_r006601	no_hit				0	0	0	0	0	0	[]	[]	[]	[]
ecoli50_r006602	no_hit				0	0	0	0	0	0	[]	[]	[]	[]
ecoli50_r006603	no_hit				0	0	0	0	0	0	[]	[]	[]	[]
ecoli50_r006604	no_hit				0	0	0	0	0	0	[]	[]	[]	[]
ecoli50_r006605	no_hit				0	0	0	0	0	0	[]	[]	[]	[]
ecoli50_r006606	no_hit				0	0	0	0	0	0	[]	[]	[]	[]
ecoli50_r006607	no_hit				0	0	0	0	0	0	[]	[]	[]	[]
ecoli50_r006608	no_hit				0	0	0	0	0	0	[]	[]	[]	[]
ecoli50_r006609	no_hit				0	0	0	0	0	0	[]	[]	[]	[]
ecoli50_r006610	no_hit				0	0	0	0	0	0	[]	[]	[]	[]
ecoli50_r006611	no_hit				0	0	0	0	0	0	[]	[]	[]	[]
ecoli50_r006612	no_hit				0	0	0	0	0	0	[]	[]	[]	[]
ecoli50_r006613	no_hit				0	0	0	0	0	0	[]	[]	[]	[]
ecoli50_r006614	no_hit				0	0	0	0	0	0	[]	[]	[]	[]
ecoli50_r006615	no_hit				0	0	0	0	0	0	[]	[]	[]	[]
ecoli50_r006616	no_hit				0	0	0	0	0	0	[]	[]	[]	[]
ecoli50_r006617	no_hit				0	0	0	0	0	0	[]	[]	[]	[]
ecoli50_r006618	negative_only				0	1	0	1	0	1	[]	"[""2339""]"	[]	"[[1,""reverse"",81,""2339""]]"
ecoli50_r006619	no_hit				0	0	0	0	0	0	[]	[]	[]	[]
ecoli50_r006620	no_hit				0	0	0	0	0	0	[]	[]	[]	[]
ecoli50_r006621	no_hit				0	0	0	0	0	0	[]	[]	[]	[]
ecoli50_r006622	no_hit				0	0	0	0	0	0	[]	[]	[]	[]
ecoli50_r006623	no_hit				0	0	0	0	0	0	[]	[]	[]	[]
ecoli50_r006624	no_hit				0	0	0	0	0	0	[]	[]	[]	[]
ecoli50_r006625	no_hit				0	0	0	0	0	0	[]	[]	[]	[]
ecoli50_r006626	no_hit				0	0	0	0	0	0	[]	[]	[]	[]
ecoli50_r006627	no_hit				0	0	0	0	0	0	[]	[]	[]	[]
ecoli50_r006628	no_hit				0	0	0	0	0	0	[]	[]	[]	[]
ecoli50_r006629	no_hit				0	0	0	0	0	0	[]	[]	[]	[]
ecoli50_r006630	no_hit				0	0	0	0	0	0	[]	[]	[]	[]
ecoli50_r006631	no_hit				0	0	0	0	0	0	[]	[]	[]	[]
ecoli50_r006632	no_hit				0	0	0	0	0	0	[]	[]	[]	[]
ecoli50_r006633	no_hit				0	0	0	0	0	0	[]	[]	[]	[]
ecoli50_r006634	no_hit				0	0	0	0	0	0	[]	[]	[]	[]
ecoli50_r006635	no_hit				0	0	0	0	0	0	[]	[]	[]	[]
ecoli50_r006636	no_hit				0	0	0	0	0	0	[]	[]	[]	[]
ecoli50_r006637	no_hit				0	0	0	0	0	0	[]	[]	[]	[]
ecoli50_r006638	no_hit				0	0	0	0	0	0	[]	[]	[]	[]
ecoli50_r006639	no_hit				0	0	0	0	0	0	[]	[]	[]	[]
ecoli50_r006640	no_hit				0	0	0	0	0	0	[]	[]	[]	[]
ecoli50_r006641	no_hit				0	0	0	0	0	0	[]	[]	[]	[]
ecoli50_r006642	position_consistent_positive	7	reverse	81	1	0	1	0	1	0	"[""964""]"	[]	"[[7,""reverse"",81,""964""]]"	[]
ecoli50_r006643	no_hit				0	0	0	0	0	0	[]	[]	[]	[]
ecoli50_r006644	no_hit				0	0	0	0	0	0	[]	[]	[]	[]
ecoli50_r006645	no_hit				0	0	0	0	0	0	[]	[]	[]	[]
ecoli50_r006646	no_hit				0	0	0	0	0	0	[]	[]	[]	[]
ecoli50_r006647	no_hit				0	0	0	0	0	0	[]	[]	[]	[]
ecoli50_r006648	no_hit				0	0	0	0	0	0	[]	[]	[]	[]
ecoli50_r006649	no_hit				0	0	0	0	0	0	[]	[]	[]	[]
ecoli50_r006650	no_hit				0	0	0	0	0	0	[]	[]	[]	[]
ecoli50_r006651	no_hit				0	0	0	0	0	0	[]	[]	[]	[]
ecoli50_r006652	no_hit				0	0	0	0	0	0	[]	[]	[]	[]
ecoli50_r006653	no_hit				0	0	0	0	0	0	[]	[]	[]	[]
ecoli50_r006654	no_hit				0	0	0	0	0	0	[]	[]	[]	[]
ecoli50_r006655	no_hit				0	0	0	0	0	0	[]	[]	[]	[]
ecoli50_r006656	no_hit				0	0	0	0	0	0	[]	[]	[]	[]
ecoli50_r006657	no_hit				0	0	0	0	0	0	[]	[]	[]	[]
ecoli50_r006658	no_hit				0	0	0	0	0	0	[]	[]	[]	[]
ecoli50_r006659	no_hit				0	0	0	0	0	0	[]	[]	[]	[]
ecoli50_r006660	no_hit				0	0	0	0	0	0	[]	[]	[]	[]
ecoli50_r006661	position_consistent_positive	4	forward	81	1	0	1	0	1	0	"[""2333""]"	[]	"[[4,""forward"",81,""2333""]]"	[]
ecoli50_r006662	no_hit				0	0	0	0	0	0	[]	[]	[]	[]
ecoli50_r006663	no_hit				0	0	0	0	0	0	[]	[]	[]	[]
ecoli50_r006664	no_hit				0	0	0	0	0	0	[]	[]	[]	[]
ecoli50_r006665	no_hit				0	0	0	0	0	0	[]	[]	[]	[]
ecoli50_r006666	no_hit				0	0	0	0	0	0	[]	[]	[]	[]
ecoli50_r006667	no_hit				0	0	0	0	0	0	[]	[]	[]	[]
ecoli50_r006668	no_hit				0	0	0	0	0	0	[]	[]	[]	[]
ecoli50_r006669	no_hit				0	0	0	0	0	0	[]	[]	[]	[]
ecoli50_r006670	no_hit				0	0	0	0	0	0	[]	[]	[]	[]
ecoli50_r006671	no_hit				0	0	0	0	0	0	[]	[]	[]	[]
ecoli50_r006672	no_hit				0	0	0	0	0	0	[]	[]	[]	[]
ecoli50_r006673	no_hit				0	0	0	0	0	0	[]	[]	[]	[]
ecoli50_r006674	no_hit				0	0	0	0	0	0	[]	[]	[]	[]
ecoli50_r006675	no_hit				0	0	0	0	0	0	[]	[]	[]	[]
ecoli50_r006676	no_hit				0	0	0	0	0	0	[]	[]	[]	[]
ecoli50_r006677	no_hit				0	0	0	0	0	0	[]	[]	[]	[]
ecoli50_r006678	no_hit				0	0	0	0	0	0	[]	[]	[]	[]
ecoli50_r006679	no_hit				0	0	0	0	0	0	[]	[]	[]	[]
ecoli50_r006680	no_hit				0	0	0	0	0	0	[]	[]	[]	[]
ecoli50_r006681	no_hit				0	0	0	0	0	0	[]	[]	[]	[]
ecoli50_r006682	no_hit				0	0	0	0	0	0	[]	[]	[]	[]
ecoli50_r006683	no_hit				0	0	0	0	0	0	[]	[]	[]	[]
ecoli50_r006684	no_hit				0	0	0	0	0	0	[]	[]	[]	[]
ecoli50_r006685	no_hit				0	0	0	0	0	0	[]	[]	[]	[]
ecoli50_r006686	no_hit				0	0	0	0	0	0	[]	[]	[]	[]
ecoli50_r006687	position_consistent_positive	1	forward	81	1	0	1	0	1	0	"[""469""]"	[]	"[[1,""forward"",81,""469""]]"	[]
ecoli50_r006688	no_hit				0	0	0	0	0	0	[]	[]	[]	[]
ecoli50_r006689	no_hit				0	0	0	0	0	0	[]	[]	[]	[]
ecoli50_r006690	no_hit				0	0	0	0	0	0	[]	[]	[]	[]
ecoli50_r006691	no_hit				0	0	0	0	0	0	[]	[]	[]	[]
ecoli50_r006692	no_hit				0	0	0	0	0	0	[]	[]	[]	[]
ecoli50_r006693	no_hit				0	0	0	0	0	0	[]	[]	[]	[]
ecoli50_r006694	no_hit				0	0	0	0	0	0	[]	[]	[]	[]
ecoli50_r006695	no_hit				0	0	0	0	0	0	[]	[]	[]	[]
ecoli50_r006696	no_hit				0	0	0	0	0	0	[]	[]	[]	[]
ecoli50_r006697	no_hit				0	0	0	0	0	0	[]	[]	[]	[]
ecoli50_r006698	no_hit				0	0	0	0	0	0	[]	[]	[]	[]
ecoli50_r006699	no_hit				0	0	0	0	0	0	[]	[]	[]	[]
ecoli50_r006700	position_consistent_positive	10	forward	81	1	0	1	0	1	0	"[""1651""]"	[]	"[[10,""forward"",81,""1651""]]"	[]
ecoli50_r006701	no_hit				0	0	0	0	0	0	[]	[]	[]	[]
ecoli50_r006702	no_hit				0	0	0	0	0	0	[]	[]	[]	[]
ecoli50_r006703	no_hit				0	0	0	0	0	0	[]	[]	[]	[]
ecoli50_r006704	no_hit				0	0	0	0	0	0	[]	[]	[]	[]
ecoli50_r006705	no_hit				0	0	0	0	0	0	[]	[]	[]	[]
ecoli50_r006706	no_hit				0	0	0	0	0	0	[]	[]	[]	[]
ecoli50_r006707	no_hit				0	0	0	0	0	0	[]	[]	[]	[]
ecoli50_r006708	no_hit				0	0	0	0	0	0	[]	[]	[]	[]
ecoli50_r006709	no_hit				0	0	0	0	0	0	[]	[]	[]	[]
ecoli50_r006710	no_hit				0	0	0	0	0	0	[]	[]	[]	[]
ecoli50_r006711	no_hit				0	0	0	0	0	0	[]	[]	[]	[]
ecoli50_r006712	no_hit				0	0	0	0	0	0	[]	[]	[]	[]
ecoli50_r006713	no_hit				0	0	0	0	0	0	[]	[]	[]	[]
ecoli50_r006714	no_hit				0	0	0	0	0	0	[]	[]	[]	[]
ecoli50_r006715	no_hit				0	0	0	0	0	0	[]	[]	[]	[]
ecoli50_r006716	no_hit				0	0	0	0	0	0	[]	[]	[]	[]
ecoli50_r006717	no_hit				0	0	0	0	0	0	[]	[]	[]	[]
ecoli50_r006718	position_consistent_positive	10	forward	81	1	0	1	0	1	0	"[""2238""]"	[]	"[[10,""forward"",81,""2238""]]"	[]
ecoli50_r006719	position_consistent_positive	10	forward	81	1	0	1	0	1	0	"[""2171""]"	[]	"[[10,""forward"",81,""2171""]]"	[]
ecoli50_r006720	no_hit				0	0	0	0	0	0	[]	[]	[]	[]
ecoli50_r006721	no_hit				0	0	0	0	0	0	[]	[]	[]	[]
ecoli50_r006722	no_hit				0	0	0	0	0	0	[]	[]	[]	[]
ecoli50_r006723	position_consistent_positive	11	forward	81	1	0	1	0	1	0	"[""1793""]"	[]	"[[11,""forward"",81,""1793""]]"	[]
ecoli50_r006724	no_hit				0	0	0	0	0	0	[]	[]	[]	[]
ecoli50_r006725	no_hit				0	0	0	0	0	0	[]	[]	[]	[]
ecoli50_r006726	no_hit				0	0	0	0	0	0	[]	[]	[]	[]
ecoli50_r006727	position_consistent_positive	11	forward	81	1	0	1	0	1	0	"[""223""]"	[]	"[[11,""forward"",81,""223""]]"	[]
ecoli50_r006728	no_hit				0	0	0	0	0	0	[]	[]	[]	[]
ecoli50_r006729	no_hit				0	0	0	0	0	0	[]	[]	[]	[]
ecoli50_r006730	position_consistent_positive	10	forward	81	1	0	1	0	1	0	"[""947""]"	[]	"[[10,""forward"",81,""947""]]"	[]
ecoli50_r006731	no_hit				0	0	0	0	0	0	[]	[]	[]	[]
ecoli50_r006732	position_consistent_positive	12	forward	81	1	0	1	0	1	0	"[""746""]"	[]	"[[12,""forward"",81,""746""]]"	[]
ecoli50_r006733	position_consistent_positive	24	forward	81	1	0	1	0	1	0	"[""746""]"	[]	"[[24,""forward"",81,""746""]]"	[]
ecoli50_r006734	no_hit				0	0	0	0	0	0	[]	[]	[]	[]
ecoli50_r006735	no_hit				0	0	0	0	0	0	[]	[]	[]	[]
ecoli50_r006736	no_hit				0	0	0	0	0	0	[]	[]	[]	[]
ecoli50_r006737	no_hit				0	0	0	0	0	0	[]	[]	[]	[]
ecoli50_r006738	position_consistent_positive	11	forward	81	1	0	1	0	1	0	"[""1896""]"	[]	"[[11,""forward"",81,""1896""]]"	[]
ecoli50_r006739	position_consistent_positive	0	reverse	81	1	0	1	0	1	0	"[""2191""]"	[]	"[[0,""reverse"",81,""2191""]]"	[]
ecoli50_r006740	no_hit				0	0	0	0	0	0	[]	[]	[]	[]
ecoli50_r006741	no_hit				0	0	0	0	0	0	[]	[]	[]	[]
ecoli50_r006742	no_hit				0	0	0	0	0	0	[]	[]	[]	[]
ecoli50_r006743	no_hit				0	0	0	0	0	0	[]	[]	[]	[]
ecoli50_r006744	no_hit				0	0	0	0	0	0	[]	[]	[]	[]
ecoli50_r006745	no_hit				0	0	0	0	0	0	[]	[]	[]	[]
ecoli50_r006746	no_hit				0	0	0	0	0	0	[]	[]	[]	[]
ecoli50_r006747	no_hit				0	0	0	0	0	0	[]	[]	[]	[]
ecoli50_r006748	no_hit				0	0	0	0	0	0	[]	[]	[]	[]
ecoli50_r006749	no_hit				0	0	0	0	0	0	[]	[]	[]	[]
ecoli50_r006750	no_hit				0	0	0	0	0	0	[]	[]	[]	[]
ecoli50_r006751	no_hit				0	0	0	0	0	0	[]	[]	[]	[]
ecoli50_r006752	no_hit				0	0	0	0	0	0	[]	[]	[]	[]
ecoli50_r006753	no_hit				0	0	0	0	0	0	[]	[]	[]	[]
ecoli50_r006754	position_consistent_positive	26	forward	81	1	0	1	0	1	0	"[""3186""]"	[]	"[[26,""forward"",81,""3186""]]"	[]
ecoli50_r006755	no_hit				0	0	0	0	0	0	[]	[]	[]	[]
ecoli50_r006756	no_hit				0	0	0	0	0	0	[]	[]	[]	[]
ecoli50_r006757	no_hit				0	0	0	0	0	0	[]	[]	[]	[]
ecoli50_r006758	no_hit				0	0	0	0	0	0	[]	[]	[]	[]
ecoli50_r006759	negative_only				0	1	0	1	0	1	[]	"[""1526""]"	[]	"[[4,""reverse"",81,""1526""]]"
ecoli50_r006760	no_hit				0	0	0	0	0	0	[]	[]	[]	[]
ecoli50_r006761	no_hit				0	0	0	0	0	0	[]	[]	[]	[]
ecoli50_r006762	no_hit				0	0	0	0	0	0	[]	[]	[]	[]
ecoli50_r006763	no_hit				0	0	0	0	0	0	[]	[]	[]	[]
ecoli50_r006764	no_hit				0	0	0	0	0	0	[]	[]	[]	[]
ecoli50_r006765	no_hit				0	0	0	0	0	0	[]	[]	[]	[]
ecoli50_r006766	no_hit				0	0	0	0	0	0	[]	[]	[]	[]
ecoli50_r006767	no_hit				0	0	0	0	0	0	[]	[]	[]	[]
ecoli50_r006768	no_hit				0	0	0	0	0	0	[]	[]	[]	[]
ecoli50_r006769	negative_only				0	1	0	1	0	1	[]	"[""361""]"	[]	"[[18,""forward"",81,""361""]]"
ecoli50_r006770	no_hit				0	0	0	0	0	0	[]	[]	[]	[]
ecoli50_r006771	no_hit				0	0	0	0	0	0	[]	[]	[]	[]
ecoli50_r006772	no_hit				0	0	0	0	0	0	[]	[]	[]	[]
ecoli50_r006773	no_hit				0	0	0	0	0	0	[]	[]	[]	[]
ecoli50_r006774	no_hit				0	0	0	0	0	0	[]	[]	[]	[]
ecoli50_r006775	no_hit				0	0	0	0	0	0	[]	[]	[]	[]
ecoli50_r006776	no_hit				0	0	0	0	0	0	[]	[]	[]	[]
ecoli50_r006777	no_hit				0	0	0	0	0	0	[]	[]	[]	[]
ecoli50_r006778	no_hit				0	0	0	0	0	0	[]	[]	[]	[]
ecoli50_r006779	no_hit				0	0	0	0	0	0	[]	[]	[]	[]
ecoli50_r006780	no_hit				0	0	0	0	0	0	[]	[]	[]	[]
ecoli50_r006781	no_hit				0	0	0	0	0	0	[]	[]	[]	[]
ecoli50_r006782	no_hit				0	0	0	0	0	0	[]	[]	[]	[]
ecoli50_r006783	no_hit				0	0	0	0	0	0	[]	[]	[]	[]
ecoli50_r006784	no_hit				0	0	0	0	0	0	[]	[]	[]	[]
ecoli50_r006785	no_hit				0	0	0	0	0	0	[]	[]	[]	[]
ecoli50_r006786	position_consistent_positive	10	forward	81	1	0	1	0	1	0	"[""1315""]"	[]	"[[10,""forward"",81,""1315""]]"	[]
ecoli50_r006787	no_hit				0	0	0	0	0	0	[]	[]	[]	[]
ecoli50_r006788	no_hit				0	0	0	0	0	0	[]	[]	[]	[]
ecoli50_r006789	no_hit				0	0	0	0	0	0	[]	[]	[]	[]
ecoli50_r006790	no_hit				0	0	0	0	0	0	[]	[]	[]	[]
ecoli50_r006791	no_hit				0	0	0	0	0	0	[]	[]	[]	[]
ecoli50_r006792	no_hit				0	0	0	0	0	0	[]	[]	[]	[]
ecoli50_r006793	position_consistent_positive	3	reverse	81	1	0	1	0	1	0	"[""233""]"	[]	"[[3,""reverse"",81,""233""]]"	[]
ecoli50_r006794	no_hit				0	0	0	0	0	0	[]	[]	[]	[]
ecoli50_r006795	no_hit				0	0	0	0	0	0	[]	[]	[]	[]
ecoli50_r006796	no_hit				0	0	0	0	0	0	[]	[]	[]	[]
ecoli50_r006797	no_hit				0	0	0	0	0	0	[]	[]	[]	[]
ecoli50_r006798	no_hit				0	0	0	0	0	0	[]	[]	[]	[]
ecoli50_r006799	no_hit				0	0	0	0	0	0	[]	[]	[]	[]
ecoli50_r006800	no_hit				0	0	0	0	0	0	[]	[]	[]	[]
ecoli50_r006801	no_hit				0	0	0	0	0	0	[]	[]	[]	[]
ecoli50_r006802	no_hit				0	0	0	0	0	0	[]	[]	[]	[]
ecoli50_r006803	no_hit				0	0	0	0	0	0	[]	[]	[]	[]
ecoli50_r006804	no_hit				0	0	0	0	0	0	[]	[]	[]	[]
ecoli50_r006805	no_hit				0	0	0	0	0	0	[]	[]	[]	[]
ecoli50_r006806	no_hit				0	0	0	0	0	0	[]	[]	[]	[]
ecoli50_r006807	no_hit				0	0	0	0	0	0	[]	[]	[]	[]
ecoli50_r006808	no_hit				0	0	0	0	0	0	[]	[]	[]	[]
ecoli50_r006809	no_hit				0	0	0	0	0	0	[]	[]	[]	[]
ecoli50_r006810	no_hit				0	0	0	0	0	0	[]	[]	[]	[]
ecoli50_r006811	no_hit				0	0	0	0	0	0	[]	[]	[]	[]
ecoli50_r006812	no_hit				0	0	0	0	0	0	[]	[]	[]	[]
ecoli50_r006813	no_hit				0	0	0	0	0	0	[]	[]	[]	[]
ecoli50_r006814	no_hit				0	0	0	0	0	0	[]	[]	[]	[]
ecoli50_r006815	no_hit				0	0	0	0	0	0	[]	[]	[]	[]
ecoli50_r006816	no_hit				0	0	0	0	0	0	[]	[]	[]	[]
ecoli50_r006817	no_hit				0	0	0	0	0	0	[]	[]	[]	[]
ecoli50_r006818	no_hit				0	0	0	0	0	0	[]	[]	[]	[]
ecoli50_r006819	no_hit				0	0	0	0	0	0	[]	[]	[]	[]
ecoli50_r006820	no_hit				0	0	0	0	0	0	[]	[]	[]	[]
ecoli50_r006821	no_hit				0	0	0	0	0	0	[]	[]	[]	[]
ecoli50_r006822	no_hit				0	0	0	0	0	0	[]	[]	[]	[]
ecoli50_r006823	position_consistent_positive	23	reverse	81	1	0	1	0	1	0	"[""3061""]"	[]	"[[23,""reverse"",81,""3061""]]"	[]
ecoli50_r006824	no_hit				0	0	0	0	0	0	[]	[]	[]	[]
ecoli50_r006825	no_hit				0	0	0	0	0	0	[]	[]	[]	[]
ecoli50_r006826	no_hit				0	0	0	0	0	0	[]	[]	[]	[]
ecoli50_r006827	no_hit				0	0	0	0	0	0	[]	[]	[]	[]
ecoli50_r006828	no_hit				0	0	0	0	0	0	[]	[]	[]	[]
ecoli50_r006829	no_hit				0	0	0	0	0	0	[]	[]	[]	[]
ecoli50_r006830	no_hit				0	0	0	0	0	0	[]	[]	[]	[]
ecoli50_r006831	no_hit				0	0	0	0	0	0	[]	[]	[]	[]
ecoli50_r006832	no_hit				0	0	0	0	0	0	[]	[]	[]	[]
ecoli50_r006833	no_hit				0	0	0	0	0	0	[]	[]	[]	[]
ecoli50_r006834	no_hit				0	0	0	0	0	0	[]	[]	[]	[]
ecoli50_r006835	no_hit				0	0	0	0	0	0	[]	[]	[]	[]
ecoli50_r006836	no_hit				0	0	0	0	0	0	[]	[]	[]	[]
ecoli50_r006837	no_hit				0	0	0	0	0	0	[]	[]	[]	[]
ecoli50_r006838	no_hit				0	0	0	0	0	0	[]	[]	[]	[]
ecoli50_r006839	no_hit				0	0	0	0	0	0	[]	[]	[]	[]
ecoli50_r006840	no_hit				0	0	0	0	0	0	[]	[]	[]	[]
ecoli50_r006841	no_hit				0	0	0	0	0	0	[]	[]	[]	[]
ecoli50_r006842	no_hit				0	0	0	0	0	0	[]	[]	[]	[]
ecoli50_r006843	position_consistent_positive	30	forward	81	1	0	1	0	1	0	"[""2359""]"	[]	"[[30,""forward"",81,""2359""]]"	[]
ecoli50_r006844	no_hit				0	0	0	0	0	0	[]	[]	[]	[]
ecoli50_r006845	position_consistent_positive	11	forward	81	1	0	1	0	1	0	"[""2359""]"	[]	"[[11,""forward"",81,""2359""]]"	[]
ecoli50_r006846	no_hit				0	0	0	0	0	0	[]	[]	[]	[]
ecoli50_r006847	no_hit				0	0	0	0	0	0	[]	[]	[]	[]
ecoli50_r006848	no_hit				0	0	0	0	0	0	[]	[]	[]	[]
ecoli50_r006849	no_hit				0	0	0	0	0	0	[]	[]	[]	[]
ecoli50_r006850	no_hit				0	0	0	0	0	0	[]	[]	[]	[]
ecoli50_r006851	no_hit				0	0	0	0	0	0	[]	[]	[]	[]
ecoli50_r006852	no_hit				0	0	0	0	0	0	[]	[]	[]	[]
ecoli50_r006853	no_hit				0	0	0	0	0	0	[]	[]	[]	[]
ecoli50_r006854	no_hit				0	0	0	0	0	0	[]	[]	[]	[]
ecoli50_r006855	no_hit				0	0	0	0	0	0	[]	[]	[]	[]
ecoli50_r006856	no_hit				0	0	0	0	0	0	[]	[]	[]	[]
ecoli50_r006857	no_hit				0	0	0	0	0	0	[]	[]	[]	[]
ecoli50_r006858	no_hit				0	0	0	0	0	0	[]	[]	[]	[]
ecoli50_r006859	no_hit				0	0	0	0	0	0	[]	[]	[]	[]
ecoli50_r006860	no_hit				0	0	0	0	0	0	[]	[]	[]	[]
ecoli50_r006861	no_hit				0	0	0	0	0	0	[]	[]	[]	[]
ecoli50_r006862	no_hit				0	0	0	0	0	0	[]	[]	[]	[]
ecoli50_r006863	no_hit				0	0	0	0	0	0	[]	[]	[]	[]
ecoli50_r006864	no_hit				0	0	0	0	0	0	[]	[]	[]	[]
ecoli50_r006865	no_hit				0	0	0	0	0	0	[]	[]	[]	[]
ecoli50_r006866	no_hit				0	0	0	0	0	0	[]	[]	[]	[]
ecoli50_r006867	no_hit				0	0	0	0	0	0	[]	[]	[]	[]
ecoli50_r006868	no_hit				0	0	0	0	0	0	[]	[]	[]	[]
ecoli50_r006869	no_hit				0	0	0	0	0	0	[]	[]	[]	[]
ecoli50_r006870	no_hit				0	0	0	0	0	0	[]	[]	[]	[]
ecoli50_r006871	no_hit				0	0	0	0	0	0	[]	[]	[]	[]
ecoli50_r006872	no_hit				0	0	0	0	0	0	[]	[]	[]	[]
ecoli50_r006873	no_hit				0	0	0	0	0	0	[]	[]	[]	[]
ecoli50_r006874	no_hit				0	0	0	0	0	0	[]	[]	[]	[]
ecoli50_r006875	no_hit				0	0	0	0	0	0	[]	[]	[]	[]
ecoli50_r006876	no_hit				0	0	0	0	0	0	[]	[]	[]	[]
ecoli50_r006877	no_hit				0	0	0	0	0	0	[]	[]	[]	[]
ecoli50_r006878	no_hit				0	0	0	0	0	0	[]	[]	[]	[]
ecoli50_r006879	no_hit				0	0	0	0	0	0	[]	[]	[]	[]
ecoli50_r006880	no_hit				0	0	0	0	0	0	[]	[]	[]	[]
ecoli50_r006881	no_hit				0	0	0	0	0	0	[]	[]	[]	[]
ecoli50_r006882	no_hit				0	0	0	0	0	0	[]	[]	[]	[]
ecoli50_r006883	negative_only				0	1	0	1	0	1	[]	"[""124""]"	[]	"[[28,""forward"",81,""124""]]"
ecoli50_r006884	no_hit				0	0	0	0	0	0	[]	[]	[]	[]
ecoli50_r006885	negative_only				0	1	0	1	0	1	[]	"[""124""]"	[]	"[[27,""reverse"",81,""124""]]"
ecoli50_r006886	no_hit				0	0	0	0	0	0	[]	[]	[]	[]
ecoli50_r006887	no_hit				0	0	0	0	0	0	[]	[]	[]	[]
ecoli50_r006888	no_hit				0	0	0	0	0	0	[]	[]	[]	[]
ecoli50_r006889	no_hit				0	0	0	0	0	0	[]	[]	[]	[]
ecoli50_r006890	no_hit				0	0	0	0	0	0	[]	[]	[]	[]
ecoli50_r006891	no_hit				0	0	0	0	0	0	[]	[]	[]	[]
ecoli50_r006892	no_hit				0	0	0	0	0	0	[]	[]	[]	[]
ecoli50_r006893	no_hit				0	0	0	0	0	0	[]	[]	[]	[]
ecoli50_r006894	no_hit				0	0	0	0	0	0	[]	[]	[]	[]
ecoli50_r006895	no_hit				0	0	0	0	0	0	[]	[]	[]	[]
ecoli50_r006896	no_hit				0	0	0	0	0	0	[]	[]	[]	[]
ecoli50_r006897	negative_only				0	1	0	1	0	1	[]	"[""1975""]"	[]	"[[12,""reverse"",81,""1975""]]"
ecoli50_r006898	no_hit				0	0	0	0	0	0	[]	[]	[]	[]
ecoli50_r006899	no_hit				0	0	0	0	0	0	[]	[]	[]	[]
ecoli50_r006900	no_hit				0	0	0	0	0	0	[]	[]	[]	[]
ecoli50_r006901	no_hit				0	0	0	0	0	0	[]	[]	[]	[]
ecoli50_r006902	no_hit				0	0	0	0	0	0	[]	[]	[]	[]
ecoli50_r006903	no_hit				0	0	0	0	0	0	[]	[]	[]	[]
ecoli50_r006904	no_hit				0	0	0	0	0	0	[]	[]	[]	[]
ecoli50_r006905	no_hit				0	0	0	0	0	0	[]	[]	[]	[]
ecoli50_r006906	no_hit				0	0	0	0	0	0	[]	[]	[]	[]
ecoli50_r006907	no_hit				0	0	0	0	0	0	[]	[]	[]	[]
ecoli50_r006908	no_hit				0	0	0	0	0	0	[]	[]	[]	[]
ecoli50_r006909	no_hit				0	0	0	0	0	0	[]	[]	[]	[]
ecoli50_r006910	no_hit				0	0	0	0	0	0	[]	[]	[]	[]
ecoli50_r006911	no_hit				0	0	0	0	0	0	[]	[]	[]	[]
ecoli50_r006912	no_hit				0	0	0	0	0	0	[]	[]	[]	[]
ecoli50_r006913	no_hit				0	0	0	0	0	0	[]	[]	[]	[]
ecoli50_r006914	no_hit				0	0	0	0	0	0	[]	[]	[]	[]
ecoli50_r006915	no_hit				0	0	0	0	0	0	[]	[]	[]	[]
ecoli50_r006916	no_hit				0	0	0	0	0	0	[]	[]	[]	[]
ecoli50_r006917	no_hit				0	0	0	0	0	0	[]	[]	[]	[]
ecoli50_r006918	no_hit				0	0	0	0	0	0	[]	[]	[]	[]
ecoli50_r006919	no_hit				0	0	0	0	0	0	[]	[]	[]	[]
ecoli50_r006920	position_consistent_positive	11	forward	81	1	0	1	0	1	0	"[""2870""]"	[]	"[[11,""forward"",81,""2870""]]"	[]
ecoli50_r006921	no_hit				0	0	0	0	0	0	[]	[]	[]	[]
ecoli50_r006922	no_hit				0	0	0	0	0	0	[]	[]	[]	[]
ecoli50_r006923	no_hit				0	0	0	0	0	0	[]	[]	[]	[]
ecoli50_r006924	no_hit				0	0	0	0	0	0	[]	[]	[]	[]
ecoli50_r006925	no_hit				0	0	0	0	0	0	[]	[]	[]	[]
ecoli50_r006926	no_hit				0	0	0	0	0	0	[]	[]	[]	[]
ecoli50_r006927	no_hit				0	0	0	0	0	0	[]	[]	[]	[]
ecoli50_r006928	position_consistent_positive	10	forward	81	1	0	1	0	1	0	"[""3055""]"	[]	"[[10,""forward"",81,""3055""]]"	[]
ecoli50_r006929	no_hit				0	0	0	0	0	0	[]	[]	[]	[]
ecoli50_r006930	no_hit				0	0	0	0	0	0	[]	[]	[]	[]
ecoli50_r006931	no_hit				0	0	0	0	0	0	[]	[]	[]	[]
ecoli50_r006932	no_hit				0	0	0	0	0	0	[]	[]	[]	[]
ecoli50_r006933	no_hit				0	0	0	0	0	0	[]	[]	[]	[]
ecoli50_r006934	no_hit				0	0	0	0	0	0	[]	[]	[]	[]
ecoli50_r006935	no_hit				0	0	0	0	0	0	[]	[]	[]	[]
ecoli50_r006936	no_hit				0	0	0	0	0	0	[]	[]	[]	[]
ecoli50_r006937	no_hit				0	0	0	0	0	0	[]	[]	[]	[]
ecoli50_r006938	no_hit				0	0	0	0	0	0	[]	[]	[]	[]
ecoli50_r006939	no_hit				0	0	0	0	0	0	[]	[]	[]	[]
ecoli50_r006940	no_hit				0	0	0	0	0	0	[]	[]	[]	[]
ecoli50_r006941	no_hit				0	0	0	0	0	0	[]	[]	[]	[]
ecoli50_r006942	no_hit				0	0	0	0	0	0	[]	[]	[]	[]
ecoli50_r006943	no_hit				0	0	0	0	0	0	[]	[]	[]	[]
ecoli50_r006944	no_hit				0	0	0	0	0	0	[]	[]	[]	[]
ecoli50_r006945	no_hit				0	0	0	0	0	0	[]	[]	[]	[]
ecoli50_r006946	no_hit				0	0	0	0	0	0	[]	[]	[]	[]
ecoli50_r006947	no_hit				0	0	0	0	0	0	[]	[]	[]	[]
ecoli50_r006948	no_hit				0	0	0	0	0	0	[]	[]	[]	[]
ecoli50_r006949	no_hit				0	0	0	0	0	0	[]	[]	[]	[]
ecoli50_r006950	no_hit				0	0	0	0	0	0	[]	[]	[]	[]
ecoli50_r006951	no_hit				0	0	0	0	0	0	[]	[]	[]	[]
ecoli50_r006952	no_hit				0	0	0	0	0	0	[]	[]	[]	[]
ecoli50_r006953	no_hit				0	0	0	0	0	0	[]	[]	[]	[]
ecoli50_r006954	no_hit				0	0	0	0	0	0	[]	[]	[]	[]
ecoli50_r006955	no_hit				0	0	0	0	0	0	[]	[]	[]	[]
ecoli50_r006956	no_hit				0	0	0	0	0	0	[]	[]	[]	[]
ecoli50_r006957	no_hit				0	0	0	0	0	0	[]	[]	[]	[]
ecoli50_r006958	no_hit				0	0	0	0	0	0	[]	[]	[]	[]
ecoli50_r006959	no_hit				0	0	0	0	0	0	[]	[]	[]	[]
ecoli50_r006960	no_hit				0	0	0	0	0	0	[]	[]	[]	[]
ecoli50_r006961	no_hit				0	0	0	0	0	0	[]	[]	[]	[]
ecoli50_r006962	no_hit				0	0	0	0	0	0	[]	[]	[]	[]
ecoli50_r006963	no_hit				0	0	0	0	0	0	[]	[]	[]	[]
ecoli50_r006964	no_hit				0	0	0	0	0	0	[]	[]	[]	[]
ecoli50_r006965	no_hit				0	0	0	0	0	0	[]	[]	[]	[]
ecoli50_r006966	no_hit				0	0	0	0	0	0	[]	[]	[]	[]
ecoli50_r006967	no_hit				0	0	0	0	0	0	[]	[]	[]	[]
ecoli50_r006968	no_hit				0	0	0	0	0	0	[]	[]	[]	[]
ecoli50_r006969	no_hit				0	0	0	0	0	0	[]	[]	[]	[]
ecoli50_r006970	no_hit				0	0	0	0	0	0	[]	[]	[]	[]
ecoli50_r006971	no_hit				0	0	0	0	0	0	[]	[]	[]	[]
ecoli50_r006972	no_hit				0	0	0	0	0	0	[]	[]	[]	[]
ecoli50_r006973	no_hit				0	0	0	0	0	0	[]	[]	[]	[]
ecoli50_r006974	no_hit				0	0	0	0	0	0	[]	[]	[]	[]
ecoli50_r006975	no_hit				0	0	0	0	0	0	[]	[]	[]	[]
ecoli50_r006976	no_hit				0	0	0	0	0	0	[]	[]	[]	[]
ecoli50_r006977	no_hit				0	0	0	0	0	0	[]	[]	[]	[]
ecoli50_r006978	no_hit				0	0	0	0	0	0	[]	[]	[]	[]
ecoli50_r006979	no_hit				0	0	0	0	0	0	[]	[]	[]	[]
ecoli50_r006980	no_hit				0	0	0	0	0	0	[]	[]	[]	[]
ecoli50_r006981	no_hit				0	0	0	0	0	0	[]	[]	[]	[]
ecoli50_r006982	no_hit				0	0	0	0	0	0	[]	[]	[]	[]
ecoli50_r006983	no_hit				0	0	0	0	0	0	[]	[]	[]	[]
ecoli50_r006984	no_hit				0	0	0	0	0	0	[]	[]	[]	[]
ecoli50_r006985	no_hit				0	0	0	0	0	0	[]	[]	[]	[]
ecoli50_r006986	no_hit				0	0	0	0	0	0	[]	[]	[]	[]
ecoli50_r006987	no_hit				0	0	0	0	0	0	[]	[]	[]	[]
ecoli50_r006988	no_hit				0	0	0	0	0	0	[]	[]	[]	[]
ecoli50_r006989	no_hit				0	0	0	0	0	0	[]	[]	[]	[]
ecoli50_r006990	no_hit				0	0	0	0	0	0	[]	[]	[]	[]
ecoli50_r006991	no_hit				0	0	0	0	0	0	[]	[]	[]	[]
ecoli50_r006992	no_hit				0	0	0	0	0	0	[]	[]	[]	[]
ecoli50_r006993	no_hit				0	0	0	0	0	0	[]	[]	[]	[]
ecoli50_r006994	no_hit				0	0	0	0	0	0	[]	[]	[]	[]
ecoli50_r006995	no_hit				0	0	0	0	0	0	[]	[]	[]	[]
ecoli50_r006996	no_hit				0	0	0	0	0	0	[]	[]	[]	[]
ecoli50_r006997	no_hit				0	0	0	0	0	0	[]	[]	[]	[]
ecoli50_r006998	no_hit				0	0	0	0	0	0	[]	[]	[]	[]
ecoli50_r006999	negative_only				0	1	0	1	0	1	[]	"[""2842""]"	[]	"[[31,""forward"",81,""2842""]]"
ecoli50_r007000	no_hit				0	0	0	0	0	0	[]	[]	[]	[]
ecoli50_r007001	no_hit				0	0	0	0	0	0	[]	[]	[]	[]
ecoli50_r007002	no_hit				0	0	0	0	0	0	[]	[]	[]	[]
ecoli50_r007003	no_hit				0	0	0	0	0	0	[]	[]	[]	[]
ecoli50_r007004	no_hit				0	0	0	0	0	0	[]	[]	[]	[]
ecoli50_r007005	no_hit				0	0	0	0	0	0	[]	[]	[]	[]
ecoli50_r007006	position_consistent_positive	11	forward	81	1	0	1	0	1	0	"[""847""]"	[]	"[[11,""forward"",81,""847""]]"	[]
ecoli50_r007007	no_hit				0	0	0	0	0	0	[]	[]	[]	[]
ecoli50_r007008	no_hit				0	0	0	0	0	0	[]	[]	[]	[]
ecoli50_r007009	no_hit				0	0	0	0	0	0	[]	[]	[]	[]
ecoli50_r007010	no_hit				0	0	0	0	0	0	[]	[]	[]	[]
ecoli50_r007011	no_hit				0	0	0	0	0	0	[]	[]	[]	[]
ecoli50_r007012	no_hit				0	0	0	0	0	0	[]	[]	[]	[]
ecoli50_r007013	no_hit				0	0	0	0	0	0	[]	[]	[]	[]
ecoli50_r007014	no_hit				0	0	0	0	0	0	[]	[]	[]	[]
ecoli50_r007015	no_hit				0	0	0	0	0	0	[]	[]	[]	[]
ecoli50_r007016	no_hit				0	0	0	0	0	0	[]	[]	[]	[]
ecoli50_r007017	no_hit				0	0	0	0	0	0	[]	[]	[]	[]
ecoli50_r007018	no_hit				0	0	0	0	0	0	[]	[]	[]	[]
ecoli50_r007019	no_hit				0	0	0	0	0	0	[]	[]	[]	[]
ecoli50_r007020	no_hit				0	0	0	0	0	0	[]	[]	[]	[]
ecoli50_r007021	no_hit				0	0	0	0	0	0	[]	[]	[]	[]
ecoli50_r007022	no_hit				0	0	0	0	0	0	[]	[]	[]	[]
ecoli50_r007023	no_hit				0	0	0	0	0	0	[]	[]	[]	[]
ecoli50_r007024	no_hit				0	0	0	0	0	0	[]	[]	[]	[]
ecoli50_r007025	no_hit				0	0	0	0	0	0	[]	[]	[]	[]
ecoli50_r007026	position_consistent_positive	10	forward	81	1	0	1	0	1	0	"[""1277""]"	[]	"[[10,""forward"",81,""1277""]]"	[]
ecoli50_r007027	no_hit				0	0	0	0	0	0	[]	[]	[]	[]
ecoli50_r007028	no_hit				0	0	0	0	0	0	[]	[]	[]	[]
ecoli50_r007029	no_hit				0	0	0	0	0	0	[]	[]	[]	[]
ecoli50_r007030	no_hit				0	0	0	0	0	0	[]	[]	[]	[]
ecoli50_r007031	no_hit				0	0	0	0	0	0	[]	[]	[]	[]
ecoli50_r007032	no_hit				0	0	0	0	0	0	[]	[]	[]	[]
ecoli50_r007033	no_hit				0	0	0	0	0	0	[]	[]	[]	[]
ecoli50_r007034	no_hit				0	0	0	0	0	0	[]	[]	[]	[]
ecoli50_r007035	no_hit				0	0	0	0	0	0	[]	[]	[]	[]
ecoli50_r007036	no_hit				0	0	0	0	0	0	[]	[]	[]	[]
ecoli50_r007037	no_hit				0	0	0	0	0	0	[]	[]	[]	[]
ecoli50_r007038	no_hit				0	0	0	0	0	0	[]	[]	[]	[]
ecoli50_r007039	no_hit				0	0	0	0	0	0	[]	[]	[]	[]
ecoli50_r007040	no_hit				0	0	0	0	0	0	[]	[]	[]	[]
ecoli50_r007041	no_hit				0	0	0	0	0	0	[]	[]	[]	[]
ecoli50_r007042	no_hit				0	0	0	0	0	0	[]	[]	[]	[]
ecoli50_r007043	no_hit				0	0	0	0	0	0	[]	[]	[]	[]
ecoli50_r007044	position_consistent_positive	10	forward	81	1	0	1	0	1	0	"[""1266""]"	[]	"[[10,""forward"",81,""1266""]]"	[]
ecoli50_r007045	no_hit				0	0	0	0	0	0	[]	[]	[]	[]
ecoli50_r007046	no_hit				0	0	0	0	0	0	[]	[]	[]	[]
ecoli50_r007047	no_hit				0	0	0	0	0	0	[]	[]	[]	[]
ecoli50_r007048	no_hit				0	0	0	0	0	0	[]	[]	[]	[]
ecoli50_r007049	no_hit				0	0	0	0	0	0	[]	[]	[]	[]
ecoli50_r007050	no_hit				0	0	0	0	0	0	[]	[]	[]	[]
ecoli50_r007051	no_hit				0	0	0	0	0	0	[]	[]	[]	[]
ecoli50_r007052	no_hit				0	0	0	0	0	0	[]	[]	[]	[]
ecoli50_r007053	position_consistent_positive	11	forward	81	1	0	1	0	1	0	"[""1482""]"	[]	"[[11,""forward"",81,""1482""]]"	[]
ecoli50_r007054	no_hit				0	0	0	0	0	0	[]	[]	[]	[]
ecoli50_r007055	no_hit				0	0	0	0	0	0	[]	[]	[]	[]
ecoli50_r007056	no_hit				0	0	0	0	0	0	[]	[]	[]	[]
ecoli50_r007057	no_hit				0	0	0	0	0	0	[]	[]	[]	[]
ecoli50_r007058	no_hit				0	0	0	0	0	0	[]	[]	[]	[]
ecoli50_r007059	no_hit				0	0	0	0	0	0	[]	[]	[]	[]
ecoli50_r007060	no_hit				0	0	0	0	0	0	[]	[]	[]	[]
ecoli50_r007061	no_hit				0	0	0	0	0	0	[]	[]	[]	[]
ecoli50_r007062	no_hit				0	0	0	0	0	0	[]	[]	[]	[]
ecoli50_r007063	no_hit				0	0	0	0	0	0	[]	[]	[]	[]
ecoli50_r007064	no_hit				0	0	0	0	0	0	[]	[]	[]	[]
ecoli50_r007065	no_hit				0	0	0	0	0	0	[]	[]	[]	[]
ecoli50_r007066	no_hit				0	0	0	0	0	0	[]	[]	[]	[]
ecoli50_r007067	no_hit				0	0	0	0	0	0	[]	[]	[]	[]
ecoli50_r007068	no_hit				0	0	0	0	0	0	[]	[]	[]	[]
ecoli50_r007069	no_hit				0	0	0	0	0	0	[]	[]	[]	[]
ecoli50_r007070	no_hit				0	0	0	0	0	0	[]	[]	[]	[]
ecoli50_r007071	no_hit				0	0	0	0	0	0	[]	[]	[]	[]
ecoli50_r007072	no_hit				0	0	0	0	0	0	[]	[]	[]	[]
ecoli50_r007073	no_hit				0	0	0	0	0	0	[]	[]	[]	[]
ecoli50_r007074	no_hit				0	0	0	0	0	0	[]	[]	[]	[]
ecoli50_r007075	no_hit				0	0	0	0	0	0	[]	[]	[]	[]
ecoli50_r007076	no_hit				0	0	0	0	0	0	[]	[]	[]	[]
ecoli50_r007077	no_hit				0	0	0	0	0	0	[]	[]	[]	[]
ecoli50_r007078	no_hit				0	0	0	0	0	0	[]	[]	[]	[]
ecoli50_r007079	no_hit				0	0	0	0	0	0	[]	[]	[]	[]
ecoli50_r007080	no_hit				0	0	0	0	0	0	[]	[]	[]	[]
ecoli50_r007081	no_hit				0	0	0	0	0	0	[]	[]	[]	[]
ecoli50_r007082	no_hit				0	0	0	0	0	0	[]	[]	[]	[]
ecoli50_r007083	no_hit				0	0	0	0	0	0	[]	[]	[]	[]
ecoli50_r007084	no_hit				0	0	0	0	0	0	[]	[]	[]	[]
ecoli50_r007085	no_hit				0	0	0	0	0	0	[]	[]	[]	[]
ecoli50_r007086	no_hit				0	0	0	0	0	0	[]	[]	[]	[]
ecoli50_r007087	no_hit				0	0	0	0	0	0	[]	[]	[]	[]
ecoli50_r007088	no_hit				0	0	0	0	0	0	[]	[]	[]	[]
ecoli50_r007089	no_hit				0	0	0	0	0	0	[]	[]	[]	[]
ecoli50_r007090	no_hit				0	0	0	0	0	0	[]	[]	[]	[]
ecoli50_r007091	no_hit				0	0	0	0	0	0	[]	[]	[]	[]
ecoli50_r007092	no_hit				0	0	0	0	0	0	[]	[]	[]	[]
ecoli50_r007093	no_hit				0	0	0	0	0	0	[]	[]	[]	[]
ecoli50_r007094	no_hit				0	0	0	0	0	0	[]	[]	[]	[]
ecoli50_r007095	no_hit				0	0	0	0	0	0	[]	[]	[]	[]
ecoli50_r007096	no_hit				0	0	0	0	0	0	[]	[]	[]	[]
ecoli50_r007097	no_hit				0	0	0	0	0	0	[]	[]	[]	[]
ecoli50_r007098	no_hit				0	0	0	0	0	0	[]	[]	[]	[]
ecoli50_r007099	no_hit				0	0	0	0	0	0	[]	[]	[]	[]
ecoli50_r007100	no_hit				0	0	0	0	0	0	[]	[]	[]	[]
ecoli50_r007101	no_hit				0	0	0	0	0	0	[]	[]	[]	[]
ecoli50_r007102	no_hit				0	0	0	0	0	0	[]	[]	[]	[]
ecoli50_r007103	no_hit				0	0	0	0	0	0	[]	[]	[]	[]
ecoli50_r007104	no_hit				0	0	0	0	0	0	[]	[]	[]	[]
ecoli50_r007105	no_hit				0	0	0	0	0	0	[]	[]	[]	[]
ecoli50_r007106	no_hit				0	0	0	0	0	0	[]	[]	[]	[]
ecoli50_r007107	no_hit				0	0	0	0	0	0	[]	[]	[]	[]
ecoli50_r007108	no_hit				0	0	0	0	0	0	[]	[]	[]	[]
ecoli50_r007109	no_hit				0	0	0	0	0	0	[]	[]	[]	[]
ecoli50_r007110	no_hit				0	0	0	0	0	0	[]	[]	[]	[]
ecoli50_r007111	no_hit				0	0	0	0	0	0	[]	[]	[]	[]
ecoli50_r007112	no_hit				0	0	0	0	0	0	[]	[]	[]	[]
ecoli50_r007113	no_hit				0	0	0	0	0	0	[]	[]	[]	[]
ecoli50_r007114	no_hit				0	0	0	0	0	0	[]	[]	[]	[]
ecoli50_r007115	no_hit				0	0	0	0	0	0	[]	[]	[]	[]
ecoli50_r007116	no_hit				0	0	0	0	0	0	[]	[]	[]	[]
ecoli50_r007117	no_hit				0	0	0	0	0	0	[]	[]	[]	[]
ecoli50_r007118	no_hit				0	0	0	0	0	0	[]	[]	[]	[]
ecoli50_r007119	no_hit				0	0	0	0	0	0	[]	[]	[]	[]
ecoli50_r007120	no_hit				0	0	0	0	0	0	[]	[]	[]	[]
ecoli50_r007121	no_hit				0	0	0	0	0	0	[]	[]	[]	[]
ecoli50_r007122	no_hit				0	0	0	0	0	0	[]	[]	[]	[]
ecoli50_r007123	no_hit				0	0	0	0	0	0	[]	[]	[]	[]
ecoli50_r007124	no_hit				0	0	0	0	0	0	[]	[]	[]	[]
ecoli50_r007125	no_hit				0	0	0	0	0	0	[]	[]	[]	[]
ecoli50_r007126	no_hit				0	0	0	0	0	0	[]	[]	[]	[]
ecoli50_r007127	no_hit				0	0	0	0	0	0	[]	[]	[]	[]
ecoli50_r007128	no_hit				0	0	0	0	0	0	[]	[]	[]	[]
ecoli50_r007129	no_hit				0	0	0	0	0	0	[]	[]	[]	[]
ecoli50_r007130	no_hit				0	0	0	0	0	0	[]	[]	[]	[]
ecoli50_r007131	no_hit				0	0	0	0	0	0	[]	[]	[]	[]
ecoli50_r007132	no_hit				0	0	0	0	0	0	[]	[]	[]	[]
ecoli50_r007133	negative_only				0	1	0	1	0	1	[]	"[""51""]"	[]	"[[20,""reverse"",81,""51""]]"
ecoli50_r007134	no_hit				0	0	0	0	0	0	[]	[]	[]	[]
ecoli50_r007135	no_hit				0	0	0	0	0	0	[]	[]	[]	[]
ecoli50_r007136	no_hit				0	0	0	0	0	0	[]	[]	[]	[]
ecoli50_r007137	no_hit				0	0	0	0	0	0	[]	[]	[]	[]
ecoli50_r007138	no_hit				0	0	0	0	0	0	[]	[]	[]	[]
ecoli50_r007139	no_hit				0	0	0	0	0	0	[]	[]	[]	[]
ecoli50_r007140	no_hit				0	0	0	0	0	0	[]	[]	[]	[]
ecoli50_r007141	no_hit				0	0	0	0	0	0	[]	[]	[]	[]
ecoli50_r007142	no_hit				0	0	0	0	0	0	[]	[]	[]	[]
ecoli50_r007143	no_hit				0	0	0	0	0	0	[]	[]	[]	[]
ecoli50_r007144	no_hit				0	0	0	0	0	0	[]	[]	[]	[]
ecoli50_r007145	no_hit				0	0	0	0	0	0	[]	[]	[]	[]
ecoli50_r007146	no_hit				0	0	0	0	0	0	[]	[]	[]	[]
ecoli50_r007147	no_hit				0	0	0	0	0	0	[]	[]	[]	[]
ecoli50_r007148	no_hit				0	0	0	0	0	0	[]	[]	[]	[]
ecoli50_r007149	position_consistent_positive	27	reverse	81	1	0	1	0	1	0	"[""1377""]"	[]	"[[27,""reverse"",81,""1377""]]"	[]
ecoli50_r007150	no_hit				0	0	0	0	0	0	[]	[]	[]	[]
ecoli50_r007151	no_hit				0	0	0	0	0	0	[]	[]	[]	[]
ecoli50_r007152	no_hit				0	0	0	0	0	0	[]	[]	[]	[]
ecoli50_r007153	no_hit				0	0	0	0	0	0	[]	[]	[]	[]
ecoli50_r007154	no_hit				0	0	0	0	0	0	[]	[]	[]	[]
ecoli50_r007155	no_hit				0	0	0	0	0	0	[]	[]	[]	[]
ecoli50_r007156	no_hit				0	0	0	0	0	0	[]	[]	[]	[]
ecoli50_r007157	no_hit				0	0	0	0	0	0	[]	[]	[]	[]
ecoli50_r007158	no_hit				0	0	0	0	0	0	[]	[]	[]	[]
ecoli50_r007159	no_hit				0	0	0	0	0	0	[]	[]	[]	[]
ecoli50_r007160	no_hit				0	0	0	0	0	0	[]	[]	[]	[]
ecoli50_r007161	no_hit				0	0	0	0	0	0	[]	[]	[]	[]
ecoli50_r007162	no_hit				0	0	0	0	0	0	[]	[]	[]	[]
ecoli50_r007163	no_hit				0	0	0	0	0	0	[]	[]	[]	[]
ecoli50_r007164	no_hit				0	0	0	0	0	0	[]	[]	[]	[]
ecoli50_r007165	no_hit				0	0	0	0	0	0	[]	[]	[]	[]
ecoli50_r007166	no_hit				0	0	0	0	0	0	[]	[]	[]	[]
ecoli50_r007167	no_hit				0	0	0	0	0	0	[]	[]	[]	[]
ecoli50_r007168	no_hit				0	0	0	0	0	0	[]	[]	[]	[]
ecoli50_r007169	no_hit				0	0	0	0	0	0	[]	[]	[]	[]
ecoli50_r007170	no_hit				0	0	0	0	0	0	[]	[]	[]	[]
ecoli50_r007171	no_hit				0	0	0	0	0	0	[]	[]	[]	[]
ecoli50_r007172	no_hit				0	0	0	0	0	0	[]	[]	[]	[]
ecoli50_r007173	no_hit				0	0	0	0	0	0	[]	[]	[]	[]
ecoli50_r007174	no_hit				0	0	0	0	0	0	[]	[]	[]	[]
ecoli50_r007175	no_hit				0	0	0	0	0	0	[]	[]	[]	[]
ecoli50_r007176	no_hit				0	0	0	0	0	0	[]	[]	[]	[]
ecoli50_r007177	no_hit				0	0	0	0	0	0	[]	[]	[]	[]
ecoli50_r007178	no_hit				0	0	0	0	0	0	[]	[]	[]	[]
ecoli50_r007179	no_hit				0	0	0	0	0	0	[]	[]	[]	[]
ecoli50_r007180	no_hit				0	0	0	0	0	0	[]	[]	[]	[]
ecoli50_r007181	no_hit				0	0	0	0	0	0	[]	[]	[]	[]
ecoli50_r007182	no_hit				0	0	0	0	0	0	[]	[]	[]	[]
ecoli50_r007183	no_hit				0	0	0	0	0	0	[]	[]	[]	[]
ecoli50_r007184	no_hit				0	0	0	0	0	0	[]	[]	[]	[]
ecoli50_r007185	no_hit				0	0	0	0	0	0	[]	[]	[]	[]
ecoli50_r007186	no_hit				0	0	0	0	0	0	[]	[]	[]	[]
ecoli50_r007187	no_hit				0	0	0	0	0	0	[]	[]	[]	[]
ecoli50_r007188	no_hit				0	0	0	0	0	0	[]	[]	[]	[]
ecoli50_r007189	no_hit				0	0	0	0	0	0	[]	[]	[]	[]
ecoli50_r007190	no_hit				0	0	0	0	0	0	[]	[]	[]	[]
ecoli50_r007191	no_hit				0	0	0	0	0	0	[]	[]	[]	[]
ecoli50_r007192	position_consistent_positive	24	forward	81	1	0	1	0	1	0	"[""1035""]"	[]	"[[24,""forward"",81,""1035""]]"	[]
ecoli50_r007193	no_hit				0	0	0	0	0	0	[]	[]	[]	[]
ecoli50_r007194	no_hit				0	0	0	0	0	0	[]	[]	[]	[]
ecoli50_r007195	no_hit				0	0	0	0	0	0	[]	[]	[]	[]
ecoli50_r007196	no_hit				0	0	0	0	0	0	[]	[]	[]	[]
ecoli50_r007197	no_hit				0	0	0	0	0	0	[]	[]	[]	[]
ecoli50_r007198	no_hit				0	0	0	0	0	0	[]	[]	[]	[]
ecoli50_r007199	no_hit				0	0	0	0	0	0	[]	[]	[]	[]
ecoli50_r007200	no_hit				0	0	0	0	0	0	[]	[]	[]	[]
ecoli50_r007201	no_hit				0	0	0	0	0	0	[]	[]	[]	[]
ecoli50_r007202	no_hit				0	0	0	0	0	0	[]	[]	[]	[]
ecoli50_r007203	no_hit				0	0	0	0	0	0	[]	[]	[]	[]
ecoli50_r007204	no_hit				0	0	0	0	0	0	[]	[]	[]	[]
ecoli50_r007205	no_hit				0	0	0	0	0	0	[]	[]	[]	[]
ecoli50_r007206	no_hit				0	0	0	0	0	0	[]	[]	[]	[]
ecoli50_r007207	no_hit				0	0	0	0	0	0	[]	[]	[]	[]
ecoli50_r007208	no_hit				0	0	0	0	0	0	[]	[]	[]	[]
ecoli50_r007209	no_hit				0	0	0	0	0	0	[]	[]	[]	[]
ecoli50_r007210	position_consistent_positive	9	forward	81	1	0	1	0	1	0	"[""925""]"	[]	"[[9,""forward"",81,""925""]]"	[]
ecoli50_r007211	no_hit				0	0	0	0	0	0	[]	[]	[]	[]
ecoli50_r007212	no_hit				0	0	0	0	0	0	[]	[]	[]	[]
ecoli50_r007213	no_hit				0	0	0	0	0	0	[]	[]	[]	[]
ecoli50_r007214	no_hit				0	0	0	0	0	0	[]	[]	[]	[]
ecoli50_r007215	position_consistent_positive	7	forward	81	1	0	1	0	1	0	"[""2743""]"	[]	"[[7,""forward"",81,""2743""]]"	[]
ecoli50_r007216	no_hit				0	0	0	0	0	0	[]	[]	[]	[]
ecoli50_r007217	no_hit				0	0	0	0	0	0	[]	[]	[]	[]
ecoli50_r007218	no_hit				0	0	0	0	0	0	[]	[]	[]	[]
ecoli50_r007219	position_consistent_positive	10	forward	81	1	0	1	0	1	0	"[""1842""]"	[]	"[[10,""forward"",81,""1842""]]"	[]
ecoli50_r007220	no_hit				0	0	0	0	0	0	[]	[]	[]	[]
ecoli50_r007221	no_hit				0	0	0	0	0	0	[]	[]	[]	[]
ecoli50_r007222	no_hit				0	0	0	0	0	0	[]	[]	[]	[]
ecoli50_r007223	no_hit				0	0	0	0	0	0	[]	[]	[]	[]
ecoli50_r007224	no_hit				0	0	0	0	0	0	[]	[]	[]	[]
ecoli50_r007225	no_hit				0	0	0	0	0	0	[]	[]	[]	[]
ecoli50_r007226	no_hit				0	0	0	0	0	0	[]	[]	[]	[]
ecoli50_r007227	no_hit				0	0	0	0	0	0	[]	[]	[]	[]
ecoli50_r007228	no_hit				0	0	0	0	0	0	[]	[]	[]	[]
ecoli50_r007229	no_hit				0	0	0	0	0	0	[]	[]	[]	[]
ecoli50_r007230	no_hit				0	0	0	0	0	0	[]	[]	[]	[]
ecoli50_r007231	no_hit				0	0	0	0	0	0	[]	[]	[]	[]
ecoli50_r007232	no_hit				0	0	0	0	0	0	[]	[]	[]	[]
ecoli50_r007233	no_hit				0	0	0	0	0	0	[]	[]	[]	[]
ecoli50_r007234	no_hit				0	0	0	0	0	0	[]	[]	[]	[]
ecoli50_r007235	no_hit				0	0	0	0	0	0	[]	[]	[]	[]
ecoli50_r007236	no_hit				0	0	0	0	0	0	[]	[]	[]	[]
ecoli50_r007237	no_hit				0	0	0	0	0	0	[]	[]	[]	[]
ecoli50_r007238	no_hit				0	0	0	0	0	0	[]	[]	[]	[]
ecoli50_r007239	no_hit				0	0	0	0	0	0	[]	[]	[]	[]
ecoli50_r007240	no_hit				0	0	0	0	0	0	[]	[]	[]	[]
ecoli50_r007241	no_hit				0	0	0	0	0	0	[]	[]	[]	[]
ecoli50_r007242	no_hit				0	0	0	0	0	0	[]	[]	[]	[]
ecoli50_r007243	no_hit				0	0	0	0	0	0	[]	[]	[]	[]
ecoli50_r007244	no_hit				0	0	0	0	0	0	[]	[]	[]	[]
ecoli50_r007245	no_hit				0	0	0	0	0	0	[]	[]	[]	[]
ecoli50_r007246	no_hit				0	0	0	0	0	0	[]	[]	[]	[]
ecoli50_r007247	no_hit				0	0	0	0	0	0	[]	[]	[]	[]
ecoli50_r007248	no_hit				0	0	0	0	0	0	[]	[]	[]	[]
ecoli50_r007249	no_hit				0	0	0	0	0	0	[]	[]	[]	[]
ecoli50_r007250	no_hit				0	0	0	0	0	0	[]	[]	[]	[]
ecoli50_r007251	no_hit				0	0	0	0	0	0	[]	[]	[]	[]
ecoli50_r007252	no_hit				0	0	0	0	0	0	[]	[]	[]	[]
ecoli50_r007253	no_hit				0	0	0	0	0	0	[]	[]	[]	[]
ecoli50_r007254	no_hit				0	0	0	0	0	0	[]	[]	[]	[]
ecoli50_r007255	no_hit				0	0	0	0	0	0	[]	[]	[]	[]
ecoli50_r007256	no_hit				0	0	0	0	0	0	[]	[]	[]	[]
ecoli50_r007257	no_hit				0	0	0	0	0	0	[]	[]	[]	[]
ecoli50_r007258	no_hit				0	0	0	0	0	0	[]	[]	[]	[]
ecoli50_r007259	no_hit				0	0	0	0	0	0	[]	[]	[]	[]
ecoli50_r007260	no_hit				0	0	0	0	0	0	[]	[]	[]	[]
ecoli50_r007261	no_hit				0	0	0	0	0	0	[]	[]	[]	[]
ecoli50_r007262	no_hit				0	0	0	0	0	0	[]	[]	[]	[]
ecoli50_r007263	no_hit				0	0	0	0	0	0	[]	[]	[]	[]
ecoli50_r007264	no_hit				0	0	0	0	0	0	[]	[]	[]	[]
ecoli50_r007265	no_hit				0	0	0	0	0	0	[]	[]	[]	[]
ecoli50_r007266	no_hit				0	0	0	0	0	0	[]	[]	[]	[]
ecoli50_r007267	no_hit				0	0	0	0	0	0	[]	[]	[]	[]
ecoli50_r007268	no_hit				0	0	0	0	0	0	[]	[]	[]	[]
ecoli50_r007269	no_hit				0	0	0	0	0	0	[]	[]	[]	[]
ecoli50_r007270	no_hit				0	0	0	0	0	0	[]	[]	[]	[]
ecoli50_r007271	no_hit				0	0	0	0	0	0	[]	[]	[]	[]
ecoli50_r007272	no_hit				0	0	0	0	0	0	[]	[]	[]	[]
ecoli50_r007273	no_hit				0	0	0	0	0	0	[]	[]	[]	[]
ecoli50_r007274	no_hit				0	0	0	0	0	0	[]	[]	[]	[]
ecoli50_r007275	no_hit				0	0	0	0	0	0	[]	[]	[]	[]
ecoli50_r007276	no_hit				0	0	0	0	0	0	[]	[]	[]	[]
ecoli50_r007277	position_consistent_positive	10	forward	81	1	0	1	0	1	0	"[""1890""]"	[]	"[[10,""forward"",81,""1890""]]"	[]
ecoli50_r007278	position_consistent_positive	4	reverse	81	1	0	1	0	1	0	"[""1890""]"	[]	"[[4,""reverse"",81,""1890""]]"	[]
ecoli50_r007279	no_hit				0	0	0	0	0	0	[]	[]	[]	[]
ecoli50_r007280	no_hit				0	0	0	0	0	0	[]	[]	[]	[]
ecoli50_r007281	no_hit				0	0	0	0	0	0	[]	[]	[]	[]
ecoli50_r007282	no_hit				0	0	0	0	0	0	[]	[]	[]	[]
ecoli50_r007283	no_hit				0	0	0	0	0	0	[]	[]	[]	[]
ecoli50_r007284	position_consistent_positive	11	forward	81	1	0	1	0	1	0	"[""2138""]"	[]	"[[11,""forward"",81,""2138""]]"	[]
ecoli50_r007285	position_consistent_positive	4	forward	81	1	0	1	0	1	0	"[""2138""]"	[]	"[[4,""forward"",81,""2138""]]"	[]
ecoli50_r007286	no_hit				0	0	0	0	0	0	[]	[]	[]	[]
ecoli50_r007287	no_hit				0	0	0	0	0	0	[]	[]	[]	[]
ecoli50_r007288	no_hit				0	0	0	0	0	0	[]	[]	[]	[]
ecoli50_r007289	no_hit				0	0	0	0	0	0	[]	[]	[]	[]
ecoli50_r007290	no_hit				0	0	0	0	0	0	[]	[]	[]	[]
ecoli50_r007291	no_hit				0	0	0	0	0	0	[]	[]	[]	[]
ecoli50_r007292	no_hit				0	0	0	0	0	0	[]	[]	[]	[]
ecoli50_r007293	no_hit				0	0	0	0	0	0	[]	[]	[]	[]
ecoli50_r007294	no_hit				0	0	0	0	0	0	[]	[]	[]	[]
ecoli50_r007295	no_hit				0	0	0	0	0	0	[]	[]	[]	[]
ecoli50_r007296	no_hit				0	0	0	0	0	0	[]	[]	[]	[]
ecoli50_r007297	no_hit				0	0	0	0	0	0	[]	[]	[]	[]
ecoli50_r007298	no_hit				0	0	0	0	0	0	[]	[]	[]	[]
ecoli50_r007299	no_hit				0	0	0	0	0	0	[]	[]	[]	[]
ecoli50_r007300	no_hit				0	0	0	0	0	0	[]	[]	[]	[]
ecoli50_r007301	no_hit				0	0	0	0	0	0	[]	[]	[]	[]
ecoli50_r007302	no_hit				0	0	0	0	0	0	[]	[]	[]	[]
ecoli50_r007303	no_hit				0	0	0	0	0	0	[]	[]	[]	[]
ecoli50_r007304	no_hit				0	0	0	0	0	0	[]	[]	[]	[]
ecoli50_r007305	no_hit				0	0	0	0	0	0	[]	[]	[]	[]
ecoli50_r007306	no_hit				0	0	0	0	0	0	[]	[]	[]	[]
ecoli50_r007307	no_hit				0	0	0	0	0	0	[]	[]	[]	[]
ecoli50_r007308	no_hit				0	0	0	0	0	0	[]	[]	[]	[]
ecoli50_r007309	no_hit				0	0	0	0	0	0	[]	[]	[]	[]
ecoli50_r007310	no_hit				0	0	0	0	0	0	[]	[]	[]	[]
ecoli50_r007311	no_hit				0	0	0	0	0	0	[]	[]	[]	[]
ecoli50_r007312	no_hit				0	0	0	0	0	0	[]	[]	[]	[]
ecoli50_r007313	no_hit				0	0	0	0	0	0	[]	[]	[]	[]
ecoli50_r007314	no_hit				0	0	0	0	0	0	[]	[]	[]	[]
ecoli50_r007315	no_hit				0	0	0	0	0	0	[]	[]	[]	[]
ecoli50_r007316	no_hit				0	0	0	0	0	0	[]	[]	[]	[]
ecoli50_r007317	no_hit				0	0	0	0	0	0	[]	[]	[]	[]
ecoli50_r007318	no_hit				0	0	0	0	0	0	[]	[]	[]	[]
ecoli50_r007319	no_hit				0	0	0	0	0	0	[]	[]	[]	[]
ecoli50_r007320	no_hit				0	0	0	0	0	0	[]	[]	[]	[]
ecoli50_r007321	no_hit				0	0	0	0	0	0	[]	[]	[]	[]
ecoli50_r007322	no_hit				0	0	0	0	0	0	[]	[]	[]	[]
ecoli50_r007323	no_hit				0	0	0	0	0	0	[]	[]	[]	[]
ecoli50_r007324	no_hit				0	0	0	0	0	0	[]	[]	[]	[]
ecoli50_r007325	no_hit				0	0	0	0	0	0	[]	[]	[]	[]
ecoli50_r007326	no_hit				0	0	0	0	0	0	[]	[]	[]	[]
ecoli50_r007327	no_hit				0	0	0	0	0	0	[]	[]	[]	[]
ecoli50_r007328	no_hit				0	0	0	0	0	0	[]	[]	[]	[]
ecoli50_r007329	no_hit				0	0	0	0	0	0	[]	[]	[]	[]
ecoli50_r007330	no_hit				0	0	0	0	0	0	[]	[]	[]	[]
ecoli50_r007331	no_hit				0	0	0	0	0	0	[]	[]	[]	[]
ecoli50_r007332	no_hit				0	0	0	0	0	0	[]	[]	[]	[]
ecoli50_r007333	no_hit				0	0	0	0	0	0	[]	[]	[]	[]
ecoli50_r007334	no_hit				0	0	0	0	0	0	[]	[]	[]	[]
ecoli50_r007335	no_hit				0	0	0	0	0	0	[]	[]	[]	[]
ecoli50_r007336	no_hit				0	0	0	0	0	0	[]	[]	[]	[]
ecoli50_r007337	no_hit				0	0	0	0	0	0	[]	[]	[]	[]
ecoli50_r007338	no_hit				0	0	0	0	0	0	[]	[]	[]	[]
ecoli50_r007339	no_hit				0	0	0	0	0	0	[]	[]	[]	[]
ecoli50_r007340	no_hit				0	0	0	0	0	0	[]	[]	[]	[]
ecoli50_r007341	no_hit				0	0	0	0	0	0	[]	[]	[]	[]
ecoli50_r007342	no_hit				0	0	0	0	0	0	[]	[]	[]	[]
ecoli50_r007343	no_hit				0	0	0	0	0	0	[]	[]	[]	[]
ecoli50_r007344	position_consistent_positive	11	forward	81	1	0	1	0	1	0	"[""2779""]"	[]	"[[11,""forward"",81,""2779""]]"	[]
ecoli50_r007345	no_hit				0	0	0	0	0	0	[]	[]	[]	[]
ecoli50_r007346	no_hit				0	0	0	0	0	0	[]	[]	[]	[]
ecoli50_r007347	no_hit				0	0	0	0	0	0	[]	[]	[]	[]
ecoli50_r007348	no_hit				0	0	0	0	0	0	[]	[]	[]	[]
ecoli50_r007349	no_hit				0	0	0	0	0	0	[]	[]	[]	[]
ecoli50_r007350	no_hit				0	0	0	0	0	0	[]	[]	[]	[]
ecoli50_r007351	no_hit				0	0	0	0	0	0	[]	[]	[]	[]
ecoli50_r007352	position_consistent_positive	3	reverse	81	1	0	1	0	1	0	"[""3070""]"	[]	"[[3,""reverse"",81,""3070""]]"	[]
ecoli50_r007353	position_consistent_positive	12	forward	81	1	0	1	0	1	0	"[""3070""]"	[]	"[[12,""forward"",81,""3070""]]"	[]
ecoli50_r007354	position_consistent_positive	12	forward	81	1	0	1	0	1	0	"[""758""]"	[]	"[[12,""forward"",81,""758""]]"	[]
ecoli50_r007355	no_hit				0	0	0	0	0	0	[]	[]	[]	[]
ecoli50_r007356	no_hit				0	0	0	0	0	0	[]	[]	[]	[]
ecoli50_r007357	no_hit				0	0	0	0	0	0	[]	[]	[]	[]
ecoli50_r007358	no_hit				0	0	0	0	0	0	[]	[]	[]	[]
ecoli50_r007359	no_hit				0	0	0	0	0	0	[]	[]	[]	[]
ecoli50_r007360	no_hit				0	0	0	0	0	0	[]	[]	[]	[]
ecoli50_r007361	no_hit				0	0	0	0	0	0	[]	[]	[]	[]
ecoli50_r007362	no_hit				0	0	0	0	0	0	[]	[]	[]	[]
ecoli50_r007363	no_hit				0	0	0	0	0	0	[]	[]	[]	[]
ecoli50_r007364	no_hit				0	0	0	0	0	0	[]	[]	[]	[]
ecoli50_r007365	no_hit				0	0	0	0	0	0	[]	[]	[]	[]
ecoli50_r007366	no_hit				0	0	0	0	0	0	[]	[]	[]	[]
ecoli50_r007367	no_hit				0	0	0	0	0	0	[]	[]	[]	[]
ecoli50_r007368	no_hit				0	0	0	0	0	0	[]	[]	[]	[]
ecoli50_r007369	no_hit				0	0	0	0	0	0	[]	[]	[]	[]
ecoli50_r007370	no_hit				0	0	0	0	0	0	[]	[]	[]	[]
ecoli50_r007371	no_hit				0	0	0	0	0	0	[]	[]	[]	[]
ecoli50_r007372	no_hit				0	0	0	0	0	0	[]	[]	[]	[]
ecoli50_r007373	no_hit				0	0	0	0	0	0	[]	[]	[]	[]
ecoli50_r007374	no_hit				0	0	0	0	0	0	[]	[]	[]	[]
ecoli50_r007375	no_hit				0	0	0	0	0	0	[]	[]	[]	[]
ecoli50_r007376	no_hit				0	0	0	0	0	0	[]	[]	[]	[]
ecoli50_r007377	no_hit				0	0	0	0	0	0	[]	[]	[]	[]
ecoli50_r007378	no_hit				0	0	0	0	0	0	[]	[]	[]	[]
ecoli50_r007379	no_hit				0	0	0	0	0	0	[]	[]	[]	[]
ecoli50_r007380	no_hit				0	0	0	0	0	0	[]	[]	[]	[]
ecoli50_r007381	no_hit				0	0	0	0	0	0	[]	[]	[]	[]
ecoli50_r007382	no_hit				0	0	0	0	0	0	[]	[]	[]	[]
ecoli50_r007383	no_hit				0	0	0	0	0	0	[]	[]	[]	[]
ecoli50_r007384	no_hit				0	0	0	0	0	0	[]	[]	[]	[]
ecoli50_r007385	no_hit				0	0	0	0	0	0	[]	[]	[]	[]
ecoli50_r007386	no_hit				0	0	0	0	0	0	[]	[]	[]	[]
ecoli50_r007387	no_hit				0	0	0	0	0	0	[]	[]	[]	[]
ecoli50_r007388	no_hit				0	0	0	0	0	0	[]	[]	[]	[]
ecoli50_r007389	no_hit				0	0	0	0	0	0	[]	[]	[]	[]
ecoli50_r007390	no_hit				0	0	0	0	0	0	[]	[]	[]	[]
ecoli50_r007391	no_hit				0	0	0	0	0	0	[]	[]	[]	[]
ecoli50_r007392	no_hit				0	0	0	0	0	0	[]	[]	[]	[]
ecoli50_r007393	no_hit				0	0	0	0	0	0	[]	[]	[]	[]
ecoli50_r007394	no_hit				0	0	0	0	0	0	[]	[]	[]	[]
ecoli50_r007395	no_hit				0	0	0	0	0	0	[]	[]	[]	[]
ecoli50_r007396	no_hit				0	0	0	0	0	0	[]	[]	[]	[]
ecoli50_r007397	no_hit				0	0	0	0	0	0	[]	[]	[]	[]
ecoli50_r007398	no_hit				0	0	0	0	0	0	[]	[]	[]	[]
ecoli50_r007399	no_hit				0	0	0	0	0	0	[]	[]	[]	[]
ecoli50_r007400	no_hit				0	0	0	0	0	0	[]	[]	[]	[]
ecoli50_r007401	no_hit				0	0	0	0	0	0	[]	[]	[]	[]
ecoli50_r007402	no_hit				0	0	0	0	0	0	[]	[]	[]	[]
ecoli50_r007403	no_hit				0	0	0	0	0	0	[]	[]	[]	[]
ecoli50_r007404	position_consistent_positive	16	reverse	81	1	0	1	0	1	0	"[""2967""]"	[]	"[[16,""reverse"",81,""2967""]]"	[]
ecoli50_r007405	position_consistent_positive	3	forward	81	1	0	1	0	1	0	"[""2967""]"	[]	"[[3,""forward"",81,""2967""]]"	[]
ecoli50_r007406	position_consistent_positive	24	forward	81	1	0	1	0	1	0	"[""2967""]"	[]	"[[24,""forward"",81,""2967""]]"	[]
ecoli50_r007407	no_hit				0	0	0	0	0	0	[]	[]	[]	[]
ecoli50_r007408	no_hit				0	0	0	0	0	0	[]	[]	[]	[]
ecoli50_r007409	no_hit				0	0	0	0	0	0	[]	[]	[]	[]
ecoli50_r007410	no_hit				0	0	0	0	0	0	[]	[]	[]	[]
ecoli50_r007411	no_hit				0	0	0	0	0	0	[]	[]	[]	[]
ecoli50_r007412	no_hit				0	0	0	0	0	0	[]	[]	[]	[]
ecoli50_r007413	position_consistent_positive	13	forward	81	1	0	1	0	1	0	"[""200""]"	[]	"[[13,""forward"",81,""200""]]"	[]
ecoli50_r007414	no_hit				0	0	0	0	0	0	[]	[]	[]	[]
ecoli50_r007415	no_hit				0	0	0	0	0	0	[]	[]	[]	[]
ecoli50_r007416	no_hit				0	0	0	0	0	0	[]	[]	[]	[]
ecoli50_r007417	no_hit				0	0	0	0	0	0	[]	[]	[]	[]
ecoli50_r007418	no_hit				0	0	0	0	0	0	[]	[]	[]	[]
ecoli50_r007419	no_hit				0	0	0	0	0	0	[]	[]	[]	[]
ecoli50_r007420	no_hit				0	0	0	0	0	0	[]	[]	[]	[]
ecoli50_r007421	no_hit				0	0	0	0	0	0	[]	[]	[]	[]
ecoli50_r007422	no_hit				0	0	0	0	0	0	[]	[]	[]	[]
ecoli50_r007423	no_hit				0	0	0	0	0	0	[]	[]	[]	[]
ecoli50_r007424	no_hit				0	0	0	0	0	0	[]	[]	[]	[]
ecoli50_r007425	no_hit				0	0	0	0	0	0	[]	[]	[]	[]
ecoli50_r007426	no_hit				0	0	0	0	0	0	[]	[]	[]	[]
ecoli50_r007427	ambiguous_positive				2	0	2	0	2	0	"[""1005"",""565""]"	[]	"[[0,""forward"",81,""565""],[12,""forward"",81,""1005""]]"	[]
ecoli50_r007428	no_hit				0	0	0	0	0	0	[]	[]	[]	[]
ecoli50_r007429	no_hit				0	0	0	0	0	0	[]	[]	[]	[]
ecoli50_r007430	no_hit				0	0	0	0	0	0	[]	[]	[]	[]
ecoli50_r007431	no_hit				0	0	0	0	0	0	[]	[]	[]	[]
ecoli50_r007432	no_hit				0	0	0	0	0	0	[]	[]	[]	[]
ecoli50_r007433	no_hit				0	0	0	0	0	0	[]	[]	[]	[]
ecoli50_r007434	no_hit				0	0	0	0	0	0	[]	[]	[]	[]
ecoli50_r007435	no_hit				0	0	0	0	0	0	[]	[]	[]	[]
ecoli50_r007436	no_hit				0	0	0	0	0	0	[]	[]	[]	[]
ecoli50_r007437	no_hit				0	0	0	0	0	0	[]	[]	[]	[]
ecoli50_r007438	no_hit				0	0	0	0	0	0	[]	[]	[]	[]
ecoli50_r007439	no_hit				0	0	0	0	0	0	[]	[]	[]	[]
ecoli50_r007440	no_hit				0	0	0	0	0	0	[]	[]	[]	[]
ecoli50_r007441	no_hit				0	0	0	0	0	0	[]	[]	[]	[]
ecoli50_r007442	position_consistent_positive	11	forward	81	1	0	1	0	1	0	"[""747""]"	[]	"[[11,""forward"",81,""747""]]"	[]
ecoli50_r007443	no_hit				0	0	0	0	0	0	[]	[]	[]	[]
ecoli50_r007444	no_hit				0	0	0	0	0	0	[]	[]	[]	[]
ecoli50_r007445	no_hit				0	0	0	0	0	0	[]	[]	[]	[]
ecoli50_r007446	no_hit				0	0	0	0	0	0	[]	[]	[]	[]
ecoli50_r007447	no_hit				0	0	0	0	0	0	[]	[]	[]	[]
ecoli50_r007448	no_hit				0	0	0	0	0	0	[]	[]	[]	[]
ecoli50_r007449	no_hit				0	0	0	0	0	0	[]	[]	[]	[]
ecoli50_r007450	no_hit				0	0	0	0	0	0	[]	[]	[]	[]
ecoli50_r007451	no_hit				0	0	0	0	0	0	[]	[]	[]	[]
ecoli50_r007452	no_hit				0	0	0	0	0	0	[]	[]	[]	[]
ecoli50_r007453	no_hit				0	0	0	0	0	0	[]	[]	[]	[]
ecoli50_r007454	no_hit				0	0	0	0	0	0	[]	[]	[]	[]
ecoli50_r007455	no_hit				0	0	0	0	0	0	[]	[]	[]	[]
ecoli50_r007456	no_hit				0	0	0	0	0	0	[]	[]	[]	[]
ecoli50_r007457	no_hit				0	0	0	0	0	0	[]	[]	[]	[]
ecoli50_r007458	no_hit				0	0	0	0	0	0	[]	[]	[]	[]
ecoli50_r007459	no_hit				0	0	0	0	0	0	[]	[]	[]	[]
ecoli50_r007460	no_hit				0	0	0	0	0	0	[]	[]	[]	[]
ecoli50_r007461	no_hit				0	0	0	0	0	0	[]	[]	[]	[]
ecoli50_r007462	no_hit				0	0	0	0	0	0	[]	[]	[]	[]
ecoli50_r007463	no_hit				0	0	0	0	0	0	[]	[]	[]	[]
ecoli50_r007464	no_hit				0	0	0	0	0	0	[]	[]	[]	[]
ecoli50_r007465	no_hit				0	0	0	0	0	0	[]	[]	[]	[]
ecoli50_r007466	no_hit				0	0	0	0	0	0	[]	[]	[]	[]
ecoli50_r007467	no_hit				0	0	0	0	0	0	[]	[]	[]	[]
ecoli50_r007468	no_hit				0	0	0	0	0	0	[]	[]	[]	[]
ecoli50_r007469	no_hit				0	0	0	0	0	0	[]	[]	[]	[]
ecoli50_r007470	no_hit				0	0	0	0	0	0	[]	[]	[]	[]
ecoli50_r007471	no_hit				0	0	0	0	0	0	[]	[]	[]	[]
ecoli50_r007472	no_hit				0	0	0	0	0	0	[]	[]	[]	[]
ecoli50_r007473	no_hit				0	0	0	0	0	0	[]	[]	[]	[]
ecoli50_r007474	no_hit				0	0	0	0	0	0	[]	[]	[]	[]
ecoli50_r007475	no_hit				0	0	0	0	0	0	[]	[]	[]	[]
ecoli50_r007476	no_hit				0	0	0	0	0	0	[]	[]	[]	[]
ecoli50_r007477	no_hit				0	0	0	0	0	0	[]	[]	[]	[]
ecoli50_r007478	no_hit				0	0	0	0	0	0	[]	[]	[]	[]
ecoli50_r007479	no_hit				0	0	0	0	0	0	[]	[]	[]	[]
ecoli50_r007480	no_hit				0	0	0	0	0	0	[]	[]	[]	[]
ecoli50_r007481	no_hit				0	0	0	0	0	0	[]	[]	[]	[]
ecoli50_r007482	no_hit				0	0	0	0	0	0	[]	[]	[]	[]
ecoli50_r007483	no_hit				0	0	0	0	0	0	[]	[]	[]	[]
ecoli50_r007484	no_hit				0	0	0	0	0	0	[]	[]	[]	[]
ecoli50_r007485	no_hit				0	0	0	0	0	0	[]	[]	[]	[]
ecoli50_r007486	no_hit				0	0	0	0	0	0	[]	[]	[]	[]
ecoli50_r007487	no_hit				0	0	0	0	0	0	[]	[]	[]	[]
ecoli50_r007488	position_consistent_positive	8	forward	81	1	0	1	0	1	0	"[""92""]"	[]	"[[8,""forward"",81,""92""]]"	[]
ecoli50_r007489	position_consistent_positive	16	forward	81	1	0	1	0	1	0	"[""92""]"	[]	"[[16,""forward"",81,""92""]]"	[]
ecoli50_r007490	no_hit				0	0	0	0	0	0	[]	[]	[]	[]
ecoli50_r007491	no_hit				0	0	0	0	0	0	[]	[]	[]	[]
ecoli50_r007492	no_hit				0	0	0	0	0	0	[]	[]	[]	[]
ecoli50_r007493	no_hit				0	0	0	0	0	0	[]	[]	[]	[]
ecoli50_r007494	no_hit				0	0	0	0	0	0	[]	[]	[]	[]
ecoli50_r007495	no_hit				0	0	0	0	0	0	[]	[]	[]	[]
ecoli50_r007496	no_hit				0	0	0	0	0	0	[]	[]	[]	[]
ecoli50_r007497	no_hit				0	0	0	0	0	0	[]	[]	[]	[]
ecoli50_r007498	no_hit				0	0	0	0	0	0	[]	[]	[]	[]
ecoli50_r007499	no_hit				0	0	0	0	0	0	[]	[]	[]	[]
ecoli50_r007500	no_hit				0	0	0	0	0	0	[]	[]	[]	[]
ecoli50_r007501	no_hit				0	0	0	0	0	0	[]	[]	[]	[]
ecoli50_r007502	no_hit				0	0	0	0	0	0	[]	[]	[]	[]
ecoli50_r007503	no_hit				0	0	0	0	0	0	[]	[]	[]	[]
ecoli50_r007504	no_hit				0	0	0	0	0	0	[]	[]	[]	[]
ecoli50_r007505	no_hit				0	0	0	0	0	0	[]	[]	[]	[]
ecoli50_r007506	no_hit				0	0	0	0	0	0	[]	[]	[]	[]
ecoli50_r007507	no_hit				0	0	0	0	0	0	[]	[]	[]	[]
ecoli50_r007508	no_hit				0	0	0	0	0	0	[]	[]	[]	[]
ecoli50_r007509	no_hit				0	0	0	0	0	0	[]	[]	[]	[]
ecoli50_r007510	no_hit				0	0	0	0	0	0	[]	[]	[]	[]
ecoli50_r007511	no_hit				0	0	0	0	0	0	[]	[]	[]	[]
ecoli50_r007512	no_hit				0	0	0	0	0	0	[]	[]	[]	[]
ecoli50_r007513	no_hit				0	0	0	0	0	0	[]	[]	[]	[]
ecoli50_r007514	no_hit				0	0	0	0	0	0	[]	[]	[]	[]
ecoli50_r007515	no_hit				0	0	0	0	0	0	[]	[]	[]	[]
ecoli50_r007516	no_hit				0	0	0	0	0	0	[]	[]	[]	[]
ecoli50_r007517	no_hit				0	0	0	0	0	0	[]	[]	[]	[]
ecoli50_r007518	no_hit				0	0	0	0	0	0	[]	[]	[]	[]
ecoli50_r007519	no_hit				0	0	0	0	0	0	[]	[]	[]	[]
ecoli50_r007520	no_hit				0	0	0	0	0	0	[]	[]	[]	[]
ecoli50_r007521	no_hit				0	0	0	0	0	0	[]	[]	[]	[]
ecoli50_r007522	no_hit				0	0	0	0	0	0	[]	[]	[]	[]
ecoli50_r007523	no_hit				0	0	0	0	0	0	[]	[]	[]	[]
ecoli50_r007524	no_hit				0	0	0	0	0	0	[]	[]	[]	[]
ecoli50_r007525	no_hit				0	0	0	0	0	0	[]	[]	[]	[]
ecoli50_r007526	no_hit				0	0	0	0	0	0	[]	[]	[]	[]
ecoli50_r007527	no_hit				0	0	0	0	0	0	[]	[]	[]	[]
ecoli50_r007528	no_hit				0	0	0	0	0	0	[]	[]	[]	[]
ecoli50_r007529	no_hit				0	0	0	0	0	0	[]	[]	[]	[]
ecoli50_r007530	no_hit				0	0	0	0	0	0	[]	[]	[]	[]
ecoli50_r007531	no_hit				0	0	0	0	0	0	[]	[]	[]	[]
ecoli50_r007532	no_hit				0	0	0	0	0	0	[]	[]	[]	[]
ecoli50_r007533	no_hit				0	0	0	0	0	0	[]	[]	[]	[]
ecoli50_r007534	no_hit				0	0	0	0	0	0	[]	[]	[]	[]
ecoli50_r007535	no_hit				0	0	0	0	0	0	[]	[]	[]	[]
ecoli50_r007536	no_hit				0	0	0	0	0	0	[]	[]	[]	[]
ecoli50_r007537	position_consistent_positive	10	forward	81	1	0	1	0	1	0	"[""1051""]"	[]	"[[10,""forward"",81,""1051""]]"	[]
ecoli50_r007538	no_hit				0	0	0	0	0	0	[]	[]	[]	[]
ecoli50_r007539	no_hit				0	0	0	0	0	0	[]	[]	[]	[]
ecoli50_r007540	no_hit				0	0	0	0	0	0	[]	[]	[]	[]
ecoli50_r007541	position_consistent_positive	10	forward	81	1	0	1	0	1	0	"[""2346""]"	[]	"[[10,""forward"",81,""2346""]]"	[]
ecoli50_r007542	no_hit				0	0	0	0	0	0	[]	[]	[]	[]
ecoli50_r007543	position_consistent_positive	11	reverse	81	1	0	1	0	1	0	"[""2346""]"	[]	"[[11,""reverse"",81,""2346""]]"	[]
ecoli50_r007544	no_hit				0	0	0	0	0	0	[]	[]	[]	[]
ecoli50_r007545	no_hit				0	0	0	0	0	0	[]	[]	[]	[]
ecoli50_r007546	no_hit				0	0	0	0	0	0	[]	[]	[]	[]
ecoli50_r007547	no_hit				0	0	0	0	0	0	[]	[]	[]	[]
ecoli50_r007548	no_hit				0	0	0	0	0	0	[]	[]	[]	[]
ecoli50_r007549	no_hit				0	0	0	0	0	0	[]	[]	[]	[]
ecoli50_r007550	no_hit				0	0	0	0	0	0	[]	[]	[]	[]
ecoli50_r007551	no_hit				0	0	0	0	0	0	[]	[]	[]	[]
ecoli50_r007552	position_consistent_positive	11	forward	81	1	0	1	0	1	0	"[""2770""]"	[]	"[[11,""forward"",81,""2770""]]"	[]
ecoli50_r007553	position_consistent_positive	2	forward	81	1	0	1	0	1	0	"[""2770""]"	[]	"[[2,""forward"",81,""2770""]]"	[]
ecoli50_r007554	no_hit				0	0	0	0	0	0	[]	[]	[]	[]
ecoli50_r007555	no_hit				0	0	0	0	0	0	[]	[]	[]	[]
ecoli50_r007556	no_hit				0	0	0	0	0	0	[]	[]	[]	[]
ecoli50_r007557	no_hit				0	0	0	0	0	0	[]	[]	[]	[]
ecoli50_r007558	no_hit				0	0	0	0	0	0	[]	[]	[]	[]
ecoli50_r007559	no_hit				0	0	0	0	0	0	[]	[]	[]	[]
ecoli50_r007560	no_hit				0	0	0	0	0	0	[]	[]	[]	[]
ecoli50_r007561	no_hit				0	0	0	0	0	0	[]	[]	[]	[]
ecoli50_r007562	no_hit				0	0	0	0	0	0	[]	[]	[]	[]
ecoli50_r007563	no_hit				0	0	0	0	0	0	[]	[]	[]	[]
ecoli50_r007564	no_hit				0	0	0	0	0	0	[]	[]	[]	[]
ecoli50_r007565	no_hit				0	0	0	0	0	0	[]	[]	[]	[]
ecoli50_r007566	no_hit				0	0	0	0	0	0	[]	[]	[]	[]
ecoli50_r007567	no_hit				0	0	0	0	0	0	[]	[]	[]	[]
ecoli50_r007568	position_consistent_positive	13	forward	81	1	0	1	0	1	0	"[""628""]"	[]	"[[13,""forward"",81,""628""]]"	[]
ecoli50_r007569	position_consistent_positive	12	forward	81	1	0	1	0	1	0	"[""734""]"	[]	"[[12,""forward"",81,""734""]]"	[]
ecoli50_r007570	no_hit				0	0	0	0	0	0	[]	[]	[]	[]
ecoli50_r007571	no_hit				0	0	0	0	0	0	[]	[]	[]	[]
ecoli50_r007572	no_hit				0	0	0	0	0	0	[]	[]	[]	[]
ecoli50_r007573	no_hit				0	0	0	0	0	0	[]	[]	[]	[]
ecoli50_r007574	no_hit				0	0	0	0	0	0	[]	[]	[]	[]
ecoli50_r007575	no_hit				0	0	0	0	0	0	[]	[]	[]	[]
ecoli50_r007576	no_hit				0	0	0	0	0	0	[]	[]	[]	[]
ecoli50_r007577	no_hit				0	0	0	0	0	0	[]	[]	[]	[]
ecoli50_r007578	position_consistent_positive	11	forward	81	1	0	1	0	1	0	"[""3242""]"	[]	"[[11,""forward"",81,""3242""]]"	[]
ecoli50_r007579	no_hit				0	0	0	0	0	0	[]	[]	[]	[]
ecoli50_r007580	no_hit				0	0	0	0	0	0	[]	[]	[]	[]
ecoli50_r007581	no_hit				0	0	0	0	0	0	[]	[]	[]	[]
ecoli50_r007582	no_hit				0	0	0	0	0	0	[]	[]	[]	[]
ecoli50_r007583	position_consistent_positive	15	reverse	81	1	0	1	0	1	0	"[""1991""]"	[]	"[[15,""reverse"",81,""1991""]]"	[]
ecoli50_r007584	no_hit				0	0	0	0	0	0	[]	[]	[]	[]
ecoli50_r007585	no_hit				0	0	0	0	0	0	[]	[]	[]	[]
ecoli50_r007586	no_hit				0	0	0	0	0	0	[]	[]	[]	[]
ecoli50_r007587	no_hit				0	0	0	0	0	0	[]	[]	[]	[]
ecoli50_r007588	no_hit				0	0	0	0	0	0	[]	[]	[]	[]
ecoli50_r007589	no_hit				0	0	0	0	0	0	[]	[]	[]	[]
ecoli50_r007590	no_hit				0	0	0	0	0	0	[]	[]	[]	[]
ecoli50_r007591	no_hit				0	0	0	0	0	0	[]	[]	[]	[]
ecoli50_r007592	no_hit				0	0	0	0	0	0	[]	[]	[]	[]
ecoli50_r007593	no_hit				0	0	0	0	0	0	[]	[]	[]	[]
ecoli50_r007594	no_hit				0	0	0	0	0	0	[]	[]	[]	[]
ecoli50_r007595	no_hit				0	0	0	0	0	0	[]	[]	[]	[]
ecoli50_r007596	no_hit				0	0	0	0	0	0	[]	[]	[]	[]
ecoli50_r007597	no_hit				0	0	0	0	0	0	[]	[]	[]	[]
ecoli50_r007598	no_hit				0	0	0	0	0	0	[]	[]	[]	[]
ecoli50_r007599	no_hit				0	0	0	0	0	0	[]	[]	[]	[]
ecoli50_r007600	no_hit				0	0	0	0	0	0	[]	[]	[]	[]
ecoli50_r007601	no_hit				0	0	0	0	0	0	[]	[]	[]	[]
ecoli50_r007602	no_hit				0	0	0	0	0	0	[]	[]	[]	[]
ecoli50_r007603	no_hit				0	0	0	0	0	0	[]	[]	[]	[]
ecoli50_r007604	no_hit				0	0	0	0	0	0	[]	[]	[]	[]
ecoli50_r007605	no_hit				0	0	0	0	0	0	[]	[]	[]	[]
ecoli50_r007606	no_hit				0	0	0	0	0	0	[]	[]	[]	[]
ecoli50_r007607	no_hit				0	0	0	0	0	0	[]	[]	[]	[]
ecoli50_r007608	position_consistent_positive	10	forward	81	1	0	1	0	1	0	"[""25""]"	[]	"[[10,""forward"",81,""25""]]"	[]
ecoli50_r007609	position_consistent_positive	8	reverse	81	1	0	1	0	1	0	"[""25""]"	[]	"[[8,""reverse"",81,""25""]]"	[]
ecoli50_r007610	no_hit				0	0	0	0	0	0	[]	[]	[]	[]
ecoli50_r007611	no_hit				0	0	0	0	0	0	[]	[]	[]	[]
ecoli50_r007612	no_hit				0	0	0	0	0	0	[]	[]	[]	[]
ecoli50_r007613	no_hit				0	0	0	0	0	0	[]	[]	[]	[]
ecoli50_r007614	no_hit				0	0	0	0	0	0	[]	[]	[]	[]
ecoli50_r007615	no_hit				0	0	0	0	0	0	[]	[]	[]	[]
ecoli50_r007616	no_hit				0	0	0	0	0	0	[]	[]	[]	[]
ecoli50_r007617	no_hit				0	0	0	0	0	0	[]	[]	[]	[]
ecoli50_r007618	no_hit				0	0	0	0	0	0	[]	[]	[]	[]
ecoli50_r007619	no_hit				0	0	0	0	0	0	[]	[]	[]	[]
ecoli50_r007620	position_consistent_positive	13	reverse	81	1	0	1	0	1	0	"[""1357""]"	[]	"[[13,""reverse"",81,""1357""]]"	[]
ecoli50_r007621	no_hit				0	0	0	0	0	0	[]	[]	[]	[]
ecoli50_r007622	no_hit				0	0	0	0	0	0	[]	[]	[]	[]
ecoli50_r007623	no_hit				0	0	0	0	0	0	[]	[]	[]	[]
ecoli50_r007624	no_hit				0	0	0	0	0	0	[]	[]	[]	[]
ecoli50_r007625	position_consistent_positive	10	forward	81	1	0	1	0	1	0	"[""2879""]"	[]	"[[10,""forward"",81,""2879""]]"	[]
ecoli50_r007626	no_hit				0	0	0	0	0	0	[]	[]	[]	[]
ecoli50_r007627	position_consistent_positive	10	forward	81	1	0	1	0	1	0	"[""1687""]"	[]	"[[10,""forward"",81,""1687""]]"	[]
ecoli50_r007628	no_hit				0	0	0	0	0	0	[]	[]	[]	[]
ecoli50_r007629	no_hit				0	0	0	0	0	0	[]	[]	[]	[]
ecoli50_r007630	no_hit				0	0	0	0	0	0	[]	[]	[]	[]
ecoli50_r007631	no_hit				0	0	0	0	0	0	[]	[]	[]	[]
ecoli50_r007632	no_hit				0	0	0	0	0	0	[]	[]	[]	[]
ecoli50_r007633	no_hit				0	0	0	0	0	0	[]	[]	[]	[]
ecoli50_r007634	no_hit				0	0	0	0	0	0	[]	[]	[]	[]
ecoli50_r007635	no_hit				0	0	0	0	0	0	[]	[]	[]	[]
ecoli50_r007636	no_hit				0	0	0	0	0	0	[]	[]	[]	[]
ecoli50_r007637	no_hit				0	0	0	0	0	0	[]	[]	[]	[]
ecoli50_r007638	no_hit				0	0	0	0	0	0	[]	[]	[]	[]
ecoli50_r007639	no_hit				0	0	0	0	0	0	[]	[]	[]	[]
ecoli50_r007640	no_hit				0	0	0	0	0	0	[]	[]	[]	[]
ecoli50_r007641	no_hit				0	0	0	0	0	0	[]	[]	[]	[]
ecoli50_r007642	no_hit				0	0	0	0	0	0	[]	[]	[]	[]
ecoli50_r007643	no_hit				0	0	0	0	0	0	[]	[]	[]	[]
ecoli50_r007644	no_hit				0	0	0	0	0	0	[]	[]	[]	[]
ecoli50_r007645	no_hit				0	0	0	0	0	0	[]	[]	[]	[]
ecoli50_r007646	no_hit				0	0	0	0	0	0	[]	[]	[]	[]
ecoli50_r007647	no_hit				0	0	0	0	0	0	[]	[]	[]	[]
ecoli50_r007648	no_hit				0	0	0	0	0	0	[]	[]	[]	[]
ecoli50_r007649	no_hit				0	0	0	0	0	0	[]	[]	[]	[]
ecoli50_r007650	no_hit				0	0	0	0	0	0	[]	[]	[]	[]
ecoli50_r007651	no_hit				0	0	0	0	0	0	[]	[]	[]	[]
ecoli50_r007652	no_hit				0	0	0	0	0	0	[]	[]	[]	[]
ecoli50_r007653	no_hit				0	0	0	0	0	0	[]	[]	[]	[]
ecoli50_r007654	no_hit				0	0	0	0	0	0	[]	[]	[]	[]
ecoli50_r007655	no_hit				0	0	0	0	0	0	[]	[]	[]	[]
ecoli50_r007656	no_hit				0	0	0	0	0	0	[]	[]	[]	[]
ecoli50_r007657	no_hit				0	0	0	0	0	0	[]	[]	[]	[]
ecoli50_r007658	no_hit				0	0	0	0	0	0	[]	[]	[]	[]
ecoli50_r007659	no_hit				0	0	0	0	0	0	[]	[]	[]	[]
ecoli50_r007660	no_hit				0	0	0	0	0	0	[]	[]	[]	[]
ecoli50_r007661	no_hit				0	0	0	0	0	0	[]	[]	[]	[]
ecoli50_r007662	no_hit				0	0	0	0	0	0	[]	[]	[]	[]
ecoli50_r007663	no_hit				0	0	0	0	0	0	[]	[]	[]	[]
ecoli50_r007664	no_hit				0	0	0	0	0	0	[]	[]	[]	[]
ecoli50_r007665	no_hit				0	0	0	0	0	0	[]	[]	[]	[]
ecoli50_r007666	no_hit				0	0	0	0	0	0	[]	[]	[]	[]
ecoli50_r007667	no_hit				0	0	0	0	0	0	[]	[]	[]	[]
ecoli50_r007668	no_hit				0	0	0	0	0	0	[]	[]	[]	[]
ecoli50_r007669	no_hit				0	0	0	0	0	0	[]	[]	[]	[]
ecoli50_r007670	no_hit				0	0	0	0	0	0	[]	[]	[]	[]
ecoli50_r007671	no_hit				0	0	0	0	0	0	[]	[]	[]	[]
ecoli50_r007672	no_hit				0	0	0	0	0	0	[]	[]	[]	[]
ecoli50_r007673	no_hit				0	0	0	0	0	0	[]	[]	[]	[]
ecoli50_r007674	no_hit				0	0	0	0	0	0	[]	[]	[]	[]
ecoli50_r007675	no_hit				0	0	0	0	0	0	[]	[]	[]	[]
ecoli50_r007676	no_hit				0	0	0	0	0	0	[]	[]	[]	[]
ecoli50_r007677	no_hit				0	0	0	0	0	0	[]	[]	[]	[]
ecoli50_r007678	no_hit				0	0	0	0	0	0	[]	[]	[]	[]
ecoli50_r007679	no_hit				0	0	0	0	0	0	[]	[]	[]	[]
ecoli50_r007680	no_hit				0	0	0	0	0	0	[]	[]	[]	[]
ecoli50_r007681	no_hit				0	0	0	0	0	0	[]	[]	[]	[]
ecoli50_r007682	no_hit				0	0	0	0	0	0	[]	[]	[]	[]
ecoli50_r007683	no_hit				0	0	0	0	0	0	[]	[]	[]	[]
ecoli50_r007684	no_hit				0	0	0	0	0	0	[]	[]	[]	[]
ecoli50_r007685	no_hit				0	0	0	0	0	0	[]	[]	[]	[]
ecoli50_r007686	no_hit				0	0	0	0	0	0	[]	[]	[]	[]
ecoli50_r007687	no_hit				0	0	0	0	0	0	[]	[]	[]	[]
ecoli50_r007688	position_consistent_positive	1	reverse	81	1	0	1	0	1	0	"[""2828""]"	[]	"[[1,""reverse"",81,""2828""]]"	[]
ecoli50_r007689	position_consistent_positive	11	forward	81	1	0	1	0	1	0	"[""2828""]"	[]	"[[11,""forward"",81,""2828""]]"	[]
ecoli50_r007690	no_hit				0	0	0	0	0	0	[]	[]	[]	[]
ecoli50_r007691	position_consistent_positive	7	reverse	81	1	0	1	0	1	0	"[""1512""]"	[]	"[[7,""reverse"",81,""1512""]]"	[]
ecoli50_r007692	no_hit				0	0	0	0	0	0	[]	[]	[]	[]
ecoli50_r007693	no_hit				0	0	0	0	0	0	[]	[]	[]	[]
ecoli50_r007694	no_hit				0	0	0	0	0	0	[]	[]	[]	[]
ecoli50_r007695	no_hit				0	0	0	0	0	0	[]	[]	[]	[]
ecoli50_r007696	no_hit				0	0	0	0	0	0	[]	[]	[]	[]
ecoli50_r007697	no_hit				0	0	0	0	0	0	[]	[]	[]	[]
ecoli50_r007698	no_hit				0	0	0	0	0	0	[]	[]	[]	[]
ecoli50_r007699	no_hit				0	0	0	0	0	0	[]	[]	[]	[]
ecoli50_r007700	no_hit				0	0	0	0	0	0	[]	[]	[]	[]
ecoli50_r007701	no_hit				0	0	0	0	0	0	[]	[]	[]	[]
ecoli50_r007702	no_hit				0	0	0	0	0	0	[]	[]	[]	[]
ecoli50_r007703	no_hit				0	0	0	0	0	0	[]	[]	[]	[]
ecoli50_r007704	no_hit				0	0	0	0	0	0	[]	[]	[]	[]
ecoli50_r007705	no_hit				0	0	0	0	0	0	[]	[]	[]	[]
ecoli50_r007706	position_consistent_positive	18	forward	81	1	0	1	0	1	0	"[""3029""]"	[]	"[[18,""forward"",81,""3029""]]"	[]
ecoli50_r007707	position_consistent_positive	10	forward	81	1	0	1	0	1	0	"[""3029""]"	[]	"[[10,""forward"",81,""3029""]]"	[]
ecoli50_r007708	no_hit				0	0	0	0	0	0	[]	[]	[]	[]
ecoli50_r007709	no_hit				0	0	0	0	0	0	[]	[]	[]	[]
ecoli50_r007710	no_hit				0	0	0	0	0	0	[]	[]	[]	[]
ecoli50_r007711	no_hit				0	0	0	0	0	0	[]	[]	[]	[]
ecoli50_r007712	no_hit				0	0	0	0	0	0	[]	[]	[]	[]
ecoli50_r007713	no_hit				0	0	0	0	0	0	[]	[]	[]	[]
ecoli50_r007714	no_hit				0	0	0	0	0	0	[]	[]	[]	[]
ecoli50_r007715	no_hit				0	0	0	0	0	0	[]	[]	[]	[]
ecoli50_r007716	no_hit				0	0	0	0	0	0	[]	[]	[]	[]
ecoli50_r007717	no_hit				0	0	0	0	0	0	[]	[]	[]	[]
ecoli50_r007718	no_hit				0	0	0	0	0	0	[]	[]	[]	[]
ecoli50_r007719	no_hit				0	0	0	0	0	0	[]	[]	[]	[]
ecoli50_r007720	no_hit				0	0	0	0	0	0	[]	[]	[]	[]
ecoli50_r007721	no_hit				0	0	0	0	0	0	[]	[]	[]	[]
ecoli50_r007722	no_hit				0	0	0	0	0	0	[]	[]	[]	[]
ecoli50_r007723	no_hit				0	0	0	0	0	0	[]	[]	[]	[]
ecoli50_r007724	no_hit				0	0	0	0	0	0	[]	[]	[]	[]
ecoli50_r007725	no_hit				0	0	0	0	0	0	[]	[]	[]	[]
ecoli50_r007726	no_hit				0	0	0	0	0	0	[]	[]	[]	[]
ecoli50_r007727	no_hit				0	0	0	0	0	0	[]	[]	[]	[]
ecoli50_r007728	no_hit				0	0	0	0	0	0	[]	[]	[]	[]
ecoli50_r007729	no_hit				0	0	0	0	0	0	[]	[]	[]	[]
ecoli50_r007730	no_hit				0	0	0	0	0	0	[]	[]	[]	[]
ecoli50_r007731	no_hit				0	0	0	0	0	0	[]	[]	[]	[]
ecoli50_r007732	no_hit				0	0	0	0	0	0	[]	[]	[]	[]
ecoli50_r007733	no_hit				0	0	0	0	0	0	[]	[]	[]	[]
ecoli50_r007734	no_hit				0	0	0	0	0	0	[]	[]	[]	[]
ecoli50_r007735	no_hit				0	0	0	0	0	0	[]	[]	[]	[]
ecoli50_r007736	no_hit				0	0	0	0	0	0	[]	[]	[]	[]
ecoli50_r007737	no_hit				0	0	0	0	0	0	[]	[]	[]	[]
ecoli50_r007738	no_hit				0	0	0	0	0	0	[]	[]	[]	[]
ecoli50_r007739	no_hit				0	0	0	0	0	0	[]	[]	[]	[]
ecoli50_r007740	no_hit				0	0	0	0	0	0	[]	[]	[]	[]
ecoli50_r007741	no_hit				0	0	0	0	0	0	[]	[]	[]	[]
ecoli50_r007742	no_hit				0	0	0	0	0	0	[]	[]	[]	[]
ecoli50_r007743	no_hit				0	0	0	0	0	0	[]	[]	[]	[]
ecoli50_r007744	no_hit				0	0	0	0	0	0	[]	[]	[]	[]
ecoli50_r007745	no_hit				0	0	0	0	0	0	[]	[]	[]	[]
ecoli50_r007746	no_hit				0	0	0	0	0	0	[]	[]	[]	[]
ecoli50_r007747	no_hit				0	0	0	0	0	0	[]	[]	[]	[]
ecoli50_r007748	no_hit				0	0	0	0	0	0	[]	[]	[]	[]
ecoli50_r007749	no_hit				0	0	0	0	0	0	[]	[]	[]	[]
ecoli50_r007750	no_hit				0	0	0	0	0	0	[]	[]	[]	[]
ecoli50_r007751	no_hit				0	0	0	0	0	0	[]	[]	[]	[]
ecoli50_r007752	no_hit				0	0	0	0	0	0	[]	[]	[]	[]
ecoli50_r007753	no_hit				0	0	0	0	0	0	[]	[]	[]	[]
ecoli50_r007754	no_hit				0	0	0	0	0	0	[]	[]	[]	[]
ecoli50_r007755	no_hit				0	0	0	0	0	0	[]	[]	[]	[]
ecoli50_r007756	no_hit				0	0	0	0	0	0	[]	[]	[]	[]
ecoli50_r007757	no_hit				0	0	0	0	0	0	[]	[]	[]	[]
ecoli50_r007758	no_hit				0	0	0	0	0	0	[]	[]	[]	[]
ecoli50_r007759	no_hit				0	0	0	0	0	0	[]	[]	[]	[]
ecoli50_r007760	no_hit				0	0	0	0	0	0	[]	[]	[]	[]
ecoli50_r007761	no_hit				0	0	0	0	0	0	[]	[]	[]	[]
ecoli50_r007762	no_hit				0	0	0	0	0	0	[]	[]	[]	[]
ecoli50_r007763	no_hit				0	0	0	0	0	0	[]	[]	[]	[]
ecoli50_r007764	no_hit				0	0	0	0	0	0	[]	[]	[]	[]
ecoli50_r007765	no_hit				0	0	0	0	0	0	[]	[]	[]	[]
ecoli50_r007766	no_hit				0	0	0	0	0	0	[]	[]	[]	[]
ecoli50_r007767	no_hit				0	0	0	0	0	0	[]	[]	[]	[]
ecoli50_r007768	no_hit				0	0	0	0	0	0	[]	[]	[]	[]
ecoli50_r007769	position_consistent_positive	11	forward	81	1	0	1	0	1	0	"[""505""]"	[]	"[[11,""forward"",81,""505""]]"	[]
ecoli50_r007770	no_hit				0	0	0	0	0	0	[]	[]	[]	[]
ecoli50_r007771	no_hit				0	0	0	0	0	0	[]	[]	[]	[]
ecoli50_r007772	no_hit				0	0	0	0	0	0	[]	[]	[]	[]
ecoli50_r007773	no_hit				0	0	0	0	0	0	[]	[]	[]	[]
ecoli50_r007774	no_hit				0	0	0	0	0	0	[]	[]	[]	[]
ecoli50_r007775	no_hit				0	0	0	0	0	0	[]	[]	[]	[]
ecoli50_r007776	no_hit				0	0	0	0	0	0	[]	[]	[]	[]
ecoli50_r007777	no_hit				0	0	0	0	0	0	[]	[]	[]	[]
ecoli50_r007778	no_hit				0	0	0	0	0	0	[]	[]	[]	[]
ecoli50_r007779	no_hit				0	0	0	0	0	0	[]	[]	[]	[]
ecoli50_r007780	no_hit				0	0	0	0	0	0	[]	[]	[]	[]
ecoli50_r007781	no_hit				0	0	0	0	0	0	[]	[]	[]	[]
ecoli50_r007782	no_hit				0	0	0	0	0	0	[]	[]	[]	[]
ecoli50_r007783	position_consistent_positive	20	forward	81	1	0	1	0	1	0	"[""2236""]"	[]	"[[20,""forward"",81,""2236""]]"	[]
ecoli50_r007784	no_hit				0	0	0	0	0	0	[]	[]	[]	[]
ecoli50_r007785	no_hit				0	0	0	0	0	0	[]	[]	[]	[]
ecoli50_r007786	no_hit				0	0	0	0	0	0	[]	[]	[]	[]
ecoli50_r007787	no_hit				0	0	0	0	0	0	[]	[]	[]	[]
ecoli50_r007788	no_hit				0	0	0	0	0	0	[]	[]	[]	[]
ecoli50_r007789	no_hit				0	0	0	0	0	0	[]	[]	[]	[]
ecoli50_r007790	no_hit				0	0	0	0	0	0	[]	[]	[]	[]
ecoli50_r007791	no_hit				0	0	0	0	0	0	[]	[]	[]	[]
ecoli50_r007792	no_hit				0	0	0	0	0	0	[]	[]	[]	[]
ecoli50_r007793	no_hit				0	0	0	0	0	0	[]	[]	[]	[]
ecoli50_r007794	no_hit				0	0	0	0	0	0	[]	[]	[]	[]
ecoli50_r007795	no_hit				0	0	0	0	0	0	[]	[]	[]	[]
ecoli50_r007796	no_hit				0	0	0	0	0	0	[]	[]	[]	[]
ecoli50_r007797	no_hit				0	0	0	0	0	0	[]	[]	[]	[]
ecoli50_r007798	no_hit				0	0	0	0	0	0	[]	[]	[]	[]
ecoli50_r007799	no_hit				0	0	0	0	0	0	[]	[]	[]	[]
ecoli50_r007800	no_hit				0	0	0	0	0	0	[]	[]	[]	[]
ecoli50_r007801	no_hit				0	0	0	0	0	0	[]	[]	[]	[]
ecoli50_r007802	no_hit				0	0	0	0	0	0	[]	[]	[]	[]
ecoli50_r007803	no_hit				0	0	0	0	0	0	[]	[]	[]	[]
ecoli50_r007804	no_hit				0	0	0	0	0	0	[]	[]	[]	[]
ecoli50_r007805	no_hit				0	0	0	0	0	0	[]	[]	[]	[]
ecoli50_r007806	no_hit				0	0	0	0	0	0	[]	[]	[]	[]
ecoli50_r007807	no_hit				0	0	0	0	0	0	[]	[]	[]	[]
ecoli50_r007808	no_hit				0	0	0	0	0	0	[]	[]	[]	[]
ecoli50_r007809	no_hit				0	0	0	0	0	0	[]	[]	[]	[]
ecoli50_r007810	no_hit				0	0	0	0	0	0	[]	[]	[]	[]
ecoli50_r007811	no_hit				0	0	0	0	0	0	[]	[]	[]	[]
ecoli50_r007812	no_hit				0	0	0	0	0	0	[]	[]	[]	[]
ecoli50_r007813	no_hit				0	0	0	0	0	0	[]	[]	[]	[]
ecoli50_r007814	no_hit				0	0	0	0	0	0	[]	[]	[]	[]
ecoli50_r007815	no_hit				0	0	0	0	0	0	[]	[]	[]	[]
ecoli50_r007816	no_hit				0	0	0	0	0	0	[]	[]	[]	[]
ecoli50_r007817	no_hit				0	0	0	0	0	0	[]	[]	[]	[]
ecoli50_r007818	no_hit				0	0	0	0	0	0	[]	[]	[]	[]
ecoli50_r007819	no_hit				0	0	0	0	0	0	[]	[]	[]	[]
ecoli50_r007820	no_hit				0	0	0	0	0	0	[]	[]	[]	[]
ecoli50_r007821	no_hit				0	0	0	0	0	0	[]	[]	[]	[]
ecoli50_r007822	no_hit				0	0	0	0	0	0	[]	[]	[]	[]
ecoli50_r007823	no_hit				0	0	0	0	0	0	[]	[]	[]	[]
ecoli50_r007824	no_hit				0	0	0	0	0	0	[]	[]	[]	[]
ecoli50_r007825	no_hit				0	0	0	0	0	0	[]	[]	[]	[]
ecoli50_r007826	no_hit				0	0	0	0	0	0	[]	[]	[]	[]
ecoli50_r007827	no_hit				0	0	0	0	0	0	[]	[]	[]	[]
ecoli50_r007828	no_hit				0	0	0	0	0	0	[]	[]	[]	[]
ecoli50_r007829	no_hit				0	0	0	0	0	0	[]	[]	[]	[]
ecoli50_r007830	no_hit				0	0	0	0	0	0	[]	[]	[]	[]
ecoli50_r007831	no_hit				0	0	0	0	0	0	[]	[]	[]	[]
ecoli50_r007832	no_hit				0	0	0	0	0	0	[]	[]	[]	[]
ecoli50_r007833	no_hit				0	0	0	0	0	0	[]	[]	[]	[]
ecoli50_r007834	no_hit				0	0	0	0	0	0	[]	[]	[]	[]
ecoli50_r007835	no_hit				0	0	0	0	0	0	[]	[]	[]	[]
ecoli50_r007836	no_hit				0	0	0	0	0	0	[]	[]	[]	[]
ecoli50_r007837	no_hit				0	0	0	0	0	0	[]	[]	[]	[]
ecoli50_r007838	no_hit				0	0	0	0	0	0	[]	[]	[]	[]
ecoli50_r007839	no_hit				0	0	0	0	0	0	[]	[]	[]	[]
ecoli50_r007840	no_hit				0	0	0	0	0	0	[]	[]	[]	[]
ecoli50_r007841	no_hit				0	0	0	0	0	0	[]	[]	[]	[]
ecoli50_r007842	no_hit				0	0	0	0	0	0	[]	[]	[]	[]
ecoli50_r007843	no_hit				0	0	0	0	0	0	[]	[]	[]	[]
ecoli50_r007844	no_hit				0	0	0	0	0	0	[]	[]	[]	[]
ecoli50_r007845	no_hit				0	0	0	0	0	0	[]	[]	[]	[]
ecoli50_r007846	no_hit				0	0	0	0	0	0	[]	[]	[]	[]
ecoli50_r007847	no_hit				0	0	0	0	0	0	[]	[]	[]	[]
ecoli50_r007848	no_hit				0	0	0	0	0	0	[]	[]	[]	[]
ecoli50_r007849	no_hit				0	0	0	0	0	0	[]	[]	[]	[]
ecoli50_r007850	no_hit				0	0	0	0	0	0	[]	[]	[]	[]
ecoli50_r007851	no_hit				0	0	0	0	0	0	[]	[]	[]	[]
ecoli50_r007852	no_hit				0	0	0	0	0	0	[]	[]	[]	[]
ecoli50_r007853	no_hit				0	0	0	0	0	0	[]	[]	[]	[]
ecoli50_r007854	no_hit				0	0	0	0	0	0	[]	[]	[]	[]
ecoli50_r007855	no_hit				0	0	0	0	0	0	[]	[]	[]	[]
ecoli50_r007856	no_hit				0	0	0	0	0	0	[]	[]	[]	[]
ecoli50_r007857	no_hit				0	0	0	0	0	0	[]	[]	[]	[]
ecoli50_r007858	no_hit				0	0	0	0	0	0	[]	[]	[]	[]
ecoli50_r007859	no_hit				0	0	0	0	0	0	[]	[]	[]	[]
ecoli50_r007860	no_hit				0	0	0	0	0	0	[]	[]	[]	[]
ecoli50_r007861	no_hit				0	0	0	0	0	0	[]	[]	[]	[]
ecoli50_r007862	no_hit				0	0	0	0	0	0	[]	[]	[]	[]
ecoli50_r007863	no_hit				0	0	0	0	0	0	[]	[]	[]	[]
ecoli50_r007864	no_hit				0	0	0	0	0	0	[]	[]	[]	[]
ecoli50_r007865	no_hit				0	0	0	0	0	0	[]	[]	[]	[]
ecoli50_r007866	no_hit				0	0	0	0	0	0	[]	[]	[]	[]
ecoli50_r007867	position_consistent_positive	11	forward	81	1	0	1	0	1	0	"[""34""]"	[]	"[[11,""forward"",81,""34""]]"	[]
ecoli50_r007868	no_hit				0	0	0	0	0	0	[]	[]	[]	[]
ecoli50_r007869	no_hit				0	0	0	0	0	0	[]	[]	[]	[]
ecoli50_r007870	no_hit				0	0	0	0	0	0	[]	[]	[]	[]
ecoli50_r007871	no_hit				0	0	0	0	0	0	[]	[]	[]	[]
ecoli50_r007872	no_hit				0	0	0	0	0	0	[]	[]	[]	[]
ecoli50_r007873	no_hit				0	0	0	0	0	0	[]	[]	[]	[]
ecoli50_r007874	no_hit				0	0	0	0	0	0	[]	[]	[]	[]
ecoli50_r007875	no_hit				0	0	0	0	0	0	[]	[]	[]	[]
ecoli50_r007876	no_hit				0	0	0	0	0	0	[]	[]	[]	[]
ecoli50_r007877	position_consistent_positive	12	forward	81	1	0	1	0	1	0	"[""1817""]"	[]	"[[12,""forward"",81,""1817""]]"	[]
ecoli50_r007878	no_hit				0	0	0	0	0	0	[]	[]	[]	[]
ecoli50_r007879	no_hit				0	0	0	0	0	0	[]	[]	[]	[]
ecoli50_r007880	no_hit				0	0	0	0	0	0	[]	[]	[]	[]
ecoli50_r007881	no_hit				0	0	0	0	0	0	[]	[]	[]	[]
ecoli50_r007882	no_hit				0	0	0	0	0	0	[]	[]	[]	[]
ecoli50_r007883	no_hit				0	0	0	0	0	0	[]	[]	[]	[]
ecoli50_r007884	no_hit				0	0	0	0	0	0	[]	[]	[]	[]
ecoli50_r007885	no_hit				0	0	0	0	0	0	[]	[]	[]	[]
ecoli50_r007886	no_hit				0	0	0	0	0	0	[]	[]	[]	[]
ecoli50_r007887	no_hit				0	0	0	0	0	0	[]	[]	[]	[]
ecoli50_r007888	no_hit				0	0	0	0	0	0	[]	[]	[]	[]
ecoli50_r007889	no_hit				0	0	0	0	0	0	[]	[]	[]	[]
ecoli50_r007890	no_hit				0	0	0	0	0	0	[]	[]	[]	[]
ecoli50_r007891	no_hit				0	0	0	0	0	0	[]	[]	[]	[]
ecoli50_r007892	no_hit				0	0	0	0	0	0	[]	[]	[]	[]
ecoli50_r007893	no_hit				0	0	0	0	0	0	[]	[]	[]	[]
ecoli50_r007894	no_hit				0	0	0	0	0	0	[]	[]	[]	[]
ecoli50_r007895	no_hit				0	0	0	0	0	0	[]	[]	[]	[]
ecoli50_r007896	no_hit				0	0	0	0	0	0	[]	[]	[]	[]
ecoli50_r007897	no_hit				0	0	0	0	0	0	[]	[]	[]	[]
ecoli50_r007898	no_hit				0	0	0	0	0	0	[]	[]	[]	[]
ecoli50_r007899	no_hit				0	0	0	0	0	0	[]	[]	[]	[]
ecoli50_r007900	no_hit				0	0	0	0	0	0	[]	[]	[]	[]
ecoli50_r007901	no_hit				0	0	0	0	0	0	[]	[]	[]	[]
ecoli50_r007902	no_hit				0	0	0	0	0	0	[]	[]	[]	[]
ecoli50_r007903	no_hit				0	0	0	0	0	0	[]	[]	[]	[]
ecoli50_r007904	no_hit				0	0	0	0	0	0	[]	[]	[]	[]
ecoli50_r007905	no_hit				0	0	0	0	0	0	[]	[]	[]	[]
ecoli50_r007906	no_hit				0	0	0	0	0	0	[]	[]	[]	[]
ecoli50_r007907	no_hit				0	0	0	0	0	0	[]	[]	[]	[]
ecoli50_r007908	no_hit				0	0	0	0	0	0	[]	[]	[]	[]
ecoli50_r007909	no_hit				0	0	0	0	0	0	[]	[]	[]	[]
ecoli50_r007910	no_hit				0	0	0	0	0	0	[]	[]	[]	[]
ecoli50_r007911	no_hit				0	0	0	0	0	0	[]	[]	[]	[]
ecoli50_r007912	no_hit				0	0	0	0	0	0	[]	[]	[]	[]
ecoli50_r007913	no_hit				0	0	0	0	0	0	[]	[]	[]	[]
ecoli50_r007914	no_hit				0	0	0	0	0	0	[]	[]	[]	[]
ecoli50_r007915	position_consistent_positive	4	forward	81	1	0	1	0	1	0	"[""2254""]"	[]	"[[4,""forward"",81,""2254""]]"	[]
ecoli50_r007916	position_consistent_positive	10	forward	81	1	0	1	0	1	0	"[""2254""]"	[]	"[[10,""forward"",81,""2254""]]"	[]
ecoli50_r007917	no_hit				0	0	0	0	0	0	[]	[]	[]	[]
ecoli50_r007918	position_consistent_positive	18	forward	81	1	0	1	0	1	0	"[""79""]"	[]	"[[18,""forward"",81,""79""]]"	[]
ecoli50_r007919	no_hit				0	0	0	0	0	0	[]	[]	[]	[]
ecoli50_r007920	no_hit				0	0	0	0	0	0	[]	[]	[]	[]
ecoli50_r007921	no_hit				0	0	0	0	0	0	[]	[]	[]	[]
ecoli50_r007922	no_hit				0	0	0	0	0	0	[]	[]	[]	[]
ecoli50_r007923	no_hit				0	0	0	0	0	0	[]	[]	[]	[]
ecoli50_r007924	no_hit				0	0	0	0	0	0	[]	[]	[]	[]
ecoli50_r007925	no_hit				0	0	0	0	0	0	[]	[]	[]	[]
ecoli50_r007926	no_hit				0	0	0	0	0	0	[]	[]	[]	[]
ecoli50_r007927	position_consistent_positive	30	reverse	81	1	0	1	0	1	0	"[""1356""]"	[]	"[[30,""reverse"",81,""1356""]]"	[]
ecoli50_r007928	position_consistent_positive	1	forward	81	1	0	1	0	1	0	"[""1356""]"	[]	"[[1,""forward"",81,""1356""]]"	[]
ecoli50_r007929	no_hit				0	0	0	0	0	0	[]	[]	[]	[]
ecoli50_r007930	no_hit				0	0	0	0	0	0	[]	[]	[]	[]
ecoli50_r007931	no_hit				0	0	0	0	0	0	[]	[]	[]	[]
ecoli50_r007932	no_hit				0	0	0	0	0	0	[]	[]	[]	[]
ecoli50_r007933	no_hit				0	0	0	0	0	0	[]	[]	[]	[]
ecoli50_r007934	no_hit				0	0	0	0	0	0	[]	[]	[]	[]
ecoli50_r007935	no_hit				0	0	0	0	0	0	[]	[]	[]	[]
ecoli50_r007936	no_hit				0	0	0	0	0	0	[]	[]	[]	[]
ecoli50_r007937	no_hit				0	0	0	0	0	0	[]	[]	[]	[]
ecoli50_r007938	no_hit				0	0	0	0	0	0	[]	[]	[]	[]
ecoli50_r007939	no_hit				0	0	0	0	0	0	[]	[]	[]	[]
ecoli50_r007940	no_hit				0	0	0	0	0	0	[]	[]	[]	[]
ecoli50_r007941	no_hit				0	0	0	0	0	0	[]	[]	[]	[]
ecoli50_r007942	no_hit				0	0	0	0	0	0	[]	[]	[]	[]
ecoli50_r007943	no_hit				0	0	0	0	0	0	[]	[]	[]	[]
ecoli50_r007944	no_hit				0	0	0	0	0	0	[]	[]	[]	[]
ecoli50_r007945	no_hit				0	0	0	0	0	0	[]	[]	[]	[]
ecoli50_r007946	no_hit				0	0	0	0	0	0	[]	[]	[]	[]
ecoli50_r007947	no_hit				0	0	0	0	0	0	[]	[]	[]	[]
ecoli50_r007948	no_hit				0	0	0	0	0	0	[]	[]	[]	[]
ecoli50_r007949	no_hit				0	0	0	0	0	0	[]	[]	[]	[]
ecoli50_r007950	no_hit				0	0	0	0	0	0	[]	[]	[]	[]
ecoli50_r007951	no_hit				0	0	0	0	0	0	[]	[]	[]	[]
ecoli50_r007952	no_hit				0	0	0	0	0	0	[]	[]	[]	[]
ecoli50_r007953	no_hit				0	0	0	0	0	0	[]	[]	[]	[]
ecoli50_r007954	no_hit				0	0	0	0	0	0	[]	[]	[]	[]
ecoli50_r007955	no_hit				0	0	0	0	0	0	[]	[]	[]	[]
ecoli50_r007956	no_hit				0	0	0	0	0	0	[]	[]	[]	[]
ecoli50_r007957	no_hit				0	0	0	0	0	0	[]	[]	[]	[]
ecoli50_r007958	no_hit				0	0	0	0	0	0	[]	[]	[]	[]
ecoli50_r007959	no_hit				0	0	0	0	0	0	[]	[]	[]	[]
ecoli50_r007960	no_hit				0	0	0	0	0	0	[]	[]	[]	[]
ecoli50_r007961	no_hit				0	0	0	0	0	0	[]	[]	[]	[]
ecoli50_r007962	no_hit				0	0	0	0	0	0	[]	[]	[]	[]
ecoli50_r007963	no_hit				0	0	0	0	0	0	[]	[]	[]	[]
ecoli50_r007964	no_hit				0	0	0	0	0	0	[]	[]	[]	[]
ecoli50_r007965	no_hit				0	0	0	0	0	0	[]	[]	[]	[]
ecoli50_r007966	no_hit				0	0	0	0	0	0	[]	[]	[]	[]
ecoli50_r007967	position_consistent_positive	10	forward	81	1	0	1	0	1	0	"[""2383""]"	[]	"[[10,""forward"",81,""2383""]]"	[]
ecoli50_r007968	no_hit				0	0	0	0	0	0	[]	[]	[]	[]
ecoli50_r007969	no_hit				0	0	0	0	0	0	[]	[]	[]	[]
ecoli50_r007970	no_hit				0	0	0	0	0	0	[]	[]	[]	[]
ecoli50_r007971	no_hit				0	0	0	0	0	0	[]	[]	[]	[]
ecoli50_r007972	no_hit				0	0	0	0	0	0	[]	[]	[]	[]
ecoli50_r007973	no_hit				0	0	0	0	0	0	[]	[]	[]	[]
ecoli50_r007974	no_hit				0	0	0	0	0	0	[]	[]	[]	[]
ecoli50_r007975	no_hit				0	0	0	0	0	0	[]	[]	[]	[]
ecoli50_r007976	no_hit				0	0	0	0	0	0	[]	[]	[]	[]
ecoli50_r007977	position_consistent_positive	11	forward	81	1	0	1	0	1	0	"[""2763""]"	[]	"[[11,""forward"",81,""2763""]]"	[]
ecoli50_r007978	position_consistent_positive	7	forward	81	1	0	1	0	1	0	"[""2763""]"	[]	"[[7,""forward"",81,""2763""]]"	[]
ecoli50_r007979	no_hit				0	0	0	0	0	0	[]	[]	[]	[]
ecoli50_r007980	no_hit				0	0	0	0	0	0	[]	[]	[]	[]
ecoli50_r007981	no_hit				0	0	0	0	0	0	[]	[]	[]	[]
ecoli50_r007982	no_hit				0	0	0	0	0	0	[]	[]	[]	[]
ecoli50_r007983	no_hit				0	0	0	0	0	0	[]	[]	[]	[]
ecoli50_r007984	no_hit				0	0	0	0	0	0	[]	[]	[]	[]
ecoli50_r007985	no_hit				0	0	0	0	0	0	[]	[]	[]	[]
ecoli50_r007986	no_hit				0	0	0	0	0	0	[]	[]	[]	[]
ecoli50_r007987	no_hit				0	0	0	0	0	0	[]	[]	[]	[]
ecoli50_r007988	no_hit				0	0	0	0	0	0	[]	[]	[]	[]
ecoli50_r007989	no_hit				0	0	0	0	0	0	[]	[]	[]	[]
ecoli50_r007990	no_hit				0	0	0	0	0	0	[]	[]	[]	[]
ecoli50_r007991	no_hit				0	0	0	0	0	0	[]	[]	[]	[]
ecoli50_r007992	no_hit				0	0	0	0	0	0	[]	[]	[]	[]
ecoli50_r007993	no_hit				0	0	0	0	0	0	[]	[]	[]	[]
ecoli50_r007994	no_hit				0	0	0	0	0	0	[]	[]	[]	[]
ecoli50_r007995	no_hit				0	0	0	0	0	0	[]	[]	[]	[]
ecoli50_r007996	no_hit				0	0	0	0	0	0	[]	[]	[]	[]
ecoli50_r007997	no_hit				0	0	0	0	0	0	[]	[]	[]	[]
ecoli50_r007998	no_hit				0	0	0	0	0	0	[]	[]	[]	[]
ecoli50_r007999	no_hit				0	0	0	0	0	0	[]	[]	[]	[]
ecoli50_r008000	no_hit				0	0	0	0	0	0	[]	[]	[]	[]
ecoli50_r008001	no_hit				0	0	0	0	0	0	[]	[]	[]	[]
ecoli50_r008002	no_hit				0	0	0	0	0	0	[]	[]	[]	[]
ecoli50_r008003	no_hit				0	0	0	0	0	0	[]	[]	[]	[]
ecoli50_r008004	no_hit				0	0	0	0	0	0	[]	[]	[]	[]
ecoli50_r008005	no_hit				0	0	0	0	0	0	[]	[]	[]	[]
ecoli50_r008006	no_hit				0	0	0	0	0	0	[]	[]	[]	[]
ecoli50_r008007	no_hit				0	0	0	0	0	0	[]	[]	[]	[]
ecoli50_r008008	no_hit				0	0	0	0	0	0	[]	[]	[]	[]
ecoli50_r008009	no_hit				0	0	0	0	0	0	[]	[]	[]	[]
ecoli50_r008010	no_hit				0	0	0	0	0	0	[]	[]	[]	[]
ecoli50_r008011	no_hit				0	0	0	0	0	0	[]	[]	[]	[]
ecoli50_r008012	position_consistent_positive	5	forward	81	1	0	1	0	1	0	"[""525""]"	[]	"[[5,""forward"",81,""525""]]"	[]
ecoli50_r008013	no_hit				0	0	0	0	0	0	[]	[]	[]	[]
ecoli50_r008014	no_hit				0	0	0	0	0	0	[]	[]	[]	[]
ecoli50_r008015	no_hit				0	0	0	0	0	0	[]	[]	[]	[]
ecoli50_r008016	no_hit				0	0	0	0	0	0	[]	[]	[]	[]
ecoli50_r008017	no_hit				0	0	0	0	0	0	[]	[]	[]	[]
ecoli50_r008018	no_hit				0	0	0	0	0	0	[]	[]	[]	[]
ecoli50_r008019	no_hit				0	0	0	0	0	0	[]	[]	[]	[]
ecoli50_r008020	no_hit				0	0	0	0	0	0	[]	[]	[]	[]
ecoli50_r008021	no_hit				0	0	0	0	0	0	[]	[]	[]	[]
ecoli50_r008022	no_hit				0	0	0	0	0	0	[]	[]	[]	[]
ecoli50_r008023	position_consistent_positive	12	forward	81	1	0	1	0	1	0	"[""547""]"	[]	"[[12,""forward"",81,""547""]]"	[]
ecoli50_r008024	no_hit				0	0	0	0	0	0	[]	[]	[]	[]
ecoli50_r008025	no_hit				0	0	0	0	0	0	[]	[]	[]	[]
ecoli50_r008026	no_hit				0	0	0	0	0	0	[]	[]	[]	[]
ecoli50_r008027	no_hit				0	0	0	0	0	0	[]	[]	[]	[]
ecoli50_r008028	no_hit				0	0	0	0	0	0	[]	[]	[]	[]
ecoli50_r008029	position_consistent_positive	11	forward	81	2	0	1	0	2	0	"[""1584"",""68""]"	[]	"[[11,""forward"",81,""1584""],[11,""forward"",81,""68""]]"	[]
ecoli50_r008030	no_hit				0	0	0	0	0	0	[]	[]	[]	[]
ecoli50_r008031	no_hit				0	0	0	0	0	0	[]	[]	[]	[]
ecoli50_r008032	no_hit				0	0	0	0	0	0	[]	[]	[]	[]
ecoli50_r008033	no_hit				0	0	0	0	0	0	[]	[]	[]	[]
ecoli50_r008034	no_hit				0	0	0	0	0	0	[]	[]	[]	[]
ecoli50_r008035	no_hit				0	0	0	0	0	0	[]	[]	[]	[]
ecoli50_r008036	no_hit				0	0	0	0	0	0	[]	[]	[]	[]
ecoli50_r008037	no_hit				0	0	0	0	0	0	[]	[]	[]	[]
ecoli50_r008038	no_hit				0	0	0	0	0	0	[]	[]	[]	[]
ecoli50_r008039	no_hit				0	0	0	0	0	0	[]	[]	[]	[]
ecoli50_r008040	no_hit				0	0	0	0	0	0	[]	[]	[]	[]
ecoli50_r008041	no_hit				0	0	0	0	0	0	[]	[]	[]	[]
ecoli50_r008042	no_hit				0	0	0	0	0	0	[]	[]	[]	[]
ecoli50_r008043	no_hit				0	0	0	0	0	0	[]	[]	[]	[]
ecoli50_r008044	no_hit				0	0	0	0	0	0	[]	[]	[]	[]
ecoli50_r008045	no_hit				0	0	0	0	0	0	[]	[]	[]	[]
ecoli50_r008046	no_hit				0	0	0	0	0	0	[]	[]	[]	[]
ecoli50_r008047	no_hit				0	0	0	0	0	0	[]	[]	[]	[]
ecoli50_r008048	position_consistent_positive	10	forward	81	1	0	1	0	1	0	"[""654""]"	[]	"[[10,""forward"",81,""654""]]"	[]
ecoli50_r008049	no_hit				0	0	0	0	0	0	[]	[]	[]	[]
ecoli50_r008050	no_hit				0	0	0	0	0	0	[]	[]	[]	[]
ecoli50_r008051	no_hit				0	0	0	0	0	0	[]	[]	[]	[]
ecoli50_r008052	no_hit				0	0	0	0	0	0	[]	[]	[]	[]
ecoli50_r008053	no_hit				0	0	0	0	0	0	[]	[]	[]	[]
ecoli50_r008054	no_hit				0	0	0	0	0	0	[]	[]	[]	[]
ecoli50_r008055	no_hit				0	0	0	0	0	0	[]	[]	[]	[]
ecoli50_r008056	no_hit				0	0	0	0	0	0	[]	[]	[]	[]
ecoli50_r008057	no_hit				0	0	0	0	0	0	[]	[]	[]	[]
ecoli50_r008058	no_hit				0	0	0	0	0	0	[]	[]	[]	[]
ecoli50_r008059	no_hit				0	0	0	0	0	0	[]	[]	[]	[]
ecoli50_r008060	no_hit				0	0	0	0	0	0	[]	[]	[]	[]
ecoli50_r008061	no_hit				0	0	0	0	0	0	[]	[]	[]	[]
ecoli50_r008062	no_hit				0	0	0	0	0	0	[]	[]	[]	[]
ecoli50_r008063	no_hit				0	0	0	0	0	0	[]	[]	[]	[]
ecoli50_r008064	no_hit				0	0	0	0	0	0	[]	[]	[]	[]
ecoli50_r008065	no_hit				0	0	0	0	0	0	[]	[]	[]	[]
ecoli50_r008066	no_hit				0	0	0	0	0	0	[]	[]	[]	[]
ecoli50_r008067	no_hit				0	0	0	0	0	0	[]	[]	[]	[]
ecoli50_r008068	position_consistent_positive	13	forward	81	1	0	1	0	1	0	"[""267""]"	[]	"[[13,""forward"",81,""267""]]"	[]
ecoli50_r008069	no_hit				0	0	0	0	0	0	[]	[]	[]	[]
ecoli50_r008070	no_hit				0	0	0	0	0	0	[]	[]	[]	[]
ecoli50_r008071	no_hit				0	0	0	0	0	0	[]	[]	[]	[]
ecoli50_r008072	no_hit				0	0	0	0	0	0	[]	[]	[]	[]
ecoli50_r008073	no_hit				0	0	0	0	0	0	[]	[]	[]	[]
ecoli50_r008074	no_hit				0	0	0	0	0	0	[]	[]	[]	[]
ecoli50_r008075	no_hit				0	0	0	0	0	0	[]	[]	[]	[]
ecoli50_r008076	no_hit				0	0	0	0	0	0	[]	[]	[]	[]
ecoli50_r008077	no_hit				0	0	0	0	0	0	[]	[]	[]	[]
ecoli50_r008078	negative_only				0	1	0	1	0	1	[]	"[""270""]"	[]	"[[29,""forward"",81,""270""]]"
ecoli50_r008079	no_hit				0	0	0	0	0	0	[]	[]	[]	[]
ecoli50_r008080	no_hit				0	0	0	0	0	0	[]	[]	[]	[]
ecoli50_r008081	no_hit				0	0	0	0	0	0	[]	[]	[]	[]
ecoli50_r008082	no_hit				0	0	0	0	0	0	[]	[]	[]	[]
ecoli50_r008083	no_hit				0	0	0	0	0	0	[]	[]	[]	[]
ecoli50_r008084	no_hit				0	0	0	0	0	0	[]	[]	[]	[]
ecoli50_r008085	no_hit				0	0	0	0	0	0	[]	[]	[]	[]
ecoli50_r008086	no_hit				0	0	0	0	0	0	[]	[]	[]	[]
ecoli50_r008087	no_hit				0	0	0	0	0	0	[]	[]	[]	[]
ecoli50_r008088	no_hit				0	0	0	0	0	0	[]	[]	[]	[]
ecoli50_r008089	no_hit				0	0	0	0	0	0	[]	[]	[]	[]
ecoli50_r008090	no_hit				0	0	0	0	0	0	[]	[]	[]	[]
ecoli50_r008091	no_hit				0	0	0	0	0	0	[]	[]	[]	[]
ecoli50_r008092	no_hit				0	0	0	0	0	0	[]	[]	[]	[]
ecoli50_r008093	no_hit				0	0	0	0	0	0	[]	[]	[]	[]
ecoli50_r008094	no_hit				0	0	0	0	0	0	[]	[]	[]	[]
ecoli50_r008095	no_hit				0	0	0	0	0	0	[]	[]	[]	[]
ecoli50_r008096	no_hit				0	0	0	0	0	0	[]	[]	[]	[]
ecoli50_r008097	no_hit				0	0	0	0	0	0	[]	[]	[]	[]
ecoli50_r008098	no_hit				0	0	0	0	0	0	[]	[]	[]	[]
ecoli50_r008099	no_hit				0	0	0	0	0	0	[]	[]	[]	[]
ecoli50_r008100	no_hit				0	0	0	0	0	0	[]	[]	[]	[]
ecoli50_r008101	negative_only				0	1	0	1	0	1	[]	"[""1006""]"	[]	"[[17,""reverse"",81,""1006""]]"
ecoli50_r008102	no_hit				0	0	0	0	0	0	[]	[]	[]	[]
ecoli50_r008103	no_hit				0	0	0	0	0	0	[]	[]	[]	[]
ecoli50_r008104	no_hit				0	0	0	0	0	0	[]	[]	[]	[]
ecoli50_r008105	no_hit				0	0	0	0	0	0	[]	[]	[]	[]
ecoli50_r008106	no_hit				0	0	0	0	0	0	[]	[]	[]	[]
ecoli50_r008107	no_hit				0	0	0	0	0	0	[]	[]	[]	[]
ecoli50_r008108	no_hit				0	0	0	0	0	0	[]	[]	[]	[]
ecoli50_r008109	no_hit				0	0	0	0	0	0	[]	[]	[]	[]
ecoli50_r008110	ambiguous_positive				2	0	2	0	2	0	"[""2699"",""784""]"	[]	"[[12,""reverse"",81,""2699""],[29,""reverse"",81,""784""]]"	[]
ecoli50_r008111	no_hit				0	0	0	0	0	0	[]	[]	[]	[]
ecoli50_r008112	position_consistent_positive	16	forward	81	1	0	1	0	1	0	"[""2699""]"	[]	"[[16,""forward"",81,""2699""]]"	[]
ecoli50_r008113	no_hit				0	0	0	0	0	0	[]	[]	[]	[]
ecoli50_r008114	no_hit				0	0	0	0	0	0	[]	[]	[]	[]
ecoli50_r008115	no_hit				0	0	0	0	0	0	[]	[]	[]	[]
ecoli50_r008116	no_hit				0	0	0	0	0	0	[]	[]	[]	[]
ecoli50_r008117	no_hit				0	0	0	0	0	0	[]	[]	[]	[]
ecoli50_r008118	no_hit				0	0	0	0	0	0	[]	[]	[]	[]
ecoli50_r008119	no_hit				0	0	0	0	0	0	[]	[]	[]	[]
ecoli50_r008120	negative_only				0	1	0	1	0	1	[]	"[""756""]"	[]	"[[31,""reverse"",81,""756""]]"
ecoli50_r008121	no_hit				0	0	0	0	0	0	[]	[]	[]	[]
ecoli50_r008122	no_hit				0	0	0	0	0	0	[]	[]	[]	[]
ecoli50_r008123	no_hit				0	0	0	0	0	0	[]	[]	[]	[]
ecoli50_r008124	no_hit				0	0	0	0	0	0	[]	[]	[]	[]
ecoli50_r008125	no_hit				0	0	0	0	0	0	[]	[]	[]	[]
ecoli50_r008126	no_hit				0	0	0	0	0	0	[]	[]	[]	[]
ecoli50_r008127	no_hit				0	0	0	0	0	0	[]	[]	[]	[]
ecoli50_r008128	no_hit				0	0	0	0	0	0	[]	[]	[]	[]
ecoli50_r008129	no_hit				0	0	0	0	0	0	[]	[]	[]	[]
ecoli50_r008130	no_hit				0	0	0	0	0	0	[]	[]	[]	[]
ecoli50_r008131	no_hit				0	0	0	0	0	0	[]	[]	[]	[]
ecoli50_r008132	no_hit				0	0	0	0	0	0	[]	[]	[]	[]
ecoli50_r008133	no_hit				0	0	0	0	0	0	[]	[]	[]	[]
ecoli50_r008134	no_hit				0	0	0	0	0	0	[]	[]	[]	[]
ecoli50_r008135	no_hit				0	0	0	0	0	0	[]	[]	[]	[]
ecoli50_r008136	no_hit				0	0	0	0	0	0	[]	[]	[]	[]
ecoli50_r008137	no_hit				0	0	0	0	0	0	[]	[]	[]	[]
ecoli50_r008138	no_hit				0	0	0	0	0	0	[]	[]	[]	[]
ecoli50_r008139	no_hit				0	0	0	0	0	0	[]	[]	[]	[]
ecoli50_r008140	no_hit				0	0	0	0	0	0	[]	[]	[]	[]
ecoli50_r008141	no_hit				0	0	0	0	0	0	[]	[]	[]	[]
ecoli50_r008142	position_consistent_positive	27	forward	81	1	0	1	0	1	0	"[""1153""]"	[]	"[[27,""forward"",81,""1153""]]"	[]
ecoli50_r008143	position_consistent_positive	11	forward	81	1	0	1	0	1	0	"[""2372""]"	[]	"[[11,""forward"",81,""2372""]]"	[]
ecoli50_r008144	no_hit				0	0	0	0	0	0	[]	[]	[]	[]
ecoli50_r008145	no_hit				0	0	0	0	0	0	[]	[]	[]	[]
ecoli50_r008146	no_hit				0	0	0	0	0	0	[]	[]	[]	[]
ecoli50_r008147	no_hit				0	0	0	0	0	0	[]	[]	[]	[]
ecoli50_r008148	no_hit				0	0	0	0	0	0	[]	[]	[]	[]
ecoli50_r008149	no_hit				0	0	0	0	0	0	[]	[]	[]	[]
ecoli50_r008150	no_hit				0	0	0	0	0	0	[]	[]	[]	[]
ecoli50_r008151	no_hit				0	0	0	0	0	0	[]	[]	[]	[]
ecoli50_r008152	no_hit				0	0	0	0	0	0	[]	[]	[]	[]
ecoli50_r008153	no_hit				0	0	0	0	0	0	[]	[]	[]	[]
ecoli50_r008154	no_hit				0	0	0	0	0	0	[]	[]	[]	[]
ecoli50_r008155	no_hit				0	0	0	0	0	0	[]	[]	[]	[]
ecoli50_r008156	no_hit				0	0	0	0	0	0	[]	[]	[]	[]
ecoli50_r008157	no_hit				0	0	0	0	0	0	[]	[]	[]	[]
ecoli50_r008158	no_hit				0	0	0	0	0	0	[]	[]	[]	[]
ecoli50_r008159	no_hit				0	0	0	0	0	0	[]	[]	[]	[]
ecoli50_r008160	no_hit				0	0	0	0	0	0	[]	[]	[]	[]
ecoli50_r008161	no_hit				0	0	0	0	0	0	[]	[]	[]	[]
ecoli50_r008162	no_hit				0	0	0	0	0	0	[]	[]	[]	[]
ecoli50_r008163	negative_only				0	1	0	1	0	1	[]	"[""3239""]"	[]	"[[5,""forward"",81,""3239""]]"
ecoli50_r008164	no_hit				0	0	0	0	0	0	[]	[]	[]	[]
ecoli50_r008165	no_hit				0	0	0	0	0	0	[]	[]	[]	[]
ecoli50_r008166	no_hit				0	0	0	0	0	0	[]	[]	[]	[]
ecoli50_r008167	no_hit				0	0	0	0	0	0	[]	[]	[]	[]
ecoli50_r008168	no_hit				0	0	0	0	0	0	[]	[]	[]	[]
ecoli50_r008169	no_hit				0	0	0	0	0	0	[]	[]	[]	[]
ecoli50_r008170	no_hit				0	0	0	0	0	0	[]	[]	[]	[]
ecoli50_r008171	no_hit				0	0	0	0	0	0	[]	[]	[]	[]
ecoli50_r008172	no_hit				0	0	0	0	0	0	[]	[]	[]	[]
ecoli50_r008173	no_hit				0	0	0	0	0	0	[]	[]	[]	[]
ecoli50_r008174	no_hit				0	0	0	0	0	0	[]	[]	[]	[]
ecoli50_r008175	no_hit				0	0	0	0	0	0	[]	[]	[]	[]
ecoli50_r008176	no_hit				0	0	0	0	0	0	[]	[]	[]	[]
ecoli50_r008177	no_hit				0	0	0	0	0	0	[]	[]	[]	[]
ecoli50_r008178	no_hit				0	0	0	0	0	0	[]	[]	[]	[]
ecoli50_r008179	no_hit				0	0	0	0	0	0	[]	[]	[]	[]
ecoli50_r008180	no_hit				0	0	0	0	0	0	[]	[]	[]	[]
ecoli50_r008181	no_hit				0	0	0	0	0	0	[]	[]	[]	[]
ecoli50_r008182	no_hit				0	0	0	0	0	0	[]	[]	[]	[]
ecoli50_r008183	no_hit				0	0	0	0	0	0	[]	[]	[]	[]
ecoli50_r008184	no_hit				0	0	0	0	0	0	[]	[]	[]	[]
ecoli50_r008185	no_hit				0	0	0	0	0	0	[]	[]	[]	[]
ecoli50_r008186	no_hit				0	0	0	0	0	0	[]	[]	[]	[]
ecoli50_r008187	no_hit				0	0	0	0	0	0	[]	[]	[]	[]
ecoli50_r008188	no_hit				0	0	0	0	0	0	[]	[]	[]	[]
ecoli50_r008189	no_hit				0	0	0	0	0	0	[]	[]	[]	[]
ecoli50_r008190	no_hit				0	0	0	0	0	0	[]	[]	[]	[]
ecoli50_r008191	no_hit				0	0	0	0	0	0	[]	[]	[]	[]
ecoli50_r008192	no_hit				0	0	0	0	0	0	[]	[]	[]	[]
ecoli50_r008193	no_hit				0	0	0	0	0	0	[]	[]	[]	[]
ecoli50_r008194	no_hit				0	0	0	0	0	0	[]	[]	[]	[]
ecoli50_r008195	no_hit				0	0	0	0	0	0	[]	[]	[]	[]
ecoli50_r008196	no_hit				0	0	0	0	0	0	[]	[]	[]	[]
ecoli50_r008197	no_hit				0	0	0	0	0	0	[]	[]	[]	[]
ecoli50_r008198	no_hit				0	0	0	0	0	0	[]	[]	[]	[]
ecoli50_r008199	no_hit				0	0	0	0	0	0	[]	[]	[]	[]
ecoli50_r008200	no_hit				0	0	0	0	0	0	[]	[]	[]	[]
ecoli50_r008201	no_hit				0	0	0	0	0	0	[]	[]	[]	[]
ecoli50_r008202	no_hit				0	0	0	0	0	0	[]	[]	[]	[]
ecoli50_r008203	no_hit				0	0	0	0	0	0	[]	[]	[]	[]
ecoli50_r008204	no_hit				0	0	0	0	0	0	[]	[]	[]	[]
ecoli50_r008205	no_hit				0	0	0	0	0	0	[]	[]	[]	[]
ecoli50_r008206	no_hit				0	0	0	0	0	0	[]	[]	[]	[]
ecoli50_r008207	no_hit				0	0	0	0	0	0	[]	[]	[]	[]
ecoli50_r008208	no_hit				0	0	0	0	0	0	[]	[]	[]	[]
ecoli50_r008209	no_hit				0	0	0	0	0	0	[]	[]	[]	[]
ecoli50_r008210	no_hit				0	0	0	0	0	0	[]	[]	[]	[]
ecoli50_r008211	no_hit				0	0	0	0	0	0	[]	[]	[]	[]
ecoli50_r008212	no_hit				0	0	0	0	0	0	[]	[]	[]	[]
ecoli50_r008213	no_hit				0	0	0	0	0	0	[]	[]	[]	[]
ecoli50_r008214	no_hit				0	0	0	0	0	0	[]	[]	[]	[]
ecoli50_r008215	no_hit				0	0	0	0	0	0	[]	[]	[]	[]
ecoli50_r008216	no_hit				0	0	0	0	0	0	[]	[]	[]	[]
ecoli50_r008217	no_hit				0	0	0	0	0	0	[]	[]	[]	[]
ecoli50_r008218	no_hit				0	0	0	0	0	0	[]	[]	[]	[]
ecoli50_r008219	no_hit				0	0	0	0	0	0	[]	[]	[]	[]
ecoli50_r008220	position_consistent_positive	4	forward	81	1	0	1	0	1	0	"[""2143""]"	[]	"[[4,""forward"",81,""2143""]]"	[]
ecoli50_r008221	no_hit				0	0	0	0	0	0	[]	[]	[]	[]
ecoli50_r008222	no_hit				0	0	0	0	0	0	[]	[]	[]	[]
ecoli50_r008223	no_hit				0	0	0	0	0	0	[]	[]	[]	[]
ecoli50_r008224	no_hit				0	0	0	0	0	0	[]	[]	[]	[]
ecoli50_r008225	no_hit				0	0	0	0	0	0	[]	[]	[]	[]
ecoli50_r008226	position_consistent_positive	30	forward	81	1	0	1	0	1	0	"[""789""]"	[]	"[[30,""forward"",81,""789""]]"	[]
ecoli50_r008227	no_hit				0	0	0	0	0	0	[]	[]	[]	[]
ecoli50_r008228	no_hit				0	0	0	0	0	0	[]	[]	[]	[]
ecoli50_r008229	position_consistent_positive	12	forward	81	1	0	1	0	1	0	"[""789""]"	[]	"[[12,""forward"",81,""789""]]"	[]
ecoli50_r008230	no_hit				0	0	0	0	0	0	[]	[]	[]	[]
ecoli50_r008231	no_hit				0	0	0	0	0	0	[]	[]	[]	[]
ecoli50_r008232	position_consistent_positive	11	forward	81	1	0	1	0	1	0	"[""1028""]"	[]	"[[11,""forward"",81,""1028""]]"	[]
ecoli50_r008233	no_hit				0	0	0	0	0	0	[]	[]	[]	[]
ecoli50_r008234	no_hit				0	0	0	0	0	0	[]	[]	[]	[]
ecoli50_r008235	no_hit				0	0	0	0	0	0	[]	[]	[]	[]
ecoli50_r008236	no_hit				0	0	0	0	0	0	[]	[]	[]	[]
ecoli50_r008237	no_hit				0	0	0	0	0	0	[]	[]	[]	[]
ecoli50_r008238	position_consistent_positive	0	reverse	81	1	0	1	0	1	0	"[""1968""]"	[]	"[[0,""reverse"",81,""1968""]]"	[]
ecoli50_r008239	position_consistent_positive	14	forward	81	1	0	1	0	1	0	"[""1968""]"	[]	"[[14,""forward"",81,""1968""]]"	[]
ecoli50_r008240	no_hit				0	0	0	0	0	0	[]	[]	[]	[]
ecoli50_r008241	no_hit				0	0	0	0	0	0	[]	[]	[]	[]
ecoli50_r008242	no_hit				0	0	0	0	0	0	[]	[]	[]	[]
ecoli50_r008243	no_hit				0	0	0	0	0	0	[]	[]	[]	[]
ecoli50_r008244	position_consistent_positive	11	forward	81	1	0	1	0	1	0	"[""2886""]"	[]	"[[11,""forward"",81,""2886""]]"	[]
ecoli50_r008245	no_hit				0	0	0	0	0	0	[]	[]	[]	[]
ecoli50_r008246	no_hit				0	0	0	0	0	0	[]	[]	[]	[]
ecoli50_r008247	no_hit				0	0	0	0	0	0	[]	[]	[]	[]
ecoli50_r008248	no_hit				0	0	0	0	0	0	[]	[]	[]	[]
ecoli50_r008249	no_hit				0	0	0	0	0	0	[]	[]	[]	[]
ecoli50_r008250	no_hit				0	0	0	0	0	0	[]	[]	[]	[]
ecoli50_r008251	no_hit				0	0	0	0	0	0	[]	[]	[]	[]
ecoli50_r008252	no_hit				0	0	0	0	0	0	[]	[]	[]	[]
ecoli50_r008253	no_hit				0	0	0	0	0	0	[]	[]	[]	[]
ecoli50_r008254	negative_only				0	1	0	1	0	1	[]	"[""965""]"	[]	"[[5,""reverse"",81,""965""]]"
ecoli50_r008255	no_hit				0	0	0	0	0	0	[]	[]	[]	[]
ecoli50_r008256	no_hit				0	0	0	0	0	0	[]	[]	[]	[]
ecoli50_r008257	no_hit				0	0	0	0	0	0	[]	[]	[]	[]
ecoli50_r008258	position_consistent_positive	11	forward	81	1	0	1	0	1	0	"[""2911""]"	[]	"[[11,""forward"",81,""2911""]]"	[]
ecoli50_r008259	position_consistent_positive	7	forward	81	1	0	1	0	1	0	"[""2911""]"	[]	"[[7,""forward"",81,""2911""]]"	[]
ecoli50_r008260	no_hit				0	0	0	0	0	0	[]	[]	[]	[]
ecoli50_r008261	position_consistent_positive	11	forward	81	1	0	1	0	1	0	"[""1478""]"	[]	"[[11,""forward"",81,""1478""]]"	[]
ecoli50_r008262	no_hit				0	0	0	0	0	0	[]	[]	[]	[]
ecoli50_r008263	no_hit				0	0	0	0	0	0	[]	[]	[]	[]
ecoli50_r008264	no_hit				0	0	0	0	0	0	[]	[]	[]	[]
ecoli50_r008265	no_hit				0	0	0	0	0	0	[]	[]	[]	[]
ecoli50_r008266	no_hit				0	0	0	0	0	0	[]	[]	[]	[]
ecoli50_r008267	no_hit				0	0	0	0	0	0	[]	[]	[]	[]
ecoli50_r008268	no_hit				0	0	0	0	0	0	[]	[]	[]	[]
ecoli50_r008269	no_hit				0	0	0	0	0	0	[]	[]	[]	[]
ecoli50_r008270	no_hit				0	0	0	0	0	0	[]	[]	[]	[]
ecoli50_r008271	no_hit				0	0	0	0	0	0	[]	[]	[]	[]
ecoli50_r008272	no_hit				0	0	0	0	0	0	[]	[]	[]	[]
ecoli50_r008273	no_hit				0	0	0	0	0	0	[]	[]	[]	[]
ecoli50_r008274	no_hit				0	0	0	0	0	0	[]	[]	[]	[]
ecoli50_r008275	no_hit				0	0	0	0	0	0	[]	[]	[]	[]
ecoli50_r008276	no_hit				0	0	0	0	0	0	[]	[]	[]	[]
ecoli50_r008277	no_hit				0	0	0	0	0	0	[]	[]	[]	[]
ecoli50_r008278	no_hit				0	0	0	0	0	0	[]	[]	[]	[]
ecoli50_r008279	no_hit				0	0	0	0	0	0	[]	[]	[]	[]
ecoli50_r008280	no_hit				0	0	0	0	0	0	[]	[]	[]	[]
ecoli50_r008281	no_hit				0	0	0	0	0	0	[]	[]	[]	[]
ecoli50_r008282	no_hit				0	0	0	0	0	0	[]	[]	[]	[]
ecoli50_r008283	no_hit				0	0	0	0	0	0	[]	[]	[]	[]
ecoli50_r008284	no_hit				0	0	0	0	0	0	[]	[]	[]	[]
ecoli50_r008285	no_hit				0	0	0	0	0	0	[]	[]	[]	[]
ecoli50_r008286	position_consistent_positive	18	forward	81	1	0	1	0	1	0	"[""893""]"	[]	"[[18,""forward"",81,""893""]]"	[]
ecoli50_r008287	position_consistent_positive	10	forward	81	1	0	1	0	1	0	"[""893""]"	[]	"[[10,""forward"",81,""893""]]"	[]
ecoli50_r008288	position_consistent_positive	24	reverse	81	1	0	1	0	1	0	"[""893""]"	[]	"[[24,""reverse"",81,""893""]]"	[]
ecoli50_r008289	no_hit				0	0	0	0	0	0	[]	[]	[]	[]
ecoli50_r008290	no_hit				0	0	0	0	0	0	[]	[]	[]	[]
ecoli50_r008291	no_hit				0	0	0	0	0	0	[]	[]	[]	[]
ecoli50_r008292	position_consistent_positive	8	forward	81	1	0	1	0	1	0	"[""1094""]"	[]	"[[8,""forward"",81,""1094""]]"	[]
ecoli50_r008293	no_hit				0	0	0	0	0	0	[]	[]	[]	[]
ecoli50_r008294	no_hit				0	0	0	0	0	0	[]	[]	[]	[]
ecoli50_r008295	no_hit				0	0	0	0	0	0	[]	[]	[]	[]
ecoli50_r008296	no_hit				0	0	0	0	0	0	[]	[]	[]	[]
ecoli50_r008297	no_hit				0	0	0	0	0	0	[]	[]	[]	[]
ecoli50_r008298	no_hit				0	0	0	0	0	0	[]	[]	[]	[]
ecoli50_r008299	no_hit				0	0	0	0	0	0	[]	[]	[]	[]
ecoli50_r008300	no_hit				0	0	0	0	0	0	[]	[]	[]	[]
ecoli50_r008301	no_hit				0	0	0	0	0	0	[]	[]	[]	[]
ecoli50_r008302	no_hit				0	0	0	0	0	0	[]	[]	[]	[]
ecoli50_r008303	no_hit				0	0	0	0	0	0	[]	[]	[]	[]
ecoli50_r008304	no_hit				0	0	0	0	0	0	[]	[]	[]	[]
ecoli50_r008305	no_hit				0	0	0	0	0	0	[]	[]	[]	[]
ecoli50_r008306	no_hit				0	0	0	0	0	0	[]	[]	[]	[]
ecoli50_r008307	negative_only				0	1	0	1	0	1	[]	"[""3041""]"	[]	"[[11,""forward"",81,""3041""]]"
ecoli50_r008308	negative_only				0	1	0	1	0	1	[]	"[""1877""]"	[]	"[[23,""reverse"",81,""1877""]]"
ecoli50_r008309	no_hit				0	0	0	0	0	0	[]	[]	[]	[]
ecoli50_r008310	position_consistent_positive	13	forward	81	1	0	1	0	1	0	"[""274""]"	[]	"[[13,""forward"",81,""274""]]"	[]
ecoli50_r008311	no_hit				0	0	0	0	0	0	[]	[]	[]	[]
ecoli50_r008312	no_hit				0	0	0	0	0	0	[]	[]	[]	[]
ecoli50_r008313	no_hit				0	0	0	0	0	0	[]	[]	[]	[]
ecoli50_r008314	no_hit				0	0	0	0	0	0	[]	[]	[]	[]
ecoli50_r008315	no_hit				0	0	0	0	0	0	[]	[]	[]	[]
ecoli50_r008316	no_hit				0	0	0	0	0	0	[]	[]	[]	[]
ecoli50_r008317	no_hit				0	0	0	0	0	0	[]	[]	[]	[]
ecoli50_r008318	position_consistent_positive	11	forward	81	1	0	1	0	1	0	"[""26""]"	[]	"[[11,""forward"",81,""26""]]"	[]
ecoli50_r008319	no_hit				0	0	0	0	0	0	[]	[]	[]	[]
ecoli50_r008320	no_hit				0	0	0	0	0	0	[]	[]	[]	[]
ecoli50_r008321	no_hit				0	0	0	0	0	0	[]	[]	[]	[]
ecoli50_r008322	no_hit				0	0	0	0	0	0	[]	[]	[]	[]
ecoli50_r008323	position_consistent_positive	28	forward	81	1	0	1	0	1	0	"[""3174""]"	[]	"[[28,""forward"",81,""3174""]]"	[]
ecoli50_r008324	position_consistent_positive	10	forward	81	1	0	1	0	1	0	"[""1228""]"	[]	"[[10,""forward"",81,""1228""]]"	[]
ecoli50_r008325	no_hit				0	0	0	0	0	0	[]	[]	[]	[]
ecoli50_r008326	no_hit				0	0	0	0	0	0	[]	[]	[]	[]
ecoli50_r008327	no_hit				0	0	0	0	0	0	[]	[]	[]	[]
ecoli50_r008328	no_hit				0	0	0	0	0	0	[]	[]	[]	[]
ecoli50_r008329	no_hit				0	0	0	0	0	0	[]	[]	[]	[]
ecoli50_r008330	no_hit				0	0	0	0	0	0	[]	[]	[]	[]
ecoli50_r008331	no_hit				0	0	0	0	0	0	[]	[]	[]	[]
ecoli50_r008332	no_hit				0	0	0	0	0	0	[]	[]	[]	[]
ecoli50_r008333	no_hit				0	0	0	0	0	0	[]	[]	[]	[]
ecoli50_r008334	no_hit				0	0	0	0	0	0	[]	[]	[]	[]
ecoli50_r008335	no_hit				0	0	0	0	0	0	[]	[]	[]	[]
ecoli50_r008336	no_hit				0	0	0	0	0	0	[]	[]	[]	[]
ecoli50_r008337	no_hit				0	0	0	0	0	0	[]	[]	[]	[]
ecoli50_r008338	no_hit				0	0	0	0	0	0	[]	[]	[]	[]
ecoli50_r008339	no_hit				0	0	0	0	0	0	[]	[]	[]	[]
ecoli50_r008340	no_hit				0	0	0	0	0	0	[]	[]	[]	[]
ecoli50_r008341	no_hit				0	0	0	0	0	0	[]	[]	[]	[]
ecoli50_r008342	no_hit				0	0	0	0	0	0	[]	[]	[]	[]
ecoli50_r008343	no_hit				0	0	0	0	0	0	[]	[]	[]	[]
ecoli50_r008344	no_hit				0	0	0	0	0	0	[]	[]	[]	[]
ecoli50_r008345	no_hit				0	0	0	0	0	0	[]	[]	[]	[]
ecoli50_r008346	no_hit				0	0	0	0	0	0	[]	[]	[]	[]
ecoli50_r008347	no_hit				0	0	0	0	0	0	[]	[]	[]	[]
ecoli50_r008348	no_hit				0	0	0	0	0	0	[]	[]	[]	[]
ecoli50_r008349	no_hit				0	0	0	0	0	0	[]	[]	[]	[]
ecoli50_r008350	no_hit				0	0	0	0	0	0	[]	[]	[]	[]
ecoli50_r008351	no_hit				0	0	0	0	0	0	[]	[]	[]	[]
ecoli50_r008352	no_hit				0	0	0	0	0	0	[]	[]	[]	[]
ecoli50_r008353	no_hit				0	0	0	0	0	0	[]	[]	[]	[]
ecoli50_r008354	no_hit				0	0	0	0	0	0	[]	[]	[]	[]
ecoli50_r008355	no_hit				0	0	0	0	0	0	[]	[]	[]	[]
ecoli50_r008356	no_hit				0	0	0	0	0	0	[]	[]	[]	[]
ecoli50_r008357	no_hit				0	0	0	0	0	0	[]	[]	[]	[]
ecoli50_r008358	no_hit				0	0	0	0	0	0	[]	[]	[]	[]
ecoli50_r008359	no_hit				0	0	0	0	0	0	[]	[]	[]	[]
ecoli50_r008360	no_hit				0	0	0	0	0	0	[]	[]	[]	[]
ecoli50_r008361	no_hit				0	0	0	0	0	0	[]	[]	[]	[]
ecoli50_r008362	no_hit				0	0	0	0	0	0	[]	[]	[]	[]
ecoli50_r008363	no_hit				0	0	0	0	0	0	[]	[]	[]	[]
ecoli50_r008364	no_hit				0	0	0	0	0	0	[]	[]	[]	[]
ecoli50_r008365	no_hit				0	0	0	0	0	0	[]	[]	[]	[]
ecoli50_r008366	no_hit				0	0	0	0	0	0	[]	[]	[]	[]
ecoli50_r008367	no_hit				0	0	0	0	0	0	[]	[]	[]	[]
ecoli50_r008368	no_hit				0	0	0	0	0	0	[]	[]	[]	[]
ecoli50_r008369	position_consistent_positive	10	forward	81	1	0	1	0	1	0	"[""3033""]"	[]	"[[10,""forward"",81,""3033""]]"	[]
ecoli50_r008370	no_hit				0	0	0	0	0	0	[]	[]	[]	[]
ecoli50_r008371	no_hit				0	0	0	0	0	0	[]	[]	[]	[]
ecoli50_r008372	no_hit				0	0	0	0	0	0	[]	[]	[]	[]
ecoli50_r008373	no_hit				0	0	0	0	0	0	[]	[]	[]	[]
ecoli50_r008374	no_hit				0	0	0	0	0	0	[]	[]	[]	[]
ecoli50_r008375	no_hit				0	0	0	0	0	0	[]	[]	[]	[]
ecoli50_r008376	no_hit				0	0	0	0	0	0	[]	[]	[]	[]
ecoli50_r008377	no_hit				0	0	0	0	0	0	[]	[]	[]	[]
ecoli50_r008378	no_hit				0	0	0	0	0	0	[]	[]	[]	[]
ecoli50_r008379	no_hit				0	0	0	0	0	0	[]	[]	[]	[]
ecoli50_r008380	no_hit				0	0	0	0	0	0	[]	[]	[]	[]
ecoli50_r008381	no_hit				0	0	0	0	0	0	[]	[]	[]	[]
ecoli50_r008382	no_hit				0	0	0	0	0	0	[]	[]	[]	[]
ecoli50_r008383	no_hit				0	0	0	0	0	0	[]	[]	[]	[]
ecoli50_r008384	no_hit				0	0	0	0	0	0	[]	[]	[]	[]
ecoli50_r008385	no_hit				0	0	0	0	0	0	[]	[]	[]	[]
ecoli50_r008386	position_consistent_positive	12	reverse	81	1	0	1	0	1	0	"[""3308""]"	[]	"[[12,""reverse"",81,""3308""]]"	[]
ecoli50_r008387	no_hit				0	0	0	0	0	0	[]	[]	[]	[]
ecoli50_r008388	no_hit				0	0	0	0	0	0	[]	[]	[]	[]
ecoli50_r008389	no_hit				0	0	0	0	0	0	[]	[]	[]	[]
ecoli50_r008390	position_consistent_positive	5	reverse	81	1	0	1	0	1	0	"[""3027""]"	[]	"[[5,""reverse"",81,""3027""]]"	[]
ecoli50_r008391	position_consistent_positive	29	forward	81	1	0	1	0	1	0	"[""3027""]"	[]	"[[29,""forward"",81,""3027""]]"	[]
ecoli50_r008392	no_hit				0	0	0	0	0	0	[]	[]	[]	[]
ecoli50_r008393	no_hit				0	0	0	0	0	0	[]	[]	[]	[]
ecoli50_r008394	no_hit				0	0	0	0	0	0	[]	[]	[]	[]
ecoli50_r008395	no_hit				0	0	0	0	0	0	[]	[]	[]	[]
ecoli50_r008396	negative_only				0	1	0	1	0	1	[]	"[""1328""]"	[]	"[[1,""reverse"",81,""1328""]]"
ecoli50_r008397	no_hit				0	0	0	0	0	0	[]	[]	[]	[]
ecoli50_r008398	no_hit				0	0	0	0	0	0	[]	[]	[]	[]
ecoli50_r008399	no_hit				0	0	0	0	0	0	[]	[]	[]	[]
ecoli50_r008400	no_hit				0	0	0	0	0	0	[]	[]	[]	[]
ecoli50_r008401	no_hit				0	0	0	0	0	0	[]	[]	[]	[]
ecoli50_r008402	no_hit				0	0	0	0	0	0	[]	[]	[]	[]
ecoli50_r008403	no_hit				0	0	0	0	0	0	[]	[]	[]	[]
ecoli50_r008404	no_hit				0	0	0	0	0	0	[]	[]	[]	[]
ecoli50_r008405	no_hit				0	0	0	0	0	0	[]	[]	[]	[]
ecoli50_r008406	no_hit				0	0	0	0	0	0	[]	[]	[]	[]
ecoli50_r008407	no_hit				0	0	0	0	0	0	[]	[]	[]	[]
ecoli50_r008408	no_hit				0	0	0	0	0	0	[]	[]	[]	[]
ecoli50_r008409	no_hit				0	0	0	0	0	0	[]	[]	[]	[]
ecoli50_r008410	no_hit				0	0	0	0	0	0	[]	[]	[]	[]
ecoli50_r008411	no_hit				0	0	0	0	0	0	[]	[]	[]	[]
ecoli50_r008412	no_hit				0	0	0	0	0	0	[]	[]	[]	[]
ecoli50_r008413	no_hit				0	0	0	0	0	0	[]	[]	[]	[]
ecoli50_r008414	no_hit				0	0	0	0	0	0	[]	[]	[]	[]
ecoli50_r008415	no_hit				0	0	0	0	0	0	[]	[]	[]	[]
ecoli50_r008416	no_hit				0	0	0	0	0	0	[]	[]	[]	[]
ecoli50_r008417	no_hit				0	0	0	0	0	0	[]	[]	[]	[]
ecoli50_r008418	no_hit				0	0	0	0	0	0	[]	[]	[]	[]
ecoli50_r008419	no_hit				0	0	0	0	0	0	[]	[]	[]	[]
ecoli50_r008420	no_hit				0	0	0	0	0	0	[]	[]	[]	[]
ecoli50_r008421	no_hit				0	0	0	0	0	0	[]	[]	[]	[]
ecoli50_r008422	position_consistent_positive	10	forward	81	1	0	1	0	1	0	"[""2750""]"	[]	"[[10,""forward"",81,""2750""]]"	[]
ecoli50_r008423	no_hit				0	0	0	0	0	0	[]	[]	[]	[]
ecoli50_r008424	no_hit				0	0	0	0	0	0	[]	[]	[]	[]
ecoli50_r008425	no_hit				0	0	0	0	0	0	[]	[]	[]	[]
ecoli50_r008426	no_hit				0	0	0	0	0	0	[]	[]	[]	[]
ecoli50_r008427	no_hit				0	0	0	0	0	0	[]	[]	[]	[]
ecoli50_r008428	no_hit				0	0	0	0	0	0	[]	[]	[]	[]
ecoli50_r008429	no_hit				0	0	0	0	0	0	[]	[]	[]	[]
ecoli50_r008430	no_hit				0	0	0	0	0	0	[]	[]	[]	[]
ecoli50_r008431	no_hit				0	0	0	0	0	0	[]	[]	[]	[]
ecoli50_r008432	no_hit				0	0	0	0	0	0	[]	[]	[]	[]
ecoli50_r008433	no_hit				0	0	0	0	0	0	[]	[]	[]	[]
ecoli50_r008434	no_hit				0	0	0	0	0	0	[]	[]	[]	[]
ecoli50_r008435	no_hit				0	0	0	0	0	0	[]	[]	[]	[]
ecoli50_r008436	no_hit				0	0	0	0	0	0	[]	[]	[]	[]
ecoli50_r008437	no_hit				0	0	0	0	0	0	[]	[]	[]	[]
ecoli50_r008438	no_hit				0	0	0	0	0	0	[]	[]	[]	[]
ecoli50_r008439	no_hit				0	0	0	0	0	0	[]	[]	[]	[]
ecoli50_r008440	no_hit				0	0	0	0	0	0	[]	[]	[]	[]
ecoli50_r008441	no_hit				0	0	0	0	0	0	[]	[]	[]	[]
ecoli50_r008442	no_hit				0	0	0	0	0	0	[]	[]	[]	[]
ecoli50_r008443	no_hit				0	0	0	0	0	0	[]	[]	[]	[]
ecoli50_r008444	no_hit				0	0	0	0	0	0	[]	[]	[]	[]
ecoli50_r008445	no_hit				0	0	0	0	0	0	[]	[]	[]	[]
ecoli50_r008446	no_hit				0	0	0	0	0	0	[]	[]	[]	[]
ecoli50_r008447	no_hit				0	0	0	0	0	0	[]	[]	[]	[]
ecoli50_r008448	no_hit				0	0	0	0	0	0	[]	[]	[]	[]
ecoli50_r008449	no_hit				0	0	0	0	0	0	[]	[]	[]	[]
ecoli50_r008450	no_hit				0	0	0	0	0	0	[]	[]	[]	[]
ecoli50_r008451	no_hit				0	0	0	0	0	0	[]	[]	[]	[]
ecoli50_r008452	no_hit				0	0	0	0	0	0	[]	[]	[]	[]
ecoli50_r008453	no_hit				0	0	0	0	0	0	[]	[]	[]	[]
ecoli50_r008454	no_hit				0	0	0	0	0	0	[]	[]	[]	[]
ecoli50_r008455	no_hit				0	0	0	0	0	0	[]	[]	[]	[]
ecoli50_r008456	no_hit				0	0	0	0	0	0	[]	[]	[]	[]
ecoli50_r008457	no_hit				0	0	0	0	0	0	[]	[]	[]	[]
ecoli50_r008458	no_hit				0	0	0	0	0	0	[]	[]	[]	[]
ecoli50_r008459	no_hit				0	0	0	0	0	0	[]	[]	[]	[]
ecoli50_r008460	no_hit				0	0	0	0	0	0	[]	[]	[]	[]
ecoli50_r008461	no_hit				0	0	0	0	0	0	[]	[]	[]	[]
ecoli50_r008462	no_hit				0	0	0	0	0	0	[]	[]	[]	[]
ecoli50_r008463	no_hit				0	0	0	0	0	0	[]	[]	[]	[]
ecoli50_r008464	no_hit				0	0	0	0	0	0	[]	[]	[]	[]
ecoli50_r008465	no_hit				0	0	0	0	0	0	[]	[]	[]	[]
ecoli50_r008466	no_hit				0	0	0	0	0	0	[]	[]	[]	[]
ecoli50_r008467	no_hit				0	0	0	0	0	0	[]	[]	[]	[]
ecoli50_r008468	no_hit				0	0	0	0	0	0	[]	[]	[]	[]
ecoli50_r008469	no_hit				0	0	0	0	0	0	[]	[]	[]	[]
ecoli50_r008470	no_hit				0	0	0	0	0	0	[]	[]	[]	[]
ecoli50_r008471	no_hit				0	0	0	0	0	0	[]	[]	[]	[]
ecoli50_r008472	no_hit				0	0	0	0	0	0	[]	[]	[]	[]
ecoli50_r008473	no_hit				0	0	0	0	0	0	[]	[]	[]	[]
ecoli50_r008474	no_hit				0	0	0	0	0	0	[]	[]	[]	[]
ecoli50_r008475	no_hit				0	0	0	0	0	0	[]	[]	[]	[]
ecoli50_r008476	no_hit				0	0	0	0	0	0	[]	[]	[]	[]
ecoli50_r008477	no_hit				0	0	0	0	0	0	[]	[]	[]	[]
ecoli50_r008478	no_hit				0	0	0	0	0	0	[]	[]	[]	[]
ecoli50_r008479	no_hit				0	0	0	0	0	0	[]	[]	[]	[]
ecoli50_r008480	no_hit				0	0	0	0	0	0	[]	[]	[]	[]
ecoli50_r008481	no_hit				0	0	0	0	0	0	[]	[]	[]	[]
ecoli50_r008482	no_hit				0	0	0	0	0	0	[]	[]	[]	[]
ecoli50_r008483	no_hit				0	0	0	0	0	0	[]	[]	[]	[]
ecoli50_r008484	no_hit				0	0	0	0	0	0	[]	[]	[]	[]
ecoli50_r008485	no_hit				0	0	0	0	0	0	[]	[]	[]	[]
ecoli50_r008486	no_hit				0	0	0	0	0	0	[]	[]	[]	[]
ecoli50_r008487	no_hit				0	0	0	0	0	0	[]	[]	[]	[]
ecoli50_r008488	no_hit				0	0	0	0	0	0	[]	[]	[]	[]
ecoli50_r008489	no_hit				0	0	0	0	0	0	[]	[]	[]	[]
ecoli50_r008490	no_hit				0	0	0	0	0	0	[]	[]	[]	[]
ecoli50_r008491	no_hit				0	0	0	0	0	0	[]	[]	[]	[]
ecoli50_r008492	no_hit				0	0	0	0	0	0	[]	[]	[]	[]
ecoli50_r008493	no_hit				0	0	0	0	0	0	[]	[]	[]	[]
ecoli50_r008494	no_hit				0	0	0	0	0	0	[]	[]	[]	[]
ecoli50_r008495	no_hit				0	0	0	0	0	0	[]	[]	[]	[]
ecoli50_r008496	no_hit				0	0	0	0	0	0	[]	[]	[]	[]
ecoli50_r008497	no_hit				0	0	0	0	0	0	[]	[]	[]	[]
ecoli50_r008498	no_hit				0	0	0	0	0	0	[]	[]	[]	[]
ecoli50_r008499	no_hit				0	0	0	0	0	0	[]	[]	[]	[]
ecoli50_r008500	no_hit				0	0	0	0	0	0	[]	[]	[]	[]
ecoli50_r008501	no_hit				0	0	0	0	0	0	[]	[]	[]	[]
ecoli50_r008502	no_hit				0	0	0	0	0	0	[]	[]	[]	[]
ecoli50_r008503	no_hit				0	0	0	0	0	0	[]	[]	[]	[]
ecoli50_r008504	no_hit				0	0	0	0	0	0	[]	[]	[]	[]
ecoli50_r008505	no_hit				0	0	0	0	0	0	[]	[]	[]	[]
ecoli50_r008506	position_consistent_positive	10	forward	81	1	0	1	0	1	0	"[""248""]"	[]	"[[10,""forward"",81,""248""]]"	[]
ecoli50_r008507	no_hit				0	0	0	0	0	0	[]	[]	[]	[]
ecoli50_r008508	no_hit				0	0	0	0	0	0	[]	[]	[]	[]
ecoli50_r008509	no_hit				0	0	0	0	0	0	[]	[]	[]	[]
ecoli50_r008510	position_consistent_positive	10	forward	81	1	0	1	0	1	0	"[""394""]"	[]	"[[10,""forward"",81,""394""]]"	[]
ecoli50_r008511	no_hit				0	0	0	0	0	0	[]	[]	[]	[]
ecoli50_r008512	no_hit				0	0	0	0	0	0	[]	[]	[]	[]
ecoli50_r008513	no_hit				0	0	0	0	0	0	[]	[]	[]	[]
ecoli50_r008514	no_hit				0	0	0	0	0	0	[]	[]	[]	[]
ecoli50_r008515	no_hit				0	0	0	0	0	0	[]	[]	[]	[]
ecoli50_r008516	no_hit				0	0	0	0	0	0	[]	[]	[]	[]
ecoli50_r008517	position_consistent_positive	11	forward	81	1	0	1	0	1	0	"[""2051""]"	[]	"[[11,""forward"",81,""2051""]]"	[]
ecoli50_r008518	no_hit				0	0	0	0	0	0	[]	[]	[]	[]
ecoli50_r008519	no_hit				0	0	0	0	0	0	[]	[]	[]	[]
ecoli50_r008520	no_hit				0	0	0	0	0	0	[]	[]	[]	[]
ecoli50_r008521	no_hit				0	0	0	0	0	0	[]	[]	[]	[]
ecoli50_r008522	position_consistent_positive	10	forward	81	1	0	1	0	1	0	"[""2381""]"	[]	"[[10,""forward"",81,""2381""]]"	[]
ecoli50_r008523	no_hit				0	0	0	0	0	0	[]	[]	[]	[]
ecoli50_r008524	no_hit				0	0	0	0	0	0	[]	[]	[]	[]
ecoli50_r008525	no_hit				0	0	0	0	0	0	[]	[]	[]	[]
ecoli50_r008526	no_hit				0	0	0	0	0	0	[]	[]	[]	[]
ecoli50_r008527	no_hit				0	0	0	0	0	0	[]	[]	[]	[]
ecoli50_r008528	no_hit				0	0	0	0	0	0	[]	[]	[]	[]
ecoli50_r008529	no_hit				0	0	0	0	0	0	[]	[]	[]	[]
ecoli50_r008530	no_hit				0	0	0	0	0	0	[]	[]	[]	[]
ecoli50_r008531	no_hit				0	0	0	0	0	0	[]	[]	[]	[]
ecoli50_r008532	negative_only				0	1	0	1	0	1	[]	"[""185""]"	[]	"[[25,""forward"",81,""185""]]"
ecoli50_r008533	no_hit				0	0	0	0	0	0	[]	[]	[]	[]
ecoli50_r008534	no_hit				0	0	0	0	0	0	[]	[]	[]	[]
ecoli50_r008535	no_hit				0	0	0	0	0	0	[]	[]	[]	[]
ecoli50_r008536	ambiguous_positive				2	0	2	0	2	0	"[""2468"",""863""]"	[]	"[[10,""forward"",81,""863""],[12,""forward"",81,""2468""]]"	[]
ecoli50_r008537	position_consistent_positive	27	reverse	81	1	0	1	0	1	0	"[""601""]"	[]	"[[27,""reverse"",81,""601""]]"	[]
ecoli50_r008538	ambiguous_positive				3	0	3	0	3	0	"[""2008"",""2817"",""601""]"	[]	"[[11,""reverse"",81,""2008""],[13,""forward"",81,""601""],[29,""forward"",81,""2817""]]"	[]
ecoli50_r008539	no_hit				0	0	0	0	0	0	[]	[]	[]	[]
ecoli50_r008540	no_hit				0	0	0	0	0	0	[]	[]	[]	[]
ecoli50_r008541	no_hit				0	0	0	0	0	0	[]	[]	[]	[]
ecoli50_r008542	no_hit				0	0	0	0	0	0	[]	[]	[]	[]
ecoli50_r008543	no_hit				0	0	0	0	0	0	[]	[]	[]	[]
ecoli50_r008544	no_hit				0	0	0	0	0	0	[]	[]	[]	[]
ecoli50_r008545	no_hit				0	0	0	0	0	0	[]	[]	[]	[]
ecoli50_r008546	no_hit				0	0	0	0	0	0	[]	[]	[]	[]
ecoli50_r008547	no_hit				0	0	0	0	0	0	[]	[]	[]	[]
ecoli50_r008548	no_hit				0	0	0	0	0	0	[]	[]	[]	[]
ecoli50_r008549	no_hit				0	0	0	0	0	0	[]	[]	[]	[]
ecoli50_r008550	no_hit				0	0	0	0	0	0	[]	[]	[]	[]
ecoli50_r008551	no_hit				0	0	0	0	0	0	[]	[]	[]	[]
ecoli50_r008552	no_hit				0	0	0	0	0	0	[]	[]	[]	[]
ecoli50_r008553	no_hit				0	0	0	0	0	0	[]	[]	[]	[]
ecoli50_r008554	no_hit				0	0	0	0	0	0	[]	[]	[]	[]
ecoli50_r008555	no_hit				0	0	0	0	0	0	[]	[]	[]	[]
ecoli50_r008556	no_hit				0	0	0	0	0	0	[]	[]	[]	[]
ecoli50_r008557	no_hit				0	0	0	0	0	0	[]	[]	[]	[]
ecoli50_r008558	no_hit				0	0	0	0	0	0	[]	[]	[]	[]
ecoli50_r008559	no_hit				0	0	0	0	0	0	[]	[]	[]	[]
ecoli50_r008560	no_hit				0	0	0	0	0	0	[]	[]	[]	[]
ecoli50_r008561	no_hit				0	0	0	0	0	0	[]	[]	[]	[]
ecoli50_r008562	no_hit				0	0	0	0	0	0	[]	[]	[]	[]
ecoli50_r008563	no_hit				0	0	0	0	0	0	[]	[]	[]	[]
ecoli50_r008564	no_hit				0	0	0	0	0	0	[]	[]	[]	[]
ecoli50_r008565	no_hit				0	0	0	0	0	0	[]	[]	[]	[]
ecoli50_r008566	no_hit				0	0	0	0	0	0	[]	[]	[]	[]
ecoli50_r008567	no_hit				0	0	0	0	0	0	[]	[]	[]	[]
ecoli50_r008568	no_hit				0	0	0	0	0	0	[]	[]	[]	[]
ecoli50_r008569	no_hit				0	0	0	0	0	0	[]	[]	[]	[]
ecoli50_r008570	no_hit				0	0	0	0	0	0	[]	[]	[]	[]
ecoli50_r008571	no_hit				0	0	0	0	0	0	[]	[]	[]	[]
ecoli50_r008572	no_hit				0	0	0	0	0	0	[]	[]	[]	[]
ecoli50_r008573	no_hit				0	0	0	0	0	0	[]	[]	[]	[]
ecoli50_r008574	no_hit				0	0	0	0	0	0	[]	[]	[]	[]
ecoli50_r008575	no_hit				0	0	0	0	0	0	[]	[]	[]	[]
ecoli50_r008576	no_hit				0	0	0	0	0	0	[]	[]	[]	[]
ecoli50_r008577	no_hit				0	0	0	0	0	0	[]	[]	[]	[]
ecoli50_r008578	no_hit				0	0	0	0	0	0	[]	[]	[]	[]
ecoli50_r008579	no_hit				0	0	0	0	0	0	[]	[]	[]	[]
ecoli50_r008580	no_hit				0	0	0	0	0	0	[]	[]	[]	[]
ecoli50_r008581	no_hit				0	0	0	0	0	0	[]	[]	[]	[]
ecoli50_r008582	no_hit				0	0	0	0	0	0	[]	[]	[]	[]
ecoli50_r008583	no_hit				0	0	0	0	0	0	[]	[]	[]	[]
ecoli50_r008584	no_hit				0	0	0	0	0	0	[]	[]	[]	[]
ecoli50_r008585	no_hit				0	0	0	0	0	0	[]	[]	[]	[]
ecoli50_r008586	no_hit				0	0	0	0	0	0	[]	[]	[]	[]
ecoli50_r008587	no_hit				0	0	0	0	0	0	[]	[]	[]	[]
ecoli50_r008588	no_hit				0	0	0	0	0	0	[]	[]	[]	[]
ecoli50_r008589	no_hit				0	0	0	0	0	0	[]	[]	[]	[]
ecoli50_r008590	no_hit				0	0	0	0	0	0	[]	[]	[]	[]
ecoli50_r008591	no_hit				0	0	0	0	0	0	[]	[]	[]	[]
ecoli50_r008592	no_hit				0	0	0	0	0	0	[]	[]	[]	[]
ecoli50_r008593	no_hit				0	0	0	0	0	0	[]	[]	[]	[]
ecoli50_r008594	no_hit				0	0	0	0	0	0	[]	[]	[]	[]
ecoli50_r008595	no_hit				0	0	0	0	0	0	[]	[]	[]	[]
ecoli50_r008596	no_hit				0	0	0	0	0	0	[]	[]	[]	[]
ecoli50_r008597	no_hit				0	0	0	0	0	0	[]	[]	[]	[]
ecoli50_r008598	no_hit				0	0	0	0	0	0	[]	[]	[]	[]
ecoli50_r008599	no_hit				0	0	0	0	0	0	[]	[]	[]	[]
ecoli50_r008600	no_hit				0	0	0	0	0	0	[]	[]	[]	[]
ecoli50_r008601	no_hit				0	0	0	0	0	0	[]	[]	[]	[]
ecoli50_r008602	position_consistent_positive	10	forward	81	1	0	1	0	1	0	"[""2000""]"	[]	"[[10,""forward"",81,""2000""]]"	[]
ecoli50_r008603	no_hit				0	0	0	0	0	0	[]	[]	[]	[]
ecoli50_r008604	no_hit				0	0	0	0	0	0	[]	[]	[]	[]
ecoli50_r008605	no_hit				0	0	0	0	0	0	[]	[]	[]	[]
ecoli50_r008606	no_hit				0	0	0	0	0	0	[]	[]	[]	[]
ecoli50_r008607	no_hit				0	0	0	0	0	0	[]	[]	[]	[]
ecoli50_r008608	no_hit				0	0	0	0	0	0	[]	[]	[]	[]
ecoli50_r008609	no_hit				0	0	0	0	0	0	[]	[]	[]	[]
ecoli50_r008610	no_hit				0	0	0	0	0	0	[]	[]	[]	[]
ecoli50_r008611	no_hit				0	0	0	0	0	0	[]	[]	[]	[]
ecoli50_r008612	no_hit				0	0	0	0	0	0	[]	[]	[]	[]
ecoli50_r008613	no_hit				0	0	0	0	0	0	[]	[]	[]	[]
ecoli50_r008614	no_hit				0	0	0	0	0	0	[]	[]	[]	[]
ecoli50_r008615	no_hit				0	0	0	0	0	0	[]	[]	[]	[]
ecoli50_r008616	no_hit				0	0	0	0	0	0	[]	[]	[]	[]
ecoli50_r008617	no_hit				0	0	0	0	0	0	[]	[]	[]	[]
ecoli50_r008618	no_hit				0	0	0	0	0	0	[]	[]	[]	[]
ecoli50_r008619	no_hit				0	0	0	0	0	0	[]	[]	[]	[]
ecoli50_r008620	no_hit				0	0	0	0	0	0	[]	[]	[]	[]
ecoli50_r008621	no_hit				0	0	0	0	0	0	[]	[]	[]	[]
ecoli50_r008622	no_hit				0	0	0	0	0	0	[]	[]	[]	[]
ecoli50_r008623	no_hit				0	0	0	0	0	0	[]	[]	[]	[]
ecoli50_r008624	no_hit				0	0	0	0	0	0	[]	[]	[]	[]
ecoli50_r008625	no_hit				0	0	0	0	0	0	[]	[]	[]	[]
ecoli50_r008626	no_hit				0	0	0	0	0	0	[]	[]	[]	[]
ecoli50_r008627	no_hit				0	0	0	0	0	0	[]	[]	[]	[]
ecoli50_r008628	no_hit				0	0	0	0	0	0	[]	[]	[]	[]
ecoli50_r008629	no_hit				0	0	0	0	0	0	[]	[]	[]	[]
ecoli50_r008630	no_hit				0	0	0	0	0	0	[]	[]	[]	[]
ecoli50_r008631	no_hit				0	0	0	0	0	0	[]	[]	[]	[]
ecoli50_r008632	no_hit				0	0	0	0	0	0	[]	[]	[]	[]
ecoli50_r008633	no_hit				0	0	0	0	0	0	[]	[]	[]	[]
ecoli50_r008634	no_hit				0	0	0	0	0	0	[]	[]	[]	[]
ecoli50_r008635	no_hit				0	0	0	0	0	0	[]	[]	[]	[]
ecoli50_r008636	no_hit				0	0	0	0	0	0	[]	[]	[]	[]
ecoli50_r008637	no_hit				0	0	0	0	0	0	[]	[]	[]	[]
ecoli50_r008638	no_hit				0	0	0	0	0	0	[]	[]	[]	[]
ecoli50_r008639	no_hit				0	0	0	0	0	0	[]	[]	[]	[]
ecoli50_r008640	no_hit				0	0	0	0	0	0	[]	[]	[]	[]
ecoli50_r008641	no_hit				0	0	0	0	0	0	[]	[]	[]	[]
ecoli50_r008642	no_hit				0	0	0	0	0	0	[]	[]	[]	[]
ecoli50_r008643	no_hit				0	0	0	0	0	0	[]	[]	[]	[]
ecoli50_r008644	no_hit				0	0	0	0	0	0	[]	[]	[]	[]
ecoli50_r008645	no_hit				0	0	0	0	0	0	[]	[]	[]	[]
ecoli50_r008646	no_hit				0	0	0	0	0	0	[]	[]	[]	[]
ecoli50_r008647	no_hit				0	0	0	0	0	0	[]	[]	[]	[]
ecoli50_r008648	no_hit				0	0	0	0	0	0	[]	[]	[]	[]
ecoli50_r008649	no_hit				0	0	0	0	0	0	[]	[]	[]	[]
ecoli50_r008650	no_hit				0	0	0	0	0	0	[]	[]	[]	[]
ecoli50_r008651	no_hit				0	0	0	0	0	0	[]	[]	[]	[]
ecoli50_r008652	no_hit				0	0	0	0	0	0	[]	[]	[]	[]
ecoli50_r008653	no_hit				0	0	0	0	0	0	[]	[]	[]	[]
ecoli50_r008654	no_hit				0	0	0	0	0	0	[]	[]	[]	[]
ecoli50_r008655	no_hit				0	0	0	0	0	0	[]	[]	[]	[]
ecoli50_r008656	no_hit				0	0	0	0	0	0	[]	[]	[]	[]
ecoli50_r008657	negative_only				0	1	0	1	0	1	[]	"[""2420""]"	[]	"[[28,""forward"",81,""2420""]]"
ecoli50_r008658	no_hit				0	0	0	0	0	0	[]	[]	[]	[]
ecoli50_r008659	no_hit				0	0	0	0	0	0	[]	[]	[]	[]
ecoli50_r008660	no_hit				0	0	0	0	0	0	[]	[]	[]	[]
ecoli50_r008661	no_hit				0	0	0	0	0	0	[]	[]	[]	[]
ecoli50_r008662	no_hit				0	0	0	0	0	0	[]	[]	[]	[]
ecoli50_r008663	no_hit				0	0	0	0	0	0	[]	[]	[]	[]
ecoli50_r008664	ambiguous_positive				2	0	2	0	2	0	"[""1169"",""256""]"	[]	"[[8,""reverse"",81,""256""],[13,""reverse"",81,""1169""]]"	[]
ecoli50_r008665	no_hit				0	0	0	0	0	0	[]	[]	[]	[]
ecoli50_r008666	no_hit				0	0	0	0	0	0	[]	[]	[]	[]
ecoli50_r008667	no_hit				0	0	0	0	0	0	[]	[]	[]	[]
ecoli50_r008668	no_hit				0	0	0	0	0	0	[]	[]	[]	[]
ecoli50_r008669	no_hit				0	0	0	0	0	0	[]	[]	[]	[]
ecoli50_r008670	no_hit				0	0	0	0	0	0	[]	[]	[]	[]
ecoli50_r008671	no_hit				0	0	0	0	0	0	[]	[]	[]	[]
ecoli50_r008672	no_hit				0	0	0	0	0	0	[]	[]	[]	[]
ecoli50_r008673	no_hit				0	0	0	0	0	0	[]	[]	[]	[]
ecoli50_r008674	no_hit				0	0	0	0	0	0	[]	[]	[]	[]
ecoli50_r008675	no_hit				0	0	0	0	0	0	[]	[]	[]	[]
ecoli50_r008676	no_hit				0	0	0	0	0	0	[]	[]	[]	[]
ecoli50_r008677	no_hit				0	0	0	0	0	0	[]	[]	[]	[]
ecoli50_r008678	no_hit				0	0	0	0	0	0	[]	[]	[]	[]
ecoli50_r008679	no_hit				0	0	0	0	0	0	[]	[]	[]	[]
ecoli50_r008680	no_hit				0	0	0	0	0	0	[]	[]	[]	[]
ecoli50_r008681	position_consistent_positive	10	forward	81	1	0	1	0	1	0	"[""1036""]"	[]	"[[10,""forward"",81,""1036""]]"	[]
ecoli50_r008682	no_hit				0	0	0	0	0	0	[]	[]	[]	[]
ecoli50_r008683	no_hit				0	0	0	0	0	0	[]	[]	[]	[]
ecoli50_r008684	no_hit				0	0	0	0	0	0	[]	[]	[]	[]
ecoli50_r008685	no_hit				0	0	0	0	0	0	[]	[]	[]	[]
ecoli50_r008686	no_hit				0	0	0	0	0	0	[]	[]	[]	[]
ecoli50_r008687	no_hit				0	0	0	0	0	0	[]	[]	[]	[]
ecoli50_r008688	no_hit				0	0	0	0	0	0	[]	[]	[]	[]
ecoli50_r008689	no_hit				0	0	0	0	0	0	[]	[]	[]	[]
ecoli50_r008690	no_hit				0	0	0	0	0	0	[]	[]	[]	[]
ecoli50_r008691	no_hit				0	0	0	0	0	0	[]	[]	[]	[]
ecoli50_r008692	no_hit				0	0	0	0	0	0	[]	[]	[]	[]
ecoli50_r008693	no_hit				0	0	0	0	0	0	[]	[]	[]	[]
ecoli50_r008694	no_hit				0	0	0	0	0	0	[]	[]	[]	[]
ecoli50_r008695	no_hit				0	0	0	0	0	0	[]	[]	[]	[]
ecoli50_r008696	no_hit				0	0	0	0	0	0	[]	[]	[]	[]
ecoli50_r008697	no_hit				0	0	0	0	0	0	[]	[]	[]	[]
ecoli50_r008698	no_hit				0	0	0	0	0	0	[]	[]	[]	[]
ecoli50_r008699	no_hit				0	0	0	0	0	0	[]	[]	[]	[]
ecoli50_r008700	no_hit				0	0	0	0	0	0	[]	[]	[]	[]
ecoli50_r008701	no_hit				0	0	0	0	0	0	[]	[]	[]	[]
ecoli50_r008702	no_hit				0	0	0	0	0	0	[]	[]	[]	[]
ecoli50_r008703	no_hit				0	0	0	0	0	0	[]	[]	[]	[]
ecoli50_r008704	no_hit				0	0	0	0	0	0	[]	[]	[]	[]
ecoli50_r008705	no_hit				0	0	0	0	0	0	[]	[]	[]	[]
ecoli50_r008706	no_hit				0	0	0	0	0	0	[]	[]	[]	[]
ecoli50_r008707	no_hit				0	0	0	0	0	0	[]	[]	[]	[]
ecoli50_r008708	no_hit				0	0	0	0	0	0	[]	[]	[]	[]
ecoli50_r008709	no_hit				0	0	0	0	0	0	[]	[]	[]	[]
ecoli50_r008710	no_hit				0	0	0	0	0	0	[]	[]	[]	[]
ecoli50_r008711	no_hit				0	0	0	0	0	0	[]	[]	[]	[]
ecoli50_r008712	no_hit				0	0	0	0	0	0	[]	[]	[]	[]
ecoli50_r008713	no_hit				0	0	0	0	0	0	[]	[]	[]	[]
ecoli50_r008714	no_hit				0	0	0	0	0	0	[]	[]	[]	[]
ecoli50_r008715	no_hit				0	0	0	0	0	0	[]	[]	[]	[]
ecoli50_r008716	position_consistent_positive	29	forward	81	1	0	1	0	1	0	"[""2711""]"	[]	"[[29,""forward"",81,""2711""]]"	[]
ecoli50_r008717	no_hit				0	0	0	0	0	0	[]	[]	[]	[]
ecoli50_r008718	no_hit				0	0	0	0	0	0	[]	[]	[]	[]
ecoli50_r008719	no_hit				0	0	0	0	0	0	[]	[]	[]	[]
ecoli50_r008720	no_hit				0	0	0	0	0	0	[]	[]	[]	[]
ecoli50_r008721	no_hit				0	0	0	0	0	0	[]	[]	[]	[]
ecoli50_r008722	no_hit				0	0	0	0	0	0	[]	[]	[]	[]
ecoli50_r008723	no_hit				0	0	0	0	0	0	[]	[]	[]	[]
ecoli50_r008724	no_hit				0	0	0	0	0	0	[]	[]	[]	[]
ecoli50_r008725	no_hit				0	0	0	0	0	0	[]	[]	[]	[]
ecoli50_r008726	position_consistent_positive	11	forward	81	1	0	1	0	1	0	"[""1293""]"	[]	"[[11,""forward"",81,""1293""]]"	[]
ecoli50_r008727	no_hit				0	0	0	0	0	0	[]	[]	[]	[]
ecoli50_r008728	no_hit				0	0	0	0	0	0	[]	[]	[]	[]
ecoli50_r008729	no_hit				0	0	0	0	0	0	[]	[]	[]	[]
ecoli50_r008730	no_hit				0	0	0	0	0	0	[]	[]	[]	[]
ecoli50_r008731	no_hit				0	0	0	0	0	0	[]	[]	[]	[]
ecoli50_r008732	no_hit				0	0	0	0	0	0	[]	[]	[]	[]
ecoli50_r008733	ambiguous_positive				2	0	2	0	2	0	"[""1532"",""1984""]"	[]	"[[14,""forward"",81,""1532""],[25,""reverse"",81,""1984""]]"	[]
ecoli50_r008734	no_hit				0	0	0	0	0	0	[]	[]	[]	[]
ecoli50_r008735	no_hit				0	0	0	0	0	0	[]	[]	[]	[]
ecoli50_r008736	no_hit				0	0	0	0	0	0	[]	[]	[]	[]
ecoli50_r008737	no_hit				0	0	0	0	0	0	[]	[]	[]	[]
ecoli50_r008738	no_hit				0	0	0	0	0	0	[]	[]	[]	[]
ecoli50_r008739	no_hit				0	0	0	0	0	0	[]	[]	[]	[]
ecoli50_r008740	no_hit				0	0	0	0	0	0	[]	[]	[]	[]
ecoli50_r008741	no_hit				0	0	0	0	0	0	[]	[]	[]	[]
ecoli50_r008742	no_hit				0	0	0	0	0	0	[]	[]	[]	[]
ecoli50_r008743	no_hit				0	0	0	0	0	0	[]	[]	[]	[]
ecoli50_r008744	no_hit				0	0	0	0	0	0	[]	[]	[]	[]
ecoli50_r008745	no_hit				0	0	0	0	0	0	[]	[]	[]	[]
ecoli50_r008746	no_hit				0	0	0	0	0	0	[]	[]	[]	[]
ecoli50_r008747	no_hit				0	0	0	0	0	0	[]	[]	[]	[]
ecoli50_r008748	no_hit				0	0	0	0	0	0	[]	[]	[]	[]
ecoli50_r008749	no_hit				0	0	0	0	0	0	[]	[]	[]	[]
ecoli50_r008750	negative_only				0	1	0	1	0	1	[]	"[""1292""]"	[]	"[[27,""reverse"",81,""1292""]]"
ecoli50_r008751	no_hit				0	0	0	0	0	0	[]	[]	[]	[]
ecoli50_r008752	no_hit				0	0	0	0	0	0	[]	[]	[]	[]
ecoli50_r008753	no_hit				0	0	0	0	0	0	[]	[]	[]	[]
ecoli50_r008754	no_hit				0	0	0	0	0	0	[]	[]	[]	[]
ecoli50_r008755	no_hit				0	0	0	0	0	0	[]	[]	[]	[]
ecoli50_r008756	no_hit				0	0	0	0	0	0	[]	[]	[]	[]
ecoli50_r008757	no_hit				0	0	0	0	0	0	[]	[]	[]	[]
ecoli50_r008758	no_hit				0	0	0	0	0	0	[]	[]	[]	[]
ecoli50_r008759	no_hit				0	0	0	0	0	0	[]	[]	[]	[]
ecoli50_r008760	no_hit				0	0	0	0	0	0	[]	[]	[]	[]
ecoli50_r008761	no_hit				0	0	0	0	0	0	[]	[]	[]	[]
ecoli50_r008762	no_hit				0	0	0	0	0	0	[]	[]	[]	[]
ecoli50_r008763	no_hit				0	0	0	0	0	0	[]	[]	[]	[]
ecoli50_r008764	no_hit				0	0	0	0	0	0	[]	[]	[]	[]
ecoli50_r008765	no_hit				0	0	0	0	0	0	[]	[]	[]	[]
ecoli50_r008766	no_hit				0	0	0	0	0	0	[]	[]	[]	[]
ecoli50_r008767	no_hit				0	0	0	0	0	0	[]	[]	[]	[]
ecoli50_r008768	no_hit				0	0	0	0	0	0	[]	[]	[]	[]
ecoli50_r008769	no_hit				0	0	0	0	0	0	[]	[]	[]	[]
ecoli50_r008770	no_hit				0	0	0	0	0	0	[]	[]	[]	[]
ecoli50_r008771	no_hit				0	0	0	0	0	0	[]	[]	[]	[]
ecoli50_r008772	no_hit				0	0	0	0	0	0	[]	[]	[]	[]
ecoli50_r008773	no_hit				0	0	0	0	0	0	[]	[]	[]	[]
ecoli50_r008774	no_hit				0	0	0	0	0	0	[]	[]	[]	[]
ecoli50_r008775	no_hit				0	0	0	0	0	0	[]	[]	[]	[]
ecoli50_r008776	no_hit				0	0	0	0	0	0	[]	[]	[]	[]
ecoli50_r008777	no_hit				0	0	0	0	0	0	[]	[]	[]	[]
ecoli50_r008778	no_hit				0	0	0	0	0	0	[]	[]	[]	[]
ecoli50_r008779	no_hit				0	0	0	0	0	0	[]	[]	[]	[]
ecoli50_r008780	no_hit				0	0	0	0	0	0	[]	[]	[]	[]
ecoli50_r008781	no_hit				0	0	0	0	0	0	[]	[]	[]	[]
ecoli50_r008782	no_hit				0	0	0	0	0	0	[]	[]	[]	[]
ecoli50_r008783	no_hit				0	0	0	0	0	0	[]	[]	[]	[]
ecoli50_r008784	negative_only				0	1	0	1	0	1	[]	"[""721""]"	[]	"[[17,""forward"",81,""721""]]"
ecoli50_r008785	no_hit				0	0	0	0	0	0	[]	[]	[]	[]
ecoli50_r008786	no_hit				0	0	0	0	0	0	[]	[]	[]	[]
ecoli50_r008787	no_hit				0	0	0	0	0	0	[]	[]	[]	[]
ecoli50_r008788	no_hit				0	0	0	0	0	0	[]	[]	[]	[]
ecoli50_r008789	no_hit				0	0	0	0	0	0	[]	[]	[]	[]
ecoli50_r008790	position_consistent_positive	21	reverse	81	1	0	1	0	1	0	"[""2476""]"	[]	"[[21,""reverse"",81,""2476""]]"	[]
ecoli50_r008791	no_hit				0	0	0	0	0	0	[]	[]	[]	[]
ecoli50_r008792	no_hit				0	0	0	0	0	0	[]	[]	[]	[]
ecoli50_r008793	no_hit				0	0	0	0	0	0	[]	[]	[]	[]
ecoli50_r008794	no_hit				0	0	0	0	0	0	[]	[]	[]	[]
ecoli50_r008795	no_hit				0	0	0	0	0	0	[]	[]	[]	[]
ecoli50_r008796	no_hit				0	0	0	0	0	0	[]	[]	[]	[]
ecoli50_r008797	no_hit				0	0	0	0	0	0	[]	[]	[]	[]
ecoli50_r008798	no_hit				0	0	0	0	0	0	[]	[]	[]	[]
ecoli50_r008799	no_hit				0	0	0	0	0	0	[]	[]	[]	[]
ecoli50_r008800	no_hit				0	0	0	0	0	0	[]	[]	[]	[]
ecoli50_r008801	no_hit				0	0	0	0	0	0	[]	[]	[]	[]
ecoli50_r008802	no_hit				0	0	0	0	0	0	[]	[]	[]	[]
ecoli50_r008803	no_hit				0	0	0	0	0	0	[]	[]	[]	[]
ecoli50_r008804	no_hit				0	0	0	0	0	0	[]	[]	[]	[]
ecoli50_r008805	no_hit				0	0	0	0	0	0	[]	[]	[]	[]
ecoli50_r008806	no_hit				0	0	0	0	0	0	[]	[]	[]	[]
ecoli50_r008807	no_hit				0	0	0	0	0	0	[]	[]	[]	[]
ecoli50_r008808	position_consistent_positive	11	forward	81	1	0	1	0	1	0	"[""1384""]"	[]	"[[11,""forward"",81,""1384""]]"	[]
ecoli50_r008809	no_hit				0	0	0	0	0	0	[]	[]	[]	[]
ecoli50_r008810	position_consistent_positive	14	reverse	81	1	0	1	0	1	0	"[""1384""]"	[]	"[[14,""reverse"",81,""1384""]]"	[]
ecoli50_r008811	no_hit				0	0	0	0	0	0	[]	[]	[]	[]
ecoli50_r008812	no_hit				0	0	0	0	0	0	[]	[]	[]	[]
ecoli50_r008813	no_hit				0	0	0	0	0	0	[]	[]	[]	[]
ecoli50_r008814	no_hit				0	0	0	0	0	0	[]	[]	[]	[]
ecoli50_r008815	no_hit				0	0	0	0	0	0	[]	[]	[]	[]
ecoli50_r008816	no_hit				0	0	0	0	0	0	[]	[]	[]	[]
ecoli50_r008817	no_hit				0	0	0	0	0	0	[]	[]	[]	[]
ecoli50_r008818	no_hit				0	0	0	0	0	0	[]	[]	[]	[]
ecoli50_r008819	no_hit				0	0	0	0	0	0	[]	[]	[]	[]
ecoli50_r008820	no_hit				0	0	0	0	0	0	[]	[]	[]	[]
ecoli50_r008821	no_hit				0	0	0	0	0	0	[]	[]	[]	[]
ecoli50_r008822	no_hit				0	0	0	0	0	0	[]	[]	[]	[]
ecoli50_r008823	no_hit				0	0	0	0	0	0	[]	[]	[]	[]
ecoli50_r008824	no_hit				0	0	0	0	0	0	[]	[]	[]	[]
ecoli50_r008825	no_hit				0	0	0	0	0	0	[]	[]	[]	[]
ecoli50_r008826	no_hit				0	0	0	0	0	0	[]	[]	[]	[]
ecoli50_r008827	no_hit				0	0	0	0	0	0	[]	[]	[]	[]
ecoli50_r008828	no_hit				0	0	0	0	0	0	[]	[]	[]	[]
ecoli50_r008829	no_hit				0	0	0	0	0	0	[]	[]	[]	[]
ecoli50_r008830	no_hit				0	0	0	0	0	0	[]	[]	[]	[]
ecoli50_r008831	no_hit				0	0	0	0	0	0	[]	[]	[]	[]
ecoli50_r008832	no_hit				0	0	0	0	0	0	[]	[]	[]	[]
ecoli50_r008833	no_hit				0	0	0	0	0	0	[]	[]	[]	[]
ecoli50_r008834	no_hit				0	0	0	0	0	0	[]	[]	[]	[]
ecoli50_r008835	no_hit				0	0	0	0	0	0	[]	[]	[]	[]
ecoli50_r008836	no_hit				0	0	0	0	0	0	[]	[]	[]	[]
ecoli50_r008837	no_hit				0	0	0	0	0	0	[]	[]	[]	[]
ecoli50_r008838	position_consistent_positive	10	forward	81	1	0	1	0	1	0	"[""1864""]"	[]	"[[10,""forward"",81,""1864""]]"	[]
ecoli50_r008839	no_hit				0	0	0	0	0	0	[]	[]	[]	[]
ecoli50_r008840	no_hit				0	0	0	0	0	0	[]	[]	[]	[]
ecoli50_r008841	position_consistent_positive	10	forward	81	1	0	1	0	1	0	"[""2509""]"	[]	"[[10,""forward"",81,""2509""]]"	[]
ecoli50_r008842	no_hit				0	0	0	0	0	0	[]	[]	[]	[]
ecoli50_r008843	no_hit				0	0	0	0	0	0	[]	[]	[]	[]
ecoli50_r008844	no_hit				0	0	0	0	0	0	[]	[]	[]	[]
ecoli50_r008845	no_hit				0	0	0	0	0	0	[]	[]	[]	[]
ecoli50_r008846	no_hit				0	0	0	0	0	0	[]	[]	[]	[]
ecoli50_r008847	no_hit				0	0	0	0	0	0	[]	[]	[]	[]
ecoli50_r008848	no_hit				0	0	0	0	0	0	[]	[]	[]	[]
ecoli50_r008849	no_hit				0	0	0	0	0	0	[]	[]	[]	[]
ecoli50_r008850	no_hit				0	0	0	0	0	0	[]	[]	[]	[]
ecoli50_r008851	no_hit				0	0	0	0	0	0	[]	[]	[]	[]
ecoli50_r008852	no_hit				0	0	0	0	0	0	[]	[]	[]	[]
ecoli50_r008853	no_hit				0	0	0	0	0	0	[]	[]	[]	[]
ecoli50_r008854	no_hit				0	0	0	0	0	0	[]	[]	[]	[]
ecoli50_r008855	no_hit				0	0	0	0	0	0	[]	[]	[]	[]
ecoli50_r008856	no_hit				0	0	0	0	0	0	[]	[]	[]	[]
ecoli50_r008857	no_hit				0	0	0	0	0	0	[]	[]	[]	[]
ecoli50_r008858	no_hit				0	0	0	0	0	0	[]	[]	[]	[]
ecoli50_r008859	no_hit				0	0	0	0	0	0	[]	[]	[]	[]
ecoli50_r008860	negative_only				0	1	0	1	0	1	[]	"[""363""]"	[]	"[[5,""reverse"",81,""363""]]"
ecoli50_r008861	no_hit				0	0	0	0	0	0	[]	[]	[]	[]
ecoli50_r008862	no_hit				0	0	0	0	0	0	[]	[]	[]	[]
ecoli50_r008863	no_hit				0	0	0	0	0	0	[]	[]	[]	[]
ecoli50_r008864	no_hit				0	0	0	0	0	0	[]	[]	[]	[]
ecoli50_r008865	no_hit				0	0	0	0	0	0	[]	[]	[]	[]
ecoli50_r008866	no_hit				0	0	0	0	0	0	[]	[]	[]	[]
ecoli50_r008867	no_hit				0	0	0	0	0	0	[]	[]	[]	[]
ecoli50_r008868	no_hit				0	0	0	0	0	0	[]	[]	[]	[]
ecoli50_r008869	no_hit				0	0	0	0	0	0	[]	[]	[]	[]
ecoli50_r008870	no_hit				0	0	0	0	0	0	[]	[]	[]	[]
ecoli50_r008871	no_hit				0	0	0	0	0	0	[]	[]	[]	[]
ecoli50_r008872	no_hit				0	0	0	0	0	0	[]	[]	[]	[]
ecoli50_r008873	no_hit				0	0	0	0	0	0	[]	[]	[]	[]
ecoli50_r008874	no_hit				0	0	0	0	0	0	[]	[]	[]	[]
ecoli50_r008875	no_hit				0	0	0	0	0	0	[]	[]	[]	[]
ecoli50_r008876	no_hit				0	0	0	0	0	0	[]	[]	[]	[]
ecoli50_r008877	no_hit				0	0	0	0	0	0	[]	[]	[]	[]
ecoli50_r008878	no_hit				0	0	0	0	0	0	[]	[]	[]	[]
ecoli50_r008879	no_hit				0	0	0	0	0	0	[]	[]	[]	[]
ecoli50_r008880	no_hit				0	0	0	0	0	0	[]	[]	[]	[]
ecoli50_r008881	no_hit				0	0	0	0	0	0	[]	[]	[]	[]
ecoli50_r008882	no_hit				0	0	0	0	0	0	[]	[]	[]	[]
ecoli50_r008883	no_hit				0	0	0	0	0	0	[]	[]	[]	[]
ecoli50_r008884	position_consistent_positive	9	forward	81	1	0	1	0	1	0	"[""2498""]"	[]	"[[9,""forward"",81,""2498""]]"	[]
ecoli50_r008885	no_hit				0	0	0	0	0	0	[]	[]	[]	[]
ecoli50_r008886	no_hit				0	0	0	0	0	0	[]	[]	[]	[]
ecoli50_r008887	no_hit				0	0	0	0	0	0	[]	[]	[]	[]
ecoli50_r008888	no_hit				0	0	0	0	0	0	[]	[]	[]	[]
ecoli50_r008889	no_hit				0	0	0	0	0	0	[]	[]	[]	[]
ecoli50_r008890	no_hit				0	0	0	0	0	0	[]	[]	[]	[]
ecoli50_r008891	no_hit				0	0	0	0	0	0	[]	[]	[]	[]
ecoli50_r008892	no_hit				0	0	0	0	0	0	[]	[]	[]	[]
ecoli50_r008893	no_hit				0	0	0	0	0	0	[]	[]	[]	[]
ecoli50_r008894	no_hit				0	0	0	0	0	0	[]	[]	[]	[]
ecoli50_r008895	no_hit				0	0	0	0	0	0	[]	[]	[]	[]
ecoli50_r008896	no_hit				0	0	0	0	0	0	[]	[]	[]	[]
ecoli50_r008897	no_hit				0	0	0	0	0	0	[]	[]	[]	[]
ecoli50_r008898	no_hit				0	0	0	0	0	0	[]	[]	[]	[]
ecoli50_r008899	no_hit				0	0	0	0	0	0	[]	[]	[]	[]
ecoli50_r008900	no_hit				0	0	0	0	0	0	[]	[]	[]	[]
ecoli50_r008901	no_hit				0	0	0	0	0	0	[]	[]	[]	[]
ecoli50_r008902	no_hit				0	0	0	0	0	0	[]	[]	[]	[]
ecoli50_r008903	no_hit				0	0	0	0	0	0	[]	[]	[]	[]
ecoli50_r008904	no_hit				0	0	0	0	0	0	[]	[]	[]	[]
ecoli50_r008905	no_hit				0	0	0	0	0	0	[]	[]	[]	[]
ecoli50_r008906	no_hit				0	0	0	0	0	0	[]	[]	[]	[]
ecoli50_r008907	no_hit				0	0	0	0	0	0	[]	[]	[]	[]
ecoli50_r008908	no_hit				0	0	0	0	0	0	[]	[]	[]	[]
ecoli50_r008909	no_hit				0	0	0	0	0	0	[]	[]	[]	[]
ecoli50_r008910	no_hit				0	0	0	0	0	0	[]	[]	[]	[]
ecoli50_r008911	no_hit				0	0	0	0	0	0	[]	[]	[]	[]
ecoli50_r008912	no_hit				0	0	0	0	0	0	[]	[]	[]	[]
ecoli50_r008913	no_hit				0	0	0	0	0	0	[]	[]	[]	[]
ecoli50_r008914	no_hit				0	0	0	0	0	0	[]	[]	[]	[]
ecoli50_r008915	no_hit				0	0	0	0	0	0	[]	[]	[]	[]
ecoli50_r008916	no_hit				0	0	0	0	0	0	[]	[]	[]	[]
ecoli50_r008917	ambiguous_positive				2	0	2	0	2	0	"[""2922"",""520""]"	[]	"[[13,""forward"",81,""520""],[17,""reverse"",81,""2922""]]"	[]
ecoli50_r008918	no_hit				0	0	0	0	0	0	[]	[]	[]	[]
ecoli50_r008919	ambiguous_positive				2	0	2	0	2	0	"[""2922"",""520""]"	[]	"[[0,""forward"",81,""520""],[30,""reverse"",81,""2922""]]"	[]
ecoli50_r008920	no_hit				0	0	0	0	0	0	[]	[]	[]	[]
ecoli50_r008921	no_hit				0	0	0	0	0	0	[]	[]	[]	[]
ecoli50_r008922	no_hit				0	0	0	0	0	0	[]	[]	[]	[]
ecoli50_r008923	no_hit				0	0	0	0	0	0	[]	[]	[]	[]
ecoli50_r008924	no_hit				0	0	0	0	0	0	[]	[]	[]	[]
ecoli50_r008925	no_hit				0	0	0	0	0	0	[]	[]	[]	[]
ecoli50_r008926	position_consistent_positive	19	reverse	81	1	0	1	0	1	0	"[""1545""]"	[]	"[[19,""reverse"",81,""1545""]]"	[]
ecoli50_r008927	no_hit				0	0	0	0	0	0	[]	[]	[]	[]
ecoli50_r008928	no_hit				0	0	0	0	0	0	[]	[]	[]	[]
ecoli50_r008929	no_hit				0	0	0	0	0	0	[]	[]	[]	[]
ecoli50_r008930	no_hit				0	0	0	0	0	0	[]	[]	[]	[]
ecoli50_r008931	no_hit				0	0	0	0	0	0	[]	[]	[]	[]
ecoli50_r008932	no_hit				0	0	0	0	0	0	[]	[]	[]	[]
ecoli50_r008933	no_hit				0	0	0	0	0	0	[]	[]	[]	[]
ecoli50_r008934	no_hit				0	0	0	0	0	0	[]	[]	[]	[]
ecoli50_r008935	no_hit				0	0	0	0	0	0	[]	[]	[]	[]
ecoli50_r008936	no_hit				0	0	0	0	0	0	[]	[]	[]	[]
ecoli50_r008937	no_hit				0	0	0	0	0	0	[]	[]	[]	[]
ecoli50_r008938	no_hit				0	0	0	0	0	0	[]	[]	[]	[]
ecoli50_r008939	no_hit				0	0	0	0	0	0	[]	[]	[]	[]
ecoli50_r008940	no_hit				0	0	0	0	0	0	[]	[]	[]	[]
ecoli50_r008941	no_hit				0	0	0	0	0	0	[]	[]	[]	[]
ecoli50_r008942	no_hit				0	0	0	0	0	0	[]	[]	[]	[]
ecoli50_r008943	no_hit				0	0	0	0	0	0	[]	[]	[]	[]
ecoli50_r008944	no_hit				0	0	0	0	0	0	[]	[]	[]	[]
ecoli50_r008945	no_hit				0	0	0	0	0	0	[]	[]	[]	[]
ecoli50_r008946	no_hit				0	0	0	0	0	0	[]	[]	[]	[]
ecoli50_r008947	no_hit				0	0	0	0	0	0	[]	[]	[]	[]
ecoli50_r008948	no_hit				0	0	0	0	0	0	[]	[]	[]	[]
ecoli50_r008949	no_hit				0	0	0	0	0	0	[]	[]	[]	[]
ecoli50_r008950	no_hit				0	0	0	0	0	0	[]	[]	[]	[]
ecoli50_r008951	no_hit				0	0	0	0	0	0	[]	[]	[]	[]
ecoli50_r008952	no_hit				0	0	0	0	0	0	[]	[]	[]	[]
ecoli50_r008953	negative_only				0	1	0	1	0	1	[]	"[""2619""]"	[]	"[[15,""forward"",81,""2619""]]"
ecoli50_r008954	no_hit				0	0	0	0	0	0	[]	[]	[]	[]
ecoli50_r008955	no_hit				0	0	0	0	0	0	[]	[]	[]	[]
ecoli50_r008956	no_hit				0	0	0	0	0	0	[]	[]	[]	[]
ecoli50_r008957	no_hit				0	0	0	0	0	0	[]	[]	[]	[]
ecoli50_r008958	no_hit				0	0	0	0	0	0	[]	[]	[]	[]
ecoli50_r008959	no_hit				0	0	0	0	0	0	[]	[]	[]	[]
ecoli50_r008960	no_hit				0	0	0	0	0	0	[]	[]	[]	[]
ecoli50_r008961	position_consistent_positive	3	forward	81	1	0	1	0	1	0	"[""430""]"	[]	"[[3,""forward"",81,""430""]]"	[]
ecoli50_r008962	no_hit				0	0	0	0	0	0	[]	[]	[]	[]
ecoli50_r008963	position_consistent_positive	1	reverse	81	1	0	1	0	1	0	"[""430""]"	[]	"[[1,""reverse"",81,""430""]]"	[]
ecoli50_r008964	no_hit				0	0	0	0	0	0	[]	[]	[]	[]
ecoli50_r008965	no_hit				0	0	0	0	0	0	[]	[]	[]	[]
ecoli50_r008966	no_hit				0	0	0	0	0	0	[]	[]	[]	[]
ecoli50_r008967	no_hit				0	0	0	0	0	0	[]	[]	[]	[]
ecoli50_r008968	no_hit				0	0	0	0	0	0	[]	[]	[]	[]
ecoli50_r008969	no_hit				0	0	0	0	0	0	[]	[]	[]	[]
ecoli50_r008970	no_hit				0	0	0	0	0	0	[]	[]	[]	[]
ecoli50_r008971	no_hit				0	0	0	0	0	0	[]	[]	[]	[]
ecoli50_r008972	no_hit				0	0	0	0	0	0	[]	[]	[]	[]
ecoli50_r008973	no_hit				0	0	0	0	0	0	[]	[]	[]	[]
ecoli50_r008974	no_hit				0	0	0	0	0	0	[]	[]	[]	[]
ecoli50_r008975	no_hit				0	0	0	0	0	0	[]	[]	[]	[]
ecoli50_r008976	no_hit				0	0	0	0	0	0	[]	[]	[]	[]
ecoli50_r008977	no_hit				0	0	0	0	0	0	[]	[]	[]	[]
ecoli50_r008978	no_hit				0	0	0	0	0	0	[]	[]	[]	[]
ecoli50_r008979	no_hit				0	0	0	0	0	0	[]	[]	[]	[]
ecoli50_r008980	no_hit				0	0	0	0	0	0	[]	[]	[]	[]
ecoli50_r008981	no_hit				0	0	0	0	0	0	[]	[]	[]	[]
ecoli50_r008982	no_hit				0	0	0	0	0	0	[]	[]	[]	[]
ecoli50_r008983	no_hit				0	0	0	0	0	0	[]	[]	[]	[]
ecoli50_r008984	no_hit				0	0	0	0	0	0	[]	[]	[]	[]
ecoli50_r008985	no_hit				0	0	0	0	0	0	[]	[]	[]	[]
ecoli50_r008986	no_hit				0	0	0	0	0	0	[]	[]	[]	[]
ecoli50_r008987	no_hit				0	0	0	0	0	0	[]	[]	[]	[]
ecoli50_r008988	no_hit				0	0	0	0	0	0	[]	[]	[]	[]
ecoli50_r008989	no_hit				0	0	0	0	0	0	[]	[]	[]	[]
ecoli50_r008990	no_hit				0	0	0	0	0	0	[]	[]	[]	[]
ecoli50_r008991	no_hit				0	0	0	0	0	0	[]	[]	[]	[]
ecoli50_r008992	no_hit				0	0	0	0	0	0	[]	[]	[]	[]
ecoli50_r008993	no_hit				0	0	0	0	0	0	[]	[]	[]	[]
ecoli50_r008994	no_hit				0	0	0	0	0	0	[]	[]	[]	[]
ecoli50_r008995	no_hit				0	0	0	0	0	0	[]	[]	[]	[]
ecoli50_r008996	ambiguous_positive				2	0	2	0	2	0	"[""3169"",""849""]"	[]	"[[7,""forward"",81,""3169""],[10,""forward"",81,""849""]]"	[]
ecoli50_r008997	no_hit				0	0	0	0	0	0	[]	[]	[]	[]
ecoli50_r008998	no_hit				0	0	0	0	0	0	[]	[]	[]	[]
ecoli50_r008999	no_hit				0	0	0	0	0	0	[]	[]	[]	[]
ecoli50_r009000	no_hit				0	0	0	0	0	0	[]	[]	[]	[]
ecoli50_r009001	no_hit				0	0	0	0	0	0	[]	[]	[]	[]
ecoli50_r009002	no_hit				0	0	0	0	0	0	[]	[]	[]	[]
ecoli50_r009003	no_hit				0	0	0	0	0	0	[]	[]	[]	[]
ecoli50_r009004	no_hit				0	0	0	0	0	0	[]	[]	[]	[]
ecoli50_r009005	no_hit				0	0	0	0	0	0	[]	[]	[]	[]
ecoli50_r009006	no_hit				0	0	0	0	0	0	[]	[]	[]	[]
ecoli50_r009007	no_hit				0	0	0	0	0	0	[]	[]	[]	[]
ecoli50_r009008	no_hit				0	0	0	0	0	0	[]	[]	[]	[]
ecoli50_r009009	no_hit				0	0	0	0	0	0	[]	[]	[]	[]
ecoli50_r009010	position_consistent_positive	0	forward	81	1	0	1	0	1	0	"[""2727""]"	[]	"[[0,""forward"",81,""2727""]]"	[]
ecoli50_r009011	no_hit				0	0	0	0	0	0	[]	[]	[]	[]
ecoli50_r009012	no_hit				0	0	0	0	0	0	[]	[]	[]	[]
ecoli50_r009013	no_hit				0	0	0	0	0	0	[]	[]	[]	[]
ecoli50_r009014	position_consistent_positive	10	forward	81	1	0	1	0	1	0	"[""84""]"	[]	"[[10,""forward"",81,""84""]]"	[]
ecoli50_r009015	no_hit				0	0	0	0	0	0	[]	[]	[]	[]
ecoli50_r009016	position_consistent_positive	6	reverse	81	1	0	1	0	1	0	"[""1112""]"	[]	"[[6,""reverse"",81,""1112""]]"	[]
ecoli50_r009017	no_hit				0	0	0	0	0	0	[]	[]	[]	[]
ecoli50_r009018	no_hit				0	0	0	0	0	0	[]	[]	[]	[]
ecoli50_r009019	no_hit				0	0	0	0	0	0	[]	[]	[]	[]
ecoli50_r009020	no_hit				0	0	0	0	0	0	[]	[]	[]	[]
ecoli50_r009021	no_hit				0	0	0	0	0	0	[]	[]	[]	[]
ecoli50_r009022	no_hit				0	0	0	0	0	0	[]	[]	[]	[]
ecoli50_r009023	no_hit				0	0	0	0	0	0	[]	[]	[]	[]
ecoli50_r009024	no_hit				0	0	0	0	0	0	[]	[]	[]	[]
ecoli50_r009025	no_hit				0	0	0	0	0	0	[]	[]	[]	[]
ecoli50_r009026	no_hit				0	0	0	0	0	0	[]	[]	[]	[]
ecoli50_r009027	negative_only				0	1	0	1	0	1	[]	"[""73""]"	[]	"[[16,""reverse"",81,""73""]]"
ecoli50_r009028	no_hit				0	0	0	0	0	0	[]	[]	[]	[]
ecoli50_r009029	no_hit				0	0	0	0	0	0	[]	[]	[]	[]
ecoli50_r009030	no_hit				0	0	0	0	0	0	[]	[]	[]	[]
ecoli50_r009031	no_hit				0	0	0	0	0	0	[]	[]	[]	[]
ecoli50_r009032	no_hit				0	0	0	0	0	0	[]	[]	[]	[]
ecoli50_r009033	no_hit				0	0	0	0	0	0	[]	[]	[]	[]
ecoli50_r009034	no_hit				0	0	0	0	0	0	[]	[]	[]	[]
ecoli50_r009035	no_hit				0	0	0	0	0	0	[]	[]	[]	[]
ecoli50_r009036	no_hit				0	0	0	0	0	0	[]	[]	[]	[]
ecoli50_r009037	no_hit				0	0	0	0	0	0	[]	[]	[]	[]
ecoli50_r009038	no_hit				0	0	0	0	0	0	[]	[]	[]	[]
ecoli50_r009039	no_hit				0	0	0	0	0	0	[]	[]	[]	[]
ecoli50_r009040	position_consistent_positive	19	forward	81	1	0	1	0	1	0	"[""2114""]"	[]	"[[19,""forward"",81,""2114""]]"	[]
ecoli50_r009041	no_hit				0	0	0	0	0	0	[]	[]	[]	[]
ecoli50_r009042	position_consistent_positive	8	reverse	81	1	0	1	0	1	0	"[""3111""]"	[]	"[[8,""reverse"",81,""3111""]]"	[]
ecoli50_r009043	no_hit				0	0	0	0	0	0	[]	[]	[]	[]
ecoli50_r009044	no_hit				0	0	0	0	0	0	[]	[]	[]	[]
ecoli50_r009045	no_hit				0	0	0	0	0	0	[]	[]	[]	[]
ecoli50_r009046	no_hit				0	0	0	0	0	0	[]	[]	[]	[]
ecoli50_r009047	no_hit				0	0	0	0	0	0	[]	[]	[]	[]
ecoli50_r009048	no_hit				0	0	0	0	0	0	[]	[]	[]	[]
ecoli50_r009049	no_hit				0	0	0	0	0	0	[]	[]	[]	[]
ecoli50_r009050	no_hit				0	0	0	0	0	0	[]	[]	[]	[]
ecoli50_r009051	no_hit				0	0	0	0	0	0	[]	[]	[]	[]
ecoli50_r009052	no_hit				0	0	0	0	0	0	[]	[]	[]	[]
ecoli50_r009053	no_hit				0	0	0	0	0	0	[]	[]	[]	[]
ecoli50_r009054	no_hit				0	0	0	0	0	0	[]	[]	[]	[]
ecoli50_r009055	no_hit				0	0	0	0	0	0	[]	[]	[]	[]
ecoli50_r009056	no_hit				0	0	0	0	0	0	[]	[]	[]	[]
ecoli50_r009057	no_hit				0	0	0	0	0	0	[]	[]	[]	[]
ecoli50_r009058	no_hit				0	0	0	0	0	0	[]	[]	[]	[]
ecoli50_r009059	no_hit				0	0	0	0	0	0	[]	[]	[]	[]
ecoli50_r009060	no_hit				0	0	0	0	0	0	[]	[]	[]	[]
ecoli50_r009061	no_hit				0	0	0	0	0	0	[]	[]	[]	[]
ecoli50_r009062	no_hit				0	0	0	0	0	0	[]	[]	[]	[]
ecoli50_r009063	no_hit				0	0	0	0	0	0	[]	[]	[]	[]
ecoli50_r009064	no_hit				0	0	0	0	0	0	[]	[]	[]	[]
ecoli50_r009065	no_hit				0	0	0	0	0	0	[]	[]	[]	[]
ecoli50_r009066	no_hit				0	0	0	0	0	0	[]	[]	[]	[]
ecoli50_r009067	no_hit				0	0	0	0	0	0	[]	[]	[]	[]
ecoli50_r009068	no_hit				0	0	0	0	0	0	[]	[]	[]	[]
ecoli50_r009069	no_hit				0	0	0	0	0	0	[]	[]	[]	[]
ecoli50_r009070	no_hit				0	0	0	0	0	0	[]	[]	[]	[]
ecoli50_r009071	position_consistent_positive	6	forward	81	1	0	1	0	1	0	"[""1594""]"	[]	"[[6,""forward"",81,""1594""]]"	[]
ecoli50_r009072	no_hit				0	0	0	0	0	0	[]	[]	[]	[]
ecoli50_r009073	position_consistent_positive	17	forward	81	1	0	1	0	1	0	"[""1882""]"	[]	"[[17,""forward"",81,""1882""]]"	[]
ecoli50_r009074	position_consistent_positive	10	forward	81	1	0	1	0	1	0	"[""1882""]"	[]	"[[10,""forward"",81,""1882""]]"	[]
ecoli50_r009075	no_hit				0	0	0	0	0	0	[]	[]	[]	[]
ecoli50_r009076	no_hit				0	0	0	0	0	0	[]	[]	[]	[]
ecoli50_r009077	no_hit				0	0	0	0	0	0	[]	[]	[]	[]
ecoli50_r009078	no_hit				0	0	0	0	0	0	[]	[]	[]	[]
ecoli50_r009079	no_hit				0	0	0	0	0	0	[]	[]	[]	[]
ecoli50_r009080	no_hit				0	0	0	0	0	0	[]	[]	[]	[]
ecoli50_r009081	no_hit				0	0	0	0	0	0	[]	[]	[]	[]
ecoli50_r009082	no_hit				0	0	0	0	0	0	[]	[]	[]	[]
ecoli50_r009083	no_hit				0	0	0	0	0	0	[]	[]	[]	[]
ecoli50_r009084	no_hit				0	0	0	0	0	0	[]	[]	[]	[]
ecoli50_r009085	no_hit				0	0	0	0	0	0	[]	[]	[]	[]
ecoli50_r009086	no_hit				0	0	0	0	0	0	[]	[]	[]	[]
ecoli50_r009087	no_hit				0	0	0	0	0	0	[]	[]	[]	[]
ecoli50_r009088	no_hit				0	0	0	0	0	0	[]	[]	[]	[]
ecoli50_r009089	no_hit				0	0	0	0	0	0	[]	[]	[]	[]
ecoli50_r009090	no_hit				0	0	0	0	0	0	[]	[]	[]	[]
ecoli50_r009091	no_hit				0	0	0	0	0	0	[]	[]	[]	[]
ecoli50_r009092	no_hit				0	0	0	0	0	0	[]	[]	[]	[]
ecoli50_r009093	no_hit				0	0	0	0	0	0	[]	[]	[]	[]
ecoli50_r009094	no_hit				0	0	0	0	0	0	[]	[]	[]	[]
ecoli50_r009095	no_hit				0	0	0	0	0	0	[]	[]	[]	[]
ecoli50_r009096	no_hit				0	0	0	0	0	0	[]	[]	[]	[]
ecoli50_r009097	no_hit				0	0	0	0	0	0	[]	[]	[]	[]
ecoli50_r009098	no_hit				0	0	0	0	0	0	[]	[]	[]	[]
ecoli50_r009099	no_hit				0	0	0	0	0	0	[]	[]	[]	[]
ecoli50_r009100	no_hit				0	0	0	0	0	0	[]	[]	[]	[]
ecoli50_r009101	no_hit				0	0	0	0	0	0	[]	[]	[]	[]
ecoli50_r009102	position_consistent_positive	11	forward	81	1	0	1	0	1	0	"[""966""]"	[]	"[[11,""forward"",81,""966""]]"	[]
ecoli50_r009103	no_hit				0	0	0	0	0	0	[]	[]	[]	[]
ecoli50_r009104	no_hit				0	0	0	0	0	0	[]	[]	[]	[]
ecoli50_r009105	no_hit				0	0	0	0	0	0	[]	[]	[]	[]
ecoli50_r009106	no_hit				0	0	0	0	0	0	[]	[]	[]	[]
ecoli50_r009107	no_hit				0	0	0	0	0	0	[]	[]	[]	[]
ecoli50_r009108	no_hit				0	0	0	0	0	0	[]	[]	[]	[]
ecoli50_r009109	no_hit				0	0	0	0	0	0	[]	[]	[]	[]
ecoli50_r009110	no_hit				0	0	0	0	0	0	[]	[]	[]	[]
ecoli50_r009111	no_hit				0	0	0	0	0	0	[]	[]	[]	[]
ecoli50_r009112	no_hit				0	0	0	0	0	0	[]	[]	[]	[]
ecoli50_r009113	no_hit				0	0	0	0	0	0	[]	[]	[]	[]
ecoli50_r009114	no_hit				0	0	0	0	0	0	[]	[]	[]	[]
ecoli50_r009115	no_hit				0	0	0	0	0	0	[]	[]	[]	[]
ecoli50_r009116	no_hit				0	0	0	0	0	0	[]	[]	[]	[]
ecoli50_r009117	no_hit				0	0	0	0	0	0	[]	[]	[]	[]
ecoli50_r009118	no_hit				0	0	0	0	0	0	[]	[]	[]	[]
ecoli50_r009119	position_consistent_positive	11	forward	81	1	0	1	0	1	0	"[""677""]"	[]	"[[11,""forward"",81,""677""]]"	[]
ecoli50_r009120	no_hit				0	0	0	0	0	0	[]	[]	[]	[]
ecoli50_r009121	no_hit				0	0	0	0	0	0	[]	[]	[]	[]
ecoli50_r009122	no_hit				0	0	0	0	0	0	[]	[]	[]	[]
ecoli50_r009123	no_hit				0	0	0	0	0	0	[]	[]	[]	[]
ecoli50_r009124	no_hit				0	0	0	0	0	0	[]	[]	[]	[]
ecoli50_r009125	no_hit				0	0	0	0	0	0	[]	[]	[]	[]
ecoli50_r009126	ambiguous_positive				2	0	2	0	2	0	"[""1493"",""617""]"	[]	"[[10,""forward"",81,""617""],[29,""forward"",81,""1493""]]"	[]
ecoli50_r009127	position_consistent_positive	15	forward	81	1	0	1	0	1	0	"[""1493""]"	[]	"[[15,""forward"",81,""1493""]]"	[]
ecoli50_r009128	no_hit				0	0	0	0	0	0	[]	[]	[]	[]
ecoli50_r009129	no_hit				0	0	0	0	0	0	[]	[]	[]	[]
ecoli50_r009130	no_hit				0	0	0	0	0	0	[]	[]	[]	[]
ecoli50_r009131	no_hit				0	0	0	0	0	0	[]	[]	[]	[]
ecoli50_r009132	no_hit				0	0	0	0	0	0	[]	[]	[]	[]
ecoli50_r009133	no_hit				0	0	0	0	0	0	[]	[]	[]	[]
ecoli50_r009134	no_hit				0	0	0	0	0	0	[]	[]	[]	[]
ecoli50_r009135	position_consistent_positive	22	forward	81	1	0	1	0	1	0	"[""770""]"	[]	"[[22,""forward"",81,""770""]]"	[]
ecoli50_r009136	no_hit				0	0	0	0	0	0	[]	[]	[]	[]
ecoli50_r009137	no_hit				0	0	0	0	0	0	[]	[]	[]	[]
ecoli50_r009138	no_hit				0	0	0	0	0	0	[]	[]	[]	[]
ecoli50_r009139	no_hit				0	0	0	0	0	0	[]	[]	[]	[]
ecoli50_r009140	no_hit				0	0	0	0	0	0	[]	[]	[]	[]
ecoli50_r009141	no_hit				0	0	0	0	0	0	[]	[]	[]	[]
ecoli50_r009142	no_hit				0	0	0	0	0	0	[]	[]	[]	[]
ecoli50_r009143	no_hit				0	0	0	0	0	0	[]	[]	[]	[]
ecoli50_r009144	negative_only				0	1	0	1	0	1	[]	"[""3335""]"	[]	"[[27,""forward"",81,""3335""]]"
ecoli50_r009145	no_hit				0	0	0	0	0	0	[]	[]	[]	[]
ecoli50_r009146	no_hit				0	0	0	0	0	0	[]	[]	[]	[]
ecoli50_r009147	no_hit				0	0	0	0	0	0	[]	[]	[]	[]
ecoli50_r009148	no_hit				0	0	0	0	0	0	[]	[]	[]	[]
ecoli50_r009149	position_consistent_positive	10	forward	81	1	0	1	0	1	0	"[""3155""]"	[]	"[[10,""forward"",81,""3155""]]"	[]
ecoli50_r009150	no_hit				0	0	0	0	0	0	[]	[]	[]	[]
ecoli50_r009151	no_hit				0	0	0	0	0	0	[]	[]	[]	[]
ecoli50_r009152	no_hit				0	0	0	0	0	0	[]	[]	[]	[]
ecoli50_r009153	no_hit				0	0	0	0	0	0	[]	[]	[]	[]
ecoli50_r009154	no_hit				0	0	0	0	0	0	[]	[]	[]	[]
ecoli50_r009155	no_hit				0	0	0	0	0	0	[]	[]	[]	[]
ecoli50_r009156	no_hit				0	0	0	0	0	0	[]	[]	[]	[]
ecoli50_r009157	no_hit				0	0	0	0	0	0	[]	[]	[]	[]
ecoli50_r009158	no_hit				0	0	0	0	0	0	[]	[]	[]	[]
ecoli50_r009159	no_hit				0	0	0	0	0	0	[]	[]	[]	[]
ecoli50_r009160	no_hit				0	0	0	0	0	0	[]	[]	[]	[]
ecoli50_r009161	negative_only				0	1	0	1	0	1	[]	"[""680""]"	[]	"[[8,""reverse"",81,""680""]]"
ecoli50_r009162	no_hit				0	0	0	0	0	0	[]	[]	[]	[]
ecoli50_r009163	no_hit				0	0	0	0	0	0	[]	[]	[]	[]
ecoli50_r009164	no_hit				0	0	0	0	0	0	[]	[]	[]	[]
ecoli50_r009165	no_hit				0	0	0	0	0	0	[]	[]	[]	[]
ecoli50_r009166	no_hit				0	0	0	0	0	0	[]	[]	[]	[]
ecoli50_r009167	no_hit				0	0	0	0	0	0	[]	[]	[]	[]
ecoli50_r009168	no_hit				0	0	0	0	0	0	[]	[]	[]	[]
ecoli50_r009169	no_hit				0	0	0	0	0	0	[]	[]	[]	[]
ecoli50_r009170	no_hit				0	0	0	0	0	0	[]	[]	[]	[]
ecoli50_r009171	no_hit				0	0	0	0	0	0	[]	[]	[]	[]
ecoli50_r009172	no_hit				0	0	0	0	0	0	[]	[]	[]	[]
ecoli50_r009173	no_hit				0	0	0	0	0	0	[]	[]	[]	[]
ecoli50_r009174	no_hit				0	0	0	0	0	0	[]	[]	[]	[]
ecoli50_r009175	no_hit				0	0	0	0	0	0	[]	[]	[]	[]
ecoli50_r009176	no_hit				0	0	0	0	0	0	[]	[]	[]	[]
ecoli50_r009177	no_hit				0	0	0	0	0	0	[]	[]	[]	[]
ecoli50_r009178	no_hit				0	0	0	0	0	0	[]	[]	[]	[]
ecoli50_r009179	no_hit				0	0	0	0	0	0	[]	[]	[]	[]
ecoli50_r009180	no_hit				0	0	0	0	0	0	[]	[]	[]	[]
ecoli50_r009181	no_hit				0	0	0	0	0	0	[]	[]	[]	[]
ecoli50_r009182	no_hit				0	0	0	0	0	0	[]	[]	[]	[]
ecoli50_r009183	position_consistent_positive	21	forward	81	1	0	1	0	1	0	"[""712""]"	[]	"[[21,""forward"",81,""712""]]"	[]
ecoli50_r009184	no_hit				0	0	0	0	0	0	[]	[]	[]	[]
ecoli50_r009185	no_hit				0	0	0	0	0	0	[]	[]	[]	[]
ecoli50_r009186	position_consistent_positive	12	forward	81	1	0	1	0	1	0	"[""618""]"	[]	"[[12,""forward"",81,""618""]]"	[]
ecoli50_r009187	no_hit				0	0	0	0	0	0	[]	[]	[]	[]
ecoli50_r009188	no_hit				0	0	0	0	0	0	[]	[]	[]	[]
ecoli50_r009189	no_hit				0	0	0	0	0	0	[]	[]	[]	[]
ecoli50_r009190	no_hit				0	0	0	0	0	0	[]	[]	[]	[]
ecoli50_r009191	no_hit				0	0	0	0	0	0	[]	[]	[]	[]
ecoli50_r009192	no_hit				0	0	0	0	0	0	[]	[]	[]	[]
ecoli50_r009193	no_hit				0	0	0	0	0	0	[]	[]	[]	[]
ecoli50_r009194	no_hit				0	0	0	0	0	0	[]	[]	[]	[]
ecoli50_r009195	no_hit				0	0	0	0	0	0	[]	[]	[]	[]
ecoli50_r009196	no_hit				0	0	0	0	0	0	[]	[]	[]	[]
ecoli50_r009197	no_hit				0	0	0	0	0	0	[]	[]	[]	[]
ecoli50_r009198	no_hit				0	0	0	0	0	0	[]	[]	[]	[]
ecoli50_r009199	no_hit				0	0	0	0	0	0	[]	[]	[]	[]
ecoli50_r009200	no_hit				0	0	0	0	0	0	[]	[]	[]	[]
ecoli50_r009201	no_hit				0	0	0	0	0	0	[]	[]	[]	[]
ecoli50_r009202	no_hit				0	0	0	0	0	0	[]	[]	[]	[]
ecoli50_r009203	no_hit				0	0	0	0	0	0	[]	[]	[]	[]
ecoli50_r009204	no_hit				0	0	0	0	0	0	[]	[]	[]	[]
ecoli50_r009205	no_hit				0	0	0	0	0	0	[]	[]	[]	[]
ecoli50_r009206	no_hit				0	0	0	0	0	0	[]	[]	[]	[]
ecoli50_r009207	no_hit				0	0	0	0	0	0	[]	[]	[]	[]
ecoli50_r009208	no_hit				0	0	0	0	0	0	[]	[]	[]	[]
ecoli50_r009209	no_hit				0	0	0	0	0	0	[]	[]	[]	[]
ecoli50_r009210	no_hit				0	0	0	0	0	0	[]	[]	[]	[]
ecoli50_r009211	no_hit				0	0	0	0	0	0	[]	[]	[]	[]
ecoli50_r009212	no_hit				0	0	0	0	0	0	[]	[]	[]	[]
ecoli50_r009213	no_hit				0	0	0	0	0	0	[]	[]	[]	[]
ecoli50_r009214	no_hit				0	0	0	0	0	0	[]	[]	[]	[]
ecoli50_r009215	no_hit				0	0	0	0	0	0	[]	[]	[]	[]
ecoli50_r009216	no_hit				0	0	0	0	0	0	[]	[]	[]	[]
ecoli50_r009217	no_hit				0	0	0	0	0	0	[]	[]	[]	[]
ecoli50_r009218	no_hit				0	0	0	0	0	0	[]	[]	[]	[]
ecoli50_r009219	no_hit				0	0	0	0	0	0	[]	[]	[]	[]
ecoli50_r009220	no_hit				0	0	0	0	0	0	[]	[]	[]	[]
ecoli50_r009221	no_hit				0	0	0	0	0	0	[]	[]	[]	[]
ecoli50_r009222	no_hit				0	0	0	0	0	0	[]	[]	[]	[]
ecoli50_r009223	no_hit				0	0	0	0	0	0	[]	[]	[]	[]
ecoli50_r009224	no_hit				0	0	0	0	0	0	[]	[]	[]	[]
ecoli50_r009225	no_hit				0	0	0	0	0	0	[]	[]	[]	[]
ecoli50_r009226	no_hit				0	0	0	0	0	0	[]	[]	[]	[]
ecoli50_r009227	no_hit				0	0	0	0	0	0	[]	[]	[]	[]
ecoli50_r009228	no_hit				0	0	0	0	0	0	[]	[]	[]	[]
ecoli50_r009229	no_hit				0	0	0	0	0	0	[]	[]	[]	[]
ecoli50_r009230	no_hit				0	0	0	0	0	0	[]	[]	[]	[]
ecoli50_r009231	position_consistent_positive	31	forward	81	1	0	1	0	1	0	"[""376""]"	[]	"[[31,""forward"",81,""376""]]"	[]
ecoli50_r009232	no_hit				0	0	0	0	0	0	[]	[]	[]	[]
ecoli50_r009233	no_hit				0	0	0	0	0	0	[]	[]	[]	[]
ecoli50_r009234	no_hit				0	0	0	0	0	0	[]	[]	[]	[]
ecoli50_r009235	position_consistent_positive	10	forward	81	1	0	1	0	1	0	"[""1111""]"	[]	"[[10,""forward"",81,""1111""]]"	[]
ecoli50_r009236	position_consistent_positive	5	forward	81	1	0	1	0	1	0	"[""1111""]"	[]	"[[5,""forward"",81,""1111""]]"	[]
ecoli50_r009237	no_hit				0	0	0	0	0	0	[]	[]	[]	[]
ecoli50_r009238	no_hit				0	0	0	0	0	0	[]	[]	[]	[]
ecoli50_r009239	position_consistent_positive	9	forward	81	1	0	1	0	1	0	"[""2507""]"	[]	"[[9,""forward"",81,""2507""]]"	[]
ecoli50_r009240	no_hit				0	0	0	0	0	0	[]	[]	[]	[]
ecoli50_r009241	no_hit				0	0	0	0	0	0	[]	[]	[]	[]
ecoli50_r009242	no_hit				0	0	0	0	0	0	[]	[]	[]	[]
ecoli50_r009243	no_hit				0	0	0	0	0	0	[]	[]	[]	[]
ecoli50_r009244	no_hit				0	0	0	0	0	0	[]	[]	[]	[]
ecoli50_r009245	no_hit				0	0	0	0	0	0	[]	[]	[]	[]
ecoli50_r009246	no_hit				0	0	0	0	0	0	[]	[]	[]	[]
ecoli50_r009247	no_hit				0	0	0	0	0	0	[]	[]	[]	[]
ecoli50_r009248	no_hit				0	0	0	0	0	0	[]	[]	[]	[]
ecoli50_r009249	no_hit				0	0	0	0	0	0	[]	[]	[]	[]
ecoli50_r009250	no_hit				0	0	0	0	0	0	[]	[]	[]	[]
ecoli50_r009251	no_hit				0	0	0	0	0	0	[]	[]	[]	[]
ecoli50_r009252	no_hit				0	0	0	0	0	0	[]	[]	[]	[]
ecoli50_r009253	no_hit				0	0	0	0	0	0	[]	[]	[]	[]
ecoli50_r009254	no_hit				0	0	0	0	0	0	[]	[]	[]	[]
ecoli50_r009255	no_hit				0	0	0	0	0	0	[]	[]	[]	[]
ecoli50_r009256	no_hit				0	0	0	0	0	0	[]	[]	[]	[]
ecoli50_r009257	no_hit				0	0	0	0	0	0	[]	[]	[]	[]
ecoli50_r009258	no_hit				0	0	0	0	0	0	[]	[]	[]	[]
ecoli50_r009259	no_hit				0	0	0	0	0	0	[]	[]	[]	[]
ecoli50_r009260	no_hit				0	0	0	0	0	0	[]	[]	[]	[]
ecoli50_r009261	no_hit				0	0	0	0	0	0	[]	[]	[]	[]
ecoli50_r009262	no_hit				0	0	0	0	0	0	[]	[]	[]	[]
ecoli50_r009263	no_hit				0	0	0	0	0	0	[]	[]	[]	[]
ecoli50_r009264	no_hit				0	0	0	0	0	0	[]	[]	[]	[]
ecoli50_r009265	position_consistent_positive	10	forward	81	1	0	1	0	1	0	"[""2800""]"	[]	"[[10,""forward"",81,""2800""]]"	[]
ecoli50_r009266	no_hit				0	0	0	0	0	0	[]	[]	[]	[]
ecoli50_r009267	no_hit				0	0	0	0	0	0	[]	[]	[]	[]
ecoli50_r009268	no_hit				0	0	0	0	0	0	[]	[]	[]	[]
ecoli50_r009269	position_consistent_positive	10	forward	81	1	0	1	0	1	0	"[""425""]"	[]	"[[10,""forward"",81,""425""]]"	[]
ecoli50_r009270	no_hit				0	0	0	0	0	0	[]	[]	[]	[]
ecoli50_r009271	no_hit				0	0	0	0	0	0	[]	[]	[]	[]
ecoli50_r009272	no_hit				0	0	0	0	0	0	[]	[]	[]	[]
ecoli50_r009273	no_hit				0	0	0	0	0	0	[]	[]	[]	[]
ecoli50_r009274	no_hit				0	0	0	0	0	0	[]	[]	[]	[]
ecoli50_r009275	no_hit				0	0	0	0	0	0	[]	[]	[]	[]
ecoli50_r009276	no_hit				0	0	0	0	0	0	[]	[]	[]	[]
ecoli50_r009277	negative_only				0	1	0	1	0	1	[]	"[""378""]"	[]	"[[11,""reverse"",81,""378""]]"
ecoli50_r009278	no_hit				0	0	0	0	0	0	[]	[]	[]	[]
ecoli50_r009279	no_hit				0	0	0	0	0	0	[]	[]	[]	[]
ecoli50_r009280	no_hit				0	0	0	0	0	0	[]	[]	[]	[]
ecoli50_r009281	no_hit				0	0	0	0	0	0	[]	[]	[]	[]
ecoli50_r009282	no_hit				0	0	0	0	0	0	[]	[]	[]	[]
ecoli50_r009283	no_hit				0	0	0	0	0	0	[]	[]	[]	[]
ecoli50_r009284	no_hit				0	0	0	0	0	0	[]	[]	[]	[]
ecoli50_r009285	no_hit				0	0	0	0	0	0	[]	[]	[]	[]
ecoli50_r009286	no_hit				0	0	0	0	0	0	[]	[]	[]	[]
ecoli50_r009287	no_hit				0	0	0	0	0	0	[]	[]	[]	[]
ecoli50_r009288	no_hit				0	0	0	0	0	0	[]	[]	[]	[]
ecoli50_r009289	no_hit				0	0	0	0	0	0	[]	[]	[]	[]
ecoli50_r009290	no_hit				0	0	0	0	0	0	[]	[]	[]	[]
ecoli50_r009291	no_hit				0	0	0	0	0	0	[]	[]	[]	[]
ecoli50_r009292	no_hit				0	0	0	0	0	0	[]	[]	[]	[]
ecoli50_r009293	no_hit				0	0	0	0	0	0	[]	[]	[]	[]
ecoli50_r009294	no_hit				0	0	0	0	0	0	[]	[]	[]	[]
ecoli50_r009295	no_hit				0	0	0	0	0	0	[]	[]	[]	[]
ecoli50_r009296	no_hit				0	0	0	0	0	0	[]	[]	[]	[]
ecoli50_r009297	no_hit				0	0	0	0	0	0	[]	[]	[]	[]
ecoli50_r009298	no_hit				0	0	0	0	0	0	[]	[]	[]	[]
ecoli50_r009299	no_hit				0	0	0	0	0	0	[]	[]	[]	[]
ecoli50_r009300	no_hit				0	0	0	0	0	0	[]	[]	[]	[]
ecoli50_r009301	no_hit				0	0	0	0	0	0	[]	[]	[]	[]
ecoli50_r009302	no_hit				0	0	0	0	0	0	[]	[]	[]	[]
ecoli50_r009303	no_hit				0	0	0	0	0	0	[]	[]	[]	[]
ecoli50_r009304	no_hit				0	0	0	0	0	0	[]	[]	[]	[]
ecoli50_r009305	no_hit				0	0	0	0	0	0	[]	[]	[]	[]
ecoli50_r009306	no_hit				0	0	0	0	0	0	[]	[]	[]	[]
ecoli50_r009307	no_hit				0	0	0	0	0	0	[]	[]	[]	[]
ecoli50_r009308	no_hit				0	0	0	0	0	0	[]	[]	[]	[]
ecoli50_r009309	no_hit				0	0	0	0	0	0	[]	[]	[]	[]
ecoli50_r009310	no_hit				0	0	0	0	0	0	[]	[]	[]	[]
ecoli50_r009311	no_hit				0	0	0	0	0	0	[]	[]	[]	[]
ecoli50_r009312	no_hit				0	0	0	0	0	0	[]	[]	[]	[]
ecoli50_r009313	no_hit				0	0	0	0	0	0	[]	[]	[]	[]
ecoli50_r009314	no_hit				0	0	0	0	0	0	[]	[]	[]	[]
ecoli50_r009315	position_consistent_positive	9	forward	81	1	0	1	0	1	0	"[""1008""]"	[]	"[[9,""forward"",81,""1008""]]"	[]
ecoli50_r009316	no_hit				0	0	0	0	0	0	[]	[]	[]	[]
ecoli50_r009317	no_hit				0	0	0	0	0	0	[]	[]	[]	[]
ecoli50_r009318	no_hit				0	0	0	0	0	0	[]	[]	[]	[]
ecoli50_r009319	no_hit				0	0	0	0	0	0	[]	[]	[]	[]
ecoli50_r009320	no_hit				0	0	0	0	0	0	[]	[]	[]	[]
ecoli50_r009321	no_hit				0	0	0	0	0	0	[]	[]	[]	[]
ecoli50_r009322	no_hit				0	0	0	0	0	0	[]	[]	[]	[]
ecoli50_r009323	no_hit				0	0	0	0	0	0	[]	[]	[]	[]
ecoli50_r009324	no_hit				0	0	0	0	0	0	[]	[]	[]	[]
ecoli50_r009325	no_hit				0	0	0	0	0	0	[]	[]	[]	[]
ecoli50_r009326	no_hit				0	0	0	0	0	0	[]	[]	[]	[]
ecoli50_r009327	no_hit				0	0	0	0	0	0	[]	[]	[]	[]
ecoli50_r009328	no_hit				0	0	0	0	0	0	[]	[]	[]	[]
ecoli50_r009329	no_hit				0	0	0	0	0	0	[]	[]	[]	[]
ecoli50_r009330	no_hit				0	0	0	0	0	0	[]	[]	[]	[]
ecoli50_r009331	position_consistent_positive	12	forward	81	1	0	1	0	1	0	"[""763""]"	[]	"[[12,""forward"",81,""763""]]"	[]
ecoli50_r009332	no_hit				0	0	0	0	0	0	[]	[]	[]	[]
ecoli50_r009333	no_hit				0	0	0	0	0	0	[]	[]	[]	[]
ecoli50_r009334	no_hit				0	0	0	0	0	0	[]	[]	[]	[]
ecoli50_r009335	no_hit				0	0	0	0	0	0	[]	[]	[]	[]
ecoli50_r009336	no_hit				0	0	0	0	0	0	[]	[]	[]	[]
ecoli50_r009337	no_hit				0	0	0	0	0	0	[]	[]	[]	[]
ecoli50_r009338	no_hit				0	0	0	0	0	0	[]	[]	[]	[]
ecoli50_r009339	no_hit				0	0	0	0	0	0	[]	[]	[]	[]
ecoli50_r009340	no_hit				0	0	0	0	0	0	[]	[]	[]	[]
ecoli50_r009341	no_hit				0	0	0	0	0	0	[]	[]	[]	[]
ecoli50_r009342	no_hit				0	0	0	0	0	0	[]	[]	[]	[]
ecoli50_r009343	no_hit				0	0	0	0	0	0	[]	[]	[]	[]
ecoli50_r009344	no_hit				0	0	0	0	0	0	[]	[]	[]	[]
ecoli50_r009345	no_hit				0	0	0	0	0	0	[]	[]	[]	[]
ecoli50_r009346	no_hit				0	0	0	0	0	0	[]	[]	[]	[]
ecoli50_r009347	no_hit				0	0	0	0	0	0	[]	[]	[]	[]
ecoli50_r009348	no_hit				0	0	0	0	0	0	[]	[]	[]	[]
ecoli50_r009349	no_hit				0	0	0	0	0	0	[]	[]	[]	[]
ecoli50_r009350	no_hit				0	0	0	0	0	0	[]	[]	[]	[]
ecoli50_r009351	no_hit				0	0	0	0	0	0	[]	[]	[]	[]
ecoli50_r009352	no_hit				0	0	0	0	0	0	[]	[]	[]	[]
ecoli50_r009353	no_hit				0	0	0	0	0	0	[]	[]	[]	[]
ecoli50_r009354	position_consistent_positive	11	forward	81	1	0	1	0	1	0	"[""2690""]"	[]	"[[11,""forward"",81,""2690""]]"	[]
ecoli50_r009355	no_hit				0	0	0	0	0	0	[]	[]	[]	[]
ecoli50_r009356	no_hit				0	0	0	0	0	0	[]	[]	[]	[]
ecoli50_r009357	no_hit				0	0	0	0	0	0	[]	[]	[]	[]
ecoli50_r009358	no_hit				0	0	0	0	0	0	[]	[]	[]	[]
ecoli50_r009359	no_hit				0	0	0	0	0	0	[]	[]	[]	[]
ecoli50_r009360	no_hit				0	0	0	0	0	0	[]	[]	[]	[]
ecoli50_r009361	no_hit				0	0	0	0	0	0	[]	[]	[]	[]
ecoli50_r009362	no_hit				0	0	0	0	0	0	[]	[]	[]	[]
ecoli50_r009363	no_hit				0	0	0	0	0	0	[]	[]	[]	[]
ecoli50_r009364	no_hit				0	0	0	0	0	0	[]	[]	[]	[]
ecoli50_r009365	no_hit				0	0	0	0	0	0	[]	[]	[]	[]
ecoli50_r009366	no_hit				0	0	0	0	0	0	[]	[]	[]	[]
ecoli50_r009367	no_hit				0	0	0	0	0	0	[]	[]	[]	[]
ecoli50_r009368	position_consistent_positive	30	reverse	81	1	0	1	0	1	0	"[""992""]"	[]	"[[30,""reverse"",81,""992""]]"	[]
ecoli50_r009369	no_hit				0	0	0	0	0	0	[]	[]	[]	[]
ecoli50_r009370	position_consistent_positive	12	forward	81	1	0	1	0	1	0	"[""992""]"	[]	"[[12,""forward"",81,""992""]]"	[]
ecoli50_r009371	no_hit				0	0	0	0	0	0	[]	[]	[]	[]
ecoli50_r009372	no_hit				0	0	0	0	0	0	[]	[]	[]	[]
ecoli50_r009373	no_hit				0	0	0	0	0	0	[]	[]	[]	[]
ecoli50_r009374	no_hit				0	0	0	0	0	0	[]	[]	[]	[]
ecoli50_r009375	no_hit				0	0	0	0	0	0	[]	[]	[]	[]
ecoli50_r009376	no_hit				0	0	0	0	0	0	[]	[]	[]	[]
ecoli50_r009377	no_hit				0	0	0	0	0	0	[]	[]	[]	[]
ecoli50_r009378	no_hit				0	0	0	0	0	0	[]	[]	[]	[]
ecoli50_r009379	no_hit				0	0	0	0	0	0	[]	[]	[]	[]
ecoli50_r009380	no_hit				0	0	0	0	0	0	[]	[]	[]	[]
ecoli50_r009381	no_hit				0	0	0	0	0	0	[]	[]	[]	[]
ecoli50_r009382	no_hit				0	0	0	0	0	0	[]	[]	[]	[]
ecoli50_r009383	no_hit				0	0	0	0	0	0	[]	[]	[]	[]
ecoli50_r009384	no_hit				0	0	0	0	0	0	[]	[]	[]	[]
ecoli50_r009385	no_hit				0	0	0	0	0	0	[]	[]	[]	[]
ecoli50_r009386	no_hit				0	0	0	0	0	0	[]	[]	[]	[]
ecoli50_r009387	no_hit				0	0	0	0	0	0	[]	[]	[]	[]
ecoli50_r009388	no_hit				0	0	0	0	0	0	[]	[]	[]	[]
ecoli50_r009389	no_hit				0	0	0	0	0	0	[]	[]	[]	[]
ecoli50_r009390	no_hit				0	0	0	0	0	0	[]	[]	[]	[]
ecoli50_r009391	no_hit				0	0	0	0	0	0	[]	[]	[]	[]
ecoli50_r009392	no_hit				0	0	0	0	0	0	[]	[]	[]	[]
ecoli50_r009393	no_hit				0	0	0	0	0	0	[]	[]	[]	[]
ecoli50_r009394	no_hit				0	0	0	0	0	0	[]	[]	[]	[]
ecoli50_r009395	no_hit				0	0	0	0	0	0	[]	[]	[]	[]
ecoli50_r009396	no_hit				0	0	0	0	0	0	[]	[]	[]	[]
ecoli50_r009397	no_hit				0	0	0	0	0	0	[]	[]	[]	[]
ecoli50_r009398	no_hit				0	0	0	0	0	0	[]	[]	[]	[]
ecoli50_r009399	no_hit				0	0	0	0	0	0	[]	[]	[]	[]
ecoli50_r009400	no_hit				0	0	0	0	0	0	[]	[]	[]	[]
ecoli50_r009401	no_hit				0	0	0	0	0	0	[]	[]	[]	[]
ecoli50_r009402	no_hit				0	0	0	0	0	0	[]	[]	[]	[]
ecoli50_r009403	no_hit				0	0	0	0	0	0	[]	[]	[]	[]
ecoli50_r009404	no_hit				0	0	0	0	0	0	[]	[]	[]	[]
ecoli50_r009405	no_hit				0	0	0	0	0	0	[]	[]	[]	[]
ecoli50_r009406	no_hit				0	0	0	0	0	0	[]	[]	[]	[]
ecoli50_r009407	no_hit				0	0	0	0	0	0	[]	[]	[]	[]
ecoli50_r009408	no_hit				0	0	0	0	0	0	[]	[]	[]	[]
ecoli50_r009409	position_consistent_positive	12	forward	81	1	0	1	0	1	0	"[""1265""]"	[]	"[[12,""forward"",81,""1265""]]"	[]
ecoli50_r009410	no_hit				0	0	0	0	0	0	[]	[]	[]	[]
ecoli50_r009411	no_hit				0	0	0	0	0	0	[]	[]	[]	[]
ecoli50_r009412	no_hit				0	0	0	0	0	0	[]	[]	[]	[]
ecoli50_r009413	no_hit				0	0	0	0	0	0	[]	[]	[]	[]
ecoli50_r009414	no_hit				0	0	0	0	0	0	[]	[]	[]	[]
ecoli50_r009415	no_hit				0	0	0	0	0	0	[]	[]	[]	[]
ecoli50_r009416	no_hit				0	0	0	0	0	0	[]	[]	[]	[]
ecoli50_r009417	no_hit				0	0	0	0	0	0	[]	[]	[]	[]
ecoli50_r009418	no_hit				0	0	0	0	0	0	[]	[]	[]	[]
ecoli50_r009419	no_hit				0	0	0	0	0	0	[]	[]	[]	[]
ecoli50_r009420	no_hit				0	0	0	0	0	0	[]	[]	[]	[]
ecoli50_r009421	no_hit				0	0	0	0	0	0	[]	[]	[]	[]
ecoli50_r009422	no_hit				0	0	0	0	0	0	[]	[]	[]	[]
ecoli50_r009423	no_hit				0	0	0	0	0	0	[]	[]	[]	[]
ecoli50_r009424	no_hit				0	0	0	0	0	0	[]	[]	[]	[]
ecoli50_r009425	no_hit				0	0	0	0	0	0	[]	[]	[]	[]
ecoli50_r009426	no_hit				0	0	0	0	0	0	[]	[]	[]	[]
ecoli50_r009427	no_hit				0	0	0	0	0	0	[]	[]	[]	[]
ecoli50_r009428	no_hit				0	0	0	0	0	0	[]	[]	[]	[]
ecoli50_r009429	position_consistent_positive	10	forward	81	1	0	1	0	1	0	"[""3158""]"	[]	"[[10,""forward"",81,""3158""]]"	[]
ecoli50_r009430	no_hit				0	0	0	0	0	0	[]	[]	[]	[]
ecoli50_r009431	no_hit				0	0	0	0	0	0	[]	[]	[]	[]
ecoli50_r009432	no_hit				0	0	0	0	0	0	[]	[]	[]	[]
ecoli50_r009433	no_hit				0	0	0	0	0	0	[]	[]	[]	[]
ecoli50_r009434	no_hit				0	0	0	0	0	0	[]	[]	[]	[]
ecoli50_r009435	no_hit				0	0	0	0	0	0	[]	[]	[]	[]
ecoli50_r009436	no_hit				0	0	0	0	0	0	[]	[]	[]	[]
ecoli50_r009437	no_hit				0	0	0	0	0	0	[]	[]	[]	[]
ecoli50_r009438	no_hit				0	0	0	0	0	0	[]	[]	[]	[]
ecoli50_r009439	no_hit				0	0	0	0	0	0	[]	[]	[]	[]
ecoli50_r009440	no_hit				0	0	0	0	0	0	[]	[]	[]	[]
ecoli50_r009441	no_hit				0	0	0	0	0	0	[]	[]	[]	[]
ecoli50_r009442	no_hit				0	0	0	0	0	0	[]	[]	[]	[]
ecoli50_r009443	no_hit				0	0	0	0	0	0	[]	[]	[]	[]
ecoli50_r009444	no_hit				0	0	0	0	0	0	[]	[]	[]	[]
ecoli50_r009445	no_hit				0	0	0	0	0	0	[]	[]	[]	[]
ecoli50_r009446	no_hit				0	0	0	0	0	0	[]	[]	[]	[]
ecoli50_r009447	no_hit				0	0	0	0	0	0	[]	[]	[]	[]
ecoli50_r009448	no_hit				0	0	0	0	0	0	[]	[]	[]	[]
ecoli50_r009449	no_hit				0	0	0	0	0	0	[]	[]	[]	[]
ecoli50_r009450	no_hit				0	0	0	0	0	0	[]	[]	[]	[]
ecoli50_r009451	no_hit				0	0	0	0	0	0	[]	[]	[]	[]
ecoli50_r009452	no_hit				0	0	0	0	0	0	[]	[]	[]	[]
ecoli50_r009453	no_hit				0	0	0	0	0	0	[]	[]	[]	[]
ecoli50_r009454	negative_only				0	1	0	1	0	1	[]	"[""3341""]"	[]	"[[11,""forward"",81,""3341""]]"
ecoli50_r009455	no_hit				0	0	0	0	0	0	[]	[]	[]	[]
ecoli50_r009456	no_hit				0	0	0	0	0	0	[]	[]	[]	[]
ecoli50_r009457	no_hit				0	0	0	0	0	0	[]	[]	[]	[]
ecoli50_r009458	no_hit				0	0	0	0	0	0	[]	[]	[]	[]
ecoli50_r009459	no_hit				0	0	0	0	0	0	[]	[]	[]	[]
ecoli50_r009460	no_hit				0	0	0	0	0	0	[]	[]	[]	[]
ecoli50_r009461	no_hit				0	0	0	0	0	0	[]	[]	[]	[]
ecoli50_r009462	no_hit				0	0	0	0	0	0	[]	[]	[]	[]
ecoli50_r009463	no_hit				0	0	0	0	0	0	[]	[]	[]	[]
ecoli50_r009464	no_hit				0	0	0	0	0	0	[]	[]	[]	[]
ecoli50_r009465	no_hit				0	0	0	0	0	0	[]	[]	[]	[]
ecoli50_r009466	no_hit				0	0	0	0	0	0	[]	[]	[]	[]
ecoli50_r009467	no_hit				0	0	0	0	0	0	[]	[]	[]	[]
ecoli50_r009468	no_hit				0	0	0	0	0	0	[]	[]	[]	[]
ecoli50_r009469	no_hit				0	0	0	0	0	0	[]	[]	[]	[]
ecoli50_r009470	no_hit				0	0	0	0	0	0	[]	[]	[]	[]
ecoli50_r009471	no_hit				0	0	0	0	0	0	[]	[]	[]	[]
ecoli50_r009472	no_hit				0	0	0	0	0	0	[]	[]	[]	[]
ecoli50_r009473	no_hit				0	0	0	0	0	0	[]	[]	[]	[]
ecoli50_r009474	no_hit				0	0	0	0	0	0	[]	[]	[]	[]
ecoli50_r009475	no_hit				0	0	0	0	0	0	[]	[]	[]	[]
ecoli50_r009476	no_hit				0	0	0	0	0	0	[]	[]	[]	[]
ecoli50_r009477	no_hit				0	0	0	0	0	0	[]	[]	[]	[]
ecoli50_r009478	no_hit				0	0	0	0	0	0	[]	[]	[]	[]
ecoli50_r009479	no_hit				0	0	0	0	0	0	[]	[]	[]	[]
ecoli50_r009480	no_hit				0	0	0	0	0	0	[]	[]	[]	[]
ecoli50_r009481	no_hit				0	0	0	0	0	0	[]	[]	[]	[]
ecoli50_r009482	no_hit				0	0	0	0	0	0	[]	[]	[]	[]
ecoli50_r009483	no_hit				0	0	0	0	0	0	[]	[]	[]	[]
ecoli50_r009484	no_hit				0	0	0	0	0	0	[]	[]	[]	[]
ecoli50_r009485	no_hit				0	0	0	0	0	0	[]	[]	[]	[]
ecoli50_r009486	no_hit				0	0	0	0	0	0	[]	[]	[]	[]
ecoli50_r009487	no_hit				0	0	0	0	0	0	[]	[]	[]	[]
ecoli50_r009488	no_hit				0	0	0	0	0	0	[]	[]	[]	[]
ecoli50_r009489	no_hit				0	0	0	0	0	0	[]	[]	[]	[]
ecoli50_r009490	no_hit				0	0	0	0	0	0	[]	[]	[]	[]
ecoli50_r009491	no_hit				0	0	0	0	0	0	[]	[]	[]	[]
ecoli50_r009492	no_hit				0	0	0	0	0	0	[]	[]	[]	[]
ecoli50_r009493	no_hit				0	0	0	0	0	0	[]	[]	[]	[]
ecoli50_r009494	no_hit				0	0	0	0	0	0	[]	[]	[]	[]
ecoli50_r009495	no_hit				0	0	0	0	0	0	[]	[]	[]	[]
ecoli50_r009496	no_hit				0	0	0	0	0	0	[]	[]	[]	[]
ecoli50_r009497	no_hit				0	0	0	0	0	0	[]	[]	[]	[]
ecoli50_r009498	no_hit				0	0	0	0	0	0	[]	[]	[]	[]
ecoli50_r009499	no_hit				0	0	0	0	0	0	[]	[]	[]	[]
ecoli50_r009500	no_hit				0	0	0	0	0	0	[]	[]	[]	[]
ecoli50_r009501	no_hit				0	0	0	0	0	0	[]	[]	[]	[]
ecoli50_r009502	no_hit				0	0	0	0	0	0	[]	[]	[]	[]
ecoli50_r009503	no_hit				0	0	0	0	0	0	[]	[]	[]	[]
ecoli50_r009504	position_consistent_positive	31	reverse	81	1	0	1	0	1	0	"[""226""]"	[]	"[[31,""reverse"",81,""226""]]"	[]
ecoli50_r009505	no_hit				0	0	0	0	0	0	[]	[]	[]	[]
ecoli50_r009506	position_consistent_positive	10	forward	81	1	0	1	0	1	0	"[""226""]"	[]	"[[10,""forward"",81,""226""]]"	[]
ecoli50_r009507	no_hit				0	0	0	0	0	0	[]	[]	[]	[]
ecoli50_r009508	no_hit				0	0	0	0	0	0	[]	[]	[]	[]
ecoli50_r009509	no_hit				0	0	0	0	0	0	[]	[]	[]	[]
ecoli50_r009510	position_consistent_positive	13	forward	81	1	0	1	0	1	0	"[""1828""]"	[]	"[[13,""forward"",81,""1828""]]"	[]
ecoli50_r009511	no_hit				0	0	0	0	0	0	[]	[]	[]	[]
ecoli50_r009512	no_hit				0	0	0	0	0	0	[]	[]	[]	[]
ecoli50_r009513	no_hit				0	0	0	0	0	0	[]	[]	[]	[]
ecoli50_r009514	no_hit				0	0	0	0	0	0	[]	[]	[]	[]
ecoli50_r009515	no_hit				0	0	0	0	0	0	[]	[]	[]	[]
ecoli50_r009516	no_hit				0	0	0	0	0	0	[]	[]	[]	[]
ecoli50_r009517	no_hit				0	0	0	0	0	0	[]	[]	[]	[]
ecoli50_r009518	no_hit				0	0	0	0	0	0	[]	[]	[]	[]
ecoli50_r009519	no_hit				0	0	0	0	0	0	[]	[]	[]	[]
ecoli50_r009520	no_hit				0	0	0	0	0	0	[]	[]	[]	[]
ecoli50_r009521	no_hit				0	0	0	0	0	0	[]	[]	[]	[]
ecoli50_r009522	no_hit				0	0	0	0	0	0	[]	[]	[]	[]
ecoli50_r009523	no_hit				0	0	0	0	0	0	[]	[]	[]	[]
ecoli50_r009524	no_hit				0	0	0	0	0	0	[]	[]	[]	[]
ecoli50_r009525	no_hit				0	0	0	0	0	0	[]	[]	[]	[]
ecoli50_r009526	no_hit				0	0	0	0	0	0	[]	[]	[]	[]
ecoli50_r009527	no_hit				0	0	0	0	0	0	[]	[]	[]	[]
ecoli50_r009528	no_hit				0	0	0	0	0	0	[]	[]	[]	[]
ecoli50_r009529	no_hit				0	0	0	0	0	0	[]	[]	[]	[]
ecoli50_r009530	no_hit				0	0	0	0	0	0	[]	[]	[]	[]
ecoli50_r009531	no_hit				0	0	0	0	0	0	[]	[]	[]	[]
ecoli50_r009532	no_hit				0	0	0	0	0	0	[]	[]	[]	[]
ecoli50_r009533	no_hit				0	0	0	0	0	0	[]	[]	[]	[]
ecoli50_r009534	no_hit				0	0	0	0	0	0	[]	[]	[]	[]
ecoli50_r009535	no_hit				0	0	0	0	0	0	[]	[]	[]	[]
ecoli50_r009536	no_hit				0	0	0	0	0	0	[]	[]	[]	[]
ecoli50_r009537	no_hit				0	0	0	0	0	0	[]	[]	[]	[]
ecoli50_r009538	negative_only				0	1	0	1	0	1	[]	"[""1508""]"	[]	"[[25,""forward"",81,""1508""]]"
ecoli50_r009539	no_hit				0	0	0	0	0	0	[]	[]	[]	[]
ecoli50_r009540	negative_only				0	1	0	1	0	1	[]	"[""225""]"	[]	"[[26,""forward"",81,""225""]]"
ecoli50_r009541	no_hit				0	0	0	0	0	0	[]	[]	[]	[]
ecoli50_r009542	no_hit				0	0	0	0	0	0	[]	[]	[]	[]
ecoli50_r009543	no_hit				0	0	0	0	0	0	[]	[]	[]	[]
ecoli50_r009544	no_hit				0	0	0	0	0	0	[]	[]	[]	[]
ecoli50_r009545	no_hit				0	0	0	0	0	0	[]	[]	[]	[]
ecoli50_r009546	no_hit				0	0	0	0	0	0	[]	[]	[]	[]
ecoli50_r009547	no_hit				0	0	0	0	0	0	[]	[]	[]	[]
ecoli50_r009548	no_hit				0	0	0	0	0	0	[]	[]	[]	[]
ecoli50_r009549	no_hit				0	0	0	0	0	0	[]	[]	[]	[]
ecoli50_r009550	no_hit				0	0	0	0	0	0	[]	[]	[]	[]
ecoli50_r009551	no_hit				0	0	0	0	0	0	[]	[]	[]	[]
ecoli50_r009552	no_hit				0	0	0	0	0	0	[]	[]	[]	[]
ecoli50_r009553	no_hit				0	0	0	0	0	0	[]	[]	[]	[]
ecoli50_r009554	no_hit				0	0	0	0	0	0	[]	[]	[]	[]
ecoli50_r009555	no_hit				0	0	0	0	0	0	[]	[]	[]	[]
ecoli50_r009556	no_hit				0	0	0	0	0	0	[]	[]	[]	[]
ecoli50_r009557	no_hit				0	0	0	0	0	0	[]	[]	[]	[]
ecoli50_r009558	position_consistent_positive	8	forward	81	1	0	1	0	1	0	"[""42""]"	[]	"[[8,""forward"",81,""42""]]"	[]
ecoli50_r009559	no_hit				0	0	0	0	0	0	[]	[]	[]	[]
ecoli50_r009560	no_hit				0	0	0	0	0	0	[]	[]	[]	[]
ecoli50_r009561	no_hit				0	0	0	0	0	0	[]	[]	[]	[]
ecoli50_r009562	no_hit				0	0	0	0	0	0	[]	[]	[]	[]
ecoli50_r009563	no_hit				0	0	0	0	0	0	[]	[]	[]	[]
ecoli50_r009564	no_hit				0	0	0	0	0	0	[]	[]	[]	[]
ecoli50_r009565	no_hit				0	0	0	0	0	0	[]	[]	[]	[]
ecoli50_r009566	no_hit				0	0	0	0	0	0	[]	[]	[]	[]
ecoli50_r009567	no_hit				0	0	0	0	0	0	[]	[]	[]	[]
ecoli50_r009568	no_hit				0	0	0	0	0	0	[]	[]	[]	[]
ecoli50_r009569	no_hit				0	0	0	0	0	0	[]	[]	[]	[]
ecoli50_r009570	no_hit				0	0	0	0	0	0	[]	[]	[]	[]
ecoli50_r009571	no_hit				0	0	0	0	0	0	[]	[]	[]	[]
ecoli50_r009572	no_hit				0	0	0	0	0	0	[]	[]	[]	[]
ecoli50_r009573	no_hit				0	0	0	0	0	0	[]	[]	[]	[]
ecoli50_r009574	no_hit				0	0	0	0	0	0	[]	[]	[]	[]
ecoli50_r009575	no_hit				0	0	0	0	0	0	[]	[]	[]	[]
ecoli50_r009576	no_hit				0	0	0	0	0	0	[]	[]	[]	[]
ecoli50_r009577	no_hit				0	0	0	0	0	0	[]	[]	[]	[]
ecoli50_r009578	no_hit				0	0	0	0	0	0	[]	[]	[]	[]
ecoli50_r009579	no_hit				0	0	0	0	0	0	[]	[]	[]	[]
ecoli50_r009580	no_hit				0	0	0	0	0	0	[]	[]	[]	[]
ecoli50_r009581	no_hit				0	0	0	0	0	0	[]	[]	[]	[]
ecoli50_r009582	no_hit				0	0	0	0	0	0	[]	[]	[]	[]
ecoli50_r009583	no_hit				0	0	0	0	0	0	[]	[]	[]	[]
ecoli50_r009584	no_hit				0	0	0	0	0	0	[]	[]	[]	[]
ecoli50_r009585	no_hit				0	0	0	0	0	0	[]	[]	[]	[]
ecoli50_r009586	no_hit				0	0	0	0	0	0	[]	[]	[]	[]
ecoli50_r009587	no_hit				0	0	0	0	0	0	[]	[]	[]	[]
ecoli50_r009588	no_hit				0	0	0	0	0	0	[]	[]	[]	[]
ecoli50_r009589	no_hit				0	0	0	0	0	0	[]	[]	[]	[]
ecoli50_r009590	no_hit				0	0	0	0	0	0	[]	[]	[]	[]
ecoli50_r009591	no_hit				0	0	0	0	0	0	[]	[]	[]	[]
ecoli50_r009592	no_hit				0	0	0	0	0	0	[]	[]	[]	[]
ecoli50_r009593	no_hit				0	0	0	0	0	0	[]	[]	[]	[]
ecoli50_r009594	no_hit				0	0	0	0	0	0	[]	[]	[]	[]
ecoli50_r009595	ambiguous_positive				2	0	2	0	2	0	"[""2767"",""2869""]"	[]	"[[24,""reverse"",81,""2767""],[28,""reverse"",81,""2869""]]"	[]
ecoli50_r009596	no_hit				0	0	0	0	0	0	[]	[]	[]	[]
ecoli50_r009597	no_hit				0	0	0	0	0	0	[]	[]	[]	[]
ecoli50_r009598	no_hit				0	0	0	0	0	0	[]	[]	[]	[]
ecoli50_r009599	no_hit				0	0	0	0	0	0	[]	[]	[]	[]
ecoli50_r009600	no_hit				0	0	0	0	0	0	[]	[]	[]	[]
ecoli50_r009601	position_consistent_positive	12	forward	81	1	0	1	0	1	0	"[""421""]"	[]	"[[12,""forward"",81,""421""]]"	[]
ecoli50_r009602	position_consistent_positive	10	forward	81	1	0	1	0	1	0	"[""135""]"	[]	"[[10,""forward"",81,""135""]]"	[]
ecoli50_r009603	no_hit				0	0	0	0	0	0	[]	[]	[]	[]
ecoli50_r009604	no_hit				0	0	0	0	0	0	[]	[]	[]	[]
ecoli50_r009605	no_hit				0	0	0	0	0	0	[]	[]	[]	[]
ecoli50_r009606	no_hit				0	0	0	0	0	0	[]	[]	[]	[]
ecoli50_r009607	no_hit				0	0	0	0	0	0	[]	[]	[]	[]
ecoli50_r009608	no_hit				0	0	0	0	0	0	[]	[]	[]	[]
ecoli50_r009609	no_hit				0	0	0	0	0	0	[]	[]	[]	[]
ecoli50_r009610	no_hit				0	0	0	0	0	0	[]	[]	[]	[]
ecoli50_r009611	no_hit				0	0	0	0	0	0	[]	[]	[]	[]
ecoli50_r009612	position_consistent_positive	10	forward	81	1	0	1	0	1	0	"[""1399""]"	[]	"[[10,""forward"",81,""1399""]]"	[]
ecoli50_r009613	no_hit				0	0	0	0	0	0	[]	[]	[]	[]
ecoli50_r009614	no_hit				0	0	0	0	0	0	[]	[]	[]	[]
ecoli50_r009615	no_hit				0	0	0	0	0	0	[]	[]	[]	[]
ecoli50_r009616	no_hit				0	0	0	0	0	0	[]	[]	[]	[]
ecoli50_r009617	no_hit				0	0	0	0	0	0	[]	[]	[]	[]
ecoli50_r009618	no_hit				0	0	0	0	0	0	[]	[]	[]	[]
ecoli50_r009619	position_consistent_positive	29	reverse	81	1	0	1	0	1	0	"[""3125""]"	[]	"[[29,""reverse"",81,""3125""]]"	[]
ecoli50_r009620	no_hit				0	0	0	0	0	0	[]	[]	[]	[]
ecoli50_r009621	position_consistent_positive	10	forward	81	1	0	1	0	1	0	"[""3256""]"	[]	"[[10,""forward"",81,""3256""]]"	[]
ecoli50_r009622	no_hit				0	0	0	0	0	0	[]	[]	[]	[]
ecoli50_r009623	no_hit				0	0	0	0	0	0	[]	[]	[]	[]
ecoli50_r009624	no_hit				0	0	0	0	0	0	[]	[]	[]	[]
ecoli50_r009625	no_hit				0	0	0	0	0	0	[]	[]	[]	[]
ecoli50_r009626	no_hit				0	0	0	0	0	0	[]	[]	[]	[]
ecoli50_r009627	no_hit				0	0	0	0	0	0	[]	[]	[]	[]
ecoli50_r009628	no_hit				0	0	0	0	0	0	[]	[]	[]	[]
ecoli50_r009629	no_hit				0	0	0	0	0	0	[]	[]	[]	[]
ecoli50_r009630	no_hit				0	0	0	0	0	0	[]	[]	[]	[]
ecoli50_r009631	no_hit				0	0	0	0	0	0	[]	[]	[]	[]
ecoli50_r009632	no_hit				0	0	0	0	0	0	[]	[]	[]	[]
ecoli50_r009633	no_hit				0	0	0	0	0	0	[]	[]	[]	[]
ecoli50_r009634	no_hit				0	0	0	0	0	0	[]	[]	[]	[]
ecoli50_r009635	no_hit				0	0	0	0	0	0	[]	[]	[]	[]
ecoli50_r009636	no_hit				0	0	0	0	0	0	[]	[]	[]	[]
ecoli50_r009637	no_hit				0	0	0	0	0	0	[]	[]	[]	[]
ecoli50_r009638	no_hit				0	0	0	0	0	0	[]	[]	[]	[]
ecoli50_r009639	no_hit				0	0	0	0	0	0	[]	[]	[]	[]
ecoli50_r009640	no_hit				0	0	0	0	0	0	[]	[]	[]	[]
ecoli50_r009641	no_hit				0	0	0	0	0	0	[]	[]	[]	[]
ecoli50_r009642	no_hit				0	0	0	0	0	0	[]	[]	[]	[]
ecoli50_r009643	no_hit				0	0	0	0	0	0	[]	[]	[]	[]
ecoli50_r009644	no_hit				0	0	0	0	0	0	[]	[]	[]	[]
ecoli50_r009645	no_hit				0	0	0	0	0	0	[]	[]	[]	[]
ecoli50_r009646	no_hit				0	0	0	0	0	0	[]	[]	[]	[]
ecoli50_r009647	no_hit				0	0	0	0	0	0	[]	[]	[]	[]
ecoli50_r009648	no_hit				0	0	0	0	0	0	[]	[]	[]	[]
ecoli50_r009649	no_hit				0	0	0	0	0	0	[]	[]	[]	[]
ecoli50_r009650	no_hit				0	0	0	0	0	0	[]	[]	[]	[]
ecoli50_r009651	no_hit				0	0	0	0	0	0	[]	[]	[]	[]
ecoli50_r009652	no_hit				0	0	0	0	0	0	[]	[]	[]	[]
ecoli50_r009653	no_hit				0	0	0	0	0	0	[]	[]	[]	[]
ecoli50_r009654	position_consistent_positive	10	forward	81	1	0	1	0	1	0	"[""170""]"	[]	"[[10,""forward"",81,""170""]]"	[]
ecoli50_r009655	no_hit				0	0	0	0	0	0	[]	[]	[]	[]
ecoli50_r009656	no_hit				0	0	0	0	0	0	[]	[]	[]	[]
ecoli50_r009657	no_hit				0	0	0	0	0	0	[]	[]	[]	[]
ecoli50_r009658	no_hit				0	0	0	0	0	0	[]	[]	[]	[]
ecoli50_r009659	no_hit				0	0	0	0	0	0	[]	[]	[]	[]
ecoli50_r009660	no_hit				0	0	0	0	0	0	[]	[]	[]	[]
ecoli50_r009661	no_hit				0	0	0	0	0	0	[]	[]	[]	[]
ecoli50_r009662	no_hit				0	0	0	0	0	0	[]	[]	[]	[]
ecoli50_r009663	no_hit				0	0	0	0	0	0	[]	[]	[]	[]
ecoli50_r009664	no_hit				0	0	0	0	0	0	[]	[]	[]	[]
ecoli50_r009665	no_hit				0	0	0	0	0	0	[]	[]	[]	[]
ecoli50_r009666	no_hit				0	0	0	0	0	0	[]	[]	[]	[]
ecoli50_r009667	no_hit				0	0	0	0	0	0	[]	[]	[]	[]
ecoli50_r009668	negative_only				0	1	0	1	0	1	[]	"[""2762""]"	[]	"[[10,""forward"",81,""2762""]]"
ecoli50_r009669	no_hit				0	0	0	0	0	0	[]	[]	[]	[]
ecoli50_r009670	no_hit				0	0	0	0	0	0	[]	[]	[]	[]
ecoli50_r009671	no_hit				0	0	0	0	0	0	[]	[]	[]	[]
ecoli50_r009672	no_hit				0	0	0	0	0	0	[]	[]	[]	[]
ecoli50_r009673	position_consistent_positive	8	forward	81	1	0	1	0	1	0	"[""1404""]"	[]	"[[8,""forward"",81,""1404""]]"	[]
ecoli50_r009674	no_hit				0	0	0	0	0	0	[]	[]	[]	[]
ecoli50_r009675	no_hit				0	0	0	0	0	0	[]	[]	[]	[]
ecoli50_r009676	no_hit				0	0	0	0	0	0	[]	[]	[]	[]
ecoli50_r009677	no_hit				0	0	0	0	0	0	[]	[]	[]	[]
ecoli50_r009678	no_hit				0	0	0	0	0	0	[]	[]	[]	[]
ecoli50_r009679	no_hit				0	0	0	0	0	0	[]	[]	[]	[]
ecoli50_r009680	no_hit				0	0	0	0	0	0	[]	[]	[]	[]
ecoli50_r009681	no_hit				0	0	0	0	0	0	[]	[]	[]	[]
ecoli50_r009682	no_hit				0	0	0	0	0	0	[]	[]	[]	[]
ecoli50_r009683	no_hit				0	0	0	0	0	0	[]	[]	[]	[]
ecoli50_r009684	no_hit				0	0	0	0	0	0	[]	[]	[]	[]
ecoli50_r009685	no_hit				0	0	0	0	0	0	[]	[]	[]	[]
ecoli50_r009686	no_hit				0	0	0	0	0	0	[]	[]	[]	[]
ecoli50_r009687	position_consistent_positive	10	forward	81	1	0	1	0	1	0	"[""874""]"	[]	"[[10,""forward"",81,""874""]]"	[]
ecoli50_r009688	no_hit				0	0	0	0	0	0	[]	[]	[]	[]
ecoli50_r009689	no_hit				0	0	0	0	0	0	[]	[]	[]	[]
ecoli50_r009690	no_hit				0	0	0	0	0	0	[]	[]	[]	[]
ecoli50_r009691	no_hit				0	0	0	0	0	0	[]	[]	[]	[]
ecoli50_r009692	no_hit				0	0	0	0	0	0	[]	[]	[]	[]
ecoli50_r009693	no_hit				0	0	0	0	0	0	[]	[]	[]	[]
ecoli50_r009694	no_hit				0	0	0	0	0	0	[]	[]	[]	[]
ecoli50_r009695	no_hit				0	0	0	0	0	0	[]	[]	[]	[]
ecoli50_r009696	no_hit				0	0	0	0	0	0	[]	[]	[]	[]
ecoli50_r009697	no_hit				0	0	0	0	0	0	[]	[]	[]	[]
ecoli50_r009698	no_hit				0	0	0	0	0	0	[]	[]	[]	[]
ecoli50_r009699	no_hit				0	0	0	0	0	0	[]	[]	[]	[]
ecoli50_r009700	no_hit				0	0	0	0	0	0	[]	[]	[]	[]
ecoli50_r009701	no_hit				0	0	0	0	0	0	[]	[]	[]	[]
ecoli50_r009702	no_hit				0	0	0	0	0	0	[]	[]	[]	[]
ecoli50_r009703	no_hit				0	0	0	0	0	0	[]	[]	[]	[]
ecoli50_r009704	no_hit				0	0	0	0	0	0	[]	[]	[]	[]
ecoli50_r009705	no_hit				0	0	0	0	0	0	[]	[]	[]	[]
ecoli50_r009706	no_hit				0	0	0	0	0	0	[]	[]	[]	[]
ecoli50_r009707	no_hit				0	0	0	0	0	0	[]	[]	[]	[]
ecoli50_r009708	no_hit				0	0	0	0	0	0	[]	[]	[]	[]
ecoli50_r009709	no_hit				0	0	0	0	0	0	[]	[]	[]	[]
ecoli50_r009710	no_hit				0	0	0	0	0	0	[]	[]	[]	[]
ecoli50_r009711	no_hit				0	0	0	0	0	0	[]	[]	[]	[]
ecoli50_r009712	no_hit				0	0	0	0	0	0	[]	[]	[]	[]
ecoli50_r009713	no_hit				0	0	0	0	0	0	[]	[]	[]	[]
ecoli50_r009714	no_hit				0	0	0	0	0	0	[]	[]	[]	[]
ecoli50_r009715	no_hit				0	0	0	0	0	0	[]	[]	[]	[]
ecoli50_r009716	no_hit				0	0	0	0	0	0	[]	[]	[]	[]
ecoli50_r009717	no_hit				0	0	0	0	0	0	[]	[]	[]	[]
ecoli50_r009718	no_hit				0	0	0	0	0	0	[]	[]	[]	[]
ecoli50_r009719	no_hit				0	0	0	0	0	0	[]	[]	[]	[]
ecoli50_r009720	position_consistent_positive	11	forward	81	1	0	1	0	1	0	"[""1524""]"	[]	"[[11,""forward"",81,""1524""]]"	[]
ecoli50_r009721	no_hit				0	0	0	0	0	0	[]	[]	[]	[]
ecoli50_r009722	no_hit				0	0	0	0	0	0	[]	[]	[]	[]
ecoli50_r009723	no_hit				0	0	0	0	0	0	[]	[]	[]	[]
ecoli50_r009724	no_hit				0	0	0	0	0	0	[]	[]	[]	[]
ecoli50_r009725	no_hit				0	0	0	0	0	0	[]	[]	[]	[]
ecoli50_r009726	no_hit				0	0	0	0	0	0	[]	[]	[]	[]
ecoli50_r009727	no_hit				0	0	0	0	0	0	[]	[]	[]	[]
ecoli50_r009728	no_hit				0	0	0	0	0	0	[]	[]	[]	[]
ecoli50_r009729	no_hit				0	0	0	0	0	0	[]	[]	[]	[]
ecoli50_r009730	no_hit				0	0	0	0	0	0	[]	[]	[]	[]
ecoli50_r009731	no_hit				0	0	0	0	0	0	[]	[]	[]	[]
ecoli50_r009732	no_hit				0	0	0	0	0	0	[]	[]	[]	[]
ecoli50_r009733	no_hit				0	0	0	0	0	0	[]	[]	[]	[]
ecoli50_r009734	no_hit				0	0	0	0	0	0	[]	[]	[]	[]
ecoli50_r009735	no_hit				0	0	0	0	0	0	[]	[]	[]	[]
ecoli50_r009736	no_hit				0	0	0	0	0	0	[]	[]	[]	[]
ecoli50_r009737	no_hit				0	0	0	0	0	0	[]	[]	[]	[]
ecoli50_r009738	no_hit				0	0	0	0	0	0	[]	[]	[]	[]
ecoli50_r009739	no_hit				0	0	0	0	0	0	[]	[]	[]	[]
ecoli50_r009740	no_hit				0	0	0	0	0	0	[]	[]	[]	[]
ecoli50_r009741	no_hit				0	0	0	0	0	0	[]	[]	[]	[]
ecoli50_r009742	no_hit				0	0	0	0	0	0	[]	[]	[]	[]
ecoli50_r009743	no_hit				0	0	0	0	0	0	[]	[]	[]	[]
ecoli50_r009744	no_hit				0	0	0	0	0	0	[]	[]	[]	[]
ecoli50_r009745	no_hit				0	0	0	0	0	0	[]	[]	[]	[]
ecoli50_r009746	no_hit				0	0	0	0	0	0	[]	[]	[]	[]
ecoli50_r009747	no_hit				0	0	0	0	0	0	[]	[]	[]	[]
ecoli50_r009748	no_hit				0	0	0	0	0	0	[]	[]	[]	[]
ecoli50_r009749	no_hit				0	0	0	0	0	0	[]	[]	[]	[]
ecoli50_r009750	no_hit				0	0	0	0	0	0	[]	[]	[]	[]
ecoli50_r009751	no_hit				0	0	0	0	0	0	[]	[]	[]	[]
ecoli50_r009752	no_hit				0	0	0	0	0	0	[]	[]	[]	[]
ecoli50_r009753	no_hit				0	0	0	0	0	0	[]	[]	[]	[]
ecoli50_r009754	no_hit				0	0	0	0	0	0	[]	[]	[]	[]
ecoli50_r009755	no_hit				0	0	0	0	0	0	[]	[]	[]	[]
ecoli50_r009756	no_hit				0	0	0	0	0	0	[]	[]	[]	[]
ecoli50_r009757	no_hit				0	0	0	0	0	0	[]	[]	[]	[]
ecoli50_r009758	no_hit				0	0	0	0	0	0	[]	[]	[]	[]
ecoli50_r009759	no_hit				0	0	0	0	0	0	[]	[]	[]	[]
ecoli50_r009760	no_hit				0	0	0	0	0	0	[]	[]	[]	[]
ecoli50_r009761	no_hit				0	0	0	0	0	0	[]	[]	[]	[]
ecoli50_r009762	no_hit				0	0	0	0	0	0	[]	[]	[]	[]
ecoli50_r009763	no_hit				0	0	0	0	0	0	[]	[]	[]	[]
ecoli50_r009764	no_hit				0	0	0	0	0	0	[]	[]	[]	[]
ecoli50_r009765	no_hit				0	0	0	0	0	0	[]	[]	[]	[]
ecoli50_r009766	no_hit				0	0	0	0	0	0	[]	[]	[]	[]
ecoli50_r009767	no_hit				0	0	0	0	0	0	[]	[]	[]	[]
ecoli50_r009768	no_hit				0	0	0	0	0	0	[]	[]	[]	[]
ecoli50_r009769	no_hit				0	0	0	0	0	0	[]	[]	[]	[]
ecoli50_r009770	no_hit				0	0	0	0	0	0	[]	[]	[]	[]
ecoli50_r009771	no_hit				0	0	0	0	0	0	[]	[]	[]	[]
ecoli50_r009772	no_hit				0	0	0	0	0	0	[]	[]	[]	[]
ecoli50_r009773	no_hit				0	0	0	0	0	0	[]	[]	[]	[]
ecoli50_r009774	no_hit				0	0	0	0	0	0	[]	[]	[]	[]
ecoli50_r009775	position_consistent_positive	17	forward	81	1	0	1	0	1	0	"[""328""]"	[]	"[[17,""forward"",81,""328""]]"	[]
ecoli50_r009776	no_hit				0	0	0	0	0	0	[]	[]	[]	[]
ecoli50_r009777	no_hit				0	0	0	0	0	0	[]	[]	[]	[]
ecoli50_r009778	no_hit				0	0	0	0	0	0	[]	[]	[]	[]
ecoli50_r009779	no_hit				0	0	0	0	0	0	[]	[]	[]	[]
ecoli50_r009780	position_consistent_positive	10	forward	81	1	0	1	0	1	0	"[""1088""]"	[]	"[[10,""forward"",81,""1088""]]"	[]
ecoli50_r009781	position_consistent_positive	28	forward	81	1	0	1	0	1	0	"[""1088""]"	[]	"[[28,""forward"",81,""1088""]]"	[]
ecoli50_r009782	no_hit				0	0	0	0	0	0	[]	[]	[]	[]
ecoli50_r009783	no_hit				0	0	0	0	0	0	[]	[]	[]	[]
ecoli50_r009784	no_hit				0	0	0	0	0	0	[]	[]	[]	[]
ecoli50_r009785	no_hit				0	0	0	0	0	0	[]	[]	[]	[]
ecoli50_r009786	no_hit				0	0	0	0	0	0	[]	[]	[]	[]
ecoli50_r009787	no_hit				0	0	0	0	0	0	[]	[]	[]	[]
ecoli50_r009788	no_hit				0	0	0	0	0	0	[]	[]	[]	[]
ecoli50_r009789	no_hit				0	0	0	0	0	0	[]	[]	[]	[]
ecoli50_r009790	no_hit				0	0	0	0	0	0	[]	[]	[]	[]
ecoli50_r009791	no_hit				0	0	0	0	0	0	[]	[]	[]	[]
ecoli50_r009792	no_hit				0	0	0	0	0	0	[]	[]	[]	[]
ecoli50_r009793	no_hit				0	0	0	0	0	0	[]	[]	[]	[]
ecoli50_r009794	no_hit				0	0	0	0	0	0	[]	[]	[]	[]
ecoli50_r009795	no_hit				0	0	0	0	0	0	[]	[]	[]	[]
ecoli50_r009796	no_hit				0	0	0	0	0	0	[]	[]	[]	[]
ecoli50_r009797	no_hit				0	0	0	0	0	0	[]	[]	[]	[]
ecoli50_r009798	no_hit				0	0	0	0	0	0	[]	[]	[]	[]
ecoli50_r009799	no_hit				0	0	0	0	0	0	[]	[]	[]	[]
ecoli50_r009800	no_hit				0	0	0	0	0	0	[]	[]	[]	[]
ecoli50_r009801	no_hit				0	0	0	0	0	0	[]	[]	[]	[]
ecoli50_r009802	no_hit				0	0	0	0	0	0	[]	[]	[]	[]
ecoli50_r009803	no_hit				0	0	0	0	0	0	[]	[]	[]	[]
ecoli50_r009804	no_hit				0	0	0	0	0	0	[]	[]	[]	[]
ecoli50_r009805	no_hit				0	0	0	0	0	0	[]	[]	[]	[]
ecoli50_r009806	no_hit				0	0	0	0	0	0	[]	[]	[]	[]
ecoli50_r009807	no_hit				0	0	0	0	0	0	[]	[]	[]	[]
ecoli50_r009808	no_hit				0	0	0	0	0	0	[]	[]	[]	[]
ecoli50_r009809	no_hit				0	0	0	0	0	0	[]	[]	[]	[]
ecoli50_r009810	no_hit				0	0	0	0	0	0	[]	[]	[]	[]
ecoli50_r009811	no_hit				0	0	0	0	0	0	[]	[]	[]	[]
ecoli50_r009812	no_hit				0	0	0	0	0	0	[]	[]	[]	[]
ecoli50_r009813	no_hit				0	0	0	0	0	0	[]	[]	[]	[]
ecoli50_r009814	no_hit				0	0	0	0	0	0	[]	[]	[]	[]
ecoli50_r009815	no_hit				0	0	0	0	0	0	[]	[]	[]	[]
ecoli50_r009816	no_hit				0	0	0	0	0	0	[]	[]	[]	[]
ecoli50_r009817	no_hit				0	0	0	0	0	0	[]	[]	[]	[]
ecoli50_r009818	no_hit				0	0	0	0	0	0	[]	[]	[]	[]
ecoli50_r009819	no_hit				0	0	0	0	0	0	[]	[]	[]	[]
ecoli50_r009820	no_hit				0	0	0	0	0	0	[]	[]	[]	[]
ecoli50_r009821	no_hit				0	0	0	0	0	0	[]	[]	[]	[]
ecoli50_r009822	no_hit				0	0	0	0	0	0	[]	[]	[]	[]
ecoli50_r009823	no_hit				0	0	0	0	0	0	[]	[]	[]	[]
ecoli50_r009824	no_hit				0	0	0	0	0	0	[]	[]	[]	[]
ecoli50_r009825	no_hit				0	0	0	0	0	0	[]	[]	[]	[]
ecoli50_r009826	no_hit				0	0	0	0	0	0	[]	[]	[]	[]
ecoli50_r009827	no_hit				0	0	0	0	0	0	[]	[]	[]	[]
ecoli50_r009828	no_hit				0	0	0	0	0	0	[]	[]	[]	[]
ecoli50_r009829	no_hit				0	0	0	0	0	0	[]	[]	[]	[]
ecoli50_r009830	no_hit				0	0	0	0	0	0	[]	[]	[]	[]
ecoli50_r009831	no_hit				0	0	0	0	0	0	[]	[]	[]	[]
ecoli50_r009832	no_hit				0	0	0	0	0	0	[]	[]	[]	[]
ecoli50_r009833	no_hit				0	0	0	0	0	0	[]	[]	[]	[]
ecoli50_r009834	no_hit				0	0	0	0	0	0	[]	[]	[]	[]
ecoli50_r009835	no_hit				0	0	0	0	0	0	[]	[]	[]	[]
ecoli50_r009836	no_hit				0	0	0	0	0	0	[]	[]	[]	[]
ecoli50_r009837	no_hit				0	0	0	0	0	0	[]	[]	[]	[]
ecoli50_r009838	no_hit				0	0	0	0	0	0	[]	[]	[]	[]
ecoli50_r009839	no_hit				0	0	0	0	0	0	[]	[]	[]	[]
ecoli50_r009840	no_hit				0	0	0	0	0	0	[]	[]	[]	[]
ecoli50_r009841	no_hit				0	0	0	0	0	0	[]	[]	[]	[]
ecoli50_r009842	no_hit				0	0	0	0	0	0	[]	[]	[]	[]
ecoli50_r009843	no_hit				0	0	0	0	0	0	[]	[]	[]	[]
ecoli50_r009844	no_hit				0	0	0	0	0	0	[]	[]	[]	[]
ecoli50_r009845	no_hit				0	0	0	0	0	0	[]	[]	[]	[]
ecoli50_r009846	no_hit				0	0	0	0	0	0	[]	[]	[]	[]
ecoli50_r009847	no_hit				0	0	0	0	0	0	[]	[]	[]	[]
ecoli50_r009848	no_hit				0	0	0	0	0	0	[]	[]	[]	[]
ecoli50_r009849	no_hit				0	0	0	0	0	0	[]	[]	[]	[]
ecoli50_r009850	no_hit				0	0	0	0	0	0	[]	[]	[]	[]
ecoli50_r009851	no_hit				0	0	0	0	0	0	[]	[]	[]	[]
ecoli50_r009852	no_hit				0	0	0	0	0	0	[]	[]	[]	[]
ecoli50_r009853	no_hit				0	0	0	0	0	0	[]	[]	[]	[]
ecoli50_r009854	no_hit				0	0	0	0	0	0	[]	[]	[]	[]
ecoli50_r009855	no_hit				0	0	0	0	0	0	[]	[]	[]	[]
ecoli50_r009856	position_consistent_positive	31	forward	81	1	0	1	0	1	0	"[""2172""]"	[]	"[[31,""forward"",81,""2172""]]"	[]
ecoli50_r009857	no_hit				0	0	0	0	0	0	[]	[]	[]	[]
ecoli50_r009858	no_hit				0	0	0	0	0	0	[]	[]	[]	[]
ecoli50_r009859	no_hit				0	0	0	0	0	0	[]	[]	[]	[]
ecoli50_r009860	no_hit				0	0	0	0	0	0	[]	[]	[]	[]
ecoli50_r009861	no_hit				0	0	0	0	0	0	[]	[]	[]	[]
ecoli50_r009862	no_hit				0	0	0	0	0	0	[]	[]	[]	[]
ecoli50_r009863	no_hit				0	0	0	0	0	0	[]	[]	[]	[]
ecoli50_r009864	no_hit				0	0	0	0	0	0	[]	[]	[]	[]
ecoli50_r009865	no_hit				0	0	0	0	0	0	[]	[]	[]	[]
ecoli50_r009866	no_hit				0	0	0	0	0	0	[]	[]	[]	[]
ecoli50_r009867	no_hit				0	0	0	0	0	0	[]	[]	[]	[]
ecoli50_r009868	no_hit				0	0	0	0	0	0	[]	[]	[]	[]
ecoli50_r009869	no_hit				0	0	0	0	0	0	[]	[]	[]	[]
ecoli50_r009870	no_hit				0	0	0	0	0	0	[]	[]	[]	[]
ecoli50_r009871	no_hit				0	0	0	0	0	0	[]	[]	[]	[]
ecoli50_r009872	no_hit				0	0	0	0	0	0	[]	[]	[]	[]
ecoli50_r009873	no_hit				0	0	0	0	0	0	[]	[]	[]	[]
ecoli50_r009874	no_hit				0	0	0	0	0	0	[]	[]	[]	[]
ecoli50_r009875	no_hit				0	0	0	0	0	0	[]	[]	[]	[]
ecoli50_r009876	no_hit				0	0	0	0	0	0	[]	[]	[]	[]
ecoli50_r009877	no_hit				0	0	0	0	0	0	[]	[]	[]	[]
ecoli50_r009878	no_hit				0	0	0	0	0	0	[]	[]	[]	[]
ecoli50_r009879	no_hit				0	0	0	0	0	0	[]	[]	[]	[]
ecoli50_r009880	no_hit				0	0	0	0	0	0	[]	[]	[]	[]
ecoli50_r009881	position_consistent_positive	6	forward	81	1	0	1	0	1	0	"[""636""]"	[]	"[[6,""forward"",81,""636""]]"	[]
ecoli50_r009882	position_consistent_positive	10	forward	81	1	0	1	0	1	0	"[""636""]"	[]	"[[10,""forward"",81,""636""]]"	[]
ecoli50_r009883	no_hit				0	0	0	0	0	0	[]	[]	[]	[]
ecoli50_r009884	no_hit				0	0	0	0	0	0	[]	[]	[]	[]
ecoli50_r009885	no_hit				0	0	0	0	0	0	[]	[]	[]	[]
ecoli50_r009886	no_hit				0	0	0	0	0	0	[]	[]	[]	[]
ecoli50_r009887	no_hit				0	0	0	0	0	0	[]	[]	[]	[]
ecoli50_r009888	no_hit				0	0	0	0	0	0	[]	[]	[]	[]
ecoli50_r009889	no_hit				0	0	0	0	0	0	[]	[]	[]	[]
ecoli50_r009890	no_hit				0	0	0	0	0	0	[]	[]	[]	[]
ecoli50_r009891	no_hit				0	0	0	0	0	0	[]	[]	[]	[]
ecoli50_r009892	no_hit				0	0	0	0	0	0	[]	[]	[]	[]
ecoli50_r009893	no_hit				0	0	0	0	0	0	[]	[]	[]	[]
ecoli50_r009894	no_hit				0	0	0	0	0	0	[]	[]	[]	[]
ecoli50_r009895	no_hit				0	0	0	0	0	0	[]	[]	[]	[]
ecoli50_r009896	no_hit				0	0	0	0	0	0	[]	[]	[]	[]
ecoli50_r009897	no_hit				0	0	0	0	0	0	[]	[]	[]	[]
ecoli50_r009898	no_hit				0	0	0	0	0	0	[]	[]	[]	[]
ecoli50_r009899	no_hit				0	0	0	0	0	0	[]	[]	[]	[]
ecoli50_r009900	no_hit				0	0	0	0	0	0	[]	[]	[]	[]
ecoli50_r009901	no_hit				0	0	0	0	0	0	[]	[]	[]	[]
ecoli50_r009902	no_hit				0	0	0	0	0	0	[]	[]	[]	[]
ecoli50_r009903	no_hit				0	0	0	0	0	0	[]	[]	[]	[]
ecoli50_r009904	no_hit				0	0	0	0	0	0	[]	[]	[]	[]
ecoli50_r009905	no_hit				0	0	0	0	0	0	[]	[]	[]	[]
ecoli50_r009906	no_hit				0	0	0	0	0	0	[]	[]	[]	[]
ecoli50_r009907	no_hit				0	0	0	0	0	0	[]	[]	[]	[]
ecoli50_r009908	no_hit				0	0	0	0	0	0	[]	[]	[]	[]
ecoli50_r009909	no_hit				0	0	0	0	0	0	[]	[]	[]	[]
ecoli50_r009910	no_hit				0	0	0	0	0	0	[]	[]	[]	[]
ecoli50_r009911	no_hit				0	0	0	0	0	0	[]	[]	[]	[]
ecoli50_r009912	no_hit				0	0	0	0	0	0	[]	[]	[]	[]
ecoli50_r009913	no_hit				0	0	0	0	0	0	[]	[]	[]	[]
ecoli50_r009914	no_hit				0	0	0	0	0	0	[]	[]	[]	[]
ecoli50_r009915	no_hit				0	0	0	0	0	0	[]	[]	[]	[]
ecoli50_r009916	no_hit				0	0	0	0	0	0	[]	[]	[]	[]
ecoli50_r009917	position_consistent_positive	30	forward	81	1	0	1	0	1	0	"[""1043""]"	[]	"[[30,""forward"",81,""1043""]]"	[]
ecoli50_r009918	no_hit				0	0	0	0	0	0	[]	[]	[]	[]
ecoli50_r009919	no_hit				0	0	0	0	0	0	[]	[]	[]	[]
ecoli50_r009920	no_hit				0	0	0	0	0	0	[]	[]	[]	[]
ecoli50_r009921	no_hit				0	0	0	0	0	0	[]	[]	[]	[]
ecoli50_r009922	position_consistent_positive	9	forward	81	1	0	1	0	1	0	"[""3202""]"	[]	"[[9,""forward"",81,""3202""]]"	[]
ecoli50_r009923	no_hit				0	0	0	0	0	0	[]	[]	[]	[]
ecoli50_r009924	no_hit				0	0	0	0	0	0	[]	[]	[]	[]
ecoli50_r009925	no_hit				0	0	0	0	0	0	[]	[]	[]	[]
ecoli50_r009926	no_hit				0	0	0	0	0	0	[]	[]	[]	[]
ecoli50_r009927	no_hit				0	0	0	0	0	0	[]	[]	[]	[]
ecoli50_r009928	no_hit				0	0	0	0	0	0	[]	[]	[]	[]
ecoli50_r009929	no_hit				0	0	0	0	0	0	[]	[]	[]	[]
ecoli50_r009930	no_hit				0	0	0	0	0	0	[]	[]	[]	[]
ecoli50_r009931	no_hit				0	0	0	0	0	0	[]	[]	[]	[]
ecoli50_r009932	no_hit				0	0	0	0	0	0	[]	[]	[]	[]
ecoli50_r009933	no_hit				0	0	0	0	0	0	[]	[]	[]	[]
ecoli50_r009934	no_hit				0	0	0	0	0	0	[]	[]	[]	[]
ecoli50_r009935	no_hit				0	0	0	0	0	0	[]	[]	[]	[]
ecoli50_r009936	no_hit				0	0	0	0	0	0	[]	[]	[]	[]
ecoli50_r009937	no_hit				0	0	0	0	0	0	[]	[]	[]	[]
ecoli50_r009938	no_hit				0	0	0	0	0	0	[]	[]	[]	[]
ecoli50_r009939	no_hit				0	0	0	0	0	0	[]	[]	[]	[]
ecoli50_r009940	position_consistent_positive	24	forward	81	1	0	1	0	1	0	"[""2389""]"	[]	"[[24,""forward"",81,""2389""]]"	[]
ecoli50_r009941	no_hit				0	0	0	0	0	0	[]	[]	[]	[]
ecoli50_r009942	no_hit				0	0	0	0	0	0	[]	[]	[]	[]
ecoli50_r009943	no_hit				0	0	0	0	0	0	[]	[]	[]	[]
ecoli50_r009944	no_hit				0	0	0	0	0	0	[]	[]	[]	[]
ecoli50_r009945	no_hit				0	0	0	0	0	0	[]	[]	[]	[]
ecoli50_r009946	no_hit				0	0	0	0	0	0	[]	[]	[]	[]
ecoli50_r009947	no_hit				0	0	0	0	0	0	[]	[]	[]	[]
ecoli50_r009948	no_hit				0	0	0	0	0	0	[]	[]	[]	[]
ecoli50_r009949	no_hit				0	0	0	0	0	0	[]	[]	[]	[]
ecoli50_r009950	no_hit				0	0	0	0	0	0	[]	[]	[]	[]
ecoli50_r009951	no_hit				0	0	0	0	0	0	[]	[]	[]	[]
ecoli50_r009952	no_hit				0	0	0	0	0	0	[]	[]	[]	[]
ecoli50_r009953	no_hit				0	0	0	0	0	0	[]	[]	[]	[]
ecoli50_r009954	no_hit				0	0	0	0	0	0	[]	[]	[]	[]
ecoli50_r009955	no_hit				0	0	0	0	0	0	[]	[]	[]	[]
ecoli50_r009956	no_hit				0	0	0	0	0	0	[]	[]	[]	[]
ecoli50_r009957	no_hit				0	0	0	0	0	0	[]	[]	[]	[]
ecoli50_r009958	no_hit				0	0	0	0	0	0	[]	[]	[]	[]
ecoli50_r009959	no_hit				0	0	0	0	0	0	[]	[]	[]	[]
ecoli50_r009960	no_hit				0	0	0	0	0	0	[]	[]	[]	[]
ecoli50_r009961	no_hit				0	0	0	0	0	0	[]	[]	[]	[]
ecoli50_r009962	no_hit				0	0	0	0	0	0	[]	[]	[]	[]
ecoli50_r009963	no_hit				0	0	0	0	0	0	[]	[]	[]	[]
ecoli50_r009964	no_hit				0	0	0	0	0	0	[]	[]	[]	[]
ecoli50_r009965	no_hit				0	0	0	0	0	0	[]	[]	[]	[]
ecoli50_r009966	no_hit				0	0	0	0	0	0	[]	[]	[]	[]
ecoli50_r009967	no_hit				0	0	0	0	0	0	[]	[]	[]	[]
ecoli50_r009968	no_hit				0	0	0	0	0	0	[]	[]	[]	[]
ecoli50_r009969	no_hit				0	0	0	0	0	0	[]	[]	[]	[]
ecoli50_r009970	no_hit				0	0	0	0	0	0	[]	[]	[]	[]
ecoli50_r009971	position_consistent_positive	9	forward	81	1	0	1	0	1	0	"[""2425""]"	[]	"[[9,""forward"",81,""2425""]]"	[]
ecoli50_r009972	no_hit				0	0	0	0	0	0	[]	[]	[]	[]
ecoli50_r009973	no_hit				0	0	0	0	0	0	[]	[]	[]	[]
ecoli50_r009974	no_hit				0	0	0	0	0	0	[]	[]	[]	[]
ecoli50_r009975	no_hit				0	0	0	0	0	0	[]	[]	[]	[]
ecoli50_r009976	position_consistent_positive	19	forward	81	1	0	1	0	1	0	"[""1165""]"	[]	"[[19,""forward"",81,""1165""]]"	[]
ecoli50_r009977	no_hit				0	0	0	0	0	0	[]	[]	[]	[]
ecoli50_r009978	no_hit				0	0	0	0	0	0	[]	[]	[]	[]
ecoli50_r009979	no_hit				0	0	0	0	0	0	[]	[]	[]	[]
ecoli50_r009980	position_consistent_positive	11	forward	81	1	0	1	0	1	0	"[""1079""]"	[]	"[[11,""forward"",81,""1079""]]"	[]
ecoli50_r009981	position_consistent_positive	7	forward	81	1	0	1	0	1	0	"[""1079""]"	[]	"[[7,""forward"",81,""1079""]]"	[]
ecoli50_r009982	position_consistent_positive	4	reverse	81	1	0	1	0	1	0	"[""1079""]"	[]	"[[4,""reverse"",81,""1079""]]"	[]
ecoli50_r009983	no_hit				0	0	0	0	0	0	[]	[]	[]	[]
ecoli50_r009984	no_hit				0	0	0	0	0	0	[]	[]	[]	[]
ecoli50_r009985	no_hit				0	0	0	0	0	0	[]	[]	[]	[]
ecoli50_r009986	no_hit				0	0	0	0	0	0	[]	[]	[]	[]
ecoli50_r009987	no_hit				0	0	0	0	0	0	[]	[]	[]	[]
ecoli50_r009988	no_hit				0	0	0	0	0	0	[]	[]	[]	[]
ecoli50_r009989	no_hit				0	0	0	0	0	0	[]	[]	[]	[]
ecoli50_r009990	no_hit				0	0	0	0	0	0	[]	[]	[]	[]
ecoli50_r009991	no_hit				0	0	0	0	0	0	[]	[]	[]	[]
ecoli50_r009992	no_hit				0	0	0	0	0	0	[]	[]	[]	[]
ecoli50_r009993	no_hit				0	0	0	0	0	0	[]	[]	[]	[]
ecoli50_r009994	no_hit				0	0	0	0	0	0	[]	[]	[]	[]
ecoli50_r009995	position_consistent_positive	29	forward	81	1	0	1	0	1	0	"[""1347""]"	[]	"[[29,""forward"",81,""1347""]]"	[]
ecoli50_r009996	no_hit				0	0	0	0	0	0	[]	[]	[]	[]
ecoli50_r009997	no_hit				0	0	0	0	0	0	[]	[]	[]	[]
ecoli50_r009998	no_hit				0	0	0	0	0	0	[]	[]	[]	[]
ecoli50_r009999	no_hit				0	0	0	0	0	0	[]	[]	[]	[]
ecoli50_r010000	no_hit				0	0	0	0	0	0	[]	[]	[]	[]
ecoli50_r010001	no_hit				0	0	0	0	0	0	[]	[]	[]	[]
ecoli50_r010002	no_hit				0	0	0	0	0	0	[]	[]	[]	[]
ecoli50_r010003	no_hit				0	0	0	0	0	0	[]	[]	[]	[]
ecoli50_r010004	no_hit				0	0	0	0	0	0	[]	[]	[]	[]
ecoli50_r010005	no_hit				0	0	0	0	0	0	[]	[]	[]	[]
ecoli50_r010006	no_hit				0	0	0	0	0	0	[]	[]	[]	[]
ecoli50_r010007	no_hit				0	0	0	0	0	0	[]	[]	[]	[]
ecoli50_r010008	no_hit				0	0	0	0	0	0	[]	[]	[]	[]
ecoli50_r010009	no_hit				0	0	0	0	0	0	[]	[]	[]	[]
ecoli50_r010010	no_hit				0	0	0	0	0	0	[]	[]	[]	[]
ecoli50_r010011	no_hit				0	0	0	0	0	0	[]	[]	[]	[]
ecoli50_r010012	no_hit				0	0	0	0	0	0	[]	[]	[]	[]
ecoli50_r010013	no_hit				0	0	0	0	0	0	[]	[]	[]	[]
ecoli50_r010014	no_hit				0	0	0	0	0	0	[]	[]	[]	[]
ecoli50_r010015	no_hit				0	0	0	0	0	0	[]	[]	[]	[]
ecoli50_r010016	no_hit				0	0	0	0	0	0	[]	[]	[]	[]
ecoli50_r010017	no_hit				0	0	0	0	0	0	[]	[]	[]	[]
ecoli50_r010018	no_hit				0	0	0	0	0	0	[]	[]	[]	[]
ecoli50_r010019	no_hit				0	0	0	0	0	0	[]	[]	[]	[]
ecoli50_r010020	no_hit				0	0	0	0	0	0	[]	[]	[]	[]
ecoli50_r010021	position_consistent_positive	15	forward	81	1	0	1	0	1	0	"[""1923""]"	[]	"[[15,""forward"",81,""1923""]]"	[]
ecoli50_r010022	no_hit				0	0	0	0	0	0	[]	[]	[]	[]
ecoli50_r010023	no_hit				0	0	0	0	0	0	[]	[]	[]	[]
ecoli50_r010024	no_hit				0	0	0	0	0	0	[]	[]	[]	[]
ecoli50_r010025	no_hit				0	0	0	0	0	0	[]	[]	[]	[]
ecoli50_r010026	no_hit				0	0	0	0	0	0	[]	[]	[]	[]
ecoli50_r010027	no_hit				0	0	0	0	0	0	[]	[]	[]	[]
ecoli50_r010028	no_hit				0	0	0	0	0	0	[]	[]	[]	[]
ecoli50_r010029	no_hit				0	0	0	0	0	0	[]	[]	[]	[]
ecoli50_r010030	position_consistent_positive	18	reverse	81	1	0	1	0	1	0	"[""1537""]"	[]	"[[18,""reverse"",81,""1537""]]"	[]
ecoli50_r010031	position_consistent_positive	4	reverse	81	1	0	1	0	1	0	"[""853""]"	[]	"[[4,""reverse"",81,""853""]]"	[]
ecoli50_r010032	no_hit				0	0	0	0	0	0	[]	[]	[]	[]
ecoli50_r010033	no_hit				0	0	0	0	0	0	[]	[]	[]	[]
ecoli50_r010034	no_hit				0	0	0	0	0	0	[]	[]	[]	[]
ecoli50_r010035	no_hit				0	0	0	0	0	0	[]	[]	[]	[]
ecoli50_r010036	no_hit				0	0	0	0	0	0	[]	[]	[]	[]
ecoli50_r010037	no_hit				0	0	0	0	0	0	[]	[]	[]	[]
ecoli50_r010038	no_hit				0	0	0	0	0	0	[]	[]	[]	[]
ecoli50_r010039	no_hit				0	0	0	0	0	0	[]	[]	[]	[]
ecoli50_r010040	no_hit				0	0	0	0	0	0	[]	[]	[]	[]
ecoli50_r010041	no_hit				0	0	0	0	0	0	[]	[]	[]	[]
ecoli50_r010042	no_hit				0	0	0	0	0	0	[]	[]	[]	[]
ecoli50_r010043	no_hit				0	0	0	0	0	0	[]	[]	[]	[]
ecoli50_r010044	no_hit				0	0	0	0	0	0	[]	[]	[]	[]
ecoli50_r010045	no_hit				0	0	0	0	0	0	[]	[]	[]	[]
ecoli50_r010046	position_consistent_positive	9	reverse	81	1	0	1	0	1	0	"[""2447""]"	[]	"[[9,""reverse"",81,""2447""]]"	[]
ecoli50_r010047	position_consistent_positive	10	forward	81	1	0	1	0	1	0	"[""2447""]"	[]	"[[10,""forward"",81,""2447""]]"	[]
ecoli50_r010048	no_hit				0	0	0	0	0	0	[]	[]	[]	[]
ecoli50_r010049	position_consistent_positive	13	forward	81	1	0	1	0	1	0	"[""64""]"	[]	"[[13,""forward"",81,""64""]]"	[]
ecoli50_r010050	no_hit				0	0	0	0	0	0	[]	[]	[]	[]
ecoli50_r010051	no_hit				0	0	0	0	0	0	[]	[]	[]	[]
ecoli50_r010052	no_hit				0	0	0	0	0	0	[]	[]	[]	[]
ecoli50_r010053	no_hit				0	0	0	0	0	0	[]	[]	[]	[]
ecoli50_r010054	no_hit				0	0	0	0	0	0	[]	[]	[]	[]
ecoli50_r010055	no_hit				0	0	0	0	0	0	[]	[]	[]	[]
ecoli50_r010056	no_hit				0	0	0	0	0	0	[]	[]	[]	[]
ecoli50_r010057	no_hit				0	0	0	0	0	0	[]	[]	[]	[]
ecoli50_r010058	no_hit				0	0	0	0	0	0	[]	[]	[]	[]
ecoli50_r010059	no_hit				0	0	0	0	0	0	[]	[]	[]	[]
ecoli50_r010060	no_hit				0	0	0	0	0	0	[]	[]	[]	[]
ecoli50_r010061	no_hit				0	0	0	0	0	0	[]	[]	[]	[]
ecoli50_r010062	no_hit				0	0	0	0	0	0	[]	[]	[]	[]
ecoli50_r010063	no_hit				0	0	0	0	0	0	[]	[]	[]	[]
ecoli50_r010064	no_hit				0	0	0	0	0	0	[]	[]	[]	[]
ecoli50_r010065	no_hit				0	0	0	0	0	0	[]	[]	[]	[]
ecoli50_r010066	no_hit				0	0	0	0	0	0	[]	[]	[]	[]
ecoli50_r010067	no_hit				0	0	0	0	0	0	[]	[]	[]	[]
ecoli50_r010068	no_hit				0	0	0	0	0	0	[]	[]	[]	[]
ecoli50_r010069	no_hit				0	0	0	0	0	0	[]	[]	[]	[]
ecoli50_r010070	no_hit				0	0	0	0	0	0	[]	[]	[]	[]
ecoli50_r010071	no_hit				0	0	0	0	0	0	[]	[]	[]	[]
ecoli50_r010072	no_hit				0	0	0	0	0	0	[]	[]	[]	[]
ecoli50_r010073	no_hit				0	0	0	0	0	0	[]	[]	[]	[]
ecoli50_r010074	no_hit				0	0	0	0	0	0	[]	[]	[]	[]
ecoli50_r010075	no_hit				0	0	0	0	0	0	[]	[]	[]	[]
ecoli50_r010076	position_consistent_positive	8	forward	81	1	0	1	0	1	0	"[""672""]"	[]	"[[8,""forward"",81,""672""]]"	[]
ecoli50_r010077	no_hit				0	0	0	0	0	0	[]	[]	[]	[]
ecoli50_r010078	no_hit				0	0	0	0	0	0	[]	[]	[]	[]
ecoli50_r010079	no_hit				0	0	0	0	0	0	[]	[]	[]	[]
ecoli50_r010080	no_hit				0	0	0	0	0	0	[]	[]	[]	[]
ecoli50_r010081	position_consistent_positive	28	forward	81	1	0	1	0	1	0	"[""358""]"	[]	"[[28,""forward"",81,""358""]]"	[]
ecoli50_r010082	no_hit				0	0	0	0	0	0	[]	[]	[]	[]
ecoli50_r010083	no_hit				0	0	0	0	0	0	[]	[]	[]	[]
ecoli50_r010084	negative_only				0	1	0	1	0	1	[]	"[""1841""]"	[]	"[[10,""forward"",81,""1841""]]"
ecoli50_r010085	no_hit				0	0	0	0	0	0	[]	[]	[]	[]
ecoli50_r010086	no_hit				0	0	0	0	0	0	[]	[]	[]	[]
ecoli50_r010087	no_hit				0	0	0	0	0	0	[]	[]	[]	[]
ecoli50_r010088	no_hit				0	0	0	0	0	0	[]	[]	[]	[]
ecoli50_r010089	no_hit				0	0	0	0	0	0	[]	[]	[]	[]
ecoli50_r010090	no_hit				0	0	0	0	0	0	[]	[]	[]	[]
ecoli50_r010091	no_hit				0	0	0	0	0	0	[]	[]	[]	[]
ecoli50_r010092	no_hit				0	0	0	0	0	0	[]	[]	[]	[]
ecoli50_r010093	no_hit				0	0	0	0	0	0	[]	[]	[]	[]
ecoli50_r010094	no_hit				0	0	0	0	0	0	[]	[]	[]	[]
ecoli50_r010095	no_hit				0	0	0	0	0	0	[]	[]	[]	[]
ecoli50_r010096	no_hit				0	0	0	0	0	0	[]	[]	[]	[]
ecoli50_r010097	no_hit				0	0	0	0	0	0	[]	[]	[]	[]
ecoli50_r010098	no_hit				0	0	0	0	0	0	[]	[]	[]	[]
ecoli50_r010099	no_hit				0	0	0	0	0	0	[]	[]	[]	[]
ecoli50_r010100	no_hit				0	0	0	0	0	0	[]	[]	[]	[]
ecoli50_r010101	no_hit				0	0	0	0	0	0	[]	[]	[]	[]
ecoli50_r010102	no_hit				0	0	0	0	0	0	[]	[]	[]	[]
ecoli50_r010103	no_hit				0	0	0	0	0	0	[]	[]	[]	[]
ecoli50_r010104	no_hit				0	0	0	0	0	0	[]	[]	[]	[]
ecoli50_r010105	no_hit				0	0	0	0	0	0	[]	[]	[]	[]
ecoli50_r010106	no_hit				0	0	0	0	0	0	[]	[]	[]	[]
ecoli50_r010107	no_hit				0	0	0	0	0	0	[]	[]	[]	[]
ecoli50_r010108	no_hit				0	0	0	0	0	0	[]	[]	[]	[]
ecoli50_r010109	no_hit				0	0	0	0	0	0	[]	[]	[]	[]
ecoli50_r010110	no_hit				0	0	0	0	0	0	[]	[]	[]	[]
ecoli50_r010111	no_hit				0	0	0	0	0	0	[]	[]	[]	[]
ecoli50_r010112	no_hit				0	0	0	0	0	0	[]	[]	[]	[]
ecoli50_r010113	no_hit				0	0	0	0	0	0	[]	[]	[]	[]
ecoli50_r010114	position_consistent_positive	10	forward	81	1	0	1	0	1	0	"[""176""]"	[]	"[[10,""forward"",81,""176""]]"	[]
ecoli50_r010115	position_consistent_positive	11	forward	81	1	0	1	0	1	0	"[""1246""]"	[]	"[[11,""forward"",81,""1246""]]"	[]
ecoli50_r010116	no_hit				0	0	0	0	0	0	[]	[]	[]	[]
ecoli50_r010117	no_hit				0	0	0	0	0	0	[]	[]	[]	[]
ecoli50_r010118	no_hit				0	0	0	0	0	0	[]	[]	[]	[]
ecoli50_r010119	no_hit				0	0	0	0	0	0	[]	[]	[]	[]
ecoli50_r010120	no_hit				0	0	0	0	0	0	[]	[]	[]	[]
ecoli50_r010121	no_hit				0	0	0	0	0	0	[]	[]	[]	[]
ecoli50_r010122	no_hit				0	0	0	0	0	0	[]	[]	[]	[]
ecoli50_r010123	no_hit				0	0	0	0	0	0	[]	[]	[]	[]
ecoli50_r010124	no_hit				0	0	0	0	0	0	[]	[]	[]	[]
ecoli50_r010125	no_hit				0	0	0	0	0	0	[]	[]	[]	[]
ecoli50_r010126	position_consistent_positive	8	forward	81	1	0	1	0	1	0	"[""2659""]"	[]	"[[8,""forward"",81,""2659""]]"	[]
ecoli50_r010127	no_hit				0	0	0	0	0	0	[]	[]	[]	[]
ecoli50_r010128	no_hit				0	0	0	0	0	0	[]	[]	[]	[]
ecoli50_r010129	negative_only				0	1	0	1	0	1	[]	"[""569""]"	[]	"[[5,""reverse"",81,""569""]]"
ecoli50_r010130	no_hit				0	0	0	0	0	0	[]	[]	[]	[]
ecoli50_r010131	no_hit				0	0	0	0	0	0	[]	[]	[]	[]
ecoli50_r010132	no_hit				0	0	0	0	0	0	[]	[]	[]	[]
ecoli50_r010133	no_hit				0	0	0	0	0	0	[]	[]	[]	[]
ecoli50_r010134	no_hit				0	0	0	0	0	0	[]	[]	[]	[]
ecoli50_r010135	no_hit				0	0	0	0	0	0	[]	[]	[]	[]
ecoli50_r010136	no_hit				0	0	0	0	0	0	[]	[]	[]	[]
ecoli50_r010137	no_hit				0	0	0	0	0	0	[]	[]	[]	[]
ecoli50_r010138	no_hit				0	0	0	0	0	0	[]	[]	[]	[]
ecoli50_r010139	no_hit				0	0	0	0	0	0	[]	[]	[]	[]
ecoli50_r010140	no_hit				0	0	0	0	0	0	[]	[]	[]	[]
ecoli50_r010141	no_hit				0	0	0	0	0	0	[]	[]	[]	[]
ecoli50_r010142	no_hit				0	0	0	0	0	0	[]	[]	[]	[]
ecoli50_r010143	no_hit				0	0	0	0	0	0	[]	[]	[]	[]
ecoli50_r010144	no_hit				0	0	0	0	0	0	[]	[]	[]	[]
ecoli50_r010145	no_hit				0	0	0	0	0	0	[]	[]	[]	[]
ecoli50_r010146	no_hit				0	0	0	0	0	0	[]	[]	[]	[]
ecoli50_r010147	no_hit				0	0	0	0	0	0	[]	[]	[]	[]
ecoli50_r010148	no_hit				0	0	0	0	0	0	[]	[]	[]	[]
ecoli50_r010149	no_hit				0	0	0	0	0	0	[]	[]	[]	[]
ecoli50_r010150	position_consistent_positive	10	forward	81	1	0	1	0	1	0	"[""3063""]"	[]	"[[10,""forward"",81,""3063""]]"	[]
ecoli50_r010151	no_hit				0	0	0	0	0	0	[]	[]	[]	[]
ecoli50_r010152	no_hit				0	0	0	0	0	0	[]	[]	[]	[]
ecoli50_r010153	no_hit				0	0	0	0	0	0	[]	[]	[]	[]
ecoli50_r010154	no_hit				0	0	0	0	0	0	[]	[]	[]	[]
ecoli50_r010155	no_hit				0	0	0	0	0	0	[]	[]	[]	[]
ecoli50_r010156	no_hit				0	0	0	0	0	0	[]	[]	[]	[]
ecoli50_r010157	no_hit				0	0	0	0	0	0	[]	[]	[]	[]
ecoli50_r010158	no_hit				0	0	0	0	0	0	[]	[]	[]	[]
ecoli50_r010159	no_hit				0	0	0	0	0	0	[]	[]	[]	[]
ecoli50_r010160	no_hit				0	0	0	0	0	0	[]	[]	[]	[]
ecoli50_r010161	no_hit				0	0	0	0	0	0	[]	[]	[]	[]
ecoli50_r010162	no_hit				0	0	0	0	0	0	[]	[]	[]	[]
ecoli50_r010163	no_hit				0	0	0	0	0	0	[]	[]	[]	[]
ecoli50_r010164	no_hit				0	0	0	0	0	0	[]	[]	[]	[]
ecoli50_r010165	no_hit				0	0	0	0	0	0	[]	[]	[]	[]
ecoli50_r010166	no_hit				0	0	0	0	0	0	[]	[]	[]	[]
ecoli50_r010167	no_hit				0	0	0	0	0	0	[]	[]	[]	[]
ecoli50_r010168	no_hit				0	0	0	0	0	0	[]	[]	[]	[]
ecoli50_r010169	no_hit				0	0	0	0	0	0	[]	[]	[]	[]
ecoli50_r010170	no_hit				0	0	0	0	0	0	[]	[]	[]	[]
ecoli50_r010171	no_hit				0	0	0	0	0	0	[]	[]	[]	[]
ecoli50_r010172	no_hit				0	0	0	0	0	0	[]	[]	[]	[]
ecoli50_r010173	no_hit				0	0	0	0	0	0	[]	[]	[]	[]
ecoli50_r010174	ambiguous_positive				2	0	2	0	2	0	"[""1544"",""243""]"	[]	"[[16,""forward"",81,""1544""],[26,""forward"",81,""243""]]"	[]
ecoli50_r010175	no_hit				0	0	0	0	0	0	[]	[]	[]	[]
ecoli50_r010176	no_hit				0	0	0	0	0	0	[]	[]	[]	[]
ecoli50_r010177	no_hit				0	0	0	0	0	0	[]	[]	[]	[]
ecoli50_r010178	no_hit				0	0	0	0	0	0	[]	[]	[]	[]
ecoli50_r010179	no_hit				0	0	0	0	0	0	[]	[]	[]	[]
ecoli50_r010180	no_hit				0	0	0	0	0	0	[]	[]	[]	[]
ecoli50_r010181	no_hit				0	0	0	0	0	0	[]	[]	[]	[]
ecoli50_r010182	no_hit				0	0	0	0	0	0	[]	[]	[]	[]
ecoli50_r010183	no_hit				0	0	0	0	0	0	[]	[]	[]	[]
ecoli50_r010184	no_hit				0	0	0	0	0	0	[]	[]	[]	[]
ecoli50_r010185	no_hit				0	0	0	0	0	0	[]	[]	[]	[]
ecoli50_r010186	no_hit				0	0	0	0	0	0	[]	[]	[]	[]
ecoli50_r010187	no_hit				0	0	0	0	0	0	[]	[]	[]	[]
ecoli50_r010188	no_hit				0	0	0	0	0	0	[]	[]	[]	[]
ecoli50_r010189	no_hit				0	0	0	0	0	0	[]	[]	[]	[]
ecoli50_r010190	no_hit				0	0	0	0	0	0	[]	[]	[]	[]
ecoli50_r010191	no_hit				0	0	0	0	0	0	[]	[]	[]	[]
ecoli50_r010192	no_hit				0	0	0	0	0	0	[]	[]	[]	[]
ecoli50_r010193	no_hit				0	0	0	0	0	0	[]	[]	[]	[]
ecoli50_r010194	no_hit				0	0	0	0	0	0	[]	[]	[]	[]
ecoli50_r010195	no_hit				0	0	0	0	0	0	[]	[]	[]	[]
ecoli50_r010196	no_hit				0	0	0	0	0	0	[]	[]	[]	[]
ecoli50_r010197	no_hit				0	0	0	0	0	0	[]	[]	[]	[]
ecoli50_r010198	no_hit				0	0	0	0	0	0	[]	[]	[]	[]
ecoli50_r010199	no_hit				0	0	0	0	0	0	[]	[]	[]	[]
ecoli50_r010200	no_hit				0	0	0	0	0	0	[]	[]	[]	[]
ecoli50_r010201	no_hit				0	0	0	0	0	0	[]	[]	[]	[]
ecoli50_r010202	no_hit				0	0	0	0	0	0	[]	[]	[]	[]
ecoli50_r010203	no_hit				0	0	0	0	0	0	[]	[]	[]	[]
ecoli50_r010204	no_hit				0	0	0	0	0	0	[]	[]	[]	[]
ecoli50_r010205	no_hit				0	0	0	0	0	0	[]	[]	[]	[]
ecoli50_r010206	no_hit				0	0	0	0	0	0	[]	[]	[]	[]
ecoli50_r010207	no_hit				0	0	0	0	0	0	[]	[]	[]	[]
ecoli50_r010208	no_hit				0	0	0	0	0	0	[]	[]	[]	[]
ecoli50_r010209	no_hit				0	0	0	0	0	0	[]	[]	[]	[]
ecoli50_r010210	no_hit				0	0	0	0	0	0	[]	[]	[]	[]
ecoli50_r010211	no_hit				0	0	0	0	0	0	[]	[]	[]	[]
ecoli50_r010212	no_hit				0	0	0	0	0	0	[]	[]	[]	[]
ecoli50_r010213	no_hit				0	0	0	0	0	0	[]	[]	[]	[]
ecoli50_r010214	no_hit				0	0	0	0	0	0	[]	[]	[]	[]
ecoli50_r010215	no_hit				0	0	0	0	0	0	[]	[]	[]	[]
ecoli50_r010216	no_hit				0	0	0	0	0	0	[]	[]	[]	[]
ecoli50_r010217	no_hit				0	0	0	0	0	0	[]	[]	[]	[]
ecoli50_r010218	negative_only				0	1	0	1	0	1	[]	"[""483""]"	[]	"[[1,""reverse"",81,""483""]]"
ecoli50_r010219	no_hit				0	0	0	0	0	0	[]	[]	[]	[]
ecoli50_r010220	no_hit				0	0	0	0	0	0	[]	[]	[]	[]
ecoli50_r010221	no_hit				0	0	0	0	0	0	[]	[]	[]	[]
ecoli50_r010222	no_hit				0	0	0	0	0	0	[]	[]	[]	[]
ecoli50_r010223	no_hit				0	0	0	0	0	0	[]	[]	[]	[]
ecoli50_r010224	ambiguous_positive				2	0	2	0	2	0	"[""2958"",""643""]"	[]	"[[3,""forward"",81,""643""],[12,""forward"",81,""2958""]]"	[]
ecoli50_r010225	no_hit				0	0	0	0	0	0	[]	[]	[]	[]
ecoli50_r010226	no_hit				0	0	0	0	0	0	[]	[]	[]	[]
ecoli50_r010227	no_hit				0	0	0	0	0	0	[]	[]	[]	[]
ecoli50_r010228	no_hit				0	0	0	0	0	0	[]	[]	[]	[]
ecoli50_r010229	no_hit				0	0	0	0	0	0	[]	[]	[]	[]
ecoli50_r010230	no_hit				0	0	0	0	0	0	[]	[]	[]	[]
ecoli50_r010231	no_hit				0	0	0	0	0	0	[]	[]	[]	[]
ecoli50_r010232	no_hit				0	0	0	0	0	0	[]	[]	[]	[]
ecoli50_r010233	no_hit				0	0	0	0	0	0	[]	[]	[]	[]
ecoli50_r010234	no_hit				0	0	0	0	0	0	[]	[]	[]	[]
ecoli50_r010235	no_hit				0	0	0	0	0	0	[]	[]	[]	[]
ecoli50_r010236	no_hit				0	0	0	0	0	0	[]	[]	[]	[]
ecoli50_r010237	no_hit				0	0	0	0	0	0	[]	[]	[]	[]
ecoli50_r010238	no_hit				0	0	0	0	0	0	[]	[]	[]	[]
ecoli50_r010239	no_hit				0	0	0	0	0	0	[]	[]	[]	[]
ecoli50_r010240	no_hit				0	0	0	0	0	0	[]	[]	[]	[]
ecoli50_r010241	no_hit				0	0	0	0	0	0	[]	[]	[]	[]
ecoli50_r010242	no_hit				0	0	0	0	0	0	[]	[]	[]	[]
ecoli50_r010243	no_hit				0	0	0	0	0	0	[]	[]	[]	[]
ecoli50_r010244	no_hit				0	0	0	0	0	0	[]	[]	[]	[]
ecoli50_r010245	no_hit				0	0	0	0	0	0	[]	[]	[]	[]
ecoli50_r010246	no_hit				0	0	0	0	0	0	[]	[]	[]	[]
ecoli50_r010247	no_hit				0	0	0	0	0	0	[]	[]	[]	[]
ecoli50_r010248	no_hit				0	0	0	0	0	0	[]	[]	[]	[]
ecoli50_r010249	no_hit				0	0	0	0	0	0	[]	[]	[]	[]
ecoli50_r010250	no_hit				0	0	0	0	0	0	[]	[]	[]	[]
ecoli50_r010251	no_hit				0	0	0	0	0	0	[]	[]	[]	[]
ecoli50_r010252	no_hit				0	0	0	0	0	0	[]	[]	[]	[]
ecoli50_r010253	no_hit				0	0	0	0	0	0	[]	[]	[]	[]
ecoli50_r010254	no_hit				0	0	0	0	0	0	[]	[]	[]	[]
ecoli50_r010255	no_hit				0	0	0	0	0	0	[]	[]	[]	[]
ecoli50_r010256	no_hit				0	0	0	0	0	0	[]	[]	[]	[]
ecoli50_r010257	no_hit				0	0	0	0	0	0	[]	[]	[]	[]
ecoli50_r010258	no_hit				0	0	0	0	0	0	[]	[]	[]	[]
ecoli50_r010259	no_hit				0	0	0	0	0	0	[]	[]	[]	[]
ecoli50_r010260	no_hit				0	0	0	0	0	0	[]	[]	[]	[]
ecoli50_r010261	no_hit				0	0	0	0	0	0	[]	[]	[]	[]
ecoli50_r010262	no_hit				0	0	0	0	0	0	[]	[]	[]	[]
ecoli50_r010263	no_hit				0	0	0	0	0	0	[]	[]	[]	[]
ecoli50_r010264	no_hit				0	0	0	0	0	0	[]	[]	[]	[]
ecoli50_r010265	no_hit				0	0	0	0	0	0	[]	[]	[]	[]
ecoli50_r010266	no_hit				0	0	0	0	0	0	[]	[]	[]	[]
ecoli50_r010267	no_hit				0	0	0	0	0	0	[]	[]	[]	[]
ecoli50_r010268	no_hit				0	0	0	0	0	0	[]	[]	[]	[]
ecoli50_r010269	no_hit				0	0	0	0	0	0	[]	[]	[]	[]
ecoli50_r010270	no_hit				0	0	0	0	0	0	[]	[]	[]	[]
ecoli50_r010271	no_hit				0	0	0	0	0	0	[]	[]	[]	[]
ecoli50_r010272	no_hit				0	0	0	0	0	0	[]	[]	[]	[]
ecoli50_r010273	no_hit				0	0	0	0	0	0	[]	[]	[]	[]
ecoli50_r010274	no_hit				0	0	0	0	0	0	[]	[]	[]	[]
ecoli50_r010275	no_hit				0	0	0	0	0	0	[]	[]	[]	[]
ecoli50_r010276	no_hit				0	0	0	0	0	0	[]	[]	[]	[]
ecoli50_r010277	no_hit				0	0	0	0	0	0	[]	[]	[]	[]
ecoli50_r010278	no_hit				0	0	0	0	0	0	[]	[]	[]	[]
ecoli50_r010279	no_hit				0	0	0	0	0	0	[]	[]	[]	[]
ecoli50_r010280	no_hit				0	0	0	0	0	0	[]	[]	[]	[]
ecoli50_r010281	no_hit				0	0	0	0	0	0	[]	[]	[]	[]
ecoli50_r010282	no_hit				0	0	0	0	0	0	[]	[]	[]	[]
ecoli50_r010283	no_hit				0	0	0	0	0	0	[]	[]	[]	[]
ecoli50_r010284	no_hit				0	0	0	0	0	0	[]	[]	[]	[]
ecoli50_r010285	no_hit				0	0	0	0	0	0	[]	[]	[]	[]
ecoli50_r010286	no_hit				0	0	0	0	0	0	[]	[]	[]	[]
ecoli50_r010287	no_hit				0	0	0	0	0	0	[]	[]	[]	[]
ecoli50_r010288	position_consistent_positive	3	reverse	81	1	0	1	0	1	0	"[""490""]"	[]	"[[3,""reverse"",81,""490""]]"	[]
ecoli50_r010289	no_hit				0	0	0	0	0	0	[]	[]	[]	[]
ecoli50_r010290	no_hit				0	0	0	0	0	0	[]	[]	[]	[]
ecoli50_r010291	no_hit				0	0	0	0	0	0	[]	[]	[]	[]
ecoli50_r010292	no_hit				0	0	0	0	0	0	[]	[]	[]	[]
ecoli50_r010293	no_hit				0	0	0	0	0	0	[]	[]	[]	[]
ecoli50_r010294	no_hit				0	0	0	0	0	0	[]	[]	[]	[]
ecoli50_r010295	no_hit				0	0	0	0	0	0	[]	[]	[]	[]
ecoli50_r010296	no_hit				0	0	0	0	0	0	[]	[]	[]	[]
ecoli50_r010297	no_hit				0	0	0	0	0	0	[]	[]	[]	[]
ecoli50_r010298	no_hit				0	0	0	0	0	0	[]	[]	[]	[]
ecoli50_r010299	no_hit				0	0	0	0	0	0	[]	[]	[]	[]
ecoli50_r010300	no_hit				0	0	0	0	0	0	[]	[]	[]	[]
ecoli50_r010301	no_hit				0	0	0	0	0	0	[]	[]	[]	[]
ecoli50_r010302	no_hit				0	0	0	0	0	0	[]	[]	[]	[]
ecoli50_r010303	no_hit				0	0	0	0	0	0	[]	[]	[]	[]
ecoli50_r010304	no_hit				0	0	0	0	0	0	[]	[]	[]	[]
ecoli50_r010305	no_hit				0	0	0	0	0	0	[]	[]	[]	[]
ecoli50_r010306	no_hit				0	0	0	0	0	0	[]	[]	[]	[]
ecoli50_r010307	no_hit				0	0	0	0	0	0	[]	[]	[]	[]
ecoli50_r010308	no_hit				0	0	0	0	0	0	[]	[]	[]	[]
ecoli50_r010309	no_hit				0	0	0	0	0	0	[]	[]	[]	[]
ecoli50_r010310	no_hit				0	0	0	0	0	0	[]	[]	[]	[]
ecoli50_r010311	no_hit				0	0	0	0	0	0	[]	[]	[]	[]
ecoli50_r010312	no_hit				0	0	0	0	0	0	[]	[]	[]	[]
ecoli50_r010313	no_hit				0	0	0	0	0	0	[]	[]	[]	[]
ecoli50_r010314	no_hit				0	0	0	0	0	0	[]	[]	[]	[]
ecoli50_r010315	no_hit				0	0	0	0	0	0	[]	[]	[]	[]
ecoli50_r010316	no_hit				0	0	0	0	0	0	[]	[]	[]	[]
ecoli50_r010317	no_hit				0	0	0	0	0	0	[]	[]	[]	[]
ecoli50_r010318	no_hit				0	0	0	0	0	0	[]	[]	[]	[]
ecoli50_r010319	no_hit				0	0	0	0	0	0	[]	[]	[]	[]
ecoli50_r010320	no_hit				0	0	0	0	0	0	[]	[]	[]	[]
ecoli50_r010321	position_consistent_positive	10	forward	81	1	0	1	0	1	0	"[""266""]"	[]	"[[10,""forward"",81,""266""]]"	[]
ecoli50_r010322	no_hit				0	0	0	0	0	0	[]	[]	[]	[]
ecoli50_r010323	no_hit				0	0	0	0	0	0	[]	[]	[]	[]
ecoli50_r010324	no_hit				0	0	0	0	0	0	[]	[]	[]	[]
ecoli50_r010325	position_consistent_positive	10	forward	81	1	0	1	0	1	0	"[""115""]"	[]	"[[10,""forward"",81,""115""]]"	[]
ecoli50_r010326	no_hit				0	0	0	0	0	0	[]	[]	[]	[]
ecoli50_r010327	no_hit				0	0	0	0	0	0	[]	[]	[]	[]
ecoli50_r010328	no_hit				0	0	0	0	0	0	[]	[]	[]	[]
ecoli50_r010329	no_hit				0	0	0	0	0	0	[]	[]	[]	[]
ecoli50_r010330	no_hit				0	0	0	0	0	0	[]	[]	[]	[]
ecoli50_r010331	no_hit				0	0	0	0	0	0	[]	[]	[]	[]
ecoli50_r010332	no_hit				0	0	0	0	0	0	[]	[]	[]	[]
ecoli50_r010333	no_hit				0	0	0	0	0	0	[]	[]	[]	[]
ecoli50_r010334	no_hit				0	0	0	0	0	0	[]	[]	[]	[]
ecoli50_r010335	no_hit				0	0	0	0	0	0	[]	[]	[]	[]
ecoli50_r010336	no_hit				0	0	0	0	0	0	[]	[]	[]	[]
ecoli50_r010337	no_hit				0	0	0	0	0	0	[]	[]	[]	[]
ecoli50_r010338	no_hit				0	0	0	0	0	0	[]	[]	[]	[]
ecoli50_r010339	no_hit				0	0	0	0	0	0	[]	[]	[]	[]
ecoli50_r010340	position_consistent_positive	11	forward	81	1	0	1	0	1	0	"[""2011""]"	[]	"[[11,""forward"",81,""2011""]]"	[]
ecoli50_r010341	no_hit				0	0	0	0	0	0	[]	[]	[]	[]
ecoli50_r010342	no_hit				0	0	0	0	0	0	[]	[]	[]	[]
ecoli50_r010343	no_hit				0	0	0	0	0	0	[]	[]	[]	[]
ecoli50_r010344	position_consistent_positive	10	forward	81	1	0	1	0	1	0	"[""433""]"	[]	"[[10,""forward"",81,""433""]]"	[]
ecoli50_r010345	no_hit				0	0	0	0	0	0	[]	[]	[]	[]
ecoli50_r010346	no_hit				0	0	0	0	0	0	[]	[]	[]	[]
ecoli50_r010347	no_hit				0	0	0	0	0	0	[]	[]	[]	[]
ecoli50_r010348	no_hit				0	0	0	0	0	0	[]	[]	[]	[]
ecoli50_r010349	no_hit				0	0	0	0	0	0	[]	[]	[]	[]
ecoli50_r010350	no_hit				0	0	0	0	0	0	[]	[]	[]	[]
ecoli50_r010351	no_hit				0	0	0	0	0	0	[]	[]	[]	[]
ecoli50_r010352	no_hit				0	0	0	0	0	0	[]	[]	[]	[]
ecoli50_r010353	no_hit				0	0	0	0	0	0	[]	[]	[]	[]
ecoli50_r010354	no_hit				0	0	0	0	0	0	[]	[]	[]	[]
ecoli50_r010355	no_hit				0	0	0	0	0	0	[]	[]	[]	[]
ecoli50_r010356	no_hit				0	0	0	0	0	0	[]	[]	[]	[]
ecoli50_r010357	no_hit				0	0	0	0	0	0	[]	[]	[]	[]
ecoli50_r010358	no_hit				0	0	0	0	0	0	[]	[]	[]	[]
ecoli50_r010359	no_hit				0	0	0	0	0	0	[]	[]	[]	[]
ecoli50_r010360	no_hit				0	0	0	0	0	0	[]	[]	[]	[]
ecoli50_r010361	no_hit				0	0	0	0	0	0	[]	[]	[]	[]
ecoli50_r010362	no_hit				0	0	0	0	0	0	[]	[]	[]	[]
ecoli50_r010363	no_hit				0	0	0	0	0	0	[]	[]	[]	[]
ecoli50_r010364	no_hit				0	0	0	0	0	0	[]	[]	[]	[]
ecoli50_r010365	no_hit				0	0	0	0	0	0	[]	[]	[]	[]
ecoli50_r010366	no_hit				0	0	0	0	0	0	[]	[]	[]	[]
ecoli50_r010367	no_hit				0	0	0	0	0	0	[]	[]	[]	[]
ecoli50_r010368	no_hit				0	0	0	0	0	0	[]	[]	[]	[]
ecoli50_r010369	no_hit				0	0	0	0	0	0	[]	[]	[]	[]
ecoli50_r010370	no_hit				0	0	0	0	0	0	[]	[]	[]	[]
ecoli50_r010371	no_hit				0	0	0	0	0	0	[]	[]	[]	[]
ecoli50_r010372	no_hit				0	0	0	0	0	0	[]	[]	[]	[]
ecoli50_r010373	position_consistent_positive	12	forward	81	1	0	1	0	1	0	"[""3138""]"	[]	"[[12,""forward"",81,""3138""]]"	[]
ecoli50_r010374	no_hit				0	0	0	0	0	0	[]	[]	[]	[]
ecoli50_r010375	no_hit				0	0	0	0	0	0	[]	[]	[]	[]
ecoli50_r010376	no_hit				0	0	0	0	0	0	[]	[]	[]	[]
ecoli50_r010377	no_hit				0	0	0	0	0	0	[]	[]	[]	[]
ecoli50_r010378	position_consistent_positive	10	forward	81	1	0	1	0	1	0	"[""807""]"	[]	"[[10,""forward"",81,""807""]]"	[]
ecoli50_r010379	no_hit				0	0	0	0	0	0	[]	[]	[]	[]
ecoli50_r010380	no_hit				0	0	0	0	0	0	[]	[]	[]	[]
ecoli50_r010381	no_hit				0	0	0	0	0	0	[]	[]	[]	[]
ecoli50_r010382	no_hit				0	0	0	0	0	0	[]	[]	[]	[]
ecoli50_r010383	no_hit				0	0	0	0	0	0	[]	[]	[]	[]
ecoli50_r010384	no_hit				0	0	0	0	0	0	[]	[]	[]	[]
ecoli50_r010385	no_hit				0	0	0	0	0	0	[]	[]	[]	[]
ecoli50_r010386	no_hit				0	0	0	0	0	0	[]	[]	[]	[]
ecoli50_r010387	no_hit				0	0	0	0	0	0	[]	[]	[]	[]
ecoli50_r010388	no_hit				0	0	0	0	0	0	[]	[]	[]	[]
ecoli50_r010389	no_hit				0	0	0	0	0	0	[]	[]	[]	[]
ecoli50_r010390	no_hit				0	0	0	0	0	0	[]	[]	[]	[]
ecoli50_r010391	no_hit				0	0	0	0	0	0	[]	[]	[]	[]
ecoli50_r010392	no_hit				0	0	0	0	0	0	[]	[]	[]	[]
ecoli50_r010393	no_hit				0	0	0	0	0	0	[]	[]	[]	[]
ecoli50_r010394	no_hit				0	0	0	0	0	0	[]	[]	[]	[]
ecoli50_r010395	negative_only				0	1	0	1	0	1	[]	"[""2613""]"	[]	"[[29,""forward"",81,""2613""]]"
ecoli50_r010396	no_hit				0	0	0	0	0	0	[]	[]	[]	[]
ecoli50_r010397	no_hit				0	0	0	0	0	0	[]	[]	[]	[]
ecoli50_r010398	no_hit				0	0	0	0	0	0	[]	[]	[]	[]
ecoli50_r010399	no_hit				0	0	0	0	0	0	[]	[]	[]	[]
ecoli50_r010400	no_hit				0	0	0	0	0	0	[]	[]	[]	[]
ecoli50_r010401	no_hit				0	0	0	0	0	0	[]	[]	[]	[]
ecoli50_r010402	no_hit				0	0	0	0	0	0	[]	[]	[]	[]
ecoli50_r010403	no_hit				0	0	0	0	0	0	[]	[]	[]	[]
ecoli50_r010404	no_hit				0	0	0	0	0	0	[]	[]	[]	[]
ecoli50_r010405	no_hit				0	0	0	0	0	0	[]	[]	[]	[]
ecoli50_r010406	no_hit				0	0	0	0	0	0	[]	[]	[]	[]
ecoli50_r010407	no_hit				0	0	0	0	0	0	[]	[]	[]	[]
ecoli50_r010408	no_hit				0	0	0	0	0	0	[]	[]	[]	[]
ecoli50_r010409	no_hit				0	0	0	0	0	0	[]	[]	[]	[]
ecoli50_r010410	no_hit				0	0	0	0	0	0	[]	[]	[]	[]
ecoli50_r010411	no_hit				0	0	0	0	0	0	[]	[]	[]	[]
ecoli50_r010412	no_hit				0	0	0	0	0	0	[]	[]	[]	[]
ecoli50_r010413	no_hit				0	0	0	0	0	0	[]	[]	[]	[]
ecoli50_r010414	no_hit				0	0	0	0	0	0	[]	[]	[]	[]
ecoli50_r010415	no_hit				0	0	0	0	0	0	[]	[]	[]	[]
ecoli50_r010416	no_hit				0	0	0	0	0	0	[]	[]	[]	[]
ecoli50_r010417	no_hit				0	0	0	0	0	0	[]	[]	[]	[]
ecoli50_r010418	no_hit				0	0	0	0	0	0	[]	[]	[]	[]
ecoli50_r010419	no_hit				0	0	0	0	0	0	[]	[]	[]	[]
ecoli50_r010420	no_hit				0	0	0	0	0	0	[]	[]	[]	[]
ecoli50_r010421	no_hit				0	0	0	0	0	0	[]	[]	[]	[]
ecoli50_r010422	no_hit				0	0	0	0	0	0	[]	[]	[]	[]
ecoli50_r010423	no_hit				0	0	0	0	0	0	[]	[]	[]	[]
ecoli50_r010424	no_hit				0	0	0	0	0	0	[]	[]	[]	[]
ecoli50_r010425	no_hit				0	0	0	0	0	0	[]	[]	[]	[]
ecoli50_r010426	no_hit				0	0	0	0	0	0	[]	[]	[]	[]
ecoli50_r010427	no_hit				0	0	0	0	0	0	[]	[]	[]	[]
ecoli50_r010428	no_hit				0	0	0	0	0	0	[]	[]	[]	[]
ecoli50_r010429	no_hit				0	0	0	0	0	0	[]	[]	[]	[]
ecoli50_r010430	no_hit				0	0	0	0	0	0	[]	[]	[]	[]
ecoli50_r010431	no_hit				0	0	0	0	0	0	[]	[]	[]	[]
ecoli50_r010432	no_hit				0	0	0	0	0	0	[]	[]	[]	[]
ecoli50_r010433	no_hit				0	0	0	0	0	0	[]	[]	[]	[]
ecoli50_r010434	no_hit				0	0	0	0	0	0	[]	[]	[]	[]
ecoli50_r010435	no_hit				0	0	0	0	0	0	[]	[]	[]	[]
ecoli50_r010436	no_hit				0	0	0	0	0	0	[]	[]	[]	[]
ecoli50_r010437	no_hit				0	0	0	0	0	0	[]	[]	[]	[]
ecoli50_r010438	no_hit				0	0	0	0	0	0	[]	[]	[]	[]
ecoli50_r010439	no_hit				0	0	0	0	0	0	[]	[]	[]	[]
ecoli50_r010440	no_hit				0	0	0	0	0	0	[]	[]	[]	[]
ecoli50_r010441	no_hit				0	0	0	0	0	0	[]	[]	[]	[]
ecoli50_r010442	no_hit				0	0	0	0	0	0	[]	[]	[]	[]
ecoli50_r010443	no_hit				0	0	0	0	0	0	[]	[]	[]	[]
ecoli50_r010444	no_hit				0	0	0	0	0	0	[]	[]	[]	[]
ecoli50_r010445	no_hit				0	0	0	0	0	0	[]	[]	[]	[]
ecoli50_r010446	no_hit				0	0	0	0	0	0	[]	[]	[]	[]
ecoli50_r010447	no_hit				0	0	0	0	0	0	[]	[]	[]	[]
ecoli50_r010448	no_hit				0	0	0	0	0	0	[]	[]	[]	[]
ecoli50_r010449	no_hit				0	0	0	0	0	0	[]	[]	[]	[]
ecoli50_r010450	position_consistent_positive	27	forward	81	1	0	1	0	1	0	"[""2410""]"	[]	"[[27,""forward"",81,""2410""]]"	[]
ecoli50_r010451	no_hit				0	0	0	0	0	0	[]	[]	[]	[]
ecoli50_r010452	no_hit				0	0	0	0	0	0	[]	[]	[]	[]
ecoli50_r010453	no_hit				0	0	0	0	0	0	[]	[]	[]	[]
ecoli50_r010454	no_hit				0	0	0	0	0	0	[]	[]	[]	[]
ecoli50_r010455	no_hit				0	0	0	0	0	0	[]	[]	[]	[]
ecoli50_r010456	no_hit				0	0	0	0	0	0	[]	[]	[]	[]
ecoli50_r010457	no_hit				0	0	0	0	0	0	[]	[]	[]	[]
ecoli50_r010458	no_hit				0	0	0	0	0	0	[]	[]	[]	[]
ecoli50_r010459	no_hit				0	0	0	0	0	0	[]	[]	[]	[]
ecoli50_r010460	no_hit				0	0	0	0	0	0	[]	[]	[]	[]
ecoli50_r010461	no_hit				0	0	0	0	0	0	[]	[]	[]	[]
ecoli50_r010462	no_hit				0	0	0	0	0	0	[]	[]	[]	[]
ecoli50_r010463	no_hit				0	0	0	0	0	0	[]	[]	[]	[]
ecoli50_r010464	no_hit				0	0	0	0	0	0	[]	[]	[]	[]
ecoli50_r010465	no_hit				0	0	0	0	0	0	[]	[]	[]	[]
ecoli50_r010466	no_hit				0	0	0	0	0	0	[]	[]	[]	[]
ecoli50_r010467	no_hit				0	0	0	0	0	0	[]	[]	[]	[]
ecoli50_r010468	no_hit				0	0	0	0	0	0	[]	[]	[]	[]
ecoli50_r010469	no_hit				0	0	0	0	0	0	[]	[]	[]	[]
ecoli50_r010470	no_hit				0	0	0	0	0	0	[]	[]	[]	[]
ecoli50_r010471	no_hit				0	0	0	0	0	0	[]	[]	[]	[]
ecoli50_r010472	no_hit				0	0	0	0	0	0	[]	[]	[]	[]
ecoli50_r010473	no_hit				0	0	0	0	0	0	[]	[]	[]	[]
ecoli50_r010474	no_hit				0	0	0	0	0	0	[]	[]	[]	[]
ecoli50_r010475	no_hit				0	0	0	0	0	0	[]	[]	[]	[]
ecoli50_r010476	no_hit				0	0	0	0	0	0	[]	[]	[]	[]
ecoli50_r010477	no_hit				0	0	0	0	0	0	[]	[]	[]	[]
ecoli50_r010478	no_hit				0	0	0	0	0	0	[]	[]	[]	[]
ecoli50_r010479	no_hit				0	0	0	0	0	0	[]	[]	[]	[]
ecoli50_r010480	no_hit				0	0	0	0	0	0	[]	[]	[]	[]
ecoli50_r010481	no_hit				0	0	0	0	0	0	[]	[]	[]	[]
ecoli50_r010482	no_hit				0	0	0	0	0	0	[]	[]	[]	[]
ecoli50_r010483	no_hit				0	0	0	0	0	0	[]	[]	[]	[]
ecoli50_r010484	no_hit				0	0	0	0	0	0	[]	[]	[]	[]
ecoli50_r010485	no_hit				0	0	0	0	0	0	[]	[]	[]	[]
ecoli50_r010486	no_hit				0	0	0	0	0	0	[]	[]	[]	[]
ecoli50_r010487	no_hit				0	0	0	0	0	0	[]	[]	[]	[]
ecoli50_r010488	no_hit				0	0	0	0	0	0	[]	[]	[]	[]
ecoli50_r010489	no_hit				0	0	0	0	0	0	[]	[]	[]	[]
ecoli50_r010490	no_hit				0	0	0	0	0	0	[]	[]	[]	[]
ecoli50_r010491	no_hit				0	0	0	0	0	0	[]	[]	[]	[]
ecoli50_r010492	no_hit				0	0	0	0	0	0	[]	[]	[]	[]
ecoli50_r010493	no_hit				0	0	0	0	0	0	[]	[]	[]	[]
ecoli50_r010494	no_hit				0	0	0	0	0	0	[]	[]	[]	[]
ecoli50_r010495	no_hit				0	0	0	0	0	0	[]	[]	[]	[]
ecoli50_r010496	no_hit				0	0	0	0	0	0	[]	[]	[]	[]
ecoli50_r010497	no_hit				0	0	0	0	0	0	[]	[]	[]	[]
ecoli50_r010498	position_consistent_positive	16	forward	81	1	0	1	0	1	0	"[""1413""]"	[]	"[[16,""forward"",81,""1413""]]"	[]
ecoli50_r010499	position_consistent_positive	11	forward	81	1	0	1	0	1	0	"[""1413""]"	[]	"[[11,""forward"",81,""1413""]]"	[]
ecoli50_r010500	position_consistent_positive	17	reverse	81	1	0	1	0	1	0	"[""397""]"	[]	"[[17,""reverse"",81,""397""]]"	[]
ecoli50_r010501	no_hit				0	0	0	0	0	0	[]	[]	[]	[]
ecoli50_r010502	no_hit				0	0	0	0	0	0	[]	[]	[]	[]
ecoli50_r010503	no_hit				0	0	0	0	0	0	[]	[]	[]	[]
ecoli50_r010504	no_hit				0	0	0	0	0	0	[]	[]	[]	[]
ecoli50_r010505	no_hit				0	0	0	0	0	0	[]	[]	[]	[]
ecoli50_r010506	no_hit				0	0	0	0	0	0	[]	[]	[]	[]
ecoli50_r010507	no_hit				0	0	0	0	0	0	[]	[]	[]	[]
ecoli50_r010508	no_hit				0	0	0	0	0	0	[]	[]	[]	[]
ecoli50_r010509	no_hit				0	0	0	0	0	0	[]	[]	[]	[]
ecoli50_r010510	no_hit				0	0	0	0	0	0	[]	[]	[]	[]
ecoli50_r010511	position_consistent_positive	13	forward	81	1	0	1	0	1	0	"[""2645""]"	[]	"[[13,""forward"",81,""2645""]]"	[]
ecoli50_r010512	no_hit				0	0	0	0	0	0	[]	[]	[]	[]
ecoli50_r010513	no_hit				0	0	0	0	0	0	[]	[]	[]	[]
ecoli50_r010514	no_hit				0	0	0	0	0	0	[]	[]	[]	[]
ecoli50_r010515	no_hit				0	0	0	0	0	0	[]	[]	[]	[]
ecoli50_r010516	no_hit				0	0	0	0	0	0	[]	[]	[]	[]
ecoli50_r010517	no_hit				0	0	0	0	0	0	[]	[]	[]	[]
ecoli50_r010518	no_hit				0	0	0	0	0	0	[]	[]	[]	[]
ecoli50_r010519	no_hit				0	0	0	0	0	0	[]	[]	[]	[]
ecoli50_r010520	position_consistent_positive	10	forward	81	1	0	1	0	1	0	"[""1141""]"	[]	"[[10,""forward"",81,""1141""]]"	[]
ecoli50_r010521	no_hit				0	0	0	0	0	0	[]	[]	[]	[]
ecoli50_r010522	no_hit				0	0	0	0	0	0	[]	[]	[]	[]
ecoli50_r010523	no_hit				0	0	0	0	0	0	[]	[]	[]	[]
ecoli50_r010524	no_hit				0	0	0	0	0	0	[]	[]	[]	[]
ecoli50_r010525	no_hit				0	0	0	0	0	0	[]	[]	[]	[]
ecoli50_r010526	no_hit				0	0	0	0	0	0	[]	[]	[]	[]
ecoli50_r010527	no_hit				0	0	0	0	0	0	[]	[]	[]	[]
ecoli50_r010528	no_hit				0	0	0	0	0	0	[]	[]	[]	[]
ecoli50_r010529	no_hit				0	0	0	0	0	0	[]	[]	[]	[]
ecoli50_r010530	no_hit				0	0	0	0	0	0	[]	[]	[]	[]
ecoli50_r010531	no_hit				0	0	0	0	0	0	[]	[]	[]	[]
ecoli50_r010532	no_hit				0	0	0	0	0	0	[]	[]	[]	[]
ecoli50_r010533	no_hit				0	0	0	0	0	0	[]	[]	[]	[]
ecoli50_r010534	no_hit				0	0	0	0	0	0	[]	[]	[]	[]
ecoli50_r010535	no_hit				0	0	0	0	0	0	[]	[]	[]	[]
ecoli50_r010536	no_hit				0	0	0	0	0	0	[]	[]	[]	[]
ecoli50_r010537	position_consistent_positive	28	reverse	81	1	0	1	0	1	0	"[""457""]"	[]	"[[28,""reverse"",81,""457""]]"	[]
ecoli50_r010538	no_hit				0	0	0	0	0	0	[]	[]	[]	[]
ecoli50_r010539	no_hit				0	0	0	0	0	0	[]	[]	[]	[]
ecoli50_r010540	no_hit				0	0	0	0	0	0	[]	[]	[]	[]
ecoli50_r010541	no_hit				0	0	0	0	0	0	[]	[]	[]	[]
ecoli50_r010542	no_hit				0	0	0	0	0	0	[]	[]	[]	[]
ecoli50_r010543	no_hit				0	0	0	0	0	0	[]	[]	[]	[]
ecoli50_r010544	no_hit				0	0	0	0	0	0	[]	[]	[]	[]
ecoli50_r010545	no_hit				0	0	0	0	0	0	[]	[]	[]	[]
ecoli50_r010546	no_hit				0	0	0	0	0	0	[]	[]	[]	[]
ecoli50_r010547	no_hit				0	0	0	0	0	0	[]	[]	[]	[]
ecoli50_r010548	no_hit				0	0	0	0	0	0	[]	[]	[]	[]
ecoli50_r010549	no_hit				0	0	0	0	0	0	[]	[]	[]	[]
ecoli50_r010550	no_hit				0	0	0	0	0	0	[]	[]	[]	[]
ecoli50_r010551	no_hit				0	0	0	0	0	0	[]	[]	[]	[]
ecoli50_r010552	no_hit				0	0	0	0	0	0	[]	[]	[]	[]
ecoli50_r010553	no_hit				0	0	0	0	0	0	[]	[]	[]	[]
ecoli50_r010554	no_hit				0	0	0	0	0	0	[]	[]	[]	[]
ecoli50_r010555	no_hit				0	0	0	0	0	0	[]	[]	[]	[]
ecoli50_r010556	no_hit				0	0	0	0	0	0	[]	[]	[]	[]
ecoli50_r010557	no_hit				0	0	0	0	0	0	[]	[]	[]	[]
ecoli50_r010558	no_hit				0	0	0	0	0	0	[]	[]	[]	[]
ecoli50_r010559	no_hit				0	0	0	0	0	0	[]	[]	[]	[]
ecoli50_r010560	no_hit				0	0	0	0	0	0	[]	[]	[]	[]
ecoli50_r010561	no_hit				0	0	0	0	0	0	[]	[]	[]	[]
ecoli50_r010562	no_hit				0	0	0	0	0	0	[]	[]	[]	[]
ecoli50_r010563	no_hit				0	0	0	0	0	0	[]	[]	[]	[]
ecoli50_r010564	no_hit				0	0	0	0	0	0	[]	[]	[]	[]
ecoli50_r010565	no_hit				0	0	0	0	0	0	[]	[]	[]	[]
ecoli50_r010566	no_hit				0	0	0	0	0	0	[]	[]	[]	[]
ecoli50_r010567	no_hit				0	0	0	0	0	0	[]	[]	[]	[]
ecoli50_r010568	no_hit				0	0	0	0	0	0	[]	[]	[]	[]
ecoli50_r010569	no_hit				0	0	0	0	0	0	[]	[]	[]	[]
ecoli50_r010570	no_hit				0	0	0	0	0	0	[]	[]	[]	[]
ecoli50_r010571	no_hit				0	0	0	0	0	0	[]	[]	[]	[]
ecoli50_r010572	no_hit				0	0	0	0	0	0	[]	[]	[]	[]
ecoli50_r010573	no_hit				0	0	0	0	0	0	[]	[]	[]	[]
ecoli50_r010574	no_hit				0	0	0	0	0	0	[]	[]	[]	[]
ecoli50_r010575	no_hit				0	0	0	0	0	0	[]	[]	[]	[]
ecoli50_r010576	no_hit				0	0	0	0	0	0	[]	[]	[]	[]
ecoli50_r010577	position_consistent_positive	11	forward	81	1	0	1	0	1	0	"[""526""]"	[]	"[[11,""forward"",81,""526""]]"	[]
ecoli50_r010578	no_hit				0	0	0	0	0	0	[]	[]	[]	[]
ecoli50_r010579	no_hit				0	0	0	0	0	0	[]	[]	[]	[]
ecoli50_r010580	no_hit				0	0	0	0	0	0	[]	[]	[]	[]
ecoli50_r010581	no_hit				0	0	0	0	0	0	[]	[]	[]	[]
ecoli50_r010582	no_hit				0	0	0	0	0	0	[]	[]	[]	[]
ecoli50_r010583	no_hit				0	0	0	0	0	0	[]	[]	[]	[]
ecoli50_r010584	no_hit				0	0	0	0	0	0	[]	[]	[]	[]
ecoli50_r010585	no_hit				0	0	0	0	0	0	[]	[]	[]	[]
ecoli50_r010586	no_hit				0	0	0	0	0	0	[]	[]	[]	[]
ecoli50_r010587	no_hit				0	0	0	0	0	0	[]	[]	[]	[]
ecoli50_r010588	no_hit				0	0	0	0	0	0	[]	[]	[]	[]
ecoli50_r010589	no_hit				0	0	0	0	0	0	[]	[]	[]	[]
ecoli50_r010590	no_hit				0	0	0	0	0	0	[]	[]	[]	[]
ecoli50_r010591	position_consistent_positive	12	forward	81	1	0	1	0	1	0	"[""1229""]"	[]	"[[12,""forward"",81,""1229""]]"	[]
ecoli50_r010592	position_consistent_positive	14	forward	81	1	0	1	0	1	0	"[""953""]"	[]	"[[14,""forward"",81,""953""]]"	[]
ecoli50_r010593	no_hit				0	0	0	0	0	0	[]	[]	[]	[]
ecoli50_r010594	no_hit				0	0	0	0	0	0	[]	[]	[]	[]
ecoli50_r010595	no_hit				0	0	0	0	0	0	[]	[]	[]	[]
ecoli50_r010596	no_hit				0	0	0	0	0	0	[]	[]	[]	[]
ecoli50_r010597	position_consistent_positive	9	forward	81	1	0	1	0	1	0	"[""3272""]"	[]	"[[9,""forward"",81,""3272""]]"	[]
ecoli50_r010598	position_consistent_positive	10	forward	81	1	0	1	0	1	0	"[""3103""]"	[]	"[[10,""forward"",81,""3103""]]"	[]
ecoli50_r010599	no_hit				0	0	0	0	0	0	[]	[]	[]	[]
ecoli50_r010600	negative_only				0	1	0	1	0	1	[]	"[""822""]"	[]	"[[8,""reverse"",81,""822""]]"
ecoli50_r010601	no_hit				0	0	0	0	0	0	[]	[]	[]	[]
ecoli50_r010602	no_hit				0	0	0	0	0	0	[]	[]	[]	[]
ecoli50_r010603	no_hit				0	0	0	0	0	0	[]	[]	[]	[]
ecoli50_r010604	no_hit				0	0	0	0	0	0	[]	[]	[]	[]
ecoli50_r010605	no_hit				0	0	0	0	0	0	[]	[]	[]	[]
ecoli50_r010606	position_consistent_positive	18	reverse	81	1	0	1	0	1	0	"[""1319""]"	[]	"[[18,""reverse"",81,""1319""]]"	[]
ecoli50_r010607	no_hit				0	0	0	0	0	0	[]	[]	[]	[]
ecoli50_r010608	no_hit				0	0	0	0	0	0	[]	[]	[]	[]
ecoli50_r010609	no_hit				0	0	0	0	0	0	[]	[]	[]	[]
ecoli50_r010610	no_hit				0	0	0	0	0	0	[]	[]	[]	[]
ecoli50_r010611	no_hit				0	0	0	0	0	0	[]	[]	[]	[]
ecoli50_r010612	no_hit				0	0	0	0	0	0	[]	[]	[]	[]
ecoli50_r010613	no_hit				0	0	0	0	0	0	[]	[]	[]	[]
ecoli50_r010614	no_hit				0	0	0	0	0	0	[]	[]	[]	[]
ecoli50_r010615	no_hit				0	0	0	0	0	0	[]	[]	[]	[]
ecoli50_r010616	no_hit				0	0	0	0	0	0	[]	[]	[]	[]
ecoli50_r010617	no_hit				0	0	0	0	0	0	[]	[]	[]	[]
ecoli50_r010618	no_hit				0	0	0	0	0	0	[]	[]	[]	[]
ecoli50_r010619	no_hit				0	0	0	0	0	0	[]	[]	[]	[]
ecoli50_r010620	no_hit				0	0	0	0	0	0	[]	[]	[]	[]
ecoli50_r010621	no_hit				0	0	0	0	0	0	[]	[]	[]	[]
ecoli50_r010622	no_hit				0	0	0	0	0	0	[]	[]	[]	[]
ecoli50_r010623	no_hit				0	0	0	0	0	0	[]	[]	[]	[]
ecoli50_r010624	position_consistent_positive	10	forward	81	1	0	1	0	1	0	"[""3299""]"	[]	"[[10,""forward"",81,""3299""]]"	[]
ecoli50_r010625	no_hit				0	0	0	0	0	0	[]	[]	[]	[]
ecoli50_r010626	no_hit				0	0	0	0	0	0	[]	[]	[]	[]
ecoli50_r010627	no_hit				0	0	0	0	0	0	[]	[]	[]	[]
ecoli50_r010628	no_hit				0	0	0	0	0	0	[]	[]	[]	[]
ecoli50_r010629	no_hit				0	0	0	0	0	0	[]	[]	[]	[]
ecoli50_r010630	no_hit				0	0	0	0	0	0	[]	[]	[]	[]
ecoli50_r010631	no_hit				0	0	0	0	0	0	[]	[]	[]	[]
ecoli50_r010632	no_hit				0	0	0	0	0	0	[]	[]	[]	[]
ecoli50_r010633	no_hit				0	0	0	0	0	0	[]	[]	[]	[]
ecoli50_r010634	no_hit				0	0	0	0	0	0	[]	[]	[]	[]
ecoli50_r010635	no_hit				0	0	0	0	0	0	[]	[]	[]	[]
ecoli50_r010636	no_hit				0	0	0	0	0	0	[]	[]	[]	[]
ecoli50_r010637	no_hit				0	0	0	0	0	0	[]	[]	[]	[]
ecoli50_r010638	no_hit				0	0	0	0	0	0	[]	[]	[]	[]
ecoli50_r010639	no_hit				0	0	0	0	0	0	[]	[]	[]	[]
ecoli50_r010640	no_hit				0	0	0	0	0	0	[]	[]	[]	[]
ecoli50_r010641	position_consistent_positive	9	forward	81	1	0	1	0	1	0	"[""490""]"	[]	"[[9,""forward"",81,""490""]]"	[]
ecoli50_r010642	no_hit				0	0	0	0	0	0	[]	[]	[]	[]
ecoli50_r010643	position_consistent_positive	10	forward	81	1	0	1	0	1	0	"[""976""]"	[]	"[[10,""forward"",81,""976""]]"	[]
ecoli50_r010644	no_hit				0	0	0	0	0	0	[]	[]	[]	[]
ecoli50_r010645	no_hit				0	0	0	0	0	0	[]	[]	[]	[]
ecoli50_r010646	no_hit				0	0	0	0	0	0	[]	[]	[]	[]
ecoli50_r010647	no_hit				0	0	0	0	0	0	[]	[]	[]	[]
ecoli50_r010648	no_hit				0	0	0	0	0	0	[]	[]	[]	[]
ecoli50_r010649	no_hit				0	0	0	0	0	0	[]	[]	[]	[]
ecoli50_r010650	position_consistent_positive	10	forward	81	1	0	1	0	1	0	"[""8""]"	[]	"[[10,""forward"",81,""8""]]"	[]
ecoli50_r010651	no_hit				0	0	0	0	0	0	[]	[]	[]	[]
ecoli50_r010652	no_hit				0	0	0	0	0	0	[]	[]	[]	[]
ecoli50_r010653	no_hit				0	0	0	0	0	0	[]	[]	[]	[]
ecoli50_r010654	no_hit				0	0	0	0	0	0	[]	[]	[]	[]
ecoli50_r010655	no_hit				0	0	0	0	0	0	[]	[]	[]	[]
ecoli50_r010656	no_hit				0	0	0	0	0	0	[]	[]	[]	[]
ecoli50_r010657	no_hit				0	0	0	0	0	0	[]	[]	[]	[]
ecoli50_r010658	no_hit				0	0	0	0	0	0	[]	[]	[]	[]
ecoli50_r010659	no_hit				0	0	0	0	0	0	[]	[]	[]	[]
ecoli50_r010660	no_hit				0	0	0	0	0	0	[]	[]	[]	[]
ecoli50_r010661	no_hit				0	0	0	0	0	0	[]	[]	[]	[]
ecoli50_r010662	no_hit				0	0	0	0	0	0	[]	[]	[]	[]
ecoli50_r010663	no_hit				0	0	0	0	0	0	[]	[]	[]	[]
ecoli50_r010664	no_hit				0	0	0	0	0	0	[]	[]	[]	[]
ecoli50_r010665	no_hit				0	0	0	0	0	0	[]	[]	[]	[]
ecoli50_r010666	no_hit				0	0	0	0	0	0	[]	[]	[]	[]
ecoli50_r010667	no_hit				0	0	0	0	0	0	[]	[]	[]	[]
ecoli50_r010668	no_hit				0	0	0	0	0	0	[]	[]	[]	[]
ecoli50_r010669	no_hit				0	0	0	0	0	0	[]	[]	[]	[]
ecoli50_r010670	no_hit				0	0	0	0	0	0	[]	[]	[]	[]
ecoli50_r010671	no_hit				0	0	0	0	0	0	[]	[]	[]	[]
ecoli50_r010672	no_hit				0	0	0	0	0	0	[]	[]	[]	[]
ecoli50_r010673	no_hit				0	0	0	0	0	0	[]	[]	[]	[]
ecoli50_r010674	no_hit				0	0	0	0	0	0	[]	[]	[]	[]
ecoli50_r010675	no_hit				0	0	0	0	0	0	[]	[]	[]	[]
ecoli50_r010676	no_hit				0	0	0	0	0	0	[]	[]	[]	[]
ecoli50_r010677	no_hit				0	0	0	0	0	0	[]	[]	[]	[]
ecoli50_r010678	no_hit				0	0	0	0	0	0	[]	[]	[]	[]
ecoli50_r010679	no_hit				0	0	0	0	0	0	[]	[]	[]	[]
ecoli50_r010680	no_hit				0	0	0	0	0	0	[]	[]	[]	[]
ecoli50_r010681	no_hit				0	0	0	0	0	0	[]	[]	[]	[]
ecoli50_r010682	no_hit				0	0	0	0	0	0	[]	[]	[]	[]
ecoli50_r010683	no_hit				0	0	0	0	0	0	[]	[]	[]	[]
ecoli50_r010684	no_hit				0	0	0	0	0	0	[]	[]	[]	[]
ecoli50_r010685	no_hit				0	0	0	0	0	0	[]	[]	[]	[]
ecoli50_r010686	no_hit				0	0	0	0	0	0	[]	[]	[]	[]
ecoli50_r010687	no_hit				0	0	0	0	0	0	[]	[]	[]	[]
ecoli50_r010688	no_hit				0	0	0	0	0	0	[]	[]	[]	[]
ecoli50_r010689	no_hit				0	0	0	0	0	0	[]	[]	[]	[]
ecoli50_r010690	no_hit				0	0	0	0	0	0	[]	[]	[]	[]
ecoli50_r010691	no_hit				0	0	0	0	0	0	[]	[]	[]	[]
ecoli50_r010692	no_hit				0	0	0	0	0	0	[]	[]	[]	[]
ecoli50_r010693	no_hit				0	0	0	0	0	0	[]	[]	[]	[]
ecoli50_r010694	no_hit				0	0	0	0	0	0	[]	[]	[]	[]
ecoli50_r010695	no_hit				0	0	0	0	0	0	[]	[]	[]	[]
ecoli50_r010696	no_hit				0	0	0	0	0	0	[]	[]	[]	[]
ecoli50_r010697	no_hit				0	0	0	0	0	0	[]	[]	[]	[]
ecoli50_r010698	no_hit				0	0	0	0	0	0	[]	[]	[]	[]
ecoli50_r010699	no_hit				0	0	0	0	0	0	[]	[]	[]	[]
ecoli50_r010700	no_hit				0	0	0	0	0	0	[]	[]	[]	[]
ecoli50_r010701	no_hit				0	0	0	0	0	0	[]	[]	[]	[]
ecoli50_r010702	no_hit				0	0	0	0	0	0	[]	[]	[]	[]
ecoli50_r010703	no_hit				0	0	0	0	0	0	[]	[]	[]	[]
ecoli50_r010704	no_hit				0	0	0	0	0	0	[]	[]	[]	[]
ecoli50_r010705	no_hit				0	0	0	0	0	0	[]	[]	[]	[]
ecoli50_r010706	no_hit				0	0	0	0	0	0	[]	[]	[]	[]
ecoli50_r010707	no_hit				0	0	0	0	0	0	[]	[]	[]	[]
ecoli50_r010708	no_hit				0	0	0	0	0	0	[]	[]	[]	[]
ecoli50_r010709	no_hit				0	0	0	0	0	0	[]	[]	[]	[]
ecoli50_r010710	no_hit				0	0	0	0	0	0	[]	[]	[]	[]
ecoli50_r010711	no_hit				0	0	0	0	0	0	[]	[]	[]	[]
ecoli50_r010712	no_hit				0	0	0	0	0	0	[]	[]	[]	[]
ecoli50_r010713	no_hit				0	0	0	0	0	0	[]	[]	[]	[]
ecoli50_r010714	no_hit				0	0	0	0	0	0	[]	[]	[]	[]
ecoli50_r010715	no_hit				0	0	0	0	0	0	[]	[]	[]	[]
ecoli50_r010716	no_hit				0	0	0	0	0	0	[]	[]	[]	[]
ecoli50_r010717	no_hit				0	0	0	0	0	0	[]	[]	[]	[]
ecoli50_r010718	no_hit				0	0	0	0	0	0	[]	[]	[]	[]
ecoli50_r010719	position_consistent_positive	11	forward	81	1	0	1	0	1	0	"[""2268""]"	[]	"[[11,""forward"",81,""2268""]]"	[]
ecoli50_r010720	no_hit				0	0	0	0	0	0	[]	[]	[]	[]
ecoli50_r010721	position_consistent_positive	12	forward	81	1	0	1	0	1	0	"[""2516""]"	[]	"[[12,""forward"",81,""2516""]]"	[]
ecoli50_r010722	ambiguous_positive				2	0	2	0	2	0	"[""2516"",""2683""]"	[]	"[[10,""forward"",81,""2683""],[25,""forward"",81,""2516""]]"	[]
ecoli50_r010723	no_hit				0	0	0	0	0	0	[]	[]	[]	[]
ecoli50_r010724	no_hit				0	0	0	0	0	0	[]	[]	[]	[]
ecoli50_r010725	no_hit				0	0	0	0	0	0	[]	[]	[]	[]
ecoli50_r010726	no_hit				0	0	0	0	0	0	[]	[]	[]	[]
ecoli50_r010727	no_hit				0	0	0	0	0	0	[]	[]	[]	[]
ecoli50_r010728	no_hit				0	0	0	0	0	0	[]	[]	[]	[]
ecoli50_r010729	no_hit				0	0	0	0	0	0	[]	[]	[]	[]
ecoli50_r010730	no_hit				0	0	0	0	0	0	[]	[]	[]	[]
ecoli50_r010731	position_consistent_positive	10	forward	81	1	0	1	0	1	0	"[""2005""]"	[]	"[[10,""forward"",81,""2005""]]"	[]
ecoli50_r010732	no_hit				0	0	0	0	0	0	[]	[]	[]	[]
ecoli50_r010733	no_hit				0	0	0	0	0	0	[]	[]	[]	[]
ecoli50_r010734	no_hit				0	0	0	0	0	0	[]	[]	[]	[]
ecoli50_r010735	no_hit				0	0	0	0	0	0	[]	[]	[]	[]
ecoli50_r010736	no_hit				0	0	0	0	0	0	[]	[]	[]	[]
ecoli50_r010737	no_hit				0	0	0	0	0	0	[]	[]	[]	[]
ecoli50_r010738	no_hit				0	0	0	0	0	0	[]	[]	[]	[]
ecoli50_r010739	no_hit				0	0	0	0	0	0	[]	[]	[]	[]
ecoli50_r010740	no_hit				0	0	0	0	0	0	[]	[]	[]	[]
ecoli50_r010741	no_hit				0	0	0	0	0	0	[]	[]	[]	[]
ecoli50_r010742	no_hit				0	0	0	0	0	0	[]	[]	[]	[]
ecoli50_r010743	no_hit				0	0	0	0	0	0	[]	[]	[]	[]
ecoli50_r010744	no_hit				0	0	0	0	0	0	[]	[]	[]	[]
ecoli50_r010745	no_hit				0	0	0	0	0	0	[]	[]	[]	[]
ecoli50_r010746	no_hit				0	0	0	0	0	0	[]	[]	[]	[]
ecoli50_r010747	no_hit				0	0	0	0	0	0	[]	[]	[]	[]
ecoli50_r010748	no_hit				0	0	0	0	0	0	[]	[]	[]	[]
ecoli50_r010749	no_hit				0	0	0	0	0	0	[]	[]	[]	[]
ecoli50_r010750	no_hit				0	0	0	0	0	0	[]	[]	[]	[]
ecoli50_r010751	no_hit				0	0	0	0	0	0	[]	[]	[]	[]
ecoli50_r010752	no_hit				0	0	0	0	0	0	[]	[]	[]	[]
ecoli50_r010753	no_hit				0	0	0	0	0	0	[]	[]	[]	[]
ecoli50_r010754	no_hit				0	0	0	0	0	0	[]	[]	[]	[]
ecoli50_r010755	no_hit				0	0	0	0	0	0	[]	[]	[]	[]
ecoli50_r010756	no_hit				0	0	0	0	0	0	[]	[]	[]	[]
ecoli50_r010757	no_hit				0	0	0	0	0	0	[]	[]	[]	[]
ecoli50_r010758	no_hit				0	0	0	0	0	0	[]	[]	[]	[]
ecoli50_r010759	no_hit				0	0	0	0	0	0	[]	[]	[]	[]
ecoli50_r010760	no_hit				0	0	0	0	0	0	[]	[]	[]	[]
ecoli50_r010761	no_hit				0	0	0	0	0	0	[]	[]	[]	[]
ecoli50_r010762	no_hit				0	0	0	0	0	0	[]	[]	[]	[]
ecoli50_r010763	no_hit				0	0	0	0	0	0	[]	[]	[]	[]
ecoli50_r010764	no_hit				0	0	0	0	0	0	[]	[]	[]	[]
ecoli50_r010765	no_hit				0	0	0	0	0	0	[]	[]	[]	[]
ecoli50_r010766	no_hit				0	0	0	0	0	0	[]	[]	[]	[]
ecoli50_r010767	no_hit				0	0	0	0	0	0	[]	[]	[]	[]
ecoli50_r010768	no_hit				0	0	0	0	0	0	[]	[]	[]	[]
ecoli50_r010769	no_hit				0	0	0	0	0	0	[]	[]	[]	[]
ecoli50_r010770	no_hit				0	0	0	0	0	0	[]	[]	[]	[]
ecoli50_r010771	no_hit				0	0	0	0	0	0	[]	[]	[]	[]
ecoli50_r010772	no_hit				0	0	0	0	0	0	[]	[]	[]	[]
ecoli50_r010773	ambiguous_positive				2	0	2	0	2	0	"[""1327"",""2789""]"	[]	"[[1,""forward"",81,""1327""],[3,""forward"",81,""2789""]]"	[]
ecoli50_r010774	ambiguous_positive				2	0	2	0	2	0	"[""1327"",""2789""]"	[]	"[[10,""forward"",81,""1327""],[12,""forward"",81,""2789""]]"	[]
ecoli50_r010775	no_hit				0	0	0	0	0	0	[]	[]	[]	[]
ecoli50_r010776	no_hit				0	0	0	0	0	0	[]	[]	[]	[]
ecoli50_r010777	no_hit				0	0	0	0	0	0	[]	[]	[]	[]
ecoli50_r010778	no_hit				0	0	0	0	0	0	[]	[]	[]	[]
ecoli50_r010779	no_hit				0	0	0	0	0	0	[]	[]	[]	[]
ecoli50_r010780	no_hit				0	0	0	0	0	0	[]	[]	[]	[]
ecoli50_r010781	no_hit				0	0	0	0	0	0	[]	[]	[]	[]
ecoli50_r010782	no_hit				0	0	0	0	0	0	[]	[]	[]	[]
ecoli50_r010783	no_hit				0	0	0	0	0	0	[]	[]	[]	[]
ecoli50_r010784	no_hit				0	0	0	0	0	0	[]	[]	[]	[]
ecoli50_r010785	no_hit				0	0	0	0	0	0	[]	[]	[]	[]
ecoli50_r010786	no_hit				0	0	0	0	0	0	[]	[]	[]	[]
ecoli50_r010787	no_hit				0	0	0	0	0	0	[]	[]	[]	[]
ecoli50_r010788	position_consistent_positive	10	forward	81	1	0	1	0	1	0	"[""390""]"	[]	"[[10,""forward"",81,""390""]]"	[]
ecoli50_r010789	no_hit				0	0	0	0	0	0	[]	[]	[]	[]
ecoli50_r010790	no_hit				0	0	0	0	0	0	[]	[]	[]	[]
ecoli50_r010791	no_hit				0	0	0	0	0	0	[]	[]	[]	[]
ecoli50_r010792	no_hit				0	0	0	0	0	0	[]	[]	[]	[]
ecoli50_r010793	no_hit				0	0	0	0	0	0	[]	[]	[]	[]
ecoli50_r010794	no_hit				0	0	0	0	0	0	[]	[]	[]	[]
ecoli50_r010795	no_hit				0	0	0	0	0	0	[]	[]	[]	[]
ecoli50_r010796	no_hit				0	0	0	0	0	0	[]	[]	[]	[]
ecoli50_r010797	no_hit				0	0	0	0	0	0	[]	[]	[]	[]
ecoli50_r010798	position_consistent_positive	11	forward	81	1	0	1	0	1	0	"[""1081""]"	[]	"[[11,""forward"",81,""1081""]]"	[]
ecoli50_r010799	no_hit				0	0	0	0	0	0	[]	[]	[]	[]
ecoli50_r010800	no_hit				0	0	0	0	0	0	[]	[]	[]	[]
ecoli50_r010801	no_hit				0	0	0	0	0	0	[]	[]	[]	[]
ecoli50_r010802	no_hit				0	0	0	0	0	0	[]	[]	[]	[]
ecoli50_r010803	no_hit				0	0	0	0	0	0	[]	[]	[]	[]
ecoli50_r010804	no_hit				0	0	0	0	0	0	[]	[]	[]	[]
ecoli50_r010805	no_hit				0	0	0	0	0	0	[]	[]	[]	[]
ecoli50_r010806	no_hit				0	0	0	0	0	0	[]	[]	[]	[]
ecoli50_r010807	no_hit				0	0	0	0	0	0	[]	[]	[]	[]
ecoli50_r010808	no_hit				0	0	0	0	0	0	[]	[]	[]	[]
ecoli50_r010809	position_consistent_positive	16	reverse	81	1	0	1	0	1	0	"[""2563""]"	[]	"[[16,""reverse"",81,""2563""]]"	[]
ecoli50_r010810	position_consistent_positive	12	forward	81	1	0	1	0	1	0	"[""2563""]"	[]	"[[12,""forward"",81,""2563""]]"	[]
ecoli50_r010811	no_hit				0	0	0	0	0	0	[]	[]	[]	[]
ecoli50_r010812	no_hit				0	0	0	0	0	0	[]	[]	[]	[]
ecoli50_r010813	no_hit				0	0	0	0	0	0	[]	[]	[]	[]
ecoli50_r010814	no_hit				0	0	0	0	0	0	[]	[]	[]	[]
ecoli50_r010815	no_hit				0	0	0	0	0	0	[]	[]	[]	[]
ecoli50_r010816	no_hit				0	0	0	0	0	0	[]	[]	[]	[]
ecoli50_r010817	no_hit				0	0	0	0	0	0	[]	[]	[]	[]
ecoli50_r010818	no_hit				0	0	0	0	0	0	[]	[]	[]	[]
ecoli50_r010819	no_hit				0	0	0	0	0	0	[]	[]	[]	[]
ecoli50_r010820	no_hit				0	0	0	0	0	0	[]	[]	[]	[]
ecoli50_r010821	no_hit				0	0	0	0	0	0	[]	[]	[]	[]
ecoli50_r010822	no_hit				0	0	0	0	0	0	[]	[]	[]	[]
ecoli50_r010823	negative_only				0	1	0	1	0	1	[]	"[""1955""]"	[]	"[[31,""reverse"",81,""1955""]]"
ecoli50_r010824	no_hit				0	0	0	0	0	0	[]	[]	[]	[]
ecoli50_r010825	no_hit				0	0	0	0	0	0	[]	[]	[]	[]
ecoli50_r010826	no_hit				0	0	0	0	0	0	[]	[]	[]	[]
ecoli50_r010827	no_hit				0	0	0	0	0	0	[]	[]	[]	[]
ecoli50_r010828	no_hit				0	0	0	0	0	0	[]	[]	[]	[]
ecoli50_r010829	no_hit				0	0	0	0	0	0	[]	[]	[]	[]
ecoli50_r010830	no_hit				0	0	0	0	0	0	[]	[]	[]	[]
ecoli50_r010831	no_hit				0	0	0	0	0	0	[]	[]	[]	[]
ecoli50_r010832	no_hit				0	0	0	0	0	0	[]	[]	[]	[]
ecoli50_r010833	no_hit				0	0	0	0	0	0	[]	[]	[]	[]
ecoli50_r010834	no_hit				0	0	0	0	0	0	[]	[]	[]	[]
ecoli50_r010835	no_hit				0	0	0	0	0	0	[]	[]	[]	[]
ecoli50_r010836	no_hit				0	0	0	0	0	0	[]	[]	[]	[]
ecoli50_r010837	no_hit				0	0	0	0	0	0	[]	[]	[]	[]
ecoli50_r010838	no_hit				0	0	0	0	0	0	[]	[]	[]	[]
ecoli50_r010839	no_hit				0	0	0	0	0	0	[]	[]	[]	[]
ecoli50_r010840	no_hit				0	0	0	0	0	0	[]	[]	[]	[]
ecoli50_r010841	no_hit				0	0	0	0	0	0	[]	[]	[]	[]
ecoli50_r010842	no_hit				0	0	0	0	0	0	[]	[]	[]	[]
ecoli50_r010843	no_hit				0	0	0	0	0	0	[]	[]	[]	[]
ecoli50_r010844	no_hit				0	0	0	0	0	0	[]	[]	[]	[]
ecoli50_r010845	no_hit				0	0	0	0	0	0	[]	[]	[]	[]
ecoli50_r010846	no_hit				0	0	0	0	0	0	[]	[]	[]	[]
ecoli50_r010847	no_hit				0	0	0	0	0	0	[]	[]	[]	[]
ecoli50_r010848	no_hit				0	0	0	0	0	0	[]	[]	[]	[]
ecoli50_r010849	no_hit				0	0	0	0	0	0	[]	[]	[]	[]
ecoli50_r010850	no_hit				0	0	0	0	0	0	[]	[]	[]	[]
ecoli50_r010851	no_hit				0	0	0	0	0	0	[]	[]	[]	[]
ecoli50_r010852	no_hit				0	0	0	0	0	0	[]	[]	[]	[]
ecoli50_r010853	no_hit				0	0	0	0	0	0	[]	[]	[]	[]
ecoli50_r010854	no_hit				0	0	0	0	0	0	[]	[]	[]	[]
ecoli50_r010855	no_hit				0	0	0	0	0	0	[]	[]	[]	[]
ecoli50_r010856	no_hit				0	0	0	0	0	0	[]	[]	[]	[]
ecoli50_r010857	no_hit				0	0	0	0	0	0	[]	[]	[]	[]
ecoli50_r010858	no_hit				0	0	0	0	0	0	[]	[]	[]	[]
ecoli50_r010859	no_hit				0	0	0	0	0	0	[]	[]	[]	[]
ecoli50_r010860	no_hit				0	0	0	0	0	0	[]	[]	[]	[]
ecoli50_r010861	no_hit				0	0	0	0	0	0	[]	[]	[]	[]
ecoli50_r010862	no_hit				0	0	0	0	0	0	[]	[]	[]	[]
ecoli50_r010863	no_hit				0	0	0	0	0	0	[]	[]	[]	[]
ecoli50_r010864	no_hit				0	0	0	0	0	0	[]	[]	[]	[]
ecoli50_r010865	no_hit				0	0	0	0	0	0	[]	[]	[]	[]
ecoli50_r010866	no_hit				0	0	0	0	0	0	[]	[]	[]	[]
ecoli50_r010867	no_hit				0	0	0	0	0	0	[]	[]	[]	[]
ecoli50_r010868	no_hit				0	0	0	0	0	0	[]	[]	[]	[]
ecoli50_r010869	no_hit				0	0	0	0	0	0	[]	[]	[]	[]
ecoli50_r010870	no_hit				0	0	0	0	0	0	[]	[]	[]	[]
ecoli50_r010871	no_hit				0	0	0	0	0	0	[]	[]	[]	[]
ecoli50_r010872	no_hit				0	0	0	0	0	0	[]	[]	[]	[]
ecoli50_r010873	no_hit				0	0	0	0	0	0	[]	[]	[]	[]
ecoli50_r010874	no_hit				0	0	0	0	0	0	[]	[]	[]	[]
ecoli50_r010875	no_hit				0	0	0	0	0	0	[]	[]	[]	[]
ecoli50_r010876	position_consistent_positive	11	forward	81	1	0	1	0	1	0	"[""905""]"	[]	"[[11,""forward"",81,""905""]]"	[]
ecoli50_r010877	no_hit				0	0	0	0	0	0	[]	[]	[]	[]
ecoli50_r010878	no_hit				0	0	0	0	0	0	[]	[]	[]	[]
ecoli50_r010879	position_consistent_positive	10	forward	81	1	0	1	0	1	0	"[""1314""]"	[]	"[[10,""forward"",81,""1314""]]"	[]
ecoli50_r010880	no_hit				0	0	0	0	0	0	[]	[]	[]	[]
ecoli50_r010881	no_hit				0	0	0	0	0	0	[]	[]	[]	[]
ecoli50_r010882	no_hit				0	0	0	0	0	0	[]	[]	[]	[]
ecoli50_r010883	position_consistent_positive	23	reverse	81	1	0	1	0	1	0	"[""896""]"	[]	"[[23,""reverse"",81,""896""]]"	[]
ecoli50_r010884	no_hit				0	0	0	0	0	0	[]	[]	[]	[]
ecoli50_r010885	no_hit				0	0	0	0	0	0	[]	[]	[]	[]
ecoli50_r010886	no_hit				0	0	0	0	0	0	[]	[]	[]	[]
ecoli50_r010887	no_hit				0	0	0	0	0	0	[]	[]	[]	[]
ecoli50_r010888	no_hit				0	0	0	0	0	0	[]	[]	[]	[]
ecoli50_r010889	no_hit				0	0	0	0	0	0	[]	[]	[]	[]
ecoli50_r010890	no_hit				0	0	0	0	0	0	[]	[]	[]	[]
ecoli50_r010891	no_hit				0	0	0	0	0	0	[]	[]	[]	[]
ecoli50_r010892	no_hit				0	0	0	0	0	0	[]	[]	[]	[]
ecoli50_r010893	no_hit				0	0	0	0	0	0	[]	[]	[]	[]
ecoli50_r010894	no_hit				0	0	0	0	0	0	[]	[]	[]	[]
ecoli50_r010895	negative_only				0	1	0	1	0	1	[]	"[""2343""]"	[]	"[[19,""forward"",81,""2343""]]"
ecoli50_r010896	no_hit				0	0	0	0	0	0	[]	[]	[]	[]
ecoli50_r010897	no_hit				0	0	0	0	0	0	[]	[]	[]	[]
ecoli50_r010898	no_hit				0	0	0	0	0	0	[]	[]	[]	[]
ecoli50_r010899	no_hit				0	0	0	0	0	0	[]	[]	[]	[]
ecoli50_r010900	no_hit				0	0	0	0	0	0	[]	[]	[]	[]
ecoli50_r010901	no_hit				0	0	0	0	0	0	[]	[]	[]	[]
ecoli50_r010902	no_hit				0	0	0	0	0	0	[]	[]	[]	[]
ecoli50_r010903	no_hit				0	0	0	0	0	0	[]	[]	[]	[]
ecoli50_r010904	no_hit				0	0	0	0	0	0	[]	[]	[]	[]
ecoli50_r010905	no_hit				0	0	0	0	0	0	[]	[]	[]	[]
ecoli50_r010906	no_hit				0	0	0	0	0	0	[]	[]	[]	[]
ecoli50_r010907	no_hit				0	0	0	0	0	0	[]	[]	[]	[]
ecoli50_r010908	no_hit				0	0	0	0	0	0	[]	[]	[]	[]
ecoli50_r010909	no_hit				0	0	0	0	0	0	[]	[]	[]	[]
ecoli50_r010910	no_hit				0	0	0	0	0	0	[]	[]	[]	[]
ecoli50_r010911	no_hit				0	0	0	0	0	0	[]	[]	[]	[]
ecoli50_r010912	no_hit				0	0	0	0	0	0	[]	[]	[]	[]
ecoli50_r010913	no_hit				0	0	0	0	0	0	[]	[]	[]	[]
ecoli50_r010914	no_hit				0	0	0	0	0	0	[]	[]	[]	[]
ecoli50_r010915	no_hit				0	0	0	0	0	0	[]	[]	[]	[]
ecoli50_r010916	position_consistent_positive	13	forward	81	1	0	1	0	1	0	"[""1353""]"	[]	"[[13,""forward"",81,""1353""]]"	[]
ecoli50_r010917	no_hit				0	0	0	0	0	0	[]	[]	[]	[]
ecoli50_r010918	no_hit				0	0	0	0	0	0	[]	[]	[]	[]
ecoli50_r010919	no_hit				0	0	0	0	0	0	[]	[]	[]	[]
ecoli50_r010920	no_hit				0	0	0	0	0	0	[]	[]	[]	[]
ecoli50_r010921	no_hit				0	0	0	0	0	0	[]	[]	[]	[]
ecoli50_r010922	no_hit				0	0	0	0	0	0	[]	[]	[]	[]
ecoli50_r010923	position_consistent_positive	11	forward	81	1	0	1	0	1	0	"[""1554""]"	[]	"[[11,""forward"",81,""1554""]]"	[]
ecoli50_r010924	no_hit				0	0	0	0	0	0	[]	[]	[]	[]
ecoli50_r010925	no_hit				0	0	0	0	0	0	[]	[]	[]	[]
ecoli50_r010926	no_hit				0	0	0	0	0	0	[]	[]	[]	[]
ecoli50_r010927	no_hit				0	0	0	0	0	0	[]	[]	[]	[]
ecoli50_r010928	no_hit				0	0	0	0	0	0	[]	[]	[]	[]
ecoli50_r010929	no_hit				0	0	0	0	0	0	[]	[]	[]	[]
ecoli50_r010930	no_hit				0	0	0	0	0	0	[]	[]	[]	[]
ecoli50_r010931	no_hit				0	0	0	0	0	0	[]	[]	[]	[]
ecoli50_r010932	no_hit				0	0	0	0	0	0	[]	[]	[]	[]
ecoli50_r010933	position_consistent_positive	4	forward	81	1	0	1	0	1	0	"[""2484""]"	[]	"[[4,""forward"",81,""2484""]]"	[]
ecoli50_r010934	position_consistent_positive	14	forward	81	1	0	1	0	1	0	"[""2484""]"	[]	"[[14,""forward"",81,""2484""]]"	[]
ecoli50_r010935	no_hit				0	0	0	0	0	0	[]	[]	[]	[]
ecoli50_r010936	no_hit				0	0	0	0	0	0	[]	[]	[]	[]
ecoli50_r010937	no_hit				0	0	0	0	0	0	[]	[]	[]	[]
ecoli50_r010938	ambiguous_positive				2	0	2	0	2	0	"[""2318"",""2874""]"	[]	"[[6,""forward"",81,""2874""],[12,""forward"",81,""2318""]]"	[]
ecoli50_r010939	no_hit				0	0	0	0	0	0	[]	[]	[]	[]
ecoli50_r010940	no_hit				0	0	0	0	0	0	[]	[]	[]	[]
ecoli50_r010941	no_hit				0	0	0	0	0	0	[]	[]	[]	[]
ecoli50_r010942	no_hit				0	0	0	0	0	0	[]	[]	[]	[]
ecoli50_r010943	no_hit				0	0	0	0	0	0	[]	[]	[]	[]
ecoli50_r010944	no_hit				0	0	0	0	0	0	[]	[]	[]	[]
ecoli50_r010945	no_hit				0	0	0	0	0	0	[]	[]	[]	[]
ecoli50_r010946	no_hit				0	0	0	0	0	0	[]	[]	[]	[]
ecoli50_r010947	no_hit				0	0	0	0	0	0	[]	[]	[]	[]
ecoli50_r010948	no_hit				0	0	0	0	0	0	[]	[]	[]	[]
ecoli50_r010949	no_hit				0	0	0	0	0	0	[]	[]	[]	[]
ecoli50_r010950	no_hit				0	0	0	0	0	0	[]	[]	[]	[]
ecoli50_r010951	no_hit				0	0	0	0	0	0	[]	[]	[]	[]
ecoli50_r010952	no_hit				0	0	0	0	0	0	[]	[]	[]	[]
ecoli50_r010953	no_hit				0	0	0	0	0	0	[]	[]	[]	[]
ecoli50_r010954	position_consistent_positive	11	forward	81	1	0	1	0	1	0	"[""3005""]"	[]	"[[11,""forward"",81,""3005""]]"	[]
ecoli50_r010955	no_hit				0	0	0	0	0	0	[]	[]	[]	[]
ecoli50_r010956	no_hit				0	0	0	0	0	0	[]	[]	[]	[]
ecoli50_r010957	no_hit				0	0	0	0	0	0	[]	[]	[]	[]
ecoli50_r010958	no_hit				0	0	0	0	0	0	[]	[]	[]	[]
ecoli50_r010959	no_hit				0	0	0	0	0	0	[]	[]	[]	[]
ecoli50_r010960	no_hit				0	0	0	0	0	0	[]	[]	[]	[]
ecoli50_r010961	no_hit				0	0	0	0	0	0	[]	[]	[]	[]
ecoli50_r010962	no_hit				0	0	0	0	0	0	[]	[]	[]	[]
ecoli50_r010963	no_hit				0	0	0	0	0	0	[]	[]	[]	[]
ecoli50_r010964	position_consistent_positive	3	forward	81	1	0	1	0	1	0	"[""1000""]"	[]	"[[3,""forward"",81,""1000""]]"	[]
ecoli50_r010965	position_consistent_positive	7	forward	81	1	0	1	0	1	0	"[""1000""]"	[]	"[[7,""forward"",81,""1000""]]"	[]
ecoli50_r010966	no_hit				0	0	0	0	0	0	[]	[]	[]	[]
ecoli50_r010967	no_hit				0	0	0	0	0	0	[]	[]	[]	[]
ecoli50_r010968	no_hit				0	0	0	0	0	0	[]	[]	[]	[]
ecoli50_r010969	no_hit				0	0	0	0	0	0	[]	[]	[]	[]
ecoli50_r010970	no_hit				0	0	0	0	0	0	[]	[]	[]	[]
ecoli50_r010971	no_hit				0	0	0	0	0	0	[]	[]	[]	[]
ecoli50_r010972	no_hit				0	0	0	0	0	0	[]	[]	[]	[]
ecoli50_r010973	no_hit				0	0	0	0	0	0	[]	[]	[]	[]
ecoli50_r010974	no_hit				0	0	0	0	0	0	[]	[]	[]	[]
ecoli50_r010975	no_hit				0	0	0	0	0	0	[]	[]	[]	[]
ecoli50_r010976	no_hit				0	0	0	0	0	0	[]	[]	[]	[]
ecoli50_r010977	no_hit				0	0	0	0	0	0	[]	[]	[]	[]
ecoli50_r010978	no_hit				0	0	0	0	0	0	[]	[]	[]	[]
ecoli50_r010979	no_hit				0	0	0	0	0	0	[]	[]	[]	[]
ecoli50_r010980	no_hit				0	0	0	0	0	0	[]	[]	[]	[]
ecoli50_r010981	no_hit				0	0	0	0	0	0	[]	[]	[]	[]
ecoli50_r010982	no_hit				0	0	0	0	0	0	[]	[]	[]	[]
ecoli50_r010983	no_hit				0	0	0	0	0	0	[]	[]	[]	[]
ecoli50_r010984	no_hit				0	0	0	0	0	0	[]	[]	[]	[]
ecoli50_r010985	no_hit				0	0	0	0	0	0	[]	[]	[]	[]
ecoli50_r010986	no_hit				0	0	0	0	0	0	[]	[]	[]	[]
ecoli50_r010987	no_hit				0	0	0	0	0	0	[]	[]	[]	[]
ecoli50_r010988	no_hit				0	0	0	0	0	0	[]	[]	[]	[]
ecoli50_r010989	no_hit				0	0	0	0	0	0	[]	[]	[]	[]
ecoli50_r010990	no_hit				0	0	0	0	0	0	[]	[]	[]	[]
ecoli50_r010991	no_hit				0	0	0	0	0	0	[]	[]	[]	[]
ecoli50_r010992	no_hit				0	0	0	0	0	0	[]	[]	[]	[]
ecoli50_r010993	no_hit				0	0	0	0	0	0	[]	[]	[]	[]
ecoli50_r010994	no_hit				0	0	0	0	0	0	[]	[]	[]	[]
ecoli50_r010995	no_hit				0	0	0	0	0	0	[]	[]	[]	[]
ecoli50_r010996	ambiguous_positive				2	0	2	0	2	0	"[""2356"",""599""]"	[]	"[[8,""forward"",81,""599""],[11,""forward"",81,""2356""]]"	[]
ecoli50_r010997	no_hit				0	0	0	0	0	0	[]	[]	[]	[]
ecoli50_r010998	no_hit				0	0	0	0	0	0	[]	[]	[]	[]
ecoli50_r010999	no_hit				0	0	0	0	0	0	[]	[]	[]	[]
ecoli50_r011000	no_hit				0	0	0	0	0	0	[]	[]	[]	[]
ecoli50_r011001	no_hit				0	0	0	0	0	0	[]	[]	[]	[]
ecoli50_r011002	no_hit				0	0	0	0	0	0	[]	[]	[]	[]
ecoli50_r011003	no_hit				0	0	0	0	0	0	[]	[]	[]	[]
ecoli50_r011004	no_hit				0	0	0	0	0	0	[]	[]	[]	[]
ecoli50_r011005	no_hit				0	0	0	0	0	0	[]	[]	[]	[]
ecoli50_r011006	no_hit				0	0	0	0	0	0	[]	[]	[]	[]
ecoli50_r011007	no_hit				0	0	0	0	0	0	[]	[]	[]	[]
ecoli50_r011008	no_hit				0	0	0	0	0	0	[]	[]	[]	[]
ecoli50_r011009	no_hit				0	0	0	0	0	0	[]	[]	[]	[]
ecoli50_r011010	no_hit				0	0	0	0	0	0	[]	[]	[]	[]
ecoli50_r011011	no_hit				0	0	0	0	0	0	[]	[]	[]	[]
ecoli50_r011012	no_hit				0	0	0	0	0	0	[]	[]	[]	[]
ecoli50_r011013	no_hit				0	0	0	0	0	0	[]	[]	[]	[]
ecoli50_r011014	no_hit				0	0	0	0	0	0	[]	[]	[]	[]
ecoli50_r011015	no_hit				0	0	0	0	0	0	[]	[]	[]	[]
ecoli50_r011016	no_hit				0	0	0	0	0	0	[]	[]	[]	[]
ecoli50_r011017	no_hit				0	0	0	0	0	0	[]	[]	[]	[]
ecoli50_r011018	no_hit				0	0	0	0	0	0	[]	[]	[]	[]
ecoli50_r011019	no_hit				0	0	0	0	0	0	[]	[]	[]	[]
ecoli50_r011020	no_hit				0	0	0	0	0	0	[]	[]	[]	[]
ecoli50_r011021	no_hit				0	0	0	0	0	0	[]	[]	[]	[]
ecoli50_r011022	no_hit				0	0	0	0	0	0	[]	[]	[]	[]
ecoli50_r011023	position_consistent_positive	10	forward	81	1	0	1	0	1	0	"[""236""]"	[]	"[[10,""forward"",81,""236""]]"	[]
ecoli50_r011024	no_hit				0	0	0	0	0	0	[]	[]	[]	[]
ecoli50_r011025	no_hit				0	0	0	0	0	0	[]	[]	[]	[]
ecoli50_r011026	no_hit				0	0	0	0	0	0	[]	[]	[]	[]
ecoli50_r011027	no_hit				0	0	0	0	0	0	[]	[]	[]	[]
ecoli50_r011028	no_hit				0	0	0	0	0	0	[]	[]	[]	[]
ecoli50_r011029	no_hit				0	0	0	0	0	0	[]	[]	[]	[]
ecoli50_r011030	no_hit				0	0	0	0	0	0	[]	[]	[]	[]
ecoli50_r011031	no_hit				0	0	0	0	0	0	[]	[]	[]	[]
ecoli50_r011032	no_hit				0	0	0	0	0	0	[]	[]	[]	[]
ecoli50_r011033	no_hit				0	0	0	0	0	0	[]	[]	[]	[]
ecoli50_r011034	no_hit				0	0	0	0	0	0	[]	[]	[]	[]
ecoli50_r011035	no_hit				0	0	0	0	0	0	[]	[]	[]	[]
ecoli50_r011036	no_hit				0	0	0	0	0	0	[]	[]	[]	[]
ecoli50_r011037	no_hit				0	0	0	0	0	0	[]	[]	[]	[]
ecoli50_r011038	no_hit				0	0	0	0	0	0	[]	[]	[]	[]
ecoli50_r011039	no_hit				0	0	0	0	0	0	[]	[]	[]	[]
ecoli50_r011040	no_hit				0	0	0	0	0	0	[]	[]	[]	[]
ecoli50_r011041	no_hit				0	0	0	0	0	0	[]	[]	[]	[]
ecoli50_r011042	no_hit				0	0	0	0	0	0	[]	[]	[]	[]
ecoli50_r011043	position_consistent_positive	10	forward	81	1	0	1	0	1	0	"[""891""]"	[]	"[[10,""forward"",81,""891""]]"	[]
ecoli50_r011044	no_hit				0	0	0	0	0	0	[]	[]	[]	[]
ecoli50_r011045	no_hit				0	0	0	0	0	0	[]	[]	[]	[]
ecoli50_r011046	no_hit				0	0	0	0	0	0	[]	[]	[]	[]
ecoli50_r011047	no_hit				0	0	0	0	0	0	[]	[]	[]	[]
ecoli50_r011048	no_hit				0	0	0	0	0	0	[]	[]	[]	[]
ecoli50_r011049	no_hit				0	0	0	0	0	0	[]	[]	[]	[]
ecoli50_r011050	no_hit				0	0	0	0	0	0	[]	[]	[]	[]
ecoli50_r011051	no_hit				0	0	0	0	0	0	[]	[]	[]	[]
ecoli50_r011052	no_hit				0	0	0	0	0	0	[]	[]	[]	[]
ecoli50_r011053	no_hit				0	0	0	0	0	0	[]	[]	[]	[]
ecoli50_r011054	no_hit				0	0	0	0	0	0	[]	[]	[]	[]
ecoli50_r011055	no_hit				0	0	0	0	0	0	[]	[]	[]	[]
ecoli50_r011056	no_hit				0	0	0	0	0	0	[]	[]	[]	[]
ecoli50_r011057	no_hit				0	0	0	0	0	0	[]	[]	[]	[]
ecoli50_r011058	no_hit				0	0	0	0	0	0	[]	[]	[]	[]
ecoli50_r011059	no_hit				0	0	0	0	0	0	[]	[]	[]	[]
ecoli50_r011060	no_hit				0	0	0	0	0	0	[]	[]	[]	[]
ecoli50_r011061	no_hit				0	0	0	0	0	0	[]	[]	[]	[]
ecoli50_r011062	no_hit				0	0	0	0	0	0	[]	[]	[]	[]
ecoli50_r011063	no_hit				0	0	0	0	0	0	[]	[]	[]	[]
ecoli50_r011064	no_hit				0	0	0	0	0	0	[]	[]	[]	[]
ecoli50_r011065	no_hit				0	0	0	0	0	0	[]	[]	[]	[]
ecoli50_r011066	no_hit				0	0	0	0	0	0	[]	[]	[]	[]
ecoli50_r011067	no_hit				0	0	0	0	0	0	[]	[]	[]	[]
ecoli50_r011068	no_hit				0	0	0	0	0	0	[]	[]	[]	[]
ecoli50_r011069	position_consistent_positive	10	forward	81	1	0	1	0	1	0	"[""3333""]"	[]	"[[10,""forward"",81,""3333""]]"	[]
ecoli50_r011070	no_hit				0	0	0	0	0	0	[]	[]	[]	[]
ecoli50_r011071	no_hit				0	0	0	0	0	0	[]	[]	[]	[]
ecoli50_r011072	no_hit				0	0	0	0	0	0	[]	[]	[]	[]
ecoli50_r011073	no_hit				0	0	0	0	0	0	[]	[]	[]	[]
ecoli50_r011074	no_hit				0	0	0	0	0	0	[]	[]	[]	[]
ecoli50_r011075	no_hit				0	0	0	0	0	0	[]	[]	[]	[]
ecoli50_r011076	position_consistent_positive	23	forward	81	1	0	1	0	1	0	"[""3039""]"	[]	"[[23,""forward"",81,""3039""]]"	[]
ecoli50_r011077	no_hit				0	0	0	0	0	0	[]	[]	[]	[]
ecoli50_r011078	no_hit				0	0	0	0	0	0	[]	[]	[]	[]
ecoli50_r011079	no_hit				0	0	0	0	0	0	[]	[]	[]	[]
ecoli50_r011080	no_hit				0	0	0	0	0	0	[]	[]	[]	[]
ecoli50_r011081	no_hit				0	0	0	0	0	0	[]	[]	[]	[]
ecoli50_r011082	no_hit				0	0	0	0	0	0	[]	[]	[]	[]
ecoli50_r011083	no_hit				0	0	0	0	0	0	[]	[]	[]	[]
ecoli50_r011084	no_hit				0	0	0	0	0	0	[]	[]	[]	[]
ecoli50_r011085	no_hit				0	0	0	0	0	0	[]	[]	[]	[]
ecoli50_r011086	no_hit				0	0	0	0	0	0	[]	[]	[]	[]
ecoli50_r011087	no_hit				0	0	0	0	0	0	[]	[]	[]	[]
ecoli50_r011088	no_hit				0	0	0	0	0	0	[]	[]	[]	[]
ecoli50_r011089	no_hit				0	0	0	0	0	0	[]	[]	[]	[]
ecoli50_r011090	no_hit				0	0	0	0	0	0	[]	[]	[]	[]
ecoli50_r011091	no_hit				0	0	0	0	0	0	[]	[]	[]	[]
ecoli50_r011092	no_hit				0	0	0	0	0	0	[]	[]	[]	[]
ecoli50_r011093	no_hit				0	0	0	0	0	0	[]	[]	[]	[]
ecoli50_r011094	no_hit				0	0	0	0	0	0	[]	[]	[]	[]
ecoli50_r011095	no_hit				0	0	0	0	0	0	[]	[]	[]	[]
ecoli50_r011096	no_hit				0	0	0	0	0	0	[]	[]	[]	[]
ecoli50_r011097	no_hit				0	0	0	0	0	0	[]	[]	[]	[]
ecoli50_r011098	no_hit				0	0	0	0	0	0	[]	[]	[]	[]
ecoli50_r011099	no_hit				0	0	0	0	0	0	[]	[]	[]	[]
ecoli50_r011100	no_hit				0	0	0	0	0	0	[]	[]	[]	[]
ecoli50_r011101	no_hit				0	0	0	0	0	0	[]	[]	[]	[]
ecoli50_r011102	no_hit				0	0	0	0	0	0	[]	[]	[]	[]
ecoli50_r011103	no_hit				0	0	0	0	0	0	[]	[]	[]	[]
ecoli50_r011104	no_hit				0	0	0	0	0	0	[]	[]	[]	[]
ecoli50_r011105	no_hit				0	0	0	0	0	0	[]	[]	[]	[]
ecoli50_r011106	no_hit				0	0	0	0	0	0	[]	[]	[]	[]
ecoli50_r011107	no_hit				0	0	0	0	0	0	[]	[]	[]	[]
ecoli50_r011108	no_hit				0	0	0	0	0	0	[]	[]	[]	[]
ecoli50_r011109	no_hit				0	0	0	0	0	0	[]	[]	[]	[]
ecoli50_r011110	no_hit				0	0	0	0	0	0	[]	[]	[]	[]
ecoli50_r011111	no_hit				0	0	0	0	0	0	[]	[]	[]	[]
ecoli50_r011112	no_hit				0	0	0	0	0	0	[]	[]	[]	[]
ecoli50_r011113	no_hit				0	0	0	0	0	0	[]	[]	[]	[]
ecoli50_r011114	no_hit				0	0	0	0	0	0	[]	[]	[]	[]
ecoli50_r011115	position_consistent_positive	9	reverse	81	1	0	1	0	1	0	"[""3345""]"	[]	"[[9,""reverse"",81,""3345""]]"	[]
ecoli50_r011116	no_hit				0	0	0	0	0	0	[]	[]	[]	[]
ecoli50_r011117	no_hit				0	0	0	0	0	0	[]	[]	[]	[]
ecoli50_r011118	no_hit				0	0	0	0	0	0	[]	[]	[]	[]
ecoli50_r011119	no_hit				0	0	0	0	0	0	[]	[]	[]	[]
ecoli50_r011120	no_hit				0	0	0	0	0	0	[]	[]	[]	[]
ecoli50_r011121	no_hit				0	0	0	0	0	0	[]	[]	[]	[]
ecoli50_r011122	no_hit				0	0	0	0	0	0	[]	[]	[]	[]
ecoli50_r011123	no_hit				0	0	0	0	0	0	[]	[]	[]	[]
ecoli50_r011124	no_hit				0	0	0	0	0	0	[]	[]	[]	[]
ecoli50_r011125	position_consistent_positive	1	forward	81	1	0	1	0	1	0	"[""2766""]"	[]	"[[1,""forward"",81,""2766""]]"	[]
ecoli50_r011126	position_consistent_positive	10	forward	81	1	0	1	0	1	0	"[""2766""]"	[]	"[[10,""forward"",81,""2766""]]"	[]
ecoli50_r011127	no_hit				0	0	0	0	0	0	[]	[]	[]	[]
ecoli50_r011128	no_hit				0	0	0	0	0	0	[]	[]	[]	[]
ecoli50_r011129	no_hit				0	0	0	0	0	0	[]	[]	[]	[]
ecoli50_r011130	no_hit				0	0	0	0	0	0	[]	[]	[]	[]
ecoli50_r011131	no_hit				0	0	0	0	0	0	[]	[]	[]	[]
ecoli50_r011132	no_hit				0	0	0	0	0	0	[]	[]	[]	[]
ecoli50_r011133	no_hit				0	0	0	0	0	0	[]	[]	[]	[]
ecoli50_r011134	no_hit				0	0	0	0	0	0	[]	[]	[]	[]
ecoli50_r011135	no_hit				0	0	0	0	0	0	[]	[]	[]	[]
ecoli50_r011136	no_hit				0	0	0	0	0	0	[]	[]	[]	[]
ecoli50_r011137	no_hit				0	0	0	0	0	0	[]	[]	[]	[]
ecoli50_r011138	no_hit				0	0	0	0	0	0	[]	[]	[]	[]
ecoli50_r011139	no_hit				0	0	0	0	0	0	[]	[]	[]	[]
ecoli50_r011140	position_consistent_positive	8	forward	81	1	0	1	0	1	0	"[""3031""]"	[]	"[[8,""forward"",81,""3031""]]"	[]
ecoli50_r011141	no_hit				0	0	0	0	0	0	[]	[]	[]	[]
ecoli50_r011142	no_hit				0	0	0	0	0	0	[]	[]	[]	[]
ecoli50_r011143	no_hit				0	0	0	0	0	0	[]	[]	[]	[]
ecoli50_r011144	no_hit				0	0	0	0	0	0	[]	[]	[]	[]
ecoli50_r011145	no_hit				0	0	0	0	0	0	[]	[]	[]	[]
ecoli50_r011146	no_hit				0	0	0	0	0	0	[]	[]	[]	[]
ecoli50_r011147	no_hit				0	0	0	0	0	0	[]	[]	[]	[]
ecoli50_r011148	position_consistent_positive	10	forward	81	1	0	1	0	1	0	"[""697""]"	[]	"[[10,""forward"",81,""697""]]"	[]
ecoli50_r011149	no_hit				0	0	0	0	0	0	[]	[]	[]	[]
ecoli50_r011150	no_hit				0	0	0	0	0	0	[]	[]	[]	[]
ecoli50_r011151	no_hit				0	0	0	0	0	0	[]	[]	[]	[]
ecoli50_r011152	no_hit				0	0	0	0	0	0	[]	[]	[]	[]
ecoli50_r011153	no_hit				0	0	0	0	0	0	[]	[]	[]	[]
ecoli50_r011154	no_hit				0	0	0	0	0	0	[]	[]	[]	[]
ecoli50_r011155	no_hit				0	0	0	0	0	0	[]	[]	[]	[]
ecoli50_r011156	no_hit				0	0	0	0	0	0	[]	[]	[]	[]
ecoli50_r011157	no_hit				0	0	0	0	0	0	[]	[]	[]	[]
ecoli50_r011158	no_hit				0	0	0	0	0	0	[]	[]	[]	[]
ecoli50_r011159	no_hit				0	0	0	0	0	0	[]	[]	[]	[]
ecoli50_r011160	no_hit				0	0	0	0	0	0	[]	[]	[]	[]
ecoli50_r011161	no_hit				0	0	0	0	0	0	[]	[]	[]	[]
ecoli50_r011162	no_hit				0	0	0	0	0	0	[]	[]	[]	[]
ecoli50_r011163	no_hit				0	0	0	0	0	0	[]	[]	[]	[]
ecoli50_r011164	no_hit				0	0	0	0	0	0	[]	[]	[]	[]
ecoli50_r011165	no_hit				0	0	0	0	0	0	[]	[]	[]	[]
ecoli50_r011166	no_hit				0	0	0	0	0	0	[]	[]	[]	[]
ecoli50_r011167	no_hit				0	0	0	0	0	0	[]	[]	[]	[]
ecoli50_r011168	no_hit				0	0	0	0	0	0	[]	[]	[]	[]
ecoli50_r011169	no_hit				0	0	0	0	0	0	[]	[]	[]	[]
ecoli50_r011170	no_hit				0	0	0	0	0	0	[]	[]	[]	[]
ecoli50_r011171	no_hit				0	0	0	0	0	0	[]	[]	[]	[]
ecoli50_r011172	no_hit				0	0	0	0	0	0	[]	[]	[]	[]
ecoli50_r011173	no_hit				0	0	0	0	0	0	[]	[]	[]	[]
ecoli50_r011174	no_hit				0	0	0	0	0	0	[]	[]	[]	[]
ecoli50_r011175	no_hit				0	0	0	0	0	0	[]	[]	[]	[]
ecoli50_r011176	no_hit				0	0	0	0	0	0	[]	[]	[]	[]
ecoli50_r011177	no_hit				0	0	0	0	0	0	[]	[]	[]	[]
ecoli50_r011178	no_hit				0	0	0	0	0	0	[]	[]	[]	[]
ecoli50_r011179	negative_only				0	1	0	1	0	1	[]	"[""2611""]"	[]	"[[6,""reverse"",81,""2611""]]"
ecoli50_r011180	no_hit				0	0	0	0	0	0	[]	[]	[]	[]
ecoli50_r011181	no_hit				0	0	0	0	0	0	[]	[]	[]	[]
ecoli50_r011182	no_hit				0	0	0	0	0	0	[]	[]	[]	[]
ecoli50_r011183	no_hit				0	0	0	0	0	0	[]	[]	[]	[]
ecoli50_r011184	position_consistent_positive	11	forward	81	1	0	1	0	1	0	"[""2158""]"	[]	"[[11,""forward"",81,""2158""]]"	[]
ecoli50_r011185	no_hit				0	0	0	0	0	0	[]	[]	[]	[]
ecoli50_r011186	no_hit				0	0	0	0	0	0	[]	[]	[]	[]
ecoli50_r011187	no_hit				0	0	0	0	0	0	[]	[]	[]	[]
ecoli50_r011188	no_hit				0	0	0	0	0	0	[]	[]	[]	[]
ecoli50_r011189	no_hit				0	0	0	0	0	0	[]	[]	[]	[]
ecoli50_r011190	no_hit				0	0	0	0	0	0	[]	[]	[]	[]
ecoli50_r011191	no_hit				0	0	0	0	0	0	[]	[]	[]	[]
ecoli50_r011192	no_hit				0	0	0	0	0	0	[]	[]	[]	[]
ecoli50_r011193	no_hit				0	0	0	0	0	0	[]	[]	[]	[]
ecoli50_r011194	no_hit				0	0	0	0	0	0	[]	[]	[]	[]
ecoli50_r011195	no_hit				0	0	0	0	0	0	[]	[]	[]	[]
ecoli50_r011196	no_hit				0	0	0	0	0	0	[]	[]	[]	[]
ecoli50_r011197	no_hit				0	0	0	0	0	0	[]	[]	[]	[]
ecoli50_r011198	no_hit				0	0	0	0	0	0	[]	[]	[]	[]
ecoli50_r011199	no_hit				0	0	0	0	0	0	[]	[]	[]	[]
ecoli50_r011200	no_hit				0	0	0	0	0	0	[]	[]	[]	[]
ecoli50_r011201	no_hit				0	0	0	0	0	0	[]	[]	[]	[]
ecoli50_r011202	no_hit				0	0	0	0	0	0	[]	[]	[]	[]
ecoli50_r011203	no_hit				0	0	0	0	0	0	[]	[]	[]	[]
ecoli50_r011204	no_hit				0	0	0	0	0	0	[]	[]	[]	[]
ecoli50_r011205	position_consistent_positive	10	forward	81	1	0	1	0	1	0	"[""355""]"	[]	"[[10,""forward"",81,""355""]]"	[]
ecoli50_r011206	no_hit				0	0	0	0	0	0	[]	[]	[]	[]
ecoli50_r011207	no_hit				0	0	0	0	0	0	[]	[]	[]	[]
ecoli50_r011208	no_hit				0	0	0	0	0	0	[]	[]	[]	[]
ecoli50_r011209	position_consistent_positive	10	forward	81	1	0	1	0	1	0	"[""1173""]"	[]	"[[10,""forward"",81,""1173""]]"	[]
ecoli50_r011210	no_hit				0	0	0	0	0	0	[]	[]	[]	[]
ecoli50_r011211	no_hit				0	0	0	0	0	0	[]	[]	[]	[]
ecoli50_r011212	no_hit				0	0	0	0	0	0	[]	[]	[]	[]
ecoli50_r011213	no_hit				0	0	0	0	0	0	[]	[]	[]	[]
ecoli50_r011214	no_hit				0	0	0	0	0	0	[]	[]	[]	[]
ecoli50_r011215	no_hit				0	0	0	0	0	0	[]	[]	[]	[]
ecoli50_r011216	no_hit				0	0	0	0	0	0	[]	[]	[]	[]
ecoli50_r011217	no_hit				0	0	0	0	0	0	[]	[]	[]	[]
ecoli50_r011218	no_hit				0	0	0	0	0	0	[]	[]	[]	[]
ecoli50_r011219	no_hit				0	0	0	0	0	0	[]	[]	[]	[]
ecoli50_r011220	no_hit				0	0	0	0	0	0	[]	[]	[]	[]
ecoli50_r011221	no_hit				0	0	0	0	0	0	[]	[]	[]	[]
ecoli50_r011222	no_hit				0	0	0	0	0	0	[]	[]	[]	[]
ecoli50_r011223	no_hit				0	0	0	0	0	0	[]	[]	[]	[]
ecoli50_r011224	no_hit				0	0	0	0	0	0	[]	[]	[]	[]
ecoli50_r011225	no_hit				0	0	0	0	0	0	[]	[]	[]	[]
ecoli50_r011226	no_hit				0	0	0	0	0	0	[]	[]	[]	[]
ecoli50_r011227	no_hit				0	0	0	0	0	0	[]	[]	[]	[]
ecoli50_r011228	no_hit				0	0	0	0	0	0	[]	[]	[]	[]
ecoli50_r011229	no_hit				0	0	0	0	0	0	[]	[]	[]	[]
ecoli50_r011230	no_hit				0	0	0	0	0	0	[]	[]	[]	[]
ecoli50_r011231	no_hit				0	0	0	0	0	0	[]	[]	[]	[]
ecoli50_r011232	no_hit				0	0	0	0	0	0	[]	[]	[]	[]
ecoli50_r011233	no_hit				0	0	0	0	0	0	[]	[]	[]	[]
ecoli50_r011234	no_hit				0	0	0	0	0	0	[]	[]	[]	[]
ecoli50_r011235	no_hit				0	0	0	0	0	0	[]	[]	[]	[]
ecoli50_r011236	no_hit				0	0	0	0	0	0	[]	[]	[]	[]
ecoli50_r011237	no_hit				0	0	0	0	0	0	[]	[]	[]	[]
ecoli50_r011238	no_hit				0	0	0	0	0	0	[]	[]	[]	[]
ecoli50_r011239	no_hit				0	0	0	0	0	0	[]	[]	[]	[]
ecoli50_r011240	no_hit				0	0	0	0	0	0	[]	[]	[]	[]
ecoli50_r011241	no_hit				0	0	0	0	0	0	[]	[]	[]	[]
ecoli50_r011242	no_hit				0	0	0	0	0	0	[]	[]	[]	[]
ecoli50_r011243	no_hit				0	0	0	0	0	0	[]	[]	[]	[]
ecoli50_r011244	no_hit				0	0	0	0	0	0	[]	[]	[]	[]
ecoli50_r011245	no_hit				0	0	0	0	0	0	[]	[]	[]	[]
ecoli50_r011246	no_hit				0	0	0	0	0	0	[]	[]	[]	[]
ecoli50_r011247	no_hit				0	0	0	0	0	0	[]	[]	[]	[]
ecoli50_r011248	no_hit				0	0	0	0	0	0	[]	[]	[]	[]
ecoli50_r011249	no_hit				0	0	0	0	0	0	[]	[]	[]	[]
ecoli50_r011250	no_hit				0	0	0	0	0	0	[]	[]	[]	[]
ecoli50_r011251	no_hit				0	0	0	0	0	0	[]	[]	[]	[]
ecoli50_r011252	no_hit				0	0	0	0	0	0	[]	[]	[]	[]
ecoli50_r011253	no_hit				0	0	0	0	0	0	[]	[]	[]	[]
ecoli50_r011254	no_hit				0	0	0	0	0	0	[]	[]	[]	[]
ecoli50_r011255	no_hit				0	0	0	0	0	0	[]	[]	[]	[]
ecoli50_r011256	no_hit				0	0	0	0	0	0	[]	[]	[]	[]
ecoli50_r011257	no_hit				0	0	0	0	0	0	[]	[]	[]	[]
ecoli50_r011258	no_hit				0	0	0	0	0	0	[]	[]	[]	[]
ecoli50_r011259	no_hit				0	0	0	0	0	0	[]	[]	[]	[]
ecoli50_r011260	no_hit				0	0	0	0	0	0	[]	[]	[]	[]
ecoli50_r011261	no_hit				0	0	0	0	0	0	[]	[]	[]	[]
ecoli50_r011262	no_hit				0	0	0	0	0	0	[]	[]	[]	[]
ecoli50_r011263	no_hit				0	0	0	0	0	0	[]	[]	[]	[]
ecoli50_r011264	no_hit				0	0	0	0	0	0	[]	[]	[]	[]
ecoli50_r011265	no_hit				0	0	0	0	0	0	[]	[]	[]	[]
ecoli50_r011266	no_hit				0	0	0	0	0	0	[]	[]	[]	[]
ecoli50_r011267	no_hit				0	0	0	0	0	0	[]	[]	[]	[]
ecoli50_r011268	no_hit				0	0	0	0	0	0	[]	[]	[]	[]
ecoli50_r011269	no_hit				0	0	0	0	0	0	[]	[]	[]	[]
ecoli50_r011270	no_hit				0	0	0	0	0	0	[]	[]	[]	[]
ecoli50_r011271	no_hit				0	0	0	0	0	0	[]	[]	[]	[]
ecoli50_r011272	no_hit				0	0	0	0	0	0	[]	[]	[]	[]
ecoli50_r011273	no_hit				0	0	0	0	0	0	[]	[]	[]	[]
ecoli50_r011274	no_hit				0	0	0	0	0	0	[]	[]	[]	[]
ecoli50_r011275	no_hit				0	0	0	0	0	0	[]	[]	[]	[]
ecoli50_r011276	no_hit				0	0	0	0	0	0	[]	[]	[]	[]
ecoli50_r011277	no_hit				0	0	0	0	0	0	[]	[]	[]	[]
ecoli50_r011278	no_hit				0	0	0	0	0	0	[]	[]	[]	[]
ecoli50_r011279	no_hit				0	0	0	0	0	0	[]	[]	[]	[]
ecoli50_r011280	no_hit				0	0	0	0	0	0	[]	[]	[]	[]
ecoli50_r011281	position_consistent_positive	9	forward	81	1	0	1	0	1	0	"[""2985""]"	[]	"[[9,""forward"",81,""2985""]]"	[]
ecoli50_r011282	no_hit				0	0	0	0	0	0	[]	[]	[]	[]
ecoli50_r011283	no_hit				0	0	0	0	0	0	[]	[]	[]	[]
ecoli50_r011284	no_hit				0	0	0	0	0	0	[]	[]	[]	[]
ecoli50_r011285	no_hit				0	0	0	0	0	0	[]	[]	[]	[]
ecoli50_r011286	no_hit				0	0	0	0	0	0	[]	[]	[]	[]
ecoli50_r011287	no_hit				0	0	0	0	0	0	[]	[]	[]	[]
ecoli50_r011288	no_hit				0	0	0	0	0	0	[]	[]	[]	[]
ecoli50_r011289	no_hit				0	0	0	0	0	0	[]	[]	[]	[]
ecoli50_r011290	no_hit				0	0	0	0	0	0	[]	[]	[]	[]
ecoli50_r011291	position_consistent_positive	10	forward	81	1	0	1	0	1	0	"[""2472""]"	[]	"[[10,""forward"",81,""2472""]]"	[]
ecoli50_r011292	no_hit				0	0	0	0	0	0	[]	[]	[]	[]
ecoli50_r011293	no_hit				0	0	0	0	0	0	[]	[]	[]	[]
ecoli50_r011294	no_hit				0	0	0	0	0	0	[]	[]	[]	[]
ecoli50_r011295	no_hit				0	0	0	0	0	0	[]	[]	[]	[]
ecoli50_r011296	no_hit				0	0	0	0	0	0	[]	[]	[]	[]
ecoli50_r011297	no_hit				0	0	0	0	0	0	[]	[]	[]	[]
ecoli50_r011298	no_hit				0	0	0	0	0	0	[]	[]	[]	[]
ecoli50_r011299	no_hit				0	0	0	0	0	0	[]	[]	[]	[]
ecoli50_r011300	no_hit				0	0	0	0	0	0	[]	[]	[]	[]
ecoli50_r011301	no_hit				0	0	0	0	0	0	[]	[]	[]	[]
ecoli50_r011302	no_hit				0	0	0	0	0	0	[]	[]	[]	[]
ecoli50_r011303	no_hit				0	0	0	0	0	0	[]	[]	[]	[]
ecoli50_r011304	no_hit				0	0	0	0	0	0	[]	[]	[]	[]
ecoli50_r011305	no_hit				0	0	0	0	0	0	[]	[]	[]	[]
ecoli50_r011306	no_hit				0	0	0	0	0	0	[]	[]	[]	[]
ecoli50_r011307	no_hit				0	0	0	0	0	0	[]	[]	[]	[]
ecoli50_r011308	position_consistent_positive	10	forward	81	1	0	1	0	1	0	"[""177""]"	[]	"[[10,""forward"",81,""177""]]"	[]
ecoli50_r011309	no_hit				0	0	0	0	0	0	[]	[]	[]	[]
ecoli50_r011310	no_hit				0	0	0	0	0	0	[]	[]	[]	[]
ecoli50_r011311	no_hit				0	0	0	0	0	0	[]	[]	[]	[]
ecoli50_r011312	no_hit				0	0	0	0	0	0	[]	[]	[]	[]
ecoli50_r011313	no_hit				0	0	0	0	0	0	[]	[]	[]	[]
ecoli50_r011314	no_hit				0	0	0	0	0	0	[]	[]	[]	[]
ecoli50_r011315	no_hit				0	0	0	0	0	0	[]	[]	[]	[]
ecoli50_r011316	position_consistent_positive	13	forward	81	1	0	1	0	1	0	"[""2149""]"	[]	"[[13,""forward"",81,""2149""]]"	[]
ecoli50_r011317	no_hit				0	0	0	0	0	0	[]	[]	[]	[]
ecoli50_r011318	no_hit				0	0	0	0	0	0	[]	[]	[]	[]
ecoli50_r011319	no_hit				0	0	0	0	0	0	[]	[]	[]	[]
ecoli50_r011320	no_hit				0	0	0	0	0	0	[]	[]	[]	[]
ecoli50_r011321	no_hit				0	0	0	0	0	0	[]	[]	[]	[]
ecoli50_r011322	no_hit				0	0	0	0	0	0	[]	[]	[]	[]
ecoli50_r011323	no_hit				0	0	0	0	0	0	[]	[]	[]	[]
ecoli50_r011324	no_hit				0	0	0	0	0	0	[]	[]	[]	[]
ecoli50_r011325	negative_only				0	1	0	1	0	1	[]	"[""1889""]"	[]	"[[22,""forward"",81,""1889""]]"
ecoli50_r011326	no_hit				0	0	0	0	0	0	[]	[]	[]	[]
ecoli50_r011327	no_hit				0	0	0	0	0	0	[]	[]	[]	[]
ecoli50_r011328	no_hit				0	0	0	0	0	0	[]	[]	[]	[]
ecoli50_r011329	no_hit				0	0	0	0	0	0	[]	[]	[]	[]
ecoli50_r011330	no_hit				0	0	0	0	0	0	[]	[]	[]	[]
ecoli50_r011331	no_hit				0	0	0	0	0	0	[]	[]	[]	[]
ecoli50_r011332	no_hit				0	0	0	0	0	0	[]	[]	[]	[]
ecoli50_r011333	no_hit				0	0	0	0	0	0	[]	[]	[]	[]
ecoli50_r011334	no_hit				0	0	0	0	0	0	[]	[]	[]	[]
ecoli50_r011335	no_hit				0	0	0	0	0	0	[]	[]	[]	[]
ecoli50_r011336	no_hit				0	0	0	0	0	0	[]	[]	[]	[]
ecoli50_r011337	no_hit				0	0	0	0	0	0	[]	[]	[]	[]
ecoli50_r011338	position_consistent_positive	12	forward	81	1	0	1	0	1	0	"[""1674""]"	[]	"[[12,""forward"",81,""1674""]]"	[]
ecoli50_r011339	no_hit				0	0	0	0	0	0	[]	[]	[]	[]
ecoli50_r011340	no_hit				0	0	0	0	0	0	[]	[]	[]	[]
ecoli50_r011341	no_hit				0	0	0	0	0	0	[]	[]	[]	[]
ecoli50_r011342	no_hit				0	0	0	0	0	0	[]	[]	[]	[]
ecoli50_r011343	no_hit				0	0	0	0	0	0	[]	[]	[]	[]
ecoli50_r011344	negative_only				0	1	0	1	0	1	[]	"[""3206""]"	[]	"[[0,""forward"",81,""3206""]]"
ecoli50_r011345	no_hit				0	0	0	0	0	0	[]	[]	[]	[]
ecoli50_r011346	no_hit				0	0	0	0	0	0	[]	[]	[]	[]
ecoli50_r011347	no_hit				0	0	0	0	0	0	[]	[]	[]	[]
ecoli50_r011348	no_hit				0	0	0	0	0	0	[]	[]	[]	[]
ecoli50_r011349	no_hit				0	0	0	0	0	0	[]	[]	[]	[]
ecoli50_r011350	no_hit				0	0	0	0	0	0	[]	[]	[]	[]
ecoli50_r011351	no_hit				0	0	0	0	0	0	[]	[]	[]	[]
ecoli50_r011352	no_hit				0	0	0	0	0	0	[]	[]	[]	[]
ecoli50_r011353	no_hit				0	0	0	0	0	0	[]	[]	[]	[]
ecoli50_r011354	no_hit				0	0	0	0	0	0	[]	[]	[]	[]
ecoli50_r011355	no_hit				0	0	0	0	0	0	[]	[]	[]	[]
ecoli50_r011356	no_hit				0	0	0	0	0	0	[]	[]	[]	[]
ecoli50_r011357	no_hit				0	0	0	0	0	0	[]	[]	[]	[]
ecoli50_r011358	no_hit				0	0	0	0	0	0	[]	[]	[]	[]
ecoli50_r011359	no_hit				0	0	0	0	0	0	[]	[]	[]	[]
ecoli50_r011360	no_hit				0	0	0	0	0	0	[]	[]	[]	[]
ecoli50_r011361	no_hit				0	0	0	0	0	0	[]	[]	[]	[]
ecoli50_r011362	no_hit				0	0	0	0	0	0	[]	[]	[]	[]
ecoli50_r011363	no_hit				0	0	0	0	0	0	[]	[]	[]	[]
ecoli50_r011364	no_hit				0	0	0	0	0	0	[]	[]	[]	[]
ecoli50_r011365	no_hit				0	0	0	0	0	0	[]	[]	[]	[]
ecoli50_r011366	no_hit				0	0	0	0	0	0	[]	[]	[]	[]
ecoli50_r011367	no_hit				0	0	0	0	0	0	[]	[]	[]	[]
ecoli50_r011368	no_hit				0	0	0	0	0	0	[]	[]	[]	[]
ecoli50_r011369	no_hit				0	0	0	0	0	0	[]	[]	[]	[]
ecoli50_r011370	no_hit				0	0	0	0	0	0	[]	[]	[]	[]
ecoli50_r011371	no_hit				0	0	0	0	0	0	[]	[]	[]	[]
ecoli50_r011372	no_hit				0	0	0	0	0	0	[]	[]	[]	[]
ecoli50_r011373	no_hit				0	0	0	0	0	0	[]	[]	[]	[]
ecoli50_r011374	no_hit				0	0	0	0	0	0	[]	[]	[]	[]
ecoli50_r011375	no_hit				0	0	0	0	0	0	[]	[]	[]	[]
ecoli50_r011376	no_hit				0	0	0	0	0	0	[]	[]	[]	[]
ecoli50_r011377	no_hit				0	0	0	0	0	0	[]	[]	[]	[]
ecoli50_r011378	position_consistent_positive	11	forward	81	1	0	1	0	1	0	"[""2782""]"	[]	"[[11,""forward"",81,""2782""]]"	[]
ecoli50_r011379	no_hit				0	0	0	0	0	0	[]	[]	[]	[]
ecoli50_r011380	no_hit				0	0	0	0	0	0	[]	[]	[]	[]
ecoli50_r011381	no_hit				0	0	0	0	0	0	[]	[]	[]	[]
ecoli50_r011382	no_hit				0	0	0	0	0	0	[]	[]	[]	[]
ecoli50_r011383	no_hit				0	0	0	0	0	0	[]	[]	[]	[]
ecoli50_r011384	no_hit				0	0	0	0	0	0	[]	[]	[]	[]
ecoli50_r011385	no_hit				0	0	0	0	0	0	[]	[]	[]	[]
ecoli50_r011386	no_hit				0	0	0	0	0	0	[]	[]	[]	[]
ecoli50_r011387	no_hit				0	0	0	0	0	0	[]	[]	[]	[]
ecoli50_r011388	no_hit				0	0	0	0	0	0	[]	[]	[]	[]
ecoli50_r011389	no_hit				0	0	0	0	0	0	[]	[]	[]	[]
ecoli50_r011390	no_hit				0	0	0	0	0	0	[]	[]	[]	[]
ecoli50_r011391	no_hit				0	0	0	0	0	0	[]	[]	[]	[]
ecoli50_r011392	no_hit				0	0	0	0	0	0	[]	[]	[]	[]
ecoli50_r011393	no_hit				0	0	0	0	0	0	[]	[]	[]	[]
ecoli50_r011394	no_hit				0	0	0	0	0	0	[]	[]	[]	[]
ecoli50_r011395	no_hit				0	0	0	0	0	0	[]	[]	[]	[]
ecoli50_r011396	no_hit				0	0	0	0	0	0	[]	[]	[]	[]
ecoli50_r011397	no_hit				0	0	0	0	0	0	[]	[]	[]	[]
ecoli50_r011398	no_hit				0	0	0	0	0	0	[]	[]	[]	[]
ecoli50_r011399	no_hit				0	0	0	0	0	0	[]	[]	[]	[]
ecoli50_r011400	no_hit				0	0	0	0	0	0	[]	[]	[]	[]
ecoli50_r011401	no_hit				0	0	0	0	0	0	[]	[]	[]	[]
ecoli50_r011402	no_hit				0	0	0	0	0	0	[]	[]	[]	[]
ecoli50_r011403	no_hit				0	0	0	0	0	0	[]	[]	[]	[]
ecoli50_r011404	no_hit				0	0	0	0	0	0	[]	[]	[]	[]
ecoli50_r011405	no_hit				0	0	0	0	0	0	[]	[]	[]	[]
ecoli50_r011406	no_hit				0	0	0	0	0	0	[]	[]	[]	[]
ecoli50_r011407	no_hit				0	0	0	0	0	0	[]	[]	[]	[]
ecoli50_r011408	no_hit				0	0	0	0	0	0	[]	[]	[]	[]
ecoli50_r011409	no_hit				0	0	0	0	0	0	[]	[]	[]	[]
ecoli50_r011410	no_hit				0	0	0	0	0	0	[]	[]	[]	[]
ecoli50_r011411	no_hit				0	0	0	0	0	0	[]	[]	[]	[]
ecoli50_r011412	no_hit				0	0	0	0	0	0	[]	[]	[]	[]
ecoli50_r011413	no_hit				0	0	0	0	0	0	[]	[]	[]	[]
ecoli50_r011414	no_hit				0	0	0	0	0	0	[]	[]	[]	[]
ecoli50_r011415	no_hit				0	0	0	0	0	0	[]	[]	[]	[]
ecoli50_r011416	no_hit				0	0	0	0	0	0	[]	[]	[]	[]
ecoli50_r011417	no_hit				0	0	0	0	0	0	[]	[]	[]	[]
ecoli50_r011418	position_consistent_positive	9	forward	81	1	0	1	0	1	0	"[""2089""]"	[]	"[[9,""forward"",81,""2089""]]"	[]
ecoli50_r011419	no_hit				0	0	0	0	0	0	[]	[]	[]	[]
ecoli50_r011420	no_hit				0	0	0	0	0	0	[]	[]	[]	[]
ecoli50_r011421	no_hit				0	0	0	0	0	0	[]	[]	[]	[]
ecoli50_r011422	no_hit				0	0	0	0	0	0	[]	[]	[]	[]
ecoli50_r011423	no_hit				0	0	0	0	0	0	[]	[]	[]	[]
ecoli50_r011424	no_hit				0	0	0	0	0	0	[]	[]	[]	[]
ecoli50_r011425	no_hit				0	0	0	0	0	0	[]	[]	[]	[]
ecoli50_r011426	no_hit				0	0	0	0	0	0	[]	[]	[]	[]
ecoli50_r011427	no_hit				0	0	0	0	0	0	[]	[]	[]	[]
ecoli50_r011428	position_consistent_positive	2	forward	81	1	0	1	0	1	0	"[""1336""]"	[]	"[[2,""forward"",81,""1336""]]"	[]
ecoli50_r011429	position_consistent_positive	5	reverse	81	1	0	1	0	1	0	"[""1336""]"	[]	"[[5,""reverse"",81,""1336""]]"	[]
ecoli50_r011430	position_consistent_positive	10	forward	81	1	0	1	0	1	0	"[""1198""]"	[]	"[[10,""forward"",81,""1198""]]"	[]
ecoli50_r011431	no_hit				0	0	0	0	0	0	[]	[]	[]	[]
ecoli50_r011432	no_hit				0	0	0	0	0	0	[]	[]	[]	[]
ecoli50_r011433	no_hit				0	0	0	0	0	0	[]	[]	[]	[]
ecoli50_r011434	no_hit				0	0	0	0	0	0	[]	[]	[]	[]
ecoli50_r011435	no_hit				0	0	0	0	0	0	[]	[]	[]	[]
ecoli50_r011436	no_hit				0	0	0	0	0	0	[]	[]	[]	[]
ecoli50_r011437	no_hit				0	0	0	0	0	0	[]	[]	[]	[]
ecoli50_r011438	no_hit				0	0	0	0	0	0	[]	[]	[]	[]
ecoli50_r011439	no_hit				0	0	0	0	0	0	[]	[]	[]	[]
ecoli50_r011440	no_hit				0	0	0	0	0	0	[]	[]	[]	[]
ecoli50_r011441	no_hit				0	0	0	0	0	0	[]	[]	[]	[]
ecoli50_r011442	no_hit				0	0	0	0	0	0	[]	[]	[]	[]
ecoli50_r011443	no_hit				0	0	0	0	0	0	[]	[]	[]	[]
ecoli50_r011444	no_hit				0	0	0	0	0	0	[]	[]	[]	[]
ecoli50_r011445	no_hit				0	0	0	0	0	0	[]	[]	[]	[]
ecoli50_r011446	no_hit				0	0	0	0	0	0	[]	[]	[]	[]
ecoli50_r011447	no_hit				0	0	0	0	0	0	[]	[]	[]	[]
ecoli50_r011448	no_hit				0	0	0	0	0	0	[]	[]	[]	[]
ecoli50_r011449	no_hit				0	0	0	0	0	0	[]	[]	[]	[]
ecoli50_r011450	no_hit				0	0	0	0	0	0	[]	[]	[]	[]
ecoli50_r011451	no_hit				0	0	0	0	0	0	[]	[]	[]	[]
ecoli50_r011452	no_hit				0	0	0	0	0	0	[]	[]	[]	[]
ecoli50_r011453	no_hit				0	0	0	0	0	0	[]	[]	[]	[]
ecoli50_r011454	no_hit				0	0	0	0	0	0	[]	[]	[]	[]
ecoli50_r011455	no_hit				0	0	0	0	0	0	[]	[]	[]	[]
ecoli50_r011456	no_hit				0	0	0	0	0	0	[]	[]	[]	[]
ecoli50_r011457	no_hit				0	0	0	0	0	0	[]	[]	[]	[]
ecoli50_r011458	no_hit				0	0	0	0	0	0	[]	[]	[]	[]
ecoli50_r011459	no_hit				0	0	0	0	0	0	[]	[]	[]	[]
ecoli50_r011460	no_hit				0	0	0	0	0	0	[]	[]	[]	[]
ecoli50_r011461	no_hit				0	0	0	0	0	0	[]	[]	[]	[]
ecoli50_r011462	no_hit				0	0	0	0	0	0	[]	[]	[]	[]
ecoli50_r011463	position_consistent_positive	10	forward	81	1	0	1	0	1	0	"[""2076""]"	[]	"[[10,""forward"",81,""2076""]]"	[]
ecoli50_r011464	no_hit				0	0	0	0	0	0	[]	[]	[]	[]
ecoli50_r011465	no_hit				0	0	0	0	0	0	[]	[]	[]	[]
ecoli50_r011466	no_hit				0	0	0	0	0	0	[]	[]	[]	[]
ecoli50_r011467	no_hit				0	0	0	0	0	0	[]	[]	[]	[]
ecoli50_r011468	no_hit				0	0	0	0	0	0	[]	[]	[]	[]
ecoli50_r011469	no_hit				0	0	0	0	0	0	[]	[]	[]	[]
ecoli50_r011470	no_hit				0	0	0	0	0	0	[]	[]	[]	[]
ecoli50_r011471	no_hit				0	0	0	0	0	0	[]	[]	[]	[]
ecoli50_r011472	no_hit				0	0	0	0	0	0	[]	[]	[]	[]
ecoli50_r011473	no_hit				0	0	0	0	0	0	[]	[]	[]	[]
ecoli50_r011474	no_hit				0	0	0	0	0	0	[]	[]	[]	[]
ecoli50_r011475	no_hit				0	0	0	0	0	0	[]	[]	[]	[]
ecoli50_r011476	no_hit				0	0	0	0	0	0	[]	[]	[]	[]
ecoli50_r011477	no_hit				0	0	0	0	0	0	[]	[]	[]	[]
ecoli50_r011478	no_hit				0	0	0	0	0	0	[]	[]	[]	[]
ecoli50_r011479	no_hit				0	0	0	0	0	0	[]	[]	[]	[]
ecoli50_r011480	negative_only				0	1	0	1	0	1	[]	"[""1530""]"	[]	"[[0,""reverse"",81,""1530""]]"
ecoli50_r011481	no_hit				0	0	0	0	0	0	[]	[]	[]	[]
ecoli50_r011482	no_hit				0	0	0	0	0	0	[]	[]	[]	[]
ecoli50_r011483	no_hit				0	0	0	0	0	0	[]	[]	[]	[]
ecoli50_r011484	no_hit				0	0	0	0	0	0	[]	[]	[]	[]
ecoli50_r011485	no_hit				0	0	0	0	0	0	[]	[]	[]	[]
ecoli50_r011486	no_hit				0	0	0	0	0	0	[]	[]	[]	[]
ecoli50_r011487	no_hit				0	0	0	0	0	0	[]	[]	[]	[]
ecoli50_r011488	no_hit				0	0	0	0	0	0	[]	[]	[]	[]
ecoli50_r011489	no_hit				0	0	0	0	0	0	[]	[]	[]	[]
ecoli50_r011490	no_hit				0	0	0	0	0	0	[]	[]	[]	[]
ecoli50_r011491	no_hit				0	0	0	0	0	0	[]	[]	[]	[]
ecoli50_r011492	no_hit				0	0	0	0	0	0	[]	[]	[]	[]
ecoli50_r011493	no_hit				0	0	0	0	0	0	[]	[]	[]	[]
ecoli50_r011494	no_hit				0	0	0	0	0	0	[]	[]	[]	[]
ecoli50_r011495	no_hit				0	0	0	0	0	0	[]	[]	[]	[]
ecoli50_r011496	no_hit				0	0	0	0	0	0	[]	[]	[]	[]
ecoli50_r011497	no_hit				0	0	0	0	0	0	[]	[]	[]	[]
ecoli50_r011498	no_hit				0	0	0	0	0	0	[]	[]	[]	[]
ecoli50_r011499	no_hit				0	0	0	0	0	0	[]	[]	[]	[]
ecoli50_r011500	no_hit				0	0	0	0	0	0	[]	[]	[]	[]
ecoli50_r011501	no_hit				0	0	0	0	0	0	[]	[]	[]	[]
ecoli50_r011502	no_hit				0	0	0	0	0	0	[]	[]	[]	[]
ecoli50_r011503	no_hit				0	0	0	0	0	0	[]	[]	[]	[]
ecoli50_r011504	no_hit				0	0	0	0	0	0	[]	[]	[]	[]
ecoli50_r011505	no_hit				0	0	0	0	0	0	[]	[]	[]	[]
ecoli50_r011506	no_hit				0	0	0	0	0	0	[]	[]	[]	[]
ecoli50_r011507	no_hit				0	0	0	0	0	0	[]	[]	[]	[]
ecoli50_r011508	no_hit				0	0	0	0	0	0	[]	[]	[]	[]
ecoli50_r011509	no_hit				0	0	0	0	0	0	[]	[]	[]	[]
ecoli50_r011510	no_hit				0	0	0	0	0	0	[]	[]	[]	[]
ecoli50_r011511	no_hit				0	0	0	0	0	0	[]	[]	[]	[]
ecoli50_r011512	no_hit				0	0	0	0	0	0	[]	[]	[]	[]
ecoli50_r011513	no_hit				0	0	0	0	0	0	[]	[]	[]	[]
ecoli50_r011514	no_hit				0	0	0	0	0	0	[]	[]	[]	[]
ecoli50_r011515	no_hit				0	0	0	0	0	0	[]	[]	[]	[]
ecoli50_r011516	no_hit				0	0	0	0	0	0	[]	[]	[]	[]
ecoli50_r011517	no_hit				0	0	0	0	0	0	[]	[]	[]	[]
ecoli50_r011518	no_hit				0	0	0	0	0	0	[]	[]	[]	[]
ecoli50_r011519	no_hit				0	0	0	0	0	0	[]	[]	[]	[]
ecoli50_r011520	no_hit				0	0	0	0	0	0	[]	[]	[]	[]
ecoli50_r011521	no_hit				0	0	0	0	0	0	[]	[]	[]	[]
ecoli50_r011522	no_hit				0	0	0	0	0	0	[]	[]	[]	[]
ecoli50_r011523	no_hit				0	0	0	0	0	0	[]	[]	[]	[]
ecoli50_r011524	no_hit				0	0	0	0	0	0	[]	[]	[]	[]
ecoli50_r011525	no_hit				0	0	0	0	0	0	[]	[]	[]	[]
ecoli50_r011526	no_hit				0	0	0	0	0	0	[]	[]	[]	[]
ecoli50_r011527	no_hit				0	0	0	0	0	0	[]	[]	[]	[]
ecoli50_r011528	no_hit				0	0	0	0	0	0	[]	[]	[]	[]
ecoli50_r011529	no_hit				0	0	0	0	0	0	[]	[]	[]	[]
ecoli50_r011530	no_hit				0	0	0	0	0	0	[]	[]	[]	[]
ecoli50_r011531	no_hit				0	0	0	0	0	0	[]	[]	[]	[]
ecoli50_r011532	no_hit				0	0	0	0	0	0	[]	[]	[]	[]
ecoli50_r011533	no_hit				0	0	0	0	0	0	[]	[]	[]	[]
ecoli50_r011534	no_hit				0	0	0	0	0	0	[]	[]	[]	[]
ecoli50_r011535	no_hit				0	0	0	0	0	0	[]	[]	[]	[]
ecoli50_r011536	no_hit				0	0	0	0	0	0	[]	[]	[]	[]
ecoli50_r011537	no_hit				0	0	0	0	0	0	[]	[]	[]	[]
ecoli50_r011538	negative_only				0	1	0	1	0	1	[]	"[""2696""]"	[]	"[[11,""reverse"",81,""2696""]]"
ecoli50_r011539	no_hit				0	0	0	0	0	0	[]	[]	[]	[]
ecoli50_r011540	no_hit				0	0	0	0	0	0	[]	[]	[]	[]
ecoli50_r011541	no_hit				0	0	0	0	0	0	[]	[]	[]	[]
ecoli50_r011542	no_hit				0	0	0	0	0	0	[]	[]	[]	[]
ecoli50_r011543	no_hit				0	0	0	0	0	0	[]	[]	[]	[]
ecoli50_r011544	no_hit				0	0	0	0	0	0	[]	[]	[]	[]
ecoli50_r011545	no_hit				0	0	0	0	0	0	[]	[]	[]	[]
ecoli50_r011546	no_hit				0	0	0	0	0	0	[]	[]	[]	[]
ecoli50_r011547	no_hit				0	0	0	0	0	0	[]	[]	[]	[]
ecoli50_r011548	position_consistent_positive	11	forward	81	1	0	1	0	1	0	"[""2749""]"	[]	"[[11,""forward"",81,""2749""]]"	[]
ecoli50_r011549	position_consistent_positive	4	reverse	81	1	0	1	0	1	0	"[""1728""]"	[]	"[[4,""reverse"",81,""1728""]]"	[]
ecoli50_r011550	no_hit				0	0	0	0	0	0	[]	[]	[]	[]
ecoli50_r011551	no_hit				0	0	0	0	0	0	[]	[]	[]	[]
ecoli50_r011552	no_hit				0	0	0	0	0	0	[]	[]	[]	[]
ecoli50_r011553	no_hit				0	0	0	0	0	0	[]	[]	[]	[]
ecoli50_r011554	no_hit				0	0	0	0	0	0	[]	[]	[]	[]
ecoli50_r011555	no_hit				0	0	0	0	0	0	[]	[]	[]	[]
ecoli50_r011556	no_hit				0	0	0	0	0	0	[]	[]	[]	[]
ecoli50_r011557	no_hit				0	0	0	0	0	0	[]	[]	[]	[]
ecoli50_r011558	no_hit				0	0	0	0	0	0	[]	[]	[]	[]
ecoli50_r011559	no_hit				0	0	0	0	0	0	[]	[]	[]	[]
ecoli50_r011560	no_hit				0	0	0	0	0	0	[]	[]	[]	[]
ecoli50_r011561	no_hit				0	0	0	0	0	0	[]	[]	[]	[]
ecoli50_r011562	no_hit				0	0	0	0	0	0	[]	[]	[]	[]
ecoli50_r011563	no_hit				0	0	0	0	0	0	[]	[]	[]	[]
ecoli50_r011564	no_hit				0	0	0	0	0	0	[]	[]	[]	[]
ecoli50_r011565	no_hit				0	0	0	0	0	0	[]	[]	[]	[]
ecoli50_r011566	no_hit				0	0	0	0	0	0	[]	[]	[]	[]
ecoli50_r011567	no_hit				0	0	0	0	0	0	[]	[]	[]	[]
ecoli50_r011568	no_hit				0	0	0	0	0	0	[]	[]	[]	[]
ecoli50_r011569	no_hit				0	0	0	0	0	0	[]	[]	[]	[]
ecoli50_r011570	no_hit				0	0	0	0	0	0	[]	[]	[]	[]
ecoli50_r011571	no_hit				0	0	0	0	0	0	[]	[]	[]	[]
ecoli50_r011572	no_hit				0	0	0	0	0	0	[]	[]	[]	[]
ecoli50_r011573	no_hit				0	0	0	0	0	0	[]	[]	[]	[]
ecoli50_r011574	no_hit				0	0	0	0	0	0	[]	[]	[]	[]
ecoli50_r011575	no_hit				0	0	0	0	0	0	[]	[]	[]	[]
ecoli50_r011576	no_hit				0	0	0	0	0	0	[]	[]	[]	[]
ecoli50_r011577	no_hit				0	0	0	0	0	0	[]	[]	[]	[]
ecoli50_r011578	no_hit				0	0	0	0	0	0	[]	[]	[]	[]
ecoli50_r011579	no_hit				0	0	0	0	0	0	[]	[]	[]	[]
ecoli50_r011580	no_hit				0	0	0	0	0	0	[]	[]	[]	[]
ecoli50_r011581	no_hit				0	0	0	0	0	0	[]	[]	[]	[]
ecoli50_r011582	no_hit				0	0	0	0	0	0	[]	[]	[]	[]
ecoli50_r011583	no_hit				0	0	0	0	0	0	[]	[]	[]	[]
ecoli50_r011584	no_hit				0	0	0	0	0	0	[]	[]	[]	[]
ecoli50_r011585	no_hit				0	0	0	0	0	0	[]	[]	[]	[]
ecoli50_r011586	no_hit				0	0	0	0	0	0	[]	[]	[]	[]
ecoli50_r011587	no_hit				0	0	0	0	0	0	[]	[]	[]	[]
ecoli50_r011588	no_hit				0	0	0	0	0	0	[]	[]	[]	[]
ecoli50_r011589	no_hit				0	0	0	0	0	0	[]	[]	[]	[]
ecoli50_r011590	no_hit				0	0	0	0	0	0	[]	[]	[]	[]
ecoli50_r011591	no_hit				0	0	0	0	0	0	[]	[]	[]	[]
ecoli50_r011592	no_hit				0	0	0	0	0	0	[]	[]	[]	[]
ecoli50_r011593	no_hit				0	0	0	0	0	0	[]	[]	[]	[]
ecoli50_r011594	no_hit				0	0	0	0	0	0	[]	[]	[]	[]
ecoli50_r011595	no_hit				0	0	0	0	0	0	[]	[]	[]	[]
ecoli50_r011596	no_hit				0	0	0	0	0	0	[]	[]	[]	[]
ecoli50_r011597	no_hit				0	0	0	0	0	0	[]	[]	[]	[]
ecoli50_r011598	no_hit				0	0	0	0	0	0	[]	[]	[]	[]
ecoli50_r011599	no_hit				0	0	0	0	0	0	[]	[]	[]	[]
ecoli50_r011600	no_hit				0	0	0	0	0	0	[]	[]	[]	[]
ecoli50_r011601	no_hit				0	0	0	0	0	0	[]	[]	[]	[]
ecoli50_r011602	no_hit				0	0	0	0	0	0	[]	[]	[]	[]
ecoli50_r011603	no_hit				0	0	0	0	0	0	[]	[]	[]	[]
ecoli50_r011604	no_hit				0	0	0	0	0	0	[]	[]	[]	[]
ecoli50_r011605	no_hit				0	0	0	0	0	0	[]	[]	[]	[]
ecoli50_r011606	no_hit				0	0	0	0	0	0	[]	[]	[]	[]
ecoli50_r011607	no_hit				0	0	0	0	0	0	[]	[]	[]	[]
ecoli50_r011608	no_hit				0	0	0	0	0	0	[]	[]	[]	[]
ecoli50_r011609	no_hit				0	0	0	0	0	0	[]	[]	[]	[]
ecoli50_r011610	no_hit				0	0	0	0	0	0	[]	[]	[]	[]
ecoli50_r011611	no_hit				0	0	0	0	0	0	[]	[]	[]	[]
ecoli50_r011612	no_hit				0	0	0	0	0	0	[]	[]	[]	[]
ecoli50_r011613	no_hit				0	0	0	0	0	0	[]	[]	[]	[]
ecoli50_r011614	no_hit				0	0	0	0	0	0	[]	[]	[]	[]
ecoli50_r011615	no_hit				0	0	0	0	0	0	[]	[]	[]	[]
ecoli50_r011616	no_hit				0	0	0	0	0	0	[]	[]	[]	[]
ecoli50_r011617	no_hit				0	0	0	0	0	0	[]	[]	[]	[]
ecoli50_r011618	no_hit				0	0	0	0	0	0	[]	[]	[]	[]
ecoli50_r011619	no_hit				0	0	0	0	0	0	[]	[]	[]	[]
ecoli50_r011620	no_hit				0	0	0	0	0	0	[]	[]	[]	[]
ecoli50_r011621	no_hit				0	0	0	0	0	0	[]	[]	[]	[]
ecoli50_r011622	no_hit				0	0	0	0	0	0	[]	[]	[]	[]
ecoli50_r011623	no_hit				0	0	0	0	0	0	[]	[]	[]	[]
ecoli50_r011624	no_hit				0	0	0	0	0	0	[]	[]	[]	[]
ecoli50_r011625	no_hit				0	0	0	0	0	0	[]	[]	[]	[]
ecoli50_r011626	no_hit				0	0	0	0	0	0	[]	[]	[]	[]
ecoli50_r011627	no_hit				0	0	0	0	0	0	[]	[]	[]	[]
ecoli50_r011628	no_hit				0	0	0	0	0	0	[]	[]	[]	[]
ecoli50_r011629	no_hit				0	0	0	0	0	0	[]	[]	[]	[]
ecoli50_r011630	no_hit				0	0	0	0	0	0	[]	[]	[]	[]
ecoli50_r011631	no_hit				0	0	0	0	0	0	[]	[]	[]	[]
ecoli50_r011632	no_hit				0	0	0	0	0	0	[]	[]	[]	[]
ecoli50_r011633	no_hit				0	0	0	0	0	0	[]	[]	[]	[]
ecoli50_r011634	no_hit				0	0	0	0	0	0	[]	[]	[]	[]
ecoli50_r011635	no_hit				0	0	0	0	0	0	[]	[]	[]	[]
ecoli50_r011636	no_hit				0	0	0	0	0	0	[]	[]	[]	[]
ecoli50_r011637	no_hit				0	0	0	0	0	0	[]	[]	[]	[]
ecoli50_r011638	no_hit				0	0	0	0	0	0	[]	[]	[]	[]
ecoli50_r011639	no_hit				0	0	0	0	0	0	[]	[]	[]	[]
ecoli50_r011640	no_hit				0	0	0	0	0	0	[]	[]	[]	[]
ecoli50_r011641	no_hit				0	0	0	0	0	0	[]	[]	[]	[]
ecoli50_r011642	no_hit				0	0	0	0	0	0	[]	[]	[]	[]
ecoli50_r011643	no_hit				0	0	0	0	0	0	[]	[]	[]	[]
ecoli50_r011644	no_hit				0	0	0	0	0	0	[]	[]	[]	[]
ecoli50_r011645	no_hit				0	0	0	0	0	0	[]	[]	[]	[]
ecoli50_r011646	no_hit				0	0	0	0	0	0	[]	[]	[]	[]
ecoli50_r011647	no_hit				0	0	0	0	0	0	[]	[]	[]	[]
ecoli50_r011648	no_hit				0	0	0	0	0	0	[]	[]	[]	[]
ecoli50_r011649	no_hit				0	0	0	0	0	0	[]	[]	[]	[]
ecoli50_r011650	no_hit				0	0	0	0	0	0	[]	[]	[]	[]
ecoli50_r011651	no_hit				0	0	0	0	0	0	[]	[]	[]	[]
ecoli50_r011652	no_hit				0	0	0	0	0	0	[]	[]	[]	[]
ecoli50_r011653	no_hit				0	0	0	0	0	0	[]	[]	[]	[]
ecoli50_r011654	no_hit				0	0	0	0	0	0	[]	[]	[]	[]
ecoli50_r011655	no_hit				0	0	0	0	0	0	[]	[]	[]	[]
ecoli50_r011656	no_hit				0	0	0	0	0	0	[]	[]	[]	[]
ecoli50_r011657	no_hit				0	0	0	0	0	0	[]	[]	[]	[]
ecoli50_r011658	no_hit				0	0	0	0	0	0	[]	[]	[]	[]
ecoli50_r011659	no_hit				0	0	0	0	0	0	[]	[]	[]	[]
ecoli50_r011660	no_hit				0	0	0	0	0	0	[]	[]	[]	[]
ecoli50_r011661	no_hit				0	0	0	0	0	0	[]	[]	[]	[]
ecoli50_r011662	no_hit				0	0	0	0	0	0	[]	[]	[]	[]
ecoli50_r011663	no_hit				0	0	0	0	0	0	[]	[]	[]	[]
ecoli50_r011664	position_consistent_positive	12	forward	81	1	0	1	0	1	0	"[""3091""]"	[]	"[[12,""forward"",81,""3091""]]"	[]
ecoli50_r011665	no_hit				0	0	0	0	0	0	[]	[]	[]	[]
ecoli50_r011666	no_hit				0	0	0	0	0	0	[]	[]	[]	[]
ecoli50_r011667	position_consistent_positive	28	forward	81	1	0	1	0	1	0	"[""3008""]"	[]	"[[28,""forward"",81,""3008""]]"	[]
ecoli50_r011668	no_hit				0	0	0	0	0	0	[]	[]	[]	[]
ecoli50_r011669	no_hit				0	0	0	0	0	0	[]	[]	[]	[]
ecoli50_r011670	no_hit				0	0	0	0	0	0	[]	[]	[]	[]
ecoli50_r011671	no_hit				0	0	0	0	0	0	[]	[]	[]	[]
ecoli50_r011672	no_hit				0	0	0	0	0	0	[]	[]	[]	[]
ecoli50_r011673	no_hit				0	0	0	0	0	0	[]	[]	[]	[]
ecoli50_r011674	no_hit				0	0	0	0	0	0	[]	[]	[]	[]
ecoli50_r011675	no_hit				0	0	0	0	0	0	[]	[]	[]	[]
ecoli50_r011676	no_hit				0	0	0	0	0	0	[]	[]	[]	[]
ecoli50_r011677	no_hit				0	0	0	0	0	0	[]	[]	[]	[]
ecoli50_r011678	no_hit				0	0	0	0	0	0	[]	[]	[]	[]
ecoli50_r011679	no_hit				0	0	0	0	0	0	[]	[]	[]	[]
ecoli50_r011680	no_hit				0	0	0	0	0	0	[]	[]	[]	[]
ecoli50_r011681	no_hit				0	0	0	0	0	0	[]	[]	[]	[]
ecoli50_r011682	no_hit				0	0	0	0	0	0	[]	[]	[]	[]
ecoli50_r011683	no_hit				0	0	0	0	0	0	[]	[]	[]	[]
ecoli50_r011684	no_hit				0	0	0	0	0	0	[]	[]	[]	[]
ecoli50_r011685	no_hit				0	0	0	0	0	0	[]	[]	[]	[]
ecoli50_r011686	no_hit				0	0	0	0	0	0	[]	[]	[]	[]
ecoli50_r011687	no_hit				0	0	0	0	0	0	[]	[]	[]	[]
ecoli50_r011688	no_hit				0	0	0	0	0	0	[]	[]	[]	[]
ecoli50_r011689	no_hit				0	0	0	0	0	0	[]	[]	[]	[]
ecoli50_r011690	no_hit				0	0	0	0	0	0	[]	[]	[]	[]
ecoli50_r011691	no_hit				0	0	0	0	0	0	[]	[]	[]	[]
ecoli50_r011692	no_hit				0	0	0	0	0	0	[]	[]	[]	[]
ecoli50_r011693	no_hit				0	0	0	0	0	0	[]	[]	[]	[]
ecoli50_r011694	no_hit				0	0	0	0	0	0	[]	[]	[]	[]
ecoli50_r011695	no_hit				0	0	0	0	0	0	[]	[]	[]	[]
ecoli50_r011696	no_hit				0	0	0	0	0	0	[]	[]	[]	[]
ecoli50_r011697	no_hit				0	0	0	0	0	0	[]	[]	[]	[]
ecoli50_r011698	no_hit				0	0	0	0	0	0	[]	[]	[]	[]
ecoli50_r011699	no_hit				0	0	0	0	0	0	[]	[]	[]	[]
ecoli50_r011700	no_hit				0	0	0	0	0	0	[]	[]	[]	[]
ecoli50_r011701	no_hit				0	0	0	0	0	0	[]	[]	[]	[]
ecoli50_r011702	no_hit				0	0	0	0	0	0	[]	[]	[]	[]
ecoli50_r011703	no_hit				0	0	0	0	0	0	[]	[]	[]	[]
ecoli50_r011704	no_hit				0	0	0	0	0	0	[]	[]	[]	[]
ecoli50_r011705	no_hit				0	0	0	0	0	0	[]	[]	[]	[]
ecoli50_r011706	no_hit				0	0	0	0	0	0	[]	[]	[]	[]
ecoli50_r011707	no_hit				0	0	0	0	0	0	[]	[]	[]	[]
ecoli50_r011708	no_hit				0	0	0	0	0	0	[]	[]	[]	[]
ecoli50_r011709	no_hit				0	0	0	0	0	0	[]	[]	[]	[]
ecoli50_r011710	no_hit				0	0	0	0	0	0	[]	[]	[]	[]
ecoli50_r011711	no_hit				0	0	0	0	0	0	[]	[]	[]	[]
ecoli50_r011712	position_consistent_positive	10	forward	81	1	0	1	0	1	0	"[""550""]"	[]	"[[10,""forward"",81,""550""]]"	[]
ecoli50_r011713	no_hit				0	0	0	0	0	0	[]	[]	[]	[]
ecoli50_r011714	no_hit				0	0	0	0	0	0	[]	[]	[]	[]
ecoli50_r011715	no_hit				0	0	0	0	0	0	[]	[]	[]	[]
ecoli50_r011716	no_hit				0	0	0	0	0	0	[]	[]	[]	[]
ecoli50_r011717	no_hit				0	0	0	0	0	0	[]	[]	[]	[]
ecoli50_r011718	no_hit				0	0	0	0	0	0	[]	[]	[]	[]
ecoli50_r011719	no_hit				0	0	0	0	0	0	[]	[]	[]	[]
ecoli50_r011720	no_hit				0	0	0	0	0	0	[]	[]	[]	[]
ecoli50_r011721	no_hit				0	0	0	0	0	0	[]	[]	[]	[]
ecoli50_r011722	no_hit				0	0	0	0	0	0	[]	[]	[]	[]
ecoli50_r011723	no_hit				0	0	0	0	0	0	[]	[]	[]	[]
ecoli50_r011724	no_hit				0	0	0	0	0	0	[]	[]	[]	[]
ecoli50_r011725	no_hit				0	0	0	0	0	0	[]	[]	[]	[]
ecoli50_r011726	no_hit				0	0	0	0	0	0	[]	[]	[]	[]
ecoli50_r011727	no_hit				0	0	0	0	0	0	[]	[]	[]	[]
ecoli50_r011728	no_hit				0	0	0	0	0	0	[]	[]	[]	[]
ecoli50_r011729	no_hit				0	0	0	0	0	0	[]	[]	[]	[]
ecoli50_r011730	no_hit				0	0	0	0	0	0	[]	[]	[]	[]
ecoli50_r011731	no_hit				0	0	0	0	0	0	[]	[]	[]	[]
ecoli50_r011732	no_hit				0	0	0	0	0	0	[]	[]	[]	[]
ecoli50_r011733	no_hit				0	0	0	0	0	0	[]	[]	[]	[]
ecoli50_r011734	no_hit				0	0	0	0	0	0	[]	[]	[]	[]
ecoli50_r011735	no_hit				0	0	0	0	0	0	[]	[]	[]	[]
ecoli50_r011736	ambiguous_positive				2	0	2	0	2	0	"[""2786"",""3153""]"	[]	"[[11,""forward"",81,""2786""],[14,""forward"",81,""3153""]]"	[]
ecoli50_r011737	no_hit				0	0	0	0	0	0	[]	[]	[]	[]
ecoli50_r011738	no_hit				0	0	0	0	0	0	[]	[]	[]	[]
ecoli50_r011739	no_hit				0	0	0	0	0	0	[]	[]	[]	[]
ecoli50_r011740	no_hit				0	0	0	0	0	0	[]	[]	[]	[]
ecoli50_r011741	no_hit				0	0	0	0	0	0	[]	[]	[]	[]
ecoli50_r011742	no_hit				0	0	0	0	0	0	[]	[]	[]	[]
ecoli50_r011743	no_hit				0	0	0	0	0	0	[]	[]	[]	[]
ecoli50_r011744	no_hit				0	0	0	0	0	0	[]	[]	[]	[]
ecoli50_r011745	no_hit				0	0	0	0	0	0	[]	[]	[]	[]
ecoli50_r011746	no_hit				0	0	0	0	0	0	[]	[]	[]	[]
ecoli50_r011747	no_hit				0	0	0	0	0	0	[]	[]	[]	[]
ecoli50_r011748	no_hit				0	0	0	0	0	0	[]	[]	[]	[]
ecoli50_r011749	no_hit				0	0	0	0	0	0	[]	[]	[]	[]
ecoli50_r011750	no_hit				0	0	0	0	0	0	[]	[]	[]	[]
ecoli50_r011751	no_hit				0	0	0	0	0	0	[]	[]	[]	[]
ecoli50_r011752	no_hit				0	0	0	0	0	0	[]	[]	[]	[]
ecoli50_r011753	no_hit				0	0	0	0	0	0	[]	[]	[]	[]
ecoli50_r011754	no_hit				0	0	0	0	0	0	[]	[]	[]	[]
ecoli50_r011755	no_hit				0	0	0	0	0	0	[]	[]	[]	[]
ecoli50_r011756	no_hit				0	0	0	0	0	0	[]	[]	[]	[]
ecoli50_r011757	no_hit				0	0	0	0	0	0	[]	[]	[]	[]
ecoli50_r011758	no_hit				0	0	0	0	0	0	[]	[]	[]	[]
ecoli50_r011759	no_hit				0	0	0	0	0	0	[]	[]	[]	[]
ecoli50_r011760	no_hit				0	0	0	0	0	0	[]	[]	[]	[]
ecoli50_r011761	no_hit				0	0	0	0	0	0	[]	[]	[]	[]
ecoli50_r011762	no_hit				0	0	0	0	0	0	[]	[]	[]	[]
ecoli50_r011763	no_hit				0	0	0	0	0	0	[]	[]	[]	[]
ecoli50_r011764	no_hit				0	0	0	0	0	0	[]	[]	[]	[]
ecoli50_r011765	no_hit				0	0	0	0	0	0	[]	[]	[]	[]
ecoli50_r011766	no_hit				0	0	0	0	0	0	[]	[]	[]	[]
ecoli50_r011767	no_hit				0	0	0	0	0	0	[]	[]	[]	[]
ecoli50_r011768	no_hit				0	0	0	0	0	0	[]	[]	[]	[]
ecoli50_r011769	no_hit				0	0	0	0	0	0	[]	[]	[]	[]
ecoli50_r011770	no_hit				0	0	0	0	0	0	[]	[]	[]	[]
ecoli50_r011771	no_hit				0	0	0	0	0	0	[]	[]	[]	[]
ecoli50_r011772	no_hit				0	0	0	0	0	0	[]	[]	[]	[]
ecoli50_r011773	no_hit				0	0	0	0	0	0	[]	[]	[]	[]
ecoli50_r011774	no_hit				0	0	0	0	0	0	[]	[]	[]	[]
ecoli50_r011775	position_consistent_positive	11	forward	81	1	0	1	0	1	0	"[""836""]"	[]	"[[11,""forward"",81,""836""]]"	[]
ecoli50_r011776	position_consistent_positive	11	forward	81	1	0	1	0	1	0	"[""986""]"	[]	"[[11,""forward"",81,""986""]]"	[]
ecoli50_r011777	no_hit				0	0	0	0	0	0	[]	[]	[]	[]
ecoli50_r011778	no_hit				0	0	0	0	0	0	[]	[]	[]	[]
ecoli50_r011779	no_hit				0	0	0	0	0	0	[]	[]	[]	[]
ecoli50_r011780	no_hit				0	0	0	0	0	0	[]	[]	[]	[]
ecoli50_r011781	no_hit				0	0	0	0	0	0	[]	[]	[]	[]
ecoli50_r011782	no_hit				0	0	0	0	0	0	[]	[]	[]	[]
ecoli50_r011783	no_hit				0	0	0	0	0	0	[]	[]	[]	[]
ecoli50_r011784	no_hit				0	0	0	0	0	0	[]	[]	[]	[]
ecoli50_r011785	no_hit				0	0	0	0	0	0	[]	[]	[]	[]
ecoli50_r011786	no_hit				0	0	0	0	0	0	[]	[]	[]	[]
ecoli50_r011787	no_hit				0	0	0	0	0	0	[]	[]	[]	[]
ecoli50_r011788	no_hit				0	0	0	0	0	0	[]	[]	[]	[]
ecoli50_r011789	no_hit				0	0	0	0	0	0	[]	[]	[]	[]
ecoli50_r011790	no_hit				0	0	0	0	0	0	[]	[]	[]	[]
ecoli50_r011791	no_hit				0	0	0	0	0	0	[]	[]	[]	[]
ecoli50_r011792	no_hit				0	0	0	0	0	0	[]	[]	[]	[]
ecoli50_r011793	no_hit				0	0	0	0	0	0	[]	[]	[]	[]
ecoli50_r011794	no_hit				0	0	0	0	0	0	[]	[]	[]	[]
ecoli50_r011795	no_hit				0	0	0	0	0	0	[]	[]	[]	[]
ecoli50_r011796	no_hit				0	0	0	0	0	0	[]	[]	[]	[]
ecoli50_r011797	no_hit				0	0	0	0	0	0	[]	[]	[]	[]
ecoli50_r011798	no_hit				0	0	0	0	0	0	[]	[]	[]	[]
ecoli50_r011799	negative_only				0	1	0	1	0	1	[]	"[""3194""]"	[]	"[[1,""forward"",81,""3194""]]"
ecoli50_r011800	negative_only				0	1	0	1	0	1	[]	"[""3194""]"	[]	"[[5,""reverse"",81,""3194""]]"
ecoli50_r011801	no_hit				0	0	0	0	0	0	[]	[]	[]	[]
ecoli50_r011802	no_hit				0	0	0	0	0	0	[]	[]	[]	[]
ecoli50_r011803	no_hit				0	0	0	0	0	0	[]	[]	[]	[]
ecoli50_r011804	no_hit				0	0	0	0	0	0	[]	[]	[]	[]
ecoli50_r011805	no_hit				0	0	0	0	0	0	[]	[]	[]	[]
ecoli50_r011806	no_hit				0	0	0	0	0	0	[]	[]	[]	[]
ecoli50_r011807	no_hit				0	0	0	0	0	0	[]	[]	[]	[]
ecoli50_r011808	no_hit				0	0	0	0	0	0	[]	[]	[]	[]
ecoli50_r011809	no_hit				0	0	0	0	0	0	[]	[]	[]	[]
ecoli50_r011810	no_hit				0	0	0	0	0	0	[]	[]	[]	[]
ecoli50_r011811	no_hit				0	0	0	0	0	0	[]	[]	[]	[]
ecoli50_r011812	no_hit				0	0	0	0	0	0	[]	[]	[]	[]
ecoli50_r011813	position_consistent_positive	10	forward	81	1	0	1	0	1	0	"[""314""]"	[]	"[[10,""forward"",81,""314""]]"	[]
ecoli50_r011814	no_hit				0	0	0	0	0	0	[]	[]	[]	[]
ecoli50_r011815	no_hit				0	0	0	0	0	0	[]	[]	[]	[]
ecoli50_r011816	no_hit				0	0	0	0	0	0	[]	[]	[]	[]
ecoli50_r011817	no_hit				0	0	0	0	0	0	[]	[]	[]	[]
ecoli50_r011818	no_hit				0	0	0	0	0	0	[]	[]	[]	[]
ecoli50_r011819	no_hit				0	0	0	0	0	0	[]	[]	[]	[]
ecoli50_r011820	no_hit				0	0	0	0	0	0	[]	[]	[]	[]
ecoli50_r011821	no_hit				0	0	0	0	0	0	[]	[]	[]	[]
ecoli50_r011822	no_hit				0	0	0	0	0	0	[]	[]	[]	[]
ecoli50_r011823	no_hit				0	0	0	0	0	0	[]	[]	[]	[]
ecoli50_r011824	no_hit				0	0	0	0	0	0	[]	[]	[]	[]
ecoli50_r011825	no_hit				0	0	0	0	0	0	[]	[]	[]	[]
ecoli50_r011826	no_hit				0	0	0	0	0	0	[]	[]	[]	[]
ecoli50_r011827	no_hit				0	0	0	0	0	0	[]	[]	[]	[]
ecoli50_r011828	no_hit				0	0	0	0	0	0	[]	[]	[]	[]
ecoli50_r011829	no_hit				0	0	0	0	0	0	[]	[]	[]	[]
ecoli50_r011830	no_hit				0	0	0	0	0	0	[]	[]	[]	[]
ecoli50_r011831	no_hit				0	0	0	0	0	0	[]	[]	[]	[]
ecoli50_r011832	no_hit				0	0	0	0	0	0	[]	[]	[]	[]
ecoli50_r011833	no_hit				0	0	0	0	0	0	[]	[]	[]	[]
ecoli50_r011834	no_hit				0	0	0	0	0	0	[]	[]	[]	[]
ecoli50_r011835	no_hit				0	0	0	0	0	0	[]	[]	[]	[]
ecoli50_r011836	no_hit				0	0	0	0	0	0	[]	[]	[]	[]
ecoli50_r011837	no_hit				0	0	0	0	0	0	[]	[]	[]	[]
ecoli50_r011838	no_hit				0	0	0	0	0	0	[]	[]	[]	[]
ecoli50_r011839	no_hit				0	0	0	0	0	0	[]	[]	[]	[]
ecoli50_r011840	no_hit				0	0	0	0	0	0	[]	[]	[]	[]
ecoli50_r011841	no_hit				0	0	0	0	0	0	[]	[]	[]	[]
ecoli50_r011842	position_consistent_positive	16	reverse	81	1	0	1	0	1	0	"[""91""]"	[]	"[[16,""reverse"",81,""91""]]"	[]
ecoli50_r011843	no_hit				0	0	0	0	0	0	[]	[]	[]	[]
ecoli50_r011844	no_hit				0	0	0	0	0	0	[]	[]	[]	[]
ecoli50_r011845	no_hit				0	0	0	0	0	0	[]	[]	[]	[]
ecoli50_r011846	no_hit				0	0	0	0	0	0	[]	[]	[]	[]
ecoli50_r011847	no_hit				0	0	0	0	0	0	[]	[]	[]	[]
ecoli50_r011848	no_hit				0	0	0	0	0	0	[]	[]	[]	[]
ecoli50_r011849	ambiguous_positive				2	0	2	0	2	0	"[""2279"",""2481""]"	[]	"[[8,""forward"",81,""2279""],[11,""forward"",81,""2481""]]"	[]
ecoli50_r011850	no_hit				0	0	0	0	0	0	[]	[]	[]	[]
ecoli50_r011851	no_hit				0	0	0	0	0	0	[]	[]	[]	[]
ecoli50_r011852	no_hit				0	0	0	0	0	0	[]	[]	[]	[]
ecoli50_r011853	no_hit				0	0	0	0	0	0	[]	[]	[]	[]
ecoli50_r011854	no_hit				0	0	0	0	0	0	[]	[]	[]	[]
ecoli50_r011855	no_hit				0	0	0	0	0	0	[]	[]	[]	[]
ecoli50_r011856	no_hit				0	0	0	0	0	0	[]	[]	[]	[]
ecoli50_r011857	no_hit				0	0	0	0	0	0	[]	[]	[]	[]
ecoli50_r011858	no_hit				0	0	0	0	0	0	[]	[]	[]	[]
ecoli50_r011859	no_hit				0	0	0	0	0	0	[]	[]	[]	[]
ecoli50_r011860	no_hit				0	0	0	0	0	0	[]	[]	[]	[]
ecoli50_r011861	no_hit				0	0	0	0	0	0	[]	[]	[]	[]
ecoli50_r011862	no_hit				0	0	0	0	0	0	[]	[]	[]	[]
ecoli50_r011863	no_hit				0	0	0	0	0	0	[]	[]	[]	[]
ecoli50_r011864	no_hit				0	0	0	0	0	0	[]	[]	[]	[]
ecoli50_r011865	position_consistent_positive	10	forward	81	1	0	1	0	1	0	"[""2281""]"	[]	"[[10,""forward"",81,""2281""]]"	[]
ecoli50_r011866	no_hit				0	0	0	0	0	0	[]	[]	[]	[]
ecoli50_r011867	no_hit				0	0	0	0	0	0	[]	[]	[]	[]
ecoli50_r011868	no_hit				0	0	0	0	0	0	[]	[]	[]	[]
ecoli50_r011869	no_hit				0	0	0	0	0	0	[]	[]	[]	[]
ecoli50_r011870	no_hit				0	0	0	0	0	0	[]	[]	[]	[]
ecoli50_r011871	negative_only				0	1	0	1	0	1	[]	"[""38""]"	[]	"[[8,""forward"",81,""38""]]"
ecoli50_r011872	no_hit				0	0	0	0	0	0	[]	[]	[]	[]
ecoli50_r011873	no_hit				0	0	0	0	0	0	[]	[]	[]	[]
ecoli50_r011874	no_hit				0	0	0	0	0	0	[]	[]	[]	[]
ecoli50_r011875	no_hit				0	0	0	0	0	0	[]	[]	[]	[]
ecoli50_r011876	no_hit				0	0	0	0	0	0	[]	[]	[]	[]
ecoli50_r011877	no_hit				0	0	0	0	0	0	[]	[]	[]	[]
ecoli50_r011878	position_consistent_positive	14	forward	81	1	0	1	0	1	0	"[""1680""]"	[]	"[[14,""forward"",81,""1680""]]"	[]
ecoli50_r011879	no_hit				0	0	0	0	0	0	[]	[]	[]	[]
ecoli50_r011880	position_consistent_positive	2	forward	81	1	0	1	0	1	0	"[""190""]"	[]	"[[2,""forward"",81,""190""]]"	[]
ecoli50_r011881	no_hit				0	0	0	0	0	0	[]	[]	[]	[]
ecoli50_r011882	no_hit				0	0	0	0	0	0	[]	[]	[]	[]
ecoli50_r011883	no_hit				0	0	0	0	0	0	[]	[]	[]	[]
ecoli50_r011884	no_hit				0	0	0	0	0	0	[]	[]	[]	[]
