sample_id	strength	target_log10	split	gc	matched
ecoli50_r000001	1951.41	3.290348526201586	val	0.34	False
ecoli50_r000002	36.84	1.5663196215248114	train	0.3	False
ecoli50_r000003	2355.75	3.372129199790205	train	0.24	False
ecoli50_r000004	1262.81	3.101338012345634	train	0.46	False
ecoli50_r000005	203.37	2.308286888629105	train	0.46	False
ecoli50_r000006	647.24	2.8110653492137176	val	0.5	False
ecoli50_r000007	321.78	2.5075590473467115	train	0.48	False
ecoli50_r000008	4936.67	3.693434097045527	train	0.52	False
ecoli50_r000009	89.16	1.9501700598082	train	0.4	False
ecoli50_r000010	139.7	2.1451964061141817	val	0.46	False
ecoli50_r000011	58.95	1.770483809431108	test	0.5	False
ecoli50_r000012	58.95	1.770483809431108	train	0.3	True
ecoli50_r000013	20.13	1.3038437748886544	train	0.3	False
ecoli50_r000014	148.93	2.172982189505869	val	0.34	False
ecoli50_r000015	108.24	2.0343877835895667	test	0.36	False
ecoli50_r000016	47.16	1.6735737964230517	train	0.38	False
ecoli50_r000017	191.58	2.2823501689230885	test	0.38	False
ecoli50_r000018	53.05	1.7246853882373594	train	0.36	False
ecoli50_r000019	67.1	1.826722520168992	test	0.44	False
ecoli50_r000020	63.83	1.8050248444298047	train	0.54	False
ecoli50_r000021	24.15	1.382917135087531	train	0.5	False
ecoli50_r000022	48.04	1.6816029987308685	test	0.48	False
ecoli50_r000023	301.05	2.4786386315431668	val	0.44	False
ecoli50_r000024	298.58	2.4750607137020064	train	0.46	False
ecoli50_r000025	296.63	2.4722150717617906	train	0.46	False
ecoli50_r000026	296.63	2.4722150717617906	train	0.4	False
ecoli50_r000027	27.86	1.4449811120879448	train	0.46	False
ecoli50_r000028	1289.44	3.110401138428078	test	0.48	True
ecoli50_r000029	35.9	1.5550944485783191	train	0.52	False
ecoli50_r000030	902.01	2.955211352309952	val	0.36	False
ecoli50_r000031	194.53	2.2889865867916286	val	0.44	False
ecoli50_r000032	123.79	2.0926855629374908	train	0.38	False
ecoli50_r000033	42.09	1.6241789257480224	train	0.4	False
ecoli50_r000034	144.32	2.159326520197866	val	0.48	False
ecoli50_r000035	119.67	2.077985291029502	train	0.42	False
ecoli50_r000036	282.95	2.4517096982713467	train	0.42	False
ecoli50_r000037	192.43	2.284272779857725	train	0.44	False
ecoli50_r000038	1403.45	3.147196944857241	train	0.46	False
ecoli50_r000039	281.81	2.449956399943542	train	0.36	False
ecoli50_r000040	1136.51	3.0555732613770585	train	0.48	False
ecoli50_r000041	204.34	2.3103533890449945	train	0.56	False
ecoli50_r000042	945.77	2.975785533996289	val	0.58	False
ecoli50_r000043	236.68	2.3741615606049744	test	0.54	False
ecoli50_r000044	417.52	2.620677283847404	val	0.5	False
ecoli50_r000045	6189.46	3.7916527606113535	train	0.46	False
ecoli50_r000046	43.88	1.6422666189026736	train	0.34	False
ecoli50_r000047	479.74	2.6810059307966028	val	0.3	False
ecoli50_r000048	75.48	1.8778318914928935	val	0.3	False
ecoli50_r000049	72.13	1.858115932190066	train	0.34	False
ecoli50_r000050	525.7	2.720737977018425	train	0.36	False
ecoli50_r000051	296.9	2.4726101975960444	train	0.34	False
ecoli50_r000052	591.44	2.771910693189461	train	0.28	False
ecoli50_r000053	594.1	2.773859552376687	train	0.36	False
ecoli50_r000054	189.48	2.277563376055919	test	0.58	False
ecoli50_r000055	756.59	2.8788605968384067	val	0.44	False
ecoli50_r000056	4341.21	3.637610794738788	train	0.42	False
ecoli50_r000057	185.76	2.2689522023944986	train	0.58	False
ecoli50_r000058	1616.11	3.208470917556863	train	0.44	False
ecoli50_r000059	50.32	1.7017406324372124	train	0.38	False
ecoli50_r000060	111.24	2.046260980192122	train	0.44	False
ecoli50_r000061	107.36	2.030842502824917	train	0.42	False
ecoli50_r000062	291.02	2.463922836378236	train	0.42	False
ecoli50_r000063	63.37	1.80188370712524	train	0.5	False
ecoli50_r000064	288.64	2.460356515861848	train	0.44	False
ecoli50_r000065	34.8	1.541579243946581	train	0.48	False
ecoli50_r000066	61.92	1.7918309476748362	train	0.4	False
ecoli50_r000067	30.34	1.4820155764507117	train	0.36	False
ecoli50_r000068	997.65	2.998978206889832	val	0.32	False
ecoli50_r000069	469.29	2.6714413000230848	test	0.42	False
ecoli50_r000070	457.77	2.660647327741384	test	0.42	False
ecoli50_r000071	685.53	2.8360264650327096	train	0.48	False
ecoli50_r000072	67.1	1.826722520168992	val	0.46	False
ecoli50_r000073	483.1	2.68403703748652	train	0.5	False
ecoli50_r000074	35.29	1.547651658359969	train	0.36	False
ecoli50_r000075	2086.64	3.3194475283660774	train	0.56	False
ecoli50_r000076	553.23	2.7429057225601823	train	0.52	False
ecoli50_r000077	1040.44	3.0172170404147813	train	0.48	False
ecoli50_r000078	469.04	2.671209881176741	train	0.4	True
ecoli50_r000079	627.8	2.797821311364024	train	0.52	False
ecoli50_r000080	138.29	2.1407907766253023	train	0.48	False
ecoli50_r000081	1813.69	3.2585630584713328	train	0.5	False
ecoli50_r000082	156.21	2.193708832395355	test	0.5	False
ecoli50_r000083	53.28	1.7265642161622448	train	0.5	False
ecoli50_r000084	107.7	2.032215703297981	train	0.54	False
ecoli50_r000085	538.52	2.731201837120248	train	0.62	False
ecoli50_r000086	1166.57	3.06691080373982	train	0.44	False
ecoli50_r000087	1090.33	3.037557961691636	test	0.38	True
ecoli50_r000088	60.5	1.7817553746524688	train	0.58	False
ecoli50_r000089	990.4	2.9958106316760427	train	0.54	False
ecoli50_r000090	48.3	1.683947130751512	train	0.34	False
ecoli50_r000091	3980.86	3.5999769044626238	train	0.5	True
ecoli50_r000092	73.81	1.8681152053272168	train	0.4	False
ecoli50_r000093	76.63	1.8843988255566864	val	0.52	False
ecoli50_r000094	81.35	1.9103575572728773	train	0.52	False
ecoli50_r000095	96.21	1.9832202146481028	train	0.34	False
ecoli50_r000096	129.16	2.111128036345124	test	0.38	False
ecoli50_r000097	1301.68	3.114504232069919	train	0.42	False
ecoli50_r000098	194.13	2.28809265454187	train	0.4	False
ecoli50_r000099	109.23	2.0383419336536064	train	0.52	False
ecoli50_r000100	70.59	1.848743181895684	train	0.46	False
ecoli50_r000101	216.48	2.3354177792535475	train	0.56	False
ecoli50_r000102	89.16	1.9501700598082	train	0.42	False
ecoli50_r000103	142.95	2.155184159694008	train	0.54	False
ecoli50_r000104	686.75	2.8367986680925994	train	0.38	False
ecoli50_r000105	164.39	2.215875395461276	val	0.36	False
ecoli50_r000106	203.81	2.3092254889848007	train	0.5	False
ecoli50_r000107	203.81	2.3092254889848007	train	0.54	False
ecoli50_r000108	94.32	1.9746037920870327	train	0.5	False
ecoli50_r000109	90.58	1.9570323163469383	train	0.46	False
ecoli50_r000110	126.32	2.1014721170002377	train	0.42	False
ecoli50_r000111	132.52	2.122281427209922	train	0.4	False
ecoli50_r000112	119.67	2.077985291029502	train	0.48	False
ecoli50_r000113	87.23	1.9406658724758288	val	0.46	False
ecoli50_r000114	89.16	1.9501700598082	train	0.3	False
ecoli50_r000115	78.02	1.8922059459757723	train	0.32	False
ecoli50_r000116	173.17	2.2384726569483564	train	0.44	False
ecoli50_r000117	37.15	1.569958818096594	test	0.54	False
ecoli50_r000118	31.91	1.5039268041935103	train	0.52	False
ecoli50_r000119	77.57	1.8896937914441851	train	0.42	False
ecoli50_r000120	101.76	2.007577098304339	train	0.56	False
ecoli50_r000121	650.05	2.8129467626258653	train	0.5	False
ecoli50_r000122	79.35	1.899546931090867	val	0.54	False
ecoli50_r000123	62.5	1.7958800173440752	train	0.54	False
ecoli50_r000124	80.52	1.905903766216617	test	0.42	False
ecoli50_r000125	1263.17	3.101461802727619	test	0.44	False
ecoli50_r000126	977.38	2.9900634478715	train	0.56	True
ecoli50_r000127	145.84	2.16387665564692	train	0.56	False
ecoli50_r000128	48.3	1.683947130751512	train	0.58	False
ecoli50_r000129	241.69	2.383258681708176	train	0.54	False
ecoli50_r000130	213.98	2.330373183183088	train	0.44	False
ecoli50_r000131	100.65	2.0028137792246734	train	0.46	False
ecoli50_r000132	48.3	1.683947130751512	train	0.46	False
ecoli50_r000133	48.63	1.6869042695681773	test	0.46	False
ecoli50_r000134	290.95	2.46381836152943	train	0.52	False
ecoli50_r000135	136.92	2.1364668904658397	train	0.5	False
ecoli50_r000136	111.89	2.0487912738484098	train	0.48	False
ecoli50_r000137	82.44	1.9161379831071752	val	0.58	False
ecoli50_r000138	19.29	1.2853322276438846	train	0.38	False
ecoli50_r000139	31.2	1.4941545940184429	train	0.48	False
ecoli50_r000140	30.54	1.4848690327204024	train	0.44	False
ecoli50_r000141	937.49	2.971966643900576	val	0.44	False
ecoli50_r000142	948.51	2.977041913951013	train	0.48	False
ecoli50_r000143	417.86	2.621030799928709	train	0.46	False
ecoli50_r000144	15.03	1.176958980586908	test	0.44	False
ecoli50_r000145	66.87	1.8252313231999	train	0.44	False
ecoli50_r000146	43.61	1.6395860866734264	val	0.24	False
ecoli50_r000147	127.88	2.1068026275996505	train	0.4	False
ecoli50_r000148	142.42	2.15357098143378	train	0.28	False
ecoli50_r000149	138.7	2.1420764610732848	val	0.36	False
ecoli50_r000150	148.61	2.172048034180256	train	0.28	False
ecoli50_r000151	40.87	1.6114046377115934	train	0.28	False
ecoli50_r000152	234.52	2.37017988551276	train	0.5	False
ecoli50_r000153	166.37	2.221075016611721	train	0.3	False
ecoli50_r000154	83.31	1.92069713446992	train	0.26	False
ecoli50_r000155	81.5	1.9111576087399769	val	0.42	False
ecoli50_r000156	91.37	1.9608036249117695	train	0.46	False
ecoli50_r000157	85.55	1.932220013877119	train	0.48	False
ecoli50_r000158	55.73	1.7460890430562002	train	0.48	False
ecoli50_r000159	53.28	1.7265642161622448	train	0.54	False
ecoli50_r000160	47.92	1.680516809381255	train	0.58	False
ecoli50_r000161	38.32	1.5834255004065068	train	0.48	False
ecoli50_r000162	24.15	1.382917135087531	val	0.46	False
ecoli50_r000163	147.37	2.168409083519626	val	0.4	False
ecoli50_r000164	318.71	2.5033956903224466	train	0.48	False
ecoli50_r000165	152.32	2.182756931040399	train	0.4	False
ecoli50_r000166	851.81	2.930342734257718	test	0.52	False
ecoli50_r000167	115.17	2.061339366837067	train	0.54	False
ecoli50_r000168	130.31	2.114977744785308	train	0.48	False
ecoli50_r000169	74.6	1.8727388274726688	train	0.44	False
ecoli50_r000170	132.63	2.1226417696255364	train	0.54	False
ecoli50_r000171	553.57	2.7431725460666727	train	0.44	False
ecoli50_r000172	96.21	1.9832202146481028	test	0.52	False
ecoli50_r000173	37.23	1.5708930362183922	test	0.42	False
ecoli50_r000174	253.97	2.4047824189666427	train	0.46	False
ecoli50_r000175	283.34	2.452307889568104	val	0.5	False
ecoli50_r000176	38.32	1.5834255004065068	train	0.52	False
ecoli50_r000177	70.74	1.8496650554787328	val	0.5	False
ecoli50_r000178	44.58	1.6491400641442189	train	0.58	False
ecoli50_r000179	269.08	2.4298814190107647	train	0.46	False
ecoli50_r000180	12217.08	4.086967417737639	test	0.34	False
ecoli50_r000181	144.42	2.1596273406586737	test	0.38	False
ecoli50_r000182	212.22	2.326786310198395	train	0.38	False
ecoli50_r000183	52.01	1.7160868537748322	train	0.6	False
ecoli50_r000184	60.13	1.7790912038454991	test	0.44	False
ecoli50_r000185	212.75	2.327869568756625	train	0.54	False
ecoli50_r000186	79.58	1.9008039348103696	train	0.52	False
ecoli50_r000187	130.03	2.1140435625480776	train	0.38	False
ecoli50_r000188	17851.54	4.251675687375552	train	0.46	True
ecoli50_r000189	61.89	1.791620482692814	val	0.58	False
ecoli50_r000190	52.01	1.7160868537748322	val	0.54	False
ecoli50_r000191	204.46	2.310608356458524	val	0.48	False
ecoli50_r000192	141.31	2.1501728963931312	train	0.44	False
ecoli50_r000193	7208.67	3.857855144755165	test	0.28	False
ecoli50_r000194	17.05	1.2317243833285163	train	0.5	False
ecoli50_r000195	1407.13	3.148334222292295	train	0.46	False
ecoli50_r000196	36.08	1.557266528869904	val	0.44	False
ecoli50_r000197	134.99	2.1303015973418447	train	0.42	False
ecoli50_r000198	685.53	2.8360264650327096	train	0.36	False
ecoli50_r000199	691.54	2.8398173055976907	train	0.38	False
ecoli50_r000200	75.16	1.875986771428488	val	0.44	False
ecoli50_r000201	132.29	2.1215270164553788	train	0.48	False
ecoli50_r000202	433.48	2.6369690646957107	train	0.44	False
ecoli50_r000203	112.08	2.049528122277718	train	0.4	False
ecoli50_r000204	165.18	2.2179574617769737	train	0.48	False
ecoli50_r000205	70.59	1.848743181895684	train	0.58	False
ecoli50_r000206	57.91	1.762753564933374	train	0.5	False
ecoli50_r000207	58.51	1.7672300981107183	train	0.5	False
ecoli50_r000208	53.19	1.7258299903205805	train	0.46	False
ecoli50_r000209	156.35	2.194097885578952	train	0.34	False
ecoli50_r000210	170.95	2.2328691051326133	test	0.52	False
ecoli50_r000211	2403.75	3.380889297246536	train	0.4	False
ecoli50_r000212	37.15	1.569958818096594	test	0.42	False
ecoli50_r000213	177.81	2.2499561819586806	train	0.34	False
ecoli50_r000214	84.19	1.9252605095194355	train	0.32	False
ecoli50_r000215	86.11	1.935053589231065	test	0.22	False
ecoli50_r000216	86.11	1.935053589231065	train	0.2	False
ecoli50_r000217	104.0	2.0170333392987803	test	0.42	False
ecoli50_r000218	100.09	2.00039068924991	train	0.34	False
ecoli50_r000219	118.26	2.0728378746630867	test	0.36	False
ecoli50_r000220	52.94	1.7237839369653294	train	0.54	False
ecoli50_r000221	65.02	1.813046965160108	train	0.34	False
ecoli50_r000222	674.33	2.828872481261447	val	0.52	False
ecoli50_r000223	34.31	1.5354207180561734	train	0.52	False
ecoli50_r000224	222.91	2.348129551869214	train	0.46	False
ecoli50_r000225	55.73	1.7460890430562002	train	0.48	False
ecoli50_r000226	81.05	1.9087530191845337	test	0.44	False
ecoli50_r000227	1578.96	3.1983711281087914	test	0.54	False
ecoli50_r000228	523.16	2.718634531104879	train	0.3	False
ecoli50_r000229	130.07	2.1141771402444487	train	0.24	False
ecoli50_r000230	210.47	2.3231902010602106	train	0.46	False
ecoli50_r000231	2686.98	3.4292644338607965	train	0.48	False
ecoli50_r000232	85.45	1.931712067056756	train	0.46	False
ecoli50_r000233	106.38	2.026859985984561	train	0.5	False
ecoli50_r000234	72.16	1.8582965245338852	val	0.36	False
ecoli50_r000235	40.87	1.6114046377115934	test	0.44	False
ecoli50_r000236	38.6	1.586587304671755	val	0.52	False
ecoli50_r000237	97.29	1.9880682033926356	train	0.54	False
ecoli50_r000238	409.69	2.612455363519114	train	0.52	False
ecoli50_r000239	78.02	1.8922059459757723	train	0.48	False
ecoli50_r000240	43.61	1.6395860866734264	train	0.54	False
ecoli50_r000241	115.74	2.063483478027528	train	0.44	False
ecoli50_r000242	111.89	2.0487912738484098	train	0.42	False
ecoli50_r000243	159.85	2.2037126406077068	train	0.56	False
ecoli50_r000244	293.56	2.4676968790275917	test	0.56	False
ecoli50_r000245	120.84	2.0822107166012427	train	0.48	False
ecoli50_r000246	64.84	1.8118430061764772	train	0.46	False
ecoli50_r000247	205.14	2.3120503511802384	train	0.62	False
ecoli50_r000248	80.52	1.905903766216617	test	0.36	False
ecoli50_r000249	2837.74	3.4529726019255533	train	0.36	False
ecoli50_r000250	1040.32	3.017166947816033	train	0.4	False
ecoli50_r000251	397.91	2.599784853673271	val	0.46	False
ecoli50_r000252	100.21	2.000911062131223	train	0.44	False
ecoli50_r000253	618.52	2.791353747213654	train	0.46	False
ecoli50_r000254	2261.17	3.354333214838282	train	0.52	True
ecoli50_r000255	479.54	2.680824838940963	train	0.56	False
ecoli50_r000256	52.01	1.7160868537748322	train	0.4	False
ecoli50_r000257	360.76	2.557218378253756	train	0.52	False
ecoli50_r000258	3284.24	3.5164348862266874	test	0.4	True
ecoli50_r000259	34.57	1.5386993795424069	train	0.48	False
ecoli50_r000260	44.58	1.6491400641442189	train	0.4	False
ecoli50_r000261	70.45	1.8478809974453752	test	0.34	False
ecoli50_r000262	9429.18	3.974473926357731	val	0.4	True
ecoli50_r000263	245.1	2.389343311252078	test	0.48	False
ecoli50_r000264	571.27	2.7568414178701883	test	0.5	False
ecoli50_r000265	122.32	2.087497472404264	train	0.4	False
ecoli50_r000266	25.05	1.3988077302032644	val	0.26	False
ecoli50_r000267	186.49	2.270655548952985	train	0.48	False
ecoli50_r000268	127.88	2.1068026275996505	val	0.42	False
ecoli50_r000269	88.42	1.9465505105698555	train	0.52	False
ecoli50_r000270	123.79	2.0926855629374908	train	0.42	False
ecoli50_r000271	73.81	1.8681152053272168	train	0.54	False
ecoli50_r000272	287.52	2.4586680597648987	train	0.42	False
ecoli50_r000273	168.37	2.226264711895694	train	0.42	False
ecoli50_r000274	71.8	1.8561244442423004	test	0.5	False
ecoli50_r000275	78.02	1.8922059459757723	train	0.38	False
ecoli50_r000276	464.4	2.666892211066536	test	0.38	False
ecoli50_r000277	486.69	2.6872524229037986	train	0.6	False
ecoli50_r000278	2056.58	3.313145608025981	train	0.44	False
ecoli50_r000279	2735.63	3.437057357732076	train	0.48	False
ecoli50_r000280	547.83	2.7386458111923333	train	0.46	False
ecoli50_r000281	228.13	2.358182400479401	train	0.52	False
ecoli50_r000282	47.16	1.6735737964230517	test	0.6	False
ecoli50_r000283	268.6	2.4291060083326967	train	0.44	False
ecoli50_r000284	107.36	2.030842502824917	train	0.46	False
ecoli50_r000285	87.23	1.9406658724758288	test	0.46	False
ecoli50_r000286	1624.03	3.210594047512372	train	0.48	False
ecoli50_r000287	69.27	1.8405451876368388	train	0.54	False
ecoli50_r000288	42.55	1.6288995644206066	train	0.4	False
ecoli50_r000289	484.54	2.6853296349723657	train	0.44	False
ecoli50_r000290	474.71	2.6764283804419238	val	0.44	False
ecoli50_r000291	255.3	2.40705081480425	test	0.52	False
ecoli50_r000292	86.95	1.9392695863387317	test	0.52	False
ecoli50_r000293	50.11	1.6999244027424767	train	0.52	False
ecoli50_r000294	98.4	1.9929950984313416	train	0.4	False
ecoli50_r000295	177.99	2.2503956030571164	train	0.48	False
ecoli50_r000296	92.21	1.964778022022376	train	0.48	False
ecoli50_r000297	38.08	1.5806969397124366	train	0.42	True
ecoli50_r000298	145.89	2.16402552428784	train	0.28	False
ecoli50_r000299	150.59	2.177796133292215	train	0.3	False
ecoli50_r000300	150.59	2.177796133292215	test	0.3	False
ecoli50_r000301	6458.38	3.810123594575217	test	0.32	True
ecoli50_r000302	6398.24	3.806060526576593	train	0.36	True
ecoli50_r000303	164.39	2.215875395461276	train	0.54	False
ecoli50_r000304	490.41	2.6905593173434337	test	0.54	False
ecoli50_r000305	77.81	1.8910354153153108	train	0.52	False
ecoli50_r000306	72.45	1.8600383898071933	test	0.44	False
ecoli50_r000307	489.27	2.6895485874462537	test	0.58	False
ecoli50_r000308	47.16	1.6735737964230517	train	0.46	False
ecoli50_r000309	111.69	2.0480142909380548	train	0.64	False
ecoli50_r000310	614.14	2.788267384653845	train	0.48	False
ecoli50_r000311	126.65	2.102605194126567	train	0.64	False
ecoli50_r000312	780.19	2.892200379489421	train	0.48	False
ecoli50_r000313	145.9	2.1640552918934515	val	0.42	False
ecoli50_r000314	110.53	2.043480170022551	val	0.4	True
ecoli50_r000315	281.81	2.449956399943542	train	0.46	False
ecoli50_r000316	91.37	1.9608036249117695	val	0.48	False
ecoli50_r000317	72.16	1.8582965245338852	train	0.5	False
ecoli50_r000318	333.06	2.5225224777155044	train	0.46	False
ecoli50_r000319	6811.5	3.833242760956648	val	0.38	False
ecoli50_r000320	220.73	2.3438613632886387	test	0.5	False
ecoli50_r000321	780.03	2.8921113060031844	train	0.48	False
ecoli50_r000322	5766.51	3.7609130494970375	train	0.5	False
ecoli50_r000323	47.95	1.6807886115066824	val	0.36	False
ecoli50_r000324	258.58	2.41259493111848	train	0.3	False
ecoli50_r000325	47.92	1.680516809381255	train	0.48	False
ecoli50_r000326	100.65	2.0028137792246734	train	0.42	False
ecoli50_r000327	160.14	2.204499824171151	val	0.4	False
ecoli50_r000328	163.09	2.212427332726591	test	0.42	False
ecoli50_r000329	3562.88	3.551801195290825	train	0.48	False
ecoli50_r000330	237.77	2.376157057783254	train	0.54	False
ecoli50_r000331	73.69	1.8674085565227911	train	0.52	False
ecoli50_r000332	78.02	1.8922059459757723	train	0.4	False
ecoli50_r000333	305.83	2.485480084723825	train	0.54	False
ecoli50_r000334	42.55	1.6288995644206066	test	0.5	False
ecoli50_r000335	60.13	1.7790912038454991	train	0.52	False
ecoli50_r000336	143.24	2.1560643123398653	val	0.42	False
ecoli50_r000337	468.12	2.6703571963594164	train	0.22	False
ecoli50_r000338	531.27	2.7253152926605195	train	0.3	False
ecoli50_r000339	1173.07	3.0693239283190032	train	0.34	False
ecoli50_r000340	1173.07	3.0693239283190032	train	0.36	False
ecoli50_r000341	398.91	2.600874923475504	train	0.54	False
ecoli50_r000342	251.11	2.399864008046825	val	0.52	False
ecoli50_r000343	384.86	2.5853027755217064	train	0.56	False
ecoli50_r000344	192.43	2.284272779857725	test	0.4	False
ecoli50_r000345	196.0	2.292256071356476	train	0.38	False
ecoli50_r000346	52.01	1.7160868537748322	val	0.3	False
ecoli50_r000347	157.9	2.1983821300082944	train	0.48	False
ecoli50_r000348	39.89	1.6008640363098396	test	0.5	False
ecoli50_r000349	98.65	1.99409708958821	train	0.5	False
ecoli50_r000350	273.92	2.4376237429970598	train	0.4	False
ecoli50_r000351	350.74	2.544985297642722	train	0.5	False
ecoli50_r000352	61.3	1.787460474518415	test	0.48	False
ecoli50_r000353	3971.55	3.598960034488936	train	0.42	False
ecoli50_r000354	84.0	1.9242792860618816	train	0.46	False
ecoli50_r000355	496.52	2.695936746718007	val	0.42	False
ecoli50_r000356	56.0	1.7481880270062005	train	0.48	False
ecoli50_r000357	143.04	2.1554575014518425	train	0.58	False
ecoli50_r000358	42.89	1.6323560462390732	train	0.52	False
ecoli50_r000359	202.11	2.3055878020723406	train	0.4	False
ecoli50_r000360	29.72	1.4730488050885375	train	0.48	False
ecoli50_r000361	63.83	1.8050248444298047	train	0.56	False
ecoli50_r000362	765.33	2.8838487374756654	train	0.42	False
ecoli50_r000363	765.33	2.8838487374756654	train	0.52	False
ecoli50_r000364	980.81	2.99158488511345	train	0.3	False
ecoli50_r000365	973.38	2.9882824185677794	train	0.32	False
ecoli50_r000366	37.15	1.569958818096594	val	0.44	False
ecoli50_r000367	210.09	2.322405381067654	val	0.38	False
ecoli50_r000368	159.85	2.2037126406077068	train	0.46	False
ecoli50_r000369	66.15	1.82052984852352	test	0.38	False
ecoli50_r000370	322.72	2.5088258808686903	val	0.42	False
ecoli50_r000371	334.75	2.5247205856840464	train	0.42	False
ecoli50_r000372	102.23	2.009578360794542	train	0.4	False
ecoli50_r000373	215.48	2.333406966873917	train	0.48	False
ecoli50_r000374	114.07	2.057171441547266	train	0.42	False
ecoli50_r000375	71.8	1.8561244442423004	train	0.38	False
ecoli50_r000376	74.3	1.8709888137605752	train	0.42	False
ecoli50_r000377	246.55	2.391905006867157	train	0.38	False
ecoli50_r000378	108.24	2.0343877835895667	train	0.4	False
ecoli50_r000379	156.04	2.1932359416397538	train	0.48	False
ecoli50_r000380	89.16	1.9501700598082	train	0.36	False
ecoli50_r000381	81.05	1.9087530191845337	train	0.5	False
ecoli50_r000382	53.68	1.7298125071609356	val	0.4	False
ecoli50_r000383	234.03	2.3692715326210263	train	0.42	False
ecoli50_r000384	194.58	2.2890981990566166	test	0.24	False
ecoli50_r000385	64.4	1.808885867359812	train	0.4	False
ecoli50_r000386	173.75	2.239924813262152	val	0.4	False
ecoli50_r000387	173.75	2.239924813262152	val	0.46	False
ecoli50_r000388	233.16	2.367654046647407	train	0.32	False
ecoli50_r000389	1003.1	3.0013442304116014	train	0.44	False
ecoli50_r000390	90.2	1.9552065375419416	train	0.36	False
ecoli50_r000391	42.72	1.6306312440205	train	0.22	True
ecoli50_r000392	348.9	2.54270096944811	train	0.4	False
ecoli50_r000393	55.73	1.7460890430562002	train	0.58	False
ecoli50_r000394	164.39	2.215875395461276	train	0.46	False
ecoli50_r000395	238.74	2.377925189530032	val	0.6	False
ecoli50_r000396	460.68	2.6633993581650297	val	0.5	False
ecoli50_r000397	100.31	2.0013442304116014	train	0.44	False
ecoli50_r000398	1491.32	3.1735708421940703	train	0.36	False
ecoli50_r000399	70.59	1.848743181895684	train	0.4	True
ecoli50_r000400	420.94	2.624220196724192	train	0.48	False
ecoli50_r000401	565.91	2.752747368270807	train	0.48	False
ecoli50_r000402	2495.38	3.397136689974174	train	0.38	True
ecoli50_r000403	1390.64	3.1432147171605096	train	0.4	False
ecoli50_r000404	104.03	2.017158598487814	train	0.44	False
ecoli50_r000405	1418.87	3.151942606261572	test	0.46	False
ecoli50_r000406	417.96	2.6211347205058613	train	0.48	False
ecoli50_r000407	343.66	2.536128985758921	train	0.46	True
ecoli50_r000408	11273.9	4.0520741782896685	test	0.56	False
ecoli50_r000409	247.58	2.393715558601472	train	0.56	False
ecoli50_r000410	372.83	2.571510850866108	train	0.52	False
ecoli50_r000411	148.9	2.1728946977521764	train	0.5	False
ecoli50_r000412	37.15	1.569958818096594	train	0.46	False
ecoli50_r000413	63.16	1.8004421213362567	train	0.56	False
ecoli50_r000414	1405.92	3.147960609057186	train	0.52	False
ecoli50_r000415	1125.6	3.0513840844266893	val	0.5	False
ecoli50_r000416	212.16	2.326663506724679	train	0.42	True
ecoli50_r000417	676.69	2.830389758607145	train	0.62	False
ecoli50_r000418	151.58	2.1806419027298323	train	0.44	False
ecoli50_r000419	256.35	2.408833321776418	train	0.54	False
ecoli50_r000420	41.49	1.617943434828973	train	0.44	False
ecoli50_r000421	238.53	2.3775430081774	test	0.5	False
ecoli50_r000422	48.63	1.6869042695681773	train	0.44	False
ecoli50_r000423	319.51	2.504484455223232	train	0.44	False
ecoli50_r000424	319.51	2.504484455223232	train	0.42	False
ecoli50_r000425	302.11	2.4801651008871213	train	0.62	False
ecoli50_r000426	411.17	2.614021419922643	test	0.46	False
ecoli50_r000427	385.81	2.5863734801469924	train	0.58	False
ecoli50_r000428	76.63	1.8843988255566864	train	0.54	False
ecoli50_r000429	60.39	1.780965029608317	train	0.56	False
ecoli50_r000430	51.86	1.7148325124333326	train	0.48	False
ecoli50_r000431	48.65	1.6870828446043706	train	0.62	False
ecoli50_r000432	175.52	2.244326610230636	test	0.5	False
ecoli50_r000433	95.91	1.9818638909913504	train	0.38	False
ecoli50_r000434	90.58	1.9570323163469383	test	0.52	False
ecoli50_r000435	32.52	1.5121505369220305	val	0.38	False
ecoli50_r000436	101.24	2.005352136486217	train	0.48	False
ecoli50_r000437	3577.96	3.5536354810395205	test	0.4	False
ecoli50_r000438	347.79	2.541317090584305	train	0.32	False
ecoli50_r000439	1840.1	3.264841425329148	val	0.38	False
ecoli50_r000440	60.13	1.7790912038454991	train	0.4	False
ecoli50_r000441	421.51	2.6248078823849657	train	0.44	False
ecoli50_r000442	2570.94	3.410091941297479	train	0.44	False
ecoli50_r000443	124.99	2.096875268059688	val	0.48	False
ecoli50_r000444	300.64	2.4780467627564504	train	0.44	False
ecoli50_r000445	41.26	1.6155292236371328	train	0.5	False
ecoli50_r000446	380.29	2.5801149054749035	val	0.52	True
ecoli50_r000447	40.26	1.6048737705526357	test	0.5	False
ecoli50_r000448	145.89	2.16402552428784	test	0.52	False
ecoli50_r000449	144.32	2.159326520197866	val	0.46	False
ecoli50_r000450	156.9	2.1956229435869368	train	0.38	False
ecoli50_r000451	60.39	1.780965029608317	train	0.52	False
ecoli50_r000452	117.03	2.068297205031454	val	0.42	False
ecoli50_r000453	712.97	2.853071256207316	train	0.38	False
ecoli50_r000454	297.22	2.473078029844237	val	0.48	False
ecoli50_r000455	208.0	2.318063334962761	train	0.56	False
ecoli50_r000456	132.29	2.1215270164553788	train	0.5	False
ecoli50_r000457	429.72	2.633185567059528	train	0.46	False
ecoli50_r000458	581.52	2.7645646558491124	train	0.5	False
ecoli50_r000459	16.21	1.209783014848515	test	0.56	False
ecoli50_r000460	127.33	2.1049307390777403	train	0.48	False
ecoli50_r000461	1143.53	3.058247562614436	train	0.38	False
ecoli50_r000462	23.53	1.3716219271760213	train	0.36	False
ecoli50_r000463	4685.32	3.670739257868032	train	0.32	True
ecoli50_r000464	205.89	2.3136352536103337	train	0.28	False
ecoli50_r000465	60.13	1.7790912038454991	val	0.4	False
ecoli50_r000466	53.28	1.7265642161622448	train	0.5	False
ecoli50_r000467	102.23	2.009578360794542	train	0.34	False
ecoli50_r000468	575.86	2.7603169129063683	train	0.5	False
ecoli50_r000469	53.68	1.7298125071609356	test	0.54	False
ecoli50_r000470	382.45	2.5825746652583117	train	0.44	False
ecoli50_r000471	129.69	2.112906490253314	train	0.38	False
ecoli50_r000472	50.16	1.70035752782266	train	0.42	False
ecoli50_r000473	1146.55	3.0593929986652677	train	0.44	False
ecoli50_r000474	171.53	2.2343400876151844	train	0.42	False
ecoli50_r000475	69.27	1.8405451876368388	val	0.56	False
ecoli50_r000476	86.14	1.9352048674265812	train	0.4	False
ecoli50_r000477	1796.0	3.2543063323312857	train	0.46	False
ecoli50_r000478	22.29	1.3481100684802376	train	0.4	True
ecoli50_r000479	450.78	2.653964639223401	test	0.36	False
ecoli50_r000480	129.16	2.111128036345124	train	0.38	False
ecoli50_r000481	33.44	1.5242662687669788	train	0.52	False
ecoli50_r000482	401.24	2.603404221739564	train	0.44	False
ecoli50_r000483	170.2	2.230959555748569	train	0.46	False
ecoli50_r000484	185.64	2.268671559746992	train	0.44	False
ecoli50_r000485	34.57	1.5386993795424069	train	0.36	False
ecoli50_r000486	120.77	2.0819590663004783	val	0.44	False
ecoli50_r000487	73.69	1.8674085565227911	val	0.48	False
ecoli50_r000488	61.9	1.791690649020118	train	0.42	False
ecoli50_r000489	3072.47	3.48748765107092	train	0.4	False
ecoli50_r000490	228.51	2.358905210313047	val	0.5	True
ecoli50_r000491	990.2	2.995722921995465	test	0.3	False
ecoli50_r000492	990.2	2.995722921995465	test	0.38	True
ecoli50_r000493	114.95	2.060508975605298	test	0.52	False
ecoli50_r000494	156.04	2.1932359416397538	train	0.42	False
ecoli50_r000495	179.15	2.253216812502129	train	0.46	False
ecoli50_r000496	445.06	2.648418563593011	train	0.5	False
ecoli50_r000497	445.06	2.648418563593011	val	0.42	False
ecoli50_r000498	692.72	2.840557726635321	train	0.46	False
ecoli50_r000499	9544.66	3.979760462561661	train	0.52	False
ecoli50_r000500	9520.51	3.9786602135371214	train	0.52	False
ecoli50_r000501	116.41	2.0659902892337763	val	0.42	False
ecoli50_r000502	114.56	2.0590330049637804	train	0.52	False
ecoli50_r000503	166.23	2.220709404879566	train	0.56	False
ecoli50_r000504	150.12	2.176438555741045	train	0.44	False
ecoli50_r000505	89.16	1.9501700598082	train	0.58	False
ecoli50_r000506	2511.21	3.3998830321186237	val	0.46	False
ecoli50_r000507	58.95	1.770483809431108	val	0.52	False
ecoli50_r000508	157.45	2.1971426649725627	train	0.34	False
ecoli50_r000509	47.39	1.6756867086994012	train	0.54	False
ecoli50_r000510	1473.71	3.168412030476323	train	0.52	False
ecoli50_r000511	178.33	2.251224409571832	train	0.42	False
ecoli50_r000512	70.59	1.848743181895684	train	0.6	False
ecoli50_r000513	36.08	1.557266528869904	train	0.54	False
ecoli50_r000514	212.21	2.3267658453640534	train	0.5	False
ecoli50_r000515	87.93	1.944137073158098	train	0.52	False
ecoli50_r000516	66.87	1.8252313231999	train	0.44	False
ecoli50_r000517	73.69	1.8674085565227911	val	0.4	False
ecoli50_r000518	1357.29	3.1326726493870627	train	0.42	False
ecoli50_r000519	838.55	2.923528963276861	train	0.48	False
ecoli50_r000520	216.48	2.3354177792535475	val	0.5	False
ecoli50_r000521	44.58	1.6491400641442189	train	0.58	False
ecoli50_r000522	263.56	2.420879498875499	train	0.56	False
ecoli50_r000523	3454.38	3.538370110540531	test	0.5	False
ecoli50_r000524	3328.82	3.522290312092613	test	0.5	False
ecoli50_r000525	1508.01	3.178404221461089	train	0.5	False
ecoli50_r000526	185.76	2.2689522023944986	train	0.48	False
ecoli50_r000527	85.55	1.932220013877119	val	0.42	False
ecoli50_r000528	102.39	2.010257542998301	train	0.4	False
ecoli50_r000529	38.58	1.5863622233078656	test	0.58	False
ecoli50_r000530	91.37	1.9608036249117695	val	0.42	False
ecoli50_r000531	81.73	1.9123814989188004	train	0.38	False
ecoli50_r000532	47.87	1.6800634274819486	train	0.36	False
ecoli50_r000533	60.13	1.7790912038454991	train	0.48	False
ecoli50_r000534	130.84	2.116740535452944	test	0.6	False
ecoli50_r000535	64.34	1.808481056565951	train	0.58	False
ecoli50_r000536	147.37	2.168409083519626	val	0.48	False
ecoli50_r000537	128.17	2.107786384315953	test	0.48	True
ecoli50_r000538	204.77	2.311266330288116	train	0.44	False
ecoli50_r000539	3615.51	3.558169567069956	train	0.54	False
ecoli50_r000540	50.11	1.6999244027424767	train	0.4	False
ecoli50_r000541	44.58	1.6491400641442189	test	0.44	False
ecoli50_r000542	533.42	2.7270692950561486	train	0.42	False
ecoli50_r000543	94.32	1.9746037920870327	test	0.46	False
ecoli50_r000544	85.25	1.9306943876645355	train	0.5	False
ecoli50_r000545	78.17	1.8930401119571176	train	0.46	False
ecoli50_r000546	1173.23	3.06938315954878	val	0.46	False
ecoli50_r000547	31.58	1.4994121256722754	train	0.56	False
ecoli50_r000548	231.62	2.364776057277425	train	0.5	False
ecoli50_r000549	63.16	1.8004421213362567	train	0.44	False
ecoli50_r000550	9447.27	3.975306327533033	train	0.48	True
ecoli50_r000551	378.23	2.5777559727314974	train	0.5	False
ecoli50_r000552	124.13	2.0938767553900446	train	0.5	False
ecoli50_r000553	154.24	2.1881970165587554	val	0.56	False
ecoli50_r000554	280.13	2.447359621271918	train	0.5	False
ecoli50_r000555	81.35	1.9103575572728773	test	0.56	False
ecoli50_r000556	38.6	1.586587304671755	val	0.44	False
ecoli50_r000557	38.58	1.5863622233078656	val	0.5	False
ecoli50_r000558	52.54	1.7204900684500517	val	0.46	False
ecoli50_r000559	27.86	1.4449811120879448	train	0.5	False
ecoli50_r000560	371.38	2.5698185118875654	train	0.46	False
ecoli50_r000561	4244.37	3.627813236198701	train	0.56	False
ecoli50_r000562	48.3	1.683947130751512	train	0.54	False
ecoli50_r000563	35.29	1.547651658359969	val	0.44	False
ecoli50_r000564	216.61	2.335678502356566	train	0.34	False
ecoli50_r000565	360.8	2.557266528869904	train	0.48	False
ecoli50_r000566	53.19	1.7258299903205805	train	0.52	False
ecoli50_r000567	279.41	2.4462419453254136	val	0.36	True
ecoli50_r000568	264.59	2.4225734262955965	train	0.62	False
ecoli50_r000569	108.24	2.0343877835895667	train	0.48	False
ecoli50_r000570	1759.15	3.245302872655208	train	0.46	False
ecoli50_r000571	105.05	2.0213960567419718	train	0.34	False
ecoli50_r000572	197.65	2.295896818678989	val	0.52	False
ecoli50_r000573	115.17	2.061339366837067	train	0.48	False
ecoli50_r000574	396.88	2.598659214028129	train	0.36	True
ecoli50_r000575	147.61	2.169115780235715	train	0.42	False
ecoli50_r000576	284.55	2.454158589944344	train	0.54	False
ecoli50_r000577	88.42	1.9465505105698555	test	0.54	False
ecoli50_r000578	141.18	2.149773177559665	train	0.54	False
ecoli50_r000579	68.73	1.83714634390906	train	0.22	False
ecoli50_r000580	308.01	2.488564816741737	train	0.4	False
ecoli50_r000581	100.31	2.0013442304116014	val	0.48	False
ecoli50_r000582	127.06	2.104008850999243	val	0.38	False
ecoli50_r000583	72.45	1.8600383898071933	train	0.52	False
ecoli50_r000584	8531.95	3.931048301678033	test	0.52	False
ecoli50_r000585	152.53	2.1833552702605123	train	0.22	False
ecoli50_r000586	152.53	2.1833552702605123	test	0.24	False
ecoli50_r000587	167.18	2.22318432089504	train	0.42	False
ecoli50_r000588	8709.23	3.939979759883277	train	0.42	False
ecoli50_r000589	161.61	2.2084682302656176	train	0.44	False
ecoli50_r000590	48.3	1.683947130751512	train	0.34	False
ecoli50_r000591	72.16	1.8582965245338852	val	0.32	False
ecoli50_r000592	87.76	1.9432966145666548	train	0.48	False
ecoli50_r000593	61.3	1.787460474518415	train	0.42	False
ecoli50_r000594	212.75	2.327869568756625	test	0.32	False
ecoli50_r000595	210.09	2.322405381067654	train	0.3	False
ecoli50_r000596	12653.31	4.1022041481756935	train	0.34	True
ecoli50_r000597	143.61	2.157184682201611	train	0.48	False
ecoli50_r000598	50.11	1.6999244027424767	train	0.58	False
ecoli50_r000599	123.79	2.0926855629374908	train	0.46	False
ecoli50_r000600	114.25	2.057856208741888	train	0.54	False
ecoli50_r000601	102.17	2.0093233933810133	val	0.46	False
ecoli50_r000602	776.09	2.889912087542895	train	0.3	False
ecoli50_r000603	1865.72	3.270846467074314	train	0.46	False
ecoli50_r000604	60.13	1.7790912038454991	train	0.4	False
ecoli50_r000605	90.42	1.9562645026982757	val	0.5	False
ecoli50_r000606	129.69	2.112906490253314	val	0.5	False
ecoli50_r000607	130.84	2.116740535452944	train	0.42	False
ecoli50_r000608	174.61	2.24206911233894	train	0.4	False
ecoli50_r000609	1883.61	3.274990987426498	train	0.46	False
ecoli50_r000610	36.9	1.5670263661590604	val	0.28	False
ecoli50_r000611	144.32	2.159326520197866	train	0.32	False
ecoli50_r000612	151.77	2.18118593412823	train	0.36	False
ecoli50_r000613	451.79	2.6549366139396287	val	0.34	False
ecoli50_r000614	90.2	1.9552065375419416	train	0.38	False
ecoli50_r000615	1887.11	3.2757972160105338	test	0.38	False
ecoli50_r000616	1887.11	3.2757972160105338	train	0.38	False
ecoli50_r000617	57.72	1.7613263224214566	train	0.54	False
ecoli50_r000618	98.97	1.9955035702650064	test	0.46	False
ecoli50_r000619	98.97	1.9955035702650064	val	0.46	False
ecoli50_r000620	156.0	2.1931245983544616	train	0.5	False
ecoli50_r000621	146.75	2.166578109919652	train	0.54	True
ecoli50_r000622	983.56	2.9928008582808783	train	0.42	True
ecoli50_r000623	334.99	2.5250318428289638	train	0.46	False
ecoli50_r000624	12972.58	4.113026357605656	test	0.48	True
ecoli50_r000625	132.52	2.122281427209922	train	0.42	False
ecoli50_r000626	244.9	2.388988785124714	train	0.34	False
ecoli50_r000627	247.76	2.3940311923487303	train	0.7	False
ecoli50_r000628	122.55	2.088313315588097	val	0.6	False
ecoli50_r000629	87.92	1.9440876794154345	val	0.44	False
ecoli50_r000630	1043.36	3.0184341828633845	train	0.34	False
ecoli50_r000631	1040.0	3.0170333392987803	val	0.36	False
ecoli50_r000632	481.07	2.682208274714465	train	0.28	False
ecoli50_r000633	137.46	2.1381763395730413	train	0.46	False
ecoli50_r000634	952.22	2.978737298959979	train	0.5	False
ecoli50_r000635	66.87	1.8252313231999	test	0.46	False
ecoli50_r000636	108.24	2.0343877835895667	train	0.6	False
ecoli50_r000637	134.12	2.1274935447567827	train	0.42	False
ecoli50_r000638	45.21	1.6552345070342942	val	0.56	False
ecoli50_r000639	162.85	2.211787762900892	train	0.26	False
ecoli50_r000640	164.71	2.216719967190278	train	0.24	False
ecoli50_r000641	120.27	2.080157310970184	train	0.24	False
ecoli50_r000642	2381.3	3.3768141119681974	train	0.54	False
ecoli50_r000643	90.42	1.9562645026982757	test	0.48	False
ecoli50_r000644	68.77	1.8373990243420224	train	0.36	False
ecoli50_r000645	1125.71	3.051426524066763	train	0.52	False
ecoli50_r000646	88.42	1.9465505105698555	test	0.36	False
ecoli50_r000647	2237.72	3.349805743469135	train	0.38	False
ecoli50_r000648	91.77	1.962700731704341	train	0.44	False
ecoli50_r000649	56.0	1.7481880270062005	val	0.44	False
ecoli50_r000650	218.83	2.34010686035489	train	0.38	False
ecoli50_r000651	430.82	2.634295856390154	train	0.24	False
ecoli50_r000652	430.82	2.634295856390154	train	0.28	False
ecoli50_r000653	43.61	1.6395860866734264	train	0.5	False
ecoli50_r000654	162.36	2.210479042645248	test	0.54	False
ecoli50_r000655	79.78	1.901894031973821	train	0.52	False
ecoli50_r000656	80.52	1.905903766216617	val	0.54	False
ecoli50_r000657	215.48	2.333406966873917	train	0.3	False
ecoli50_r000658	204.34	2.3103533890449945	train	0.4	False
ecoli50_r000659	63.74	1.804412059137714	val	0.52	False
ecoli50_r000660	42.55	1.6288995644206066	train	0.6	False
ecoli50_r000661	121.0	2.0827853703164503	test	0.36	False
ecoli50_r000662	87.31	1.941063988219902	train	0.54	False
ecoli50_r000663	644.59	2.8092835636980245	val	0.36	False
ecoli50_r000664	40.87	1.6114046377115934	val	0.5	False
ecoli50_r000665	115.17	2.061339366837067	train	0.4	False
ecoli50_r000666	182.42	2.2610724513908225	train	0.38	False
ecoli50_r000667	182.42	2.2610724513908225	test	0.32	False
ecoli50_r000668	35.9	1.5550944485783191	train	0.3	False
ecoli50_r000669	92.98	1.9683895418470685	train	0.32	False
ecoli50_r000670	173.52	2.239349539006137	train	0.36	False
ecoli50_r000671	29.72	1.4730488050885375	train	0.46	False
ecoli50_r000672	282.95	2.4517096982713467	train	0.52	False
ecoli50_r000673	1034.79	3.014852223131282	val	0.48	False
ecoli50_r000674	1002.62	3.0011363635555166	train	0.54	False
ecoli50_r000675	326.26	2.5135638318505884	train	0.4	True
ecoli50_r000676	112.0	2.049218022670181	val	0.5	False
ecoli50_r000677	104.34	2.018450832386356	train	0.5	False
ecoli50_r000678	98.74	1.9944931228835123	val	0.5	False
ecoli50_r000679	276.62	2.441883576986704	train	0.48	False
ecoli50_r000680	197.15	2.294796781409242	train	0.48	False
ecoli50_r000681	40.56	1.6080979463252796	train	0.52	False
ecoli50_r000682	72.92	1.8628466599829387	train	0.44	False
ecoli50_r000683	72.16	1.8582965245338852	train	0.42	False
ecoli50_r000684	10543.74	4.022994688035452	train	0.32	False
ecoli50_r000685	152.32	2.182756931040399	train	0.24	False
ecoli50_r000686	104.0	2.0170333392987803	train	0.26	False
ecoli50_r000687	104.03	2.017158598487814	val	0.4	False
ecoli50_r000688	3217.31	3.507492908835779	train	0.14	True
ecoli50_r000689	2236.55	3.3495786116440964	val	0.54	True
ecoli50_r000690	117.22	2.0690017170456	val	0.56	False
ecoli50_r000691	171.72	2.234820879807401	train	0.5	False
ecoli50_r000692	96.21	1.9832202146481028	train	0.56	False
ecoli50_r000693	111.89	2.0487912738484098	train	0.48	False
ecoli50_r000694	14296.63	4.1552336776827525	train	0.5	False
ecoli50_r000695	18.04	1.2562365332059229	train	0.28	False
ecoli50_r000696	857.44	2.9332037396995365	train	0.34	False
ecoli50_r000697	99.07	1.995942162992551	train	0.46	False
ecoli50_r000698	106.5	2.0273496077747564	train	0.36	False
ecoli50_r000699	134.98	2.13026942380537	test	0.38	False
ecoli50_r000700	89.16	1.9501700598082	train	0.48	False
ecoli50_r000701	57.03	1.7561033715851055	train	0.48	False
ecoli50_r000702	257.9	2.411451342137937	test	0.56	False
ecoli50_r000703	96.21	1.9832202146481028	val	0.52	False
ecoli50_r000704	114.25	2.057856208741888	train	0.44	False
ecoli50_r000705	114.25	2.057856208741888	train	0.34	False
ecoli50_r000706	21.45	1.331427296520743	train	0.46	False
ecoli50_r000707	252.56	2.402364568884161	test	0.48	False
ecoli50_r000708	161.03	2.206906792930864	train	0.46	False
ecoli50_r000709	78.02	1.8922059459757723	train	0.4	False
ecoli50_r000710	170.9	2.232742062720737	test	0.3	False
ecoli50_r000711	84.83	1.928549467001664	train	0.4	False
ecoli50_r000712	242.73	2.385123455892216	train	0.32	False
ecoli50_r000713	372.83	2.571510850866108	train	0.32	False
ecoli50_r000714	690.01	2.8388553848145723	train	0.54	False
ecoli50_r000715	557.28	2.746073457114161	train	0.32	False
ecoli50_r000716	48.11	1.682235356902564	test	0.34	False
ecoli50_r000717	39.01	1.5911759503117913	val	0.5	False
ecoli50_r000718	48.11	1.682235356902564	train	0.42	False
ecoli50_r000719	141.18	2.149773177559665	train	0.38	False
ecoli50_r000720	129.42	2.1120013954861885	val	0.38	False
ecoli50_r000721	95.3	1.9790929006383264	val	0.38	False
ecoli50_r000722	68.97	1.8386602259889413	train	0.46	False
ecoli50_r000723	226.63	2.3553173987845595	train	0.58	False
ecoli50_r000724	129.69	2.112906490253314	val	0.44	False
ecoli50_r000725	206.32	2.314541329129881	train	0.48	False
ecoli50_r000726	34.31	1.5354207180561734	train	0.56	False
ecoli50_r000727	1862.1	3.2700030001050595	val	0.46	False
ecoli50_r000728	38.58	1.5863622233078656	train	0.5	False
ecoli50_r000729	77.16	1.8873922189718468	val	0.52	False
ecoli50_r000730	167.54	2.2241185111063806	val	0.44	False
ecoli50_r000731	601.34	2.779120093254271	train	0.52	False
ecoli50_r000732	515.92	2.712582363929285	train	0.54	False
ecoli50_r000733	52.01	1.7160868537748322	val	0.54	False
ecoli50_r000734	424.09	2.6274580319597765	test	0.42	True
ecoli50_r000735	424.34	2.62771397204586	train	0.42	False
ecoli50_r000736	70.59	1.848743181895684	test	0.34	False
ecoli50_r000737	50.11	1.6999244027424767	val	0.56	False
ecoli50_r000738	53.68	1.7298125071609356	test	0.6	False
ecoli50_r000739	178.18	2.2508589545992947	train	0.42	False
ecoli50_r000740	182.17	2.260476858327423	train	0.28	False
ecoli50_r000741	52.12	1.717004407040547	val	0.38	False
ecoli50_r000742	67.2	1.8273692730538251	train	0.46	False
ecoli50_r000743	336.75	2.5273076043950238	test	0.48	True
ecoli50_r000744	60.39	1.780965029608317	train	0.54	False
ecoli50_r000745	126.32	2.1014721170002377	train	0.68	False
ecoli50_r000746	157.68	2.197776611271387	train	0.38	False
ecoli50_r000747	45.21	1.6552345070342942	train	0.46	False
ecoli50_r000748	34.57	1.5386993795424069	train	0.56	False
ecoli50_r000749	649.45	2.812545721136587	test	0.44	False
ecoli50_r000750	238.01	2.376595204340475	train	0.44	False
ecoli50_r000751	63.16	1.8004421213362567	train	0.44	False
ecoli50_r000752	28.6	1.4563660331290431	train	0.42	False
ecoli50_r000753	505.12	2.7033945645481423	test	0.44	False
ecoli50_r000754	337.48	2.5282480404351686	train	0.28	False
ecoli50_r000755	419.89	2.6231355317073994	val	0.44	False
ecoli50_r000756	408.31	2.6109900164442723	train	0.48	False
ecoli50_r000757	43.14	1.6348801407665263	train	0.48	False
ecoli50_r000758	94.32	1.9746037920870327	train	0.52	False
ecoli50_r000759	1150.71	3.060965887253864	train	0.42	False
ecoli50_r000760	54.12	1.7333577879255853	train	0.48	False
ecoli50_r000761	86.43	1.9366645130000757	train	0.4	False
ecoli50_r000762	206.19	2.3142675986287222	train	0.46	False
ecoli50_r000763	216.39	2.3352371869097284	train	0.28	False
ecoli50_r000764	300.67	2.478090097590289	train	0.44	False
ecoli50_r000765	110.36	2.042811691807148	train	0.52	False
ecoli50_r000766	102.39	2.010257542998301	test	0.4	False
ecoli50_r000767	305.29	2.484712578894317	train	0.34	False
ecoli50_r000768	270.6	2.432327792261604	train	0.34	False
ecoli50_r000769	451.0	2.6541765418779604	train	0.42	False
ecoli50_r000770	416.93	2.620063145703664	val	0.48	True
ecoli50_r000771	60.39	1.780965029608317	train	0.32	False
ecoli50_r000772	657.55	2.817928782102453	val	0.34	False
ecoli50_r000773	288.52	2.4601759235180283	val	0.36	False
ecoli50_r000774	456.26	2.6592123961433822	train	0.4	False
ecoli50_r000775	77.16	1.8873922189718468	val	0.32	False
ecoli50_r000776	114.25	2.057856208741888	val	0.42	False
ecoli50_r000777	186.75	2.2712606104874364	train	0.32	False
ecoli50_r000778	113.31	2.0542682395471874	train	0.34	False
ecoli50_r000779	113.31	2.0542682395471874	train	0.26	False
ecoli50_r000780	3774.25	3.5768306637209446	train	0.26	False
ecoli50_r000781	740.65	2.8696130271721287	train	0.36	False
ecoli50_r000782	126.55	2.102262149494273	train	0.3	False
ecoli50_r000783	79.92	1.9026554752179257	train	0.32	False
ecoli50_r000784	348.38	2.542053214823124	train	0.36	False
ecoli50_r000785	66.15	1.82052984852352	train	0.38	False
ecoli50_r000786	312.7	2.4951278812429334	train	0.44	False
ecoli50_r000787	252.56	2.402364568884161	train	0.46	False
ecoli50_r000788	67.79	1.8311656339094424	train	0.42	False
ecoli50_r000789	405.89	2.6084083516417063	test	0.26	False
ecoli50_r000790	65.42	1.8157105397889628	train	0.42	False
ecoli50_r000791	122.33	2.087532975734093	train	0.42	False
ecoli50_r000792	38.32	1.5834255004065068	train	0.6	False
ecoli50_r000793	120.84	2.0822107166012427	train	0.62	False
ecoli50_r000794	103.16	2.0135113334659	train	0.62	False
ecoli50_r000795	147.37	2.168409083519626	train	0.48	False
ecoli50_r000796	19.16	1.2823955047425255	train	0.52	False
ecoli50_r000797	19.16	1.2823955047425255	train	0.6	False
ecoli50_r000798	167.18	2.22318432089504	test	0.38	False
ecoli50_r000799	43.61	1.6395860866734264	train	0.38	False
ecoli50_r000800	382.67	2.582824416378794	train	0.32	False
ecoli50_r000801	390.1	2.5911759503117917	test	0.32	False
ecoli50_r000802	169.42	2.228964677405161	val	0.3	False
ecoli50_r000803	252.63	2.402484922073764	val	0.46	False
ecoli50_r000804	59.44	1.7740788007525188	train	0.56	False
ecoli50_r000805	52.84	1.7229628089424895	train	0.42	False
ecoli50_r000806	176.85	2.2476050641507705	train	0.42	False
ecoli50_r000807	633.7	2.80188370712524	train	0.44	False
ecoli50_r000808	79.78	1.901894031973821	val	0.44	False
ecoli50_r000809	33.55	1.5256925245050108	train	0.42	False
ecoli50_r000810	227.38	2.356752262147557	train	0.56	False
ecoli50_r000811	34.88	1.5425764762605296	val	0.5	False
ecoli50_r000812	82.53	1.916611845109346	test	0.52	False
ecoli50_r000813	82.44	1.9161379831071752	train	0.42	False
ecoli50_r000814	134.19	2.1277201528923197	test	0.46	False
ecoli50_r000815	339.94	2.5314022700764	train	0.44	False
ecoli50_r000816	167.18	2.22318432089504	train	0.46	False
ecoli50_r000817	63.74	1.804412059137714	val	0.5	False
ecoli50_r000818	109.05	2.037625669914719	train	0.5	False
ecoli50_r000819	751.59	2.875980993123924	val	0.48	False
ecoli50_r000820	472.48	2.6743834296210034	train	0.44	False
ecoli50_r000821	74.3	1.8709888137605752	val	0.46	False
ecoli50_r000822	212.75	2.327869568756625	train	0.56	False
ecoli50_r000823	213.64	2.3296825692971	train	0.52	False
ecoli50_r000824	212.31	2.32697045032492	train	0.52	False
ecoli50_r000825	579.91	2.763360597810767	val	0.54	False
ecoli50_r000826	140.9	2.1489109931093564	train	0.4	False
ecoli50_r000827	25.54	1.4072208929273964	train	0.28	False
ecoli50_r000828	90.58	1.9570323163469383	test	0.32	False
ecoli50_r000829	19.65	1.2933625547114456	train	0.48	False
ecoli50_r000830	34.67	1.5399538416563967	train	0.32	False
ecoli50_r000831	44.73	1.650598898172657	test	0.42	False
ecoli50_r000832	147.37	2.168409083519626	test	0.34	False
ecoli50_r000833	90.42	1.9562645026982757	train	0.42	False
ecoli50_r000834	380.29	2.5801149054749035	test	0.28	False
ecoli50_r000835	67.1	1.826722520168992	val	0.26	False
ecoli50_r000836	117.42	2.0697420760416447	train	0.34	False
ecoli50_r000837	95.61	1.980503318193395	train	0.44	False
ecoli50_r000838	100.65	2.0028137792246734	train	0.24	False
ecoli50_r000839	133.75	2.126293790693266	train	0.34	False
ecoli50_r000840	66.87	1.8252313231999	test	0.46	False
ecoli50_r000841	420.94	2.624220196724192	train	0.42	False
ecoli50_r000842	84.19	1.9252605095194355	val	0.46	False
ecoli50_r000843	226.63	2.3553173987845595	test	0.36	True
ecoli50_r000844	42.09	1.6241789257480224	val	0.3	True
ecoli50_r000845	475.06	2.6767484644107724	val	0.24	False
ecoli50_r000846	85.45	1.931712067056756	val	0.54	True
ecoli50_r000847	143.61	2.157184682201611	test	0.5	False
ecoli50_r000848	1593.56	3.2023684199769007	train	0.26	True
ecoli50_r000849	44.58	1.6491400641442189	train	0.36	False
ecoli50_r000850	45.29	1.6560023206829573	val	0.5	False
ecoli50_r000851	103.16	2.0135113334659	train	0.52	False
ecoli50_r000852	36.51	1.5624118329497274	train	0.42	False
ecoli50_r000853	402.42	2.604679556724295	val	0.46	False
ecoli50_r000854	144.89	2.161038412422962	val	0.52	False
ecoli50_r000855	42.55	1.6288995644206066	test	0.46	False
ecoli50_r000856	382.45	2.5825746652583117	val	0.22	False
ecoli50_r000857	91.37	1.9608036249117695	train	0.24	False
ecoli50_r000858	74.3	1.8709888137605752	test	0.44	False
ecoli50_r000859	2076.97	3.3174302235796094	train	0.28	True
ecoli50_r000860	63.83	1.8050248444298047	train	0.52	False
ecoli50_r000861	170.95	2.2328691051326133	test	0.5	False
ecoli50_r000862	79.92	1.9026554752179257	val	0.52	False
ecoli50_r000863	1001.42	3.0006162607226683	train	0.52	False
ecoli50_r000864	33.44	1.5242662687669788	test	0.54	False
ecoli50_r000865	315.36	2.498806606935368	train	0.62	False
ecoli50_r000866	234.06	2.369327200695435	train	0.42	False
ecoli50_r000867	216.48	2.3354177792535475	train	0.22	False
ecoli50_r000868	2766.16	3.4418772969256533	train	0.38	False
ecoli50_r000869	84.19	1.9252605095194355	train	0.38	False
ecoli50_r000870	367.8	2.5656117249020585	train	0.34	False
ecoli50_r000871	134.35	2.1282376707691872	train	0.48	False
ecoli50_r000872	122.6	2.0884904701823963	test	0.42	False
ecoli50_r000873	63.74	1.804412059137714	train	0.46	False
ecoli50_r000874	1207.1	3.081743249922721	train	0.3	False
ecoli50_r000875	108.24	2.0343877835895667	train	0.4	False
ecoli50_r000876	87.76	1.9432966145666548	train	0.54	False
ecoli50_r000877	24.05	1.381115080709851	val	0.44	False
ecoli50_r000878	138.43	2.1412302188965806	train	0.6	False
ecoli50_r000879	101.14	2.004922949296526	train	0.54	False
ecoli50_r000880	276.62	2.441883576986704	train	0.52	False
ecoli50_r000881	83.87	1.9236066430174592	train	0.38	False
ecoli50_r000882	60.39	1.780965029608317	train	0.52	False
ecoli50_r000883	16.77	1.2245330626060855	train	0.4	False
ecoli50_r000884	44.1	1.6444385894678386	test	0.32	False
ecoli50_r000885	148.61	2.172048034180256	train	0.34	False
ecoli50_r000886	876.79	2.9428955879359315	test	0.46	False
ecoli50_r000887	939.95	2.9731047522149807	train	0.68	False
ecoli50_r000888	147.37	2.168409083519626	val	0.52	False
ecoli50_r000889	152.32	2.182756931040399	train	0.5	False
ecoli50_r000890	289.87	2.462203270516635	test	0.24	False
ecoli50_r000891	60.13	1.7790912038454991	train	0.26	False
ecoli50_r000892	48.11	1.682235356902564	train	0.38	False
ecoli50_r000893	230.34	2.3623693625010485	train	0.38	False
ecoli50_r000894	4000.91	3.602158782085573	test	0.34	False
ecoli50_r000895	20814.42	4.318364313646578	train	0.28	False
ecoli50_r000896	2111.48	3.324586972130439	val	0.56	False
ecoli50_r000897	171.57	2.2344413512663346	val	0.52	False
ecoli50_r000898	128.68	2.1095110522299323	val	0.3	False
ecoli50_r000899	724.65	2.860128296542201	test	0.38	False
ecoli50_r000900	25665.13	4.409343468407405	train	0.38	False
ecoli50_r000901	308.49	2.489241090524176	test	0.48	False
ecoli50_r000902	47.16	1.6735737964230517	train	0.6	False
ecoli50_r000903	241.49	2.382899151506837	val	0.34	False
ecoli50_r000904	157.9	2.1983821300082944	test	0.44	False
ecoli50_r000905	161.61	2.2084682302656176	train	0.4	False
ecoli50_r000906	36.9	1.5670263661590604	test	0.46	False
ecoli50_r000907	37.15	1.569958818096594	train	0.48	False
ecoli50_r000908	37.23	1.5708930362183922	train	0.54	False
ecoli50_r000909	119.67	2.077985291029502	test	0.42	False
ecoli50_r000910	147.37	2.168409083519626	test	0.54	False
ecoli50_r000911	215.41	2.3332658607261734	train	0.44	False
ecoli50_r000912	527.56	2.722271859585036	train	0.64	False
ecoli50_r000913	275.1	2.4394905903896835	test	0.56	False
ecoli50_r000914	109.03	2.037546012085827	train	0.58	False
ecoli50_r000915	49.41	1.6938148538894169	train	0.5	False
ecoli50_r000916	186.49	2.270655548952985	val	0.4	True
ecoli50_r000917	91.37	1.9608036249117695	train	0.34	False
ecoli50_r000918	45.21	1.6552345070342942	train	0.5	False
ecoli50_r000919	320.39	2.5056789524415564	train	0.34	False
ecoli50_r000920	137.65	2.138776215729349	train	0.4	False
ecoli50_r000921	61.23	1.786964259435733	val	0.24	False
ecoli50_r000922	52.84	1.7229628089424895	train	0.22	False
ecoli50_r000923	49.76	1.6968803716827623	train	0.44	False
ecoli50_r000924	44.58	1.6491400641442189	test	0.4	False
ecoli50_r000925	274.51	2.438558169790535	train	0.48	False
ecoli50_r000926	129.69	2.112906490253314	train	0.38	False
ecoli50_r000927	180.4	2.256236533205923	train	0.4	False
ecoli50_r000928	77.16	1.8873922189718468	train	0.26	False
ecoli50_r000929	45.64	1.659345635746177	train	0.26	False
ecoli50_r000930	196.0	2.292256071356476	train	0.46	False
ecoli50_r000931	170.2	2.230959555748569	train	0.6	False
ecoli50_r000932	107.23	2.0303163059885856	train	0.52	False
ecoli50_r000933	278.64	2.44504346145018	test	0.46	False
ecoli50_r000934	164.88	2.2171679787711565	train	0.52	False
ecoli50_r000935	41.26	1.6155292236371328	train	0.56	False
ecoli50_r000936	50.49	1.7032053706954864	test	0.58	False
ecoli50_r000937	60.42	1.7811807209372617	train	0.54	False
ecoli50_r000938	53.05	1.7246853882373594	train	0.62	False
ecoli50_r000939	74.3	1.8709888137605752	train	0.54	False
ecoli50_r000940	200.78	2.302720449896134	val	0.48	False
ecoli50_r000941	513.26	2.710337419615959	train	0.5	False
ecoli50_r000942	37.15	1.569958818096594	train	0.56	False
ecoli50_r000943	97.29	1.9880682033926356	train	0.48	False
ecoli50_r000944	172.86	2.2376945086640565	train	0.52	False
ecoli50_r000945	138.53	2.141543834220653	val	0.52	False
ecoli50_r000946	101.39	2.0059951230546917	val	0.48	False
ecoli50_r000947	19.95	1.299942900022767	train	0.6	False
ecoli50_r000948	784.96	2.894847526526292	test	0.52	False
ecoli50_r000949	336.75	2.5273076043950238	train	0.64	False
ecoli50_r000950	311.44	2.4933743907101054	test	0.6	False
ecoli50_r000951	1582.33	3.199297062115741	train	0.38	False
ecoli50_r000952	1582.33	3.199297062115741	train	0.4	False
ecoli50_r000953	102.23	2.009578360794542	test	0.44	False
ecoli50_r000954	82.88	1.9184497424011575	test	0.46	False
ecoli50_r000955	248.65	2.395588463568244	train	0.42	False
ecoli50_r000956	910.75	2.9593991799139534	train	0.32	False
ecoli50_r000957	103.16	2.0135113334659	train	0.4	False
ecoli50_r000958	156.35	2.194097885578952	train	0.4	False
ecoli50_r000959	63.37	1.80188370712524	val	0.54	False
ecoli50_r000960	274.92	2.4392063352370226	test	0.4	False
ecoli50_r000961	104.0	2.0170333392987803	val	0.48	False
ecoli50_r000962	58.51	1.7672300981107183	train	0.48	False
ecoli50_r000963	696.76	2.843083210487105	val	0.46	False
ecoli50_r000964	696.76	2.843083210487105	train	0.42	False
ecoli50_r000965	139.32	2.1440134657861987	train	0.44	False
ecoli50_r000966	176.13	2.245833335097326	train	0.34	False
ecoli50_r000967	60.39	1.780965029608317	train	0.38	False
ecoli50_r000968	228.51	2.358905210313047	train	0.34	False
ecoli50_r000969	57.03	1.7561033715851055	train	0.44	False
ecoli50_r000970	127.88	2.1068026275996505	test	0.28	False
ecoli50_r000971	85.45	1.931712067056756	train	0.38	False
ecoli50_r000972	237.77	2.376157057783254	val	0.4	False
ecoli50_r000973	50.11	1.6999244027424767	test	0.5	False
ecoli50_r000974	78.84	1.896746615607405	val	0.56	False
ecoli50_r000975	52.01	1.7160868537748322	train	0.32	False
ecoli50_r000976	57.03	1.7561033715851055	train	0.34	False
ecoli50_r000977	246.58	2.391957848245589	train	0.36	False
ecoli50_r000978	83.87	1.9236066430174592	train	0.28	False
ecoli50_r000979	265.94	2.4247836644198224	train	0.4	False
ecoli50_r000980	2422.78	3.384313979913879	train	0.5	False
ecoli50_r000981	527.58	2.7222883235417417	train	0.48	True
ecoli50_r000982	276.62	2.441883576986704	train	0.32	False
ecoli50_r000983	60.13	1.7790912038454991	train	0.46	False
ecoli50_r000984	55.36	1.7431960814487013	train	0.36	False
ecoli50_r000985	83.71	1.922777341928798	test	0.44	False
ecoli50_r000986	425.35	2.628746437140921	train	0.38	False
ecoli50_r000987	46.1	1.6637009253896482	val	0.52	False
ecoli50_r000988	205.83	2.3135086740460733	test	0.4	False
ecoli50_r000989	204.85	2.311435968289161	val	0.36	False
ecoli50_r000990	168.37	2.226264711895694	train	0.3	False
ecoli50_r000991	639.82	2.8060578114809447	train	0.46	False
ecoli50_r000992	24.05	1.381115080709851	test	0.46	False
ecoli50_r000993	75.79	1.8796119070658508	val	0.44	False
ecoli50_r000994	162.71	2.211414245077976	train	0.42	False
ecoli50_r000995	197.94	2.2965335659289874	train	0.44	False
ecoli50_r000996	1906.24	3.280177578418751	val	0.44	False
ecoli50_r000997	66.15	1.82052984852352	test	0.46	False
ecoli50_r000998	459.8	2.6625689669332604	train	0.5	False
ecoli50_r000999	69.14	1.839729375206388	train	0.48	False
ecoli50_r001000	46266.98	4.665271152576628	val	0.48	False
ecoli50_r001001	90.42	1.9562645026982757	train	0.56	False
ecoli50_r001002	176.28	2.246203041837881	train	0.36	False
ecoli50_r001003	210.84	2.32395300754292	train	0.36	False
ecoli50_r001004	186.93	2.271679005974424	train	0.34	False
ecoli50_r001005	23.48	1.370698092575577	val	0.38	False
ecoli50_r001006	152.08	2.182072103857387	train	0.56	False
ecoli50_r001007	154.52	2.188984699472783	train	0.54	False
ecoli50_r001008	90.58	1.9570323163469383	train	0.38	False
ecoli50_r001009	1773.8	3.248904650561679	train	0.4	False
ecoli50_r001010	69.27	1.8405451876368388	train	0.56	False
ecoli50_r001011	42.35	1.6268534146667255	train	0.46	False
ecoli50_r001012	138.53	2.141543834220653	train	0.42	False
ecoli50_r001013	54.12	1.7333577879255853	train	0.36	True
ecoli50_r001014	347.8	2.5413295776666938	train	0.32	True
ecoli50_r001015	15109.72	4.179256416451425	train	0.42	False
ecoli50_r001016	89.16	1.9501700598082	train	0.3	False
ecoli50_r001017	60.13	1.7790912038454991	train	0.46	False
ecoli50_r001018	47.87	1.6800634274819486	train	0.58	False
ecoli50_r001019	44.58	1.6491400641442189	train	0.4	False
ecoli50_r001020	90.2	1.9552065375419416	train	0.26	False
ecoli50_r001021	956.13	2.980516945042109	train	0.22	False
ecoli50_r001022	16144.08	4.208013300990982	train	0.32	False
ecoli50_r001023	35.37	1.5486350598147516	train	0.68	False
ecoli50_r001024	327.16	2.5147601995188227	train	0.48	False
ecoli50_r001025	180.4	2.256236533205923	train	0.46	False
ecoli50_r001026	180.4	2.256236533205923	train	0.48	False
ecoli50_r001027	51.86	1.7148325124333326	train	0.42	False
ecoli50_r001028	648.89	2.8121710813273726	test	0.48	False
ecoli50_r001029	884.22	2.9465603339032698	train	0.46	False
ecoli50_r001030	74.46	1.8719230318823732	train	0.56	False
ecoli50_r001031	335.49	2.5256795796181444	train	0.24	True
ecoli50_r001032	33.44	1.5242662687669788	train	0.38	False
ecoli50_r001033	74.3	1.8709888137605752	train	0.42	False
ecoli50_r001034	445.82	2.6491595475331957	train	0.52	False
ecoli50_r001035	184.84	2.266795959846668	train	0.14	False
ecoli50_r001036	711.23	2.852010067084306	train	0.52	False
ecoli50_r001037	51.44	1.7113009599161657	train	0.52	False
ecoli50_r001038	274.11	2.4379248796314323	train	0.32	False
ecoli50_r001039	165.35	2.2184041992497217	train	0.3	False
ecoli50_r001040	63.14	1.8003045775561983	train	0.34	False
ecoli50_r001041	404.96	2.607412127814179	train	0.24	False
ecoli50_r001042	52.01	1.7160868537748322	train	0.42	False
ecoli50_r001043	68.73	1.83714634390906	test	0.42	False
ecoli50_r001044	36.9	1.5670263661590604	train	0.5	False
ecoli50_r001045	205.37	2.312537003107303	val	0.56	False
ecoli50_r001046	192.43	2.284272779857725	train	0.42	False
ecoli50_r001047	591.44	2.771910693189461	train	0.56	False
ecoli50_r001048	46.56	1.6680129716418322	train	0.56	False
ecoli50_r001049	126.32	2.1014721170002377	train	0.58	False
ecoli50_r001050	82.53	1.916611845109346	train	0.5	False
ecoli50_r001051	88.42	1.9465505105698555	val	0.56	False
ecoli50_r001052	271.21	2.4333056987081227	train	0.36	False
ecoli50_r001053	188.82	2.276047993296864	train	0.36	False
ecoli50_r001054	57.59	1.7603470785299065	train	0.56	False
ecoli50_r001055	1307.75	3.1165247286994737	train	0.5	True
ecoli50_r001056	68.89	1.838156184752148	train	0.6	False
ecoli50_r001057	36.08	1.557266528869904	train	0.56	False
ecoli50_r001058	257.59	2.410928999102691	test	0.4	False
ecoli50_r001059	108.24	2.0343877835895667	train	0.44	False
ecoli50_r001060	96.6	1.9849771264154932	val	0.36	False
ecoli50_r001061	704.43	2.847837843259208	train	0.5	False
ecoli50_r001062	487.76	2.688206182013864	train	0.5	False
ecoli50_r001063	37.15	1.569958818096594	train	0.42	False
ecoli50_r001064	590.72	2.771381675009799	val	0.4	False
ecoli50_r001065	144.32	2.159326520197866	val	0.56	False
ecoli50_r001066	70.59	1.848743181895684	train	0.46	False
ecoli50_r001067	70.74	1.8496650554787328	train	0.5	False
ecoli50_r001068	70.59	1.848743181895684	train	0.5	False
ecoli50_r001069	95.74	1.9810934231459296	train	0.38	False
ecoli50_r001070	2947.43	3.469443499611154	train	0.34	False
ecoli50_r001071	1767.94	3.247467521926444	train	0.46	False
ecoli50_r001072	933.44	2.970086407441639	test	0.44	False
ecoli50_r001073	197.15	2.294796781409242	train	0.46	False
ecoli50_r001074	182.29	2.2607628449361683	test	0.46	False
ecoli50_r001075	938.09	2.9722445064263345	val	0.5	False
ecoli50_r001076	87.76	1.9432966145666548	train	0.52	False
ecoli50_r001077	132.97	2.123753668755841	val	0.44	False
ecoli50_r001078	88.42	1.9465505105698555	train	0.54	False
ecoli50_r001079	152.27	2.182614347736349	val	0.42	False
ecoli50_r001080	33.44	1.5242662687669788	val	0.44	False
ecoli50_r001081	29.47	1.4693801358499252	train	0.52	False
ecoli50_r001082	39.89	1.6008640363098396	train	0.48	False
ecoli50_r001083	147.37	2.168409083519626	train	0.48	False
ecoli50_r001084	151.58	2.1806419027298323	train	0.52	False
ecoli50_r001085	40.87	1.6114046377115934	val	0.5	False
ecoli50_r001086	92.88	1.967922206730517	train	0.42	False
ecoli50_r001087	74.6	1.8727388274726688	train	0.44	False
ecoli50_r001088	29.31	1.4670158184384354	val	0.64	False
ecoli50_r001089	235.92	2.3727647595437418	train	0.46	False
ecoli50_r001090	201.86	2.3050502689172228	train	0.62	True
ecoli50_r001091	81.73	1.9123814989188004	val	0.5	False
ecoli50_r001092	130.03	2.1140435625480776	val	0.54	False
ecoli50_r001093	70.59	1.848743181895684	test	0.6	False
ecoli50_r001094	39.89	1.6008640363098396	train	0.5	False
ecoli50_r001095	50.32	1.7017406324372124	train	0.48	False
ecoli50_r001096	156.9	2.1956229435869368	train	0.36	False
ecoli50_r001097	287.93	2.459286917242387	train	0.36	False
ecoli50_r001098	287.93	2.459286917242387	train	0.42	False
ecoli50_r001099	33.44	1.5242662687669788	train	0.4	False
ecoli50_r001100	60.0	1.7781512503836436	test	0.46	False
ecoli50_r001101	100.21	2.000911062131223	val	0.5	False
ecoli50_r001102	2306.52	3.362957224759148	train	0.44	False
ecoli50_r001103	30.19	1.4798631130230977	train	0.26	False
ecoli50_r001104	57.03	1.7561033715851055	train	0.5	False
ecoli50_r001105	415.59	2.618665088940316	test	0.5	False
ecoli50_r001106	231.37	2.3643070465816085	test	0.48	False
ecoli50_r001107	154.24	2.1881970165587554	train	0.5	False
ecoli50_r001108	85.48	1.931864513492032	train	0.46	False
ecoli50_r001109	438.69	2.642157734714228	val	0.48	False
ecoli50_r001110	88.42	1.9465505105698555	train	0.46	False
ecoli50_r001111	45.21	1.6552345070342942	train	0.48	False
ecoli50_r001112	149.81	2.175540804016768	train	0.44	False
ecoli50_r001113	99.92	1.999652425366079	val	0.48	False
ecoli50_r001114	82.53	1.916611845109346	train	0.42	False
ecoli50_r001115	74.6	1.8727388274726688	train	0.48	False
ecoli50_r001116	2345.22	3.370183589185197	train	0.3	False
ecoli50_r001117	47.16	1.6735737964230517	train	0.46	True
ecoli50_r001118	156.35	2.194097885578952	train	0.44	False
ecoli50_r001119	1187.62	3.074677502679902	test	0.4	True
ecoli50_r001120	84.19	1.9252605095194355	train	0.48	False
ecoli50_r001121	58.51	1.7672300981107183	test	0.58	False
ecoli50_r001122	50.53	1.7035492982382303	train	0.44	False
ecoli50_r001123	404.95	2.607401403302025	train	0.54	False
ecoli50_r001124	278.45	2.444747222225778	train	0.5	False
ecoli50_r001125	31.91	1.5039268041935103	train	0.58	False
ecoli50_r001126	53.87	1.731346975545955	train	0.46	False
ecoli50_r001127	73.81	1.8681152053272168	train	0.48	False
ecoli50_r001128	60.13	1.7790912038454991	train	0.48	False
ecoli50_r001129	194.13	2.28809265454187	test	0.5	False
ecoli50_r001130	12636.69	4.101633331621456	train	0.46	False
ecoli50_r001131	1353.47	3.131448633967737	train	0.5	False
ecoli50_r001132	746.46	2.873006540467324	train	0.54	False
ecoli50_r001133	91.37	1.9608036249117695	train	0.48	False
ecoli50_r001134	44.21	1.645520514905874	val	0.48	False
ecoli50_r001135	116.47	2.066214075471244	val	0.56	False
ecoli50_r001136	58.95	1.770483809431108	train	0.5	False
ecoli50_r001137	82.53	1.916611845109346	test	0.54	False
ecoli50_r001138	149.19	2.1737397139518877	train	0.5	False
ecoli50_r001139	76.63	1.8843988255566864	train	0.54	False
ecoli50_r001140	625.39	2.796150932584016	train	0.5	False
ecoli50_r001141	109.1	2.037824750588342	train	0.5	False
ecoli50_r001142	270.6	2.432327792261604	train	0.38	False
ecoli50_r001143	103.16	2.0135113334659	train	0.54	False
ecoli50_r001144	374.32	2.573243032184124	train	0.46	False
ecoli50_r001145	114.07	2.057171441547266	train	0.48	False
ecoli50_r001146	56.59	1.752739693935328	train	0.46	False
ecoli50_r001147	68.46	1.8354368948018585	train	0.44	False
ecoli50_r001148	193.96	2.287712175443487	train	0.54	False
ecoli50_r001149	141.48	2.150695051142714	train	0.38	False
ecoli50_r001150	606.93	2.783138604803781	train	0.46	True
ecoli50_r001151	116.47	2.066214075471244	test	0.44	True
ecoli50_r001152	963.53	2.983865241183091	test	0.48	False
ecoli50_r001153	52.01	1.7160868537748322	train	0.46	False
ecoli50_r001154	1320.62	3.12077787011696	test	0.5	False
ecoli50_r001155	45.04	1.6535983818432898	train	0.52	False
ecoli50_r001156	127.06	2.104008850999243	train	0.54	False
ecoli50_r001157	165.89	2.219820207147237	test	0.44	False
ecoli50_r001158	452.09	2.655224900768312	val	0.52	False
ecoli50_r001159	609.08	2.784674339064312	train	0.5	False
ecoli50_r001160	44.58	1.6491400641442189	val	0.44	False
ecoli50_r001161	303.71	2.482459091797488	train	0.46	False
ecoli50_r001162	453.9	2.656960182742849	train	0.58	False
ecoli50_r001163	604.22	2.7811950965511025	test	0.4	False
ecoli50_r001164	126.32	2.1014721170002377	train	0.44	False
ecoli50_r001165	15529.94	4.191169777832921	train	0.36	True
ecoli50_r001166	269.35	2.4303169798819737	train	0.36	True
ecoli50_r001167	85.79	1.9334366678262804	train	0.52	False
ecoli50_r001168	150.12	2.176438555741045	train	0.48	False
ecoli50_r001169	60.39	1.780965029608317	train	0.48	False
ecoli50_r001170	684.58	2.835424207076886	val	0.56	False
ecoli50_r001171	165.95	2.2199772567446225	train	0.38	True
ecoli50_r001172	3004.69	3.4777996716019053	test	0.38	False
ecoli50_r001173	319.7	2.504742636271688	val	0.36	False
ecoli50_r001174	532.51	2.726327767799115	train	0.52	False
ecoli50_r001175	62.14	1.7933712489189555	train	0.44	False
ecoli50_r001176	643.43	2.8085013060697075	test	0.44	False
ecoli50_r001177	74.17	1.8702282790117943	train	0.5	False
ecoli50_r001178	2303.13	3.362318452375532	train	0.5	False
ecoli50_r001179	39.01	1.5911759503117913	train	0.48	False
ecoli50_r001180	53.19	1.7258299903205805	val	0.44	False
ecoli50_r001181	154.32	2.188422214635828	test	0.48	False
ecoli50_r001182	502.63	2.701248406352915	train	0.46	True
ecoli50_r001183	1215.02	3.0845834267558536	train	0.36	False
ecoli50_r001184	1520.31	3.181932152130567	train	0.4	False
ecoli50_r001185	50.32	1.7017406324372124	test	0.56	False
ecoli50_r001186	141.47	2.1506643535295606	train	0.54	False
ecoli50_r001187	119.1	2.0759117614827773	train	0.48	False
ecoli50_r001188	66.54	1.823082796532804	train	0.34	True
ecoli50_r001189	1448.46	3.1609065064302606	test	0.4	True
ecoli50_r001190	1449.7	3.1612781389077096	train	0.46	False
ecoli50_r001191	1449.7	3.1612781389077096	train	0.5	False
ecoli50_r001192	246.55	2.391905006867157	train	0.48	False
ecoli50_r001193	246.55	2.391905006867157	train	0.48	False
ecoli50_r001194	140.9	2.1489109931093564	val	0.34	False
ecoli50_r001195	187.62	2.273279131626577	train	0.52	False
ecoli50_r001196	2022.31	3.305847729380622	test	0.48	True
ecoli50_r001197	61.17	1.7865384804978024	test	0.28	True
ecoli50_r001198	14909.54	4.173464244489651	val	0.52	False
ecoli50_r001199	2696.62	3.4308197512246785	train	0.5	True
ecoli50_r001200	2698.47	3.4311175941978305	train	0.54	True
ecoli50_r001201	32.42	1.5108130105124962	train	0.52	False
ecoli50_r001202	196.91	2.2942677721794578	test	0.46	False
ecoli50_r001203	847.09	2.927929554872506	train	0.4	True
ecoli50_r001204	430.32	2.633791531273789	train	0.52	False
ecoli50_r001205	214.71	2.331852271933605	train	0.4	False
ecoli50_r001206	64.84	1.8118430061764772	test	0.38	False
ecoli50_r001207	384.86	2.5853027755217064	train	0.52	False
ecoli50_r001208	127.65	2.106020819140269	train	0.52	False
ecoli50_r001209	178.18	2.2508589545992947	train	0.44	False
ecoli50_r001210	526.56	2.7214478649502984	train	0.56	False
ecoli50_r001211	94.36	1.9747879322135575	val	0.36	False
ecoli50_r001212	186.16	2.2698863702786736	train	0.38	False
ecoli50_r001213	90.58	1.9570323163469383	val	0.62	False
ecoli50_r001214	137.46	2.1381763395730413	train	0.32	True
ecoli50_r001215	72.5	1.8603380065709936	train	0.5	False
ecoli50_r001216	48.3	1.683947130751512	train	0.44	False
ecoli50_r001217	1928.81	3.285289448994014	train	0.46	False
ecoli50_r001218	194.48	2.2888749458352797	test	0.26	False
ecoli50_r001219	313.81	2.4966667788800487	train	0.34	False
ecoli50_r001220	716.7	2.8553374044695405	train	0.52	False
ecoli50_r001221	168.37	2.226264711895694	val	0.5	False
ecoli50_r001222	94.36	1.9747879322135575	train	0.48	False
ecoli50_r001223	85.79	1.9334366678262804	train	0.48	False
ecoli50_r001224	69.14	1.839729375206388	train	0.48	False
ecoli50_r001225	77.12	1.8871670208947744	train	0.54	False
ecoli50_r001226	148.45	2.171580201932064	val	0.46	False
ecoli50_r001227	112.0	2.049218022670181	train	0.52	False
ecoli50_r001228	93.08	1.9688563746146923	train	0.5	False
ecoli50_r001229	260.14	2.41520713590843	train	0.48	False
ecoli50_r001230	202.11	2.3055878020723406	train	0.5	False
ecoli50_r001231	138.29	2.1407907766253023	train	0.62	False
ecoli50_r001232	90.58	1.9570323163469383	train	0.58	False
ecoli50_r001233	419.82	2.623063124295784	test	0.46	False
ecoli50_r001234	643.43	2.8085013060697075	train	0.48	False
ecoli50_r001235	2160.46	3.334546229943666	train	0.46	False
ecoli50_r001236	95.74	1.9810934231459296	train	0.32	False
ecoli50_r001237	4109.94	3.6138354817643616	test	0.6	False
ecoli50_r001238	104.03	2.017158598487814	train	0.66	False
ecoli50_r001239	718.03	2.856142589872209	train	0.46	False
ecoli50_r001240	72.16	1.8582965245338852	train	0.44	False
ecoli50_r001241	130.31	2.114977744785308	train	0.34	False
ecoli50_r001242	127.65	2.106020819140269	train	0.28	False
ecoli50_r001243	51.28	1.709948016510761	train	0.42	False
ecoli50_r001244	87.31	1.941063988219902	val	0.4	False
ecoli50_r001245	48.63	1.6869042695681773	train	0.48	False
ecoli50_r001246	786.71	2.895814670592694	train	0.44	False
ecoli50_r001247	2630.79	3.420086182376411	train	0.42	False
ecoli50_r001248	2641.43	3.421839106025589	train	0.36	False
ecoli50_r001249	330.74	2.519486722064457	train	0.3	False
ecoli50_r001250	40.87	1.6114046377115934	train	0.32	False
ecoli50_r001251	18.83	1.2748503200166648	train	0.56	False
ecoli50_r001252	549.85	2.740244229390249	val	0.44	False
ecoli50_r001253	92.88	1.967922206730517	test	0.5	False
ecoli50_r001254	67.1	1.826722520168992	test	0.38	False
ecoli50_r001255	2988.9	3.47551138503771	test	0.34	True
ecoli50_r001256	69.15	1.839792184445329	train	0.42	False
ecoli50_r001257	2945.28	3.469126588316512	train	0.32	False
ecoli50_r001258	41.1	1.6138418218760693	train	0.3	False
ecoli50_r001259	81.12	1.9091279419892608	train	0.42	False
ecoli50_r001260	5277.65	3.722440585560276	train	0.36	False
ecoli50_r001261	1449.3	3.1611582922061823	train	0.44	False
ecoli50_r001262	89.16	1.9501700598082	train	0.2	False
ecoli50_r001263	96.6	1.9849771264154932	test	0.26	False
ecoli50_r001264	24.15	1.382917135087531	train	0.42	False
ecoli50_r001265	44.21	1.645520514905874	train	0.6	False
ecoli50_r001266	230.34	2.3623693625010485	test	0.42	False
ecoli50_r001267	70.59	1.848743181895684	train	0.44	False
ecoli50_r001268	103.16	2.0135113334659	train	0.54	False
ecoli50_r001269	104.03	2.017158598487814	train	0.5	False
ecoli50_r001270	77.12	1.8871670208947744	train	0.62	False
ecoli50_r001271	232.85	2.36707624226875	test	0.54	False
ecoli50_r001272	468.12	2.6703571963594164	test	0.58	False
ecoli50_r001273	87.57	1.9423553497076769	train	0.54	False
ecoli50_r001274	518.32	2.71459796693727	train	0.44	True
ecoli50_r001275	261.68	2.417770531116925	train	0.4	False
ecoli50_r001276	265.03	2.4232950365671155	train	0.44	False
ecoli50_r001277	63.16	1.8004421213362567	train	0.52	False
ecoli50_r001278	2044.55	3.310597735804306	train	0.46	False
ecoli50_r001279	205.89	2.3136352536103337	train	0.56	False
ecoli50_r001280	124.99	2.096875268059688	test	0.5	False
ecoli50_r001281	64.34	1.808481056565951	val	0.48	False
ecoli50_r001282	85.57	1.9323215319892928	train	0.5	False
ecoli50_r001283	63.16	1.8004421213362567	train	0.58	False
ecoli50_r001284	111.52	2.047352760753934	val	0.52	False
ecoli50_r001285	120.25	2.0800850850458694	train	0.52	False
ecoli50_r001286	296.9	2.4726101975960444	train	0.56	False
ecoli50_r001287	397.9	2.599773939146388	test	0.54	False
ecoli50_r001288	198.12	2.2969283193104184	train	0.48	False
ecoli50_r001289	52.01	1.7160868537748322	train	0.34	False
ecoli50_r001290	482.05	2.683092087197129	val	0.5	False
ecoli50_r001291	399.07	2.6010490810183886	val	0.48	False
ecoli50_r001292	364.81	2.562066734495455	train	0.4	False
ecoli50_r001293	105.88	2.02481393262931	train	0.52	False
ecoli50_r001294	109.03	2.037546012085827	val	0.5	False
ecoli50_r001295	1121.99	3.049988986185586	train	0.58	True
ecoli50_r001296	87.76	1.9432966145666548	train	0.48	False
ecoli50_r001297	30.19	1.4798631130230977	train	0.7	False
ecoli50_r001298	1151.71	3.0613431377200797	train	0.42	False
ecoli50_r001299	67.91	1.8319337304667451	train	0.32	False
ecoli50_r001300	2210.85	3.3445592779101654	train	0.5	False
ecoli50_r001301	74.46	1.8719230318823732	train	0.38	False
ecoli50_r001302	77.21	1.8876735524544477	val	0.54	False
ecoli50_r001303	119.37	2.0768951938660507	train	0.36	False
ecoli50_r001304	2212.93	3.3449676764240728	train	0.54	False
ecoli50_r001305	101.55	2.0066799277408256	test	0.58	False
ecoli50_r001306	40.28	1.6050894618815803	val	0.4	False
ecoli50_r001307	689.82	2.8387357817445085	test	0.56	False
ecoli50_r001308	66.48	1.8226910107760543	val	0.46	False
ecoli50_r001309	71.8	1.8561244442423004	val	0.64	False
ecoli50_r001310	218.11	2.3386755777532025	train	0.48	True
ecoli50_r001311	232.95	2.36726271478424	train	0.5	False
ecoli50_r001312	288.64	2.460356515861848	train	0.6	False
ecoli50_r001313	157.18	2.196397284437343	train	0.4	False
ecoli50_r001314	73.69	1.8674085565227911	train	0.46	False
ecoli50_r001315	86.69	1.937969002951453	train	0.54	False
ecoli50_r001316	53.68	1.7298125071609356	train	0.54	False
ecoli50_r001317	268.03	2.4281834063619443	test	0.44	False
ecoli50_r001318	168.37	2.226264711895694	train	0.42	False
ecoli50_r001319	202.47	2.3063606828610514	train	0.58	False
ecoli50_r001320	868.91	2.938974795404301	train	0.24	False
ecoli50_r001321	90.58	1.9570323163469383	train	0.36	False
ecoli50_r001322	936.56	2.971535605346295	train	0.46	False
ecoli50_r001323	936.56	2.971535605346295	val	0.48	False
ecoli50_r001324	50.53	1.7035492982382303	val	0.3	False
ecoli50_r001325	90.58	1.9570323163469383	test	0.48	False
ecoli50_r001326	108.24	2.0343877835895667	train	0.54	False
ecoli50_r001327	96.21	1.9832202146481028	train	0.46	False
ecoli50_r001328	61.14	1.78632543439007	train	0.38	False
ecoli50_r001329	147.37	2.168409083519626	val	0.38	False
ecoli50_r001330	307832.17	5.488314003810679	train	0.48	False
ecoli50_r001331	307972.49	5.4885119243745	train	0.46	False
ecoli50_r001332	2022.93	3.3059808550200844	train	0.54	False
ecoli50_r001333	90.2	1.9552065375419416	train	0.32	False
ecoli50_r001334	141.18	2.149773177559665	train	0.38	False
ecoli50_r001335	91.96	1.9635989625972412	train	0.5	False
ecoli50_r001336	91.37	1.9608036249117695	val	0.56	False
ecoli50_r001337	1131.81	3.053773526784	test	0.38	False
ecoli50_r001338	63.83	1.8050248444298047	train	0.54	False
ecoli50_r001339	1382.2	3.14057088863295	train	0.38	False
ecoli50_r001340	442.25	2.6456678415817607	train	0.38	True
ecoli50_r001341	78.17	1.8930401119571176	train	0.44	False
ecoli50_r001342	129.69	2.112906490253314	train	0.34	False
ecoli50_r001343	131.96	2.1204423068733065	train	0.58	False
ecoli50_r001344	73.69	1.8674085565227911	train	0.52	False
ecoli50_r001345	93.94	1.97285055584723	train	0.34	False
ecoli50_r001346	465.34	2.667770385506892	train	0.52	True
ecoli50_r001347	130.31	2.114977744785308	train	0.56	False
ecoli50_r001348	538.7	2.731346975545955	train	0.4	False
ecoli50_r001349	855.49	2.932214937348537	val	0.42	False
ecoli50_r001350	620.44	2.7926997891726466	train	0.44	False
ecoli50_r001351	372.83	2.571510850866108	test	0.56	False
ecoli50_r001352	90.58	1.9570323163469383	train	0.64	False
ecoli50_r001353	74.3	1.8709888137605752	train	0.46	False
ecoli50_r001354	56.75	1.7539658658651602	train	0.52	False
ecoli50_r001355	53.56	1.7288405683399717	test	0.52	False
ecoli50_r001356	348.78	2.542551573340032	train	0.32	False
ecoli50_r001357	691.54	2.8398173055976907	val	0.26	False
ecoli50_r001358	111.46	2.047119038720181	train	0.56	False
ecoli50_r001359	811.15	2.9091011725201548	val	0.24	False
ecoli50_r001360	96.6	1.9849771264154932	train	0.28	False
ecoli50_r001361	369.03	2.5670616732182974	train	0.44	False
ecoli50_r001362	1341.83	3.127697497398853	test	0.34	False
ecoli50_r001363	177.81	2.2499561819586806	val	0.44	False
ecoli50_r001364	117.42	2.0697420760416447	train	0.46	False
ecoli50_r001365	60.13	1.7790912038454991	test	0.54	False
ecoli50_r001366	74.27	1.8708134239155976	train	0.62	False
ecoli50_r001367	99.26	1.9967742708613043	test	0.5	False
ecoli50_r001368	214.71	2.331852271933605	train	0.48	False
ecoli50_r001369	98.83	1.9948887953649104	train	0.3	True
ecoli50_r001370	2517.82	3.401024678988291	train	0.32	False
ecoli50_r001371	163.47	2.213438062623771	train	0.48	False
ecoli50_r001372	64.84	1.8118430061764772	val	0.34	False
ecoli50_r001373	1105.62	3.043605886226828	train	0.46	False
ecoli50_r001374	1188.2	3.074889548040668	val	0.38	False
ecoli50_r001375	18316.77	4.262848892101896	train	0.54	False
ecoli50_r001376	59.44	1.7740788007525188	test	0.42	False
ecoli50_r001377	175.37	2.243955301978741	train	0.54	False
ecoli50_r001378	84.19	1.9252605095194355	train	0.26	False
ecoli50_r001379	79.78	1.901894031973821	train	0.44	False
ecoli50_r001380	92.88	1.967922206730517	val	0.34	False
ecoli50_r001381	211.36	2.325022800270452	train	0.42	False
ecoli50_r001382	60.13	1.7790912038454991	val	0.54	False
ecoli50_r001383	3003.43	3.477617514436196	val	0.46	False
ecoli50_r001384	31.87	1.5033820634737327	train	0.44	False
ecoli50_r001385	36.9	1.5670263661590604	train	0.54	False
ecoli50_r001386	74.46	1.8719230318823732	test	0.36	False
ecoli50_r001387	40.87	1.6114046377115934	train	0.54	False
ecoli50_r001388	78.17	1.8930401119571176	train	0.4	False
ecoli50_r001389	26.99	1.4312028845565166	train	0.42	False
ecoli50_r001390	158.23	2.199288828082405	train	0.42	False
ecoli50_r001391	159.16	2.2018339304743506	train	0.4	False
ecoli50_r001392	123.22	2.0906812044573906	val	0.52	False
ecoli50_r001393	215.48	2.333406966873917	train	0.52	False
ecoli50_r001394	215.48	2.333406966873917	test	0.56	False
ecoli50_r001395	114.35	2.0582361689427677	train	0.56	False
ecoli50_r001396	33.55	1.5256925245050108	train	0.54	False
ecoli50_r001397	114.35	2.0582361689427677	train	0.54	False
ecoli50_r001398	43.61	1.6395860866734264	train	0.46	False
ecoli50_r001399	533.97	2.7275168577767785	test	0.54	False
ecoli50_r001400	1541.81	3.1880308581276187	val	0.46	False
ecoli50_r001401	173.9	2.2402995820027125	train	0.38	False
ecoli50_r001402	1265.93	3.10240969189443	train	0.48	False
ecoli50_r001403	1116.05	3.047683651803772	train	0.38	False
ecoli50_r001404	252.56	2.402364568884161	train	0.46	False
ecoli50_r001405	17.11	1.2332500095411003	train	0.44	False
ecoli50_r001406	79.35	1.899546931090867	train	0.54	False
ecoli50_r001407	92.26	1.965013450272248	train	0.48	False
ecoli50_r001408	78.02	1.8922059459757723	train	0.48	False
ecoli50_r001409	53.68	1.7298125071609356	test	0.5	False
ecoli50_r001410	477.48	2.678955185194013	train	0.58	False
ecoli50_r001411	146.27	2.1651552613920657	train	0.5	False
ecoli50_r001412	41.38	1.6167904863297158	train	0.38	False
ecoli50_r001413	662.68	2.821303863573278	train	0.46	False
ecoli50_r001414	95.74	1.9810934231459296	val	0.4	False
ecoli50_r001415	2610.08	3.416653818842532	train	0.54	False
ecoli50_r001416	52.01	1.7160868537748322	val	0.34	False
ecoli50_r001417	476.39	2.677962636542057	test	0.38	False
ecoli50_r001418	192.43	2.284272779857725	test	0.32	False
ecoli50_r001419	999.75	2.99989141280556	train	0.4	False
ecoli50_r001420	129.16	2.111128036345124	train	0.5	False
ecoli50_r001421	117.42	2.0697420760416447	val	0.44	False
ecoli50_r001422	57.18	1.75724415102197	train	0.5	False
ecoli50_r001423	262.23	2.418682374955733	train	0.42	False
ecoli50_r001424	126.32	2.1014721170002377	val	0.44	False
ecoli50_r001425	120.27	2.080157310970184	train	0.32	False
ecoli50_r001426	78.17	1.8930401119571176	train	0.46	False
ecoli50_r001427	3435.55	3.535996273519069	val	0.46	False
ecoli50_r001428	33.44	1.5242662687669788	train	0.46	False
ecoli50_r001429	772.76	2.8880446338152117	test	0.62	False
ecoli50_r001430	260.06	2.415073558212059	train	0.56	False
ecoli50_r001431	96.21	1.9832202146481028	train	0.36	False
ecoli50_r001432	240.54	2.3811873066341653	test	0.38	False
ecoli50_r001433	189.48	2.277563376055919	train	0.36	False
ecoli50_r001434	58.95	1.770483809431108	train	0.24	False
ecoli50_r001435	60.13	1.7790912038454991	train	0.32	False
ecoli50_r001436	66.87	1.8252313231999	val	0.38	False
ecoli50_r001437	396.88	2.598659214028129	train	0.32	False
ecoli50_r001438	138.29	2.1407907766253023	train	0.34	False
ecoli50_r001439	25.05	1.3988077302032644	train	0.42	False
ecoli50_r001440	224.77	2.3517383455807592	train	0.28	False
ecoli50_r001441	192.43	2.284272779857725	train	0.26	True
ecoli50_r001442	50.32	1.7017406324372124	val	0.5	False
ecoli50_r001443	318.71	2.5033956903224466	train	0.32	False
ecoli50_r001444	100.65	2.0028137792246734	train	0.3	False
ecoli50_r001445	77.16	1.8873922189718468	train	0.48	False
ecoli50_r001446	70.59	1.848743181895684	test	0.3	False
ecoli50_r001447	1902.51	3.279326948193414	train	0.36	False
ecoli50_r001448	84.19	1.9252605095194355	train	0.32	False
ecoli50_r001449	47.87	1.6800634274819486	train	0.42	False
ecoli50_r001450	56.0	1.7481880270062005	test	0.56	False
ecoli50_r001451	2700.31	3.4314136247371905	train	0.26	False
ecoli50_r001452	10174.65	4.007519478763791	val	0.26	True
ecoli50_r001453	488.55	2.6889090176205546	val	0.28	False
ecoli50_r001454	60.95	1.7849737099544007	train	0.42	False
ecoli50_r001455	57.59	1.7603470785299065	train	0.48	False
ecoli50_r001456	332.13	2.521308105487026	train	0.52	False
ecoli50_r001457	916.65	2.962203542775508	train	0.46	False
ecoli50_r001458	264.59	2.4225734262955965	test	0.48	False
ecoli50_r001459	253.07	2.4032406650844758	train	0.4	False
ecoli50_r001460	761.55	2.8816984224602864	train	0.34	False
ecoli50_r001461	85.45	1.931712067056756	train	0.34	False
ecoli50_r001462	182.04	2.260166826834355	train	0.32	False
ecoli50_r001463	198.44	2.297629218364148	train	0.44	False
ecoli50_r001464	446.2	2.649529565947819	train	0.44	False
ecoli50_r001465	196.91	2.2942677721794578	train	0.48	False
ecoli50_r001466	10.15	1.0064660422492318	test	0.44	False
ecoli50_r001467	175.39	2.244004828091453	val	0.34	False
ecoli50_r001468	33.55	1.5256925245050108	train	0.4	False
ecoli50_r001469	302.79	2.481141527972904	train	0.32	False
ecoli50_r001470	102.23	2.009578360794542	train	0.32	False
ecoli50_r001471	134.19	2.1277201528923197	train	0.26	False
ecoli50_r001472	85.45	1.931712067056756	train	0.48	False
ecoli50_r001473	132.29	2.1215270164553788	val	0.28	False
ecoli50_r001474	132.29	2.1215270164553788	train	0.26	False
ecoli50_r001475	267.6	2.4274861090957853	val	0.14	False
ecoli50_r001476	267.6	2.4274861090957853	train	0.12	False
ecoli50_r001477	156.35	2.194097885578952	train	0.24	False
ecoli50_r001478	63.16	1.8004421213362567	train	0.36	False
ecoli50_r001479	26.59	1.424718337331567	train	0.5	False
ecoli50_r001480	1378.28	3.139337454220533	val	0.26	True
ecoli50_r001481	84.21	1.9253636673541012	test	0.28	False
ecoli50_r001482	81.08	1.908913740020971	train	0.28	False
ecoli50_r001483	81.08	1.908913740020971	train	0.28	False
ecoli50_r001484	7534.16	3.877034838906705	train	0.46	False
ecoli50_r001485	133.75	2.126293790693266	train	0.44	False
ecoli50_r001486	974.17	2.98863475114925	train	0.42	False
ecoli50_r001487	70.74	1.8496650554787328	train	0.5	False
ecoli50_r001488	115.17	2.061339366837067	train	0.42	False
ecoli50_r001489	85.1	1.929929560084588	val	0.58	False
ecoli50_r001490	47.87	1.6800634274819486	test	0.52	False
ecoli50_r001491	159.16	2.2018339304743506	train	0.6	False
ecoli50_r001492	310.95	2.492690561149542	train	0.54	False
ecoli50_r001493	60.13	1.7790912038454991	train	0.5	False
ecoli50_r001494	159.75	2.2034408668304377	val	0.46	False
ecoli50_r001495	82.44	1.9161379831071752	test	0.46	False
ecoli50_r001496	26.53	1.423737249982329	test	0.46	False
ecoli50_r001497	85.48	1.931864513492032	train	0.36	False
ecoli50_r001498	238.19	2.3769235244180296	train	0.6	False
ecoli50_r001499	516.65	2.713196433725248	train	0.5	False
ecoli50_r001500	106.11	2.025756314534414	train	0.5	False
ecoli50_r001501	67.79	1.8311656339094424	train	0.48	False
ecoli50_r001502	48.65	1.6870828446043706	val	0.46	False
ecoli50_r001503	82.53	1.916611845109346	val	0.3	False
ecoli50_r001504	106.5	2.0273496077747564	val	0.5	False
ecoli50_r001505	77.26	1.8879547038088016	train	0.52	False
ecoli50_r001506	36.9	1.5670263661590604	train	0.44	False
ecoli50_r001507	280.12	2.447344117675954	train	0.54	False
ecoli50_r001508	44.73	1.650598898172657	train	0.2	False
ecoli50_r001509	355.47	2.550802954195946	train	0.4	False
ecoli50_r001510	160.63	2.2058266593593414	train	0.54	False
ecoli50_r001511	70.59	1.848743181895684	train	0.5	False
ecoli50_r001512	215.41	2.3332658607261734	train	0.5	True
ecoli50_r001513	215.41	2.3332658607261734	train	0.42	True
ecoli50_r001514	173.9	2.2402995820027125	train	0.44	False
ecoli50_r001515	233.16	2.367654046647407	val	0.52	False
ecoli50_r001516	83.59	1.922154325231059	train	0.4	False
ecoli50_r001517	47.31	1.6749529480485654	train	0.44	False
ecoli50_r001518	552.44	2.7422851165944104	val	0.3	False
ecoli50_r001519	557.47	2.746221500984734	train	0.4	False
ecoli50_r001520	36.34	1.5603849229720157	train	0.48	False
ecoli50_r001521	611.7	2.7865384804978026	train	0.5	False
ecoli50_r001522	36.34	1.5603849229720157	train	0.46	False
ecoli50_r001523	237.77	2.376157057783254	val	0.54	False
ecoli50_r001524	53.19	1.7258299903205805	train	0.4	False
ecoli50_r001525	266.99	2.426494995349034	train	0.58	False
ecoli50_r001526	144.42	2.1596273406586737	train	0.44	False
ecoli50_r001527	117.9	2.071513805095089	train	0.38	False
ecoli50_r001528	138.53	2.141543834220653	train	0.42	False
ecoli50_r001529	96.6	1.9849771264154932	train	0.54	False
ecoli50_r001530	82.44	1.9161379831071752	train	0.52	False
ecoli50_r001531	50.77	1.705607163404605	val	0.5	True
ecoli50_r001532	186.19	2.269956351932952	test	0.48	False
ecoli50_r001533	300.64	2.4780467627564504	val	0.48	False
ecoli50_r001534	57.03	1.7561033715851055	test	0.5	False
ecoli50_r001535	99.02	1.9957229219954653	train	0.42	False
ecoli50_r001536	180.27	2.255923458732901	train	0.46	False
ecoli50_r001537	92.88	1.967922206730517	train	0.42	False
ecoli50_r001538	103.72	2.015862508097314	test	0.54	False
ecoli50_r001539	50.53	1.7035492982382303	train	0.46	False
ecoli50_r001540	90.2	1.9552065375419416	train	0.44	False
ecoli50_r001541	187.0	2.271841606536499	train	0.4	False
ecoli50_r001542	357.9	2.553761698390004	train	0.46	False
ecoli50_r001543	296.48	2.4719954019748225	train	0.46	True
ecoli50_r001544	441.8	2.6452257115354163	train	0.5	False
ecoli50_r001545	2200.9	3.342600310415772	train	0.5	False
ecoli50_r001546	159.16	2.2018339304743506	train	0.48	False
ecoli50_r001547	35.37	1.5486350598147516	val	0.5	False
ecoli50_r001548	37253.11	4.571162534787903	train	0.42	False
ecoli50_r001549	1167.18	3.0671378371752724	train	0.44	False
ecoli50_r001550	80.52	1.905903766216617	val	0.32	False
ecoli50_r001551	198.44	2.297629218364148	train	0.46	False
ecoli50_r001552	50.34	1.7019132112123438	train	0.44	False
ecoli50_r001553	165.43	2.2186142697450943	train	0.44	False
ecoli50_r001554	53.19	1.7258299903205805	train	0.56	False
ecoli50_r001555	36.08	1.557266528869904	train	0.42	False
ecoli50_r001556	26.01	1.4151403521958728	train	0.54	False
ecoli50_r001557	204.65	2.311011748981288	val	0.56	False
ecoli50_r001558	40.87	1.6114046377115934	train	0.56	False
ecoli50_r001559	178.18	2.2508589545992947	train	0.52	False
ecoli50_r001560	146.27	2.1651552613920657	val	0.5	False
ecoli50_r001561	93.08	1.9688563746146923	train	0.32	False
ecoli50_r001562	42.55	1.6288995644206066	train	0.4	False
ecoli50_r001563	131.89	2.1202118682570736	val	0.3	False
ecoli50_r001564	182.74	2.261833620575751	train	0.56	False
ecoli50_r001565	236.75	2.374289987675311	train	0.56	False
ecoli50_r001566	2327.0	3.36679638328673	train	0.62	False
ecoli50_r001567	52.01	1.7160868537748322	val	0.52	False
ecoli50_r001568	75.6	1.8785217955012063	train	0.46	False
ecoli50_r001569	193.19	2.285984642487249	train	0.46	False
ecoli50_r001570	218.07	2.338595923576831	train	0.5	False
ecoli50_r001571	69.26	1.840482487213442	train	0.46	False
ecoli50_r001572	51.58	1.7124813378019186	train	0.42	False
ecoli50_r001573	208.76	2.3196472881834227	train	0.54	False
ecoli50_r001574	50.53	1.7035492982382303	train	0.54	False
ecoli50_r001575	49.2	1.6919651027673603	train	0.52	False
ecoli50_r001576	256.43	2.4089688323612077	train	0.5	False
ecoli50_r001577	252.56	2.402364568884161	train	0.4	False
ecoli50_r001578	13620.32	4.134187311145169	train	0.28	True
ecoli50_r001579	357.88	2.553737428671263	val	0.62	False
ecoli50_r001580	809.9	2.908431398966006	train	0.56	False
ecoli50_r001581	73.69	1.8674085565227911	train	0.62	False
ecoli50_r001582	547.62	2.7384793009137867	val	0.5	False
ecoli50_r001583	6387.07	3.805301675896069	train	0.54	True
ecoli50_r001584	76.63	1.8843988255566864	test	0.56	False
ecoli50_r001585	198.53	2.297826142585328	train	0.4	False
ecoli50_r001586	226.05	2.354204511370313	test	0.66	False
ecoli50_r001587	95.91	1.9818638909913504	train	0.44	False
ecoli50_r001588	31.03	1.4917817755841658	val	0.58	False
ecoli50_r001589	35.29	1.547651658359969	val	0.46	False
ecoli50_r001590	91.75	1.962606072924127	train	0.42	False
ecoli50_r001591	117.42	2.0697420760416447	test	0.44	False
ecoli50_r001592	527.56	2.722271859585036	val	0.24	False
ecoli50_r001593	81.73	1.9123814989188004	train	0.36	False
ecoli50_r001594	107.36	2.030842502824917	train	0.48	False
ecoli50_r001595	1167.49	3.067253169355136	train	0.48	False
ecoli50_r001596	348.9	2.54270096944811	test	0.42	False
ecoli50_r001597	40.87	1.6114046377115934	train	0.26	False
ecoli50_r001598	114.56	2.0590330049637804	test	0.46	False
ecoli50_r001599	101.24	2.005352136486217	train	0.56	False
ecoli50_r001600	212.47	2.3272976178958547	val	0.3	False
ecoli50_r001601	1481.78	3.170783728691596	train	0.36	False
ecoli50_r001602	1482.9	3.171111865180439	train	0.4	False
ecoli50_r001603	82.58	1.9168748785386835	val	0.42	False
ecoli50_r001604	971.03	2.987232647655885	train	0.42	False
ecoli50_r001605	56.93	1.7553411838115476	train	0.48	False
ecoli50_r001606	63.65	1.8037984079896745	train	0.48	False
ecoli50_r001607	8951.93	3.951916677549271	test	0.32	False
ecoli50_r001608	120.27	2.080157310970184	train	0.3	False
ecoli50_r001609	52.01	1.7160868537748322	train	0.44	False
ecoli50_r001610	3004.53	3.477776544767767	val	0.44	False
ecoli50_r001611	58.36	1.766115283221414	train	0.46	False
ecoli50_r001612	114.35	2.0582361689427677	train	0.46	False
ecoli50_r001613	2717.74	3.434207906419154	train	0.5	False
ecoli50_r001614	58.13	1.764400322956388	train	0.36	False
ecoli50_r001615	1359.7	3.133443097549098	train	0.3	False
ecoli50_r001616	112.25	2.0501863496753607	test	0.28	True
ecoli50_r001617	238.74	2.377925189530032	train	0.46	True
ecoli50_r001618	85.48	1.931864513492032	train	0.4	False
ecoli50_r001619	253.48	2.403943698453202	train	0.42	False
ecoli50_r001620	132.97	2.123753668755841	val	0.44	False
ecoli50_r001621	111.83	2.0485583248984818	train	0.4	False
ecoli50_r001622	87.44	1.9417101489416464	val	0.4	False
ecoli50_r001623	42.72	1.6306312440205	val	0.38	False
ecoli50_r001624	84.19	1.9252605095194355	train	0.42	False
ecoli50_r001625	634.26	2.802267323210414	train	0.36	False
ecoli50_r001626	29.72	1.4730488050885375	train	0.4	False
ecoli50_r001627	80.22	1.904282657645628	train	0.46	False
ecoli50_r001628	58.95	1.770483809431108	train	0.44	False
ecoli50_r001629	543.48	2.735183566730582	train	0.54	False
ecoli50_r001630	87.31	1.941063988219902	test	0.46	False
ecoli50_r001631	64.84	1.8118430061764772	train	0.48	False
ecoli50_r001632	3647.29	3.5619702959138886	train	0.48	False
ecoli50_r001633	96.6	1.9849771264154932	train	0.48	False
ecoli50_r001634	96.6	1.9849771264154932	train	0.5	False
ecoli50_r001635	147.37	2.168409083519626	train	0.52	False
ecoli50_r001636	70.74	1.8496650554787328	train	0.44	False
ecoli50_r001637	65.02	1.813046965160108	train	0.22	False
ecoli50_r001638	61.3	1.787460474518415	train	0.28	False
ecoli50_r001639	380.29	2.5801149054749035	train	0.48	False
ecoli50_r001640	120.1	2.079543007402906	train	0.52	False
ecoli50_r001641	274.11	2.4379248796314323	test	0.54	False
ecoli50_r001642	486.45	2.687038207728654	train	0.48	False
ecoli50_r001643	76.63	1.8843988255566864	train	0.4	False
ecoli50_r001644	529.42	2.723800343700448	train	0.44	False
ecoli50_r001645	65.02	1.813046965160108	train	0.5	False
ecoli50_r001646	92.26	1.965013450272248	train	0.52	False
ecoli50_r001647	60.13	1.7790912038454991	train	0.4	False
ecoli50_r001648	561.0	2.7489628612561616	train	0.52	False
ecoli50_r001649	30.19	1.4798631130230977	train	0.58	False
ecoli50_r001650	179.79	2.2547655324161475	train	0.52	False
ecoli50_r001651	117.03	2.068297205031454	val	0.52	False
ecoli50_r001652	107.74	2.032376971209936	train	0.5	False
ecoli50_r001653	838.71	2.923611821172853	train	0.4	False
ecoli50_r001654	1898.85	3.278490658920664	test	0.32	False
ecoli50_r001655	154.32	2.188422214635828	val	0.34	False
ecoli50_r001656	12395.89	4.093277713694628	train	0.28	False
ecoli50_r001657	12584.53	4.099837000399432	train	0.42	False
ecoli50_r001658	48.11	1.682235356902564	train	0.46	False
ecoli50_r001659	613.19	2.787595063696637	train	0.48	False
ecoli50_r001660	616.75	2.7901091581617736	test	0.32	False
ecoli50_r001661	453.46	2.656538983688415	train	0.44	False
ecoli50_r001662	453.46	2.656538983688415	train	0.56	False
ecoli50_r001663	55.85	1.7470231774516278	train	0.36	False
ecoli50_r001664	148.93	2.172982189505869	train	0.58	False
ecoli50_r001665	774.97	2.8892848907816204	val	0.5	False
ecoli50_r001666	93.94	1.97285055584723	train	0.34	False
ecoli50_r001667	127.48	2.105442054801695	train	0.48	False
ecoli50_r001668	71.93	1.8569100603007864	train	0.5	False
ecoli50_r001669	3187.09	3.503394327656816	train	0.52	False
ecoli50_r001670	77.65	1.8901414600645772	train	0.32	False
ecoli50_r001671	412.64	2.615571324793862	test	0.44	False
ecoli50_r001672	201.29	2.303822199862847	train	0.16	False
ecoli50_r001673	167.74	2.2246366386814405	train	0.32	False
ecoli50_r001674	239.34	2.379015286693483	train	0.46	False
ecoli50_r001675	178.33	2.251224409571832	train	0.58	False
ecoli50_r001676	106.38	2.026859985984561	train	0.42	True
ecoli50_r001677	1804.02	3.256241347973933	train	0.32	False
ecoli50_r001678	244.64	2.388527468068245	train	0.3	False
ecoli50_r001679	222.91	2.348129551869214	test	0.54	True
ecoli50_r001680	186.41	2.270469206453198	val	0.38	False
ecoli50_r001681	660.55	2.8199056968971496	train	0.4	False
ecoli50_r001682	81.73	1.9123814989188004	val	0.5	False
ecoli50_r001683	2095.59	3.321306317359808	val	0.34	True
ecoli50_r001684	97.27	1.987978915875482	train	0.46	False
ecoli50_r001685	50.32	1.7017406324372124	train	0.58	False
ecoli50_r001686	188.64	2.2756337877510138	train	0.42	False
ecoli50_r001687	364.09	2.5612087508799486	train	0.54	False
ecoli50_r001688	237.77	2.376157057783254	val	0.44	False
ecoli50_r001689	92.88	1.967922206730517	train	0.56	False
ecoli50_r001690	234.44	2.370031712709581	val	0.52	False
ecoli50_r001691	162.22	2.2101043970648857	train	0.42	False
ecoli50_r001692	417.52	2.620677283847404	train	0.42	False
ecoli50_r001693	245.82	2.390617214336786	val	0.48	False
ecoli50_r001694	81.05	1.9087530191845337	train	0.46	False
ecoli50_r001695	45.21	1.6552345070342942	train	0.4	False
ecoli50_r001696	40.87	1.6114046377115934	val	0.44	False
ecoli50_r001697	207.94	2.317938039636056	test	0.5	False
ecoli50_r001698	233.43	2.368156670034973	val	0.54	False
ecoli50_r001699	22.29	1.3481100684802376	train	0.58	False
ecoli50_r001700	188.73	2.275840939904669	train	0.5	False
ecoli50_r001701	37.15	1.569958818096594	train	0.44	False
ecoli50_r001702	303.54	2.482215929792211	train	0.52	False
ecoli50_r001703	89.69	1.9527440240148983	train	0.4	True
ecoli50_r001704	515.79	2.7124729178970743	test	0.4	False
ecoli50_r001705	13893.47	4.142810727641427	train	0.38	True
ecoli50_r001706	215.79	2.334031315020449	test	0.54	False
ecoli50_r001707	60.72	1.783331762887424	train	0.5	False
ecoli50_r001708	47.87	1.6800634274819486	train	0.52	False
ecoli50_r001709	59.44	1.7740788007525188	val	0.54	False
ecoli50_r001710	105.88	2.02481393262931	train	0.4	False
ecoli50_r001711	58.71	1.7687120803776637	train	0.44	False
ecoli50_r001712	88.42	1.9465505105698555	train	0.42	False
ecoli50_r001713	68.53	1.8358807318173944	train	0.56	False
ecoli50_r001714	92.88	1.967922206730517	train	0.38	False
ecoli50_r001715	92.88	1.967922206730517	test	0.44	False
ecoli50_r001716	171.1	2.2332500095411003	test	0.32	False
ecoli50_r001717	43.61	1.6395860866734264	train	0.44	False
ecoli50_r001718	122.6	2.0884904701823963	train	0.48	False
ecoli50_r001719	48.11	1.682235356902564	train	0.28	True
ecoli50_r001720	47.87	1.6800634274819486	train	0.56	False
ecoli50_r001721	132.29	2.1215270164553788	train	0.44	False
ecoli50_r001722	84.19	1.9252605095194355	test	0.5	False
ecoli50_r001723	103.16	2.0135113334659	train	0.5	False
ecoli50_r001724	254.65	2.405943680512197	train	0.44	False
ecoli50_r001725	44.21	1.645520514905874	train	0.4	False
ecoli50_r001726	42.55	1.6288995644206066	val	0.42	False
ecoli50_r001727	300.51	2.477858928493696	train	0.42	False
ecoli50_r001728	117.9	2.071513805095089	test	0.5	False
ecoli50_r001729	63.74	1.804412059137714	test	0.54	False
ecoli50_r001730	144.32	2.159326520197866	val	0.46	False
ecoli50_r001731	48.3	1.683947130751512	train	0.4	False
ecoli50_r001732	486.45	2.687038207728654	train	0.4	False
ecoli50_r001733	51.47	1.7115541682501696	train	0.54	False
ecoli50_r001734	282.63	2.4512182585137934	val	0.48	False
ecoli50_r001735	541.2	2.733357787925585	val	0.42	False
ecoli50_r001736	1496.45	3.1750622105936097	train	0.3	False
ecoli50_r001737	1109.35	3.0450685877070094	test	0.24	False
ecoli50_r001738	2166.82	3.335822835522121	train	0.46	False
ecoli50_r001739	92.22	1.9648251178833889	train	0.44	False
ecoli50_r001740	109.05	2.037625669914719	test	0.58	False
ecoli50_r001741	469.04	2.671209881176741	train	0.52	False
ecoli50_r001742	22.6	1.354108439147401	train	0.44	False
ecoli50_r001743	87.79	1.9434450490250303	test	0.42	False
ecoli50_r001744	251.3	2.400192488592576	train	0.5	False
ecoli50_r001745	583.59	2.766107841511291	train	0.4	False
ecoli50_r001746	583.59	2.766107841511291	train	0.48	False
ecoli50_r001747	70.74	1.8496650554787328	train	0.56	False
ecoli50_r001748	180.19	2.255730685281629	train	0.52	False
ecoli50_r001749	117.9	2.071513805095089	val	0.5	False
ecoli50_r001750	55.85	1.7470231774516278	test	0.52	False
ecoli50_r001751	43.88	1.6422666189026736	test	0.6	False
ecoli50_r001752	60.42	1.7811807209372617	train	0.5	False
ecoli50_r001753	73.69	1.8674085565227911	test	0.5	False
ecoli50_r001754	21.05	1.323252100171687	train	0.44	False
ecoli50_r001755	124.15	2.093946723890584	train	0.48	False
ecoli50_r001756	1365.43	3.135269440548269	test	0.4	False
ecoli50_r001757	277.06	2.4425738298846342	test	0.5	False
ecoli50_r001758	126.74	2.1029137027892206	train	0.54	False
ecoli50_r001759	239164.33	5.378696407593419	val	0.48	False
ecoli50_r001760	242006.66	5.383827317887249	train	0.32	False
ecoli50_r001761	216.3	2.3350565194390915	val	0.32	False
ecoli50_r001762	2384.04	3.3773135378272348	test	0.48	False
ecoli50_r001763	94127.51	4.973716570240528	train	0.58	False
ecoli50_r001764	89683.62	4.952713129853363	train	0.56	False
ecoli50_r001765	82.72	1.9176105257498672	val	0.46	False
ecoli50_r001766	10523.83	4.022173823957733	train	0.52	False
ecoli50_r001767	206.46	2.3148359230045736	test	0.36	False
ecoli50_r001768	747.66	2.8737041464030453	train	0.4	False
ecoli50_r001769	111.83	2.0485583248984818	train	0.36	False
ecoli50_r001770	255.21	2.406897687524564	train	0.4	False
ecoli50_r001771	93.94	1.97285055584723	val	0.4	False
ecoli50_r001772	380.08	2.579875017411149	train	0.5	False
ecoli50_r001773	67.1	1.826722520168992	val	0.46	False
ecoli50_r001774	1229.73	3.0898097680394434	train	0.38	False
ecoli50_r001775	101.24	2.005352136486217	train	0.5	False
ecoli50_r001776	1543.23	3.188430657292527	train	0.56	False
ecoli50_r001777	258.32	2.4121580320091054	test	0.46	False
ecoli50_r001778	873.84	2.9414319206455497	val	0.36	True
ecoli50_r001779	873.84	2.9414319206455497	test	0.38	True
ecoli50_r001780	124.13	2.0938767553900446	val	0.44	False
ecoli50_r001781	107.58	2.0317315399458264	train	0.54	False
ecoli50_r001782	37.15	1.569958818096594	test	0.5	False
ecoli50_r001783	94.81	1.9768541465762188	train	0.5	False
ecoli50_r001784	93.08	1.9688563746146923	train	0.38	False
ecoli50_r001785	52.01	1.7160868537748322	val	0.4	False
ecoli50_r001786	77.12	1.8871670208947744	train	0.38	False
ecoli50_r001787	642.37	2.807785250298817	val	0.5	False
ecoli50_r001788	190.42	2.2797125608209257	train	0.38	False
ecoli50_r001789	28.6	1.4563660331290431	test	0.4	False
ecoli50_r001790	813.77	2.910501675349398	train	0.3	False
ecoli50_r001791	996.39	2.9984293602066887	val	0.38	False
ecoli50_r001792	53.87	1.731346975545955	test	0.46	False
ecoli50_r001793	178.18	2.2508589545992947	train	0.52	False
ecoli50_r001794	73.69	1.8674085565227911	train	0.48	False
ecoli50_r001795	55.85	1.7470231774516278	train	0.6	False
ecoli50_r001796	85.48	1.931864513492032	train	0.56	False
ecoli50_r001797	53.05	1.7246853882373594	train	0.54	False
ecoli50_r001798	56.0	1.7481880270062005	train	0.48	False
ecoli50_r001799	414.92	2.617964369223516	test	0.5	False
ecoli50_r001800	1411.78	3.149767025164735	train	0.42	True
ecoli50_r001801	289.79	2.462083394869625	train	0.4	False
ecoli50_r001802	43.61	1.6395860866734264	train	0.56	False
ecoli50_r001803	40.87	1.6114046377115934	train	0.62	False
ecoli50_r001804	231.48	2.364513473691509	test	0.18	False
ecoli50_r001805	85.48	1.931864513492032	train	0.34	False
ecoli50_r001806	7920.81	3.898769595799455	val	0.4	False
ecoli50_r001807	106.38	2.026859985984561	train	0.48	False
ecoli50_r001808	96.21	1.9832202146481028	train	0.5	False
ecoli50_r001809	49.23	1.6922298357727557	val	0.38	False
ecoli50_r001810	479.07	2.68039897561208	test	0.48	False
ecoli50_r001811	2516.43	3.400784854051037	train	0.44	True
ecoli50_r001812	2516.43	3.400784854051037	train	0.4	True
ecoli50_r001813	3710.26	3.5694043442805	test	0.36	True
ecoli50_r001814	673.5	2.8283376000590046	val	0.5	False
ecoli50_r001815	2508.26	3.3993725523790803	train	0.56	False
ecoli50_r001816	1052.23	3.022110679754168	train	0.32	False
ecoli50_r001817	492.26	2.6921945473611086	train	0.48	False
ecoli50_r001818	250.78	2.3992928980439108	train	0.64	False
ecoli50_r001819	234.06	2.369327200695435	train	0.62	False
ecoli50_r001820	139.79	2.1454761048849598	val	0.5	False
ecoli50_r001821	311.59	2.4935835112132727	train	0.54	False
ecoli50_r001822	234.06	2.369327200695435	train	0.46	False
ecoli50_r001823	191.82	2.2828938866553314	train	0.4	False
ecoli50_r001824	191.82	2.2828938866553314	val	0.44	False
ecoli50_r001825	1518.59	3.1814405356978845	train	0.38	False
ecoli50_r001826	1520.45	3.181972142940437	train	0.42	False
ecoli50_r001827	930.07	2.968515636155743	test	0.52	False
ecoli50_r001828	292.88	2.466689715873475	train	0.44	False
ecoli50_r001829	292.88	2.466689715873475	train	0.46	False
ecoli50_r001830	78.02	1.8922059459757723	train	0.52	False
ecoli50_r001831	60.39	1.780965029608317	train	0.5	False
ecoli50_r001832	120.4	2.0806264869218056	train	0.4	False
ecoli50_r001833	73.81	1.8681152053272168	test	0.44	False
ecoli50_r001834	63.16	1.8004421213362567	train	0.44	False
ecoli50_r001835	24.15	1.382917135087531	val	0.34	False
ecoli50_r001836	37.15	1.569958818096594	test	0.42	False
ecoli50_r001837	43.61	1.6395860866734264	train	0.46	False
ecoli50_r001838	146.27	2.1651552613920657	train	0.38	False
ecoli50_r001839	171.1	2.2332500095411003	train	0.46	False
ecoli50_r001840	63.16	1.8004421213362567	train	0.5	False
ecoli50_r001841	55.73	1.7460890430562002	val	0.42	False
ecoli50_r001842	133.75	2.126293790693266	val	0.16	False
ecoli50_r001843	135.11	2.130687493982032	train	0.64	False
ecoli50_r001844	409.43	2.612179661377579	val	0.56	False
ecoli50_r001845	58.19	1.7648483571934108	train	0.5	False
ecoli50_r001846	201.29	2.303822199862847	test	0.44	False
ecoli50_r001847	241.69	2.383258681708176	test	0.52	False
ecoli50_r001848	92.88	1.967922206730517	train	0.52	False
ecoli50_r001849	474.54	2.6762728259247512	train	0.54	False
ecoli50_r001850	829.26	2.918690717355985	test	0.44	False
ecoli50_r001851	73.69	1.8674085565227911	train	0.5	False
ecoli50_r001852	73.69	1.8674085565227911	test	0.62	False
ecoli50_r001853	460.07	2.662823914944352	train	0.52	False
ecoli50_r001854	37.15	1.569958818096594	test	0.44	False
ecoli50_r001855	66.48	1.8226910107760543	test	0.54	False
ecoli50_r001856	68.73	1.83714634390906	train	0.4	False
ecoli50_r001857	246.44	2.391711200121372	train	0.68	False
ecoli50_r001858	226.95	2.355930187078868	val	0.3	False
ecoli50_r001859	358.52	2.554513387750996	val	0.42	False
ecoli50_r001860	30.19	1.4798631130230977	train	0.34	False
ecoli50_r001861	81.05	1.9087530191845337	train	0.52	False
ecoli50_r001862	48.11	1.682235356902564	val	0.38	False
ecoli50_r001863	188.64	2.2756337877510138	train	0.4	False
ecoli50_r001864	159.75	2.2034408668304377	train	0.42	False
ecoli50_r001865	117.9	2.071513805095089	train	0.42	False
ecoli50_r001866	728.0	2.862131379313037	train	0.28	False
ecoli50_r001867	306.35	2.486217884667973	train	0.34	True
ecoli50_r001868	20.13	1.3038437748886544	train	0.38	False
ecoli50_r001869	97.21	1.987710943130306	test	0.52	False
ecoli50_r001870	89.9	1.9537596917332287	train	0.46	False
ecoli50_r001871	66.32	1.821644517542217	train	0.48	False
ecoli50_r001872	95.79	1.9813201732591077	val	0.48	False
ecoli50_r001873	103.9	2.0166155475571776	test	0.46	False
ecoli50_r001874	76.63	1.8843988255566864	train	0.5	False
ecoli50_r001875	460.07	2.662823914944352	train	0.48	False
ecoli50_r001876	30.95	1.4906606533561368	train	0.5	False
ecoli50_r001877	72.13	1.858115932190066	train	0.54	False
ecoli50_r001878	144.89	2.161038412422962	train	0.44	False
ecoli50_r001879	60.13	1.7790912038454991	val	0.46	False
ecoli50_r001880	162.36	2.210479042645248	test	0.44	True
ecoli50_r001881	16.21	1.209783014848515	train	0.32	False
ecoli50_r001882	504.91	2.703213972204323	val	0.46	True
ecoli50_r001883	84.0	1.9242792860618816	train	0.6	False
ecoli50_r001884	50.53	1.7035492982382303	test	0.54	False
ecoli50_r001885	162.99	2.212160959753384	test	0.56	False
ecoli50_r001886	247.58	2.393715558601472	train	0.5	False
ecoli50_r001887	140.34	2.1471814721927966	val	0.4	False
ecoli50_r001888	72.45	1.8600383898071933	train	0.5	False
ecoli50_r001889	222.04	2.346431218659823	val	0.4	False
ecoli50_r001890	38.56	1.5861370252307931	train	0.5	False
ecoli50_r001891	164.39	2.215875395461276	train	0.36	False
ecoli50_r001892	161.61	2.2084682302656176	train	0.58	False
ecoli50_r001893	211.77	2.3258644366153463	train	0.38	False
ecoli50_r001894	55.85	1.7470231774516278	train	0.46	False
ecoli50_r001895	97.27	1.987978915875482	test	0.54	False
ecoli50_r001896	539.57	2.732047794971974	test	0.42	False
ecoli50_r001897	539.57	2.732047794971974	train	0.38	False
ecoli50_r001898	541.25	2.733397909361422	train	0.34	False
ecoli50_r001899	156.0	2.1931245983544616	train	0.44	False
ecoli50_r001900	244.9	2.388988785124714	train	0.38	False
ecoli50_r001901	27.86	1.4449811120879448	val	0.3	False
ecoli50_r001902	105.05	2.0213960567419718	train	0.44	False
ecoli50_r001903	63.94	1.805772631935669	val	0.5	False
ecoli50_r001904	38.32	1.5834255004065068	train	0.48	False
ecoli50_r001905	359.59	2.555807605738594	train	0.42	False
ecoli50_r001906	96.6	1.9849771264154932	train	0.3	False
ecoli50_r001907	67.1	1.826722520168992	train	0.22	False
ecoli50_r001908	30.34	1.4820155764507117	test	0.38	False
ecoli50_r001909	17.96	1.2543063323312855	train	0.34	False
ecoli50_r001910	1887.09	3.275792613239277	train	0.44	False
ecoli50_r001911	236.97	2.374693368545393	test	0.54	False
ecoli50_r001912	30.58	1.4854374810763014	train	0.46	False
ecoli50_r001913	10849.78	4.035420932124208	train	0.34	False
ecoli50_r001914	6023.58	3.7798546826412847	train	0.38	False
ecoli50_r001915	64.84	1.8118430061764772	val	0.5	False
ecoli50_r001916	40.26	1.6048737705526357	val	0.48	False
ecoli50_r001917	571.27	2.7568414178701883	train	0.44	False
ecoli50_r001918	547.22	2.738161961758311	train	0.4	False
ecoli50_r001919	58.51	1.7672300981107183	train	0.48	False
ecoli50_r001920	271.16	2.4332256252374047	train	0.48	False
ecoli50_r001921	205.48	2.3127695570523	train	0.42	False
ecoli50_r001922	247.58	2.393715558601472	train	0.56	False
ecoli50_r001923	98.97	1.9955035702650064	train	0.42	False
ecoli50_r001924	33.44	1.5242662687669788	test	0.48	False
ecoli50_r001925	80.52	1.905903766216617	train	0.42	False
ecoli50_r001926	37.17	1.570192561095726	val	0.42	False
ecoli50_r001927	224.78	2.3517576668790343	train	0.26	False
ecoli50_r001928	24.05	1.381115080709851	val	0.48	False
ecoli50_r001929	427.25	2.6306820713927745	test	0.46	False
ecoli50_r001930	129.69	2.112906490253314	train	0.54	False
ecoli50_r001931	87.23	1.9406658724758288	test	0.46	False
ecoli50_r001932	62.5	1.7958800173440752	test	0.42	False
ecoli50_r001933	156.04	2.1932359416397538	test	0.44	False
ecoli50_r001934	277.4	2.443106456737266	test	0.38	False
ecoli50_r001935	225.48	2.3531080261481505	test	0.22	False
ecoli50_r001936	225.48	2.3531080261481505	train	0.24	False
ecoli50_r001937	393.81	2.5952867399627864	train	0.2	False
ecoli50_r001938	529.18	2.7236034219595777	train	0.26	False
ecoli50_r001939	761.7	2.881783955593385	train	0.36	True
ecoli50_r001940	3525.07	3.5471677455293715	test	0.34	True
ecoli50_r001941	106.24	2.026288062023942	train	0.36	False
ecoli50_r001942	1917.3	3.282690072268218	train	0.38	False
ecoli50_r001943	373.17	2.5719067225392207	train	0.4	False
ecoli50_r001944	65.42	1.8157105397889628	val	0.48	False
ecoli50_r001945	256.43	2.4089688323612077	val	0.54	False
ecoli50_r001946	71.8	1.8561244442423004	train	0.56	False
ecoli50_r001947	157.18	2.196397284437343	train	0.52	False
ecoli50_r001948	463.56	2.666105954192445	val	0.48	False
ecoli50_r001949	95.79	1.9813201732591077	train	0.52	False
ecoli50_r001950	107.82	2.032699327492617	val	0.54	False
ecoli50_r001951	47.87	1.6800634274819486	val	0.52	False
ecoli50_r001952	122.55	2.088313315588097	train	0.44	False
ecoli50_r001953	4105.3	3.613344899234744	train	0.52	False
ecoli50_r001954	5186.0	3.714832512433333	test	0.46	False
ecoli50_r001955	201.29	2.303822199862847	train	0.5	False
ecoli50_r001956	77.16	1.8873922189718468	train	0.38	False
ecoli50_r001957	311.15	2.4929698053204894	train	0.44	False
ecoli50_r001958	197.15	2.294796781409242	train	0.52	False
ecoli50_r001959	124.13	2.0938767553900446	train	0.48	False
ecoli50_r001960	613.37	2.7877225307709	train	0.54	False
ecoli50_r001961	91.96	1.9635989625972412	train	0.56	False
ecoli50_r001962	76.04	1.8810421081934057	test	0.52	False
ecoli50_r001963	221.42	2.3452168464313448	train	0.28	False
ecoli50_r001964	292.53	2.466170411157883	train	0.52	False
ecoli50_r001965	159.85	2.2037126406077068	val	0.42	False
ecoli50_r001966	120.27	2.080157310970184	train	0.38	False
ecoli50_r001967	93.94	1.97285055584723	train	0.48	False
ecoli50_r001968	1686.7	3.227037844930226	train	0.4	False
ecoli50_r001969	10708.26	4.029718907452741	train	0.46	False
ecoli50_r001970	10874.83	4.0364224766024	train	0.46	False
ecoli50_r001971	2091.01	3.320356109782968	train	0.68	False
ecoli50_r001972	9611.09	3.982772644082805	train	0.48	False
ecoli50_r001973	9753.05	3.9891404506762047	train	0.54	False
ecoli50_r001974	2145.13	3.331453616600864	test	0.66	False
ecoli50_r001975	2204.26	3.3432628197194867	train	0.46	False
ecoli50_r001976	153.92	2.1872950546937378	val	0.56	False
ecoli50_r001977	2102.03	3.3226389099517304	train	0.54	False
ecoli50_r001978	57.03	1.7561033715851055	train	0.3	False
ecoli50_r001979	324.72	2.511509038309229	train	0.44	False
ecoli50_r001980	42.74	1.6308345178280506	train	0.36	False
ecoli50_r001981	329.76	2.5181979744351377	train	0.52	False
ecoli50_r001982	327.1	2.5146805441249818	train	0.48	False
ecoli50_r001983	178.5	2.251638220448212	test	0.58	False
ecoli50_r001984	68.73	1.83714634390906	train	0.38	False
ecoli50_r001985	157.69	2.1978041531734096	train	0.4	False
ecoli50_r001986	95.91	1.9818638909913504	train	0.48	False
ecoli50_r001987	282.4	2.450864692379766	val	0.38	False
ecoli50_r001988	294.66	2.4693211845152474	test	0.36	False
ecoli50_r001989	126.37	2.101643985490313	train	0.38	False
ecoli50_r001990	38.08	1.5806969397124366	test	0.5	False
ecoli50_r001991	186.41	2.270469206453198	train	0.4	True
ecoli50_r001992	2643.63	3.42220067161439	train	0.38	False
ecoli50_r001993	1020.85	3.008961933117199	train	0.44	False
ecoli50_r001994	132.97	2.123753668755841	train	0.52	False
ecoli50_r001995	4891.93	3.68948023396702	train	0.42	False
ecoli50_r001996	1588.29	3.200929801555246	train	0.4	False
ecoli50_r001997	186.41	2.270469206453198	train	0.44	False
ecoli50_r001998	186.41	2.270469206453198	val	0.4	False
ecoli50_r001999	79.78	1.901894031973821	train	0.62	False
ecoli50_r002000	518.58	2.714815763383719	val	0.46	False
ecoli50_r002001	124.13	2.0938767553900446	test	0.5	False
ecoli50_r002002	654.2	2.815710539788963	train	0.5	False
ecoli50_r002003	2578.27	3.41132839531766	train	0.5	False
ecoli50_r002004	239.34	2.379015286693483	train	0.42	False
ecoli50_r002005	1409.32	3.149009615150009	train	0.32	True
ecoli50_r002006	1407.64	3.1484915994053058	val	0.34	True
ecoli50_r002007	73.13	1.8640955734242477	train	0.3	False
ecoli50_r002008	78.84	1.896746615607405	train	0.46	False
ecoli50_r002009	153.2	2.185258765296585	train	0.56	False
ecoli50_r002010	180.4	2.256236533205923	train	0.42	False
ecoli50_r002011	71.8	1.8561244442423004	train	0.54	False
ecoli50_r002012	628.78	2.798498719373948	train	0.48	False
ecoli50_r002013	111.69	2.0480142909380548	train	0.44	False
ecoli50_r002014	96.6	1.9849771264154932	train	0.5	False
ecoli50_r002015	411.17	2.614021419922643	train	0.5	False
ecoli50_r002016	137.46	2.1381763395730413	train	0.52	False
ecoli50_r002017	12015.06	4.079725943895961	test	0.48	False
ecoli50_r002018	3935.33	3.594981156306233	test	0.36	False
ecoli50_r002019	750.47	2.8753333360265017	test	0.5	False
ecoli50_r002020	52.01	1.7160868537748322	train	0.48	False
ecoli50_r002021	40.87	1.6114046377115934	test	0.54	False
ecoli50_r002022	53.68	1.7298125071609356	train	0.36	False
ecoli50_r002023	72.21	1.8585973449946924	val	0.48	False
ecoli50_r002024	2125.3	3.3274202422209718	train	0.48	False
ecoli50_r002025	72.16	1.8582965245338852	train	0.5	False
ecoli50_r002026	130.84	2.116740535452944	train	0.5	False
ecoli50_r002027	739.8	2.8691143269793757	train	0.48	False
ecoli50_r002028	90.58	1.9570323163469383	train	0.34	False
ecoli50_r002029	60.13	1.7790912038454991	train	0.52	False
ecoli50_r002030	81.73	1.9123814989188004	test	0.46	False
ecoli50_r002031	53.05	1.7246853882373594	train	0.34	False
ecoli50_r002032	45.21	1.6552345070342942	val	0.42	False
ecoli50_r002033	167.74	2.2246366386814405	val	0.34	False
ecoli50_r002034	42.55	1.6288995644206066	val	0.46	False
ecoli50_r002035	45.45	1.6575338875579864	train	0.44	False
ecoli50_r002036	851.41	2.930138746756451	train	0.4	False
ecoli50_r002037	75.79	1.8796119070658508	train	0.38	False
ecoli50_r002038	57.03	1.7561033715851055	test	0.54	False
ecoli50_r002039	115.17	2.061339366837067	train	0.52	False
ecoli50_r002040	124.99	2.096875268059688	test	0.48	False
ecoli50_r002041	375.24	2.574309127290558	train	0.48	False
ecoli50_r002042	48.3	1.683947130751512	val	0.54	False
ecoli50_r002043	82.53	1.916611845109346	train	0.4	False
ecoli50_r002044	95.49	1.9799578933406652	train	0.56	False
ecoli50_r002045	85.48	1.931864513492032	test	0.48	False
ecoli50_r002046	577.71	2.7617098851236026	train	0.38	False
ecoli50_r002047	577.71	2.7617098851236026	train	0.32	False
ecoli50_r002048	58.13	1.764400322956388	train	0.34	False
ecoli50_r002049	2077.94	3.317633003257196	train	0.56	False
ecoli50_r002050	684.73	2.835519355980416	train	0.46	False
ecoli50_r002051	53.19	1.7258299903205805	train	0.56	False
ecoli50_r002052	96.21	1.9832202146481028	test	0.36	False
ecoli50_r002053	47.16	1.6735737964230517	val	0.5	False
ecoli50_r002054	144.89	2.161038412422962	train	0.46	False
ecoli50_r002055	50.11	1.6999244027424767	train	0.56	False
ecoli50_r002056	112.0	2.049218022670181	train	0.56	False
ecoli50_r002057	309.48	2.490632588185562	train	0.36	False
ecoli50_r002058	53.68	1.7298125071609356	train	0.4	False
ecoli50_r002059	192.43	2.284272779857725	test	0.28	False
ecoli50_r002060	536.43	2.7295130579009066	train	0.26	False
ecoli50_r002061	534.96	2.728321310191844	val	0.3	False
ecoli50_r002062	130.03	2.1140435625480776	train	0.54	False
ecoli50_r002063	47.18	1.6737579365495767	test	0.5	False
ecoli50_r002064	93.08	1.9688563746146923	train	0.46	False
ecoli50_r002065	194.13	2.28809265454187	train	0.5	False
ecoli50_r002066	115.81	2.0637460616134438	train	0.38	False
ecoli50_r002067	223.79	2.349840676285945	test	0.5	False
ecoli50_r002068	48.11	1.682235356902564	train	0.5	False
ecoli50_r002069	2066.03	3.3151366234468465	train	0.38	False
ecoli50_r002070	176.48	2.2466954950961155	train	0.52	False
ecoli50_r002071	7761.28	3.889933351553898	train	0.4	False
ecoli50_r002072	60.39	1.780965029608317	test	0.52	False
ecoli50_r002073	53.19	1.7258299903205805	val	0.44	False
ecoli50_r002074	61.3	1.787460474518415	test	0.44	False
ecoli50_r002075	103.16	2.0135113334659	train	0.4	False
ecoli50_r002076	824.41	2.916143251082041	test	0.5	False
ecoli50_r002077	191.48	2.282123418809911	train	0.34	False
ecoli50_r002078	3330.17	3.5224664041301748	train	0.44	False
ecoli50_r002079	285.16	2.455088606040952	val	0.42	False
ecoli50_r002080	1442.76	3.1591940931555524	train	0.46	False
ecoli50_r002081	1445.94	3.1601502720667107	train	0.3	False
ecoli50_r002082	74.3	1.8709888137605752	train	0.3	False
ecoli50_r002083	226.63	2.3553173987845595	val	0.4	False
ecoli50_r002084	154.18	2.1880280413350808	train	0.32	False
ecoli50_r002085	23.58	1.3725438007590702	train	0.46	False
ecoli50_r002086	78.02	1.8922059459757723	train	0.46	False
ecoli50_r002087	79.78	1.901894031973821	test	0.46	False
ecoli50_r002088	196.79	2.294003025725598	val	0.42	False
ecoli50_r002089	22.29	1.3481100684802376	train	0.4	False
ecoli50_r002090	106.24	2.026288062023942	val	0.42	False
ecoli50_r002091	3739.19	3.572777533582965	train	0.48	False
ecoli50_r002092	3739.19	3.572777533582965	train	0.42	False
ecoli50_r002093	48.11	1.682235356902564	train	0.58	False
ecoli50_r002094	745.62	2.872517548719778	val	0.38	False
ecoli50_r002095	746.73	2.8731635995306606	train	0.4	False
ecoli50_r002096	122.6	2.0884904701823963	train	0.5	False
ecoli50_r002097	51.44	1.7113009599161657	train	0.5	False
ecoli50_r002098	92.21	1.964778022022376	train	0.44	False
ecoli50_r002099	3069.15	3.487018114427374	val	0.42	False
ecoli50_r002100	1291.03	3.1109363341975427	train	0.5	False
ecoli50_r002101	75.48	1.8778318914928935	train	0.32	False
ecoli50_r002102	976.26	2.989565495461619	train	0.38	False
ecoli50_r002103	38.91	1.5900612308037425	train	0.52	False
ecoli50_r002104	68.63	1.8365139988906716	train	0.66	False
ecoli50_r002105	84.19	1.9252605095194355	val	0.52	False
ecoli50_r002106	117.9	2.071513805095089	train	0.46	False
ecoli50_r002107	604.22	2.7811950965511025	train	0.3	False
ecoli50_r002108	100.31	2.0013442304116014	train	0.6	False
ecoli50_r002109	174.45	2.24167097378413	train	0.52	False
ecoli50_r002110	491.51	2.691532358181662	train	0.38	False
ecoli50_r002111	85.45	1.931712067056756	val	0.34	False
ecoli50_r002112	115.17	2.061339366837067	train	0.34	False
ecoli50_r002113	1022.28	3.009569864291947	train	0.38	False
ecoli50_r002114	142.95	2.155184159694008	train	0.42	False
ecoli50_r002115	140.0	2.146128035678238	train	0.44	False
ecoli50_r002116	97.27	1.987978915875482	train	0.5	False
ecoli50_r002117	109.05	2.037625669914719	train	0.5	False
ecoli50_r002118	92.88	1.967922206730517	val	0.48	False
ecoli50_r002119	135.58	2.132195629573424	train	0.64	False
ecoli50_r002120	45.21	1.6552345070342942	train	0.4	False
ecoli50_r002121	70.59	1.848743181895684	val	0.3	False
ecoli50_r002122	173.3	2.238798562713917	train	0.36	False
ecoli50_r002123	52.01	1.7160868537748322	train	0.36	False
ecoli50_r002124	52.01	1.7160868537748322	train	0.46	False
ecoli50_r002125	84.19	1.9252605095194355	train	0.34	False
ecoli50_r002126	53.19	1.7258299903205805	train	0.48	False
ecoli50_r002127	92.42	1.965765964182686	train	0.56	False
ecoli50_r002128	46.54	1.667826378950711	test	0.46	False
ecoli50_r002129	111.46	2.047119038720181	test	0.48	False
ecoli50_r002130	42.44	1.627775375229303	val	0.58	False
ecoli50_r002131	106.11	2.025756314534414	train	0.46	False
ecoli50_r002132	50.32	1.7017406324372124	test	0.38	False
ecoli50_r002133	40.87	1.6114046377115934	train	0.52	False
ecoli50_r002134	204.34	2.3103533890449945	train	0.44	False
ecoli50_r002135	290.08	2.4625177867514334	train	0.4	False
ecoli50_r002136	144.89	2.161038412422962	train	0.36	True
ecoli50_r002137	96.21	1.9832202146481028	train	0.48	False
ecoli50_r002138	559.14	2.747520562117171	train	0.32	False
ecoli50_r002139	13506.06	4.130528674720091	train	0.28	False
ecoli50_r002140	374.32	2.573243032184124	val	0.38	False
ecoli50_r002141	84.98	1.929316726753496	train	0.36	False
ecoli50_r002142	161.62	2.2084951024298376	train	0.5	False
ecoli50_r002143	11966.64	4.077972226070432	test	0.46	False
ecoli50_r002144	144.32	2.159326520197866	test	0.44	False
ecoli50_r002145	462.73	2.6653276568634183	val	0.54	False
ecoli50_r002146	256.65	2.4093412685967817	train	0.38	False
ecoli50_r002147	104.03	2.017158598487814	train	0.42	False
ecoli50_r002148	1510.85	3.1792213489148056	test	0.38	False
ecoli50_r002149	66.15	1.82052984852352	train	0.26	False
ecoli50_r002150	15087.58	4.178619585903513	val	0.28	False
ecoli50_r002151	117.01	2.0682229793464493	train	0.46	False
ecoli50_r002152	367.8	2.5656117249020585	train	0.38	False
ecoli50_r002153	97.29	1.9880682033926356	train	0.4	False
ecoli50_r002154	87.76	1.9432966145666548	train	0.5	False
ecoli50_r002155	129.69	2.112906490253314	train	0.5	False
ecoli50_r002156	13478.09	4.12962835204851	train	0.3	True
ecoli50_r002157	13460.4	4.129057965921507	train	0.28	False
ecoli50_r002158	175.83	2.245092976101281	train	0.36	False
ecoli50_r002159	2538.03	3.4044967512328608	train	0.38	False
ecoli50_r002160	324.72	2.511509038309229	train	0.44	False
ecoli50_r002161	101.24	2.005352136486217	train	0.58	False
ecoli50_r002162	45.98	1.6625689669332602	train	0.52	False
ecoli50_r002163	111.46	2.047119038720181	train	0.42	False
ecoli50_r002164	28.29	1.451632947456991	train	0.58	False
ecoli50_r002165	63.74	1.804412059137714	train	0.44	False
ecoli50_r002166	229.33	2.360460871050178	train	0.4	False
ecoli50_r002167	312.7	2.4951278812429334	train	0.46	False
ecoli50_r002168	306.5	2.486430478854434	train	0.5	False
ecoli50_r002169	60.05	1.7785130117389247	train	0.54	False
ecoli50_r002170	120.87	2.08231852210804	train	0.56	False
ecoli50_r002171	88.42	1.9465505105698555	train	0.58	False
ecoli50_r002172	866.96	2.937999060359692	val	0.4	False
ecoli50_r002173	72.45	1.8600383898071933	val	0.34	False
ecoli50_r002174	49.63	1.6957442751973233	train	0.34	False
ecoli50_r002175	114.35	2.0582361689427677	train	0.58	False
ecoli50_r002176	43.61	1.6395860866734264	train	0.6	False
ecoli50_r002177	206.19	2.3142675986287222	train	0.5	False
ecoli50_r002178	206.19	2.3142675986287222	train	0.48	False
ecoli50_r002179	162.36	2.210479042645248	train	0.42	False
ecoli50_r002180	51.47	1.7115541682501696	test	0.52	False
ecoli50_r002181	79.92	1.9026554752179257	train	0.44	False
ecoli50_r002182	1123.88	3.0507199427988927	val	0.5	False
ecoli50_r002183	215.75	2.3339508043872472	train	0.42	False
ecoli50_r002184	35.23	1.5469126431812426	train	0.6	False
ecoli50_r002185	193.02	2.2856023112856136	test	0.36	False
ecoli50_r002186	199.45	2.2998340406458584	train	0.34	False
ecoli50_r002187	72.13	1.858115932190066	train	0.46	False
ecoli50_r002188	102.94	2.01258416391415	train	0.5	False
ecoli50_r002189	61.61	1.7896512087934096	val	0.48	False
ecoli50_r002190	44948.79	4.652718005226175	train	0.38	False
ecoli50_r002191	120.25	2.0800850850458694	train	0.44	False
ecoli50_r002192	164.46	2.216060285923142	val	0.54	False
ecoli50_r002193	87.92	1.9440876794154345	train	0.58	False
ecoli50_r002194	120.27	2.080157310970184	train	0.42	False
ecoli50_r002195	880.5	2.944729360303296	val	0.4	False
ecoli50_r002196	31.58	1.4994121256722754	train	0.24	False
ecoli50_r002197	52.01	1.7160868537748322	train	0.4	False
ecoli50_r002198	933.44	2.970086407441639	val	0.32	False
ecoli50_r002199	212.21	2.3267658453640534	test	0.44	False
ecoli50_r002200	107.36	2.030842502824917	train	0.46	False
ecoli50_r002201	15430.34	4.188375495635217	train	0.3	False
ecoli50_r002202	128.36	2.1084297084234667	val	0.34	False
ecoli50_r002203	74.46	1.8719230318823732	train	0.5	False
ecoli50_r002204	56.0	1.7481880270062005	val	0.5	False
ecoli50_r002205	48.3	1.683947130751512	test	0.5	False
ecoli50_r002206	89.0	1.9493900066449128	val	0.48	False
ecoli50_r002207	73.71	1.8675264111997436	train	0.34	False
ecoli50_r002208	37.15	1.569958818096594	train	0.54	False
ecoli50_r002209	240.54	2.3811873066341653	train	0.42	False
ecoli50_r002210	1924.28	3.284268266042428	test	0.44	False
ecoli50_r002211	111.46	2.047119038720181	test	0.54	False
ecoli50_r002212	1575.51	3.197421164051457	train	0.4	False
ecoli50_r002213	132.29	2.1215270164553788	train	0.34	False
ecoli50_r002214	151.86	2.1814433955418977	train	0.56	False
ecoli50_r002215	114.95	2.060508975605298	test	0.52	False
ecoli50_r002216	193.19	2.285984642487249	train	0.44	False
ecoli50_r002217	122.55	2.088313315588097	val	0.48	False
ecoli50_r002218	180.4	2.256236533205923	train	0.52	False
ecoli50_r002219	243.16	2.385892134712404	train	0.48	True
ecoli50_r002220	222.53	2.3473885679290296	train	0.52	True
ecoli50_r002221	252.56	2.402364568884161	train	0.48	False
ecoli50_r002222	787.62	2.896316735626768	train	0.38	False
ecoli50_r002223	457.02	2.6599352059770283	train	0.34	False
ecoli50_r002224	51.58	1.7124813378019186	train	0.5	False
ecoli50_r002225	252.88	2.402914482831523	val	0.46	False
ecoli50_r002226	1070.98	3.029781360681772	val	0.52	False
ecoli50_r002227	42.09	1.6241789257480224	train	0.36	False
ecoli50_r002228	99.03	1.995766779049974	test	0.58	False
ecoli50_r002229	159.56	2.202924027637802	val	0.58	False
ecoli50_r002230	85.45	1.931712067056756	train	0.38	False
ecoli50_r002231	506.19	2.704313561233699	train	0.36	False
ecoli50_r002232	35827.75	4.554219535119312	train	0.42	False
ecoli50_r002233	252.63	2.402484922073764	train	0.58	False
ecoli50_r002234	271.74	2.434153571066601	train	0.46	False
ecoli50_r002235	83.59	1.922154325231059	train	0.56	False
ecoli50_r002236	43.88	1.6422666189026736	train	0.52	False
ecoli50_r002237	58.61	1.7679717213816188	train	0.42	False
ecoli50_r002238	167.18	2.22318432089504	test	0.34	False
ecoli50_r002239	72.16	1.8582965245338852	train	0.28	False
ecoli50_r002240	72.16	1.8582965245338852	val	0.26	False
ecoli50_r002241	649.45	2.812545721136587	test	0.36	False
ecoli50_r002242	292.65	2.466348528450199	test	0.48	False
ecoli50_r002243	284.63	2.454280672796099	train	0.34	False
ecoli50_r002244	596.05	2.7752826923128766	test	0.32	False
ecoli50_r002245	452.43	2.6555513946674	train	0.32	False
ecoli50_r002246	63.94	1.805772631935669	train	0.48	False
ecoli50_r002247	319.51	2.504484455223232	train	0.6	False
ecoli50_r002248	40.87	1.6114046377115934	train	0.6	False
ecoli50_r002249	147.37	2.168409083519626	train	0.62	False
ecoli50_r002250	36.08	1.557266528869904	val	0.58	False
ecoli50_r002251	300.67	2.478090097590289	train	0.54	False
ecoli50_r002252	22.29	1.3481100684802376	train	0.42	False
ecoli50_r002253	3609.32	3.5574253880371587	test	0.48	False
ecoli50_r002254	46.98	1.671913012441587	train	0.38	False
ecoli50_r002255	40.26	1.6048737705526357	train	0.48	False
ecoli50_r002256	63.74	1.804412059137714	train	0.5	False
ecoli50_r002257	35.9	1.5550944485783191	test	0.42	False
ecoli50_r002258	73.69	1.8674085565227911	val	0.54	False
ecoli50_r002259	35.37	1.5486350598147516	train	0.48	False
ecoli50_r002260	97.27	1.987978915875482	train	0.62	False
ecoli50_r002261	709.6	2.85101360682367	test	0.5	True
ecoli50_r002262	919.13	2.963376941516452	train	0.5	False
ecoli50_r002263	130.03	2.1140435625480776	train	0.5	False
ecoli50_r002264	77.7	1.8904210188009145	train	0.5	False
ecoli50_r002265	76.63	1.8843988255566864	train	0.38	False
ecoli50_r002266	44.58	1.6491400641442189	train	0.4	False
ecoli50_r002267	47.87	1.6800634274819486	test	0.4	False
ecoli50_r002268	186.16	2.2698863702786736	val	0.28	False
ecoli50_r002269	188.26	2.2747580543520085	train	0.48	False
ecoli50_r002270	55.73	1.7460890430562002	test	0.58	False
ecoli50_r002271	43.61	1.6395860866734264	train	0.56	False
ecoli50_r002272	1988.43	3.298510306838804	train	0.46	False
ecoli50_r002273	203.27	2.3080732871680296	train	0.44	False
ecoli50_r002274	1148.15	3.0599986301496918	train	0.34	True
ecoli50_r002275	2560.9	3.4083926201333603	val	0.36	True
ecoli50_r002276	1323.99	3.1218847049214906	train	0.36	True
ecoli50_r002277	53.19	1.7258299903205805	train	0.52	False
ecoli50_r002278	104.03	2.017158598487814	val	0.42	False
ecoli50_r002279	466.26	2.6686281593438146	train	0.48	False
ecoli50_r002280	258.42	2.4123261221462435	test	0.38	False
ecoli50_r002281	198.09	2.296862551992673	val	0.58	False
ecoli50_r002282	198.09	2.296862551992673	val	0.62	False
ecoli50_r002283	54.17	1.733758835587203	train	0.4	False
ecoli50_r002284	66.87	1.8252313231999	val	0.5	False
ecoli50_r002285	476.11	2.677707303295998	val	0.46	False
ecoli50_r002286	463.24	2.665806052941406	train	0.44	False
ecoli50_r002287	73.81	1.8681152053272168	test	0.46	False
ecoli50_r002288	653.88	2.8154980539517336	val	0.5	False
ecoli50_r002289	58.51	1.7672300981107183	train	0.52	False
ecoli50_r002290	521.69	2.717412512040676	train	0.44	False
ecoli50_r002291	115.68	2.0632582799504555	test	0.54	False
ecoli50_r002292	51.86	1.7148325124333326	train	0.42	False
ecoli50_r002293	51.86	1.7148325124333326	train	0.38	False
ecoli50_r002294	156.35	2.194097885578952	train	0.4	False
ecoli50_r002295	318.32	2.502863926138332	train	0.42	False
ecoli50_r002296	61.9	1.791690649020118	train	0.38	False
ecoli50_r002297	52.94	1.7237839369653294	test	0.52	False
ecoli50_r002298	22.29	1.3481100684802376	train	0.42	False
ecoli50_r002299	3821.08	3.582186130385306	test	0.26	False
ecoli50_r002300	47.92	1.680516809381255	test	0.58	False
ecoli50_r002301	1356.37	3.132378175548292	val	0.42	False
ecoli50_r002302	53.19	1.7258299903205805	val	0.46	False
ecoli50_r002303	2936.54	3.467835920949778	train	0.36	False
ecoli50_r002304	601.34	2.779120093254271	test	0.26	False
ecoli50_r002305	86.19	1.93545688071161	train	0.4	False
ecoli50_r002306	46.54	1.667826378950711	train	0.46	False
ecoli50_r002307	501.55	2.70031423474762	train	0.46	False
ecoli50_r002308	110.28	2.042496757433736	train	0.5	False
ecoli50_r002309	97.68	1.989805650936826	train	0.44	False
ecoli50_r002310	139.51	2.144605338714745	train	0.44	False
ecoli50_r002311	139.51	2.144605338714745	train	0.44	False
ecoli50_r002312	45.21	1.6552345070342942	train	0.6	False
ecoli50_r002313	53.68	1.7298125071609356	test	0.46	False
ecoli50_r002314	39.89	1.6008640363098396	val	0.58	False
ecoli50_r002315	107.74	2.032376971209936	test	0.56	False
ecoli50_r002316	480.43	2.681630118688533	train	0.48	False
ecoli50_r002317	902.46	2.95542796164223	test	0.44	False
ecoli50_r002318	601.34	2.779120093254271	train	0.52	False
ecoli50_r002319	70.74	1.8496650554787328	val	0.4	False
ecoli50_r002320	19881.37	4.298446307774572	train	0.44	False
ecoli50_r002321	223.53	2.349335818117248	test	0.4	False
ecoli50_r002322	32.07	1.5060989599284405	train	0.44	False
ecoli50_r002323	410.97	2.6138101203919204	train	0.32	False
ecoli50_r002324	90.4	1.9561684304753637	train	0.4	False
ecoli50_r002325	4161.26	3.619224851826989	test	0.34	False
ecoli50_r002326	4161.26	3.619224851826989	train	0.3	True
ecoli50_r002327	215.89	2.3342325263296	val	0.44	False
ecoli50_r002328	120.77	2.0819590663004783	train	0.52	False
ecoli50_r002329	493.1	2.692935002531138	train	0.38	False
ecoli50_r002330	11476.99	4.059828003236634	train	0.48	True
ecoli50_r002331	524.48	2.719728931890405	train	0.26	False
ecoli50_r002332	180.4	2.256236533205923	val	0.38	False
ecoli50_r002333	431.1	2.634578022853888	train	0.34	False
ecoli50_r002334	483.38	2.6842886773721566	train	0.42	False
ecoli50_r002335	2315.15	3.3645791344735723	train	0.38	False
ecoli50_r002336	7396.97	3.869053857330963	train	0.42	False
ecoli50_r002337	32.42	1.5108130105124962	train	0.4	False
ecoli50_r002338	150.97	2.178890655048907	train	0.52	False
ecoli50_r002339	42.89	1.6323560462390732	train	0.44	False
ecoli50_r002340	563.79	2.7511173684789423	train	0.38	False
ecoli50_r002341	109.05	2.037625669914719	train	0.5	False
ecoli50_r002342	429.11	2.6325686354700166	val	0.56	False
ecoli50_r002343	186.49	2.270655548952985	train	0.42	False
ecoli50_r002344	1960.36	3.292335832405933	train	0.46	False
ecoli50_r002345	77.12	1.8871670208947744	train	0.54	False
ecoli50_r002346	200.54	2.302201010605382	train	0.32	False
ecoli50_r002347	346.34	2.5395026526123377	test	0.4	False
ecoli50_r002348	661.47	2.8205101521820164	val	0.4	True
ecoli50_r002349	167.18	2.22318432089504	train	0.44	False
ecoli50_r002350	124.33	2.094575933649249	train	0.4	False
ecoli50_r002351	33.44	1.5242662687669788	test	0.46	False
ecoli50_r002352	1046.33	3.0196686774341117	val	0.4	False
ecoli50_r002353	2200.9	3.342600310415772	train	0.44	False
ecoli50_r002354	281.89	2.4500796696216884	train	0.58	False
ecoli50_r002355	210.51	2.323272731248478	train	0.62	False
ecoli50_r002356	74.3	1.8709888137605752	train	0.48	False
ecoli50_r002357	304.65	2.483801182460488	train	0.5	False
ecoli50_r002358	87.92	1.9440876794154345	train	0.54	False
ecoli50_r002359	232.85	2.36707624226875	val	0.52	False
ecoli50_r002360	89.16	1.9501700598082	val	0.46	False
ecoli50_r002361	124.28	2.094401244582937	val	0.48	False
ecoli50_r002362	226.5	2.3550682063488506	train	0.54	False
ecoli50_r002363	2575.13	3.410799158370428	train	0.42	True
ecoli50_r002364	2940.55	3.468428568379947	train	0.34	True
ecoli50_r002365	26.84	1.4287825114969546	train	0.44	False
ecoli50_r002366	430.96	2.6344369625378987	test	0.42	False
ecoli50_r002367	159.16	2.2018339304743506	train	0.44	False
ecoli50_r002368	180.84	2.2572944983622567	train	0.42	False
ecoli50_r002369	757.69	2.8794915554644502	test	0.36	False
ecoli50_r002370	108.24	2.0343877835895667	train	0.32	False
ecoli50_r002371	81.73	1.9123814989188004	test	0.5	False
ecoli50_r002372	63.37	1.80188370712524	train	0.54	False
ecoli50_r002373	757.69	2.8794915554644502	train	0.5	False
ecoli50_r002374	254.49	2.4056707217213265	val	0.46	False
ecoli50_r002375	43.61	1.6395860866734264	val	0.44	False
ecoli50_r002376	248.26	2.394906751054026	train	0.46	False
ecoli50_r002377	168.37	2.226264711895694	test	0.44	False
ecoli50_r002378	169.04	2.227989484044257	test	0.42	False
ecoli50_r002379	294.74	2.469439079183607	train	0.52	False
ecoli50_r002380	169.42	2.228964677405161	train	0.4	False
ecoli50_r002381	130.31	2.114977744785308	train	0.52	False
ecoli50_r002382	95.91	1.9818638909913504	test	0.36	False
ecoli50_r002383	778.33	2.8911637702449444	train	0.5	False
ecoli50_r002384	143.61	2.157184682201611	train	0.42	False
ecoli50_r002385	55.91	1.7474894922586728	val	0.38	False
ecoli50_r002386	107.36	2.030842502824917	train	0.44	False
ecoli50_r002387	328.78	2.516905391125257	train	0.44	False
ecoli50_r002388	304.03	2.482916439502271	train	0.4	False
ecoli50_r002389	1699.23	3.230252166962253	train	0.32	False
ecoli50_r002390	196.79	2.294003025725598	train	0.44	False
ecoli50_r002391	55.76	1.746322765089953	train	0.5	False
ecoli50_r002392	280.01	2.447173541582463	train	0.46	False
ecoli50_r002393	55.85	1.7470231774516278	train	0.48	False
ecoli50_r002394	1013.91	3.005999406439051	train	0.48	False
ecoli50_r002395	579.74	2.7632332661806163	train	0.52	False
ecoli50_r002396	79.58	1.9008039348103696	train	0.48	False
ecoli50_r002397	78.45	1.8945929479229555	train	0.5	False
ecoli50_r002398	418.27	2.621456716357618	val	0.48	False
ecoli50_r002399	1627.62	3.211553017772715	val	0.28	True
ecoli50_r002400	1627.62	3.211553017772715	test	0.34	True
ecoli50_r002401	1627.62	3.211553017772715	train	0.32	False
ecoli50_r002402	432.96	2.636447774917529	train	0.22	False
ecoli50_r002403	282.63	2.4512182585137934	val	0.22	False
ecoli50_r002404	100.31	2.0013442304116014	train	0.32	True
ecoli50_r002405	179.79	2.2547655324161475	train	0.52	False
ecoli50_r002406	37.23	1.5708930362183922	train	0.44	False
ecoli50_r002407	90.2	1.9552065375419416	train	0.46	False
ecoli50_r002408	200.45	2.30200606058654	train	0.54	False
ecoli50_r002409	152.34	2.1828139512573657	train	0.42	False
ecoli50_r002410	15.48	1.189770956346874	train	0.38	False
ecoli50_r002411	85.48	1.931864513492032	train	0.34	False
ecoli50_r002412	256.35	2.408833321776418	val	0.34	False
ecoli50_r002413	763.24	2.882661122864876	train	0.4	False
ecoli50_r002414	526.56	2.7214478649502984	test	0.42	False
ecoli50_r002415	102.57	2.011020355516257	train	0.44	False
ecoli50_r002416	323.84	2.5103304908236863	train	0.56	False
ecoli50_r002417	156.21	2.193708832395355	train	0.5	False
ecoli50_r002418	155.3	2.191171455728558	test	0.3	False
ecoli50_r002419	77.16	1.8873922189718468	train	0.38	False
ecoli50_r002420	296.9	2.4726101975960444	train	0.52	False
ecoli50_r002421	141.18	2.149773177559665	test	0.54	False
ecoli50_r002422	257.9	2.411451342137937	train	0.42	False
ecoli50_r002423	4200.04	3.623253426516128	train	0.62	False
ecoli50_r002424	4211.18	3.624403805024167	train	0.5	True
ecoli50_r002425	2224.55	3.3472421715945413	train	0.46	False
ecoli50_r002426	134.3	2.1280760126687155	val	0.36	False
ecoli50_r002427	493.16	2.6929878439095702	train	0.38	False
ecoli50_r002428	166.23	2.220709404879566	train	0.5	False
ecoli50_r002429	184.44	2.26585511354737	train	0.46	False
ecoli50_r002430	65.42	1.8157105397889628	train	0.48	False
ecoli50_r002431	238.06	2.376686429261915	train	0.5	False
ecoli50_r002432	351.72	2.5461970644860603	test	0.5	False
ecoli50_r002433	2442.44	3.387823903818048	train	0.4	False
ecoli50_r002434	126.74	2.1029137027892206	train	0.46	False
ecoli50_r002435	93.94	1.97285055584723	train	0.46	False
ecoli50_r002436	55.73	1.7460890430562002	val	0.5	False
ecoli50_r002437	120.74	2.081851171517454	train	0.46	False
ecoli50_r002438	150.32	2.177016767092469	train	0.44	False
ecoli50_r002439	79.92	1.9026554752179257	train	0.5	False
ecoli50_r002440	144.82	2.160828543144546	val	0.42	False
ecoli50_r002441	16.4	1.2148438480476975	train	0.38	False
ecoli50_r002442	85.45	1.931712067056756	test	0.38	False
ecoli50_r002443	56.0	1.7481880270062005	train	0.5	False
ecoli50_r002444	256.57	2.4092058741895737	train	0.52	False
ecoli50_r002445	258.21	2.4119730576853238	train	0.32	False
ecoli50_r002446	36.84	1.5663196215248114	train	0.42	False
ecoli50_r002447	167.18	2.22318432089504	train	0.44	False
ecoli50_r002448	709.6	2.85101360682367	train	0.48	False
ecoli50_r002449	70.74	1.8496650554787328	train	0.46	False
ecoli50_r002450	92.42	1.965765964182686	train	0.62	False
ecoli50_r002451	389.05	2.59000541965133	train	0.5	False
ecoli50_r002452	85.1	1.929929560084588	train	0.58	False
ecoli50_r002453	69.14	1.839729375206388	train	0.4	False
ecoli50_r002454	102.57	2.011020355516257	val	0.54	False
ecoli50_r002455	969.55	2.98657021069597	val	0.44	True
ecoli50_r002456	969.55	2.98657021069597	test	0.42	True
ecoli50_r002457	200.62	2.3023742260755826	test	0.44	False
ecoli50_r002458	204.34	2.3103533890449945	train	0.32	False
ecoli50_r002459	2645.3	3.4224749319312715	train	0.36	False
ecoli50_r002460	2645.3	3.4224749319312715	train	0.36	False
ecoli50_r002461	154.41	2.188675422969832	train	0.38	False
ecoli50_r002462	49.54	1.6949560022498182	val	0.54	False
ecoli50_r002463	33.16	1.520614521878236	train	0.44	False
ecoli50_r002464	568.47	2.754707550504426	train	0.5	False
ecoli50_r002465	327.16	2.5147601995188227	train	0.38	False
ecoli50_r002466	78.02	1.8922059459757723	test	0.48	False
ecoli50_r002467	271.21	2.4333056987081227	train	0.46	False
ecoli50_r002468	100.31	2.0013442304116014	train	0.52	False
ecoli50_r002469	41.26	1.6155292236371328	train	0.52	False
ecoli50_r002470	43.61	1.6395860866734264	train	0.52	False
ecoli50_r002471	239.77	2.379794843276982	train	0.54	False
ecoli50_r002472	47.16	1.6735737964230517	train	0.36	False
ecoli50_r002473	330.11	2.5186586805830777	train	0.56	False
ecoli50_r002474	368.88	2.566885109211351	train	0.58	False
ecoli50_r002475	327.25	2.514879655222793	train	0.36	False
ecoli50_r002476	330.96	2.519775507887456	val	0.3	False
ecoli50_r002477	190.11	2.279004961844902	train	0.4	False
ecoli50_r002478	71.01	1.8513195126487447	test	0.4	False
ecoli50_r002479	2002.78	3.301633245832021	test	0.3	False
ecoli50_r002480	802.25	2.9043097257675417	test	0.38	False
ecoli50_r002481	801.7	2.9040118835973883	train	0.4	False
ecoli50_r002482	56.59	1.752739693935328	val	0.58	False
ecoli50_r002483	91.75	1.962606072924127	train	0.58	False
ecoli50_r002484	119.23	2.076385543954533	train	0.44	False
ecoli50_r002485	121.89	2.0859680770460742	train	0.44	False
ecoli50_r002486	1695.99	3.2294232872145496	train	0.54	False
ecoli50_r002487	156.35	2.194097885578952	train	0.4	False
ecoli50_r002488	595.33	2.7747577681660247	train	0.5	False
ecoli50_r002489	42.09	1.6241789257480224	val	0.48	False
ecoli50_r002490	92.88	1.967922206730517	val	0.36	False
ecoli50_r002491	60.05	1.7785130117389247	train	0.48	False
ecoli50_r002492	374.9	2.5739154404215507	train	0.48	False
ecoli50_r002493	407.33	2.6099463972076675	test	0.36	True
ecoli50_r002494	104.0	2.0170333392987803	train	0.38	False
ecoli50_r002495	333.75	2.523421274372632	train	0.4	False
ecoli50_r002496	120.27	2.080157310970184	test	0.54	False
ecoli50_r002497	114.25	2.057856208741888	test	0.3	False
ecoli50_r002498	68.77	1.8373990243420224	train	0.16	False
ecoli50_r002499	926.06	2.9666391258015343	val	0.26	False
ecoli50_r002500	101.55	2.0066799277408256	train	0.52	False
ecoli50_r002501	275.09	2.439474803316783	train	0.46	False
ecoli50_r002502	272.15	2.4348083386530925	train	0.54	False
ecoli50_r002503	6453.31	3.8097825279702384	train	0.42	True
ecoli50_r002504	319.51	2.504484455223232	train	0.4	False
ecoli50_r002505	33.44	1.5242662687669788	train	0.4	False
ecoli50_r002506	174.61	2.24206911233894	train	0.44	False
ecoli50_r002507	37.15	1.569958818096594	train	0.5	False
ecoli50_r002508	1718.9	3.235250611584401	train	0.42	False
ecoli50_r002509	196.79	2.294003025725598	train	0.3	False
ecoli50_r002510	8352.59	3.921821163902242	test	0.42	True
ecoli50_r002511	265.03	2.4232950365671155	train	0.42	False
ecoli50_r002512	124.39	2.0947854678195585	train	0.46	False
ecoli50_r002513	226.95	2.355930187078868	train	0.48	False
ecoli50_r002514	211.6	2.325515663363148	train	0.48	False
ecoli50_r002515	55.85	1.7470231774516278	test	0.42	False
ecoli50_r002516	56.0	1.7481880270062005	train	0.5	False
ecoli50_r002517	47.16	1.6735737964230517	train	0.6	False
ecoli50_r002518	16.21	1.209783014848515	test	0.58	False
ecoli50_r002519	103.72	2.015862508097314	test	0.46	False
ecoli50_r002520	103.72	2.015862508097314	train	0.46	False
ecoli50_r002521	92.02	1.9638822289287772	test	0.5	False
ecoli50_r002522	98.4	1.9929950984313416	train	0.48	False
ecoli50_r002523	73.81	1.8681152053272168	test	0.26	True
ecoli50_r002524	39.89	1.6008640363098396	val	0.36	False
ecoli50_r002525	48.11	1.682235356902564	train	0.5	False
ecoli50_r002526	55.85	1.7470231774516278	train	0.42	False
ecoli50_r002527	74.3	1.8709888137605752	val	0.5	False
ecoli50_r002528	132.29	2.1215270164553788	train	0.28	False
ecoli50_r002529	56.0	1.7481880270062005	train	0.42	False
ecoli50_r002530	224.77	2.3517383455807592	train	0.42	False
ecoli50_r002531	96.21	1.9832202146481028	val	0.46	False
ecoli50_r002532	89.09	1.9498289589353135	train	0.42	False
ecoli50_r002533	52.0	1.7160033436347992	train	0.34	False
ecoli50_r002534	70.74	1.8496650554787328	test	0.44	False
ecoli50_r002535	353.94	2.548929646552791	train	0.36	False
ecoli50_r002536	115.17	2.061339366837067	train	0.48	True
ecoli50_r002537	78.02	1.8922059459757723	test	0.46	False
ecoli50_r002538	52.01	1.7160868537748322	train	0.4	False
ecoli50_r002539	80.18	1.904066051914503	train	0.5	False
ecoli50_r002540	344.77	2.5375294688658725	train	0.28	False
ecoli50_r002541	1725.84	3.2370005304649223	train	0.36	False
ecoli50_r002542	66.48	1.8226910107760543	train	0.42	False
ecoli50_r002543	56.48	1.7518946880437474	val	0.52	False
ecoli50_r002544	45.21	1.6552345070342942	test	0.46	False
ecoli50_r002545	504.01	2.702439153314047	train	0.52	False
ecoli50_r002546	300.93	2.478465485131264	train	0.4	False
ecoli50_r002547	420.94	2.624220196724192	train	0.42	False
ecoli50_r002548	234.44	2.370031712709581	train	0.5	False
ecoli50_r002549	292.53	2.466170411157883	train	0.58	False
ecoli50_r002550	17.96	1.2543063323312855	train	0.52	False
ecoli50_r002551	49.12	1.691258358133111	test	0.5	False
ecoli50_r002552	18.86	1.2755416884013095	test	0.48	False
ecoli50_r002553	186.83	2.2714466138017646	train	0.46	False
ecoli50_r002554	188.54	2.2754035027454043	train	0.52	False
ecoli50_r002555	19.65	1.2933625547114456	train	0.48	False
ecoli50_r002556	120.74	2.081851171517454	train	0.56	False
ecoli50_r002557	105.05	2.0213960567419718	test	0.44	False
ecoli50_r002558	168.0	2.225309281725863	train	0.48	False
ecoli50_r002559	845.68	2.927206059818714	train	0.36	False
ecoli50_r002560	123.27	2.090857395981533	train	0.38	False
ecoli50_r002561	119.27	2.076531219253812	train	0.34	False
ecoli50_r002562	12.85	1.1089031276673134	train	0.62	False
ecoli50_r002563	102.94	2.01258416391415	val	0.38	False
ecoli50_r002564	100.8	2.0034605321095063	val	0.48	False
ecoli50_r002565	70.74	1.8496650554787328	train	0.48	False
ecoli50_r002566	174.45	2.24167097378413	train	0.48	False
ecoli50_r002567	58.51	1.7672300981107183	train	0.44	False
ecoli50_r002568	79.92	1.9026554752179257	train	0.48	False
ecoli50_r002569	43.61	1.6395860866734264	test	0.48	False
ecoli50_r002570	255.3	2.40705081480425	train	0.44	False
ecoli50_r002571	19430.91	4.288493140215021	train	0.44	True
ecoli50_r002572	422.71	2.626042522003252	train	0.46	False
ecoli50_r002573	6578.64	3.8181361213430383	train	0.54	False
ecoli50_r002574	2581.95	3.411947827808655	train	0.54	False
ecoli50_r002575	159.75	2.2034408668304377	train	0.52	False
ecoli50_r002576	880.25	2.9446060337422217	train	0.48	False
ecoli50_r002577	44.21	1.645520514905874	train	0.54	False
ecoli50_r002578	243.35	2.3862313505795254	train	0.52	False
ecoli50_r002579	1617.6	3.2088711382469257	train	0.54	True
ecoli50_r002580	3760.79	3.575279083385846	train	0.38	True
ecoli50_r002581	53.87	1.731346975545955	train	0.46	False
ecoli50_r002582	9389.52	3.972643391341768	train	0.38	True
ecoli50_r002583	9371.83	3.9718244021259994	test	0.4	True
ecoli50_r002584	64.14	1.8071289555924217	test	0.52	False
ecoli50_r002585	1645.99	3.216427192384142	train	0.34	False
ecoli50_r002586	66.15	1.82052984852352	val	0.56	False
ecoli50_r002587	2835.42	3.4526173983867205	train	0.3	False
ecoli50_r002588	152.65	2.183696808634681	val	0.48	False
ecoli50_r002589	269.69	2.4308648432814586	train	0.42	False
ecoli50_r002590	114.95	2.060508975605298	test	0.58	False
ecoli50_r002591	252.88	2.402914482831523	train	0.4	False
ecoli50_r002592	92.88	1.967922206730517	train	0.42	False
ecoli50_r002593	51.28	1.709948016510761	train	0.56	False
ecoli50_r002594	72.92	1.8628466599829387	train	0.42	False
ecoli50_r002595	85.25	1.9306943876645355	train	0.44	False
ecoli50_r002596	55.85	1.7470231774516278	train	0.54	False
ecoli50_r002597	109.03	2.037546012085827	train	0.52	False
ecoli50_r002598	133.49	2.1254487330602623	train	0.52	True
ecoli50_r002599	170.9	2.232742062720737	train	0.54	False
ecoli50_r002600	340.4	2.53198955141255	train	0.4	False
ecoli50_r002601	258.58	2.41259493111848	train	0.32	False
ecoli50_r002602	2120.65	3.3264689968468053	test	0.38	False
ecoli50_r002603	4800.18	3.681257523113303	train	0.46	False
ecoli50_r002604	41.26	1.6155292236371328	train	0.48	False
ecoli50_r002605	406.74	2.609316884293086	train	0.42	False
ecoli50_r002606	325.02	2.5119100859708463	train	0.46	False
ecoli50_r002607	156.04	2.1932359416397538	train	0.5	False
ecoli50_r002608	16.84	1.2263420871636308	train	0.44	False
ecoli50_r002609	1133.14	3.0542835704735483	train	0.5	False
ecoli50_r002610	44.21	1.645520514905874	train	0.36	False
ecoli50_r002611	44.21	1.645520514905874	train	0.32	False
ecoli50_r002612	391.63	2.592875952629111	train	0.48	False
ecoli50_r002613	2260.03	3.354114204080137	train	0.42	False
ecoli50_r002614	2260.03	3.354114204080137	val	0.42	True
ecoli50_r002615	122.33	2.087532975734093	train	0.3	False
ecoli50_r002616	42.35	1.6268534146667255	train	0.44	False
ecoli50_r002617	13261.94	4.1226070587344985	train	0.48	False
ecoli50_r002618	207.8	2.3176455432211585	train	0.34	True
ecoli50_r002619	624.0	2.795184589682424	val	0.62	False
ecoli50_r002620	90.58	1.9570323163469383	train	0.46	False
ecoli50_r002621	50.11	1.6999244027424767	test	0.5	False
ecoli50_r002622	56.0	1.7481880270062005	val	0.44	False
ecoli50_r002623	111.69	2.0480142909380548	train	0.46	False
ecoli50_r002624	58.95	1.770483809431108	train	0.58	False
ecoli50_r002625	27.92	1.4459154139511234	val	0.38	False
ecoli50_r002626	132.29	2.1215270164553788	train	0.52	False
ecoli50_r002627	120.27	2.080157310970184	test	0.44	False
ecoli50_r002628	58.95	1.770483809431108	train	0.5	False
ecoli50_r002629	161.61	2.2084682302656176	train	0.38	False
ecoli50_r002630	161.61	2.2084682302656176	train	0.4	False
ecoli50_r002631	36.9	1.5670263661590604	train	0.42	False
ecoli50_r002632	2118.9	3.32611046097083	train	0.44	False
ecoli50_r002633	2121.38	3.3266184700824586	val	0.46	False
ecoli50_r002634	2120.14	3.3263645398060944	val	0.5	False
ecoli50_r002635	53.05	1.7246853882373594	train	0.48	False
ecoli50_r002636	144.26	2.1591459278540475	train	0.56	False
ecoli50_r002637	117.01	2.0682229793464493	train	0.5	False
ecoli50_r002638	37.15	1.569958818096594	test	0.52	False
ecoli50_r002639	78.02	1.8922059459757723	test	0.46	False
ecoli50_r002640	77.12	1.8871670208947744	test	0.36	False
ecoli50_r002641	77.12	1.8871670208947744	train	0.28	False
ecoli50_r002642	244.9	2.388988785124714	train	0.22	False
ecoli50_r002643	71.8	1.8561244442423004	test	0.36	False
ecoli50_r002644	130.03	2.1140435625480776	train	0.56	False
ecoli50_r002645	112.0	2.049218022670181	train	0.4	False
ecoli50_r002646	87.23	1.9406658724758288	test	0.44	False
ecoli50_r002647	62.91	1.7987196851850062	train	0.38	False
ecoli50_r002648	368.55	2.566496415535762	train	0.44	False
ecoli50_r002649	123.06	2.09011691075201	train	0.48	False
ecoli50_r002650	886.52	2.9476885377842685	val	0.36	False
ecoli50_r002651	334.23	2.524045428949697	train	0.42	False
ecoli50_r002652	112.69	2.051885378889872	val	0.48	False
ecoli50_r002653	4331.93	3.636681430211049	train	0.26	True
ecoli50_r002654	4367.84	3.640266721182534	train	0.22	True
ecoli50_r002655	174.61	2.24206911233894	val	0.28	False
ecoli50_r002656	465.39	2.6678170472113947	train	0.32	True
ecoli50_r002657	150.97	2.178890655048907	val	0.24	False
ecoli50_r002658	271.74	2.434153571066601	val	0.44	False
ecoli50_r002659	214.71	2.331852271933605	train	0.3	False
ecoli50_r002660	4309.63	3.634439985739381	train	0.34	False
ecoli50_r002661	38.32	1.5834255004065068	val	0.3	False
ecoli50_r002662	156.35	2.194097885578952	train	0.32	False
ecoli50_r002663	144.32	2.159326520197866	val	0.44	False
ecoli50_r002664	124.39	2.0947854678195585	train	0.38	True
ecoli50_r002665	232.2	2.365862215402555	train	0.4	False
ecoli50_r002666	228.48	2.3588481900960803	train	0.48	False
ecoli50_r002667	143.61	2.157184682201611	val	0.44	False
ecoli50_r002668	433.27	2.636758619139358	train	0.38	False
ecoli50_r002669	132.29	2.1215270164553788	val	0.56	False
ecoli50_r002670	37.23	1.5708930362183922	train	0.5	False
ecoli50_r002671	268.39	2.4287663303280818	train	0.44	False
ecoli50_r002672	1202.68	3.080150088918252	val	0.44	False
ecoli50_r002673	240.67	2.38142195796735	val	0.44	False
ecoli50_r002674	178.18	2.2508589545992947	train	0.44	False
ecoli50_r002675	155.3	2.191171455728558	train	0.46	False
ecoli50_r002676	68.77	1.8373990243420224	train	0.42	False
ecoli50_r002677	70.59	1.848743181895684	train	0.4	False
ecoli50_r002678	103.72	2.015862508097314	train	0.4	False
ecoli50_r002679	107.74	2.032376971209936	train	0.48	False
ecoli50_r002680	148.93	2.172982189505869	val	0.58	False
ecoli50_r002681	59.44	1.7740788007525188	val	0.46	False
ecoli50_r002682	338.95	2.5301356382454614	train	0.46	False
ecoli50_r002683	2055.7	3.3129597358821057	val	0.32	False
ecoli50_r002684	1419.16	3.1520313617716904	train	0.3	False
ecoli50_r002685	55.36	1.7431960814487013	test	0.34	False
ecoli50_r002686	118.89	2.075145327053852	val	0.32	False
ecoli50_r002687	144.32	2.159326520197866	test	0.36	False
ecoli50_r002688	1134.92	3.054965249385483	train	0.4	True
ecoli50_r002689	16.21	1.209783014848515	train	0.52	False
ecoli50_r002690	36.9	1.5670263661590604	train	0.52	False
ecoli50_r002691	10161.0	4.006936451364293	train	0.32	False
ecoli50_r002692	31.91	1.5039268041935103	val	0.36	False
ecoli50_r002693	372.31	2.570904701237178	train	0.54	False
ecoli50_r002694	1382.34	3.140614875138856	train	0.44	False
ecoli50_r002695	48.11	1.682235356902564	train	0.44	False
ecoli50_r002696	199.67	2.30031281793437	train	0.42	False
ecoli50_r002697	173.9	2.2402995820027125	train	0.44	False
ecoli50_r002698	126.53	2.102193508039744	train	0.38	False
ecoli50_r002699	133.75	2.126293790693266	test	0.46	False
ecoli50_r002700	97.29	1.9880682033926356	val	0.5	False
ecoli50_r002701	61.9	1.791690649020118	train	0.42	False
ecoli50_r002702	26.53	1.423737249982329	train	0.6	False
ecoli50_r002703	241.68	2.383240712265224	train	0.5	False
ecoli50_r002704	38.32	1.5834255004065068	train	0.62	False
ecoli50_r002705	650.05	2.8129467626258653	train	0.62	False
ecoli50_r002706	72.92	1.8628466599829387	train	0.48	False
ecoli50_r002707	36.08	1.557266528869904	val	0.52	False
ecoli50_r002708	330.27	2.5188691264429286	val	0.54	False
ecoli50_r002709	4694.17	3.6715588135806447	val	0.36	False
ecoli50_r002710	105.23	2.022139570398392	val	0.38	False
ecoli50_r002711	88.4	1.946452265013073	train	0.34	False
ecoli50_r002712	82.38	1.915821787620399	train	0.34	False
ecoli50_r002713	58.53	1.7673785241141806	train	0.36	False
ecoli50_r002714	87.39	1.9414617393473297	val	0.32	False
ecoli50_r002715	15.66	1.1947917577219247	test	0.3	True
ecoli50_r002716	459.79	2.6625595215395106	train	0.52	False
ecoli50_r002717	100.21	2.000911062131223	test	0.46	False
ecoli50_r002718	252.56	2.402364568884161	val	0.48	False
ecoli50_r002719	527.28	2.7220412986321163	val	0.2	False
ecoli50_r002720	1517.49	3.181125837830242	train	0.2	False
ecoli50_r002721	1553.43	3.1912916880392244	train	0.26	False
ecoli50_r002722	780.46	2.892350649583656	train	0.48	False
ecoli50_r002723	82.44	1.9161379831071752	train	0.46	False
ecoli50_r002724	90.2	1.9552065375419416	train	0.52	False
ecoli50_r002725	38.32	1.5834255004065068	train	0.44	False
ecoli50_r002726	106.11	2.025756314534414	train	0.38	False
ecoli50_r002727	89.16	1.9501700598082	test	0.42	False
ecoli50_r002728	72.16	1.8582965245338852	train	0.54	False
ecoli50_r002729	100.22	2.0009543984064577	test	0.58	False
ecoli50_r002730	86.11	1.935053589231065	train	0.4	False
ecoli50_r002731	40.09	1.6030360562505217	train	0.26	False
ecoli50_r002732	73.81	1.8681152053272168	train	0.54	False
ecoli50_r002733	134.19	2.1277201528923197	train	0.4	False
ecoli50_r002734	76.16	1.8817269353764177	train	0.5	False
ecoli50_r002735	150.97	2.178890655048907	train	0.44	False
ecoli50_r002736	33.55	1.5256925245050108	train	0.48	False
ecoli50_r002737	226.63	2.3553173987845595	train	0.44	False
ecoli50_r002738	291.8	2.4650852875574327	train	0.18	True
ecoli50_r002739	2086.9	3.319501639056494	val	0.28	False
ecoli50_r002740	66.87	1.8252313231999	train	0.36	False
ecoli50_r002741	84.19	1.9252605095194355	val	0.38	False
ecoli50_r002742	291.87	2.465189458112297	train	0.36	False
ecoli50_r002743	208.0	2.318063334962761	train	0.2	False
ecoli50_r002744	50.53	1.7035492982382303	train	0.56	False
ecoli50_r002745	108.24	2.0343877835895667	train	0.52	False
ecoli50_r002746	48.11	1.682235356902564	train	0.42	False
ecoli50_r002747	328.78	2.516905391125257	train	0.28	False
ecoli50_r002748	272.64	2.435589573086606	train	0.68	False
ecoli50_r002749	9755.44	3.9892468621736543	train	0.44	False
ecoli50_r002750	2838.37	3.453069007923577	test	0.4	False
ecoli50_r002751	366.82	2.5644530065313664	train	0.3	True
ecoli50_r002752	60.13	1.7790912038454991	train	0.42	False
ecoli50_r002753	1840.1	3.264841425329148	test	0.5	True
ecoli50_r002754	50.32	1.7017406324372124	train	0.52	False
ecoli50_r002755	70.59	1.848743181895684	train	0.56	False
ecoli50_r002756	367.07	2.564748891813018	train	0.56	False
ecoli50_r002757	99.73	1.998825819040286	test	0.38	False
ecoli50_r002758	97.27	1.987978915875482	train	0.38	False
ecoli50_r002759	62.14	1.7933712489189555	train	0.48	False
ecoli50_r002760	43.05	1.6339731557896735	train	0.44	False
ecoli50_r002761	114.95	2.060508975605298	test	0.36	False
ecoli50_r002762	135.11	2.130687493982032	train	0.5	False
ecoli50_r002763	629.81	2.7992095519981124	train	0.54	False
ecoli50_r002764	234.52	2.37017988551276	train	0.42	False
ecoli50_r002765	3728.49	3.5715329826283218	train	0.52	False
ecoli50_r002766	33.44	1.5242662687669788	train	0.32	False
ecoli50_r002767	1118.86	3.048775747805154	train	0.28	False
ecoli50_r002768	120.27	2.080157310970184	train	0.26	False
ecoli50_r002769	72.16	1.8582965245338852	train	0.34	False
ecoli50_r002770	60.13	1.7790912038454991	train	0.54	False
ecoli50_r002771	310.32	2.491809766592	val	0.42	False
ecoli50_r002772	4233.73	3.6267231580648143	train	0.4	True
ecoli50_r002773	81.73	1.9123814989188004	val	0.38	False
ecoli50_r002774	72.16	1.8582965245338852	train	0.44	False
ecoli50_r002775	1324.37	3.1220093344312674	train	0.52	False
ecoli50_r002776	1136.85	3.055703166121532	train	0.4	False
ecoli50_r002777	70.45	1.8478809974453752	val	0.5	False
ecoli50_r002778	83.87	1.9236066430174592	train	0.54	False
ecoli50_r002779	182.04	2.260166826834355	test	0.46	False
ecoli50_r002780	63.83	1.8050248444298047	train	0.44	False
ecoli50_r002781	104.63	2.019656225319349	train	0.38	False
ecoli50_r002782	76.63	1.8843988255566864	train	0.44	False
ecoli50_r002783	58.95	1.770483809431108	train	0.46	False
ecoli50_r002784	53.68	1.7298125071609356	train	0.36	False
ecoli50_r002785	50.32	1.7017406324372124	train	0.36	False
ecoli50_r002786	65.98	1.819412311209325	train	0.4	False
ecoli50_r002787	62.62	1.7967130632808963	train	0.36	False
ecoli50_r002788	86.69	1.937969002951453	train	0.44	False
ecoli50_r002789	55.02	1.7405205860536648	train	0.4	False
ecoli50_r002790	216.36	2.335176972770027	train	0.44	True
ecoli50_r002791	21.18	1.3259259557714662	train	0.28	False
ecoli50_r002792	74.3	1.8709888137605752	train	0.42	False
ecoli50_r002793	81.12	1.9091279419892608	train	0.4	False
ecoli50_r002794	268.39	2.4287663303280818	test	0.42	False
ecoli50_r002795	40.87	1.6114046377115934	train	0.48	False
ecoli50_r002796	329.22	2.517486210579723	train	0.6	False
ecoli50_r002797	138.53	2.141543834220653	train	0.56	False
ecoli50_r002798	16.48	1.216957207361097	train	0.44	False
ecoli50_r002799	80.81	1.907465106765856	train	0.52	False
ecoli50_r002800	114.95	2.060508975605298	val	0.5	False
ecoli50_r002801	133.21	2.1245368283012773	train	0.5	False
ecoli50_r002802	707.04	2.849443984218218	test	0.52	False
ecoli50_r002803	331.59	2.520601424742213	val	0.52	False
ecoli50_r002804	173.17	2.2384726569483564	train	0.5	False
ecoli50_r002805	229.9	2.361538971269279	train	0.54	False
ecoli50_r002806	120.1	2.079543007402906	train	0.38	False
ecoli50_r002807	210.17	2.322570724231276	train	0.44	False
ecoli50_r002808	233.16	2.367654046647407	test	0.28	False
ecoli50_r002809	96.6	1.9849771264154932	train	0.46	False
ecoli50_r002810	51.11	1.708505880955237	train	0.4	False
ecoli50_r002811	359.02	2.5551186425830554	train	0.46	False
ecoli50_r002812	48.11	1.682235356902564	val	0.42	False
ecoli50_r002813	48.11	1.682235356902564	train	0.4	False
ecoli50_r002814	63.94	1.805772631935669	val	0.56	False
ecoli50_r002815	148.61	2.172048034180256	val	0.6	False
ecoli50_r002816	882.33	2.945631045874084	train	0.32	False
ecoli50_r002817	201.9	2.305136318943639	val	0.56	False
ecoli50_r002818	8713.08	3.940171701569832	train	0.34	False
ecoli50_r002819	78.02	1.8922059459757723	train	0.26	False
ecoli50_r002820	589.49	2.770476442201837	val	0.4	False
ecoli50_r002821	297.22	2.473078029844237	val	0.5	False
ecoli50_r002822	117.03	2.068297205031454	test	0.44	False
ecoli50_r002823	59.44	1.7740788007525188	train	0.42	False
ecoli50_r002824	88.42	1.9465505105698555	train	0.34	False
ecoli50_r002825	137.46	2.1381763395730413	train	0.5	False
ecoli50_r002826	565.26	2.752248254177774	val	0.38	False
ecoli50_r002827	170.95	2.2328691051326133	train	0.36	False
ecoli50_r002828	122.33	2.087532975734093	val	0.42	False
ecoli50_r002829	854.15	2.9315341452228023	train	0.5	False
ecoli50_r002830	2075.76	3.3171771388194764	train	0.46	False
ecoli50_r002831	30.41	1.4830164201441325	test	0.22	False
ecoli50_r002832	83.33	1.9208013818256544	test	0.44	False
ecoli50_r002833	28.93	1.461348433647983	val	0.3	False
ecoli50_r002834	3666.86	3.56429432899847	train	0.44	True
ecoli50_r002835	168.37	2.226264711895694	train	0.48	False
ecoli50_r002836	817.34	2.912402753481615	train	0.46	False
ecoli50_r002837	77.21	1.8876735524544477	train	0.44	False
ecoli50_r002838	90.58	1.9570323163469383	train	0.42	False
ecoli50_r002839	917.48	2.9625966059112567	val	0.48	False
ecoli50_r002840	74.3	1.8709888137605752	train	0.42	False
ecoli50_r002841	7705.54	3.8868030792390655	train	0.4	True
ecoli50_r002842	47.68	1.67833624673218	test	0.4	False
ecoli50_r002843	7692.12	3.8860460507785217	val	0.36	True
ecoli50_r002844	19973.23	4.300448303115312	train	0.46	False
ecoli50_r002845	10121.04	4.005225141264118	val	0.52	False
ecoli50_r002846	66.87	1.8252313231999	train	0.42	False
ecoli50_r002847	58.61	1.7679717213816188	train	0.44	False
ecoli50_r002848	70.74	1.8496650554787328	train	0.46	False
ecoli50_r002849	133.75	2.126293790693266	train	0.5	False
ecoli50_r002850	58.95	1.770483809431108	test	0.46	False
ecoli50_r002851	15543.04	4.191535964664696	train	0.5	False
ecoli50_r002852	96.6	1.9849771264154932	train	0.48	False
ecoli50_r002853	134.19	2.1277201528923197	train	0.46	False
ecoli50_r002854	67.1	1.826722520168992	train	0.4	False
ecoli50_r002855	60.13	1.7790912038454991	train	0.3	False
ecoli50_r002856	226.36	2.3547996852632904	train	0.42	False
ecoli50_r002857	130.07	2.1141771402444487	train	0.5	False
ecoli50_r002858	61.17	1.7865384804978024	train	0.64	False
ecoli50_r002859	103.72	2.015862508097314	val	0.5	False
ecoli50_r002860	3096.89	3.4909257797056967	train	0.42	True
ecoli50_r002861	3120.95	3.494286810992139	val	0.36	False
ecoli50_r002862	19.57	1.291590825658001	train	0.4	True
ecoli50_r002863	1184.64	3.0735863927367912	train	0.36	False
ecoli50_r002864	605.58	2.7821715236368854	test	0.44	False
ecoli50_r002865	464.4	2.666892211066536	train	0.58	False
ecoli50_r002866	131.89	2.1202118682570736	train	0.56	False
ecoli50_r002867	134.99	2.1303015973418447	test	0.48	False
ecoli50_r002868	56.12	1.7491176623563225	val	0.52	False
ecoli50_r002869	108.24	2.0343877835895667	train	0.48	False
ecoli50_r002870	95.84	1.9815468050452365	train	0.5	False
ecoli50_r002871	2399.34	3.3800917943043114	train	0.34	False
ecoli50_r002872	387.86	2.5886749931215283	train	0.5	False
ecoli50_r002873	1430.77	3.1555698254026736	train	0.44	False
ecoli50_r002874	58.95	1.770483809431108	train	0.54	False
ecoli50_r002875	2063.68	3.314642355257248	train	0.44	True
ecoli50_r002876	308.65	2.4894662813031285	train	0.38	False
ecoli50_r002877	313.93	2.496832820038692	train	0.4	False
ecoli50_r002878	962.14	2.983238270378447	train	0.48	False
ecoli50_r002879	73.69	1.8674085565227911	test	0.4	False
ecoli50_r002880	241.55	2.3830070418225384	train	0.5	False
ecoli50_r002881	361.06	2.557579377816176	train	0.52	False
ecoli50_r002882	364.01	2.5611133146522547	train	0.48	False
ecoli50_r002883	8424.23	3.9255302155334655	test	0.44	False
ecoli50_r002884	8391.81	3.923855642382155	test	0.42	True
ecoli50_r002885	20153.63	4.304353281096732	train	0.42	False
ecoli50_r002886	252.64	2.402502112664219	train	0.42	False
ecoli50_r002887	673.5	2.8283376000590046	train	0.52	False
ecoli50_r002888	1021.2	3.0091108061322127	train	0.42	False
ecoli50_r002889	162.22	2.2101043970648857	train	0.44	False
ecoli50_r002890	104.03	2.017158598487814	train	0.32	False
ecoli50_r002891	71.8	1.8561244442423004	train	0.52	False
ecoli50_r002892	453.25	2.6563378127675463	train	0.54	False
ecoli50_r002893	62.5	1.7958800173440752	train	0.4	False
ecoli50_r002894	48.3	1.683947130751512	train	0.6	False
ecoli50_r002895	65.88	1.8187535904977168	test	0.5	False
ecoli50_r002896	52.01	1.7160868537748322	train	0.42	False
ecoli50_r002897	939.36	2.9728320630335885	train	0.5	False
ecoli50_r002898	204.46	2.310608356458524	train	0.3	False
ecoli50_r002899	204.46	2.310608356458524	train	0.36	False
ecoli50_r002900	565.26	2.752248254177774	train	0.36	False
ecoli50_r002901	106.38	2.026859985984561	test	0.42	False
ecoli50_r002902	390.32	2.59142080510421	train	0.44	False
ecoli50_r002903	178.18	2.2508589545992947	train	0.52	False
ecoli50_r002904	106.38	2.026859985984561	val	0.48	False
ecoli50_r002905	114.95	2.060508975605298	test	0.5	False
ecoli50_r002906	78.17	1.8930401119571176	train	0.38	False
ecoli50_r002907	42.09	1.6241789257480224	test	0.44	False
ecoli50_r002908	44.58	1.6491400641442189	train	0.38	False
ecoli50_r002909	87.92	1.9440876794154345	train	0.46	False
ecoli50_r002910	2754.82	3.4400932273037386	train	0.4	False
ecoli50_r002911	60.39	1.780965029608317	train	0.5	False
ecoli50_r002912	188.73	2.275840939904669	train	0.58	False
ecoli50_r002913	718.03	2.856142589872209	train	0.46	True
ecoli50_r002914	78.73	1.89614025144202	train	0.56	False
ecoli50_r002915	69.14	1.839729375206388	test	0.48	False
ecoli50_r002916	90.2	1.9552065375419416	train	0.46	False
ecoli50_r002917	7506.49	3.875436910376875	train	0.42	False
ecoli50_r002918	127.48	2.105442054801695	train	0.46	False
ecoli50_r002919	163.47	2.213438062623771	train	0.34	False
ecoli50_r002920	809.9	2.908431398966006	val	0.34	False
ecoli50_r002921	70.74	1.8496650554787328	train	0.4	False
ecoli50_r002922	70.59	1.848743181895684	train	0.44	False
ecoli50_r002923	74.17	1.8702282790117943	test	0.44	False
ecoli50_r002924	75.16	1.875986771428488	val	0.38	False
ecoli50_r002925	44.58	1.6491400641442189	train	0.48	False
ecoli50_r002926	2103.49	3.3229404517201924	train	0.36	False
ecoli50_r002927	264.59	2.4225734262955965	train	0.26	False
ecoli50_r002928	92.11	1.9643067823039364	train	0.46	False
ecoli50_r002929	865.93	2.937482785963696	train	0.5	False
ecoli50_r002930	853.9	2.9314070135565733	train	0.44	False
ecoli50_r002931	113.18	2.053769689599309	train	0.44	False
ecoli50_r002932	124.13	2.0938767553900446	train	0.58	False
ecoli50_r002933	72.16	1.8582965245338852	val	0.4	False
ecoli50_r002934	383.64	2.5839238823193127	val	0.44	False
ecoli50_r002935	408.91	2.611627731468287	test	0.46	True
ecoli50_r002936	53.68	1.7298125071609356	train	0.48	False
ecoli50_r002937	117.42	2.0697420760416447	train	0.36	False
ecoli50_r002938	2897.86	3.4620774002186123	train	0.42	False
ecoli50_r002939	59.9	1.7774268223893113	test	0.44	False
ecoli50_r002940	53.28	1.7265642161622448	train	0.46	False
ecoli50_r002941	1106.46	3.0439357182241635	train	0.44	False
ecoli50_r002942	108.24	2.0343877835895667	train	0.34	False
ecoli50_r002943	1710.37	3.2330900703783136	train	0.56	True
ecoli50_r002944	324.22	2.5108398014493605	train	0.46	False
ecoli50_r002945	191.82	2.2828938866553314	train	0.4	False
ecoli50_r002946	109.03	2.037546012085827	train	0.38	False
ecoli50_r002947	162.36	2.210479042645248	train	0.46	False
ecoli50_r002948	148.93	2.172982189505869	train	0.4	False
ecoli50_r002949	81.5	1.9111576087399769	train	0.4	False
ecoli50_r002950	627.87	2.797869732706836	train	0.42	False
ecoli50_r002951	93.08	1.9688563746146923	test	0.64	False
ecoli50_r002952	148.61	2.172048034180256	train	0.48	False
ecoli50_r002953	58.95	1.770483809431108	train	0.46	False
ecoli50_r002954	70.59	1.848743181895684	train	0.5	False
ecoli50_r002955	53.19	1.7258299903205805	train	0.54	False
ecoli50_r002956	36.9	1.5670263661590604	train	0.52	False
ecoli50_r002957	561.0	2.7489628612561616	test	0.46	False
ecoli50_r002958	667.49	2.824444763703503	val	0.32	False
ecoli50_r002959	39.01	1.5911759503117913	test	0.32	False
ecoli50_r002960	133.21	2.1245368283012773	train	0.48	False
ecoli50_r002961	132.97	2.123753668755841	train	0.4	False
ecoli50_r002962	362.32	2.559092307674901	test	0.5	False
ecoli50_r002963	203.37	2.308286888629105	train	0.5	False
ecoli50_r002964	181.16	2.25806231201092	train	0.46	False
ecoli50_r002965	72.16	1.8582965245338852	test	0.56	False
ecoli50_r002966	782.38	2.8934177400404653	train	0.4	False
ecoli50_r002967	120.27	2.080157310970184	val	0.44	False
ecoli50_r002968	89.0	1.9493900066449128	train	0.32	False
ecoli50_r002969	2974.5	3.473413973260984	train	0.34	False
ecoli50_r002970	93.94	1.97285055584723	train	0.46	False
ecoli50_r002971	66.15	1.82052984852352	train	0.48	False
ecoli50_r002972	83.64	1.9224140241456344	train	0.48	False
ecoli50_r002973	41.07	1.6135247028536523	val	0.54	False
ecoli50_r002974	731.89	2.8644458133222925	train	0.48	False
ecoli50_r002975	147.37	2.168409083519626	train	0.42	False
ecoli50_r002976	68.63	1.8365139988906716	train	0.5	False
ecoli50_r002977	366.99	2.564654230453756	train	0.46	False
ecoli50_r002978	1022.28	3.009569864291947	test	0.44	False
ecoli50_r002979	1207.75	3.081977046158557	test	0.34	False
ecoli50_r002980	38.08	1.5806969397124366	train	0.3	True
ecoli50_r002981	4199.35	3.62318207295517	train	0.4	False
ecoli50_r002982	239.63	2.3795411877525976	train	0.46	False
ecoli50_r002983	291.87	2.465189458112297	val	0.42	False
ecoli50_r002984	29.72	1.4730488050885375	train	0.42	False
ecoli50_r002985	375.31	2.5743901361875574	train	0.3	False
ecoli50_r002986	162.36	2.210479042645248	train	0.3	False
ecoli50_r002987	216.48	2.3354177792535475	train	0.3	False
ecoli50_r002988	956.13	2.980516945042109	train	0.26	False
ecoli50_r002989	956.13	2.980516945042109	test	0.26	False
ecoli50_r002990	83.87	1.9236066430174592	train	0.38	False
ecoli50_r002991	82.15	1.9146075677710803	train	0.22	False
ecoli50_r002992	236.52	2.373867870327068	train	0.44	False
ecoli50_r002993	43.61	1.6395860866734264	test	0.44	False
ecoli50_r002994	134.12	2.1274935447567827	train	0.54	False
ecoli50_r002995	180.4	2.256236533205923	train	0.52	False
ecoli50_r002996	59.44	1.7740788007525188	train	0.44	False
ecoli50_r002997	172.77	2.2374683332495686	val	0.34	False
ecoli50_r002998	63.74	1.804412059137714	train	0.36	False
ecoli50_r002999	374.13	2.57302253394554	val	0.36	False
ecoli50_r003000	1028.58	3.0122380755226144	train	0.6	False
ecoli50_r003001	655.73	2.816725053327053	train	0.42	False
ecoli50_r003002	2948.92	3.469662990920798	train	0.5	False
ecoli50_r003003	449.54	2.6527683412447405	test	0.36	False
ecoli50_r003004	476.49	2.678053790618855	test	0.4	False
ecoli50_r003005	144.32	2.159326520197866	train	0.34	False
ecoli50_r003006	1289.44	3.110401138428078	train	0.36	False
ecoli50_r003007	415.6	2.61867553888514	train	0.36	False
ecoli50_r003008	50.11	1.6999244027424767	val	0.5	False
ecoli50_r003009	104.0	2.0170333392987803	train	0.4	False
ecoli50_r003010	2635.87	3.4209239872289245	train	0.48	False
ecoli50_r003011	909.51	2.9588074784637617	train	0.48	False
ecoli50_r003012	902.86	2.95562041261558	train	0.48	False
ecoli50_r003013	305.29	2.484712578894317	val	0.46	False
ecoli50_r003014	211.77	2.3258644366153463	train	0.28	False
ecoli50_r003015	57.03	1.7561033715851055	train	0.48	False
ecoli50_r003016	84.19	1.9252605095194355	train	0.34	False
ecoli50_r003017	84.19	1.9252605095194355	test	0.36	False
ecoli50_r003018	81.73	1.9123814989188004	train	0.36	False
ecoli50_r003019	154.32	2.188422214635828	train	0.36	False
ecoli50_r003020	34.57	1.5386993795424069	train	0.26	False
ecoli50_r003021	120.27	2.080157310970184	val	0.24	False
ecoli50_r003022	54.12	1.7333577879255853	val	0.24	False
ecoli50_r003023	54.12	1.7333577879255853	train	0.24	False
ecoli50_r003024	204.34	2.3103533890449945	test	0.38	False
ecoli50_r003025	163.47	2.213438062623771	train	0.48	False
ecoli50_r003026	631.6	2.8004421213362565	train	0.4	True
ecoli50_r003027	42.44	1.627775375229303	val	0.46	False
ecoli50_r003028	64.84	1.8118430061764772	train	0.46	False
ecoli50_r003029	1380.82	3.140137068801851	train	0.24	False
ecoli50_r003030	499.11	2.6981962713313834	test	0.42	False
ecoli50_r003031	1380.82	3.140137068801851	train	0.22	False
ecoli50_r003032	46.97	1.671820560183249	train	0.46	False
ecoli50_r003033	766.03	2.8842457782218074	train	0.38	False
ecoli50_r003034	52.01	1.7160868537748322	train	0.38	False
ecoli50_r003035	92.88	1.967922206730517	test	0.32	False
ecoli50_r003036	196.26	2.292831794508625	val	0.34	False
ecoli50_r003037	78.02	1.8922059459757723	val	0.32	False
ecoli50_r003038	88.42	1.9465505105698555	train	0.3	False
ecoli50_r003039	53.87	1.731346975545955	train	0.36	False
ecoli50_r003040	125.27	2.0978470774233364	val	0.4	False
ecoli50_r003041	58.71	1.7687120803776637	train	0.4	False
ecoli50_r003042	594.43	2.7741007195036604	val	0.4	False
ecoli50_r003043	137.46	2.1381763395730413	val	0.36	False
ecoli50_r003044	577.03	2.761198392871094	train	0.28	False
ecoli50_r003045	38.58	1.5863622233078656	train	0.3	False
ecoli50_r003046	132.29	2.1215270164553788	test	0.38	False
ecoli50_r003047	228.13	2.358182400479401	train	0.24	False
ecoli50_r003048	625.39	2.796150932584016	train	0.32	False
ecoli50_r003049	204.46	2.310608356458524	train	0.34	False
ecoli50_r003050	156.35	2.194097885578952	train	0.44	False
ecoli50_r003051	70.59	1.848743181895684	train	0.56	False
ecoli50_r003052	36.08	1.557266528869904	train	0.48	False
ecoli50_r003053	77.12	1.8871670208947744	train	0.42	False
ecoli50_r003054	127.48	2.105442054801695	test	0.48	False
ecoli50_r003055	76.16	1.8817269353764177	train	0.5	False
ecoli50_r003056	422.15	2.625466793609239	train	0.28	False
ecoli50_r003057	418.8	2.622006673006805	train	0.28	False
ecoli50_r003058	20.04	1.3018977171952082	train	0.48	False
ecoli50_r003059	69.14	1.839729375206388	train	0.38	False
ecoli50_r003060	332.8	2.5221833176186865	test	0.32	False
ecoli50_r003061	381.19	2.5811414989920385	val	0.46	False
ecoli50_r003062	67.79	1.8311656339094424	val	0.36	False
ecoli50_r003063	107.36	2.030842502824917	train	0.34	False
ecoli50_r003064	1233.45	3.0911215493148423	train	0.52	False
ecoli50_r003065	1229.73	3.0898097680394434	train	0.52	False
ecoli50_r003066	50.6	1.7041505168397992	train	0.44	False
ecoli50_r003067	3221.78	3.5080958811955227	train	0.4	True
ecoli50_r003068	2405.35	3.3811782790504847	train	0.46	False
ecoli50_r003069	55.73	1.7460890430562002	train	0.36	False
ecoli50_r003070	119.1	2.0759117614827773	train	0.34	False
ecoli50_r003071	19.06	1.2801228963023077	test	0.42	False
ecoli50_r003072	111.25	2.046300019652969	train	0.42	True
ecoli50_r003073	878.03	2.9435093548717903	test	0.36	False
ecoli50_r003074	887.31	2.948075376053311	val	0.4	True
ecoli50_r003075	321.36	2.506991818723615	val	0.36	False
ecoli50_r003076	308.36	2.4890580369990616	train	0.38	False
ecoli50_r003077	45.29	1.6560023206829573	train	0.38	False
ecoli50_r003078	140.0	2.146128035678238	train	0.2	False
ecoli50_r003079	74.3	1.8709888137605752	test	0.36	False
ecoli50_r003080	244.9	2.388988785124714	train	0.42	False
ecoli50_r003081	674.96	2.8292780360991494	val	0.34	False
ecoli50_r003082	168.58	2.226806049500728	test	0.34	False
ecoli50_r003083	761.94	2.8819207735773165	val	0.58	False
ecoli50_r003084	144.32	2.159326520197866	train	0.44	False
ecoli50_r003085	61.3	1.787460474518415	train	0.46	False
ecoli50_r003086	85.48	1.931864513492032	val	0.32	False
ecoli50_r003087	109.05	2.037625669914719	train	0.44	False
ecoli50_r003088	239.34	2.379015286693483	train	0.54	False
ecoli50_r003089	81.35	1.9103575572728773	train	0.5	False
ecoli50_r003090	266.41	2.425550522537713	train	0.48	False
ecoli50_r003091	2688.05	3.429437342701035	val	0.52	False
ecoli50_r003092	101.06	2.004579293902212	test	0.42	False
ecoli50_r003093	231.62	2.364776057277425	train	0.48	False
ecoli50_r003094	1450.17	3.1614189165344877	train	0.5	False
ecoli50_r003095	1439.02	3.1580668299541714	train	0.52	False
ecoli50_r003096	2072.57	3.3165092075457587	train	0.46	False
ecoli50_r003097	112.95	2.052886235256382	train	0.46	False
ecoli50_r003098	271.74	2.434153571066601	train	0.56	False
ecoli50_r003099	6003.91	3.778434173445262	train	0.4	False
ecoli50_r003100	10707.21	4.029676320555852	train	0.38	False
ecoli50_r003101	10748.08	4.031330890309442	test	0.3	False
ecoli50_r003102	197.65	2.295896818678989	val	0.42	False
ecoli50_r003103	94.36	1.9747879322135575	val	0.5	False
ecoli50_r003104	80.52	1.905903766216617	train	0.46	False
ecoli50_r003105	306.5	2.486430478854434	test	0.38	False
ecoli50_r003106	831.21	2.9197107594272427	val	0.5	False
ecoli50_r003107	130.31	2.114977744785308	train	0.46	False
ecoli50_r003108	34.23	1.534406899137877	train	0.42	False
ecoli50_r003109	37.15	1.569958818096594	train	0.34	False
ecoli50_r003110	2594.87	3.414115605075856	val	0.32	False
ecoli50_r003111	3867.52	3.587432568232344	test	0.58	False
ecoli50_r003112	523.36	2.7188005267809063	train	0.42	False
ecoli50_r003113	241.69	2.383258681708176	train	0.48	False
ecoli50_r003114	85.48	1.931864513492032	train	0.52	False
ecoli50_r003115	50.11	1.6999244027424767	val	0.46	False
ecoli50_r003116	81.5	1.9111576087399769	train	0.58	False
ecoli50_r003117	548.81	2.7394220161557867	train	0.42	False
ecoli50_r003118	24.15	1.382917135087531	test	0.46	False
ecoli50_r003119	36.08	1.557266528869904	train	0.38	False
ecoli50_r003120	38.32	1.5834255004065068	train	0.42	False
ecoli50_r003121	107.36	2.030842502824917	train	0.44	False
ecoli50_r003122	271.26	2.433385757417938	train	0.36	False
ecoli50_r003123	108.24	2.0343877835895667	train	0.48	False
ecoli50_r003124	317.65	2.5019488596712804	test	0.66	False
ecoli50_r003125	293.5	2.467608105583633	train	0.38	False
ecoli50_r003126	275.1	2.4394905903896835	val	0.26	False
ecoli50_r003127	44.21	1.645520514905874	train	0.34	False
ecoli50_r003128	66.87	1.8252313231999	test	0.4	False
ecoli50_r003129	840.36	2.924465372395616	train	0.42	False
ecoli50_r003130	222.5	2.3473300153169503	train	0.4	False
ecoli50_r003131	366.99	2.564654230453756	train	0.44	False
ecoli50_r003132	72.16	1.8582965245338852	train	0.54	False
ecoli50_r003133	43.61	1.6395860866734264	test	0.44	False
ecoli50_r003134	77.16	1.8873922189718468	train	0.46	False
ecoli50_r003135	185.76	2.2689522023944986	train	0.46	False
ecoli50_r003136	787.75	2.896388411846037	train	0.44	False
ecoli50_r003137	35.23	1.5469126431812426	train	0.38	False
ecoli50_r003138	90.42	1.9562645026982757	val	0.46	False
ecoli50_r003139	124.99	2.096875268059688	train	0.44	False
ecoli50_r003140	186.01	2.2695362927559666	train	0.5	False
ecoli50_r003141	423.53	2.626884178239356	train	0.38	False
ecoli50_r003142	87.23	1.9406658724758288	train	0.4	False
ecoli50_r003143	493.1	2.692935002531138	train	0.3	False
ecoli50_r003144	120.77	2.0819590663004783	train	0.4	False
ecoli50_r003145	58.71	1.7687120803776637	test	0.36	False
ecoli50_r003146	20.13	1.3038437748886544	test	0.46	False
ecoli50_r003147	114.95	2.060508975605298	test	0.56	False
ecoli50_r003148	1455.24	3.162934623617636	train	0.46	True
ecoli50_r003149	82.53	1.916611845109346	train	0.42	False
ecoli50_r003150	111.46	2.047119038720181	train	0.54	False
ecoli50_r003151	90.58	1.9570323163469383	train	0.62	False
ecoli50_r003152	63.16	1.8004421213362567	train	0.4	False
ecoli50_r003153	1225.15	3.0881892643611164	train	0.48	False
ecoli50_r003154	64.71	1.8109713998222077	train	0.5	False
ecoli50_r003155	55.4	1.7435097647284297	train	0.54	False
ecoli50_r003156	58.51	1.7672300981107183	val	0.52	False
ecoli50_r003157	247.58	2.393715558601472	train	0.56	True
ecoli50_r003158	199.61	2.3001822946469006	test	0.52	False
ecoli50_r003159	23589.67	4.372721865506983	train	0.56	True
ecoli50_r003160	171.57	2.2344413512663346	val	0.42	False
ecoli50_r003161	61.92	1.7918309476748362	val	0.46	False
ecoli50_r003162	94.32	1.9746037920870327	train	0.56	False
ecoli50_r003163	126.32	2.1014721170002377	train	0.44	False
ecoli50_r003164	100.35	2.001517376823504	test	0.46	False
ecoli50_r003165	59.44	1.7740788007525188	train	0.4	False
ecoli50_r003166	704.52	2.8478933264252886	val	0.46	True
ecoli50_r003167	2548.63	3.406306790894205	val	0.42	True
ecoli50_r003168	1383.08	3.140847301261672	train	0.46	False
ecoli50_r003169	172.86	2.2376945086640565	train	0.44	False
ecoli50_r003170	45.21	1.6552345070342942	train	0.46	False
ecoli50_r003171	30.19	1.4798631130230977	test	0.34	False
ecoli50_r003172	3104.98	3.4920588071156224	train	0.44	False
ecoli50_r003173	115.17	2.061339366837067	train	0.52	False
ecoli50_r003174	949.07	2.9772982456123143	test	0.42	False
ecoli50_r003175	180.4	2.256236533205923	val	0.34	False
ecoli50_r003176	70.45	1.8478809974453752	train	0.38	False
ecoli50_r003177	159.85	2.2037126406077068	train	0.46	False
ecoli50_r003178	224.0	2.3502480183341627	train	0.5	False
ecoli50_r003179	444.99	2.6483502514447137	train	0.58	False
ecoli50_r003180	2602.33	3.4153623683561047	train	0.36	False
ecoli50_r003181	38012.7	4.579928718154961	train	0.38	False
ecoli50_r003182	514.59	2.711461342334847	train	0.4	False
ecoli50_r003183	152.65	2.183696808634681	train	0.4	False
ecoli50_r003184	50.11	1.6999244027424767	val	0.4	True
ecoli50_r003185	2603.81	3.4156092905865987	test	0.38	False
ecoli50_r003186	55130.71	4.741393585570084	test	0.4	False
ecoli50_r003187	1146.55	3.0593929986652677	val	0.42	True
ecoli50_r003188	66.15	1.82052984852352	train	0.46	False
ecoli50_r003189	46.97	1.671820560183249	train	0.4	False
ecoli50_r003190	78.02	1.8922059459757723	train	0.6	False
ecoli50_r003191	41.94	1.6226284261293251	train	0.38	False
ecoli50_r003192	319.7	2.504742636271688	test	0.32	False
ecoli50_r003193	276.62	2.441883576986704	train	0.38	False
ecoli50_r003194	140.9	2.1489109931093564	train	0.34	False
ecoli50_r003195	138.31	2.1408535813227223	train	0.3	False
ecoli50_r003196	122.32	2.087497472404264	test	0.44	False
ecoli50_r003197	211.77	2.3258644366153463	train	0.46	False
ecoli50_r003198	106.11	2.025756314534414	train	0.44	False
ecoli50_r003199	53.28	1.7265642161622448	train	0.42	False
ecoli50_r003200	345.29	2.5381840008582675	train	0.5	False
ecoli50_r003201	82.88	1.9184497424011575	val	0.44	False
ecoli50_r003202	737.08	2.8675146271711465	test	0.42	False
ecoli50_r003203	87.31	1.941063988219902	val	0.4	False
ecoli50_r003204	133.75	2.126293790693266	train	0.44	False
ecoli50_r003205	78.17	1.8930401119571176	test	0.46	False
ecoli50_r003206	168.37	2.226264711895694	train	0.5	False
ecoli50_r003207	76.63	1.8843988255566864	train	0.5	False
ecoli50_r003208	159.16	2.2018339304743506	val	0.48	False
ecoli50_r003209	71.88	1.856608068436936	train	0.48	False
ecoli50_r003210	109.42	2.0390967104414504	train	0.56	False
ecoli50_r003211	151.58	2.1806419027298323	test	0.38	False
ecoli50_r003212	553.23	2.7429057225601823	train	0.48	False
ecoli50_r003213	295.66	2.470792572566896	train	0.34	False
ecoli50_r003214	307.68	2.488099266894405	train	0.3	False
ecoli50_r003215	70.59	1.848743181895684	val	0.36	False
ecoli50_r003216	85.19	1.9303886182443215	train	0.28	False
ecoli50_r003217	2959.22	3.471177253512895	train	0.46	False
ecoli50_r003218	458.83	2.6616518059347904	val	0.38	False
ecoli50_r003219	93.94	1.97285055584723	train	0.34	False
ecoli50_r003220	144.32	2.159326520197866	train	0.6	False
ecoli50_r003221	135.87	2.13312357540262	train	0.5	False
ecoli50_r003222	78.02	1.8922059459757723	train	0.48	False
ecoli50_r003223	70.74	1.8496650554787328	train	0.44	False
ecoli50_r003224	122.6	2.0884904701823963	train	0.44	False
ecoli50_r003225	112.08	2.049528122277718	train	0.4	False
ecoli50_r003226	631.68	2.800497126653524	train	0.68	False
ecoli50_r003227	631.68	2.800497126653524	train	0.7	False
ecoli50_r003228	112.0	2.049218022670181	test	0.42	False
ecoli50_r003229	21229.56	4.326940993150819	train	0.56	False
ecoli50_r003230	545.21	2.73656381287245	test	0.46	False
ecoli50_r003231	648.31	2.8117827205252	train	0.6	False
ecoli50_r003232	648.31	2.8117827205252	train	0.64	False
ecoli50_r003233	39444.35	4.595984803754497	train	0.54	False
ecoli50_r003234	2319.62	3.3654168446235966	train	0.5	False
ecoli50_r003235	412.92	2.615865918668555	test	0.42	False
ecoli50_r003236	48.63	1.6869042695681773	train	0.46	False
ecoli50_r003237	77.12	1.8871670208947744	test	0.46	False
ecoli50_r003238	60.13	1.7790912038454991	train	0.46	False
ecoli50_r003239	50.16	1.70035752782266	val	0.42	False
ecoli50_r003240	21.68	1.3360592778663494	train	0.42	False
ecoli50_r003241	271.74	2.434153571066601	val	0.44	False
ecoli50_r003242	260.06	2.415073558212059	train	0.46	False
ecoli50_r003243	624.39	2.795455938945799	train	0.5	False
ecoli50_r003244	685.57	2.836051804948516	train	0.48	False
ecoli50_r003245	1484.52	3.171586052946633	train	0.5	False
ecoli50_r003246	143.69	2.15742654478045	train	0.32	False
ecoli50_r003247	143.69	2.15742654478045	train	0.44	False
ecoli50_r003248	3810.89	3.5810264131955547	train	0.38	False
ecoli50_r003249	59.44	1.7740788007525188	val	0.42	False
ecoli50_r003250	31.97	1.504742636271688	train	0.54	False
ecoli50_r003251	32.15	1.507180977260241	train	0.4	False
ecoli50_r003252	29.93	1.4761067168401911	train	0.44	False
ecoli50_r003253	157.79	2.1980794761710314	test	0.6	False
ecoli50_r003254	36.53	1.5626496722119168	train	0.34	False
ecoli50_r003255	587.1	2.7687120803776635	test	0.44	False
ecoli50_r003256	49.2	1.6919651027673603	train	0.36	False
ecoli50_r003257	54.12	1.7333577879255853	train	0.34	False
ecoli50_r003258	107.74	2.032376971209936	train	0.32	False
ecoli50_r003259	40.87	1.6114046377115934	train	0.46	False
ecoli50_r003260	171.1	2.2332500095411003	train	0.4	False
ecoli50_r003261	72.94	1.8629657589777624	train	0.42	False
ecoli50_r003262	82.19	1.914818980447473	test	0.44	False
ecoli50_r003263	138.29	2.1407907766253023	train	0.44	False
ecoli50_r003264	72.92	1.8628466599829387	train	0.42	False
ecoli50_r003265	250.78	2.3992928980439108	train	0.44	False
ecoli50_r003266	66.15	1.82052984852352	val	0.44	False
ecoli50_r003267	1503.19	3.177013877949797	test	0.44	False
ecoli50_r003268	43.61	1.6395860866734264	test	0.38	False
ecoli50_r003269	596.21	2.7753992560112675	val	0.42	False
ecoli50_r003270	151.58	2.1806419027298323	val	0.6	False
ecoli50_r003271	127.33	2.1049307390777403	train	0.48	False
ecoli50_r003272	60.05	1.7785130117389247	test	0.54	False
ecoli50_r003273	212.21	2.3267658453640534	train	0.46	False
ecoli50_r003274	20.13	1.3038437748886544	train	0.54	False
ecoli50_r003275	74.86	1.874249822778403	val	0.48	False
ecoli50_r003276	39.07	1.5918434112247846	test	0.44	False
ecoli50_r003277	56.0	1.7481880270062005	train	0.36	False
ecoli50_r003278	133.75	2.126293790693266	train	0.32	False
ecoli50_r003279	56.73	1.7538127835647022	train	0.38	False
ecoli50_r003280	50.71	1.7050936105478731	train	0.28	False
ecoli50_r003281	678.64	2.831639453993608	train	0.38	False
ecoli50_r003282	736.04	2.86690141665711	train	0.32	False
ecoli50_r003283	381.61	2.581619746765589	test	0.32	False
ecoli50_r003284	453.01	2.6561077889816715	train	0.32	False
ecoli50_r003285	248.92	2.3960597923124327	test	0.38	False
ecoli50_r003286	48.11	1.682235356902564	val	0.54	False
ecoli50_r003287	90.71	1.9576551669434912	train	0.52	False
ecoli50_r003288	310.6	2.49220145139254	val	0.34	False
ecoli50_r003289	390.1	2.5911759503117917	train	0.3	False
ecoli50_r003290	404.96	2.607412127814179	val	0.32	False
ecoli50_r003291	562.5	2.7501225267834	train	0.28	False
ecoli50_r003292	3138.99	3.496789932153774	val	0.44	False
ecoli50_r003293	356.45	2.5519986190490087	train	0.36	False
ecoli50_r003294	748.65	2.8742788289218035	train	0.46	False
ecoli50_r003295	436.13	2.639615961441463	train	0.5	False
ecoli50_r003296	231.48	2.364513473691509	train	0.36	False
ecoli50_r003297	53.68	1.7298125071609356	train	0.44	False
ecoli50_r003298	403.19	2.605509752111388	train	0.46	False
ecoli50_r003299	65.43	1.815776920298363	train	0.58	False
ecoli50_r003300	38.58	1.5863622233078656	train	0.54	False
ecoli50_r003301	159.85	2.2037126406077068	train	0.4	False
ecoli50_r003302	225.89	2.353897005418162	train	0.36	False
ecoli50_r003303	275.87	2.44070447487986	train	0.46	False
ecoli50_r003304	77.16	1.8873922189718468	train	0.46	False
ecoli50_r003305	66.48	1.8226910107760543	val	0.44	False
ecoli50_r003306	107.36	2.030842502824917	val	0.44	False
ecoli50_r003307	476.88	2.678409108821421	train	0.38	False
ecoli50_r003308	6122.65	3.786939433792552	train	0.58	False
ecoli50_r003309	180.4	2.256236533205923	train	0.32	False
ecoli50_r003310	211.77	2.3258644366153463	test	0.38	False
ecoli50_r003311	543.21	2.7349677563108177	val	0.36	False
ecoli50_r003312	120.27	2.080157310970184	train	0.38	False
ecoli50_r003313	32.07	1.5060989599284405	train	0.32	False
ecoli50_r003314	150.25	2.176814480674777	test	0.24	False
ecoli50_r003315	77.12	1.8871670208947744	train	0.42	False
ecoli50_r003316	259.37	2.4139197420336536	train	0.54	False
ecoli50_r003317	208.05	2.318167720128966	test	0.6	False
ecoli50_r003318	588.77	2.769945672989794	train	0.46	False
ecoli50_r003319	438.39	2.6418606390110946	val	0.5	False
ecoli50_r003320	74.3	1.8709888137605752	train	0.42	False
ecoli50_r003321	100.22	2.0009543984064577	train	0.44	False
ecoli50_r003322	110.67	2.044029909946466	train	0.36	False
ecoli50_r003323	324.72	2.511509038309229	test	0.32	False
ecoli50_r003324	829.73	2.918936792874169	test	0.42	False
ecoli50_r003325	198.53	2.297826142585328	train	0.58	False
ecoli50_r003326	170.38	2.231418613908303	train	0.38	True
ecoli50_r003327	97.85	1.99056082999402	test	0.26	False
ecoli50_r003328	4479.6	3.651239235973929	train	0.26	False
ecoli50_r003329	4600.97	3.6628494015158433	train	0.36	True
ecoli50_r003330	637.42	2.804425685986428	train	0.42	False
ecoli50_r003331	120.27	2.080157310970184	train	0.48	False
ecoli50_r003332	157.45	2.1971426649725627	train	0.36	False
ecoli50_r003333	18.62	1.2699796766453235	train	0.44	False
ecoli50_r003334	35.29	1.547651658359969	train	0.5	False
ecoli50_r003335	276.62	2.441883576986704	val	0.32	False
ecoli50_r003336	66.87	1.8252313231999	val	0.28	False
ecoli50_r003337	348.78	2.542551573340032	train	0.54	False
ecoli50_r003338	40.87	1.6114046377115934	train	0.48	False
ecoli50_r003339	548.22	2.7389548752954136	val	0.42	False
ecoli50_r003340	161.03	2.206906792930864	train	0.48	False
ecoli50_r003341	19.16	1.2823955047425255	test	0.54	False
ecoli50_r003342	10.06	1.0025979807199086	train	0.36	False
ecoli50_r003343	53.68	1.7298125071609356	train	0.42	False
ecoli50_r003344	297.22	2.473078029844237	train	0.42	False
ecoli50_r003345	144.42	2.1596273406586737	val	0.54	False
ecoli50_r003346	248.55	2.395413767475018	val	0.52	False
ecoli50_r003347	966.2	2.985067033150501	train	0.56	False
ecoli50_r003348	357.69	2.5535067986741957	train	0.4	False
ecoli50_r003349	79.88	1.902438056198665	val	0.46	False
ecoli50_r003350	446.2	2.649529565947819	val	0.38	False
ecoli50_r003351	63.83	1.8050248444298047	test	0.34	False
ecoli50_r003352	104.03	2.017158598487814	val	0.44	False
ecoli50_r003353	68.77	1.8373990243420224	train	0.46	False
ecoli50_r003354	125.81	2.0997151623510235	train	0.38	False
ecoli50_r003355	79.58	1.9008039348103696	test	0.32	False
ecoli50_r003356	219.2	2.340840549812332	train	0.44	False
ecoli50_r003357	47.06	1.6726519228400023	test	0.4	False
ecoli50_r003358	43.34	1.6368889069837993	test	0.42	False
ecoli50_r003359	136.76	2.135959092124557	test	0.46	False
ecoli50_r003360	134.19	2.1277201528923197	train	0.48	False
ecoli50_r003361	354.8	2.5499836111596887	test	0.34	False
ecoli50_r003362	452.43	2.6555513946674	train	0.52	False
ecoli50_r003363	144.71	2.160498543522346	train	0.4	False
ecoli50_r003364	137.65	2.138776215729349	train	0.5	False
ecoli50_r003365	147.37	2.168409083519626	train	0.44	False
ecoli50_r003366	154.41	2.188675422969832	train	0.44	False
ecoli50_r003367	144.89	2.161038412422962	test	0.56	False
ecoli50_r003368	816.44	2.9119242740373203	train	0.48	False
ecoli50_r003369	192.43	2.284272779857725	test	0.44	True
ecoli50_r003370	6097.57	3.78515679470766	train	0.52	False
ecoli50_r003371	673.5	2.8283376000590046	train	0.44	True
ecoli50_r003372	661.47	2.8205101521820164	train	0.52	True
ecoli50_r003373	127.33	2.1049307390777403	val	0.62	False
ecoli50_r003374	95.91	1.9818638909913504	test	0.44	False
ecoli50_r003375	117.42	2.0697420760416447	train	0.52	False
ecoli50_r003376	81.73	1.9123814989188004	train	0.38	False
ecoli50_r003377	372.83	2.571510850866108	train	0.28	True
ecoli50_r003378	66.15	1.82052984852352	train	0.44	False
ecoli50_r003379	67.1	1.826722520168992	train	0.32	False
ecoli50_r003380	256.35	2.408833321776418	test	0.36	False
ecoli50_r003381	359.46	2.5556505699740084	train	0.5	False
ecoli50_r003382	455.01	2.658020941485893	train	0.42	False
ecoli50_r003383	1146.14	3.059237669563227	train	0.36	False
ecoli50_r003384	1149.85	3.0606411895525785	train	0.32	False
ecoli50_r003385	3368.91	3.527489409014524	train	0.3	False
ecoli50_r003386	64.34	1.808481056565951	train	0.5	False
ecoli50_r003387	123.22	2.0906812044573906	train	0.48	False
ecoli50_r003388	63.94	1.805772631935669	train	0.5	False
ecoli50_r003389	156.04	2.1932359416397538	test	0.28	False
ecoli50_r003390	625.39	2.796150932584016	train	0.5	False
ecoli50_r003391	189.55	2.277723788762453	train	0.4	False
ecoli50_r003392	195.11	2.2902795289205167	train	0.38	False
ecoli50_r003393	90.2	1.9552065375419416	val	0.5	False
ecoli50_r003394	90.2	1.9552065375419416	train	0.54	False
ecoli50_r003395	3057.95	3.4854303800620365	train	0.5	True
ecoli50_r003396	972.91	2.988072667286663	train	0.4	True
ecoli50_r003397	746.76	2.8731810470320958	train	0.42	False
ecoli50_r003398	482.89	2.6838482118410445	train	0.4	False
ecoli50_r003399	752.33	2.8764083801425744	val	0.38	False
ecoli50_r003400	148.61	2.172048034180256	train	0.36	False
ecoli50_r003401	5798.91	3.7633463684815	train	0.52	True
ecoli50_r003402	486.67	2.6872345756743266	train	0.4	False
ecoli50_r003403	673.42	2.8282860104195406	val	0.56	False
ecoli50_r003404	134.4	2.1283992687178066	val	0.38	False
ecoli50_r003405	237.77	2.376157057783254	test	0.42	False
ecoli50_r003406	493.1	2.692935002531138	train	0.28	False
ecoli50_r003407	43.61	1.6395860866734264	val	0.32	False
ecoli50_r003408	60.13	1.7790912038454991	train	0.22	True
ecoli50_r003409	149.19	2.1737397139518877	test	0.46	False
ecoli50_r003410	77.81	1.8910354153153108	train	0.46	False
ecoli50_r003411	1360.27	3.133625120040749	train	0.44	False
ecoli50_r003412	253.29	2.403618043992883	test	0.32	False
ecoli50_r003413	1524.78	3.1832071868444856	train	0.38	False
ecoli50_r003414	126.28	2.10133457322018	train	0.42	False
ecoli50_r003415	197.94	2.2965335659289874	train	0.42	False
ecoli50_r003416	210.09	2.322405381067654	train	0.26	False
ecoli50_r003417	107.36	2.030842502824917	train	0.48	False
ecoli50_r003418	68.63	1.8365139988906716	val	0.44	False
ecoli50_r003419	203.37	2.308286888629105	val	0.46	False
ecoli50_r003420	159.75	2.2034408668304377	train	0.48	True
ecoli50_r003421	565.91	2.752747368270807	train	0.56	False
ecoli50_r003422	392.5	2.5938396610812715	train	0.58	False
ecoli50_r003423	39.0	1.591064607026499	test	0.52	False
ecoli50_r003424	499.69	2.698700658251322	train	0.32	False
ecoli50_r003425	325.08	2.511990251080793	train	0.48	False
ecoli50_r003426	246.55	2.391905006867157	train	0.34	False
ecoli50_r003427	138.29	2.1407907766253023	train	0.34	False
ecoli50_r003428	48.11	1.682235356902564	train	0.52	False
ecoli50_r003429	40.87	1.6114046377115934	val	0.36	False
ecoli50_r003430	168.0	2.225309281725863	train	0.42	False
ecoli50_r003431	76.63	1.8843988255566864	test	0.5	False
ecoli50_r003432	36.08	1.557266528869904	train	0.48	False
ecoli50_r003433	123.79	2.0926855629374908	train	0.54	False
ecoli50_r003434	1126.25	3.0516348039871195	train	0.5	True
ecoli50_r003435	34.63	1.539452491549461	train	0.46	False
ecoli50_r003436	79.58	1.9008039348103696	train	0.56	False
ecoli50_r003437	241.49	2.382899151506837	train	0.5	False
ecoli50_r003438	1190.65	3.075784116304216	test	0.34	False
ecoli50_r003439	517.15	2.7136165290200505	train	0.44	False
ecoli50_r003440	268.62	2.4291383447670887	train	0.32	False
ecoli50_r003441	73.59	1.866818802926048	train	0.44	True
ecoli50_r003442	848.34	2.9285699448629416	train	0.66	False
ecoli50_r003443	117.9	2.071513805095089	train	0.46	False
ecoli50_r003444	422.71	2.626042522003252	val	0.48	False
ecoli50_r003445	422.71	2.626042522003252	train	0.46	False
ecoli50_r003446	69.14	1.839729375206388	train	0.52	False
ecoli50_r003447	197.48	2.2955231185474934	val	0.28	False
ecoli50_r003448	55.85	1.7470231774516278	train	0.54	False
ecoli50_r003449	625.39	2.796150932584016	val	0.46	False
ecoli50_r003450	1114.56	3.0471034527781424	train	0.42	False
ecoli50_r003451	52.01	1.7160868537748322	train	0.54	False
ecoli50_r003452	260.06	2.415073558212059	train	0.56	False
ecoli50_r003453	65.02	1.813046965160108	train	0.58	False
ecoli50_r003454	74.46	1.8719230318823732	test	0.58	False
ecoli50_r003455	109.05	2.037625669914719	train	0.4	False
ecoli50_r003456	126.32	2.1014721170002377	train	0.58	False
ecoli50_r003457	56.47	1.7518177877368792	train	0.24	True
ecoli50_r003458	63.16	1.8004421213362567	train	0.42	False
ecoli50_r003459	135.31	2.13132989404281	train	0.58	False
ecoli50_r003460	40.26	1.6048737705526357	train	0.5	False
ecoli50_r003461	66.48	1.8226910107760543	test	0.44	True
ecoli50_r003462	96.21	1.9832202146481028	train	0.52	False
ecoli50_r003463	117.42	2.0697420760416447	train	0.48	False
ecoli50_r003464	119.89	2.078782960196963	train	0.36	False
ecoli50_r003465	114.95	2.060508975605298	val	0.56	False
ecoli50_r003466	44.58	1.6491400641442189	train	0.62	False
ecoli50_r003467	61.9	1.791690649020118	val	0.44	False
ecoli50_r003468	480.46	2.68165723695277	val	0.36	False
ecoli50_r003469	47.16	1.6735737964230517	test	0.32	False
ecoli50_r003470	83.87	1.9236066430174592	test	0.58	False
ecoli50_r003471	83.87	1.9236066430174592	train	0.48	False
ecoli50_r003472	386.38	2.5870146381512305	train	0.54	False
ecoli50_r003473	577.28	2.7613865115258287	val	0.5	False
ecoli50_r003474	60.39	1.780965029608317	train	0.46	False
ecoli50_r003475	120.27	2.080157310970184	test	0.5	False
ecoli50_r003476	49.2	1.6919651027673603	train	0.56	False
ecoli50_r003477	1192.65	3.076513012513419	train	0.34	True
ecoli50_r003478	53.68	1.7298125071609356	train	0.5	False
ecoli50_r003479	352.22	2.546814012741506	train	0.42	False
ecoli50_r003480	352.22	2.546814012741506	train	0.38	False
ecoli50_r003481	92.42	1.965765964182686	train	0.46	False
ecoli50_r003482	268.6	2.4291060083326967	train	0.46	False
ecoli50_r003483	7595.55	3.88055922695677	train	0.4	True
ecoli50_r003484	285.89	2.456198964659237	train	0.32	True
ecoli50_r003485	125.81	2.0997151623510235	train	0.36	True
ecoli50_r003486	84.19	1.9252605095194355	test	0.36	False
ecoli50_r003487	96.6	1.9849771264154932	test	0.38	False
ecoli50_r003488	58.71	1.7687120803776637	train	0.66	False
ecoli50_r003489	56.0	1.7481880270062005	train	0.42	False
ecoli50_r003490	208.0	2.318063334962761	val	0.52	False
ecoli50_r003491	639.39	2.8057658396635694	train	0.26	False
ecoli50_r003492	251.61	2.4007278977371214	train	0.38	False
ecoli50_r003493	251.61	2.4007278977371214	train	0.4	False
ecoli50_r003494	60.39	1.780965029608317	train	0.32	False
ecoli50_r003495	60.39	1.780965029608317	train	0.36	False
ecoli50_r003496	47.16	1.6735737964230517	train	0.32	False
ecoli50_r003497	60.13	1.7790912038454991	train	0.34	False
ecoli50_r003498	48.11	1.682235356902564	train	0.5	False
ecoli50_r003499	183.41	2.263423010867385	train	0.38	False
ecoli50_r003500	83.48	1.9215824403934163	train	0.3	False
ecoli50_r003501	168.37	2.226264711895694	train	0.22	False
ecoli50_r003502	1307.13	3.1163187822821805	test	0.32	True
ecoli50_r003503	127.06	2.104008850999243	train	0.5	False
ecoli50_r003504	143.86	2.1579400559647675	val	0.54	False
ecoli50_r003505	95.91	1.9818638909913504	train	0.46	False
ecoli50_r003506	103.54	2.015108160645837	train	0.4	False
ecoli50_r003507	45.98	1.6625689669332602	test	0.58	False
ecoli50_r003508	87.23	1.9406658724758288	val	0.34	False
ecoli50_r003509	176.13	2.245833335097326	train	0.48	False
ecoli50_r003510	40.26	1.6048737705526357	train	0.44	False
ecoli50_r003511	96.21	1.9832202146481028	train	0.24	False
ecoli50_r003512	969.67	2.9866239594587665	train	0.44	False
ecoli50_r003513	1866.13	3.2709418946709734	train	0.4	False
ecoli50_r003514	7566.14	3.878874372994915	train	0.42	False
ecoli50_r003515	82.44	1.9161379831071752	test	0.38	False
ecoli50_r003516	14498.21	4.161314386020485	train	0.32	False
ecoli50_r003517	144.26	2.1591459278540475	train	0.44	False
ecoli50_r003518	38.91	1.5900612308037425	test	0.5	False
ecoli50_r003519	282.95	2.4517096982713467	train	0.42	False
ecoli50_r003520	186.19	2.269956351932952	train	0.44	False
ecoli50_r003521	187.87	2.273857435371118	train	0.44	False
ecoli50_r003522	27.24	1.4352071032407476	train	0.52	False
ecoli50_r003523	3896.03	3.5906222923503908	test	0.32	False
ecoli50_r003524	223.5	2.349277527467956	train	0.28	False
ecoli50_r003525	624.85	2.795775774158736	train	0.5	True
ecoli50_r003526	52.01	1.7160868537748322	train	0.52	False
ecoli50_r003527	156.35	2.194097885578952	test	0.42	False
ecoli50_r003528	24.05	1.381115080709851	train	0.4	False
ecoli50_r003529	59.44	1.7740788007525188	val	0.48	False
ecoli50_r003530	180.4	2.256236533205923	train	0.44	False
ecoli50_r003531	70.59	1.848743181895684	val	0.56	False
ecoli50_r003532	81.73	1.9123814989188004	val	0.38	False
ecoli50_r003533	91.37	1.9608036249117695	test	0.4	False
ecoli50_r003534	87.76	1.9432966145666548	val	0.36	False
ecoli50_r003535	117.22	2.0690017170456	train	0.38	False
ecoli50_r003536	95.74	1.9810934231459296	train	0.4	False
ecoli50_r003537	377468.69	5.576880933914448	train	0.36	False
ecoli50_r003538	377244.85	5.576623319668705	train	0.34	False
ecoli50_r003539	25.88	1.4129642719966629	train	0.48	False
ecoli50_r003540	192.76	2.285016917629171	train	0.22	False
ecoli50_r003541	193.38	2.2864115558959783	train	0.2	False
ecoli50_r003542	78.17	1.8930401119571176	train	0.5	False
ecoli50_r003543	389.06	2.59001658245561	train	0.6	False
ecoli50_r003544	72.16	1.8582965245338852	train	0.5	False
ecoli50_r003545	47.18	1.6737579365495767	train	0.58	False
ecoli50_r003546	49.33	1.6931111154621412	train	0.38	False
ecoli50_r003547	295.36	2.4703516793458182	val	0.52	False
ecoli50_r003548	138.67	2.141982515552804	train	0.42	False
ecoli50_r003549	50.11	1.6999244027424767	train	0.44	False
ecoli50_r003550	160.89	2.2065290516827303	train	0.38	False
ecoli50_r003551	60.39	1.780965029608317	train	0.4	False
ecoli50_r003552	85.45	1.931712067056756	train	0.38	False
ecoli50_r003553	1746.14	3.242079061127842	train	0.36	False
ecoli50_r003554	1098.32	3.0407288920147	train	0.24	False
ecoli50_r003555	408.91	2.611627731468287	train	0.58	False
ecoli50_r003556	125.21	2.097639015546839	train	0.44	False
ecoli50_r003557	517.15	2.7136165290200505	test	0.4	False
ecoli50_r003558	456.96	2.659878185760061	test	0.36	False
ecoli50_r003559	42141.8	4.624713081660601	train	0.4	False
ecoli50_r003560	410.53	2.613344899234744	train	0.52	False
ecoli50_r003561	92.88	1.967922206730517	test	0.52	False
ecoli50_r003562	162.11	2.209809805785379	train	0.36	False
ecoli50_r003563	53.05	1.7246853882373594	test	0.54	False
ecoli50_r003564	208.03	2.318125969073185	val	0.4	False
ecoli50_r003565	627.8	2.797821311364024	test	0.4	False
ecoli50_r003566	156.0	2.1931245983544616	test	0.5	False
ecoli50_r003567	46.97	1.671820560183249	train	0.6	False
ecoli50_r003568	114.95	2.060508975605298	test	0.52	False
ecoli50_r003569	41.07	1.6135247028536523	test	0.56	False
ecoli50_r003570	168.37	2.226264711895694	train	0.32	False
ecoli50_r003571	192.43	2.284272779857725	train	0.2	True
ecoli50_r003572	38.32	1.5834255004065068	train	0.38	False
ecoli50_r003573	78.17	1.8930401119571176	val	0.4	False
ecoli50_r003574	107.36	2.030842502824917	train	0.46	False
ecoli50_r003575	360.8	2.557266528869904	train	0.48	False
ecoli50_r003576	41.26	1.6155292236371328	train	0.36	False
ecoli50_r003577	248.92	2.3960597923124327	test	0.46	False
ecoli50_r003578	669.07	2.825471557264652	val	0.42	False
ecoli50_r003579	293.5	2.467608105583633	train	0.42	False
ecoli50_r003580	2701.33	3.4315776417308466	test	0.3	False
ecoli50_r003581	1173.08	3.069327630507541	test	0.36	False
ecoli50_r003582	914.03	2.960960450242191	train	0.48	False
ecoli50_r003583	35.9	1.5550944485783191	train	0.38	False
ecoli50_r003584	10235.66	4.010115851406605	train	0.4	True
ecoli50_r003585	78.17	1.8930401119571176	train	0.3	False
ecoli50_r003586	124.13	2.0938767553900446	train	0.6	False
ecoli50_r003587	1274.84	3.105455681650409	val	0.24	False
ecoli50_r003588	198.44	2.297629218364148	val	0.24	False
ecoli50_r003589	98.83	1.9948887953649104	train	0.24	False
ecoli50_r003590	119.8	2.0784568180532927	train	0.28	False
ecoli50_r003591	571.27	2.7568414178701883	val	0.44	False
ecoli50_r003592	26.01	1.4151403521958728	val	0.5	False
ecoli50_r003593	1449.3	3.1611582922061823	train	0.44	False
ecoli50_r003594	235.79	2.372525382451559	train	0.42	False
ecoli50_r003595	45.19	1.6550423413312016	train	0.5	False
ecoli50_r003596	204.35	2.3103746420476123	train	0.44	False
ecoli50_r003597	204.35	2.3103746420476123	test	0.46	False
ecoli50_r003598	56.0	1.7481880270062005	val	0.54	False
ecoli50_r003599	89.16	1.9501700598082	train	0.52	False
ecoli50_r003600	110.71	2.0441868507673635	test	0.54	False
ecoli50_r003601	84.88	1.928805370893284	val	0.44	False
ecoli50_r003602	66.15	1.82052984852352	train	0.48	False
ecoli50_r003603	33.9	1.530199698203082	val	0.4	False
ecoli50_r003604	63.74	1.804412059137714	val	0.5	False
ecoli50_r003605	295.23	2.470160486526572	train	0.5	False
ecoli50_r003606	682.71	2.834236264230046	train	0.36	True
ecoli50_r003607	711.79	2.852351882269504	train	0.28	False
ecoli50_r003608	11594.51	4.064252399477432	val	0.42	False
ecoli50_r003609	114.25	2.057856208741888	train	0.34	False
ecoli50_r003610	228.51	2.358905210313047	val	0.48	False
ecoli50_r003611	108.24	2.0343877835895667	test	0.26	False
ecoli50_r003612	46.97	1.671820560183249	train	0.46	False
ecoli50_r003613	630.27	2.7995266357873163	val	0.52	False
ecoli50_r003614	106.11	2.025756314534414	train	0.54	False
ecoli50_r003615	78.45	1.8945929479229555	val	0.5	False
ecoli50_r003616	69.14	1.839729375206388	train	0.56	False
ecoli50_r003617	170.95	2.2328691051326133	train	0.52	False
ecoli50_r003618	2836.53	3.452787381154928	train	0.38	False
ecoli50_r003619	158.23	2.199288828082405	val	0.28	False
ecoli50_r003620	356.48	2.552035169157616	train	0.6	False
ecoli50_r003621	166.23	2.220709404879566	train	0.52	False
ecoli50_r003622	88.24	1.945665499432134	val	0.36	False
ecoli50_r003623	204.46	2.310608356458524	train	0.46	False
ecoli50_r003624	25.26	1.402433346219312	train	0.32	False
ecoli50_r003625	1115.49	3.047465681330493	train	0.48	False
ecoli50_r003626	215.16	2.332761535609808	train	0.44	False
ecoli50_r003627	74.27	1.8708134239155976	test	0.62	False
ecoli50_r003628	61.61	1.7896512087934096	train	0.48	False
ecoli50_r003629	144.89	2.161038412422962	val	0.62	False
ecoli50_r003630	173.17	2.2384726569483564	train	0.52	False
ecoli50_r003631	53.19	1.7258299903205805	test	0.42	False
ecoli50_r003632	81.73	1.9123814989188004	train	0.42	False
ecoli50_r003633	72.16	1.8582965245338852	val	0.34	False
ecoli50_r003634	31.87	1.5033820634737327	val	0.56	False
ecoli50_r003635	530.55	2.7247263188704327	train	0.32	False
ecoli50_r003636	1491.65	3.173666932452848	test	0.44	True
ecoli50_r003637	74.6	1.8727388274726688	train	0.46	False
ecoli50_r003638	49.33	1.6931111154621412	train	0.48	False
ecoli50_r003639	41.22	1.615107987443194	test	0.5	False
ecoli50_r003640	100.21	2.000911062131223	train	0.6	False
ecoli50_r003641	62.06	1.7928117712481468	test	0.52	False
ecoli50_r003642	25.05	1.3988077302032644	train	0.38	False
ecoli50_r003643	85.57	1.9323215319892928	train	0.54	False
ecoli50_r003644	123.79	2.0926855629374908	test	0.46	False
ecoli50_r003645	19.95	1.299942900022767	train	0.4	False
ecoli50_r003646	43.61	1.6395860866734264	val	0.56	False
ecoli50_r003647	29.72	1.4730488050885375	train	0.54	False
ecoli50_r003648	59.84	1.776991584856405	val	0.52	False
ecoli50_r003649	1058.36	3.024633417623559	train	0.5	False
ecoli50_r003650	67.79	1.8311656339094424	train	0.44	False
ecoli50_r003651	312.7	2.4951278812429334	train	0.48	False
ecoli50_r003652	3687.89	3.5667779587195896	val	0.56	False
ecoli50_r003653	55.73	1.7460890430562002	test	0.38	False
ecoli50_r003654	622.33	2.79402073706099	val	0.56	False
ecoli50_r003655	622.33	2.79402073706099	test	0.5	False
ecoli50_r003656	2193.83	3.341202971040699	val	0.32	False
ecoli50_r003657	82.53	1.916611845109346	train	0.5	False
ecoli50_r003658	176.48	2.2466954950961155	train	0.3	False
ecoli50_r003659	55.73	1.7460890430562002	train	0.52	False
ecoli50_r003660	601.34	2.779120093254271	train	0.48	False
ecoli50_r003661	70.45	1.8478809974453752	train	0.46	False
ecoli50_r003662	107.74	2.032376971209936	train	0.42	False
ecoli50_r003663	42.72	1.6306312440205	train	0.4	False
ecoli50_r003664	72.16	1.8582965245338852	test	0.46	False
ecoli50_r003665	129.42	2.1120013954861885	val	0.38	False
ecoli50_r003666	76.78	1.885248107781386	train	0.56	False
ecoli50_r003667	237.77	2.376157057783254	train	0.36	False
ecoli50_r003668	241.49	2.382899151506837	train	0.38	False
ecoli50_r003669	264.59	2.4225734262955965	val	0.4	False
ecoli50_r003670	289.79	2.462083394869625	train	0.34	False
ecoli50_r003671	77.62	1.889973638403996	train	0.38	False
ecoli50_r003672	80.56	1.9061194575455616	test	0.36	False
ecoli50_r003673	13.62	1.1341771075767664	train	0.42	False
ecoli50_r003674	57.03	1.7561033715851055	train	0.48	False
ecoli50_r003675	78.02	1.8922059459757723	test	0.52	False
ecoli50_r003676	98.65	1.99409708958821	train	0.52	False
ecoli50_r003677	78.02	1.8922059459757723	train	0.4	False
ecoli50_r003678	218.07	2.338595923576831	test	0.52	False
ecoli50_r003679	66.87	1.8252313231999	val	0.56	False
ecoli50_r003680	96.21	1.9832202146481028	train	0.42	False
ecoli50_r003681	1721.04	3.235790964213324	train	0.28	False
ecoli50_r003682	167.74	2.2246366386814405	train	0.6	False
ecoli50_r003683	89.16	1.9501700598082	val	0.56	False
ecoli50_r003684	50.11	1.6999244027424767	train	0.36	False
ecoli50_r003685	70.77	1.8498491956052576	train	0.46	False
ecoli50_r003686	50.32	1.7017406324372124	train	0.34	False
ecoli50_r003687	180.4	2.256236533205923	test	0.3	False
ecoli50_r003688	268.39	2.4287663303280818	test	0.46	False
ecoli50_r003689	191.23	2.2815560250343667	train	0.4	False
ecoli50_r003690	55.73	1.7460890430562002	train	0.34	False
ecoli50_r003691	97.29	1.9880682033926356	train	0.28	False
ecoli50_r003692	26.01	1.4151403521958728	train	0.5	False
ecoli50_r003693	84.19	1.9252605095194355	test	0.46	False
ecoli50_r003694	164.39	2.215875395461276	val	0.5	False
ecoli50_r003695	59.44	1.7740788007525188	train	0.48	False
ecoli50_r003696	215.41	2.3332658607261734	train	0.4	False
ecoli50_r003697	64.84	1.8118430061764772	train	0.5	False
ecoli50_r003698	95.74	1.9810934231459296	train	0.5	False
ecoli50_r003699	72.16	1.8582965245338852	train	0.46	False
ecoli50_r003700	74.3	1.8709888137605752	train	0.32	False
ecoli50_r003701	865.93	2.937482785963696	train	0.4	False
ecoli50_r003702	156.35	2.194097885578952	train	0.42	False
ecoli50_r003703	99.03	1.995766779049974	train	0.5	False
ecoli50_r003704	98.45	1.993215720474137	train	0.64	False
ecoli50_r003705	70.47	1.848004271497268	train	0.46	False
ecoli50_r003706	37.3	1.5717088318086876	train	0.5	False
ecoli50_r003707	147.37	2.168409083519626	test	0.42	False
ecoli50_r003708	50.11	1.6999244027424767	val	0.54	False
ecoli50_r003709	276.78	2.4421347049919104	val	0.5	False
ecoli50_r003710	82.44	1.9161379831071752	val	0.42	False
ecoli50_r003711	36.9	1.5670263661590604	val	0.48	False
ecoli50_r003712	70.17	1.8461514765288156	train	0.38	False
ecoli50_r003713	1719.83	3.235485520331536	train	0.34	False
ecoli50_r003714	168.24	2.2259292596782645	train	0.46	False
ecoli50_r003715	471.82	2.6737763462688267	train	0.52	False
ecoli50_r003716	133.49	2.1254487330602623	train	0.46	False
ecoli50_r003717	5676.64	3.754091353099653	test	0.52	False
ecoli50_r003718	31.91	1.5039268041935103	train	0.32	False
ecoli50_r003719	1008.13	3.003516538699087	train	0.32	True
ecoli50_r003720	1322.61	3.121431801997481	train	0.56	False
ecoli50_r003721	280522.84	5.447968227025851	train	0.3	False
ecoli50_r003722	597.03	2.775996154424361	train	0.34	True
ecoli50_r003723	317.66	2.501962531563174	train	0.52	False
ecoli50_r003724	234.02	2.3692529750104305	train	0.48	False
ecoli50_r003725	166.37	2.221075016611721	train	0.46	False
ecoli50_r003726	264960.13	5.423180528187021	train	0.5	True
ecoli50_r003727	511.38	2.708743738826242	train	0.36	False
ecoli50_r003728	499.59	2.6986137367711853	val	0.3	False
ecoli50_r003729	50.62	1.704322140822235	val	0.28	False
ecoli50_r003730	6000.2	3.778165726625105	train	0.38	True
ecoli50_r003731	623.41	2.7947737644310147	test	0.36	False
ecoli50_r003732	252.0	2.401400540781544	val	0.5	False
ecoli50_r003733	152.08	2.182072103857387	train	0.48	False
ecoli50_r003734	393.59	2.5950440557146157	test	0.5	False
ecoli50_r003735	2682.41	3.4285251594696464	val	0.42	False
ecoli50_r003736	525.17	2.7202999093317946	train	0.18	True
ecoli50_r003737	206.46	2.3148359230045736	train	0.36	False
ecoli50_r003738	344.85	2.5376302303249605	train	0.22	False
ecoli50_r003739	966.76	2.9853186730361374	train	0.42	False
ecoli50_r003740	539.38	2.73189483894544	val	0.52	False
ecoli50_r003741	158.7	2.2005769267548483	val	0.48	False
ecoli50_r003742	53.19	1.7258299903205805	val	0.5	False
ecoli50_r003743	117.22	2.0690017170456	train	0.52	False
ecoli50_r003744	877.95	2.9434697831698617	train	0.24	False
ecoli50_r003745	40.26	1.6048737705526357	test	0.54	False
ecoli50_r003746	135.63	2.132355761753957	train	0.52	False
ecoli50_r003747	42.55	1.6288995644206066	train	0.38	False
ecoli50_r003748	107.36	2.030842502824917	val	0.46	False
ecoli50_r003749	319.7	2.504742636271688	train	0.5	False
ecoli50_r003750	252.63	2.402484922073764	train	0.46	False
ecoli50_r003751	3026.37	3.4809220232030613	val	0.42	False
ecoli50_r003752	16.22	1.2100508498751372	train	0.38	False
ecoli50_r003753	173.9	2.2402995820027125	train	0.32	False
ecoli50_r003754	1478.61	3.169853639052174	train	0.4	False
ecoli50_r003755	64.84	1.8118430061764772	train	0.36	False
ecoli50_r003756	116.3	2.0655797147284485	train	0.3	False
ecoli50_r003757	68.83	1.8377777695537327	train	0.46	False
ecoli50_r003758	206.32	2.314541329129881	test	0.4	False
ecoli50_r003759	63.83	1.8050248444298047	train	0.48	False
ecoli50_r003760	418.2	2.621384028481653	train	0.46	False
ecoli50_r003761	348.78	2.542551573340032	train	0.44	False
ecoli50_r003762	79.92	1.9026554752179257	train	0.5	False
ecoli50_r003763	29.72	1.4730488050885375	train	0.54	False
ecoli50_r003764	55.85	1.7470231774516278	train	0.48	False
ecoli50_r003765	471.59	2.673564587366936	train	0.42	False
ecoli50_r003766	414.13	2.617136692377613	train	0.4	False
ecoli50_r003767	1411.14	3.149570102493756	train	0.4	False
ecoli50_r003768	35.79	1.5537616983900042	train	0.34	False
ecoli50_r003769	1965.34	3.293437693312286	train	0.42	False
ecoli50_r003770	561.13	2.749063488247508	test	0.48	False
ecoli50_r003771	60.13	1.7790912038454991	train	0.42	False
ecoli50_r003772	248.26	2.394906751054026	train	0.56	False
ecoli50_r003773	55.73	1.7460890430562002	val	0.4	False
ecoli50_r003774	63.66	1.8038666342849845	test	0.48	False
ecoli50_r003775	71.8	1.8561244442423004	train	0.52	False
ecoli50_r003776	176.85	2.2476050641507705	train	0.56	False
ecoli50_r003777	631.58	2.8004283689183294	train	0.46	True
ecoli50_r003778	368.32	2.566225301949698	train	0.46	True
ecoli50_r003779	57.47	1.7594411971336976	test	0.52	False
ecoli50_r003780	194.58	2.2890981990566166	train	0.5	False
ecoli50_r003781	50.53	1.7035492982382303	train	0.46	False
ecoli50_r003782	95.74	1.9810934231459296	train	0.48	False
ecoli50_r003783	106.11	2.025756314534414	train	0.52	False
ecoli50_r003784	200.42	2.3019410577952044	train	0.52	False
ecoli50_r003785	47.87	1.6800634274819486	train	0.5	False
ecoli50_r003786	88.42	1.9465505105698555	train	0.4	False
ecoli50_r003787	204.65	2.311011748981288	val	0.44	False
ecoli50_r003788	106.1	2.0257153839013404	train	0.4	False
ecoli50_r003789	123.79	2.0926855629374908	train	0.38	False
ecoli50_r003790	90.58	1.9570323163469383	train	0.32	True
ecoli50_r003791	319.13	2.503967632216219	train	0.54	False
ecoli50_r003792	144.89	2.161038412422962	train	0.44	False
ecoli50_r003793	59.44	1.7740788007525188	test	0.46	False
ecoli50_r003794	157.9	2.1983821300082944	train	0.36	False
ecoli50_r003795	489.47	2.6897260787056068	train	0.54	False
ecoli50_r003796	148.61	2.172048034180256	test	0.58	False
ecoli50_r003797	91.37	1.9608036249117695	val	0.58	False
ecoli50_r003798	208.8	2.3197304943302246	train	0.44	False
ecoli50_r003799	130.86	2.116806915962344	train	0.4	False
ecoli50_r003800	74.3	1.8709888137605752	train	0.46	False
ecoli50_r003801	157.18	2.196397284437343	train	0.5	False
ecoli50_r003802	40.87	1.6114046377115934	train	0.34	False
ecoli50_r003803	29201.0	4.465397724292443	train	0.38	False
ecoli50_r003804	29068.7	4.463425609842295	test	0.4	False
ecoli50_r003805	1421.9	3.1528690542170126	train	0.38	False
ecoli50_r003806	85.48	1.931864513492032	train	0.32	False
ecoli50_r003807	44.58	1.6491400641442189	train	0.54	False
ecoli50_r003808	495.53	2.6950699523431068	train	0.44	False
ecoli50_r003809	72.16	1.8582965245338852	train	0.46	False
ecoli50_r003810	1475.95	3.1690716453651397	train	0.44	False
ecoli50_r003811	138.53	2.141543834220653	train	0.34	False
ecoli50_r003812	156.35	2.194097885578952	val	0.5	False
ecoli50_r003813	84.19	1.9252605095194355	train	0.3	False
ecoli50_r003814	349.42	2.543347759379176	train	0.3	False
ecoli50_r003815	24.05	1.381115080709851	train	0.44	False
ecoli50_r003816	50.16	1.70035752782266	val	0.48	False
ecoli50_r003817	93.24	1.9696022648485392	train	0.42	False
ecoli50_r003818	120.27	2.080157310970184	train	0.5	False
ecoli50_r003819	84.19	1.9252605095194355	test	0.36	False
ecoli50_r003820	104.03	2.017158598487814	train	0.32	False
ecoli50_r003821	491.09	2.6911610907411823	val	0.36	True
ecoli50_r003822	165.06	2.217641840773328	test	0.5	False
ecoli50_r003823	44.58	1.6491400641442189	test	0.54	False
ecoli50_r003824	64.84	1.8118430061764772	train	0.5	False
ecoli50_r003825	85.48	1.931864513492032	train	0.48	False
ecoli50_r003826	31.58	1.4994121256722754	train	0.52	False
ecoli50_r003827	356.99	2.552656050830272	val	0.38	False
ecoli50_r003828	96.21	1.9832202146481028	train	0.44	False
ecoli50_r003829	50.53	1.7035492982382303	train	0.46	False
ecoli50_r003830	180.4	2.256236533205923	train	0.2	False
ecoli50_r003831	20.43	1.3102683666324475	train	0.58	False
ecoli50_r003832	37.3	1.5717088318086876	train	0.42	False
ecoli50_r003833	306.53	2.4864729852063823	train	0.4	False
ecoli50_r003834	83.87	1.9236066430174592	val	0.36	False
ecoli50_r003835	56.0	1.7481880270062005	train	0.36	False
ecoli50_r003836	260.06	2.415073558212059	test	0.36	False
ecoli50_r003837	2625.84	3.4192682597450497	train	0.46	False
ecoli50_r003838	84.19	1.9252605095194355	test	0.36	False
ecoli50_r003839	96.21	1.9832202146481028	test	0.36	False
ecoli50_r003840	38.6	1.586587304671755	val	0.38	False
ecoli50_r003841	42.09	1.6241789257480224	train	0.52	False
ecoli50_r003842	114.35	2.0582361689427677	train	0.48	False
ecoli50_r003843	33.6	1.526339277389844	train	0.48	False
ecoli50_r003844	92.26	1.965013450272248	train	0.48	True
ecoli50_r003845	303.17	2.481686223744099	test	0.46	False
ecoli50_r003846	60.39	1.780965029608317	train	0.5	False
ecoli50_r003847	82.44	1.9161379831071752	val	0.56	False
ecoli50_r003848	45.21	1.6552345070342942	val	0.52	False
ecoli50_r003849	402.58	2.604852195526828	train	0.58	True
ecoli50_r003850	95.74	1.9810934231459296	train	0.46	False
ecoli50_r003851	67.1	1.826722520168992	train	0.52	False
ecoli50_r003852	50.53	1.7035492982382303	train	0.44	False
ecoli50_r003853	36.9	1.5670263661590604	train	0.52	False
ecoli50_r003854	122.33	2.087532975734093	train	0.34	False
ecoli50_r003855	45.21	1.6552345070342942	val	0.42	False
ecoli50_r003856	61.9	1.791690649020118	train	0.42	False
ecoli50_r003857	96.21	1.9832202146481028	train	0.48	False
ecoli50_r003858	53.05	1.7246853882373594	val	0.5	False
ecoli50_r003859	120.27	2.080157310970184	test	0.44	False
ecoli50_r003860	120.27	2.080157310970184	train	0.36	False
ecoli50_r003861	111.89	2.0487912738484098	val	0.32	False
ecoli50_r003862	70.59	1.848743181895684	val	0.28	False
ecoli50_r003863	124.13	2.0938767553900446	test	0.34	False
ecoli50_r003864	74.3	1.8709888137605752	test	0.46	False
ecoli50_r003865	148.93	2.172982189505869	train	0.52	False
ecoli50_r003866	120.27	2.080157310970184	test	0.32	False
ecoli50_r003867	40.26	1.6048737705526357	train	0.48	False
ecoli50_r003868	27.38	1.4374334437979712	val	0.48	False
ecoli50_r003869	420.18	2.623435376731635	train	0.6	False
ecoli50_r003870	481.07	2.682208274714465	train	0.38	False
ecoli50_r003871	111.69	2.0480142909380548	train	0.46	False
ecoli50_r003872	142.53	2.153906285138868	train	0.44	False
ecoli50_r003873	126.32	2.1014721170002377	train	0.4	False
ecoli50_r003874	79.58	1.9008039348103696	train	0.48	False
ecoli50_r003875	76.63	1.8843988255566864	test	0.46	False
ecoli50_r003876	107.74	2.032376971209936	train	0.52	False
ecoli50_r003877	1909.61	3.280944680262129	train	0.4	False
ecoli50_r003878	48382.98	4.684692613874955	test	0.52	False
ecoli50_r003879	48362.35	4.684507395729595	train	0.48	False
ecoli50_r003880	124.94	2.096701501610003	test	0.4	False
ecoli50_r003881	54.12	1.7333577879255853	train	0.38	False
ecoli50_r003882	300.93	2.478465485131264	train	0.42	False
ecoli50_r003883	202.45	2.306317781104432	train	0.3	False
ecoli50_r003884	1763.59	3.246397627602044	train	0.42	True
ecoli50_r003885	324.72	2.511509038309229	train	0.52	False
ecoli50_r003886	67.2	1.8273692730538251	train	0.5	False
ecoli50_r003887	168.37	2.226264711895694	train	0.56	False
ecoli50_r003888	38.32	1.5834255004065068	train	0.5	False
ecoli50_r003889	127.48	2.105442054801695	train	0.4	False
ecoli50_r003890	27.48	1.4390167283875128	train	0.52	False
ecoli50_r003891	29.25	1.4661258704181992	train	0.46	False
ecoli50_r003892	240.54	2.3811873066341653	train	0.48	False
ecoli50_r003893	50.16	1.70035752782266	train	0.5	False
ecoli50_r003894	25.74	1.410608542568368	train	0.48	False
ecoli50_r003895	54.12	1.7333577879255853	train	0.48	False
ecoli50_r003896	163.47	2.213438062623771	train	0.46	False
ecoli50_r003897	42.89	1.6323560462390732	val	0.38	False
ecoli50_r003898	28.06	1.448087666692341	train	0.34	False
ecoli50_r003899	615.49	2.789221001247677	train	0.4	False
ecoli50_r003900	144.42	2.1596273406586737	train	0.46	False
ecoli50_r003901	240.74	2.381548256191099	val	0.5	False
ecoli50_r003902	68.73	1.83714634390906	val	0.38	False
ecoli50_r003903	59.44	1.7740788007525188	test	0.36	False
ecoli50_r003904	72.16	1.8582965245338852	train	0.46	False
ecoli50_r003905	841.87	2.9252450337306297	val	0.46	False
ecoli50_r003906	278.45	2.444747222225778	train	0.56	False
ecoli50_r003907	190.59	2.2801001100549243	train	0.32	True
ecoli50_r003908	246.55	2.391905006867157	train	0.46	False
ecoli50_r003909	234.52	2.37017988551276	train	0.36	False
ecoli50_r003910	342.2	2.5342800052050816	val	0.4	False
ecoli50_r003911	101.24	2.005352136486217	test	0.48	False
ecoli50_r003912	22.11	1.344588742578714	test	0.5	False
ecoli50_r003913	36.08	1.557266528869904	train	0.48	False
ecoli50_r003914	241.55	2.3830070418225384	train	0.38	False
ecoli50_r003915	378.95	2.5785819114018698	train	0.38	False
ecoli50_r003916	110.71	2.0441868507673635	test	0.42	False
ecoli50_r003917	115.17	2.061339366837067	val	0.48	False
ecoli50_r003918	89.16	1.9501700598082	train	0.48	False
ecoli50_r003919	67.1	1.826722520168992	train	0.46	False
ecoli50_r003920	183.5	2.263636068588108	val	0.22	False
ecoli50_r003921	78.17	1.8930401119571176	train	0.3	False
ecoli50_r003922	90.2	1.9552065375419416	train	0.42	False
ecoli50_r003923	90.2	1.9552065375419416	val	0.4	False
ecoli50_r003924	79.88	1.902438056198665	val	0.32	False
ecoli50_r003925	40.26	1.6048737705526357	train	0.4	False
ecoli50_r003926	87.31	1.941063988219902	train	0.4	False
ecoli50_r003927	105.89	2.024854948305018	train	0.42	False
ecoli50_r003928	73.69	1.8674085565227911	train	0.38	False
ecoli50_r003929	308.36	2.4890580369990616	train	0.36	False
ecoli50_r003930	330.65	2.5193685270400006	train	0.4	False
ecoli50_r003931	94.32	1.9746037920870327	train	0.68	False
ecoli50_r003932	53.19	1.7258299903205805	train	0.48	False
ecoli50_r003933	114.07	2.057171441547266	train	0.22	False
ecoli50_r003934	24.05	1.381115080709851	val	0.5	False
ecoli50_r003935	288.52	2.4601759235180283	train	0.56	False
ecoli50_r003936	27.92	1.4459154139511234	train	0.46	False
ecoli50_r003937	22.29	1.3481100684802376	train	0.4	False
ecoli50_r003938	90.07	1.9545801627437571	train	0.54	False
ecoli50_r003939	28.52	1.455149521179828	val	0.44	False
ecoli50_r003940	157.9	2.1983821300082944	test	0.32	False
ecoli50_r003941	157.68	2.197776611271387	train	0.34	False
ecoli50_r003942	67.79	1.8311656339094424	train	0.38	False
ecoli50_r003943	360.8	2.557266528869904	train	0.24	False
ecoli50_r003944	310.22	2.4916697935086654	train	0.4	False
ecoli50_r003945	35.37	1.5486350598147516	train	0.5	False
ecoli50_r003946	2053.04	3.3123974109439214	train	0.3	True
ecoli50_r003947	148.24	2.170965406310841	train	0.38	False
ecoli50_r003948	196.79	2.294003025725598	train	0.44	False
ecoli50_r003949	170.9	2.232742062720737	train	0.48	False
ecoli50_r003950	49.73	1.6966184592322249	train	0.44	False
ecoli50_r003951	114.95	2.060508975605298	train	0.56	False
ecoli50_r003952	286.07	2.4564723159751454	train	0.48	False
ecoli50_r003953	48.3	1.683947130751512	train	0.44	False
ecoli50_r003954	114.07	2.057171441547266	train	0.4	False
ecoli50_r003955	42.09	1.6241789257480224	val	0.56	False
ecoli50_r003956	140.95	2.149065080207621	train	0.36	False
ecoli50_r003957	135.63	2.132355761753957	train	0.38	False
ecoli50_r003958	21.81	1.3386556655787003	train	0.22	False
ecoli50_r003959	42.63	1.6297153326471323	train	0.28	False
ecoli50_r003960	215.48	2.333406966873917	val	0.34	False
ecoli50_r003961	41.07	1.6135247028536523	val	0.58	False
ecoli50_r003962	48.3	1.683947130751512	train	0.52	False
ecoli50_r003963	85.25	1.9306943876645355	val	0.56	False
ecoli50_r003964	120.77	2.0819590663004783	train	0.4	False
ecoli50_r003965	45.21	1.6552345070342942	test	0.44	False
ecoli50_r003966	264.82	2.422950781227019	train	0.6	False
ecoli50_r003967	117.42	2.0697420760416447	train	0.5	False
ecoli50_r003968	80.18	1.904066051914503	test	0.34	False
ecoli50_r003969	92.21	1.964778022022376	test	0.3	False
ecoli50_r003970	64.84	1.8118430061764772	train	0.38	False
ecoli50_r003971	85.48	1.931864513492032	val	0.36	False
ecoli50_r003972	247.7	2.3939260065858368	test	0.38	False
ecoli50_r003973	44.58	1.6491400641442189	train	0.5	False
ecoli50_r003974	229.9	2.361538971269279	train	0.5	False
ecoli50_r003975	427.38	2.6308141947282127	train	0.48	False
ecoli50_r003976	107.43	2.0311255757315654	train	0.4	False
ecoli50_r003977	361.21	2.557759765131784	train	0.48	False
ecoli50_r003978	361.21	2.557759765131784	val	0.48	False
ecoli50_r003979	242.0	2.383815365980431	train	0.44	False
ecoli50_r003980	124.99	2.096875268059688	train	0.44	False
ecoli50_r003981	79.58	1.9008039348103696	train	0.42	False
ecoli50_r003982	307.02	2.487166667355761	train	0.42	False
ecoli50_r003983	309.97	2.491319663302256	train	0.52	False
ecoli50_r003984	420.94	2.624220196724192	train	0.44	False
ecoli50_r003985	372.83	2.571510850866108	test	0.5	False
ecoli50_r003986	70.74	1.8496650554787328	train	0.4	False
ecoli50_r003987	228.19	2.358296608355735	train	0.5	False
ecoli50_r003988	21.67	1.335858911319818	test	0.46	False
ecoli50_r003989	50.53	1.7035492982382303	train	0.46	False
ecoli50_r003990	70.45	1.8478809974453752	test	0.44	False
ecoli50_r003991	196.79	2.294003025725598	val	0.4	False
ecoli50_r003992	51.34	1.7104558643354246	val	0.28	False
ecoli50_r003993	61.3	1.787460474518415	train	0.6	True
ecoli50_r003994	118.89	2.075145327053852	train	0.34	False
ecoli50_r003995	395.87	2.597552591097688	train	0.32	False
ecoli50_r003996	131.89	2.1202118682570736	train	0.52	False
ecoli50_r003997	120.74	2.081851171517454	test	0.52	False
ecoli50_r003998	31.87	1.5033820634737327	train	0.4	False
ecoli50_r003999	88.24	1.945665499432134	train	0.44	False
ecoli50_r004000	89.9	1.9537596917332287	train	0.56	False
ecoli50_r004001	45.98	1.6625689669332602	train	0.52	False
ecoli50_r004002	36.08	1.557266528869904	test	0.46	False
ecoli50_r004003	186.41	2.270469206453198	train	0.38	True
ecoli50_r004004	150.31	2.176987874800811	train	0.4	True
ecoli50_r004005	46.97	1.671820560183249	train	0.36	False
ecoli50_r004006	194.53	2.2889865867916286	test	0.46	False
ecoli50_r004007	300.67	2.478090097590289	train	0.52	False
ecoli50_r004008	223.04	2.3483827564179154	train	0.5	False
ecoli50_r004009	38.58	1.5863622233078656	train	0.46	False
ecoli50_r004010	719.17	2.856831562615328	train	0.5	False
ecoli50_r004011	426.26	2.6296745806078885	val	0.32	False
ecoli50_r004012	253.29	2.403618043992883	train	0.36	False
ecoli50_r004013	24.76	1.3937506403480804	val	0.44	False
ecoli50_r004014	40.26	1.6048737705526357	train	0.6	False
ecoli50_r004015	33730.58	4.528023808981489	train	0.36	True
ecoli50_r004016	33718.55	4.5278688903732665	val	0.38	True
ecoli50_r004017	268.24	2.4285235404207635	train	0.36	True
ecoli50_r004018	84.19	1.9252605095194355	train	0.26	False
ecoli50_r004019	61.17	1.7865384804978024	train	0.42	False
ecoli50_r004020	1931.9	3.285984642487249	test	0.54	False
ecoli50_r004021	300.67	2.478090097590289	train	0.5	False
ecoli50_r004022	77.21	1.8876735524544477	test	0.48	False
ecoli50_r004023	156.56	2.1946808126499446	train	0.42	True
ecoli50_r004024	31.58	1.4994121256722754	train	0.44	False
ecoli50_r004025	49.33	1.6931111154621412	test	0.44	False
ecoli50_r004026	96.21	1.9832202146481028	val	0.46	False
ecoli50_r004027	120.96	2.082641778157132	train	0.46	False
ecoli50_r004028	142.95	2.155184159694008	test	0.48	False
ecoli50_r004029	133.21	2.1245368283012773	train	0.54	False
ecoli50_r004030	81.35	1.9103575572728773	test	0.54	False
ecoli50_r004031	650.16	2.8130202467447742	train	0.46	False
ecoli50_r004032	24.15	1.382917135087531	train	0.44	False
ecoli50_r004033	5830.01	3.765669299688876	train	0.3	False
ecoli50_r004034	168.0	2.225309281725863	train	0.54	False
ecoli50_r004035	154.41	2.188675422969832	val	0.5	False
ecoli50_r004036	120.77	2.0819590663004783	train	0.52	False
ecoli50_r004037	111.46	2.047119038720181	val	0.42	False
ecoli50_r004038	273.92	2.4376237429970598	train	0.44	False
ecoli50_r004039	79.78	1.901894031973821	train	0.4	False
ecoli50_r004040	366.99	2.564654230453756	train	0.34	False
ecoli50_r004041	487.01	2.687537878874246	train	0.26	False
ecoli50_r004042	456.82	2.659745109466113	test	0.34	False
ecoli50_r004043	48.3	1.683947130751512	train	0.3	False
ecoli50_r004044	199.61	2.3001822946469006	val	0.24	False
ecoli50_r004045	2224.95	3.3473202557807324	train	0.48	False
ecoli50_r004046	63.74	1.804412059137714	train	0.36	False
ecoli50_r004047	143.42	2.156609718165699	train	0.36	False
ecoli50_r004048	66.87	1.8252313231999	train	0.56	False
ecoli50_r004049	60.42	1.7811807209372617	val	0.42	False
ecoli50_r004050	87.76	1.9432966145666548	train	0.48	False
ecoli50_r004051	46.44	1.6668922110665363	train	0.22	False
ecoli50_r004052	8266.16	3.917303807241915	train	0.3	False
ecoli50_r004053	48.11	1.682235356902564	train	0.44	False
ecoli50_r004054	96.6	1.9849771264154932	train	0.52	False
ecoli50_r004055	180.4	2.256236533205923	test	0.2	False
ecoli50_r004056	48.11	1.682235356902564	val	0.36	False
ecoli50_r004057	483.1	2.68403703748652	test	0.36	False
ecoli50_r004058	1569.4	3.1957336482732117	train	0.24	False
ecoli50_r004059	96.21	1.9832202146481028	train	0.34	False
ecoli50_r004060	148.24	2.170965406310841	val	0.34	False
ecoli50_r004061	2596.66	3.414415087946382	train	0.3	False
ecoli50_r004062	106.24	2.026288062023942	train	0.38	False
ecoli50_r004063	94.21	1.974097003794131	train	0.32	False
ecoli50_r004064	137.46	2.1381763395730413	train	0.42	False
ecoli50_r004065	107.74	2.032376971209936	train	0.38	False
ecoli50_r004066	889.98	2.949380247108695	val	0.46	False
ecoli50_r004067	124.39	2.0947854678195585	test	0.36	False
ecoli50_r004068	156.35	2.194097885578952	test	0.44	False
ecoli50_r004069	3788.43	3.578459267065296	train	0.26	False
ecoli50_r004070	142.95	2.155184159694008	train	0.48	False
ecoli50_r004071	33.55	1.5256925245050108	train	0.4	False
ecoli50_r004072	100.21	2.000911062131223	train	0.42	False
ecoli50_r004073	26.59	1.424718337331567	train	0.44	False
ecoli50_r004074	26.59	1.424718337331567	train	0.44	False
ecoli50_r004075	177.81	2.2499561819586806	train	0.48	False
ecoli50_r004076	481.07	2.682208274714465	test	0.42	False
ecoli50_r004077	265.03	2.4232950365671155	train	0.38	False
ecoli50_r004078	150.33	2.177045657462139	test	0.38	False
ecoli50_r004079	134.19	2.1277201528923197	val	0.4	True
ecoli50_r004080	90.58	1.9570323163469383	train	0.4	False
ecoli50_r004081	144.75	2.160618572399474	train	0.44	False
ecoli50_r004082	138.08	2.1401307783711343	train	0.44	False
ecoli50_r004083	69.35	1.841046465409304	test	0.26	False
ecoli50_r004084	30359.57	4.482295616105205	val	0.34	True
ecoli50_r004085	381.19	2.5811414989920385	test	0.34	False
ecoli50_r004086	78.17	1.8930401119571176	train	0.52	False
ecoli50_r004087	90.58	1.9570323163469383	train	0.48	False
ecoli50_r004088	1398.77	3.145746309243317	train	0.4	False
ecoli50_r004089	127.48	2.105442054801695	train	0.46	False
ecoli50_r004090	63.74	1.804412059137714	val	0.56	False
ecoli50_r004091	625.39	2.796150932584016	train	0.36	False
ecoli50_r004092	47.87	1.6800634274819486	test	0.24	False
ecoli50_r004093	84.19	1.9252605095194355	train	0.38	False
ecoli50_r004094	85.48	1.931864513492032	val	0.46	False
ecoli50_r004095	77.12	1.8871670208947744	train	0.48	False
ecoli50_r004096	253.87	2.4046113830153524	train	0.4	False
ecoli50_r004097	255.73	2.4077816786333472	train	0.52	False
ecoli50_r004098	352.94	2.547700881354684	train	0.5	False
ecoli50_r004099	82.53	1.916611845109346	val	0.42	False
ecoli50_r004100	41.26	1.6155292236371328	val	0.5	False
ecoli50_r004101	60.39	1.780965029608317	val	0.34	False
ecoli50_r004102	308.65	2.4894662813031285	train	0.34	False
ecoli50_r004103	103.16	2.0135113334659	train	0.38	False
ecoli50_r004104	26.01	1.4151403521958728	train	0.38	False
ecoli50_r004105	81.73	1.9123814989188004	test	0.32	False
ecoli50_r004106	349.23	2.5431115439534384	train	0.4	False
ecoli50_r004107	46.44	1.6668922110665363	test	0.34	False
ecoli50_r004108	158.31	2.199508348896786	train	0.38	False
ecoli50_r004109	52.01	1.7160868537748322	train	0.32	False
ecoli50_r004110	82.44	1.9161379831071752	train	0.34	False
ecoli50_r004111	46.97	1.671820560183249	train	0.38	False
ecoli50_r004112	43.61	1.6395860866734264	train	0.3	False
ecoli50_r004113	208.84	2.319813684538678	train	0.46	False
ecoli50_r004114	45.64	1.659345635746177	train	0.54	False
ecoli50_r004115	70.45	1.8478809974453752	train	0.32	False
ecoli50_r004116	36.9	1.5670263661590604	train	0.34	False
ecoli50_r004117	1128.51	3.0525054118192543	val	0.3	False
ecoli50_r004118	159.85	2.2037126406077068	train	0.54	False
ecoli50_r004119	255.3	2.40705081480425	train	0.42	False
ecoli50_r004120	127.88	2.1068026275996505	train	0.4	False
ecoli50_r004121	1909.61	3.280944680262129	train	0.38	False
ecoli50_r004122	323.22	2.509498225929599	val	0.34	False
ecoli50_r004123	105.88	2.02481393262931	test	0.38	False
ecoli50_r004124	27.86	1.4449811120879448	train	0.42	False
ecoli50_r004125	553.23	2.7429057225601823	train	0.32	False
ecoli50_r004126	1045.04	3.01913291384115	test	0.3	False
ecoli50_r004127	176.85	2.2476050641507705	train	0.48	False
ecoli50_r004128	20.63	1.3144992279731516	train	0.48	False
ecoli50_r004129	215.41	2.3332658607261734	train	0.44	False
ecoli50_r004130	96.6	1.9849771264154932	test	0.3	False
ecoli50_r004131	1808.27	3.2572632772208907	train	0.34	False
ecoli50_r004132	111.46	2.047119038720181	train	0.4	False
ecoli50_r004133	293.5	2.467608105583633	val	0.48	False
ecoli50_r004134	20.63	1.3144992279731516	train	0.5	False
ecoli50_r004135	40.25	1.6047658847038873	val	0.5	False
ecoli50_r004136	26.84	1.4287825114969546	train	0.48	False
ecoli50_r004137	215.48	2.333406966873917	val	0.34	False
ecoli50_r004138	96.6	1.9849771264154932	train	0.52	False
ecoli50_r004139	17.29	1.2377949932739225	train	0.48	False
ecoli50_r004140	27.7	1.4424797690644486	val	0.42	False
ecoli50_r004141	148.61	2.172048034180256	train	0.4	False
ecoli50_r004142	59.93	1.777644277696485	train	0.4	False
ecoli50_r004143	267.49	2.427307550746041	train	0.62	False
ecoli50_r004144	70.74	1.8496650554787328	train	0.44	False
ecoli50_r004145	99.26	1.9967742708613043	train	0.58	False
ecoli50_r004146	38.32	1.5834255004065068	train	0.52	False
ecoli50_r004147	228.51	2.358905210313047	train	0.52	False
ecoli50_r004148	178.18	2.2508589545992947	train	0.48	False
ecoli50_r004149	436.54	2.6400240441088667	test	0.46	False
ecoli50_r004150	42.55	1.6288995644206066	train	0.42	False
ecoli50_r004151	51.34	1.7104558643354246	val	0.44	False
ecoli50_r004152	164.3	2.215637563435062	train	0.48	False
ecoli50_r004153	36.08	1.557266528869904	train	0.46	False
ecoli50_r004154	75.79	1.8796119070658508	train	0.38	False
ecoli50_r004155	4885.49	3.6889081286738215	train	0.4	False
ecoli50_r004156	345.51	2.53846062155673	train	0.42	True
ecoli50_r004157	260.18	2.4152739093528885	train	0.42	False
ecoli50_r004158	109.59	2.039770926931579	test	0.48	False
ecoli50_r004159	151.55	2.180555940703641	train	0.48	False
ecoli50_r004160	101.26	2.005437923050822	train	0.44	False
ecoli50_r004161	166.07	2.2202911856651557	train	0.3	False
ecoli50_r004162	109.6	2.0398105541483504	val	0.3	False
ecoli50_r004163	947.38	2.976524212161707	train	0.26	False
ecoli50_r004164	64.83	1.811776021602904	val	0.54	False
ecoli50_r004165	198.57	2.2979136358078662	train	0.54	False
ecoli50_r004166	2005.46	3.302214004162333	val	0.34	False
ecoli50_r004167	2005.46	3.302214004162333	train	0.3	False
ecoli50_r004168	120.74	2.081851171517454	train	0.3	False
ecoli50_r004169	266.41	2.425550522537713	train	0.38	False
ecoli50_r004170	6531.32	3.815000962405628	val	0.38	False
ecoli50_r004171	96.6	1.9849771264154932	test	0.6	False
ecoli50_r004172	36.9	1.5670263661590604	train	0.26	False
ecoli50_r004173	1508.37	3.1785078861281586	test	0.28	False
ecoli50_r004174	127.48	2.105442054801695	test	0.32	False
ecoli50_r004175	63.83	1.8050248444298047	train	0.36	False
ecoli50_r004176	107.36	2.030842502824917	val	0.32	False
ecoli50_r004177	248.92	2.3960597923124327	train	0.52	False
ecoli50_r004178	1087.6	3.036469198915462	train	0.44	False
ecoli50_r004179	78.64	1.8956435048240792	train	0.56	False
ecoli50_r004180	47.16	1.6735737964230517	train	0.56	False
ecoli50_r004181	72.16	1.8582965245338852	train	0.34	False
ecoli50_r004182	2200.02	3.342426628935914	train	0.42	False
ecoli50_r004183	1806.21	3.2567682424000663	train	0.42	False
ecoli50_r004184	102.23	2.009578360794542	val	0.34	False
ecoli50_r004185	104.63	2.019656225319349	train	0.34	False
ecoli50_r004186	601.34	2.779120093254271	train	0.38	False
ecoli50_r004187	97.27	1.987978915875482	train	0.48	False
ecoli50_r004188	117.9	2.071513805095089	train	0.5	False
ecoli50_r004189	228.51	2.358905210313047	test	0.54	False
ecoli50_r004190	83.87	1.9236066430174592	train	0.46	False
ecoli50_r004191	137.06	2.136910727481376	train	0.46	False
ecoli50_r004192	54.53	1.7366354976868212	train	0.44	False
ecoli50_r004193	134.11	2.1274611625115374	train	0.48	False
ecoli50_r004194	87.23	1.9406658724758288	train	0.44	False
ecoli50_r004195	85.48	1.931864513492032	train	0.46	False
ecoli50_r004196	540.56	2.7328439059169187	train	0.3	True
ecoli50_r004197	348.11	2.5417164992464816	train	0.34	False
ecoli50_r004198	1188.65	3.07505399469838	train	0.38	False
ecoli50_r004199	159.75	2.2034408668304377	train	0.3	False
ecoli50_r004200	63.94	1.805772631935669	test	0.44	False
ecoli50_r004201	69.14	1.839729375206388	train	0.54	False
ecoli50_r004202	300.25	2.4774830160749435	train	0.46	False
ecoli50_r004203	65.42	1.8157105397889628	train	0.4	False
ecoli50_r004204	29.18	1.4650852875574327	val	0.52	False
ecoli50_r004205	103.72	2.015862508097314	train	0.56	False
ecoli50_r004206	324.72	2.511509038309229	train	0.32	True
ecoli50_r004207	250.6	2.398981066658131	train	0.48	False
ecoli50_r004208	241.21	2.382395308670409	train	0.42	False
ecoli50_r004209	109.6	2.0398105541483504	train	0.36	False
ecoli50_r004210	3751.1	3.574158642095083	train	0.3	False
ecoli50_r004211	257.66	2.411047002456093	test	0.5	False
ecoli50_r004212	268.24	2.4285235404207635	train	0.46	True
ecoli50_r004213	182.74	2.261833620575751	train	0.5	False
ecoli50_r004214	64.84	1.8118430061764772	val	0.5	False
ecoli50_r004215	141.48	2.150695051142714	train	0.44	False
ecoli50_r004216	82.44	1.9161379831071752	train	0.3	True
ecoli50_r004217	877.95	2.9434697831698617	train	0.3	True
ecoli50_r004218	40.26	1.6048737705526357	train	0.48	False
ecoli50_r004219	67.79	1.8311656339094424	train	0.54	False
ecoli50_r004220	132.97	2.123753668755841	train	0.48	False
ecoli50_r004221	372.83	2.571510850866108	val	0.52	False
ecoli50_r004222	127.65	2.106020819140269	train	0.52	False
ecoli50_r004223	100.31	2.0013442304116014	train	0.48	False
ecoli50_r004224	74.3	1.8709888137605752	train	0.52	False
ecoli50_r004225	104.03	2.017158598487814	train	0.38	False
ecoli50_r004226	36.08	1.557266528869904	train	0.44	False
ecoli50_r004227	78.17	1.8930401119571176	test	0.5	False
ecoli50_r004228	626.24	2.796740803977907	train	0.44	True
ecoli50_r004229	281.81	2.449956399943542	train	0.42	False
ecoli50_r004230	668.74	2.8252573008576363	test	0.44	False
ecoli50_r004231	63.83	1.8050248444298047	val	0.48	False
ecoli50_r004232	143.61	2.157184682201611	train	0.44	False
ecoli50_r004233	112.0	2.049218022670181	train	0.5	False
ecoli50_r004234	575.45	2.760007594399437	train	0.36	False
ecoli50_r004235	162.99	2.212160959753384	test	0.34	False
ecoli50_r004236	31.31	1.4956830676169153	train	0.52	False
ecoli50_r004237	108.24	2.0343877835895667	train	0.6	False
ecoli50_r004238	56.35	1.7508939203821254	train	0.6	False
ecoli50_r004239	111.46	2.047119038720181	train	0.5	False
ecoli50_r004240	29.72	1.4730488050885375	train	0.5	False
ecoli50_r004241	434.97	2.638459304578205	train	0.46	False
ecoli50_r004242	20.43	1.3102683666324475	test	0.42	False
ecoli50_r004243	224.5	2.351216345339342	train	0.44	False
ecoli50_r004244	128.17	2.107786384315953	train	0.44	False
ecoli50_r004245	70.59	1.848743181895684	train	0.48	False
ecoli50_r004246	109.05	2.037625669914719	test	0.44	False
ecoli50_r004247	240.43	2.380988656432106	train	0.44	False
ecoli50_r004248	29.47	1.4693801358499252	test	0.48	False
ecoli50_r004249	27.26	1.4355258514986549	train	0.48	False
ecoli50_r004250	117.01	2.0682229793464493	train	0.48	False
ecoli50_r004251	73.02	1.8634418286137089	train	0.52	False
ecoli50_r004252	89.53	1.9519685844929109	test	0.52	False
ecoli50_r004253	1060.13	3.025359124529738	train	0.4	False
ecoli50_r004254	52.12	1.717004407040547	train	0.42	False
ecoli50_r004255	37.77	1.577146984827525	test	0.32	False
ecoli50_r004256	36.08	1.557266528869904	train	0.34	False
ecoli50_r004257	830.91	2.919553985733423	train	0.32	False
ecoli50_r004258	834.33	2.9213378597892823	val	0.38	True
ecoli50_r004259	138.31	2.1408535813227223	train	0.32	False
ecoli50_r004260	482.21	2.6832362124698608	val	0.28	False
ecoli50_r004261	32.42	1.5108130105124962	train	0.46	False
ecoli50_r004262	127.48	2.105442054801695	train	0.38	False
ecoli50_r004263	1276.17	3.105908531081236	train	0.38	True
ecoli50_r004264	154.24	2.1881970165587554	train	0.38	False
ecoli50_r004265	1082.41	3.0343917958999485	train	0.48	False
ecoli50_r004266	106.38	2.026859985984561	train	0.44	False
ecoli50_r004267	88.42	1.9465505105698555	train	0.48	False
ecoli50_r004268	44.21	1.645520514905874	test	0.34	False
ecoli50_r004269	42.55	1.6288995644206066	train	0.44	False
ecoli50_r004270	479.26	2.680571183416579	train	0.54	False
ecoli50_r004271	226.05	2.354204511370313	val	0.48	False
ecoli50_r004272	55.85	1.7470231774516278	test	0.5	False
ecoli50_r004273	66.87	1.8252313231999	train	0.56	False
ecoli50_r004274	55.51	1.7443712273318606	train	0.34	False
ecoli50_r004275	54.12	1.7333577879255853	train	0.46	False
ecoli50_r004276	66.32	1.821644517542217	train	0.36	False
ecoli50_r004277	635.3	2.8029788553352617	train	0.3	False
ecoli50_r004278	991.96	2.996494159926837	train	0.38	False
ecoli50_r004279	156.9	2.1956229435869368	val	0.56	False
ecoli50_r004280	74.46	1.8719230318823732	train	0.52	False
ecoli50_r004281	426.07	2.629480956183244	train	0.34	False
ecoli50_r004282	471.36	2.673352725162537	train	0.38	False
ecoli50_r004283	90.42	1.9562645026982757	train	0.4	False
ecoli50_r004284	102.17	2.0093233933810133	val	0.42	False
ecoli50_r004285	2955.68	3.4706574128902314	train	0.4	False
ecoli50_r004286	2960.11	3.4713078500810224	train	0.4	False
ecoli50_r004287	143.04	2.1554575014518425	train	0.44	False
ecoli50_r004288	56.66	1.7532765701844184	test	0.42	False
ecoli50_r004289	119.67	2.077985291029502	train	0.4	False
ecoli50_r004290	491.98	2.691947448161293	train	0.52	False
ecoli50_r004291	978.55	2.9905830212758984	train	0.44	False
ecoli50_r004292	322.36	2.508341147100116	train	0.42	False
ecoli50_r004293	143.61	2.157184682201611	train	0.5	False
ecoli50_r004294	121.0	2.0827853703164503	train	0.18	False
ecoli50_r004295	7300.25	3.8633377329644807	val	0.22	False
ecoli50_r004296	7715.17	3.887345499971236	val	0.28	True
ecoli50_r004297	44.58	1.6491400641442189	train	0.44	False
ecoli50_r004298	559.14	2.747520562117171	train	0.38	False
ecoli50_r004299	174.61	2.24206911233894	val	0.44	False
ecoli50_r004300	76.63	1.8843988255566864	val	0.44	False
ecoli50_r004301	130.23	2.1147110405583622	test	0.38	False
ecoli50_r004302	558.58	2.7470853816959284	train	0.38	False
ecoli50_r004303	128.26	2.10809123558122	train	0.34	False
ecoli50_r004304	370.31	2.5685654400704503	train	0.32	False
ecoli50_r004305	73.36	1.865459322661965	val	0.3	False
ecoli50_r004306	534.99	2.7283456642914943	train	0.32	False
ecoli50_r004307	93.08	1.9688563746146923	test	0.44	False
ecoli50_r004308	31.97	1.504742636271688	test	0.52	False
ecoli50_r004309	52.97	1.7240299729355977	train	0.58	False
ecoli50_r004310	31.87	1.5033820634737327	train	0.46	False
ecoli50_r004311	192.43	2.284272779857725	train	0.42	False
ecoli50_r004312	1439.23	3.1581302030742004	train	0.54	False
ecoli50_r004313	38.32	1.5834255004065068	train	0.5	False
ecoli50_r004314	114.35	2.0582361689427677	train	0.54	False
ecoli50_r004315	1886.21	3.275590042995192	train	0.46	False
ecoli50_r004316	2742.28	3.4381117962764782	train	0.38	False
ecoli50_r004317	150.33	2.177045657462139	train	0.46	False
ecoli50_r004318	197.15	2.294796781409242	train	0.5	False
ecoli50_r004319	50.11	1.6999244027424767	train	0.4	False
ecoli50_r004320	96.6	1.9849771264154932	test	0.52	False
ecoli50_r004321	910.62	2.959337184511873	train	0.48	True
ecoli50_r004322	50.16	1.70035752782266	train	0.46	False
ecoli50_r004323	216.72	2.335898992025112	val	0.48	False
ecoli50_r004324	278.45	2.444747222225778	train	0.48	False
ecoli50_r004325	64.84	1.8118430061764772	train	0.58	False
ecoli50_r004326	130.31	2.114977744785308	test	0.48	False
ecoli50_r004327	53.05	1.7246853882373594	train	0.44	False
ecoli50_r004328	39.89	1.6008640363098396	test	0.52	False
ecoli50_r004329	79.78	1.901894031973821	train	0.58	False
ecoli50_r004330	505.27	2.703523513118029	train	0.62	False
ecoli50_r004331	465.69	2.668096912204907	train	0.5	False
ecoli50_r004332	1056.33	3.02379961402202	train	0.46	False
ecoli50_r004333	55.69	1.745777217889759	test	0.4	False
ecoli50_r004334	108.84	2.03678853310772	train	0.28	True
ecoli50_r004335	205.64	2.3131075951949964	train	0.4	False
ecoli50_r004336	39.75	1.599337132992489	train	0.38	False
ecoli50_r004337	2065.65	3.315056737345508	train	0.3	False
ecoli50_r004338	2203.11	3.3430361817628267	train	0.26	False
ecoli50_r004339	137.55	2.1384605947257023	val	0.42	False
ecoli50_r004340	91.77	1.962700731704341	train	0.48	False
ecoli50_r004341	1451.06	3.1616853704874783	train	0.38	False
ecoli50_r004342	1675.61	3.224172943555892	val	0.32	False
ecoli50_r004343	1249.71	3.0968092449987137	train	0.44	False
ecoli50_r004344	137.46	2.1381763395730413	train	0.28	False
ecoli50_r004345	2708.38	3.4327095980947755	train	0.46	False
ecoli50_r004346	68.46	1.8354368948018585	train	0.52	False
ecoli50_r004347	240.67	2.38142195796735	train	0.6	False
ecoli50_r004348	53.05	1.7246853882373594	train	0.56	False
ecoli50_r004349	101.68	2.007235537545952	train	0.38	False
ecoli50_r004350	46.97	1.671820560183249	train	0.42	False
ecoli50_r004351	101.06	2.004579293902212	train	0.44	False
ecoli50_r004352	44.21	1.645520514905874	train	0.5	False
ecoli50_r004353	12405.61	4.0936181239585405	train	0.24	False
ecoli50_r004354	12658.17	4.102370923979241	train	0.3	False
ecoli50_r004355	256.2	2.4085791254086675	train	0.4	True
ecoli50_r004356	60.13	1.7790912038454991	train	0.48	False
ecoli50_r004357	135.87	2.13312357540262	test	0.64	False
ecoli50_r004358	30.58	1.4854374810763014	train	0.46	False
ecoli50_r004359	74.6	1.8727388274726688	train	0.42	False
ecoli50_r004360	76.16	1.8817269353764177	val	0.52	False
ecoli50_r004361	107.36	2.030842502824917	train	0.48	False
ecoli50_r004362	1080.26	3.033528295279234	train	0.34	False
ecoli50_r004363	212.47	2.3272976178958547	val	0.44	False
ecoli50_r004364	95.91	1.9818638909913504	val	0.46	False
ecoli50_r004365	204.96	2.3116691124006112	val	0.56	False
ecoli50_r004366	113.18	2.053769689599309	train	0.46	False
ecoli50_r004367	227.38	2.356752262147557	train	0.38	False
ecoli50_r004368	836.37	2.922398446589295	train	0.54	False
ecoli50_r004369	506.51	2.7045880240338067	train	0.5	False
ecoli50_r004370	70.45	1.8478809974453752	val	0.52	False
ecoli50_r004371	354.79	2.549971370443728	val	0.42	False
ecoli50_r004372	4959.54	3.6954413973115625	train	0.54	False
ecoli50_r004373	117.42	2.0697420760416447	val	0.32	True
ecoli50_r004374	769.94	2.886456882725468	train	0.32	False
ecoli50_r004375	60.39	1.780965029608317	train	0.52	False
ecoli50_r004376	91.02	1.959136831170374	train	0.5	False
ecoli50_r004377	697.81	2.8437371888347927	train	0.42	False
ecoli50_r004378	103.72	2.015862508097314	train	0.4	False
ecoli50_r004379	140.34	2.1471814721927966	train	0.5	False
ecoli50_r004380	169.42	2.228964677405161	train	0.44	False
ecoli50_r004381	372.25	2.570834706424214	train	0.42	False
ecoli50_r004382	81.73	1.9123814989188004	test	0.48	False
ecoli50_r004383	43.88	1.6422666189026736	train	0.52	False
ecoli50_r004384	205.14	2.3120503511802384	train	0.44	False
ecoli50_r004385	287.18	2.4581541911688505	train	0.5	False
ecoli50_r004386	32.42	1.5108130105124962	train	0.48	False
ecoli50_r004387	104.0	2.0170333392987803	test	0.5	False
ecoli50_r004388	127.06	2.104008850999243	train	0.52	False
ecoli50_r004389	34.57	1.5386993795424069	test	0.4	False
ecoli50_r004390	162.36	2.210479042645248	test	0.36	False
ecoli50_r004391	11121.51	4.046163756683697	train	0.28	False
ecoli50_r004392	261.19	2.4169565453903425	test	0.26	False
ecoli50_r004393	252.56	2.402364568884161	val	0.24	False
ecoli50_r004394	63.14	1.8003045775561983	train	0.28	False
ecoli50_r004395	63.14	1.8003045775561983	train	0.32	False
ecoli50_r004396	240.54	2.3811873066341653	train	0.38	False
ecoli50_r004397	97.26	1.9879342652321583	train	0.22	False
ecoli50_r004398	228.51	2.358905210313047	train	0.48	False
ecoli50_r004399	47.16	1.6735737964230517	train	0.5	False
ecoli50_r004400	39.79	1.5997739391463883	test	0.42	True
ecoli50_r004401	59.44	1.7740788007525188	train	0.56	False
ecoli50_r004402	130.03	2.1140435625480776	train	0.44	False
ecoli50_r004403	240.01	2.3802293369380374	val	0.38	False
ecoli50_r004404	319.51	2.504484455223232	train	0.28	False
ecoli50_r004405	181.18	2.2581102553218813	train	0.34	False
ecoli50_r004406	724334.04	5.859938895302589	test	0.24	False
ecoli50_r004407	383.85	2.5841615449428668	train	0.34	False
ecoli50_r004408	282.63	2.4512182585137934	train	0.42	False
ecoli50_r004409	135.58	2.132195629573424	train	0.48	False
ecoli50_r004410	147.37	2.168409083519626	train	0.38	False
ecoli50_r004411	1010.25	3.004428859114685	train	0.5	False
ecoli50_r004412	96.6	1.9849771264154932	train	0.48	False
ecoli50_r004413	59.44	1.7740788007525188	val	0.44	False
ecoli50_r004414	29.72	1.4730488050885375	train	0.48	False
ecoli50_r004415	109.05	2.037625669914719	test	0.5	False
ecoli50_r004416	108.27	2.034508136779169	train	0.56	False
ecoli50_r004417	163.47	2.213438062623771	train	0.5	False
ecoli50_r004418	37.15	1.569958818096594	test	0.48	False
ecoli50_r004419	227.33	2.35665675193585	val	0.44	False
ecoli50_r004420	264.59	2.4225734262955965	train	0.32	False
ecoli50_r004421	5814.29	3.764496689329628	train	0.38	False
ecoli50_r004422	37.23	1.5708930362183922	train	0.46	False
ecoli50_r004423	29.47	1.4693801358499252	train	0.4	False
ecoli50_r004424	123.01	2.0899404184986348	train	0.4	True
ecoli50_r004425	100.21	2.000911062131223	train	0.52	False
ecoli50_r004426	55.85	1.7470231774516278	test	0.5	False
ecoli50_r004427	100.31	2.0013442304116014	train	0.48	False
ecoli50_r004428	45.21	1.6552345070342942	test	0.44	False
ecoli50_r004429	70.59	1.848743181895684	test	0.48	False
ecoli50_r004430	147.37	2.168409083519626	val	0.42	False
ecoli50_r004431	549.85	2.740244229390249	train	0.4	False
ecoli50_r004432	626.01	2.79658127076655	train	0.44	False
ecoli50_r004433	618.58	2.791395874234808	train	0.46	False
ecoli50_r004434	359.59	2.555807605738594	train	0.54	False
ecoli50_r004435	6832.13	3.8345561214024806	train	0.44	True
ecoli50_r004436	87.31	1.941063988219902	train	0.24	False
ecoli50_r004437	486.45	2.687038207728654	train	0.38	False
ecoli50_r004438	85.45	1.931712067056756	train	0.52	False
ecoli50_r004439	56.0	1.7481880270062005	train	0.42	False
ecoli50_r004440	44.21	1.645520514905874	train	0.32	False
ecoli50_r004441	100.21	2.000911062131223	train	0.44	False
ecoli50_r004442	365.48	2.562863616239732	train	0.48	False
ecoli50_r004443	50.53	1.7035492982382303	train	0.56	False
ecoli50_r004444	74.6	1.8727388274726688	train	0.52	False
ecoli50_r004445	23.93	1.3789426986134374	test	0.54	False
ecoli50_r004446	228.71	2.3592851538934703	train	0.48	False
ecoli50_r004447	451.4	2.6545615547417434	train	0.46	False
ecoli50_r004448	61.3	1.787460474518415	train	0.42	False
ecoli50_r004449	96.21	1.9832202146481028	train	0.32	False
ecoli50_r004450	87.31	1.941063988219902	train	0.38	False
ecoli50_r004451	90.2	1.9552065375419416	train	0.5	False
ecoli50_r004452	37.23	1.5708930362183922	val	0.62	False
ecoli50_r004453	195.16	2.2903908094402285	train	0.34	False
ecoli50_r004454	50.11	1.6999244027424767	train	0.48	False
ecoli50_r004455	47.16	1.6735737964230517	train	0.48	False
ecoli50_r004456	24.05	1.381115080709851	train	0.52	False
ecoli50_r004457	120.84	2.0822107166012427	train	0.56	False
ecoli50_r004458	120.84	2.0822107166012427	val	0.4	False
ecoli50_r004459	97.27	1.987978915875482	train	0.4	False
ecoli50_r004460	53.05	1.7246853882373594	train	0.4	False
ecoli50_r004461	211.65	2.325618272810029	train	0.42	False
ecoli50_r004462	46.97	1.671820560183249	test	0.58	False
ecoli50_r004463	392.01	2.593297145820012	test	0.48	False
ecoli50_r004464	309.04	2.490014695136764	train	0.56	False
ecoli50_r004465	99.26	1.9967742708613043	train	0.54	False
ecoli50_r004466	79.88	1.902438056198665	train	0.42	False
ecoli50_r004467	11140.03	4.046886360390396	train	0.34	True
ecoli50_r004468	721.61	2.858302542985558	train	0.36	False
ecoli50_r004469	712.97	2.853071256207316	train	0.32	False
ecoli50_r004470	97.29	1.9880682033926356	train	0.52	False
ecoli50_r004471	476.03	2.677634323358942	train	0.5	False
ecoli50_r004472	118.34	2.073131564940993	train	0.46	False
ecoli50_r004473	94.41	1.9750179976328828	train	0.52	False
ecoli50_r004474	71.72	1.855640280890145	train	0.44	False
ecoli50_r004475	37.15	1.569958818096594	train	0.48	False
ecoli50_r004476	161.73	2.208790586548299	train	0.42	False
ecoli50_r004477	7793.35	3.891724180878652	train	0.28	True
ecoli50_r004478	39.89	1.6008640363098396	train	0.44	False
ecoli50_r004479	1008.82	3.0038136836002534	train	0.32	False
ecoli50_r004480	68.77	1.8373990243420224	train	0.32	False
ecoli50_r004481	48.11	1.682235356902564	train	0.38	False
ecoli50_r004482	67.81	1.8312937443770096	train	0.42	False
ecoli50_r004483	465.9	2.668292710448221	train	0.38	False
ecoli50_r004484	278.8	2.445292769425972	train	0.52	False
ecoli50_r004485	75.06	1.875408560077064	train	0.46	False
ecoli50_r004486	33.55	1.5256925245050108	train	0.44	False
ecoli50_r004487	26.59	1.424718337331567	train	0.52	False
ecoli50_r004488	553.55	2.7431568551033823	val	0.46	False
ecoli50_r004489	643.39	2.808474306521547	test	0.4	False
ecoli50_r004490	20678.81	4.315525542869508	test	0.38	True
ecoli50_r004491	518.58	2.714815763383719	train	0.42	False
ecoli50_r004492	170.9	2.232742062720737	train	0.4	False
ecoli50_r004493	170.9	2.232742062720737	test	0.4	False
ecoli50_r004494	78.17	1.8930401119571176	train	0.44	False
ecoli50_r004495	5040.67	3.7024882662002554	train	0.38	True
ecoli50_r004496	2032.73	3.308079696740674	train	0.54	False
ecoli50_r004497	11727.03	4.06918803616221	test	0.4	False
ecoli50_r004498	2366.29	3.374067968390743	train	0.48	False
ecoli50_r004499	139.23	2.1437328231386923	val	0.36	False
ecoli50_r004500	4239.04	3.627267514633169	train	0.36	False
ecoli50_r004501	77.16	1.8873922189718468	test	0.44	False
ecoli50_r004502	3703.44	3.568605312973034	test	0.42	False
ecoli50_r004503	717.7	2.8559429462323163	train	0.54	False
ecoli50_r004504	92.88	1.967922206730517	test	0.46	False
ecoli50_r004505	479.74	2.6810059307966028	train	0.4	True
ecoli50_r004506	36.08	1.557266528869904	train	0.4	True
ecoli50_r004507	7137.89	3.8535698508820246	train	0.38	False
ecoli50_r004508	55.73	1.7460890430562002	test	0.36	False
ecoli50_r004509	106.38	2.026859985984561	train	0.52	False
ecoli50_r004510	3014.89	3.479271471280648	test	0.3	False
ecoli50_r004511	96.21	1.9832202146481028	train	0.4	False
ecoli50_r004512	85.25	1.9306943876645355	train	0.5	False
ecoli50_r004513	64.84	1.8118430061764772	val	0.54	False
ecoli50_r004514	113.53	2.0551106378541464	train	0.5	True
ecoli50_r004515	545.27	2.736611604063376	train	0.34	False
ecoli50_r004516	6532.45	3.815076094280389	train	0.44	False
ecoli50_r004517	50.11	1.6999244027424767	train	0.54	False
ecoli50_r004518	57.03	1.7561033715851055	test	0.46	False
ecoli50_r004519	133.75	2.126293790693266	train	0.38	False
ecoli50_r004520	1296.54	3.112785919879996	train	0.38	False
ecoli50_r004521	28.06	1.448087666692341	train	0.42	False
ecoli50_r004522	755.68	2.8783379282326247	train	0.44	False
ecoli50_r004523	142.09	2.15256351425654	val	0.44	False
ecoli50_r004524	66.87	1.8252313231999	test	0.54	False
ecoli50_r004525	66.87	1.8252313231999	train	0.58	False
ecoli50_r004526	31.08	1.4924810101288766	val	0.3	False
ecoli50_r004527	122.55	2.088313315588097	test	0.42	False
ecoli50_r004528	672.45	2.827659997921473	train	0.4	True
ecoli50_r004529	57.18	1.75724415102197	train	0.36	False
ecoli50_r004530	70.74	1.8496650554787328	train	0.42	False
ecoli50_r004531	31.83	1.502836638621003	train	0.42	False
ecoli50_r004532	144.32	2.159326520197866	train	0.56	False
ecoli50_r004533	61.3	1.787460474518415	train	0.54	False
ecoli50_r004534	109.05	2.037625669914719	val	0.32	False
ecoli50_r004535	30.07	1.4781334281005176	train	0.18	False
ecoli50_r004536	1448.93	3.1610474045546315	train	0.48	False
ecoli50_r004537	126.28	2.10133457322018	val	0.5	False
ecoli50_r004538	153.27	2.185457157401926	train	0.48	False
ecoli50_r004539	285.88	2.4561837734291294	val	0.54	False
ecoli50_r004540	67.1	1.826722520168992	val	0.4	False
ecoli50_r004541	100.31	2.0013442304116014	train	0.4	False
ecoli50_r004542	228.51	2.358905210313047	test	0.48	False
ecoli50_r004543	140.9	2.1489109931093564	train	0.48	False
ecoli50_r004544	67.79	1.8311656339094424	train	0.38	False
ecoli50_r004545	23.93	1.3789426986134374	val	0.52	False
ecoli50_r004546	124.13	2.0938767553900446	train	0.44	False
ecoli50_r004547	180.19	2.255730685281629	train	0.36	False
ecoli50_r004548	182.04	2.260166826834355	val	0.34	False
ecoli50_r004549	149.19	2.1737397139518877	train	0.4	False
ecoli50_r004550	215.16	2.332761535609808	train	0.5	False
ecoli50_r004551	3344.17	3.5242883465735955	train	0.46	False
ecoli50_r004552	202.47	2.3063606828610514	train	0.52	True
ecoli50_r004553	126.74	2.1029137027892206	train	0.46	False
ecoli50_r004554	761.55	2.8816984224602864	val	0.5	True
ecoli50_r004555	430.32	2.633791531273789	val	0.56	False
ecoli50_r004556	175.52	2.244326610230636	train	0.52	False
ecoli50_r004557	74.46	1.8719230318823732	val	0.52	False
ecoli50_r004558	28.37	1.4528593357958524	train	0.48	False
ecoli50_r004559	1219.21	3.0860785161075728	train	0.5	False
ecoli50_r004560	1208.06	3.0820885046674045	train	0.36	False
ecoli50_r004561	79189.46	4.8986673814827695	val	0.46	False
ecoli50_r004562	586.39	2.7681865554566563	val	0.36	False
ecoli50_r004563	91.75	1.962606072924127	test	0.44	False
ecoli50_r004564	285.16	2.455088606040952	test	0.36	False
ecoli50_r004565	66.32	1.821644517542217	train	0.44	False
ecoli50_r004566	66.32	1.821644517542217	train	0.46	False
ecoli50_r004567	876.26	2.9426329872315344	train	0.48	False
ecoli50_r004568	124.13	2.0938767553900446	train	0.54	False
ecoli50_r004569	108.56	2.0356698346516806	train	0.24	False
ecoli50_r004570	1699.78	3.230392714926002	train	0.46	True
ecoli50_r004571	83.87	1.9236066430174592	train	0.24	False
ecoli50_r004572	205.37	2.312537003107303	train	0.5	False
ecoli50_r004573	101.24	2.005352136486217	test	0.54	False
ecoli50_r004574	3811.02	3.5810412279290413	test	0.52	False
ecoli50_r004575	3704.24	3.568699117129497	train	0.46	True
ecoli50_r004576	297.85	2.473997604434864	train	0.42	False
ecoli50_r004577	89.16	1.9501700598082	val	0.52	False
ecoli50_r004578	396.88	2.598659214028129	train	0.5	False
ecoli50_r004579	356.64	2.552230051136162	train	0.48	False
ecoli50_r004580	165.06	2.217641840773328	train	0.48	False
ecoli50_r004581	102.57	2.011020355516257	test	0.46	False
ecoli50_r004582	197.48	2.2955231185474934	train	0.48	False
ecoli50_r004583	48.3	1.683947130751512	train	0.48	False
ecoli50_r004584	82.77	1.917872955198848	train	0.38	False
ecoli50_r004585	95.36	1.979366242396161	val	0.38	False
ecoli50_r004586	694.12	2.841434558110041	train	0.38	False
ecoli50_r004587	114.25	2.057856208741888	val	0.34	True
ecoli50_r004588	1725.84	3.2370005304649223	train	0.34	True
ecoli50_r004589	96.21	1.9832202146481028	train	0.22	False
ecoli50_r004590	1496.96	3.1752101957930403	train	0.48	False
ecoli50_r004591	355.61	2.5509739651321333	train	0.44	False
ecoli50_r004592	42.74	1.6308345178280506	train	0.42	False
ecoli50_r004593	151.58	2.1806419027298323	train	0.36	False
ecoli50_r004594	76.16	1.8817269353764177	train	0.46	False
ecoli50_r004595	29.72	1.4730488050885375	train	0.38	False
ecoli50_r004596	282.4	2.450864692379766	train	0.58	False
ecoli50_r004597	650.16	2.8130202467447742	train	0.48	False
ecoli50_r004598	1286.59	3.10944017153062	train	0.5	False
ecoli50_r004599	63.53	1.802978855335262	train	0.46	False
ecoli50_r004600	85.1	1.929929560084588	val	0.46	False
ecoli50_r004601	46.97	1.671820560183249	test	0.54	False
ecoli50_r004602	120.27	2.080157310970184	train	0.54	False
ecoli50_r004603	71.93	1.8569100603007864	train	0.54	False
ecoli50_r004604	279.23	2.445962076324097	val	0.54	False
ecoli50_r004605	211.77	2.3258644366153463	train	0.5	False
ecoli50_r004606	953.0	2.979092900638326	train	0.46	False
ecoli50_r004607	73.81	1.8681152053272168	train	0.46	False
ecoli50_r004608	73.81	1.8681152053272168	train	0.46	False
ecoli50_r004609	126.74	2.1029137027892206	train	0.4	False
ecoli50_r004610	462.97	2.665552850075025	val	0.38	False
ecoli50_r004611	79.92	1.9026554752179257	train	0.36	False
ecoli50_r004612	32.42	1.5108130105124962	val	0.42	False
ecoli50_r004613	168.37	2.226264711895694	val	0.32	False
ecoli50_r004614	84.19	1.9252605095194355	train	0.36	False
ecoli50_r004615	399.23	2.6012231687499057	train	0.42	False
ecoli50_r004616	108.24	2.0343877835895667	train	0.42	False
ecoli50_r004617	580.78	2.764011652390398	train	0.36	True
ecoli50_r004618	108.24	2.0343877835895667	train	0.42	False
ecoli50_r004619	138.53	2.141543834220653	train	0.38	False
ecoli50_r004620	70.74	1.8496650554787328	train	0.6	False
ecoli50_r004621	59.44	1.7740788007525188	val	0.5	False
ecoli50_r004622	1363.48	3.1346487719414977	train	0.52	False
ecoli50_r004623	84.19	1.9252605095194355	train	0.46	False
ecoli50_r004624	11485.56	4.060152174888539	train	0.34	False
ecoli50_r004625	579.29	2.762896031550492	test	0.32	False
ecoli50_r004626	5901.6	3.770969770450323	train	0.36	False
ecoli50_r004627	5840.3	3.76643515618744	train	0.5	False
ecoli50_r004628	3804.84	3.580336398668192	train	0.44	False
ecoli50_r004629	84.19	1.9252605095194355	train	0.54	False
ecoli50_r004630	172.86	2.2376945086640565	test	0.48	False
ecoli50_r004631	204.34	2.3103533890449945	train	0.42	False
ecoli50_r004632	84.88	1.928805370893284	val	0.6	False
ecoli50_r004633	167.18	2.22318432089504	test	0.46	False
ecoli50_r004634	1010.97	3.0047382683231803	test	0.4	False
ecoli50_r004635	66.48	1.8226910107760543	train	0.38	False
ecoli50_r004636	51.42	1.7111320723068415	val	0.4	False
ecoli50_r004637	51.42	1.7111320723068415	train	0.38	False
ecoli50_r004638	42.41	1.6274682724597096	train	0.46	False
ecoli50_r004639	436.22	2.639705573417184	train	0.5	True
ecoli50_r004640	103.72	2.015862508097314	train	0.42	False
ecoli50_r004641	74.46	1.8719230318823732	train	0.48	False
ecoli50_r004642	366.25	2.563777633362166	train	0.38	False
ecoli50_r004643	974.17	2.98863475114925	test	0.4	False
ecoli50_r004644	78.01	1.892150277901364	train	0.4	False
ecoli50_r004645	58.95	1.770483809431108	val	0.44	False
ecoli50_r004646	81.7	1.9122220565324155	train	0.42	False
ecoli50_r004647	159.75	2.2034408668304377	train	0.5	False
ecoli50_r004648	175.83	2.245092976101281	train	0.46	False
ecoli50_r004649	70.59	1.848743181895684	test	0.44	False
ecoli50_r004650	222.91	2.348129551869214	train	0.42	False
ecoli50_r004651	384.86	2.5853027755217064	train	0.28	False
ecoli50_r004652	66.87	1.8252313231999	train	0.38	False
ecoli50_r004653	80.52	1.905903766216617	train	0.38	False
ecoli50_r004654	80.52	1.905903766216617	train	0.36	False
ecoli50_r004655	110.71	2.0441868507673635	train	0.32	False
ecoli50_r004656	152.32	2.182756931040399	train	0.54	False
ecoli50_r004657	2043.11	3.3102917494552404	train	0.38	False
ecoli50_r004658	60.13	1.7790912038454991	train	0.38	False
ecoli50_r004659	85.45	1.931712067056756	train	0.4	False
ecoli50_r004660	62.19	1.7937205568135233	train	0.46	False
ecoli50_r004661	429.42	2.632882267597586	train	0.32	True
ecoli50_r004662	64.84	1.8118430061764772	train	0.48	False
ecoli50_r004663	26.01	1.4151403521958728	train	0.4	False
ecoli50_r004664	24.76	1.3937506403480804	train	0.52	False
ecoli50_r004665	869.36	2.939199654052523	train	0.48	False
ecoli50_r004666	98.97	1.9955035702650064	val	0.24	False
ecoli50_r004667	90.58	1.9570323163469383	train	0.36	False
ecoli50_r004668	58.95	1.770483809431108	train	0.32	False
ecoli50_r004669	72.45	1.8600383898071933	train	0.48	False
ecoli50_r004670	125.81	2.0997151623510235	train	0.32	False
ecoli50_r004671	48.11	1.682235356902564	train	0.42	False
ecoli50_r004672	113.31	2.0542682395471874	train	0.42	False
ecoli50_r004673	20.43	1.3102683666324475	train	0.5	False
ecoli50_r004674	98.45	1.993215720474137	test	0.38	False
ecoli50_r004675	132.29	2.1215270164553788	test	0.38	False
ecoli50_r004676	324.72	2.511509038309229	test	0.4	False
ecoli50_r004677	324.72	2.511509038309229	train	0.38	False
ecoli50_r004678	1804.02	3.256241347973933	test	0.36	False
ecoli50_r004679	276.5	2.441695135640717	test	0.38	False
ecoli50_r004680	53.68	1.7298125071609356	train	0.52	False
ecoli50_r004681	271.16	2.4332256252374047	train	0.36	False
ecoli50_r004682	791.34	2.898363118640717	train	0.28	False
ecoli50_r004683	168.37	2.226264711895694	train	0.6	False
ecoli50_r004684	85.45	1.931712067056756	test	0.38	False
ecoli50_r004685	118.48	2.073645045513152	test	0.46	False
ecoli50_r004686	601.34	2.779120093254271	test	0.52	False
ecoli50_r004687	52.01	1.7160868537748322	train	0.52	False
ecoli50_r004688	1308.66	3.1168268281368463	train	0.38	False
ecoli50_r004689	228.51	2.358905210313047	test	0.54	False
ecoli50_r004690	33.44	1.5242662687669788	test	0.5	False
ecoli50_r004691	114.25	2.057856208741888	train	0.4	False
ecoli50_r004692	308.36	2.4890580369990616	train	0.68	False
ecoli50_r004693	147.61	2.169115780235715	val	0.42	False
ecoli50_r004694	450.11	2.653318661675594	train	0.5	False
ecoli50_r004695	103.16	2.0135113334659	train	0.64	False
ecoli50_r004696	183.9	2.2645817292380777	train	0.48	False
ecoli50_r004697	144.32	2.159326520197866	val	0.54	False
ecoli50_r004698	50.16	1.70035752782266	train	0.5	False
ecoli50_r004699	222.5	2.3473300153169503	val	0.16	False
ecoli50_r004700	276.62	2.441883576986704	train	0.2	False
ecoli50_r004701	134.12	2.1274935447567827	train	0.38	False
ecoli50_r004702	91.02	1.959136831170374	train	0.3	False
ecoli50_r004703	677.67	2.8310182601378244	test	0.3	False
ecoli50_r004704	221.42	2.3452168464313448	train	0.34	False
ecoli50_r004705	180.4	2.256236533205923	train	0.4	False
ecoli50_r004706	1188.86	3.0751307151676417	train	0.48	False
ecoli50_r004707	68.77	1.8373990243420224	train	0.36	False
ecoli50_r004708	61.9	1.791690649020118	train	0.46	False
ecoli50_r004709	137.55	2.1384605947257023	val	0.42	False
ecoli50_r004710	4020.95	3.60432867274004	test	0.46	False
ecoli50_r004711	3716.27	3.570107259479396	train	0.5	False
ecoli50_r004712	124.39	2.0947854678195585	train	0.54	False
ecoli50_r004713	144.32	2.159326520197866	train	0.56	False
ecoli50_r004714	115.17	2.061339366837067	train	0.44	False
ecoli50_r004715	22.29	1.3481100684802376	train	0.5	False
ecoli50_r004716	885.57	2.9472228957487827	train	0.54	False
ecoli50_r004717	252.56	2.402364568884161	train	0.48	False
ecoli50_r004718	266.88	2.4263160289576446	train	0.56	False
ecoli50_r004719	725.7	2.8607571230815423	val	0.38	True
ecoli50_r004720	234.52	2.37017988551276	train	0.3	False
ecoli50_r004721	1515.37	3.1805186852075744	val	0.26	True
ecoli50_r004722	133.75	2.126293790693266	train	0.36	False
ecoli50_r004723	206.32	2.314541329129881	val	0.38	False
ecoli50_r004724	42.74	1.6308345178280506	train	0.48	False
ecoli50_r004725	29.72	1.4730488050885375	train	0.42	False
ecoli50_r004726	102.17	2.0093233933810133	train	0.44	True
ecoli50_r004727	122.24	2.0872133412316147	train	0.52	False
ecoli50_r004728	49.2	1.6919651027673603	train	0.44	False
ecoli50_r004729	73.81	1.8681152053272168	test	0.4	False
ecoli50_r004730	316.47	2.500332547048551	val	0.54	False
ecoli50_r004731	348.78	2.542551573340032	train	0.5	False
ecoli50_r004732	57.19	1.7573200965466722	train	0.48	False
ecoli50_r004733	1218.59	3.085857609893293	train	0.3	False
ecoli50_r004734	449.54	2.6527683412447405	train	0.44	False
ecoli50_r004735	40.26	1.6048737705526357	test	0.48	False
ecoli50_r004736	1482.6	3.171023995785723	train	0.52	False
ecoli50_r004737	452.09	2.655224900768312	train	0.52	False
ecoli50_r004738	228.48	2.3588481900960803	val	0.62	False
ecoli50_r004739	117.03	2.068297205031454	test	0.42	False
ecoli50_r004740	366.82	2.5644530065313664	test	0.36	False
ecoli50_r004741	5696.68	3.755621824487847	test	0.38	False
ecoli50_r004742	37.15	1.569958818096594	train	0.4	False
ecoli50_r004743	11250.56	4.051174140123556	test	0.38	True
ecoli50_r004744	436.54	2.6400240441088667	val	0.28	False
ecoli50_r004745	102.17	2.0093233933810133	train	0.2	False
ecoli50_r004746	422.15	2.625466793609239	train	0.26	False
ecoli50_r004747	422.15	2.625466793609239	train	0.22	False
ecoli50_r004748	4186.41	3.62184175912403	train	0.44	False
ecoli50_r004749	38.08	1.5806969397124366	train	0.46	False
ecoli50_r004750	158.57	2.200221026191876	train	0.4	False
ecoli50_r004751	60.68	1.783045572114693	test	0.48	False
ecoli50_r004752	64.14	1.8071289555924217	train	0.36	False
ecoli50_r004753	1437.2	3.157517208532612	test	0.42	False
ecoli50_r004754	72.45	1.8600383898071933	train	0.26	False
ecoli50_r004755	59.44	1.7740788007525188	test	0.38	False
ecoli50_r004756	1467.27	3.1665100379882625	train	0.46	True
ecoli50_r004757	1467.27	3.1665100379882625	test	0.44	False
ecoli50_r004758	96.21	1.9832202146481028	train	0.38	False
ecoli50_r004759	432.96	2.636447774917529	train	0.5	False
ecoli50_r004760	342.79	2.535028144032475	train	0.46	False
ecoli50_r004761	94.32	1.9746037920870327	train	0.52	False
ecoli50_r004762	5327.86	3.7265528043705225	train	0.38	False
ecoli50_r004763	40.5	1.6074550232146685	train	0.3	False
ecoli50_r004764	1120.76	3.049512622554956	val	0.3	False
ecoli50_r004765	35.96	1.5558196830611912	test	0.36	False
ecoli50_r004766	371.63	2.570110765355414	train	0.36	False
ecoli50_r004767	373.62	2.572430116105044	train	0.34	False
ecoli50_r004768	42.17	1.6250036010148634	train	0.44	False
ecoli50_r004769	58.61	1.7679717213816188	val	0.54	False
ecoli50_r004770	78.17	1.8930401119571176	train	0.48	False
ecoli50_r004771	78.17	1.8930401119571176	test	0.46	False
ecoli50_r004772	93.21	1.9694625079746368	val	0.42	False
ecoli50_r004773	71.8	1.8561244442423004	train	0.5	False
ecoli50_r004774	120.77	2.0819590663004783	train	0.5	False
ecoli50_r004775	1039.82	3.016958166440612	train	0.52	False
ecoli50_r004776	52.01	1.7160868537748322	train	0.52	False
ecoli50_r004777	1116.94	3.0480298442268112	train	0.48	True
ecoli50_r004778	154.52	2.188984699472783	train	0.56	False
ecoli50_r004779	631.58	2.8004283689183294	train	0.48	False
ecoli50_r004780	64.14	1.8071289555924217	train	0.52	False
ecoli50_r004781	86.43	1.9366645130000757	train	0.42	False
ecoli50_r004782	26.06	1.4159744113765658	train	0.46	False
ecoli50_r004783	82.59	1.9169274661129927	val	0.48	False
ecoli50_r004784	73.81	1.8681152053272168	val	0.44	False
ecoli50_r004785	48965.29	4.689888330986018	train	0.38	False
ecoli50_r004786	48996.49	4.690164969248278	train	0.4	False
ecoli50_r004787	2481.03	3.3946320156852225	train	0.44	False
ecoli50_r004788	2193.51	3.3411396186520284	train	0.44	False
ecoli50_r004789	50.16	1.70035752782266	train	0.38	False
ecoli50_r004790	50.16	1.70035752782266	train	0.44	False
ecoli50_r004791	33.55	1.5256925245050108	val	0.4	False
ecoli50_r004792	1238.87	3.0930257363641585	val	0.48	True
ecoli50_r004793	3257.56	3.512892423595348	val	0.34	False
ecoli50_r004794	796.78	2.9013384243129194	train	0.32	False
ecoli50_r004795	801.81	2.9040714683746383	val	0.32	False
ecoli50_r004796	1023.54	3.0101048195826245	train	0.48	False
ecoli50_r004797	1019.82	3.0085235247960624	train	0.52	False
ecoli50_r004798	77.21	1.8876735524544477	test	0.44	False
ecoli50_r004799	288.85	2.460672371877432	test	0.4	False
ecoli50_r004800	201.9	2.305136318943639	train	0.44	False
ecoli50_r004801	169.42	2.228964677405161	train	0.46	False
ecoli50_r004802	170.9	2.232742062720737	train	0.3	False
ecoli50_r004803	79.78	1.901894031973821	train	0.42	False
ecoli50_r004804	72.16	1.8582965245338852	val	0.46	False
ecoli50_r004805	87.23	1.9406658724758288	train	0.46	False
ecoli50_r004806	271.16	2.4332256252374047	val	0.48	False
ecoli50_r004807	81.63	1.91184979649942	train	0.54	False
ecoli50_r004808	99.62	1.9983465373963647	test	0.54	False
ecoli50_r004809	32.42	1.5108130105124962	test	0.46	False
ecoli50_r004810	221.06	2.344510165686532	train	0.44	False
ecoli50_r004811	259.73	2.414522115520651	val	0.36	False
ecoli50_r004812	171.39	2.233985478780212	test	0.42	False
ecoli50_r004813	168.73	2.2271923065140364	train	0.44	False
ecoli50_r004814	78.28	1.893650816985964	train	0.38	False
ecoli50_r004815	224.59	2.3513904151422524	val	0.46	False
ecoli50_r004816	92.88	1.967922206730517	test	0.44	False
ecoli50_r004817	228.13	2.358182400479401	train	0.38	False
ecoli50_r004818	234.84	2.370772071705626	train	0.44	False
ecoli50_r004819	30.95	1.4906606533561368	train	0.52	False
ecoli50_r004820	65.42	1.8157105397889628	train	0.48	False
ecoli50_r004821	212.21	2.3267658453640534	train	0.46	False
ecoli50_r004822	205.37	2.312537003107303	train	0.44	False
ecoli50_r004823	85.1	1.929929560084588	train	0.42	False
ecoli50_r004824	94.36	1.9747879322135575	train	0.5	False
ecoli50_r004825	98.45	1.993215720474137	test	0.42	True
ecoli50_r004826	289.87	2.462203270516635	train	0.5	False
ecoli50_r004827	85.48	1.931864513492032	train	0.42	False
ecoli50_r004828	45.69	1.659821158055705	train	0.58	False
ecoli50_r004829	69.27	1.8405451876368388	train	0.46	False
ecoli50_r004830	228.51	2.358905210313047	test	0.38	False
ecoli50_r004831	924.86	2.966075996707568	train	0.38	False
ecoli50_r004832	215.48	2.333406966873917	val	0.38	False
ecoli50_r004833	230.34	2.3623693625010485	train	0.44	False
ecoli50_r004834	79.58	1.9008039348103696	train	0.46	False
ecoli50_r004835	70.03	1.8452841263479915	val	0.5	False
ecoli50_r004836	96.21	1.9832202146481028	val	0.58	False
ecoli50_r004837	384.52	2.5849189336400378	train	0.54	False
ecoli50_r004838	1042.32	3.018001071073835	train	0.46	False
ecoli50_r004839	246.55	2.391905006867157	train	0.4	False
ecoli50_r004840	36.41	1.5612206789339438	train	0.44	False
ecoli50_r004841	66.48	1.8226910107760543	test	0.54	False
ecoli50_r004842	99.03	1.995766779049974	train	0.58	False
ecoli50_r004843	578.84	2.7625585348503083	train	0.42	False
ecoli50_r004844	104.03	2.017158598487814	test	0.48	False
ecoli50_r004845	193.19	2.285984642487249	train	0.5	False
ecoli50_r004846	48.11	1.682235356902564	train	0.58	False
ecoli50_r004847	68.77	1.8373990243420224	train	0.32	False
ecoli50_r004848	100.65	2.0028137792246734	train	0.54	True
ecoli50_r004849	165.18	2.2179574617769737	train	0.54	False
ecoli50_r004850	25.16	1.4007106367732314	train	0.48	False
ecoli50_r004851	2445.84	3.3884280433012965	test	0.5	False
ecoli50_r004852	1665.71	3.22159939301155	test	0.52	False
ecoli50_r004853	52.12	1.717004407040547	train	0.28	False
ecoli50_r004854	117.22	2.0690017170456	train	0.5	False
ecoli50_r004855	772.76	2.8880446338152117	train	0.44	False
ecoli50_r004856	91.37	1.9608036249117695	train	0.4	False
ecoli50_r004857	330.65	2.5193685270400006	train	0.58	True
ecoli50_r004858	70.45	1.8478809974453752	train	0.34	False
ecoli50_r004859	90.2	1.9552065375419416	train	0.52	False
ecoli50_r004860	711.23	2.852010067084306	train	0.36	False
ecoli50_r004861	117.9	2.071513805095089	test	0.34	False
ecoli50_r004862	487.31	2.68780532355092	test	0.2	False
ecoli50_r004863	46.97	1.671820560183249	train	0.44	False
ecoli50_r004864	156.04	2.1932359416397538	val	0.5	False
ecoli50_r004865	58.95	1.770483809431108	train	0.5	False
ecoli50_r004866	245.2	2.3895204658463776	train	0.38	False
ecoli50_r004867	199.44	2.299812265495717	train	0.44	False
ecoli50_r004868	202.39	2.306189050400426	train	0.46	False
ecoli50_r004869	55.34	1.743039154804933	train	0.52	False
ecoli50_r004870	60.13	1.7790912038454991	test	0.46	False
ecoli50_r004871	88.42	1.9465505105698555	val	0.44	False
ecoli50_r004872	159.16	2.2018339304743506	train	0.58	False
ecoli50_r004873	38.6	1.586587304671755	test	0.58	False
ecoli50_r004874	669.36	2.825659755977656	train	0.6	False
ecoli50_r004875	256.92	2.409797913342063	train	0.42	True
ecoli50_r004876	452.09	2.655224900768312	train	0.32	False
ecoli50_r004877	60.13	1.7790912038454991	test	0.5	False
ecoli50_r004878	56.59	1.752739693935328	train	0.48	False
ecoli50_r004879	141.18	2.149773177559665	train	0.46	False
ecoli50_r004880	120.27	2.080157310970184	train	0.42	False
ecoli50_r004881	70.74	1.8496650554787328	train	0.4	False
ecoli50_r004882	2703.77	3.4319697449695754	train	0.38	False
ecoli50_r004883	70.74	1.8496650554787328	test	0.48	False
ecoli50_r004884	58.61	1.7679717213816188	train	0.46	False
ecoli50_r004885	98.45	1.993215720474137	train	0.46	False
ecoli50_r004886	93.94	1.97285055584723	train	0.42	False
ecoli50_r004887	141.48	2.150695051142714	train	0.4	False
ecoli50_r004888	91.37	1.9608036249117695	test	0.48	False
ecoli50_r004889	49.73	1.6966184592322249	train	0.5	False
ecoli50_r004890	68.44	1.8353100008690624	test	0.54	False
ecoli50_r004891	868.73	2.938884819336736	train	0.44	False
ecoli50_r004892	109.38	2.03893791903862	test	0.48	False
ecoli50_r004893	108.24	2.0343877835895667	val	0.52	False
ecoli50_r004894	46.1	1.6637009253896482	train	0.44	False
ecoli50_r004895	46.1	1.6637009253896482	test	0.46	False
ecoli50_r004896	77.4	1.8887409606828929	train	0.46	False
ecoli50_r004897	4980.23	3.6972494000738263	train	0.34	False
ecoli50_r004898	91.37	1.9608036249117695	train	0.36	False
ecoli50_r004899	82.44	1.9161379831071752	train	0.42	False
ecoli50_r004900	180.4	2.256236533205923	train	0.52	False
ecoli50_r004901	276.62	2.441883576986704	test	0.58	False
ecoli50_r004902	16.04	1.205204363948145	train	0.3	False
ecoli50_r004903	36.84	1.5663196215248114	train	0.4	False
ecoli50_r004904	196.44	2.293229925459566	train	0.46	False
ecoli50_r004905	379.1	2.5787537844264348	val	0.46	False
ecoli50_r004906	313.12	2.495710808313926	test	0.46	False
ecoli50_r004907	291.67	2.4648917616397963	train	0.46	False
ecoli50_r004908	170.5	2.2317243833285163	train	0.5	False
ecoli50_r004909	3471.36	3.540499654842894	val	0.52	True
ecoli50_r004910	72.16	1.8582965245338852	test	0.46	False
ecoli50_r004911	8809.75	3.94496358433021	train	0.54	False
ecoli50_r004912	4382.65	3.641736789125779	train	0.48	False
ecoli50_r004913	71.8	1.8561244442423004	train	0.42	False
ecoli50_r004914	75.54	1.8781769804915065	train	0.44	False
ecoli50_r004915	56.97	1.75564621945668	train	0.54	False
ecoli50_r004916	61.17	1.7865384804978024	train	0.44	False
ecoli50_r004917	16568.95	4.219294987378016	train	0.44	False
ecoli50_r004918	74.61	1.8727970399895983	train	0.46	False
ecoli50_r004919	274.92	2.4392063352370226	train	0.34	False
ecoli50_r004920	226.01	2.354127655292264	train	0.38	False
ecoli50_r004921	3036.76	3.482410470286949	train	0.6	True
ecoli50_r004922	993.64	2.9972290661553838	train	0.28	False
ecoli50_r004923	892.19	2.950457351197508	train	0.36	False
ecoli50_r004924	113.57	2.055263625784184	train	0.26	False
ecoli50_r004925	499.11	2.6981962713313834	val	0.32	False
ecoli50_r004926	133.75	2.126293790693266	train	0.26	False
ecoli50_r004927	38.82	1.589055531052344	train	0.26	True
ecoli50_r004928	501.55	2.70031423474762	val	0.42	False
ecoli50_r004929	108.24	2.0343877835895667	val	0.4	False
ecoli50_r004930	60.05	1.7785130117389247	train	0.56	False
ecoli50_r004931	47.37	1.6755033847279566	train	0.42	False
ecoli50_r004932	1139.18	3.056592351673852	val	0.38	False
ecoli50_r004933	1205.58	3.081196034627009	val	0.48	False
ecoli50_r004934	167.18	2.22318432089504	train	0.46	False
ecoli50_r004935	40.87	1.6114046377115934	train	0.4	False
ecoli50_r004936	201.29	2.303822199862847	train	0.4	False
ecoli50_r004937	189.48	2.277563376055919	val	0.48	False
ecoli50_r004938	129.69	2.112906490253314	train	0.5	False
ecoli50_r004939	349.23	2.5431115439534384	val	0.52	False
ecoli50_r004940	586.54	2.76829763484356	val	0.36	False
ecoli50_r004941	39.89	1.6008640363098396	test	0.54	False
ecoli50_r004942	1497.23	3.1752885204888224	train	0.48	False
ecoli50_r004943	107.9	2.0330214446829107	train	0.56	False
ecoli50_r004944	156.35	2.194097885578952	train	0.34	True
ecoli50_r004945	252.56	2.402364568884161	train	0.46	False
ecoli50_r004946	50.32	1.7017406324372124	val	0.44	False
ecoli50_r004947	108.24	2.0343877835895667	test	0.2	False
ecoli50_r004948	419.36	2.622587003602525	train	0.22	False
ecoli50_r004949	11828.33	4.072923432457039	test	0.3	False
ecoli50_r004950	231.62	2.364776057277425	train	0.44	False
ecoli50_r004951	60.13	1.7790912038454991	train	0.44	False
ecoli50_r004952	555.81	2.7449263562336346	test	0.38	False
ecoli50_r004953	42.74	1.6308345178280506	train	0.48	False
ecoli50_r004954	8081.84	3.907510248258951	train	0.52	False
ecoli50_r004955	5188.41	3.715034287709269	train	0.22	False
ecoli50_r004956	445.82	2.6491595475331957	train	0.38	False
ecoli50_r004957	75.17	1.8760445502460952	train	0.42	False
ecoli50_r004958	75.17	1.8760445502460952	train	0.44	False
ecoli50_r004959	582.37	2.7651989947905014	val	0.58	False
ecoli50_r004960	115.17	2.061339366837067	train	0.42	False
ecoli50_r004961	508.98	2.706700717385308	test	0.46	False
ecoli50_r004962	12260.17	4.088496492168535	train	0.64	False
ecoli50_r004963	24808.26	4.394596304824464	test	0.46	False
ecoli50_r004964	2995.88	3.476524413706483	train	0.42	False
ecoli50_r004965	31.91	1.5039268041935103	val	0.48	False
ecoli50_r004966	41.76	1.6207604899942056	val	0.5	False
ecoli50_r004967	47.52	1.676876431973137	train	0.5	False
ecoli50_r004968	509.9	2.7074850119674734	train	0.44	False
ecoli50_r004969	2018.47	3.305022298987216	train	0.44	False
ecoli50_r004970	3421.95	3.5342736595350823	train	0.3	False
ecoli50_r004971	204.46	2.310608356458524	train	0.34	False
ecoli50_r004972	46.97	1.671820560183249	train	0.38	False
ecoli50_r004973	120.25	2.0800850850458694	val	0.42	False
ecoli50_r004974	304.68	2.483843946921347	train	0.38	False
ecoli50_r004975	652.45	2.8145472354645418	train	0.16	False
ecoli50_r004976	616.37	2.789841492552024	train	0.32	False
ecoli50_r004977	2032.52	3.308034827745517	val	0.12	False
ecoli50_r004978	133.21	2.1245368283012773	test	0.54	False
ecoli50_r004979	74.3	1.8709888137605752	train	0.36	False
ecoli50_r004980	249.98	2.397905263723669	val	0.42	False
ecoli50_r004981	1063.49	3.0267334105854924	train	0.36	False
ecoli50_r004982	48.11	1.682235356902564	train	0.5	False
ecoli50_r004983	37.15	1.569958818096594	train	0.46	False
ecoli50_r004984	546.22	2.7373675979103016	val	0.38	False
ecoli50_r004985	115.74	2.063483478027528	train	0.3	False
ecoli50_r004986	112.39	2.050727671215053	train	0.26	False
ecoli50_r004987	67.1	1.826722520168992	train	0.44	False
ecoli50_r004988	27.24	1.4352071032407476	val	0.46	False
ecoli50_r004989	15514.53	4.190738623523261	train	0.4	True
ecoli50_r004990	15580.68	4.192586408009405	train	0.46	False
ecoli50_r004991	41.22	1.615107987443194	test	0.42	False
ecoli50_r004992	240.54	2.3811873066341653	test	0.5	False
ecoli50_r004993	141.18	2.149773177559665	val	0.38	False
ecoli50_r004994	26266.46	4.419401545718649	test	0.3	True
ecoli50_r004995	587.1	2.7687120803776635	train	0.4	False
ecoli50_r004996	3076.4	3.4880428026829358	train	0.36	False
ecoli50_r004997	3042.85	3.4832805439526697	train	0.38	False
ecoli50_r004998	41.26	1.6155292236371328	test	0.5	False
ecoli50_r004999	81.73	1.9123814989188004	test	0.38	False
ecoli50_r005000	464.4	2.666892211066536	train	0.46	True
ecoli50_r005001	53.68	1.7298125071609356	train	0.4	False
ecoli50_r005002	117.42	2.0697420760416447	train	0.44	False
ecoli50_r005003	452.09	2.655224900768312	val	0.46	False
ecoli50_r005004	661.31	2.820405089938192	train	0.5	False
ecoli50_r005005	2504.05	3.3986429964662266	train	0.36	False
ecoli50_r005006	181.16	2.25806231201092	train	0.42	False
ecoli50_r005007	109.53	2.03953308766939	train	0.48	False
ecoli50_r005008	45.04	1.6535983818432898	val	0.42	False
ecoli50_r005009	35.9	1.5550944485783191	train	0.48	False
ecoli50_r005010	103.18	2.013595523537289	test	0.48	False
ecoli50_r005011	150.97	2.178890655048907	val	0.42	False
ecoli50_r005012	169.42	2.228964677405161	train	0.42	False
ecoli50_r005013	97.29	1.9880682033926356	test	0.46	False
ecoli50_r005014	104.03	2.017158598487814	train	0.48	False
ecoli50_r005015	261.68	2.417770531116925	train	0.26	False
ecoli50_r005016	336.75	2.5273076043950238	train	0.3	False
ecoli50_r005017	110.71	2.0441868507673635	test	0.44	False
ecoli50_r005018	5728.84	3.7580666930669553	train	0.4	False
ecoli50_r005019	334.37	2.524227305193655	train	0.56	False
ecoli50_r005020	11361.21	4.055424587390732	val	0.56	False
ecoli50_r005021	53.68	1.7298125071609356	train	0.4	False
ecoli50_r005022	107.74	2.032376971209936	val	0.3	False
ecoli50_r005023	186.41	2.270469206453198	val	0.3	False
ecoli50_r005024	126.28	2.10133457322018	test	0.42	False
ecoli50_r005025	8053.84	3.906002997532733	test	0.58	False
ecoli50_r005026	26.59	1.424718337331567	train	0.42	False
ecoli50_r005027	17630.03	4.246253051313694	train	0.38	False
ecoli50_r005028	17388.34	4.240258123506389	train	0.28	False
ecoli50_r005029	338.85	2.530007489976044	train	0.4	False
ecoli50_r005030	196.79	2.294003025725598	train	0.4	False
ecoli50_r005031	523.5	2.718916686014861	train	0.36	False
ecoli50_r005032	156.04	2.1932359416397538	train	0.38	False
ecoli50_r005033	124.41	2.0948552900836805	train	0.42	False
ecoli50_r005034	121.05	2.082964793777752	train	0.44	False
ecoli50_r005035	905.93	2.957094641619186	train	0.42	True
ecoli50_r005036	878.82	2.943899931943058	train	0.44	False
ecoli50_r005037	534.99	2.7283456642914943	train	0.46	True
ecoli50_r005038	133.75	2.126293790693266	train	0.38	False
ecoli50_r005039	71.8	1.8561244442423004	test	0.5	False
ecoli50_r005040	77.12	1.8871670208947744	train	0.46	False
ecoli50_r005041	85.1	1.929929560084588	train	0.56	False
ecoli50_r005042	119.67	2.077985291029502	train	0.4	False
ecoli50_r005043	280.68	2.448211467856778	test	0.54	False
ecoli50_r005044	52.01	1.7160868537748322	train	0.46	False
ecoli50_r005045	167.18	2.22318432089504	train	0.56	False
ecoli50_r005046	60.42	1.7811807209372617	train	0.54	False
ecoli50_r005047	208.05	2.318167720128966	train	0.5	False
ecoli50_r005048	1175.44	3.070200465588601	test	0.52	False
ecoli50_r005049	84.19	1.9252605095194355	train	0.36	False
ecoli50_r005050	401.24	2.603404221739564	train	0.32	False
ecoli50_r005051	988.27	2.994875612088368	train	0.42	False
ecoli50_r005052	234.84	2.370772071705626	train	0.44	False
ecoli50_r005053	216.48	2.3354177792535475	test	0.4	False
ecoli50_r005054	448.01	2.65128770796321	train	0.52	False
ecoli50_r005055	159.16	2.2018339304743506	train	0.46	False
ecoli50_r005056	284.21	2.4536393546203543	train	0.46	False
ecoli50_r005057	761.62	2.88173834001874	train	0.46	True
ecoli50_r005058	159.56	2.202924027637802	test	0.6	False
ecoli50_r005059	85.48	1.931864513492032	train	0.46	False
ecoli50_r005060	16.87	1.2271150825891253	train	0.46	False
ecoli50_r005061	1404.01	3.1473702010483118	train	0.28	False
ecoli50_r005062	1397.3	3.1452896590541464	train	0.3	False
ecoli50_r005063	182.04	2.260166826834355	val	0.28	False
ecoli50_r005064	39.01	1.5911759503117913	train	0.44	False
ecoli50_r005065	2591.62	3.413571322815241	train	0.42	False
ecoli50_r005066	200.42	2.3019410577952044	train	0.46	False
ecoli50_r005067	57.03	1.7561033715851055	val	0.54	False
ecoli50_r005068	61.17	1.7865384804978024	val	0.5	False
ecoli50_r005069	265.94	2.4247836644198224	train	0.42	False
ecoli50_r005070	42.35	1.6268534146667255	train	0.24	False
ecoli50_r005071	91.37	1.9608036249117695	train	0.42	False
ecoli50_r005072	63.16	1.8004421213362567	test	0.36	False
ecoli50_r005073	162.22	2.2101043970648857	train	0.3	False
ecoli50_r005074	183.54	2.2637307273683223	test	0.46	False
ecoli50_r005075	2174.19	3.337297493911255	train	0.24	False
ecoli50_r005076	3968.83	3.59866249683029	train	0.24	False
ecoli50_r005077	96.21	1.9832202146481028	train	0.36	False
ecoli50_r005078	187.07	2.272004146243442	train	0.38	False
ecoli50_r005079	28220.67	4.450567320327214	train	0.36	False
ecoli50_r005080	4683.01	3.6705250851662745	train	0.5	True
ecoli50_r005081	4642.14	3.6667182339894855	train	0.42	False
ecoli50_r005082	379.24	2.578914137904181	train	0.44	True
ecoli50_r005083	2781.49	3.444277502906138	train	0.52	False
ecoli50_r005084	68889.73	4.838154482622087	train	0.4	False
ecoli50_r005085	71764.13	4.855907424247263	test	0.48	False
ecoli50_r005086	720.65	2.857724390968307	train	0.42	False
ecoli50_r005087	226.95	2.355930187078868	train	0.44	False
ecoli50_r005088	33.44	1.5242662687669788	train	0.4	False
ecoli50_r005089	38.81	1.588943642740015	train	0.5	False
ecoli50_r005090	69.14	1.839729375206388	test	0.58	False
ecoli50_r005091	173.9	2.2402995820027125	train	0.42	False
ecoli50_r005092	46.97	1.671820560183249	val	0.42	False
ecoli50_r005093	72.45	1.8600383898071933	val	0.44	False
ecoli50_r005094	100.31	2.0013442304116014	train	0.42	False
ecoli50_r005095	230.34	2.3623693625010485	train	0.42	False
ecoli50_r005096	127.48	2.105442054801695	train	0.46	False
ecoli50_r005097	48.3	1.683947130751512	val	0.46	False
ecoli50_r005098	74.3	1.8709888137605752	train	0.44	False
ecoli50_r005099	50.11	1.6999244027424767	train	0.52	False
ecoli50_r005100	78.11	1.8927066378056656	train	0.32	False
ecoli50_r005101	286.07	2.4564723159751454	val	0.4	False
ecoli50_r005102	30.07	1.4781334281005176	train	0.5	False
ecoli50_r005103	282.36	2.450803173223646	train	0.42	False
ecoli50_r005104	35.29	1.547651658359969	train	0.36	False
ecoli50_r005105	42.09	1.6241789257480224	train	0.28	False
ecoli50_r005106	6253.92	3.796152321457479	train	0.36	False
ecoli50_r005107	60.39	1.780965029608317	train	0.4	False
ecoli50_r005108	63.16	1.8004421213362567	train	0.38	False
ecoli50_r005109	26.59	1.424718337331567	train	0.26	False
ecoli50_r005110	114.25	2.057856208741888	train	0.26	False
ecoli50_r005111	100.65	2.0028137792246734	train	0.48	False
ecoli50_r005112	60.13	1.7790912038454991	train	0.42	False
ecoli50_r005113	1900.33	3.2788290244973046	train	0.44	False
ecoli50_r005114	42.09	1.6241789257480224	train	0.3	False
ecoli50_r005115	50.16	1.70035752782266	train	0.54	False
ecoli50_r005116	53.05	1.7246853882373594	train	0.38	False
ecoli50_r005117	23.58	1.3725438007590702	train	0.44	False
ecoli50_r005118	137.94	2.1396902216529226	test	0.38	False
ecoli50_r005119	677.68	2.831024668733123	train	0.38	False
ecoli50_r005120	67.81	1.8312937443770096	train	0.44	False
ecoli50_r005121	96.21	1.9832202146481028	train	0.48	False
ecoli50_r005122	224.0	2.3502480183341627	train	0.5	False
ecoli50_r005123	100.8	2.0034605321095063	val	0.6	False
ecoli50_r005124	628.26	2.798139409974929	test	0.42	False
ecoli50_r005125	1627.1	3.211414245077976	train	0.24	True
ecoli50_r005126	577.28	2.7613865115258287	train	0.38	False
ecoli50_r005127	47889.69	4.680242025772507	train	0.5	False
ecoli50_r005128	44979.21	4.653011823361648	train	0.44	False
ecoli50_r005129	82.59	1.9169274661129927	val	0.36	False
ecoli50_r005130	132.29	2.1215270164553788	train	0.48	False
ecoli50_r005131	352.94	2.547700881354684	train	0.34	False
ecoli50_r005132	40.26	1.6048737705526357	val	0.4	False
ecoli50_r005133	1013.17	3.005682321833722	val	0.38	True
ecoli50_r005134	168895.73	5.227618669932883	train	0.36	True
ecoli50_r005135	35.37	1.5486350598147516	val	0.42	False
ecoli50_r005136	44.21	1.645520514905874	train	0.44	False
ecoli50_r005137	47.87	1.6800634274819486	train	0.46	False
ecoli50_r005138	51.58	1.7124813378019186	val	0.44	False
ecoli50_r005139	68877.71	4.838078699553377	train	0.48	True
ecoli50_r005140	71788.19	4.856053003577955	test	0.5	True
ecoli50_r005141	148.34	2.171258274675776	train	0.5	False
ecoli50_r005142	17.89	1.252610340567373	train	0.5	False
ecoli50_r005143	124.38	2.0947505524775045	test	0.36	False
ecoli50_r005144	432.96	2.636447774917529	val	0.46	False
ecoli50_r005145	94.36	1.9747879322135575	train	0.44	False
ecoli50_r005146	84.21	1.9253636673541012	train	0.5	False
ecoli50_r005147	20.43	1.3102683666324475	test	0.46	False
ecoli50_r005148	45.75	1.660391098402467	train	0.46	False
ecoli50_r005149	8056.68	3.906156114420504	train	0.3	True
ecoli50_r005150	60.39	1.780965029608317	train	0.3	True
ecoli50_r005151	52.01	1.7160868537748322	train	0.54	False
ecoli50_r005152	162.69	2.2113608591551177	train	0.48	False
ecoli50_r005153	359.02	2.5551186425830554	train	0.44	False
ecoli50_r005154	191.82	2.2828938866553314	train	0.4	False
ecoli50_r005155	100.22	2.0009543984064577	train	0.38	False
ecoli50_r005156	335.68	2.525925466513464	train	0.34	False
ecoli50_r005157	138.11	2.140225125266448	test	0.32	False
ecoli50_r005158	243.33	2.3861956561205666	test	0.42	False
ecoli50_r005159	374.47	2.573417030696809	train	0.46	False
ecoli50_r005160	378.06	2.5775607299987704	train	0.52	False
ecoli50_r005161	424.43	2.6278060735657487	train	0.36	False
ecoli50_r005162	60.13	1.7790912038454991	test	0.36	False
ecoli50_r005163	50.32	1.7017406324372124	train	0.42	False
ecoli50_r005164	1959.23	3.2920854221445808	val	0.26	True
ecoli50_r005165	152.09	2.182100659893949	train	0.4	False
ecoli50_r005166	589.9	2.770778396169148	train	0.28	True
ecoli50_r005167	583.19	2.765810068495698	train	0.28	False
ecoli50_r005168	40573.72	4.608244827803129	train	0.2	False
ecoli50_r005169	63.16	1.8004421213362567	train	0.4	False
ecoli50_r005170	138.29	2.1407907766253023	train	0.52	False
ecoli50_r005171	55.73	1.7460890430562002	train	0.44	False
ecoli50_r005172	132.63	2.1226417696255364	train	0.3	False
ecoli50_r005173	180.4	2.256236533205923	train	0.38	False
ecoli50_r005174	130.84	2.116740535452944	train	0.6	False
ecoli50_r005175	53.19	1.7258299903205805	train	0.58	False
ecoli50_r005176	86.43	1.9366645130000757	train	0.52	False
ecoli50_r005177	73.13	1.8640955734242477	train	0.56	False
ecoli50_r005178	2702.34	3.43173998970244	train	0.34	False
ecoli50_r005179	2705.69	3.4322780365329733	train	0.42	False
ecoli50_r005180	55.73	1.7460890430562002	train	0.4	False
ecoli50_r005181	2707.37	3.432547612245425	val	0.52	False
ecoli50_r005182	74.3	1.8709888137605752	train	0.46	False
ecoli50_r005183	212.21	2.3267658453640534	train	0.48	False
ecoli50_r005184	138.53	2.141543834220653	train	0.48	False
ecoli50_r005185	265.27	2.423688137388436	train	0.4	False
ecoli50_r005186	49.2	1.6919651027673603	train	0.26	False
ecoli50_r005187	358.52	2.554513387750996	train	0.56	False
ecoli50_r005188	66.87	1.8252313231999	train	0.46	False
ecoli50_r005189	77.16	1.8873922189718468	train	0.34	False
ecoli50_r005190	196.91	2.2942677721794578	train	0.48	False
ecoli50_r005191	53.28	1.7265642161622448	train	0.56	False
ecoli50_r005192	1101.85	3.0421224759982755	train	0.42	False
ecoli50_r005193	233.56	2.36839846657925	test	0.44	False
ecoli50_r005194	716.22	2.8550464442496946	test	0.46	False
ecoli50_r005195	99.03	1.995766779049974	val	0.48	False
ecoli50_r005196	33.44	1.5242662687669788	test	0.52	False
ecoli50_r005197	64.84	1.8118430061764772	train	0.46	False
ecoli50_r005198	180.4	2.256236533205923	train	0.4	False
ecoli50_r005199	238.74	2.377925189530032	val	0.38	False
ecoli50_r005200	111.46	2.047119038720181	train	0.42	False
ecoli50_r005201	684.73	2.835519355980416	val	0.52	False
ecoli50_r005202	122.6	2.0884904701823963	train	0.46	False
ecoli50_r005203	156.04	2.1932359416397538	test	0.48	False
ecoli50_r005204	152.32	2.182756931040399	train	0.52	False
ecoli50_r005205	111.69	2.0480142909380548	test	0.5	False
ecoli50_r005206	314.37	2.4974410950769714	train	0.46	True
ecoli50_r005207	129.69	2.112906490253314	train	0.46	False
ecoli50_r005208	104.63	2.019656225319349	train	0.44	False
ecoli50_r005209	92.88	1.967922206730517	val	0.46	False
ecoli50_r005210	72.13	1.858115932190066	val	0.58	False
ecoli50_r005211	45.29	1.6560023206829573	train	0.44	False
ecoli50_r005212	36.9	1.5670263661590604	train	0.38	False
ecoli50_r005213	952.95	2.979070114390943	val	0.38	False
ecoli50_r005214	44.58	1.6491400641442189	train	0.54	False
ecoli50_r005215	371.52	2.56998219805848	test	0.46	False
ecoli50_r005216	371.52	2.56998219805848	val	0.46	False
ecoli50_r005217	171.1	2.2332500095411003	test	0.48	False
ecoli50_r005218	42.72	1.6306312440205	train	0.36	False
ecoli50_r005219	378.84	2.578455827939842	train	0.46	False
ecoli50_r005220	156.9	2.1956229435869368	test	0.46	False
ecoli50_r005221	55.73	1.7460890430562002	train	0.54	False
ecoli50_r005222	367.94	2.565777004017508	train	0.4	False
ecoli50_r005223	14.24	1.1535099893008376	train	0.44	False
ecoli50_r005224	125.89	2.0999912335446846	train	0.48	False
ecoli50_r005225	190.71	2.28037346615012	test	0.36	False
ecoli50_r005226	1309.42	3.117078970023662	train	0.34	False
ecoli50_r005227	1314.75	3.118843179485495	train	0.34	False
ecoli50_r005228	122.27	2.087319912206401	train	0.44	False
ecoli50_r005229	23.58	1.3725438007590702	train	0.44	False
ecoli50_r005230	188.42	2.2751269994581125	train	0.26	False
ecoli50_r005231	276.62	2.441883576986704	train	0.42	False
ecoli50_r005232	1131.8	3.053769689599309	test	0.24	False
ecoli50_r005233	219.2	2.340840549812332	val	0.4	False
ecoli50_r005234	5204.88	3.716410721178238	train	0.34	False
ecoli50_r005235	28.06	1.448087666692341	val	0.4	False
ecoli50_r005236	12.38	1.0927206446840991	val	0.46	False
ecoli50_r005237	26.94	1.4303975913869669	train	0.52	False
ecoli50_r005238	144.42	2.1596273406586737	train	0.52	False
ecoli50_r005239	56.0	1.7481880270062005	train	0.56	False
ecoli50_r005240	117.52	2.0701117827822	train	0.46	False
ecoli50_r005241	70.74	1.8496650554787328	train	0.5	False
ecoli50_r005242	55.73	1.7460890430562002	train	0.44	False
ecoli50_r005243	312.43	2.4947527288189404	train	0.48	False
ecoli50_r005244	926.06	2.9666391258015343	val	0.34	False
ecoli50_r005245	47.18	1.6737579365495767	train	0.5	False
ecoli50_r005246	564.8	2.751894688043748	train	0.42	False
ecoli50_r005247	96.21	1.9832202146481028	test	0.46	False
ecoli50_r005248	1696.05	3.2294386512249487	train	0.38	False
ecoli50_r005249	1586.51	3.200442813865446	train	0.26	False
ecoli50_r005250	485.89	2.686537961031499	test	0.3	False
ecoli50_r005251	288.85	2.460672371877432	val	0.46	False
ecoli50_r005252	48.11	1.682235356902564	test	0.42	False
ecoli50_r005253	150.33	2.177045657462139	train	0.36	False
ecoli50_r005254	53.87	1.731346975545955	val	0.46	False
ecoli50_r005255	53.68	1.7298125071609356	val	0.2	False
ecoli50_r005256	67.79	1.8311656339094424	train	0.48	False
ecoli50_r005257	939.95	2.9731047522149807	train	0.26	False
ecoli50_r005258	132.29	2.1215270164553788	train	0.28	False
ecoli50_r005259	316.72	2.5006754887441485	train	0.36	False
ecoli50_r005260	1395.79	3.1448200825409924	train	0.34	False
ecoli50_r005261	1001.73	3.0007506803022954	test	0.3	False
ecoli50_r005262	194.58	2.2890981990566166	train	0.42	False
ecoli50_r005263	79.92	1.9026554752179257	train	0.38	False
ecoli50_r005264	63.94	1.805772631935669	test	0.38	False
ecoli50_r005265	159.75	2.2034408668304377	val	0.34	False
ecoli50_r005266	212.47	2.3272976178958547	train	0.4	False
ecoli50_r005267	100.65	2.0028137792246734	train	0.34	False
ecoli50_r005268	114.25	2.057856208741888	train	0.36	False
ecoli50_r005269	144.32	2.159326520197866	train	0.3	False
ecoli50_r005270	137.65	2.138776215729349	train	0.34	False
ecoli50_r005271	191.58	2.2823501689230885	val	0.32	False
ecoli50_r005272	48.11	1.682235356902564	train	0.22	False
ecoli50_r005273	204.46	2.310608356458524	train	0.44	False
ecoli50_r005274	126.74	2.1029137027892206	train	0.34	False
ecoli50_r005275	53.68	1.7298125071609356	train	0.5	False
ecoli50_r005276	93.94	1.97285055584723	train	0.32	False
ecoli50_r005277	172.76	2.237443195375461	train	0.5	False
ecoli50_r005278	81.73	1.9123814989188004	val	0.48	False
ecoli50_r005279	141.18	2.149773177559665	test	0.48	False
ecoli50_r005280	5034.1	3.701921838351167	train	0.42	True
ecoli50_r005281	40.87	1.6114046377115934	test	0.46	False
ecoli50_r005282	749.94	2.8750265184433315	train	0.48	False
ecoli50_r005283	1050.78	3.02151179805741	val	0.38	False
ecoli50_r005284	207.79	2.3176246430800584	train	0.46	False
ecoli50_r005285	110.36	2.042811691807148	train	0.44	False
ecoli50_r005286	66.87	1.8252313231999	train	0.36	False
ecoli50_r005287	35.29	1.547651658359969	train	0.44	False
ecoli50_r005288	35.29	1.547651658359969	val	0.38	False
ecoli50_r005289	144.32	2.159326520197866	val	0.32	False
ecoli50_r005290	70.45	1.8478809974453752	train	0.44	False
ecoli50_r005291	16.72	1.2232362731029975	train	0.42	False
ecoli50_r005292	78.84	1.896746615607405	val	0.42	False
ecoli50_r005293	126.32	2.1014721170002377	train	0.54	False
ecoli50_r005294	48.11	1.682235356902564	val	0.48	False
ecoli50_r005295	61.9	1.791690649020118	train	0.52	False
ecoli50_r005296	45.15	1.6546577546495247	train	0.6	False
ecoli50_r005297	28.0	1.4471580313422192	val	0.56	False
ecoli50_r005298	53.19	1.7258299903205805	train	0.42	False
ecoli50_r005299	79.58	1.9008039348103696	train	0.5	False
ecoli50_r005300	39.89	1.6008640363098396	train	0.5	False
ecoli50_r005301	106.38	2.026859985984561	train	0.6	False
ecoli50_r005302	92.88	1.967922206730517	train	0.36	False
ecoli50_r005303	167.54	2.2241185111063806	train	0.36	False
ecoli50_r005304	51.58	1.7124813378019186	test	0.52	False
ecoli50_r005305	48.63	1.6869042695681773	val	0.52	False
ecoli50_r005306	404.96	2.607412127814179	train	0.46	False
ecoli50_r005307	104.0	2.0170333392987803	train	0.48	False
ecoli50_r005308	42.55	1.6288995644206066	train	0.5	False
ecoli50_r005309	52.01	1.7160868537748322	train	0.46	False
ecoli50_r005310	84.19	1.9252605095194355	test	0.44	False
ecoli50_r005311	40.26	1.6048737705526357	train	0.38	False
ecoli50_r005312	107.74	2.032376971209936	train	0.36	False
ecoli50_r005313	141.18	2.149773177559665	train	0.5	False
ecoli50_r005314	781.68	2.893029000276479	test	0.38	False
ecoli50_r005315	2214.2	3.3452168464313448	train	0.42	False
ecoli50_r005316	493.16	2.6929878439095702	train	0.48	False
ecoli50_r005317	35.37	1.5486350598147516	train	0.48	False
ecoli50_r005318	616.72	2.790088032663043	train	0.32	False
ecoli50_r005319	616.72	2.790088032663043	train	0.32	False
ecoli50_r005320	181.16	2.25806231201092	train	0.6	False
ecoli50_r005321	59.84	1.776991584856405	val	0.48	False
ecoli50_r005322	27.88	1.4452927694259718	train	0.5	False
ecoli50_r005323	432.96	2.636447774917529	train	0.48	False
ecoli50_r005324	806.8	2.906765889540728	train	0.34	False
ecoli50_r005325	181.16	2.25806231201092	val	0.44	False
ecoli50_r005326	806.8	2.906765889540728	test	0.28	False
ecoli50_r005327	156.21	2.193708832395355	val	0.42	False
ecoli50_r005328	74.46	1.8719230318823732	train	0.5	False
ecoli50_r005329	336.75	2.5273076043950238	train	0.6	False
ecoli50_r005330	106.57	2.027634965777544	val	0.44	False
ecoli50_r005331	67.37	1.8284665473526784	test	0.38	False
ecoli50_r005332	72.16	1.8582965245338852	val	0.6	False
ecoli50_r005333	89.09	1.9498289589353135	train	0.5	False
ecoli50_r005334	88.42	1.9465505105698555	test	0.48	False
ecoli50_r005335	212.21	2.3267658453640534	train	0.48	False
ecoli50_r005336	255.3	2.40705081480425	train	0.48	False
ecoli50_r005337	45.21	1.6552345070342942	train	0.44	False
ecoli50_r005338	92.88	1.967922206730517	train	0.46	False
ecoli50_r005339	114.25	2.057856208741888	train	0.38	False
ecoli50_r005340	21996.47	4.3423529907073215	train	0.52	False
ecoli50_r005341	1211.16	3.0832015193008666	train	0.38	False
ecoli50_r005342	11001.49	4.041451508336022	train	0.48	False
ecoli50_r005343	11001.49	4.041451508336022	train	0.44	False
ecoli50_r005344	510.64	2.708114831421749	train	0.38	False
ecoli50_r005345	87.23	1.9406658724758288	train	0.42	False
ecoli50_r005346	318.32	2.502863926138332	val	0.38	False
ecoli50_r005347	165.06	2.217641840773328	val	0.48	False
ecoli50_r005348	30.19	1.4798631130230977	train	0.42	False
ecoli50_r005349	42.55	1.6288995644206066	test	0.52	False
ecoli50_r005350	73.69	1.8674085565227911	train	0.5	False
ecoli50_r005351	120.74	2.081851171517454	train	0.56	False
ecoli50_r005352	187.16	2.2722130365201427	train	0.38	False
ecoli50_r005353	85.45	1.931712067056756	train	0.52	False
ecoli50_r005354	78.02	1.8922059459757723	val	0.6	False
ecoli50_r005355	53.19	1.7258299903205805	train	0.46	False
ecoli50_r005356	96.21	1.9832202146481028	val	0.4	False
ecoli50_r005357	37.23	1.5708930362183922	val	0.54	False
ecoli50_r005358	45.21	1.6552345070342942	train	0.62	False
ecoli50_r005359	76.68	1.884682104206025	train	0.54	False
ecoli50_r005360	289.43	2.4615435446102523	test	0.46	False
ecoli50_r005361	76.17	1.8817839555933848	train	0.44	False
ecoli50_r005362	44.21	1.645520514905874	test	0.48	False
ecoli50_r005363	1411.78	3.149767025164735	train	0.46	False
ecoli50_r005364	84.19	1.9252605095194355	train	0.42	False
ecoli50_r005365	132.97	2.123753668755841	train	0.54	False
ecoli50_r005366	2232.84	3.34885760367749	train	0.68	False
ecoli50_r005367	26.01	1.4151403521958728	test	0.54	False
ecoli50_r005368	50.32	1.7017406324372124	train	0.52	False
ecoli50_r005369	97.07	1.987085029624122	val	0.54	False
ecoli50_r005370	580.39	2.763719921025807	test	0.32	False
ecoli50_r005371	2755441.06	6.440191125726022	test	0.36	False
ecoli50_r005372	532.83	2.726588668991952	train	0.26	False
ecoli50_r005373	142.28	2.153143856513742	train	0.56	False
ecoli50_r005374	104.03	2.017158598487814	train	0.36	False
ecoli50_r005375	278.45	2.444747222225778	train	0.32	False
ecoli50_r005376	211.77	2.3258644366153463	train	0.14	False
ecoli50_r005377	94.21	1.974097003794131	train	0.4	False
ecoli50_r005378	46.54	1.667826378950711	train	0.44	False
ecoli50_r005379	64.34	1.808481056565951	val	0.48	False
ecoli50_r005380	163.47	2.213438062623771	train	0.4	False
ecoli50_r005381	3589.96	3.5550896096156297	train	0.28	False
ecoli50_r005382	78.02	1.8922059459757723	train	0.52	False
ecoli50_r005383	83.77	1.9230885154423996	train	0.46	False
ecoli50_r005384	401.69	2.6038910201835583	train	0.44	False
ecoli50_r005385	129.1	2.1109262422664203	train	0.42	False
ecoli50_r005386	312.42	2.494738828059336	train	0.54	False
ecoli50_r005387	226.63	2.3553173987845595	test	0.3	False
ecoli50_r005388	46.97	1.671820560183249	train	0.34	False
ecoli50_r005389	492.22	2.6921592560818834	train	0.54	False
ecoli50_r005390	764.61	2.883439973667863	train	0.42	False
ecoli50_r005391	106.57	2.027634965777544	train	0.34	False
ecoli50_r005392	279.73	2.446739045333934	val	0.4	False
ecoli50_r005393	28.52	1.455149521179828	train	0.34	False
ecoli50_r005394	151.58	2.1806419027298323	train	0.5	False
ecoli50_r005395	91.37	1.9608036249117695	train	0.52	False
ecoli50_r005396	20.13	1.3038437748886544	train	0.5	False
ecoli50_r005397	84.19	1.9252605095194355	train	0.4	False
ecoli50_r005398	132.29	2.1215270164553788	train	0.34	False
ecoli50_r005399	247.32	2.393259237826838	train	0.66	False
ecoli50_r005400	226.36	2.3547996852632904	train	0.38	False
ecoli50_r005401	754.84	2.8778549059589653	test	0.6	False
ecoli50_r005402	128.98	2.110522372601323	train	0.44	False
ecoli50_r005403	96.21	1.9832202146481028	train	0.44	False
ecoli50_r005404	36.46	1.5618166643189575	test	0.6	False
ecoli50_r005405	100.21	2.000911062131223	train	0.46	False
ecoli50_r005406	72.16	1.8582965245338852	train	0.48	False
ecoli50_r005407	9308.72	3.968889967216088	train	0.52	False
ecoli50_r005408	29.72	1.4730488050885375	train	0.28	False
ecoli50_r005409	419.36	2.622587003602525	train	0.42	False
ecoli50_r005410	132.29	2.1215270164553788	test	0.4	False
ecoli50_r005411	201.18	2.303584803812464	test	0.4	False
ecoli50_r005412	1561.18	3.193452978975292	train	0.36	False
ecoli50_r005413	39.89	1.6008640363098396	train	0.3	False
ecoli50_r005414	602.09	2.779661414151369	val	0.5	False
ecoli50_r005415	85.45	1.931712067056756	train	0.2	False
ecoli50_r005416	74.46	1.8719230318823732	train	0.4	False
ecoli50_r005417	69.14	1.839729375206388	val	0.46	False
ecoli50_r005418	768.26	2.88550822192751	train	0.36	False
ecoli50_r005419	73.81	1.8681152053272168	val	0.4	False
ecoli50_r005420	493.1	2.692935002531138	val	0.34	True
ecoli50_r005421	63.16	1.8004421213362567	train	0.38	False
ecoli50_r005422	36.08	1.557266528869904	test	0.42	False
ecoli50_r005423	360.8	2.557266528869904	train	0.38	False
ecoli50_r005424	272.61	2.4355417827721806	train	0.42	False
ecoli50_r005425	328.73	2.5168393397370283	train	0.38	True
ecoli50_r005426	232.52	2.3664603142843506	train	0.4	False
ecoli50_r005427	889.98	2.949380247108695	train	0.3	False
ecoli50_r005428	639.01	2.8055076545759854	train	0.3	False
ecoli50_r005429	81.73	1.9123814989188004	train	0.52	False
ecoli50_r005430	61.9	1.791690649020118	test	0.42	False
ecoli50_r005431	156.35	2.194097885578952	train	0.5	False
ecoli50_r005432	45.29	1.6560023206829573	test	0.32	False
ecoli50_r005433	548.52	2.7391924673369554	train	0.32	False
ecoli50_r005434	35.37	1.5486350598147516	train	0.4	False
ecoli50_r005435	70.59	1.848743181895684	train	0.28	False
ecoli50_r005436	42.25	1.6258267132857112	train	0.5	False
ecoli50_r005437	42.25	1.6258267132857112	test	0.52	False
ecoli50_r005438	76.17	1.8817839555933848	train	0.52	False
ecoli50_r005439	70.59	1.848743181895684	train	0.32	False
ecoli50_r005440	99.73	1.998825819040286	test	0.42	False
ecoli50_r005441	168.37	2.226264711895694	train	0.42	False
ecoli50_r005442	156.9	2.1956229435869368	train	0.5	False
ecoli50_r005443	57.03	1.7561033715851055	val	0.66	False
ecoli50_r005444	89.16	1.9501700598082	train	0.46	False
ecoli50_r005445	85.45	1.931712067056756	train	0.46	False
ecoli50_r005446	464.4	2.666892211066536	train	0.52	False
ecoli50_r005447	82.53	1.916611845109346	test	0.46	False
ecoli50_r005448	53.05	1.7246853882373594	train	0.48	False
ecoli50_r005449	221.42	2.3452168464313448	train	0.42	False
ecoli50_r005450	33.44	1.5242662687669788	train	0.32	False
ecoli50_r005451	41.94	1.6226284261293251	train	0.48	False
ecoli50_r005452	72.16	1.8582965245338852	train	0.5	False
ecoli50_r005453	226.05	2.354204511370313	test	0.5	False
ecoli50_r005454	406.88	2.6094663428316336	train	0.42	False
ecoli50_r005455	48.11	1.682235356902564	test	0.44	False
ecoli50_r005456	122.6	2.0884904701823963	train	0.46	False
ecoli50_r005457	4911.5	3.69121414838279	train	0.42	True
ecoli50_r005458	251.61	2.4007278977371214	val	0.36	False
ecoli50_r005459	52.01	1.7160868537748322	train	0.52	False
ecoli50_r005460	92.88	1.967922206730517	test	0.5	False
ecoli50_r005461	70.74	1.8496650554787328	train	0.52	False
ecoli50_r005462	23.93	1.3789426986134374	train	0.5	False
ecoli50_r005463	42.55	1.6288995644206066	train	0.5	False
ecoli50_r005464	33.44	1.5242662687669788	train	0.5	False
ecoli50_r005465	41.26	1.6155292236371328	train	0.44	False
ecoli50_r005466	79.58	1.9008039348103696	train	0.48	False
ecoli50_r005467	67.79	1.8311656339094424	train	0.56	False
ecoli50_r005468	96.21	1.9832202146481028	train	0.44	False
ecoli50_r005469	475.55	2.6771961860105447	train	0.38	False
ecoli50_r005470	59.84	1.776991584856405	val	0.42	False
ecoli50_r005471	64.84	1.8118430061764772	test	0.52	False
ecoli50_r005472	601.34	2.779120093254271	val	0.4	False
ecoli50_r005473	63.83	1.8050248444298047	train	0.48	False
ecoli50_r005474	37.23	1.5708930362183922	train	0.38	False
ecoli50_r005475	168.37	2.226264711895694	train	0.44	False
ecoli50_r005476	181.43	2.2587091005698268	val	0.38	False
ecoli50_r005477	8275.61	3.917800015725101	train	0.38	False
ecoli50_r005478	604.22	2.7811950965511025	train	0.42	False
ecoli50_r005479	1526.95	3.183824816310111	train	0.36	False
ecoli50_r005480	244.34	2.387994569541032	train	0.52	False
ecoli50_r005481	55.73	1.7460890430562002	test	0.52	False
ecoli50_r005482	89.0	1.9493900066449128	train	0.56	False
ecoli50_r005483	41.07	1.6135247028536523	train	0.52	False
ecoli50_r005484	72.16	1.8582965245338852	train	0.5	False
ecoli50_r005485	1359.02	3.1332258480685686	val	0.46	False
ecoli50_r005486	111.52	2.047352760753934	train	0.46	False
ecoli50_r005487	215.16	2.332761535609808	train	0.42	False
ecoli50_r005488	50.16	1.70035752782266	train	0.56	False
ecoli50_r005489	170.95	2.2328691051326133	train	0.44	False
ecoli50_r005490	60.42	1.7811807209372617	val	0.58	False
ecoli50_r005491	444.99	2.6483502514447137	train	0.36	True
ecoli50_r005492	251.56	2.4006415860565102	train	0.34	True
ecoli50_r005493	62.9	1.7986506454452689	train	0.38	False
ecoli50_r005494	40.26	1.6048737705526357	train	0.36	False
ecoli50_r005495	188.64	2.2756337877510138	train	0.38	False
ecoli50_r005496	204.34	2.3103533890449945	train	0.58	False
ecoli50_r005497	68.73	1.83714634390906	train	0.5	False
ecoli50_r005498	38.91	1.5900612308037425	train	0.48	False
ecoli50_r005499	93.08	1.9688563746146923	train	0.4	False
ecoli50_r005500	551.17	2.741285571038488	test	0.48	False
ecoli50_r005501	906.51	2.957372599298449	test	0.58	False
ecoli50_r005502	452.09	2.655224900768312	train	0.54	False
ecoli50_r005503	164.88	2.2171679787711565	train	0.48	False
ecoli50_r005504	371.52	2.56998219805848	train	0.32	True
ecoli50_r005505	530.07	2.7243332254617747	train	0.46	True
ecoli50_r005506	42.55	1.6288995644206066	train	0.52	False
ecoli50_r005507	390.1	2.5911759503117917	train	0.5	False
ecoli50_r005508	50.11	1.6999244027424767	train	0.4	False
ecoli50_r005509	78.02	1.8922059459757723	train	0.48	False
ecoli50_r005510	631.58	2.8004283689183294	val	0.36	False
ecoli50_r005511	230.34	2.3623693625010485	train	0.28	False
ecoli50_r005512	881.74	2.9453405429418	train	0.46	False
ecoli50_r005513	179.79	2.2547655324161475	train	0.42	False
ecoli50_r005514	218.07	2.338595923576831	train	0.54	False
ecoli50_r005515	40.26	1.6048737705526357	train	0.5	False
ecoli50_r005516	204.46	2.310608356458524	train	0.58	False
ecoli50_r005517	492.26	2.6921945473611086	val	0.46	False
ecoli50_r005518	238.74	2.377925189530032	train	0.34	False
ecoli50_r005519	78.84	1.896746615607405	train	0.52	False
ecoli50_r005520	39.05	1.5916210382133191	train	0.38	False
ecoli50_r005521	49.37	1.693463127219531	train	0.54	False
ecoli50_r005522	24.15	1.382917135087531	train	0.58	False
ecoli50_r005523	146.27	2.1651552613920657	train	0.46	False
ecoli50_r005524	1046.71	3.0198263733261506	val	0.42	False
ecoli50_r005525	90.95	1.9588027033995024	test	0.54	False
ecoli50_r005526	231.37	2.3643070465816085	val	0.58	False
ecoli50_r005527	108.98	2.03734680356809	train	0.36	False
ecoli50_r005528	138.53	2.141543834220653	train	0.34	False
ecoli50_r005529	855.49	2.932214937348537	train	0.38	False
ecoli50_r005530	620.74	2.792909731883789	val	0.4	False
ecoli50_r005531	85.45	1.931712067056756	test	0.34	False
ecoli50_r005532	240.2	2.3805730030668872	train	0.42	False
ecoli50_r005533	112.96	2.0529246837077286	test	0.42	False
ecoli50_r005534	19.65	1.2933625547114456	train	0.52	False
ecoli50_r005535	131.65	2.119420863442087	train	0.48	False
ecoli50_r005536	131.65	2.119420863442087	train	0.52	False
ecoli50_r005537	55.85	1.7470231774516278	val	0.52	False
ecoli50_r005538	435.03	2.6385192072654595	val	0.36	False
ecoli50_r005539	397.89	2.599763024345199	train	0.44	False
ecoli50_r005540	205.89	2.3136352536103337	test	0.52	False
ecoli50_r005541	336.75	2.5273076043950238	train	0.48	False
ecoli50_r005542	120.0	2.0791812460476247	train	0.38	False
ecoli50_r005543	58.51	1.7672300981107183	train	0.46	False
ecoli50_r005544	3854.58	3.585977063678932	train	0.38	False
ecoli50_r005545	252.56	2.402364568884161	train	0.36	False
ecoli50_r005546	136.43	2.1349098791318784	val	0.5	False
ecoli50_r005547	84.19	1.9252605095194355	train	0.44	False
ecoli50_r005548	1144.96	3.0587903145512603	train	0.48	True
ecoli50_r005549	107.74	2.032376971209936	train	0.42	False
ecoli50_r005550	39.01	1.5911759503117913	train	0.4	False
ecoli50_r005551	60.13	1.7790912038454991	test	0.46	False
ecoli50_r005552	143.16	2.1558216897179667	train	0.46	False
ecoli50_r005553	325.02	2.5119100859708463	train	0.42	False
ecoli50_r005554	318.71	2.5033956903224466	val	0.36	True
ecoli50_r005555	260.85	2.416390841058394	train	0.56	False
ecoli50_r005556	260.85	2.416390841058394	train	0.58	False
ecoli50_r005557	137.55	2.1384605947257023	train	0.58	False
ecoli50_r005558	130.03	2.1140435625480776	train	0.58	False
ecoli50_r005559	114.07	2.057171441547266	val	0.42	False
ecoli50_r005560	26.84	1.4287825114969546	test	0.48	False
ecoli50_r005561	85.25	1.9306943876645355	train	0.32	False
ecoli50_r005562	413.63	2.6166120299939237	train	0.42	False
ecoli50_r005563	350.74	2.544985297642722	train	0.46	False
ecoli50_r005564	2601.69	3.4152555476790822	train	0.48	False
ecoli50_r005565	1433.3	3.1563371008708097	test	0.18	False
ecoli50_r005566	150.33	2.177045657462139	train	0.28	False
ecoli50_r005567	401.43	2.6036098254200373	train	0.42	True
ecoli50_r005568	67.79	1.8311656339094424	train	0.48	False
ecoli50_r005569	73.69	1.8674085565227911	val	0.38	False
ecoli50_r005570	188.71	2.275794914631003	train	0.46	False
ecoli50_r005571	759.2	2.880356199419236	train	0.46	False
ecoli50_r005572	90.42	1.9562645026982757	val	0.46	False
ecoli50_r005573	148.61	2.172048034180256	train	0.48	False
ecoli50_r005574	69.14	1.839729375206388	train	0.56	False
ecoli50_r005575	63.83	1.8050248444298047	train	0.52	False
ecoli50_r005576	45.04	1.6535983818432898	train	0.52	False
ecoli50_r005577	21.28	1.3279716236230106	train	0.34	False
ecoli50_r005578	59.44	1.7740788007525188	train	0.42	False
ecoli50_r005579	48.3	1.683947130751512	test	0.4	False
ecoli50_r005580	111.46	2.047119038720181	train	0.46	False
ecoli50_r005581	132.29	2.1215270164553788	test	0.34	False
ecoli50_r005582	297.85	2.473997604434864	train	0.44	True
ecoli50_r005583	63.16	1.8004421213362567	train	0.42	False
ecoli50_r005584	271.26	2.433385757417938	train	0.38	False
ecoli50_r005585	150.32	2.177016767092469	train	0.46	False
ecoli50_r005586	67.79	1.8311656339094424	train	0.54	False
ecoli50_r005587	348.78	2.542551573340032	val	0.42	False
ecoli50_r005588	152.32	2.182756931040399	train	0.54	False
ecoli50_r005589	1142.54	3.0578714135341696	train	0.42	False
ecoli50_r005590	2212.93	3.3449676764240728	val	0.38	False
ecoli50_r005591	188.82	2.276047993296864	train	0.56	False
ecoli50_r005592	50.53	1.7035492982382303	train	0.46	False
ecoli50_r005593	196.79	2.294003025725598	train	0.44	False
ecoli50_r005594	215.48	2.333406966873917	train	0.46	False
ecoli50_r005595	85.1	1.929929560084588	train	0.42	False
ecoli50_r005596	91.08	1.9594230219431048	train	0.54	False
ecoli50_r005597	92.84	1.96773513178388	train	0.5	False
ecoli50_r005598	171.1	2.2332500095411003	val	0.38	False
ecoli50_r005599	286.07	2.4564723159751454	train	0.58	False
ecoli50_r005600	2381.3	3.3768141119681974	train	0.38	False
ecoli50_r005601	1344.31	3.128499429257318	train	0.44	False
ecoli50_r005602	728.18	2.86223874654393	train	0.5	False
ecoli50_r005603	66.87	1.8252313231999	train	0.38	False
ecoli50_r005604	104.0	2.0170333392987803	train	0.38	False
ecoli50_r005605	58.95	1.770483809431108	train	0.44	False
ecoli50_r005606	130.86	2.116806915962344	train	0.48	False
ecoli50_r005607	481.07	2.682208274714465	train	0.34	False
ecoli50_r005608	50.11	1.6999244027424767	train	0.58	False
ecoli50_r005609	60.13	1.7790912038454991	train	0.56	False
ecoli50_r005610	227.62	2.3572104190061216	test	0.5	False
ecoli50_r005611	189.48	2.277563376055919	test	0.56	False
ecoli50_r005612	260.06	2.415073558212059	train	0.58	False
ecoli50_r005613	102.57	2.011020355516257	train	0.46	False
ecoli50_r005614	77.16	1.8873922189718468	train	0.32	False
ecoli50_r005615	164.39	2.215875395461276	val	0.34	False
ecoli50_r005616	8964.78	3.952539636234134	val	0.52	True
ecoli50_r005617	27841.97	4.444699961177764	train	0.42	True
ecoli50_r005618	67.1	1.826722520168992	train	0.46	False
ecoli50_r005619	1093.68	3.038890270294055	train	0.48	False
ecoli50_r005620	67.79	1.8311656339094424	train	0.58	False
ecoli50_r005621	73.81	1.8681152053272168	train	0.48	False
ecoli50_r005622	207.8	2.3176455432211585	train	0.4	False
ecoli50_r005623	118.48	2.073645045513152	train	0.5	False
ecoli50_r005624	248.26	2.394906751054026	train	0.44	False
ecoli50_r005625	60.13	1.7790912038454991	val	0.56	False
ecoli50_r005626	211.77	2.3258644366153463	train	0.48	False
ecoli50_r005627	25.16	1.4007106367732314	train	0.56	False
ecoli50_r005628	25.16	1.4007106367732314	test	0.4	False
ecoli50_r005629	90.58	1.9570323163469383	train	0.46	False
ecoli50_r005630	654.92	2.816188253151372	val	0.36	False
ecoli50_r005631	1797.64	3.254702723177206	val	0.5	False
ecoli50_r005632	1797.64	3.254702723177206	test	0.54	False
ecoli50_r005633	242.0	2.383815365980431	train	0.48	False
ecoli50_r005634	58.95	1.770483809431108	train	0.54	False
ecoli50_r005635	257.96	2.4115523682653044	test	0.48	False
ecoli50_r005636	2272.91	3.356582239386558	train	0.46	True
ecoli50_r005637	40.25	1.6047658847038873	val	0.38	False
ecoli50_r005638	87.92	1.9440876794154345	train	0.42	False
ecoli50_r005639	98.4	1.9929950984313416	val	0.5	False
ecoli50_r005640	1170.29	3.06829349404848	train	0.38	False
ecoli50_r005641	33.6	1.526339277389844	val	0.4	False
ecoli50_r005642	1607.59	3.206175296003248	train	0.4	False
ecoli50_r005643	99.94	1.999739345106568	train	0.48	False
ecoli50_r005644	511.38	2.708743738826242	val	0.42	False
ecoli50_r005645	43.59	1.639386869017684	train	0.42	False
ecoli50_r005646	681.16	2.83324913681063	test	0.38	False
ecoli50_r005647	180.4	2.256236533205923	test	0.48	False
ecoli50_r005648	167.74	2.2246366386814405	train	0.44	False
ecoli50_r005649	154.41	2.188675422969832	train	0.5	False
ecoli50_r005650	288.64	2.460356515861848	test	0.32	False
ecoli50_r005651	9319.78	3.9694056606465016	train	0.44	False
ecoli50_r005652	58.51	1.7672300981107183	test	0.48	False
ecoli50_r005653	151.58	2.1806419027298323	train	0.44	False
ecoli50_r005654	157.68	2.197776611271387	val	0.42	False
ecoli50_r005655	70.59	1.848743181895684	train	0.56	False
ecoli50_r005656	36.9	1.5670263661590604	train	0.46	False
ecoli50_r005657	38.81	1.588943642740015	train	0.44	False
ecoli50_r005658	106.11	2.025756314534414	test	0.44	False
ecoli50_r005659	56.47	1.7518177877368792	train	0.44	False
ecoli50_r005660	102.39	2.010257542998301	train	0.46	False
ecoli50_r005661	120.77	2.0819590663004783	val	0.52	False
ecoli50_r005662	78.17	1.8930401119571176	train	0.5	False
ecoli50_r005663	74.6	1.8727388274726688	train	0.3	False
ecoli50_r005664	94.74	1.9765333803919376	train	0.42	False
ecoli50_r005665	30.75	1.4878451201114355	train	0.3	False
ecoli50_r005666	83.59	1.922154325231059	val	0.42	False
ecoli50_r005667	1865.04	3.2706881506717767	train	0.48	False
ecoli50_r005668	97.06	1.9870402869792667	train	0.3	False
ecoli50_r005669	300.67	2.478090097590289	test	0.38	True
ecoli50_r005670	146.75	2.166578109919652	train	0.38	False
ecoli50_r005671	92.84	1.96773513178388	val	0.48	False
ecoli50_r005672	126.28	2.10133457322018	train	0.56	False
ecoli50_r005673	288.64	2.460356515861848	train	0.4	False
ecoli50_r005674	2502.8	3.398426146305484	val	0.46	False
ecoli50_r005675	126.65	2.102605194126567	test	0.34	False
ecoli50_r005676	108.24	2.0343877835895667	val	0.34	False
ecoli50_r005677	60.39	1.780965029608317	train	0.58	False
ecoli50_r005678	106.11	2.025756314534414	train	0.54	False
ecoli50_r005679	111.52	2.047352760753934	val	0.5	False
ecoli50_r005680	336.75	2.5273076043950238	val	0.38	False
ecoli50_r005681	624.15	2.7952889748486287	train	0.38	False
ecoli50_r005682	329.56	2.517934494185654	test	0.58	False
ecoli50_r005683	26.84	1.4287825114969546	train	0.52	False
ecoli50_r005684	256.72	2.4094597040874475	val	0.5	False
ecoli50_r005685	47.16	1.6735737964230517	train	0.54	False
ecoli50_r005686	42.72	1.6306312440205	test	0.54	False
ecoli50_r005687	42.72	1.6306312440205	train	0.42	False
ecoli50_r005688	179.48	2.2540160608610367	train	0.36	False
ecoli50_r005689	51.86	1.7148325124333326	val	0.5	False
ecoli50_r005690	1250.78	3.097180928247997	train	0.44	False
ecoli50_r005691	228.51	2.358905210313047	train	0.28	False
ecoli50_r005692	70.59	1.848743181895684	train	0.46	False
ecoli50_r005693	151.77	2.18118593412823	train	0.54	False
ecoli50_r005694	625.64	2.7963245073534795	train	0.54	False
ecoli50_r005695	625.64	2.7963245073534795	test	0.54	False
ecoli50_r005696	50.16	1.70035752782266	train	0.54	False
ecoli50_r005697	36.9	1.5670263661590604	val	0.5	False
ecoli50_r005698	58.95	1.770483809431108	train	0.42	False
ecoli50_r005699	30.07	1.4781334281005176	train	0.58	False
ecoli50_r005700	135.6	2.1322596895310446	test	0.48	False
ecoli50_r005701	232.2	2.365862215402555	train	0.48	False
ecoli50_r005702	265.64	2.4242934715668065	train	0.26	False
ecoli50_r005703	40.26	1.6048737705526357	train	0.54	False
ecoli50_r005704	57.59	1.7603470785299065	train	0.6	False
ecoli50_r005705	211.36	2.325022800270452	train	0.44	False
ecoli50_r005706	41.26	1.6155292236371328	train	0.44	False
ecoli50_r005707	58.51	1.7672300981107183	train	0.48	False
ecoli50_r005708	79.78	1.901894031973821	train	0.5	False
ecoli50_r005709	37.23	1.5708930362183922	train	0.48	False
ecoli50_r005710	63.32	1.8015409061903185	test	0.5	False
ecoli50_r005711	37.23	1.5708930362183922	test	0.52	False
ecoli50_r005712	252.63	2.402484922073764	train	0.4	False
ecoli50_r005713	68.73	1.83714634390906	train	0.42	False
ecoli50_r005714	95.74	1.9810934231459296	val	0.5	False
ecoli50_r005715	3668.07	3.564437614981532	train	0.36	False
ecoli50_r005716	3650.39	3.562339266045459	train	0.28	True
ecoli50_r005717	14393.04	4.158152532351303	train	0.32	False
ecoli50_r005718	14501.28	4.161406338262709	train	0.42	False
ecoli50_r005719	38.08	1.5806969397124366	val	0.32	False
ecoli50_r005720	613.01	2.787467559199321	train	0.34	False
ecoli50_r005721	260.58	2.4159410797458727	train	0.28	False
ecoli50_r005722	149.29	2.1740307180380256	val	0.42	False
ecoli50_r005723	778.33	2.8911637702449444	test	0.42	False
ecoli50_r005724	32.42	1.5108130105124962	test	0.46	False
ecoli50_r005725	50.53	1.7035492982382303	test	0.38	False
ecoli50_r005726	1025.95	3.011126195811642	val	0.46	False
ecoli50_r005727	206.46	2.3148359230045736	train	0.32	False
ecoli50_r005728	1911.16	3.281297047184963	train	0.34	False
ecoli50_r005729	3054.8	3.484982781930561	train	0.42	True
ecoli50_r005730	541.2	2.733357787925585	train	0.36	False
ecoli50_r005731	613.37	2.7877225307709	train	0.44	False
ecoli50_r005732	143.24	2.1560643123398653	train	0.42	False
ecoli50_r005733	1725.84	3.2370005304649223	train	0.38	False
ecoli50_r005734	309.82	2.491109449605496	train	0.46	False
ecoli50_r005735	103.9	2.0166155475571776	train	0.52	False
ecoli50_r005736	515.8	2.712481337801919	val	0.36	False
ecoli50_r005737	90.07	1.9545801627437571	train	0.42	False
ecoli50_r005738	330.31	2.5189217219780566	train	0.46	True
ecoli50_r005739	90.58	1.9570323163469383	train	0.42	False
ecoli50_r005740	1313.43	3.1184069317670624	val	0.4	False
ecoli50_r005741	162.71	2.211414245077976	train	0.4	False
ecoli50_r005742	364.09	2.5612087508799486	test	0.46	False
ecoli50_r005743	107.36	2.030842502824917	train	0.46	False
ecoli50_r005744	154.03	2.1876053154181485	train	0.48	False
ecoli50_r005745	117.42	2.0697420760416447	train	0.54	False
ecoli50_r005746	53.87	1.731346975545955	val	0.46	False
ecoli50_r005747	53.87	1.731346975545955	train	0.52	False
ecoli50_r005748	112.0	2.049218022670181	train	0.56	False
ecoli50_r005749	393.59	2.5950440557146157	train	0.54	False
ecoli50_r005750	105.05	2.0213960567419718	train	0.46	False
ecoli50_r005751	38.32	1.5834255004065068	train	0.54	False
ecoli50_r005752	88.42	1.9465505105698555	train	0.5	False
ecoli50_r005753	58.51	1.7672300981107183	test	0.46	False
ecoli50_r005754	18.04	1.2562365332059229	train	0.46	False
ecoli50_r005755	195.05	2.29014595464781	train	0.52	False
ecoli50_r005756	193.19	2.285984642487249	train	0.46	False
ecoli50_r005757	55.85	1.7470231774516278	train	0.5	False
ecoli50_r005758	5435.77	3.7352610724452897	train	0.44	False
ecoli50_r005759	47.87	1.6800634274819486	train	0.58	False
ecoli50_r005760	85.48	1.931864513492032	train	0.36	False
ecoli50_r005761	284.55	2.454158589944344	train	0.5	False
ecoli50_r005762	53.68	1.7298125071609356	test	0.5	False
ecoli50_r005763	4630.31	3.665610068076808	train	0.46	False
ecoli50_r005764	112.0	2.049218022670181	train	0.5	False
ecoli50_r005765	1407.4	3.1484175466913764	test	0.48	False
ecoli50_r005766	449.48	2.6527103721918768	train	0.6	False
ecoli50_r005767	68.63	1.8365139988906716	val	0.4	False
ecoli50_r005768	1364.04	3.1348271060422803	val	0.42	False
ecoli50_r005769	479.21	2.680525872193244	train	0.38	False
ecoli50_r005770	63.37	1.80188370712524	train	0.56	False
ecoli50_r005771	144.42	2.1596273406586737	val	0.36	False
ecoli50_r005772	47.18	1.6737579365495767	test	0.42	False
ecoli50_r005773	62.55	1.7962273140294387	train	0.46	False
ecoli50_r005774	33.13	1.52022143588196	test	0.5	False
ecoli50_r005775	166.95	2.2225864233903896	train	0.46	False
ecoli50_r005776	78.31	1.893817223967463	train	0.52	False
ecoli50_r005777	94.32	1.9746037920870327	train	0.48	False
ecoli50_r005778	76.63	1.8843988255566864	test	0.48	False
ecoli50_r005779	81.11	1.909074401400904	train	0.42	False
ecoli50_r005780	53.87	1.731346975545955	train	0.44	False
ecoli50_r005781	283.22	2.452123918449043	val	0.42	False
ecoli50_r005782	396.88	2.598659214028129	train	0.34	False
ecoli50_r005783	408.91	2.611627731468287	train	0.42	False
ecoli50_r005784	223.39	2.3490637281259508	train	0.48	False
ecoli50_r005785	2598.21	3.414674249953103	val	0.46	False
ecoli50_r005786	374.97	2.57399652277935	val	0.48	False
ecoli50_r005787	64.34	1.808481056565951	train	0.5	False
ecoli50_r005788	98.74	1.9944931228835123	val	0.42	False
ecoli50_r005789	98.74	1.9944931228835123	train	0.42	False
ecoli50_r005790	211.77	2.3258644366153463	test	0.4	False
ecoli50_r005791	211.36	2.325022800270452	train	0.48	False
ecoli50_r005792	1694.77	3.22911076772583	train	0.46	False
ecoli50_r005793	824.92	2.9164118331036253	train	0.54	False
ecoli50_r005794	1653.26	3.21834115828162	val	0.62	False
ecoli50_r005795	25963.69	4.414366415121961	train	0.38	True
ecoli50_r005796	4209.37	3.624217101537019	test	0.26	False
ecoli50_r005797	72.16	1.8582965245338852	train	0.32	False
ecoli50_r005798	306.38	2.486260411831544	train	0.58	False
ecoli50_r005799	628.74	2.7984710907409527	val	0.4	False
ecoli50_r005800	393.63	2.5950881902114293	val	0.62	False
ecoli50_r005801	34.57	1.5386993795424069	val	0.44	False
ecoli50_r005802	265.27	2.423688137388436	train	0.48	False
ecoli50_r005803	55.85	1.7470231774516278	train	0.44	False
ecoli50_r005804	763.38	2.882740777563016	train	0.48	False
ecoli50_r005805	150.33	2.177045657462139	train	0.4	False
ecoli50_r005806	44.21	1.645520514905874	train	0.36	False
ecoli50_r005807	120.25	2.0800850850458694	val	0.48	False
ecoli50_r005808	1201.04	3.0795574715910776	train	0.42	False
ecoli50_r005809	93.08	1.9688563746146923	train	0.44	False
ecoli50_r005810	583.3	2.7658919764300154	train	0.36	False
ecoli50_r005811	222.5	2.3473300153169503	test	0.38	False
ecoli50_r005812	90.58	1.9570323163469383	train	0.3	False
ecoli50_r005813	243.23	2.386017139806847	train	0.32	False
ecoli50_r005814	150.33	2.177045657462139	train	0.36	False
ecoli50_r005815	56.0	1.7481880270062005	train	0.6	False
ecoli50_r005816	101.06	2.004579293902212	train	0.44	False
ecoli50_r005817	67.1	1.826722520168992	test	0.48	False
ecoli50_r005818	112.95	2.052886235256382	train	0.38	False
ecoli50_r005819	126.32	2.1014721170002377	test	0.48	False
ecoli50_r005820	81.73	1.9123814989188004	train	0.38	False
ecoli50_r005821	284.55	2.454158589944344	train	0.54	False
ecoli50_r005822	73.69	1.8674085565227911	val	0.58	False
ecoli50_r005823	1061.81	3.0260468111580563	train	0.42	False
ecoli50_r005824	67.79	1.8311656339094424	val	0.46	False
ecoli50_r005825	31.03	1.4917817755841658	test	0.42	False
ecoli50_r005826	2583.75	3.4122504896353445	train	0.34	False
ecoli50_r005827	176.39	2.246473960229344	train	0.28	False
ecoli50_r005828	76.04	1.8810421081934057	train	0.36	False
ecoli50_r005829	79.58	1.9008039348103696	train	0.42	False
ecoli50_r005830	72.13	1.858115932190066	train	0.42	False
ecoli50_r005831	557.28	2.746073457114161	train	0.58	False
ecoli50_r005832	376.52	2.5757880500159898	train	0.28	False
ecoli50_r005833	124.28	2.094401244582937	train	0.36	False
ecoli50_r005834	83.29	1.9205928620848085	train	0.48	False
ecoli50_r005835	252.64	2.402502112664219	train	0.46	False
ecoli50_r005836	122.6	2.0884904701823963	train	0.42	False
ecoli50_r005837	37.23	1.5708930362183922	train	0.48	False
ecoli50_r005838	899.08	2.9537983369087217	train	0.46	False
ecoli50_r005839	126.32	2.1014721170002377	train	0.52	False
ecoli50_r005840	231.77	2.3650572207663254	train	0.38	False
ecoli50_r005841	261.08	2.416773604023939	val	0.36	True
ecoli50_r005842	635.32	2.8029925272271554	test	0.4	False
ecoli50_r005843	104.03	2.017158598487814	train	0.44	False
ecoli50_r005844	48.3	1.683947130751512	train	0.34	False
ecoli50_r005845	73.81	1.8681152053272168	train	0.54	False
ecoli50_r005846	70.59	1.848743181895684	train	0.4	False
ecoli50_r005847	42.74	1.6308345178280506	train	0.34	False
ecoli50_r005848	35.29	1.547651658359969	train	0.5	False
ecoli50_r005849	2396.31	3.379543000103204	test	0.5	False
ecoli50_r005850	161.03	2.206906792930864	train	0.44	False
ecoli50_r005851	147.61	2.169115780235715	test	0.46	False
ecoli50_r005852	180.4	2.256236533205923	train	0.34	False
ecoli50_r005853	60.13	1.7790912038454991	train	0.28	False
ecoli50_r005854	63.74	1.804412059137714	train	0.3	False
ecoli50_r005855	18.45	1.2659963704950792	train	0.48	False
ecoli50_r005856	33.55	1.5256925245050108	train	0.36	False
ecoli50_r005857	50.53	1.7035492982382303	train	0.44	False
ecoli50_r005858	109.03	2.037546012085827	train	0.54	False
ecoli50_r005859	39.89	1.6008640363098396	train	0.48	False
ecoli50_r005860	47.16	1.6735737964230517	train	0.5	False
ecoli50_r005861	50.11	1.6999244027424767	val	0.5	False
ecoli50_r005862	126.65	2.102605194126567	train	0.44	False
ecoli50_r005863	248.78	2.39581546348354	train	0.54	False
ecoli50_r005864	358.97	2.5550581550438687	train	0.42	False
ecoli50_r005865	248.26	2.394906751054026	val	0.52	False
ecoli50_r005866	12492.81	4.096660134950245	train	0.3	False
ecoli50_r005867	22.92	1.3602146132953523	train	0.42	False
ecoli50_r005868	14798.94	4.170230609405958	train	0.46	False
ecoli50_r005869	241.54	2.38298906196446	train	0.42	False
ecoli50_r005870	140.31	2.147088624628166	train	0.42	False
ecoli50_r005871	364.81	2.562066734495455	train	0.32	False
ecoli50_r005872	3005.6	3.477931182055328	val	0.5	False
ecoli50_r005873	100.31	2.0013442304116014	train	0.42	False
ecoli50_r005874	446.2	2.649529565947819	train	0.4	False
ecoli50_r005875	547.22	2.738161961758311	test	0.38	False
ecoli50_r005876	34.67	1.5399538416563967	test	0.38	False
ecoli50_r005877	2239.09	3.3500715503534035	train	0.36	False
ecoli50_r005878	1938.83	3.287539731049513	val	0.32	False
ecoli50_r005879	125.25	2.0977777345392834	train	0.34	False
ecoli50_r005880	52.0	1.7160033436347992	train	0.3	False
ecoli50_r005881	4968.54	3.696228790525117	train	0.36	False
ecoli50_r005882	72.16	1.8582965245338852	train	0.24	False
ecoli50_r005883	134.19	2.1277201528923197	train	0.26	False
ecoli50_r005884	342.2	2.5342800052050816	train	0.46	False
ecoli50_r005885	35.68	1.5524248457040857	train	0.52	False
ecoli50_r005886	71.8	1.8561244442423004	train	0.34	False
ecoli50_r005887	202.11	2.3055878020723406	train	0.32	False
ecoli50_r005888	55.76	1.746322765089953	train	0.54	False
ecoli50_r005889	92.82	1.9676415640830112	train	0.58	True
ecoli50_r005890	215.41	2.3332658607261734	test	0.4	False
ecoli50_r005891	215.41	2.3332658607261734	val	0.46	False
ecoli50_r005892	135.58	2.132195629573424	train	0.4	False
ecoli50_r005893	245.1	2.389343311252078	train	0.56	False
ecoli50_r005894	271.26	2.433385757417938	train	0.46	False
ecoli50_r005895	135.6	2.1322596895310446	train	0.48	False
ecoli50_r005896	135.6	2.1322596895310446	train	0.48	False
ecoli50_r005897	582.4	2.765221366304981	train	0.48	False
ecoli50_r005898	270.57	2.432279641645456	train	0.52	False
ecoli50_r005899	6193.69	3.791949464718129	val	0.48	False
ecoli50_r005900	130.03	2.1140435625480776	train	0.46	False
ecoli50_r005901	48.11	1.682235356902564	train	0.42	False
ecoli50_r005902	823.88	2.915863960322112	train	0.36	True
ecoli50_r005903	148.24	2.170965406310841	val	0.46	False
ecoli50_r005904	1662.55	3.22077471526691	train	0.38	False
ecoli50_r005905	479.07	2.68039897561208	train	0.36	False
ecoli50_r005906	689.7	2.8386602259889413	val	0.46	False
ecoli50_r005907	891.65	2.9501944139078504	train	0.44	False
ecoli50_r005908	191.43	2.282009999342054	val	0.36	False
ecoli50_r005909	1244.59	3.09502630720424	train	0.44	False
ecoli50_r005910	362.88	2.559763032876794	val	0.48	False
ecoli50_r005911	635.3	2.8029788553352617	train	0.52	False
ecoli50_r005912	30.19	1.4798631130230977	train	0.56	False
ecoli50_r005913	49.2	1.6919651027673603	train	0.5	False
ecoli50_r005914	148.93	2.172982189505869	train	0.6	False
ecoli50_r005915	180.84	2.2572944983622567	train	0.52	False
ecoli50_r005916	97.27	1.987978915875482	train	0.38	False
ecoli50_r005917	120.27	2.080157310970184	val	0.48	False
ecoli50_r005918	61.17	1.7865384804978024	train	0.46	False
ecoli50_r005919	108.24	2.0343877835895667	train	0.56	False
ecoli50_r005920	511.51	2.7088541285708896	train	0.42	False
ecoli50_r005921	54.8	1.7387805584843692	train	0.44	False
ecoli50_r005922	390.1	2.5911759503117917	test	0.5	False
ecoli50_r005923	1263.17	3.101461802727619	train	0.46	False
ecoli50_r005924	42.55	1.6288995644206066	train	0.38	False
ecoli50_r005925	42.55	1.6288995644206066	train	0.42	False
ecoli50_r005926	60.13	1.7790912038454991	test	0.5	False
ecoli50_r005927	278.64	2.44504346145018	train	0.5	False
ecoli50_r005928	61.9	1.791690649020118	train	0.48	False
ecoli50_r005929	102.23	2.009578360794542	test	0.44	False
ecoli50_r005930	1342.72	3.1279854578414263	train	0.38	True
ecoli50_r005931	109.6	2.0398105541483504	train	0.34	False
ecoli50_r005932	109.6	2.0398105541483504	train	0.36	False
ecoli50_r005933	393.63	2.5950881902114293	train	0.5	False
ecoli50_r005934	29.25	1.4661258704181992	test	0.56	False
ecoli50_r005935	120.25	2.0800850850458694	train	0.6	False
ecoli50_r005936	85.79	1.9334366678262804	train	0.48	False
ecoli50_r005937	60.05	1.7785130117389247	test	0.48	False
ecoli50_r005938	68.63	1.8365139988906716	train	0.42	False
ecoli50_r005939	248.26	2.394906751054026	train	0.44	False
ecoli50_r005940	60.13	1.7790912038454991	test	0.38	False
ecoli50_r005941	72.92	1.8628466599829387	train	0.54	False
ecoli50_r005942	90.42	1.9562645026982757	test	0.46	False
ecoli50_r005943	46.21	1.664735968518705	train	0.46	False
ecoli50_r005944	6722.96	3.827560527314376	train	0.44	False
ecoli50_r005945	6686.88	3.825223529599565	train	0.46	False
ecoli50_r005946	190.11	2.279004961844902	train	0.46	False
ecoli50_r005947	190.11	2.279004961844902	train	0.44	False
ecoli50_r005948	182.74	2.261833620575751	train	0.42	False
ecoli50_r005949	63.16	1.8004421213362567	train	0.62	False
ecoli50_r005950	188.26	2.2747580543520085	train	0.58	False
ecoli50_r005951	54.53	1.7366354976868212	train	0.54	False
ecoli50_r005952	201.9	2.305136318943639	val	0.5	False
ecoli50_r005953	138.53	2.141543834220653	train	0.56	False
ecoli50_r005954	379.94	2.579715018389665	val	0.48	False
ecoli50_r005955	177.99	2.2503956030571164	train	0.5	False
ecoli50_r005956	133.49	2.1254487330602623	test	0.48	False
ecoli50_r005957	176.48	2.2466954950961155	train	0.42	False
ecoli50_r005958	151.58	2.1806419027298323	train	0.44	False
ecoli50_r005959	1010.25	3.004428859114685	train	0.46	False
ecoli50_r005960	7420.14	3.870412099437232	test	0.52	False
ecoli50_r005961	107.45	2.031206419827462	test	0.44	False
ecoli50_r005962	54.69	1.7379079233746386	train	0.46	False
ecoli50_r005963	126.64	2.1025709018542997	train	0.48	False
ecoli50_r005964	70.74	1.8496650554787328	train	0.48	False
ecoli50_r005965	420.35	2.6236110517531817	train	0.56	False
ecoli50_r005966	3078.85	3.4883885308131832	train	0.38	True
ecoli50_r005967	10.17	1.0073209529227445	train	0.5	False
ecoli50_r005968	475.55	2.6771961860105447	test	0.46	False
ecoli50_r005969	495.05	2.694649064847641	val	0.48	False
ecoli50_r005970	35.22	1.546789351631258	train	0.44	False
ecoli50_r005971	95.74	1.9810934231459296	train	0.58	False
ecoli50_r005972	47.16	1.6735737964230517	train	0.42	False
ecoli50_r005973	300.51	2.477858928493696	train	0.52	False
ecoli50_r005974	109.6	2.0398105541483504	train	0.46	False
ecoli50_r005975	42.72	1.6306312440205	train	0.58	False
ecoli50_r005976	362.83	2.559703188795468	train	0.44	False
ecoli50_r005977	605.58	2.7821715236368854	train	0.52	False
ecoli50_r005978	38.32	1.5834255004065068	train	0.52	False
ecoli50_r005979	58.83	1.7695988483874463	test	0.36	False
ecoli50_r005980	166.26	2.220787776165875	val	0.52	True
ecoli50_r005981	72.94	1.8629657589777624	train	0.48	True
ecoli50_r005982	63.16	1.8004421213362567	train	0.46	False
ecoli50_r005983	56.35	1.7508939203821254	train	0.52	False
ecoli50_r005984	61.9	1.791690649020118	val	0.6	False
ecoli50_r005985	108.24	2.0343877835895667	train	0.42	False
ecoli50_r005986	78.11	1.8927066378056656	train	0.44	False
ecoli50_r005987	85.45	1.931712067056756	train	0.48	False
ecoli50_r005988	89.16	1.9501700598082	train	0.46	False
ecoli50_r005989	282.36	2.450803173223646	val	0.5	False
ecoli50_r005990	124.13	2.0938767553900446	train	0.52	False
ecoli50_r005991	107.23	2.0303163059885856	train	0.48	False
ecoli50_r005992	100.31	2.0013442304116014	train	0.44	False
ecoli50_r005993	199.81	2.3006172198065817	train	0.48	False
ecoli50_r005994	265.27	2.423688137388436	train	0.54	False
ecoli50_r005995	76.14	1.8816128724783483	train	0.54	False
ecoli50_r005996	30.19	1.4798631130230977	train	0.52	False
ecoli50_r005997	26.84	1.4287825114969546	train	0.54	False
ecoli50_r005998	1482.85	3.1710972215158706	train	0.46	False
ecoli50_r005999	1482.85	3.1710972215158706	val	0.46	False
ecoli50_r006000	156.04	2.1932359416397538	train	0.56	False
ecoli50_r006001	560.0	2.7481880270062	val	0.58	False
ecoli50_r006002	67.1	1.826722520168992	train	0.48	False
ecoli50_r006003	732.44	2.8647720539596886	train	0.46	False
ecoli50_r006004	29.72	1.4730488050885375	test	0.38	False
ecoli50_r006005	82.18	1.9147661369258528	train	0.52	False
ecoli50_r006006	82.18	1.9147661369258528	train	0.56	False
ecoli50_r006007	37.9	1.5786392099680724	train	0.36	False
ecoli50_r006008	101.55	2.0066799277408256	train	0.38	False
ecoli50_r006009	285.16	2.455088606040952	train	0.4	False
ecoli50_r006010	96.6	1.9849771264154932	train	0.52	False
ecoli50_r006011	53.05	1.7246853882373594	train	0.5	False
ecoli50_r006012	66.87	1.8252313231999	train	0.58	False
ecoli50_r006013	48.3	1.683947130751512	train	0.38	False
ecoli50_r006014	164.3	2.215637563435062	val	0.54	False
ecoli50_r006015	245.2	2.3895204658463776	train	0.42	False
ecoli50_r006016	264.47	2.422376415224179	train	0.42	False
ecoli50_r006017	22.29	1.3481100684802376	train	0.46	False
ecoli50_r006018	5219.62	3.717638886544346	train	0.34	False
ecoli50_r006019	390.87	2.592032338801554	train	0.3	False
ecoli50_r006020	222.5	2.3473300153169503	train	0.34	False
ecoli50_r006021	57.03	1.7561033715851055	train	0.34	False
ecoli50_r006022	5381.25	3.73088316879773	test	0.34	False
ecoli50_r006023	757.9	2.879611907065851	train	0.38	False
ecoli50_r006024	1003.1	3.0013442304116014	train	0.42	False
ecoli50_r006025	605.58	2.7821715236368854	val	0.42	False
ecoli50_r006026	97.27	1.987978915875482	train	0.56	False
ecoli50_r006027	242.0	2.383815365980431	train	0.46	False
ecoli50_r006028	804.57	2.9055638349996507	train	0.52	False
ecoli50_r006029	72.16	1.8582965245338852	test	0.42	False
ecoli50_r006030	33.44	1.5242662687669788	val	0.48	False
ecoli50_r006031	517.15	2.7136165290200505	test	0.34	True
ecoli50_r006032	377.27	2.576652272064337	train	0.44	False
ecoli50_r006033	132.29	2.1215270164553788	train	0.38	False
ecoli50_r006034	1076.4	3.031973689091717	train	0.48	False
ecoli50_r006035	58.51	1.7672300981107183	train	0.44	False
ecoli50_r006036	60.13	1.7790912038454991	test	0.52	False
ecoli50_r006037	50.32	1.7017406324372124	train	0.5	False
ecoli50_r006038	132.29	2.1215270164553788	train	0.26	False
ecoli50_r006039	1489.56	3.1730580014376693	train	0.3	False
ecoli50_r006040	451.0	2.6541765418779604	train	0.36	False
ecoli50_r006041	36.9	1.5670263661590604	train	0.32	False
ecoli50_r006042	258.58	2.41259493111848	train	0.52	False
ecoli50_r006043	258.58	2.41259493111848	train	0.52	False
ecoli50_r006044	836.86	2.922652810068573	train	0.54	False
ecoli50_r006045	347.77	2.5412921153423693	train	0.46	False
ecoli50_r006046	108.07	2.0337051514678524	train	0.48	False
ecoli50_r006047	117.22	2.0690017170456	train	0.5	False
ecoli50_r006048	244.9	2.388988785124714	train	0.6	False
ecoli50_r006049	123.79	2.0926855629374908	train	0.4	False
ecoli50_r006050	413.62	2.6166015302784342	train	0.54	False
ecoli50_r006051	10114.51	4.004944848110212	train	0.6	False
ecoli50_r006052	63.16	1.8004421213362567	val	0.48	False
ecoli50_r006053	84.19	1.9252605095194355	train	0.44	False
ecoli50_r006054	76.63	1.8843988255566864	train	0.54	False
ecoli50_r006055	3171.43	3.5012551300644827	train	0.38	False
ecoli50_r006056	3168.48	3.5008509701271726	train	0.42	False
ecoli50_r006057	117.01	2.0682229793464493	test	0.38	False
ecoli50_r006058	2756.56	3.4403674498845143	train	0.4	False
ecoli50_r006059	186.41	2.270469206453198	train	0.28	False
ecoli50_r006060	52.01	1.7160868537748322	test	0.36	False
ecoli50_r006061	2039.75	3.30957694180148	test	0.32	False
ecoli50_r006062	177.81	2.2499561819586806	train	0.4	False
ecoli50_r006063	60.13	1.7790912038454991	train	0.24	False
ecoli50_r006064	40.87	1.6114046377115934	val	0.44	False
ecoli50_r006065	1338.87	3.126738410452249	train	0.28	False
ecoli50_r006066	1211.16	3.0832015193008666	train	0.28	True
ecoli50_r006067	1211.16	3.0832015193008666	train	0.28	True
ecoli50_r006068	348.78	2.542551573340032	train	0.26	True
ecoli50_r006069	95.84	1.9815468050452365	train	0.54	False
ecoli50_r006070	73.13	1.8640955734242477	train	0.34	False
ecoli50_r006071	35.23	1.5469126431812426	train	0.4	False
ecoli50_r006072	106.11	2.025756314534414	train	0.44	False
ecoli50_r006073	77.12	1.8871670208947744	val	0.42	False
ecoli50_r006074	47.87	1.6800634274819486	train	0.46	False
ecoli50_r006075	48.3	1.683947130751512	train	0.6	False
ecoli50_r006076	241.55	2.3830070418225384	train	0.42	False
ecoli50_r006077	322.07	2.507950273279053	train	0.38	False
ecoli50_r006078	323.18	2.5094444766124626	train	0.48	False
ecoli50_r006079	48.11	1.682235356902564	train	0.36	False
ecoli50_r006080	855.49	2.932214937348537	test	0.4	True
ecoli50_r006081	43.96	1.643057683751453	val	0.44	False
ecoli50_r006082	116.41	2.0659902892337763	val	0.48	False
ecoli50_r006083	661.31	2.820405089938192	test	0.42	False
ecoli50_r006084	144.32	2.159326520197866	test	0.4	False
ecoli50_r006085	153.27	2.185457157401926	train	0.42	False
ecoli50_r006086	110.71	2.0441868507673635	train	0.54	False
ecoli50_r006087	63.74	1.804412059137714	val	0.48	False
ecoli50_r006088	57.03	1.7561033715851055	test	0.24	False
ecoli50_r006089	108.24	2.0343877835895667	train	0.36	False
ecoli50_r006090	78.02	1.8922059459757723	val	0.34	False
ecoli50_r006091	9681.55	3.985944892696665	train	0.3	True
ecoli50_r006092	8238.34	3.915839711519016	val	0.3	True
ecoli50_r006093	94.36	1.9747879322135575	test	0.5	False
ecoli50_r006094	35.29	1.547651658359969	train	0.34	False
ecoli50_r006095	172.86	2.2376945086640565	train	0.44	False
ecoli50_r006096	218.83	2.34010686035489	train	0.54	False
ecoli50_r006097	248.92	2.3960597923124327	train	0.34	False
ecoli50_r006098	180.4	2.256236533205923	val	0.3	False
ecoli50_r006099	180.4	2.256236533205923	train	0.42	False
ecoli50_r006100	117.03	2.068297205031454	train	0.44	False
ecoli50_r006101	54.12	1.7333577879255853	train	0.38	False
ecoli50_r006102	212.47	2.3272976178958547	test	0.42	False
ecoli50_r006103	90.86	1.9583727324786075	train	0.44	False
ecoli50_r006104	63.16	1.8004421213362567	train	0.36	False
ecoli50_r006105	289.79	2.462083394869625	test	0.36	False
ecoli50_r006106	100.65	2.0028137792246734	val	0.46	False
ecoli50_r006107	84.19	1.9252605095194355	train	0.28	False
ecoli50_r006108	97.29	1.9880682033926356	train	0.28	False
ecoli50_r006109	281.81	2.449956399943542	train	0.26	False
ecoli50_r006110	48.65	1.6870828446043706	train	0.34	False
ecoli50_r006111	241.49	2.382899151506837	train	0.42	False
ecoli50_r006112	74.3	1.8709888137605752	train	0.48	False
ecoli50_r006113	78.02	1.8922059459757723	val	0.3	False
ecoli50_r006114	83.59	1.922154325231059	train	0.38	False
ecoli50_r006115	54.12	1.7333577879255853	train	0.42	False
ecoli50_r006116	1716.01	3.2345198143589364	val	0.4	False
ecoli50_r006117	705.59	2.848552417113001	train	0.34	True
ecoli50_r006118	3082.22	3.488863634179961	val	0.38	False
ecoli50_r006119	87.31	1.941063988219902	test	0.42	False
ecoli50_r006120	493.1	2.692935002531138	train	0.58	False
ecoli50_r006121	1322.94	3.1215401478459976	train	0.42	False
ecoli50_r006122	156.35	2.194097885578952	train	0.48	False
ecoli50_r006123	577.08	2.761236023121432	val	0.3	False
ecoli50_r006124	2247.17	3.351635928346679	train	0.34	False
ecoli50_r006125	144.32	2.159326520197866	train	0.42	False
ecoli50_r006126	2737.56	3.4373636465270256	test	0.5	False
ecoli50_r006127	43.61	1.6395860866734264	train	0.52	False
ecoli50_r006128	62.5	1.7958800173440752	train	0.5	False
ecoli50_r006129	62.5	1.7958800173440752	val	0.48	False
ecoli50_r006130	706.0	2.848804701051804	test	0.4	False
ecoli50_r006131	207.8	2.3176455432211585	train	0.48	False
ecoli50_r006132	221.06	2.344510165686532	train	0.46	False
ecoli50_r006133	164.71	2.216719967190278	train	0.38	False
ecoli50_r006134	490.66	2.6907806545014874	test	0.38	False
ecoli50_r006135	323.74	2.510196362380759	train	0.5	False
ecoli50_r006136	305.29	2.484712578894317	test	0.56	False
ecoli50_r006137	235.92	2.3727647595437418	test	0.54	False
ecoli50_r006138	335.49	2.5256795796181444	train	0.48	False
ecoli50_r006139	60.39	1.780965029608317	train	0.5	False
ecoli50_r006140	252.63	2.402484922073764	val	0.42	False
ecoli50_r006141	87.76	1.9432966145666548	train	0.5	False
ecoli50_r006142	204.65	2.311011748981288	train	0.42	False
ecoli50_r006143	99.53	1.997954004069403	val	0.42	False
ecoli50_r006144	96.17	1.983039616046102	train	0.46	False
ecoli50_r006145	97.27	1.987978915875482	train	0.34	False
ecoli50_r006146	238.19	2.3769235244180296	train	0.3	False
ecoli50_r006147	134.19	2.1277201528923197	test	0.48	False
ecoli50_r006148	396.88	2.598659214028129	val	0.38	False
ecoli50_r006149	288.85	2.460672371877432	val	0.52	False
ecoli50_r006150	164.39	2.215875395461276	train	0.56	False
ecoli50_r006151	1587.65	3.2007547677245185	train	0.56	False
ecoli50_r006152	135.58	2.132195629573424	train	0.46	False
ecoli50_r006153	569.11	2.755196216792059	test	0.48	False
ecoli50_r006154	77.21	1.8876735524544477	train	0.5	False
ecoli50_r006155	2886.42	3.4603595250981094	train	0.64	False
ecoli50_r006156	129.42	2.1120013954861885	test	0.34	False
ecoli50_r006157	837.86	2.9231714574048664	train	0.3	False
ecoli50_r006158	1018.27	3.0078629488875093	test	0.34	False
ecoli50_r006159	95.05	1.977952121201462	train	0.46	False
ecoli50_r006160	135.63	2.132355761753957	test	0.38	False
ecoli50_r006161	349.14	2.5429996075770545	train	0.38	False
ecoli50_r006162	63.16	1.8004421213362567	train	0.5	False
ecoli50_r006163	113.47	2.054881054862772	test	0.4	False
ecoli50_r006164	50.11	1.6999244027424767	val	0.38	False
ecoli50_r006165	90.2	1.9552065375419416	train	0.44	False
ecoli50_r006166	300.82	2.4783067069225675	train	0.44	False
ecoli50_r006167	128.54	2.1090382955743814	val	0.4	False
ecoli50_r006168	43.23	1.6357852355336515	test	0.44	False
ecoli50_r006169	43.23	1.6357852355336515	train	0.44	False
ecoli50_r006170	53.25	1.7263196121107751	train	0.48	False
ecoli50_r006171	63.94	1.805772631935669	train	0.4	False
ecoli50_r006172	57.59	1.7603470785299065	train	0.34	False
ecoli50_r006173	325.08	2.511990251080793	test	0.46	False
ecoli50_r006174	460.68	2.6633993581650297	train	0.44	False
ecoli50_r006175	81565.12	4.911504479464568	train	0.52	False
ecoli50_r006176	75018.68	4.875169418202339	train	0.46	False
ecoli50_r006177	142872.71	5.154949282477117	test	0.52	True
ecoli50_r006178	6420.56	3.807572908801472	train	0.44	False
ecoli50_r006179	6463.19	3.810446923172971	train	0.34	True
ecoli50_r006180	705.89	2.8487370295007537	val	0.38	False
ecoli50_r006181	1914.35	3.2820213426218503	train	0.5	False
ecoli50_r006182	150.12	2.176438555741045	test	0.36	False
ecoli50_r006183	36.08	1.557266528869904	train	0.46	False
ecoli50_r006184	1054.35	3.0229848023723065	train	0.5	False
ecoli50_r006185	156.0	2.1931245983544616	train	0.4	True
ecoli50_r006186	165173.72	5.217940949964444	val	0.4	False
ecoli50_r006187	9178.56	3.9627745512329633	test	0.46	False
ecoli50_r006188	9532.5	3.979206813945708	train	0.44	False
ecoli50_r006189	9295.62	3.968278361681767	train	0.4	False
ecoli50_r006190	10096.48	4.004169989324383	train	0.4	False
ecoli50_r006191	2276.42	3.357252392544916	train	0.66	False
ecoli50_r006192	134.21	2.1277848763621714	test	0.72	False
ecoli50_r006193	114.25	2.057856208741888	train	0.46	False
ecoli50_r006194	135.58	2.132195629573424	test	0.58	False
ecoli50_r006195	230.34	2.3623693625010485	val	0.4	False
ecoli50_r006196	366.82	2.5644530065313664	train	0.34	False
ecoli50_r006197	198.44	2.297629218364148	train	0.4	True
ecoli50_r006198	66.48	1.8226910107760543	train	0.44	False
ecoli50_r006199	96.6	1.9849771264154932	train	0.62	False
ecoli50_r006200	152.32	2.182756931040399	train	0.44	False
ecoli50_r006201	776.93	2.890381891409392	test	0.46	False
ecoli50_r006202	45.69	1.659821158055705	train	0.54	False
ecoli50_r006203	45.2	1.6551384348113822	train	0.48	False
ecoli50_r006204	156.35	2.194097885578952	train	0.32	False
ecoli50_r006205	228.48	2.3588481900960803	train	0.46	False
ecoli50_r006206	296.9	2.4726101975960444	test	0.44	False
ecoli50_r006207	253.29	2.403618043992883	train	0.32	True
ecoli50_r006208	1311.75	3.1178510728703768	train	0.3	True
ecoli50_r006209	200.62	2.3023742260755826	val	0.42	False
ecoli50_r006210	58.51	1.7672300981107183	test	0.54	False
ecoli50_r006211	75.06	1.875408560077064	train	0.44	False
ecoli50_r006212	7931.12	3.899334520920848	train	0.38	False
ecoli50_r006213	240.54	2.3811873066341653	train	0.34	False
ecoli50_r006214	148.33	2.1712289967250515	test	0.44	False
ecoli50_r006215	170.57	2.231902649456643	test	0.44	False
ecoli50_r006216	995.49	2.998036901765104	train	0.44	False
ecoli50_r006217	104.0	2.0170333392987803	train	0.48	False
ecoli50_r006218	239.34	2.379015286693483	train	0.54	False
ecoli50_r006219	1459.46	3.164192196605752	val	0.3	False
ecoli50_r006220	208.04	2.3181468451027945	test	0.42	True
ecoli50_r006221	1460.69	3.1645580560611446	train	0.44	True
ecoli50_r006222	1302.9	3.1149110840818914	train	0.34	True
ecoli50_r006223	154.8	2.189770956346874	train	0.34	False
ecoli50_r006224	154.8	2.189770956346874	train	0.34	False
ecoli50_r006225	15624.28	4.19380001326529	train	0.52	False
ecoli50_r006226	40.87	1.6114046377115934	train	0.46	False
ecoli50_r006227	791.76	2.89859355725695	train	0.3	True
ecoli50_r006228	56.97	1.75564621945668	train	0.38	False
ecoli50_r006229	522.56	2.718136163056574	train	0.48	False
ecoli50_r006230	56.97	1.75564621945668	train	0.36	False
ecoli50_r006231	433.48	2.6369690646957107	test	0.52	True
ecoli50_r006232	48.3	1.683947130751512	test	0.46	False
ecoli50_r006233	63.83	1.8050248444298047	val	0.42	False
ecoli50_r006234	756.59	2.8788605968384067	train	0.4	True
ecoli50_r006235	196.79	2.294003025725598	train	0.56	False
ecoli50_r006236	78.17	1.8930401119571176	train	0.42	False
ecoli50_r006237	1212.7	3.083753377570011	train	0.4	False
ecoli50_r006238	47.53	1.6769678142947586	train	0.5	False
ecoli50_r006239	1194.66	3.077244322745349	train	0.44	False
ecoli50_r006240	11643.81	4.066095110144926	val	0.52	True
ecoli50_r006241	150.33	2.177045657462139	train	0.48	False
ecoli50_r006242	82.44	1.9161379831071752	train	0.46	False
ecoli50_r006243	336.23	2.526636460600161	train	0.28	False
ecoli50_r006244	90.2	1.9552065375419416	test	0.28	False
ecoli50_r006245	201.29	2.303822199862847	train	0.4	False
ecoli50_r006246	73.69	1.8674085565227911	test	0.44	False
ecoli50_r006247	110.53	2.043480170022551	test	0.38	False
ecoli50_r006248	90.2	1.9552065375419416	train	0.44	False
ecoli50_r006249	35.23	1.5469126431812426	test	0.36	False
ecoli50_r006250	96.21	1.9832202146481028	train	0.42	False
ecoli50_r006251	48.3	1.683947130751512	train	0.38	False
ecoli50_r006252	349.27	2.543161284194799	val	0.48	False
ecoli50_r006253	70.74	1.8496650554787328	train	0.34	False
ecoli50_r006254	122.33	2.087532975734093	val	0.34	False
ecoli50_r006255	289.79	2.462083394869625	train	0.56	False
ecoli50_r006256	479.74	2.6810059307966028	train	0.5	False
ecoli50_r006257	47.16	1.6735737964230517	train	0.48	False
ecoli50_r006258	187.45	2.272885444757569	test	0.5	False
ecoli50_r006259	24731.14	4.39324413594473	train	0.36	True
ecoli50_r006260	96.21	1.9832202146481028	test	0.38	False
ecoli50_r006261	175.83	2.245092976101281	train	0.38	True
ecoli50_r006262	57.91	1.762753564933374	val	0.46	False
ecoli50_r006263	234.06	2.369327200695435	train	0.48	False
ecoli50_r006264	207.43	2.316871567348347	test	0.5	False
ecoli50_r006265	31.24	1.4947110252052629	test	0.5	False
ecoli50_r006266	27.71	1.4426365257822318	test	0.44	False
ecoli50_r006267	256.35	2.408833321776418	train	0.46	False
ecoli50_r006268	201.6	2.3044905277734875	train	0.5	False
ecoli50_r006269	259.37	2.4139197420336536	train	0.5	False
ecoli50_r006270	108.24	2.0343877835895667	train	0.52	False
ecoli50_r006271	30.95	1.4906606533561368	val	0.44	False
ecoli50_r006272	2071.55	3.3162954201165884	train	0.5	False
ecoli50_r006273	67.81	1.8312937443770096	test	0.44	False
ecoli50_r006274	234.32	2.369809358673542	train	0.5	False
ecoli50_r006275	180.4	2.256236533205923	train	0.38	False
ecoli50_r006276	125.21	2.097639015546839	test	0.58	False
ecoli50_r006277	115.17	2.061339366837067	train	0.58	False
ecoli50_r006278	1190.65	3.075784116304216	train	0.42	False
ecoli50_r006279	408.91	2.611627731468287	train	0.38	False
ecoli50_r006280	31.87	1.5033820634737327	val	0.38	False
ecoli50_r006281	162.11	2.209809805785379	val	0.34	False
ecoli50_r006282	335.08	2.5251485067703614	train	0.44	False
ecoli50_r006283	37.23	1.5708930362183922	val	0.52	False
ecoli50_r006284	151.58	2.1806419027298323	train	0.46	False
ecoli50_r006285	15.96	1.203032887014711	val	0.48	False
ecoli50_r006286	174.61	2.24206911233894	test	0.4	False
ecoli50_r006287	182.74	2.261833620575751	train	0.4	False
ecoli50_r006288	392.6	2.5939502952639875	train	0.46	False
ecoli50_r006289	465.69	2.668096912204907	test	0.5	False
ecoli50_r006290	44.58	1.6491400641442189	train	0.54	False
ecoli50_r006291	144.26	2.1591459278540475	train	0.5	False
ecoli50_r006292	1152.68	3.061708757838485	train	0.52	False
ecoli50_r006293	2265.04	3.3550758759408525	train	0.36	False
ecoli50_r006294	2265.04	3.3550758759408525	train	0.36	False
ecoli50_r006295	134.4	2.1283992687178066	train	0.6	False
ecoli50_r006296	53.62	1.7293268096468608	train	0.52	False
ecoli50_r006297	332.13	2.521308105487026	train	0.46	False
ecoli50_r006298	141.55	2.1509098737011216	train	0.44	False
ecoli50_r006299	182.04	2.260166826834355	train	0.46	False
ecoli50_r006300	97.27	1.987978915875482	train	0.56	False
ecoli50_r006301	132.29	2.1215270164553788	val	0.36	False
ecoli50_r006302	2326.99	3.3667945169549074	val	0.36	False
ecoli50_r006303	43.61	1.6395860866734264	train	0.46	False
ecoli50_r006304	127.88	2.1068026275996505	train	0.48	False
ecoli50_r006305	58.19	1.7648483571934108	train	0.48	False
ecoli50_r006306	72.13	1.858115932190066	train	0.36	False
ecoli50_r006307	167.74	2.2246366386814405	train	0.52	False
ecoli50_r006308	42.72	1.6306312440205	train	0.56	False
ecoli50_r006309	65.02	1.813046965160108	train	0.5	False
ecoli50_r006310	420.94	2.624220196724192	test	0.48	False
ecoli50_r006311	192.95	2.285444782907416	train	0.32	False
ecoli50_r006312	311.15	2.4929698053204894	train	0.42	False
ecoli50_r006313	84.71	1.9279346817411795	train	0.54	False
ecoli50_r006314	78.02	1.8922059459757723	train	0.46	False
ecoli50_r006315	61.9	1.791690649020118	test	0.44	False
ecoli50_r006316	248.26	2.394906751054026	train	0.66	False
ecoli50_r006317	94.32	1.9746037920870327	train	0.32	False
ecoli50_r006318	69.78	1.843730965112092	test	0.54	False
ecoli50_r006319	55.85	1.7470231774516278	train	0.56	False
ecoli50_r006320	375.74	2.574887431035099	train	0.44	False
ecoli50_r006321	44.58	1.6491400641442189	train	0.54	False
ecoli50_r006322	204.34	2.3103533890449945	train	0.5	False
ecoli50_r006323	57.03	1.7561033715851055	train	0.3	False
ecoli50_r006324	165.18	2.2179574617769737	train	0.44	False
ecoli50_r006325	48.11	1.682235356902564	train	0.36	False
ecoli50_r006326	3129.52	3.495477731368428	train	0.44	False
ecoli50_r006327	404.96	2.607412127814179	train	0.42	False
ecoli50_r006328	469.04	2.671209881176741	train	0.36	False
ecoli50_r006329	189.15	2.276806345628763	test	0.36	False
ecoli50_r006330	396.88	2.598659214028129	val	0.54	False
ecoli50_r006331	36.08	1.557266528869904	train	0.46	False
ecoli50_r006332	412.64	2.615571324793862	train	0.52	False
ecoli50_r006333	58.95	1.770483809431108	train	0.5	False
ecoli50_r006334	252.2	2.401745082237063	train	0.5	False
ecoli50_r006335	252.2	2.401745082237063	test	0.54	False
ecoli50_r006336	138.08	2.1401307783711343	val	0.26	False
ecoli50_r006337	97.07	1.987085029624122	train	0.56	False
ecoli50_r006338	86.19	1.93545688071161	train	0.38	False
ecoli50_r006339	332.74	2.5221050122757025	test	0.48	True
ecoli50_r006340	162.36	2.210479042645248	val	0.48	False
ecoli50_r006341	105.88	2.02481393262931	train	0.52	False
ecoli50_r006342	105.88	2.02481393262931	train	0.52	False
ecoli50_r006343	294.74	2.469439079183607	val	0.5	False
ecoli50_r006344	787.75	2.896388411846037	train	0.48	False
ecoli50_r006345	499.11	2.6981962713313834	train	0.28	True
ecoli50_r006346	120.27	2.080157310970184	train	0.4	False
ecoli50_r006347	187.87	2.273857435371118	test	0.56	False
ecoli50_r006348	138.53	2.141543834220653	train	0.48	False
ecoli50_r006349	53.28	1.7265642161622448	val	0.54	False
ecoli50_r006350	168.37	2.226264711895694	test	0.28	False
ecoli50_r006351	70.74	1.8496650554787328	test	0.52	False
ecoli50_r006352	53.19	1.7258299903205805	train	0.38	False
ecoli50_r006353	156.0	2.1931245983544616	test	0.54	False
ecoli50_r006354	274.11	2.4379248796314323	train	0.38	False
ecoli50_r006355	751.67	2.8760272174079264	test	0.24	True
ecoli50_r006356	1178.62	3.071373806363697	train	0.16	False
ecoli50_r006357	94.32	1.9746037920870327	train	0.44	False
ecoli50_r006358	96.6	1.9849771264154932	train	0.54	True
ecoli50_r006359	48.3	1.683947130751512	train	0.54	False
ecoli50_r006360	761.91	2.881903673686305	train	0.6	False
ecoli50_r006361	770.75	2.886913533398546	train	0.44	False
ecoli50_r006362	70.74	1.8496650554787328	test	0.48	False
ecoli50_r006363	519.91	2.715928170776631	val	0.44	False
ecoli50_r006364	57.47	1.7594411971336976	val	0.56	False
ecoli50_r006365	397.72	2.5995774307426878	test	0.36	False
ecoli50_r006366	76.16	1.8817269353764177	val	0.38	False
ecoli50_r006367	507.94	2.705812414630624	train	0.44	False
ecoli50_r006368	171.15	2.233376903473896	val	0.64	False
ecoli50_r006369	2008.76	3.30292805177962	val	0.52	False
ecoli50_r006370	109.03	2.037546012085827	train	0.38	False
ecoli50_r006371	40.87	1.6114046377115934	train	0.56	False
ecoli50_r006372	100.65	2.0028137792246734	train	0.34	False
ecoli50_r006373	325.08	2.511990251080793	train	0.42	False
ecoli50_r006374	291.8	2.4650852875574327	train	0.52	False
ecoli50_r006375	603.72	2.780835563373373	test	0.48	False
ecoli50_r006376	4696.01	3.671729013056465	train	0.44	True
ecoli50_r006377	104.23	2.017992737766433	train	0.48	False
ecoli50_r006378	408.73	2.6114365152655443	train	0.32	False
ecoli50_r006379	96.28	1.9835360816029923	test	0.54	False
ecoli50_r006380	131.78	2.1198495032115177	train	0.46	False
ecoli50_r006381	449.54	2.6527683412447405	train	0.52	False
ecoli50_r006382	889.98	2.949380247108695	train	0.44	False
ecoli50_r006383	336.75	2.5273076043950238	train	0.3	False
ecoli50_r006384	96.21	1.9832202146481028	val	0.42	False
ecoli50_r006385	35.37	1.5486350598147516	train	0.5	False
ecoli50_r006386	116.38	2.065878352857392	val	0.54	False
ecoli50_r006387	204.65	2.311011748981288	train	0.46	False
ecoli50_r006388	38.32	1.5834255004065068	val	0.54	False
ecoli50_r006389	43.61	1.6395860866734264	train	0.56	False
ecoli50_r006390	31.91	1.5039268041935103	train	0.48	False
ecoli50_r006391	77.16	1.8873922189718468	val	0.46	False
ecoli50_r006392	216.48	2.3354177792535475	test	0.6	False
ecoli50_r006393	85.45	1.931712067056756	train	0.46	False
ecoli50_r006394	60.95	1.7849737099544007	test	0.42	False
ecoli50_r006395	60.95	1.7849737099544007	train	0.38	False
ecoli50_r006396	19.5	1.290034611362518	train	0.46	False
ecoli50_r006397	61.3	1.787460474518415	train	0.5	False
ecoli50_r006398	40.26	1.6048737705526357	train	0.56	False
ecoli50_r006399	194.53	2.2889865867916286	train	0.44	False
ecoli50_r006400	207.43	2.316871567348347	test	0.44	False
ecoli50_r006401	97.29	1.9880682033926356	val	0.48	False
ecoli50_r006402	61.9	1.791690649020118	train	0.6	False
ecoli50_r006403	85.48	1.931864513492032	val	0.52	False
ecoli50_r006404	74.46	1.8719230318823732	test	0.42	False
ecoli50_r006405	263.28	2.420417869286317	train	0.48	False
ecoli50_r006406	132.63	2.1226417696255364	val	0.4	False
ecoli50_r006407	164.39	2.215875395461276	train	0.54	False
ecoli50_r006408	60.13	1.7790912038454991	test	0.48	False
ecoli50_r006409	85.1	1.929929560084588	train	0.54	False
ecoli50_r006410	85.1	1.929929560084588	train	0.42	False
ecoli50_r006411	72.16	1.8582965245338852	val	0.38	False
ecoli50_r006412	181.16	2.25806231201092	test	0.52	False
ecoli50_r006413	749.94	2.8750265184433315	train	0.5	False
ecoli50_r006414	204.85	2.311435968289161	test	0.4	False
ecoli50_r006415	364.09	2.5612087508799486	train	0.38	False
ecoli50_r006416	655.8	2.8167714123333463	test	0.36	False
ecoli50_r006417	104.03	2.017158598487814	train	0.38	False
ecoli50_r006418	300.64	2.4780467627564504	train	0.5	False
ecoli50_r006419	367.8	2.5656117249020585	train	0.48	False
ecoli50_r006420	1570.98	3.1961706561125847	train	0.52	False
ecoli50_r006421	1804.02	3.256241347973933	train	0.5	False
ecoli50_r006422	130.03	2.1140435625480776	test	0.5	False
ecoli50_r006423	49.12	1.691258358133111	val	0.6	False
ecoli50_r006424	250.53	2.398859738404261	train	0.56	False
ecoli50_r006425	237.77	2.376157057783254	train	0.56	False
ecoli50_r006426	77.81	1.8910354153153108	train	0.38	False
ecoli50_r006427	80.52	1.905903766216617	train	0.3	False
ecoli50_r006428	372.83	2.571510850866108	train	0.54	False
ecoli50_r006429	108.24	2.0343877835895667	val	0.26	False
ecoli50_r006430	154.32	2.188422214635828	train	0.5	False
ecoli50_r006431	63.66	1.8038666342849845	train	0.42	False
ecoli50_r006432	61.89	1.791620482692814	val	0.38	False
ecoli50_r006433	90.58	1.9570323163469383	val	0.24	False
ecoli50_r006434	267.27	2.426950213654976	val	0.48	False
ecoli50_r006435	180.19	2.255730685281629	train	0.32	False
ecoli50_r006436	594.37	2.7740568808950865	test	0.46	True
ecoli50_r006437	597.03	2.775996154424361	train	0.42	True
ecoli50_r006438	74.3	1.8709888137605752	train	0.42	False
ecoli50_r006439	50.53	1.7035492982382303	test	0.44	False
ecoli50_r006440	103.16	2.0135113334659	train	0.3	False
ecoli50_r006441	120.74	2.081851171517454	test	0.44	False
ecoli50_r006442	257.96	2.4115523682653044	test	0.5	False
ecoli50_r006443	145.84	2.16387665564692	train	0.36	False
ecoli50_r006444	55.73	1.7460890430562002	train	0.5	False
ecoli50_r006445	201.6	2.3044905277734875	train	0.5	False
ecoli50_r006446	66.48	1.8226910107760543	train	0.46	False
ecoli50_r006447	42.09	1.6241789257480224	train	0.38	False
ecoli50_r006448	43.61	1.6395860866734264	test	0.48	False
ecoli50_r006449	43.61	1.6395860866734264	train	0.58	False
ecoli50_r006450	120.74	2.081851171517454	val	0.44	False
ecoli50_r006451	207.8	2.3176455432211585	train	0.44	False
ecoli50_r006452	152.32	2.182756931040399	train	0.26	False
ecoli50_r006453	342.76	2.534990134158752	train	0.28	False
ecoli50_r006454	90.58	1.9570323163469383	test	0.22	False
ecoli50_r006455	198.44	2.297629218364148	train	0.16	False
ecoli50_r006456	5524.5	3.742292977910594	train	0.34	False
ecoli50_r006457	197.94	2.2965335659289874	train	0.42	False
ecoli50_r006458	67.79	1.8311656339094424	train	0.4	False
ecoli50_r006459	38.56	1.5861370252307931	val	0.52	False
ecoli50_r006460	392.87	2.594248866857383	val	0.44	False
ecoli50_r006461	47.53	1.6769678142947586	test	0.3	False
ecoli50_r006462	120.84	2.0822107166012427	val	0.42	False
ecoli50_r006463	300.67	2.478090097590289	train	0.64	False
ecoli50_r006464	300.67	2.478090097590289	train	0.64	False
ecoli50_r006465	95.74	1.9810934231459296	train	0.58	False
ecoli50_r006466	288.64	2.460356515861848	train	0.46	True
ecoli50_r006467	315.36	2.498806606935368	train	0.46	False
ecoli50_r006468	194.53	2.2889865867916286	train	0.46	False
ecoli50_r006469	77.26	1.8879547038088016	train	0.54	False
ecoli50_r006470	1274.31	3.105275091195767	train	0.5	False
ecoli50_r006471	1289.8	3.110522372601323	train	0.56	False
ecoli50_r006472	707.38	2.849652776693849	test	0.52	False
ecoli50_r006473	283.22	2.452123918449043	test	0.5	False
ecoli50_r006474	627.8	2.797821311364024	train	0.68	False
ecoli50_r006475	115.81	2.0637460616134438	train	0.48	False
ecoli50_r006476	167.11	2.223002439210409	train	0.5	False
ecoli50_r006477	446.69	2.6500062300777683	train	0.46	False
ecoli50_r006478	156.65	2.194930399217724	test	0.5	False
ecoli50_r006479	1074.79	3.031323617041906	train	0.48	False
ecoli50_r006480	81.73	1.9123814989188004	train	0.44	False
ecoli50_r006481	252.64	2.402502112664219	train	0.54	False
ecoli50_r006482	654.21	2.8157171782964934	val	0.36	False
ecoli50_r006483	66.48	1.8226910107760543	train	0.56	False
ecoli50_r006484	215.48	2.333406966873917	test	0.52	False
ecoli50_r006485	6214.87	3.793432048685929	train	0.4	False
ecoli50_r006486	58.71	1.7687120803776637	val	0.4	False
ecoli50_r006487	135.58	2.132195629573424	val	0.46	False
ecoli50_r006488	61.17	1.7865384804978024	train	0.54	False
ecoli50_r006489	77.12	1.8871670208947744	train	0.36	False
ecoli50_r006490	199.61	2.3001822946469006	train	0.6	False
ecoli50_r006491	31.91	1.5039268041935103	train	0.58	False
ecoli50_r006492	42.09	1.6241789257480224	test	0.44	False
ecoli50_r006493	1351.81	3.130915654808137	val	0.48	False
ecoli50_r006494	19.01	1.2789821168654432	train	0.48	False
ecoli50_r006495	549.43	2.7399123690975578	test	0.22	True
ecoli50_r006496	82.36	1.9157163379459936	train	0.26	False
ecoli50_r006497	76.04	1.8810421081934057	val	0.6	False
ecoli50_r006498	81.73	1.9123814989188004	train	0.56	False
ecoli50_r006499	152.32	2.182756931040399	train	0.42	False
ecoli50_r006500	55.73	1.7460890430562002	train	0.52	False
ecoli50_r006501	26.84	1.4287825114969546	train	0.64	False
ecoli50_r006502	29.47	1.4693801358499252	train	0.46	False
ecoli50_r006503	336.01	2.526352202628514	test	0.54	False
ecoli50_r006504	47.16	1.6735737964230517	train	0.52	False
ecoli50_r006505	84.88	1.928805370893284	val	0.54	False
ecoli50_r006506	91.37	1.9608036249117695	train	0.5	False
ecoli50_r006507	621.99	2.7937834024082937	train	0.46	False
ecoli50_r006508	60.05	1.7785130117389247	train	0.46	False
ecoli50_r006509	162.69	2.2113608591551177	train	0.38	False
ecoli50_r006510	72.21	1.8585973449946924	train	0.52	False
ecoli50_r006511	72.21	1.8585973449946924	val	0.56	False
ecoli50_r006512	162.36	2.210479042645248	train	0.52	False
ecoli50_r006513	162.36	2.210479042645248	train	0.58	False
ecoli50_r006514	278.64	2.44504346145018	test	0.42	False
ecoli50_r006515	48.65	1.6870828446043706	test	0.44	False
ecoli50_r006516	41.22	1.615107987443194	train	0.52	False
ecoli50_r006517	90.58	1.9570323163469383	train	0.46	False
ecoli50_r006518	64.84	1.8118430061764772	train	0.44	False
ecoli50_r006519	2830.38	3.451844746769603	train	0.32	False
ecoli50_r006520	24.86	1.395501124305626	train	0.4	False
ecoli50_r006521	94.74	1.9765333803919376	train	0.48	False
ecoli50_r006522	1700.41	3.23055365036004	train	0.4	False
ecoli50_r006523	1699.57	3.2303390565258283	train	0.42	False
ecoli50_r006524	97.58	1.9893608137762475	train	0.44	False
ecoli50_r006525	23321.51	4.367756666302977	test	0.32	False
ecoli50_r006526	53.19	1.7258299903205805	train	0.28	False
ecoli50_r006527	60438.9	4.781316551492973	test	0.4	False
ecoli50_r006528	183.72	2.264156436745886	train	0.36	False
ecoli50_r006529	186.67	2.2710745274759008	train	0.34	False
ecoli50_r006530	53.05	1.7246853882373594	train	0.52	False
ecoli50_r006531	132.63	2.1226417696255364	val	0.48	False
ecoli50_r006532	83.64	1.9224140241456344	test	0.52	False
ecoli50_r006533	321.7	2.50745106090197	test	0.36	False
ecoli50_r006534	488.55	2.6889090176205546	val	0.54	False
ecoli50_r006535	100.31	2.0013442304116014	train	0.4	False
ecoli50_r006536	172.86	2.2376945086640565	train	0.54	False
ecoli50_r006537	132.63	2.1226417696255364	train	0.56	False
ecoli50_r006538	56.0	1.7481880270062005	train	0.54	False
ecoli50_r006539	438.98	2.642444734165811	train	0.58	False
ecoli50_r006540	396.25	2.597969275225808	val	0.4	False
ecoli50_r006541	397.53	2.599369908697716	val	0.38	False
ecoli50_r006542	96.21	1.9832202146481028	train	0.46	False
ecoli50_r006543	63.16	1.8004421213362567	test	0.54	False
ecoli50_r006544	116.42	2.066027594948862	train	0.52	False
ecoli50_r006545	473.69	2.675494216497726	train	0.42	False
ecoli50_r006546	63.14	1.8003045775561983	train	0.52	False
ecoli50_r006547	301.84	2.479776792192939	test	0.4	False
ecoli50_r006548	89.98	1.954145988829548	train	0.32	False
ecoli50_r006549	224.0	2.3502480183341627	train	0.46	False
ecoli50_r006550	217.35	2.337159644526856	val	0.5	False
ecoli50_r006551	46.41	1.66661156841903	train	0.3	False
ecoli50_r006552	447.57	2.65086096867155	train	0.48	False
ecoli50_r006553	1007.75	3.003352806825089	train	0.48	True
ecoli50_r006554	50.11	1.6999244027424767	train	0.44	False
ecoli50_r006555	26.01	1.4151403521958728	train	0.48	False
ecoli50_r006556	277.06	2.4425738298846342	train	0.52	False
ecoli50_r006557	982.05	2.9921335999776777	val	0.4	False
ecoli50_r006558	983.29	2.992681622435897	train	0.38	False
ecoli50_r006559	81.05	1.9087530191845337	train	0.46	False
ecoli50_r006560	184.44	2.26585511354737	train	0.5	False
ecoli50_r006561	156.9	2.1956229435869368	val	0.58	False
ecoli50_r006562	117.9	2.071513805095089	test	0.44	False
ecoli50_r006563	57.59	1.7603470785299065	test	0.44	False
ecoli50_r006564	325.02	2.5119100859708463	train	0.38	False
ecoli50_r006565	78.02	1.8922059459757723	train	0.48	False
ecoli50_r006566	29.31	1.4670158184384354	train	0.48	False
ecoli50_r006567	64.84	1.8118430061764772	train	0.62	False
ecoli50_r006568	1725.94	3.237025693973722	test	0.44	False
ecoli50_r006569	627.61	2.797689854784593	train	0.4	False
ecoli50_r006570	88.42	1.9465505105698555	val	0.48	False
ecoli50_r006571	278.45	2.444747222225778	val	0.38	False
ecoli50_r006572	170.5	2.2317243833285163	test	0.42	False
ecoli50_r006573	177.99	2.2503956030571164	train	0.44	False
ecoli50_r006574	2140.76	3.3305679813915545	train	0.34	True
ecoli50_r006575	3168.48	3.5008509701271726	val	0.38	False
ecoli50_r006576	55.73	1.7460890430562002	train	0.46	False
ecoli50_r006577	107.58	2.0317315399458264	train	0.42	False
ecoli50_r006578	64.84	1.8118430061764772	train	0.46	False
ecoli50_r006579	39.89	1.6008640363098396	train	0.46	False
ecoli50_r006580	79.78	1.901894031973821	train	0.44	False
ecoli50_r006581	178.18	2.2508589545992947	train	0.46	False
ecoli50_r006582	521.69	2.717412512040676	val	0.42	False
ecoli50_r006583	47.87	1.6800634274819486	train	0.5	False
ecoli50_r006584	52.01	1.7160868537748322	test	0.56	False
ecoli50_r006585	47.87	1.6800634274819486	train	0.34	False
ecoli50_r006586	138.53	2.141543834220653	train	0.42	False
ecoli50_r006587	132.97	2.123753668755841	train	0.52	False
ecoli50_r006588	40.26	1.6048737705526357	train	0.48	False
ecoli50_r006589	285.16	2.455088606040952	train	0.42	False
ecoli50_r006590	70.47	1.848004271497268	train	0.5	False
ecoli50_r006591	58.51	1.7672300981107183	val	0.34	False
ecoli50_r006592	102.23	2.009578360794542	test	0.5	False
ecoli50_r006593	117.01	2.0682229793464493	train	0.42	False
ecoli50_r006594	305.83	2.485480084723825	train	0.46	False
ecoli50_r006595	108.86	2.036868329981055	val	0.42	False
ecoli50_r006596	141.47	2.1506643535295606	train	0.5	False
ecoli50_r006597	7460.12	3.8727458133867	train	0.44	False
ecoli50_r006598	50.62	1.704322140822235	train	0.46	False
ecoli50_r006599	80.52	1.905903766216617	train	0.48	False
ecoli50_r006600	39.36	1.595055089759304	train	0.44	False
ecoli50_r006601	206.32	2.314541329129881	train	0.5	False
ecoli50_r006602	1561.18	3.193452978975292	train	0.38	False
ecoli50_r006603	258.58	2.41259493111848	train	0.54	False
ecoli50_r006604	114.95	2.060508975605298	train	0.42	False
ecoli50_r006605	1393.2	3.1440134657861987	val	0.52	False
ecoli50_r006606	1132.79	3.0541494065144894	train	0.52	False
ecoli50_r006607	103.01	2.01287938717129	train	0.48	False
ecoli50_r006608	48.3	1.683947130751512	train	0.48	False
ecoli50_r006609	50.53	1.7035492982382303	train	0.6	False
ecoli50_r006610	72.21	1.8585973449946924	test	0.54	False
ecoli50_r006611	565.91	2.752747368270807	train	0.48	False
ecoli50_r006612	35593.22	4.551367278955637	train	0.34	False
ecoli50_r006613	102.23	2.009578360794542	train	0.44	False
ecoli50_r006614	66.15	1.82052984852352	train	0.32	False
ecoli50_r006615	68.77	1.8373990243420224	val	0.34	False
ecoli50_r006616	89.16	1.9501700598082	train	0.52	False
ecoli50_r006617	45.21	1.6552345070342942	train	0.56	False
ecoli50_r006618	111.46	2.047119038720181	train	0.62	False
ecoli50_r006619	60.42	1.7811807209372617	train	0.48	False
ecoli50_r006620	60.42	1.7811807209372617	train	0.4	False
ecoli50_r006621	81.73	1.9123814989188004	train	0.44	False
ecoli50_r006622	705.89	2.8487370295007537	train	0.48	False
ecoli50_r006623	85.45	1.931712067056756	train	0.5	False
ecoli50_r006624	238.74	2.377925189530032	test	0.46	False
ecoli50_r006625	104.03	2.017158598487814	val	0.46	False
ecoli50_r006626	85.48	1.931864513492032	train	0.5	False
ecoli50_r006627	159.75	2.2034408668304377	train	0.5	False
ecoli50_r006628	198.76	2.298328988073495	train	0.48	False
ecoli50_r006629	488.13	2.688535499797638	train	0.44	False
ecoli50_r006630	163.47	2.213438062623771	train	0.32	False
ecoli50_r006631	293.27	2.4672676391795787	train	0.44	False
ecoli50_r006632	70.59	1.848743181895684	val	0.18	False
ecoli50_r006633	1277.69	3.106425495746832	test	0.38	False
ecoli50_r006634	7688.61	3.885847832142873	train	0.36	False
ecoli50_r006635	124.28	2.094401244582937	train	0.32	False
ecoli50_r006636	69.34	1.840983837320378	train	0.4	False
ecoli50_r006637	21.31	1.328583449714202	train	0.38	False
ecoli50_r006638	319.7	2.504742636271688	train	0.64	False
ecoli50_r006639	59.44	1.7740788007525188	test	0.58	False
ecoli50_r006640	944.1	2.9750179976328828	train	0.44	False
ecoli50_r006641	2880.41	3.4594543100037867	train	0.46	False
ecoli50_r006642	121.0	2.0827853703164503	test	0.4	True
ecoli50_r006643	556.66	2.745590015265256	train	0.48	False
ecoli50_r006644	28.6	1.4563660331290431	test	0.48	False
ecoli50_r006645	74.17	1.8702282790117943	train	0.42	False
ecoli50_r006646	88.42	1.9465505105698555	val	0.44	False
ecoli50_r006647	240.54	2.3811873066341653	train	0.48	False
ecoli50_r006648	908.37	2.9582627826925663	test	0.46	False
ecoli50_r006649	312.43	2.4947527288189404	val	0.44	False
ecoli50_r006650	24.05	1.381115080709851	train	0.52	False
ecoli50_r006651	77.12	1.8871670208947744	train	0.5	False
ecoli50_r006652	40.87	1.6114046377115934	train	0.48	False
ecoli50_r006653	95.74	1.9810934231459296	train	0.46	False
ecoli50_r006654	95.74	1.9810934231459296	train	0.56	False
ecoli50_r006655	318.71	2.5033956903224466	train	0.52	False
ecoli50_r006656	40.87	1.6114046377115934	train	0.56	False
ecoli50_r006657	975.6	2.989271791641693	train	0.52	False
ecoli50_r006658	2035.93	3.308762841868872	train	0.38	False
ecoli50_r006659	50.32	1.7017406324372124	train	0.5	False
ecoli50_r006660	50.32	1.7017406324372124	train	0.52	False
ecoli50_r006661	3239.04	3.510416311292675	train	0.36	True
ecoli50_r006662	988.6	2.995020606124758	test	0.32	False
ecoli50_r006663	1036.71	3.0156572877163983	train	0.32	False
ecoli50_r006664	131.51	2.118958777766434	test	0.32	False
ecoli50_r006665	370.22	2.5684598764779865	train	0.48	False
ecoli50_r006666	101.06	2.004579293902212	val	0.32	False
ecoli50_r006667	55.76	1.746322765089953	train	0.54	False
ecoli50_r006668	28.0	1.4471580313422192	train	0.46	False
ecoli50_r006669	132.63	2.1226417696255364	train	0.5	False
ecoli50_r006670	148.85	2.172748838982744	train	0.56	False
ecoli50_r006671	137.55	2.1384605947257023	test	0.46	False
ecoli50_r006672	95.91	1.9818638909913504	val	0.5	False
ecoli50_r006673	96.6	1.9849771264154932	train	0.42	False
ecoli50_r006674	91.02	1.959136831170374	train	0.42	False
ecoli50_r006675	25.05	1.3988077302032644	train	0.44	False
ecoli50_r006676	468.64	2.6708393543375237	val	0.52	False
ecoli50_r006677	368.43	2.5663549860850607	test	0.46	False
ecoli50_r006678	41.74	1.6205524447294353	train	0.32	False
ecoli50_r006679	816.43	2.9119189546367323	train	0.46	False
ecoli50_r006680	55.85	1.7470231774516278	train	0.42	False
ecoli50_r006681	140.9	2.1489109931093564	train	0.46	False
ecoli50_r006682	202.97	2.3074318517197465	train	0.28	False
ecoli50_r006683	103.72	2.015862508097314	train	0.6	False
ecoli50_r006684	292.97	2.466823151065687	val	0.4	False
ecoli50_r006685	296.96	2.472697954538768	test	0.4	False
ecoli50_r006686	4704.88	3.672548551035872	train	0.52	False
ecoli50_r006687	10835.03	4.0348301181308175	train	0.3	True
ecoli50_r006688	216.68	2.335818826915165	train	0.44	False
ecoli50_r006689	230.04	2.3618033589256875	train	0.42	False
ecoli50_r006690	85.79	1.9334366678262804	test	0.48	False
ecoli50_r006691	238.19	2.3769235244180296	train	0.54	False
ecoli50_r006692	210.09	2.322405381067654	train	0.58	False
ecoli50_r006693	258.32	2.4121580320091054	train	0.34	False
ecoli50_r006694	74.16	1.8701697211364408	train	0.42	False
ecoli50_r006695	3356.81	3.5259267602868047	val	0.34	False
ecoli50_r006696	562.96	2.750477538019339	train	0.4	False
ecoli50_r006697	1250.78	3.097180928247997	test	0.46	False
ecoli50_r006698	1159.14	3.0641358928708926	train	0.6	False
ecoli50_r006699	144.89	2.161038412422962	val	0.46	False
ecoli50_r006700	1233.95	3.091297562319563	train	0.4	True
ecoli50_r006701	30.02	1.4774106879072515	train	0.52	False
ecoli50_r006702	208.76	2.3196472881834227	val	0.42	False
ecoli50_r006703	28.42	1.453624073591451	val	0.5	False
ecoli50_r006704	57.59	1.7603470785299065	train	0.5	False
ecoli50_r006705	57.59	1.7603470785299065	train	0.42	False
ecoli50_r006706	2704.26	3.432048444346877	train	0.44	False
ecoli50_r006707	1775.87	3.249411170705493	test	0.46	False
ecoli50_r006708	164.3	2.215637563435062	train	0.52	False
ecoli50_r006709	457.02	2.6599352059770283	train	0.46	False
ecoli50_r006710	91.37	1.9608036249117695	val	0.42	False
ecoli50_r006711	372.85	2.57153414742667	test	0.52	False
ecoli50_r006712	37.15	1.569958818096594	train	0.38	False
ecoli50_r006713	990.1	2.9956790605116224	test	0.26	False
ecoli50_r006714	990.1	2.9956790605116224	test	0.26	False
ecoli50_r006715	63.74	1.804412059137714	train	0.54	False
ecoli50_r006716	6416.47	3.807296168077008	train	0.52	False
ecoli50_r006717	330.96	2.519775507887456	train	0.28	False
ecoli50_r006718	10748.38	4.031343012151325	train	0.44	True
ecoli50_r006719	11396.85	4.0567848323315046	train	0.44	True
ecoli50_r006720	1066.41	3.0279242089156084	test	0.36	False
ecoli50_r006721	164.06	2.215002707214952	train	0.56	False
ecoli50_r006722	47.18	1.6737579365495767	test	0.6	False
ecoli50_r006723	155.62	2.192065410979292	test	0.44	True
ecoli50_r006724	114.56	2.0590330049637804	val	0.46	False
ecoli50_r006725	176.85	2.2476050641507705	val	0.42	False
ecoli50_r006726	99.13	1.9962051061783244	val	0.4	False
ecoli50_r006727	148783.16	5.172553778434662	val	0.42	True
ecoli50_r006728	147183.6	5.167859421235866	train	0.48	False
ecoli50_r006729	203.54	2.3086497701813844	train	0.5	False
ecoli50_r006730	254.49	2.4056707217213265	train	0.48	True
ecoli50_r006731	1077.2	3.0322963447394726	train	0.5	False
ecoli50_r006732	2086.09	3.3193330412238806	train	0.42	True
ecoli50_r006733	2073.08	3.3166160618083653	train	0.42	True
ecoli50_r006734	186.49	2.270655548952985	train	0.5	False
ecoli50_r006735	290.32	2.4628769551925003	train	0.46	False
ecoli50_r006736	293.86	2.4681404742606383	train	0.56	False
ecoli50_r006737	2657.92	3.4245419050937653	train	0.34	False
ecoli50_r006738	119409.08	5.077037352287168	train	0.36	True
ecoli50_r006739	74.3	1.8709888137605752	train	0.4	True
ecoli50_r006740	80.44	1.9054720619247043	train	0.38	False
ecoli50_r006741	12934.79	4.11175938221518	train	0.46	False
ecoli50_r006742	2489.54	3.396119108574811	train	0.5	False
ecoli50_r006743	229.9	2.361538971269279	train	0.44	False
ecoli50_r006744	156.35	2.194097885578952	val	0.46	False
ecoli50_r006745	90.42	1.9562645026982757	train	0.4	False
ecoli50_r006746	16.7	1.2227164711475833	train	0.48	False
ecoli50_r006747	66.04	1.819807064590756	train	0.52	False
ecoli50_r006748	83.77	1.9230885154423996	train	0.36	False
ecoli50_r006749	88.32	1.946059060385124	val	0.6	False
ecoli50_r006750	58.95	1.770483809431108	train	0.52	False
ecoli50_r006751	37.15	1.569958818096594	test	0.44	False
ecoli50_r006752	70.45	1.8478809974453752	train	0.4	False
ecoli50_r006753	130.03	2.1140435625480776	train	0.3	False
ecoli50_r006754	210.44	2.3231282931251216	train	0.3	True
ecoli50_r006755	73.81	1.8681152053272168	train	0.54	False
ecoli50_r006756	56.48	1.7518946880437474	test	0.4	False
ecoli50_r006757	80.52	1.905903766216617	train	0.44	False
ecoli50_r006758	5063.27	3.704431086854274	train	0.32	False
ecoli50_r006759	66.87	1.8252313231999	val	0.42	False
ecoli50_r006760	125.81	2.0997151623510235	train	0.34	False
ecoli50_r006761	48.11	1.682235356902564	train	0.36	False
ecoli50_r006762	69.14	1.839729375206388	val	0.38	False
ecoli50_r006763	38.91	1.5900612308037425	train	0.46	False
ecoli50_r006764	132.29	2.1215270164553788	train	0.5	False
ecoli50_r006765	77.62	1.889973638403996	test	0.46	False
ecoli50_r006766	127.48	2.105442054801695	train	0.48	False
ecoli50_r006767	189.48	2.277563376055919	train	0.44	False
ecoli50_r006768	63.94	1.805772631935669	train	0.42	False
ecoli50_r006769	1171.46	3.068727464016331	train	0.44	False
ecoli50_r006770	131.89	2.1202118682570736	test	0.5	False
ecoli50_r006771	261.08	2.416773604023939	train	0.4	False
ecoli50_r006772	33049.56	4.519165681950432	val	0.36	False
ecoli50_r006773	207.8	2.3176455432211585	train	0.56	False
ecoli50_r006774	94.36	1.9747879322135575	train	0.56	False
ecoli50_r006775	335.68	2.525925466513464	train	0.5	False
ecoli50_r006776	1019.82	3.0085235247960624	train	0.5	False
ecoli50_r006777	63.74	1.804412059137714	val	0.54	False
ecoli50_r006778	162.51	2.210880090306865	val	0.44	False
ecoli50_r006779	78.17	1.8930401119571176	train	0.4	False
ecoli50_r006780	70.45	1.8478809974453752	test	0.44	False
ecoli50_r006781	123.22	2.0906812044573906	train	0.54	False
ecoli50_r006782	3076.19	3.4880131560329115	train	0.44	False
ecoli50_r006783	48.3	1.683947130751512	train	0.56	False
ecoli50_r006784	59.44	1.7740788007525188	val	0.42	False
ecoli50_r006785	84.19	1.9252605095194355	train	0.5	False
ecoli50_r006786	649.45	2.812545721136587	train	0.34	True
ecoli50_r006787	85.1	1.929929560084588	train	0.58	False
ecoli50_r006788	64.34	1.808481056565951	train	0.48	False
ecoli50_r006789	69.14	1.839729375206388	test	0.48	False
ecoli50_r006790	90.58	1.9570323163469383	train	0.56	False
ecoli50_r006791	130.07	2.1141771402444487	train	0.42	False
ecoli50_r006792	144.33	2.1593566116222265	train	0.44	False
ecoli50_r006793	19.01	1.2789821168654432	val	0.52	True
ecoli50_r006794	12869.22	4.109552225229061	val	0.38	False
ecoli50_r006795	79.58	1.9008039348103696	train	0.34	False
ecoli50_r006796	2153.01	3.333046046978496	val	0.38	False
ecoli50_r006797	5949.03	3.774446159007602	val	0.54	False
ecoli50_r006798	106.38	2.026859985984561	test	0.64	False
ecoli50_r006799	57.18	1.75724415102197	train	0.56	False
ecoli50_r006800	138.29	2.1407907766253023	train	0.4	False
ecoli50_r006801	65877.92	4.818739878494333	train	0.46	False
ecoli50_r006802	90223.65	4.955320392511131	train	0.42	False
ecoli50_r006803	244.66	2.3885629713980747	val	0.42	False
ecoli50_r006804	63.16	1.8004421213362567	train	0.48	False
ecoli50_r006805	954.81	2.979916958849669	train	0.46	False
ecoli50_r006806	108.24	2.0343877835895667	test	0.24	False
ecoli50_r006807	134.12	2.1274935447567827	train	0.46	False
ecoli50_r006808	53.05	1.7246853882373594	train	0.34	False
ecoli50_r006809	1010.25	3.004428859114685	train	0.24	False
ecoli50_r006810	120.27	2.080157310970184	train	0.32	False
ecoli50_r006811	724.65	2.860128296542201	train	0.38	False
ecoli50_r006812	4626.34	3.6652375468733767	train	0.4	False
ecoli50_r006813	39.36	1.595055089759304	test	0.48	False
ecoli50_r006814	1304.04	3.1152909131082045	train	0.42	False
ecoli50_r006815	63.16	1.8004421213362567	train	0.4	False
ecoli50_r006816	312.08	2.494265937303735	train	0.48	False
ecoli50_r006817	40.26	1.6048737705526357	train	0.42	False
ecoli50_r006818	120.27	2.080157310970184	test	0.48	False
ecoli50_r006819	73.69	1.8674085565227911	train	0.46	False
ecoli50_r006820	240.22	2.380609162634112	train	0.48	False
ecoli50_r006821	33.44	1.5242662687669788	train	0.44	False
ecoli50_r006822	36.08	1.557266528869904	train	0.46	False
ecoli50_r006823	51.47	1.7115541682501696	train	0.42	True
ecoli50_r006824	96.6	1.9849771264154932	train	0.56	False
ecoli50_r006825	74.93	1.874655732598101	train	0.38	False
ecoli50_r006826	374.13	2.57302253394554	train	0.42	False
ecoli50_r006827	374.13	2.57302253394554	train	0.42	False
ecoli50_r006828	59.39	1.7737133252770216	train	0.32	False
ecoli50_r006829	67.81	1.8312937443770096	val	0.52	False
ecoli50_r006830	392.87	2.594248866857383	test	0.38	False
ecoli50_r006831	72.16	1.8582965245338852	train	0.38	False
ecoli50_r006832	47.87	1.6800634274819486	val	0.34	False
ecoli50_r006833	121.0	2.0827853703164503	val	0.38	False
ecoli50_r006834	811.79	2.909443697176428	test	0.38	False
ecoli50_r006835	811.79	2.909443697176428	test	0.38	False
ecoli50_r006836	933.44	2.970086407441639	train	0.38	False
ecoli50_r006837	74.3	1.8709888137605752	test	0.4	False
ecoli50_r006838	128.68	2.1095110522299323	train	0.48	False
ecoli50_r006839	72.13	1.858115932190066	train	0.44	False
ecoli50_r006840	226.5	2.3550682063488506	train	0.5	False
ecoli50_r006841	44.73	1.650598898172657	train	0.36	False
ecoli50_r006842	2668.68	3.426296500889029	train	0.48	False
ecoli50_r006843	124.28	2.094401244582937	train	0.36	True
ecoli50_r006844	1119.82	3.049148219733418	train	0.46	False
ecoli50_r006845	124.28	2.094401244582937	train	0.4	True
ecoli50_r006846	1200.49	3.0793585467646354	train	0.38	False
ecoli50_r006847	436.54	2.6400240441088667	train	0.36	False
ecoli50_r006848	436.54	2.6400240441088667	train	0.38	False
ecoli50_r006849	161.62	2.2084951024298376	train	0.36	False
ecoli50_r006850	161.62	2.2084951024298376	test	0.38	False
ecoli50_r006851	660.07	2.8195899946353435	train	0.4	False
ecoli50_r006852	667.5	2.824451270036613	train	0.42	False
ecoli50_r006853	32.07	1.5060989599284405	val	0.46	False
ecoli50_r006854	63.83	1.8050248444298047	train	0.44	False
ecoli50_r006855	78.02	1.8922059459757723	train	0.62	False
ecoli50_r006856	146.27	2.1651552613920657	train	0.48	False
ecoli50_r006857	90.42	1.9562645026982757	train	0.5	False
ecoli50_r006858	40.87	1.6114046377115934	test	0.48	False
ecoli50_r006859	97.29	1.9880682033926356	test	0.34	False
ecoli50_r006860	113.48	2.054919327123814	val	0.5	False
ecoli50_r006861	84.19	1.9252605095194355	train	0.4	False
ecoli50_r006862	94.32	1.9746037920870327	train	0.42	False
ecoli50_r006863	167.18	2.22318432089504	test	0.36	False
ecoli50_r006864	137.65	2.138776215729349	train	0.38	False
ecoli50_r006865	41.07	1.6135247028536523	test	0.32	False
ecoli50_r006866	70.47	1.848004271497268	val	0.38	False
ecoli50_r006867	209.27	2.3207069743095903	test	0.36	False
ecoli50_r006868	1316.11	3.1192921889713667	test	0.54	False
ecoli50_r006869	222.91	2.348129551869214	train	0.34	False
ecoli50_r006870	1409.04	3.1489233220892694	train	0.3	False
ecoli50_r006871	67.1	1.826722520168992	train	0.28	False
ecoli50_r006872	288.64	2.460356515861848	train	0.38	False
ecoli50_r006873	1979.2	3.2964896822850456	train	0.34	False
ecoli50_r006874	244.9	2.388988785124714	test	0.54	False
ecoli50_r006875	29.25	1.4661258704181992	test	0.6	False
ecoli50_r006876	218.11	2.3386755777532025	val	0.4	False
ecoli50_r006877	40.87	1.6114046377115934	train	0.44	False
ecoli50_r006878	200.62	2.3023742260755826	train	0.5	False
ecoli50_r006879	140.9	2.1489109931093564	train	0.46	False
ecoli50_r006880	102.23	2.009578360794542	val	0.38	False
ecoli50_r006881	108.24	2.0343877835895667	test	0.46	False
ecoli50_r006882	54.04	1.732715340349993	test	0.5	False
ecoli50_r006883	103.65	2.01556930642988	val	0.52	False
ecoli50_r006884	60.91	1.7846885995014212	train	0.38	False
ecoli50_r006885	96.21	1.9832202146481028	train	0.52	False
ecoli50_r006886	57.59	1.7603470785299065	train	0.46	False
ecoli50_r006887	101.5	2.006466042249232	train	0.46	False
ecoli50_r006888	27.04	1.4320066872695982	train	0.42	False
ecoli50_r006889	43.61	1.6395860866734264	train	0.52	False
ecoli50_r006890	73.69	1.8674085565227911	val	0.4	False
ecoli50_r006891	20.63	1.3144992279731516	train	0.48	False
ecoli50_r006892	61.9	1.791690649020118	train	0.42	False
ecoli50_r006893	122.6	2.0884904701823963	train	0.44	False
ecoli50_r006894	115.68	2.0632582799504555	train	0.42	False
ecoli50_r006895	23.58	1.3725438007590702	val	0.44	False
ecoli50_r006896	83.87	1.9236066430174592	train	0.48	False
ecoli50_r006897	493.16	2.6929878439095702	train	0.42	False
ecoli50_r006898	165.18	2.2179574617769737	train	0.48	False
ecoli50_r006899	21.45	1.331427296520743	train	0.4	False
ecoli50_r006900	177.81	2.2499561819586806	val	0.44	False
ecoli50_r006901	304.65	2.483801182460488	train	0.22	False
ecoli50_r006902	457.94	2.6608085798032195	train	0.36	False
ecoli50_r006903	124.13	2.0938767553900446	train	0.22	False
ecoli50_r006904	23.58	1.3725438007590702	train	0.4	False
ecoli50_r006905	74.3	1.8709888137605752	train	0.44	False
ecoli50_r006906	46.97	1.671820560183249	val	0.28	False
ecoli50_r006907	50.32	1.7017406324372124	train	0.32	False
ecoli50_r006908	26.01	1.4151403521958728	test	0.36	False
ecoli50_r006909	192.43	2.284272779857725	train	0.42	False
ecoli50_r006910	36.9	1.5670263661590604	test	0.4	False
ecoli50_r006911	71.8	1.8561244442423004	val	0.32	False
ecoli50_r006912	126.28	2.10133457322018	test	0.36	False
ecoli50_r006913	1463.79	3.165478775914353	train	0.28	False
ecoli50_r006914	462.09	2.664726570137811	train	0.46	False
ecoli50_r006915	296.08	2.4714090720870554	val	0.64	False
ecoli50_r006916	39.01	1.5911759503117913	train	0.64	False
ecoli50_r006917	134.19	2.1277201528923197	test	0.58	False
ecoli50_r006918	73.71	1.8675264111997436	train	0.48	False
ecoli50_r006919	864.75	2.936890570686399	val	0.4	False
ecoli50_r006920	1044.74	3.0190082228732336	train	0.62	True
ecoli50_r006921	1398.67	3.1457152598208387	val	0.46	False
ecoli50_r006922	1388.01	3.142392595030345	train	0.44	False
ecoli50_r006923	141.18	2.149773177559665	test	0.36	False
ecoli50_r006924	63.16	1.8004421213362567	train	0.5	False
ecoli50_r006925	265.03	2.4232950365671155	train	0.32	False
ecoli50_r006926	1457.7	3.1636681537826687	test	0.56	False
ecoli50_r006927	140.9	2.1489109931093564	train	0.42	False
ecoli50_r006928	195.05	2.29014595464781	train	0.3	True
ecoli50_r006929	36.46	1.5618166643189575	val	0.4	False
ecoli50_r006930	50.32	1.7017406324372124	val	0.44	False
ecoli50_r006931	103.72	2.015862508097314	train	0.48	False
ecoli50_r006932	132.29	2.1215270164553788	test	0.46	False
ecoli50_r006933	1234.97	3.0916564078040207	train	0.48	False
ecoli50_r006934	89.16	1.9501700598082	train	0.48	False
ecoli50_r006935	151.58	2.1806419027298323	train	0.44	False
ecoli50_r006936	100.65	2.0028137792246734	train	0.36	False
ecoli50_r006937	396.88	2.598659214028129	train	0.32	False
ecoli50_r006938	755.32	2.8781309844649963	train	0.5	False
ecoli50_r006939	127.33	2.1049307390777403	train	0.48	False
ecoli50_r006940	93.94	1.97285055584723	train	0.44	False
ecoli50_r006941	254.97	2.406489083959762	val	0.44	False
ecoli50_r006942	39.89	1.6008640363098396	train	0.44	False
ecoli50_r006943	144.42	2.1596273406586737	test	0.5	False
ecoli50_r006944	78.16	1.8929845507107168	train	0.3	False
ecoli50_r006945	192.43	2.284272779857725	val	0.32	False
ecoli50_r006946	66.48	1.8226910107760543	val	0.48	False
ecoli50_r006947	120.27	2.080157310970184	train	0.54	False
ecoli50_r006948	5503.64	3.7406500184093647	train	0.36	False
ecoli50_r006949	338.84	2.5299946730691416	val	0.3	False
ecoli50_r006950	207.06	2.3160962096751305	test	0.28	False
ecoli50_r006951	100.65	2.0028137792246734	train	0.58	False
ecoli50_r006952	95.91	1.9818638909913504	train	0.44	False
ecoli50_r006953	61.9	1.791690649020118	train	0.56	False
ecoli50_r006954	56.62	1.752969865029084	train	0.54	False
ecoli50_r006955	60.05	1.7785130117389247	test	0.3	False
ecoli50_r006956	87.76	1.9432966145666548	train	0.4	False
ecoli50_r006957	84724.58	4.928009424613169	val	0.32	False
ecoli50_r006958	832.21	2.920232930056696	train	0.42	False
ecoli50_r006959	226.63	2.3553173987845595	train	0.54	False
ecoli50_r006960	311.15	2.4929698053204894	train	0.4	False
ecoli50_r006961	505.27	2.703523513118029	train	0.46	False
ecoli50_r006962	252.63	2.402484922073764	val	0.46	False
ecoli50_r006963	568.65	2.754845043482116	val	0.46	False
ecoli50_r006964	60.05	1.7785130117389247	train	0.28	False
ecoli50_r006965	310.74	2.492397161401538	val	0.6	False
ecoli50_r006966	3519.48	3.5464785015994127	train	0.4	False
ecoli50_r006967	2933.6	3.4674008969525465	train	0.62	False
ecoli50_r006968	281907.24	5.450106229655471	val	0.34	False
ecoli50_r006969	423.53	2.626884178239356	val	0.26	False
ecoli50_r006970	17019.88	4.230956493732027	test	0.36	False
ecoli50_r006971	37.15	1.569958818096594	train	0.36	False
ecoli50_r006972	2430.03	3.3856116352254864	val	0.36	False
ecoli50_r006973	18.45	1.2659963704950792	train	0.58	False
ecoli50_r006974	87.28	1.940914737580285	val	0.52	False
ecoli50_r006975	42.09	1.6241789257480224	train	0.48	False
ecoli50_r006976	1943.98	3.2886917925170467	train	0.38	False
ecoli50_r006977	36.08	1.557266528869904	test	0.34	False
ecoli50_r006978	53.68	1.7298125071609356	test	0.38	False
ecoli50_r006979	66.48	1.8226910107760543	train	0.52	False
ecoli50_r006980	69.26	1.840482487213442	train	0.58	False
ecoli50_r006981	156.35	2.194097885578952	val	0.5	False
ecoli50_r006982	139.4	2.144262773761991	train	0.4	False
ecoli50_r006983	70.74	1.8496650554787328	train	0.54	False
ecoli50_r006984	308.06	2.4886353110821298	train	0.5	False
ecoli50_r006985	276.62	2.441883576986704	train	0.56	False
ecoli50_r006986	134.12	2.1274935447567827	train	0.26	False
ecoli50_r006987	59.44	1.7740788007525188	train	0.46	False
ecoli50_r006988	98.4	1.9929950984313416	val	0.46	False
ecoli50_r006989	98.4	1.9929950984313416	val	0.42	False
ecoli50_r006990	78.45	1.8945929479229555	train	0.5	False
ecoli50_r006991	78.45	1.8945929479229555	train	0.5	False
ecoli50_r006992	1731.85	3.238510273943824	train	0.46	False
ecoli50_r006993	70.45	1.8478809974453752	val	0.52	False
ecoli50_r006994	90.58	1.9570323163469383	test	0.5	False
ecoli50_r006995	74.46	1.8719230318823732	train	0.48	False
ecoli50_r006996	234.44	2.370031712709581	train	0.3	False
ecoli50_r006997	453.9	2.656960182742849	train	0.52	False
ecoli50_r006998	53.19	1.7258299903205805	train	0.46	False
ecoli50_r006999	36.08	1.557266528869904	val	0.56	False
ecoli50_r007000	880.25	2.9446060337422217	train	0.46	False
ecoli50_r007001	85.1	1.929929560084588	train	0.6	False
ecoli50_r007002	199.05	2.2989621819201167	test	0.56	False
ecoli50_r007003	18.65	1.2706788361447063	test	0.38	False
ecoli50_r007004	360.35	2.556724526395461	test	0.46	False
ecoli50_r007005	44.58	1.6491400641442189	train	0.44	False
ecoli50_r007006	263.78	2.421241863921055	val	0.58	True
ecoli50_r007007	48.11	1.682235356902564	train	0.38	False
ecoli50_r007008	484.01	2.684854334578203	train	0.44	False
ecoli50_r007009	192.43	2.284272779857725	train	0.46	False
ecoli50_r007010	55.85	1.7470231774516278	train	0.52	False
ecoli50_r007011	477.47	2.678946089545405	train	0.44	False
ecoli50_r007012	77.12	1.8871670208947744	test	0.48	False
ecoli50_r007013	58.95	1.770483809431108	train	0.36	False
ecoli50_r007014	36.08	1.557266528869904	train	0.38	False
ecoli50_r007015	85.25	1.9306943876645355	train	0.52	False
ecoli50_r007016	167.18	2.22318432089504	test	0.48	False
ecoli50_r007017	773.29	2.888342394022741	test	0.58	False
ecoli50_r007018	70.59	1.848743181895684	test	0.38	False
ecoli50_r007019	97.27	1.987978915875482	val	0.54	False
ecoli50_r007020	41.26	1.6155292236371328	test	0.62	False
ecoli50_r007021	78.02	1.8922059459757723	train	0.52	False
ecoli50_r007022	25.26	1.402433346219312	train	0.58	False
ecoli50_r007023	113.67	2.055645859994656	train	0.52	False
ecoli50_r007024	50.32	1.7017406324372124	train	0.5	False
ecoli50_r007025	42.55	1.6288995644206066	train	0.52	False
ecoli50_r007026	938.09	2.9722445064263345	train	0.58	True
ecoli50_r007027	87.76	1.9432966145666548	val	0.46	False
ecoli50_r007028	168.37	2.226264711895694	train	0.56	False
ecoli50_r007029	68.38	1.834929096460576	train	0.44	False
ecoli50_r007030	1847.05	3.266478652034817	train	0.44	False
ecoli50_r007031	1845.58	3.266132875218769	train	0.46	False
ecoli50_r007032	377.63	2.577066488583976	train	0.52	False
ecoli50_r007033	210.09	2.322405381067654	train	0.46	False
ecoli50_r007034	26.84	1.4287825114969546	train	0.5	False
ecoli50_r007035	33.44	1.5242662687669788	train	0.46	False
ecoli50_r007036	85.1	1.929929560084588	train	0.52	False
ecoli50_r007037	144.42	2.1596273406586737	train	0.6	False
ecoli50_r007038	203.74	2.309076301822332	train	0.58	False
ecoli50_r007039	1038.48	3.0163981369103303	train	0.34	False
ecoli50_r007040	313.2	2.495821753385906	train	0.48	False
ecoli50_r007041	185.14	2.2675002593932656	train	0.42	False
ecoli50_r007042	52.48	1.7199938263676038	train	0.46	False
ecoli50_r007043	98.65	1.99409708958821	train	0.62	False
ecoli50_r007044	452.9	2.656002320682957	train	0.3	True
ecoli50_r007045	1022.28	3.009569864291947	train	0.52	False
ecoli50_r007046	165.06	2.217641840773328	train	0.56	False
ecoli50_r007047	367.8	2.5656117249020585	test	0.34	False
ecoli50_r007048	109.03	2.037546012085827	test	0.28	False
ecoli50_r007049	148.93	2.172982189505869	train	0.34	False
ecoli50_r007050	117.22	2.0690017170456	train	0.38	False
ecoli50_r007051	71.8	1.8561244442423004	val	0.28	False
ecoli50_r007052	92.88	1.967922206730517	test	0.5	False
ecoli50_r007053	71.8	1.8561244442423004	val	0.44	True
ecoli50_r007054	114.95	2.060508975605298	train	0.46	False
ecoli50_r007055	60.13	1.7790912038454991	train	0.56	False
ecoli50_r007056	271.26	2.433385757417938	train	0.42	False
ecoli50_r007057	497.3	2.696618459232225	train	0.38	False
ecoli50_r007058	57.47	1.7594411971336976	train	0.42	False
ecoli50_r007059	55.4	1.7435097647284297	train	0.36	False
ecoli50_r007060	110.53	2.043480170022551	train	0.5	False
ecoli50_r007061	284.55	2.454158589944344	test	0.48	False
ecoli50_r007062	51.58	1.7124813378019186	train	0.54	False
ecoli50_r007063	49.2	1.6919651027673603	test	0.4	False
ecoli50_r007064	53.19	1.7258299903205805	test	0.52	False
ecoli50_r007065	64757.89	4.811292689737211	train	0.48	False
ecoli50_r007066	144.26	2.1591459278540475	train	0.44	False
ecoli50_r007067	327.16	2.5147601995188227	train	0.54	False
ecoli50_r007068	23.48	1.370698092575577	test	0.5	False
ecoli50_r007069	126.32	2.1014721170002377	train	0.46	False
ecoli50_r007070	536.43	2.7295130579009066	test	0.48	False
ecoli50_r007071	73.81	1.8681152053272168	val	0.34	False
ecoli50_r007072	258.42	2.4123261221462435	test	0.5	False
ecoli50_r007073	2933.15	3.4673342731771206	train	0.48	False
ecoli50_r007074	2933.15	3.4673342731771206	train	0.46	False
ecoli50_r007075	117.9	2.071513805095089	test	0.36	False
ecoli50_r007076	127.88	2.1068026275996505	train	0.44	False
ecoli50_r007077	164.39	2.215875395461276	train	0.4	False
ecoli50_r007078	97.07	1.987085029624122	train	0.5	False
ecoli50_r007079	73.81	1.8681152053272168	test	0.66	False
ecoli50_r007080	3135.63	3.4963248108878893	train	0.52	False
ecoli50_r007081	470.11	2.6721994894325154	train	0.36	False
ecoli50_r007082	465.69	2.668096912204907	train	0.42	False
ecoli50_r007083	95.79	1.9813201732591077	train	0.5	False
ecoli50_r007084	76.17	1.8817839555933848	train	0.38	False
ecoli50_r007085	76.17	1.8817839555933848	test	0.38	False
ecoli50_r007086	1235.46	3.091828688984968	train	0.36	False
ecoli50_r007087	136.71	2.1358002833021112	train	0.5	False
ecoli50_r007088	583.59	2.766107841511291	train	0.48	False
ecoli50_r007089	104.0	2.0170333392987803	train	0.46	False
ecoli50_r007090	238.01	2.376595204340475	train	0.5	False
ecoli50_r007091	53.68	1.7298125071609356	train	0.42	False
ecoli50_r007092	29.72	1.4730488050885375	train	0.54	False
ecoli50_r007093	107.74	2.032376971209936	train	0.36	False
ecoli50_r007094	341.8	2.533772058384718	train	0.42	False
ecoli50_r007095	360.37	2.5567486297633164	val	0.38	False
ecoli50_r007096	181.16	2.25806231201092	test	0.44	False
ecoli50_r007097	29.47	1.4693801358499252	val	0.36	False
ecoli50_r007098	63.37	1.80188370712524	train	0.52	False
ecoli50_r007099	60.13	1.7790912038454991	val	0.36	False
ecoli50_r007100	90.58	1.9570323163469383	train	0.56	False
ecoli50_r007101	343.06	2.5353700832791657	val	0.52	False
ecoli50_r007102	44.58	1.6491400641442189	train	0.44	False
ecoli50_r007103	207.8	2.3176455432211585	train	0.54	False
ecoli50_r007104	42.63	1.6297153326471323	train	0.38	False
ecoli50_r007105	102.17	2.0093233933810133	test	0.44	False
ecoli50_r007106	41.26	1.6155292236371328	test	0.38	False
ecoli50_r007107	219.2	2.340840549812332	train	0.5	False
ecoli50_r007108	192.43	2.284272779857725	train	0.4	False
ecoli50_r007109	94.32	1.9746037920870327	val	0.32	False
ecoli50_r007110	36.08	1.557266528869904	test	0.42	False
ecoli50_r007111	16.72	1.2232362731029975	train	0.46	False
ecoli50_r007112	50.32	1.7017406324372124	train	0.42	False
ecoli50_r007113	50.53	1.7035492982382303	train	0.3	False
ecoli50_r007114	44.1	1.6444385894678386	train	0.32	False
ecoli50_r007115	20.13	1.3038437748886544	train	0.34	False
ecoli50_r007116	260.58	2.4159410797458727	train	0.36	False
ecoli50_r007117	39.89	1.6008640363098396	train	0.44	False
ecoli50_r007118	54.53	1.7366354976868212	train	0.4	False
ecoli50_r007119	192.43	2.284272779857725	val	0.5	False
ecoli50_r007120	224.78	2.3517576668790343	train	0.4	False
ecoli50_r007121	305.29	2.484712578894317	train	0.48	False
ecoli50_r007122	63.16	1.8004421213362567	train	0.5	False
ecoli50_r007123	71.8	1.8561244442423004	test	0.3	False
ecoli50_r007124	41483.94	4.617879997451768	train	0.4	False
ecoli50_r007125	303.17	2.481686223744099	train	0.5	False
ecoli50_r007126	78.02	1.8922059459757723	train	0.4	False
ecoli50_r007127	79.88	1.902438056198665	train	0.48	False
ecoli50_r007128	120.27	2.080157310970184	train	0.36	False
ecoli50_r007129	414.92	2.617964369223516	val	0.44	False
ecoli50_r007130	627.8	2.797821311364024	train	0.44	False
ecoli50_r007131	1071.84	3.030129960447025	val	0.48	False
ecoli50_r007132	2561.63	3.4085164007550204	train	0.46	False
ecoli50_r007133	39.79	1.5997739391463883	val	0.42	False
ecoli50_r007134	220.73	2.3438613632886387	train	0.46	False
ecoli50_r007135	47.16	1.6735737964230517	train	0.54	False
ecoli50_r007136	50.11	1.6999244027424767	train	0.56	False
ecoli50_r007137	63.16	1.8004421213362567	train	0.48	False
ecoli50_r007138	69.27	1.8405451876368388	train	0.3	False
ecoli50_r007139	70.74	1.8496650554787328	val	0.56	False
ecoli50_r007140	57.59	1.7603470785299065	train	0.44	False
ecoli50_r007141	107.36	2.030842502824917	test	0.54	False
ecoli50_r007142	432.96	2.636447774917529	test	0.44	False
ecoli50_r007143	72.16	1.8582965245338852	train	0.38	False
ecoli50_r007144	59.44	1.7740788007525188	test	0.44	False
ecoli50_r007145	215.41	2.3332658607261734	test	0.4	False
ecoli50_r007146	117.42	2.0697420760416447	train	0.34	False
ecoli50_r007147	55.73	1.7460890430562002	train	0.44	False
ecoli50_r007148	22150.17	4.345377063731937	val	0.36	False
ecoli50_r007149	16884.98	4.227500550556578	train	0.36	True
ecoli50_r007150	46.97	1.671820560183249	train	0.4	False
ecoli50_r007151	120.27	2.080157310970184	train	0.46	False
ecoli50_r007152	111.46	2.047119038720181	train	0.46	False
ecoli50_r007153	111.46	2.047119038720181	val	0.44	False
ecoli50_r007154	79.78	1.901894031973821	test	0.56	False
ecoli50_r007155	96.21	1.9832202146481028	train	0.42	False
ecoli50_r007156	97.68	1.989805650936826	train	0.46	False
ecoli50_r007157	25.16	1.4007106367732314	train	0.42	False
ecoli50_r007158	114.25	2.057856208741888	test	0.28	False
ecoli50_r007159	2118.59	3.32604691802931	train	0.32	False
ecoli50_r007160	5983.32	3.776942230406451	train	0.24	False
ecoli50_r007161	263.78	2.421241863921055	train	0.3	False
ecoli50_r007162	443.97	2.647353624901466	val	0.34	False
ecoli50_r007163	1920.65	3.283448230599548	test	0.32	False
ecoli50_r007164	294.74	2.469439079183607	train	0.36	False
ecoli50_r007165	210.09	2.322405381067654	train	0.5	False
ecoli50_r007166	144.32	2.159326520197866	val	0.48	False
ecoli50_r007167	89.16	1.9501700598082	train	0.5	False
ecoli50_r007168	178.18	2.2508589545992947	train	0.34	False
ecoli50_r007169	1155.43	3.0627436395298817	test	0.48	False
ecoli50_r007170	72.16	1.8582965245338852	train	0.52	False
ecoli50_r007171	469.62	2.671746584203527	train	0.44	False
ecoli50_r007172	118.83	2.074926097123955	train	0.54	False
ecoli50_r007173	1616.11	3.208470917556863	train	0.44	False
ecoli50_r007174	48.11	1.682235356902564	train	0.52	False
ecoli50_r007175	104.03	2.017158598487814	train	0.38	False
ecoli50_r007176	96.21	1.9832202146481028	test	0.46	False
ecoli50_r007177	148.61	2.172048034180256	train	0.52	False
ecoli50_r007178	159.16	2.2018339304743506	train	0.64	False
ecoli50_r007179	39.89	1.6008640363098396	train	0.46	False
ecoli50_r007180	36.08	1.557266528869904	train	0.56	False
ecoli50_r007181	33.55	1.5256925245050108	train	0.54	False
ecoli50_r007182	619.63	2.792132436393576	test	0.58	False
ecoli50_r007183	25.06	1.3989810666581313	train	0.5	False
ecoli50_r007184	2214.5	3.3452756846207774	train	0.32	False
ecoli50_r007185	81.73	1.9123814989188004	val	0.32	False
ecoli50_r007186	63.94	1.805772631935669	test	0.4	False
ecoli50_r007187	3241.51	3.5107473657316484	val	0.54	False
ecoli50_r007188	115.74	2.063483478027528	val	0.56	False
ecoli50_r007189	672.65	2.827789146530529	val	0.58	False
ecoli50_r007190	146.13	2.1647393842914324	train	0.5	False
ecoli50_r007191	131.27	2.118165485243124	val	0.52	False
ecoli50_r007192	320.71	2.5061125017965726	train	0.52	True
ecoli50_r007193	69.14	1.839729375206388	train	0.38	False
ecoli50_r007194	68.73	1.83714634390906	train	0.42	False
ecoli50_r007195	30.07	1.4781334281005176	train	0.38	False
ecoli50_r007196	92.22	1.9648251178833889	val	0.4	False
ecoli50_r007197	291.8	2.4650852875574327	train	0.46	False
ecoli50_r007198	156.9	2.1956229435869368	train	0.54	False
ecoli50_r007199	56.0	1.7481880270062005	train	0.6	False
ecoli50_r007200	76.63	1.8843988255566864	train	0.54	False
ecoli50_r007201	53.68	1.7298125071609356	test	0.5	False
ecoli50_r007202	44.21	1.645520514905874	test	0.54	False
ecoli50_r007203	166.21	2.2206571494972502	train	0.52	False
ecoli50_r007204	120.27	2.080157310970184	train	0.44	False
ecoli50_r007205	37.23	1.5708930362183922	train	0.48	False
ecoli50_r007206	107.87	2.032900678732676	train	0.62	False
ecoli50_r007207	55.36	1.7431960814487013	train	0.46	False
ecoli50_r007208	83.87	1.9236066430174592	train	0.56	False
ecoli50_r007209	63.16	1.8004421213362567	train	0.46	False
ecoli50_r007210	127038.76	5.1039362460418864	val	0.42	True
ecoli50_r007211	114.25	2.057856208741888	train	0.2	False
ecoli50_r007212	188.86	2.2761399853501425	train	0.4	False
ecoli50_r007213	167.1	2.2229764498933915	train	0.46	False
ecoli50_r007214	154.18	2.1880280413350808	val	0.5	False
ecoli50_r007215	1070.38	3.0295379857275733	test	0.38	True
ecoli50_r007216	53.28	1.7265642161622448	test	0.42	False
ecoli50_r007217	82.19	1.914818980447473	test	0.36	False
ecoli50_r007218	72.45	1.8600383898071933	train	0.4	False
ecoli50_r007219	1355.36	3.132054664397104	train	0.44	True
ecoli50_r007220	402.9	2.6051972673883776	train	0.4	False
ecoli50_r007221	145.9	2.1640552918934515	train	0.48	False
ecoli50_r007222	63.18	1.80057962156913	train	0.52	False
ecoli50_r007223	80.56	1.9061194575455616	train	0.44	False
ecoli50_r007224	84.88	1.928805370893284	val	0.44	False
ecoli50_r007225	223.79	2.349840676285945	test	0.46	False
ecoli50_r007226	142.02	2.152349508312726	train	0.48	False
ecoli50_r007227	157.9	2.1983821300082944	train	0.28	False
ecoli50_r007228	284.63	2.454280672796099	train	0.34	False
ecoli50_r007229	531.18	2.725241714603265	train	0.3	False
ecoli50_r007230	2232.97	3.348882888354923	train	0.4	False
ecoli50_r007231	201.6	2.3044905277734875	val	0.58	False
ecoli50_r007232	426.83	2.630254936470747	train	0.54	False
ecoli50_r007233	306.35	2.486217884667973	train	0.46	False
ecoli50_r007234	112.95	2.052886235256382	train	0.52	False
ecoli50_r007235	143.76	2.1576380641009174	train	0.44	False
ecoli50_r007236	156.0	2.1931245983544616	train	0.46	False
ecoli50_r007237	162.71	2.211414245077976	train	0.38	False
ecoli50_r007238	608.67	2.784381896864668	val	0.52	False
ecoli50_r007239	49.2	1.6919651027673603	train	0.44	False
ecoli50_r007240	26.59	1.424718337331567	train	0.56	False
ecoli50_r007241	120.27	2.080157310970184	val	0.54	False
ecoli50_r007242	197.94	2.2965335659289874	train	0.46	False
ecoli50_r007243	207.79	2.3176246430800584	train	0.54	False
ecoli50_r007244	103.72	2.015862508097314	train	0.54	False
ecoli50_r007245	1146.55	3.0593929986652677	train	0.54	False
ecoli50_r007246	338.08	2.529019479708238	train	0.4	False
ecoli50_r007247	81.73	1.9123814989188004	train	0.54	False
ecoli50_r007248	84.19	1.9252605095194355	train	0.34	False
ecoli50_r007249	132.97	2.123753668755841	test	0.38	False
ecoli50_r007250	108.24	2.0343877835895667	test	0.38	False
ecoli50_r007251	1960.36	3.292335832405933	train	0.44	False
ecoli50_r007252	96.21	1.9832202146481028	train	0.6	False
ecoli50_r007253	147.61	2.169115780235715	train	0.3	False
ecoli50_r007254	85.45	1.931712067056756	train	0.5	False
ecoli50_r007255	70.59	1.848743181895684	train	0.44	False
ecoli50_r007256	90.58	1.9570323163469383	train	0.52	False
ecoli50_r007257	73.13	1.8640955734242477	train	0.54	False
ecoli50_r007258	39.79	1.5997739391463883	train	0.56	False
ecoli50_r007259	34.57	1.5386993795424069	val	0.58	False
ecoli50_r007260	231.48	2.364513473691509	test	0.44	False
ecoli50_r007261	38.32	1.5834255004065068	train	0.42	False
ecoli50_r007262	934.83	2.970732641060153	train	0.38	False
ecoli50_r007263	45.2	1.6551384348113822	train	0.36	False
ecoli50_r007264	63.78	1.8046845149069404	train	0.36	False
ecoli50_r007265	178.5	2.251638220448212	test	0.4	False
ecoli50_r007266	83.59	1.922154325231059	train	0.52	False
ecoli50_r007267	84.19	1.9252605095194355	test	0.5	False
ecoli50_r007268	1829.74	3.262389382305593	train	0.38	False
ecoli50_r007269	81.73	1.9123814989188004	test	0.58	False
ecoli50_r007270	1175.44	3.070200465588601	train	0.44	False
ecoli50_r007271	259.37	2.4139197420336536	val	0.64	False
ecoli50_r007272	48.11	1.682235356902564	train	0.48	False
ecoli50_r007273	635.84	2.803347845429721	train	0.54	False
ecoli50_r007274	535.1	2.728434950974255	test	0.46	False
ecoli50_r007275	70.03	1.8452841263479915	train	0.44	False
ecoli50_r007276	31.83	1.502836638621003	train	0.48	False
ecoli50_r007277	865.93	2.937482785963696	train	0.38	True
ecoli50_r007278	745147.58	5.872242295341906	train	0.42	True
ecoli50_r007279	182.84	2.2620712126172933	train	0.42	False
ecoli50_r007280	187.87	2.273857435371118	val	0.4	False
ecoli50_r007281	398.84	2.60079870758378	val	0.38	False
ecoli50_r007282	52.84	1.7229628089424895	val	0.24	False
ecoli50_r007283	51.72	1.7136585162083564	train	0.26	False
ecoli50_r007284	4116.16	3.61449224795788	val	0.42	True
ecoli50_r007285	4098.12	3.612584671140532	train	0.44	True
ecoli50_r007286	1092.27	3.038330005599611	val	0.46	False
ecoli50_r007287	76.63	1.8843988255566864	train	0.58	False
ecoli50_r007288	180.84	2.2572944983622567	train	0.34	False
ecoli50_r007289	117.01	2.0682229793464493	test	0.5	False
ecoli50_r007290	92.88	1.967922206730517	train	0.52	False
ecoli50_r007291	146.04	2.16447182427769	train	0.44	False
ecoli50_r007292	13788.87	4.13952867713505	test	0.56	False
ecoli50_r007293	246.55	2.391905006867157	val	0.44	False
ecoli50_r007294	162.22	2.2101043970648857	train	0.56	False
ecoli50_r007295	242.0	2.383815365980431	train	0.44	False
ecoli50_r007296	170.2	2.230959555748569	train	0.44	False
ecoli50_r007297	597.03	2.775996154424361	train	0.38	False
ecoli50_r007298	271.21	2.4333056987081227	train	0.5	False
ecoli50_r007299	491.78	2.691770862616897	train	0.36	False
ecoli50_r007300	45.82	1.6610550848533787	train	0.3	False
ecoli50_r007301	30.96	1.490800952010855	train	0.48	False
ecoli50_r007302	27293.25	4.436055253259738	val	0.48	False
ecoli50_r007303	27437.57	4.438345645579817	val	0.48	False
ecoli50_r007304	53564.22	4.728874785115871	train	0.46	False
ecoli50_r007305	53245.51	4.726282991182345	train	0.48	False
ecoli50_r007306	352.94	2.547700881354684	train	0.54	False
ecoli50_r007307	69.14	1.839729375206388	train	0.5	False
ecoli50_r007308	2147.87	3.3320079921154213	train	0.38	False
ecoli50_r007309	58.13	1.764400322956388	train	0.4	False
ecoli50_r007310	124.13	2.0938767553900446	train	0.52	False
ecoli50_r007311	78.84	1.896746615607405	train	0.44	False
ecoli50_r007312	74.3	1.8709888137605752	test	0.46	False
ecoli50_r007313	49.29	1.6927588181547242	val	0.5	False
ecoli50_r007314	41.94	1.6226284261293251	train	0.46	False
ecoli50_r007315	88.42	1.9465505105698555	train	0.48	False
ecoli50_r007316	1063.75	3.0268395730926443	val	0.44	False
ecoli50_r007317	101.69	2.0072782473342445	test	0.56	False
ecoli50_r007318	48.3	1.683947130751512	train	0.52	False
ecoli50_r007319	50.11	1.6999244027424767	train	0.48	False
ecoli50_r007320	91.37	1.9608036249117695	train	0.48	False
ecoli50_r007321	85.45	1.931712067056756	test	0.42	False
ecoli50_r007322	106.1	2.0257153839013404	train	0.52	False
ecoli50_r007323	159.56	2.202924027637802	val	0.58	False
ecoli50_r007324	58.51	1.7672300981107183	train	0.44	False
ecoli50_r007325	35.37	1.5486350598147516	test	0.56	False
ecoli50_r007326	42.55	1.6288995644206066	train	0.38	False
ecoli50_r007327	42.55	1.6288995644206066	val	0.38	False
ecoli50_r007328	96.21	1.9832202146481028	test	0.5	False
ecoli50_r007329	39.89	1.6008640363098396	train	0.48	False
ecoli50_r007330	359.02	2.5551186425830554	train	0.54	False
ecoli50_r007331	9986.23	3.999401564380871	train	0.54	False
ecoli50_r007332	194.13	2.28809265454187	train	0.6	False
ecoli50_r007333	89.09	1.9498289589353135	val	0.52	False
ecoli50_r007334	37.15	1.569958818096594	train	0.54	False
ecoli50_r007335	141.18	2.149773177559665	test	0.56	False
ecoli50_r007336	83.87	1.9236066430174592	train	0.48	False
ecoli50_r007337	48.11	1.682235356902564	train	0.5	False
ecoli50_r007338	81.5	1.9111576087399769	train	0.5	False
ecoli50_r007339	130.03	2.1140435625480776	train	0.56	False
ecoli50_r007340	53.05	1.7246853882373594	train	0.52	False
ecoli50_r007341	168.37	2.226264711895694	train	0.48	False
ecoli50_r007342	98.57	1.9937447565544624	train	0.54	False
ecoli50_r007343	180.15	2.2556342664585878	train	0.6	False
ecoli50_r007344	598.15	2.7768101070710123	train	0.52	True
ecoli50_r007345	143.76	2.1576380641009174	train	0.52	False
ecoli50_r007346	97.27	1.987978915875482	train	0.48	False
ecoli50_r007347	10864.33	4.036002948670816	train	0.46	False
ecoli50_r007348	102.32	2.0099605314705973	test	0.3	False
ecoli50_r007349	50.62	1.704322140822235	train	0.18	False
ecoli50_r007350	84.19	1.9252605095194355	train	0.42	False
ecoli50_r007351	67.66	1.8303319934519615	train	0.4	False
ecoli50_r007352	18.67	1.2711443179490785	test	0.3	True
ecoli50_r007353	124.13	2.0938767553900446	train	0.34	True
ecoli50_r007354	1580.82	3.1988824218252154	train	0.54	True
ecoli50_r007355	204.34	2.3103533890449945	train	0.44	False
ecoli50_r007356	107.74	2.032376971209936	test	0.46	False
ecoli50_r007357	133.49	2.1254487330602623	train	0.52	False
ecoli50_r007358	226.45	2.354972325018976	train	0.34	False
ecoli50_r007359	3761.76	3.5753910841435093	test	0.48	False
ecoli50_r007360	813.45	2.9103308634911365	val	0.34	False
ecoli50_r007361	111.46	2.047119038720181	train	0.54	False
ecoli50_r007362	190.59	2.2801001100549243	train	0.4	False
ecoli50_r007363	22.29	1.3481100684802376	val	0.42	False
ecoli50_r007364	166.23	2.220709404879566	test	0.56	False
ecoli50_r007365	159.56	2.202924027637802	train	0.58	False
ecoli50_r007366	70.74	1.8496650554787328	train	0.58	False
ecoli50_r007367	135.58	2.132195629573424	train	0.54	False
ecoli50_r007368	99.9	1.9995654882259823	train	0.52	False
ecoli50_r007369	42.63	1.6297153326471323	train	0.4	False
ecoli50_r007370	258.32	2.4121580320091054	train	0.48	False
ecoli50_r007371	33431.24	4.524152485332329	val	0.5	False
ecoli50_r007372	24.46	1.3884564527002667	train	0.42	False
ecoli50_r007373	102054.38	5.008831648630829	train	0.52	False
ecoli50_r007374	102050.45	5.008814924114176	train	0.52	False
ecoli50_r007375	1888.78	3.276181375417756	test	0.5	False
ecoli50_r007376	594.37	2.7740568808950865	val	0.46	False
ecoli50_r007377	65.15	1.8139144200486037	test	0.54	False
ecoli50_r007378	41.26	1.6155292236371328	train	0.56	False
ecoli50_r007379	47.87	1.6800634274819486	test	0.46	False
ecoli50_r007380	95.74	1.9810934231459296	test	0.56	False
ecoli50_r007381	994.16	2.997456285328078	train	0.24	False
ecoli50_r007382	88.42	1.9465505105698555	train	0.52	False
ecoli50_r007383	115.17	2.061339366837067	test	0.5	False
ecoli50_r007384	192.43	2.284272779857725	train	0.52	False
ecoli50_r007385	42.55	1.6288995644206066	train	0.56	False
ecoli50_r007386	97.27	1.987978915875482	train	0.48	False
ecoli50_r007387	276.58	2.4418207722892835	train	0.44	False
ecoli50_r007388	550.87	2.7410491216395743	train	0.4	False
ecoli50_r007389	53.87	1.731346975545955	train	0.5	False
ecoli50_r007390	291.8	2.4650852875574327	train	0.52	False
ecoli50_r007391	58.61	1.7679717213816188	train	0.46	False
ecoli50_r007392	192.43	2.284272779857725	train	0.22	False
ecoli50_r007393	130.03	2.1140435625480776	train	0.22	False
ecoli50_r007394	58.51	1.7672300981107183	train	0.6	False
ecoli50_r007395	352.94	2.547700881354684	val	0.5	False
ecoli50_r007396	84.19	1.9252605095194355	train	0.5	False
ecoli50_r007397	194.53	2.2889865867916286	train	0.34	False
ecoli50_r007398	194.53	2.2889865867916286	train	0.36	False
ecoli50_r007399	395.87	2.597552591097688	val	0.4	False
ecoli50_r007400	55.73	1.7460890430562002	train	0.46	False
ecoli50_r007401	221.42	2.3452168464313448	train	0.48	False
ecoli50_r007402	59.44	1.7740788007525188	val	0.44	False
ecoli50_r007403	12600.11	4.100374336560775	train	0.2	False
ecoli50_r007404	157.69	2.1978041531734096	train	0.36	True
ecoli50_r007405	176.48	2.2466954950961155	val	0.42	True
ecoli50_r007406	578.84	2.7625585348503083	val	0.32	True
ecoli50_r007407	57.03	1.7561033715851055	test	0.5	False
ecoli50_r007408	216.48	2.3354177792535475	test	0.46	False
ecoli50_r007409	115.17	2.061339366837067	train	0.42	False
ecoli50_r007410	46.97	1.671820560183249	train	0.44	False
ecoli50_r007411	529.18	2.7236034219595777	train	0.54	False
ecoli50_r007412	252.56	2.402364568884161	train	0.32	False
ecoli50_r007413	459.62	2.662398918407578	train	0.28	True
ecoli50_r007414	185.76	2.2689522023944986	train	0.18	False
ecoli50_r007415	55.73	1.7460890430562002	train	0.36	False
ecoli50_r007416	194.58	2.2890981990566166	train	0.26	False
ecoli50_r007417	105.68	2.023992804606471	val	0.26	False
ecoli50_r007418	104.0	2.0170333392987803	train	0.24	False
ecoli50_r007419	120.27	2.080157310970184	train	0.24	False
ecoli50_r007420	126.28	2.10133457322018	val	0.38	False
ecoli50_r007421	174.39	2.24152157767605	test	0.32	False
ecoli50_r007422	38.32	1.5834255004065068	train	0.24	False
ecoli50_r007423	144.89	2.161038412422962	train	0.36	False
ecoli50_r007424	288.64	2.460356515861848	val	0.28	False
ecoli50_r007425	224.78	2.3517576668790343	train	0.34	False
ecoli50_r007426	105.88	2.02481393262931	train	0.32	False
ecoli50_r007427	130.03	2.1140435625480776	train	0.26	False
ecoli50_r007428	46.97	1.671820560183249	train	0.32	False
ecoli50_r007429	143.65	2.1573056303279663	train	0.3	False
ecoli50_r007430	67.1	1.826722520168992	train	0.28	False
ecoli50_r007431	72.16	1.8582965245338852	train	0.3	False
ecoli50_r007432	63.74	1.804412059137714	train	0.38	False
ecoli50_r007433	70.59	1.848743181895684	train	0.4	False
ecoli50_r007434	221.98	2.346313847059117	val	0.38	False
ecoli50_r007435	36.9	1.5670263661590604	test	0.4	False
ecoli50_r007436	172.76	2.237443195375461	train	0.42	False
ecoli50_r007437	84.19	1.9252605095194355	train	0.36	False
ecoli50_r007438	60.13	1.7790912038454991	train	0.36	False
ecoli50_r007439	8422.05	3.925417815410016	train	0.48	False
ecoli50_r007440	67.1	1.826722520168992	test	0.48	False
ecoli50_r007441	50.16	1.70035752782266	train	0.46	False
ecoli50_r007442	4034.71	3.605812324702231	test	0.48	True
ecoli50_r007443	72.21	1.8585973449946924	train	0.4	False
ecoli50_r007444	26.06	1.4159744113765658	train	0.36	False
ecoli50_r007445	61.51	1.7889457270237477	train	0.4	False
ecoli50_r007446	211.77	2.3258644366153463	train	0.44	False
ecoli50_r007447	48.3	1.683947130751512	train	0.42	False
ecoli50_r007448	27.24	1.4352071032407476	train	0.46	False
ecoli50_r007449	48.11	1.682235356902564	test	0.48	False
ecoli50_r007450	60.13	1.7790912038454991	train	0.52	False
ecoli50_r007451	54.82	1.7389390312034796	train	0.5	False
ecoli50_r007452	72.16	1.8582965245338852	test	0.5	False
ecoli50_r007453	297.69	2.473764246075135	val	0.4	False
ecoli50_r007454	63.16	1.8004421213362567	train	0.36	False
ecoli50_r007455	86.95	1.9392695863387317	train	0.36	False
ecoli50_r007456	355.03	2.55026505244657	train	0.44	False
ecoli50_r007457	80.52	1.905903766216617	test	0.5	False
ecoli50_r007458	324.72	2.511509038309229	train	0.54	False
ecoli50_r007459	85.07	1.9297764328049016	test	0.5	False
ecoli50_r007460	512.85	2.709990359852276	train	0.46	False
ecoli50_r007461	6115.61	3.786439782128044	train	0.28	False
ecoli50_r007462	174.39	2.24152157767605	train	0.22	False
ecoli50_r007463	73.81	1.8681152053272168	train	0.34	False
ecoli50_r007464	77.12	1.8871670208947744	train	0.5	False
ecoli50_r007465	134.19	2.1277201528923197	train	0.4	False
ecoli50_r007466	87.76	1.9432966145666548	train	0.52	False
ecoli50_r007467	329.76	2.5181979744351377	val	0.32	False
ecoli50_r007468	329.76	2.5181979744351377	train	0.38	False
ecoli50_r007469	97.27	1.987978915875482	test	0.48	False
ecoli50_r007470	27.86	1.4449811120879448	train	0.32	False
ecoli50_r007471	946.12	2.9759462231171154	test	0.46	False
ecoli50_r007472	61.17	1.7865384804978024	train	0.48	False
ecoli50_r007473	87.23	1.9406658724758288	train	0.62	False
ecoli50_r007474	103.16	2.0135113334659	train	0.48	False
ecoli50_r007475	71.8	1.8561244442423004	train	0.48	False
ecoli50_r007476	85.57	1.9323215319892928	train	0.46	False
ecoli50_r007477	510.6	2.7080808104682315	train	0.44	False
ecoli50_r007478	115.81	2.0637460616134438	train	0.52	False
ecoli50_r007479	60.05	1.7785130117389247	train	0.5	False
ecoli50_r007480	5574.41	3.7461989080782554	train	0.42	False
ecoli50_r007481	90.58	1.9570323163469383	train	0.36	False
ecoli50_r007482	165.33	2.218351665745133	train	0.38	False
ecoli50_r007483	1887.83	3.2759628832957155	val	0.38	False
ecoli50_r007484	1443.21	3.159329529434128	train	0.52	False
ecoli50_r007485	167.74	2.2246366386814405	train	0.3	False
ecoli50_r007486	138.31	2.1408535813227223	train	0.38	False
ecoli50_r007487	743.29	2.871158289974975	train	0.24	False
ecoli50_r007488	40.67	1.6092741724045876	train	0.44	True
ecoli50_r007489	50.4	1.7024305364455252	train	0.54	True
ecoli50_r007490	34.11	1.5328817194073971	val	0.48	False
ecoli50_r007491	1983.62	3.2974584784483976	train	0.5	False
ecoli50_r007492	53.68	1.7298125071609356	test	0.62	False
ecoli50_r007493	59.84	1.776991584856405	test	0.48	False
ecoli50_r007494	59.84	1.776991584856405	train	0.5	False
ecoli50_r007495	204.85	2.311435968289161	train	0.4	False
ecoli50_r007496	204.85	2.311435968289161	val	0.44	False
ecoli50_r007497	114.35	2.0582361689427677	train	0.44	False
ecoli50_r007498	54.53	1.7366354976868212	train	0.52	False
ecoli50_r007499	70.74	1.8496650554787328	train	0.48	False
ecoli50_r007500	53.68	1.7298125071609356	train	0.52	False
ecoli50_r007501	107.36	2.030842502824917	train	0.22	False
ecoli50_r007502	118.89	2.075145327053852	test	0.26	False
ecoli50_r007503	47.16	1.6735737964230517	train	0.44	False
ecoli50_r007504	52.01	1.7160868537748322	test	0.44	False
ecoli50_r007505	243.35	2.3862313505795254	train	0.36	False
ecoli50_r007506	31.87	1.5033820634737327	val	0.4	False
ecoli50_r007507	109.05	2.037625669914719	train	0.36	False
ecoli50_r007508	253.29	2.403618043992883	train	0.38	False
ecoli50_r007509	68.73	1.83714634390906	train	0.38	False
ecoli50_r007510	93.08	1.9688563746146923	train	0.48	False
ecoli50_r007511	34.57	1.5386993795424069	train	0.48	False
ecoli50_r007512	89.9	1.9537596917332287	train	0.5	False
ecoli50_r007513	89.9	1.9537596917332287	train	0.4	False
ecoli50_r007514	332.42	2.5216871451612315	train	0.52	False
ecoli50_r007515	52.01	1.7160868537748322	train	0.54	False
ecoli50_r007516	60.13	1.7790912038454991	val	0.54	False
ecoli50_r007517	60.05	1.7785130117389247	train	0.38	False
ecoli50_r007518	408.91	2.611627731468287	train	0.3	False
ecoli50_r007519	182.04	2.260166826834355	train	0.48	False
ecoli50_r007520	336.75	2.5273076043950238	train	0.32	False
ecoli50_r007521	451.0	2.6541765418779604	train	0.32	False
ecoli50_r007522	78.17	1.8930401119571176	train	0.52	False
ecoli50_r007523	97.26	1.9879342652321583	train	0.52	False
ecoli50_r007524	1012.25	3.005287785440451	test	0.44	False
ecoli50_r007525	65.27	1.8147136126959769	train	0.48	False
ecoli50_r007526	106.38	2.026859985984561	train	0.62	False
ecoli50_r007527	157.68	2.197776611271387	test	0.54	False
ecoli50_r007528	234.03	2.3692715326210263	train	0.42	False
ecoli50_r007529	13.75	1.1383026981662814	val	0.52	False
ecoli50_r007530	26.63	1.4253711664389412	val	0.44	False
ecoli50_r007531	15.66	1.1947917577219247	train	0.54	False
ecoli50_r007532	98.41	1.9930392318069092	train	0.48	False
ecoli50_r007533	141.18	2.149773177559665	train	0.52	False
ecoli50_r007534	169.42	2.228964677405161	train	0.54	False
ecoli50_r007535	154.24	2.1881970165587554	train	0.44	False
ecoli50_r007536	1531.88	3.1852247461196885	train	0.46	False
ecoli50_r007537	63.74	1.804412059137714	train	0.4	True
ecoli50_r007538	191.58	2.2823501689230885	train	0.52	False
ecoli50_r007539	215.16	2.332761535609808	train	0.52	False
ecoli50_r007540	78.84	1.896746615607405	train	0.4	False
ecoli50_r007541	3128.68	3.4953611459710325	test	0.4	True
ecoli50_r007542	3125.33	3.4948958807560664	test	0.34	False
ecoli50_r007543	56.0	1.7481880270062005	train	0.42	True
ecoli50_r007544	106.24	2.026288062023942	train	0.36	False
ecoli50_r007545	2737.56	3.4373636465270256	train	0.4	False
ecoli50_r007546	195.16	2.2903908094402285	train	0.58	False
ecoli50_r007547	204.46	2.310608356458524	train	0.52	False
ecoli50_r007548	1673.08	3.2235167076855804	train	0.5	False
ecoli50_r007549	432.16	2.635644566843376	train	0.5	False
ecoli50_r007550	311.7	2.49373680227684	test	0.44	False
ecoli50_r007551	295.72	2.47088069752548	train	0.44	False
ecoli50_r007552	18204.78	4.260185434966566	train	0.42	True
ecoli50_r007553	18198.88	4.260044661348437	val	0.34	True
ecoli50_r007554	1002.39	3.001036725417776	val	0.38	False
ecoli50_r007555	163.58	2.213730203854841	test	0.5	False
ecoli50_r007556	163.58	2.213730203854841	train	0.48	False
ecoli50_r007557	381.75	2.581779045728459	val	0.36	False
ecoli50_r007558	277.64	2.4434820357303217	val	0.6	False
ecoli50_r007559	287.73	2.458985145711013	val	0.5	False
ecoli50_r007560	108.24	2.0343877835895667	test	0.46	False
ecoli50_r007561	48.3	1.683947130751512	train	0.46	False
ecoli50_r007562	63.16	1.8004421213362567	train	0.48	False
ecoli50_r007563	15275.98	4.1840090811037856	train	0.38	False
ecoli50_r007564	15296.41	4.184589515776116	train	0.28	False
ecoli50_r007565	247.58	2.393715558601472	train	0.54	False
ecoli50_r007566	92.88	1.967922206730517	train	0.34	False
ecoli50_r007567	1343.62	3.1282764597610173	train	0.52	False
ecoli50_r007568	6095.28	3.7849936606782486	test	0.42	True
ecoli50_r007569	34144.0	4.533314397744376	train	0.42	True
ecoli50_r007570	176565.4	5.246905602631735	train	0.38	False
ecoli50_r007571	16227.59	4.210254026454832	train	0.54	False
ecoli50_r007572	174.61	2.24206911233894	val	0.58	False
ecoli50_r007573	74438.69	4.871798721648717	train	0.44	False
ecoli50_r007574	2481.73	3.394754530632288	train	0.4	False
ecoli50_r007575	427.25	2.6306820713927745	test	0.44	False
ecoli50_r007576	338.95	2.5301356382454614	train	0.58	False
ecoli50_r007577	36.08	1.557266528869904	train	0.34	False
ecoli50_r007578	1153.92	3.0621757007062893	train	0.36	True
ecoli50_r007579	699.42	2.844738046854338	val	0.38	False
ecoli50_r007580	85.25	1.9306943876645355	test	0.52	False
ecoli50_r007581	614.14	2.788267384653845	train	0.46	False
ecoli50_r007582	1066.41	3.0279242089156084	train	0.52	False
ecoli50_r007583	523.9	2.719248398447946	train	0.36	True
ecoli50_r007584	126.32	2.1014721170002377	train	0.6	False
ecoli50_r007585	288.64	2.460356515861848	train	0.42	False
ecoli50_r007586	48.65	1.6870828446043706	train	0.44	False
ecoli50_r007587	45.21	1.6552345070342942	train	0.58	False
ecoli50_r007588	91.37	1.9608036249117695	test	0.56	False
ecoli50_r007589	33.44	1.5242662687669788	val	0.54	False
ecoli50_r007590	101.06	2.004579293902212	test	0.62	False
ecoli50_r007591	40.87	1.6114046377115934	train	0.54	False
ecoli50_r007592	457.41	2.660305655017878	val	0.6	False
ecoli50_r007593	31.91	1.5039268041935103	train	0.52	False
ecoli50_r007594	67.1	1.826722520168992	train	0.26	False
ecoli50_r007595	169.04	2.227989484044257	val	0.54	False
ecoli50_r007596	169.04	2.227989484044257	train	0.54	False
ecoli50_r007597	129.69	2.112906490253314	train	0.42	False
ecoli50_r007598	151.58	2.1806419027298323	train	0.38	False
ecoli50_r007599	15.79	1.1983821300082942	val	0.32	False
ecoli50_r007600	109.64	2.039969026867461	train	0.4	False
ecoli50_r007601	28.06	1.448087666692341	train	0.36	False
ecoli50_r007602	441.44	2.6448716831351105	train	0.34	False
ecoli50_r007603	678.02	2.8312425047247776	val	0.5	False
ecoli50_r007604	97.27	1.987978915875482	test	0.44	False
ecoli50_r007605	58.95	1.770483809431108	train	0.36	False
ecoli50_r007606	104.03	2.017158598487814	test	0.42	False
ecoli50_r007607	78.02	1.8922059459757723	train	0.42	False
ecoli50_r007608	258.32	2.4121580320091054	train	0.34	True
ecoli50_r007609	118.89	2.075145327053852	train	0.32	True
ecoli50_r007610	104.56	2.019365574572488	train	0.38	False
ecoli50_r007611	140.56	2.1478617484872387	val	0.46	False
ecoli50_r007612	189.55	2.277723788762453	train	0.44	False
ecoli50_r007613	76.16	1.8817269353764177	train	0.6	False
ecoli50_r007614	113.48	2.054919327123814	train	0.4	False
ecoli50_r007615	42.09	1.6241789257480224	test	0.5	False
ecoli50_r007616	280.99	2.448690864310427	test	0.32	False
ecoli50_r007617	333.54	2.5231479244222035	test	0.46	False
ecoli50_r007618	31.87	1.5033820634737327	train	0.5	False
ecoli50_r007619	114.67	2.0594498125079608	val	0.52	False
ecoli50_r007620	85.45	1.931712067056756	train	0.42	True
ecoli50_r007621	167.28	2.2234440198096155	train	0.5	False
ecoli50_r007622	280.75	2.448319764933496	train	0.44	False
ecoli50_r007623	248.92	2.3960597923124327	test	0.52	False
ecoli50_r007624	42.09	1.6241789257480224	train	0.5	False
ecoli50_r007625	3441.8	3.5367856302506997	test	0.4	True
ecoli50_r007626	94.7	1.9763499790032732	val	0.44	False
ecoli50_r007627	543.55	2.7352395000788343	train	0.44	True
ecoli50_r007628	307.39	2.4876897349416685	train	0.3	False
ecoli50_r007629	565.91	2.752747368270807	train	0.34	False
ecoli50_r007630	31.58	1.4994121256722754	train	0.54	False
ecoli50_r007631	52.01	1.7160868537748322	train	0.5	False
ecoli50_r007632	29.47	1.4693801358499252	train	0.38	False
ecoli50_r007633	92.88	1.967922206730517	val	0.46	False
ecoli50_r007634	127.33	2.1049307390777403	train	0.34	False
ecoli50_r007635	2392.55	3.378861022518764	train	0.5	False
ecoli50_r007636	143.04	2.1554575014518425	test	0.4	False
ecoli50_r007637	76.63	1.8843988255566864	train	0.56	False
ecoli50_r007638	38.32	1.5834255004065068	train	0.32	False
ecoli50_r007639	150.33	2.177045657462139	val	0.36	False
ecoli50_r007640	173.72	2.239849820690192	train	0.5	False
ecoli50_r007641	130.82	2.1166741447959465	val	0.48	False
ecoli50_r007642	156.35	2.194097885578952	test	0.54	False
ecoli50_r007643	104.03	2.017158598487814	val	0.42	False
ecoli50_r007644	435.59	2.639077900939867	train	0.62	False
ecoli50_r007645	1904.27	3.279728525559383	val	0.5	False
ecoli50_r007646	1162.15	3.065262186546557	train	0.54	False
ecoli50_r007647	35.37	1.5486350598147516	test	0.34	False
ecoli50_r007648	132.97	2.123753668755841	train	0.52	False
ecoli50_r007649	156.04	2.1932359416397538	train	0.42	False
ecoli50_r007650	60.42	1.7811807209372617	train	0.5	False
ecoli50_r007651	378.95	2.5785819114018698	val	0.6	False
ecoli50_r007652	50.11	1.6999244027424767	test	0.58	False
ecoli50_r007653	378.84	2.578455827939842	test	0.4	False
ecoli50_r007654	1912.26	3.2815469407060904	train	0.44	False
ecoli50_r007655	549.69	2.7401178363211565	test	0.52	False
ecoli50_r007656	95.3	1.9790929006383264	test	0.44	False
ecoli50_r007657	30016.59	4.477361353187046	val	0.5	False
ecoli50_r007658	26.01	1.4151403521958728	test	0.42	False
ecoli50_r007659	1581.52	3.1990746884014203	test	0.38	False
ecoli50_r007660	60.13	1.7790912038454991	train	0.4	False
ecoli50_r007661	2309.14	3.3634502643958606	test	0.42	False
ecoli50_r007662	2345.22	3.370183589185197	train	0.44	False
ecoli50_r007663	622.29	2.793992822068009	train	0.32	False
ecoli50_r007664	13182.53	4.119998768345594	train	0.48	False
ecoli50_r007665	73.81	1.8681152053272168	train	0.52	False
ecoli50_r007666	457.41	2.660305655017878	train	0.54	False
ecoli50_r007667	72.92	1.8628466599829387	train	0.46	False
ecoli50_r007668	271.16	2.4332256252374047	train	0.46	False
ecoli50_r007669	471.83	2.673785550835815	train	0.52	False
ecoli50_r007670	247.58	2.393715558601472	train	0.6	False
ecoli50_r007671	42.72	1.6306312440205	train	0.5	False
ecoli50_r007672	21.28	1.3279716236230106	test	0.5	False
ecoli50_r007673	231.37	2.3643070465816085	train	0.5	False
ecoli50_r007674	90.16	1.95501390303805	train	0.6	False
ecoli50_r007675	114.35	2.0582361689427677	train	0.58	False
ecoli50_r007676	150.04	2.176207055478685	train	0.56	False
ecoli50_r007677	148.9	2.1728946977521764	val	0.58	False
ecoli50_r007678	385.51	2.586035647986175	test	0.5	False
ecoli50_r007679	123.79	2.0926855629374908	train	0.44	False
ecoli50_r007680	248.78	2.39581546348354	train	0.38	False
ecoli50_r007681	60.13	1.7790912038454991	test	0.48	False
ecoli50_r007682	360.8	2.557266528869904	train	0.58	False
ecoli50_r007683	201.29	2.303822199862847	test	0.5	False
ecoli50_r007684	222.82	2.3479541698940163	val	0.54	False
ecoli50_r007685	282.36	2.450803173223646	val	0.44	False
ecoli50_r007686	50.16	1.70035752782266	train	0.46	False
ecoli50_r007687	356.99	2.552656050830272	train	0.54	False
ecoli50_r007688	67.1	1.826722520168992	train	0.44	True
ecoli50_r007689	156.04	2.1932359416397538	train	0.48	True
ecoli50_r007690	143.83	2.1578494804529016	train	0.46	False
ecoli50_r007691	189.55	2.277723788762453	train	0.44	True
ecoli50_r007692	248.78	2.39581546348354	test	0.46	False
ecoli50_r007693	51.34	1.7104558643354246	train	0.36	False
ecoli50_r007694	138.29	2.1407907766253023	train	0.5	False
ecoli50_r007695	38.32	1.5834255004065068	test	0.5	False
ecoli50_r007696	239.34	2.379015286693483	train	0.46	False
ecoli50_r007697	48.3	1.683947130751512	train	0.3	False
ecoli50_r007698	304.65	2.483801182460488	train	0.28	False
ecoli50_r007699	44.21	1.645520514905874	test	0.3	False
ecoli50_r007700	9.91	0.9960736544852752	train	0.48	False
ecoli50_r007701	210.47	2.3231902010602106	train	0.54	False
ecoli50_r007702	81.73	1.9123814989188004	train	0.58	False
ecoli50_r007703	111.46	2.047119038720181	train	0.48	False
ecoli50_r007704	164.09	2.215082115013175	train	0.6	False
ecoli50_r007705	4735.02	3.675321817736609	val	0.38	False
ecoli50_r007706	4755.46	3.677192533008266	train	0.26	True
ecoli50_r007707	4747.1	3.6764283804419233	train	0.28	True
ecoli50_r007708	1859.77	3.269459237816195	train	0.32	False
ecoli50_r007709	1857.91	3.269024672278688	train	0.26	False
ecoli50_r007710	48.11	1.682235356902564	val	0.5	False
ecoli50_r007711	58.71	1.7687120803776637	train	0.48	False
ecoli50_r007712	147.6	2.1690863574870227	train	0.54	False
ecoli50_r007713	3941.45	3.595656021610097	val	0.5	False
ecoli50_r007714	1437.24	3.157529295602982	train	0.5	False
ecoli50_r007715	22.37	1.3496659840966296	test	0.5	False
ecoli50_r007716	212.75	2.327869568756625	train	0.52	False
ecoli50_r007717	51.09	1.7083359026822635	train	0.48	False
ecoli50_r007718	437.66	2.6411368560188717	train	0.56	False
ecoli50_r007719	396.88	2.598659214028129	test	0.52	False
ecoli50_r007720	70.45	1.8478809974453752	train	0.4	False
ecoli50_r007721	52.01	1.7160868537748322	train	0.58	False
ecoli50_r007722	120.27	2.080157310970184	train	0.44	False
ecoli50_r007723	109.53	2.03953308766939	train	0.6	False
ecoli50_r007724	51.86	1.7148325124333326	train	0.64	False
ecoli50_r007725	70.17	1.8461514765288156	val	0.62	False
ecoli50_r007726	160.63	2.2058266593593414	val	0.6	False
ecoli50_r007727	2191.41	3.340723639121399	test	0.52	False
ecoli50_r007728	332.42	2.5216871451612315	train	0.36	False
ecoli50_r007729	83.59	1.922154325231059	train	0.46	False
ecoli50_r007730	376.84	2.5761569951220933	train	0.42	False
ecoli50_r007731	30.58	1.4854374810763014	train	0.48	False
ecoli50_r007732	100.31	2.0013442304116014	train	0.56	False
ecoli50_r007733	108.24	2.0343877835895667	train	0.42	False
ecoli50_r007734	234.52	2.37017988551276	test	0.44	False
ecoli50_r007735	39.01	1.5911759503117913	test	0.36	False
ecoli50_r007736	81.11	1.909074401400904	train	0.54	False
ecoli50_r007737	25.05	1.3988077302032644	train	0.5	False
ecoli50_r007738	79.92	1.9026554752179257	val	0.52	False
ecoli50_r007739	138.53	2.141543834220653	train	0.54	False
ecoli50_r007740	453.9	2.656960182742849	train	0.46	False
ecoli50_r007741	30.81	1.4886916983169407	val	0.54	False
ecoli50_r007742	133.75	2.126293790693266	train	0.4	False
ecoli50_r007743	48.65	1.6870828446043706	train	0.5	False
ecoli50_r007744	132.29	2.1215270164553788	train	0.56	False
ecoli50_r007745	1650.59	3.217639209634363	test	0.44	False
ecoli50_r007746	1735.0	3.2392994791268923	test	0.44	False
ecoli50_r007747	274.92	2.4392063352370226	train	0.34	False
ecoli50_r007748	1300.88	3.114237236806436	train	0.5	False
ecoli50_r007749	63.16	1.8004421213362567	test	0.42	False
ecoli50_r007750	53.68	1.7298125071609356	train	0.42	False
ecoli50_r007751	163.47	2.213438062623771	train	0.58	False
ecoli50_r007752	39.89	1.6008640363098396	val	0.54	False
ecoli50_r007753	130.11	2.114310676868425	train	0.48	False
ecoli50_r007754	193.19	2.285984642487249	train	0.48	False
ecoli50_r007755	265.03	2.4232950365671155	train	0.38	False
ecoli50_r007756	159.16	2.2018339304743506	train	0.42	False
ecoli50_r007757	268.39	2.4287663303280818	val	0.44	False
ecoli50_r007758	42.63	1.6297153326471323	train	0.42	False
ecoli50_r007759	755.32	2.8781309844649963	train	0.34	False
ecoli50_r007760	218.75	2.3399480616943507	test	0.48	False
ecoli50_r007761	39.89	1.6008640363098396	val	0.48	False
ecoli50_r007762	149.19	2.1737397139518877	train	0.48	False
ecoli50_r007763	271.03	2.4330173650934355	train	0.34	False
ecoli50_r007764	269.7	2.4308809464528918	train	0.4	False
ecoli50_r007765	269.7	2.4308809464528918	train	0.4	False
ecoli50_r007766	574.0	2.7589118923979736	val	0.34	False
ecoli50_r007767	312.7	2.4951278812429334	train	0.26	False
ecoli50_r007768	151.86	2.1814433955418977	val	0.48	False
ecoli50_r007769	769.71	2.886327128909236	train	0.46	True
ecoli50_r007770	98.45	1.993215720474137	val	0.46	False
ecoli50_r007771	30.19	1.4798631130230977	train	0.46	False
ecoli50_r007772	197.31	2.2951490965789185	train	0.36	False
ecoli50_r007773	78.17	1.8930401119571176	val	0.42	False
ecoli50_r007774	58.2	1.7649229846498886	train	0.58	False
ecoli50_r007775	260.06	2.415073558212059	test	0.32	False
ecoli50_r007776	300.63	2.4780323168508858	test	0.46	False
ecoli50_r007777	1042.3	3.017992737766433	train	0.52	False
ecoli50_r007778	120.77	2.0819590663004783	test	0.6	False
ecoli50_r007779	61941.08	4.791978773412621	train	0.4	False
ecoli50_r007780	5812.43	3.764357735653401	train	0.32	False
ecoli50_r007781	40.87	1.6114046377115934	train	0.44	False
ecoli50_r007782	89.09	1.9498289589353135	train	0.46	False
ecoli50_r007783	1955.8	3.29132444179242	val	0.36	True
ecoli50_r007784	47.16	1.6735737964230517	val	0.4	False
ecoli50_r007785	66.87	1.8252313231999	train	0.5	False
ecoli50_r007786	77.46	1.889077492650064	val	0.58	False
ecoli50_r007787	77.46	1.889077492650064	train	0.6	False
ecoli50_r007788	255.76	2.407832623263632	train	0.44	False
ecoli50_r007789	193.02	2.2856023112856136	train	0.44	False
ecoli50_r007790	42.55	1.6288995644206066	train	0.48	False
ecoli50_r007791	130.03	2.1140435625480776	test	0.52	False
ecoli50_r007792	518.75	2.714958109720149	train	0.46	False
ecoli50_r007793	598.33	2.7769407787200704	train	0.3	False
ecoli50_r007794	338.85	2.530007489976044	train	0.62	False
ecoli50_r007795	159.56	2.202924027637802	train	0.42	False
ecoli50_r007796	61.9	1.791690649020118	train	0.5	False
ecoli50_r007797	170.2	2.230959555748569	train	0.54	False
ecoli50_r007798	203.37	2.308286888629105	train	0.56	False
ecoli50_r007799	101.69	2.0072782473342445	train	0.44	False
ecoli50_r007800	98.74	1.9944931228835123	train	0.56	False
ecoli50_r007801	63.83	1.8050248444298047	train	0.44	False
ecoli50_r007802	316.47	2.500332547048551	val	0.4	False
ecoli50_r007803	1368.88	3.136365378285887	train	0.62	False
ecoli50_r007804	161.03	2.206906792930864	train	0.48	False
ecoli50_r007805	100.65	2.0028137792246734	train	0.44	False
ecoli50_r007806	1271.18	3.1042070513186064	test	0.38	False
ecoli50_r007807	124.39	2.0947854678195585	train	0.42	False
ecoli50_r007808	50.11	1.6999244027424767	train	0.62	False
ecoli50_r007809	101.06	2.004579293902212	train	0.5	False
ecoli50_r007810	1209.58	3.0826345973027607	train	0.4	False
ecoli50_r007811	4704.34	3.6724987022661577	train	0.24	False
ecoli50_r007812	4704.34	3.6724987022661577	val	0.24	False
ecoli50_r007813	14.86	1.1720188094245565	train	0.34	False
ecoli50_r007814	161.61	2.2084682302656176	val	0.4	False
ecoli50_r007815	47.87	1.6800634274819486	train	0.54	False
ecoli50_r007816	311.48	2.4934301660241105	train	0.38	False
ecoli50_r007817	170.9	2.232742062720737	val	0.54	False
ecoli50_r007818	40.26	1.6048737705526357	test	0.44	False
ecoli50_r007819	1719.83	3.235485520331536	val	0.44	False
ecoli50_r007820	52.01	1.7160868537748322	val	0.38	False
ecoli50_r007821	106.57	2.027634965777544	train	0.48	False
ecoli50_r007822	26.53	1.423737249982329	train	0.54	False
ecoli50_r007823	98.45	1.993215720474137	val	0.44	False
ecoli50_r007824	66.15	1.82052984852352	train	0.5	False
ecoli50_r007825	325.02	2.5119100859708463	test	0.52	False
ecoli50_r007826	193.19	2.285984642487249	train	0.44	False
ecoli50_r007827	215.48	2.333406966873917	train	0.42	False
ecoli50_r007828	35.94	1.555578072772955	train	0.44	False
ecoli50_r007829	73.69	1.8674085565227911	train	0.52	False
ecoli50_r007830	611.66	2.7865100803878065	val	0.54	False
ecoli50_r007831	157.9	2.1983821300082944	train	0.48	False
ecoli50_r007832	309.77	2.4910393557558783	train	0.3	False
ecoli50_r007833	63.04	1.799616204481499	train	0.28	False
ecoli50_r007834	4426.73	3.646083033818457	train	0.58	False
ecoli50_r007835	219.82	2.342067203531009	train	0.52	False
ecoli50_r007836	69.14	1.839729375206388	train	0.42	False
ecoli50_r007837	124.13	2.0938767553900446	train	0.42	False
ecoli50_r007838	1472.78	3.1681378779208536	train	0.38	False
ecoli50_r007839	424.43	2.6278060735657487	train	0.52	False
ecoli50_r007840	76.63	1.8843988255566864	train	0.44	False
ecoli50_r007841	63.16	1.8004421213362567	test	0.48	False
ecoli50_r007842	442.25	2.6456678415817607	train	0.42	False
ecoli50_r007843	186.55	2.270795253376848	train	0.46	False
ecoli50_r007844	66.87	1.8252313231999	train	0.5	False
ecoli50_r007845	91.37	1.9608036249117695	train	0.5	False
ecoli50_r007846	52.12	1.717004407040547	train	0.44	False
ecoli50_r007847	1111.58	3.045940724172465	test	0.54	False
ecoli50_r007848	156.35	2.194097885578952	val	0.3	False
ecoli50_r007849	120.84	2.0822107166012427	test	0.48	False
ecoli50_r007850	70.59	1.848743181895684	val	0.56	False
ecoli50_r007851	123.79	2.0926855629374908	test	0.58	False
ecoli50_r007852	122.33	2.087532975734093	test	0.52	False
ecoli50_r007853	50.11	1.6999244027424767	train	0.48	False
ecoli50_r007854	32.8	1.515873843711679	train	0.48	False
ecoli50_r007855	168.0	2.225309281725863	train	0.56	False
ecoli50_r007856	70.74	1.8496650554787328	test	0.54	False
ecoli50_r007857	59.44	1.7740788007525188	train	0.42	False
ecoli50_r007858	38.32	1.5834255004065068	train	0.54	False
ecoli50_r007859	794.33	2.900000965153469	train	0.4	False
ecoli50_r007860	195.91	2.2920566046214685	train	0.44	False
ecoli50_r007861	1023.54	3.0101048195826245	val	0.38	False
ecoli50_r007862	186.16	2.2698863702786736	train	0.56	False
ecoli50_r007863	133.21	2.1245368283012773	test	0.5	False
ecoli50_r007864	263.75	2.4211924683057493	train	0.48	False
ecoli50_r007865	36.9	1.5670263661590604	train	0.46	False
ecoli50_r007866	36.08	1.557266528869904	train	0.52	False
ecoli50_r007867	713.99	2.85369212917781	train	0.54	True
ecoli50_r007868	166.23	2.220709404879566	test	0.44	False
ecoli50_r007869	98.65	1.99409708958821	train	0.52	False
ecoli50_r007870	56.0	1.7481880270062005	train	0.46	False
ecoli50_r007871	83.59	1.922154325231059	train	0.4	False
ecoli50_r007872	180.19	2.255730685281629	train	0.44	False
ecoli50_r007873	115.81	2.0637460616134438	val	0.54	False
ecoli50_r007874	668.74	2.8252573008576363	train	0.48	False
ecoli50_r007875	58.95	1.770483809431108	test	0.5	False
ecoli50_r007876	124.99	2.096875268059688	test	0.42	False
ecoli50_r007877	572.97	2.7581318834411457	train	0.42	True
ecoli50_r007878	637.42	2.804425685986428	val	0.32	False
ecoli50_r007879	66.15	1.82052984852352	train	0.3	False
ecoli50_r007880	124.46	2.095029796648452	test	0.44	False
ecoli50_r007881	1063.53	3.026749744968129	test	0.28	False
ecoli50_r007882	439.17	2.642632665505216	train	0.44	False
ecoli50_r007883	132.29	2.1215270164553788	val	0.42	False
ecoli50_r007884	118.89	2.075145327053852	train	0.44	False
ecoli50_r007885	192.9	2.285332227643885	train	0.54	False
ecoli50_r007886	192.9	2.285332227643885	test	0.5	False
ecoli50_r007887	42.09	1.6241789257480224	train	0.46	False
ecoli50_r007888	85.48	1.931864513492032	train	0.52	False
ecoli50_r007889	3227.18	3.5088231893972743	test	0.42	False
ecoli50_r007890	318.31	2.502850282593983	train	0.48	False
ecoli50_r007891	198.44	2.297629218364148	val	0.54	False
ecoli50_r007892	100.21	2.000911062131223	train	0.48	False
ecoli50_r007893	88.42	1.9465505105698555	train	0.48	False
ecoli50_r007894	53.68	1.7298125071609356	train	0.5	False
ecoli50_r007895	47.16	1.6735737964230517	test	0.54	False
ecoli50_r007896	180.4	2.256236533205923	train	0.5	False
ecoli50_r007897	46.97	1.671820560183249	train	0.38	False
ecoli50_r007898	1401.33	3.1465404195846904	test	0.56	False
ecoli50_r007899	286.07	2.4564723159751454	val	0.6	False
ecoli50_r007900	229.33	2.360460871050178	train	0.5	False
ecoli50_r007901	24796.79	4.394395464071509	train	0.44	False
ecoli50_r007902	147.86	2.1698507018614985	train	0.32	False
ecoli50_r007903	397.21	2.599020173585052	train	0.54	False
ecoli50_r007904	206.5	2.31492005599242	train	0.52	False
ecoli50_r007905	984.53	2.993228954233357	train	0.5	False
ecoli50_r007906	294.74	2.469439079183607	val	0.54	False
ecoli50_r007907	471.83	2.673785550835815	val	0.58	False
ecoli50_r007908	78.17	1.8930401119571176	train	0.4	False
ecoli50_r007909	1304.9	3.115577231128523	val	0.34	False
ecoli50_r007910	703.33	2.847159142305466	val	0.48	False
ecoli50_r007911	1095.98	3.039802628994254	train	0.46	False
ecoli50_r007912	301.05	2.4786386315431668	train	0.46	False
ecoli50_r007913	1363.48	3.1346487719414977	val	0.5	False
ecoli50_r007914	113.48	2.054919327123814	train	0.4	False
ecoli50_r007915	1672.39	3.2233375620368303	val	0.5	True
ecoli50_r007916	1672.39	3.2233375620368303	train	0.5	True
ecoli50_r007917	63.83	1.8050248444298047	test	0.54	False
ecoli50_r007918	331.78	2.5208502028112187	train	0.46	True
ecoli50_r007919	41.07	1.6135247028536523	train	0.48	False
ecoli50_r007920	37.33	1.5720579899263043	train	0.54	False
ecoli50_r007921	37.33	1.5720579899263043	test	0.44	False
ecoli50_r007922	187.45	2.272885444757569	train	0.42	False
ecoli50_r007923	68.73	1.83714634390906	train	0.52	False
ecoli50_r007924	333.81	2.523499342767935	val	0.46	False
ecoli50_r007925	47.18	1.6737579365495767	train	0.56	False
ecoli50_r007926	58.51	1.7672300981107183	test	0.54	False
ecoli50_r007927	120.27	2.080157310970184	train	0.32	True
ecoli50_r007928	6154.23	3.789173722958609	test	0.36	True
ecoli50_r007929	366.99	2.564654230453756	train	0.52	False
ecoli50_r007930	598.15	2.7768101070710123	train	0.38	False
ecoli50_r007931	191.58	2.2823501689230885	val	0.22	False
ecoli50_r007932	2296.04	3.360979449765986	train	0.26	False
ecoli50_r007933	2296.04	3.360979449765986	train	0.24	False
ecoli50_r007934	77.21	1.8876735524544477	train	0.54	False
ecoli50_r007935	63.07	1.7998228309933195	val	0.6	False
ecoli50_r007936	230.34	2.3623693625010485	train	0.56	False
ecoli50_r007937	62.06	1.7928117712481468	train	0.46	False
ecoli50_r007938	87.23	1.9406658724758288	train	0.34	False
ecoli50_r007939	55013.7	4.740470854830613	val	0.44	False
ecoli50_r007940	189.48	2.277563376055919	train	0.44	False
ecoli50_r007941	90.2	1.9552065375419416	train	0.34	False
ecoli50_r007942	96.21	1.9832202146481028	train	0.18	False
ecoli50_r007943	533.42	2.7270692950561486	val	0.24	False
ecoli50_r007944	263.78	2.421241863921055	train	0.38	False
ecoli50_r007945	36.9	1.5670263661590604	train	0.42	False
ecoli50_r007946	63.94	1.805772631935669	test	0.42	False
ecoli50_r007947	63.37	1.80188370712524	val	0.4	False
ecoli50_r007948	89.9	1.9537596917332287	train	0.46	False
ecoli50_r007949	96.6	1.9849771264154932	train	0.36	False
ecoli50_r007950	85.45	1.931712067056756	train	0.38	False
ecoli50_r007951	60.39	1.780965029608317	train	0.32	False
ecoli50_r007952	36.9	1.5670263661590604	train	0.34	False
ecoli50_r007953	29.31	1.4670158184384354	val	0.36	False
ecoli50_r007954	141.18	2.149773177559665	test	0.4	False
ecoli50_r007955	1218.59	3.085857609893293	val	0.32	False
ecoli50_r007956	219.74	2.341909120179768	train	0.28	False
ecoli50_r007957	219.74	2.341909120179768	val	0.32	False
ecoli50_r007958	766.58	2.8845574843640103	train	0.2	False
ecoli50_r007959	57.03	1.7561033715851055	train	0.4	False
ecoli50_r007960	45.29	1.6560023206829573	train	0.32	False
ecoli50_r007961	1455.24	3.162934623617636	train	0.36	False
ecoli50_r007962	271.74	2.434153571066601	val	0.36	False
ecoli50_r007963	78.02	1.8922059459757723	train	0.5	False
ecoli50_r007964	63.74	1.804412059137714	train	0.38	False
ecoli50_r007965	61.9	1.791690649020118	train	0.52	False
ecoli50_r007966	2165.96	3.3356504320032063	test	0.56	False
ecoli50_r007967	194847.69	5.289695261418419	test	0.32	True
ecoli50_r007968	163.55	2.2136505484610005	train	0.42	False
ecoli50_r007969	11309.07	4.053426892239797	val	0.66	False
ecoli50_r007970	137042.03	5.136853783197884	test	0.42	False
ecoli50_r007971	80.52	1.905903766216617	val	0.6	False
ecoli50_r007972	244.64	2.388527468068245	train	0.42	False
ecoli50_r007973	98.4	1.9929950984313416	train	0.42	False
ecoli50_r007974	89.16	1.9501700598082	train	0.46	False
ecoli50_r007975	223.79	2.349840676285945	train	0.36	False
ecoli50_r007976	13.75	1.1383026981662814	train	0.36	False
ecoli50_r007977	216.68	2.335818826915165	train	0.46	True
ecoli50_r007978	216.68	2.335818826915165	val	0.48	True
ecoli50_r007979	859.91	2.9344529994427098	train	0.38	False
ecoli50_r007980	38.32	1.5834255004065068	train	0.56	False
ecoli50_r007981	40.87	1.6114046377115934	train	0.56	False
ecoli50_r007982	2035.93	3.308762841868872	train	0.36	False
ecoli50_r007983	175.52	2.244326610230636	train	0.48	False
ecoli50_r007984	419.11	2.62232802326049	train	0.54	False
ecoli50_r007985	872.26	2.940645957105444	train	0.3	False
ecoli50_r007986	226.5	2.3550682063488506	train	0.38	False
ecoli50_r007987	63.74	1.804412059137714	val	0.34	False
ecoli50_r007988	247.32	2.393259237826838	train	0.5	False
ecoli50_r007989	102.88	2.012330955580147	test	0.34	False
ecoli50_r007990	109.03	2.037546012085827	train	0.38	False
ecoli50_r007991	1003.1	3.0013442304116014	train	0.48	False
ecoli50_r007992	85.1	1.929929560084588	train	0.5	False
ecoli50_r007993	232.2	2.365862215402555	train	0.48	False
ecoli50_r007994	235.92	2.3727647595437418	train	0.5	False
ecoli50_r007995	60.13	1.7790912038454991	train	0.36	False
ecoli50_r007996	212.51	2.327379371292849	test	0.44	False
ecoli50_r007997	135.87	2.13312357540262	train	0.26	False
ecoli50_r007998	1710.98	3.2332449330125184	test	0.48	False
ecoli50_r007999	109.05	2.037625669914719	train	0.44	False
ecoli50_r008000	69.14	1.839729375206388	val	0.62	False
ecoli50_r008001	48.3	1.683947130751512	train	0.54	False
ecoli50_r008002	60.13	1.7790912038454991	train	0.56	False
ecoli50_r008003	56.0	1.7481880270062005	train	0.46	False
ecoli50_r008004	58.51	1.7672300981107183	train	0.56	False
ecoli50_r008005	87.76	1.9432966145666548	train	0.58	False
ecoli50_r008006	2874.4	3.458547204196593	train	0.5	False
ecoli50_r008007	150.32	2.177016767092469	test	0.52	False
ecoli50_r008008	642.73	2.8080285714684927	train	0.54	False
ecoli50_r008009	28.52	1.455149521179828	train	0.54	False
ecoli50_r008010	944.1	2.9750179976328828	test	0.52	False
ecoli50_r008011	230.34	2.3623693625010485	train	0.46	False
ecoli50_r008012	1875.55	3.273128646431102	train	0.44	True
ecoli50_r008013	33.44	1.5242662687669788	val	0.54	False
ecoli50_r008014	120.27	2.080157310970184	train	0.5	False
ecoli50_r008015	444.99	2.6483502514447137	train	0.32	False
ecoli50_r008016	1846.85	3.266431623746848	train	0.52	False
ecoli50_r008017	27.86	1.4449811120879448	train	0.56	False
ecoli50_r008018	108.24	2.0343877835895667	train	0.46	False
ecoli50_r008019	126.32	2.1014721170002377	train	0.56	False
ecoli50_r008020	186.49	2.270655548952985	train	0.26	False
ecoli50_r008021	74.3	1.8709888137605752	test	0.5	False
ecoli50_r008022	1033.68	3.014386113474206	train	0.52	False
ecoli50_r008023	14809.92	4.170552712562236	val	0.42	True
ecoli50_r008024	139.32	2.1440134657861987	test	0.32	False
ecoli50_r008025	114.24	2.057818194432099	train	0.26	False
ecoli50_r008026	262.71	2.4194766044273397	val	0.26	False
ecoli50_r008027	262.71	2.4194766044273397	train	0.28	False
ecoli50_r008028	261.78	2.417936463370464	train	0.44	False
ecoli50_r008029	288.64	2.460356515861848	train	0.52	True
ecoli50_r008030	78.02	1.8922059459757723	train	0.52	False
ecoli50_r008031	79.78	1.901894031973821	val	0.52	False
ecoli50_r008032	92.42	1.965765964182686	train	0.52	False
ecoli50_r008033	365.95	2.563421751494202	train	0.42	False
ecoli50_r008034	362.23	2.5589844158701327	train	0.4	False
ecoli50_r008035	66.87	1.8252313231999	train	0.54	False
ecoli50_r008036	390.1	2.5911759503117917	train	0.46	False
ecoli50_r008037	58.51	1.7672300981107183	train	0.4	False
ecoli50_r008038	122.33	2.087532975734093	test	0.4	False
ecoli50_r008039	118.89	2.075145327053852	test	0.56	False
ecoli50_r008040	41.26	1.6155292236371328	train	0.5	False
ecoli50_r008041	106.11	2.025756314534414	train	0.56	False
ecoli50_r008042	47.16	1.6735737964230517	val	0.56	False
ecoli50_r008043	171.1	2.2332500095411003	train	0.46	False
ecoli50_r008044	187.87	2.273857435371118	train	0.46	False
ecoli50_r008045	70.74	1.8496650554787328	val	0.46	False
ecoli50_r008046	96.21	1.9832202146481028	test	0.52	False
ecoli50_r008047	170.2	2.230959555748569	train	0.4	False
ecoli50_r008048	352.26	2.5468633307613078	train	0.56	True
ecoli50_r008049	101.24	2.005352136486217	val	0.58	False
ecoli50_r008050	170.95	2.2328691051326133	train	0.58	False
ecoli50_r008051	137.46	2.1381763395730413	train	0.5	False
ecoli50_r008052	77.81	1.8910354153153108	train	0.32	False
ecoli50_r008053	63.74	1.804412059137714	test	0.32	False
ecoli50_r008054	73.69	1.8674085565227911	test	0.34	False
ecoli50_r008055	272.95	2.43608309864198	train	0.42	False
ecoli50_r008056	126.28	2.10133457322018	train	0.38	False
ecoli50_r008057	126.28	2.10133457322018	train	0.42	False
ecoli50_r008058	1094.41	3.0391800526919925	train	0.4	False
ecoli50_r008059	909.17	2.9586450968182083	train	0.36	False
ecoli50_r008060	2353.43	3.371701285257513	train	0.46	False
ecoli50_r008061	91.7	1.9623693356700207	val	0.44	False
ecoli50_r008062	96.6	1.9849771264154932	train	0.4	False
ecoli50_r008063	67.79	1.8311656339094424	train	0.46	False
ecoli50_r008064	1861.32	3.2698210438923088	train	0.36	False
ecoli50_r008065	130.82	2.1166741447959465	train	0.56	False
ecoli50_r008066	180.19	2.255730685281629	train	0.3	False
ecoli50_r008067	3577.74	3.553608776514164	train	0.48	False
ecoli50_r008068	38803.6	4.5888720190892505	train	0.4	True
ecoli50_r008069	88.42	1.9465505105698555	train	0.46	False
ecoli50_r008070	1491.91	3.173742624958164	train	0.5	False
ecoli50_r008071	450.37	2.6535694536275147	train	0.5	False
ecoli50_r008072	79.78	1.901894031973821	train	0.38	False
ecoli50_r008073	31268.99	4.495113853596284	test	0.44	False
ecoli50_r008074	589.31	2.770343810699716	train	0.56	False
ecoli50_r008075	81.73	1.9123814989188004	val	0.32	False
ecoli50_r008076	42.74	1.6308345178280506	train	0.5	False
ecoli50_r008077	25.05	1.3988077302032644	train	0.54	False
ecoli50_r008078	412.39	2.615308125579776	val	0.46	False
ecoli50_r008079	61.9	1.791690649020118	train	0.44	False
ecoli50_r008080	379.1	2.5787537844264348	train	0.4	False
ecoli50_r008081	2560.98	3.4084061868543905	train	0.38	False
ecoli50_r008082	35.23	1.5469126431812426	train	0.48	False
ecoli50_r008083	35.37	1.5486350598147516	train	0.5	False
ecoli50_r008084	156.04	2.1932359416397538	train	0.46	False
ecoli50_r008085	73.69	1.8674085565227911	val	0.62	False
ecoli50_r008086	31.58	1.4994121256722754	train	0.44	False
ecoli50_r008087	95.74	1.9810934231459296	train	0.5	False
ecoli50_r008088	241.49	2.382899151506837	train	0.42	False
ecoli50_r008089	649.45	2.812545721136587	train	0.36	False
ecoli50_r008090	204.77	2.311266330288116	train	0.48	False
ecoli50_r008091	33.44	1.5242662687669788	val	0.44	False
ecoli50_r008092	388.27	2.589133835723009	train	0.52	False
ecoli50_r008093	222.5	2.3473300153169503	val	0.52	False
ecoli50_r008094	2303.13	3.362318452375532	val	0.34	False
ecoli50_r008095	180.4	2.256236533205923	train	0.46	False
ecoli50_r008096	167.18	2.22318432089504	train	0.36	False
ecoli50_r008097	269.06	2.429849137858492	train	0.42	False
ecoli50_r008098	180.4	2.256236533205923	train	0.34	False
ecoli50_r008099	309.48	2.490632588185562	train	0.54	False
ecoli50_r008100	263.28	2.420417869286317	val	0.44	False
ecoli50_r008101	56.0	1.7481880270062005	train	0.4	False
ecoli50_r008102	269.97	2.4313155065355248	val	0.46	False
ecoli50_r008103	33.9	1.530199698203082	test	0.46	False
ecoli50_r008104	45.21	1.6552345070342942	train	0.52	False
ecoli50_r008105	54.12	1.7333577879255853	train	0.42	False
ecoli50_r008106	224.78	2.3517576668790343	train	0.5	False
ecoli50_r008107	3503.44	3.544494684155256	train	0.3	False
ecoli50_r008108	225.77	2.3536662329829023	train	0.62	False
ecoli50_r008109	176.85	2.2476050641507705	train	0.14	False
ecoli50_r008110	515.15	2.711933704161797	train	0.5	False
ecoli50_r008111	378.33	2.5778707804095222	train	0.36	False
ecoli50_r008112	241.57	2.383042999305744	train	0.48	True
ecoli50_r008113	224.8	2.351796306897024	test	0.36	False
ecoli50_r008114	60.13	1.7790912038454991	test	0.52	False
ecoli50_r008115	40.77	1.6103407114521568	train	0.4	False
ecoli50_r008116	3058.26	3.485474404478957	train	0.54	False
ecoli50_r008117	40.87	1.6114046377115934	train	0.5	False
ecoli50_r008118	53.19	1.7258299903205805	train	0.48	False
ecoli50_r008119	53.05	1.7246853882373594	train	0.58	False
ecoli50_r008120	271.74	2.434153571066601	train	0.42	False
ecoli50_r008121	59.84	1.776991584856405	test	0.26	False
ecoli50_r008122	649.16	2.812351751581685	train	0.38	False
ecoli50_r008123	276.58	2.4418207722892835	val	0.4	False
ecoli50_r008124	79.78	1.901894031973821	train	0.56	False
ecoli50_r008125	44.58	1.6491400641442189	train	0.5	False
ecoli50_r008126	45.21	1.6552345070342942	train	0.54	False
ecoli50_r008127	624.0	2.795184589682424	train	0.48	False
ecoli50_r008128	89.16	1.9501700598082	train	0.48	False
ecoli50_r008129	216.48	2.3354177792535475	val	0.46	False
ecoli50_r008130	109.03	2.037546012085827	train	0.32	False
ecoli50_r008131	83.87	1.9236066430174592	train	0.4	False
ecoli50_r008132	237.77	2.376157057783254	train	0.44	False
ecoli50_r008133	219.28	2.340999022531442	train	0.4	False
ecoli50_r008134	50.32	1.7017406324372124	val	0.46	False
ecoli50_r008135	77.21	1.8876735524544477	train	0.36	False
ecoli50_r008136	97.29	1.9880682033926356	train	0.34	False
ecoli50_r008137	64.84	1.8118430061764772	train	0.4	False
ecoli50_r008138	5394.61	3.7319600531022994	train	0.42	False
ecoli50_r008139	84.19	1.9252605095194355	train	0.2	False
ecoli50_r008140	204.46	2.310608356458524	train	0.18	False
ecoli50_r008141	475.06	2.6767484644107724	test	0.34	False
ecoli50_r008142	44.58	1.6491400641442189	train	0.38	True
ecoli50_r008143	268.39	2.4287663303280818	train	0.3	True
ecoli50_r008144	76.63	1.8843988255566864	train	0.34	False
ecoli50_r008145	77.15	1.887335930399167	test	0.42	False
ecoli50_r008146	22.96	1.360971883725936	train	0.44	False
ecoli50_r008147	290.03	2.4624429225906743	test	0.48	False
ecoli50_r008148	26.45	1.4224256763712049	train	0.46	False
ecoli50_r008149	596.27	2.775442959333648	val	0.5	False
ecoli50_r008150	42518.09	4.628573746888615	train	0.66	False
ecoli50_r008151	84.19	1.9252605095194355	train	0.54	False
ecoli50_r008152	90.2	1.9552065375419416	train	0.42	False
ecoli50_r008153	60.13	1.7790912038454991	train	0.64	False
ecoli50_r008154	133.75	2.126293790693266	train	0.44	False
ecoli50_r008155	165.06	2.217641840773328	train	0.46	False
ecoli50_r008156	88.42	1.9465505105698555	train	0.54	False
ecoli50_r008157	72.45	1.8600383898071933	train	0.5	False
ecoli50_r008158	50.32	1.7017406324372124	test	0.18	False
ecoli50_r008159	825.91	2.9169327245202177	test	0.34	False
ecoli50_r008160	146.27	2.1651552613920657	train	0.42	False
ecoli50_r008161	112.0	2.049218022670181	val	0.5	False
ecoli50_r008162	388.27	2.589133835723009	test	0.52	False
ecoli50_r008163	179.79	2.2547655324161475	train	0.52	False
ecoli50_r008164	59.93	1.777644277696485	train	0.3	False
ecoli50_r008165	559.24	2.7475982270401955	train	0.36	False
ecoli50_r008166	511.14	2.7085398686279656	train	0.3	False
ecoli50_r008167	50.16	1.70035752782266	val	0.38	False
ecoli50_r008168	54.12	1.7333577879255853	val	0.42	False
ecoli50_r008169	49.63	1.6957442751973233	train	0.42	False
ecoli50_r008170	23.98	1.37984917876283	train	0.44	False
ecoli50_r008171	84.19	1.9252605095194355	train	0.5	False
ecoli50_r008172	60.13	1.7790912038454991	train	0.36	False
ecoli50_r008173	383.64	2.5839238823193127	train	0.52	False
ecoli50_r008174	116.72	2.0671452788853952	train	0.54	False
ecoli50_r008175	210.09	2.322405381067654	test	0.38	False
ecoli50_r008176	241.69	2.383258681708176	train	0.48	False
ecoli50_r008177	107.74	2.032376971209936	train	0.46	False
ecoli50_r008178	106.11	2.025756314534414	val	0.6	False
ecoli50_r008179	50.53	1.7035492982382303	train	0.6	False
ecoli50_r008180	107.74	2.032376971209936	train	0.58	False
ecoli50_r008181	372.83	2.571510850866108	train	0.16	False
ecoli50_r008182	55.73	1.7460890430562002	val	0.48	False
ecoli50_r008183	83.87	1.9236066430174592	train	0.46	False
ecoli50_r008184	108.67	2.03610966706058	train	0.38	False
ecoli50_r008185	144.32	2.159326520197866	train	0.26	False
ecoli50_r008186	1587.53	3.200721941026282	train	0.24	False
ecoli50_r008187	67.1	1.826722520168992	val	0.28	False
ecoli50_r008188	476.39	2.677962636542057	train	0.46	False
ecoli50_r008189	111.69	2.0480142909380548	train	0.52	False
ecoli50_r008190	1392.26	3.143720345921985	train	0.4	False
ecoli50_r008191	276.62	2.441883576986704	train	0.44	False
ecoli50_r008192	74.46	1.8719230318823732	train	0.52	False
ecoli50_r008193	255.21	2.406897687524564	train	0.48	False
ecoli50_r008194	94.74	1.9765333803919376	train	0.46	False
ecoli50_r008195	154.18	2.1880280413350808	train	0.5	False
ecoli50_r008196	163.47	2.213438062623771	train	0.4	False
ecoli50_r008197	2948.9	3.4696600454631072	val	0.52	False
ecoli50_r008198	60.13	1.7790912038454991	train	0.46	False
ecoli50_r008199	288.64	2.460356515861848	train	0.36	False
ecoli50_r008200	59.44	1.7740788007525188	val	0.44	False
ecoli50_r008201	182.74	2.261833620575751	train	0.5	False
ecoli50_r008202	39.89	1.6008640363098396	train	0.48	False
ecoli50_r008203	92.26	1.965013450272248	train	0.46	False
ecoli50_r008204	53.68	1.7298125071609356	train	0.48	False
ecoli50_r008205	112.69	2.051885378889872	train	0.46	False
ecoli50_r008206	27.68	1.4421660857847205	train	0.52	False
ecoli50_r008207	26.01	1.4151403521958728	train	0.36	False
ecoli50_r008208	108.24	2.0343877835895667	train	0.52	False
ecoli50_r008209	132.29	2.1215270164553788	train	0.36	False
ecoli50_r008210	41.26	1.6155292236371328	test	0.48	False
ecoli50_r008211	60.13	1.7790912038454991	train	0.52	False
ecoli50_r008212	1374.62	3.1381826583759294	train	0.4	False
ecoli50_r008213	1082.41	3.0343917958999485	train	0.5	False
ecoli50_r008214	245.37	2.3898214629105228	train	0.42	False
ecoli50_r008215	254.22	2.4052097143846334	train	0.56	False
ecoli50_r008216	162.54	2.210960255416812	val	0.52	False
ecoli50_r008217	279.42	2.446257488316375	train	0.52	False
ecoli50_r008218	14.75	1.1687920203141815	train	0.34	False
ecoli50_r008219	61.3	1.787460474518415	train	0.56	False
ecoli50_r008220	140.06	2.146314122011973	train	0.46	True
ecoli50_r008221	19.65	1.2933625547114456	val	0.54	False
ecoli50_r008222	48.11	1.682235356902564	test	0.52	False
ecoli50_r008223	229.12	2.3600630006277616	train	0.62	False
ecoli50_r008224	186.65	2.2710279942623237	train	0.68	False
ecoli50_r008225	117.01	2.0682229793464493	val	0.56	False
ecoli50_r008226	68.73	1.83714634390906	test	0.36	True
ecoli50_r008227	88.9	1.9489017609702135	train	0.4	False
ecoli50_r008228	88.9	1.9489017609702135	train	0.38	False
ecoli50_r008229	61.3	1.787460474518415	train	0.36	True
ecoli50_r008230	36.9	1.5670263661590604	train	0.56	False
ecoli50_r008231	204.46	2.310608356458524	train	0.52	False
ecoli50_r008232	327.1	2.5146805441249818	train	0.46	True
ecoli50_r008233	116.38	2.065878352857392	train	0.54	False
ecoli50_r008234	716.7	2.8553374044695405	test	0.46	False
ecoli50_r008235	79.58	1.9008039348103696	train	0.48	False
ecoli50_r008236	15096.84	4.178886052314236	train	0.3	False
ecoli50_r008237	648.92	2.8121911595120985	train	0.38	False
ecoli50_r008238	648.92	2.8121911595120985	train	0.34	True
ecoli50_r008239	2095.37	3.321260721703392	val	0.38	True
ecoli50_r008240	248.92	2.3960597923124327	train	0.48	False
ecoli50_r008241	95.91	1.9818638909913504	val	0.54	False
ecoli50_r008242	59.44	1.7740788007525188	train	0.48	False
ecoli50_r008243	130.54	2.1157436083599577	train	0.32	False
ecoli50_r008244	243.54	2.386570301700929	train	0.28	True
ecoli50_r008245	253.48	2.403943698453202	val	0.5	False
ecoli50_r008246	420.18	2.623435376731635	train	0.5	False
ecoli50_r008247	70.74	1.8496650554787328	train	0.56	False
ecoli50_r008248	3616.75	3.558318490134899	train	0.46	False
ecoli50_r008249	43.61	1.6395860866734264	test	0.34	False
ecoli50_r008250	39.89	1.6008640363098396	train	0.6	False
ecoli50_r008251	91.37	1.9608036249117695	val	0.46	False
ecoli50_r008252	85.48	1.931864513492032	val	0.56	False
ecoli50_r008253	178.18	2.2508589545992947	train	0.42	False
ecoli50_r008254	93.94	1.97285055584723	val	0.54	False
ecoli50_r008255	54.12	1.7333577879255853	test	0.64	False
ecoli50_r008256	566.45	2.7531615811324506	train	0.44	False
ecoli50_r008257	120.84	2.0822107166012427	train	0.46	False
ecoli50_r008258	1798.0	3.25478968739721	train	0.5	True
ecoli50_r008259	1822.06	3.260562674085867	train	0.5	True
ecoli50_r008260	1683.75	3.226277608731042	val	0.52	False
ecoli50_r008261	3133.11	3.4959756427445785	train	0.5	True
ecoli50_r008262	47794.21	4.679375287462396	train	0.38	False
ecoli50_r008263	1138.53	3.0563444786602543	train	0.34	False
ecoli50_r008264	134.11	2.1274611625115374	test	0.34	False
ecoli50_r008265	134.11	2.1274611625115374	test	0.3	False
ecoli50_r008266	9732.66	3.988231552030162	test	0.46	False
ecoli50_r008267	104.0	2.0170333392987803	test	0.5	False
ecoli50_r008268	70.59	1.848743181895684	test	0.52	False
ecoli50_r008269	210.09	2.322405381067654	train	0.5	False
ecoli50_r008270	639.59	2.8059016649260267	train	0.44	False
ecoli50_r008271	124.13	2.0938767553900446	train	0.5	False
ecoli50_r008272	625.39	2.796150932584016	train	0.4	False
ecoli50_r008273	48.76	1.6880636969463445	test	0.5	False
ecoli50_r008274	70.47	1.848004271497268	train	0.44	False
ecoli50_r008275	111.52	2.047352760753934	train	0.56	False
ecoli50_r008276	40.87	1.6114046377115934	train	0.48	False
ecoli50_r008277	35.29	1.547651658359969	train	0.36	False
ecoli50_r008278	126.28	2.10133457322018	val	0.5	False
ecoli50_r008279	416.1	2.619197715792948	train	0.52	False
ecoli50_r008280	103.72	2.015862508097314	val	0.56	False
ecoli50_r008281	133.75	2.126293790693266	train	0.48	False
ecoli50_r008282	1517.92	3.181248883236607	train	0.46	False
ecoli50_r008283	29.72	1.4730488050885375	val	0.42	False
ecoli50_r008284	11996.02	4.079037181152378	val	0.46	False
ecoli50_r008285	91.7	1.9623693356700207	train	0.36	False
ecoli50_r008286	14350.53	4.156867940918435	train	0.38	True
ecoli50_r008287	14232.89	4.1532930928895135	train	0.38	True
ecoli50_r008288	44.58	1.6491400641442189	train	0.46	True
ecoli50_r008289	1728.85	3.237757314269728	test	0.4	False
ecoli50_r008290	47.95	1.6807886115066824	train	0.34	False
ecoli50_r008291	131.27	2.118165485243124	train	0.36	False
ecoli50_r008292	127.56	2.1057145105709214	test	0.32	True
ecoli50_r008293	22.6	1.354108439147401	train	0.64	False
ecoli50_r008294	69.26	1.840482487213442	train	0.44	False
ecoli50_r008295	363.0	2.5599066250361124	train	0.5	False
ecoli50_r008296	109.05	2.037625669914719	train	0.52	False
ecoli50_r008297	94.74	1.9765333803919376	train	0.36	False
ecoli50_r008298	258.58	2.41259493111848	val	0.28	False
ecoli50_r008299	360.8	2.557266528869904	train	0.3	False
ecoli50_r008300	78.84	1.896746615607405	train	0.26	False
ecoli50_r008301	26.59	1.424718337331567	val	0.34	False
ecoli50_r008302	21797.09	4.338398517398201	train	0.44	False
ecoli50_r008303	233.43	2.368156670034973	val	0.54	False
ecoli50_r008304	84.95	1.9291633832050643	train	0.38	False
ecoli50_r008305	72.21	1.8585973449946924	val	0.48	False
ecoli50_r008306	275.54	2.4401846540708854	train	0.58	False
ecoli50_r008307	3211.15	3.5066605929071275	train	0.48	False
ecoli50_r008308	114.95	2.060508975605298	test	0.54	False
ecoli50_r008309	117.9	2.071513805095089	train	0.48	False
ecoli50_r008310	218.75	2.3399480616943507	train	0.46	True
ecoli50_r008311	406.73	2.609306206714763	train	0.54	False
ecoli50_r008312	270.9	2.4328090050331683	val	0.58	False
ecoli50_r008313	825.29	2.9166065828154766	test	0.42	False
ecoli50_r008314	2814.88	3.4494598853512493	train	0.4	False
ecoli50_r008315	36.08	1.557266528869904	train	0.38	False
ecoli50_r008316	206.32	2.314541329129881	train	0.54	False
ecoli50_r008317	260.62	2.416007740449289	train	0.52	False
ecoli50_r008318	202.47	2.3063606828610514	train	0.46	True
ecoli50_r008319	197.15	2.294796781409242	train	0.5	False
ecoli50_r008320	1178.99	3.0715101214960754	train	0.46	False
ecoli50_r008321	21.25	1.3273589343863303	test	0.38	False
ecoli50_r008322	2020.07	3.305366418994645	test	0.46	False
ecoli50_r008323	2020.07	3.305366418994645	val	0.44	True
ecoli50_r008324	811.81	2.9094543967202053	val	0.46	True
ecoli50_r008325	167.47	2.223937020319982	train	0.44	False
ecoli50_r008326	190.02	2.278799313755556	test	0.44	False
ecoli50_r008327	1283.65	3.1084466251429896	train	0.54	False
ecoli50_r008328	1258.91	3.0999946833243097	train	0.32	False
ecoli50_r008329	547.22	2.738161961758311	train	0.36	False
ecoli50_r008330	33.44	1.5242662687669788	train	0.38	False
ecoli50_r008331	41.05	1.6133131614554594	train	0.48	False
ecoli50_r008332	3239.21	3.510439104504404	train	0.4	False
ecoli50_r008333	2933.73	3.467420141918368	train	0.5	False
ecoli50_r008334	316.29	2.500085461237655	train	0.54	False
ecoli50_r008335	34.12	1.533009022495485	train	0.42	False
ecoli50_r008336	43.61	1.6395860866734264	train	0.5	False
ecoli50_r008337	146.27	2.1651552613920657	train	0.52	False
ecoli50_r008338	60.05	1.7785130117389247	test	0.52	False
ecoli50_r008339	139.7	2.1451964061141817	val	0.34	False
ecoli50_r008340	91.65	1.962132469298236	train	0.48	False
ecoli50_r008341	510.6	2.7080808104682315	train	0.42	False
ecoli50_r008342	26.84	1.4287825114969546	train	0.44	False
ecoli50_r008343	42.72	1.6306312440205	train	0.5	False
ecoli50_r008344	29.47	1.4693801358499252	train	0.44	False
ecoli50_r008345	30.58	1.4854374810763014	train	0.52	False
ecoli50_r008346	611.15	2.7861478160971758	train	0.52	False
ecoli50_r008347	559.14	2.747520562117171	train	0.42	False
ecoli50_r008348	188.64	2.2756337877510138	train	0.5	False
ecoli50_r008349	662.58	2.8212383225499726	val	0.44	False
ecoli50_r008350	7312.28	3.8640528129400415	train	0.48	False
ecoli50_r008351	1449.23	3.16113731563272	train	0.38	False
ecoli50_r008352	126.32	2.1014721170002377	val	0.4	False
ecoli50_r008353	49.63	1.6957442751973233	test	0.6	False
ecoli50_r008354	101.24	2.005352136486217	train	0.46	False
ecoli50_r008355	274.11	2.4379248796314323	train	0.44	False
ecoli50_r008356	156.04	2.1932359416397538	train	0.48	False
ecoli50_r008357	1404.75	3.1475990407669374	val	0.42	False
ecoli50_r008358	1292.89	3.11156157636902	train	0.42	False
ecoli50_r008359	39.96	1.6016254795539446	train	0.52	False
ecoli50_r008360	52.01	1.7160868537748322	train	0.48	False
ecoli50_r008361	285.9	2.456214155357989	test	0.5	False
ecoli50_r008362	130.31	2.114977744785308	train	0.52	False
ecoli50_r008363	55.85	1.7470231774516278	train	0.38	False
ecoli50_r008364	85.25	1.9306943876645355	train	0.46	False
ecoli50_r008365	144.94	2.16118825698226	train	0.52	False
ecoli50_r008366	203.37	2.308286888629105	train	0.5	False
ecoli50_r008367	241.31	2.382575319649486	train	0.6	False
ecoli50_r008368	70.45	1.8478809974453752	train	0.56	False
ecoli50_r008369	1204.19	3.0806950163582147	train	0.46	True
ecoli50_r008370	1218.76	3.0859181921338767	train	0.34	False
ecoli50_r008371	389.32	2.590306714703341	train	0.5	False
ecoli50_r008372	39.89	1.6008640363098396	train	0.46	False
ecoli50_r008373	349.27	2.543161284194799	train	0.44	False
ecoli50_r008374	657.59	2.817955200246957	train	0.4	False
ecoli50_r008375	1454.33	3.162662962862666	train	0.56	False
ecoli50_r008376	81.73	1.9123814989188004	test	0.44	False
ecoli50_r008377	4489.03	3.652152507783234	train	0.52	False
ecoli50_r008378	1215.34	3.0846977918992997	train	0.38	False
ecoli50_r008379	33.6	1.526339277389844	val	0.38	False
ecoli50_r008380	806.28	2.90648588713736	val	0.5	False
ecoli50_r008381	405.94	2.6084618473837278	train	0.5	False
ecoli50_r008382	712.91	2.853034706611376	test	0.44	False
ecoli50_r008383	108.24	2.0343877835895667	val	0.48	False
ecoli50_r008384	33.6	1.526339277389844	train	0.4	False
ecoli50_r008385	272.59	2.435509919640699	train	0.46	False
ecoli50_r008386	114.35	2.0582361689427677	test	0.48	True
ecoli50_r008387	150.32	2.177016767092469	train	0.32	False
ecoli50_r008388	228.51	2.358905210313047	train	0.52	False
ecoli50_r008389	55.73	1.7460890430562002	train	0.52	False
ecoli50_r008390	140.9	2.1489109931093564	train	0.42	True
ecoli50_r008391	3616.75	3.558318490134899	train	0.46	True
ecoli50_r008392	471.83	2.673785550835815	test	0.48	False
ecoli50_r008393	39.01	1.5911759503117913	train	0.52	False
ecoli50_r008394	60.13	1.7790912038454991	train	0.48	False
ecoli50_r008395	448.23	2.6515009204686497	train	0.5	False
ecoli50_r008396	48.11	1.682235356902564	train	0.52	False
ecoli50_r008397	873.91	2.9414667089319173	train	0.34	False
ecoli50_r008398	454.75	2.6577727077355213	train	0.36	False
ecoli50_r008399	517.27	2.713717291453225	train	0.42	False
ecoli50_r008400	36.9	1.5670263661590604	train	0.44	False
ecoli50_r008401	320.08	2.5052585383709407	val	0.4	False
ecoli50_r008402	212.75	2.327869568756625	train	0.34	False
ecoli50_r008403	1927.12	3.2849087586176777	train	0.36	False
ecoli50_r008404	192.9	2.285332227643885	train	0.52	False
ecoli50_r008405	55.73	1.7460890430562002	train	0.6	False
ecoli50_r008406	213.13	2.3286445849439072	train	0.48	False
ecoli50_r008407	2097.23	3.3216460614874563	train	0.26	False
ecoli50_r008408	63.83	1.8050248444298047	train	0.46	False
ecoli50_r008409	39.01	1.5911759503117913	val	0.48	False
ecoli50_r008410	135.6	2.1322596895310446	train	0.58	False
ecoli50_r008411	1632.87	3.2129516100091515	train	0.4	False
ecoli50_r008412	83.87	1.9236066430174592	test	0.42	False
ecoli50_r008413	231.78	2.365075958528464	val	0.48	False
ecoli50_r008414	260.85	2.416390841058394	train	0.58	False
ecoli50_r008415	291.87	2.465189458112297	train	0.44	False
ecoli50_r008416	114.62	2.059260404121731	val	0.36	False
ecoli50_r008417	131.4	2.118595365223762	train	0.38	False
ecoli50_r008418	248.26	2.394906751054026	train	0.38	False
ecoli50_r008419	129.16	2.111128036345124	test	0.5	False
ecoli50_r008420	1443.36	3.159374665476105	train	0.32	False
ecoli50_r008421	156.35	2.194097885578952	train	0.5	False
ecoli50_r008422	5227.29	3.7182765945890615	train	0.4	True
ecoli50_r008423	37.23	1.5708930362183922	train	0.44	False
ecoli50_r008424	778.12	2.891046578119591	train	0.54	False
ecoli50_r008425	82.44	1.9161379831071752	train	0.56	False
ecoli50_r008426	74.46	1.8719230318823732	test	0.46	False
ecoli50_r008427	105.89	2.024854948305018	test	0.5	False
ecoli50_r008428	159.75	2.2034408668304377	train	0.56	False
ecoli50_r008429	239.63	2.3795411877525976	val	0.54	False
ecoli50_r008430	78.17	1.8930401119571176	train	0.3	False
ecoli50_r008431	625.39	2.796150932584016	train	0.44	False
ecoli50_r008432	275.3	2.4398062113933303	train	0.14	False
ecoli50_r008433	93.94	1.97285055584723	train	0.36	False
ecoli50_r008434	814.67	2.9109817238295506	train	0.4	False
ecoli50_r008435	811.32	2.9091921819837427	train	0.34	False
ecoli50_r008436	63.16	1.8004421213362567	train	0.52	False
ecoli50_r008437	50.32	1.7017406324372124	val	0.36	False
ecoli50_r008438	110.71	2.0441868507673635	val	0.32	False
ecoli50_r008439	93.5	1.9708116108725175	train	0.34	False
ecoli50_r008440	156.35	2.194097885578952	val	0.36	False
ecoli50_r008441	201.67	2.3046412982946696	train	0.42	False
ecoli50_r008442	95.61	1.980503318193395	train	0.4	False
ecoli50_r008443	81.63	1.91184979649942	train	0.44	False
ecoli50_r008444	87.32	1.9411137270371013	train	0.46	False
ecoli50_r008445	85.99	1.93444794894897	train	0.4	False
ecoli50_r008446	680.5	2.8328281295393536	val	0.52	False
ecoli50_r008447	194.58	2.2890981990566166	val	0.36	False
ecoli50_r008448	211.36	2.325022800270452	train	0.4	False
ecoli50_r008449	83.87	1.9236066430174592	test	0.38	False
ecoli50_r008450	83.87	1.9236066430174592	val	0.4	False
ecoli50_r008451	50.16	1.70035752782266	train	0.4	False
ecoli50_r008452	98.4	1.9929950984313416	train	0.42	False
ecoli50_r008453	57.59	1.7603470785299065	train	0.36	False
ecoli50_r008454	78.02	1.8922059459757723	train	0.48	False
ecoli50_r008455	92.88	1.967922206730517	test	0.46	False
ecoli50_r008456	1174.55	3.069871509203788	train	0.48	False
ecoli50_r008457	105.68	2.023992804606471	train	0.36	False
ecoli50_r008458	50.11	1.6999244027424767	val	0.36	False
ecoli50_r008459	48.11	1.682235356902564	val	0.54	False
ecoli50_r008460	1878.93	3.2739106006540024	train	0.42	False
ecoli50_r008461	442.11	2.6455303382392885	train	0.38	False
ecoli50_r008462	214.71	2.331852271933605	train	0.48	False
ecoli50_r008463	97.29	1.9880682033926356	train	0.36	False
ecoli50_r008464	110.84	2.0446965171101943	train	0.42	False
ecoli50_r008465	110.84	2.0446965171101943	train	0.38	False
ecoli50_r008466	44.58	1.6491400641442189	train	0.3	False
ecoli50_r008467	1982.06	3.2971167971091493	train	0.48	False
ecoli50_r008468	94.74	1.9765333803919376	train	0.44	False
ecoli50_r008469	940.98	2.9735803928407063	train	0.38	False
ecoli50_r008470	128.29	2.108192805135042	val	0.4	False
ecoli50_r008471	563.47	2.7508707984987386	train	0.42	False
ecoli50_r008472	408.91	2.611627731468287	train	0.4	False
ecoli50_r008473	36.08	1.557266528869904	train	0.46	False
ecoli50_r008474	1114.28	3.046994335519324	val	0.5	False
ecoli50_r008475	144.32	2.159326520197866	train	0.46	False
ecoli50_r008476	102.17	2.0093233933810133	val	0.5	False
ecoli50_r008477	78.45	1.8945929479229555	train	0.6	False
ecoli50_r008478	270.41	2.4320227481590773	train	0.58	False
ecoli50_r008479	639.01	2.8055076545759854	train	0.48	False
ecoli50_r008480	308.49	2.489241090524176	train	0.54	False
ecoli50_r008481	152.32	2.182756931040399	train	0.56	False
ecoli50_r008482	79.92	1.9026554752179257	train	0.44	False
ecoli50_r008483	137.46	2.1381763395730413	val	0.38	False
ecoli50_r008484	3126.96	3.4951223257934974	train	0.44	False
ecoli50_r008485	52.01	1.7160868537748322	test	0.38	False
ecoli50_r008486	66.15	1.82052984852352	train	0.34	False
ecoli50_r008487	94.12	1.973681918503984	train	0.4	False
ecoli50_r008488	94.12	1.973681918503984	train	0.4	False
ecoli50_r008489	98.74	1.9944931228835123	val	0.52	False
ecoli50_r008490	362.32	2.559092307674901	train	0.5	False
ecoli50_r008491	118.89	2.075145327053852	test	0.42	False
ecoli50_r008492	15917.43	4.201872948645471	train	0.46	False
ecoli50_r008493	79.88	1.902438056198665	train	0.38	False
ecoli50_r008494	42.11	1.624385241420265	train	0.34	False
ecoli50_r008495	94.12	1.973681918503984	train	0.4	False
ecoli50_r008496	433.48	2.6369690646957107	val	0.5	False
ecoli50_r008497	126.74	2.1029137027892206	val	0.44	False
ecoli50_r008498	25.26	1.402433346219312	test	0.48	False
ecoli50_r008499	83.59	1.922154325231059	train	0.48	False
ecoli50_r008500	8177.16	3.91260249554314	train	0.46	False
ecoli50_r008501	120.74	2.081851171517454	train	0.38	False
ecoli50_r008502	133.21	2.1245368283012773	test	0.56	False
ecoli50_r008503	106.11	2.025756314534414	train	0.48	False
ecoli50_r008504	15.23	1.1826999033360426	train	0.46	False
ecoli50_r008505	137.46	2.1381763395730413	train	0.52	False
ecoli50_r008506	7482.16	3.874026991001205	val	0.42	True
ecoli50_r008507	1156.54	3.063160657840632	test	0.44	False
ecoli50_r008508	102.23	2.009578360794542	train	0.56	False
ecoli50_r008509	384.86	2.5853027755217064	val	0.52	False
ecoli50_r008510	403.1	2.605412798153051	val	0.34	True
ecoli50_r008511	367.36	2.5650918663818607	train	0.42	False
ecoli50_r008512	858.21	2.933593570694808	train	0.56	False
ecoli50_r008513	128.98	2.110522372601323	val	0.6	False
ecoli50_r008514	123.66	2.092229242162857	test	0.52	False
ecoli50_r008515	53.05	1.7246853882373594	test	0.56	False
ecoli50_r008516	235.52	2.3720277926574047	test	0.3	False
ecoli50_r008517	3551.29	3.5503861384399515	train	0.46	True
ecoli50_r008518	6291.98	3.798787333483442	train	0.38	False
ecoli50_r008519	6281.39	3.7980557587901176	val	0.3	False
ecoli50_r008520	148.33	2.1712289967250515	train	0.38	False
ecoli50_r008521	2054.57	3.312720942432082	train	0.44	False
ecoli50_r008522	2373.28	3.375348979380976	train	0.34	True
ecoli50_r008523	41.49	1.617943434828973	train	0.26	False
ecoli50_r008524	156.35	2.194097885578952	train	0.52	False
ecoli50_r008525	1595.68	3.202945801696211	train	0.38	False
ecoli50_r008526	340.4	2.53198955141255	train	0.3	False
ecoli50_r008527	57.59	1.7603470785299065	val	0.3	False
ecoli50_r008528	1365.04	3.1351453777685325	train	0.44	False
ecoli50_r008529	53.19	1.7258299903205805	train	0.38	False
ecoli50_r008530	35.37	1.5486350598147516	train	0.44	False
ecoli50_r008531	90.58	1.9570323163469383	train	0.46	False
ecoli50_r008532	47.87	1.6800634274819486	train	0.6	False
ecoli50_r008533	141.48	2.150695051142714	train	0.54	False
ecoli50_r008534	74.3	1.8709888137605752	train	0.52	False
ecoli50_r008535	3685.9	3.566543548452964	train	0.4	False
ecoli50_r008536	94.74	1.9765333803919376	train	0.42	False
ecoli50_r008537	186.41	2.270469206453198	train	0.24	True
ecoli50_r008538	516.84	2.713356117810225	train	0.28	False
ecoli50_r008539	38.56	1.5861370252307931	train	0.54	False
ecoli50_r008540	191.58	2.2823501689230885	train	0.48	False
ecoli50_r008541	302.4	2.480581786829169	test	0.48	False
ecoli50_r008542	1019.81	3.0085192662346376	val	0.42	False
ecoli50_r008543	34.06	1.5322446436265822	train	0.48	False
ecoli50_r008544	52.19	1.7175872968554604	train	0.36	False
ecoli50_r008545	90.07	1.9545801627437571	train	0.4	False
ecoli50_r008546	195.46	2.291057894434276	train	0.56	False
ecoli50_r008547	123.79	2.0926855629374908	val	0.56	False
ecoli50_r008548	111.69	2.0480142909380548	train	0.36	False
ecoli50_r008549	5295.04	3.723869245220399	test	0.48	False
ecoli50_r008550	381.98	2.5820406243854643	train	0.48	False
ecoli50_r008551	301.94	2.4799206507128884	val	0.5	False
ecoli50_r008552	36.9	1.5670263661590604	test	0.44	False
ecoli50_r008553	312.0	2.494154594018443	train	0.42	False
ecoli50_r008554	47.16	1.6735737964230517	val	0.36	False
ecoli50_r008555	147.37	2.168409083519626	train	0.42	False
ecoli50_r008556	51.51	1.711891549880579	train	0.48	False
ecoli50_r008557	188.64	2.2756337877510138	train	0.52	False
ecoli50_r008558	586.11	2.76797913122255	train	0.48	False
ecoli50_r008559	165.18	2.2179574617769737	train	0.56	False
ecoli50_r008560	3078.9	3.488395583624388	train	0.44	False
ecoli50_r008561	63.16	1.8004421213362567	val	0.5	False
ecoli50_r008562	1110.46	3.045502919397642	train	0.4	False
ecoli50_r008563	226.95	2.355930187078868	train	0.52	False
ecoli50_r008564	1108.99	3.0449276300405943	val	0.48	False
ecoli50_r008565	224.0	2.3502480183341627	train	0.48	False
ecoli50_r008566	170.2	2.230959555748569	train	0.52	False
ecoli50_r008567	122.55	2.088313315588097	train	0.44	False
ecoli50_r008568	31.91	1.5039268041935103	train	0.48	False
ecoli50_r008569	386.04	2.5866323069495945	train	0.46	False
ecoli50_r008570	553.23	2.7429057225601823	train	0.5	False
ecoli50_r008571	4385.77	3.642045852523911	train	0.42	False
ecoli50_r008572	416.06	2.619155964737166	test	0.3	False
ecoli50_r008573	176.13	2.245833335097326	train	0.52	False
ecoli50_r008574	159.16	2.2018339304743506	train	0.54	False
ecoli50_r008575	83.77	1.9230885154423996	train	0.44	False
ecoli50_r008576	214.48	2.331386800974823	train	0.42	False
ecoli50_r008577	128.29	2.108192805135042	val	0.46	False
ecoli50_r008578	268.6	2.4291060083326967	train	0.34	False
ecoli50_r008579	85.57	1.9323215319892928	train	0.48	False
ecoli50_r008580	65.15	1.8139144200486037	test	0.34	False
ecoli50_r008581	20.63	1.3144992279731516	train	0.4	False
ecoli50_r008582	48.92	1.6894864483642478	train	0.36	False
ecoli50_r008583	1761.24	3.245818540279429	test	0.56	False
ecoli50_r008584	438.39	2.6418606390110946	val	0.4	False
ecoli50_r008585	77.65	1.8901414600645772	test	0.46	False
ecoli50_r008586	1203.73	3.0805290843803204	train	0.34	False
ecoli50_r008587	1095.98	3.039802628994254	train	0.4	False
ecoli50_r008588	223.06	2.348421697864425	test	0.56	False
ecoli50_r008589	169.66	2.229579462665645	train	0.52	False
ecoli50_r008590	85.57	1.9323215319892928	val	0.5	False
ecoli50_r008591	48.3	1.683947130751512	train	0.52	False
ecoli50_r008592	44.21	1.645520514905874	train	0.56	False
ecoli50_r008593	113.18	2.053769689599309	train	0.52	False
ecoli50_r008594	46.44	1.6668922110665363	train	0.38	False
ecoli50_r008595	120.25	2.0800850850458694	val	0.44	False
ecoli50_r008596	189.48	2.277563376055919	train	0.54	False
ecoli50_r008597	49.41	1.6938148538894169	train	0.56	False
ecoli50_r008598	90.58	1.9570323163469383	train	0.42	False
ecoli50_r008599	167.54	2.2241185111063806	train	0.6	False
ecoli50_r008600	384.86	2.5853027755217064	train	0.36	False
ecoli50_r008601	396.88	2.598659214028129	test	0.36	False
ecoli50_r008602	1069.98	3.0293756599554755	val	0.44	True
ecoli50_r008603	688.22	2.8377272892721663	test	0.42	False
ecoli50_r008604	108.24	2.0343877835895667	train	0.48	False
ecoli50_r008605	48.3	1.683947130751512	train	0.5	False
ecoli50_r008606	141.18	2.149773177559665	test	0.42	False
ecoli50_r008607	284.55	2.454158589944344	train	0.42	False
ecoli50_r008608	110.15	2.0419845014867866	test	0.42	False
ecoli50_r008609	42.72	1.6306312440205	val	0.38	False
ecoli50_r008610	42.55	1.6288995644206066	val	0.54	False
ecoli50_r008611	185.69	2.268788516223584	train	0.4	False
ecoli50_r008612	59.44	1.7740788007525188	train	0.32	False
ecoli50_r008613	1046.33	3.0196686774341117	train	0.38	False
ecoli50_r008614	120.0	2.0791812460476247	val	0.44	False
ecoli50_r008615	72.16	1.8582965245338852	train	0.4	False
ecoli50_r008616	122.6	2.0884904701823963	test	0.54	False
ecoli50_r008617	132.97	2.123753668755841	train	0.38	False
ecoli50_r008618	46.97	1.671820560183249	train	0.48	False
ecoli50_r008619	46.44	1.6668922110665363	train	0.36	False
ecoli50_r008620	147.15	2.16776026643563	test	0.46	False
ecoli50_r008621	42.74	1.6308345178280506	train	0.46	False
ecoli50_r008622	115.17	2.061339366837067	test	0.46	False
ecoli50_r008623	185.76	2.2689522023944986	train	0.48	False
ecoli50_r008624	49.61	1.6955692270361855	val	0.42	False
ecoli50_r008625	32.42	1.5108130105124962	train	0.48	False
ecoli50_r008626	218.07	2.338595923576831	train	0.56	False
ecoli50_r008627	82.53	1.916611845109346	val	0.44	False
ecoli50_r008628	185.69	2.268788516223584	val	0.44	False
ecoli50_r008629	754.54	2.8776822677283187	train	0.36	False
ecoli50_r008630	120.27	2.080157310970184	train	0.32	False
ecoli50_r008631	1582.77	3.199417810005709	train	0.48	False
ecoli50_r008632	77.16	1.8873922189718468	train	0.46	False
ecoli50_r008633	456.26	2.6592123961433822	test	0.46	False
ecoli50_r008634	75.06	1.875408560077064	train	0.44	False
ecoli50_r008635	122.24	2.0872133412316147	train	0.42	False
ecoli50_r008636	163.47	2.213438062623771	train	0.4	False
ecoli50_r008637	114.07	2.057171441547266	val	0.52	False
ecoli50_r008638	94.32	1.9746037920870327	val	0.52	False
ecoli50_r008639	97.29	1.9880682033926356	train	0.26	False
ecoli50_r008640	111.46	2.047119038720181	train	0.24	False
ecoli50_r008641	657.46	2.8178693354010096	train	0.48	False
ecoli50_r008642	30.19	1.4798631130230977	train	0.4	False
ecoli50_r008643	156050.44	5.1932649975402985	test	0.36	False
ecoli50_r008644	7132.66	3.853251522542606	train	0.56	False
ecoli50_r008645	24472.77	4.388683128633789	test	0.58	False
ecoli50_r008646	23274.99	4.366889503060652	test	0.58	False
ecoli50_r008647	11002.84	4.041504797625112	train	0.42	False
ecoli50_r008648	47801.35	4.679440162078048	train	0.38	False
ecoli50_r008649	236.48	2.373794416714732	test	0.32	False
ecoli50_r008650	712.97	2.853071256207316	train	0.42	False
ecoli50_r008651	164.39	2.215875395461276	train	0.46	False
ecoli50_r008652	97.29	1.9880682033926356	test	0.4	False
ecoli50_r008653	170.5	2.2317243833285163	train	0.52	False
ecoli50_r008654	85.1	1.929929560084588	train	0.54	False
ecoli50_r008655	124.69	2.095831624938333	train	0.44	False
ecoli50_r008656	142.36	2.1533879793318085	train	0.44	False
ecoli50_r008657	144.92	2.1611283253624998	train	0.46	False
ecoli50_r008658	181.41	2.2586612233256043	train	0.4	False
ecoli50_r008659	191.23	2.2815560250343667	train	0.56	False
ecoli50_r008660	499.96	2.69893525938765	train	0.52	False
ecoli50_r008661	5561.66	3.7452044356900975	train	0.52	False
ecoli50_r008662	1512.09	3.1795776412578656	train	0.44	False
ecoli50_r008663	53.05	1.7246853882373594	train	0.54	False
ecoli50_r008664	134.3	2.1280760126687155	train	0.4	False
ecoli50_r008665	117.01	2.0682229793464493	train	0.34	False
ecoli50_r008666	27.17	1.4340896384178907	train	0.46	False
ecoli50_r008667	1811.19	3.2579640116742508	train	0.42	False
ecoli50_r008668	82.19	1.914818980447473	train	0.44	False
ecoli50_r008669	65.42	1.8157105397889628	test	0.44	False
ecoli50_r008670	26.84	1.4287825114969546	train	0.54	False
ecoli50_r008671	210.74	2.3237469757150118	test	0.54	False
ecoli50_r008672	70.45	1.8478809974453752	train	0.52	False
ecoli50_r008673	15.1	1.1789769472931697	train	0.36	False
ecoli50_r008674	115.44	2.062356318085438	train	0.44	False
ecoli50_r008675	70.45	1.8478809974453752	train	0.54	False
ecoli50_r008676	79.78	1.901894031973821	test	0.56	False
ecoli50_r008677	103.16	2.0135113334659	test	0.5	False
ecoli50_r008678	348.92	2.542725863803791	train	0.3	False
ecoli50_r008679	346.13	2.53923924237364	train	0.34	False
ecoli50_r008680	48.11	1.682235356902564	train	0.34	False
ecoli50_r008681	1482.4	3.170965406310841	train	0.48	True
ecoli50_r008682	234.84	2.370772071705626	train	0.46	False
ecoli50_r008683	170.9	2.232742062720737	train	0.5	False
ecoli50_r008684	189.81	2.278319089178811	train	0.36	False
ecoli50_r008685	595.33	2.7747577681660247	train	0.44	False
ecoli50_r008686	631.41	2.8003114557798727	train	0.52	False
ecoli50_r008687	173.9	2.2402995820027125	test	0.4	False
ecoli50_r008688	229.12	2.3600630006277616	train	0.52	False
ecoli50_r008689	361.68	2.558324494026238	test	0.52	False
ecoli50_r008690	377.63	2.577066488583976	train	0.54	False
ecoli50_r008691	226.63	2.3553173987845595	train	0.44	False
ecoli50_r008692	57.03	1.7561033715851055	val	0.38	False
ecoli50_r008693	70.59	1.848743181895684	train	0.46	False
ecoli50_r008694	2433.33	3.386201010476438	test	0.52	False
ecoli50_r008695	44.58	1.6491400641442189	val	0.4	False
ecoli50_r008696	1190.65	3.075784116304216	train	0.4	False
ecoli50_r008697	10233.28	4.010014857327616	train	0.48	False
ecoli50_r008698	396.88	2.598659214028129	train	0.5	False
ecoli50_r008699	787.09	2.896024394707995	train	0.54	False
ecoli50_r008700	14852.08	4.171787279866334	train	0.5	False
ecoli50_r008701	489.47	2.6897260787056068	test	0.48	False
ecoli50_r008702	230.34	2.3623693625010485	test	0.44	False
ecoli50_r008703	37.18	1.5703093854358798	train	0.46	False
ecoli50_r008704	1921.72	3.283690110016495	train	0.48	False
ecoli50_r008705	292.09	2.4655166887121296	train	0.5	False
ecoli50_r008706	198.53	2.297826142585328	train	0.5	False
ecoli50_r008707	393.59	2.5950440557146157	train	0.36	False
ecoli50_r008708	204.46	2.310608356458524	train	0.4	False
ecoli50_r008709	18.89	1.2762319579218335	train	0.4	False
ecoli50_r008710	10872.56	4.036331812989203	train	0.42	False
ecoli50_r008711	10888.28	4.036959280535779	train	0.36	False
ecoli50_r008712	2546.05	3.4058669281907217	train	0.5	False
ecoli50_r008713	117419.55	5.069740411649792	train	0.4	False
ecoli50_r008714	30.07	1.4781334281005176	train	0.44	False
ecoli50_r008715	50.62	1.704322140822235	train	0.48	False
ecoli50_r008716	1126.48	3.051723485481293	test	0.42	True
ecoli50_r008717	130.84	2.116740535452944	train	0.46	False
ecoli50_r008718	389.06	2.59001658245561	train	0.5	False
ecoli50_r008719	202.11	2.3055878020723406	train	0.44	False
ecoli50_r008720	107.36	2.030842502824917	train	0.44	False
ecoli50_r008721	144.26	2.1591459278540475	test	0.4	False
ecoli50_r008722	224.2	2.3506356082589543	test	0.46	False
ecoli50_r008723	100.31	2.0013442304116014	train	0.46	False
ecoli50_r008724	156.35	2.194097885578952	val	0.48	False
ecoli50_r008725	130.07	2.1141771402444487	train	0.4	False
ecoli50_r008726	8785.52	3.943767471744475	val	0.44	True
ecoli50_r008727	284.55	2.454158589944344	train	0.44	False
ecoli50_r008728	144.32	2.159326520197866	val	0.44	False
ecoli50_r008729	248.26	2.394906751054026	train	0.32	False
ecoli50_r008730	90.4	1.9561684304753637	val	0.34	False
ecoli50_r008731	94.32	1.9746037920870327	train	0.6	False
ecoli50_r008732	67.1	1.826722520168992	train	0.4	False
ecoli50_r008733	57.03	1.7561033715851055	val	0.26	False
ecoli50_r008734	201.29	2.303822199862847	train	0.44	False
ecoli50_r008735	90.2	1.9552065375419416	test	0.42	False
ecoli50_r008736	96.21	1.9832202146481028	val	0.36	False
ecoli50_r008737	96.21	1.9832202146481028	train	0.46	False
ecoli50_r008738	216.48	2.3354177792535475	test	0.38	False
ecoli50_r008739	56.0	1.7481880270062005	train	0.36	False
ecoli50_r008740	477.36	2.6788460248360417	val	0.42	False
ecoli50_r008741	104.03	2.017158598487814	train	0.42	False
ecoli50_r008742	73.81	1.8681152053272168	test	0.48	False
ecoli50_r008743	47.16	1.6735737964230517	train	0.48	False
ecoli50_r008744	39.79	1.5997739391463883	val	0.48	False
ecoli50_r008745	70.45	1.8478809974453752	test	0.38	False
ecoli50_r008746	19.95	1.299942900022767	val	0.46	False
ecoli50_r008747	47.16	1.6735737964230517	val	0.44	False
ecoli50_r008748	46.54	1.667826378950711	train	0.44	False
ecoli50_r008749	52.0	1.7160033436347992	train	0.62	False
ecoli50_r008750	34.57	1.5386993795424069	val	0.46	False
ecoli50_r008751	55.85	1.7470231774516278	train	0.46	False
ecoli50_r008752	22.11	1.344588742578714	train	0.48	False
ecoli50_r008753	100.21	2.000911062131223	train	0.5	False
ecoli50_r008754	53.05	1.7246853882373594	train	0.54	False
ecoli50_r008755	85.1	1.929929560084588	train	0.42	False
ecoli50_r008756	86.95	1.9392695863387317	train	0.42	False
ecoli50_r008757	196.26	2.292831794508625	train	0.48	False
ecoli50_r008758	196.26	2.292831794508625	train	0.46	False
ecoli50_r008759	55.73	1.7460890430562002	train	0.48	False
ecoli50_r008760	38.32	1.5834255004065068	test	0.6	False
ecoli50_r008761	182.74	2.261833620575751	val	0.46	False
ecoli50_r008762	38.32	1.5834255004065068	val	0.42	False
ecoli50_r008763	64.84	1.8118430061764772	test	0.44	False
ecoli50_r008764	60.13	1.7790912038454991	train	0.44	False
ecoli50_r008765	72.45	1.8600383898071933	train	0.38	False
ecoli50_r008766	179.48	2.2540160608610367	train	0.48	False
ecoli50_r008767	47.87	1.6800634274819486	train	0.4	False
ecoli50_r008768	273.42	2.4368302789660925	train	0.42	False
ecoli50_r008769	57.03	1.7561033715851055	train	0.5	False
ecoli50_r008770	173.9	2.2402995820027125	train	0.4	False
ecoli50_r008771	941.04	2.9736080840118126	train	0.4	False
ecoli50_r008772	38.58	1.5863622233078656	train	0.34	False
ecoli50_r008773	1407.13	3.148334222292295	train	0.4	False
ecoli50_r008774	673.5	2.8283376000590046	test	0.4	False
ecoli50_r008775	74.3	1.8709888137605752	train	0.24	False
ecoli50_r008776	2679.21	3.42800675551446	train	0.5	False
ecoli50_r008777	180.84	2.2572944983622567	train	0.44	False
ecoli50_r008778	20.43	1.3102683666324475	train	0.4	False
ecoli50_r008779	178.81	2.2523918031812444	train	0.4	False
ecoli50_r008780	178.81	2.2523918031812444	train	0.42	False
ecoli50_r008781	133.75	2.126293790693266	train	0.4	False
ecoli50_r008782	111.46	2.047119038720181	val	0.46	False
ecoli50_r008783	222.91	2.348129551869214	train	0.46	False
ecoli50_r008784	59.44	1.7740788007525188	train	0.46	False
ecoli50_r008785	80.18	1.904066051914503	train	0.14	False
ecoli50_r008786	80.18	1.904066051914503	test	0.12	False
ecoli50_r008787	203.37	2.308286888629105	test	0.54	False
ecoli50_r008788	198.95	2.2987439434824077	val	0.56	False
ecoli50_r008789	26.84	1.4287825114969546	train	0.54	False
ecoli50_r008790	155.13	2.190695792491732	test	0.36	True
ecoli50_r008791	284.52	2.454112800025813	val	0.42	False
ecoli50_r008792	5681.16	3.7544370205989632	val	0.56	False
ecoli50_r008793	7240.12	3.859745764388575	val	0.5	False
ecoli50_r008794	168.21	2.225851810818157	test	0.5	False
ecoli50_r008795	55.73	1.7460890430562002	val	0.42	False
ecoli50_r008796	80.52	1.905903766216617	train	0.44	False
ecoli50_r008797	5483.63	3.739068143714246	train	0.44	False
ecoli50_r008798	3300.96	3.51864026171761	val	0.36	False
ecoli50_r008799	966.68	2.985282733406698	train	0.48	False
ecoli50_r008800	639.58	2.805894874671691	train	0.52	False
ecoli50_r008801	121.98	2.0862886290216824	val	0.42	False
ecoli50_r008802	412.64	2.615571324793862	val	0.4	False
ecoli50_r008803	332.51	2.5218047109308914	train	0.5	False
ecoli50_r008804	26.01	1.4151403521958728	train	0.52	False
ecoli50_r008805	2351.72	3.371385612602337	train	0.52	False
ecoli50_r008806	1229.45	3.0897108712889345	train	0.42	False
ecoli50_r008807	24.05	1.381115080709851	train	0.5	False
ecoli50_r008808	208.24	2.3185641551011797	train	0.28	True
ecoli50_r008809	215.48	2.333406966873917	train	0.32	False
ecoli50_r008810	274.85	2.4390957413017493	train	0.3	True
ecoli50_r008811	111.69	2.0480142909380548	train	0.56	False
ecoli50_r008812	47.16	1.6735737964230517	train	0.5	False
ecoli50_r008813	117.9	2.071513805095089	val	0.5	False
ecoli50_r008814	955.13	2.980062486180904	train	0.42	False
ecoli50_r008815	186.49	2.270655548952985	train	0.36	False
ecoli50_r008816	77.16	1.8873922189718468	train	0.54	False
ecoli50_r008817	104.03	2.017158598487814	train	0.5	False
ecoli50_r008818	73.81	1.8681152053272168	test	0.54	False
ecoli50_r008819	61.8	1.790988475088816	val	0.54	False
ecoli50_r008820	367.92	2.5657533965659813	test	0.32	False
ecoli50_r008821	1306.14	3.115989729748265	train	0.36	False
ecoli50_r008822	350.02	2.544092860468788	val	0.46	False
ecoli50_r008823	159.56	2.202924027637802	train	0.6	False
ecoli50_r008824	104.03	2.017158598487814	train	0.54	False
ecoli50_r008825	48.63	1.6869042695681773	train	0.48	False
ecoli50_r008826	201.6	2.3044905277734875	train	0.36	False
ecoli50_r008827	76.63	1.8843988255566864	train	0.38	False
ecoli50_r008828	88.42	1.9465505105698555	test	0.48	False
ecoli50_r008829	143.86	2.1579400559647675	train	0.56	False
ecoli50_r008830	296.9	2.4726101975960444	val	0.46	False
ecoli50_r008831	63.32	1.8015409061903185	train	0.46	False
ecoli50_r008832	12295.37	4.0897416023338256	train	0.4	False
ecoli50_r008833	6728.23	3.827900829107264	train	0.48	False
ecoli50_r008834	156.35	2.194097885578952	train	0.52	False
ecoli50_r008835	69.27	1.8405451876368388	train	0.48	False
ecoli50_r008836	396.25	2.597969275225808	train	0.54	False
ecoli50_r008837	57.03	1.7561033715851055	train	0.52	False
ecoli50_r008838	106.57	2.027634965777544	test	0.32	True
ecoli50_r008839	170.5	2.2317243833285163	train	0.46	False
ecoli50_r008840	87.76	1.9432966145666548	val	0.52	False
ecoli50_r008841	468.94	2.671117279099181	train	0.38	True
ecoli50_r008842	211.42	2.3251460684907514	test	0.42	False
ecoli50_r008843	211.42	2.3251460684907514	train	0.48	False
ecoli50_r008844	95.74	1.9810934231459296	test	0.54	False
ecoli50_r008845	193.25	2.2861195025903625	train	0.46	False
ecoli50_r008846	179.95	2.25515185098893	train	0.5	False
ecoli50_r008847	45.04	1.6535983818432898	train	0.54	False
ecoli50_r008848	185.76	2.2689522023944986	train	0.36	False
ecoli50_r008849	839.64	2.9240931199597653	train	0.62	False
ecoli50_r008850	80.52	1.905903766216617	val	0.48	False
ecoli50_r008851	589.31	2.770343810699716	val	0.14	False
ecoli50_r008852	141.48	2.150695051142714	train	0.42	False
ecoli50_r008853	155.3	2.191171455728558	train	0.4	False
ecoli50_r008854	155.3	2.191171455728558	train	0.48	False
ecoli50_r008855	414.86	2.617901563012328	train	0.32	False
ecoli50_r008856	393.81	2.5952867399627864	train	0.6	False
ecoli50_r008857	156.35	2.194097885578952	test	0.46	False
ecoli50_r008858	28.06	1.448087666692341	train	0.38	False
ecoli50_r008859	196.44	2.293229925459566	train	0.16	False
ecoli50_r008860	50.11	1.6999244027424767	train	0.54	False
ecoli50_r008861	54.52	1.736555847162636	train	0.52	False
ecoli50_r008862	98.4	1.9929950984313416	train	0.52	False
ecoli50_r008863	332.02	2.521164245234233	test	0.56	False
ecoli50_r008864	213.13	2.3286445849439072	train	0.46	False
ecoli50_r008865	140.69	2.148263229636879	train	0.4	False
ecoli50_r008866	90.42	1.9562645026982757	train	0.42	False
ecoli50_r008867	175.86	2.245167068822079	test	0.44	False
ecoli50_r008868	60.13	1.7790912038454991	val	0.44	False
ecoli50_r008869	61.17	1.7865384804978024	train	0.32	False
ecoli50_r008870	133.75	2.126293790693266	val	0.54	False
ecoli50_r008871	198.76	2.298328988073495	val	0.42	False
ecoli50_r008872	15.1	1.1789769472931697	train	0.38	False
ecoli50_r008873	54.53	1.7366354976868212	train	0.46	False
ecoli50_r008874	47.87	1.6800634274819486	train	0.5	False
ecoli50_r008875	77.16	1.8873922189718468	train	0.48	False
ecoli50_r008876	2224.27	3.3471875043096917	val	0.38	False
ecoli50_r008877	57.18	1.75724415102197	train	0.38	False
ecoli50_r008878	255.3	2.40705081480425	train	0.56	False
ecoli50_r008879	332.02	2.521164245234233	train	0.52	False
ecoli50_r008880	290.02	2.462427948209778	train	0.64	False
ecoli50_r008881	107.74	2.032376971209936	train	0.5	False
ecoli50_r008882	44.58	1.6491400641442189	val	0.46	False
ecoli50_r008883	79.58	1.9008039348103696	test	0.42	False
ecoli50_r008884	466.22	2.668590900036833	train	0.46	True
ecoli50_r008885	140.34	2.1471814721927966	test	0.5	False
ecoli50_r008886	38.32	1.5834255004065068	train	0.54	False
ecoli50_r008887	96.21	1.9832202146481028	train	0.56	False
ecoli50_r008888	382.45	2.5825746652583117	val	0.48	False
ecoli50_r008889	605.58	2.7821715236368854	test	0.48	False
ecoli50_r008890	137.77	2.139154658406904	train	0.5	False
ecoli50_r008891	275.3	2.4398062113933303	train	0.5	False
ecoli50_r008892	156.35	2.194097885578952	train	0.48	False
ecoli50_r008893	726.01	2.8609426026765528	train	0.5	False
ecoli50_r008894	37.14	1.5698418994037615	train	0.5	False
ecoli50_r008895	1448.93	3.1610474045546315	train	0.5	False
ecoli50_r008896	1618.14	3.209016093665102	val	0.4	False
ecoli50_r008897	181.16	2.25806231201092	val	0.46	False
ecoli50_r008898	112.96	2.0529246837077286	train	0.5	False
ecoli50_r008899	25.16	1.4007106367732314	test	0.46	False
ecoli50_r008900	3016.74	3.47953788179214	train	0.38	False
ecoli50_r008901	1334.97	3.1254715061643763	train	0.4	False
ecoli50_r008902	7572.86	3.879259928065933	train	0.46	False
ecoli50_r008903	42.99	1.633367445117007	train	0.46	False
ecoli50_r008904	32.07	1.5060989599284405	train	0.42	False
ecoli50_r008905	120.27	2.080157310970184	train	0.52	False
ecoli50_r008906	364.09	2.5612087508799486	val	0.6	False
ecoli50_r008907	95.74	1.9810934231459296	val	0.54	False
ecoli50_r008908	67.1	1.826722520168992	val	0.54	False
ecoli50_r008909	13.0	1.1139433523068367	train	0.36	False
ecoli50_r008910	465.39	2.6678170472113947	train	0.38	False
ecoli50_r008911	194.12	2.288070282643248	train	0.52	False
ecoli50_r008912	215.3	2.333044029823488	train	0.48	False
ecoli50_r008913	68.63	1.8365139988906716	train	0.46	False
ecoli50_r008914	87.76	1.9432966145666548	train	0.52	False
ecoli50_r008915	95.91	1.9818638909913504	train	0.36	False
ecoli50_r008916	52.01	1.7160868537748322	train	0.44	False
ecoli50_r008917	550.4	2.740678425227455	val	0.2	False
ecoli50_r008918	742.97	2.8709712779631382	train	0.36	False
ecoli50_r008919	550.4	2.740678425227455	val	0.24	False
ecoli50_r008920	550.4	2.740678425227455	train	0.28	False
ecoli50_r008921	753.56	2.877117837448931	train	0.24	False
ecoli50_r008922	1625.62	3.211019033760941	test	0.36	False
ecoli50_r008923	467.53	2.669809483478991	val	0.54	False
ecoli50_r008924	47.16	1.6735737964230517	train	0.5	False
ecoli50_r008925	90.4	1.9561684304753637	train	0.46	False
ecoli50_r008926	75.65	1.8788089323592057	train	0.4	True
ecoli50_r008927	55.36	1.7431960814487013	train	0.52	False
ecoli50_r008928	111.46	2.047119038720181	train	0.46	False
ecoli50_r008929	947.38	2.976524212161707	train	0.44	False
ecoli50_r008930	1119.6	3.0490628897941248	train	0.42	False
ecoli50_r008931	63.94	1.805772631935669	train	0.44	False
ecoli50_r008932	230.34	2.3623693625010485	train	0.38	False
ecoli50_r008933	174.61	2.24206911233894	train	0.54	False
ecoli50_r008934	72.92	1.8628466599829387	val	0.62	False
ecoli50_r008935	258.19	2.411939417524044	test	0.42	False
ecoli50_r008936	61.9	1.791690649020118	train	0.34	False
ecoli50_r008937	100.21	2.000911062131223	train	0.42	False
ecoli50_r008938	84.19	1.9252605095194355	val	0.36	False
ecoli50_r008939	108.24	2.0343877835895667	train	0.38	False
ecoli50_r008940	412.39	2.615308125579776	train	0.52	False
ecoli50_r008941	53.87	1.731346975545955	train	0.48	False
ecoli50_r008942	53.87	1.731346975545955	train	0.46	False
ecoli50_r008943	144.32	2.159326520197866	train	0.5	False
ecoli50_r008944	58.19	1.7648483571934108	train	0.4	False
ecoli50_r008945	205.14	2.3120503511802384	train	0.4	False
ecoli50_r008946	90.42	1.9562645026982757	train	0.58	False
ecoli50_r008947	218.07	2.338595923576831	train	0.36	False
ecoli50_r008948	214.71	2.331852271933605	train	0.32	False
ecoli50_r008949	4498.01	3.653020416626512	test	0.3	False
ecoli50_r008950	4498.01	3.653020416626512	val	0.36	False
ecoli50_r008951	2371.85	3.375087220007504	train	0.4	False
ecoli50_r008952	332.02	2.521164245234233	train	0.6	False
ecoli50_r008953	184.84	2.266795959846668	train	0.56	False
ecoli50_r008954	337.77	2.528621073852407	train	0.58	False
ecoli50_r008955	132.63	2.1226417696255364	train	0.62	False
ecoli50_r008956	702.96	2.8469306133932046	train	0.4	False
ecoli50_r008957	526.17	2.721126082811116	test	0.46	False
ecoli50_r008958	584.78	2.7669925109433597	test	0.4	False
ecoli50_r008959	55.18	1.7417816961431667	train	0.4	False
ecoli50_r008960	2406.76	3.381432784968682	train	0.32	False
ecoli50_r008961	2458.87	3.3907355682771105	train	0.32	True
ecoli50_r008962	197.84	2.296314103353241	test	0.4	False
ecoli50_r008963	296.08	2.4714090720870554	train	0.3	True
ecoli50_r008964	110.25	2.042378598139876	train	0.46	False
ecoli50_r008965	1519.52	3.181706420659776	train	0.48	False
ecoli50_r008966	104.34	2.018450832386356	train	0.44	False
ecoli50_r008967	205.89	2.3136352536103337	train	0.5	False
ecoli50_r008968	631.41	2.8003114557798727	train	0.54	False
ecoli50_r008969	95.27	1.9789561652175915	train	0.46	False
ecoli50_r008970	132.63	2.1226417696255364	test	0.48	False
ecoli50_r008971	279.23	2.445962076324097	train	0.56	False
ecoli50_r008972	53.19	1.7258299903205805	train	0.52	False
ecoli50_r008973	73.69	1.8674085565227911	test	0.46	False
ecoli50_r008974	4759.17	3.6775312182980815	train	0.24	False
ecoli50_r008975	593.32	2.773288988053014	train	0.36	False
ecoli50_r008976	54.12	1.7333577879255853	val	0.32	False
ecoli50_r008977	739.65	2.869026261586819	train	0.3	False
ecoli50_r008978	47.16	1.6735737964230517	train	0.48	False
ecoli50_r008979	323.22	2.509498225929599	train	0.44	False
ecoli50_r008980	43.61	1.6395860866734264	train	0.48	False
ecoli50_r008981	60.13	1.7790912038454991	train	0.62	False
ecoli50_r008982	26.53	1.423737249982329	train	0.5	False
ecoli50_r008983	97.27	1.987978915875482	train	0.48	False
ecoli50_r008984	185.76	2.2689522023944986	train	0.54	False
ecoli50_r008985	76.63	1.8843988255566864	train	0.48	False
ecoli50_r008986	84.19	1.9252605095194355	test	0.48	False
ecoli50_r008987	288.64	2.460356515861848	train	0.36	False
ecoli50_r008988	37.15	1.569958818096594	train	0.46	False
ecoli50_r008989	98.4	1.9929950984313416	val	0.52	False
ecoli50_r008990	75.54	1.8781769804915065	val	0.5	False
ecoli50_r008991	210.98	2.3242412879928698	val	0.48	False
ecoli50_r008992	210.98	2.3242412879928698	val	0.52	False
ecoli50_r008993	1417.71	3.15158740272274	train	0.56	False
ecoli50_r008994	1079.58	3.033254830339746	train	0.46	False
ecoli50_r008995	32.52	1.5121505369220305	train	0.48	False
ecoli50_r008996	215.48	2.333406966873917	val	0.38	False
ecoli50_r008997	109.6	2.0398105541483504	train	0.36	False
ecoli50_r008998	105.88	2.02481393262931	val	0.44	False
ecoli50_r008999	48.11	1.682235356902564	test	0.44	False
ecoli50_r009000	146.27	2.1651552613920657	train	0.44	False
ecoli50_r009001	2064.67	3.3148506474540462	train	0.5	False
ecoli50_r009002	2064.67	3.3148506474540462	train	0.46	False
ecoli50_r009003	1733.87	3.2390165323563824	train	0.54	False
ecoli50_r009004	50.11	1.6999244027424767	train	0.58	False
ecoli50_r009005	59.44	1.7740788007525188	val	0.66	False
ecoli50_r009006	627.36	2.797516824956132	val	0.4	False
ecoli50_r009007	56.0	1.7481880270062005	test	0.32	False
ecoli50_r009008	79.58	1.9008039348103696	train	0.54	False
ecoli50_r009009	78.02	1.8922059459757723	train	0.6	False
ecoli50_r009010	1097.68	3.0404757513259137	train	0.56	True
ecoli50_r009011	278.64	2.44504346145018	train	0.38	False
ecoli50_r009012	691.43	2.839748218931877	train	0.36	False
ecoli50_r009013	87.23	1.9406658724758288	train	0.3	False
ecoli50_r009014	27449.42	4.438533172339455	train	0.42	True
ecoli50_r009015	42.55	1.6288995644206066	test	0.56	False
ecoli50_r009016	108.24	2.0343877835895667	train	0.38	True
ecoli50_r009017	76.63	1.8843988255566864	train	0.56	False
ecoli50_r009018	103.72	2.015862508097314	train	0.62	False
ecoli50_r009019	126.74	2.1029137027892206	val	0.42	False
ecoli50_r009020	65.42	1.8157105397889628	train	0.44	False
ecoli50_r009021	27.06	1.4323277922616042	train	0.2	False
ecoli50_r009022	152.65	2.183696808634681	train	0.44	False
ecoli50_r009023	74.3	1.8709888137605752	train	0.36	False
ecoli50_r009024	152.65	2.183696808634681	train	0.34	False
ecoli50_r009025	23.93	1.3789426986134374	train	0.5	False
ecoli50_r009026	55.85	1.7470231774516278	train	0.6	False
ecoli50_r009027	55.85	1.7470231774516278	test	0.62	False
ecoli50_r009028	74.27	1.8708134239155976	val	0.5	False
ecoli50_r009029	415.6	2.61867553888514	val	0.48	False
ecoli50_r009030	842.96	2.925806967042974	val	0.56	False
ecoli50_r009031	83.77	1.9230885154423996	val	0.6	False
ecoli50_r009032	616.72	2.790088032663043	train	0.56	False
ecoli50_r009033	922.8	2.965107585849056	test	0.28	False
ecoli50_r009034	347.99	2.5415667640407795	train	0.44	False
ecoli50_r009035	896.21	2.9524097855049307	val	0.34	False
ecoli50_r009036	2655.37	3.4241250443487727	train	0.5	False
ecoli50_r009037	44.4	1.64738297011462	val	0.54	False
ecoli50_r009038	142.32	2.1532659350758685	test	0.28	False
ecoli50_r009039	142.32	2.1532659350758685	train	0.32	False
ecoli50_r009040	298.86	2.475467792116027	train	0.52	True
ecoli50_r009041	229.33	2.360460871050178	train	0.54	False
ecoli50_r009042	92.26	1.965013450272248	train	0.4	True
ecoli50_r009043	82.19	1.914818980447473	train	0.4	False
ecoli50_r009044	325.02	2.5119100859708463	train	0.44	False
ecoli50_r009045	547.83	2.7386458111923333	train	0.52	False
ecoli50_r009046	314.37	2.4974410950769714	val	0.56	False
ecoli50_r009047	282.4	2.450864692379766	train	0.36	False
ecoli50_r009048	44.21	1.645520514905874	train	0.48	False
ecoli50_r009049	863.6	2.9363126336621934	test	0.44	False
ecoli50_r009050	425.5	2.628899564420607	val	0.44	False
ecoli50_r009051	73.81	1.8681152053272168	train	0.46	False
ecoli50_r009052	63.83	1.8050248444298047	train	0.46	False
ecoli50_r009053	229.48	2.3607448412104035	val	0.4	False
ecoli50_r009054	145.01	2.161397952545797	val	0.52	False
ecoli50_r009055	1066.26	3.0278631172583026	val	0.36	False
ecoli50_r009056	165.18	2.2179574617769737	train	0.56	False
ecoli50_r009057	613.37	2.7877225307709	train	0.56	False
ecoli50_r009058	90.42	1.9562645026982757	train	0.48	False
ecoli50_r009059	440.25	2.6436993646393145	train	0.48	False
ecoli50_r009060	2276.89	3.3573420496985995	test	0.34	False
ecoli50_r009061	282.36	2.450803173223646	train	0.38	False
ecoli50_r009062	79.78	1.901894031973821	train	0.38	False
ecoli50_r009063	468.64	2.6708393543375237	train	0.5	False
ecoli50_r009064	141.48	2.150695051142714	train	0.6	False
ecoli50_r009065	110.71	2.0441868507673635	val	0.48	False
ecoli50_r009066	76.16	1.8817269353764177	val	0.38	False
ecoli50_r009067	61.28	1.7873187566245474	train	0.46	False
ecoli50_r009068	211.77	2.3258644366153463	val	0.46	False
ecoli50_r009069	1220.23	3.086441698147186	train	0.48	False
ecoli50_r009070	107.74	2.032376971209936	val	0.54	False
ecoli50_r009071	1010.68	3.0046136716812133	train	0.48	True
ecoli50_r009072	65.55	1.816572696026103	train	0.34	False
ecoli50_r009073	268.4	2.4287825114969546	train	0.34	True
ecoli50_r009074	268.4	2.4287825114969546	train	0.4	True
ecoli50_r009075	835.3	2.921842481405858	train	0.34	False
ecoli50_r009076	46.36	1.6661434272915585	train	0.66	False
ecoli50_r009077	38.6	1.586587304671755	val	0.46	False
ecoli50_r009078	247.06	2.392802437083664	train	0.46	False
ecoli50_r009079	57.59	1.7603470785299065	train	0.44	False
ecoli50_r009080	131.16	2.1178014079973275	train	0.34	False
ecoli50_r009081	52.94	1.7237839369653294	val	0.34	False
ecoli50_r009082	18.04	1.2562365332059229	train	0.5	False
ecoli50_r009083	89.16	1.9501700598082	train	0.44	False
ecoli50_r009084	84.19	1.9252605095194355	train	0.3	False
ecoli50_r009085	45.29	1.6560023206829573	val	0.28	False
ecoli50_r009086	469.68	2.6718020673696072	test	0.32	False
ecoli50_r009087	475.98	2.677588704669821	train	0.3	False
ecoli50_r009088	477.09	2.6786003136657515	train	0.38	False
ecoli50_r009089	123.06	2.09011691075201	train	0.46	False
ecoli50_r009090	993.64	2.9972290661553838	train	0.3	False
ecoli50_r009091	38.82	1.589055531052344	test	0.4	False
ecoli50_r009092	62.06	1.7928117712481468	train	0.32	False
ecoli50_r009093	258.32	2.4121580320091054	train	0.12	False
ecoli50_r009094	563.62	2.750986395607524	train	0.16	False
ecoli50_r009095	180.15	2.2556342664585878	train	0.36	False
ecoli50_r009096	58.95	1.770483809431108	train	0.58	False
ecoli50_r009097	152.32	2.182756931040399	test	0.32	False
ecoli50_r009098	170.2	2.230959555748569	test	0.32	False
ecoli50_r009099	182.04	2.260166826834355	test	0.58	False
ecoli50_r009100	126.32	2.1014721170002377	val	0.4	False
ecoli50_r009101	4710.22	3.673041192172353	train	0.46	False
ecoli50_r009102	4725.31	3.674430305305199	train	0.36	True
ecoli50_r009103	107.74	2.032376971209936	train	0.44	False
ecoli50_r009104	47.92	1.680516809381255	train	0.58	False
ecoli50_r009105	1792.03	3.253345275820191	train	0.48	False
ecoli50_r009106	53.05	1.7246853882373594	train	0.44	False
ecoli50_r009107	719.17	2.856831562615328	test	0.38	False
ecoli50_r009108	165.33	2.218351665745133	train	0.54	False
ecoli50_r009109	1653.68	3.218451473971279	train	0.46	False
ecoli50_r009110	258.58	2.41259493111848	train	0.42	False
ecoli50_r009111	120.25	2.0800850850458694	val	0.58	False
ecoli50_r009112	78.02	1.8922059459757723	train	0.44	False
ecoli50_r009113	66.48	1.8226910107760543	train	0.58	False
ecoli50_r009114	85.48	1.931864513492032	val	0.52	False
ecoli50_r009115	101.06	2.004579293902212	test	0.58	False
ecoli50_r009116	624.85	2.795775774158736	train	0.36	False
ecoli50_r009117	47.87	1.6800634274819486	train	0.44	False
ecoli50_r009118	104.03	2.017158598487814	test	0.42	False
ecoli50_r009119	1250.78	3.097180928247997	val	0.26	True
ecoli50_r009120	85.25	1.9306943876645355	train	0.32	False
ecoli50_r009121	853.9	2.9314070135565733	val	0.3	False
ecoli50_r009122	144.32	2.159326520197866	train	0.44	False
ecoli50_r009123	67.1	1.826722520168992	train	0.5	False
ecoli50_r009124	94.21	1.974097003794131	train	0.3	False
ecoli50_r009125	553.15	2.7428429167274437	test	0.62	False
ecoli50_r009126	2006.21	3.3023763908318355	test	0.38	False
ecoli50_r009127	2002.49	3.3015703559894023	val	0.36	True
ecoli50_r009128	19876.02	4.298329425077181	test	0.38	False
ecoli50_r009129	686.14	2.836412738190868	train	0.6	False
ecoli50_r009130	140.9	2.1489109931093564	train	0.5	False
ecoli50_r009131	142.95	2.155184159694008	train	0.5	False
ecoli50_r009132	142.95	2.155184159694008	test	0.48	False
ecoli50_r009133	65.02	1.813046965160108	train	0.44	False
ecoli50_r009134	2028.52	3.3071792939465907	test	0.38	False
ecoli50_r009135	708.99	2.850640109688784	train	0.34	True
ecoli50_r009136	41.49	1.617943434828973	test	0.44	False
ecoli50_r009137	44.5	1.6483600109809315	train	0.76	False
ecoli50_r009138	73.69	1.8674085565227911	train	0.54	False
ecoli50_r009139	128.36	2.1084297084234667	train	0.56	False
ecoli50_r009140	152.32	2.182756931040399	test	0.52	False
ecoli50_r009141	212.21	2.3267658453640534	train	0.36	False
ecoli50_r009142	179.7	2.2545480771089736	train	0.52	False
ecoli50_r009143	4930.98	3.692933241041125	train	0.54	False
ecoli50_r009144	109.23	2.0383419336536064	train	0.54	False
ecoli50_r009145	278.45	2.444747222225778	train	0.54	False
ecoli50_r009146	194.58	2.2890981990566166	train	0.48	False
ecoli50_r009147	261.85	2.418052578237505	train	0.56	False
ecoli50_r009148	33.16	1.520614521878236	test	0.58	False
ecoli50_r009149	297.22	2.473078029844237	test	0.5	True
ecoli50_r009150	305.29	2.484712578894317	train	0.44	False
ecoli50_r009151	57.13	1.756864224060549	train	0.46	False
ecoli50_r009152	432.2	2.6356847625472226	test	0.44	False
ecoli50_r009153	40.79	1.6105537053170946	train	0.34	False
ecoli50_r009154	4875.04	3.6879781834618393	train	0.44	False
ecoli50_r009155	4875.04	3.6879781834618393	train	0.4	False
ecoli50_r009156	48.63	1.6869042695681773	train	0.56	False
ecoli50_r009157	98.97	1.9955035702650064	val	0.5	False
ecoli50_r009158	122.55	2.088313315588097	train	0.58	False
ecoli50_r009159	140.95	2.149065080207621	val	0.46	False
ecoli50_r009160	140.95	2.149065080207621	train	0.44	False
ecoli50_r009161	9969.69	3.9986816544618566	train	0.56	False
ecoli50_r009162	1209.3	3.0825340528727136	train	0.38	False
ecoli50_r009163	85.79	1.9334366678262804	train	0.32	False
ecoli50_r009164	44.5	1.6483600109809315	train	0.52	False
ecoli50_r009165	151.86	2.1814433955418977	test	0.52	False
ecoli50_r009166	334.37	2.524227305193655	train	0.54	False
ecoli50_r009167	353.69	2.5486227810298683	train	0.52	False
ecoli50_r009168	774.62	2.8890887058923904	test	0.34	False
ecoli50_r009169	77.62	1.889973638403996	train	0.36	False
ecoli50_r009170	90.42	1.9562645026982757	val	0.62	False
ecoli50_r009171	67.79	1.8311656339094424	train	0.62	False
ecoli50_r009172	46.54	1.667826378950711	train	0.52	False
ecoli50_r009173	59.84	1.776991584856405	train	0.6	False
ecoli50_r009174	48.63	1.6869042695681773	train	0.48	False
ecoli50_r009175	37.3	1.5717088318086876	train	0.5	False
ecoli50_r009176	154.32	2.188422214635828	train	0.5	False
ecoli50_r009177	527.5	2.72222246396973	test	0.36	False
ecoli50_r009178	134.12	2.1274935447567827	train	0.52	False
ecoli50_r009179	97.29	1.9880682033926356	train	0.4	False
ecoli50_r009180	44.58	1.6491400641442189	train	0.28	False
ecoli50_r009181	66.15	1.82052984852352	train	0.48	False
ecoli50_r009182	36.08	1.557266528869904	train	0.4	False
ecoli50_r009183	117.01	2.0682229793464493	test	0.34	True
ecoli50_r009184	196.91	2.2942677721794578	train	0.56	False
ecoli50_r009185	79.78	1.901894031973821	test	0.42	False
ecoli50_r009186	21907.48	4.3405924238848845	train	0.32	True
ecoli50_r009187	50.16	1.70035752782266	val	0.28	False
ecoli50_r009188	20.87	1.319522449065454	train	0.36	False
ecoli50_r009189	20.63	1.3144992279731516	train	0.44	False
ecoli50_r009190	78.02	1.8922059459757723	train	0.3	False
ecoli50_r009191	422.71	2.626042522003252	val	0.3	False
ecoli50_r009192	177.81	2.2499561819586806	val	0.36	False
ecoli50_r009193	154.32	2.188422214635828	test	0.28	False
ecoli50_r009194	59.44	1.7740788007525188	train	0.34	False
ecoli50_r009195	251.61	2.4007278977371214	train	0.26	False
ecoli50_r009196	132.29	2.1215270164553788	train	0.32	False
ecoli50_r009197	234.52	2.37017988551276	train	0.3	False
ecoli50_r009198	210.47	2.3231902010602106	test	0.24	False
ecoli50_r009199	59.27	1.7728349272390185	train	0.28	False
ecoli50_r009200	276.62	2.441883576986704	train	0.24	False
ecoli50_r009201	84.19	1.9252605095194355	val	0.28	False
ecoli50_r009202	191.48	2.282123418809911	train	0.4	False
ecoli50_r009203	90.2	1.9552065375419416	train	0.32	False
ecoli50_r009204	25.16	1.4007106367732314	train	0.5	False
ecoli50_r009205	168.0	2.225309281725863	train	0.48	False
ecoli50_r009206	215.83	2.334111810731147	train	0.58	False
ecoli50_r009207	247.32	2.393259237826838	train	0.28	False
ecoli50_r009208	102.94	2.01258416391415	val	0.22	False
ecoli50_r009209	566.57	2.753253574809567	train	0.34	False
ecoli50_r009210	581.29	2.764392851801778	train	0.54	False
ecoli50_r009211	922.05	2.964754472176539	train	0.46	False
ecoli50_r009212	304.34	2.4833590362806865	train	0.6	False
ecoli50_r009213	132.63	2.1226417696255364	train	0.5	False
ecoli50_r009214	273.19	2.4364647981416185	test	0.54	False
ecoli50_r009215	26.01	1.4151403521958728	val	0.46	False
ecoli50_r009216	123.88	2.093001196684749	val	0.54	False
ecoli50_r009217	6210.23	3.7931076848595286	train	0.36	False
ecoli50_r009218	6322.22	3.80086960430388	train	0.34	False
ecoli50_r009219	6325.58	3.801100352654348	val	0.28	False
ecoli50_r009220	717.98	2.856112346734482	train	0.48	False
ecoli50_r009221	3873.62	3.588117014421908	train	0.3	False
ecoli50_r009222	3825.51	3.582689341560505	train	0.3	False
ecoli50_r009223	46.41	1.66661156841903	train	0.32	False
ecoli50_r009224	778.12	2.891046578119591	train	0.5	False
ecoli50_r009225	60.13	1.7790912038454991	test	0.54	False
ecoli50_r009226	130.84	2.116740535452944	test	0.46	False
ecoli50_r009227	71.8	1.8561244442423004	train	0.5	False
ecoli50_r009228	505.12	2.7033945645481423	val	0.42	False
ecoli50_r009229	517.15	2.7136165290200505	train	0.48	False
ecoli50_r009230	429.42	2.632882267597586	train	0.56	False
ecoli50_r009231	144.42	2.1596273406586737	train	0.52	True
ecoli50_r009232	162.11	2.209809805785379	train	0.44	False
ecoli50_r009233	236.97	2.374693368545393	train	0.62	False
ecoli50_r009234	108.24	2.0343877835895667	test	0.52	False
ecoli50_r009235	1998.85	3.300780204515047	train	0.4	True
ecoli50_r009236	1998.85	3.300780204515047	train	0.38	True
ecoli50_r009237	11037.57	4.042873470879381	train	0.4	False
ecoli50_r009238	11037.57	4.042873470879381	val	0.4	False
ecoli50_r009239	49207.53	4.692031565922266	train	0.38	True
ecoli50_r009240	444.99	2.6483502514447137	test	0.4	False
ecoli50_r009241	47.87	1.6800634274819486	train	0.44	False
ecoli50_r009242	159.36	2.2023793210796234	train	0.46	False
ecoli50_r009243	606.34	2.7827162194080803	train	0.52	False
ecoli50_r009244	63.94	1.805772631935669	train	0.56	False
ecoli50_r009245	127.48	2.105442054801695	train	0.52	False
ecoli50_r009246	154.18	2.1880280413350808	train	0.5	False
ecoli50_r009247	94.76	1.976625052050728	test	0.32	False
ecoli50_r009248	204.46	2.310608356458524	test	0.22	False
ecoli50_r009249	1557.15	3.19233045009832	val	0.38	False
ecoli50_r009250	1186.67	3.0743299631798195	train	0.3	False
ecoli50_r009251	668.07	2.82482196999201	train	0.32	False
ecoli50_r009252	168.37	2.226264711895694	train	0.36	False
ecoli50_r009253	181.16	2.25806231201092	train	0.2	False
ecoli50_r009254	158.83	2.200932535899193	val	0.26	False
ecoli50_r009255	108.24	2.0343877835895667	train	0.42	False
ecoli50_r009256	114.07	2.057171441547266	test	0.4	False
ecoli50_r009257	505.12	2.7033945645481423	train	0.3	False
ecoli50_r009258	180.15	2.2556342664585878	train	0.3	False
ecoli50_r009259	71.88	1.856608068436936	test	0.4	False
ecoli50_r009260	74.6	1.8727388274726688	val	0.34	False
ecoli50_r009261	438.39	2.6418606390110946	val	0.38	False
ecoli50_r009262	57.03	1.7561033715851055	train	0.28	False
ecoli50_r009263	194.53	2.2889865867916286	train	0.36	False
ecoli50_r009264	24.05	1.381115080709851	train	0.36	False
ecoli50_r009265	2880.41	3.4594543100037867	test	0.32	True
ecoli50_r009266	111.89	2.0487912738484098	train	0.36	False
ecoli50_r009267	150.97	2.178890655048907	train	0.28	False
ecoli50_r009268	198.44	2.297629218364148	train	0.32	False
ecoli50_r009269	186.41	2.270469206453198	train	0.3	True
ecoli50_r009270	2128.74	3.328122620827372	train	0.24	False
ecoli50_r009271	367.65	2.565434570307759	train	0.3	False
ecoli50_r009272	76.63	1.8843988255566864	train	0.48	False
ecoli50_r009273	76.63	1.8843988255566864	train	0.5	False
ecoli50_r009274	84.88	1.928805370893284	test	0.56	False
ecoli50_r009275	122.33	2.087532975734093	train	0.48	False
ecoli50_r009276	73.69	1.8674085565227911	train	0.42	False
ecoli50_r009277	247.06	2.392802437083664	train	0.36	False
ecoli50_r009278	126.65	2.102605194126567	train	0.48	False
ecoli50_r009279	192.82	2.2851520785250914	train	0.38	False
ecoli50_r009280	281.89	2.4500796696216884	train	0.44	False
ecoli50_r009281	117.22	2.0690017170456	test	0.54	False
ecoli50_r009282	53.19	1.7258299903205805	train	0.44	False
ecoli50_r009283	40.87	1.6114046377115934	train	0.56	False
ecoli50_r009284	85.1	1.929929560084588	train	0.48	False
ecoli50_r009285	89.9	1.9537596917332287	test	0.4	False
ecoli50_r009286	88.42	1.9465505105698555	test	0.34	False
ecoli50_r009287	65.04	1.813180532586012	train	0.4	False
ecoli50_r009288	130.29	2.1149110840818914	train	0.46	False
ecoli50_r009289	240.54	2.3811873066341653	train	0.34	False
ecoli50_r009290	112.25	2.0501863496753607	test	0.32	False
ecoli50_r009291	243.54	2.386570301700929	train	0.42	False
ecoli50_r009292	44.21	1.645520514905874	val	0.42	False
ecoli50_r009293	165.17	2.217931168785781	train	0.32	False
ecoli50_r009294	160.01	2.2041471252128475	train	0.4	False
ecoli50_r009295	44.9	1.6522463410033232	train	0.26	False
ecoli50_r009296	137.11	2.1370691308394085	val	0.26	False
ecoli50_r009297	45.21	1.6552345070342942	train	0.22	False
ecoli50_r009298	24768.69	4.393903037638881	val	0.2	False
ecoli50_r009299	242.73	2.385123455892216	val	0.34	False
ecoli50_r009300	150.97	2.178890655048907	train	0.34	False
ecoli50_r009301	159.75	2.2034408668304377	train	0.46	False
ecoli50_r009302	1142.54	3.0578714135341696	train	0.34	False
ecoli50_r009303	1906.24	3.280177578418751	val	0.3	False
ecoli50_r009304	469.04	2.671209881176741	train	0.36	False
ecoli50_r009305	126.32	2.1014721170002377	train	0.48	False
ecoli50_r009306	47.18	1.6737579365495767	train	0.36	False
ecoli50_r009307	276.62	2.441883576986704	train	0.42	False
ecoli50_r009308	50.32	1.7017406324372124	train	0.18	False
ecoli50_r009309	232.85	2.36707624226875	test	0.52	False
ecoli50_r009310	122.6	2.0884904701823963	train	0.52	False
ecoli50_r009311	331.29	2.5202083268859914	test	0.56	False
ecoli50_r009312	376.58	2.5758572511020854	train	0.36	False
ecoli50_r009313	60.13	1.7790912038454991	train	0.36	False
ecoli50_r009314	60.39	1.780965029608317	train	0.38	False
ecoli50_r009315	766.33	2.8844158274873006	train	0.34	True
ecoli50_r009316	105.68	2.023992804606471	train	0.26	False
ecoli50_r009317	144.32	2.159326520197866	train	0.48	False
ecoli50_r009318	627.87	2.797869732706836	train	0.58	False
ecoli50_r009319	627.87	2.797869732706836	test	0.56	False
ecoli50_r009320	42.89	1.6323560462390732	val	0.56	False
ecoli50_r009321	288.64	2.460356515861848	train	0.5	False
ecoli50_r009322	223.79	2.349840676285945	train	0.46	False
ecoli50_r009323	55.85	1.7470231774516278	train	0.4	False
ecoli50_r009324	50.53	1.7035492982382303	train	0.44	False
ecoli50_r009325	432.96	2.636447774917529	train	0.4	False
ecoli50_r009326	53.19	1.7258299903205805	train	0.42	False
ecoli50_r009327	77.22	1.8877297972880305	train	0.42	False
ecoli50_r009328	131.64	2.119387873622336	train	0.44	False
ecoli50_r009329	126.32	2.1014721170002377	train	0.52	False
ecoli50_r009330	90.58	1.9570323163469383	train	0.6	False
ecoli50_r009331	96.21	1.9832202146481028	train	0.34	True
ecoli50_r009332	400.01	2.602070848554295	train	0.4	False
ecoli50_r009333	356.99	2.552656050830272	test	0.42	False
ecoli50_r009334	295.72	2.47088069752548	val	0.44	False
ecoli50_r009335	37.23	1.5708930362183922	val	0.42	False
ecoli50_r009336	244.49	2.38826110054089	test	0.52	False
ecoli50_r009337	66.48	1.8226910107760543	train	0.44	False
ecoli50_r009338	2730.08	3.436175373432514	train	0.58	False
ecoli50_r009339	2718.05	3.434257441551872	train	0.54	False
ecoli50_r009340	1380.02	3.1398853804785536	test	0.44	False
ecoli50_r009341	111.89	2.0487912738484098	train	0.6	False
ecoli50_r009342	600.72	2.7786720913198293	train	0.46	False
ecoli50_r009343	48.63	1.6869042695681773	test	0.46	False
ecoli50_r009344	48.63	1.6869042695681773	train	0.48	False
ecoli50_r009345	302.67	2.4809693767539605	train	0.4	False
ecoli50_r009346	989.29	2.995323619138292	train	0.62	False
ecoli50_r009347	50139.6	4.700180864953556	test	0.4	False
ecoli50_r009348	187.87	2.273857435371118	train	0.54	False
ecoli50_r009349	118.89	2.075145327053852	train	0.5	False
ecoli50_r009350	301.22	2.4788838041862813	train	0.56	False
ecoli50_r009351	1084.84	3.0353656900360853	train	0.5	False
ecoli50_r009352	397.55	2.5993917577937564	test	0.58	False
ecoli50_r009353	93.08	1.9688563746146923	train	0.54	False
ecoli50_r009354	126.32	2.1014721170002377	val	0.54	True
ecoli50_r009355	186.16	2.2698863702786736	train	0.54	False
ecoli50_r009356	36.9	1.5670263661590604	train	0.46	False
ecoli50_r009357	107.36	2.030842502824917	test	0.44	False
ecoli50_r009358	74.3	1.8709888137605752	train	0.5	False
ecoli50_r009359	39.79	1.5997739391463883	train	0.46	False
ecoli50_r009360	37.15	1.569958818096594	train	0.58	False
ecoli50_r009361	140.95	2.149065080207621	test	0.5	False
ecoli50_r009362	39.89	1.6008640363098396	train	0.34	False
ecoli50_r009363	63.74	1.804412059137714	train	0.34	False
ecoli50_r009364	109.05	2.037625669914719	train	0.48	False
ecoli50_r009365	48.63	1.6869042695681773	train	0.5	False
ecoli50_r009366	48.3	1.683947130751512	train	0.36	False
ecoli50_r009367	1266.46	3.102591477542588	train	0.4	False
ecoli50_r009368	3776.6	3.577100988801015	train	0.26	True
ecoli50_r009369	3776.6	3.577100988801015	train	0.3	False
ecoli50_r009370	521.16	2.716971075409854	train	0.28	True
ecoli50_r009371	161.61	2.2084682302656176	train	0.56	False
ecoli50_r009372	130.34	2.1150777166595804	val	0.2	False
ecoli50_r009373	203.81	2.3092254889848007	val	0.34	False
ecoli50_r009374	176.13	2.245833335097326	train	0.44	False
ecoli50_r009375	32.42	1.5108130105124962	train	0.42	False
ecoli50_r009376	77.21	1.8876735524544477	train	0.46	False
ecoli50_r009377	36.9	1.5670263661590604	train	0.48	False
ecoli50_r009378	326.94	2.5144680582877523	train	0.58	False
ecoli50_r009379	93.08	1.9688563746146923	train	0.5	False
ecoli50_r009380	73959.44	4.868993614144374	train	0.52	False
ecoli50_r009381	74060.08	4.869584176840345	train	0.46	False
ecoli50_r009382	2013.09	3.303863191495525	train	0.5	False
ecoli50_r009383	28.52	1.455149521179828	val	0.48	False
ecoli50_r009384	19.95	1.299942900022767	train	0.52	False
ecoli50_r009385	17.34	1.2390490931401914	train	0.46	False
ecoli50_r009386	70.45	1.8478809974453752	val	0.46	False
ecoli50_r009387	150.97	2.178890655048907	train	0.34	False
ecoli50_r009388	131.78	2.1198495032115177	train	0.42	False
ecoli50_r009389	96.21	1.9832202146481028	train	0.42	False
ecoli50_r009390	141.18	2.149773177559665	test	0.48	False
ecoli50_r009391	204.34	2.3103533890449945	train	0.48	False
ecoli50_r009392	74.3	1.8709888137605752	test	0.48	False
ecoli50_r009393	42.55	1.6288995644206066	train	0.62	False
ecoli50_r009394	104.03	2.017158598487814	train	0.5	False
ecoli50_r009395	85.45	1.931712067056756	train	0.48	False
ecoli50_r009396	84251.48	4.925577538625723	train	0.46	False
ecoli50_r009397	89.0	1.9493900066449128	train	0.48	False
ecoli50_r009398	310.6	2.49220145139254	val	0.26	False
ecoli50_r009399	118.89	2.075145327053852	train	0.26	False
ecoli50_r009400	463.17	2.665740421927511	train	0.66	False
ecoli50_r009401	15274.94	4.183979513008203	train	0.66	False
ecoli50_r009402	7935.43	3.8995704649998113	train	0.54	False
ecoli50_r009403	806.09	2.906383533518844	train	0.54	False
ecoli50_r009404	545.17	2.736531949156527	train	0.48	False
ecoli50_r009405	178.33	2.251224409571832	train	0.54	False
ecoli50_r009406	90.42	1.9562645026982757	train	0.44	False
ecoli50_r009407	47.16	1.6735737964230517	train	0.48	False
ecoli50_r009408	73.69	1.8674085565227911	train	0.58	False
ecoli50_r009409	2078.63	3.317777190986629	train	0.48	True
ecoli50_r009410	88.2	1.94546858513182	train	0.38	False
ecoli50_r009411	72.16	1.8582965245338852	train	0.44	False
ecoli50_r009412	78.02	1.8922059459757723	train	0.48	False
ecoli50_r009413	757.9	2.879611907065851	train	0.44	False
ecoli50_r009414	663.17	2.8216248716900654	train	0.52	False
ecoli50_r009415	64.83	1.811776021602904	test	0.48	False
ecoli50_r009416	1565.96	3.1947806644900334	train	0.36	False
ecoli50_r009417	192.43	2.284272779857725	val	0.4	False
ecoli50_r009418	49.63	1.6957442751973233	train	0.54	False
ecoli50_r009419	93.08	1.9688563746146923	train	0.58	False
ecoli50_r009420	169.62	2.2294770588731634	test	0.4	False
ecoli50_r009421	54.77	1.7385427409287852	train	0.48	False
ecoli50_r009422	47.9	1.6803355134145632	val	0.44	False
ecoli50_r009423	164.88	2.2171679787711565	train	0.56	False
ecoli50_r009424	138.29	2.1407907766253023	train	0.62	False
ecoli50_r009425	153.87	2.187153953785416	val	0.28	False
ecoli50_r009426	140.99	2.149188310536008	train	0.5	False
ecoli50_r009427	51.77	1.714078164981856	test	0.3	False
ecoli50_r009428	89.16	1.9501700598082	val	0.44	False
ecoli50_r009429	475.55	2.6771961860105447	train	0.44	True
ecoli50_r009430	232.2	2.365862215402555	train	0.46	False
ecoli50_r009431	483.38	2.6842886773721566	train	0.56	False
ecoli50_r009432	86.43	1.9366645130000757	train	0.44	False
ecoli50_r009433	61.9	1.791690649020118	train	0.5	False
ecoli50_r009434	288.25	2.4597693159667364	train	0.4	False
ecoli50_r009435	1467.94	3.1667083047616305	train	0.48	False
ecoli50_r009436	1379.13	3.13960520571292	val	0.42	False
ecoli50_r009437	109.64	2.039969026867461	test	0.52	False
ecoli50_r009438	120.0	2.0791812460476247	train	0.34	False
ecoli50_r009439	2213.52	3.345083450349381	test	0.5	False
ecoli50_r009440	677.68	2.831024668733123	train	0.44	False
ecoli50_r009441	38423.54	4.584597374363326	train	0.42	False
ecoli50_r009442	481.07	2.682208274714465	train	0.34	False
ecoli50_r009443	159.75	2.2034408668304377	train	0.22	False
ecoli50_r009444	159.75	2.2034408668304377	train	0.2	False
ecoli50_r009445	50.32	1.7017406324372124	val	0.4	False
ecoli50_r009446	294.74	2.469439079183607	test	0.38	False
ecoli50_r009447	84.21	1.9253636673541012	train	0.42	False
ecoli50_r009448	73.58	1.866759783495108	val	0.5	False
ecoli50_r009449	204.34	2.3103533890449945	train	0.36	False
ecoli50_r009450	191.33	2.281783071506447	test	0.38	False
ecoli50_r009451	1415.34	3.1508607807695688	train	0.34	False
ecoli50_r009452	144.32	2.159326520197866	train	0.2	False
ecoli50_r009453	33.55	1.5256925245050108	test	0.42	False
ecoli50_r009454	380.29	2.5801149054749035	val	0.5	False
ecoli50_r009455	117.22	2.0690017170456	train	0.54	False
ecoli50_r009456	45.21	1.6552345070342942	train	0.56	False
ecoli50_r009457	47.87	1.6800634274819486	test	0.6	False
ecoli50_r009458	2116.71	3.325661361549437	train	0.46	False
ecoli50_r009459	77.16	1.8873922189718468	train	0.46	False
ecoli50_r009460	105.64	2.0238283925348863	train	0.4	False
ecoli50_r009461	78.17	1.8930401119571176	train	0.38	False
ecoli50_r009462	101.63	2.0070219255786808	val	0.38	False
ecoli50_r009463	115.17	2.061339366837067	val	0.28	False
ecoli50_r009464	521.69	2.717412512040676	train	0.38	False
ecoli50_r009465	95.74	1.9810934231459296	train	0.38	False
ecoli50_r009466	83.87	1.9236066430174592	val	0.34	False
ecoli50_r009467	59.44	1.7740788007525188	val	0.46	False
ecoli50_r009468	65.02	1.813046965160108	val	0.38	False
ecoli50_r009469	252.45	2.402175375031505	train	0.56	False
ecoli50_r009470	74.3	1.8709888137605752	train	0.48	False
ecoli50_r009471	84.19	1.9252605095194355	train	0.42	False
ecoli50_r009472	72.16	1.8582965245338852	train	0.58	False
ecoli50_r009473	204.34	2.3103533890449945	train	0.48	False
ecoli50_r009474	50.32	1.7017406324372124	test	0.44	False
ecoli50_r009475	295.23	2.470160486526572	val	0.36	False
ecoli50_r009476	505.12	2.7033945645481423	train	0.28	False
ecoli50_r009477	87.23	1.9406658724758288	train	0.42	False
ecoli50_r009478	171.1	2.2332500095411003	test	0.46	False
ecoli50_r009479	228.51	2.358905210313047	test	0.46	False
ecoli50_r009480	137.46	2.1381763395730413	train	0.44	False
ecoli50_r009481	57.47	1.7594411971336976	train	0.44	False
ecoli50_r009482	66.48	1.8226910107760543	train	0.5	False
ecoli50_r009483	486.33	2.686931060505042	train	0.38	False
ecoli50_r009484	63.37	1.80188370712524	val	0.42	False
ecoli50_r009485	18.45	1.2659963704950792	train	0.48	False
ecoli50_r009486	97.29	1.9880682033926356	test	0.38	False
ecoli50_r009487	60.13	1.7790912038454991	train	0.48	False
ecoli50_r009488	66.15	1.82052984852352	val	0.46	False
ecoli50_r009489	179.79	2.2547655324161475	train	0.46	False
ecoli50_r009490	263.78	2.421241863921055	val	0.38	False
ecoli50_r009491	85.1	1.929929560084588	train	0.36	False
ecoli50_r009492	152.32	2.182756931040399	val	0.42	False
ecoli50_r009493	178.18	2.2508589545992947	val	0.44	False
ecoli50_r009494	1779.96	3.250410242772676	val	0.44	False
ecoli50_r009495	3842.55	3.584619527331917	test	0.4	False
ecoli50_r009496	74.3	1.8709888137605752	train	0.46	False
ecoli50_r009497	159.75	2.2034408668304377	train	0.46	False
ecoli50_r009498	153.27	2.185457157401926	train	0.5	False
ecoli50_r009499	152.32	2.182756931040399	train	0.5	False
ecoli50_r009500	61.28	1.7873187566245474	train	0.46	False
ecoli50_r009501	18.45	1.2659963704950792	train	0.62	False
ecoli50_r009502	93.94	1.97285055584723	train	0.56	False
ecoli50_r009503	19.11	1.281260687055013	val	0.58	False
ecoli50_r009504	357.24	2.552960080694349	test	0.46	True
ecoli50_r009505	358.57	2.5545739512064345	val	0.44	False
ecoli50_r009506	824.77	2.9163328556321426	train	0.44	True
ecoli50_r009507	27.86	1.4449811120879448	train	0.42	False
ecoli50_r009508	301.05	2.4786386315431668	train	0.52	False
ecoli50_r009509	114.95	2.060508975605298	train	0.42	False
ecoli50_r009510	5270.48	3.72185016964488	train	0.56	True
ecoli50_r009511	82.53	1.916611845109346	train	0.46	False
ecoli50_r009512	199.83	2.3006606883765213	train	0.52	False
ecoli50_r009513	117.01	2.0682229793464493	train	0.5	False
ecoli50_r009514	60.13	1.7790912038454991	test	0.5	False
ecoli50_r009515	216.48	2.3354177792535475	train	0.5	False
ecoli50_r009516	180.4	2.256236533205923	test	0.22	False
ecoli50_r009517	108.24	2.0343877835895667	train	0.3	False
ecoli50_r009518	43.61	1.6395860866734264	train	0.48	False
ecoli50_r009519	46.97	1.671820560183249	train	0.62	False
ecoli50_r009520	59.44	1.7740788007525188	test	0.5	False
ecoli50_r009521	122.33	2.087532975734093	train	0.46	False
ecoli50_r009522	159.56	2.202924027637802	train	0.5	False
ecoli50_r009523	50.11	1.6999244027424767	train	0.5	False
ecoli50_r009524	129.69	2.112906490253314	train	0.6	False
ecoli50_r009525	92.88	1.967922206730517	test	0.38	False
ecoli50_r009526	77.16	1.8873922189718468	train	0.42	False
ecoli50_r009527	244.9	2.388988785124714	test	0.42	False
ecoli50_r009528	2020.5	3.3054588547786667	train	0.26	False
ecoli50_r009529	127.56	2.1057145105709214	test	0.36	False
ecoli50_r009530	70.45	1.8478809974453752	train	0.28	False
ecoli50_r009531	35.37	1.5486350598147516	train	0.52	False
ecoli50_r009532	1266.88	3.1027354800721105	train	0.5	False
ecoli50_r009533	24.05	1.381115080709851	train	0.54	False
ecoli50_r009534	36.9	1.5670263661590604	train	0.3	False
ecoli50_r009535	650.84	2.8134742364059377	test	0.36	False
ecoli50_r009536	120.68	2.081635301502951	test	0.42	False
ecoli50_r009537	52.01	1.7160868537748322	train	0.42	False
ecoli50_r009538	124.13	2.0938767553900446	train	0.46	False
ecoli50_r009539	235.35	2.371714202642618	test	0.44	False
ecoli50_r009540	138.53	2.141543834220653	train	0.46	False
ecoli50_r009541	784.52	2.894604019661542	train	0.42	False
ecoli50_r009542	665.02	2.8228347065948727	train	0.44	False
ecoli50_r009543	83.87	1.9236066430174592	test	0.4	False
ecoli50_r009544	52.07	1.7165875776756925	train	0.48	False
ecoli50_r009545	246.44	2.391711200121372	val	0.66	False
ecoli50_r009546	39.3	1.5943925503754266	train	0.48	False
ecoli50_r009547	114.62	2.059260404121731	val	0.32	False
ecoli50_r009548	395.03	2.5966300787649823	train	0.4	False
ecoli50_r009549	112.95	2.052886235256382	train	0.3	False
ecoli50_r009550	50.46	1.7029472461815558	val	0.38	False
ecoli50_r009551	36.34	1.5603849229720157	train	0.4	False
ecoli50_r009552	135.87	2.13312357540262	train	0.3	False
ecoli50_r009553	297.53	2.473530762258132	train	0.24	False
ecoli50_r009554	288.24	2.459754249114512	train	0.26	False
ecoli50_r009555	90.2	1.9552065375419416	train	0.36	False
ecoli50_r009556	1516.45	3.1808280954366084	train	0.26	False
ecoli50_r009557	74.6	1.8727388274726688	train	0.34	False
ecoli50_r009558	232.76	2.366908348521373	test	0.36	True
ecoli50_r009559	59.13	1.7718078789991056	train	0.26	False
ecoli50_r009560	186.75	2.2712606104874364	train	0.4	False
ecoli50_r009561	120.27	2.080157310970184	val	0.38	False
ecoli50_r009562	49.52	1.6947806360120616	train	0.4	False
ecoli50_r009563	107.74	2.032376971209936	train	0.42	False
ecoli50_r009564	232.85	2.36707624226875	train	0.4	False
ecoli50_r009565	440.98	2.644418893126335	val	0.4	False
ecoli50_r009566	31.91	1.5039268041935103	val	0.46	False
ecoli50_r009567	44.1	1.6444385894678386	train	0.4	False
ecoli50_r009568	112.0	2.049218022670181	train	0.38	False
ecoli50_r009569	400.07	2.6021359862129367	train	0.5	False
ecoli50_r009570	38.19	1.581949658373318	train	0.56	False
ecoli50_r009571	39.63	1.5980240723341896	train	0.42	False
ecoli50_r009572	168.37	2.226264711895694	train	0.34	False
ecoli50_r009573	145.84	2.16387665564692	test	0.56	False
ecoli50_r009574	35.37	1.5486350598147516	train	0.6	False
ecoli50_r009575	150.32	2.177016767092469	train	0.52	False
ecoli50_r009576	828.23	2.918150957388878	train	0.44	False
ecoli50_r009577	3886.79	3.5895910766989445	train	0.46	False
ecoli50_r009578	375.24	2.574309127290558	train	0.5	False
ecoli50_r009579	156.21	2.193708832395355	train	0.46	False
ecoli50_r009580	646.45	2.810534939790517	val	0.4	False
ecoli50_r009581	408.91	2.611627731468287	train	0.3	False
ecoli50_r009582	102.23	2.009578360794542	train	0.28	False
ecoli50_r009583	69.27	1.8405451876368388	val	0.56	False
ecoli50_r009584	74.46	1.8719230318823732	train	0.46	False
ecoli50_r009585	140.0	2.146128035678238	train	0.62	False
ecoli50_r009586	140.0	2.146128035678238	train	0.48	False
ecoli50_r009587	52.01	1.7160868537748322	test	0.5	False
ecoli50_r009588	56.12	1.7491176623563225	train	0.58	False
ecoli50_r009589	290.32	2.4628769551925003	train	0.42	False
ecoli50_r009590	116.26	2.0654303186203693	train	0.42	False
ecoli50_r009591	31.87	1.5033820634737327	train	0.54	False
ecoli50_r009592	106.57	2.027634965777544	train	0.48	False
ecoli50_r009593	92.42	1.965765964182686	train	0.34	False
ecoli50_r009594	330.27	2.5188691264429286	test	0.56	False
ecoli50_r009595	21.81	1.3386556655787003	train	0.44	False
ecoli50_r009596	2423.39	3.384423311462446	test	0.56	False
ecoli50_r009597	2387.31	3.3779088172253786	train	0.48	False
ecoli50_r009598	1130.24	3.053170673225437	train	0.42	False
ecoli50_r009599	148.33	2.1712289967250515	val	0.52	False
ecoli50_r009600	137.4	2.137986732723532	val	0.44	False
ecoli50_r009601	333.75	2.523421274372632	train	0.56	True
ecoli50_r009602	288.64	2.460356515861848	val	0.5	True
ecoli50_r009603	275.1	2.4394905903896835	train	0.54	False
ecoli50_r009604	333.06	2.5225224777155044	train	0.46	False
ecoli50_r009605	64.84	1.8118430061764772	train	0.54	False
ecoli50_r009606	134.4	2.1283992687178066	test	0.46	False
ecoli50_r009607	48.3	1.683947130751512	train	0.4	False
ecoli50_r009608	174.45	2.24167097378413	train	0.32	False
ecoli50_r009609	101.98	2.008515007631454	train	0.56	False
ecoli50_r009610	335.08	2.5251485067703614	test	0.36	False
ecoli50_r009611	484.85	2.6856073999461727	val	0.5	False
ecoli50_r009612	856.5	2.932727367301529	train	0.44	True
ecoli50_r009613	89.78	1.9531796010656344	test	0.38	False
ecoli50_r009614	13.75	1.1383026981662814	test	0.28	False
ecoli50_r009615	645.49	2.8098895185180712	val	0.2	False
ecoli50_r009616	2389.32	3.3782743184093302	train	0.18	False
ecoli50_r009617	100.22	2.0009543984064577	train	0.12	False
ecoli50_r009618	103.44	2.014688511872337	train	0.4	False
ecoli50_r009619	81.12	1.9091279419892608	train	0.44	True
ecoli50_r009620	27.92	1.4459154139511234	train	0.42	False
ecoli50_r009621	1467.5	3.166578109919652	train	0.44	True
ecoli50_r009622	365.48	2.562863616239732	train	0.46	False
ecoli50_r009623	55.85	1.7470231774516278	test	0.46	False
ecoli50_r009624	28.52	1.455149521179828	train	0.62	False
ecoli50_r009625	21.81	1.3386556655787003	val	0.52	False
ecoli50_r009626	114.95	2.060508975605298	test	0.5	False
ecoli50_r009627	83.86	1.9235548580675492	train	0.5	False
ecoli50_r009628	51.87	1.7149162479935849	train	0.44	False
ecoli50_r009629	74.57	1.8725641430906517	train	0.52	False
ecoli50_r009630	15.36	1.1863912156954932	val	0.48	False
ecoli50_r009631	162.11	2.209809805785379	train	0.46	False
ecoli50_r009632	451.0	2.6541765418779604	test	0.26	False
ecoli50_r009633	81.35	1.9103575572728773	train	0.3	False
ecoli50_r009634	105.89	2.024854948305018	train	0.3	False
ecoli50_r009635	92.88	1.967922206730517	train	0.42	False
ecoli50_r009636	248.26	2.394906751054026	train	0.26	False
ecoli50_r009637	244.9	2.388988785124714	test	0.24	False
ecoli50_r009638	553.23	2.7429057225601823	train	0.38	False
ecoli50_r009639	171.1	2.2332500095411003	train	0.26	False
ecoli50_r009640	66.15	1.82052984852352	val	0.24	False
ecoli50_r009641	88.24	1.945665499432134	train	0.28	False
ecoli50_r009642	216.48	2.3354177792535475	val	0.38	False
ecoli50_r009643	148.24	2.170965406310841	train	0.38	False
ecoli50_r009644	98.83	1.9948887953649104	train	0.36	False
ecoli50_r009645	208.05	2.318167720128966	train	0.26	False
ecoli50_r009646	72.13	1.858115932190066	train	0.52	False
ecoli50_r009647	134.12	2.1274935447567827	train	0.52	False
ecoli50_r009648	1570.07	3.1959190154258152	test	0.42	False
ecoli50_r009649	92.88	1.967922206730517	train	0.4	False
ecoli50_r009650	453.25	2.6563378127675463	train	0.36	False
ecoli50_r009651	159.75	2.2034408668304377	val	0.44	False
ecoli50_r009652	84.19	1.9252605095194355	test	0.38	False
ecoli50_r009653	6323.27	3.800941726334272	val	0.42	False
ecoli50_r009654	192.43	2.284272779857725	train	0.42	True
ecoli50_r009655	179.79	2.2547655324161475	train	0.56	False
ecoli50_r009656	103.54	2.015108160645837	train	0.62	False
ecoli50_r009657	365.02	2.5623166607624395	train	0.5	False
ecoli50_r009658	365.02	2.5623166607624395	train	0.48	False
ecoli50_r009659	521.69	2.717412512040676	val	0.52	False
ecoli50_r009660	44.21	1.645520514905874	train	0.52	False
ecoli50_r009661	54.12	1.7333577879255853	train	0.5	False
ecoli50_r009662	218.07	2.338595923576831	train	0.52	False
ecoli50_r009663	53.05	1.7246853882373594	train	0.48	False
ecoli50_r009664	128.68	2.1095110522299323	train	0.54	False
ecoli50_r009665	47.16	1.6735737964230517	train	0.58	False
ecoli50_r009666	68.63	1.8365139988906716	train	0.56	False
ecoli50_r009667	7367.24	3.86730481794473	train	0.54	False
ecoli50_r009668	12679.67	4.103107950781992	train	0.46	False
ecoli50_r009669	102.32	2.0099605314705973	train	0.46	False
ecoli50_r009670	76.63	1.8843988255566864	train	0.54	False
ecoli50_r009671	191.48	2.282123418809911	train	0.42	False
ecoli50_r009672	542.42	2.734335694372104	train	0.48	False
ecoli50_r009673	925.09	2.966183986362805	train	0.4	True
ecoli50_r009674	132.63	2.1226417696255364	train	0.54	False
ecoli50_r009675	61.17	1.7865384804978024	test	0.64	False
ecoli50_r009676	335.68	2.525925466513464	train	0.44	False
ecoli50_r009677	321.78	2.5075590473467115	train	0.48	False
ecoli50_r009678	120.84	2.0822107166012427	train	0.5	False
ecoli50_r009679	72.21	1.8585973449946924	train	0.44	False
ecoli50_r009680	98.4	1.9929950984313416	train	0.5	False
ecoli50_r009681	168.37	2.226264711895694	train	0.44	False
ecoli50_r009682	185.69	2.268788516223584	test	0.5	False
ecoli50_r009683	133.49	2.1254487330602623	train	0.52	False
ecoli50_r009684	372.98	2.571685544616966	train	0.5	False
ecoli50_r009685	183.5	2.263636068588108	test	0.56	False
ecoli50_r009686	156.35	2.194097885578952	train	0.46	False
ecoli50_r009687	1088.42	3.036796513454868	val	0.44	True
ecoli50_r009688	73.81	1.8681152053272168	train	0.46	False
ecoli50_r009689	67.79	1.8311656339094424	test	0.44	False
ecoli50_r009690	338.84	2.5299946730691416	train	0.36	False
ecoli50_r009691	74.46	1.8719230318823732	train	0.46	False
ecoli50_r009692	36.08	1.557266528869904	train	0.54	False
ecoli50_r009693	193.06	2.285692301854088	train	0.4	False
ecoli50_r009694	22.6	1.354108439147401	val	0.38	False
ecoli50_r009695	52.39	1.7192483984479463	train	0.48	False
ecoli50_r009696	7159.3	3.8548705612744847	train	0.54	False
ecoli50_r009697	37.23	1.5708930362183922	train	0.5	False
ecoli50_r009698	87.76	1.9432966145666548	train	0.52	False
ecoli50_r009699	1851.88	3.2676128414029875	test	0.44	False
ecoli50_r009700	545.27	2.736611604063376	test	0.42	False
ecoli50_r009701	995.11	2.997871090547252	train	0.44	False
ecoli50_r009702	52.48	1.7199938263676038	train	0.52	False
ecoli50_r009703	11.76	1.0704073217401198	train	0.48	False
ecoli50_r009704	505.97	2.7041247673917703	train	0.52	False
ecoli50_r009705	82.53	1.916611845109346	train	0.5	False
ecoli50_r009706	56.0	1.7481880270062005	val	0.42	False
ecoli50_r009707	147.37	2.168409083519626	train	0.52	False
ecoli50_r009708	1211.16	3.0832015193008666	val	0.58	False
ecoli50_r009709	109.53	2.03953308766939	val	0.58	False
ecoli50_r009710	111.46	2.047119038720181	train	0.54	False
ecoli50_r009711	144.26	2.1591459278540475	train	0.58	False
ecoli50_r009712	137.55	2.1384605947257023	test	0.58	False
ecoli50_r009713	300.0	2.4771212547196626	train	0.48	False
ecoli50_r009714	57.62	1.760573253944394	train	0.54	False
ecoli50_r009715	48.61	1.686725621074542	test	0.4	False
ecoli50_r009716	47.07	1.6727441983065992	test	0.54	False
ecoli50_r009717	401.57	2.6037612606082874	val	0.56	False
ecoli50_r009718	61.17	1.7865384804978024	train	0.56	False
ecoli50_r009719	78.17	1.8930401119571176	train	0.44	False
ecoli50_r009720	192.43	2.284272779857725	train	0.38	True
ecoli50_r009721	1159.14	3.0641358928708926	test	0.48	False
ecoli50_r009722	869.36	2.939199654052523	train	0.4	False
ecoli50_r009723	1543.23	3.188430657292527	train	0.48	False
ecoli50_r009724	239.34	2.379015286693483	test	0.6	False
ecoli50_r009725	106.1	2.0257153839013404	train	0.54	False
ecoli50_r009726	85.45	1.931712067056756	train	0.58	False
ecoli50_r009727	219.2	2.340840549812332	train	0.52	False
ecoli50_r009728	294.74	2.469439079183607	train	0.5	False
ecoli50_r009729	141.48	2.150695051142714	train	0.52	False
ecoli50_r009730	64.84	1.8118430061764772	train	0.48	False
ecoli50_r009731	291.87	2.465189458112297	test	0.54	False
ecoli50_r009732	39.89	1.6008640363098396	train	0.5	False
ecoli50_r009733	110.71	2.0441868507673635	val	0.68	False
ecoli50_r009734	521.24	2.71703773611327	val	0.4	False
ecoli50_r009735	95.74	1.9810934231459296	test	0.52	False
ecoli50_r009736	134.19	2.1277201528923197	test	0.38	False
ecoli50_r009737	100.22	2.0009543984064577	test	0.36	False
ecoli50_r009738	1555.43	3.1918504710552704	train	0.38	False
ecoli50_r009739	1548.0	3.189770956346874	train	0.28	False
ecoli50_r009740	24040.33	4.380940424902889	val	0.48	False
ecoli50_r009741	925.46	2.9663576525274	train	0.56	False
ecoli50_r009742	40.26	1.6048737705526357	train	0.4	False
ecoli50_r009743	596.77	2.7758069827589567	test	0.38	False
ecoli50_r009744	40.26	1.6048737705526357	train	0.5	False
ecoli50_r009745	419.36	2.622587003602525	test	0.32	False
ecoli50_r009746	85.45	1.931712067056756	train	0.5	False
ecoli50_r009747	78.17	1.8930401119571176	train	0.42	False
ecoli50_r009748	60.0	1.7781512503836436	train	0.44	False
ecoli50_r009749	240.54	2.3811873066341653	test	0.44	False
ecoli50_r009750	165.06	2.217641840773328	train	0.4	False
ecoli50_r009751	168.37	2.226264711895694	val	0.44	False
ecoli50_r009752	29.72	1.4730488050885375	test	0.5	False
ecoli50_r009753	53.19	1.7258299903205805	train	0.5	False
ecoli50_r009754	93.08	1.9688563746146923	train	0.42	False
ecoli50_r009755	697.81	2.8437371888347927	train	0.42	False
ecoli50_r009756	66.48	1.8226910107760543	train	0.46	False
ecoli50_r009757	63.83	1.8050248444298047	train	0.6	False
ecoli50_r009758	86.43	1.9366645130000757	train	0.5	False
ecoli50_r009759	62.5	1.7958800173440752	train	0.4	False
ecoli50_r009760	130.03	2.1140435625480776	train	0.36	False
ecoli50_r009761	364.0	2.561101383649056	train	0.24	False
ecoli50_r009762	595.49	2.774874472819159	train	0.42	False
ecoli50_r009763	38.58	1.5863622233078656	val	0.64	False
ecoli50_r009764	61.17	1.7865384804978024	test	0.46	False
ecoli50_r009765	185.76	2.2689522023944986	train	0.54	False
ecoli50_r009766	3858.18	3.58638248540822	val	0.44	False
ecoli50_r009767	23.93	1.3789426986134374	train	0.54	False
ecoli50_r009768	59.9	1.7774268223893113	train	0.48	False
ecoli50_r009769	157.45	2.1971426649725627	val	0.42	False
ecoli50_r009770	89.16	1.9501700598082	train	0.48	False
ecoli50_r009771	1443.21	3.159329529434128	train	0.5	False
ecoli50_r009772	277.26	2.4428872189023485	train	0.46	False
ecoli50_r009773	167.54	2.2241185111063806	test	0.52	False
ecoli50_r009774	63.16	1.8004421213362567	test	0.48	False
ecoli50_r009775	28093.55	4.448606621650723	train	0.32	True
ecoli50_r009776	21082.93	4.32393096680646	train	0.48	False
ecoli50_r009777	31.58	1.4994121256722754	train	0.54	False
ecoli50_r009778	54.12	1.7333577879255853	test	0.32	False
ecoli50_r009779	569.11	2.755196216792059	test	0.24	False
ecoli50_r009780	1282.98	3.1082198863380315	test	0.42	True
ecoli50_r009781	1297.84	3.11322115517608	val	0.44	True
ecoli50_r009782	356.64	2.552230051136162	train	0.48	False
ecoli50_r009783	36.08	1.557266528869904	train	0.52	False
ecoli50_r009784	271.74	2.434153571066601	train	0.54	False
ecoli50_r009785	104.0	2.0170333392987803	train	0.5	False
ecoli50_r009786	70.45	1.8478809974453752	train	0.48	False
ecoli50_r009787	275.25	2.4397273276437894	train	0.44	False
ecoli50_r009788	614.54	2.7885501560815538	val	0.4	False
ecoli50_r009789	150.47	2.1774499209718248	train	0.4	False
ecoli50_r009790	27.24	1.4352071032407476	val	0.42	False
ecoli50_r009791	29.25	1.4661258704181992	train	0.5	False
ecoli50_r009792	108.24	2.0343877835895667	val	0.5	False
ecoli50_r009793	82.53	1.916611845109346	train	0.54	False
ecoli50_r009794	297.22	2.473078029844237	train	0.5	False
ecoli50_r009795	55.85	1.7470231774516278	train	0.4	False
ecoli50_r009796	74.46	1.8719230318823732	train	0.48	False
ecoli50_r009797	66.48	1.8226910107760543	train	0.5	False
ecoli50_r009798	164.39	2.215875395461276	train	0.38	False
ecoli50_r009799	30.19	1.4798631130230977	train	0.3	False
ecoli50_r009800	553.23	2.7429057225601823	train	0.36	False
ecoli50_r009801	60.39	1.780965029608317	train	0.46	False
ecoli50_r009802	216.48	2.3354177792535475	test	0.36	False
ecoli50_r009803	114.95	2.060508975605298	train	0.42	False
ecoli50_r009804	58.95	1.770483809431108	test	0.5	False
ecoli50_r009805	36.9	1.5670263661590604	train	0.48	False
ecoli50_r009806	245.2	2.3895204658463776	train	0.4	False
ecoli50_r009807	87.23	1.9406658724758288	train	0.52	False
ecoli50_r009808	42.55	1.6288995644206066	train	0.52	False
ecoli50_r009809	90.58	1.9570323163469383	train	0.52	False
ecoli50_r009810	89.16	1.9501700598082	train	0.52	False
ecoli50_r009811	52.01	1.7160868537748322	train	0.48	False
ecoli50_r009812	103.16	2.0135113334659	val	0.46	False
ecoli50_r009813	54.82	1.7389390312034796	train	0.48	False
ecoli50_r009814	124.39	2.0947854678195585	train	0.44	False
ecoli50_r009815	310.46	2.4920056531492256	test	0.48	False
ecoli50_r009816	308.65	2.4894662813031285	train	0.42	False
ecoli50_r009817	1319.94	3.1205541900989164	train	0.48	False
ecoli50_r009818	1313.92	3.118568923354479	test	0.42	False
ecoli50_r009819	313.12	2.495710808313926	val	0.42	False
ecoli50_r009820	51.11	1.708505880955237	val	0.38	False
ecoli50_r009821	198.44	2.297629218364148	test	0.52	False
ecoli50_r009822	23.93	1.3789426986134374	val	0.38	False
ecoli50_r009823	2309.82	3.3635781374451303	train	0.4	False
ecoli50_r009824	173.75	2.239924813262152	val	0.54	False
ecoli50_r009825	359.8	2.556061159009533	train	0.42	False
ecoli50_r009826	764.7	2.88349109018893	test	0.4	False
ecoli50_r009827	75.76	1.879439965995217	train	0.34	False
ecoli50_r009828	1531.8	3.185202065187894	val	0.44	False
ecoli50_r009829	81.5	1.9111576087399769	train	0.44	False
ecoli50_r009830	55.73	1.7460890430562002	train	0.38	False
ecoli50_r009831	150.32	2.177016767092469	train	0.34	False
ecoli50_r009832	76.63	1.8843988255566864	train	0.38	False
ecoli50_r009833	70.45	1.8478809974453752	train	0.54	False
ecoli50_r009834	148.61	2.172048034180256	train	0.48	False
ecoli50_r009835	97.27	1.987978915875482	train	0.6	False
ecoli50_r009836	107.74	2.032376971209936	train	0.46	False
ecoli50_r009837	58.95	1.770483809431108	test	0.48	False
ecoli50_r009838	108.24	2.0343877835895667	train	0.42	False
ecoli50_r009839	134.19	2.1277201528923197	train	0.44	False
ecoli50_r009840	785.56	2.895179361462261	train	0.42	False
ecoli50_r009841	328.78	2.516905391125257	val	0.52	False
ecoli50_r009842	165.55	2.2189291850880872	train	0.42	False
ecoli50_r009843	131.77	2.119816545937216	train	0.44	False
ecoli50_r009844	290.7	2.463445031770428	test	0.38	False
ecoli50_r009845	936.1	2.971322245242813	train	0.54	False
ecoli50_r009846	36.08	1.557266528869904	test	0.44	False
ecoli50_r009847	93.34	1.970067796549137	train	0.52	False
ecoli50_r009848	150.61	2.1778538085223005	train	0.48	False
ecoli50_r009849	37.15	1.569958818096594	test	0.56	False
ecoli50_r009850	72.16	1.8582965245338852	val	0.52	False
ecoli50_r009851	100.22	2.0009543984064577	test	0.38	False
ecoli50_r009852	1876.18	3.273274502090316	val	0.42	False
ecoli50_r009853	460.68	2.6633993581650297	test	0.42	False
ecoli50_r009854	46.97	1.671820560183249	test	0.56	False
ecoli50_r009855	50.11	1.6999244027424767	test	0.48	False
ecoli50_r009856	1799.4	3.255127716143171	val	0.42	True
ecoli50_r009857	1046.12	3.0195815051322588	train	0.46	False
ecoli50_r009858	605.58	2.7821715236368854	train	0.54	False
ecoli50_r009859	140.95	2.149065080207621	train	0.46	False
ecoli50_r009860	50.11	1.6999244027424767	train	0.38	False
ecoli50_r009861	241.69	2.383258681708176	test	0.46	False
ecoli50_r009862	104.03	2.017158598487814	train	0.52	False
ecoli50_r009863	5717.7	3.757221364774587	train	0.6	False
ecoli50_r009864	497.11	2.696452499612821	train	0.32	False
ecoli50_r009865	1384.65	3.141340010022802	test	0.54	False
ecoli50_r009866	10108.5	4.004686715427384	train	0.4	False
ecoli50_r009867	10132.55	4.005718755485087	val	0.4	False
ecoli50_r009868	2836.56	3.452791974360556	test	0.46	False
ecoli50_r009869	356.36	2.551888950263276	train	0.46	False
ecoli50_r009870	366.82	2.5644530065313664	train	0.54	False
ecoli50_r009871	223.53	2.349335818117248	train	0.44	False
ecoli50_r009872	284.74	2.454448480701692	train	0.68	False
ecoli50_r009873	99257.59	4.996763726206783	train	0.3	False
ecoli50_r009874	126.28	2.10133457322018	train	0.28	False
ecoli50_r009875	36.9	1.5670263661590604	train	0.62	False
ecoli50_r009876	152.32	2.182756931040399	test	0.5	False
ecoli50_r009877	40.26	1.6048737705526357	val	0.58	False
ecoli50_r009878	444.78	2.6481452505053853	train	0.44	False
ecoli50_r009879	425.5	2.628899564420607	train	0.34	False
ecoli50_r009880	2128.74	3.328122620827372	train	0.42	False
ecoli50_r009881	2104.68	3.323186074139078	train	0.38	True
ecoli50_r009882	2104.68	3.323186074139078	train	0.38	True
ecoli50_r009883	241.49	2.382899151506837	val	0.64	False
ecoli50_r009884	132.63	2.1226417696255364	val	0.46	False
ecoli50_r009885	84.19	1.9252605095194355	test	0.58	False
ecoli50_r009886	44.21	1.645520514905874	test	0.5	False
ecoli50_r009887	271.21	2.4333056987081227	val	0.5	False
ecoli50_r009888	24.05	1.381115080709851	train	0.58	False
ecoli50_r009889	19.04	1.2796669440484556	train	0.56	False
ecoli50_r009890	94.42	1.975063996095236	train	0.48	False
ecoli50_r009891	748.67	2.874290430836743	val	0.48	False
ecoli50_r009892	103.44	2.014688511872337	train	0.32	False
ecoli50_r009893	105.12	2.0216853522157057	train	0.38	False
ecoli50_r009894	70.74	1.8496650554787328	train	0.46	False
ecoli50_r009895	917.48	2.9625966059112567	test	0.36	False
ecoli50_r009896	115.17	2.061339366837067	test	0.4	False
ecoli50_r009897	78.17	1.8930401119571176	test	0.4	False
ecoli50_r009898	84.19	1.9252605095194355	val	0.48	False
ecoli50_r009899	70.74	1.8496650554787328	train	0.38	False
ecoli50_r009900	1256.8	3.099266172031917	train	0.42	False
ecoli50_r009901	44.21	1.645520514905874	train	0.56	False
ecoli50_r009902	82.44	1.9161379831071752	train	0.56	False
ecoli50_r009903	156.35	2.194097885578952	train	0.4	False
ecoli50_r009904	175.52	2.244326610230636	val	0.5	False
ecoli50_r009905	104.03	2.017158598487814	train	0.36	False
ecoli50_r009906	113.51	2.055034123674614	train	0.38	False
ecoli50_r009907	43.05	1.6339731557896735	val	0.48	False
ecoli50_r009908	339.63	2.5310060451143546	test	0.32	False
ecoli50_r009909	59.44	1.7740788007525188	val	0.38	False
ecoli50_r009910	189.97	2.278685022725684	train	0.54	False
ecoli50_r009911	134.19	2.1277201528923197	train	0.38	False
ecoli50_r009912	78.02	1.8922059459757723	train	0.56	False
ecoli50_r009913	1549.24	3.190118701556372	train	0.5	False
ecoli50_r009914	89.16	1.9501700598082	test	0.54	False
ecoli50_r009915	87.23	1.9406658724758288	train	0.4	False
ecoli50_r009916	247.58	2.393715558601472	train	0.32	False
ecoli50_r009917	5047.1	3.703041909651052	train	0.32	True
ecoli50_r009918	61.9	1.791690649020118	train	0.44	False
ecoli50_r009919	228.71	2.3592851538934703	train	0.46	False
ecoli50_r009920	60.39	1.780965029608317	val	0.56	False
ecoli50_r009921	16.84	1.2263420871636308	train	0.46	False
ecoli50_r009922	28.81	1.4595432582804129	val	0.52	True
ecoli50_r009923	162.36	2.210479042645248	train	0.5	False
ecoli50_r009924	85.48	1.931864513492032	train	0.38	False
ecoli50_r009925	66.15	1.82052984852352	train	0.42	False
ecoli50_r009926	47.16	1.6735737964230517	train	0.54	False
ecoli50_r009927	85.45	1.931712067056756	val	0.48	False
ecoli50_r009928	81.05	1.9087530191845337	test	0.46	False
ecoli50_r009929	186.41	2.270469206453198	train	0.46	False
ecoli50_r009930	53.68	1.7298125071609356	train	0.44	False
ecoli50_r009931	122.33	2.087532975734093	train	0.38	False
ecoli50_r009932	1650.56	3.2176313161218246	train	0.44	False
ecoli50_r009933	133.21	2.1245368283012773	train	0.6	False
ecoli50_r009934	217.34	2.337139662724561	train	0.52	False
ecoli50_r009935	4807.43	3.68191296928388	val	0.32	False
ecoli50_r009936	458.83	2.6616518059347904	train	0.48	False
ecoli50_r009937	193.19	2.285984642487249	train	0.36	False
ecoli50_r009938	52.74	1.7221401254574156	train	0.56	False
ecoli50_r009939	52.74	1.7221401254574156	val	0.5	False
ecoli50_r009940	239.6	2.3794868137172736	train	0.48	True
ecoli50_r009941	63.74	1.804412059137714	train	0.48	False
ecoli50_r009942	648.89	2.8121710813273726	train	0.54	False
ecoli50_r009943	322.35	2.508327674547125	val	0.38	False
ecoli50_r009944	332.41	2.521674080333172	train	0.32	False
ecoli50_r009945	53.19	1.7258299903205805	train	0.4	False
ecoli50_r009946	96.6	1.9849771264154932	test	0.48	False
ecoli50_r009947	1190.65	3.075784116304216	test	0.44	False
ecoli50_r009948	180.4	2.256236533205923	train	0.24	False
ecoli50_r009949	149.54	2.1747573763106605	train	0.3	False
ecoli50_r009950	167.37	2.223677616130032	train	0.24	False
ecoli50_r009951	322.72	2.5088258808686903	train	0.28	False
ecoli50_r009952	66.15	1.82052984852352	val	0.32	False
ecoli50_r009953	48.11	1.682235356902564	train	0.4	False
ecoli50_r009954	582.96	2.7656387565167364	test	0.16	False
ecoli50_r009955	63.74	1.804412059137714	train	0.18	False
ecoli50_r009956	105.23	2.022139570398392	train	0.44	False
ecoli50_r009957	89.74	1.9529860651970556	train	0.44	False
ecoli50_r009958	89.74	1.9529860651970556	train	0.48	False
ecoli50_r009959	60.42	1.7811807209372617	train	0.44	False
ecoli50_r009960	60.42	1.7811807209372617	train	0.42	False
ecoli50_r009961	75.65	1.8788089323592057	train	0.48	False
ecoli50_r009962	222.5	2.3473300153169503	train	0.46	False
ecoli50_r009963	215.64	2.3337293231565988	train	0.52	False
ecoli50_r009964	541.2	2.733357787925585	train	0.48	False
ecoli50_r009965	82.44	1.9161379831071752	train	0.42	False
ecoli50_r009966	58.95	1.770483809431108	val	0.6	False
ecoli50_r009967	72.21	1.8585973449946924	test	0.56	False
ecoli50_r009968	360.37	2.5567486297633164	train	0.52	False
ecoli50_r009969	207.3	2.3165993020938607	test	0.42	False
ecoli50_r009970	207.79	2.3176246430800584	train	0.24	False
ecoli50_r009971	2028.5	3.307175012040345	train	0.5	True
ecoli50_r009972	309.04	2.490014695136764	test	0.4	False
ecoli50_r009973	98.57	1.9937447565544624	train	0.5	False
ecoli50_r009974	98.57	1.9937447565544624	train	0.52	False
ecoli50_r009975	1324.37	3.1220093344312674	val	0.5	False
ecoli50_r009976	146.27	2.1651552613920657	val	0.46	True
ecoli50_r009977	96.21	1.9832202146481028	train	0.5	False
ecoli50_r009978	47.87	1.6800634274819486	train	0.48	False
ecoli50_r009979	49.91	1.6981875698661224	test	0.44	False
ecoli50_r009980	1119.26	3.048930983265818	train	0.42	True
ecoli50_r009981	1119.26	3.048930983265818	train	0.42	True
ecoli50_r009982	318.71	2.5033956903224466	train	0.48	True
ecoli50_r009983	233.52	2.368324081979958	train	0.38	False
ecoli50_r009984	72.21	1.8585973449946924	train	0.56	False
ecoli50_r009985	72.21	1.8585973449946924	train	0.54	False
ecoli50_r009986	257.96	2.4115523682653044	train	0.38	False
ecoli50_r009987	23072.75	4.363099360392293	train	0.48	False
ecoli50_r009988	40.56	1.6080979463252796	train	0.5	False
ecoli50_r009989	181.41	2.2586612233256043	train	0.42	False
ecoli50_r009990	13.03	1.1149444157125847	test	0.52	False
ecoli50_r009991	284.1	2.453471233722936	test	0.46	False
ecoli50_r009992	219.28	2.340999022531442	train	0.56	False
ecoli50_r009993	30.58	1.4854374810763014	train	0.6	False
ecoli50_r009994	226.36	2.3547996852632904	train	0.52	False
ecoli50_r009995	897.81	2.953184438357495	train	0.42	True
ecoli50_r009996	4757.15	3.67734684558539	train	0.54	False
ecoli50_r009997	258.58	2.41259493111848	train	0.54	False
ecoli50_r009998	167.74	2.2246366386814405	train	0.4	False
ecoli50_r009999	53.19	1.7258299903205805	train	0.44	False
ecoli50_r010000	100.98	2.004235366359468	test	0.5	False
ecoli50_r010001	112.0	2.049218022670181	train	0.46	False
ecoli50_r010002	507.53	2.705461718406696	train	0.46	False
ecoli50_r010003	180.4	2.256236533205923	test	0.46	False
ecoli50_r010004	96.21	1.9832202146481028	train	0.42	False
ecoli50_r010005	107.23	2.0303163059885856	train	0.48	False
ecoli50_r010006	58.61	1.7679717213816188	val	0.52	False
ecoli50_r010007	41.26	1.6155292236371328	train	0.46	False
ecoli50_r010008	90.58	1.9570323163469383	test	0.48	False
ecoli50_r010009	83.13	1.9197577805018944	train	0.38	False
ecoli50_r010010	8930.68	3.950884528205934	train	0.4	False
ecoli50_r010011	78097.8	4.892638800057615	train	0.4	False
ecoli50_r010012	28879.02	4.460582451507933	train	0.66	False
ecoli50_r010013	2613.51	3.417224166165742	train	0.34	False
ecoli50_r010014	149.19	2.1737397139518877	train	0.5	False
ecoli50_r010015	138.53	2.141543834220653	train	0.48	False
ecoli50_r010016	159.16	2.2018339304743506	train	0.4	False
ecoli50_r010017	633.18	2.801527188523206	test	0.28	False
ecoli50_r010018	617.19	2.790418880806532	train	0.46	False
ecoli50_r010019	1283.59	3.108426325000487	train	0.24	False
ecoli50_r010020	57.59	1.7603470785299065	train	0.38	False
ecoli50_r010021	60.95	1.7849737099544007	val	0.44	True
ecoli50_r010022	105.68	2.023992804606471	train	0.44	False
ecoli50_r010023	18.62	1.2699796766453235	train	0.46	False
ecoli50_r010024	87.23	1.9406658724758288	train	0.46	False
ecoli50_r010025	31.87	1.5033820634737327	train	0.46	False
ecoli50_r010026	186.41	2.270469206453198	test	0.46	False
ecoli50_r010027	69.33	1.840921200198772	train	0.4	False
ecoli50_r010028	64.84	1.8118430061764772	train	0.5	False
ecoli50_r010029	613.64	2.7879136612621043	train	0.46	False
ecoli50_r010030	67.15	1.8270460170047345	train	0.14	True
ecoli50_r010031	48.11	1.682235356902564	val	0.36	True
ecoli50_r010032	38715.02	4.587879487954126	train	0.32	False
ecoli50_r010033	330.11	2.5186586805830777	train	0.62	False
ecoli50_r010034	71.8	1.8561244442423004	train	0.52	False
ecoli50_r010035	96.21	1.9832202146481028	train	0.42	False
ecoli50_r010036	180.4	2.256236533205923	train	0.52	False
ecoli50_r010037	50.32	1.7017406324372124	test	0.4	False
ecoli50_r010038	104.03	2.017158598487814	train	0.46	False
ecoli50_r010039	27.24	1.4352071032407476	train	0.56	False
ecoli50_r010040	96.18	1.9830847727377885	train	0.5	False
ecoli50_r010041	273.92	2.4376237429970598	train	0.52	False
ecoli50_r010042	85.48	1.931864513492032	train	0.42	False
ecoli50_r010043	244.64	2.388527468068245	val	0.64	False
ecoli50_r010044	87.76	1.9432966145666548	train	0.5	False
ecoli50_r010045	24.05	1.381115080709851	val	0.6	False
ecoli50_r010046	3477.96	3.5413245828768223	val	0.28	True
ecoli50_r010047	205.14	2.3120503511802384	train	0.28	True
ecoli50_r010048	84.0	1.9242792860618816	val	0.52	False
ecoli50_r010049	76.63	1.8843988255566864	train	0.42	True
ecoli50_r010050	114.95	2.060508975605298	test	0.42	False
ecoli50_r010051	26.53	1.423737249982329	test	0.48	False
ecoli50_r010052	159.16	2.2018339304743506	train	0.46	False
ecoli50_r010053	97976.84	4.991123428254689	train	0.32	False
ecoli50_r010054	84.19	1.9252605095194355	train	0.32	False
ecoli50_r010055	167.74	2.2246366386814405	train	0.44	False
ecoli50_r010056	197.94	2.2965335659289874	train	0.38	False
ecoli50_r010057	104.03	2.017158598487814	val	0.48	False
ecoli50_r010058	61.17	1.7865384804978024	val	0.7	False
ecoli50_r010059	99.26	1.9967742708613043	train	0.52	False
ecoli50_r010060	23.58	1.3725438007590702	train	0.48	False
ecoli50_r010061	138.29	2.1407907766253023	train	0.46	False
ecoli50_r010062	241.69	2.383258681708176	train	0.5	False
ecoli50_r010063	107.36	2.030842502824917	train	0.46	False
ecoli50_r010064	185.69	2.268788516223584	train	0.52	False
ecoli50_r010065	79.92	1.9026554752179257	test	0.5	False
ecoli50_r010066	46.44	1.6668922110665363	test	0.44	False
ecoli50_r010067	1107.74	3.044437838176074	train	0.36	False
ecoli50_r010068	464.65	2.667125941485989	train	0.4	False
ecoli50_r010069	93.21	1.9694625079746368	train	0.46	False
ecoli50_r010070	81.18	1.9094490469812664	train	0.4	False
ecoli50_r010071	151.34	2.1799537296315483	test	0.48	False
ecoli50_r010072	58.51	1.7672300981107183	train	0.5	False
ecoli50_r010073	288.14	2.459603551836237	train	0.56	False
ecoli50_r010074	288.14	2.459603551836237	train	0.56	False
ecoli50_r010075	188.64	2.2756337877510138	train	0.44	False
ecoli50_r010076	3746.34	3.5736071893294428	val	0.36	True
ecoli50_r010077	265.03	2.4232950365671155	val	0.44	False
ecoli50_r010078	7438.56	3.871488870413784	train	0.54	False
ecoli50_r010079	182.04	2.260166826834355	train	0.3	False
ecoli50_r010080	244.54	2.388349907870382	train	0.42	False
ecoli50_r010081	1266.82	3.1027149112053	train	0.42	True
ecoli50_r010082	35.91	1.5552154051260731	train	0.48	False
ecoli50_r010083	3547.9	3.549971370443728	train	0.44	False
ecoli50_r010084	132.97	2.123753668755841	train	0.44	False
ecoli50_r010085	91.37	1.9608036249117695	train	0.5	False
ecoli50_r010086	112.0	2.049218022670181	train	0.52	False
ecoli50_r010087	229.33	2.360460871050178	train	0.5	False
ecoli50_r010088	100.65	2.0028137792246734	train	0.46	False
ecoli50_r010089	61.17	1.7865384804978024	test	0.32	False
ecoli50_r010090	115.17	2.061339366837067	train	0.48	False
ecoli50_r010091	85.25	1.9306943876645355	train	0.58	False
ecoli50_r010092	250.53	2.398859738404261	test	0.56	False
ecoli50_r010093	252.0	2.401400540781544	train	0.5	False
ecoli50_r010094	265.03	2.4232950365671155	test	0.62	False
ecoli50_r010095	53.87	1.731346975545955	train	0.46	False
ecoli50_r010096	158.7	2.2005769267548483	test	0.46	False
ecoli50_r010097	153.27	2.185457157401926	train	0.42	False
ecoli50_r010098	55.73	1.7460890430562002	train	0.5	False
ecoli50_r010099	58.19	1.7648483571934108	train	0.44	False
ecoli50_r010100	186.41	2.270469206453198	train	0.54	False
ecoli50_r010101	111.89	2.0487912738484098	train	0.46	False
ecoli50_r010102	61.3	1.787460474518415	train	0.5	False
ecoli50_r010103	114.95	2.060508975605298	test	0.4	False
ecoli50_r010104	327.16	2.5147601995188227	train	0.5	False
ecoli50_r010105	176.84	2.2475805062338363	test	0.48	False
ecoli50_r010106	159.75	2.2034408668304377	train	0.54	False
ecoli50_r010107	162.22	2.2101043970648857	train	0.44	False
ecoli50_r010108	33.55	1.5256925245050108	val	0.46	False
ecoli50_r010109	51.28	1.709948016510761	train	0.5	False
ecoli50_r010110	1122.26	3.050093483911489	test	0.4	False
ecoli50_r010111	62.14	1.7933712489189555	test	0.3	False
ecoli50_r010112	33.24	1.5216610151120733	train	0.5	False
ecoli50_r010113	42.55	1.6288995644206066	train	0.5	False
ecoli50_r010114	6596.34	3.819303032709034	train	0.38	True
ecoli50_r010115	53278.22	4.726549706832455	train	0.5	True
ecoli50_r010116	36580.74	4.563252486669812	train	0.52	False
ecoli50_r010117	30880.79	4.489688402034558	train	0.44	False
ecoli50_r010118	398.83	2.600787818507297	train	0.56	False
ecoli50_r010119	108.24	2.0343877835895667	train	0.5	False
ecoli50_r010120	60.13	1.7790912038454991	test	0.48	False
ecoli50_r010121	206.32	2.314541329129881	train	0.44	False
ecoli50_r010122	1021.68	3.0093148918887422	train	0.48	False
ecoli50_r010123	55.73	1.7460890430562002	val	0.32	False
ecoli50_r010124	204.46	2.310608356458524	train	0.26	False
ecoli50_r010125	36.9	1.5670263661590604	train	0.34	False
ecoli50_r010126	35602.78	4.551483910656068	test	0.38	True
ecoli50_r010127	1701.18	3.2307502682691807	train	0.52	False
ecoli50_r010128	1652.27	3.218081017517543	train	0.64	False
ecoli50_r010129	336.01	2.526352202628514	val	0.44	False
ecoli50_r010130	351.04	2.545356605894617	val	0.5	False
ecoli50_r010131	42.55	1.6288995644206066	val	0.4	False
ecoli50_r010132	66.15	1.82052984852352	train	0.6	False
ecoli50_r010133	1246.33	3.0956330489072434	train	0.5	False
ecoli50_r010134	198.74	2.2982852854840843	train	0.52	False
ecoli50_r010135	250.43	2.398686353508193	train	0.46	False
ecoli50_r010136	822.92	2.915357617414832	train	0.42	False
ecoli50_r010137	998.22	2.9992262669953647	train	0.42	False
ecoli50_r010138	329.46	2.5178026940930205	train	0.36	False
ecoli50_r010139	7349.93	3.866283202926576	train	0.4	False
ecoli50_r010140	236.75	2.374289987675311	train	0.5	False
ecoli50_r010141	53.28	1.7265642161622448	train	0.54	False
ecoli50_r010142	30.07	1.4781334281005176	train	0.56	False
ecoli50_r010143	79.58	1.9008039348103696	val	0.52	False
ecoli50_r010144	44.58	1.6491400641442189	train	0.44	False
ecoli50_r010145	104.03	2.017158598487814	train	0.38	False
ecoli50_r010146	35.37	1.5486350598147516	train	0.56	False
ecoli50_r010147	565.91	2.752747368270807	val	0.48	False
ecoli50_r010148	48.3	1.683947130751512	val	0.44	False
ecoli50_r010149	172.05	2.235654676956949	train	0.4	False
ecoli50_r010150	270.41	2.4320227481590773	train	0.6	True
ecoli50_r010151	54.12	1.7333577879255853	train	0.4	False
ecoli50_r010152	183.9	2.2645817292380777	train	0.44	False
ecoli50_r010153	456.26	2.6592123961433822	train	0.44	False
ecoli50_r010154	84.19	1.9252605095194355	val	0.44	False
ecoli50_r010155	70.74	1.8496650554787328	train	0.56	False
ecoli50_r010156	34.57	1.5386993795424069	train	0.48	False
ecoli50_r010157	103.16	2.0135113334659	train	0.56	False
ecoli50_r010158	2261.03	3.3543063247283857	train	0.46	False
ecoli50_r010159	285.16	2.455088606040952	train	0.54	False
ecoli50_r010160	95.91	1.9818638909913504	train	0.56	False
ecoli50_r010161	55.85	1.7470231774516278	test	0.54	False
ecoli50_r010162	1298.33	3.1133850922824013	train	0.44	False
ecoli50_r010163	932.07	2.9694485298133557	train	0.52	False
ecoli50_r010164	90.07	1.9545801627437571	test	0.44	False
ecoli50_r010165	151.58	2.1806419027298323	test	0.56	False
ecoli50_r010166	57.03	1.7561033715851055	test	0.46	False
ecoli50_r010167	57.03	1.7561033715851055	train	0.54	False
ecoli50_r010168	63.83	1.8050248444298047	train	0.44	False
ecoli50_r010169	1430.98	3.1556335639132795	train	0.42	False
ecoli50_r010170	72.13	1.858115932190066	train	0.3	False
ecoli50_r010171	138.31	2.1408535813227223	train	0.32	False
ecoli50_r010172	77.16	1.8873922189718468	val	0.46	False
ecoli50_r010173	351.72	2.5461970644860603	train	0.44	False
ecoli50_r010174	377.46	2.57687093556865	train	0.48	False
ecoli50_r010175	20.39	1.30941722577814	train	0.46	False
ecoli50_r010176	416.48	2.619594150765161	train	0.32	False
ecoli50_r010177	421.19	2.6244780515059127	val	0.32	False
ecoli50_r010178	201.45	2.3041672717243964	train	0.42	False
ecoli50_r010179	105.57	2.023540521554854	train	0.46	False
ecoli50_r010180	403.8	2.6061663146076204	train	0.52	False
ecoli50_r010181	29.72	1.4730488050885375	train	0.5	False
ecoli50_r010182	58.95	1.770483809431108	train	0.4	False
ecoli50_r010183	28.6	1.4563660331290431	val	0.44	False
ecoli50_r010184	69.76	1.8436064719245109	train	0.48	False
ecoli50_r010185	27.2	1.434568904034199	train	0.44	False
ecoli50_r010186	639.42	2.8057862161611875	train	0.5	False
ecoli50_r010187	1461.25	3.1647245241698965	train	0.5	False
ecoli50_r010188	74.3	1.8709888137605752	test	0.48	False
ecoli50_r010189	120.84	2.0822107166012427	train	0.46	False
ecoli50_r010190	114.35	2.0582361689427677	train	0.44	False
ecoli50_r010191	74.3	1.8709888137605752	train	0.44	False
ecoli50_r010192	1138.71	3.056413134583131	val	0.46	False
ecoli50_r010193	194.13	2.28809265454187	test	0.46	False
ecoli50_r010194	79.58	1.9008039348103696	val	0.44	False
ecoli50_r010195	41.66	1.619719265611727	train	0.46	False
ecoli50_r010196	1488.87	3.172856779184419	train	0.46	False
ecoli50_r010197	1483.29	3.1712260688214187	train	0.44	False
ecoli50_r010198	22.05	1.3434085938038574	test	0.42	False
ecoli50_r010199	162.36	2.210479042645248	train	0.58	False
ecoli50_r010200	49.76	1.6968803716827623	train	0.52	False
ecoli50_r010201	43.47	1.638189640190837	train	0.44	False
ecoli50_r010202	78.33	1.893928126542607	val	0.46	False
ecoli50_r010203	181.16	2.25806231201092	train	0.4	False
ecoli50_r010204	103.72	2.015862508097314	val	0.48	False
ecoli50_r010205	87.76	1.9432966145666548	train	0.56	False
ecoli50_r010206	261.95	2.418218402783965	train	0.52	False
ecoli50_r010207	67.79	1.8311656339094424	val	0.58	False
ecoli50_r010208	53.19	1.7258299903205805	test	0.58	False
ecoli50_r010209	47.87	1.6800634274819486	train	0.52	False
ecoli50_r010210	208.0	2.318063334962761	test	0.4	False
ecoli50_r010211	55.95	1.747800090864369	train	0.36	False
ecoli50_r010212	85.1	1.929929560084588	train	0.26	False
ecoli50_r010213	31.91	1.5039268041935103	train	0.48	False
ecoli50_r010214	38.32	1.5834255004065068	train	0.54	False
ecoli50_r010215	960.38	2.98244310725746	val	0.54	False
ecoli50_r010216	626.07	2.796622893776157	train	0.6	False
ecoli50_r010217	293.05	2.466941725717638	train	0.56	False
ecoli50_r010218	73.59	1.866818802926048	val	0.46	False
ecoli50_r010219	55.72	1.7460111077519258	train	0.48	False
ecoli50_r010220	55.72	1.7460111077519258	train	0.36	False
ecoli50_r010221	153.19	2.185230416167563	train	0.4	False
ecoli50_r010222	55.72	1.7460111077519258	train	0.36	False
ecoli50_r010223	147.99	2.170232370181804	train	0.42	False
ecoli50_r010224	1262.81	3.101338012345634	train	0.38	False
ecoli50_r010225	63.94	1.805772631935669	val	0.56	False
ecoli50_r010226	50.62	1.704322140822235	train	0.52	False
ecoli50_r010227	34.31	1.5354207180561734	train	0.54	False
ecoli50_r010228	85.79	1.9334366678262804	train	0.46	False
ecoli50_r010229	594.37	2.7740568808950865	test	0.48	False
ecoli50_r010230	561.94	2.749689947134912	train	0.42	False
ecoli50_r010231	41.26	1.6155292236371328	train	0.54	False
ecoli50_r010232	110.71	2.0441868507673635	train	0.54	False
ecoli50_r010233	117.42	2.0697420760416447	val	0.44	False
ecoli50_r010234	383.64	2.5839238823193127	train	0.5	False
ecoli50_r010235	72.5	1.8603380065709936	train	0.54	False
ecoli50_r010236	111.52	2.047352760753934	train	0.46	False
ecoli50_r010237	81.05	1.9087530191845337	test	0.5	False
ecoli50_r010238	33.55	1.5256925245050108	test	0.52	False
ecoli50_r010239	542.51	2.7344077478750237	val	0.38	False
ecoli50_r010240	226.63	2.3553173987845595	train	0.52	False
ecoli50_r010241	36.08	1.557266528869904	train	0.42	False
ecoli50_r010242	122.6	2.0884904701823963	train	0.5	False
ecoli50_r010243	142.58	2.1540586103769708	val	0.48	False
ecoli50_r010244	229.89	2.3615200802763487	test	0.46	False
ecoli50_r010245	231.78	2.365075958528464	train	0.42	False
ecoli50_r010246	132.95	2.123688341667586	train	0.46	False
ecoli50_r010247	145.47	2.162773438835187	test	0.5	False
ecoli50_r010248	380.32	2.580149164384105	train	0.44	False
ecoli50_r010249	5267.72	3.721622682446409	train	0.52	False
ecoli50_r010250	70.17	1.8461514765288156	train	0.5	False
ecoli50_r010251	234.03	2.3692715326210263	train	0.5	False
ecoli50_r010252	70.45	1.8478809974453752	train	0.58	False
ecoli50_r010253	109.05	2.037625669914719	test	0.44	False
ecoli50_r010254	73.69	1.8674085565227911	train	0.46	False
ecoli50_r010255	140.06	2.146314122011973	train	0.48	False
ecoli50_r010256	47.31	1.6749529480485654	test	0.54	False
ecoli50_r010257	31.27	1.4951278812429332	val	0.46	False
ecoli50_r010258	31.27	1.4951278812429332	train	0.46	False
ecoli50_r010259	123.27	2.090857395981533	train	0.4	False
ecoli50_r010260	61.98	1.792251571903264	train	0.42	False
ecoli50_r010261	1089.07	3.037055794941002	test	0.5	False
ecoli50_r010262	1089.07	3.037055794941002	train	0.48	False
ecoli50_r010263	144.89	2.161038412422962	val	0.5	False
ecoli50_r010264	154.32	2.188422214635828	train	0.58	False
ecoli50_r010265	586.11	2.76797913122255	val	0.54	False
ecoli50_r010266	636.73	2.803955312448294	train	0.42	False
ecoli50_r010267	1534.54	3.1859782134279024	test	0.5	False
ecoli50_r010268	214.03	2.3304746514861368	train	0.54	False
ecoli50_r010269	932.31	2.9695603425084416	val	0.56	False
ecoli50_r010270	65.04	1.813180532586012	train	0.44	False
ecoli50_r010271	299.16	2.4759035245513985	train	0.28	False
ecoli50_r010272	299.16	2.4759035245513985	train	0.24	False
ecoli50_r010273	2248.53	3.3518986863213684	val	0.54	False
ecoli50_r010274	111.89	2.0487912738484098	val	0.42	False
ecoli50_r010275	50.11	1.6999244027424767	train	0.56	False
ecoli50_r010276	88.42	1.9465505105698555	val	0.5	False
ecoli50_r010277	222.82	2.3479541698940163	train	0.66	False
ecoli50_r010278	137.94	2.1396902216529226	train	0.62	False
ecoli50_r010279	1961.63	3.292617094730057	test	0.46	False
ecoli50_r010280	93.24	1.9696022648485392	train	0.4	False
ecoli50_r010281	156.35	2.194097885578952	train	0.4	False
ecoli50_r010282	229.12	2.3600630006277616	train	0.42	False
ecoli50_r010283	67.79	1.8311656339094424	test	0.58	False
ecoli50_r010284	239.01	2.37841607188523	train	0.44	False
ecoli50_r010285	239.01	2.37841607188523	train	0.42	False
ecoli50_r010286	202.11	2.3055878020723406	test	0.46	False
ecoli50_r010287	69.14	1.839729375206388	val	0.46	False
ecoli50_r010288	54.12	1.7333577879255853	val	0.32	True
ecoli50_r010289	11039.35	4.042943502766027	test	0.4	False
ecoli50_r010290	51683.85	4.713354857376303	train	0.36	False
ecoli50_r010291	14500.61	4.161386272170263	train	0.44	False
ecoli50_r010292	520.57	2.7164791364780383	test	0.46	False
ecoli50_r010293	34.57	1.5386993795424069	val	0.4	False
ecoli50_r010294	52.01	1.7160868537748322	test	0.44	False
ecoli50_r010295	96.21	1.9832202146481028	test	0.38	False
ecoli50_r010296	185.76	2.2689522023944986	val	0.48	False
ecoli50_r010297	995.33	2.997967094231269	train	0.42	False
ecoli50_r010298	600.01	2.778158488564691	train	0.46	False
ecoli50_r010299	87.23	1.9406658724758288	test	0.48	False
ecoli50_r010300	220.73	2.3438613632886387	train	0.48	False
ecoli50_r010301	63.74	1.804412059137714	train	0.48	False
ecoli50_r010302	1331.9	3.1244716189194874	test	0.46	False
ecoli50_r010303	72.16	1.8582965245338852	train	0.3	False
ecoli50_r010304	356.99	2.552656050830272	train	0.5	False
ecoli50_r010305	645.49	2.8098895185180712	val	0.48	False
ecoli50_r010306	144.32	2.159326520197866	train	0.34	False
ecoli50_r010307	144.32	2.159326520197866	train	0.38	False
ecoli50_r010308	206.19	2.3142675986287222	train	0.38	False
ecoli50_r010309	206.19	2.3142675986287222	train	0.42	False
ecoli50_r010310	336.75	2.5273076043950238	train	0.44	False
ecoli50_r010311	469.04	2.671209881176741	train	0.44	False
ecoli50_r010312	39.89	1.6008640363098396	test	0.48	False
ecoli50_r010313	96.6	1.9849771264154932	train	0.52	False
ecoli50_r010314	1037.49	3.015983919393047	train	0.52	False
ecoli50_r010315	109.05	2.037625669914719	train	0.44	False
ecoli50_r010316	64.34	1.808481056565951	test	0.52	False
ecoli50_r010317	44.58	1.6491400641442189	train	0.38	False
ecoli50_r010318	5731.96	3.7583031510484246	val	0.32	False
ecoli50_r010319	358.97	2.5550581550438687	train	0.48	False
ecoli50_r010320	55.73	1.7460890430562002	train	0.42	False
ecoli50_r010321	48485.92	4.685615640580032	train	0.44	True
ecoli50_r010322	120.84	2.0822107166012427	test	0.4	False
ecoli50_r010323	1604.97	3.205466919011157	val	0.52	False
ecoli50_r010324	48.11	1.682235356902564	train	0.54	False
ecoli50_r010325	1712.71	3.233683833448971	test	0.42	True
ecoli50_r010326	72.21	1.8585973449946924	train	0.52	False
ecoli50_r010327	58.95	1.770483809431108	train	0.5	False
ecoli50_r010328	116.72	2.0671452788853952	train	0.54	False
ecoli50_r010329	232.95	2.36726271478424	test	0.46	False
ecoli50_r010330	805.79	2.9062218734125387	train	0.4	False
ecoli50_r010331	47.87	1.6800634274819486	test	0.48	False
ecoli50_r010332	130.84	2.116740535452944	val	0.46	False
ecoli50_r010333	294.74	2.469439079183607	val	0.5	False
ecoli50_r010334	291.2	2.464191370641	train	0.4	False
ecoli50_r010335	117.22	2.0690017170456	train	0.38	False
ecoli50_r010336	149.19	2.1737397139518877	test	0.44	False
ecoli50_r010337	23562.68	4.372224685224484	train	0.54	False
ecoli50_r010338	40.26	1.6048737705526357	train	0.38	False
ecoli50_r010339	105.05	2.0213960567419718	val	0.48	False
ecoli50_r010340	100.8	2.0034605321095063	train	0.34	True
ecoli50_r010341	1867.51	3.2712629360206043	train	0.44	False
ecoli50_r010342	1699.78	3.230392714926002	train	0.4	False
ecoli50_r010343	250.78	2.3992928980439108	test	0.44	False
ecoli50_r010344	200.62	2.3023742260755826	train	0.4	True
ecoli50_r010345	699.42	2.844738046854338	train	0.48	False
ecoli50_r010346	122.33	2.087532975734093	val	0.56	False
ecoli50_r010347	85.1	1.929929560084588	test	0.5	False
ecoli50_r010348	246.11	2.391129260417902	train	0.54	False
ecoli50_r010349	246.11	2.391129260417902	val	0.48	False
ecoli50_r010350	74.3	1.8709888137605752	val	0.42	False
ecoli50_r010351	74.46	1.8719230318823732	train	0.48	False
ecoli50_r010352	143.86	2.1579400559647675	train	0.42	False
ecoli50_r010353	87.23	1.9406658724758288	train	0.5	False
ecoli50_r010354	104.03	2.017158598487814	val	0.36	False
ecoli50_r010355	90.58	1.9570323163469383	test	0.38	False
ecoli50_r010356	87.23	1.9406658724758288	val	0.52	False
ecoli50_r010357	185.76	2.2689522023944986	val	0.36	False
ecoli50_r010358	63.74	1.804412059137714	val	0.42	False
ecoli50_r010359	53.05	1.7246853882373594	train	0.42	False
ecoli50_r010360	48.11	1.682235356902564	train	0.5	False
ecoli50_r010361	742.54	2.8707198536947938	val	0.58	False
ecoli50_r010362	61.17	1.7865384804978024	train	0.52	False
ecoli50_r010363	35.23	1.5469126431812426	train	0.56	False
ecoli50_r010364	83.87	1.9236066430174592	train	0.34	False
ecoli50_r010365	108.24	2.0343877835895667	train	0.36	False
ecoli50_r010366	165.57	2.218981648784926	val	0.6	False
ecoli50_r010367	913.94	2.960917685313442	train	0.6	False
ecoli50_r010368	61.17	1.7865384804978024	train	0.46	False
ecoli50_r010369	66.48	1.8226910107760543	test	0.48	False
ecoli50_r010370	36.9	1.5670263661590604	train	0.34	False
ecoli50_r010371	64.84	1.8118430061764772	train	0.3	False
ecoli50_r010372	644.13	2.808973526653267	train	0.52	False
ecoli50_r010373	60.05	1.7785130117389247	val	0.32	True
ecoli50_r010374	69.14	1.839729375206388	train	0.5	False
ecoli50_r010375	455.25	2.6582499544669576	train	0.36	False
ecoli50_r010376	180.4	2.256236533205923	train	0.48	False
ecoli50_r010377	506.14	2.704270660748457	train	0.6	False
ecoli50_r010378	2047.08	3.311134815246606	train	0.44	True
ecoli50_r010379	38.81	1.588943642740015	train	0.46	False
ecoli50_r010380	212.75	2.327869568756625	train	0.42	False
ecoli50_r010381	765.02	2.8836727891093026	train	0.42	False
ecoli50_r010382	384.13	2.5844782262635286	train	0.62	False
ecoli50_r010383	372.98	2.571685544616966	train	0.52	False
ecoli50_r010384	85.45	1.931712067056756	train	0.44	False
ecoli50_r010385	146.53	2.1659265496090963	train	0.5	False
ecoli50_r010386	235.91	2.3727463506048454	train	0.5	False
ecoli50_r010387	91.77	1.962700731704341	val	0.18	False
ecoli50_r010388	661.47	2.8205101521820164	train	0.38	False
ecoli50_r010389	661.47	2.8205101521820164	train	0.34	False
ecoli50_r010390	236.48	2.373794416714732	train	0.4	False
ecoli50_r010391	33.44	1.5242662687669788	train	0.38	False
ecoli50_r010392	87.76	1.9432966145666548	train	0.46	False
ecoli50_r010393	88.63	1.9475807493043225	train	0.44	False
ecoli50_r010394	172.86	2.2376945086640565	train	0.54	False
ecoli50_r010395	3834.6	3.5837200679321994	test	0.46	False
ecoli50_r010396	563.91	2.7512097961423723	train	0.42	False
ecoli50_r010397	50.11	1.6999244027424767	train	0.58	False
ecoli50_r010398	60.13	1.7790912038454991	train	0.52	False
ecoli50_r010399	66.87	1.8252313231999	train	0.58	False
ecoli50_r010400	156.56	2.1946808126499446	train	0.52	False
ecoli50_r010401	3077.04	3.4881331418978854	train	0.34	False
ecoli50_r010402	2294.76	3.360737271081992	train	0.34	False
ecoli50_r010403	204.46	2.310608356458524	train	0.58	False
ecoli50_r010404	66.87	1.8252313231999	train	0.56	False
ecoli50_r010405	122.6	2.0884904701823963	val	0.44	False
ecoli50_r010406	196.79	2.294003025725598	train	0.36	False
ecoli50_r010407	289.79	2.462083394869625	val	0.44	False
ecoli50_r010408	434.68	2.638169658388542	train	0.54	False
ecoli50_r010409	23.58	1.3725438007590702	train	0.48	False
ecoli50_r010410	186.41	2.270469206453198	train	0.34	False
ecoli50_r010411	90.2	1.9552065375419416	train	0.52	False
ecoli50_r010412	83.77	1.9230885154423996	train	0.46	False
ecoli50_r010413	39.89	1.6008640363098396	train	0.48	False
ecoli50_r010414	58.95	1.770483809431108	val	0.52	False
ecoli50_r010415	50.53	1.7035492982382303	train	0.46	False
ecoli50_r010416	419.36	2.622587003602525	train	0.48	False
ecoli50_r010417	69.26	1.840482487213442	train	0.5	False
ecoli50_r010418	75.16	1.875986771428488	train	0.6	False
ecoli50_r010419	85.45	1.931712067056756	train	0.5	False
ecoli50_r010420	44.58	1.6491400641442189	train	0.68	False
ecoli50_r010421	150.97	2.178890655048907	train	0.3	False
ecoli50_r010422	619.38	2.791957177724236	val	0.22	False
ecoli50_r010423	100.31	2.0013442304116014	train	0.48	False
ecoli50_r010424	218.11	2.3386755777532025	train	0.5	False
ecoli50_r010425	78.54	1.8950908969343996	train	0.4	False
ecoli50_r010426	55.85	1.7470231774516278	train	0.58	False
ecoli50_r010427	53.05	1.7246853882373594	train	0.56	False
ecoli50_r010428	100.21	2.000911062131223	train	0.4	False
ecoli50_r010429	321.85	2.507653513464988	train	0.34	False
ecoli50_r010430	352.94	2.547700881354684	test	0.4	False
ecoli50_r010431	294.74	2.469439079183607	train	0.36	False
ecoli50_r010432	110.71	2.0441868507673635	train	0.44	False
ecoli50_r010433	23.58	1.3725438007590702	train	0.56	False
ecoli50_r010434	84.19	1.9252605095194355	test	0.56	False
ecoli50_r010435	159.85	2.2037126406077068	test	0.54	False
ecoli50_r010436	71.8	1.8561244442423004	train	0.48	False
ecoli50_r010437	41.07	1.6135247028536523	train	0.54	False
ecoli50_r010438	139.62	2.1449476336703737	val	0.38	False
ecoli50_r010439	360.3	2.5566642621225686	train	0.42	False
ecoli50_r010440	85.48	1.931864513492032	train	0.48	False
ecoli50_r010441	181.16	2.25806231201092	train	0.48	False
ecoli50_r010442	309.04	2.490014695136764	train	0.5	False
ecoli50_r010443	37.15	1.569958818096594	train	0.54	False
ecoli50_r010444	80.52	1.905903766216617	test	0.44	False
ecoli50_r010445	102.94	2.01258416391415	train	0.52	False
ecoli50_r010446	523.16	2.718634531104879	train	0.44	False
ecoli50_r010447	15993.94	4.203955462462925	train	0.46	False
ecoli50_r010448	1962.99	3.292918087192527	train	0.48	False
ecoli50_r010449	41.26	1.6155292236371328	train	0.48	False
ecoli50_r010450	419.31	2.622535219887546	train	0.46	True
ecoli50_r010451	310.22	2.4916697935086654	test	0.5	False
ecoli50_r010452	310.22	2.4916697935086654	val	0.46	False
ecoli50_r010453	965.95	2.984954646823268	train	0.62	False
ecoli50_r010454	372.31	2.570904701237178	train	0.42	False
ecoli50_r010455	952.95	2.979070114390943	val	0.54	False
ecoli50_r010456	187.87	2.273857435371118	val	0.48	False
ecoli50_r010457	85.45	1.931712067056756	train	0.54	False
ecoli50_r010458	4846.79	3.6854542031729447	train	0.36	False
ecoli50_r010459	18.58	1.2690457096576229	train	0.42	False
ecoli50_r010460	85.48	1.931864513492032	train	0.5	False
ecoli50_r010461	338.08	2.529019479708238	train	0.46	False
ecoli50_r010462	936.1	2.971322245242813	test	0.56	False
ecoli50_r010463	433.27	2.636758619139358	test	0.5	False
ecoli50_r010464	674.33	2.828872481261447	train	0.48	False
ecoli50_r010465	216.48	2.3354177792535475	train	0.46	False
ecoli50_r010466	69.27	1.8405451876368388	train	0.46	False
ecoli50_r010467	164.3	2.215637563435062	train	0.54	False
ecoli50_r010468	1214.7	3.084469031488076	train	0.42	False
ecoli50_r010469	4792.67	3.680577526610612	test	0.38	False
ecoli50_r010470	80.18	1.904066051914503	val	0.3	False
ecoli50_r010471	842.07	2.9253481952408844	train	0.36	False
ecoli50_r010472	85.25	1.9306943876645355	train	0.5	False
ecoli50_r010473	553.23	2.7429057225601823	train	0.4	False
ecoli50_r010474	733.91	2.865642805284083	train	0.46	False
ecoli50_r010475	216.48	2.3354177792535475	train	0.46	False
ecoli50_r010476	53.12	1.725258066359961	train	0.56	False
ecoli50_r010477	53.12	1.725258066359961	train	0.56	False
ecoli50_r010478	94.32	1.9746037920870327	val	0.44	False
ecoli50_r010479	130.31	2.114977744785308	train	0.44	False
ecoli50_r010480	399.23	2.6012231687499057	train	0.5	False
ecoli50_r010481	17433.58	4.241386578997383	train	0.32	False
ecoli50_r010482	166.37	2.221075016611721	train	0.5	False
ecoli50_r010483	166.37	2.221075016611721	train	0.46	False
ecoli50_r010484	595.33	2.7747577681660247	train	0.38	False
ecoli50_r010485	203.05	2.307602993826056	test	0.32	False
ecoli50_r010486	283.81	2.4530276936877224	train	0.52	False
ecoli50_r010487	4882.62	3.688652925733042	test	0.38	False
ecoli50_r010488	63.83	1.8050248444298047	train	0.58	False
ecoli50_r010489	76.35	1.88280904139244	train	0.36	False
ecoli50_r010490	282.17	2.450510838167308	test	0.42	False
ecoli50_r010491	291.75	2.465010864717408	test	0.44	False
ecoli50_r010492	206.26	2.3144150134136665	train	0.4	False
ecoli50_r010493	232.85	2.36707624226875	train	0.48	False
ecoli50_r010494	37.15	1.569958818096594	train	0.46	False
ecoli50_r010495	136.17	2.134081437462512	train	0.54	False
ecoli50_r010496	104.34	2.018450832386356	val	0.56	False
ecoli50_r010497	83.19	1.920071124297524	val	0.54	False
ecoli50_r010498	2293.1	3.3604229943292485	val	0.58	True
ecoli50_r010499	2293.1	3.3604229943292485	train	0.58	True
ecoli50_r010500	203.44	2.3084363471676523	test	0.42	True
ecoli50_r010501	602.43	2.779906590865361	val	0.58	False
ecoli50_r010502	4354.22	3.6389103682908	train	0.54	False
ecoli50_r010503	226.45	2.354972325018976	train	0.44	False
ecoli50_r010504	50.32	1.7017406324372124	train	0.38	False
ecoli50_r010505	151.58	2.1806419027298323	test	0.54	False
ecoli50_r010506	4108.37	3.613669549268536	train	0.4	False
ecoli50_r010507	95.74	1.9810934231459296	train	0.44	False
ecoli50_r010508	70.47	1.848004271497268	test	0.44	False
ecoli50_r010509	55.73	1.7460890430562002	train	0.54	False
ecoli50_r010510	64.14	1.8071289555924217	train	0.44	False
ecoli50_r010511	1193.84	3.076946125978213	train	0.42	True
ecoli50_r010512	14.83	1.171141151028382	train	0.52	False
ecoli50_r010513	25654.12	4.4091571218680805	val	0.38	False
ecoli50_r010514	72.16	1.8582965245338852	test	0.46	False
ecoli50_r010515	183.5	2.263636068588108	test	0.48	False
ecoli50_r010516	39.4	1.5954962218255742	train	0.46	False
ecoli50_r010517	559.76	2.7480018609040844	train	0.52	False
ecoli50_r010518	1778.91	3.250153976475098	train	0.34	False
ecoli50_r010519	1778.91	3.250153976475098	val	0.32	False
ecoli50_r010520	77.26	1.8879547038088016	train	0.42	True
ecoli50_r010521	614.87	2.788783303985784	train	0.48	False
ecoli50_r010522	332.51	2.5218047109308914	train	0.46	False
ecoli50_r010523	178.5	2.251638220448212	train	0.48	False
ecoli50_r010524	40.26	1.6048737705526357	train	0.52	False
ecoli50_r010525	68.63	1.8365139988906716	train	0.46	False
ecoli50_r010526	40.87	1.6114046377115934	val	0.58	False
ecoli50_r010527	241.49	2.382899151506837	val	0.52	False
ecoli50_r010528	267.49	2.427307550746041	train	0.54	False
ecoli50_r010529	554.14	2.7436195003715613	train	0.44	False
ecoli50_r010530	12699.85	4.10379859146328	train	0.26	False
ecoli50_r010531	88.42	1.9465505105698555	val	0.44	False
ecoli50_r010532	490.66	2.6907806545014874	train	0.42	False
ecoli50_r010533	68.38	1.834929096460576	train	0.4	False
ecoli50_r010534	98.65	1.99409708958821	test	0.42	False
ecoli50_r010535	673.5	2.8283376000590046	train	0.28	False
ecoli50_r010536	552.43	2.742277255135924	train	0.26	False
ecoli50_r010537	1897.41	3.278161185131232	val	0.36	True
ecoli50_r010538	1847.3	3.2665374302343064	train	0.5	False
ecoli50_r010539	201.9	2.305136318943639	train	0.48	False
ecoli50_r010540	30.19	1.4798631130230977	train	0.46	False
ecoli50_r010541	154.52	2.188984699472783	train	0.56	False
ecoli50_r010542	67.1	1.826722520168992	train	0.48	False
ecoli50_r010543	191.23	2.2815560250343667	train	0.4	False
ecoli50_r010544	124.99	2.096875268059688	train	0.52	False
ecoli50_r010545	89.16	1.9501700598082	val	0.5	False
ecoli50_r010546	88.42	1.9465505105698555	test	0.6	False
ecoli50_r010547	78.02	1.8922059459757723	test	0.48	False
ecoli50_r010548	66.87	1.8252313231999	train	0.46	False
ecoli50_r010549	40.87	1.6114046377115934	train	0.36	False
ecoli50_r010550	35.37	1.5486350598147516	train	0.58	False
ecoli50_r010551	141.48	2.150695051142714	test	0.48	False
ecoli50_r010552	150.32	2.177016767092469	test	0.44	False
ecoli50_r010553	182.04	2.260166826834355	train	0.48	False
ecoli50_r010554	32.42	1.5108130105124962	train	0.56	False
ecoli50_r010555	69.14	1.839729375206388	train	0.58	False
ecoli50_r010556	81.73	1.9123814989188004	train	0.5	False
ecoli50_r010557	325.08	2.511990251080793	train	0.44	False
ecoli50_r010558	42.72	1.6306312440205	train	0.46	False
ecoli50_r010559	166.04	2.220212724706482	train	0.44	False
ecoli50_r010560	168.99	2.227861005955013	train	0.52	False
ecoli50_r010561	71.8	1.8561244442423004	train	0.56	False
ecoli50_r010562	73.81	1.8681152053272168	train	0.46	False
ecoli50_r010563	210.47	2.3231902010602106	train	0.42	False
ecoli50_r010564	1518.5	3.181414796254284	train	0.34	False
ecoli50_r010565	210.47	2.3231902010602106	val	0.5	False
ecoli50_r010566	129.69	2.112906490253314	test	0.54	False
ecoli50_r010567	29.25	1.4661258704181992	train	0.54	False
ecoli50_r010568	78.02	1.8922059459757723	train	0.42	False
ecoli50_r010569	32.17	1.5074510609019698	train	0.36	False
ecoli50_r010570	208.05	2.318167720128966	train	0.4	False
ecoli50_r010571	81.73	1.9123814989188004	train	0.5	False
ecoli50_r010572	40.26	1.6048737705526357	train	0.54	False
ecoli50_r010573	91.37	1.9608036249117695	train	0.34	False
ecoli50_r010574	63.83	1.8050248444298047	val	0.44	False
ecoli50_r010575	150.47	2.1774499209718248	train	0.44	False
ecoli50_r010576	72.92	1.8628466599829387	train	0.42	False
ecoli50_r010577	186.41	2.270469206453198	test	0.3	True
ecoli50_r010578	198.44	2.297629218364148	test	0.32	False
ecoli50_r010579	536.43	2.7295130579009066	test	0.48	False
ecoli50_r010580	114.95	2.060508975605298	test	0.54	False
ecoli50_r010581	126.74	2.1029137027892206	train	0.46	False
ecoli50_r010582	47.16	1.6735737964230517	test	0.58	False
ecoli50_r010583	1115.33	3.047403383953543	train	0.44	False
ecoli50_r010584	1569.49	3.195758552939117	test	0.44	False
ecoli50_r010585	96.97	1.986637395610154	train	0.3	False
ecoli50_r010586	1293.79	3.1118637900556654	train	0.46	False
ecoli50_r010587	262.02	2.4183344423049835	train	0.52	False
ecoli50_r010588	60.39	1.780965029608317	train	0.48	False
ecoli50_r010589	98.4	1.9929950984313416	train	0.6	False
ecoli50_r010590	98.4	1.9929950984313416	train	0.58	False
ecoli50_r010591	84.19	1.9252605095194355	train	0.32	True
ecoli50_r010592	90.58	1.9570323163469383	train	0.46	True
ecoli50_r010593	176.47	2.246670885690703	train	0.6	False
ecoli50_r010594	679.38	2.832112757698144	train	0.52	False
ecoli50_r010595	124.99	2.096875268059688	train	0.52	False
ecoli50_r010596	494.64	2.694289233490819	train	0.42	False
ecoli50_r010597	36.9	1.5670263661590604	test	0.38	True
ecoli50_r010598	763.38	2.882740777563016	train	0.38	True
ecoli50_r010599	72.16	1.8582965245338852	test	0.46	False
ecoli50_r010600	90.42	1.9562645026982757	val	0.48	False
ecoli50_r010601	42.55	1.6288995644206066	train	0.5	False
ecoli50_r010602	381.75	2.581779045728459	train	0.46	False
ecoli50_r010603	45.1	1.6541765418779606	train	0.64	False
ecoli50_r010604	1966.38	3.2936674483669264	train	0.42	False
ecoli50_r010605	1966.38	3.2936674483669264	test	0.46	False
ecoli50_r010606	180.84	2.2572944983622567	train	0.34	True
ecoli50_r010607	139.02	2.143077284173619	train	0.38	False
ecoli50_r010608	123.53	2.0917724414196828	test	0.44	False
ecoli50_r010609	983.29	2.992681622435897	train	0.32	False
ecoli50_r010610	984.53	2.993228954233357	train	0.42	False
ecoli50_r010611	48.11	1.682235356902564	train	0.52	False
ecoli50_r010612	473.07	2.674925407893072	train	0.46	False
ecoli50_r010613	476.78	2.678318029299685	train	0.44	False
ecoli50_r010614	762.85	2.882439150567529	train	0.46	False
ecoli50_r010615	571.77	2.757221364774587	train	0.54	False
ecoli50_r010616	144.89	2.161038412422962	train	0.48	False
ecoli50_r010617	1835.31	3.263709430941539	train	0.44	False
ecoli50_r010618	29.47	1.4693801358499252	val	0.5	False
ecoli50_r010619	210.8	2.323870606540509	val	0.46	False
ecoli50_r010620	144.82	2.160828543144546	test	0.44	False
ecoli50_r010621	150.84	2.1785165237335824	train	0.44	False
ecoli50_r010622	60.13	1.7790912038454991	train	0.48	False
ecoli50_r010623	1063.53	3.026749744968129	test	0.42	False
ecoli50_r010624	1038.97	3.0166030075932144	train	0.44	True
ecoli50_r010625	89.18	1.9502674680135883	train	0.5	False
ecoli50_r010626	122.45	2.0879587894607328	val	0.38	False
ecoli50_r010627	35.23	1.5469126431812426	test	0.54	False
ecoli50_r010628	34.23	1.534406899137877	train	0.4	False
ecoli50_r010629	94.13	1.9737280586880277	train	0.5	False
ecoli50_r010630	108.24	2.0343877835895667	test	0.34	False
ecoli50_r010631	58.61	1.7679717213816188	train	0.4	False
ecoli50_r010632	55.73	1.7460890430562002	val	0.52	False
ecoli50_r010633	27.48	1.4390167283875128	train	0.48	False
ecoli50_r010634	305.06	2.4843852659244936	train	0.4	False
ecoli50_r010635	77.16	1.8873922189718468	test	0.52	False
ecoli50_r010636	184.44	2.26585511354737	train	0.42	False
ecoli50_r010637	914.68	2.9612691830922606	train	0.36	False
ecoli50_r010638	3361.0	3.526468512469477	train	0.5	False
ecoli50_r010639	380.22	2.5800349575088832	train	0.54	False
ecoli50_r010640	164.3	2.215637563435062	train	0.56	False
ecoli50_r010641	1593.28	3.2022921045953656	val	0.42	True
ecoli50_r010642	85.73	1.9331328237267345	train	0.6	False
ecoli50_r010643	10758.51	4.031752127874428	train	0.42	True
ecoli50_r010644	57.27	1.7579271831133292	train	0.38	False
ecoli50_r010645	145.67	2.163370120225884	train	0.26	False
ecoli50_r010646	147.34	2.1683206655188654	train	0.28	False
ecoli50_r010647	84.19	1.9252605095194355	val	0.44	False
ecoli50_r010648	12768.37	4.106135459112393	train	0.44	False
ecoli50_r010649	255.48	2.4073569074859478	val	0.7	False
ecoli50_r010650	730.66	2.8637153325336984	val	0.5	True
ecoli50_r010651	296.22	2.4716143776031747	val	0.46	False
ecoli50_r010652	304.57	2.4836871233069737	train	0.46	False
ecoli50_r010653	455.11	2.6581163782378927	train	0.42	False
ecoli50_r010654	240.54	2.3811873066341653	train	0.46	False
ecoli50_r010655	18.59	1.2692793897718986	train	0.5	False
ecoli50_r010656	179.21	2.2533622398330686	test	0.42	False
ecoli50_r010657	63.78	1.8046845149069404	train	0.52	False
ecoli50_r010658	58.95	1.770483809431108	train	0.52	False
ecoli50_r010659	180.4	2.256236533205923	train	0.48	False
ecoli50_r010660	70.59	1.848743181895684	train	0.46	False
ecoli50_r010661	68.46	1.8354368948018585	train	0.38	False
ecoli50_r010662	65.02	1.813046965160108	train	0.38	False
ecoli50_r010663	676.0	2.829946695941636	train	0.46	False
ecoli50_r010664	62.54	1.7961578769069144	test	0.38	False
ecoli50_r010665	58.53	1.7673785241141806	train	0.42	False
ecoli50_r010666	142.32	2.1532659350758685	train	0.38	False
ecoli50_r010667	1221.12	3.0867583443519635	val	0.44	False
ecoli50_r010668	1301.3	3.1143774297861557	val	0.46	False
ecoli50_r010669	42995.7	4.633425023959779	train	0.42	False
ecoli50_r010670	22759.46	4.357161953601665	train	0.58	False
ecoli50_r010671	22759.46	4.357161953601665	train	0.54	False
ecoli50_r010672	62913.02	4.798740533028837	train	0.44	False
ecoli50_r010673	5463.05	3.737435175368092	train	0.52	False
ecoli50_r010674	2829.03	3.451637552888372	train	0.4	False
ecoli50_r010675	5163.45	3.712939975909229	train	0.4	False
ecoli50_r010676	590.65	2.7713302082995077	train	0.54	False
ecoli50_r010677	3765.36	3.575806504717132	train	0.46	False
ecoli50_r010678	63.83	1.8050248444298047	train	0.54	False
ecoli50_r010679	226.05	2.354204511370313	test	0.5	False
ecoli50_r010680	248.92	2.3960597923124327	train	0.46	False
ecoli50_r010681	30.58	1.4854374810763014	train	0.48	False
ecoli50_r010682	12078.12	4.081999340148846	train	0.42	False
ecoli50_r010683	18.04	1.2562365332059229	train	0.5	False
ecoli50_r010684	1495.34	3.174739950744468	val	0.46	False
ecoli50_r010685	43.34	1.6368889069837993	train	0.48	False
ecoli50_r010686	148.55	2.171872656139683	test	0.5	False
ecoli50_r010687	847.09	2.927929554872506	train	0.3	False
ecoli50_r010688	96.21	1.9832202146481028	train	0.42	False
ecoli50_r010689	168.37	2.226264711895694	test	0.42	False
ecoli50_r010690	100.21	2.000911062131223	train	0.44	False
ecoli50_r010691	44.58	1.6491400641442189	train	0.38	False
ecoli50_r010692	247.32	2.393259237826838	train	0.34	False
ecoli50_r010693	63.74	1.804412059137714	train	0.58	False
ecoli50_r010694	79.78	1.901894031973821	train	0.54	False
ecoli50_r010695	109.05	2.037625669914719	train	0.62	False
ecoli50_r010696	29.72	1.4730488050885375	train	0.48	False
ecoli50_r010697	50.11	1.6999244027424767	train	0.42	False
ecoli50_r010698	209.68	2.321557007938544	val	0.42	False
ecoli50_r010699	92.88	1.967922206730517	train	0.5	False
ecoli50_r010700	73.69	1.8674085565227911	train	0.54	False
ecoli50_r010701	73.69	1.8674085565227911	train	0.48	False
ecoli50_r010702	123.79	2.0926855629374908	val	0.48	False
ecoli50_r010703	35.37	1.5486350598147516	train	0.52	False
ecoli50_r010704	120.27	2.080157310970184	test	0.56	False
ecoli50_r010705	42.09	1.6241789257480224	train	0.44	False
ecoli50_r010706	76.63	1.8843988255566864	train	0.6	False
ecoli50_r010707	1043.36	3.0184341828633845	train	0.4	False
ecoli50_r010708	334.37	2.524227305193655	train	0.4	False
ecoli50_r010709	138.31	2.1408535813227223	val	0.42	False
ecoli50_r010710	66.15	1.82052984852352	train	0.44	False
ecoli50_r010711	97970.06	4.991093374024808	train	0.32	False
ecoli50_r010712	3042.75	3.483266271096026	train	0.38	False
ecoli50_r010713	47.87	1.6800634274819486	test	0.46	False
ecoli50_r010714	117.01	2.0682229793464493	test	0.42	False
ecoli50_r010715	67.79	1.8311656339094424	train	0.5	False
ecoli50_r010716	31.91	1.5039268041935103	train	0.64	False
ecoli50_r010717	93.08	1.9688563746146923	train	0.52	False
ecoli50_r010718	74.46	1.8719230318823732	test	0.56	False
ecoli50_r010719	820796.7	5.914235601697235	train	0.44	True
ecoli50_r010720	48.11	1.682235356902564	val	0.44	False
ecoli50_r010721	304.68	2.483843946921347	val	0.38	True
ecoli50_r010722	439.27	2.642731544081733	train	0.46	False
ecoli50_r010723	228.51	2.358905210313047	train	0.46	False
ecoli50_r010724	3994.89	3.6015048254395685	train	0.42	False
ecoli50_r010725	94.7	1.9763499790032732	train	0.34	False
ecoli50_r010726	386.5	2.587149498254344	train	0.4	False
ecoli50_r010727	195.67	2.2915242450080657	train	0.48	False
ecoli50_r010728	120.77	2.0819590663004783	train	0.48	False
ecoli50_r010729	98.65	1.99409708958821	train	0.6	False
ecoli50_r010730	150.25	2.176814480674777	train	0.48	False
ecoli50_r010731	315.96	2.499632105153693	val	0.54	True
ecoli50_r010732	37.15	1.569958818096594	train	0.54	False
ecoli50_r010733	44.58	1.6491400641442189	train	0.56	False
ecoli50_r010734	128.21	2.1079219001862795	train	0.6	False
ecoli50_r010735	414.24	2.617252033090797	val	0.56	False
ecoli50_r010736	416.0	2.6190933306267428	train	0.48	False
ecoli50_r010737	271.21	2.4333056987081227	train	0.42	False
ecoli50_r010738	172.28	2.236234863090562	test	0.46	False
ecoli50_r010739	192.76	2.285016917629171	train	0.5	False
ecoli50_r010740	25105.88	4.399775448671768	train	0.6	False
ecoli50_r010741	100.65	2.0028137792246734	train	0.3	False
ecoli50_r010742	135.63	2.132355761753957	train	0.42	False
ecoli50_r010743	1742.43	3.2411553398693997	train	0.46	False
ecoli50_r010744	623.38	2.794752864625178	train	0.46	False
ecoli50_r010745	35.29	1.547651658359969	train	0.42	False
ecoli50_r010746	186.49	2.270655548952985	test	0.52	False
ecoli50_r010747	82.53	1.916611845109346	train	0.52	False
ecoli50_r010748	18.83	1.2748503200166648	train	0.58	False
ecoli50_r010749	262.32	2.4188314036613088	train	0.58	False
ecoli50_r010750	180.4	2.256236533205923	train	0.6	False
ecoli50_r010751	127.48	2.105442054801695	train	0.5	False
ecoli50_r010752	240.54	2.3811873066341653	train	0.48	False
ecoli50_r010753	40.77	1.6103407114521568	train	0.4	False
ecoli50_r010754	267.27	2.426950213654976	train	0.52	False
ecoli50_r010755	4271.62	3.630592611238791	train	0.46	False
ecoli50_r010756	4265.42	3.629961800967035	train	0.52	False
ecoli50_r010757	30056.98	4.47794534234458	val	0.44	False
ecoli50_r010758	153.77	2.186871614364535	val	0.24	False
ecoli50_r010759	153.77	2.186871614364535	val	0.26	False
ecoli50_r010760	11430.3	4.058057629050993	val	0.56	False
ecoli50_r010761	110.41	2.043008409879952	train	0.3	False
ecoli50_r010762	8762.71	3.9426384390487073	train	0.44	False
ecoli50_r010763	140.65	2.14813973650122	train	0.4	False
ecoli50_r010764	47715.03	4.678655201218276	train	0.54	False
ecoli50_r010765	130662.93	5.116152392630502	train	0.38	False
ecoli50_r010766	795.1	2.9004217534577377	train	0.32	False
ecoli50_r010767	144.89	2.161038412422962	train	0.44	False
ecoli50_r010768	98.97	1.9955035702650064	train	0.46	False
ecoli50_r010769	75.48	1.8778318914928935	train	0.52	False
ecoli50_r010770	82.53	1.916611845109346	train	0.5	False
ecoli50_r010771	73.81	1.8681152053272168	train	0.5	False
ecoli50_r010772	168.37	2.226264711895694	train	0.16	False
ecoli50_r010773	7332.41	3.865246741036395	train	0.18	False
ecoli50_r010774	7328.7	3.865026944232162	train	0.24	False
ecoli50_r010775	732.5	2.864807629026147	train	0.46	False
ecoli50_r010776	620.44	2.7926997891726466	train	0.42	False
ecoli50_r010777	168.46	2.226496796355519	train	0.44	False
ecoli50_r010778	2604.79	3.41577271592058	train	0.46	False
ecoli50_r010779	211.77	2.3258644366153463	train	0.52	False
ecoli50_r010780	38.58	1.5863622233078656	train	0.56	False
ecoli50_r010781	352.37	2.546998926445276	train	0.44	False
ecoli50_r010782	211.77	2.3258644366153463	train	0.52	False
ecoli50_r010783	120.27	2.080157310970184	train	0.3	False
ecoli50_r010784	87.23	1.9406658724758288	train	0.44	False
ecoli50_r010785	52.0	1.7160033436347992	train	0.46	False
ecoli50_r010786	42.72	1.6306312440205	test	0.5	False
ecoli50_r010787	4333.66	3.636854835475705	train	0.28	False
ecoli50_r010788	551.71	2.74171085581828	train	0.48	True
ecoli50_r010789	66.87	1.8252313231999	test	0.54	False
ecoli50_r010790	63.83	1.8050248444298047	val	0.54	False
ecoli50_r010791	26.01	1.4151403521958728	train	0.52	False
ecoli50_r010792	140.34	2.1471814721927966	train	0.58	False
ecoli50_r010793	63.16	1.8004421213362567	train	0.48	False
ecoli50_r010794	535.19	2.728507990063592	test	0.34	False
ecoli50_r010795	423.53	2.626884178239356	train	0.4	False
ecoli50_r010796	258.19	2.411939417524044	train	0.44	False
ecoli50_r010797	254.65	2.405943680512197	val	0.54	False
ecoli50_r010798	302.39	2.4805674250016936	train	0.52	True
ecoli50_r010799	1337.47	3.1262840493993767	train	0.38	False
ecoli50_r010800	204.77	2.311266330288116	train	0.44	False
ecoli50_r010801	43.61	1.6395860866734264	train	0.38	False
ecoli50_r010802	11.79	1.0715138050950892	train	0.52	False
ecoli50_r010803	779.1	2.891593204348965	train	0.38	False
ecoli50_r010804	95.74	1.9810934231459296	train	0.48	False
ecoli50_r010805	36.9	1.5670263661590604	train	0.62	False
ecoli50_r010806	52.01	1.7160868537748322	train	0.52	False
ecoli50_r010807	737.47	2.867744358074665	train	0.62	False
ecoli50_r010808	27381.59	4.437458663234676	train	0.48	False
ecoli50_r010809	197.48	2.2955231185474934	train	0.4	True
ecoli50_r010810	1768.98	3.247722922825642	val	0.44	True
ecoli50_r010811	271.21	2.4333056987081227	train	0.6	False
ecoli50_r010812	73.69	1.8674085565227911	test	0.48	False
ecoli50_r010813	78.02	1.8922059459757723	train	0.48	False
ecoli50_r010814	53.62	1.7293268096468608	train	0.5	False
ecoli50_r010815	46.54	1.667826378950711	val	0.52	False
ecoli50_r010816	84.19	1.9252605095194355	train	0.5	False
ecoli50_r010817	848.97	2.928892343878047	train	0.46	False
ecoli50_r010818	52.01	1.7160868537748322	train	0.3	False
ecoli50_r010819	538.7	2.731346975545955	train	0.54	False
ecoli50_r010820	26.64	1.4255342204982635	train	0.48	False
ecoli50_r010821	62.9	1.7986506454452689	train	0.54	False
ecoli50_r010822	287.21	2.4581995569811697	test	0.44	False
ecoli50_r010823	397.9	2.599773939146388	train	0.48	False
ecoli50_r010824	32.42	1.5108130105124962	train	0.48	False
ecoli50_r010825	252.56	2.402364568884161	train	0.38	False
ecoli50_r010826	91.37	1.9608036249117695	train	0.4	False
ecoli50_r010827	91.37	1.9608036249117695	val	0.46	False
ecoli50_r010828	135.58	2.132195629573424	train	0.32	False
ecoli50_r010829	37.15	1.569958818096594	test	0.34	False
ecoli50_r010830	124.99	2.096875268059688	test	0.42	False
ecoli50_r010831	45.82	1.6610550848533787	test	0.5	False
ecoli50_r010832	124.99	2.096875268059688	train	0.44	False
ecoli50_r010833	76.63	1.8843988255566864	val	0.58	False
ecoli50_r010834	126.32	2.1014721170002377	test	0.34	False
ecoli50_r010835	62.06	1.7928117712481468	train	0.22	False
ecoli50_r010836	216.39	2.3352371869097284	val	0.4	False
ecoli50_r010837	111.89	2.0487912738484098	test	0.58	False
ecoli50_r010838	37.23	1.5708930362183922	train	0.44	False
ecoli50_r010839	85.45	1.931712067056756	test	0.48	False
ecoli50_r010840	299.16	2.4759035245513985	train	0.48	False
ecoli50_r010841	299.16	2.4759035245513985	train	0.46	False
ecoli50_r010842	6434.32	3.8085026560030553	val	0.48	False
ecoli50_r010843	1333.76	3.1250776886113742	train	0.58	False
ecoli50_r010844	25.26	1.402433346219312	train	0.5	False
ecoli50_r010845	80.52	1.905903766216617	train	0.48	False
ecoli50_r010846	171.93	2.235351663177412	train	0.34	False
ecoli50_r010847	425.5	2.628899564420607	train	0.42	False
ecoli50_r010848	201.6	2.3044905277734875	train	0.38	False
ecoli50_r010849	36.9	1.5670263661590604	train	0.54	False
ecoli50_r010850	72.16	1.8582965245338852	train	0.34	False
ecoli50_r010851	89.16	1.9501700598082	val	0.38	False
ecoli50_r010852	694.74	2.8418223043143613	train	0.26	False
ecoli50_r010853	105.89	2.024854948305018	train	0.3	False
ecoli50_r010854	50.32	1.7017406324372124	test	0.36	False
ecoli50_r010855	102.18	2.009365898346245	test	0.38	False
ecoli50_r010856	95.89	1.9817733186277475	test	0.42	False
ecoli50_r010857	70.45	1.8478809974453752	train	0.36	False
ecoli50_r010858	561.1	2.749040268703457	val	0.4	False
ecoli50_r010859	67.79	1.8311656339094424	test	0.34	False
ecoli50_r010860	2069.95	3.315959855125345	test	0.36	False
ecoli50_r010861	143.61	2.157184682201611	train	0.56	False
ecoli50_r010862	9236.02	3.965484864682583	test	0.26	False
ecoli50_r010863	601.27	2.779069535527713	train	0.52	False
ecoli50_r010864	543.49	2.7351915576499617	train	0.42	False
ecoli50_r010865	198.44	2.297629218364148	train	0.36	False
ecoli50_r010866	561.0	2.7489628612561616	train	0.5	False
ecoli50_r010867	1565.08	3.1945365416719675	val	0.5	False
ecoli50_r010868	1966.13	3.293612229882741	val	0.36	False
ecoli50_r010869	123.79	2.0926855629374908	train	0.5	False
ecoli50_r010870	386.11	2.5867110497167163	test	0.44	False
ecoli50_r010871	162.22	2.2101043970648857	train	0.44	False
ecoli50_r010872	942.69	2.974368900135572	test	0.3	False
ecoli50_r010873	98.76	1.9945810812598948	train	0.38	False
ecoli50_r010874	101.55	2.0066799277408256	val	0.42	False
ecoli50_r010875	1673.65	3.223664641852411	train	0.4	False
ecoli50_r010876	2474.91	3.393559410455829	train	0.42	True
ecoli50_r010877	60.13	1.7790912038454991	val	0.18	False
ecoli50_r010878	74.27	1.8708134239155976	train	0.34	False
ecoli50_r010879	266.71	2.426039299392168	train	0.34	True
ecoli50_r010880	98.97	1.9955035702650064	train	0.42	False
ecoli50_r010881	385.61	2.5861482879084536	test	0.46	False
ecoli50_r010882	127.88	2.1068026275996505	train	0.46	False
ecoli50_r010883	18.45	1.2659963704950792	test	0.3	True
ecoli50_r010884	41295.92	4.615907145869103	test	0.36	False
ecoli50_r010885	41217.74	4.6150841753996	train	0.34	False
ecoli50_r010886	50.53	1.7035492982382303	test	0.54	False
ecoli50_r010887	29.72	1.4730488050885375	train	0.46	False
ecoli50_r010888	304.65	2.483801182460488	val	0.46	False
ecoli50_r010889	155.74	2.192400170360129	train	0.46	False
ecoli50_r010890	127.65	2.106020819140269	test	0.5	False
ecoli50_r010891	74.3	1.8709888137605752	train	0.52	False
ecoli50_r010892	127.88	2.1068026275996505	train	0.4	False
ecoli50_r010893	293.55	2.4676820847136822	train	0.2	False
ecoli50_r010894	293.55	2.4676820847136822	test	0.38	False
ecoli50_r010895	561.36	2.749241463520759	train	0.42	False
ecoli50_r010896	533.48	2.727118142500036	train	0.6	False
ecoli50_r010897	197.94	2.2965335659289874	train	0.44	False
ecoli50_r010898	66.15	1.82052984852352	test	0.62	False
ecoli50_r010899	60.39	1.780965029608317	val	0.52	False
ecoli50_r010900	176.85	2.2476050641507705	test	0.54	False
ecoli50_r010901	99.26	1.9967742708613043	train	0.4	False
ecoli50_r010902	254.97	2.406489083959762	train	0.32	False
ecoli50_r010903	231.27	2.3641193003907617	train	0.3	False
ecoli50_r010904	3283.31	3.5163118894102583	val	0.54	False
ecoli50_r010905	148.55	2.171872656139683	train	0.34	False
ecoli50_r010906	190.99	2.281010628721483	train	0.44	False
ecoli50_r010907	114.35	2.0582361689427677	train	0.44	False
ecoli50_r010908	1534.85	3.186065938539308	train	0.34	False
ecoli50_r010909	216.48	2.3354177792535475	train	0.38	False
ecoli50_r010910	42.72	1.6306312440205	train	0.48	False
ecoli50_r010911	42.55	1.6288995644206066	train	0.6	False
ecoli50_r010912	50.32	1.7017406324372124	test	0.56	False
ecoli50_r010913	48.3	1.683947130751512	train	0.52	False
ecoli50_r010914	57.03	1.7561033715851055	train	0.56	False
ecoli50_r010915	93.94	1.97285055584723	train	0.44	False
ecoli50_r010916	1679.27	3.2251205294214755	train	0.32	True
ecoli50_r010917	131.89	2.1202118682570736	val	0.4	False
ecoli50_r010918	6670.82	3.824179222160392	train	0.48	False
ecoli50_r010919	426.07	2.629480956183244	val	0.28	False
ecoli50_r010920	342.36	2.534483017704701	train	0.28	False
ecoli50_r010921	31.91	1.5039268041935103	train	0.56	False
ecoli50_r010922	144.32	2.159326520197866	val	0.66	False
ecoli50_r010923	579.05	2.762716065949462	val	0.28	True
ecoli50_r010924	36.9	1.5670263661590604	val	0.28	False
ecoli50_r010925	127.48	2.105442054801695	test	0.34	False
ecoli50_r010926	127.48	2.105442054801695	train	0.28	False
ecoli50_r010927	114.25	2.057856208741888	val	0.46	False
ecoli50_r010928	135.58	2.132195629573424	train	0.32	False
ecoli50_r010929	52.01	1.7160868537748322	test	0.44	False
ecoli50_r010930	393.81	2.5952867399627864	train	0.36	False
ecoli50_r010931	14831.79	4.17119356776544	train	0.38	False
ecoli50_r010932	14817.16	4.170764970544566	test	0.3	False
ecoli50_r010933	438.98	2.642444734165811	train	0.46	True
ecoli50_r010934	414.92	2.617964369223516	train	0.46	True
ecoli50_r010935	48.65	1.6870828446043706	test	0.42	False
ecoli50_r010936	427.38	2.6308141947282127	train	0.54	False
ecoli50_r010937	87.76	1.9432966145666548	test	0.62	False
ecoli50_r010938	879.16	2.9440679203453017	val	0.4	False
ecoli50_r010939	168.37	2.226264711895694	train	0.44	False
ecoli50_r010940	77.12	1.8871670208947744	train	0.38	False
ecoli50_r010941	718.27	2.8562877276242484	test	0.4	False
ecoli50_r010942	2892.44	3.461264358828911	val	0.26	False
ecoli50_r010943	2892.44	3.461264358828911	train	0.28	False
ecoli50_r010944	132.29	2.1215270164553788	test	0.42	False
ecoli50_r010945	65.02	1.813046965160108	train	0.38	False
ecoli50_r010946	96.21	1.9832202146481028	train	0.28	False
ecoli50_r010947	96.21	1.9832202146481028	train	0.22	False
ecoli50_r010948	436.42	2.639904644965363	val	0.46	False
ecoli50_r010949	120.1	2.079543007402906	train	0.48	False
ecoli50_r010950	212.72	2.327808324323511	train	0.42	False
ecoli50_r010951	19.16	1.2823955047425255	train	0.52	False
ecoli50_r010952	564.78	2.751879309071671	test	0.46	False
ecoli50_r010953	633.44	2.8017054844081293	train	0.4	False
ecoli50_r010954	1768.44	3.247590329567251	train	0.36	True
ecoli50_r010955	240.54	2.3811873066341653	test	0.36	False
ecoli50_r010956	39.89	1.6008640363098396	train	0.52	False
ecoli50_r010957	48.11	1.682235356902564	val	0.56	False
ecoli50_r010958	77.81	1.8910354153153108	test	0.5	False
ecoli50_r010959	131.89	2.1202118682570736	val	0.42	False
ecoli50_r010960	389.06	2.59001658245561	val	0.5	False
ecoli50_r010961	85.48	1.931864513492032	train	0.48	False
ecoli50_r010962	80.52	1.905903766216617	train	0.42	False
ecoli50_r010963	36.78	1.565611724902059	test	0.32	False
ecoli50_r010964	368.62	2.566578894784306	train	0.44	True
ecoli50_r010965	368.62	2.566578894784306	train	0.44	True
ecoli50_r010966	92.88	1.967922206730517	train	0.6	False
ecoli50_r010967	20.14	1.3040594662175993	train	0.56	False
ecoli50_r010968	1191.25	3.076002913646383	train	0.42	False
ecoli50_r010969	182.74	2.261833620575751	val	0.5	False
ecoli50_r010970	182.74	2.261833620575751	train	0.38	False
ecoli50_r010971	53.05	1.7246853882373594	train	0.5	False
ecoli50_r010972	18.58	1.2690457096576229	train	0.48	False
ecoli50_r010973	138.29	2.1407907766253023	train	0.44	False
ecoli50_r010974	139.62	2.1449476336703737	train	0.5	False
ecoli50_r010975	27.86	1.4449811120879448	train	0.44	False
ecoli50_r010976	38.6	1.586587304671755	train	0.4	False
ecoli50_r010977	112.0	2.049218022670181	train	0.66	False
ecoli50_r010978	4274.08	3.630842646801704	train	0.4	False
ecoli50_r010979	457.41	2.660305655017878	train	0.46	False
ecoli50_r010980	48.3	1.683947130751512	train	0.54	False
ecoli50_r010981	84.19	1.9252605095194355	train	0.5	False
ecoli50_r010982	53.05	1.7246853882373594	test	0.5	False
ecoli50_r010983	229.9	2.361538971269279	train	0.5	False
ecoli50_r010984	117.01	2.0682229793464493	val	0.46	False
ecoli50_r010985	265.94	2.4247836644198224	train	0.54	False
ecoli50_r010986	210.09	2.322405381067654	train	0.38	False
ecoli50_r010987	276.62	2.441883576986704	test	0.46	False
ecoli50_r010988	46.1	1.6637009253896482	train	0.3	False
ecoli50_r010989	178.4	2.2513948500401044	train	0.2	False
ecoli50_r010990	100.21	2.000911062131223	train	0.46	False
ecoli50_r010991	182.04	2.260166826834355	train	0.48	False
ecoli50_r010992	591.96	2.772292361509766	train	0.48	False
ecoli50_r010993	66.75	1.824451270036613	train	0.48	False
ecoli50_r010994	63.74	1.804412059137714	test	0.4	False
ecoli50_r010995	57.03	1.7561033715851055	train	0.46	False
ecoli50_r010996	466.88	2.6692052702133577	val	0.46	False
ecoli50_r010997	156.21	2.193708832395355	train	0.34	False
ecoli50_r010998	22.6	1.354108439147401	val	0.44	False
ecoli50_r010999	3640.83	3.561200401047221	train	0.5	False
ecoli50_r011000	53.05	1.7246853882373594	train	0.5	False
ecoli50_r011001	109.03	2.037546012085827	train	0.56	False
ecoli50_r011002	47.87	1.6800634274819486	train	0.52	False
ecoli50_r011003	42.63	1.6297153326471323	train	0.66	False
ecoli50_r011004	55.73	1.7460890430562002	train	0.6	False
ecoli50_r011005	76.63	1.8843988255566864	test	0.56	False
ecoli50_r011006	50.53	1.7035492982382303	train	0.48	False
ecoli50_r011007	402.58	2.604852195526828	train	0.62	False
ecoli50_r011008	71.8	1.8561244442423004	val	0.62	False
ecoli50_r011009	132.97	2.123753668755841	train	0.62	False
ecoli50_r011010	50.53	1.7035492982382303	train	0.68	False
ecoli50_r011011	249.94	2.397835765486698	train	0.48	False
ecoli50_r011012	83.59	1.922154325231059	train	0.42	False
ecoli50_r011013	81.73	1.9123814989188004	test	0.4	False
ecoli50_r011014	514.56	2.711436022732338	train	0.46	False
ecoli50_r011015	540.56	2.7328439059169187	test	0.36	False
ecoli50_r011016	1280.85	3.107498272612254	val	0.2	False
ecoli50_r011017	112.0	2.049218022670181	train	0.48	False
ecoli50_r011018	132.97	2.123753668755841	train	0.44	False
ecoli50_r011019	9391.24	3.972722939401693	train	0.44	False
ecoli50_r011020	9585.77	3.981627004362719	test	0.44	False
ecoli50_r011021	31.58	1.4994121256722754	train	0.38	False
ecoli50_r011022	872.87	2.9409495673175776	train	0.6	False
ecoli50_r011023	855.19	2.932062613891308	test	0.34	True
ecoli50_r011024	27.86	1.4449811120879448	train	0.5	False
ecoli50_r011025	35.23	1.5469126431812426	val	0.56	False
ecoli50_r011026	147.37	2.168409083519626	test	0.44	False
ecoli50_r011027	122.6	2.0884904701823963	val	0.54	False
ecoli50_r011028	1856.91	3.26879085503188	train	0.48	False
ecoli50_r011029	77.26	1.8879547038088016	train	0.44	False
ecoli50_r011030	70.59	1.848743181895684	train	0.46	False
ecoli50_r011031	27.92	1.4459154139511234	val	0.44	False
ecoli50_r011032	119.67	2.077985291029502	test	0.54	False
ecoli50_r011033	153.27	2.185457157401926	train	0.2	False
ecoli50_r011034	153.27	2.185457157401926	train	0.18	False
ecoli50_r011035	63.94	1.805772631935669	train	0.36	False
ecoli50_r011036	438.39	2.6418606390110946	train	0.48	False
ecoli50_r011037	88.42	1.9465505105698555	train	0.5	False
ecoli50_r011038	63.74	1.804412059137714	train	0.52	False
ecoli50_r011039	93.08	1.9688563746146923	train	0.5	False
ecoli50_r011040	33.55	1.5256925245050108	train	0.44	False
ecoli50_r011041	212.21	2.3267658453640534	test	0.36	False
ecoli50_r011042	378.95	2.5785819114018698	test	0.44	False
ecoli50_r011043	7573.91	3.879320140138438	train	0.56	True
ecoli50_r011044	753.72	2.8772100394516977	train	0.52	False
ecoli50_r011045	37.23	1.5708930362183922	val	0.38	False
ecoli50_r011046	23.39	1.369030221809153	test	0.52	False
ecoli50_r011047	65.15	1.8139144200486037	train	0.5	False
ecoli50_r011048	96.8	1.9858753573083936	train	0.52	False
ecoli50_r011049	73.81	1.8681152053272168	train	0.4	False
ecoli50_r011050	80.18	1.904066051914503	train	0.46	False
ecoli50_r011051	86.14	1.9352048674265812	val	0.36	False
ecoli50_r011052	181.72	2.2594027281425886	train	0.4	False
ecoli50_r011053	89.69	1.9527440240148983	train	0.42	False
ecoli50_r011054	89.69	1.9527440240148983	train	0.5	False
ecoli50_r011055	24.05	1.381115080709851	train	0.34	False
ecoli50_r011056	356.64	2.552230051136162	train	0.56	False
ecoli50_r011057	74.92	1.8745977687032	train	0.48	False
ecoli50_r011058	55.73	1.7460890430562002	test	0.46	False
ecoli50_r011059	111.89	2.0487912738484098	train	0.54	False
ecoli50_r011060	182.74	2.261833620575751	train	0.42	False
ecoli50_r011061	58.61	1.7679717213816188	test	0.52	False
ecoli50_r011062	1850.93	3.267389994555938	train	0.5	False
ecoli50_r011063	35.9	1.5550944485783191	train	0.54	False
ecoli50_r011064	69.27	1.8405451876368388	train	0.48	False
ecoli50_r011065	264.59	2.4225734262955965	train	0.5	False
ecoli50_r011066	374.6	2.5735677730392186	test	0.34	False
ecoli50_r011067	376.74	2.5760417334419925	train	0.32	False
ecoli50_r011068	74.37	1.871397781487484	test	0.32	False
ecoli50_r011069	1638.44	3.2144305420589334	val	0.3	True
ecoli50_r011070	71.04	1.8515029527705449	test	0.3	False
ecoli50_r011071	146.53	2.1659265496090963	train	0.3	False
ecoli50_r011072	202.97	2.3074318517197465	train	0.36	False
ecoli50_r011073	230.37	2.3624259223086304	train	0.54	False
ecoli50_r011074	112.2	2.0499928569201424	train	0.52	False
ecoli50_r011075	159.85	2.2037126406077068	test	0.56	False
ecoli50_r011076	1635.64	3.2136877227962497	train	0.36	True
ecoli50_r011077	133.21	2.1245368283012773	train	0.56	False
ecoli50_r011078	128.98	2.110522372601323	train	0.48	False
ecoli50_r011079	28.52	1.455149521179828	train	0.6	False
ecoli50_r011080	63.53	1.802978855335262	train	0.44	False
ecoli50_r011081	96.6	1.9849771264154932	test	0.38	False
ecoli50_r011082	482.21	2.6832362124698608	test	0.38	False
ecoli50_r011083	897.81	2.953184438357495	train	0.36	False
ecoli50_r011084	72.16	1.8582965245338852	train	0.3	False
ecoli50_r011085	82.19	1.914818980447473	test	0.28	False
ecoli50_r011086	90.58	1.9570323163469383	train	0.46	False
ecoli50_r011087	70.45	1.8478809974453752	val	0.38	False
ecoli50_r011088	2393.33	3.3790025846552503	train	0.32	False
ecoli50_r011089	96.21	1.9832202146481028	val	0.44	False
ecoli50_r011090	372.85	2.57153414742667	train	0.44	False
ecoli50_r011091	386.11	2.5867110497167163	train	0.4	False
ecoli50_r011092	47.16	1.6735737964230517	train	0.5	False
ecoli50_r011093	55.73	1.7460890430562002	train	0.58	False
ecoli50_r011094	139.51	2.144605338714745	train	0.42	False
ecoli50_r011095	46.41	1.66661156841903	train	0.54	False
ecoli50_r011096	120.84	2.0822107166012427	train	0.3	False
ecoli50_r011097	83.87	1.9236066430174592	train	0.32	False
ecoli50_r011098	73.81	1.8681152053272168	train	0.36	False
ecoli50_r011099	174.45	2.24167097378413	train	0.4	False
ecoli50_r011100	180.4	2.256236533205923	test	0.44	False
ecoli50_r011101	110.71	2.0441868507673635	train	0.5	False
ecoli50_r011102	258.58	2.41259493111848	train	0.46	False
ecoli50_r011103	23.48	1.370698092575577	train	0.46	False
ecoli50_r011104	22.37	1.3496659840966296	test	0.44	False
ecoli50_r011105	317.03	2.501100360697214	train	0.34	False
ecoli50_r011106	43.61	1.6395860866734264	val	0.3	False
ecoli50_r011107	493.16	2.6929878439095702	test	0.42	False
ecoli50_r011108	229.33	2.360460871050178	train	0.52	False
ecoli50_r011109	4369.7	3.64045162168051	test	0.44	False
ecoli50_r011110	147.37	2.168409083519626	train	0.44	False
ecoli50_r011111	32.42	1.5108130105124962	val	0.48	False
ecoli50_r011112	141.48	2.150695051142714	test	0.4	False
ecoli50_r011113	720.75	2.8577846510602454	train	0.54	False
ecoli50_r011114	713.28	2.853260046800144	train	0.52	False
ecoli50_r011115	186.41	2.270469206453198	train	0.42	True
ecoli50_r011116	4309.56	3.6344329315698514	train	0.5	False
ecoli50_r011117	956.7	2.980775773962621	train	0.42	False
ecoli50_r011118	446.09	2.649422487770878	train	0.46	False
ecoli50_r011119	90.42	1.9562645026982757	train	0.52	False
ecoli50_r011120	126.28	2.10133457322018	train	0.46	False
ecoli50_r011121	30943.55	4.49057013667327	val	0.44	False
ecoli50_r011122	30729.37	4.487553656633591	train	0.34	False
ecoli50_r011123	35.29	1.547651658359969	val	0.44	False
ecoli50_r011124	82.18	1.9147661369258528	train	0.52	False
ecoli50_r011125	2428.91	3.385411422904138	test	0.32	True
ecoli50_r011126	2428.91	3.385411422904138	train	0.32	True
ecoli50_r011127	80.52	1.905903766216617	train	0.5	False
ecoli50_r011128	460.68	2.6633993581650297	val	0.32	False
ecoli50_r011129	90.42	1.9562645026982757	train	0.28	False
ecoli50_r011130	35.29	1.547651658359969	test	0.46	False
ecoli50_r011131	128.98	2.110522372601323	train	0.46	False
ecoli50_r011132	338.7	2.5298151966446305	test	0.5	False
ecoli50_r011133	338.7	2.5298151966446305	train	0.56	False
ecoli50_r011134	521.69	2.717412512040676	test	0.52	False
ecoli50_r011135	318.71	2.5033956903224466	train	0.4	False
ecoli50_r011136	4022.84	3.6045327597651617	train	0.52	False
ecoli50_r011137	353.68	2.5486105018978176	test	0.58	False
ecoli50_r011138	23.93	1.3789426986134374	train	0.48	False
ecoli50_r011139	114.25	2.057856208741888	train	0.52	False
ecoli50_r011140	1373.8	3.1379235120404148	train	0.36	True
ecoli50_r011141	17.96	1.2543063323312855	test	0.36	False
ecoli50_r011142	29.72	1.4730488050885375	train	0.46	False
ecoli50_r011143	72.92	1.8628466599829387	train	0.44	False
ecoli50_r011144	60.39	1.780965029608317	train	0.4	False
ecoli50_r011145	432.96	2.636447774917529	test	0.26	False
ecoli50_r011146	504.13	2.702542542403012	val	0.44	False
ecoli50_r011147	137.46	2.1381763395730413	train	0.5	False
ecoli50_r011148	14078.96	4.148570575051629	train	0.44	True
ecoli50_r011149	160.36	2.205096047578484	train	0.4	False
ecoli50_r011150	769.05	2.885954576496081	test	0.5	False
ecoli50_r011151	150.41	2.1772767112585862	train	0.34	False
ecoli50_r011152	160.47	2.20539385261468	train	0.26	False
ecoli50_r011153	390218.55	5.591307910807222	train	0.28	False
ecoli50_r011154	4137.21	3.616707565741176	val	0.44	False
ecoli50_r011155	59.44	1.7740788007525188	train	0.5	False
ecoli50_r011156	279.23	2.445962076324097	train	0.46	False
ecoli50_r011157	43.88	1.6422666189026736	train	0.52	False
ecoli50_r011158	1727.57	3.2374356537294884	test	0.54	False
ecoli50_r011159	735.3	2.8664645659717403	test	0.46	False
ecoli50_r011160	949.84	2.977650454794839	train	0.54	False
ecoli50_r011161	52469.36	4.719905766882472	train	0.38	False
ecoli50_r011162	143.04	2.1554575014518425	val	0.4	False
ecoli50_r011163	848.92	2.9288667653964	train	0.36	False
ecoli50_r011164	40.33	1.6056282220076186	train	0.54	False
ecoli50_r011165	323.73	2.510182947257836	train	0.5	False
ecoli50_r011166	111.69	2.0480142909380548	train	0.52	False
ecoli50_r011167	122.55	2.088313315588097	train	0.38	False
ecoli50_r011168	3289.21	3.517091601950196	train	0.44	False
ecoli50_r011169	2934.53	3.467538553709145	train	0.36	False
ecoli50_r011170	50.32	1.7017406324372124	train	0.28	False
ecoli50_r011171	1390.85	3.1432802948482763	test	0.46	False
ecoli50_r011172	66.87	1.8252313231999	val	0.48	False
ecoli50_r011173	271.21	2.4333056987081227	test	0.48	False
ecoli50_r011174	82.53	1.916611845109346	train	0.56	False
ecoli50_r011175	100.8	2.0034605321095063	train	0.56	False
ecoli50_r011176	78.17	1.8930401119571176	test	0.42	False
ecoli50_r011177	17.73	1.248708735600918	train	0.58	False
ecoli50_r011178	69.6	1.842609239610562	train	0.56	False
ecoli50_r011179	94.32	1.9746037920870327	train	0.36	False
ecoli50_r011180	906.51	2.957372599298449	train	0.4	False
ecoli50_r011181	546.13	2.737296033844829	train	0.52	False
ecoli50_r011182	98.65	1.99409708958821	test	0.5	False
ecoli50_r011183	2027.77	3.30701869356292	train	0.4	False
ecoli50_r011184	607.35	2.783439035824095	train	0.42	True
ecoli50_r011185	29.72	1.4730488050885375	train	0.48	False
ecoli50_r011186	38.32	1.5834255004065068	train	0.5	False
ecoli50_r011187	76.63	1.8843988255566864	train	0.5	False
ecoli50_r011188	73.69	1.8674085565227911	test	0.54	False
ecoli50_r011189	388.27	2.589133835723009	train	0.48	False
ecoli50_r011190	28933.99	4.461408327028496	train	0.54	False
ecoli50_r011191	48.65	1.6870828446043706	train	0.32	False
ecoli50_r011192	22609.07	4.354282698472077	train	0.48	False
ecoli50_r011193	22846.96	4.358828421339909	val	0.48	False
ecoli50_r011194	59.84	1.776991584856405	train	0.52	False
ecoli50_r011195	59.84	1.776991584856405	train	0.54	False
ecoli50_r011196	108.24	2.0343877835895667	val	0.52	False
ecoli50_r011197	787.62	2.896316735626768	train	0.62	False
ecoli50_r011198	70.74	1.8496650554787328	train	0.66	False
ecoli50_r011199	452.09	2.655224900768312	test	0.5	False
ecoli50_r011200	169.48	2.229118455328952	train	0.44	False
ecoli50_r011201	835.36	2.9218736758666406	train	0.64	False
ecoli50_r011202	282.95	2.4517096982713467	train	0.54	False
ecoli50_r011203	120.27	2.080157310970184	test	0.48	False
ecoli50_r011204	40.87	1.6114046377115934	train	0.54	False
ecoli50_r011205	1341.94	3.1277330983579787	test	0.52	True
ecoli50_r011206	219.07	2.340582908247528	train	0.46	False
ecoli50_r011207	95.49	1.9799578933406652	train	0.5	False
ecoli50_r011208	85.79	1.9334366678262804	train	0.56	False
ecoli50_r011209	3377.12	3.5285464927976573	train	0.42	True
ecoli50_r011210	314.37	2.4974410950769714	train	0.52	False
ecoli50_r011211	3668.53	3.564492074938988	train	0.36	False
ecoli50_r011212	21460.21	4.331633967461944	val	0.44	False
ecoli50_r011213	2070.03	3.315976639534235	train	0.44	False
ecoli50_r011214	78.17	1.8930401119571176	test	0.36	False
ecoli50_r011215	48.65	1.6870828446043706	train	0.38	False
ecoli50_r011216	50.32	1.7017406324372124	train	0.6	False
ecoli50_r011217	172.71	2.2373174841747963	train	0.6	False
ecoli50_r011218	864.75	2.936890570686399	train	0.44	False
ecoli50_r011219	56.0	1.7481880270062005	train	0.48	False
ecoli50_r011220	2751.11	3.439507955507072	val	0.5	False
ecoli50_r011221	3987.96	3.600750793604915	train	0.38	False
ecoli50_r011222	263.92	2.4214723025372877	test	0.52	False
ecoli50_r011223	82.44	1.9161379831071752	train	0.58	False
ecoli50_r011224	195.03	2.290101420759143	val	0.56	False
ecoli50_r011225	373.67	2.572488232028253	train	0.54	False
ecoli50_r011226	634.95	2.802739527529692	train	0.4	False
ecoli50_r011227	167.28	2.2234440198096155	train	0.3	False
ecoli50_r011228	894.31	2.9514880869756386	val	0.4	False
ecoli50_r011229	176.85	2.2476050641507705	train	0.46	False
ecoli50_r011230	365.68	2.5631012082812745	val	0.34	False
ecoli50_r011231	143.61	2.157184682201611	train	0.46	False
ecoli50_r011232	601.34	2.779120093254271	train	0.54	False
ecoli50_r011233	106.57	2.027634965777544	val	0.58	False
ecoli50_r011234	252.63	2.402484922073764	train	0.6	False
ecoli50_r011235	1034.57	3.014759880777725	train	0.54	False
ecoli50_r011236	85.55	1.932220013877119	train	0.38	False
ecoli50_r011237	55.73	1.7460890430562002	train	0.56	False
ecoli50_r011238	115.17	2.061339366837067	test	0.36	False
ecoli50_r011239	198.44	2.297629218364148	train	0.32	False
ecoli50_r011240	213.03	2.3284407673684075	val	0.14	False
ecoli50_r011241	70.45	1.8478809974453752	train	0.44	False
ecoli50_r011242	135.63	2.132355761753957	train	0.42	False
ecoli50_r011243	124.99	2.096875268059688	train	0.42	False
ecoli50_r011244	168.37	2.226264711895694	train	0.3	False
ecoli50_r011245	72.21	1.8585973449946924	train	0.28	False
ecoli50_r011246	72.21	1.8585973449946924	train	0.34	False
ecoli50_r011247	56.0	1.7481880270062005	test	0.52	False
ecoli50_r011248	23.05	1.362670929725667	train	0.38	False
ecoli50_r011249	47.87	1.6800634274819486	train	0.48	False
ecoli50_r011250	77.65	1.8901414600645772	test	0.36	False
ecoli50_r011251	38.14	1.5813806887099868	train	0.54	False
ecoli50_r011252	220.46	2.3433298030776064	test	0.4	False
ecoli50_r011253	68.77	1.8373990243420224	train	0.4	False
ecoli50_r011254	53.87	1.731346975545955	train	0.46	False
ecoli50_r011255	82.53	1.916611845109346	train	0.5	False
ecoli50_r011256	140.99	2.149188310536008	train	0.56	False
ecoli50_r011257	8.67	0.9380190974762104	train	0.54	False
ecoli50_r011258	112.39	2.050727671215053	test	0.58	False
ecoli50_r011259	56.97	1.75564621945668	test	0.46	False
ecoli50_r011260	137.55	2.1384605947257023	test	0.54	False
ecoli50_r011261	48.65	1.6870828446043706	test	0.26	False
ecoli50_r011262	37.15	1.569958818096594	train	0.42	False
ecoli50_r011263	64.84	1.8118430061764772	test	0.48	False
ecoli50_r011264	51.47	1.7115541682501696	train	0.44	False
ecoli50_r011265	57.18	1.75724415102197	train	0.54	False
ecoli50_r011266	70.59	1.848743181895684	train	0.56	False
ecoli50_r011267	5832.98	3.7658904873327192	train	0.46	False
ecoli50_r011268	228.51	2.358905210313047	val	0.5	False
ecoli50_r011269	48.11	1.682235356902564	train	0.48	False
ecoli50_r011270	48.76	1.6880636969463445	train	0.46	False
ecoli50_r011271	43.34	1.6368889069837993	train	0.6	False
ecoli50_r011272	317.65	2.5019488596712804	train	0.4	False
ecoli50_r011273	595.38	2.7747942417391163	train	0.48	False
ecoli50_r011274	115.68	2.0632582799504555	train	0.34	False
ecoli50_r011275	89.16	1.9501700598082	val	0.38	False
ecoli50_r011276	60.39	1.780965029608317	val	0.28	False
ecoli50_r011277	7080.59	3.850069447388711	train	0.4	False
ecoli50_r011278	53.25	1.7263196121107751	test	0.38	False
ecoli50_r011279	3144.71	3.49758060170281	train	0.4	False
ecoli50_r011280	120.27	2.080157310970184	train	0.38	False
ecoli50_r011281	219.35	2.341137638740964	train	0.52	True
ecoli50_r011282	229.12	2.3600630006277616	val	0.48	False
ecoli50_r011283	39.25	1.5938396610812713	test	0.46	False
ecoli50_r011284	4052.0	3.607669436688243	train	0.3	False
ecoli50_r011285	5450.51	3.736437140776296	train	0.34	False
ecoli50_r011286	52.07	1.7165875776756925	test	0.5	False
ecoli50_r011287	427.96	2.631403178847069	train	0.44	False
ecoli50_r011288	67.81	1.8312937443770096	train	0.4	False
ecoli50_r011289	27.92	1.4459154139511234	train	0.58	False
ecoli50_r011290	56.59	1.752739693935328	train	0.56	False
ecoli50_r011291	140.9	2.1489109931093564	train	0.3	True
ecoli50_r011292	101.24	2.005352136486217	train	0.5	False
ecoli50_r011293	69.27	1.8405451876368388	val	0.56	False
ecoli50_r011294	2183.35	3.33912336048452	train	0.46	False
ecoli50_r011295	523.29	2.7187424355110865	test	0.32	False
ecoli50_r011296	611.86	2.7866520623695545	train	0.56	False
ecoli50_r011297	1708.37	3.2325819363506345	train	0.36	False
ecoli50_r011298	651.82	2.8141276819290346	val	0.36	False
ecoli50_r011299	54.12	1.7333577879255853	val	0.52	False
ecoli50_r011300	386.3	2.5869247081448203	train	0.52	False
ecoli50_r011301	2225.41	3.3474100352423437	train	0.18	False
ecoli50_r011302	161.03	2.206906792930864	train	0.36	False
ecoli50_r011303	128.68	2.1095110522299323	train	0.3	False
ecoli50_r011304	60.13	1.7790912038454991	test	0.3	False
ecoli50_r011305	95.91	1.9818638909913504	train	0.4	False
ecoli50_r011306	10134.88	4.005818610883359	train	0.44	False
ecoli50_r011307	4305.92	3.634065956773743	val	0.38	False
ecoli50_r011308	4473.74	3.650670740635351	test	0.38	True
ecoli50_r011309	159.35	2.2023520678097515	train	0.3	False
ecoli50_r011310	44272.54	4.646134438995783	train	0.4	False
ecoli50_r011311	3291.12	3.5173437177205997	train	0.4	False
ecoli50_r011312	259.37	2.4139197420336536	train	0.6	False
ecoli50_r011313	785.49	2.8951406604486034	train	0.36	False
ecoli50_r011314	50.62	1.704322140822235	train	0.38	False
ecoli50_r011315	129.41	2.111967837206073	train	0.38	False
ecoli50_r011316	493.1	2.692935002531138	train	0.44	True
ecoli50_r011317	111.46	2.047119038720181	train	0.44	False
ecoli50_r011318	941.18	2.9736726898789043	val	0.5	False
ecoli50_r011319	1019.2	3.008259414991276	train	0.44	False
ecoli50_r011320	276.22	2.441255120930429	train	0.26	False
ecoli50_r011321	185.68	2.2687651274478613	train	0.42	False
ecoli50_r011322	260.0	2.4149733479708178	train	0.58	False
ecoli50_r011323	175.07	2.2432117317447595	test	0.52	False
ecoli50_r011324	533.42	2.7270692950561486	train	0.42	False
ecoli50_r011325	68.46	1.8354368948018585	train	0.46	False
ecoli50_r011326	30.19	1.4798631130230977	train	0.6	False
ecoli50_r011327	84.88	1.928805370893284	train	0.38	False
ecoli50_r011328	159.85	2.2037126406077068	train	0.5	False
ecoli50_r011329	276.78	2.4421347049919104	train	0.44	False
ecoli50_r011330	210.17	2.322570724231276	val	0.52	False
ecoli50_r011331	152.32	2.182756931040399	train	0.52	False
ecoli50_r011332	78.84	1.896746615607405	train	0.52	False
ecoli50_r011333	67.79	1.8311656339094424	train	0.4	False
ecoli50_r011334	1984.42	3.297633595428181	train	0.52	False
ecoli50_r011335	1549.24	3.190118701556372	val	0.46	False
ecoli50_r011336	234.52	2.37017988551276	train	0.5	False
ecoli50_r011337	60.13	1.7790912038454991	test	0.52	False
ecoli50_r011338	2520.05	3.4014091576500656	train	0.42	True
ecoli50_r011339	366.82	2.5644530065313664	val	0.46	False
ecoli50_r011340	214.55	2.3315285188686907	train	0.32	False
ecoli50_r011341	106.38	2.026859985984561	train	0.52	False
ecoli50_r011342	45.69	1.659821158055705	val	0.36	False
ecoli50_r011343	655.8	2.8167714123333463	train	0.48	False
ecoli50_r011344	220.78	2.343959729007141	train	0.38	False
ecoli50_r011345	50.11	1.6999244027424767	train	0.52	False
ecoli50_r011346	113.02	2.0531553029618794	train	0.42	False
ecoli50_r011347	71.8	1.8561244442423004	test	0.46	False
ecoli50_r011348	402.37	2.604625593021657	test	0.44	False
ecoli50_r011349	174.39	2.24152157767605	train	0.48	False
ecoli50_r011350	100.22	2.0009543984064577	train	0.34	False
ecoli50_r011351	175.52	2.244326610230636	train	0.62	False
ecoli50_r011352	532.6	2.7264011621029223	test	0.54	False
ecoli50_r011353	288.52	2.4601759235180283	train	0.42	False
ecoli50_r011354	165.18	2.2179574617769737	val	0.58	False
ecoli50_r011355	178.81	2.2523918031812444	train	0.38	False
ecoli50_r011356	317.34	2.501524817402628	train	0.36	False
ecoli50_r011357	35.03	1.5444401373176924	val	0.36	False
ecoli50_r011358	1926.6	3.284791555950146	val	0.38	False
ecoli50_r011359	70.59	1.848743181895684	train	0.36	False
ecoli50_r011360	133.49	2.1254487330602623	train	0.46	False
ecoli50_r011361	185.76	2.2689522023944986	train	0.42	False
ecoli50_r011362	39.79	1.5997739391463883	train	0.48	False
ecoli50_r011363	157.68	2.197776611271387	test	0.42	False
ecoli50_r011364	137.25	2.1375123531221294	train	0.48	False
ecoli50_r011365	72.92	1.8628466599829387	train	0.5	False
ecoli50_r011366	85.57	1.9323215319892928	train	0.48	False
ecoli50_r011367	1055.77	3.0235693172410296	train	0.34	False
ecoli50_r011368	108.24	2.0343877835895667	train	0.44	False
ecoli50_r011369	296.94	2.4726687041948	train	0.5	False
ecoli50_r011370	37.23	1.5708930362183922	train	0.5	False
ecoli50_r011371	475.7	2.677333151419902	train	0.58	False
ecoli50_r011372	265.26	2.4236717652895177	train	0.5	False
ecoli50_r011373	194.53	2.2889865867916286	train	0.42	False
ecoli50_r011374	176.85	2.2476050641507705	val	0.52	False
ecoli50_r011375	1551.45	3.190737783739713	train	0.44	False
ecoli50_r011376	30.19	1.4798631130230977	val	0.48	False
ecoli50_r011377	47.87	1.6800634274819486	test	0.46	False
ecoli50_r011378	50.77	1.705607163404605	train	0.38	True
ecoli50_r011379	246.55	2.391905006867157	train	0.36	False
ecoli50_r011380	11301.15	4.053122639345544	test	0.4	False
ecoli50_r011381	78.02	1.8922059459757723	train	0.54	False
ecoli50_r011382	792.86	2.89919650813076	train	0.46	False
ecoli50_r011383	68.73	1.83714634390906	train	0.42	False
ecoli50_r011384	249.06	2.396303983762163	val	0.52	False
ecoli50_r011385	80.17	1.9040118835973885	test	0.52	False
ecoli50_r011386	91.75	1.962606072924127	test	0.44	False
ecoli50_r011387	472.96	2.674824412378713	test	0.52	False
ecoli50_r011388	58.95	1.770483809431108	train	0.5	False
ecoli50_r011389	50.11	1.6999244027424767	train	0.4	False
ecoli50_r011390	270.22	2.4317174896460134	train	0.36	False
ecoli50_r011391	2481.75	3.394758030551553	train	0.48	False
ecoli50_r011392	253.09	2.403274985811686	train	0.42	False
ecoli50_r011393	140.9	2.1489109931093564	train	0.5	False
ecoli50_r011394	94.32	1.9746037920870327	train	0.48	False
ecoli50_r011395	54.12	1.7333577879255853	train	0.54	False
ecoli50_r011396	61.9	1.791690649020118	val	0.48	False
ecoli50_r011397	49.2	1.6919651027673603	train	0.5	False
ecoli50_r011398	159.16	2.2018339304743506	test	0.54	False
ecoli50_r011399	814.21	2.910736432013105	train	0.38	False
ecoli50_r011400	43.88	1.6422666189026736	train	0.56	False
ecoli50_r011401	122.6	2.0884904701823963	train	0.46	False
ecoli50_r011402	179.48	2.2540160608610367	train	0.44	False
ecoli50_r011403	55.85	1.7470231774516278	val	0.38	False
ecoli50_r011404	38.58	1.5863622233078656	train	0.48	False
ecoli50_r011405	91.33	1.9606134576479088	train	0.6	False
ecoli50_r011406	90.09	1.9546765869186435	train	0.48	False
ecoli50_r011407	28.52	1.455149521179828	train	0.52	False
ecoli50_r011408	120.27	2.080157310970184	train	0.22	False
ecoli50_r011409	1050.07	3.0212182510703425	train	0.28	False
ecoli50_r011410	667.62	2.8245293384319163	train	0.44	False
ecoli50_r011411	92.21	1.964778022022376	train	0.48	False
ecoli50_r011412	981.21	2.991761965668356	train	0.44	False
ecoli50_r011413	176.85	2.2476050641507705	test	0.46	False
ecoli50_r011414	219.84	2.3421067153794564	train	0.44	False
ecoli50_r011415	73.81	1.8681152053272168	test	0.5	False
ecoli50_r011416	87.76	1.9432966145666548	train	0.46	False
ecoli50_r011417	354.79	2.549971370443728	val	0.16	False
ecoli50_r011418	739.65	2.869026261586819	train	0.34	True
ecoli50_r011419	33.55	1.5256925245050108	train	0.32	False
ecoli50_r011420	216.48	2.3354177792535475	val	0.32	False
ecoli50_r011421	60.13	1.7790912038454991	val	0.28	False
ecoli50_r011422	73.81	1.8681152053272168	train	0.56	False
ecoli50_r011423	74.27	1.8708134239155976	train	0.56	False
ecoli50_r011424	188.64	2.2756337877510138	train	0.48	False
ecoli50_r011425	101.06	2.004579293902212	train	0.56	False
ecoli50_r011426	177.81	2.2499561819586806	train	0.56	False
ecoli50_r011427	40.87	1.6114046377115934	test	0.46	False
ecoli50_r011428	2074.94	3.317005542953818	train	0.48	True
ecoli50_r011429	243.35	2.3862313505795254	val	0.44	True
ecoli50_r011430	115.81	2.0637460616134438	train	0.36	True
ecoli50_r011431	44.58	1.6491400641442189	train	0.58	False
ecoli50_r011432	268.13	2.428345408184885	val	0.54	False
ecoli50_r011433	441.92	2.6453436568985373	test	0.48	False
ecoli50_r011434	1066.37	3.0279079186472466	test	0.42	False
ecoli50_r011435	580.09	2.763495378857957	train	0.34	False
ecoli50_r011436	697.35	2.8434508052387684	train	0.36	False
ecoli50_r011437	114.25	2.057856208741888	train	0.5	False
ecoli50_r011438	156.04	2.1932359416397538	train	0.52	False
ecoli50_r011439	111.69	2.0480142909380548	train	0.56	False
ecoli50_r011440	61.17	1.7865384804978024	train	0.5	False
ecoli50_r011441	210.09	2.322405381067654	test	0.46	False
ecoli50_r011442	226.95	2.355930187078868	train	0.46	False
ecoli50_r011443	322.07	2.507950273279053	train	0.42	False
ecoli50_r011444	48.11	1.682235356902564	train	0.54	False
ecoli50_r011445	33.55	1.5256925245050108	train	0.48	False
ecoli50_r011446	138.7	2.1420764610732848	test	0.54	False
ecoli50_r011447	108.24	2.0343877835895667	test	0.48	False
ecoli50_r011448	21.67	1.335858911319818	val	0.42	False
ecoli50_r011449	89.16	1.9501700598082	train	0.52	False
ecoli50_r011450	212.21	2.3267658453640534	val	0.36	False
ecoli50_r011451	222.91	2.348129551869214	train	0.4	False
ecoli50_r011452	947.75	2.9766937930984723	train	0.44	False
ecoli50_r011453	39.01	1.5911759503117913	train	0.46	False
ecoli50_r011454	78.84	1.896746615607405	train	0.4	False
ecoli50_r011455	43.65	1.6399842480415885	train	0.46	False
ecoli50_r011456	767.23	2.884925576148698	train	0.46	False
ecoli50_r011457	114.24	2.057818194432099	test	0.5	False
ecoli50_r011458	81.5	1.9111576087399769	train	0.4	False
ecoli50_r011459	324.44	2.5111343927288665	val	0.36	False
ecoli50_r011460	81.5	1.9111576087399769	train	0.44	False
ecoli50_r011461	55.95	1.747800090864369	train	0.44	False
ecoli50_r011462	53.87	1.731346975545955	train	0.38	False
ecoli50_r011463	248.92	2.3960597923124327	test	0.36	True
ecoli50_r011464	38.58	1.5863622233078656	train	0.34	False
ecoli50_r011465	20517.67	4.312128040475011	train	0.58	False
ecoli50_r011466	434.68	2.638169658388542	train	0.36	False
ecoli50_r011467	51.47	1.7115541682501696	train	0.42	False
ecoli50_r011468	84.19	1.9252605095194355	train	0.46	False
ecoli50_r011469	142.58	2.1540586103769708	train	0.5	False
ecoli50_r011470	46.44	1.6668922110665363	test	0.36	False
ecoli50_r011471	309.48	2.490632588185562	test	0.42	False
ecoli50_r011472	459.45	2.662238255862254	train	0.36	False
ecoli50_r011473	71.57	1.8547310172139424	test	0.4	False
ecoli50_r011474	243.51	2.386516800686768	train	0.42	False
ecoli50_r011475	243.51	2.386516800686768	train	0.42	False
ecoli50_r011476	324.72	2.511509038309229	train	0.5	False
ecoli50_r011477	90.2	1.9552065375419416	train	0.2	False
ecoli50_r011478	95.3	1.9790929006383264	train	0.32	False
ecoli50_r011479	205.46	2.312727283778124	test	0.3	False
ecoli50_r011480	130.97	2.117171827514267	train	0.46	False
ecoli50_r011481	49.2	1.6919651027673603	train	0.58	False
ecoli50_r011482	69.0	1.8388490907372552	train	0.52	False
ecoli50_r011483	5541.68	3.743641444173277	test	0.38	False
ecoli50_r011484	38.6	1.586587304671755	train	0.42	False
ecoli50_r011485	72.45	1.8600383898071933	val	0.46	False
ecoli50_r011486	54.77	1.7385427409287852	train	0.44	False
ecoli50_r011487	30.07	1.4781334281005176	train	0.46	False
ecoli50_r011488	27.51	1.4394905903896835	test	0.46	False
ecoli50_r011489	96.17	1.983039616046102	val	0.52	False
ecoli50_r011490	3288.6	3.517011052455844	train	0.42	False
ecoli50_r011491	114.95	2.060508975605298	test	0.44	False
ecoli50_r011492	122.33	2.087532975734093	train	0.46	False
ecoli50_r011493	103.16	2.0135113334659	train	0.56	False
ecoli50_r011494	67.79	1.8311656339094424	train	0.44	False
ecoli50_r011495	48.63	1.6869042695681773	train	0.48	False
ecoli50_r011496	48.63	1.6869042695681773	train	0.4	False
ecoli50_r011497	944.72	2.975303109595325	train	0.4	False
ecoli50_r011498	114.25	2.057856208741888	val	0.36	False
ecoli50_r011499	2883.63	3.459939535081059	train	0.38	False
ecoli50_r011500	60.68	1.783045572114693	train	0.64	False
ecoli50_r011501	319.8	2.504878459410216	val	0.54	False
ecoli50_r011502	54.53	1.7366354976868212	val	0.54	False
ecoli50_r011503	2078.66	3.317783458932554	train	0.34	False
ecoli50_r011504	2022.93	3.3059808550200844	train	0.3	False
ecoli50_r011505	138.31	2.1408535813227223	test	0.32	False
ecoli50_r011506	76.63	1.8843988255566864	train	0.3	False
ecoli50_r011507	36.08	1.557266528869904	train	0.28	False
ecoli50_r011508	120.25	2.0800850850458694	train	0.48	False
ecoli50_r011509	100.31	2.0013442304116014	train	0.46	False
ecoli50_r011510	132.29	2.1215270164553788	train	0.48	False
ecoli50_r011511	884.0	2.946452265013073	train	0.38	False
ecoli50_r011512	144.94	2.16118825698226	test	0.36	False
ecoli50_r011513	36.08	1.557266528869904	train	0.3	False
ecoli50_r011514	303.17	2.481686223744099	train	0.38	False
ecoli50_r011515	827.62	2.917830977141941	val	0.48	False
ecoli50_r011516	145.94	2.164174341916649	test	0.42	False
ecoli50_r011517	572.14	2.757502311639126	train	0.4	False
ecoli50_r011518	48.11	1.682235356902564	train	0.5	False
ecoli50_r011519	169.11	2.2281692895398506	train	0.38	False
ecoli50_r011520	33.8	1.5289167002776547	val	0.42	False
ecoli50_r011521	102.23	2.009578360794542	train	0.44	False
ecoli50_r011522	152.32	2.182756931040399	train	0.56	False
ecoli50_r011523	97.29	1.9880682033926356	train	0.44	False
ecoli50_r011524	150.59	2.177796133292215	test	0.38	False
ecoli50_r011525	341.8	2.533772058384718	test	0.34	False
ecoli50_r011526	143.86	2.1579400559647675	test	0.46	False
ecoli50_r011527	85.45	1.931712067056756	train	0.56	False
ecoli50_r011528	90.58	1.9570323163469383	train	0.38	False
ecoli50_r011529	96.45	1.9843022319799035	train	0.38	False
ecoli50_r011530	67.1	1.826722520168992	val	0.4	False
ecoli50_r011531	55.73	1.7460890430562002	val	0.44	False
ecoli50_r011532	226.95	2.355930187078868	train	0.56	False
ecoli50_r011533	44.21	1.645520514905874	train	0.58	False
ecoli50_r011534	50.53	1.7035492982382303	train	0.56	False
ecoli50_r011535	53.19	1.7258299903205805	train	0.4	False
ecoli50_r011536	85.25	1.9306943876645355	train	0.52	False
ecoli50_r011537	120.27	2.080157310970184	train	0.56	False
ecoli50_r011538	79.35	1.899546931090867	test	0.72	False
ecoli50_r011539	952.78	2.978992632206038	train	0.28	False
ecoli50_r011540	865.55	2.9372921607115727	train	0.28	False
ecoli50_r011541	1286.86	3.1095313017336887	train	0.42	False
ecoli50_r011542	90.2	1.9552065375419416	test	0.56	False
ecoli50_r011543	90.2	1.9552065375419416	val	0.46	False
ecoli50_r011544	64.14	1.8071289555924217	train	0.4	False
ecoli50_r011545	157.9	2.1983821300082944	train	0.44	False
ecoli50_r011546	887.93	2.9483787295038053	test	0.42	False
ecoli50_r011547	35.9	1.5550944485783191	val	0.38	False
ecoli50_r011548	1464.26	3.165618198675746	test	0.3	True
ecoli50_r011549	47.54	1.6770591773921617	train	0.3	True
ecoli50_r011550	64.58	1.8100980406811429	train	0.52	False
ecoli50_r011551	129.29	2.1115649354544983	test	0.38	False
ecoli50_r011552	2023.9	3.306189050400426	test	0.42	False
ecoli50_r011553	120.74	2.081851171517454	test	0.44	False
ecoli50_r011554	60.91	1.7846885995014212	train	0.5	False
ecoli50_r011555	88.9	1.9489017609702135	val	0.5	False
ecoli50_r011556	56.47	1.7518177877368792	train	0.6	False
ecoli50_r011557	60.13	1.7790912038454991	val	0.42	False
ecoli50_r011558	236.97	2.374693368545393	test	0.38	False
ecoli50_r011559	78.17	1.8930401119571176	train	0.44	False
ecoli50_r011560	93.94	1.97285055584723	train	0.54	False
ecoli50_r011561	78.02	1.8922059459757723	train	0.4	False
ecoli50_r011562	77.16	1.8873922189718468	test	0.4	False
ecoli50_r011563	50.53	1.7035492982382303	train	0.6	False
ecoli50_r011564	214.71	2.331852271933605	train	0.5	False
ecoli50_r011565	218.07	2.338595923576831	train	0.4	False
ecoli50_r011566	107.26	2.0304377926270494	test	0.46	False
ecoli50_r011567	116.41	2.0659902892337763	train	0.4	False
ecoli50_r011568	772.23	2.887746669317788	train	0.54	False
ecoli50_r011569	248.92	2.3960597923124327	train	0.48	False
ecoli50_r011570	141.18	2.149773177559665	train	0.4	False
ecoli50_r011571	71.8	1.8561244442423004	train	0.44	False
ecoli50_r011572	100.31	2.0013442304116014	train	0.5	False
ecoli50_r011573	111.52	2.047352760753934	train	0.4	False
ecoli50_r011574	1357.04	3.1325926490770173	train	0.36	False
ecoli50_r011575	1136.85	3.055703166121532	train	0.3	False
ecoli50_r011576	100.22	2.0009543984064577	train	0.3	False
ecoli50_r011577	102.32	2.0099605314705973	train	0.42	False
ecoli50_r011578	249.98	2.397905263723669	test	0.4	False
ecoli50_r011579	94.32	1.9746037920870327	train	0.46	False
ecoli50_r011580	61.61	1.7896512087934096	train	0.48	False
ecoli50_r011581	73.13	1.8640955734242477	test	0.5	False
ecoli50_r011582	132.08	2.120837060254737	test	0.5	False
ecoli50_r011583	98.45	1.993215720474137	val	0.5	False
ecoli50_r011584	20819.99	4.318480516579616	train	0.48	False
ecoli50_r011585	130.86	2.116806915962344	val	0.5	False
ecoli50_r011586	84.19	1.9252605095194355	val	0.54	False
ecoli50_r011587	64.84	1.8118430061764772	train	0.48	False
ecoli50_r011588	78.11	1.8927066378056656	train	0.38	False
ecoli50_r011589	78.11	1.8927066378056656	train	0.4	False
ecoli50_r011590	242.0	2.383815365980431	train	0.48	False
ecoli50_r011591	261.68	2.417770531116925	train	0.48	False
ecoli50_r011592	137.46	2.1381763395730413	train	0.52	False
ecoli50_r011593	76.63	1.8843988255566864	train	0.36	False
ecoli50_r011594	96.6	1.9849771264154932	train	0.3	False
ecoli50_r011595	999.05	2.9995872241426005	test	0.42	False
ecoli50_r011596	469.04	2.671209881176741	train	0.38	False
ecoli50_r011597	15.88	1.2008504980910777	train	0.48	False
ecoli50_r011598	111.25	2.046300019652969	train	0.46	False
ecoli50_r011599	32057.35	4.505927618830849	train	0.36	False
ecoli50_r011600	108.24	2.0343877835895667	train	0.38	False
ecoli50_r011601	44.58	1.6491400641442189	test	0.38	False
ecoli50_r011602	144.32	2.159326520197866	test	0.42	False
ecoli50_r011603	16.21	1.209783014848515	train	0.4	False
ecoli50_r011604	55.73	1.7460890430562002	test	0.34	False
ecoli50_r011605	240.54	2.3811873066341653	test	0.4	False
ecoli50_r011606	105.12	2.0216853522157057	train	0.38	False
ecoli50_r011607	98.41	1.9930392318069092	test	0.36	False
ecoli50_r011608	19.65	1.2933625547114456	train	0.24	False
ecoli50_r011609	58.61	1.7679717213816188	train	0.34	False
ecoli50_r011610	81.78	1.9126471062183168	train	0.38	False
ecoli50_r011611	1705.46	3.2318415378841405	train	0.46	False
ecoli50_r011612	17.64	1.246498580795801	train	0.46	False
ecoli50_r011613	39.76	1.5994463757252757	train	0.32	False
ecoli50_r011614	39.76	1.5994463757252757	train	0.34	False
ecoli50_r011615	986.65	2.994163120221878	train	0.32	False
ecoli50_r011616	486.33	2.686931060505042	train	0.38	False
ecoli50_r011617	61.17	1.7865384804978024	train	0.44	False
ecoli50_r011618	84.71	1.9279346817411795	train	0.42	False
ecoli50_r011619	80.52	1.905903766216617	val	0.38	False
ecoli50_r011620	58.51	1.7672300981107183	val	0.42	False
ecoli50_r011621	165.06	2.217641840773328	train	0.38	False
ecoli50_r011622	390.84	2.591999004612498	train	0.38	False
ecoli50_r011623	288.64	2.460356515861848	test	0.36	False
ecoli50_r011624	115.17	2.061339366837067	test	0.38	False
ecoli50_r011625	30.96	1.490800952010855	train	0.3	False
ecoli50_r011626	66.15	1.82052984852352	test	0.34	False
ecoli50_r011627	66.15	1.82052984852352	val	0.4	False
ecoli50_r011628	212.22	2.326786310198395	train	0.42	False
ecoli50_r011629	372.83	2.571510850866108	test	0.24	False
ecoli50_r011630	395.87	2.597552591097688	val	0.34	False
ecoli50_r011631	44.45	1.6478717653062325	train	0.52	False
ecoli50_r011632	48.11	1.682235356902564	train	0.48	False
ecoli50_r011633	1154.57	3.06242026873188	val	0.22	False
ecoli50_r011634	1467.27	3.1665100379882625	train	0.36	False
ecoli50_r011635	66.15	1.82052984852352	train	0.34	False
ecoli50_r011636	386.3	2.5869247081448203	train	0.36	False
ecoli50_r011637	168.37	2.226264711895694	train	0.52	False
ecoli50_r011638	141.48	2.150695051142714	train	0.34	False
ecoli50_r011639	81.73	1.9123814989188004	val	0.46	False
ecoli50_r011640	315.37	2.4988203781047096	train	0.32	False
ecoli50_r011641	132.29	2.1215270164553788	train	0.42	False
ecoli50_r011642	383.36	2.5836067963731986	val	0.5	False
ecoli50_r011643	200.62	2.3023742260755826	train	0.4	False
ecoli50_r011644	200.62	2.3023742260755826	train	0.4	False
ecoli50_r011645	3048.79	3.4841275112849908	train	0.44	False
ecoli50_r011646	67.1	1.826722520168992	train	0.4	False
ecoli50_r011647	118.89	2.075145327053852	train	0.48	False
ecoli50_r011648	87.31	1.941063988219902	test	0.38	False
ecoli50_r011649	119.67	2.077985291029502	train	0.6	False
ecoli50_r011650	70.45	1.8478809974453752	train	0.52	False
ecoli50_r011651	74.3	1.8709888137605752	train	0.48	False
ecoli50_r011652	35.29	1.547651658359969	test	0.44	False
ecoli50_r011653	96.21	1.9832202146481028	train	0.38	False
ecoli50_r011654	721.61	2.858302542985558	train	0.4	False
ecoli50_r011655	45.29	1.6560023206829573	train	0.58	False
ecoli50_r011656	95.74	1.9810934231459296	train	0.48	False
ecoli50_r011657	19469.07	4.289345206604026	train	0.46	False
ecoli50_r011658	222.5	2.3473300153169503	train	0.38	False
ecoli50_r011659	660.91	2.8201423230793314	test	0.24	False
ecoli50_r011660	256.43	2.4089688323612077	train	0.34	False
ecoli50_r011661	35.29	1.547651658359969	train	0.46	False
ecoli50_r011662	50.53	1.7035492982382303	train	0.54	False
ecoli50_r011663	1503.35	3.1770601019263083	train	0.36	False
ecoli50_r011664	339.54	2.530890944318972	test	0.58	True
ecoli50_r011665	243.33	2.3861956561205666	train	0.46	False
ecoli50_r011666	56.47	1.7518177877368792	train	0.52	False
ecoli50_r011667	201.29	2.303822199862847	train	0.4	True
ecoli50_r011668	248.26	2.394906751054026	train	0.5	False
ecoli50_r011669	123.66	2.092229242162857	val	0.48	False
ecoli50_r011670	150.97	2.178890655048907	train	0.44	False
ecoli50_r011671	61.3	1.787460474518415	val	0.48	False
ecoli50_r011672	144.32	2.159326520197866	train	0.46	False
ecoli50_r011673	132.52	2.122281427209922	train	0.36	False
ecoli50_r011674	132.52	2.122281427209922	train	0.42	False
ecoli50_r011675	94.32	1.9746037920870327	train	0.38	False
ecoli50_r011676	57.91	1.762753564933374	train	0.52	False
ecoli50_r011677	104.38	2.018617292519441	val	0.54	False
ecoli50_r011678	948.61	2.977087698559504	train	0.38	False
ecoli50_r011679	948.61	2.977087698559504	train	0.36	False
ecoli50_r011680	180.84	2.2572944983622567	train	0.28	False
ecoli50_r011681	793.77	2.899694681015259	val	0.52	False
ecoli50_r011682	235.79	2.372525382451559	train	0.4	False
ecoli50_r011683	50.32	1.7017406324372124	test	0.56	False
ecoli50_r011684	72.13	1.858115932190066	train	0.44	False
ecoli50_r011685	2585.76	3.412588212921542	train	0.24	False
ecoli50_r011686	2417.38	3.38334492468624	train	0.36	False
ecoli50_r011687	72.16	1.8582965245338852	train	0.5	False
ecoli50_r011688	292.53	2.466170411157883	val	0.5	False
ecoli50_r011689	104.03	2.017158598487814	train	0.5	False
ecoli50_r011690	64.14	1.8071289555924217	train	0.5	False
ecoli50_r011691	42.25	1.6258267132857112	train	0.34	False
ecoli50_r011692	340.76	2.532448609572284	train	0.38	False
ecoli50_r011693	122.55	2.088313315588097	train	0.48	False
ecoli50_r011694	100.46	2.0019931738235304	train	0.5	False
ecoli50_r011695	48.71	1.68761812957177	train	0.32	False
ecoli50_r011696	44.32	1.6465997517203734	val	0.48	False
ecoli50_r011697	275.1	2.4394905903896835	test	0.58	False
ecoli50_r011698	143.61	2.157184682201611	train	0.46	False
ecoli50_r011699	112.0	2.049218022670181	train	0.26	False
ecoli50_r011700	114.25	2.057856208741888	train	0.3	False
ecoli50_r011701	19491.38	4.289842588484897	val	0.34	False
ecoli50_r011702	367.07	2.564748891813018	train	0.22	False
ecoli50_r011703	229.42	2.360631275426736	train	0.38	False
ecoli50_r011704	43.61	1.6395860866734264	train	0.32	False
ecoli50_r011705	187.45	2.272885444757569	train	0.4	False
ecoli50_r011706	303.61	2.482316071812693	train	0.44	False
ecoli50_r011707	218.83	2.34010686035489	train	0.5	False
ecoli50_r011708	29.47	1.4693801358499252	train	0.46	False
ecoli50_r011709	1196.65	3.07796714514687	val	0.56	False
ecoli50_r011710	137.46	2.1381763395730413	val	0.32	False
ecoli50_r011711	90.58	1.9570323163469383	val	0.54	False
ecoli50_r011712	68.11	1.8332108802826088	train	0.44	True
ecoli50_r011713	88.42	1.9465505105698555	train	0.52	False
ecoli50_r011714	191.23	2.2815560250343667	train	0.42	False
ecoli50_r011715	36.08	1.557266528869904	train	0.46	False
ecoli50_r011716	247.32	2.393259237826838	test	0.42	False
ecoli50_r011717	118.89	2.075145327053852	test	0.48	False
ecoli50_r011718	426.83	2.630254936470747	test	0.46	False
ecoli50_r011719	410.87	2.613704432062307	train	0.42	False
ecoli50_r011720	104.03	2.017158598487814	train	0.38	False
ecoli50_r011721	277.62	2.4434507498835405	val	0.28	False
ecoli50_r011722	60.13	1.7790912038454991	train	0.3	False
ecoli50_r011723	53.68	1.7298125071609356	train	0.46	False
ecoli50_r011724	2730.08	3.436175373432514	train	0.38	False
ecoli50_r011725	324.72	2.511509038309229	train	0.52	False
ecoli50_r011726	182.84	2.2620712126172933	train	0.3	False
ecoli50_r011727	92.42	1.965765964182686	test	0.26	False
ecoli50_r011728	92.88	1.967922206730517	train	0.42	False
ecoli50_r011729	568.12	2.7544400783755654	train	0.5	False
ecoli50_r011730	568.74	2.754913773651104	train	0.44	False
ecoli50_r011731	178.68	2.252075943799801	train	0.48	False
ecoli50_r011732	64.84	1.8118430061764772	test	0.44	False
ecoli50_r011733	271.74	2.434153571066601	train	0.52	False
ecoli50_r011734	95.79	1.9813201732591077	train	0.52	False
ecoli50_r011735	94.13	1.9737280586880277	test	0.46	False
ecoli50_r011736	5238.43	3.719201144902959	train	0.48	False
ecoli50_r011737	271.74	2.434153571066601	train	0.4	False
ecoli50_r011738	213.13	2.3286445849439072	train	0.4	False
ecoli50_r011739	130.82	2.1166741447959465	train	0.48	False
ecoli50_r011740	227.33	2.35665675193585	train	0.44	False
ecoli50_r011741	205.89	2.3136352536103337	val	0.5	False
ecoli50_r011742	50.53	1.7035492982382303	train	0.38	False
ecoli50_r011743	24.77	1.393926006585837	test	0.5	False
ecoli50_r011744	330.74	2.519486722064457	train	0.44	False
ecoli50_r011745	94.32	1.9746037920870327	train	0.4	False
ecoli50_r011746	147.37	2.168409083519626	train	0.42	False
ecoli50_r011747	73.69	1.8674085565227911	val	0.48	False
ecoli50_r011748	67.79	1.8311656339094424	val	0.52	False
ecoli50_r011749	138.53	2.141543834220653	train	0.34	False
ecoli50_r011750	66.87	1.8252313231999	val	0.26	False
ecoli50_r011751	114.25	2.057856208741888	val	0.22	False
ecoli50_r011752	300.67	2.478090097590289	train	0.4	False
ecoli50_r011753	335.68	2.525925466513464	test	0.52	False
ecoli50_r011754	191.48	2.282123418809911	train	0.54	False
ecoli50_r011755	137.46	2.1381763395730413	test	0.4	False
ecoli50_r011756	273.52	2.4369890877885383	train	0.52	False
ecoli50_r011757	2502.47	3.398368879792694	train	0.56	False
ecoli50_r011758	52.01	1.7160868537748322	test	0.5	False
ecoli50_r011759	44.21	1.645520514905874	train	0.38	False
ecoli50_r011760	147.37	2.168409083519626	test	0.32	False
ecoli50_r011761	117.42	2.0697420760416447	train	0.28	False
ecoli50_r011762	786.96	2.8959526583809714	test	0.36	False
ecoli50_r011763	248.92	2.3960597923124327	train	0.32	False
ecoli50_r011764	304.65	2.483801182460488	test	0.58	False
ecoli50_r011765	835.86	2.9221335426076207	train	0.42	False
ecoli50_r011766	835.86	2.9221335426076207	train	0.3	False
ecoli50_r011767	49.52	1.6947806360120616	train	0.58	False
ecoli50_r011768	106.38	2.026859985984561	train	0.56	False
ecoli50_r011769	88.42	1.9465505105698555	train	0.46	False
ecoli50_r011770	2307.14	3.363073948826548	val	0.4	False
ecoli50_r011771	2314.57	3.36447031977168	train	0.32	False
ecoli50_r011772	219.2	2.340840549812332	val	0.48	False
ecoli50_r011773	44.5	1.6483600109809315	train	0.52	False
ecoli50_r011774	61.17	1.7865384804978024	train	0.56	False
ecoli50_r011775	895.75	2.952186816838148	train	0.48	True
ecoli50_r011776	667.49	2.824444763703503	train	0.5	True
ecoli50_r011777	93.08	1.9688563746146923	train	0.44	False
ecoli50_r011778	95.74	1.9810934231459296	test	0.52	False
ecoli50_r011779	74.3	1.8709888137605752	val	0.42	False
ecoli50_r011780	1476.14	3.169127548777078	train	0.38	False
ecoli50_r011781	93.94	1.97285055584723	train	0.26	False
ecoli50_r011782	134.19	2.1277201528923197	train	0.42	False
ecoli50_r011783	67.1	1.826722520168992	train	0.36	False
ecoli50_r011784	340.4	2.53198955141255	train	0.5	False
ecoli50_r011785	319.51	2.504484455223232	val	0.58	False
ecoli50_r011786	326.94	2.5144680582877523	train	0.46	False
ecoli50_r011787	50.16	1.70035752782266	train	0.5	False
ecoli50_r011788	26.59	1.424718337331567	val	0.54	False
ecoli50_r011789	43.88	1.6422666189026736	train	0.32	False
ecoli50_r011790	28428.28	4.453750584308595	train	0.5	False
ecoli50_r011791	28085.42	4.44848092286477	train	0.56	False
ecoli50_r011792	14866.55	4.172210195838553	train	0.4	False
ecoli50_r011793	14124.23	4.1499647810319225	train	0.4	False
ecoli50_r011794	205.89	2.3136352536103337	test	0.52	False
ecoli50_r011795	84.88	1.928805370893284	train	0.46	False
ecoli50_r011796	44.21	1.645520514905874	train	0.58	False
ecoli50_r011797	55.73	1.7460890430562002	train	0.42	False
ecoli50_r011798	66.48	1.8226910107760543	train	0.58	False
ecoli50_r011799	278.97	2.445557502431367	train	0.5	False
ecoli50_r011800	1921.72	3.283690110016495	train	0.46	False
ecoli50_r011801	2141.81	3.330780941934002	train	0.48	False
ecoli50_r011802	53.19	1.7258299903205805	train	0.48	False
ecoli50_r011803	63.16	1.8004421213362567	train	0.38	False
ecoli50_r011804	374.32	2.573243032184124	val	0.48	False
ecoli50_r011805	59.44	1.7740788007525188	train	0.44	False
ecoli50_r011806	60.05	1.7785130117389247	train	0.48	False
ecoli50_r011807	46.44	1.6668922110665363	train	0.58	False
ecoli50_r011808	120.37	2.0805182605271177	val	0.54	False
ecoli50_r011809	4618.28	3.6644802600598414	train	0.34	False
ecoli50_r011810	829.85	2.918999598328464	train	0.54	False
ecoli50_r011811	40.26	1.6048737705526357	train	0.38	False
ecoli50_r011812	57.03	1.7561033715851055	val	0.46	False
ecoli50_r011813	455.57	2.6585551173749464	val	0.4	True
ecoli50_r011814	60.13	1.7790912038454991	train	0.42	False
ecoli50_r011815	51.47	1.7115541682501696	train	0.52	False
ecoli50_r011816	98.4	1.9929950984313416	train	0.54	False
ecoli50_r011817	82.44	1.9161379831071752	train	0.38	False
ecoli50_r011818	184.84	2.266795959846668	train	0.5	False
ecoli50_r011819	65.15	1.8139144200486037	train	0.44	False
ecoli50_r011820	195.46	2.291057894434276	val	0.48	False
ecoli50_r011821	102.37	2.010172703286779	train	0.54	False
ecoli50_r011822	95.49	1.9799578933406652	train	0.46	False
ecoli50_r011823	412.39	2.615308125579776	train	0.44	False
ecoli50_r011824	153.27	2.185457157401926	train	0.36	False
ecoli50_r011825	337.16	2.5278360451647086	train	0.44	False
ecoli50_r011826	171.15	2.233376903473896	val	0.42	False
ecoli50_r011827	85.45	1.931712067056756	val	0.5	False
ecoli50_r011828	50.11	1.6999244027424767	test	0.54	False
ecoli50_r011829	133.75	2.126293790693266	train	0.44	False
ecoli50_r011830	392.59	2.5939392331138853	train	0.52	False
ecoli50_r011831	751.79	2.8760965446104314	train	0.48	False
ecoli50_r011832	87.23	1.9406658724758288	train	0.54	False
ecoli50_r011833	761.55	2.8816984224602864	train	0.58	False
ecoli50_r011834	557.28	2.746073457114161	train	0.46	False
ecoli50_r011835	44.58	1.6491400641442189	test	0.44	False
ecoli50_r011836	158.23	2.199288828082405	train	0.52	False
ecoli50_r011837	554.14	2.7436195003715613	train	0.26	False
ecoli50_r011838	109.05	2.037625669914719	val	0.52	False
ecoli50_r011839	1660.65	3.220278109823045	train	0.58	False
ecoli50_r011840	107.74	2.032376971209936	train	0.62	False
ecoli50_r011841	63.16	1.8004421213362567	val	0.36	False
ecoli50_r011842	719.32	2.856922135608565	train	0.42	True
ecoli50_r011843	163.47	2.213438062623771	train	0.42	False
ecoli50_r011844	664.26	2.822338101151008	train	0.42	False
ecoli50_r011845	232.95	2.36726271478424	train	0.44	False
ecoli50_r011846	675.48	2.829612494707827	train	0.46	False
ecoli50_r011847	64.84	1.8118430061764772	train	0.5	False
ecoli50_r011848	62.06	1.7928117712481468	train	0.46	False
ecoli50_r011849	673.5	2.8283376000590046	test	0.6	False
ecoli50_r011850	1345.86	3.1289998857499857	test	0.42	False
ecoli50_r011851	1345.86	3.1289998857499857	train	0.44	False
ecoli50_r011852	28.42	1.453624073591451	train	0.5	False
ecoli50_r011853	58.95	1.770483809431108	test	0.52	False
ecoli50_r011854	70.45	1.8478809974453752	test	0.52	False
ecoli50_r011855	83.87	1.9236066430174592	test	0.54	False
ecoli50_r011856	87.76	1.9432966145666548	train	0.38	False
ecoli50_r011857	57.59	1.7603470785299065	train	0.46	False
ecoli50_r011858	1390.72	3.143239700304412	train	0.48	False
ecoli50_r011859	159.16	2.2018339304743506	train	0.6	False
ecoli50_r011860	117.03	2.068297205031454	test	0.42	False
ecoli50_r011861	55.73	1.7460890430562002	train	0.56	False
ecoli50_r011862	175.52	2.244326610230636	test	0.54	False
ecoli50_r011863	85.45	1.931712067056756	val	0.5	False
ecoli50_r011864	75.48	1.8778318914928935	train	0.5	False
ecoli50_r011865	24734.86	4.393309456588232	train	0.26	True
ecoli50_r011866	186.41	2.270469206453198	train	0.34	False
ecoli50_r011867	637.42	2.804425685986428	train	0.24	False
ecoli50_r011868	210.09	2.322405381067654	train	0.52	False
ecoli50_r011869	56.0	1.7481880270062005	train	0.54	False
ecoli50_r011870	29.72	1.4730488050885375	train	0.56	False
ecoli50_r011871	197.31	2.2951490965789185	train	0.42	False
ecoli50_r011872	44.21	1.645520514905874	train	0.46	False
ecoli50_r011873	63.94	1.805772631935669	test	0.48	False
ecoli50_r011874	516.84	2.713356117810225	train	0.52	False
ecoli50_r011875	2258.9	3.353897005418162	test	0.38	False
ecoli50_r011876	245.2	2.3895204658463776	test	0.44	False
ecoli50_r011877	76.16	1.8817269353764177	train	0.42	False
ecoli50_r011878	5170.94	3.713569498549465	train	0.3	True
ecoli50_r011879	298.83	2.475424194818204	train	0.36	False
ecoli50_r011880	1531.41	3.185091478679716	train	0.26	True
ecoli50_r011881	3436.56	3.5361239307975123	train	0.36	False
ecoli50_r011882	55.06	1.7408362070573116	train	0.38	False
ecoli50_r011883	53.28	1.7265642161622448	train	0.32	False
ecoli50_r011884	553.23	2.7429057225601823	train	0.5	False
