subset,target_log10,ecdf
train,0.9380190974762104,0.00012022120702091849
train,0.9960736544852752,0.00024044241404183698
train,1.0025979807199086,0.0003606636210627555
train,1.0073209529227445,0.00048088482808367395
train,1.0704073217401198,0.0006011060351045924
train,1.0715138050950892,0.000721327242125511
train,1.1089031276673134,0.0008415484491464295
train,1.1139433523068367,0.0009617696561673479
train,1.1341771075767664,0.0010819908631882664
train,1.1383026981662814,0.0012022120702091848
train,1.1535099893008376,0.0013224332772301035
train,1.1687920203141815,0.001442654484251022
train,1.171141151028382,0.0015628756912719403
train,1.1720188094245565,0.001683096898292859
train,1.1789769472931697,0.0018033181053137774
train,1.1789769472931697,0.0019235393123346958
train,1.1826999033360426,0.0020437605193556144
train,1.189770956346874,0.002163981726376533
train,1.1947917577219247,0.0022842029333974513
train,1.2008504980910777,0.0024044241404183697
train,1.205204363948145,0.002524645347439288
train,1.209783014848515,0.002644866554460207
train,1.209783014848515,0.0027650877614811254
train,1.209783014848515,0.002885308968502044
train,1.2100508498751372,0.0030055301755229622
train,1.2148438480476975,0.0031257513825438807
train,1.216957207361097,0.003245972589564799
train,1.2227164711475833,0.003366193796585718
train,1.2232362731029975,0.0034864150036066363
train,1.2232362731029975,0.0036066362106275548
train,1.2245330626060855,0.003726857417648473
train,1.2263420871636308,0.0038470786246693916
train,1.2263420871636308,0.00396729983169031
train,1.2271150825891253,0.004087521038711229
train,1.2317243833285163,0.004207742245732147
train,1.2332500095411003,0.004327963452753066
train,1.2377949932739225,0.004448184659773984
train,1.2390490931401914,0.0045684058667949026
train,1.246498580795801,0.004688627073815821
train,1.248708735600918,0.004808848280836739
train,1.252610340567373,0.004929069487857658
train,1.2543063323312855,0.005049290694878576
train,1.2543063323312855,0.005169511901899495
train,1.2562365332059229,0.005289733108920414
train,1.2562365332059229,0.005409954315941332
train,1.2562365332059229,0.005530175522962251
train,1.2562365332059229,0.005650396729983169
train,1.2659963704950792,0.005770617937004088
train,1.2659963704950792,0.005890839144025006
train,1.2659963704950792,0.0060110603510459245
train,1.2659963704950792,0.006131281558066843
train,1.2690457096576229,0.006251502765087761
train,1.2690457096576229,0.00637172397210868
train,1.2692793897718986,0.006491945179129598
train,1.2699796766453235,0.006612166386150517
train,1.2699796766453235,0.006732387593171436
train,1.2748503200166648,0.006852608800192354
train,1.2748503200166648,0.006972830007213273
train,1.2762319579218335,0.007093051214234191
train,1.2789821168654432,0.0072132724212551095
train,1.2796669440484556,0.0073334936282760275
train,1.2823955047425255,0.007453714835296946
train,1.2823955047425255,0.007573936042317865
train,1.2823955047425255,0.007694157249338783
train,1.2853322276438846,0.007814378456359702
train,1.290034611362518,0.00793459966338062
train,1.291590825658001,0.008054820870401538
train,1.2933625547114456,0.008175042077422458
train,1.2933625547114456,0.008295263284443376
train,1.2933625547114456,0.008415484491464294
train,1.2933625547114456,0.008535705698485213
train,1.299942900022767,0.008655926905506131
train,1.299942900022767,0.00877614811252705
train,1.299942900022767,0.008896369319547967
train,1.3018977171952082,0.009016590526568887
train,1.3038437748886544,0.009136811733589805
train,1.3038437748886544,0.009257032940610723
train,1.3038437748886544,0.009377254147631643
train,1.3038437748886544,0.00949747535465256
train,1.3038437748886544,0.009617696561673479
train,1.3040594662175993,0.009737917768694399
train,1.30941722577814,0.009858138975715316
train,1.3102683666324475,0.009978360182736234
train,1.3102683666324475,0.010098581389757152
train,1.3102683666324475,0.010218802596778072
train,1.3144992279731516,0.01033902380379899
train,1.3144992279731516,0.010459245010819908
train,1.3144992279731516,0.010579466217840828
train,1.3144992279731516,0.010699687424861746
train,1.3144992279731516,0.010819908631882664
train,1.319522449065454,0.010940129838903582
train,1.323252100171687,0.011060351045924502
train,1.3259259557714662,0.01118057225294542
train,1.3279716236230106,0.011300793459966338
train,1.328583449714202,0.011421014666987257
train,1.331427296520743,0.011541235874008175
train,1.331427296520743,0.011661457081029093
train,1.3360592778663494,0.011781678288050011
train,1.3386556655787003,0.011901899495070931
train,1.3386556655787003,0.012022120702091849
train,1.344588742578714,0.012142341909112767
train,1.3481100684802376,0.012262563116133687
train,1.3481100684802376,0.012382784323154605
train,1.3481100684802376,0.012503005530175523
train,1.3481100684802376,0.01262322673719644
train,1.3481100684802376,0.01274344794421736
train,1.3481100684802376,0.012863669151238278
train,1.3481100684802376,0.012983890358259196
train,1.3481100684802376,0.013104111565280116
train,1.354108439147401,0.013224332772301034
train,1.354108439147401,0.013344553979321952
train,1.3602146132953523,0.013464775186342872
train,1.360971883725936,0.01358499639336379
train,1.362670929725667,0.013705217600384708
train,1.370698092575577,0.013825438807405626
train,1.3716219271760213,0.013945660014426545
train,1.3725438007590702,0.014065881221447463
train,1.3725438007590702,0.014186102428468381
train,1.3725438007590702,0.014306323635489301
train,1.3725438007590702,0.014426544842510219
train,1.3725438007590702,0.014546766049531137
train,1.3725438007590702,0.014666987256552055
train,1.3725438007590702,0.014787208463572975
train,1.3789426986134374,0.014907429670593893
train,1.3789426986134374,0.01502765087761481
train,1.3789426986134374,0.01514787208463573
train,1.3789426986134374,0.015268093291656648
train,1.37984917876283,0.015388314498677566
train,1.381115080709851,0.015508535705698484
train,1.381115080709851,0.015628756912719404
train,1.381115080709851,0.015748978119740322
train,1.381115080709851,0.01586919932676124
train,1.381115080709851,0.015989420533782158
train,1.381115080709851,0.016109641740803076
train,1.381115080709851,0.016229862947823998
train,1.381115080709851,0.016350084154844916
train,1.381115080709851,0.016470305361865833
train,1.382917135087531,0.01659052656888675
train,1.382917135087531,0.01671074777590767
train,1.382917135087531,0.016830968982928587
train,1.382917135087531,0.016951190189949505
train,1.3884564527002667,0.017071411396970427
train,1.3937506403480804,0.017191632603991345
train,1.395501124305626,0.017311853811012263
train,1.3988077302032644,0.01743207501803318
train,1.3988077302032644,0.0175522962250541
train,1.3988077302032644,0.017672517432075017
train,1.3988077302032644,0.017792738639095935
train,1.3988077302032644,0.017912959846116856
train,1.3989810666581313,0.018033181053137774
train,1.4007106367732314,0.018153402260158692
train,1.4007106367732314,0.01827362346717961
train,1.4007106367732314,0.018393844674200528
train,1.4007106367732314,0.018514065881221446
train,1.402433346219312,0.018634287088242368
train,1.402433346219312,0.018754508295263286
train,1.402433346219312,0.018874729502284204
train,1.4072208929273964,0.01899495070930512
train,1.410608542568368,0.01911517191632604
train,1.4129642719966629,0.019235393123346958
train,1.4151403521958728,0.019355614330367876
train,1.4151403521958728,0.019475835537388797
train,1.4151403521958728,0.019596056744409715
train,1.4151403521958728,0.019716277951430633
train,1.4151403521958728,0.01983649915845155
train,1.4151403521958728,0.01995672036547247
train,1.4151403521958728,0.020076941572493387
train,1.4151403521958728,0.020197162779514305
train,1.4159744113765658,0.020317383986535226
train,1.4159744113765658,0.020437605193556144
train,1.4224256763712049,0.020557826400577062
train,1.423737249982329,0.02067804760759798
train,1.423737249982329,0.0207982688146189
train,1.423737249982329,0.020918490021639816
train,1.424718337331567,0.021038711228660734
train,1.424718337331567,0.021158932435681656
train,1.424718337331567,0.021279153642702574
train,1.424718337331567,0.021399374849723492
train,1.424718337331567,0.02151959605674441
train,1.424718337331567,0.021639817263765328
train,1.424718337331567,0.021760038470786246
train,1.4255342204982635,0.021880259677807164
train,1.4287825114969546,0.022000480884828085
train,1.4287825114969546,0.022120702091849003
train,1.4287825114969546,0.02224092329886992
train,1.4287825114969546,0.02236114450589084
train,1.4287825114969546,0.022481365712911757
train,1.4287825114969546,0.022601586919932675
train,1.4287825114969546,0.022721808126953593
train,1.4287825114969546,0.022842029333974515
train,1.4287825114969546,0.022962250540995433
train,1.4303975913869669,0.02308247174801635
train,1.4312028845565166,0.02320269295503727
train,1.4320066872695982,0.023322914162058186
train,1.4323277922616042,0.023443135369079104
train,1.4340896384178907,0.023563356576100022
train,1.434568904034199,0.023683577783120944
train,1.4352071032407476,0.023803798990141862
train,1.4352071032407476,0.02392402019716278
train,1.4352071032407476,0.024044241404183698
train,1.4355258514986549,0.024164462611204616
train,1.4390167283875128,0.024284683818225534
train,1.4390167283875128,0.024404905025246452
train,1.4421660857847205,0.024525126232267373
train,1.4449811120879448,0.02464534743928829
train,1.4449811120879448,0.02476556864630921
train,1.4449811120879448,0.024885789853330127
train,1.4449811120879448,0.025006011060351045
train,1.4449811120879448,0.025126232267371963
train,1.4449811120879448,0.02524645347439288
train,1.4449811120879448,0.025366674681413803
train,1.4449811120879448,0.02548689588843472
train,1.4452927694259718,0.02560711709545564
train,1.4459154139511234,0.025727338302476557
train,1.4459154139511234,0.025847559509497475
train,1.4459154139511234,0.025967780716518393
train,1.4471580313422192,0.026088001923539314
train,1.448087666692341,0.026208223130560232
train,1.448087666692341,0.02632844433758115
train,1.448087666692341,0.026448665544602068
train,1.448087666692341,0.026568886751622986
train,1.451632947456991,0.026689107958643904
train,1.4528593357958524,0.026809329165664822
train,1.453624073591451,0.026929550372685743
train,1.455149521179828,0.02704977157970666
train,1.455149521179828,0.02716999278672758
train,1.455149521179828,0.027290213993748497
train,1.455149521179828,0.027410435200769415
train,1.455149521179828,0.027530656407790333
train,1.4563660331290431,0.02765087761481125
train,1.4661258704181992,0.027771098821832173
train,1.4661258704181992,0.02789132002885309
train,1.4661258704181992,0.02801154123587401
train,1.4670158184384354,0.028131762442894927
train,1.4693801358499252,0.028251983649915845
train,1.4693801358499252,0.028372204856936763
train,1.4693801358499252,0.02849242606395768
train,1.4693801358499252,0.028612647270978602
train,1.4693801358499252,0.02873286847799952
train,1.4693801358499252,0.028853089685020438
train,1.4730488050885375,0.028973310892041356
train,1.4730488050885375,0.029093532099062274
train,1.4730488050885375,0.029213753306083192
train,1.4730488050885375,0.02933397451310411
train,1.4730488050885375,0.02945419572012503
train,1.4730488050885375,0.02957441692714595
train,1.4730488050885375,0.029694638134166867
train,1.4730488050885375,0.029814859341187785
train,1.4730488050885375,0.029935080548208703
train,1.4730488050885375,0.03005530175522962
train,1.4730488050885375,0.03017552296225054
train,1.4730488050885375,0.03029574416927146
train,1.4730488050885375,0.03041596537629238
train,1.4730488050885375,0.030536186583313297
train,1.4730488050885375,0.030656407790334215
train,1.4730488050885375,0.030776628997355133
train,1.4730488050885375,0.03089685020437605
train,1.4730488050885375,0.03101707141139697
train,1.4761067168401911,0.03113729261841789
train,1.4774106879072515,0.03125751382543881
train,1.4781334281005176,0.031377735032459726
train,1.4781334281005176,0.031497956239480644
train,1.4781334281005176,0.03161817744650156
train,1.4781334281005176,0.03173839865352248
train,1.4781334281005176,0.0318586198605434
train,1.4781334281005176,0.031978841067564316
train,1.4781334281005176,0.032099062274585234
train,1.4798631130230977,0.03221928348160615
train,1.4798631130230977,0.03233950468862708
train,1.4798631130230977,0.032459725895647995
train,1.4798631130230977,0.03257994710266891
train,1.4798631130230977,0.03270016830968983
train,1.4798631130230977,0.03282038951671075
train,1.4798631130230977,0.03294061072373167
train,1.4798631130230977,0.033060831930752585
train,1.4798631130230977,0.0331810531377735
train,1.4798631130230977,0.03330127434479442
train,1.4798631130230977,0.03342149555181534
train,1.4798631130230977,0.03354171675883626
train,1.4820155764507117,0.033661937965857175
train,1.4848690327204024,0.03378215917287809
train,1.4854374810763014,0.03390238037989901
train,1.4854374810763014,0.034022601586919936
train,1.4854374810763014,0.034142822793940854
train,1.4854374810763014,0.03426304400096177
train,1.4854374810763014,0.03438326520798269
train,1.4854374810763014,0.03450348641500361
train,1.4878451201114355,0.034623707622024526
train,1.4906606533561368,0.034743928829045444
train,1.4906606533561368,0.03486415003606636
train,1.490800952010855,0.03498437124308728
train,1.490800952010855,0.0351045924501082
train,1.4941545940184429,0.035224813657129116
train,1.4951278812429332,0.035345034864150034
train,1.4956830676169153,0.03546525607117095
train,1.4994121256722754,0.03558547727819187
train,1.4994121256722754,0.035705698485212795
train,1.4994121256722754,0.03582591969223371
train,1.4994121256722754,0.03594614089925463
train,1.4994121256722754,0.03606636210627555
train,1.4994121256722754,0.036186583313296466
train,1.4994121256722754,0.036306804520317384
train,1.4994121256722754,0.0364270257273383
train,1.502836638621003,0.03654724693435922
train,1.502836638621003,0.03666746814138014
train,1.5033820634737327,0.036787689348401056
train,1.5033820634737327,0.036907910555421974
train,1.5033820634737327,0.03702813176244289
train,1.5033820634737327,0.03714835296946381
train,1.5033820634737327,0.037268574176484735
train,1.5033820634737327,0.03738879538350565
train,1.5039268041935103,0.03750901659052657
train,1.5039268041935103,0.03762923779754749
train,1.5039268041935103,0.03774945900456841
train,1.5039268041935103,0.037869680211589325
train,1.5039268041935103,0.03798990141861024
train,1.5039268041935103,0.03811012262563116
train,1.5039268041935103,0.03823034383265208
train,1.5039268041935103,0.038350565039673
train,1.5039268041935103,0.038470786246693915
train,1.5039268041935103,0.03859100745371483
train,1.504742636271688,0.03871122866073575
train,1.5060989599284405,0.03883144986775667
train,1.5060989599284405,0.038951671074777594
train,1.5060989599284405,0.03907189228179851
train,1.507180977260241,0.03919211348881943
train,1.5074510609019698,0.03931233469584035
train,1.5108130105124962,0.039432555902861266
train,1.5108130105124962,0.039552777109882184
train,1.5108130105124962,0.0396729983169031
train,1.5108130105124962,0.03979321952392402
train,1.5108130105124962,0.03991344073094494
train,1.5108130105124962,0.040033661937965856
train,1.5108130105124962,0.040153883144986774
train,1.5108130105124962,0.04027410435200769
train,1.5121505369220305,0.04039432555902861
train,1.515873843711679,0.04051454676604953
train,1.520614521878236,0.04063476797307045
train,1.5216610151120733,0.04075498918009137
train,1.5242662687669788,0.04087521038711229
train,1.5242662687669788,0.04099543159413321
train,1.5242662687669788,0.041115652801154125
train,1.5242662687669788,0.04123587400817504
train,1.5242662687669788,0.04135609521519596
train,1.5242662687669788,0.04147631642221688
train,1.5242662687669788,0.0415965376292378
train,1.5242662687669788,0.041716758836258715
train,1.5242662687669788,0.04183698004327963
train,1.5242662687669788,0.04195720125030055
train,1.5242662687669788,0.04207742245732147
train,1.5242662687669788,0.04219764366434239
train,1.5242662687669788,0.04231786487136331
train,1.5256925245050108,0.04243808607838423
train,1.5256925245050108,0.04255830728540515
train,1.5256925245050108,0.042678528492426065
train,1.5256925245050108,0.042798749699446983
train,1.5256925245050108,0.0429189709064679
train,1.5256925245050108,0.04303919211348882
train,1.5256925245050108,0.04315941332050974
train,1.5256925245050108,0.043279634527530655
train,1.5256925245050108,0.04339985573455157
train,1.5256925245050108,0.04352007694157249
train,1.5256925245050108,0.04364029814859341
train,1.526339277389844,0.04376051935561433
train,1.526339277389844,0.04388074056263525
train,1.5322446436265822,0.04400096176965617
train,1.533009022495485,0.04412118297667709
train,1.534406899137877,0.044241404183698006
train,1.534406899137877,0.044361625390718924
train,1.5354207180561734,0.04448184659773984
train,1.5354207180561734,0.04460206780476076
train,1.5354207180561734,0.04472228901178168
train,1.5386993795424069,0.044842510218802596
train,1.5386993795424069,0.044962731425823514
train,1.5386993795424069,0.04508295263284443
train,1.5386993795424069,0.04520317383986535
train,1.5386993795424069,0.04532339504688627
train,1.5386993795424069,0.045443616253907186
train,1.539452491549461,0.04556383746092811
train,1.5399538416563967,0.04568405866794903
train,1.541579243946581,0.04580427987496995
train,1.546789351631258,0.045924501081990865
train,1.5469126431812426,0.04604472228901178
train,1.5469126431812426,0.0461649434960327
train,1.5469126431812426,0.04628516470305362
train,1.5469126431812426,0.04640538591007454
train,1.5469126431812426,0.046525607117095455
train,1.547651658359969,0.04664582832411637
train,1.547651658359969,0.04676604953113729
train,1.547651658359969,0.04688627073815821
train,1.547651658359969,0.04700649194517913
train,1.547651658359969,0.047126713152200045
train,1.547651658359969,0.04724693435922097
train,1.547651658359969,0.04736715556624189
train,1.547651658359969,0.047487376773262806
train,1.547651658359969,0.047607597980283724
train,1.5486350598147516,0.04772781918730464
train,1.5486350598147516,0.04784804039432556
train,1.5486350598147516,0.04796826160134648
train,1.5486350598147516,0.048088482808367396
train,1.5486350598147516,0.048208704015388314
train,1.5486350598147516,0.04832892522240923
train,1.5486350598147516,0.04844914642943015
train,1.5486350598147516,0.04856936763645107
train,1.5486350598147516,0.048689588843471986
train,1.5486350598147516,0.048809810050492904
train,1.5486350598147516,0.04893003125751383
train,1.5486350598147516,0.049050252464534747
train,1.5486350598147516,0.049170473671555665
train,1.5524248457040857,0.04929069487857658
train,1.5537616983900042,0.0494109160855975
train,1.5550944485783191,0.04953113729261842
train,1.5550944485783191,0.049651358499639336
train,1.5550944485783191,0.049771579706660254
train,1.5550944485783191,0.04989180091368117
train,1.5550944485783191,0.05001202212070209
train,1.5552154051260731,0.05013224332772301
train,1.555578072772955,0.050252464534743926
train,1.557266528869904,0.050372685741764844
train,1.557266528869904,0.05049290694878576
train,1.557266528869904,0.05061312815580669
train,1.557266528869904,0.050733349362827605
train,1.557266528869904,0.05085357056984852
train,1.557266528869904,0.05097379177686944
train,1.557266528869904,0.05109401298389036
train,1.557266528869904,0.05121423419091128
train,1.557266528869904,0.051334455397932195
train,1.557266528869904,0.05145467660495311
train,1.557266528869904,0.05157489781197403
train,1.557266528869904,0.05169511901899495
train,1.557266528869904,0.05181534022601587
train,1.557266528869904,0.051935561433036785
train,1.557266528869904,0.0520557826400577
train,1.557266528869904,0.05217600384707863
train,1.557266528869904,0.052296225054099546
train,1.557266528869904,0.052416446261120464
train,1.557266528869904,0.05253666746814138
train,1.557266528869904,0.0526568886751623
train,1.557266528869904,0.05277710988218322
train,1.557266528869904,0.052897331089204136
train,1.557266528869904,0.053017552296225054
train,1.557266528869904,0.05313777350324597
train,1.557266528869904,0.05325799471026689
train,1.557266528869904,0.05337821591728781
train,1.557266528869904,0.053498437124308726
train,1.5603849229720157,0.053618658331329644
train,1.5603849229720157,0.05373887953835056
train,1.5603849229720157,0.05385910074537149
train,1.5612206789339438,0.053979321952392405
train,1.5624118329497274,0.05409954315941332
train,1.5626496722119168,0.05421976436643424
train,1.5663196215248114,0.05433998557345516
train,1.5663196215248114,0.05446020678047608
train,1.5663196215248114,0.054580427987496995
train,1.5670263661590604,0.05470064919451791
train,1.5670263661590604,0.05482087040153883
train,1.5670263661590604,0.05494109160855975
train,1.5670263661590604,0.05506131281558067
train,1.5670263661590604,0.055181534022601585
train,1.5670263661590604,0.0553017552296225
train,1.5670263661590604,0.05542197643664342
train,1.5670263661590604,0.055542197643664346
train,1.5670263661590604,0.055662418850685264
train,1.5670263661590604,0.05578264005770618
train,1.5670263661590604,0.0559028612647271
train,1.5670263661590604,0.05602308247174802
train,1.5670263661590604,0.056143303678768935
train,1.5670263661590604,0.05626352488578985
train,1.5670263661590604,0.05638374609281077
train,1.5670263661590604,0.05650396729983169
train,1.5670263661590604,0.05662418850685261
train,1.5670263661590604,0.056744409713873525
train,1.5670263661590604,0.05686463092089444
train,1.5670263661590604,0.05698485212791536
train,1.5670263661590604,0.05710507333493628
train,1.5670263661590604,0.057225294541957204
train,1.5670263661590604,0.05734551574897812
train,1.5670263661590604,0.05746573695599904
train,1.5670263661590604,0.05758595816301996
train,1.5670263661590604,0.057706179370040876
train,1.5698418994037615,0.057826400577061794
train,1.569958818096594,0.05794662178408271
train,1.569958818096594,0.05806684299110363
train,1.569958818096594,0.05818706419812455
train,1.569958818096594,0.058307285405145466
train,1.569958818096594,0.058427506612166384
train,1.569958818096594,0.0585477278191873
train,1.569958818096594,0.05866794902620822
train,1.569958818096594,0.058788170233229145
train,1.569958818096594,0.05890839144025006
train,1.569958818096594,0.05902861264727098
train,1.569958818096594,0.0591488338542919
train,1.569958818096594,0.05926905506131282
train,1.569958818096594,0.059389276268333735
train,1.569958818096594,0.05950949747535465
train,1.569958818096594,0.05962971868237557
train,1.569958818096594,0.05974993988939649
train,1.569958818096594,0.05987016109641741
train,1.569958818096594,0.059990382303438325
train,1.569958818096594,0.06011060351045924
train,1.569958818096594,0.06023082471748016
train,1.5703093854358798,0.06035104592450108
train,1.5708930362183922,0.060471267131522004
train,1.5708930362183922,0.06059148833854292
train,1.5708930362183922,0.06071170954556384
train,1.5708930362183922,0.06083193075258476
train,1.5708930362183922,0.060952151959605676
train,1.5708930362183922,0.061072373166626594
train,1.5708930362183922,0.06119259437364751
train,1.5708930362183922,0.06131281558066843
train,1.5708930362183922,0.06143303678768935
train,1.5708930362183922,0.061553257994710266
train,1.5708930362183922,0.061673479201731184
train,1.5708930362183922,0.0617937004087521
train,1.5717088318086876,0.06191392161577302
train,1.5717088318086876,0.06203414282279394
train,1.5717088318086876,0.06215436402981486
train,1.5720579899263043,0.06227458523683578
train,1.5786392099680724,0.0623948064438567
train,1.5806969397124366,0.06251502765087762
train,1.5806969397124366,0.06263524885789853
train,1.5806969397124366,0.06275547006491945
train,1.5813806887099868,0.06287569127194037
train,1.581949658373318,0.06299591247896129
train,1.5834255004065068,0.0631161336859822
train,1.5834255004065068,0.06323635489300312
train,1.5834255004065068,0.06335657610002404
train,1.5834255004065068,0.06347679730704496
train,1.5834255004065068,0.06359701851406588
train,1.5834255004065068,0.0637172397210868
train,1.5834255004065068,0.06383746092810771
train,1.5834255004065068,0.06395768213512863
train,1.5834255004065068,0.06407790334214955
train,1.5834255004065068,0.06419812454917047
train,1.5834255004065068,0.06431834575619139
train,1.5834255004065068,0.0644385669632123
train,1.5834255004065068,0.06455878817023322
train,1.5834255004065068,0.06467900937725415
train,1.5834255004065068,0.06479923058427507
train,1.5834255004065068,0.06491945179129599
train,1.5834255004065068,0.06503967299831691
train,1.5834255004065068,0.06515989420533783
train,1.5834255004065068,0.06528011541235874
train,1.5834255004065068,0.06540033661937966
train,1.5834255004065068,0.06552055782640058
train,1.5861370252307931,0.0656407790334215
train,1.5861370252307931,0.06576100024044242
train,1.5863622233078656,0.06588122144746333
train,1.5863622233078656,0.06600144265448425
train,1.5863622233078656,0.06612166386150517
train,1.5863622233078656,0.06624188506852609
train,1.5863622233078656,0.066362106275547
train,1.5863622233078656,0.06648232748256792
train,1.5863622233078656,0.06660254868958884
train,1.5863622233078656,0.06672276989660976
train,1.586587304671755,0.06684299110363068
train,1.586587304671755,0.0669632123106516
train,1.588943642740015,0.06708343351767251
train,1.588943642740015,0.06720365472469343
train,1.588943642740015,0.06732387593171435
train,1.589055531052344,0.06744409713873527
train,1.5900612308037425,0.06756431834575619
train,1.5900612308037425,0.0676845395527771
train,1.5900612308037425,0.06780476075979802
train,1.5911759503117913,0.06792498196681895
train,1.5911759503117913,0.06804520317383987
train,1.5911759503117913,0.06816542438086079
train,1.5911759503117913,0.06828564558788171
train,1.5911759503117913,0.06840586679490263
train,1.5911759503117913,0.06852608800192354
train,1.5916210382133191,0.06864630920894446
train,1.5943925503754266,0.06876653041596538
train,1.595055089759304,0.0688867516229863
train,1.5954962218255742,0.06900697283000722
train,1.5980240723341896,0.06912719403702813
train,1.599337132992489,0.06924741524404905
train,1.5994463757252757,0.06936763645106997
train,1.5994463757252757,0.06948785765809089
train,1.5997739391463883,0.0696080788651118
train,1.5997739391463883,0.06972830007213272
train,1.5997739391463883,0.06984852127915364
train,1.6008640363098396,0.06996874248617456
train,1.6008640363098396,0.07008896369319548
train,1.6008640363098396,0.0702091849002164
train,1.6008640363098396,0.07032940610723731
train,1.6008640363098396,0.07044962731425823
train,1.6008640363098396,0.07056984852127915
train,1.6008640363098396,0.07069006972830007
train,1.6008640363098396,0.07081029093532099
train,1.6008640363098396,0.0709305121423419
train,1.6008640363098396,0.07105073334936282
train,1.6008640363098396,0.07117095455638374
train,1.6008640363098396,0.07129117576340467
train,1.6008640363098396,0.07141139697042559
train,1.6008640363098396,0.07153161817744651
train,1.6008640363098396,0.07165183938446743
train,1.6008640363098396,0.07177206059148834
train,1.6008640363098396,0.07189228179850926
train,1.6008640363098396,0.07201250300553018
train,1.6016254795539446,0.0721327242125511
train,1.6030360562505217,0.07225294541957201
train,1.6048737705526357,0.07237316662659293
train,1.6048737705526357,0.07249338783361385
train,1.6048737705526357,0.07261360904063477
train,1.6048737705526357,0.07273383024765569
train,1.6048737705526357,0.0728540514546766
train,1.6048737705526357,0.07297427266169752
train,1.6048737705526357,0.07309449386871844
train,1.6048737705526357,0.07321471507573936
train,1.6048737705526357,0.07333493628276028
train,1.6048737705526357,0.0734551574897812
train,1.6048737705526357,0.07357537869680211
train,1.6048737705526357,0.07369559990382303
train,1.6048737705526357,0.07381582111084395
train,1.6048737705526357,0.07393604231786487
train,1.6048737705526357,0.07405626352488578
train,1.6048737705526357,0.0741764847319067
train,1.6048737705526357,0.07429670593892762
train,1.6048737705526357,0.07441692714594854
train,1.6048737705526357,0.07453714835296947
train,1.6048737705526357,0.07465736955999039
train,1.6056282220076186,0.0747775907670113
train,1.6074550232146685,0.07489781197403222
train,1.6080979463252796,0.07501803318105314
train,1.6080979463252796,0.07513825438807406
train,1.6092741724045876,0.07525847559509498
train,1.6103407114521568,0.0753786968021159
train,1.6103407114521568,0.07549891800913681
train,1.6105537053170946,0.07561913921615773
train,1.6114046377115934,0.07573936042317865
train,1.6114046377115934,0.07585958163019957
train,1.6114046377115934,0.07597980283722049
train,1.6114046377115934,0.0761000240442414
train,1.6114046377115934,0.07622024525126232
train,1.6114046377115934,0.07634046645828324
train,1.6114046377115934,0.07646068766530416
train,1.6114046377115934,0.07658090887232508
train,1.6114046377115934,0.076701130079346
train,1.6114046377115934,0.07682135128636691
train,1.6114046377115934,0.07694157249338783
train,1.6114046377115934,0.07706179370040875
train,1.6114046377115934,0.07718201490742967
train,1.6114046377115934,0.07730223611445058
train,1.6114046377115934,0.0774224573214715
train,1.6114046377115934,0.07754267852849242
train,1.6114046377115934,0.07766289973551334
train,1.6114046377115934,0.07778312094253426
train,1.6114046377115934,0.07790334214955519
train,1.6114046377115934,0.0780235633565761
train,1.6114046377115934,0.07814378456359702
train,1.6114046377115934,0.07826400577061794
train,1.6114046377115934,0.07838422697763886
train,1.6114046377115934,0.07850444818465978
train,1.6114046377115934,0.0786246693916807
train,1.6114046377115934,0.07874489059870161
train,1.6133131614554594,0.07886511180572253
train,1.6135247028536523,0.07898533301274345
train,1.6135247028536523,0.07910555421976437
train,1.6135247028536523,0.07922577542678529
train,1.6138418218760693,0.0793459966338062
train,1.615107987443194,0.07946621784082712
train,1.6155292236371328,0.07958643904784804
train,1.6155292236371328,0.07970666025486896
train,1.6155292236371328,0.07982688146188988
train,1.6155292236371328,0.0799471026689108
train,1.6155292236371328,0.08006732387593171
train,1.6155292236371328,0.08018754508295263
train,1.6155292236371328,0.08030776628997355
train,1.6155292236371328,0.08042798749699447
train,1.6155292236371328,0.08054820870401538
train,1.6155292236371328,0.0806684299110363
train,1.6155292236371328,0.08078865111805722
train,1.6155292236371328,0.08090887232507814
train,1.6167904863297158,0.08102909353209906
train,1.617943434828973,0.08114931473911999
train,1.617943434828973,0.0812695359461409
train,1.619719265611727,0.08138975715316182
train,1.6205524447294353,0.08150997836018274
train,1.6226284261293251,0.08163019956720366
train,1.6226284261293251,0.08175042077422458
train,1.6226284261293251,0.0818706419812455
train,1.6241789257480224,0.08199086318826641
train,1.6241789257480224,0.08211108439528733
train,1.6241789257480224,0.08223130560230825
train,1.6241789257480224,0.08235152680932917
train,1.6241789257480224,0.08247174801635009
train,1.6241789257480224,0.082591969223371
train,1.6241789257480224,0.08271219043039192
train,1.6241789257480224,0.08283241163741284
train,1.6241789257480224,0.08295263284443376
train,1.6241789257480224,0.08307285405145468
train,1.624385241420265,0.0831930752584756
train,1.6250036010148634,0.08331329646549651
train,1.6258267132857112,0.08343351767251743
train,1.6258267132857112,0.08355373887953835
train,1.6268534146667255,0.08367396008655927
train,1.6268534146667255,0.08379418129358018
train,1.6268534146667255,0.0839144025006011
train,1.6274682724597096,0.08403462370762202
train,1.6288995644206066,0.08415484491464294
train,1.6288995644206066,0.08427506612166386
train,1.6288995644206066,0.08439528732868477
train,1.6288995644206066,0.0845155085357057
train,1.6288995644206066,0.08463572974272662
train,1.6288995644206066,0.08475595094974754
train,1.6288995644206066,0.08487617215676846
train,1.6288995644206066,0.08499639336378938
train,1.6288995644206066,0.0851166145708103
train,1.6288995644206066,0.08523683577783121
train,1.6288995644206066,0.08535705698485213
train,1.6288995644206066,0.08547727819187305
train,1.6288995644206066,0.08559749939889397
train,1.6288995644206066,0.08571772060591488
train,1.6288995644206066,0.0858379418129358
train,1.6288995644206066,0.08595816301995672
train,1.6288995644206066,0.08607838422697764
train,1.6288995644206066,0.08619860543399856
train,1.6288995644206066,0.08631882664101947
train,1.6288995644206066,0.08643904784804039
train,1.6297153326471323,0.08655926905506131
train,1.6297153326471323,0.08667949026208223
train,1.6297153326471323,0.08679971146910315
train,1.6297153326471323,0.08691993267612406
train,1.6297153326471323,0.08704015388314498
train,1.6306312440205,0.0871603750901659
train,1.6306312440205,0.08728059629718682
train,1.6306312440205,0.08740081750420774
train,1.6306312440205,0.08752103871122865
train,1.6306312440205,0.08764125991824957
train,1.6306312440205,0.0877614811252705
train,1.6306312440205,0.08788170233229142
train,1.6306312440205,0.08800192353931234
train,1.6306312440205,0.08812214474633326
train,1.6306312440205,0.08824236595335418
train,1.6308345178280506,0.0883625871603751
train,1.6308345178280506,0.08848280836739601
train,1.6308345178280506,0.08860302957441693
train,1.6308345178280506,0.08872325078143785
train,1.6308345178280506,0.08884347198845877
train,1.6308345178280506,0.08896369319547968
train,1.6308345178280506,0.0890839144025006
train,1.6323560462390732,0.08920413560952152
train,1.6323560462390732,0.08932435681654244
train,1.633367445117007,0.08944457802356336
train,1.6339731557896735,0.08956479923058427
train,1.6348801407665263,0.08968502043760519
train,1.6357852355336515,0.08980524164462611
train,1.6368889069837993,0.08992546285164703
train,1.6368889069837993,0.09004568405866795
train,1.638189640190837,0.09016590526568886
train,1.639386869017684,0.09028612647270978
train,1.6395860866734264,0.0904063476797307
train,1.6395860866734264,0.09052656888675162
train,1.6395860866734264,0.09064679009377254
train,1.6395860866734264,0.09076701130079345
train,1.6395860866734264,0.09088723250781437
train,1.6395860866734264,0.09100745371483529
train,1.6395860866734264,0.09112767492185622
train,1.6395860866734264,0.09124789612887714
train,1.6395860866734264,0.09136811733589806
train,1.6395860866734264,0.09148833854291898
train,1.6395860866734264,0.0916085597499399
train,1.6395860866734264,0.09172878095696081
train,1.6395860866734264,0.09184900216398173
train,1.6395860866734264,0.09196922337100265
train,1.6395860866734264,0.09208944457802357
train,1.6395860866734264,0.09220966578504448
train,1.6395860866734264,0.0923298869920654
train,1.6395860866734264,0.09245010819908632
train,1.6395860866734264,0.09257032940610724
train,1.6395860866734264,0.09269055061312816
train,1.6395860866734264,0.09281077182014907
train,1.6399842480415885,0.09293099302716999
train,1.6422666189026736,0.09305121423419091
train,1.6422666189026736,0.09317143544121183
train,1.6422666189026736,0.09329165664823275
train,1.6422666189026736,0.09341187785525366
train,1.6422666189026736,0.09353209906227458
train,1.6422666189026736,0.0936523202692955
train,1.6444385894678386,0.09377254147631642
train,1.6444385894678386,0.09389276268333734
train,1.645520514905874,0.09401298389035825
train,1.645520514905874,0.09413320509737917
train,1.645520514905874,0.09425342630440009
train,1.645520514905874,0.09437364751142102
train,1.645520514905874,0.09449386871844194
train,1.645520514905874,0.09461408992546286
train,1.645520514905874,0.09473431113248378
train,1.645520514905874,0.0948545323395047
train,1.645520514905874,0.09497475354652561
train,1.645520514905874,0.09509497475354653
train,1.645520514905874,0.09521519596056745
train,1.645520514905874,0.09533541716758837
train,1.645520514905874,0.09545563837460928
train,1.645520514905874,0.0955758595816302
train,1.645520514905874,0.09569608078865112
train,1.645520514905874,0.09581630199567204
train,1.645520514905874,0.09593652320269296
train,1.645520514905874,0.09605674440971387
train,1.6478717653062325,0.09617696561673479
train,1.6483600109809315,0.09629718682375571
train,1.6483600109809315,0.09641740803077663
train,1.6483600109809315,0.09653762923779755
train,1.6491400641442189,0.09665785044481846
train,1.6491400641442189,0.09677807165183938
train,1.6491400641442189,0.0968982928588603
train,1.6491400641442189,0.09701851406588122
train,1.6491400641442189,0.09713873527290214
train,1.6491400641442189,0.09725895647992305
train,1.6491400641442189,0.09737917768694397
train,1.6491400641442189,0.09749939889396489
train,1.6491400641442189,0.09761962010098581
train,1.6491400641442189,0.09773984130800674
train,1.6491400641442189,0.09786006251502766
train,1.6491400641442189,0.09798028372204858
train,1.6491400641442189,0.09810050492906949
train,1.6491400641442189,0.09822072613609041
train,1.6491400641442189,0.09834094734311133
train,1.6491400641442189,0.09846116855013225
train,1.6491400641442189,0.09858138975715316
train,1.6491400641442189,0.09870161096417408
train,1.6491400641442189,0.098821832171195
train,1.6491400641442189,0.09894205337821592
train,1.6491400641442189,0.09906227458523684
train,1.6491400641442189,0.09918249579225775
train,1.6491400641442189,0.09930271699927867
train,1.6491400641442189,0.09942293820629959
train,1.6491400641442189,0.09954315941332051
train,1.6491400641442189,0.09966338062034143
train,1.6491400641442189,0.09978360182736234
train,1.6491400641442189,0.09990382303438326
train,1.650598898172657,0.10002404424140418
train,1.650598898172657,0.1001442654484251
train,1.6522463410033232,0.10026448665544602
train,1.6535983818432898,0.10038470786246693
train,1.6535983818432898,0.10050492906948785
train,1.6535983818432898,0.10062515027650877
train,1.6541765418779606,0.10074537148352969
train,1.6546577546495247,0.1008655926905506
train,1.6550423413312016,0.10098581389757152
train,1.6551384348113822,0.10110603510459246
train,1.6551384348113822,0.10122625631161337
train,1.6552345070342942,0.10134647751863429
train,1.6552345070342942,0.10146669872565521
train,1.6552345070342942,0.10158691993267613
train,1.6552345070342942,0.10170714113969705
train,1.6552345070342942,0.10182736234671796
train,1.6552345070342942,0.10194758355373888
train,1.6552345070342942,0.1020678047607598
train,1.6552345070342942,0.10218802596778072
train,1.6552345070342942,0.10230824717480164
train,1.6552345070342942,0.10242846838182255
train,1.6552345070342942,0.10254868958884347
train,1.6552345070342942,0.10266891079586439
train,1.6552345070342942,0.10278913200288531
train,1.6552345070342942,0.10290935320990623
train,1.6552345070342942,0.10302957441692714
train,1.6560023206829573,0.10314979562394806
train,1.6560023206829573,0.10327001683096898
train,1.6560023206829573,0.1033902380379899
train,1.6560023206829573,0.10351045924501082
train,1.6575338875579864,0.10363068045203173
train,1.659345635746177,0.10375090165905265
train,1.659345635746177,0.10387112286607357
train,1.659821158055705,0.10399134407309449
train,1.659821158055705,0.1041115652801154
train,1.660391098402467,0.10423178648713632
train,1.6610550848533787,0.10435200769415726
train,1.6625689669332602,0.10447222890117817
train,1.6625689669332602,0.10459245010819909
train,1.6637009253896482,0.10471267131522001
train,1.6637009253896482,0.10483289252224093
train,1.664735968518705,0.10495311372926185
train,1.6661434272915585,0.10507333493628276
train,1.66661156841903,0.10519355614330368
train,1.66661156841903,0.1053137773503246
train,1.66661156841903,0.10543399855734552
train,1.6668922110665363,0.10555421976436644
train,1.6668922110665363,0.10567444097138735
train,1.6668922110665363,0.10579466217840827
train,1.6668922110665363,0.10591488338542919
train,1.667826378950711,0.10603510459245011
train,1.667826378950711,0.10615532579947103
train,1.667826378950711,0.10627554700649194
train,1.667826378950711,0.10639576821351286
train,1.6680129716418322,0.10651598942053378
train,1.671820560183249,0.1066362106275547
train,1.671820560183249,0.10675643183457562
train,1.671820560183249,0.10687665304159653
train,1.671820560183249,0.10699687424861745
train,1.671820560183249,0.10711709545563837
train,1.671820560183249,0.10723731666265929
train,1.671820560183249,0.1073575378696802
train,1.671820560183249,0.10747775907670112
train,1.671820560183249,0.10759798028372204
train,1.671820560183249,0.10771820149074297
train,1.671820560183249,0.10783842269776389
train,1.671820560183249,0.10795864390478481
train,1.671820560183249,0.10807886511180573
train,1.671820560183249,0.10819908631882665
train,1.671820560183249,0.10831930752584756
train,1.671820560183249,0.10843952873286848
train,1.671913012441587,0.1085597499398894
train,1.6735737964230517,0.10867997114691032
train,1.6735737964230517,0.10880019235393124
train,1.6735737964230517,0.10892041356095215
train,1.6735737964230517,0.10904063476797307
train,1.6735737964230517,0.10916085597499399
train,1.6735737964230517,0.10928107718201491
train,1.6735737964230517,0.10940129838903583
train,1.6735737964230517,0.10952151959605674
train,1.6735737964230517,0.10964174080307766
train,1.6735737964230517,0.10976196201009858
train,1.6735737964230517,0.1098821832171195
train,1.6735737964230517,0.11000240442414042
train,1.6735737964230517,0.11012262563116133
train,1.6735737964230517,0.11024284683818225
train,1.6735737964230517,0.11036306804520317
train,1.6735737964230517,0.11048328925222409
train,1.6735737964230517,0.110603510459245
train,1.6735737964230517,0.11072373166626592
train,1.6735737964230517,0.11084395287328684
train,1.6735737964230517,0.11096417408030777
train,1.6735737964230517,0.11108439528732869
train,1.6735737964230517,0.11120461649434961
train,1.6735737964230517,0.11132483770137053
train,1.6735737964230517,0.11144505890839145
train,1.6735737964230517,0.11156528011541236
train,1.6737579365495767,0.11168550132243328
train,1.6737579365495767,0.1118057225294542
train,1.6737579365495767,0.11192594373647512
train,1.6737579365495767,0.11204616494349603
train,1.6749529480485654,0.11216638615051695
train,1.6755033847279566,0.11228660735753787
train,1.6756867086994012,0.11240682856455879
train,1.676876431973137,0.1125270497715797
train,1.6769678142947586,0.11264727097860062
train,1.6770591773921617,0.11276749218562154
train,1.6800634274819486,0.11288771339264246
train,1.6800634274819486,0.11300793459966338
train,1.6800634274819486,0.1131281558066843
train,1.6800634274819486,0.11324837701370521
train,1.6800634274819486,0.11336859822072613
train,1.6800634274819486,0.11348881942774705
train,1.6800634274819486,0.11360904063476797
train,1.6800634274819486,0.11372926184178889
train,1.6800634274819486,0.1138494830488098
train,1.6800634274819486,0.11396970425583072
train,1.6800634274819486,0.11408992546285164
train,1.6800634274819486,0.11421014666987256
train,1.6800634274819486,0.11433036787689349
train,1.6800634274819486,0.11445058908391441
train,1.6800634274819486,0.11457081029093533
train,1.6800634274819486,0.11469103149795624
train,1.6800634274819486,0.11481125270497716
train,1.6800634274819486,0.11493147391199808
train,1.6800634274819486,0.115051695119019
train,1.6800634274819486,0.11517191632603992
train,1.6800634274819486,0.11529213753306083
train,1.680516809381255,0.11541235874008175
train,1.680516809381255,0.11553257994710267
train,1.680516809381255,0.11565280115412359
train,1.6807886115066824,0.1157730223611445
train,1.682235356902564,0.11589324356816542
train,1.682235356902564,0.11601346477518634
train,1.682235356902564,0.11613368598220726
train,1.682235356902564,0.11625390718922818
train,1.682235356902564,0.1163741283962491
train,1.682235356902564,0.11649434960327001
train,1.682235356902564,0.11661457081029093
train,1.682235356902564,0.11673479201731185
train,1.682235356902564,0.11685501322433277
train,1.682235356902564,0.11697523443135369
train,1.682235356902564,0.1170954556383746
train,1.682235356902564,0.11721567684539552
train,1.682235356902564,0.11733589805241644
train,1.682235356902564,0.11745611925943736
train,1.682235356902564,0.11757634046645829
train,1.682235356902564,0.11769656167347921
train,1.682235356902564,0.11781678288050013
train,1.682235356902564,0.11793700408752104
train,1.682235356902564,0.11805722529454196
train,1.682235356902564,0.11817744650156288
train,1.682235356902564,0.1182976677085838
train,1.682235356902564,0.11841788891560472
train,1.682235356902564,0.11853811012262563
train,1.682235356902564,0.11865833132964655
train,1.682235356902564,0.11877855253666747
train,1.682235356902564,0.11889877374368839
train,1.682235356902564,0.1190189949507093
train,1.682235356902564,0.11913921615773022
train,1.682235356902564,0.11925943736475114
train,1.682235356902564,0.11937965857177206
train,1.682235356902564,0.11949987977879298
train,1.682235356902564,0.1196201009858139
train,1.682235356902564,0.11974032219283481
train,1.682235356902564,0.11986054339985573
train,1.682235356902564,0.11998076460687665
train,1.682235356902564,0.12010098581389757
train,1.683947130751512,0.12022120702091849
train,1.683947130751512,0.1203414282279394
train,1.683947130751512,0.12046164943496032
train,1.683947130751512,0.12058187064198124
train,1.683947130751512,0.12070209184900216
train,1.683947130751512,0.12082231305602308
train,1.683947130751512,0.12094253426304401
train,1.683947130751512,0.12106275547006493
train,1.683947130751512,0.12118297667708584
train,1.683947130751512,0.12130319788410676
train,1.683947130751512,0.12142341909112768
train,1.683947130751512,0.1215436402981486
train,1.683947130751512,0.12166386150516952
train,1.683947130751512,0.12178408271219043
train,1.683947130751512,0.12190430391921135
train,1.683947130751512,0.12202452512623227
train,1.683947130751512,0.12214474633325319
train,1.683947130751512,0.1222649675402741
train,1.683947130751512,0.12238518874729502
train,1.683947130751512,0.12250540995431594
train,1.683947130751512,0.12262563116133686
train,1.683947130751512,0.12274585236835778
train,1.683947130751512,0.1228660735753787
train,1.683947130751512,0.12298629478239961
train,1.683947130751512,0.12310651598942053
train,1.683947130751512,0.12322673719644145
train,1.683947130751512,0.12334695840346237
train,1.683947130751512,0.12346717961048329
train,1.683947130751512,0.1235874008175042
train,1.683947130751512,0.12370762202452512
train,1.6869042695681773,0.12382784323154604
train,1.6869042695681773,0.12394806443856696
train,1.6869042695681773,0.12406828564558788
train,1.6869042695681773,0.12418850685260881
train,1.6869042695681773,0.12430872805962973
train,1.6869042695681773,0.12442894926665064
train,1.6869042695681773,0.12454917047367156
train,1.6869042695681773,0.12466939168069248
train,1.6869042695681773,0.1247896128877134
train,1.6869042695681773,0.12490983409473431
train,1.6870828446043706,0.12503005530175523
train,1.6870828446043706,0.12515027650877614
train,1.6870828446043706,0.12527049771579707
train,1.6870828446043706,0.12539071892281797
train,1.6870828446043706,0.1255109401298389
train,1.6870828446043706,0.1256311613368598
train,1.68761812957177,0.12575138254388074
train,1.6880636969463445,0.12587160375090167
train,1.6894864483642478,0.12599182495792258
train,1.6919651027673603,0.1261120461649435
train,1.6919651027673603,0.1262322673719644
train,1.6919651027673603,0.12635248857898534
train,1.6919651027673603,0.12647270978600625
train,1.6919651027673603,0.12659293099302718
train,1.6919651027673603,0.12671315220004808
train,1.6919651027673603,0.12683337340706902
train,1.6919651027673603,0.12695359461408992
train,1.6919651027673603,0.12707381582111085
train,1.6931111154621412,0.12719403702813176
train,1.6931111154621412,0.1273142582351527
train,1.693463127219531,0.1274344794421736
train,1.6938148538894169,0.12755470064919452
train,1.6938148538894169,0.12767492185621543
train,1.6947806360120616,0.12779514306323636
train,1.6947806360120616,0.12791536427025726
train,1.6957442751973233,0.1280355854772782
train,1.6957442751973233,0.1281558066842991
train,1.6957442751973233,0.12827602789132003
train,1.6966184592322249,0.12839624909834094
train,1.6966184592322249,0.12851647030536187
train,1.6968803716827623,0.12863669151238277
train,1.6968803716827623,0.1287569127194037
train,1.6999244027424767,0.1288771339264246
train,1.6999244027424767,0.12899735513344554
train,1.6999244027424767,0.12911757634046644
train,1.6999244027424767,0.12923779754748738
train,1.6999244027424767,0.1293580187545083
train,1.6999244027424767,0.1294782399615292
train,1.6999244027424767,0.12959846116855014
train,1.6999244027424767,0.12971868237557105
train,1.6999244027424767,0.12983890358259198
train,1.6999244027424767,0.12995912478961288
train,1.6999244027424767,0.13007934599663382
train,1.6999244027424767,0.13019956720365472
train,1.6999244027424767,0.13031978841067565
train,1.6999244027424767,0.13044000961769656
train,1.6999244027424767,0.1305602308247175
train,1.6999244027424767,0.1306804520317384
train,1.6999244027424767,0.13080067323875932
train,1.6999244027424767,0.13092089444578023
train,1.6999244027424767,0.13104111565280116
train,1.6999244027424767,0.13116133685982206
train,1.6999244027424767,0.131281558066843
train,1.6999244027424767,0.1314017792738639
train,1.6999244027424767,0.13152200048088483
train,1.6999244027424767,0.13164222168790574
train,1.6999244027424767,0.13176244289492667
train,1.6999244027424767,0.13188266410194757
train,1.70035752782266,0.1320028853089685
train,1.70035752782266,0.1321231065159894
train,1.70035752782266,0.13224332772301034
train,1.70035752782266,0.13236354893003124
train,1.70035752782266,0.13248377013705218
train,1.70035752782266,0.1326039913440731
train,1.70035752782266,0.132724212551094
train,1.70035752782266,0.13284443375811494
train,1.70035752782266,0.13296465496513585
train,1.70035752782266,0.13308487617215678
train,1.70035752782266,0.13320509737917768
train,1.70035752782266,0.13332531858619862
train,1.70035752782266,0.13344553979321952
train,1.7017406324372124,0.13356576100024045
train,1.7017406324372124,0.13368598220726136
train,1.7017406324372124,0.1338062034142823
train,1.7017406324372124,0.1339264246213032
train,1.7017406324372124,0.13404664582832412
train,1.7017406324372124,0.13416686703534503
train,1.7017406324372124,0.13428708824236596
train,1.7017406324372124,0.13440730944938686
train,1.7017406324372124,0.1345275306564078
train,1.7017406324372124,0.1346477518634287
train,1.7017406324372124,0.13476797307044963
train,1.7017406324372124,0.13488819427747054
train,1.7017406324372124,0.13500841548449147
train,1.7017406324372124,0.13512863669151237
train,1.7017406324372124,0.1352488578985333
train,1.7017406324372124,0.1353690791055542
train,1.7017406324372124,0.13548930031257514
train,1.7017406324372124,0.13560952151959604
train,1.7019132112123438,0.13572974272661698
train,1.7024305364455252,0.1358499639336379
train,1.7035492982382303,0.1359701851406588
train,1.7035492982382303,0.13609040634767974
train,1.7035492982382303,0.13621062755470065
train,1.7035492982382303,0.13633084876172158
train,1.7035492982382303,0.13645106996874248
train,1.7035492982382303,0.13657129117576342
train,1.7035492982382303,0.13669151238278432
train,1.7035492982382303,0.13681173358980525
train,1.7035492982382303,0.13693195479682616
train,1.7035492982382303,0.1370521760038471
train,1.7035492982382303,0.137172397210868
train,1.7035492982382303,0.13729261841788892
train,1.7035492982382303,0.13741283962490983
train,1.7035492982382303,0.13753306083193076
train,1.7035492982382303,0.13765328203895166
train,1.7035492982382303,0.1377735032459726
train,1.7035492982382303,0.1378937244529935
train,1.7035492982382303,0.13801394566001443
train,1.7035492982382303,0.13813416686703534
train,1.7035492982382303,0.13825438807405627
train,1.7035492982382303,0.13837460928107717
train,1.7035492982382303,0.1384948304880981
train,1.7041505168397992,0.138615051695119
train,1.704322140822235,0.13873527290213994
train,1.704322140822235,0.13885549410916084
train,1.704322140822235,0.13897571531618177
train,1.704322140822235,0.1390959365232027
train,1.704322140822235,0.1392161577302236
train,1.7050936105478731,0.13933637893724454
train,1.705607163404605,0.13945660014426545
train,1.7083359026822635,0.13957682135128638
train,1.708505880955237,0.13969704255830728
train,1.709948016510761,0.13981726376532821
train,1.709948016510761,0.13993748497234912
train,1.709948016510761,0.14005770617937005
train,1.7104558643354246,0.14017792738639095
train,1.7111320723068415,0.1402981485934119
train,1.7113009599161657,0.1404183698004328
train,1.7113009599161657,0.14053859100745372
train,1.7115541682501696,0.14065881221447463
train,1.7115541682501696,0.14077903342149556
train,1.7115541682501696,0.14089925462851646
train,1.7115541682501696,0.1410194758355374
train,1.7115541682501696,0.1411396970425583
train,1.711891549880579,0.14125991824957923
train,1.7124813378019186,0.14138013945660013
train,1.7124813378019186,0.14150036066362107
train,1.7124813378019186,0.14162058187064197
train,1.7136585162083564,0.1417408030776629
train,1.7148325124333326,0.1418610242846838
train,1.7148325124333326,0.14198124549170474
train,1.7148325124333326,0.14210146669872564
train,1.7148325124333326,0.14222168790574657
train,1.7148325124333326,0.14234190911276748
train,1.7149162479935849,0.1424621303197884
train,1.7160033436347992,0.14258235152680934
train,1.7160033436347992,0.14270257273383025
train,1.7160033436347992,0.14282279394085118
train,1.7160033436347992,0.14294301514787208
train,1.7160868537748322,0.14306323635489301
train,1.7160868537748322,0.14318345756191392
train,1.7160868537748322,0.14330367876893485
train,1.7160868537748322,0.14342389997595575
train,1.7160868537748322,0.14354412118297669
train,1.7160868537748322,0.1436643423899976
train,1.7160868537748322,0.14378456359701852
train,1.7160868537748322,0.14390478480403943
train,1.7160868537748322,0.14402500601106036
train,1.7160868537748322,0.14414522721808126
train,1.7160868537748322,0.1442654484251022
train,1.7160868537748322,0.1443856696321231
train,1.7160868537748322,0.14450589083914403
train,1.7160868537748322,0.14462611204616493
train,1.7160868537748322,0.14474633325318587
train,1.7160868537748322,0.14486655446020677
train,1.7160868537748322,0.1449867756672277
train,1.7160868537748322,0.1451069968742486
train,1.7160868537748322,0.14522721808126954
train,1.7160868537748322,0.14534743928829044
train,1.7160868537748322,0.14546766049531137
train,1.7160868537748322,0.14558788170233228
train,1.7160868537748322,0.1457081029093532
train,1.7160868537748322,0.14582832411637414
train,1.7160868537748322,0.14594854532339505
train,1.7160868537748322,0.14606876653041598
train,1.7160868537748322,0.14618898773743688
train,1.7160868537748322,0.1463092089444578
train,1.7160868537748322,0.14642943015147872
train,1.7160868537748322,0.14654965135849965
train,1.7160868537748322,0.14666987256552055
train,1.7160868537748322,0.14679009377254149
train,1.7165875776756925,0.1469103149795624
train,1.717004407040547,0.14703053618658332
train,1.717004407040547,0.14715075739360423
train,1.717004407040547,0.14727097860062516
train,1.7175872968554604,0.14739119980764606
train,1.7192483984479463,0.147511421014667
train,1.7199938263676038,0.1476316422216879
train,1.7199938263676038,0.14775186342870883
train,1.7221401254574156,0.14787208463572973
train,1.7229628089424895,0.14799230584275067
train,1.7229628089424895,0.14811252704977157
train,1.7237839369653294,0.1482327482567925
train,1.7240299729355977,0.1483529694638134
train,1.7246853882373594,0.14847319067083434
train,1.7246853882373594,0.14859341187785524
train,1.7246853882373594,0.14871363308487617
train,1.7246853882373594,0.14883385429189708
train,1.7246853882373594,0.148954075498918
train,1.7246853882373594,0.14907429670593894
train,1.7246853882373594,0.14919451791295985
train,1.7246853882373594,0.14931473911998078
train,1.7246853882373594,0.14943496032700168
train,1.7246853882373594,0.1495551815340226
train,1.7246853882373594,0.14967540274104352
train,1.7246853882373594,0.14979562394806445
train,1.7246853882373594,0.14991584515508535
train,1.7246853882373594,0.15003606636210629
train,1.7246853882373594,0.1501562875691272
train,1.7246853882373594,0.15027650877614812
train,1.7246853882373594,0.15039672998316903
train,1.7246853882373594,0.15051695119018996
train,1.7246853882373594,0.15063717239721086
train,1.7246853882373594,0.1507573936042318
train,1.7246853882373594,0.1508776148112527
train,1.7246853882373594,0.15099783601827363
train,1.7246853882373594,0.15111805722529453
train,1.725258066359961,0.15123827843231546
train,1.725258066359961,0.15135849963933637
train,1.7258299903205805,0.1514787208463573
train,1.7258299903205805,0.1515989420533782
train,1.7258299903205805,0.15171916326039914
train,1.7258299903205805,0.15183938446742004
train,1.7258299903205805,0.15195960567444097
train,1.7258299903205805,0.15207982688146188
train,1.7258299903205805,0.1522000480884828
train,1.7258299903205805,0.15232026929550374
train,1.7258299903205805,0.15244049050252464
train,1.7258299903205805,0.15256071170954558
train,1.7258299903205805,0.15268093291656648
train,1.7258299903205805,0.1528011541235874
train,1.7258299903205805,0.15292137533060832
train,1.7258299903205805,0.15304159653762925
train,1.7258299903205805,0.15316181774465015
train,1.7258299903205805,0.15328203895167108
train,1.7258299903205805,0.153402260158692
train,1.7258299903205805,0.15352248136571292
train,1.7258299903205805,0.15364270257273382
train,1.7258299903205805,0.15376292377975476
train,1.7258299903205805,0.15388314498677566
train,1.7258299903205805,0.1540033661937966
train,1.7258299903205805,0.1541235874008175
train,1.7258299903205805,0.15424380860783843
train,1.7258299903205805,0.15436402981485933
train,1.7263196121107751,0.15448425102188026
train,1.7265642161622448,0.15460447222890117
train,1.7265642161622448,0.1547246934359221
train,1.7265642161622448,0.154844914642943
train,1.7265642161622448,0.15496513584996394
train,1.7265642161622448,0.15508535705698484
train,1.7265642161622448,0.15520557826400577
train,1.7265642161622448,0.15532579947102668
train,1.7265642161622448,0.1554460206780476
train,1.7293268096468608,0.1555662418850685
train,1.7293268096468608,0.15568646309208944
train,1.7298125071609356,0.15580668429911038
train,1.7298125071609356,0.15592690550613128
train,1.7298125071609356,0.1560471267131522
train,1.7298125071609356,0.15616734792017312
train,1.7298125071609356,0.15628756912719405
train,1.7298125071609356,0.15640779033421495
train,1.7298125071609356,0.15652801154123588
train,1.7298125071609356,0.1566482327482568
train,1.7298125071609356,0.15676845395527772
train,1.7298125071609356,0.15688867516229862
train,1.7298125071609356,0.15700889636931956
train,1.7298125071609356,0.15712911757634046
train,1.7298125071609356,0.1572493387833614
train,1.7298125071609356,0.1573695599903823
train,1.7298125071609356,0.15748978119740323
train,1.7298125071609356,0.15761000240442413
train,1.7298125071609356,0.15773022361144506
train,1.7298125071609356,0.15785044481846597
train,1.7298125071609356,0.1579706660254869
train,1.731346975545955,0.1580908872325078
train,1.731346975545955,0.15821110843952874
train,1.731346975545955,0.15833132964654964
train,1.731346975545955,0.15845155085357057
train,1.731346975545955,0.15857177206059148
train,1.731346975545955,0.1586919932676124
train,1.731346975545955,0.1588122144746333
train,1.731346975545955,0.15893243568165424
train,1.731346975545955,0.15905265688867518
train,1.731346975545955,0.15917287809569608
train,1.731346975545955,0.159293099302717
train,1.7333577879255853,0.15941332050973792
train,1.7333577879255853,0.15953354171675885
train,1.7333577879255853,0.15965376292377975
train,1.7333577879255853,0.15977398413080068
train,1.7333577879255853,0.1598942053378216
train,1.7333577879255853,0.16001442654484252
train,1.7333577879255853,0.16013464775186342
train,1.7333577879255853,0.16025486895888436
train,1.7333577879255853,0.16037509016590526
train,1.7333577879255853,0.1604953113729262
train,1.7333577879255853,0.1606155325799471
train,1.7333577879255853,0.16073575378696803
train,1.7333577879255853,0.16085597499398893
train,1.733758835587203,0.16097619620100986
train,1.736555847162636,0.16109641740803077
train,1.7366354976868212,0.1612166386150517
train,1.7366354976868212,0.1613368598220726
train,1.7366354976868212,0.16145708102909354
train,1.7366354976868212,0.16157730223611444
train,1.7366354976868212,0.16169752344313537
train,1.7379079233746386,0.16181774465015628
train,1.7385427409287852,0.1619379658571772
train,1.7385427409287852,0.1620581870641981
train,1.7387805584843692,0.16217840827121904
train,1.7389390312034796,0.16229862947823998
train,1.7389390312034796,0.16241885068526088
train,1.7405205860536648,0.1625390718922818
train,1.7408362070573116,0.16265929309930272
train,1.7417816961431667,0.16277951430632365
train,1.743039154804933,0.16289973551334455
train,1.7431960814487013,0.16301995672036548
train,1.7431960814487013,0.1631401779273864
train,1.7431960814487013,0.16326039913440732
train,1.7435097647284297,0.16338062034142822
train,1.7435097647284297,0.16350084154844916
train,1.7443712273318606,0.16362106275547006
train,1.7460111077519258,0.163741283962491
train,1.7460111077519258,0.1638615051695119
train,1.7460111077519258,0.16398172637653283
train,1.7460890430562002,0.16410194758355373
train,1.7460890430562002,0.16422216879057466
train,1.7460890430562002,0.16434238999759557
train,1.7460890430562002,0.1644626112046165
train,1.7460890430562002,0.1645828324116374
train,1.7460890430562002,0.16470305361865833
train,1.7460890430562002,0.16482327482567924
train,1.7460890430562002,0.16494349603270017
train,1.7460890430562002,0.16506371723972108
train,1.7460890430562002,0.165183938446742
train,1.7460890430562002,0.1653041596537629
train,1.7460890430562002,0.16542438086078384
train,1.7460890430562002,0.16554460206780475
train,1.7460890430562002,0.16566482327482568
train,1.7460890430562002,0.1657850444818466
train,1.7460890430562002,0.16590526568886751
train,1.7460890430562002,0.16602548689588845
train,1.7460890430562002,0.16614570810290935
train,1.7460890430562002,0.16626592930993028
train,1.7460890430562002,0.1663861505169512
train,1.7460890430562002,0.16650637172397212
train,1.7460890430562002,0.16662659293099302
train,1.7460890430562002,0.16674681413801395
train,1.7460890430562002,0.16686703534503486
train,1.7460890430562002,0.1669872565520558
train,1.7460890430562002,0.1671074777590767
train,1.7460890430562002,0.16722769896609763
train,1.7460890430562002,0.16734792017311853
train,1.746322765089953,0.16746814138013946
train,1.746322765089953,0.16758836258716037
train,1.746322765089953,0.1677085837941813
train,1.7470231774516278,0.1678288050012022
train,1.7470231774516278,0.16794902620822313
train,1.7470231774516278,0.16806924741524404
train,1.7470231774516278,0.16818946862226497
train,1.7470231774516278,0.16830968982928587
train,1.7470231774516278,0.1684299110363068
train,1.7470231774516278,0.1685501322433277
train,1.7470231774516278,0.16867035345034864
train,1.7470231774516278,0.16879057465736955
train,1.7470231774516278,0.16891079586439048
train,1.7470231774516278,0.1690310170714114
train,1.7470231774516278,0.16915123827843231
train,1.7470231774516278,0.16927145948545325
train,1.7470231774516278,0.16939168069247415
train,1.7470231774516278,0.16951190189949508
train,1.7470231774516278,0.169632123106516
train,1.7470231774516278,0.16975234431353692
train,1.7470231774516278,0.16987256552055782
train,1.7470231774516278,0.16999278672757875
train,1.747800090864369,0.17011300793459966
train,1.747800090864369,0.1702332291416206
train,1.7481880270062005,0.1703534503486415
train,1.7481880270062005,0.17047367155566243
train,1.7481880270062005,0.17059389276268333
train,1.7481880270062005,0.17071411396970426
train,1.7481880270062005,0.17083433517672517
train,1.7481880270062005,0.1709545563837461
train,1.7481880270062005,0.171074777590767
train,1.7481880270062005,0.17119499879778793
train,1.7481880270062005,0.17131522000480884
train,1.7481880270062005,0.17143544121182977
train,1.7481880270062005,0.17155566241885067
train,1.7481880270062005,0.1716758836258716
train,1.7481880270062005,0.1717961048328925
train,1.7481880270062005,0.17191632603991344
train,1.7481880270062005,0.17203654724693435
train,1.7481880270062005,0.17215676845395528
train,1.7481880270062005,0.1722769896609762
train,1.7481880270062005,0.1723972108679971
train,1.7481880270062005,0.17251743207501805
train,1.7481880270062005,0.17263765328203895
train,1.7491176623563225,0.17275787448905988
train,1.7508939203821254,0.17287809569608079
train,1.7508939203821254,0.17299831690310172
train,1.7518177877368792,0.17311853811012262
train,1.7518177877368792,0.17323875931714355
train,1.7518177877368792,0.17335898052416446
train,1.7518177877368792,0.1734792017311854
train,1.752739693935328,0.1735994229382063
train,1.752739693935328,0.17371964414522723
train,1.752739693935328,0.17383986535224813
train,1.752969865029084,0.17396008655926906
train,1.7538127835647022,0.17408030776628997
train,1.7539658658651602,0.1742005289733109
train,1.7553411838115476,0.1743207501803318
train,1.75564621945668,0.17444097138735273
train,1.75564621945668,0.17456119259437364
train,1.75564621945668,0.17468141380139457
train,1.7561033715851055,0.17480163500841547
train,1.7561033715851055,0.1749218562154364
train,1.7561033715851055,0.1750420774224573
train,1.7561033715851055,0.17516229862947824
train,1.7561033715851055,0.17528251983649915
train,1.7561033715851055,0.17540274104352008
train,1.7561033715851055,0.175522962250541
train,1.7561033715851055,0.1756431834575619
train,1.7561033715851055,0.17576340466458285
train,1.7561033715851055,0.17588362587160375
train,1.7561033715851055,0.17600384707862468
train,1.7561033715851055,0.17612406828564559
train,1.7561033715851055,0.17624428949266652
train,1.7561033715851055,0.17636451069968742
train,1.7561033715851055,0.17648473190670835
train,1.7561033715851055,0.17660495311372926
train,1.756864224060549,0.1767251743207502
train,1.75724415102197,0.1768453955277711
train,1.75724415102197,0.17696561673479203
train,1.75724415102197,0.17708583794181293
train,1.75724415102197,0.17720605914883386
train,1.75724415102197,0.17732628035585477
train,1.7573200965466722,0.1774465015628757
train,1.7579271831133292,0.1775667227698966
train,1.7594411971336976,0.17768694397691753
train,1.7594411971336976,0.17780716518393844
train,1.7603470785299065,0.17792738639095937
train,1.7603470785299065,0.17804760759798027
train,1.7603470785299065,0.1781678288050012
train,1.7603470785299065,0.1782880500120221
train,1.7603470785299065,0.17840827121904304
train,1.7603470785299065,0.17852849242606394
train,1.7603470785299065,0.17864871363308488
train,1.7603470785299065,0.17876893484010578
train,1.7603470785299065,0.1788891560471267
train,1.7603470785299065,0.17900937725414764
train,1.7603470785299065,0.17912959846116855
train,1.7603470785299065,0.17924981966818948
train,1.760573253944394,0.17937004087521038
train,1.7613263224214566,0.17949026208223132
train,1.762753564933374,0.17961048328925222
train,1.762753564933374,0.17973070449627315
train,1.764400322956388,0.17985092570329406
train,1.764400322956388,0.179971146910315
train,1.764400322956388,0.1800913681173359
train,1.7648483571934108,0.18021158932435682
train,1.7648483571934108,0.18033181053137773
train,1.7648483571934108,0.18045203173839866
train,1.7648483571934108,0.18057225294541956
train,1.7649229846498886,0.1806924741524405
train,1.766115283221414,0.1808126953594614
train,1.7672300981107183,0.18093291656648233
train,1.7672300981107183,0.18105313777350324
train,1.7672300981107183,0.18117335898052417
train,1.7672300981107183,0.18129358018754507
train,1.7672300981107183,0.181413801394566
train,1.7672300981107183,0.1815340226015869
train,1.7672300981107183,0.18165424380860784
train,1.7672300981107183,0.18177446501562874
train,1.7672300981107183,0.18189468622264968
train,1.7672300981107183,0.18201490742967058
train,1.7672300981107183,0.1821351286366915
train,1.7672300981107183,0.18225534984371244
train,1.7672300981107183,0.18237557105073335
train,1.7673785241141806,0.18249579225775428
train,1.7673785241141806,0.18261601346477518
train,1.7679717213816188,0.18273623467179612
train,1.7679717213816188,0.18285645587881702
train,1.7679717213816188,0.18297667708583795
train,1.7679717213816188,0.18309689829285886
train,1.7679717213816188,0.1832171194998798
train,1.7679717213816188,0.1833373407069007
train,1.7687120803776637,0.18345756191392162
train,1.7687120803776637,0.18357778312094253
train,1.7687120803776637,0.18369800432796346
train,1.7687120803776637,0.18381822553498436
train,1.770483809431108,0.1839384467420053
train,1.770483809431108,0.1840586679490262
train,1.770483809431108,0.18417888915604713
train,1.770483809431108,0.18429911036306804
train,1.770483809431108,0.18441933157008897
train,1.770483809431108,0.18453955277710987
train,1.770483809431108,0.1846597739841308
train,1.770483809431108,0.1847799951911517
train,1.770483809431108,0.18490021639817264
train,1.770483809431108,0.18502043760519354
train,1.770483809431108,0.18514065881221448
train,1.770483809431108,0.18526088001923538
train,1.770483809431108,0.1853811012262563
train,1.770483809431108,0.18550132243327724
train,1.770483809431108,0.18562154364029815
train,1.770483809431108,0.18574176484731908
train,1.770483809431108,0.18586198605433998
train,1.770483809431108,0.18598220726136092
train,1.770483809431108,0.18610242846838182
train,1.770483809431108,0.18622264967540275
train,1.770483809431108,0.18634287088242366
train,1.770483809431108,0.1864630920894446
train,1.770483809431108,0.1865833132964655
train,1.7718078789991056,0.18670353450348642
train,1.7728349272390185,0.18682375571050733
train,1.7737133252770216,0.18694397691752826
train,1.7740788007525188,0.18706419812454916
train,1.7740788007525188,0.1871844193315701
train,1.7740788007525188,0.187304640538591
train,1.7740788007525188,0.18742486174561193
train,1.7740788007525188,0.18754508295263284
train,1.7740788007525188,0.18766530415965377
train,1.7740788007525188,0.18778552536667467
train,1.7740788007525188,0.1879057465736956
train,1.7740788007525188,0.1880259677807165
train,1.7740788007525188,0.18814618898773744
train,1.7740788007525188,0.18826641019475834
train,1.7740788007525188,0.18838663140177928
train,1.7740788007525188,0.18850685260880018
train,1.7740788007525188,0.1886270738158211
train,1.7740788007525188,0.18874729502284204
train,1.776991584856405,0.18886751622986295
train,1.776991584856405,0.18898773743688388
train,1.776991584856405,0.18910795864390478
train,1.776991584856405,0.18922817985092572
train,1.7774268223893113,0.18934840105794662
train,1.777644277696485,0.18946862226496755
train,1.777644277696485,0.18958884347198846
train,1.7781512503836436,0.1897090646790094
train,1.7785130117389247,0.1898292858860303
train,1.7785130117389247,0.18994950709305122
train,1.7785130117389247,0.19006972830007213
train,1.7785130117389247,0.19018994950709306
train,1.7785130117389247,0.19031017071411396
train,1.7785130117389247,0.1904303919211349
train,1.7785130117389247,0.1905506131281558
train,1.7785130117389247,0.19067083433517673
train,1.7790912038454991,0.19079105554219764
train,1.7790912038454991,0.19091127674921857
train,1.7790912038454991,0.19103149795623947
train,1.7790912038454991,0.1911517191632604
train,1.7790912038454991,0.1912719403702813
train,1.7790912038454991,0.19139216157730224
train,1.7790912038454991,0.19151238278432314
train,1.7790912038454991,0.19163260399134407
train,1.7790912038454991,0.19175282519836498
train,1.7790912038454991,0.1918730464053859
train,1.7790912038454991,0.19199326761240681
train,1.7790912038454991,0.19211348881942775
train,1.7790912038454991,0.19223371002644868
train,1.7790912038454991,0.19235393123346958
train,1.7790912038454991,0.19247415244049051
train,1.7790912038454991,0.19259437364751142
train,1.7790912038454991,0.19271459485453235
train,1.7790912038454991,0.19283481606155325
train,1.7790912038454991,0.1929550372685742
train,1.7790912038454991,0.1930752584755951
train,1.7790912038454991,0.19319547968261602
train,1.7790912038454991,0.19331570088963693
train,1.7790912038454991,0.19343592209665786
train,1.7790912038454991,0.19355614330367876
train,1.7790912038454991,0.1936763645106997
train,1.7790912038454991,0.1937965857177206
train,1.7790912038454991,0.19391680692474153
train,1.7790912038454991,0.19403702813176243
train,1.7790912038454991,0.19415724933878337
train,1.7790912038454991,0.19427747054580427
train,1.7790912038454991,0.1943976917528252
train,1.7790912038454991,0.1945179129598461
train,1.7790912038454991,0.19463813416686704
train,1.7790912038454991,0.19475835537388794
train,1.7790912038454991,0.19487857658090887
train,1.7790912038454991,0.19499879778792978
train,1.7790912038454991,0.1951190189949507
train,1.7790912038454991,0.19523924020197161
train,1.7790912038454991,0.19535946140899255
train,1.7790912038454991,0.19547968261601348
train,1.7790912038454991,0.19559990382303438
train,1.7790912038454991,0.19572012503005531
train,1.7790912038454991,0.19584034623707622
train,1.7790912038454991,0.19596056744409715
train,1.7790912038454991,0.19608078865111805
train,1.780965029608317,0.19620100985813899
train,1.780965029608317,0.1963212310651599
train,1.780965029608317,0.19644145227218082
train,1.780965029608317,0.19656167347920173
train,1.780965029608317,0.19668189468622266
train,1.780965029608317,0.19680211589324356
train,1.780965029608317,0.1969223371002645
train,1.780965029608317,0.1970425583072854
train,1.780965029608317,0.19716277951430633
train,1.780965029608317,0.19728300072132723
train,1.780965029608317,0.19740322192834817
train,1.780965029608317,0.19752344313536907
train,1.780965029608317,0.19764366434239
train,1.780965029608317,0.1977638855494109
train,1.780965029608317,0.19788410675643184
train,1.780965029608317,0.19800432796345274
train,1.780965029608317,0.19812454917047367
train,1.780965029608317,0.19824477037749458
train,1.780965029608317,0.1983649915845155
train,1.780965029608317,0.19848521279153641
train,1.780965029608317,0.19860543399855735
train,1.780965029608317,0.19872565520557828
train,1.780965029608317,0.19884587641259918
train,1.780965029608317,0.1989660976196201
train,1.7811807209372617,0.19908631882664102
train,1.7811807209372617,0.19920654003366195
train,1.7811807209372617,0.19932676124068285
train,1.7811807209372617,0.19944698244770379
train,1.7811807209372617,0.1995672036547247
train,1.7811807209372617,0.19968742486174562
train,1.7811807209372617,0.19980764606876653
train,1.7811807209372617,0.19992786727578746
train,1.7817553746524688,0.20004808848280836
train,1.783045572114693,0.2001683096898293
train,1.783331762887424,0.2002885308968502
train,1.7846885995014212,0.20040875210387113
train,1.7846885995014212,0.20052897331089203
train,1.7849737099544007,0.20064919451791297
train,1.7849737099544007,0.20076941572493387
train,1.78632543439007,0.2008896369319548
train,1.7865384804978024,0.2010098581389757
train,1.7865384804978024,0.20113007934599664
train,1.7865384804978024,0.20125030055301754
train,1.7865384804978024,0.20137052176003847
train,1.7865384804978024,0.20149074296705938
train,1.7865384804978024,0.2016109641740803
train,1.7865384804978024,0.2017311853811012
train,1.7865384804978024,0.20185140658812215
train,1.7865384804978024,0.20197162779514305
train,1.7865384804978024,0.20209184900216398
train,1.7865384804978024,0.2022120702091849
train,1.7865384804978024,0.20233229141620582
train,1.7865384804978024,0.20245251262322675
train,1.7873187566245474,0.20257273383024765
train,1.7873187566245474,0.20269295503726859
train,1.787460474518415,0.2028131762442895
train,1.787460474518415,0.20293339745131042
train,1.787460474518415,0.20305361865833133
train,1.787460474518415,0.20317383986535226
train,1.787460474518415,0.20329406107237316
train,1.787460474518415,0.2034142822793941
train,1.787460474518415,0.203534503486415
train,1.787460474518415,0.20365472469343593
train,1.787460474518415,0.20377494590045683
train,1.787460474518415,0.20389516710747776
train,1.7889457270237477,0.20401538831449867
train,1.7896512087934096,0.2041356095215196
train,1.7896512087934096,0.2042558307285405
train,1.791690649020118,0.20437605193556144
train,1.791690649020118,0.20449627314258234
train,1.791690649020118,0.20461649434960327
train,1.791690649020118,0.20473671555662418
train,1.791690649020118,0.2048569367636451
train,1.791690649020118,0.204977157970666
train,1.791690649020118,0.20509737917768694
train,1.791690649020118,0.20521760038470785
train,1.791690649020118,0.20533782159172878
train,1.791690649020118,0.2054580427987497
train,1.791690649020118,0.20557826400577062
train,1.791690649020118,0.20569848521279155
train,1.791690649020118,0.20581870641981245
train,1.791690649020118,0.20593892762683338
train,1.791690649020118,0.2060591488338543
train,1.791690649020118,0.20617937004087522
train,1.7918309476748362,0.20629959124789612
train,1.792251571903264,0.20641981245491706
train,1.7928117712481468,0.20654003366193796
train,1.7928117712481468,0.2066602548689589
train,1.7928117712481468,0.2067804760759798
train,1.7928117712481468,0.20690069728300073
train,1.7933712489189555,0.20702091849002163
train,1.7933712489189555,0.20714113969704256
train,1.7937205568135233,0.20726136090406347
train,1.7958800173440752,0.2073815821110844
train,1.7958800173440752,0.2075018033181053
train,1.7958800173440752,0.20762202452512624
train,1.7958800173440752,0.20774224573214714
train,1.7962273140294387,0.20786246693916807
train,1.7967130632808963,0.20798268814618898
train,1.7986506454452689,0.2081029093532099
train,1.7986506454452689,0.2082231305602308
train,1.7987196851850062,0.20834335176725174
train,1.799616204481499,0.20846357297427265
train,1.8003045775561983,0.20858379418129358
train,1.8003045775561983,0.2087040153883145
train,1.8003045775561983,0.20882423659533542
train,1.8003045775561983,0.20894445780235635
train,1.8004421213362567,0.20906467900937725
train,1.8004421213362567,0.20918490021639818
train,1.8004421213362567,0.2093051214234191
train,1.8004421213362567,0.20942534263044002
train,1.8004421213362567,0.20954556383746092
train,1.8004421213362567,0.20966578504448186
train,1.8004421213362567,0.20978600625150276
train,1.8004421213362567,0.2099062274585237
train,1.8004421213362567,0.2100264486655446
train,1.8004421213362567,0.21014666987256553
train,1.8004421213362567,0.21026689107958643
train,1.8004421213362567,0.21038711228660736
train,1.8004421213362567,0.21050733349362827
train,1.8004421213362567,0.2106275547006492
train,1.8004421213362567,0.2107477759076701
train,1.8004421213362567,0.21086799711469104
train,1.8004421213362567,0.21098821832171194
train,1.8004421213362567,0.21110843952873287
train,1.8004421213362567,0.21122866073575378
train,1.8004421213362567,0.2113488819427747
train,1.8004421213362567,0.2114691031497956
train,1.8004421213362567,0.21158932435681654
train,1.8004421213362567,0.21170954556383745
train,1.8004421213362567,0.21182976677085838
train,1.8004421213362567,0.2119499879778793
train,1.8004421213362567,0.21207020918490022
train,1.8004421213362567,0.21219043039192115
train,1.8004421213362567,0.21231065159894205
train,1.8004421213362567,0.21243087280596298
train,1.80057962156913,0.2125510940129839
train,1.8015409061903185,0.21267131522000482
train,1.8018837071252396,0.21279153642702572
train,1.8018837071252396,0.21291175763404666
train,1.8018837071252396,0.21303197884106756
train,1.8018837071252396,0.2131522000480885
train,1.802978855335262,0.2132724212551094
train,1.802978855335262,0.21339264246213033
train,1.8037984079896745,0.21351286366915123
train,1.8038666342849845,0.21363308487617216
train,1.804412059137714,0.21375330608319307
train,1.804412059137714,0.213873527290214
train,1.804412059137714,0.2139937484972349
train,1.804412059137714,0.21411396970425584
train,1.804412059137714,0.21423419091127674
train,1.804412059137714,0.21435441211829767
train,1.804412059137714,0.21447463332531858
train,1.804412059137714,0.2145948545323395
train,1.804412059137714,0.2147150757393604
train,1.804412059137714,0.21483529694638134
train,1.804412059137714,0.21495551815340225
train,1.804412059137714,0.21507573936042318
train,1.804412059137714,0.21519596056744408
train,1.804412059137714,0.21531618177446502
train,1.804412059137714,0.21543640298148595
train,1.804412059137714,0.21555662418850685
train,1.8046845149069404,0.21567684539552778
train,1.8046845149069404,0.2157970666025487
train,1.8050248444298052,0.21591728780956962
train,1.8050248444298052,0.21603750901659052
train,1.8050248444298052,0.21615773022361146
train,1.8050248444298052,0.21627795143063236
train,1.8050248444298052,0.2163981726376533
train,1.8050248444298052,0.2165183938446742
train,1.8050248444298052,0.21663861505169513
train,1.8050248444298052,0.21675883625871603
train,1.8050248444298052,0.21687905746573696
train,1.8050248444298052,0.21699927867275787
train,1.8050248444298052,0.2171194998797788
train,1.8050248444298052,0.2172397210867997
train,1.8050248444298052,0.21735994229382063
train,1.8050248444298052,0.21748016350084154
train,1.8050248444298052,0.21760038470786247
train,1.8050248444298052,0.21772060591488337
train,1.8050248444298052,0.2178408271219043
train,1.805772631935669,0.2179610483289252
train,1.805772631935669,0.21808126953594614
train,1.805772631935669,0.21820149074296705
train,1.805772631935669,0.21832171194998798
train,1.805772631935669,0.21844193315700888
train,1.805772631935669,0.21856215436402981
train,1.805772631935669,0.21868237557105075
train,1.8071289555924217,0.21880259677807165
train,1.8071289555924217,0.21892281798509258
train,1.8071289555924217,0.2190430391921135
train,1.8071289555924217,0.21916326039913442
train,1.8071289555924217,0.21928348160615532
train,1.808481056565951,0.21940370281317625
train,1.808481056565951,0.21952392402019716
train,1.808481056565951,0.2196441452272181
train,1.808481056565951,0.219764366434239
train,1.808885867359812,0.21988458764125993
train,1.8100980406811429,0.22000480884828083
train,1.8109713998222077,0.22012503005530176
train,1.8118430061764776,0.22024525126232267
train,1.8118430061764776,0.2203654724693436
train,1.8118430061764776,0.2204856936763645
train,1.8118430061764776,0.22060591488338543
train,1.8118430061764776,0.22072613609040634
train,1.8118430061764776,0.22084635729742727
train,1.8118430061764776,0.22096657850444817
train,1.8118430061764776,0.2210867997114691
train,1.8118430061764776,0.22120702091849
train,1.8118430061764776,0.22132724212551094
train,1.8118430061764776,0.22144746333253185
train,1.8118430061764776,0.22156768453955278
train,1.8118430061764776,0.22168790574657368
train,1.8118430061764776,0.22180812695359461
train,1.8118430061764776,0.22192834816061555
train,1.8118430061764776,0.22204856936763645
train,1.8118430061764776,0.22216879057465738
train,1.8118430061764776,0.2222890117816783
train,1.8118430061764776,0.22240923298869922
train,1.8118430061764776,0.22252945419572012
train,1.813046965160108,0.22264967540274105
train,1.813046965160108,0.22276989660976196
train,1.813046965160108,0.2228901178167829
train,1.813046965160108,0.2230103390238038
train,1.813046965160108,0.22313056023082473
train,1.813046965160108,0.22325078143784563
train,1.813046965160108,0.22337100264486656
train,1.813046965160108,0.22349122385188747
train,1.813180532586012,0.2236114450589084
train,1.813180532586012,0.2237316662659293
train,1.8139144200486037,0.22385188747295023
train,1.8139144200486037,0.22397210867997114
train,1.8147136126959769,0.22409232988699207
train,1.8157105397889628,0.22421255109401297
train,1.8157105397889628,0.2243327723010339
train,1.8157105397889628,0.2244529935080548
train,1.8157105397889628,0.22457321471507574
train,1.8157105397889628,0.22469343592209665
train,1.815776920298363,0.22481365712911758
train,1.816572696026103,0.22493387833613848
train,1.819412311209325,0.2250540995431594
train,1.819807064590756,0.22517432075018035
train,1.8205298485235195,0.22529454195720125
train,1.8205298485235195,0.22541476316422218
train,1.8205298485235195,0.22553498437124309
train,1.8205298485235195,0.22565520557826402
train,1.8205298485235195,0.22577542678528492
train,1.8205298485235195,0.22589564799230585
train,1.8205298485235195,0.22601586919932676
train,1.8205298485235195,0.2261360904063477
train,1.8205298485235195,0.2262563116133686
train,1.8205298485235195,0.22637653282038953
train,1.8205298485235195,0.22649675402741043
train,1.8205298485235195,0.22661697523443136
train,1.8205298485235195,0.22673719644145227
train,1.8205298485235195,0.2268574176484732
train,1.8205298485235195,0.2269776388554941
train,1.8216445175422171,0.22709786006251503
train,1.8216445175422171,0.22721808126953594
train,1.8216445175422171,0.22733830247655687
train,1.8216445175422171,0.22745852368357777
train,1.8226910107760543,0.2275787448905987
train,1.8226910107760543,0.2276989660976196
train,1.8226910107760543,0.22781918730464054
train,1.8226910107760543,0.22793940851166145
train,1.8226910107760543,0.22805962971868238
train,1.8226910107760543,0.22817985092570328
train,1.8226910107760543,0.2283000721327242
train,1.8226910107760543,0.22842029333974512
train,1.8226910107760543,0.22854051454676605
train,1.8226910107760543,0.22866073575378698
train,1.8226910107760543,0.22878095696080789
train,1.8226910107760543,0.22890117816782882
train,1.823082796532804,0.22902139937484972
train,1.824451270036613,0.22914162058187065
train,1.8252313231999,0.22926184178889156
train,1.8252313231999,0.2293820629959125
train,1.8252313231999,0.2295022842029334
train,1.8252313231999,0.22962250540995433
train,1.8252313231999,0.22974272661697523
train,1.8252313231999,0.22986294782399616
train,1.8252313231999,0.22998316903101707
train,1.8252313231999,0.230103390238038
train,1.8252313231999,0.2302236114450589
train,1.8252313231999,0.23034383265207983
train,1.8252313231999,0.23046405385910074
train,1.8252313231999,0.23058427506612167
train,1.8252313231999,0.23070449627314257
train,1.8252313231999,0.2308247174801635
train,1.8252313231999,0.2309449386871844
train,1.8252313231999,0.23106515989420534
train,1.8252313231999,0.23118538110122624
train,1.8252313231999,0.23130560230824718
train,1.826722520168992,0.23142582351526808
train,1.826722520168992,0.231546044722289
train,1.826722520168992,0.23166626592930992
train,1.826722520168992,0.23178648713633085
train,1.826722520168992,0.23190670834335178
train,1.826722520168992,0.23202692955037268
train,1.826722520168992,0.23214715075739362
train,1.826722520168992,0.23226737196441452
train,1.826722520168992,0.23238759317143545
train,1.826722520168992,0.23250781437845636
train,1.826722520168992,0.2326280355854773
train,1.826722520168992,0.2327482567924982
train,1.826722520168992,0.23286847799951912
train,1.826722520168992,0.23298869920654003
train,1.826722520168992,0.23310892041356096
train,1.826722520168992,0.23322914162058186
train,1.826722520168992,0.2333493628276028
train,1.8270460170047345,0.2334695840346237
train,1.8273692730538251,0.23358980524164463
train,1.8273692730538251,0.23371002644866554
train,1.8303319934519615,0.23383024765568647
train,1.8311656339094424,0.23395046886270737
train,1.8311656339094424,0.2340706900697283
train,1.8311656339094424,0.2341909112767492
train,1.8311656339094424,0.23431113248377014
train,1.8311656339094424,0.23443135369079104
train,1.8311656339094424,0.23455157489781198
train,1.8311656339094424,0.23467179610483288
train,1.8311656339094424,0.2347920173118538
train,1.8311656339094424,0.23491223851887472
train,1.8311656339094424,0.23503245972589565
train,1.8311656339094424,0.23515268093291658
train,1.8311656339094424,0.23527290213993748
train,1.8311656339094424,0.23539312334695842
train,1.8311656339094424,0.23551334455397932
train,1.8311656339094424,0.23563356576100025
train,1.8311656339094424,0.23575378696802116
train,1.8311656339094424,0.2358740081750421
train,1.8312937443770096,0.235994229382063
train,1.8312937443770096,0.23611445058908392
train,1.8312937443770096,0.23623467179610483
train,1.8319337304667451,0.23635489300312576
train,1.8332108802826088,0.23647511421014666
train,1.834929096460576,0.2365953354171676
train,1.834929096460576,0.2367155566241885
train,1.8354368948018585,0.23683577783120943
train,1.8354368948018585,0.23695599903823034
train,1.8354368948018585,0.23707622024525127
train,1.8354368948018585,0.23719644145227217
train,1.8358807318173944,0.2373166626592931
train,1.8365139988906711,0.237436883866314
train,1.8365139988906711,0.23755710507333494
train,1.8365139988906711,0.23767732628035584
train,1.8365139988906711,0.23779754748737678
train,1.8365139988906711,0.23791776869439768
train,1.8365139988906711,0.2380379899014186
train,1.83714634390906,0.23815821110843952
train,1.83714634390906,0.23827843231546045
train,1.83714634390906,0.23839865352248135
train,1.83714634390906,0.23851887472950228
train,1.83714634390906,0.23863909593652322
train,1.83714634390906,0.23875931714354412
train,1.83714634390906,0.23887953835056505
train,1.83714634390906,0.23899975955758596
train,1.83714634390906,0.2391199807646069
train,1.8373990243420224,0.2392402019716278
train,1.8373990243420224,0.23936042317864872
train,1.8373990243420224,0.23948064438566963
train,1.8373990243420224,0.23960086559269056
train,1.8373990243420224,0.23972108679971146
train,1.8373990243420224,0.2398413080067324
train,1.8373990243420224,0.2399615292137533
train,1.8373990243420224,0.24008175042077423
train,1.8377777695537332,0.24020197162779514
train,1.8381561847521477,0.24032219283481607
train,1.8386602259889415,0.24044241404183697
train,1.8388490907372552,0.2405626352488579
train,1.839729375206388,0.2406828564558788
train,1.839729375206388,0.24080307766289974
train,1.839729375206388,0.24092329886992064
train,1.839729375206388,0.24104352007694158
train,1.839729375206388,0.24116374128396248
train,1.839729375206388,0.2412839624909834
train,1.839729375206388,0.24140418369800432
train,1.839729375206388,0.24152440490502525
train,1.839729375206388,0.24164462611204615
train,1.839729375206388,0.24176484731906708
train,1.839729375206388,0.24188506852608802
train,1.839729375206388,0.24200528973310892
train,1.839729375206388,0.24212551094012985
train,1.839792184445329,0.24224573214715076
train,1.840482487213442,0.2423659533541717
train,1.840482487213442,0.2424861745611926
train,1.840482487213442,0.24260639576821352
train,1.840482487213442,0.24272661697523443
train,1.8405451876368388,0.24284683818225536
train,1.8405451876368388,0.24296705938927626
train,1.8405451876368388,0.2430872805962972
train,1.8405451876368388,0.2432075018033181
train,1.8405451876368388,0.24332772301033903
train,1.8405451876368388,0.24344794421735994
train,1.8405451876368388,0.24356816542438087
train,1.840921200198772,0.24368838663140177
train,1.840983837320378,0.2438086078384227
train,1.842609239610562,0.2439288290454436
train,1.8436064719245109,0.24404905025246454
train,1.8452841263479915,0.24416927145948544
train,1.8461514765288152,0.24428949266650637
train,1.8461514765288152,0.24440971387352728
train,1.8478809974453752,0.2445299350805482
train,1.8478809974453752,0.24465015628756911
train,1.8478809974453752,0.24477037749459005
train,1.8478809974453752,0.24489059870161095
train,1.8478809974453752,0.24501081990863188
train,1.8478809974453752,0.24513104111565281
train,1.8478809974453752,0.24525126232267372
train,1.8478809974453752,0.24537148352969465
train,1.8478809974453752,0.24549170473671555
train,1.8478809974453752,0.2456119259437365
train,1.8478809974453752,0.2457321471507574
train,1.8478809974453752,0.24585236835777832
train,1.8478809974453752,0.24597258956479923
train,1.8478809974453752,0.24609281077182016
train,1.8478809974453752,0.24621303197884106
train,1.8478809974453752,0.246333253185862
train,1.8478809974453752,0.2464534743928829
train,1.848004271497268,0.24657369559990383
train,1.848004271497268,0.24669391680692473
train,1.848004271497268,0.24681413801394567
train,1.8487431818956837,0.24693435922096657
train,1.8487431818956837,0.2470545804279875
train,1.8487431818956837,0.2471748016350084
train,1.8487431818956837,0.24729502284202934
train,1.8487431818956837,0.24741524404905024
train,1.8487431818956837,0.24753546525607117
train,1.8487431818956837,0.24765568646309208
train,1.8487431818956837,0.247775907670113
train,1.8487431818956837,0.24789612887713391
train,1.8487431818956837,0.24801635008415485
train,1.8487431818956837,0.24813657129117575
train,1.8487431818956837,0.24825679249819668
train,1.8487431818956837,0.24837701370521761
train,1.8487431818956837,0.24849723491223852
train,1.8487431818956837,0.24861745611925945
train,1.8487431818956837,0.24873767732628035
train,1.8487431818956837,0.24885789853330129
train,1.8487431818956837,0.2489781197403222
train,1.8487431818956837,0.24909834094734312
train,1.8487431818956837,0.24921856215436403
train,1.8487431818956837,0.24933878336138496
train,1.8487431818956837,0.24945900456840586
train,1.8487431818956837,0.2495792257754268
train,1.8487431818956837,0.2496994469824477
train,1.8487431818956837,0.24981966818946863
train,1.8487431818956837,0.24993988939648953
train,1.8496650554787328,0.25006011060351047
train,1.8496650554787328,0.2501803318105314
train,1.8496650554787328,0.2503005530175523
train,1.8496650554787328,0.2504207742245732
train,1.8496650554787328,0.25054099543159414
train,1.8496650554787328,0.25066121663861507
train,1.8496650554787328,0.25078143784563595
train,1.8496650554787328,0.2509016590526569
train,1.8496650554787328,0.2510218802596778
train,1.8496650554787328,0.25114210146669874
train,1.8496650554787328,0.2512623226737196
train,1.8496650554787328,0.25138254388074055
train,1.8496650554787328,0.2515027650877615
train,1.8496650554787328,0.2516229862947824
train,1.8496650554787328,0.25174320750180335
train,1.8496650554787328,0.2518634287088242
train,1.8496650554787328,0.25198364991584515
train,1.8496650554787328,0.2521038711228661
train,1.8496650554787328,0.252224092329887
train,1.8496650554787328,0.2523443135369079
train,1.8496650554787328,0.2524645347439288
train,1.8496650554787328,0.25258475595094976
train,1.8496650554787328,0.2527049771579707
train,1.8496650554787328,0.25282519836499157
train,1.8496650554787328,0.2529454195720125
train,1.8496650554787328,0.25306564077903343
train,1.8498491956052576,0.25318586198605436
train,1.855640280890145,0.25330608319307524
train,1.8561244442423004,0.25342630440009617
train,1.8561244442423004,0.2535465256071171
train,1.8561244442423004,0.25366674681413803
train,1.8561244442423004,0.2537869680211589
train,1.8561244442423004,0.25390718922817984
train,1.8561244442423004,0.2540274104352008
train,1.8561244442423004,0.2541476316422217
train,1.8561244442423004,0.2542678528492426
train,1.8561244442423004,0.2543880740562635
train,1.8561244442423004,0.25450829526328445
train,1.8561244442423004,0.2546285164703054
train,1.8561244442423004,0.25474873767732625
train,1.8561244442423004,0.2548689588843472
train,1.8561244442423004,0.2549891800913681
train,1.856608068436936,0.25510940129838905
train,1.8569100603007864,0.25522962250541
train,1.8569100603007864,0.25534984371243086
train,1.858115932190066,0.2554700649194518
train,1.858115932190066,0.2555902861264727
train,1.858115932190066,0.25571050733349365
train,1.858115932190066,0.25583072854051453
train,1.858115932190066,0.25595094974753546
train,1.858115932190066,0.2560711709545564
train,1.858115932190066,0.2561913921615773
train,1.858115932190066,0.2563116133685982
train,1.858115932190066,0.25643183457561913
train,1.8582965245338856,0.25655205578264006
train,1.8582965245338856,0.256672276989661
train,1.8582965245338856,0.2567924981966819
train,1.8582965245338856,0.2569127194037028
train,1.8582965245338856,0.25703294061072374
train,1.8582965245338856,0.25715316181774467
train,1.8582965245338856,0.25727338302476555
train,1.8582965245338856,0.2573936042317865
train,1.8582965245338856,0.2575138254388074
train,1.8582965245338856,0.25763404664582834
train,1.8582965245338856,0.2577542678528492
train,1.8582965245338856,0.25787448905987015
train,1.8582965245338856,0.2579947102668911
train,1.8582965245338856,0.258114931473912
train,1.8582965245338856,0.2582351526809329
train,1.8582965245338856,0.2583553738879538
train,1.8582965245338856,0.25847559509497475
train,1.8582965245338856,0.2585958163019957
train,1.8582965245338856,0.2587160375090166
train,1.8582965245338856,0.2588362587160375
train,1.8582965245338856,0.2589564799230584
train,1.8582965245338856,0.25907670113007936
train,1.8582965245338856,0.2591969223371003
train,1.8582965245338856,0.25931714354412116
train,1.8582965245338856,0.2594373647511421
train,1.8582965245338856,0.25955758595816303
train,1.8582965245338856,0.25967780716518396
train,1.8582965245338856,0.25979802837220484
train,1.8582965245338856,0.25991824957922577
train,1.8582965245338856,0.2600384707862467
train,1.8585973449946924,0.26015869199326763
train,1.8585973449946924,0.2602789132002885
train,1.8585973449946924,0.26039913440730944
train,1.8585973449946924,0.2605193556143304
train,1.8585973449946924,0.2606395768213513
train,1.8585973449946924,0.2607597980283722
train,1.8585973449946924,0.2608800192353931
train,1.8585973449946924,0.26100024044241404
train,1.8600383898071935,0.261120461649435
train,1.8600383898071935,0.26124068285645585
train,1.8600383898071935,0.2613609040634768
train,1.8600383898071935,0.2614811252704977
train,1.8600383898071935,0.26160134647751865
train,1.8600383898071935,0.2617215676845396
train,1.8600383898071935,0.26184178889156046
train,1.8603380065709936,0.2619620100985814
train,1.8603380065709936,0.2620822313056023
train,1.8628466599829387,0.26220245251262325
train,1.8628466599829387,0.26232267371964413
train,1.8628466599829387,0.26244289492666506
train,1.8628466599829387,0.262563116133686
train,1.8628466599829387,0.2626833373407069
train,1.8628466599829387,0.2628035585477278
train,1.8628466599829387,0.26292377975474873
train,1.8628466599829387,0.26304400096176966
train,1.8628466599829387,0.2631642221687906
train,1.8629657589777624,0.26328444337581147
train,1.8629657589777624,0.2634046645828324
train,1.8634418286137089,0.26352488578985334
train,1.8640955734242477,0.26364510699687427
train,1.8640955734242477,0.26376532820389514
train,1.8640955734242477,0.2638855494109161
train,1.8640955734242477,0.264005770617937
train,1.866818802926048,0.26412599182495794
train,1.8674085565227911,0.2642462130319788
train,1.8674085565227911,0.26436643423899975
train,1.8674085565227911,0.2644866554460207
train,1.8674085565227911,0.2646068766530416
train,1.8674085565227911,0.2647270978600625
train,1.8674085565227911,0.2648473190670834
train,1.8674085565227911,0.26496754027410435
train,1.8674085565227911,0.2650877614811253
train,1.8674085565227911,0.2652079826881462
train,1.8674085565227911,0.2653282038951671
train,1.8674085565227911,0.265448425102188
train,1.8674085565227911,0.26556864630920896
train,1.8674085565227911,0.2656888675162299
train,1.8674085565227911,0.26580908872325076
train,1.8674085565227911,0.2659293099302717
train,1.8674085565227911,0.2660495311372926
train,1.8675264111997432,0.26616975234431356
train,1.8675264111997432,0.26628997355133444
train,1.8681152053272172,0.26641019475835537
train,1.8681152053272172,0.2665304159653763
train,1.8681152053272172,0.26665063717239723
train,1.8681152053272172,0.2667708583794181
train,1.8681152053272172,0.26689107958643904
train,1.8681152053272172,0.26701130079345997
train,1.8681152053272172,0.2671315220004809
train,1.8681152053272172,0.2672517432075018
train,1.8681152053272172,0.2673719644145227
train,1.8681152053272172,0.26749218562154364
train,1.8681152053272172,0.2676124068285646
train,1.8681152053272172,0.26773262803558545
train,1.8681152053272172,0.2678528492426064
train,1.8681152053272172,0.2679730704496273
train,1.8681152053272172,0.26809329165664825
train,1.8681152053272172,0.2682135128636692
train,1.8681152053272172,0.26833373407069006
train,1.8681152053272172,0.268453955277711
train,1.8701697211364408,0.2685741764847319
train,1.8702282790117943,0.26869439769175285
train,1.8702282790117943,0.2688146188987737
train,1.8708134239155976,0.26893484010579466
train,1.8708134239155976,0.2690550613128156
train,1.8708134239155976,0.2691752825198365
train,1.8709888137605752,0.2692955037268574
train,1.8709888137605752,0.26941572493387833
train,1.8709888137605752,0.26953594614089926
train,1.8709888137605752,0.2696561673479202
train,1.8709888137605752,0.26977638855494107
train,1.8709888137605752,0.269896609761962
train,1.8709888137605752,0.27001683096898293
train,1.8709888137605752,0.27013705217600387
train,1.8709888137605752,0.27025727338302474
train,1.8709888137605752,0.2703774945900457
train,1.8709888137605752,0.2704977157970666
train,1.8709888137605752,0.27061793700408754
train,1.8709888137605752,0.2707381582111084
train,1.8709888137605752,0.27085837941812935
train,1.8709888137605752,0.2709786006251503
train,1.8709888137605752,0.2710988218321712
train,1.8709888137605752,0.2712190430391921
train,1.8709888137605752,0.271339264246213
train,1.8709888137605752,0.27145948545323395
train,1.8709888137605752,0.2715797066602549
train,1.8709888137605752,0.2716999278672758
train,1.8709888137605752,0.2718201490742967
train,1.8709888137605752,0.2719403702813176
train,1.8709888137605752,0.27206059148833855
train,1.8709888137605752,0.2721808126953595
train,1.8709888137605752,0.27230103390238036
train,1.8709888137605752,0.2724212551094013
train,1.8709888137605752,0.2725414763164222
train,1.8719230318823736,0.27266169752344316
train,1.8719230318823736,0.27278191873046403
train,1.8719230318823736,0.27290213993748497
train,1.8719230318823736,0.2730223611445059
train,1.8719230318823736,0.27314258235152683
train,1.8719230318823736,0.2732628035585477
train,1.8719230318823736,0.27338302476556864
train,1.8719230318823736,0.27350324597258957
train,1.8719230318823736,0.2736234671796105
train,1.8719230318823736,0.2737436883866314
train,1.8719230318823736,0.2738639095936523
train,1.8719230318823736,0.27398413080067324
train,1.8719230318823736,0.2741043520076942
train,1.8725641430906512,0.27422457321471505
train,1.8727388274726688,0.274344794421736
train,1.8727388274726688,0.2744650156287569
train,1.8727388274726688,0.27458523683577785
train,1.8727388274726688,0.2747054580427987
train,1.8727388274726688,0.27482567924981965
train,1.8727388274726688,0.2749459004568406
train,1.8727388274726688,0.2750661216638615
train,1.8727388274726688,0.27518634287088245
train,1.8727970399895983,0.2753065640779033
train,1.8745977687032,0.27542678528492426
train,1.874655732598101,0.2755470064919452
train,1.8754085600770636,0.2756672276989661
train,1.8754085600770636,0.275787448905987
train,1.8754085600770636,0.27590767011300793
train,1.875986771428488,0.27602789132002886
train,1.8760445502460952,0.2761481125270498
train,1.8760445502460952,0.27626833373407067
train,1.8778318914928935,0.2763885549410916
train,1.8778318914928935,0.27650877614811253
train,1.8778318914928935,0.27662899735513347
train,1.8781769804915065,0.27674921856215434
train,1.8785217955012063,0.2768694397691753
train,1.8788089323592057,0.2769896609761962
train,1.8788089323592057,0.27710988218321714
train,1.879439965995217,0.277230103390238
train,1.8796119070658508,0.27735032459725895
train,1.8796119070658508,0.2774705458042799
train,1.8810421081934057,0.2775907670113008
train,1.8816128724783483,0.2777109882183217
train,1.881726935376418,0.2778312094253426
train,1.881726935376418,0.27795143063236355
train,1.881726935376418,0.2780716518393845
train,1.881726935376418,0.2781918730464054
train,1.881726935376418,0.2783120942534263
train,1.8817839555933848,0.2784323154604472
train,1.8817839555933848,0.27855253666746815
train,1.8817839555933848,0.2786727578744891
train,1.88280904139244,0.27879297908150996
train,1.8843988255566864,0.2789132002885309
train,1.8843988255566864,0.2790334214955518
train,1.8843988255566864,0.27915364270257276
train,1.8843988255566864,0.27927386390959363
train,1.8843988255566864,0.27939408511661457
train,1.8843988255566864,0.2795143063236355
train,1.8843988255566864,0.27963452753065643
train,1.8843988255566864,0.2797547487376773
train,1.8843988255566864,0.27987496994469824
train,1.8843988255566864,0.27999519115171917
train,1.8843988255566864,0.2801154123587401
train,1.8843988255566864,0.280235633565761
train,1.8843988255566864,0.2803558547727819
train,1.8843988255566864,0.28047607597980284
train,1.8843988255566864,0.2805962971868238
train,1.8843988255566864,0.28071651839384465
train,1.8843988255566864,0.2808367396008656
train,1.8843988255566864,0.2809569608078865
train,1.8843988255566864,0.28107718201490745
train,1.8843988255566864,0.2811974032219283
train,1.8843988255566864,0.28131762442894925
train,1.8843988255566864,0.2814378456359702
train,1.8843988255566864,0.2815580668429911
train,1.8843988255566864,0.28167828805001205
train,1.8843988255566864,0.2817985092570329
train,1.884682104206025,0.28191873046405386
train,1.885248107781386,0.2820389516710748
train,1.8871670208947744,0.2821591728780957
train,1.8871670208947744,0.2822793940851166
train,1.8871670208947744,0.28239961529213753
train,1.8871670208947744,0.28251983649915846
train,1.8871670208947744,0.2826400577061794
train,1.8871670208947744,0.28276027891320027
train,1.8871670208947744,0.2828805001202212
train,1.8871670208947744,0.28300072132724213
train,1.8871670208947744,0.28312094253426306
train,1.8871670208947744,0.28324116374128394
train,1.8871670208947744,0.2833613849483049
train,1.8871670208947744,0.2834816061553258
train,1.8871670208947744,0.28360182736234674
train,1.8873922189718468,0.2837220485693676
train,1.8873922189718468,0.28384226977638854
train,1.8873922189718468,0.2839624909834095
train,1.8873922189718468,0.2840827121904304
train,1.8873922189718468,0.2842029333974513
train,1.8873922189718468,0.2843231546044722
train,1.8873922189718468,0.28444337581149315
train,1.8873922189718468,0.2845635970185141
train,1.8873922189718468,0.28468381822553496
train,1.8873922189718468,0.2848040394325559
train,1.8873922189718468,0.2849242606395768
train,1.8873922189718468,0.28504448184659775
train,1.8873922189718468,0.2851647030536187
train,1.8876735524544477,0.28528492426063956
train,1.8876735524544477,0.2854051454676605
train,1.8876735524544477,0.2855253666746814
train,1.8876735524544477,0.28564558788170236
train,1.8876735524544477,0.28576580908872323
train,1.8877297972880305,0.28588603029574416
train,1.8879547038088016,0.2860062515027651
train,1.8879547038088016,0.28612647270978603
train,1.8879547038088016,0.2862466939168069
train,1.8879547038088016,0.28636691512382784
train,1.8887409606828929,0.28648713633084877
train,1.889077492650064,0.2866073575378697
train,1.8896937914441856,0.2867275787448906
train,1.889973638403996,0.2868477999519115
train,1.889973638403996,0.28696802115893244
train,1.8901414600645776,0.28708824236595337
train,1.8904210188009145,0.28720846357297425
train,1.8910354153153108,0.2873286847799952
train,1.8910354153153108,0.2874489059870161
train,1.8910354153153108,0.28756912719403704
train,1.8910354153153108,0.2876893484010579
train,1.892150277901364,0.28780956960807885
train,1.8922059459757723,0.2879297908150998
train,1.8922059459757723,0.2880500120221207
train,1.8922059459757723,0.28817023322914165
train,1.8922059459757723,0.2882904544361625
train,1.8922059459757723,0.28841067564318346
train,1.8922059459757723,0.2885308968502044
train,1.8922059459757723,0.2886511180572253
train,1.8922059459757723,0.2887713392642462
train,1.8922059459757723,0.28889156047126713
train,1.8922059459757723,0.28901178167828806
train,1.8922059459757723,0.289132002885309
train,1.8922059459757723,0.28925222409232987
train,1.8922059459757723,0.2893724452993508
train,1.8922059459757723,0.28949266650637173
train,1.8922059459757723,0.28961288771339266
train,1.8922059459757723,0.28973310892041354
train,1.8922059459757723,0.28985333012743447
train,1.8922059459757723,0.2899735513344554
train,1.8922059459757723,0.29009377254147634
train,1.8922059459757723,0.2902139937484972
train,1.8922059459757723,0.29033421495551814
train,1.8922059459757723,0.2904544361625391
train,1.8922059459757723,0.29057465736956
train,1.8922059459757723,0.2906948785765809
train,1.8922059459757723,0.2908150997836018
train,1.8922059459757723,0.29093532099062275
train,1.8922059459757723,0.2910555421976437
train,1.8922059459757723,0.29117576340466456
train,1.8922059459757723,0.2912959846116855
train,1.8922059459757723,0.2914162058187064
train,1.8922059459757723,0.29153642702572735
train,1.8922059459757723,0.2916566482327483
train,1.8927066378056656,0.29177686943976916
train,1.8927066378056656,0.2918970906467901
train,1.8927066378056656,0.292017311853811
train,1.8927066378056656,0.29213753306083196
train,1.8929845507107168,0.29225775426785283
train,1.893040111957118,0.29237797547487376
train,1.893040111957118,0.2924981966818947
train,1.893040111957118,0.2926184178889156
train,1.893040111957118,0.2927386390959365
train,1.893040111957118,0.29285886030295744
train,1.893040111957118,0.29297908150997837
train,1.893040111957118,0.2930993027169993
train,1.893040111957118,0.2932195239240202
train,1.893040111957118,0.2933397451310411
train,1.893040111957118,0.29345996633806204
train,1.893040111957118,0.29358018754508297
train,1.893040111957118,0.29370040875210385
train,1.893040111957118,0.2938206299591248
train,1.893040111957118,0.2939408511661457
train,1.893040111957118,0.29406107237316664
train,1.893040111957118,0.2941812935801875
train,1.893040111957118,0.29430151478720845
train,1.893040111957118,0.2944217359942294
train,1.893040111957118,0.2945419572012503
train,1.893040111957118,0.2946621784082712
train,1.893040111957118,0.2947823996152921
train,1.8936508169859636,0.29490262082231306
train,1.893817223967463,0.295022842029334
train,1.8945929479229555,0.2951430632363549
train,1.8945929479229555,0.2952632844433758
train,1.8945929479229555,0.2953835056503967
train,1.8945929479229555,0.29550372685741766
train,1.8950908969343991,0.2956239480644386
train,1.8956435048240792,0.29574416927145947
train,1.8961402514420196,0.2958643904784804
train,1.8967466156074055,0.29598461168550133
train,1.8967466156074055,0.29610483289252226
train,1.8967466156074055,0.29622505409954314
train,1.8967466156074055,0.29634527530656407
train,1.8967466156074055,0.296465496513585
train,1.8967466156074055,0.29658571772060593
train,1.8967466156074055,0.2967059389276268
train,1.899546931090867,0.29682616013464774
train,1.9008039348103696,0.2969463813416687
train,1.9008039348103696,0.2970666025486896
train,1.9008039348103696,0.2971868237557105
train,1.9008039348103696,0.2973070449627314
train,1.9008039348103696,0.29742726616975235
train,1.9008039348103696,0.2975474873767733
train,1.9008039348103696,0.29766770858379415
train,1.9008039348103696,0.2977879297908151
train,1.9008039348103696,0.297908150997836
train,1.9008039348103696,0.29802837220485695
train,1.9008039348103696,0.2981485934118779
train,1.9008039348103696,0.29826881461889876
train,1.901894031973821,0.2983890358259197
train,1.901894031973821,0.2985092570329406
train,1.901894031973821,0.29862947823996155
train,1.901894031973821,0.29874969944698243
train,1.901894031973821,0.29886992065400336
train,1.901894031973821,0.2989901418610243
train,1.901894031973821,0.2991103630680452
train,1.901894031973821,0.2992305842750661
train,1.901894031973821,0.29935080548208703
train,1.901894031973821,0.29947102668910797
train,1.901894031973821,0.2995912478961289
train,1.901894031973821,0.2997114691031498
train,1.902438056198665,0.2998316903101707
train,1.902438056198665,0.29995191151719164
train,1.902438056198665,0.30007213272421257
train,1.902655475217926,0.30019235393123345
train,1.902655475217926,0.3003125751382544
train,1.902655475217926,0.3004327963452753
train,1.902655475217926,0.30055301755229624
train,1.902655475217926,0.3006732387593171
train,1.902655475217926,0.30079345996633805
train,1.902655475217926,0.300913681173359
train,1.902655475217926,0.3010339023803799
train,1.904066051914503,0.3011541235874008
train,1.904066051914503,0.3012743447944217
train,1.904066051914503,0.30139456600144265
train,1.904282657645628,0.3015147872084636
train,1.9054720619247043,0.3016350084154845
train,1.905903766216617,0.3017552296225054
train,1.905903766216617,0.3018754508295263
train,1.905903766216617,0.30199567203654726
train,1.905903766216617,0.3021158932435682
train,1.905903766216617,0.30223611445058907
train,1.905903766216617,0.30235633565761
train,1.905903766216617,0.30247655686463093
train,1.905903766216617,0.30259677807165186
train,1.905903766216617,0.30271699927867274
train,1.905903766216617,0.30283722048569367
train,1.905903766216617,0.3029574416927146
train,1.9061194575455616,0.30307766289973553
train,1.907465106765856,0.3031978841067564
train,1.9087530191845337,0.30331810531377734
train,1.9087530191845337,0.3034383265207983
train,1.9087530191845337,0.3035585477278192
train,1.9087530191845337,0.3036787689348401
train,1.908913740020971,0.303798990141861
train,1.908913740020971,0.30391921134888195
train,1.909074401400904,0.3040394325559029
train,1.909074401400904,0.30415965376292375
train,1.9091279419892608,0.3042798749699447
train,1.9091279419892608,0.3044000961769656
train,1.9091279419892608,0.30452031738398655
train,1.9094490469812664,0.3046405385910075
train,1.9103575572728777,0.30476075979802836
train,1.9103575572728777,0.3048809810050493
train,1.9103575572728777,0.3050012022120702
train,1.9111576087399769,0.30512142341909115
train,1.9111576087399769,0.30524164462611203
train,1.9111576087399769,0.30536186583313296
train,1.9111576087399769,0.3054820870401539
train,1.9111576087399769,0.3056023082471748
train,1.9111576087399769,0.3057225294541957
train,1.91184979649942,0.30584275066121663
train,1.91184979649942,0.30596297186823757
train,1.9122220565324155,0.3060831930752585
train,1.9123814989188004,0.3062034142822794
train,1.9123814989188004,0.3063236354893003
train,1.9123814989188004,0.30644385669632124
train,1.9123814989188004,0.30656407790334217
train,1.9123814989188004,0.30668429911036305
train,1.9123814989188004,0.306804520317384
train,1.9123814989188004,0.3069247415244049
train,1.9123814989188004,0.30704496273142584
train,1.9123814989188004,0.3071651839384467
train,1.9123814989188004,0.30728540514546765
train,1.9123814989188004,0.3074056263524886
train,1.9123814989188004,0.3075258475595095
train,1.9123814989188004,0.3076460687665304
train,1.9123814989188004,0.3077662899735513
train,1.9126471062183172,0.30788651118057225
train,1.9146075677710803,0.3080067323875932
train,1.9147661369258528,0.3081269535946141
train,1.9147661369258528,0.308247174801635
train,1.9147661369258528,0.3083673960086559
train,1.9148189804474731,0.30848761721567686
train,1.9148189804474731,0.3086078384226978
train,1.9157163379459936,0.30872805962971867
train,1.915821787620399,0.3088482808367396
train,1.9161379831071752,0.30896850204376053
train,1.9161379831071752,0.30908872325078146
train,1.9161379831071752,0.30920894445780234
train,1.9161379831071752,0.30932916566482327
train,1.9161379831071752,0.3094493868718442
train,1.9161379831071752,0.30956960807886513
train,1.9161379831071752,0.309689829285886
train,1.9161379831071752,0.30981005049290694
train,1.9161379831071752,0.3099302716999279
train,1.9161379831071752,0.3100504929069488
train,1.9161379831071752,0.3101707141139697
train,1.9161379831071752,0.3102909353209906
train,1.916611845109346,0.31041115652801154
train,1.916611845109346,0.3105313777350325
train,1.916611845109346,0.31065159894205335
train,1.916611845109346,0.3107718201490743
train,1.916611845109346,0.3108920413560952
train,1.916611845109346,0.31101226256311615
train,1.916611845109346,0.311132483770137
train,1.916611845109346,0.31125270497715796
train,1.916611845109346,0.3113729261841789
train,1.916611845109346,0.3114931473911998
train,1.916611845109346,0.31161336859822075
train,1.916611845109346,0.31173358980524163
train,1.917872955198848,0.31185381101226256
train,1.9197577805018944,0.3119740322192835
train,1.9205928620848085,0.3120942534263044
train,1.92069713446992,0.3122144746333253
train,1.9215824403934163,0.31233469584034623
train,1.922154325231059,0.31245491704736716
train,1.922154325231059,0.3125751382543881
train,1.922154325231059,0.312695359461409
train,1.922154325231059,0.3128155806684299
train,1.922154325231059,0.31293580187545084
train,1.922154325231059,0.31305602308247177
train,1.922154325231059,0.31317624428949264
train,1.922154325231059,0.3132964654965136
train,1.9224140241456344,0.3134166867035345
train,1.9230885154423991,0.31353690791055544
train,1.9230885154423991,0.3136571291175763
train,1.9230885154423991,0.31377735032459725
train,1.9230885154423991,0.3138975715316182
train,1.9235548580675497,0.3140177927386391
train,1.9236066430174592,0.31413801394566
train,1.9236066430174592,0.3142582351526809
train,1.9236066430174592,0.31437845635970185
train,1.9236066430174592,0.3144986775667228
train,1.9236066430174592,0.3146188987737437
train,1.9236066430174592,0.3147391199807646
train,1.9236066430174592,0.3148593411877855
train,1.9236066430174592,0.31497956239480646
train,1.9236066430174592,0.3150997836018274
train,1.9236066430174592,0.31522000480884826
train,1.9236066430174592,0.3153402260158692
train,1.9236066430174592,0.31546044722289013
train,1.9236066430174592,0.31558066842991106
train,1.9236066430174592,0.31570088963693194
train,1.9242792860618816,0.31582111084395287
train,1.9242792860618816,0.3159413320509738
train,1.9252605095194353,0.31606155325799473
train,1.9252605095194353,0.3161817744650156
train,1.9252605095194353,0.31630199567203654
train,1.9252605095194353,0.31642221687905747
train,1.9252605095194353,0.3165424380860784
train,1.9252605095194353,0.3166626592930993
train,1.9252605095194353,0.3167828805001202
train,1.9252605095194353,0.31690310170714114
train,1.9252605095194353,0.3170233229141621
train,1.9252605095194353,0.31714354412118295
train,1.9252605095194353,0.3172637653282039
train,1.9252605095194353,0.3173839865352248
train,1.9252605095194353,0.31750420774224575
train,1.9252605095194353,0.3176244289492666
train,1.9252605095194353,0.31774465015628756
train,1.9252605095194353,0.3178648713633085
train,1.9252605095194353,0.3179850925703294
train,1.9252605095194353,0.31810531377735035
train,1.9252605095194353,0.31822553498437123
train,1.9252605095194353,0.31834575619139216
train,1.9252605095194353,0.3184659773984131
train,1.9252605095194353,0.318586198605434
train,1.9252605095194353,0.3187064198124549
train,1.9252605095194353,0.31882664101947583
train,1.9252605095194353,0.31894686222649676
train,1.9252605095194353,0.3190670834335177
train,1.9252605095194353,0.31918730464053857
train,1.9252605095194353,0.3193075258475595
train,1.9252605095194353,0.31942774705458044
train,1.9252605095194353,0.31954796826160137
train,1.9252605095194353,0.31966818946862224
train,1.9252605095194353,0.3197884106756432
train,1.9252605095194353,0.3199086318826641
train,1.9252605095194353,0.32002885308968504
train,1.9252605095194353,0.3201490742967059
train,1.9252605095194353,0.32026929550372685
train,1.9253636673541017,0.3203895167107478
train,1.9253636673541017,0.3205097379177687
train,1.927934681741179,0.3206299591247896
train,1.927934681741179,0.3207501803318105
train,1.928549467001664,0.32087040153883145
train,1.928805370893284,0.3209906227458524
train,1.928805370893284,0.32111084395287326
train,1.9291633832050643,0.3212310651598942
train,1.9293167267534956,0.3213512863669151
train,1.929929560084588,0.32147150757393606
train,1.929929560084588,0.321591728780957
train,1.929929560084588,0.32171194998797786
train,1.929929560084588,0.3218321711949988
train,1.929929560084588,0.3219523924020197
train,1.929929560084588,0.32207261360904066
train,1.929929560084588,0.32219283481606154
train,1.929929560084588,0.32231305602308247
train,1.929929560084588,0.3224332772301034
train,1.929929560084588,0.32255349843712433
train,1.929929560084588,0.3226737196441452
train,1.929929560084588,0.32279394085116614
train,1.929929560084588,0.32291416205818707
train,1.929929560084588,0.323034383265208
train,1.929929560084588,0.3231546044722289
train,1.9303886182443215,0.3232748256792498
train,1.9306943876645353,0.32339504688627074
train,1.9306943876645353,0.3235152680932917
train,1.9306943876645353,0.32363548930031255
train,1.9306943876645353,0.3237557105073335
train,1.9306943876645353,0.3238759317143544
train,1.9306943876645353,0.32399615292137535
train,1.9306943876645353,0.3241163741283962
train,1.9306943876645353,0.32423659533541715
train,1.9306943876645353,0.3243568165424381
train,1.9306943876645353,0.324477037749459
train,1.9317120670567556,0.32459725895647995
train,1.9317120670567556,0.3247174801635008
train,1.9317120670567556,0.32483770137052176
train,1.9317120670567556,0.3249579225775427
train,1.9317120670567556,0.3250781437845636
train,1.9317120670567556,0.3251983649915845
train,1.9317120670567556,0.32531858619860543
train,1.9317120670567556,0.32543880740562636
train,1.9317120670567556,0.3255590286126473
train,1.9317120670567556,0.32567924981966817
train,1.9317120670567556,0.3257994710266891
train,1.9317120670567556,0.32591969223371003
train,1.9317120670567556,0.32603991344073097
train,1.9317120670567556,0.32616013464775184
train,1.9317120670567556,0.3262803558547728
train,1.9317120670567556,0.3264005770617937
train,1.9317120670567556,0.32652079826881464
train,1.9317120670567556,0.3266410194758355
train,1.9317120670567556,0.32676124068285645
train,1.9317120670567556,0.3268814618898774
train,1.9317120670567556,0.3270016830968983
train,1.9317120670567556,0.3271219043039192
train,1.9317120670567556,0.3272421255109401
train,1.9317120670567556,0.32736234671796105
train,1.931864513492032,0.327482567924982
train,1.931864513492032,0.32760278913200286
train,1.931864513492032,0.3277230103390238
train,1.931864513492032,0.3278432315460447
train,1.931864513492032,0.32796345275306565
train,1.931864513492032,0.3280836739600866
train,1.931864513492032,0.32820389516710746
train,1.931864513492032,0.3283241163741284
train,1.931864513492032,0.3284443375811493
train,1.931864513492032,0.32856455878817026
train,1.931864513492032,0.32868477999519113
train,1.931864513492032,0.32880500120221207
train,1.931864513492032,0.328925222409233
train,1.931864513492032,0.32904544361625393
train,1.931864513492032,0.3291656648232748
train,1.931864513492032,0.32928588603029574
train,1.931864513492032,0.32940610723731667
train,1.931864513492032,0.3295263284443376
train,1.931864513492032,0.3296465496513585
train,1.931864513492032,0.3297667708583794
train,1.932220013877119,0.32988699206540034
train,1.932220013877119,0.3300072132724213
train,1.9323215319892932,0.33012743447944215
train,1.9323215319892932,0.3302476556864631
train,1.9323215319892932,0.330367876893484
train,1.9323215319892932,0.33048809810050495
train,1.9323215319892932,0.3306083193075258
train,1.9331328237267345,0.33072854051454675
train,1.9334366678262804,0.3308487617215677
train,1.9334366678262804,0.3309689829285886
train,1.9334366678262804,0.3310892041356095
train,1.9334366678262804,0.3312094253426304
train,1.9334366678262804,0.33132964654965136
train,1.9334366678262804,0.3314498677566723
train,1.93444794894897,0.3315700889636932
train,1.935053589231065,0.3316903101707141
train,1.935053589231065,0.33181053137773503
train,1.9352048674265816,0.33193075258475596
train,1.93545688071161,0.3320509737917769
train,1.93545688071161,0.33217119499879777
train,1.9366645130000757,0.3322914162058187
train,1.9366645130000757,0.33241163741283963
train,1.9366645130000757,0.33253185861986057
train,1.9366645130000757,0.33265207982688144
train,1.9366645130000757,0.3327723010339024
train,1.937969002951453,0.3328925222409233
train,1.937969002951453,0.33301274344794424
train,1.9392695863387313,0.3331329646549651
train,1.9392695863387313,0.33325318586198605
train,1.9406658724758288,0.333373407069007
train,1.9406658724758288,0.3334936282760279
train,1.9406658724758288,0.3336138494830488
train,1.9406658724758288,0.3337340706900697
train,1.9406658724758288,0.33385429189709065
train,1.9406658724758288,0.3339745131041116
train,1.9406658724758288,0.33409473431113246
train,1.9406658724758288,0.3342149555181534
train,1.9406658724758288,0.3343351767251743
train,1.9406658724758288,0.33445539793219525
train,1.9406658724758288,0.3345756191392162
train,1.9406658724758288,0.33469584034623706
train,1.9406658724758288,0.334816061553258
train,1.9406658724758288,0.3349362827602789
train,1.941063988219902,0.33505650396729986
train,1.941063988219902,0.33517672517432073
train,1.941063988219902,0.33529694638134167
train,1.941063988219902,0.3354171675883626
train,1.9411137270371015,0.33553738879538353
train,1.9423553497076769,0.3356576100024044
train,1.9432966145666548,0.33577783120942534
train,1.9432966145666548,0.33589805241644627
train,1.9432966145666548,0.3360182736234672
train,1.9432966145666548,0.3361384948304881
train,1.9432966145666548,0.336258716037509
train,1.9432966145666548,0.33637893724452994
train,1.9432966145666548,0.3364991584515509
train,1.9432966145666548,0.33661937965857175
train,1.9432966145666548,0.3367396008655927
train,1.9432966145666548,0.3368598220726136
train,1.9432966145666548,0.33698004327963454
train,1.9432966145666548,0.3371002644866554
train,1.9432966145666548,0.33722048569367635
train,1.9432966145666548,0.3373407069006973
train,1.9432966145666548,0.3374609281077182
train,1.9432966145666548,0.3375811493147391
train,1.9432966145666548,0.33770137052176
train,1.9440876794154345,0.33782159172878096
train,1.9440876794154345,0.3379418129358019
train,1.9440876794154345,0.3380620341428228
train,1.9440876794154345,0.3381822553498437
train,1.944137073158098,0.33830247655686463
train,1.9454685851318196,0.33842269776388556
train,1.945665499432134,0.3385429189709065
train,1.945665499432134,0.33866314017792737
train,1.9464522650130731,0.3387833613849483
train,1.9465505105698553,0.33890358259196923
train,1.9465505105698553,0.33902380379899016
train,1.9465505105698553,0.33914402500601104
train,1.9465505105698553,0.339264246213032
train,1.9465505105698553,0.3393844674200529
train,1.9465505105698553,0.33950468862707384
train,1.9465505105698553,0.3396249098340947
train,1.9465505105698553,0.33974513104111564
train,1.9465505105698553,0.3398653522481366
train,1.9465505105698553,0.3399855734551575
train,1.9465505105698553,0.3401057946621784
train,1.9465505105698553,0.3402260158691993
train,1.9465505105698553,0.34034623707622025
train,1.9465505105698553,0.3404664582832412
train,1.9465505105698553,0.34058667949026206
train,1.9465505105698553,0.340706900697283
train,1.9465505105698553,0.3408271219043039
train,1.9465505105698553,0.34094734311132485
train,1.9475807493043225,0.3410675643183458
train,1.9489017609702135,0.34118778552536666
train,1.9489017609702135,0.3413080067323876
train,1.9493900066449128,0.3414282279394085
train,1.9493900066449128,0.34154844914642946
train,1.9493900066449128,0.34166867035345033
train,1.9498289589353135,0.34178889156047126
train,1.9498289589353135,0.3419091127674922
train,1.9498289589353135,0.34202933397451313
train,1.9501700598082,0.342149555181534
train,1.9501700598082,0.34226977638855494
train,1.9501700598082,0.34238999759557587
train,1.9501700598082,0.3425102188025968
train,1.9501700598082,0.3426304400096177
train,1.9501700598082,0.3427506612166386
train,1.9501700598082,0.34287088242365954
train,1.9501700598082,0.34299110363068047
train,1.9501700598082,0.34311132483770135
train,1.9501700598082,0.3432315460447223
train,1.9501700598082,0.3433517672517432
train,1.9501700598082,0.34347198845876414
train,1.9501700598082,0.343592209665785
train,1.9501700598082,0.34371243087280595
train,1.9501700598082,0.3438326520798269
train,1.9501700598082,0.3439528732868478
train,1.9501700598082,0.3440730944938687
train,1.9501700598082,0.3441933157008896
train,1.9501700598082,0.34431353690791056
train,1.9501700598082,0.3444337581149315
train,1.9501700598082,0.3445539793219524
train,1.9502674680135883,0.3446742005289733
train,1.9527440240148983,0.3447944217359942
train,1.9527440240148983,0.34491464294301516
train,1.9527440240148983,0.3450348641500361
train,1.9529860651970552,0.34515508535705697
train,1.9529860651970552,0.3452753065640779
train,1.9537596917332287,0.34539552777109883
train,1.9537596917332287,0.34551574897811976
train,1.9537596917332287,0.34563597018514064
train,1.9537596917332287,0.34575619139216157
train,1.9537596917332287,0.3458764125991825
train,1.954145988829548,0.34599663380620344
train,1.9545801627437571,0.3461168550132243
train,1.9545801627437571,0.34623707622024524
train,1.9545801627437571,0.3463572974272662
train,1.9546765869186435,0.3464775186342871
train,1.95501390303805,0.346597739841308
train,1.9552065375419416,0.3467179610483289
train,1.9552065375419416,0.34683818225534985
train,1.9552065375419416,0.3469584034623708
train,1.9552065375419416,0.34707862466939166
train,1.9552065375419416,0.3471988458764126
train,1.9552065375419416,0.3473190670834335
train,1.9552065375419416,0.34743928829045445
train,1.9552065375419416,0.3475595094974753
train,1.9552065375419416,0.34767973070449626
train,1.9552065375419416,0.3477999519115172
train,1.9552065375419416,0.3479201731185381
train,1.9552065375419416,0.34804039432555905
train,1.9552065375419416,0.34816061553257993
train,1.9552065375419416,0.34828083673960086
train,1.9552065375419416,0.3484010579466218
train,1.9552065375419416,0.3485212791536427
train,1.9552065375419416,0.3486415003606636
train,1.9552065375419416,0.34876172156768454
train,1.9552065375419416,0.34888194277470547
train,1.9552065375419416,0.3490021639817264
train,1.9561684304753633,0.3491223851887473
train,1.9561684304753633,0.3492426063957682
train,1.9562645026982757,0.34936282760278914
train,1.9562645026982757,0.34948304880981007
train,1.9562645026982757,0.34960327001683095
train,1.9562645026982757,0.3497234912238519
train,1.9562645026982757,0.3498437124308728
train,1.9562645026982757,0.34996393363789374
train,1.9562645026982757,0.3500841548449146
train,1.9562645026982757,0.35020437605193555
train,1.9562645026982757,0.3503245972589565
train,1.9562645026982757,0.3504448184659774
train,1.9562645026982757,0.3505650396729983
train,1.9570323163469383,0.3506852608800192
train,1.9570323163469383,0.35080548208704015
train,1.9570323163469383,0.3509257032940611
train,1.9570323163469383,0.351045924501082
train,1.9570323163469383,0.3511661457081029
train,1.9570323163469383,0.3512863669151238
train,1.9570323163469383,0.35140658812214476
train,1.9570323163469383,0.3515268093291657
train,1.9570323163469383,0.35164703053618657
train,1.9570323163469383,0.3517672517432075
train,1.9570323163469383,0.35188747295022843
train,1.9570323163469383,0.35200769415724936
train,1.9570323163469383,0.35212791536427024
train,1.9570323163469383,0.35224813657129117
train,1.9570323163469383,0.3523683577783121
train,1.9570323163469383,0.35248857898533303
train,1.9570323163469383,0.3526088001923539
train,1.9570323163469383,0.35272902139937484
train,1.9570323163469383,0.3528492426063958
train,1.9570323163469383,0.3529694638134167
train,1.9570323163469383,0.3530896850204376
train,1.9570323163469383,0.3532099062274585
train,1.9570323163469383,0.35333012743447945
train,1.9570323163469383,0.3534503486415004
train,1.9570323163469383,0.35357056984852125
train,1.9570323163469383,0.3536907910555422
train,1.9570323163469383,0.3538110122625631
train,1.9570323163469383,0.35393123346958405
train,1.9576551669434912,0.3540514546766049
train,1.958372732478607,0.35417167588362586
train,1.959136831170374,0.3542918970906468
train,1.959136831170374,0.3544121182976677
train,1.959136831170374,0.35453233950468865
train,1.9594230219431052,0.35465256071170953
train,1.9606134576479088,0.35477278191873046
train,1.9608036249117695,0.3548930031257514
train,1.9608036249117695,0.3550132243327723
train,1.9608036249117695,0.3551334455397932
train,1.9608036249117695,0.35525366674681413
train,1.9608036249117695,0.35537388795383507
train,1.9608036249117695,0.355494109160856
train,1.9608036249117695,0.3556143303678769
train,1.9608036249117695,0.3557345515748978
train,1.9608036249117695,0.35585477278191874
train,1.9608036249117695,0.35597499398893967
train,1.9608036249117695,0.35609521519596055
train,1.9608036249117695,0.3562154364029815
train,1.9608036249117695,0.3563356576100024
train,1.9608036249117695,0.35645587881702334
train,1.9621324692982356,0.3565761000240442
train,1.9623693356700211,0.35669632123106515
train,1.962606072924127,0.3568165424380861
train,1.962606072924127,0.356936763645107
train,1.962700731704341,0.3570569848521279
train,1.962700731704341,0.3571772060591488
train,1.9635989625972416,0.35729742726616975
train,1.9635989625972416,0.3574176484731907
train,1.9643067823039364,0.35753786968021156
train,1.964778022022376,0.3576580908872325
train,1.964778022022376,0.3577783120942534
train,1.964778022022376,0.35789853330127436
train,1.9648251178833889,0.3580187545082953
train,1.965013450272248,0.35813897571531617
train,1.965013450272248,0.3582591969223371
train,1.965013450272248,0.35837941812935803
train,1.965013450272248,0.35849963933637896
train,1.965013450272248,0.35861986054339984
train,1.965765964182686,0.35874008175042077
train,1.965765964182686,0.3588603029574417
train,1.965765964182686,0.35898052416446263
train,1.965765964182686,0.3591007453714835
train,1.965765964182686,0.35922096657850444
train,1.9676415640830112,0.3593411877855254
train,1.96773513178388,0.3594614089925463
train,1.967922206730517,0.3595816301995672
train,1.967922206730517,0.3597018514065881
train,1.967922206730517,0.35982207261360905
train,1.967922206730517,0.35994229382063
train,1.967922206730517,0.36006251502765085
train,1.967922206730517,0.3601827362346718
train,1.967922206730517,0.3603029574416927
train,1.967922206730517,0.36042317864871365
train,1.967922206730517,0.3605433998557345
train,1.967922206730517,0.36066362106275546
train,1.967922206730517,0.3607838422697764
train,1.967922206730517,0.3609040634767973
train,1.967922206730517,0.36102428468381825
train,1.967922206730517,0.36114450589083913
train,1.967922206730517,0.36126472709786006
train,1.9683895418470685,0.361384948304881
train,1.9688563746146923,0.3615051695119019
train,1.9688563746146923,0.3616253907189228
train,1.9688563746146923,0.36174561192594373
train,1.9688563746146923,0.36186583313296466
train,1.9688563746146923,0.3619860543399856
train,1.9688563746146923,0.3621062755470065
train,1.9688563746146923,0.3622264967540274
train,1.9688563746146923,0.36234671796104834
train,1.9688563746146923,0.36246693916806927
train,1.9688563746146923,0.36258716037509015
train,1.9688563746146923,0.3627073815821111
train,1.9688563746146923,0.362827602789132
train,1.9688563746146923,0.36294782399615294
train,1.9688563746146923,0.3630680452031738
train,1.9694625079746368,0.36318826641019475
train,1.9696022648485392,0.3633084876172157
train,1.9696022648485392,0.3634287088242366
train,1.970067796549137,0.3635489300312575
train,1.9708116108725175,0.3636691512382784
train,1.97285055584723,0.36378937244529935
train,1.97285055584723,0.3639095936523203
train,1.97285055584723,0.36402981485934116
train,1.97285055584723,0.3641500360663621
train,1.97285055584723,0.364270257273383
train,1.97285055584723,0.36439047848040396
train,1.97285055584723,0.3645106996874249
train,1.97285055584723,0.36463092089444576
train,1.97285055584723,0.3647511421014667
train,1.97285055584723,0.36487136330848763
train,1.97285055584723,0.36499158451550856
train,1.97285055584723,0.36511180572252944
train,1.97285055584723,0.36523202692955037
train,1.97285055584723,0.3653522481365713
train,1.973681918503984,0.36547246934359223
train,1.973681918503984,0.3655926905506131
train,1.973681918503984,0.36571291175763404
train,1.9737280586880277,0.365833132964655
train,1.974097003794131,0.3659533541716759
train,1.974097003794131,0.3660735753786968
train,1.974097003794131,0.3661937965857177
train,1.9746037920870327,0.36631401779273864
train,1.9746037920870327,0.3664342389997596
train,1.9746037920870327,0.36655446020678045
train,1.9746037920870327,0.3666746814138014
train,1.9746037920870327,0.3667949026208223
train,1.9746037920870327,0.36691512382784325
train,1.9746037920870327,0.3670353450348641
train,1.9746037920870327,0.36715556624188506
train,1.9746037920870327,0.367275787448906
train,1.9746037920870327,0.3673960086559269
train,1.9746037920870327,0.3675162298629478
train,1.9746037920870327,0.36763645106996873
train,1.9746037920870327,0.36775667227698966
train,1.9746037920870327,0.3678768934840106
train,1.9746037920870327,0.3679971146910315
train,1.9747879322135575,0.3681173358980524
train,1.9747879322135575,0.36823755710507333
train,1.9747879322135575,0.36835777831209426
train,1.9747879322135575,0.3684779995191152
train,1.9750179976328828,0.36859822072613607
train,1.975063996095236,0.368718441933157
train,1.9763499790032737,0.36883866314017794
train,1.9765333803919376,0.36895888434719887
train,1.9765333803919376,0.36907910555421974
train,1.9765333803919376,0.3691993267612407
train,1.9765333803919376,0.3693195479682616
train,1.9765333803919376,0.36943976917528254
train,1.9765333803919376,0.3695599903823034
train,1.9768541465762188,0.36968021158932435
train,1.977952121201462,0.3698004327963453
train,1.9789561652175915,0.3699206540033662
train,1.9790929006383264,0.3700408752103871
train,1.9799578933406656,0.370161096417408
train,1.9799578933406656,0.37028131762442895
train,1.9799578933406656,0.3704015388314499
train,1.980503318193395,0.37052176003847076
train,1.980503318193395,0.3706419812454917
train,1.9810934231459296,0.3707622024525126
train,1.9810934231459296,0.37088242365953356
train,1.9810934231459296,0.3710026448665545
train,1.9810934231459296,0.37112286607357536
train,1.9810934231459296,0.3712430872805963
train,1.9810934231459296,0.3713633084876172
train,1.9810934231459296,0.37148352969463816
train,1.9810934231459296,0.37160375090165904
train,1.9810934231459296,0.37172397210867997
train,1.9810934231459296,0.3718441933157009
train,1.9810934231459296,0.37196441452272183
train,1.9810934231459296,0.3720846357297427
train,1.9810934231459296,0.37220485693676364
train,1.9810934231459296,0.37232507814378457
train,1.9810934231459296,0.3724452993508055
train,1.9813201732591073,0.3725655205578264
train,1.9813201732591073,0.3726857417648473
train,1.9813201732591073,0.37280596297186824
train,1.9815468050452365,0.3729261841788892
train,1.9815468050452365,0.37304640538591005
train,1.9818638909913504,0.373166626592931
train,1.9818638909913504,0.3732868477999519
train,1.9818638909913504,0.37340706900697285
train,1.9818638909913504,0.3735272902139937
train,1.9818638909913504,0.37364751142101466
train,1.9818638909913504,0.3737677326280356
train,1.9818638909913504,0.3738879538350565
train,1.9818638909913504,0.3740081750420774
train,1.983039616046102,0.3741283962490983
train,1.9830847727377885,0.37424861745611926
train,1.9832202146481028,0.3743688386631402
train,1.9832202146481028,0.3744890598701611
train,1.9832202146481028,0.374609281077182
train,1.9832202146481028,0.37472950228420293
train,1.9832202146481028,0.37484972349122386
train,1.9832202146481028,0.3749699446982448
train,1.9832202146481028,0.37509016590526567
train,1.9832202146481028,0.3752103871122866
train,1.9832202146481028,0.37533060831930753
train,1.9832202146481028,0.37545082952632847
train,1.9832202146481028,0.37557105073334934
train,1.9832202146481028,0.3756912719403703
train,1.9832202146481028,0.3758114931473912
train,1.9832202146481028,0.37593171435441214
train,1.9832202146481028,0.376051935561433
train,1.9832202146481028,0.37617215676845395
train,1.9832202146481028,0.3762923779754749
train,1.9832202146481028,0.3764125991824958
train,1.9832202146481028,0.3765328203895167
train,1.9832202146481028,0.3766530415965376
train,1.9832202146481028,0.37677326280355855
train,1.9832202146481028,0.3768934840105795
train,1.9832202146481028,0.37701370521760036
train,1.9832202146481028,0.3771339264246213
train,1.9832202146481028,0.3772541476316422
train,1.9832202146481028,0.37737436883866315
train,1.9832202146481028,0.3774945900456841
train,1.9832202146481028,0.37761481125270496
train,1.9832202146481028,0.3777350324597259
train,1.9832202146481028,0.3778552536667468
train,1.9832202146481028,0.37797547487376776
train,1.9832202146481028,0.37809569608078863
train,1.9832202146481028,0.37821591728780957
train,1.9832202146481028,0.3783361384948305
train,1.9832202146481028,0.37845635970185143
train,1.9832202146481028,0.3785765809088723
train,1.9832202146481028,0.37869680211589324
train,1.9843022319799033,0.37881702332291417
train,1.9849771264154936,0.3789372445299351
train,1.9849771264154936,0.379057465736956
train,1.9849771264154936,0.3791776869439769
train,1.9849771264154936,0.37929790815099784
train,1.9849771264154936,0.3794181293580188
train,1.9849771264154936,0.37953835056503965
train,1.9849771264154936,0.3796585717720606
train,1.9849771264154936,0.3797787929790815
train,1.9849771264154936,0.37989901418610245
train,1.9849771264154936,0.3800192353931233
train,1.9849771264154936,0.38013945660014425
train,1.9849771264154936,0.3802596778071652
train,1.9849771264154936,0.3803798990141861
train,1.9849771264154936,0.380500120221207
train,1.9849771264154936,0.3806203414282279
train,1.9849771264154936,0.38074056263524886
train,1.9849771264154936,0.3808607838422698
train,1.9849771264154936,0.3809810050492907
train,1.9849771264154936,0.3811012262563116
train,1.9849771264154936,0.38122144746333253
train,1.9858753573083936,0.38134166867035346
train,1.986637395610154,0.3814618898773744
train,1.9870402869792667,0.38158211108439527
train,1.987085029624122,0.3817023322914162
train,1.987085029624122,0.38182255349843713
train,1.9879342652321583,0.38194277470545807
train,1.9879342652321583,0.38206299591247894
train,1.987978915875482,0.3821832171194999
train,1.987978915875482,0.3823034383265208
train,1.987978915875482,0.38242365953354174
train,1.987978915875482,0.3825438807405626
train,1.987978915875482,0.38266410194758355
train,1.987978915875482,0.3827843231546045
train,1.987978915875482,0.3829045443616254
train,1.987978915875482,0.3830247655686463
train,1.987978915875482,0.3831449867756672
train,1.987978915875482,0.38326520798268815
train,1.987978915875482,0.3833854291897091
train,1.987978915875482,0.38350565039672996
train,1.987978915875482,0.3836258716037509
train,1.987978915875482,0.3837460928107718
train,1.9880682033926351,0.38386631401779275
train,1.9880682033926351,0.38398653522481363
train,1.9880682033926351,0.38410675643183456
train,1.9880682033926351,0.3842269776388555
train,1.9880682033926351,0.3843471988458764
train,1.9880682033926351,0.38446742005289736
train,1.9880682033926351,0.38458764125991823
train,1.9880682033926351,0.38470786246693917
train,1.9880682033926351,0.3848280836739601
train,1.9880682033926351,0.38494830488098103
train,1.9880682033926351,0.3850685260880019
train,1.9893608137762475,0.38518874729502284
train,1.989805650936826,0.38530896850204377
train,1.989805650936826,0.3854291897090647
train,1.9929950984313416,0.3855494109160856
train,1.9929950984313416,0.3856696321231065
train,1.9929950984313416,0.38578985333012744
train,1.9929950984313416,0.3859100745371484
train,1.9929950984313416,0.38603029574416925
train,1.9929950984313416,0.3861505169511902
train,1.9929950984313416,0.3862707381582111
train,1.9929950984313416,0.38639095936523205
train,1.9929950984313416,0.3865111805722529
train,1.9930392318069097,0.38663140177927385
train,1.993215720474137,0.3867516229862948
train,1.993215720474137,0.3868718441933157
train,1.9937447565544624,0.3869920654003366
train,1.9937447565544624,0.3871122866073575
train,1.9937447565544624,0.38723250781437846
train,1.99409708958821,0.3873527290213994
train,1.99409708958821,0.3874729502284203
train,1.99409708958821,0.3875931714354412
train,1.99409708958821,0.38771339264246213
train,1.99409708958821,0.38783361384948306
train,1.9944931228835123,0.387953835056504
train,1.9944931228835123,0.38807405626352487
train,1.9945810812598948,0.3881942774705458
train,1.9948887953649104,0.38831449867756673
train,1.9948887953649104,0.38843471988458766
train,1.9948887953649104,0.38855494109160854
train,1.9955035702650064,0.3886751622986295
train,1.9955035702650064,0.3887953835056504
train,1.9955035702650064,0.38891560471267134
train,1.9957229219954653,0.3890358259196922
train,1.995766779049974,0.38915604712671314
train,1.995766779049974,0.3892762683337341
train,1.995942162992551,0.389396489540755
train,1.9967742708613043,0.3895167107477759
train,1.9967742708613043,0.3896369319547968
train,1.9967742708613043,0.38975715316181775
train,1.9967742708613043,0.3898773743688387
train,1.9995654882259823,0.38999759557585956
train,1.999739345106568,0.3901178167828805
train,2.00039068924991,0.3902380379899014
train,2.000911062131223,0.39035825919692235
train,2.000911062131223,0.39047848040394323
train,2.000911062131223,0.39059870161096416
train,2.000911062131223,0.3907189228179851
train,2.000911062131223,0.390839144025006
train,2.000911062131223,0.39095936523202696
train,2.000911062131223,0.39107958643904783
train,2.000911062131223,0.39119980764606876
train,2.000911062131223,0.3913200288530897
train,2.000911062131223,0.39144025006011063
train,2.000911062131223,0.3915604712671315
train,2.000911062131223,0.39168069247415244
train,2.0009543984064577,0.39180091368117337
train,2.0009543984064577,0.3919211348881943
train,2.0009543984064577,0.3920413560952152
train,2.0009543984064577,0.3921615773022361
train,2.0009543984064577,0.39228179850925704
train,2.001344230411602,0.39240201971627797
train,2.001344230411602,0.39252224092329885
train,2.001344230411602,0.3926424621303198
train,2.001344230411602,0.3927626833373407
train,2.001344230411602,0.39288290454436164
train,2.001344230411602,0.3930031257513825
train,2.001344230411602,0.39312334695840345
train,2.001344230411602,0.3932435681654244
train,2.001344230411602,0.3933637893724453
train,2.001344230411602,0.3934840105794662
train,2.001344230411602,0.3936042317864871
train,2.001344230411602,0.39372445299350806
train,2.001344230411602,0.393844674200529
train,2.001344230411602,0.39396489540754986
train,2.001344230411602,0.3940851166145708
train,2.001344230411602,0.39420533782159173
train,2.0019931738235304,0.39432555902861266
train,2.0028137792246734,0.3944457802356336
train,2.0028137792246734,0.39456600144265447
train,2.0028137792246734,0.3946862226496754
train,2.0028137792246734,0.39480644385669633
train,2.0028137792246734,0.39492666506371726
train,2.0028137792246734,0.39504688627073814
train,2.0028137792246734,0.39516710747775907
train,2.0028137792246734,0.39528732868478
train,2.0028137792246734,0.39540754989180094
train,2.0028137792246734,0.3955277710988218
train,2.0028137792246734,0.39564799230584274
train,2.0028137792246734,0.3957682135128637
train,2.0028137792246734,0.3958884347198846
train,2.0034605321095063,0.3960086559269055
train,2.0034605321095063,0.3961288771339264
train,2.0045792939022116,0.39624909834094735
train,2.0045792939022116,0.3963693195479683
train,2.0045792939022116,0.39648954075498916
train,2.0045792939022116,0.3966097619620101
train,2.004922949296526,0.396729983169031
train,2.005352136486217,0.39685020437605195
train,2.005352136486217,0.39697042558307283
train,2.005352136486217,0.39709064679009376
train,2.005352136486217,0.3972108679971147
train,2.005352136486217,0.3973310892041356
train,2.005352136486217,0.39745131041115656
train,2.005437923050822,0.39757153161817743
train,2.006466042249232,0.39769175282519836
train,2.0066799277408256,0.3978119740322193
train,2.0066799277408256,0.3979321952392402
train,2.007235537545952,0.3980524164462611
train,2.0072782473342445,0.39817263765328204
train,2.007577098304339,0.39829285886030297
train,2.008515007631454,0.3984130800673239
train,2.0093233933810133,0.3985333012743448
train,2.0093233933810133,0.3986535224813657
train,2.009578360794542,0.39877374368838664
train,2.009578360794542,0.39889396489540757
train,2.009578360794542,0.39901418610242845
train,2.009578360794542,0.3991344073094494
train,2.009578360794542,0.3992546285164703
train,2.009578360794542,0.39937484972349124
train,2.009578360794542,0.3994950709305121
train,2.0099605314705973,0.39961529213753305
train,2.0099605314705973,0.399735513344554
train,2.010172703286779,0.3998557345515749
train,2.010257542998301,0.3999759557585958
train,2.010257542998301,0.4000961769656167
train,2.011020355516257,0.40021639817263766
train,2.011020355516257,0.4003366193796586
train,2.01258416391415,0.40045684058667946
train,2.01258416391415,0.4005770617937004
train,2.01287938717129,0.4006972830007213
train,2.0135113334659,0.40081750420774226
train,2.0135113334659,0.4009377254147632
train,2.0135113334659,0.40105794662178407
train,2.0135113334659,0.401178167828805
train,2.0135113334659,0.40129838903582593
train,2.0135113334659,0.40141861024284686
train,2.0135113334659,0.40153883144986774
train,2.0135113334659,0.40165905265688867
train,2.0135113334659,0.4017792738639096
train,2.0135113334659,0.40189949507093053
train,2.0135113334659,0.4020197162779514
train,2.0135113334659,0.40213993748497234
train,2.0135113334659,0.4022601586919933
train,2.0146885118723374,0.4023803798990142
train,2.0146885118723374,0.4025006011060351
train,2.015108160645837,0.402620822313056
train,2.015108160645837,0.40274104352007695
train,2.015862508097314,0.4028612647270979
train,2.015862508097314,0.40298148593411875
train,2.015862508097314,0.4031017071411397
train,2.015862508097314,0.4032219283481606
train,2.015862508097314,0.40334214955518155
train,2.015862508097314,0.4034623707622024
train,2.015862508097314,0.40358259196922336
train,2.015862508097314,0.4037028131762443
train,2.015862508097314,0.4038230343832652
train,2.0166155475571776,0.4039432555902861
train,2.0170333392987803,0.40406347679730703
train,2.0170333392987803,0.40418369800432796
train,2.0170333392987803,0.4043039192113489
train,2.0170333392987803,0.4044241404183698
train,2.0170333392987803,0.4045443616253907
train,2.0170333392987803,0.40466458283241163
train,2.0170333392987803,0.40478480403943257
train,2.0170333392987803,0.4049050252464535
train,2.0170333392987803,0.4050252464534744
train,2.017158598487814,0.4051454676604953
train,2.017158598487814,0.40526568886751624
train,2.017158598487814,0.40538591007453717
train,2.017158598487814,0.40550613128155805
train,2.017158598487814,0.405626352488579
train,2.017158598487814,0.4057465736955999
train,2.017158598487814,0.40586679490262084
train,2.017158598487814,0.4059870161096417
train,2.017158598487814,0.40610723731666265
train,2.017158598487814,0.4062274585236836
train,2.017158598487814,0.4063476797307045
train,2.017158598487814,0.4064679009377254
train,2.017158598487814,0.4065881221447463
train,2.017158598487814,0.40670834335176725
train,2.017158598487814,0.4068285645587882
train,2.017158598487814,0.40694878576580906
train,2.017158598487814,0.40706900697283
train,2.017158598487814,0.4071892281798509
train,2.017158598487814,0.40730944938687186
train,2.017158598487814,0.4074296705938928
train,2.017158598487814,0.40754989180091367
train,2.017158598487814,0.4076701130079346
train,2.017992737766433,0.40779033421495553
train,2.018450832386356,0.40791055542197646
train,2.018450832386356,0.40803077662899734
train,2.019365574572488,0.40815099783601827
train,2.019656225319349,0.4082712190430392
train,2.019656225319349,0.40839144025006013
train,2.019656225319349,0.408511661457081
train,2.0213960567419713,0.40863188266410194
train,2.0213960567419713,0.4087521038711229
train,2.0213960567419713,0.4088723250781438
train,2.0216853522157057,0.4089925462851647
train,2.0216853522157057,0.4091127674921856
train,2.022139570398392,0.40923298869920655
train,2.023540521554854,0.4093532099062275
train,2.0238283925348863,0.40947343111324835
train,2.023992804606471,0.4095936523202693
train,2.023992804606471,0.4097138735272902
train,2.023992804606471,0.40983409473431115
train,2.02481393262931,0.409954315941332
train,2.02481393262931,0.41007453714835296
train,2.02481393262931,0.4101947583553739
train,2.02481393262931,0.4103149795623948
train,2.02481393262931,0.4104352007694157
train,2.024854948305018,0.41055542197643663
train,2.024854948305018,0.41067564318345756
train,2.024854948305018,0.4107958643904785
train,2.0257153839013404,0.4109160855974994
train,2.0257153839013404,0.4110363068045203
train,2.0257153839013404,0.41115652801154123
train,2.025756314534414,0.41127674921856217
train,2.025756314534414,0.4113969704255831
train,2.025756314534414,0.411517191632604
train,2.025756314534414,0.4116374128396249
train,2.025756314534414,0.41175763404664584
train,2.025756314534414,0.41187785525366677
train,2.025756314534414,0.41199807646068765
train,2.025756314534414,0.4121182976677086
train,2.025756314534414,0.4122385188747295
train,2.025756314534414,0.41235874008175044
train,2.026288062023942,0.4124789612887713
train,2.026288062023942,0.41259918249579225
train,2.026288062023942,0.4127194037028132
train,2.0268599859845615,0.4128396249098341
train,2.0268599859845615,0.412959846116855
train,2.0268599859845615,0.4130800673238759
train,2.0268599859845615,0.41320028853089685
train,2.0268599859845615,0.4133205097379178
train,2.0268599859845615,0.41344073094493866
train,2.0268599859845615,0.4135609521519596
train,2.0268599859845615,0.4136811733589805
train,2.0268599859845615,0.41380139456600146
train,2.0273496077747564,0.4139216157730224
train,2.027634965777544,0.41404183698004327
train,2.027634965777544,0.4141620581870642
train,2.027634965777544,0.41428227939408513
train,2.0303163059885856,0.41440250060110606
train,2.0303163059885856,0.41452272180812694
train,2.0303163059885856,0.41464294301514787
train,2.030842502824917,0.4147631642221688
train,2.030842502824917,0.41488338542918973
train,2.030842502824917,0.4150036066362106
train,2.030842502824917,0.41512382784323154
train,2.030842502824917,0.4152440490502525
train,2.030842502824917,0.4153642702572734
train,2.030842502824917,0.4154844914642943
train,2.030842502824917,0.4156047126713152
train,2.030842502824917,0.41572493387833614
train,2.030842502824917,0.4158451550853571
train,2.030842502824917,0.41596537629237795
train,2.030842502824917,0.4160855974993989
train,2.030842502824917,0.4162058187064198
train,2.030842502824917,0.41632603991344075
train,2.0311255757315654,0.4164462611204616
train,2.0317315399458264,0.41656648232748256
train,2.0317315399458264,0.4166867035345035
train,2.0322157032979815,0.4168069247415244
train,2.032376971209936,0.4169271459485453
train,2.032376971209936,0.41704736715556623
train,2.032376971209936,0.41716758836258716
train,2.032376971209936,0.4172878095696081
train,2.032376971209936,0.417408030776629
train,2.032376971209936,0.4175282519836499
train,2.032376971209936,0.41764847319067083
train,2.032376971209936,0.41776869439769176
train,2.032376971209936,0.4178889156047127
train,2.032376971209936,0.4180091368117336
train,2.032376971209936,0.4181293580187545
train,2.032376971209936,0.41824957922577544
train,2.032376971209936,0.41836980043279637
train,2.032376971209936,0.41849002163981724
train,2.032376971209936,0.4186102428468382
train,2.032376971209936,0.4187304640538591
train,2.032900678732676,0.41885068526088004
train,2.0330214446829107,0.4189709064679009
train,2.0337051514678524,0.41909112767492185
train,2.0343877835895667,0.4192113488819428
train,2.0343877835895667,0.4193315700889637
train,2.0343877835895667,0.4194517912959846
train,2.0343877835895667,0.4195720125030055
train,2.0343877835895667,0.41969223371002645
train,2.0343877835895667,0.4198124549170474
train,2.0343877835895667,0.41993267612406826
train,2.0343877835895667,0.4200528973310892
train,2.0343877835895667,0.4201731185381101
train,2.0343877835895667,0.42029333974513106
train,2.0343877835895667,0.42041356095215193
train,2.0343877835895667,0.42053378215917286
train,2.0343877835895667,0.4206540033661938
train,2.0343877835895667,0.42077422457321473
train,2.0343877835895667,0.42089444578023566
train,2.0343877835895667,0.42101466698725654
train,2.0343877835895667,0.42113488819427747
train,2.0343877835895667,0.4212551094012984
train,2.0343877835895667,0.42137533060831933
train,2.0343877835895667,0.4214955518153402
train,2.0343877835895667,0.42161577302236114
train,2.0343877835895667,0.42173599422938207
train,2.0343877835895667,0.421856215436403
train,2.0343877835895667,0.4219764366434239
train,2.0343877835895667,0.4220966578504448
train,2.0343877835895667,0.42221687905746574
train,2.0343877835895667,0.4223371002644867
train,2.0343877835895667,0.42245732147150755
train,2.0343877835895667,0.4225775426785285
train,2.0343877835895667,0.4226977638855494
train,2.0343877835895667,0.42281798509257035
train,2.0345081367791695,0.4229382062995912
train,2.0356698346516806,0.42305842750661216
train,2.03610966706058,0.4231786487136331
train,2.03678853310772,0.423298869920654
train,2.03734680356809,0.4234190911276749
train,2.037546012085827,0.4235393123346958
train,2.037546012085827,0.42365953354171676
train,2.037546012085827,0.4237797547487377
train,2.037546012085827,0.4238999759557586
train,2.037546012085827,0.4240201971627795
train,2.037546012085827,0.42414041836980043
train,2.037546012085827,0.42426063957682136
train,2.037546012085827,0.4243808607838423
train,2.037625669914719,0.42450108199086317
train,2.037625669914719,0.4246213031978841
train,2.037625669914719,0.42474152440490504
train,2.037625669914719,0.42486174561192597
train,2.037625669914719,0.42498196681894684
train,2.037625669914719,0.4251021880259678
train,2.037625669914719,0.4252224092329887
train,2.037625669914719,0.42534263044000964
train,2.037625669914719,0.4254628516470305
train,2.037625669914719,0.42558307285405145
train,2.037625669914719,0.4257032940610724
train,2.037824750588342,0.4258235152680933
train,2.0383419336536064,0.4259437364751142
train,2.0383419336536064,0.4260639576821351
train,2.0390967104414504,0.42618417888915605
train,2.03953308766939,0.426304400096177
train,2.03953308766939,0.42642462130319786
train,2.0398105541483504,0.4265448425102188
train,2.0398105541483504,0.4266650637172397
train,2.0398105541483504,0.42678528492426065
train,2.0398105541483504,0.42690550613128153
train,2.0398105541483504,0.42702572733830246
train,2.039969026867461,0.4271459485453234
train,2.042378598139876,0.4272661697523443
train,2.042496757433736,0.42738639095936526
train,2.042811691807148,0.42750661216638614
train,2.042811691807148,0.42762683337340707
train,2.0430084098799517,0.427747054580428
train,2.043480170022551,0.42786727578744893
train,2.044029909946466,0.4279874969944698
train,2.0441868507673635,0.42810771820149074
train,2.0441868507673635,0.42822793940851167
train,2.0441868507673635,0.4283481606155326
train,2.0441868507673635,0.4284683818225535
train,2.0441868507673635,0.4285886030295744
train,2.0446965171101943,0.42870882423659534
train,2.0446965171101943,0.4288290454436163
train,2.046260980192122,0.42894926665063715
train,2.046300019652969,0.4290694878576581
train,2.046300019652969,0.429189709064679
train,2.047119038720181,0.42930993027169995
train,2.047119038720181,0.4294301514787208
train,2.047119038720181,0.42955037268574175
train,2.047119038720181,0.4296705938927627
train,2.047119038720181,0.4297908150997836
train,2.047119038720181,0.4299110363068045
train,2.047119038720181,0.4300312575138254
train,2.047119038720181,0.43015147872084636
train,2.047119038720181,0.4302716999278673
train,2.047119038720181,0.43039192113488817
train,2.047119038720181,0.4305121423419091
train,2.047119038720181,0.43063236354893003
train,2.047119038720181,0.43075258475595096
train,2.047119038720181,0.4308728059629719
train,2.047119038720181,0.43099302716999277
train,2.047352760753934,0.4311132483770137
train,2.047352760753934,0.43123346958403463
train,2.047352760753934,0.43135369079105557
train,2.047352760753934,0.43147391199807644
train,2.0480142909380548,0.4315941332050974
train,2.0480142909380548,0.4317143544121183
train,2.0480142909380548,0.43183457561913924
train,2.0480142909380548,0.4319547968261601
train,2.0480142909380548,0.43207501803318105
train,2.0480142909380548,0.432195239240202
train,2.0480142909380548,0.4323154604472229
train,2.0480142909380548,0.4324356816542438
train,2.0480142909380548,0.4325559028612647
train,2.0485583248984818,0.43267612406828565
train,2.0485583248984818,0.4327963452753066
train,2.0487912738484098,0.43291656648232746
train,2.0487912738484098,0.4330367876893484
train,2.0487912738484098,0.4331570088963693
train,2.0487912738484098,0.43327723010339025
train,2.0487912738484098,0.43339745131041113
train,2.0487912738484098,0.43351767251743206
train,2.0487912738484098,0.433637893724453
train,2.0492180226701815,0.4337581149314739
train,2.0492180226701815,0.43387833613849486
train,2.0492180226701815,0.43399855734551573
train,2.0492180226701815,0.43411877855253667
train,2.0492180226701815,0.4342389997595576
train,2.0492180226701815,0.43435922096657853
train,2.0492180226701815,0.4344794421735994
train,2.0492180226701815,0.43459966338062034
train,2.0492180226701815,0.43471988458764127
train,2.0492180226701815,0.4348401057946622
train,2.0492180226701815,0.4349603270016831
train,2.0492180226701815,0.435080548208704
train,2.049528122277718,0.43520076941572494
train,2.049528122277718,0.4353209906227459
train,2.0499928569201424,0.43544121182976675
train,2.050727671215053,0.4355614330367877
train,2.051885378889872,0.4356816542438086
train,2.052886235256382,0.43580187545082955
train,2.052886235256382,0.4359220966578504
train,2.052886235256382,0.43604231786487135
train,2.052886235256382,0.4361625390718923
train,2.0529246837077286,0.4362827602789132
train,2.053155302961879,0.4364029814859341
train,2.053769689599309,0.436523202692955
train,2.053769689599309,0.43664342389997596
train,2.053769689599309,0.4367636451069969
train,2.0542682395471874,0.43688386631401777
train,2.0542682395471874,0.4370040875210387
train,2.0542682395471874,0.43712430872805963
train,2.054919327123814,0.43724452993508056
train,2.054919327123814,0.4373647511421015
train,2.055034123674614,0.43748497234912237
train,2.0551106378541464,0.4376051935561433
train,2.055263625784184,0.43772541476316423
train,2.0556458599946557,0.43784563597018517
train,2.057171441547266,0.43796585717720604
train,2.057171441547266,0.438086078384227
train,2.057171441547266,0.4382062995912479
train,2.057171441547266,0.43832652079826884
train,2.057818194432099,0.4384467420052897
train,2.057856208741888,0.43856696321231065
train,2.057856208741888,0.4386871844193316
train,2.057856208741888,0.4388074056263525
train,2.057856208741888,0.4389276268333734
train,2.057856208741888,0.4390478480403943
train,2.057856208741888,0.43916806924741525
train,2.057856208741888,0.4392882904544362
train,2.057856208741888,0.43940851166145706
train,2.057856208741888,0.439528732868478
train,2.057856208741888,0.4396489540754989
train,2.057856208741888,0.43976917528251985
train,2.057856208741888,0.43988939648954073
train,2.057856208741888,0.44000961769656166
train,2.0582361689427673,0.4401298389035826
train,2.0582361689427673,0.4402500601106035
train,2.0582361689427673,0.4403702813176244
train,2.0582361689427673,0.44049050252464533
train,2.0582361689427673,0.44061072373166627
train,2.0582361689427673,0.4407309449386872
train,2.0582361689427673,0.44085116614570813
train,2.0582361689427673,0.440971387352729
train,2.0582361689427673,0.44109160855974994
train,2.0582361689427673,0.44121182976677087
train,2.0590330049637804,0.4413320509737918
train,2.060508975605298,0.4414522721808127
train,2.060508975605298,0.4415724933878336
train,2.060508975605298,0.44169271459485454
train,2.060508975605298,0.4418129358018755
train,2.060508975605298,0.44193315700889635
train,2.061339366837067,0.4420533782159173
train,2.061339366837067,0.4421735994229382
train,2.061339366837067,0.44229382062995914
train,2.061339366837067,0.44241404183698
train,2.061339366837067,0.44253426304400095
train,2.061339366837067,0.4426544842510219
train,2.061339366837067,0.4427747054580428
train,2.061339366837067,0.4428949266650637
train,2.061339366837067,0.4430151478720846
train,2.061339366837067,0.44313536907910556
train,2.061339366837067,0.4432555902861265
train,2.061339366837067,0.44337581149314736
train,2.061339366837067,0.4434960327001683
train,2.062356318085438,0.44361625390718923
train,2.0632582799504555,0.44373647511421016
train,2.0632582799504555,0.4438566963212311
train,2.063483478027528,0.44397691752825197
train,2.063483478027528,0.4440971387352729
train,2.0637460616134433,0.44421735994229383
train,2.0637460616134433,0.44433758114931476
train,2.0637460616134433,0.44445780235633564
train,2.0637460616134433,0.4445780235633566
train,2.0654303186203693,0.4446982447703775
train,2.0655797147284485,0.44481846597739844
train,2.065878352857392,0.4449386871844193
train,2.0659902892337763,0.44505890839144024
train,2.066027594948862,0.4451791295984612
train,2.0671452788853952,0.4452993508054821
train,2.0671452788853952,0.445419572012503
train,2.0682229793464493,0.4455397932195239
train,2.0682229793464493,0.44566001442654485
train,2.0682229793464493,0.4457802356335658
train,2.0682229793464493,0.44590045684058666
train,2.0682229793464493,0.4460206780476076
train,2.0682229793464493,0.4461408992546285
train,2.068297205031454,0.44626112046164945
train,2.0690017170456,0.44638134166867033
train,2.0690017170456,0.44650156287569126
train,2.0690017170456,0.4466217840827122
train,2.0690017170456,0.4467420052897331
train,2.0690017170456,0.446862226496754
train,2.0690017170456,0.44698244770377493
train,2.0690017170456,0.44710266891079586
train,2.0697420760416447,0.4472228901178168
train,2.0697420760416447,0.44734311132483773
train,2.0697420760416447,0.4474633325318586
train,2.0697420760416447,0.44758355373887954
train,2.0697420760416447,0.44770377494590047
train,2.0697420760416447,0.4478239961529214
train,2.0697420760416447,0.4479442173599423
train,2.0697420760416447,0.4480644385669632
train,2.0697420760416447,0.44818465977398414
train,2.0697420760416447,0.44830488098100507
train,2.0701117827822,0.44842510218802595
train,2.071513805095089,0.4485453233950469
train,2.071513805095089,0.4486655446020678
train,2.071513805095089,0.44878576580908874
train,2.071513805095089,0.4489059870161096
train,2.071513805095089,0.44902620822313055
train,2.071513805095089,0.4491464294301515
train,2.073131564940993,0.4492666506371724
train,2.073645045513152,0.4493868718441933
train,2.074926097123955,0.4495070930512142
train,2.075145327053852,0.44962731425823516
train,2.075145327053852,0.4497475354652561
train,2.075145327053852,0.44986775667227696
train,2.075145327053852,0.4499879778792979
train,2.075145327053852,0.4501081990863188
train,2.075145327053852,0.45022842029333976
train,2.0759117614827773,0.4503486415003607
train,2.0759117614827773,0.45046886270738157
train,2.076385543954533,0.4505890839144025
train,2.076531219253812,0.45070930512142343
train,2.0768951938660507,0.45082952632844436
train,2.077985291029502,0.45094974753546524
train,2.077985291029502,0.45106996874248617
train,2.077985291029502,0.4511901899495071
train,2.077985291029502,0.45131041115652804
train,2.077985291029502,0.4514306323635489
train,2.0784568180532927,0.45155085357056984
train,2.078782960196963,0.4516710747775908
train,2.0791812460476247,0.4517912959846117
train,2.0791812460476247,0.4519115171916326
train,2.079543007402906,0.4520317383986535
train,2.079543007402906,0.45215195960567445
train,2.079543007402906,0.4522721808126954
train,2.0800850850458694,0.45239240201971626
train,2.0800850850458694,0.4525126232267372
train,2.0800850850458694,0.4526328444337581
train,2.0800850850458694,0.45275306564077905
train,2.080157310970184,0.4528732868477999
train,2.080157310970184,0.45299350805482086
train,2.080157310970184,0.4531137292618418
train,2.080157310970184,0.4532339504688627
train,2.080157310970184,0.4533541716758836
train,2.080157310970184,0.45347439288290453
train,2.080157310970184,0.45359461408992546
train,2.080157310970184,0.4537148352969464
train,2.080157310970184,0.4538350565039673
train,2.080157310970184,0.4539552777109882
train,2.080157310970184,0.45407549891800913
train,2.080157310970184,0.45419572012503007
train,2.080157310970184,0.454315941332051
train,2.080157310970184,0.4544361625390719
train,2.080157310970184,0.4545563837460928
train,2.080157310970184,0.45467660495311374
train,2.080157310970184,0.45479682616013467
train,2.080157310970184,0.45491704736715555
train,2.080157310970184,0.4550372685741765
train,2.080157310970184,0.4551574897811974
train,2.080157310970184,0.45527771098821834
train,2.080157310970184,0.4553979321952392
train,2.080157310970184,0.45551815340226015
train,2.080157310970184,0.4556383746092811
train,2.080157310970184,0.455758595816302
train,2.080157310970184,0.4558788170233229
train,2.080157310970184,0.4559990382303438
train,2.080157310970184,0.45611925943736475
train,2.0806264869218056,0.4562394806443857
train,2.081851171517454,0.45635970185140656
train,2.081851171517454,0.4564799230584275
train,2.081851171517454,0.4566001442654484
train,2.081851171517454,0.45672036547246936
train,2.081851171517454,0.45684058667949023
train,2.0819590663004783,0.45696080788651117
train,2.0819590663004783,0.4570810290935321
train,2.0819590663004783,0.45720125030055303
train,2.0819590663004783,0.45732147150757396
train,2.0819590663004783,0.45744169271459484
train,2.0819590663004783,0.45756191392161577
train,2.0822107166012427,0.4576821351286367
train,2.0822107166012427,0.45780235633565763
train,2.0822107166012427,0.4579225775426785
train,2.0822107166012427,0.45804279874969944
train,2.0822107166012427,0.4581630199567204
train,2.0822107166012427,0.4582832411637413
train,2.0822107166012427,0.4584034623707622
train,2.08231852210804,0.4585236835777831
train,2.0826417781571314,0.45864390478480405
train,2.0827853703164503,0.458764125991825
train,2.0829647937777516,0.45888434719884585
train,2.0859680770460742,0.4590045684058668
train,2.0872133412316147,0.4591247896128877
train,2.0872133412316147,0.45924501081990865
train,2.087319912206401,0.4593652320269295
train,2.0874974724042636,0.45948545323395046
train,2.0875329757340935,0.4596056744409714
train,2.0875329757340935,0.4597258956479923
train,2.0875329757340935,0.4598461168550132
train,2.0875329757340935,0.45996633806203413
train,2.0875329757340935,0.46008655926905506
train,2.0875329757340935,0.460206780476076
train,2.0875329757340935,0.4603270016830969
train,2.088313315588097,0.4604472228901178
train,2.088313315588097,0.46056744409713873
train,2.088313315588097,0.46068766530415967
train,2.088313315588097,0.4608078865111806
train,2.088313315588097,0.4609281077182015
train,2.0884904701823963,0.4610483289252224
train,2.0884904701823963,0.46116855013224334
train,2.0884904701823963,0.46128877133926427
train,2.0884904701823963,0.46140899254628515
train,2.0884904701823963,0.4615292137533061
train,2.0884904701823963,0.461649434960327
train,2.0884904701823963,0.46176965616734794
train,2.0884904701823963,0.4618898773743688
train,2.0884904701823963,0.46201009858138975
train,2.0884904701823963,0.4621303197884107
train,2.0899404184986348,0.4622505409954316
train,2.09011691075201,0.4623707622024525
train,2.09011691075201,0.4624909834094734
train,2.0906812044573906,0.46261120461649435
train,2.0906812044573906,0.4627314258235153
train,2.0908573959815335,0.46285164703053616
train,2.0908573959815335,0.4629718682375571
train,2.0926855629374908,0.463092089444578
train,2.0926855629374908,0.46321231065159896
train,2.0926855629374908,0.46333253185861983
train,2.0926855629374908,0.46345275306564077
train,2.0926855629374908,0.4635729742726617
train,2.0926855629374908,0.46369319547968263
train,2.0926855629374908,0.46381341668670356
train,2.0926855629374908,0.46393363789372444
train,2.0938767553900446,0.46405385910074537
train,2.0938767553900446,0.4641740803077663
train,2.0938767553900446,0.46429430151478723
train,2.0938767553900446,0.4644145227218081
train,2.0938767553900446,0.46453474392882904
train,2.0938767553900446,0.46465496513585
train,2.0938767553900446,0.4647751863428709
train,2.0938767553900446,0.4648954075498918
train,2.0938767553900446,0.4650156287569127
train,2.0938767553900446,0.46513584996393365
train,2.0938767553900446,0.4652560711709546
train,2.0938767553900446,0.46537629237797545
train,2.0938767553900446,0.4654965135849964
train,2.0939467238905833,0.4656167347920173
train,2.094401244582937,0.46573695599903825
train,2.094401244582937,0.4658571772060591
train,2.094401244582937,0.46597739841308006
train,2.094401244582937,0.466097619620101
train,2.094575933649249,0.4662178408271219
train,2.0947854678195585,0.4663380620341428
train,2.0947854678195585,0.46645828324116373
train,2.0947854678195585,0.46657850444818466
train,2.0947854678195585,0.4666987256552056
train,2.0947854678195585,0.46681894686222647
train,2.0948552900836805,0.4669391680692474
train,2.0958316249383335,0.46705938927626833
train,2.0968752680596876,0.46717961048328926
train,2.0968752680596876,0.4672998316903102
train,2.0968752680596876,0.4674200528973311
train,2.0968752680596876,0.467540274104352
train,2.0968752680596876,0.46766049531137294
train,2.0968752680596876,0.46778071651839387
train,2.097639015546839,0.46790093772541475
train,2.0977777345392834,0.4680211589324357
train,2.0997151623510235,0.4681413801394566
train,2.0997151623510235,0.46826160134647754
train,2.0997151623510235,0.4683818225534984
train,2.0997151623510235,0.46850204376051935
train,2.0999912335446846,0.4686222649675403
train,2.10133457322018,0.4687424861745612
train,2.10133457322018,0.4688627073815821
train,2.10133457322018,0.468982928588603
train,2.10133457322018,0.46910314979562395
train,2.10133457322018,0.4692233710026449
train,2.10133457322018,0.46934359220966576
train,2.1014721170002377,0.4694638134166867
train,2.1014721170002377,0.4695840346237076
train,2.1014721170002377,0.46970425583072856
train,2.1014721170002377,0.46982447703774943
train,2.1014721170002377,0.46994469824477036
train,2.1014721170002377,0.4700649194517913
train,2.1014721170002377,0.47018514065881223
train,2.1014721170002377,0.47030536186583316
train,2.1014721170002377,0.47042558307285404
train,2.1014721170002377,0.47054580427987497
train,2.1014721170002377,0.4706660254868959
train,2.1014721170002377,0.47078624669391683
train,2.1014721170002377,0.4709064679009377
train,2.1014721170002377,0.47102668910795864
train,2.101643985490313,0.4711469103149796
train,2.102193508039744,0.4712671315220005
train,2.102262149494273,0.4713873527290214
train,2.1025709018542993,0.4715075739360423
train,2.102605194126567,0.47162779514306324
train,2.102605194126567,0.4717480163500842
train,2.102605194126567,0.47186823755710505
train,2.1029137027892206,0.471988458764126
train,2.1029137027892206,0.4721086799711469
train,2.1029137027892206,0.47222890117816785
train,2.1029137027892206,0.4723491223851887
train,2.1029137027892206,0.47246934359220966
train,2.1029137027892206,0.4725895647992306
train,2.104008850999243,0.4727097860062515
train,2.104008850999243,0.4728300072132724
train,2.104008850999243,0.47295022842029333
train,2.1049307390777403,0.47307044962731426
train,2.1049307390777403,0.4731906708343352
train,2.1049307390777403,0.47331089204135607
train,2.1049307390777403,0.473431113248377
train,2.105442054801695,0.47355133445539793
train,2.105442054801695,0.47367155566241886
train,2.105442054801695,0.4737917768694398
train,2.105442054801695,0.47391199807646067
train,2.105442054801695,0.4740322192834816
train,2.105442054801695,0.47415244049050254
train,2.105442054801695,0.47427266169752347
train,2.105442054801695,0.47439288290454434
train,2.105442054801695,0.4745131041115653
train,2.105442054801695,0.4746333253185862
train,2.106020819140269,0.47475354652560714
train,2.106020819140269,0.474873767732628
train,2.106020819140269,0.47499398893964895
train,2.1068026275996505,0.4751142101466699
train,2.1068026275996505,0.4752344313536908
train,2.1068026275996505,0.4753546525607117
train,2.1068026275996505,0.4754748737677326
train,2.1068026275996505,0.47559509497475355
train,2.1068026275996505,0.4757153161817745
train,2.107786384315953,0.47583553738879536
train,2.1079219001862795,0.4759557585958163
train,2.10809123558122,0.4760759798028372
train,2.1084297084234667,0.47619620100985816
train,2.1095110522299323,0.47631642221687903
train,2.1095110522299323,0.47643664342389996
train,2.1095110522299323,0.4765568646309209
train,2.110522372601323,0.4766770858379418
train,2.110522372601323,0.4767973070449627
train,2.110522372601323,0.47691752825198364
train,2.1109262422664203,0.47703774945900457
train,2.111128036345124,0.4771579706660255
train,2.111128036345124,0.47727819187304643
train,2.111967837206073,0.4773984130800673
train,2.112906490253314,0.47751863428708824
train,2.112906490253314,0.47763885549410917
train,2.112906490253314,0.4777590767011301
train,2.112906490253314,0.477879297908151
train,2.112906490253314,0.4779995191151719
train,2.112906490253314,0.47811974032219284
train,2.112906490253314,0.4782399615292138
train,2.112906490253314,0.47836018273623465
train,2.112906490253314,0.4784804039432556
train,2.1140435625480776,0.4786006251502765
train,2.1140435625480776,0.47872084635729745
train,2.1140435625480776,0.4788410675643183
train,2.1140435625480776,0.47896128877133926
train,2.1140435625480776,0.4790815099783602
train,2.1140435625480776,0.4792017311853811
train,2.1140435625480776,0.479321952392402
train,2.1140435625480776,0.4794421735994229
train,2.1140435625480776,0.47956239480644386
train,2.1140435625480776,0.4796826160134648
train,2.1140435625480776,0.47980283722048567
train,2.1140435625480776,0.4799230584275066
train,2.1141771402444487,0.48004327963452753
train,2.1141771402444487,0.48016350084154846
train,2.1141771402444487,0.4802837220485694
train,2.1141771402444487,0.48040394325559027
train,2.114310676868425,0.4805241644626112
train,2.114911084081891,0.48064438566963213
train,2.114977744785308,0.48076460687665307
train,2.114977744785308,0.48088482808367394
train,2.114977744785308,0.4810050492906949
train,2.114977744785308,0.4811252704977158
train,2.114977744785308,0.48124549170473674
train,2.114977744785308,0.4813657129117576
train,2.114977744785308,0.48148593411877855
train,2.1157436083599577,0.4816061553257995
train,2.1166741447959465,0.4817263765328204
train,2.1166741447959465,0.4818465977398413
train,2.116740535452944,0.4819668189468622
train,2.116740535452944,0.48208704015388315
train,2.116740535452944,0.4822072613609041
train,2.116740535452944,0.48232748256792496
train,2.116806915962344,0.4824477037749459
train,2.116806915962344,0.4825679249819668
train,2.117171827514267,0.48268814618898775
train,2.1178014079973275,0.48280836739600863
train,2.118165485243124,0.48292858860302956
train,2.118595365223762,0.4830488098100505
train,2.119387873622336,0.4831690310170714
train,2.119420863442087,0.4832892522240923
train,2.119420863442087,0.48340947343111323
train,2.119816545937216,0.48352969463813417
train,2.1198495032115177,0.4836499158451551
train,2.1198495032115177,0.48377013705217603
train,2.1202118682570736,0.4838903582591969
train,2.1202118682570736,0.48401057946621784
train,2.1204423068733065,0.48413080067323877
train,2.1215270164553788,0.4842510218802597
train,2.1215270164553788,0.4843712430872806
train,2.1215270164553788,0.4844914642943015
train,2.1215270164553788,0.48461168550132244
train,2.1215270164553788,0.4847319067083434
train,2.1215270164553788,0.48485212791536425
train,2.1215270164553788,0.4849723491223852
train,2.1215270164553788,0.4850925703294061
train,2.1215270164553788,0.48521279153642705
train,2.1215270164553788,0.4853330127434479
train,2.1215270164553788,0.48545323395046885
train,2.1215270164553788,0.4855734551574898
train,2.1215270164553788,0.4856936763645107
train,2.1215270164553788,0.4858138975715316
train,2.1215270164553788,0.4859341187785525
train,2.1215270164553788,0.48605433998557346
train,2.1215270164553788,0.4861745611925944
train,2.1215270164553788,0.48629478239961527
train,2.122281427209922,0.4864150036066362
train,2.122281427209922,0.48653522481365713
train,2.122281427209922,0.48665544602067806
train,2.122281427209922,0.486775667227699
train,2.1226417696255364,0.48689588843471987
train,2.1226417696255364,0.4870161096417408
train,2.1226417696255364,0.48713633084876173
train,2.1226417696255364,0.48725655205578267
train,2.1226417696255364,0.48737677326280354
train,2.1226417696255364,0.4874969944698245
train,2.1226417696255364,0.4876172156768454
train,2.123688341667586,0.48773743688386634
train,2.123753668755841,0.4878576580908872
train,2.123753668755841,0.48797787929790815
train,2.123753668755841,0.4880981005049291
train,2.123753668755841,0.48821832171195
train,2.123753668755841,0.4883385429189709
train,2.123753668755841,0.4884587641259918
train,2.123753668755841,0.48857898533301275
train,2.123753668755841,0.4886992065400337
train,2.123753668755841,0.48881942774705456
train,2.123753668755841,0.4889396489540755
train,2.1245368283012773,0.4890598701610964
train,2.1245368283012773,0.48918009136811735
train,2.1245368283012773,0.48930031257513823
train,2.1245368283012773,0.48942053378215916
train,2.1245368283012773,0.4895407549891801
train,2.1254487330602623,0.489660976196201
train,2.1254487330602623,0.4897811974032219
train,2.1254487330602623,0.48990141861024283
train,2.1254487330602623,0.49002163981726377
train,2.1254487330602623,0.4901418610242847
train,2.126293790693266,0.49026208223130563
train,2.126293790693266,0.4903823034383265
train,2.126293790693266,0.49050252464534744
train,2.126293790693266,0.49062274585236837
train,2.126293790693266,0.4907429670593893
train,2.126293790693266,0.4908631882664102
train,2.126293790693266,0.4909834094734311
train,2.126293790693266,0.49110363068045204
train,2.126293790693266,0.491223851887473
train,2.126293790693266,0.49134407309449385
train,2.126293790693266,0.4914642943015148
train,2.126293790693266,0.4915845155085357
train,2.126293790693266,0.49170473671555665
train,2.126293790693266,0.4918249579225775
train,2.1274611625115374,0.49194517912959845
train,2.1274935447567827,0.4920654003366194
train,2.1274935447567827,0.4921856215436403
train,2.1274935447567827,0.4923058427506612
train,2.1274935447567827,0.4924260639576821
train,2.1274935447567827,0.49254628516470306
train,2.1274935447567827,0.492666506371724
train,2.1274935447567827,0.49278672757874487
train,2.1277201528923193,0.4929069487857658
train,2.1277201528923193,0.49302716999278673
train,2.1277201528923193,0.49314739119980766
train,2.1277201528923193,0.49326761240682854
train,2.1277201528923193,0.49338783361384947
train,2.1277201528923193,0.4935080548208704
train,2.1277201528923193,0.49362827602789133
train,2.1277201528923193,0.49374849723491226
train,2.1277201528923193,0.49386871844193314
train,2.1280760126687155,0.4939889396489541
train,2.1282376707691872,0.494109160855975
train,2.1283992687178066,0.49422938206299594
train,2.1303015973418447,0.4943496032700168
train,2.130687493982032,0.49446982447703774
train,2.130687493982032,0.4945900456840587
train,2.13132989404281,0.4947102668910796
train,2.132195629573424,0.4948304880981005
train,2.132195629573424,0.4949507093051214
train,2.132195629573424,0.49507093051214235
train,2.132195629573424,0.4951911517191633
train,2.132195629573424,0.49531137292618416
train,2.132195629573424,0.4954315941332051
train,2.132195629573424,0.495551815340226
train,2.1322596895310446,0.49567203654724695
train,2.1322596895310446,0.49579225775426783
train,2.1322596895310446,0.49591247896128876
train,2.132355761753957,0.4960327001683097
train,2.132355761753957,0.4961529213753306
train,2.132355761753957,0.4962731425823515
train,2.132355761753957,0.49639336378937243
train,2.1331235754026197,0.49651358499639336
train,2.1331235754026197,0.4966338062034143
train,2.1331235754026197,0.49675402741043523
train,2.1340814374625117,0.4968742486174561
train,2.1358002833021112,0.49699446982447704
train,2.1364668904658393,0.49711469103149797
train,2.136910727481376,0.4972349122385189
train,2.1375123531221294,0.4973551334455398
train,2.1381763395730413,0.4974753546525607
train,2.1381763395730413,0.49759557585958164
train,2.1381763395730413,0.49771579706660257
train,2.1381763395730413,0.49783601827362345
train,2.1381763395730413,0.4979562394806444
train,2.1381763395730413,0.4980764606876653
train,2.1381763395730413,0.49819668189468624
train,2.1381763395730413,0.4983169031017071
train,2.1381763395730413,0.49843712430872805
train,2.1381763395730413,0.498557345515749
train,2.1381763395730413,0.4986775667227699
train,2.1384605947257023,0.4987977879297908
train,2.138776215729349,0.4989180091368117
train,2.138776215729349,0.49903823034383266
train,2.138776215729349,0.4991584515508536
train,2.138776215729349,0.49927867275787446
train,2.139154658406904,0.4993988939648954
train,2.1396902216529226,0.49951911517191633
train,2.1401307783711343,0.49963933637893726
train,2.1407907766253023,0.49975955758595814
train,2.1407907766253023,0.49987977879297907
train,2.1407907766253023,0.5
train,2.1407907766253023,0.5001202212070209
train,2.1407907766253023,0.5002404424140419
train,2.1407907766253023,0.5003606636210628
train,2.1407907766253023,0.5004808848280837
train,2.1407907766253023,0.5006011060351045
train,2.1407907766253023,0.5007213272421255
train,2.1407907766253023,0.5008415484491464
train,2.1407907766253023,0.5009617696561673
train,2.1408535813227223,0.5010819908631883
train,2.1408535813227223,0.5012022120702092
train,2.1408535813227223,0.5013224332772301
train,2.1408535813227223,0.5014426544842511
train,2.1412302188965806,0.5015628756912719
train,2.141543834220653,0.5016830968982928
train,2.141543834220653,0.5018033181053138
train,2.141543834220653,0.5019235393123347
train,2.141543834220653,0.5020437605193556
train,2.141543834220653,0.5021639817263766
train,2.141543834220653,0.5022842029333975
train,2.141543834220653,0.5024044241404184
train,2.141543834220653,0.5025246453474392
train,2.141543834220653,0.5026448665544602
train,2.141543834220653,0.5027650877614811
train,2.141543834220653,0.502885308968502
train,2.141543834220653,0.503005530175523
train,2.141543834220653,0.5031257513825439
train,2.141543834220653,0.5032459725895648
train,2.141982515552804,0.5033661937965858
train,2.143077284173619,0.5034864150036067
train,2.1440134657861987,0.5036066362106275
train,2.144262773761991,0.5037268574176484
train,2.144605338714745,0.5038470786246694
train,2.144605338714745,0.5039672998316903
train,2.144605338714745,0.5040875210387112
train,2.1449476336703737,0.5042077422457322
train,2.146128035678238,0.5043279634527531
train,2.146128035678238,0.504448184659774
train,2.146128035678238,0.5045684058667949
train,2.146128035678238,0.5046886270738158
train,2.146314122011973,0.5048088482808367
train,2.146314122011973,0.5049290694878577
train,2.147088624628166,0.5050492906948786
train,2.1471814721927966,0.5051695119018995
train,2.1471814721927966,0.5052897331089204
train,2.1481397365012196,0.5054099543159414
train,2.148263229636879,0.5055301755229622
train,2.1489109931093564,0.5056503967299831
train,2.1489109931093564,0.5057706179370041
train,2.1489109931093564,0.505890839144025
train,2.1489109931093564,0.5060110603510459
train,2.1489109931093564,0.5061312815580669
train,2.1489109931093564,0.5062515027650878
train,2.1489109931093564,0.5063717239721087
train,2.1489109931093564,0.5064919451791295
train,2.1489109931093564,0.5066121663861505
train,2.1489109931093564,0.5067323875931714
train,2.149065080207621,0.5068526088001923
train,2.149065080207621,0.5069728300072133
train,2.149065080207621,0.5070930512142342
train,2.149188310536008,0.5072132724212551
train,2.149188310536008,0.5073334936282761
train,2.149773177559665,0.507453714835297
train,2.149773177559665,0.5075739360423178
train,2.149773177559665,0.5076941572493388
train,2.149773177559665,0.5078143784563597
train,2.149773177559665,0.5079345996633806
train,2.149773177559665,0.5080548208704015
train,2.149773177559665,0.5081750420774225
train,2.1501728963931312,0.5082952632844434
train,2.1506643535295606,0.5084154844914643
train,2.1506643535295606,0.5085357056984852
train,2.150695051142714,0.5086559269055061
train,2.150695051142714,0.508776148112527
train,2.150695051142714,0.508896369319548
train,2.150695051142714,0.5090165905265689
train,2.150695051142714,0.5091368117335898
train,2.150695051142714,0.5092570329406108
train,2.150695051142714,0.5093772541476317
train,2.150695051142714,0.5094974753546525
train,2.1509098737011216,0.5096176965616734
train,2.152349508312726,0.5097379177686944
train,2.153143856513742,0.5098581389757153
train,2.1532659350758685,0.5099783601827362
train,2.1532659350758685,0.5100985813897572
train,2.1533879793318085,0.5102188025967781
train,2.15357098143378,0.510339023803799
train,2.1539062851388677,0.51045924501082
train,2.1540586103769708,0.5105794662178408
train,2.1551841596940076,0.5106996874248617
train,2.1551841596940076,0.5108199086318826
train,2.1551841596940076,0.5109401298389036
train,2.1551841596940076,0.5110603510459245
train,2.1554575014518425,0.5111805722529454
train,2.1554575014518425,0.5113007934599664
train,2.1558216897179667,0.5114210146669873
train,2.1560643123398653,0.5115412358740081
train,2.156609718165699,0.5116614570810291
train,2.157184682201611,0.51178167828805
train,2.157184682201611,0.5119018994950709
train,2.157184682201611,0.5120221207020919
train,2.157184682201611,0.5121423419091128
train,2.157184682201611,0.5122625631161337
train,2.157184682201611,0.5123827843231546
train,2.157184682201611,0.5125030055301755
train,2.1573056303279663,0.5126232267371964
train,2.15742654478045,0.5127434479442173
train,2.15742654478045,0.5128636691512383
train,2.1576380641009174,0.5129838903582592
train,2.1576380641009174,0.5131041115652801
train,2.1578494804529016,0.5132243327723011
train,2.1579400559647675,0.513344553979322
train,2.1579400559647675,0.5134647751863429
train,2.1591459278540475,0.5135849963933637
train,2.1591459278540475,0.5137052176003847
train,2.1591459278540475,0.5138254388074056
train,2.1591459278540475,0.5139456600144265
train,2.1591459278540475,0.5140658812214475
train,2.159326520197866,0.5141861024284684
train,2.159326520197866,0.5143063236354893
train,2.159326520197866,0.5144265448425103
train,2.159326520197866,0.5145467660495311
train,2.159326520197866,0.514666987256552
train,2.159326520197866,0.514787208463573
train,2.159326520197866,0.5149074296705939
train,2.159326520197866,0.5150276508776148
train,2.159326520197866,0.5151478720846357
train,2.159326520197866,0.5152680932916567
train,2.159326520197866,0.5153883144986776
train,2.159326520197866,0.5155085357056984
train,2.159326520197866,0.5156287569127194
train,2.159326520197866,0.5157489781197403
train,2.159326520197866,0.5158691993267612
train,2.159326520197866,0.5159894205337822
train,2.159326520197866,0.5161096417408031
train,2.1593566116222265,0.516229862947824
train,2.1596273406586737,0.516350084154845
train,2.1596273406586737,0.5164703053618658
train,2.1596273406586737,0.5165905265688867
train,2.1596273406586737,0.5167107477759076
train,2.1596273406586737,0.5168309689829286
train,2.160498543522346,0.5169511901899495
train,2.160618572399474,0.5170714113969704
train,2.161038412422962,0.5171916326039914
train,2.161038412422962,0.5173118538110123
train,2.161038412422962,0.5174320750180332
train,2.161038412422962,0.517552296225054
train,2.161038412422962,0.517672517432075
train,2.161038412422962,0.5177927386390959
train,2.161038412422962,0.5179129598461168
train,2.1611283253624993,0.5180331810531378
train,2.1611882569822596,0.5181534022601587
train,2.163370120225884,0.5182736234671796
train,2.16387665564692,0.5183938446742006
train,2.16387665564692,0.5185140658812214
train,2.16402552428784,0.5186342870882423
train,2.1640552918934515,0.5187545082952633
train,2.16447182427769,0.5188747295022842
train,2.1647393842914324,0.5189949507093051
train,2.1651552613920657,0.5191151719163261
train,2.1651552613920657,0.519235393123347
train,2.1651552613920657,0.5193556143303679
train,2.1651552613920657,0.5194758355373887
train,2.1651552613920657,0.5195960567444097
train,2.1651552613920657,0.5197162779514306
train,2.1651552613920657,0.5198364991584515
train,2.1659265496090963,0.5199567203654725
train,2.1659265496090963,0.5200769415724934
train,2.166578109919652,0.5201971627795143
train,2.166578109919652,0.5203173839865353
train,2.168320665518866,0.5204376051935562
train,2.168409083519626,0.520557826400577
train,2.168409083519626,0.520678047607598
train,2.168409083519626,0.5207982688146189
train,2.168409083519626,0.5209184900216398
train,2.168409083519626,0.5210387112286607
train,2.168409083519626,0.5211589324356817
train,2.168409083519626,0.5212791536427026
train,2.168409083519626,0.5213993748497235
train,2.168409083519626,0.5215195960567444
train,2.168409083519626,0.5216398172637653
train,2.168409083519626,0.5217600384707862
train,2.1690863574870227,0.5218802596778072
train,2.169115780235715,0.5220004808848281
train,2.169115780235715,0.522120702091849
train,2.1698507018614985,0.52224092329887
train,2.170232370181804,0.5223611445058909
train,2.1709654063108412,0.5224813657129117
train,2.1709654063108412,0.5226015869199326
train,2.1712289967250515,0.5227218081269536
train,2.171258274675776,0.5228420293339745
train,2.171872656139683,0.5229622505409954
train,2.1720480341802557,0.5230824717480164
train,2.1720480341802557,0.5232026929550373
train,2.1720480341802557,0.5233229141620582
train,2.1720480341802557,0.5234431353690792
train,2.1720480341802557,0.5235633565761
train,2.1720480341802557,0.5236835777831209
train,2.1720480341802557,0.5238037989901418
train,2.1720480341802557,0.5239240201971628
train,2.1727488389827436,0.5240442414041837
train,2.1728946977521764,0.5241644626112046
train,2.172982189505869,0.5242846838182256
train,2.172982189505869,0.5244049050252465
train,2.172982189505869,0.5245251262322673
train,2.172982189505869,0.5246453474392883
train,2.172982189505869,0.5247655686463092
train,2.1737397139518873,0.5248857898533301
train,2.1737397139518873,0.525006011060351
train,2.1737397139518873,0.525126232267372
train,2.1737397139518873,0.5252464534743929
train,2.1747573763106605,0.5253666746814138
train,2.175540804016768,0.5254868958884347
train,2.176207055478685,0.5256071170954556
train,2.176438555741045,0.5257273383024765
train,2.176438555741045,0.5258475595094975
train,2.176814480674777,0.5259677807165184
train,2.176987874800811,0.5260880019235393
train,2.177016767092469,0.5262082231305603
train,2.177016767092469,0.5263284443375812
train,2.177016767092469,0.526448665544602
train,2.177016767092469,0.5265688867516229
train,2.177016767092469,0.5266891079586439
train,2.177045657462139,0.5268093291656648
train,2.177045657462139,0.5269295503726857
train,2.177045657462139,0.5270497715797067
train,2.177045657462139,0.5271699927867276
train,2.177045657462139,0.5272902139937485
train,2.177045657462139,0.5274104352007695
train,2.1772767112585862,0.5275306564077903
train,2.1774499209718248,0.5276508776148112
train,2.1774499209718248,0.5277710988218322
train,2.177796133292215,0.5278913200288531
train,2.1778538085223005,0.528011541235874
train,2.1785165237335824,0.528131762442895
train,2.178890655048907,0.5282519836499159
train,2.178890655048907,0.5283722048569368
train,2.178890655048907,0.5284924260639576
train,2.178890655048907,0.5286126472709786
train,2.178890655048907,0.5287328684779995
train,2.178890655048907,0.5288530896850204
train,2.178890655048907,0.5289733108920414
train,2.1805559407036412,0.5290935320990623
train,2.1806419027298323,0.5292137533060832
train,2.1806419027298323,0.5293339745131042
train,2.1806419027298323,0.529454195720125
train,2.1806419027298323,0.5295744169271459
train,2.1806419027298323,0.5296946381341668
train,2.1806419027298323,0.5298148593411878
train,2.1806419027298323,0.5299350805482087
train,2.1806419027298323,0.5300553017552296
train,2.1806419027298323,0.5301755229622506
train,2.18118593412823,0.5302957441692715
train,2.18118593412823,0.5304159653762924
train,2.1814433955418977,0.5305361865833133
train,2.182072103857387,0.5306564077903342
train,2.182072103857387,0.5307766289973551
train,2.182100659893949,0.530896850204376
train,2.182756931040399,0.531017071411397
train,2.182756931040399,0.5311372926184179
train,2.182756931040399,0.5312575138254388
train,2.182756931040399,0.5313777350324598
train,2.182756931040399,0.5314979562394806
train,2.182756931040399,0.5316181774465015
train,2.182756931040399,0.5317383986535225
train,2.182756931040399,0.5318586198605434
train,2.182756931040399,0.5319788410675643
train,2.182756931040399,0.5320990622745853
train,2.182756931040399,0.5322192834816062
train,2.182756931040399,0.5323395046886271
train,2.182756931040399,0.5324597258956479
train,2.1828139512573657,0.5325799471026689
train,2.1833552702605123,0.5327001683096898
train,2.183696808634681,0.5328203895167107
train,2.183696808634681,0.5329406107237317
train,2.183696808634681,0.5330608319307526
train,2.185230416167563,0.5331810531377735
train,2.185258765296585,0.5333012743447945
train,2.185457157401926,0.5334214955518154
train,2.185457157401926,0.5335417167588362
train,2.185457157401926,0.5336619379658571
train,2.185457157401926,0.5337821591728781
train,2.185457157401926,0.533902380379899
train,2.185457157401926,0.5340226015869199
train,2.185457157401926,0.5341428227939409
train,2.1876053154181485,0.5342630440009618
train,2.1880280413350808,0.5343832652079827
train,2.1880280413350808,0.5345034864150036
train,2.1880280413350808,0.5346237076220245
train,2.188197016558755,0.5347439288290454
train,2.188197016558755,0.5348641500360664
train,2.188197016558755,0.5349843712430873
train,2.188422214635828,0.5351045924501082
train,2.188422214635828,0.5352248136571292
train,2.188422214635828,0.5353450348641501
train,2.188422214635828,0.5354652560711709
train,2.188675422969832,0.5355854772781918
train,2.188675422969832,0.5357056984852128
train,2.188675422969832,0.5358259196922337
train,2.188984699472783,0.5359461408992546
train,2.188984699472783,0.5360663621062756
train,2.188984699472783,0.5361865833132965
train,2.189770956346874,0.5363068045203174
train,2.189770956346874,0.5364270257273384
train,2.191171455728558,0.5365472469343592
train,2.191171455728558,0.5366674681413801
train,2.191171455728558,0.536787689348401
train,2.1924001703601292,0.536907910555422
train,2.1931245983544616,0.5370281317624429
train,2.1931245983544616,0.5371483529694638
train,2.1931245983544616,0.5372685741764848
train,2.1931245983544616,0.5373887953835057
train,2.1932359416397538,0.5375090165905265
train,2.1932359416397538,0.5376292377975475
train,2.1932359416397538,0.5377494590045684
train,2.1932359416397538,0.5378696802115893
train,2.1932359416397538,0.5379899014186103
train,2.1932359416397538,0.5381101226256312
train,2.1932359416397538,0.5382303438326521
train,2.1932359416397538,0.538350565039673
train,2.1932359416397538,0.5384707862466939
train,2.1932359416397538,0.5385910074537148
train,2.193708832395355,0.5387112286607357
train,2.193708832395355,0.5388314498677567
train,2.193708832395355,0.5389516710747776
train,2.194097885578952,0.5390718922817985
train,2.194097885578952,0.5391921134888195
train,2.194097885578952,0.5393123346958404
train,2.194097885578952,0.5394325559028612
train,2.194097885578952,0.5395527771098821
train,2.194097885578952,0.5396729983169031
train,2.194097885578952,0.539793219523924
train,2.194097885578952,0.5399134407309449
train,2.194097885578952,0.5400336619379659
train,2.194097885578952,0.5401538831449868
train,2.194097885578952,0.5402741043520077
train,2.194097885578952,0.5403943255590287
train,2.194097885578952,0.5405145467660495
train,2.194097885578952,0.5406347679730704
train,2.194097885578952,0.5407549891800913
train,2.194097885578952,0.5408752103871123
train,2.194097885578952,0.5409954315941332
train,2.194097885578952,0.5411156528011541
train,2.194097885578952,0.5412358740081751
train,2.194097885578952,0.541356095215196
train,2.1946808126499446,0.5414763164222168
train,2.1946808126499446,0.5415965376292378
train,2.1956229435869368,0.5417167588362587
train,2.1956229435869368,0.5418369800432796
train,2.1956229435869368,0.5419572012503006
train,2.1956229435869368,0.5420774224573215
train,2.196397284437343,0.5421976436643424
train,2.196397284437343,0.5423178648713634
train,2.196397284437343,0.5424380860783842
train,2.1971426649725627,0.5425583072854051
train,2.1971426649725627,0.542678528492426
train,2.197776611271387,0.542798749699447
train,2.197776611271387,0.5429189709064679
train,2.1978041531734096,0.5430391921134888
train,2.1978041531734096,0.5431594133205098
train,2.1983821300082944,0.5432796345275307
train,2.1983821300082944,0.5433998557345516
train,2.1983821300082944,0.5435200769415724
train,2.1983821300082944,0.5436402981485934
train,2.1983821300082944,0.5437605193556143
train,2.1992888280824054,0.5438807405626352
train,2.1992888280824054,0.5440009617696562
train,2.199508348896786,0.5441211829766771
train,2.200221026191876,0.544241404183698
train,2.2018339304743506,0.544361625390719
train,2.2018339304743506,0.5444818465977398
train,2.2018339304743506,0.5446020678047607
train,2.2018339304743506,0.5447222890117817
train,2.2018339304743506,0.5448425102188026
train,2.2018339304743506,0.5449627314258235
train,2.2018339304743506,0.5450829526328445
train,2.2018339304743506,0.5452031738398654
train,2.2018339304743506,0.5453233950468863
train,2.2018339304743506,0.5454436162539071
train,2.2018339304743506,0.5455638374609281
train,2.2018339304743506,0.545684058667949
train,2.2023520678097515,0.5458042798749699
train,2.2023793210796234,0.5459245010819909
train,2.202924027637802,0.5460447222890118
train,2.202924027637802,0.5461649434960327
train,2.202924027637802,0.5462851647030537
train,2.202924027637802,0.5464053859100746
train,2.2034408668304377,0.5465256071170954
train,2.2034408668304377,0.5466458283241163
train,2.2034408668304377,0.5467660495311373
train,2.2034408668304377,0.5468862707381582
train,2.2034408668304377,0.5470064919451791
train,2.2034408668304377,0.5471267131522001
train,2.2034408668304377,0.547246934359221
train,2.2034408668304377,0.5473671555662419
train,2.2034408668304377,0.5474873767732628
train,2.2034408668304377,0.5476075979802837
train,2.2034408668304377,0.5477278191873046
train,2.2034408668304377,0.5478480403943256
train,2.2037126406077068,0.5479682616013465
train,2.2037126406077068,0.5480884828083674
train,2.2037126406077068,0.5482087040153883
train,2.2037126406077068,0.5483289252224093
train,2.2037126406077068,0.5484491464294301
train,2.2037126406077068,0.548569367636451
train,2.2041471252128475,0.548689588843472
train,2.205096047578484,0.5488098100504929
train,2.2053938526146797,0.5489300312575138
train,2.2058266593593414,0.5490502524645348
train,2.2065290516827303,0.5491704736715557
train,2.206906792930864,0.5492906948785766
train,2.206906792930864,0.5494109160855974
train,2.206906792930864,0.5495311372926184
train,2.206906792930864,0.5496513584996393
train,2.206906792930864,0.5497715797066602
train,2.2084682302656176,0.5498918009136812
train,2.2084682302656176,0.5500120221207021
train,2.2084682302656176,0.550132243327723
train,2.2084682302656176,0.550252464534744
train,2.2084682302656176,0.5503726857417649
train,2.2084682302656176,0.5504929069487857
train,2.2084951024298376,0.5506131281558067
train,2.2084951024298376,0.5507333493628276
train,2.208790586548299,0.5508535705698485
train,2.209809805785379,0.5509737917768694
train,2.209809805785379,0.5510940129838904
train,2.209809805785379,0.5512142341909113
train,2.2101043970648857,0.5513344553979322
train,2.2101043970648857,0.5514546766049531
train,2.2101043970648857,0.551574897811974
train,2.2101043970648857,0.5516951190189949
train,2.2101043970648857,0.5518153402260159
train,2.2101043970648857,0.5519355614330368
train,2.2104790426452476,0.5520557826400577
train,2.2104790426452476,0.5521760038470787
train,2.2104790426452476,0.5522962250540996
train,2.2104790426452476,0.5524164462611204
train,2.2104790426452476,0.5525366674681413
train,2.2104790426452476,0.5526568886751623
train,2.2104790426452476,0.5527771098821832
train,2.2113608591551177,0.5528973310892041
train,2.2113608591551177,0.5530175522962251
train,2.2114142450779757,0.553137773503246
train,2.2114142450779757,0.5532579947102669
train,2.2114142450779757,0.5533782159172879
train,2.211787762900892,0.5534984371243087
train,2.213438062623771,0.5536186583313296
train,2.213438062623771,0.5537388795383505
train,2.213438062623771,0.5538591007453715
train,2.213438062623771,0.5539793219523924
train,2.213438062623771,0.5540995431594133
train,2.213438062623771,0.5542197643664343
train,2.213438062623771,0.5543399855734552
train,2.213438062623771,0.554460206780476
train,2.213438062623771,0.554580427987497
train,2.213438062623771,0.5547006491945179
train,2.213438062623771,0.5548208704015388
train,2.2136505484610005,0.5549410916085598
train,2.2137302038548414,0.5550613128155807
train,2.215002707214952,0.5551815340226016
train,2.215082115013175,0.5553017552296226
train,2.215637563435062,0.5554219764366434
train,2.215637563435062,0.5555421976436643
train,2.215637563435062,0.5556624188506852
train,2.215637563435062,0.5557826400577062
train,2.215875395461276,0.5559028612647271
train,2.215875395461276,0.556023082471748
train,2.215875395461276,0.556143303678769
train,2.215875395461276,0.5562635248857899
train,2.215875395461276,0.5563837460928108
train,2.215875395461276,0.5565039672998316
train,2.215875395461276,0.5566241885068526
train,2.215875395461276,0.5567444097138735
train,2.216719967190278,0.5568646309208944
train,2.216719967190278,0.5569848521279154
train,2.2171679787711565,0.5571050733349363
train,2.2171679787711565,0.5572252945419572
train,2.2171679787711565,0.5573455157489782
train,2.2176418407733274,0.557465736955999
train,2.2176418407733274,0.5575859581630199
train,2.2176418407733274,0.5577061793700409
train,2.2176418407733274,0.5578264005770618
train,2.2176418407733274,0.5579466217840827
train,2.217931168785781,0.5580668429911037
train,2.2179574617769737,0.5581870641981246
train,2.2179574617769737,0.5583072854051455
train,2.2179574617769737,0.5584275066121663
train,2.2179574617769737,0.5585477278191873
train,2.2179574617769737,0.5586679490262082
train,2.2179574617769737,0.5587881702332291
train,2.2183516657451334,0.5589083914402501
train,2.2183516657451334,0.559028612647271
train,2.2184041992497217,0.5591488338542919
train,2.2186142697450943,0.5592690550613129
train,2.2189291850880872,0.5593892762683337
train,2.2199772567446225,0.5595094974753546
train,2.220212724706482,0.5596297186823755
train,2.2202911856651553,0.5597499398893965
train,2.2206571494972502,0.5598701610964174
train,2.220709404879566,0.5599903823034383
train,2.220709404879566,0.5601106035104593
train,2.220709404879566,0.5602308247174802
train,2.2210750166117212,0.5603510459245011
train,2.2210750166117212,0.560471267131522
train,2.2210750166117212,0.5605914883385429
train,2.2210750166117212,0.5607117095455638
train,2.2225864233903896,0.5608319307525848
train,2.2229764498933915,0.5609521519596057
train,2.2230024392104095,0.5610723731666266
train,2.22318432089504,0.5611925943736475
train,2.22318432089504,0.5613128155806685
train,2.22318432089504,0.5614330367876893
train,2.22318432089504,0.5615532579947102
train,2.22318432089504,0.5616734792017312
train,2.22318432089504,0.5617937004087521
train,2.22318432089504,0.561913921615773
train,2.2234440198096155,0.562034142822794
train,2.2234440198096155,0.5621543640298149
train,2.223677616130032,0.5622745852368358
train,2.223937020319982,0.5623948064438566
train,2.2241185111063806,0.5625150276508776
train,2.2241185111063806,0.5626352488578985
train,2.2246366386814405,0.5627554700649194
train,2.2246366386814405,0.5628756912719404
train,2.2246366386814405,0.5629959124789613
train,2.2246366386814405,0.5631161336859822
train,2.2246366386814405,0.5632363548930032
train,2.2246366386814405,0.5633565761000241
train,2.2246366386814405,0.5634767973070449
train,2.225309281725863,0.5635970185140659
train,2.225309281725863,0.5637172397210868
train,2.225309281725863,0.5638374609281077
train,2.225309281725863,0.5639576821351286
train,2.225309281725863,0.5640779033421496
train,2.2259292596782645,0.5641981245491705
train,2.226264711895694,0.5643183457561914
train,2.226264711895694,0.5644385669632123
train,2.226264711895694,0.5645587881702332
train,2.226264711895694,0.5646790093772541
train,2.226264711895694,0.5647992305842751
train,2.226264711895694,0.564919451791296
train,2.226264711895694,0.5650396729983169
train,2.226264711895694,0.5651598942053379
train,2.226264711895694,0.5652801154123588
train,2.226264711895694,0.5654003366193796
train,2.226264711895694,0.5655205578264005
train,2.226264711895694,0.5656407790334215
train,2.226264711895694,0.5657610002404424
train,2.226264711895694,0.5658812214474633
train,2.226264711895694,0.5660014426544843
train,2.226264711895694,0.5661216638615052
train,2.226264711895694,0.5662418850685261
train,2.226264711895694,0.5663621062755471
train,2.226264711895694,0.5664823274825679
train,2.226264711895694,0.5666025486895888
train,2.226496796355519,0.5667227698966097
train,2.2271923065140364,0.5668429911036307
train,2.2278610059550132,0.5669632123106516
train,2.227989484044257,0.5670834335176725
train,2.2281692895398506,0.5672036547246935
train,2.228964677405161,0.5673238759317144
train,2.228964677405161,0.5674440971387352
train,2.228964677405161,0.5675643183457562
train,2.228964677405161,0.5676845395527771
train,2.228964677405161,0.567804760759798
train,2.229118455328952,0.567924981966819
train,2.229579462665645,0.5680452031738399
train,2.230959555748569,0.5681654243808608
train,2.230959555748569,0.5682856455878817
train,2.230959555748569,0.5684058667949026
train,2.230959555748569,0.5685260880019235
train,2.230959555748569,0.5686463092089444
train,2.230959555748569,0.5687665304159654
train,2.231418613908303,0.5688867516229863
train,2.2317243833285163,0.5690069728300072
train,2.2317243833285163,0.5691271940370282
train,2.2317243833285163,0.5692474152440491
train,2.232742062720737,0.5693676364510699
train,2.232742062720737,0.5694878576580908
train,2.232742062720737,0.5696080788651118
train,2.232742062720737,0.5697283000721327
train,2.232742062720737,0.5698485212791536
train,2.2328691051326133,0.5699687424861746
train,2.2328691051326133,0.5700889636931955
train,2.2328691051326133,0.5702091849002164
train,2.2328691051326133,0.5703294061072374
train,2.2332500095411003,0.5704496273142582
train,2.2332500095411003,0.5705698485212791
train,2.2332500095411003,0.5706900697283
train,2.2332500095411003,0.570810290935321
train,2.2343400876151844,0.5709305121423419
train,2.234820879807401,0.5710507333493628
train,2.235351663177412,0.5711709545563838
train,2.235654676956949,0.5712911757634047
train,2.2373174841747963,0.5714113969704255
train,2.237443195375461,0.5715316181774465
train,2.237443195375461,0.5716518393844674
train,2.2376945086640565,0.5717720605914883
train,2.2376945086640565,0.5718922817985093
train,2.2376945086640565,0.5720125030055302
train,2.2376945086640565,0.5721327242125511
train,2.2376945086640565,0.5722529454195721
train,2.2384726569483564,0.5723731666265929
train,2.2384726569483564,0.5724933878336138
train,2.2384726569483564,0.5726136090406347
train,2.238798562713917,0.5727338302476557
train,2.239349539006137,0.5728540514546766
train,2.2398498206901913,0.5729742726616975
train,2.2402995820027125,0.5730944938687185
train,2.2402995820027125,0.5732147150757394
train,2.2402995820027125,0.5733349362827603
train,2.2402995820027125,0.5734551574897812
train,2.2402995820027125,0.5735753786968021
train,2.2402995820027125,0.573695599903823
train,2.24152157767605,0.573815821110844
train,2.24152157767605,0.5739360423178649
train,2.24167097378413,0.5740562635248858
train,2.24167097378413,0.5741764847319067
train,2.24167097378413,0.5742967059389277
train,2.24167097378413,0.5744169271459485
train,2.24206911233894,0.5745371483529694
train,2.24206911233894,0.5746573695599904
train,2.24206911233894,0.5747775907670113
train,2.243955301978741,0.5748978119740322
train,2.244326610230636,0.5750180331810532
train,2.244326610230636,0.5751382543880741
train,2.244326610230636,0.575258475595095
train,2.2450929761012812,0.5753786968021158
train,2.2450929761012812,0.5754989180091368
train,2.2450929761012812,0.5756191392161577
train,2.245833335097326,0.5757393604231786
train,2.245833335097326,0.5758595816301996
train,2.245833335097326,0.5759798028372205
train,2.245833335097326,0.5761000240442414
train,2.246203041837881,0.5762202452512624
train,2.246473960229344,0.5763404664582833
train,2.246670885690703,0.5764606876653041
train,2.2466954950961155,0.576580908872325
train,2.2466954950961155,0.576701130079346
train,2.2466954950961155,0.5768213512863669
train,2.2476050641507705,0.5769415724933878
train,2.2476050641507705,0.5770617937004088
train,2.2476050641507705,0.5771820149074297
train,2.2476050641507705,0.5773022361144506
train,2.2476050641507705,0.5774224573214715
train,2.2499561819586806,0.5775426785284924
train,2.2499561819586806,0.5776628997355133
train,2.2499561819586806,0.5777831209425343
train,2.2499561819586806,0.5779033421495552
train,2.2503956030571164,0.5780235633565761
train,2.2503956030571164,0.578143784563597
train,2.2503956030571164,0.578264005770618
train,2.2508589545992947,0.5783842269776388
train,2.2508589545992947,0.5785044481846597
train,2.2508589545992947,0.5786246693916807
train,2.2508589545992947,0.5787448905987016
train,2.2508589545992947,0.5788651118057225
train,2.2508589545992947,0.5789853330127435
train,2.2508589545992947,0.5791055542197644
train,2.2508589545992947,0.5792257754267853
train,2.2508589545992947,0.5793459966338061
train,2.2508589545992947,0.5794662178408271
train,2.2512244095718317,0.579586439047848
train,2.2512244095718317,0.5797066602548689
train,2.2512244095718317,0.5798268814618899
train,2.2513948500401044,0.5799471026689108
train,2.251638220448212,0.5800673238759317
train,2.252075943799801,0.5801875450829527
train,2.2523918031812444,0.5803077662899736
train,2.2523918031812444,0.5804279874969944
train,2.2523918031812444,0.5805482087040154
train,2.2532168125021292,0.5806684299110363
train,2.2540160608610367,0.5807886511180572
train,2.2540160608610367,0.5809088723250782
train,2.2540160608610367,0.5810290935320991
train,2.2545480771089736,0.58114931473912
train,2.2547655324161475,0.581269535946141
train,2.2547655324161475,0.5813897571531618
train,2.2547655324161475,0.5815099783601827
train,2.2547655324161475,0.5816301995672036
train,2.2547655324161475,0.5817504207742246
train,2.2547655324161475,0.5818706419812455
train,2.25515185098893,0.5819908631882664
train,2.2556342664585873,0.5821110843952874
train,2.2556342664585873,0.5822313056023083
train,2.2556342664585873,0.5823515268093291
train,2.2557306852816295,0.58247174801635
train,2.2557306852816295,0.582591969223371
train,2.2557306852816295,0.5827121904303919
train,2.2557306852816295,0.5828324116374128
train,2.2557306852816295,0.5829526328444338
train,2.255923458732901,0.5830728540514547
train,2.256236533205923,0.5831930752584756
train,2.256236533205923,0.5833132964654966
train,2.256236533205923,0.5834335176725174
train,2.256236533205923,0.5835537388795383
train,2.256236533205923,0.5836739600865593
train,2.256236533205923,0.5837941812935802
train,2.256236533205923,0.5839144025006011
train,2.256236533205923,0.584034623707622
train,2.256236533205923,0.584154844914643
train,2.256236533205923,0.5842750661216639
train,2.256236533205923,0.5843952873286847
train,2.256236533205923,0.5845155085357057
train,2.256236533205923,0.5846357297427266
train,2.256236533205923,0.5847559509497475
train,2.256236533205923,0.5848761721567685
train,2.256236533205923,0.5849963933637894
train,2.256236533205923,0.5851166145708103
train,2.256236533205923,0.5852368357778313
train,2.256236533205923,0.5853570569848521
train,2.256236533205923,0.585477278191873
train,2.256236533205923,0.5855974993988939
train,2.256236533205923,0.5857177206059149
train,2.256236533205923,0.5858379418129358
train,2.256236533205923,0.5859581630199567
train,2.2572944983622567,0.5860783842269777
train,2.2572944983622567,0.5861986054339986
train,2.2572944983622567,0.5863188266410195
train,2.2572944983622567,0.5864390478480404
train,2.2572944983622567,0.5865592690550613
train,2.2572944983622567,0.5866794902620822
train,2.2580623120109196,0.5867997114691031
train,2.2580623120109196,0.5869199326761241
train,2.2580623120109196,0.587040153883145
train,2.2580623120109196,0.5871603750901659
train,2.2580623120109196,0.5872805962971869
train,2.2580623120109196,0.5874008175042077
train,2.2581102553218813,0.5875210387112286
train,2.2586612233256043,0.5876412599182496
train,2.2586612233256043,0.5877614811252705
train,2.2594027281425886,0.5878817023322914
train,2.260166826834355,0.5880019235393124
train,2.260166826834355,0.5881221447463333
train,2.260166826834355,0.5882423659533542
train,2.260166826834355,0.588362587160375
train,2.260166826834355,0.588482808367396
train,2.260166826834355,0.5886030295744169
train,2.260476858327423,0.5887232507814378
train,2.2610724513908225,0.5888434719884588
train,2.261833620575751,0.5889636931954797
train,2.261833620575751,0.5890839144025006
train,2.261833620575751,0.5892041356095216
train,2.261833620575751,0.5893243568165424
train,2.261833620575751,0.5894445780235633
train,2.261833620575751,0.5895647992305842
train,2.261833620575751,0.5896850204376052
train,2.2620712126172933,0.5898052416446261
train,2.2620712126172933,0.589925462851647
train,2.263423010867385,0.590045684058668
train,2.264156436745886,0.5901659052656889
train,2.2645817292380777,0.5902861264727098
train,2.2645817292380777,0.5904063476797307
train,2.26585511354737,0.5905265688867516
train,2.26585511354737,0.5906467900937725
train,2.26585511354737,0.5907670113007935
train,2.2667959598466676,0.5908872325078144
train,2.2667959598466676,0.5910074537148353
train,2.2667959598466676,0.5911276749218562
train,2.2675002593932656,0.5912478961288772
train,2.268671559746992,0.591368117335898
train,2.2687651274478613,0.5914883385429189
train,2.268788516223584,0.5916085597499399
train,2.268788516223584,0.5917287809569608
train,2.2689522023944986,0.5918490021639817
train,2.2689522023944986,0.5919692233710027
train,2.2689522023944986,0.5920894445780236
train,2.2689522023944986,0.5922096657850445
train,2.2689522023944986,0.5923298869920653
train,2.2689522023944986,0.5924501081990863
train,2.2689522023944986,0.5925703294061072
train,2.2689522023944986,0.5926905506131281
train,2.2689522023944986,0.5928107718201491
train,2.2695362927559666,0.59293099302717
train,2.2698863702786736,0.5930512142341909
train,2.2698863702786736,0.5931714354412119
train,2.2698863702786736,0.5932916566482328
train,2.269956351932952,0.5934118778552536
train,2.270469206453198,0.5935320990622746
train,2.270469206453198,0.5936523202692955
train,2.270469206453198,0.5937725414763164
train,2.270469206453198,0.5938927626833373
train,2.270469206453198,0.5940129838903583
train,2.270469206453198,0.5941332050973792
train,2.270469206453198,0.5942534263044001
train,2.270469206453198,0.594373647511421
train,2.270469206453198,0.5944938687184419
train,2.270469206453198,0.5946140899254628
train,2.270469206453198,0.5947343111324838
train,2.270655548952985,0.5948545323395047
train,2.270655548952985,0.5949747535465256
train,2.270655548952985,0.5950949747535466
train,2.270655548952985,0.5952151959605675
train,2.270655548952985,0.5953354171675883
train,2.270795253376848,0.5954556383746092
train,2.2710279942623233,0.5955758595816302
train,2.2710745274759008,0.5956960807886511
train,2.2712606104874364,0.595816301995672
train,2.2712606104874364,0.595936523202693
train,2.2714466138017646,0.5960567444097139
train,2.271679005974424,0.5961769656167348
train,2.271841606536499,0.5962971868237558
train,2.272004146243442,0.5964174080307766
train,2.2722130365201427,0.5965376292377975
train,2.2728854447575695,0.5966578504448184
train,2.2728854447575695,0.5967780716518394
train,2.273279131626577,0.5968982928588603
train,2.273857435371118,0.5970185140658812
train,2.273857435371118,0.5971387352729022
train,2.273857435371118,0.5972589564799231
train,2.2747580543520085,0.5973791776869439
train,2.2747580543520085,0.5974993988939649
train,2.2751269994581125,0.5976196201009858
train,2.2754035027454043,0.5977398413080067
train,2.2756337877510138,0.5978600625150277
train,2.2756337877510138,0.5979802837220486
train,2.2756337877510138,0.5981005049290695
train,2.2756337877510138,0.5982207261360905
train,2.2756337877510138,0.5983409473431113
train,2.2756337877510138,0.5984611685501322
train,2.2756337877510138,0.5985813897571531
train,2.275794914631003,0.5987016109641741
train,2.275840939904669,0.598821832171195
train,2.275840939904669,0.5989420533782159
train,2.276047993296864,0.5990622745852369
train,2.276047993296864,0.5991824957922578
train,2.2761399853501425,0.5993027169992786
train,2.277563376055919,0.5994229382062995
train,2.277563376055919,0.5995431594133205
train,2.277563376055919,0.5996633806203414
train,2.277563376055919,0.5997836018273623
train,2.2777237887624535,0.5999038230343833
train,2.2777237887624535,0.6000240442414042
train,2.2777237887624535,0.6001442654484251
train,2.278319089178811,0.6002644866554461
train,2.278685022725684,0.6003847078624669
train,2.279004961844902,0.6005049290694878
train,2.279004961844902,0.6006251502765088
train,2.279004961844902,0.6007453714835297
train,2.2797125608209257,0.6008655926905506
train,2.2801001100549243,0.6009858138975716
train,2.2801001100549243,0.6011060351045925
train,2.281010628721483,0.6012262563116134
train,2.2815560250343667,0.6013464775186342
train,2.2815560250343667,0.6014666987256552
train,2.2815560250343667,0.6015869199326761
train,2.2815560250343667,0.601707141139697
train,2.282123418809911,0.601827362346718
train,2.282123418809911,0.6019475835537389
train,2.282123418809911,0.6020678047607598
train,2.282123418809911,0.6021880259677808
train,2.2823501689230885,0.6023082471748016
train,2.2823501689230885,0.6024284683818225
train,2.282893886655331,0.6025486895888434
train,2.282893886655331,0.6026689107958644
train,2.282893886655331,0.6027891320028853
train,2.284272779857725,0.6029093532099062
train,2.284272779857725,0.6030295744169272
train,2.284272779857725,0.6031497956239481
train,2.284272779857725,0.603270016830969
train,2.284272779857725,0.6033902380379899
train,2.284272779857725,0.6035104592450108
train,2.284272779857725,0.6036306804520317
train,2.284272779857725,0.6037509016590527
train,2.284272779857725,0.6038711228660736
train,2.284272779857725,0.6039913440730945
train,2.284272779857725,0.6041115652801154
train,2.284272779857725,0.6042317864871364
train,2.285016917629171,0.6043520076941572
train,2.285016917629171,0.6044722289011781
train,2.2851520785250914,0.6045924501081991
train,2.285332227643885,0.60471267131522
train,2.285332227643885,0.6048328925222409
train,2.2854447829074154,0.6049531137292619
train,2.2856023112856136,0.6050733349362828
train,2.285692301854088,0.6051935561433037
train,2.285984642487249,0.6053137773503245
train,2.285984642487249,0.6054339985573455
train,2.285984642487249,0.6055542197643664
train,2.285984642487249,0.6056744409713873
train,2.285984642487249,0.6057946621784083
train,2.285984642487249,0.6059148833854292
train,2.285984642487249,0.6060351045924501
train,2.2861195025903625,0.6061553257994711
train,2.2864115558959783,0.606275547006492
train,2.287712175443487,0.6063957682135128
train,2.2880702826432477,0.6065159894205338
train,2.28809265454187,0.6066362106275547
train,2.28809265454187,0.6067564318345756
train,2.28809265454187,0.6068766530415965
train,2.2889865867916286,0.6069968742486175
train,2.2889865867916286,0.6071170954556384
train,2.2889865867916286,0.6072373166626593
train,2.2889865867916286,0.6073575378696802
train,2.2889865867916286,0.6074777590767011
train,2.2889865867916286,0.607597980283722
train,2.2890981990566166,0.607718201490743
train,2.2890981990566166,0.6078384226977639
train,2.2890981990566166,0.6079586439047848
train,2.2890981990566166,0.6080788651118058
train,2.29014595464781,0.6081990863188267
train,2.29014595464781,0.6083193075258475
train,2.2902795289205167,0.6084395287328684
train,2.2903908094402285,0.6085597499398894
train,2.2903908094402285,0.6086799711469103
train,2.291057894434276,0.6088001923539312
train,2.2915242450080657,0.6089204135609522
train,2.2920566046214685,0.6090406347679731
train,2.292256071356476,0.609160855974994
train,2.292256071356476,0.609281077182015
train,2.292831794508625,0.6094012983890358
train,2.292831794508625,0.6095215195960567
train,2.293229925459566,0.6096417408030776
train,2.293229925459566,0.6097619620100986
train,2.294003025725598,0.6098821832171195
train,2.294003025725598,0.6100024044241404
train,2.294003025725598,0.6101226256311614
train,2.294003025725598,0.6102428468381823
train,2.294003025725598,0.6103630680452031
train,2.294003025725598,0.6104832892522241
train,2.294003025725598,0.610603510459245
train,2.2942677721794578,0.6107237316662659
train,2.2942677721794578,0.6108439528732869
train,2.2942677721794578,0.6109641740803078
train,2.294796781409242,0.6110843952873287
train,2.294796781409242,0.6112046164943497
train,2.294796781409242,0.6113248377013705
train,2.294796781409242,0.6114450589083914
train,2.294796781409242,0.6115652801154123
train,2.2951490965789185,0.6116855013224333
train,2.2951490965789185,0.6118057225294542
train,2.295523118547494,0.6119259437364751
train,2.295523118547494,0.6120461649434961
train,2.2965335659289874,0.612166386150517
train,2.2965335659289874,0.6122866073575378
train,2.2965335659289874,0.6124068285645587
train,2.2965335659289874,0.6125270497715797
train,2.2965335659289874,0.6126472709786006
train,2.2965335659289874,0.6127674921856215
train,2.2969283193104184,0.6128877133926425
train,2.297629218364148,0.6130079345996634
train,2.297629218364148,0.6131281558066843
train,2.297629218364148,0.6132483770137053
train,2.297629218364148,0.6133685982207261
train,2.297629218364148,0.613488819427747
train,2.297629218364148,0.613609040634768
train,2.297629218364148,0.6137292618417889
train,2.297826142585328,0.6138494830488098
train,2.297826142585328,0.6139697042558308
train,2.297826142585328,0.6140899254628517
train,2.2979136358078662,0.6142101466698726
train,2.2982852854840843,0.6143303678768934
train,2.298328988073495,0.6144505890839144
train,2.299812265495717,0.6145708102909353
train,2.2998340406458584,0.6146910314979562
train,2.3001822946469006,0.6148112527049772
train,2.30031281793437,0.6149314739119981
train,2.3006172198065817,0.615051695119019
train,2.3006606883765213,0.61517191632604
train,2.3019410577952044,0.6152921375330608
train,2.3019410577952044,0.6154123587400817
train,2.30200606058654,0.6155325799471026
train,2.302201010605382,0.6156528011541236
train,2.3023742260755826,0.6157730223611445
train,2.3023742260755826,0.6158932435681654
train,2.3023742260755826,0.6160134647751864
train,2.3023742260755826,0.6161336859822073
train,2.303822199862847,0.6162539071892282
train,2.303822199862847,0.616374128396249
train,2.303822199862847,0.61649434960327
train,2.303822199862847,0.6166145708102909
train,2.303822199862847,0.6167347920173119
train,2.303822199862847,0.6168550132243328
train,2.3041672717243964,0.6169752344313537
train,2.3044905277734875,0.6170954556383746
train,2.3044905277734875,0.6172156768453956
train,2.3044905277734875,0.6173358980524164
train,2.3044905277734875,0.6174561192594373
train,2.3046412982946696,0.6175763404664583
train,2.3050502689172228,0.6176965616734792
train,2.305136318943639,0.6178167828805001
train,2.305136318943639,0.6179370040875211
train,2.3055878020723406,0.618057225294542
train,2.3055878020723406,0.6181774465015629
train,2.3055878020723406,0.6182976677085837
train,2.3055878020723406,0.6184178889156047
train,2.306189050400426,0.6185381101226256
train,2.306317781104432,0.6186583313296465
train,2.306360682861051,0.6187785525366675
train,2.306360682861051,0.6188987737436884
train,2.306360682861051,0.6190189949507093
train,2.3074318517197465,0.6191392161577303
train,2.3074318517197465,0.6192594373647512
train,2.3080732871680296,0.619379658571772
train,2.308286888629105,0.619499879778793
train,2.308286888629105,0.6196201009858139
train,2.308286888629105,0.6197403221928348
train,2.308286888629105,0.6198605433998557
train,2.3086497701813844,0.6199807646068767
train,2.3090763018223317,0.6201009858138976
train,2.3092254889848007,0.6202212070209185
train,2.3092254889848007,0.6203414282279394
train,2.3103533890449945,0.6204616494349603
train,2.3103533890449945,0.6205818706419812
train,2.3103533890449945,0.6207020918490022
train,2.3103533890449945,0.6208223130560231
train,2.3103533890449945,0.620942534263044
train,2.3103533890449945,0.621062755470065
train,2.3103533890449945,0.6211829766770859
train,2.3103533890449945,0.6213031978841067
train,2.3103533890449945,0.6214234190911276
train,2.3103533890449945,0.6215436402981486
train,2.3103533890449945,0.6216638615051695
train,2.3103746420476123,0.6217840827121904
train,2.3106083564585234,0.6219043039192114
train,2.3106083564585234,0.6220245251262323
train,2.3106083564585234,0.6221447463332532
train,2.3106083564585234,0.622264967540274
train,2.3106083564585234,0.622385188747295
train,2.3106083564585234,0.6225054099543159
train,2.3106083564585234,0.6226256311613368
train,2.3106083564585234,0.6227458523683578
train,2.3106083564585234,0.6228660735753787
train,2.3106083564585234,0.6229862947823996
train,2.3106083564585234,0.6231065159894206
train,2.3106083564585234,0.6232267371964415
train,2.3106083564585234,0.6233469584034623
train,2.311011748981288,0.6234671796104833
train,2.311011748981288,0.6235874008175042
train,2.311266330288116,0.6237076220245251
train,2.311266330288116,0.623827843231546
train,2.311266330288116,0.623948064438567
train,2.311435968289161,0.6240682856455879
train,2.3120503511802384,0.6241885068526088
train,2.3120503511802384,0.6243087280596297
train,2.3120503511802384,0.6244289492666506
train,2.3120503511802384,0.6245491704736715
train,2.312537003107303,0.6246693916806925
train,2.312537003107303,0.6247896128877134
train,2.3127695570522997,0.6249098340947343
train,2.3131075951949964,0.6250300553017553
train,2.3136352536103337,0.6251502765087762
train,2.3136352536103337,0.625270497715797
train,2.3136352536103337,0.625390718922818
train,2.3142675986287222,0.6255109401298389
train,2.3142675986287222,0.6256311613368598
train,2.3142675986287222,0.6257513825438807
train,2.3142675986287222,0.6258716037509017
train,2.3142675986287222,0.6259918249579226
train,2.3144150134136665,0.6261120461649435
train,2.314541329129881,0.6262322673719645
train,2.314541329129881,0.6263524885789853
train,2.314541329129881,0.6264727097860062
train,2.314541329129881,0.6265929309930272
train,2.3148359230045736,0.6267131522000481
train,2.3148359230045736,0.626833373407069
train,2.31492005599242,0.62695359461409
train,2.3176246430800584,0.6270738158211109
train,2.3176246430800584,0.6271940370281318
train,2.3176246430800584,0.6273142582351526
train,2.3176455432211585,0.6274344794421736
train,2.3176455432211585,0.6275547006491945
train,2.3176455432211585,0.6276749218562154
train,2.3176455432211585,0.6277951430632364
train,2.3176455432211585,0.6279153642702573
train,2.3176455432211585,0.6280355854772782
train,2.3180633349627615,0.6281558066842992
train,2.3180633349627615,0.62827602789132
train,2.318167720128966,0.6283962490983409
train,2.318167720128966,0.6285164703053618
train,2.318167720128966,0.6286366915123828
train,2.3185641551011793,0.6287569127194037
train,2.3196472881834227,0.6288771339264246
train,2.3197304943302246,0.6289973551334456
train,2.319813684538678,0.6291175763404665
train,2.322405381067654,0.6292377975474874
train,2.322405381067654,0.6293580187545083
train,2.322405381067654,0.6294782399615292
train,2.322405381067654,0.6295984611685501
train,2.322405381067654,0.629718682375571
train,2.322405381067654,0.629838903582592
train,2.322405381067654,0.6299591247896129
train,2.322405381067654,0.6300793459966338
train,2.322570724231276,0.6301995672036548
train,2.3231282931251216,0.6303197884106756
train,2.3231902010602106,0.6304400096176965
train,2.3231902010602106,0.6305602308247175
train,2.3231902010602106,0.6306804520317384
train,2.323272731248478,0.6308006732387593
train,2.32395300754292,0.6309208944457803
train,2.325022800270452,0.6310411156528012
train,2.325022800270452,0.6311613368598221
train,2.325022800270452,0.6312815580668429
train,2.325022800270452,0.6314017792738639
train,2.325146068490751,0.6315220004808848
train,2.325515663363148,0.6316422216879057
train,2.325618272810029,0.6317624428949267
train,2.3258644366153463,0.6318826641019476
train,2.3258644366153463,0.6320028853089685
train,2.3258644366153463,0.6321231065159895
train,2.3258644366153463,0.6322433277230103
train,2.3258644366153463,0.6323635489300312
train,2.3258644366153463,0.6324837701370521
train,2.3258644366153463,0.6326039913440731
train,2.3258644366153463,0.632724212551094
train,2.3258644366153463,0.6328444337581149
train,2.326663506724679,0.6329646549651359
train,2.3267658453640534,0.6330848761721568
train,2.3267658453640534,0.6332050973791777
train,2.3267658453640534,0.6333253185861986
train,2.3267658453640534,0.6334455397932195
train,2.3267658453640534,0.6335657610002404
train,2.3267658453640534,0.6336859822072614
train,2.326786310198395,0.6338062034142823
train,2.326786310198395,0.6339264246213032
train,2.32697045032492,0.6340466458283242
train,2.3272976178958547,0.6341668670353451
train,2.327808324323511,0.6342870882423659
train,2.3278695687566255,0.6344073094493868
train,2.3278695687566255,0.6345275306564078
train,2.3278695687566255,0.6346477518634287
train,2.3278695687566255,0.6347679730704496
train,2.3278695687566255,0.6348881942774706
train,2.3286445849439072,0.6350084154844915
train,2.3286445849439072,0.6351286366915124
train,2.3286445849439072,0.6352488578985332
train,2.3296825692970997,0.6353690791055542
train,2.3303731831830876,0.6354893003125751
train,2.3304746514861368,0.635609521519596
train,2.331386800974823,0.635729742726617
train,2.3315285188686907,0.6358499639336379
train,2.331852271933605,0.6359701851406588
train,2.331852271933605,0.6360904063476798
train,2.331852271933605,0.6362106275547007
train,2.331852271933605,0.6363308487617215
train,2.331852271933605,0.6364510699687425
train,2.331852271933605,0.6365712911757634
train,2.3327615356098077,0.6366915123827843
train,2.3327615356098077,0.6368117335898053
train,2.3327615356098077,0.6369319547968262
train,2.3327615356098077,0.6370521760038471
train,2.3330440298234874,0.637172397210868
train,2.333265860726174,0.6372926184178889
train,2.333265860726174,0.6374128396249098
train,2.333265860726174,0.6375330608319307
train,2.333265860726174,0.6376532820389517
train,2.333265860726174,0.6377735032459726
train,2.3334069668739175,0.6378937244529935
train,2.3334069668739175,0.6380139456600145
train,2.3334069668739175,0.6381341668670354
train,2.3334069668739175,0.6382543880740562
train,2.3334069668739175,0.6383746092810771
train,2.3334069668739175,0.6384948304880981
train,2.3337293231565988,0.638615051695119
train,2.3339508043872472,0.6387352729021399
train,2.334111810731147,0.6388554941091609
train,2.335176972770027,0.6389757153161818
train,2.3352371869097284,0.6390959365232027
train,2.3354177792535475,0.6392161577302237
train,2.3354177792535475,0.6393363789372445
train,2.3354177792535475,0.6394566001442654
train,2.3354177792535475,0.6395768213512864
train,2.3354177792535475,0.6396970425583073
train,2.3354177792535475,0.6398172637653282
train,2.3354177792535475,0.6399374849723491
train,2.335678502356566,0.6400577061793701
train,2.335818826915165,0.640177927386391
train,2.335818826915165,0.6402981485934118
train,2.337139662724561,0.6404183698004328
train,2.338595923576831,0.6405385910074537
train,2.338595923576831,0.6406588122144746
train,2.338595923576831,0.6407790334214956
train,2.338595923576831,0.6408992546285165
train,2.338595923576831,0.6410194758355374
train,2.338595923576831,0.6411396970425584
train,2.3386755777532025,0.6412599182495792
train,2.3386755777532025,0.6413801394566001
train,2.3399480616943507,0.641500360663621
train,2.34010686035489,0.641620581870642
train,2.34010686035489,0.6417408030776629
train,2.34010686035489,0.6418610242846838
train,2.340582908247528,0.6419812454917048
train,2.3408405498123317,0.6421014666987257
train,2.3408405498123317,0.6422216879057465
train,2.3408405498123317,0.6423419091127675
train,2.340999022531442,0.6424621303197884
train,2.340999022531442,0.6425823515268093
train,2.341137638740964,0.6427025727338302
train,2.341909120179768,0.6428227939408512
train,2.3420672035310095,0.6429430151478721
train,2.3421067153794564,0.643063236354893
train,2.3438613632886387,0.643183457561914
train,2.3438613632886387,0.6433036787689348
train,2.343959729007141,0.6434238999759557
train,2.344510165686532,0.6435441211829767
train,2.344510165686532,0.6436643423899976
train,2.3452168464313448,0.6437845635970185
train,2.3452168464313448,0.6439047848040395
train,2.3452168464313448,0.6440250060110604
train,2.3452168464313448,0.6441452272180813
train,2.3473300153169503,0.6442654484251021
train,2.3473300153169503,0.6443856696321231
train,2.3473300153169503,0.644505890839144
train,2.3473300153169503,0.6446261120461649
train,2.3473885679290296,0.6447463332531859
train,2.3479541698940163,0.6448665544602068
train,2.348129551869214,0.6449867756672277
train,2.348129551869214,0.6451069968742487
train,2.348129551869214,0.6452272180812695
train,2.348129551869214,0.6453474392882904
train,2.348129551869214,0.6454676604953113
train,2.3483827564179154,0.6455878817023323
train,2.3490637281259508,0.6457081029093532
train,2.3492775274679554,0.6458283241163741
train,2.349335818117248,0.6459485453233951
train,2.349840676285945,0.646068766530416
train,2.349840676285945,0.6461889877374369
train,2.3502480183341627,0.6463092089444578
train,2.3502480183341627,0.6464294301514787
train,2.3502480183341627,0.6465496513584996
train,2.3502480183341627,0.6466698725655206
train,2.351216345339342,0.6467900937725415
train,2.3517383455807592,0.6469103149795624
train,2.3517383455807592,0.6470305361865833
train,2.3517576668790343,0.6471507573936043
train,2.3517576668790343,0.6472709786006251
train,2.3517576668790343,0.647391199807646
train,2.3517576668790343,0.647511421014667
train,2.3531080261481505,0.6476316422216879
train,2.3536662329829023,0.6477518634287088
train,2.353897005418162,0.6478720846357298
train,2.3541276552922636,0.6479923058427507
train,2.3547996852632904,0.6481125270497716
train,2.3547996852632904,0.6482327482567924
train,2.3547996852632904,0.6483529694638134
train,2.354972325018976,0.6484731906708343
train,2.354972325018976,0.6485934118778552
train,2.3550682063488506,0.6487136330848762
train,2.3550682063488506,0.6488338542918971
train,2.3550682063488506,0.648954075498918
train,2.3553173987845595,0.649074296705939
train,2.3553173987845595,0.6491945179129599
train,2.3553173987845595,0.6493147391199807
train,2.3553173987845595,0.6494349603270017
train,2.3553173987845595,0.6495551815340226
train,2.355930187078868,0.6496754027410435
train,2.355930187078868,0.6497956239480644
train,2.355930187078868,0.6499158451550854
train,2.355930187078868,0.6500360663621063
train,2.355930187078868,0.6501562875691272
train,2.35665675193585,0.6502765087761481
train,2.356752262147557,0.650396729983169
train,2.356752262147557,0.6505169511901899
train,2.358182400479401,0.6506371723972109
train,2.358182400479401,0.6507573936042318
train,2.358182400479401,0.6508776148112527
train,2.358296608355735,0.6509978360182737
train,2.3588481900960803,0.6511180572252946
train,2.3588481900960803,0.6512382784323154
train,2.358905210313047,0.6513584996393363
train,2.358905210313047,0.6514787208463573
train,2.358905210313047,0.6515989420533782
train,2.358905210313047,0.6517191632603991
train,2.358905210313047,0.6518393844674201
train,2.358905210313047,0.651959605674441
train,2.3592851538934703,0.6520798268814619
train,2.3592851538934703,0.6522000480884828
train,2.3600630006277616,0.6523202692955037
train,2.3600630006277616,0.6524404905025246
train,2.3600630006277616,0.6525607117095455
train,2.360460871050178,0.6526809329165665
train,2.360460871050178,0.6528011541235874
train,2.360460871050178,0.6529213753306083
train,2.360460871050178,0.6530415965376293
train,2.360460871050178,0.6531618177446502
train,2.3606312754267353,0.653282038951671
train,2.361538971269279,0.653402260158692
train,2.361538971269279,0.6535224813657129
train,2.361538971269279,0.6536427025727338
train,2.361538971269279,0.6537629237797548
train,2.3618033589256875,0.6538831449867757
train,2.3623693625010485,0.6540033661937966
train,2.3623693625010485,0.6541235874008176
train,2.3623693625010485,0.6542438086078384
train,2.3623693625010485,0.6543640298148593
train,2.3623693625010485,0.6544842510218802
train,2.3623693625010485,0.6546044722289012
train,2.3623693625010485,0.6547246934359221
train,2.3624259223086304,0.654844914642943
train,2.3641193003907617,0.654965135849964
train,2.3643070465816085,0.6550853570569849
train,2.364513473691509,0.6552055782640057
train,2.364776057277425,0.6553257994710266
train,2.364776057277425,0.6554460206780476
train,2.364776057277425,0.6555662418850685
train,2.3650572207663254,0.6556864630920894
train,2.365075958528464,0.6558066842991104
train,2.365862215402555,0.6559269055061313
train,2.365862215402555,0.6560471267131522
train,2.365862215402555,0.6561673479201732
train,2.365862215402555,0.656287569127194
train,2.3664603142843506,0.6564077903342149
train,2.36707624226875,0.6565280115412359
train,2.36707624226875,0.6566482327482568
train,2.3672627147842396,0.6567684539552777
train,2.3672627147842396,0.6568886751622987
train,2.367654046647407,0.6570088963693196
train,2.368324081979958,0.6571291175763405
train,2.3692529750104305,0.6572493387833613
train,2.3692715326210263,0.6573695599903823
train,2.3692715326210263,0.6574897811974032
train,2.3692715326210263,0.6576100024044241
train,2.369327200695435,0.6577302236114451
train,2.369327200695435,0.657850444818466
train,2.369327200695435,0.6579706660254869
train,2.369327200695435,0.6580908872325079
train,2.369809358673542,0.6582111084395287
train,2.370031712709581,0.6583313296465496
train,2.370031712709581,0.6584515508535705
train,2.37017988551276,0.6585717720605915
train,2.37017988551276,0.6586919932676124
train,2.37017988551276,0.6588122144746333
train,2.37017988551276,0.6589324356816543
train,2.37017988551276,0.6590526568886752
train,2.37017988551276,0.6591728780956961
train,2.370772071705626,0.659293099302717
train,2.370772071705626,0.6594133205097379
train,2.370772071705626,0.6595335417167588
train,2.372525382451559,0.6596537629237798
train,2.372525382451559,0.6597739841308007
train,2.3727463506048454,0.6598942053378216
train,2.3727647595437418,0.6600144265448425
train,2.3727647595437418,0.6601346477518635
train,2.373794416714732,0.6602548689588843
train,2.373867870327068,0.6603750901659052
train,2.374289987675311,0.6604953113729262
train,2.374289987675311,0.6606155325799471
train,2.374693368545393,0.660735753786968
train,2.376157057783254,0.660855974993989
train,2.376157057783254,0.6609761962010099
train,2.376157057783254,0.6610964174080308
train,2.376157057783254,0.6612166386150516
train,2.376595204340475,0.6613368598220726
train,2.376595204340475,0.6614570810290935
train,2.376686429261915,0.6615773022361144
train,2.3769235244180296,0.6616975234431354
train,2.3769235244180296,0.6618177446501563
train,2.3769235244180296,0.6619379658571772
train,2.377925189530032,0.6620581870641982
train,2.377925189530032,0.662178408271219
train,2.37841607188523,0.6622986294782399
train,2.37841607188523,0.6624188506852609
train,2.379015286693483,0.6625390718922818
train,2.379015286693483,0.6626592930993027
train,2.379015286693483,0.6627795143063236
train,2.379015286693483,0.6628997355133446
train,2.379015286693483,0.6630199567203655
train,2.3794868137172736,0.6631401779273864
train,2.3795411877525976,0.6632603991344073
train,2.379794843276982,0.6633806203414282
train,2.3805730030668872,0.6635008415484491
train,2.380609162634112,0.6636210627554701
train,2.380988656432106,0.663741283962491
train,2.3811873066341653,0.6638615051695119
train,2.3811873066341653,0.6639817263765329
train,2.3811873066341653,0.6641019475835538
train,2.3811873066341653,0.6642221687905746
train,2.3811873066341653,0.6643423899975955
train,2.3811873066341653,0.6644626112046165
train,2.3811873066341653,0.6645828324116374
train,2.3811873066341653,0.6647030536186583
train,2.38142195796735,0.6648232748256793
train,2.382395308670409,0.6649434960327002
train,2.382575319649486,0.6650637172397211
train,2.382899151506837,0.665183938446742
train,2.382899151506837,0.6653041596537629
train,2.382899151506837,0.6654243808607838
train,2.382899151506837,0.6655446020678047
train,2.3829890619644596,0.6656648232748257
train,2.3830070418225384,0.6657850444818466
train,2.3830070418225384,0.6659052656888675
train,2.3830070418225384,0.6660254868958885
train,2.3830429993057436,0.6661457081029094
train,2.383240712265224,0.6662659293099302
train,2.3832586817081753,0.6663861505169512
train,2.3832586817081753,0.6665063717239721
train,2.3832586817081753,0.666626592930993
train,2.3832586817081753,0.666746814138014
train,2.383815365980431,0.6668670353450349
train,2.383815365980431,0.6669872565520558
train,2.383815365980431,0.6671074777590768
train,2.383815365980431,0.6672276989660976
train,2.383815365980431,0.6673479201731185
train,2.385123455892216,0.6674681413801394
train,2.3858921347124036,0.6675883625871604
train,2.386017139806847,0.6677085837941813
train,2.3861956561205666,0.6678288050012022
train,2.3862313505795254,0.6679490262082232
train,2.3862313505795254,0.6680692474152441
train,2.386516800686768,0.6681894686222649
train,2.386516800686768,0.6683096898292858
train,2.386570301700929,0.6684299110363068
train,2.386570301700929,0.6685501322433277
train,2.387994569541032,0.6686703534503486
train,2.388349907870382,0.6687905746573696
train,2.388527468068245,0.6689107958643905
train,2.388527468068245,0.6690310170714114
train,2.388988785124714,0.6691512382784324
train,2.388988785124714,0.6692714594854532
train,2.388988785124714,0.6693916806924741
train,2.388988785124714,0.669511901899495
train,2.388988785124714,0.669632123106516
train,2.389343311252078,0.6697523443135369
train,2.3895204658463776,0.6698725655205578
train,2.3895204658463776,0.6699927867275788
train,2.3895204658463776,0.6701130079345997
train,2.3898214629105228,0.6702332291416205
train,2.391129260417902,0.6703534503486415
train,2.391711200121372,0.6704736715556624
train,2.391905006867157,0.6705938927626833
train,2.391905006867157,0.6707141139697043
train,2.391905006867157,0.6708343351767252
train,2.391905006867157,0.6709545563837461
train,2.391905006867157,0.6710747775907671
train,2.391905006867157,0.6711949987977879
train,2.391905006867157,0.6713152200048088
train,2.391957848245589,0.6714354412118297
train,2.392802437083664,0.6715556624188507
train,2.392802437083664,0.6716758836258716
train,2.393259237826838,0.6717961048328925
train,2.393259237826838,0.6719163260399135
train,2.393259237826838,0.6720365472469344
train,2.393259237826838,0.6721567684539552
train,2.393715558601472,0.6722769896609762
train,2.393715558601472,0.6723972108679971
train,2.393715558601472,0.672517432075018
train,2.393715558601472,0.672637653282039
train,2.393715558601472,0.6727578744890599
train,2.393715558601472,0.6728780956960808
train,2.393715558601472,0.6729983169031017
train,2.3940311923487303,0.6731185381101227
train,2.394906751054026,0.6732387593171435
train,2.394906751054026,0.6733589805241644
train,2.394906751054026,0.6734792017311854
train,2.394906751054026,0.6735994229382063
train,2.394906751054026,0.6737196441452272
train,2.394906751054026,0.6738398653522482
train,2.394906751054026,0.6739600865592691
train,2.394906751054026,0.67408030776629
train,2.394906751054026,0.6742005289733108
train,2.395588463568244,0.6743207501803318
train,2.3958154634835394,0.6744409713873527
train,2.3958154634835394,0.6745611925943736
train,2.3960597923124327,0.6746814138013946
train,2.3960597923124327,0.6748016350084155
train,2.3960597923124327,0.6749218562154364
train,2.3960597923124327,0.6750420774224574
train,2.3960597923124327,0.6751622986294782
train,2.3960597923124327,0.6752825198364991
train,2.397835765486698,0.67540274104352
train,2.398686353508193,0.675522962250541
train,2.398859738404261,0.6756431834575619
train,2.398981066658131,0.6757634046645828
train,2.3992928980439108,0.6758836258716038
train,2.3992928980439108,0.6760038470786247
train,2.400192488592576,0.6761240682856456
train,2.4006415860565102,0.6762442894926665
train,2.400727897737122,0.6763645106996874
train,2.400727897737122,0.6764847319067083
train,2.400727897737122,0.6766049531137293
train,2.401400540781544,0.6767251743207502
train,2.401745082237063,0.6768453955277711
train,2.402175375031505,0.676965616734792
train,2.402364568884161,0.677085837941813
train,2.402364568884161,0.6772060591488338
train,2.402364568884161,0.6773262803558547
train,2.402364568884161,0.6774465015628757
train,2.402364568884161,0.6775667227698966
train,2.402364568884161,0.6776869439769175
train,2.402364568884161,0.6778071651839385
train,2.402364568884161,0.6779273863909594
train,2.402364568884161,0.6780476075979803
train,2.402484922073764,0.6781678288050011
train,2.402484922073764,0.6782880500120221
train,2.402484922073764,0.678408271219043
train,2.402484922073764,0.678528492426064
train,2.402502112664219,0.6786487136330849
train,2.402502112664219,0.6787689348401058
train,2.402502112664219,0.6788891560471267
train,2.402914482831523,0.6790093772541477
train,2.4032406650844753,0.6791295984611686
train,2.403274985811686,0.6792498196681894
train,2.403618043992883,0.6793700408752104
train,2.403618043992883,0.6794902620822313
train,2.403618043992883,0.6796104832892522
train,2.403943698453202,0.6797307044962732
train,2.4046113830153524,0.6798509257032941
train,2.4047824189666427,0.679971146910315
train,2.4052097143846334,0.680091368117336
train,2.4056707217213265,0.6802115893243568
train,2.405943680512197,0.6803318105313777
train,2.406489083959762,0.6804520317383986
train,2.406897687524564,0.6805722529454196
train,2.406897687524564,0.6806924741524405
train,2.40705081480425,0.6808126953594614
train,2.40705081480425,0.6809329165664824
train,2.40705081480425,0.6810531377735033
train,2.40705081480425,0.6811733589805241
train,2.4077816786333472,0.681293580187545
train,2.4078326232636313,0.681413801394566
train,2.4085791254086675,0.6815340226015869
train,2.408833321776418,0.6816542438086078
train,2.408833321776418,0.6817744650156288
train,2.4089688323612073,0.6818946862226497
train,2.4089688323612073,0.6820149074296706
train,2.4092058741895737,0.6821351286366916
train,2.4093412685967817,0.6822553498437124
train,2.409797913342063,0.6823755710507333
train,2.4114513421379375,0.6824957922577543
train,2.4115523682653044,0.6826160134647752
train,2.4119394175240436,0.6827362346717961
train,2.4119730576853233,0.682856455878817
train,2.4121580320091054,0.682976677085838
train,2.4121580320091054,0.6830968982928589
train,2.4121580320091054,0.6832171194998797
train,2.4121580320091054,0.6833373407069007
train,2.4125949311184796,0.6834575619139216
train,2.4125949311184796,0.6835777831209425
train,2.4125949311184796,0.6836980043279635
train,2.4125949311184796,0.6838182255349844
train,2.4125949311184796,0.6839384467420053
train,2.4125949311184796,0.6840586679490263
train,2.4125949311184796,0.6841788891560471
train,2.4125949311184796,0.684299110363068
train,2.4139197420336536,0.6844193315700889
train,2.4139197420336536,0.6845395527771099
train,2.4139197420336536,0.6846597739841308
train,2.4149733479708178,0.6847799951911517
train,2.415073558212059,0.6849002163981727
train,2.415073558212059,0.6850204376051936
train,2.415073558212059,0.6851406588122144
train,2.415073558212059,0.6852608800192354
train,2.41520713590843,0.6853811012262563
train,2.4152739093528885,0.6855013224332772
train,2.4159410797458727,0.6856215436402981
train,2.4159410797458727,0.6857417648473191
train,2.416007740449289,0.68586198605434
train,2.416390841058394,0.6859822072613609
train,2.416390841058394,0.6861024284683819
train,2.416390841058394,0.6862226496754027
train,2.416773604023939,0.6863428708824236
train,2.417770531116925,0.6864630920894446
train,2.417770531116925,0.6865833132964655
train,2.417770531116925,0.6867035345034864
train,2.417936463370464,0.6868237557105074
train,2.418052578237505,0.6869439769175283
train,2.418218402783965,0.6870641981245492
train,2.4183344423049835,0.68718441933157
train,2.418682374955733,0.687304640538591
train,2.4188314036613088,0.6874248617456119
train,2.4194766044273393,0.6875450829526328
train,2.420417869286317,0.6876653041596538
train,2.420879498875499,0.6877855253666747
train,2.4211924683057493,0.6879057465736956
train,2.421241863921055,0.6880259677807166
train,2.421241863921055,0.6881461889877374
train,2.422376415224179,0.6882664101947583
train,2.4225734262955965,0.6883866314017792
train,2.4225734262955965,0.6885068526088002
train,2.4225734262955965,0.6886270738158211
train,2.4225734262955965,0.688747295022842
train,2.422950781227019,0.688867516229863
train,2.4232950365671155,0.6889877374368839
train,2.4232950365671155,0.6891079586439048
train,2.4232950365671155,0.6892281798509257
train,2.4232950365671155,0.6893484010579466
train,2.4232950365671155,0.6894686222649675
train,2.4236717652895177,0.6895888434719885
train,2.423688137388436,0.6897090646790094
train,2.423688137388436,0.6898292858860303
train,2.423688137388436,0.6899495070930513
train,2.4242934715668065,0.6900697283000722
train,2.4247836644198224,0.690189949507093
train,2.4247836644198224,0.6903101707141139
train,2.4247836644198224,0.6904303919211349
train,2.425550522537713,0.6905506131281558
train,2.425550522537713,0.6906708343351767
train,2.4260392993921673,0.6907910555421977
train,2.4263160289576446,0.6909112767492186
train,2.426494995349034,0.6910314979562395
train,2.426950213654976,0.6911517191632603
train,2.427307550746041,0.6912719403702813
train,2.427307550746041,0.6913921615773022
train,2.4274861090957853,0.6915123827843231
train,2.4285235404207635,0.6916326039913441
train,2.4285235404207635,0.691752825198365
train,2.4287663303280818,0.6918730464053859
train,2.4287663303280818,0.6919932676124069
train,2.4287825114969546,0.6921134888194278
train,2.4287825114969546,0.6922337100264486
train,2.4291060083326967,0.6923539312334696
train,2.4291060083326967,0.6924741524404905
train,2.4291060083326967,0.6925943736475114
train,2.4291383447670887,0.6927145948545324
train,2.4298491378584917,0.6928348160615533
train,2.4298814190107647,0.6929550372685742
train,2.4303169798819737,0.6930752584755951
train,2.4308648432814586,0.693195479682616
train,2.4308809464528913,0.6933157008896369
train,2.4308809464528913,0.6934359220966578
train,2.4317174896460134,0.6935561433036788
train,2.4320227481590773,0.6936763645106997
train,2.4320227481590773,0.6937965857177206
train,2.432279641645456,0.6939168069247416
train,2.432327792261604,0.6940370281317625
train,2.432327792261604,0.6941572493387833
train,2.4330173650934355,0.6942774705458042
train,2.4332256252374047,0.6943976917528252
train,2.4332256252374047,0.6945179129598461
train,2.4332256252374047,0.694638134166867
train,2.4333056987081227,0.694758355373888
train,2.4333056987081227,0.6948785765809089
train,2.4333056987081227,0.6949987977879298
train,2.4333056987081227,0.6951190189949507
train,2.4333056987081227,0.6952392402019716
train,2.433385757417938,0.6953594614089925
train,2.433385757417938,0.6954796826160135
train,2.433385757417938,0.6955999038230344
train,2.433385757417938,0.6957201250300553
train,2.434153571066601,0.6958403462370762
train,2.434153571066601,0.6959605674440972
train,2.434153571066601,0.6960807886511181
train,2.434153571066601,0.6962010098581389
train,2.434153571066601,0.6963212310651599
train,2.434153571066601,0.6964414522721808
train,2.4348083386530925,0.6965616734792017
train,2.435509919640699,0.6966818946862227
train,2.4355417827721806,0.6968021158932436
train,2.435589573086606,0.6969223371002645
train,2.43608309864198,0.6970425583072855
train,2.4368302789660925,0.6971627795143063
train,2.4369890877885383,0.6972830007213272
train,2.4376237429970593,0.6974032219283481
train,2.4376237429970593,0.6975234431353691
train,2.4376237429970593,0.69764366434239
train,2.4379248796314323,0.6977638855494109
train,2.4379248796314323,0.6978841067564319
train,2.4379248796314323,0.6980043279634528
train,2.438558169790535,0.6981245491704736
train,2.4390957413017493,0.6982447703774946
train,2.4392063352370226,0.6983649915845155
train,2.4392063352370226,0.6984852127915364
train,2.439474803316783,0.6986054339985573
train,2.4394905903896835,0.6987256552055783
train,2.4397273276437894,0.6988458764125992
train,2.4398062113933303,0.6989660976196201
train,2.4398062113933303,0.6990863188266411
train,2.440184654070886,0.6992065400336619
train,2.44070447487986,0.6993267612406828
train,2.441255120930429,0.6994469824477038
train,2.4418207722892835,0.6995672036547247
train,2.4418835769867036,0.6996874248617456
train,2.4418835769867036,0.6998076460687666
train,2.4418835769867036,0.6999278672757875
train,2.4418835769867036,0.7000480884828084
train,2.4418835769867036,0.7001683096898292
train,2.4418835769867036,0.7002885308968502
train,2.4418835769867036,0.7004087521038711
train,2.4418835769867036,0.700528973310892
train,2.4418835769867036,0.700649194517913
train,2.4418835769867036,0.7007694157249339
train,2.4421347049919104,0.7008896369319548
train,2.4425738298846342,0.7010098581389758
train,2.4428872189023485,0.7011300793459966
train,2.444747222225778,0.7012503005530175
train,2.444747222225778,0.7013705217600384
train,2.444747222225778,0.7014907429670594
train,2.444747222225778,0.7016109641740803
train,2.444747222225778,0.7017311853811012
train,2.44504346145018,0.7018514065881222
train,2.44504346145018,0.7019716277951431
train,2.4452927694259716,0.702091849002164
train,2.445557502431367,0.7022120702091849
train,2.445962076324097,0.7023322914162058
train,2.445962076324097,0.7024525126232267
train,2.446257488316375,0.7025727338302477
train,2.447173541582463,0.7026929550372686
train,2.447344117675954,0.7028131762442895
train,2.447359621271918,0.7029333974513104
train,2.4483197649334953,0.7030536186583314
train,2.449956399943542,0.7031738398653522
train,2.449956399943542,0.7032940610723731
train,2.449956399943542,0.7034142822793941
train,2.449956399943542,0.703534503486415
train,2.4500796696216884,0.7036547246934359
train,2.4500796696216884,0.7037749459004569
train,2.450803173223646,0.7038951671074778
train,2.450803173223646,0.7040153883144987
train,2.450864692379766,0.7041356095215195
train,2.450864692379766,0.7042558307285405
train,2.4512182585137934,0.7043760519355614
train,2.4517096982713467,0.7044962731425823
train,2.4517096982713467,0.7046164943496033
train,2.4517096982713467,0.7047367155566242
train,2.4517096982713467,0.7048569367636451
train,2.4530276936877224,0.7049771579706661
train,2.4536393546203543,0.7050973791776869
train,2.4541585899443437,0.7052176003847078
train,2.4541585899443437,0.7053378215917288
train,2.4541585899443437,0.7054580427987497
train,2.4541585899443437,0.7055782640057706
train,2.4541585899443437,0.7056984852127915
train,2.454280672796099,0.7058187064198125
train,2.454280672796099,0.7059389276268334
train,2.454448480701692,0.7060591488338543
train,2.455088606040952,0.7061793700408752
train,2.455088606040952,0.7062995912478961
train,2.455088606040952,0.706419812454917
train,2.4561989646592375,0.706540033661938
train,2.456472315975146,0.7066602548689589
train,2.456472315975146,0.7067804760759798
train,2.4581541911688505,0.7069006972830008
train,2.4586680597648987,0.7070209184900217
train,2.459286917242387,0.7071411396970425
train,2.459286917242387,0.7072613609040634
train,2.459603551836237,0.7073815821110844
train,2.459603551836237,0.7075018033181053
train,2.459754249114512,0.7076220245251262
train,2.4597693159667364,0.7077422457321472
train,2.4601759235180283,0.7078624669391681
train,2.4601759235180283,0.707982688146189
train,2.460356515861848,0.7081029093532099
train,2.460356515861848,0.7082231305602308
train,2.460356515861848,0.7083433517672517
train,2.460356515861848,0.7084635729742726
train,2.460356515861848,0.7085837941812936
train,2.460356515861848,0.7087040153883145
train,2.460356515861848,0.7088242365953354
train,2.460356515861848,0.7089444578023564
train,2.460356515861848,0.7090646790093773
train,2.460356515861848,0.7091849002163981
train,2.4620833948696252,0.7093051214234191
train,2.4620833948696252,0.70942534263044
train,2.4620833948696252,0.7095455638374609
train,2.462203270516635,0.7096657850444819
train,2.462427948209778,0.7097860062515028
train,2.4625177867514334,0.7099062274585237
train,2.4628769551925003,0.7100264486655447
train,2.4628769551925003,0.7101466698725655
train,2.46381836152943,0.7102668910795864
train,2.4639228363782357,0.7103871122866073
train,2.4641913706409997,0.7105073334936283
train,2.4648917616397963,0.7106275547006492
train,2.4650852875574327,0.7107477759076701
train,2.4650852875574327,0.7108679971146911
train,2.4650852875574327,0.710988218321712
train,2.4650852875574327,0.7111084395287328
train,2.4651894581122975,0.7112286607357537
train,2.4651894581122975,0.7113488819427747
train,2.4655166887121296,0.7114691031497956
train,2.466170411157883,0.7115893243568165
train,2.466170411157883,0.7117095455638375
train,2.466689715873475,0.7118297667708584
train,2.466689715873475,0.7119499879778793
train,2.466941725717638,0.7120702091849003
train,2.4672676391795787,0.7121904303919211
train,2.467608105583633,0.712310651598942
train,2.467608105583633,0.712430872805963
train,2.4676820847136822,0.7125510940129839
train,2.4681404742606383,0.7126713152200048
train,2.469439079183607,0.7127915364270258
train,2.469439079183607,0.7129117576340467
train,2.469439079183607,0.7130319788410676
train,2.469439079183607,0.7131522000480884
train,2.470160486526572,0.7132724212551094
train,2.470792572566896,0.7133926424621303
train,2.47088069752548,0.7135128636691512
train,2.4714090720870554,0.7136330848761722
train,2.4719954019748225,0.7137533060831931
train,2.4722150717617906,0.713873527290214
train,2.4722150717617906,0.713993748497235
train,2.4726101975960444,0.7141139697042558
train,2.4726101975960444,0.7142341909112767
train,2.4726101975960444,0.7143544121182976
train,2.4726687041948,0.7144746333253186
train,2.473078029844237,0.7145948545323395
train,2.473078029844237,0.7147150757393604
train,2.473530762258132,0.7148352969463814
train,2.4739976044348637,0.7149555181534023
train,2.4739976044348637,0.7150757393604231
train,2.4750607137020064,0.7151959605674441
train,2.4754241948182036,0.715316181774465
train,2.475467792116027,0.7154364029814859
train,2.4759035245513985,0.7155566241885069
train,2.4759035245513985,0.7156768453955278
train,2.4759035245513985,0.7157970666025487
train,2.4759035245513985,0.7159172878095696
train,2.4771212547196626,0.7160375090165906
train,2.4774830160749435,0.7161577302236114
train,2.4778589284936956,0.7162779514306323
train,2.4778589284936956,0.7163981726376533
train,2.4780467627564504,0.7165183938446742
train,2.4780467627564504,0.7166386150516951
train,2.4780900975902895,0.7167588362587161
train,2.4780900975902895,0.716879057465737
train,2.4780900975902895,0.7169992786727579
train,2.4780900975902895,0.7171194998797787
train,2.4780900975902895,0.7172397210867997
train,2.4780900975902895,0.7173599422938206
train,2.4780900975902895,0.7174801635008415
train,2.4783067069225675,0.7176003847078625
train,2.478465485131264,0.7177206059148834
train,2.478465485131264,0.7178408271219043
train,2.4786386315431668,0.7179610483289253
train,2.4786386315431668,0.7180812695359461
train,2.4788838041862813,0.718201490742967
train,2.4801651008871213,0.718321711949988
train,2.4805674250016936,0.7184419331570089
train,2.4809693767539605,0.7185621543640298
train,2.481141527972904,0.7186823755710507
train,2.481686223744099,0.7188025967780717
train,2.481686223744099,0.7189228179850926
train,2.482215929792211,0.7190430391921135
train,2.4823160718126935,0.7191632603991344
train,2.482459091797488,0.7192834816061553
train,2.482916439502271,0.7194037028131762
train,2.4833590362806865,0.7195239240201972
train,2.4836871233069737,0.7196441452272181
train,2.483801182460488,0.719764366434239
train,2.483801182460488,0.71988458764126
train,2.483801182460488,0.7200048088482809
train,2.483843946921347,0.7201250300553017
train,2.4843852659244936,0.7202452512623226
train,2.484712578894317,0.7203654724693436
train,2.484712578894317,0.7204856936763645
train,2.484712578894317,0.7206059148833854
train,2.485480084723825,0.7207261360904064
train,2.485480084723825,0.7208463572974273
train,2.486217884667973,0.7209665785044482
train,2.486217884667973,0.721086799711469
train,2.486260411831544,0.72120702091849
train,2.486430478854434,0.7213272421255109
train,2.4864729852063823,0.7214474633325318
train,2.487166667355761,0.7215676845395528
train,2.4876897349416685,0.7216879057465737
train,2.488099266894405,0.7218081269535946
train,2.488564816741737,0.7219283481606156
train,2.4886353110821298,0.7220485693676365
train,2.4890580369990616,0.7221687905746573
train,2.4890580369990616,0.7222890117816783
train,2.4890580369990616,0.7224092329886992
train,2.489241090524176,0.7225294541957201
train,2.4894662813031285,0.722649675402741
train,2.4894662813031285,0.722769896609762
train,2.4894662813031285,0.7228901178167829
train,2.490014695136764,0.7230103390238038
train,2.490014695136764,0.7231305602308247
train,2.490632588185562,0.7232507814378456
train,2.490632588185562,0.7233710026448665
train,2.4910393557558783,0.7234912238518875
train,2.491109449605496,0.7236114450589084
train,2.4913196633022556,0.7237316662659293
train,2.491669793508666,0.7238518874729503
train,2.492690561149542,0.7239721086799712
train,2.4929698053204894,0.724092329886992
train,2.4929698053204894,0.724212551094013
train,2.4929698053204894,0.7243327723010339
train,2.4934301660241105,0.7244529935080548
train,2.4935835112132727,0.7245732147150757
train,2.494154594018443,0.7246934359220967
train,2.494265937303735,0.7248136571291176
train,2.494738828059336,0.7249338783361385
train,2.4947527288189404,0.7250540995431594
train,2.4951278812429334,0.7251743207501803
train,2.4951278812429334,0.7252945419572012
train,2.4951278812429334,0.7254147631642222
train,2.4951278812429334,0.7255349843712431
train,2.495821753385906,0.725655205578264
train,2.4966667788800487,0.725775426785285
train,2.4968328200386916,0.7258956479923059
train,2.497441095076971,0.7260158691993268
train,2.497441095076971,0.7261360904063476
train,2.498806606935368,0.7262563116133686
train,2.498806606935368,0.7263765328203895
train,2.4988203781047096,0.7264967540274104
train,2.500085461237655,0.7266169752344314
train,2.5006754887441485,0.7267371964414523
train,2.501100360697214,0.7268574176484732
train,2.501524817402628,0.7269776388554942
train,2.5019488596712804,0.727097860062515
train,2.501962531563174,0.7272180812695359
train,2.502850282593983,0.7273383024765568
train,2.502863926138332,0.7274585236835778
train,2.5033956903224466,0.7275787448905987
train,2.5033956903224466,0.7276989660976196
train,2.5033956903224466,0.7278191873046406
train,2.5033956903224466,0.7279394085116615
train,2.5033956903224466,0.7280596297186823
train,2.503967632216219,0.7281798509257033
train,2.5044844552232317,0.7283000721327242
train,2.5044844552232317,0.7284202933397451
train,2.5044844552232317,0.728540514546766
train,2.5044844552232317,0.728660735753787
train,2.5044844552232317,0.7287809569608079
train,2.504742636271688,0.7289011781678288
train,2.504742636271688,0.7290213993748498
train,2.5056789524415564,0.7291416205818706
train,2.5061125017965726,0.7292618417888915
train,2.5075590473467115,0.7293820629959125
train,2.5075590473467115,0.7295022842029334
train,2.507653513464988,0.7296225054099543
train,2.507950273279053,0.7297427266169753
train,2.507950273279053,0.7298629478239962
train,2.5083411471001154,0.7299831690310171
train,2.5088258808686903,0.7301033902380379
train,2.5094444766124626,0.7302236114450589
train,2.509498225929599,0.7303438326520798
train,2.510182947257836,0.7304640538591007
train,2.510196362380759,0.7305842750661217
train,2.5103304908236863,0.7307044962731426
train,2.5108398014493605,0.7308247174801635
train,2.511509038309229,0.7309449386871845
train,2.511509038309229,0.7310651598942053
train,2.511509038309229,0.7311853811012262
train,2.511509038309229,0.7313056023082471
train,2.511509038309229,0.7314258235152681
train,2.511509038309229,0.731546044722289
train,2.511509038309229,0.73166626592931
train,2.511509038309229,0.7317864871363309
train,2.5119100859708463,0.7319067083433518
train,2.5119100859708463,0.7320269295503727
train,2.5119100859708463,0.7321471507573936
train,2.5119100859708463,0.7322673719644145
train,2.511990251080793,0.7323875931714354
train,2.511990251080793,0.7325078143784564
train,2.511990251080793,0.7326280355854773
train,2.5135638318505884,0.7327482567924982
train,2.5144680582877523,0.7328684779995192
train,2.5144680582877523,0.7329886992065401
train,2.5146805441249818,0.7331089204135609
train,2.5146805441249818,0.7332291416205818
train,2.5147601995188227,0.7333493628276028
train,2.5147601995188227,0.7334695840346237
train,2.5147601995188227,0.7335898052416446
train,2.5147601995188227,0.7337100264486656
train,2.5148796552227934,0.7338302476556865
train,2.5168393397370283,0.7339504688627074
train,2.516905391125257,0.7340706900697282
train,2.516905391125257,0.7341909112767492
train,2.517486210579723,0.7343111324837701
train,2.5178026940930205,0.734431353690791
train,2.5181979744351377,0.734551574897812
train,2.5181979744351377,0.7346717961048329
train,2.5186586805830777,0.7347920173118538
train,2.5186586805830777,0.7349122385188748
train,2.5189217219780566,0.7350324597258956
train,2.5193685270400006,0.7351526809329165
train,2.5193685270400006,0.7352729021399375
train,2.519486722064457,0.7353931233469584
train,2.519486722064457,0.7355133445539793
train,2.5197755078874557,0.7356335657610003
train,2.5208502028112187,0.7357537869680212
train,2.521164245234233,0.7358740081750421
train,2.521164245234233,0.735994229382063
train,2.521308105487026,0.7361144505890839
train,2.521308105487026,0.7362346717961048
train,2.521674080333172,0.7363548930031257
train,2.5216871451612315,0.7364751142101467
train,2.5216871451612315,0.7365953354171676
train,2.521804710930891,0.7367155566241885
train,2.521804710930891,0.7368357778312095
train,2.5225224777155044,0.7369559990382304
train,2.5225224777155044,0.7370762202452512
train,2.5234212743726316,0.7371964414522721
train,2.5234212743726316,0.7373166626592931
train,2.524045428949697,0.737436883866314
train,2.524227305193655,0.7375571050733349
train,2.524227305193655,0.7376773262803559
train,2.524227305193655,0.7377975474873768
train,2.5247205856840464,0.7379177686943977
train,2.5250318428289633,0.7380379899014186
train,2.5251485067703614,0.7381582111084395
train,2.5256795796181444,0.7382784323154604
train,2.5256795796181444,0.7383986535224814
train,2.525925466513464,0.7385188747295023
train,2.525925466513464,0.7386390959365232
train,2.525925466513464,0.7387593171435441
train,2.526636460600161,0.7388795383505651
train,2.5273076043950233,0.738999759557586
train,2.5273076043950233,0.7391199807646068
train,2.5273076043950233,0.7392402019716278
train,2.5273076043950233,0.7393604231786487
train,2.5273076043950233,0.7394806443856696
train,2.5273076043950233,0.7396008655926906
train,2.5273076043950233,0.7397210867997115
train,2.5278360451647086,0.7398413080067324
train,2.5282480404351686,0.7399615292137534
train,2.528621073852407,0.7400817504207742
train,2.529019479708238,0.7402019716277951
train,2.529019479708238,0.740322192834816
train,2.5298151966446305,0.740442414041837
train,2.5299946730691416,0.7405626352488579
train,2.530007489976044,0.7406828564558788
train,2.530007489976044,0.7408030776628998
train,2.5301356382454614,0.7409232988699207
train,2.5301356382454614,0.7410435200769415
train,2.5314022700764,0.7411637412839625
train,2.53198955141255,0.7412839624909834
train,2.53198955141255,0.7414041836980043
train,2.53198955141255,0.7415244049050252
train,2.532448609572284,0.7416446261120462
train,2.533772058384718,0.7417648473190671
train,2.5342800052050816,0.741885068526088
train,2.534483017704701,0.742005289733109
train,2.5349901341587517,0.7421255109401298
train,2.535028144032475,0.7422457321471507
train,2.536128985758921,0.7423659533541717
train,2.5375294688658725,0.7424861745611926
train,2.5376302303249605,0.7426063957682135
train,2.5381840008582675,0.7427266169752345
train,2.53846062155673,0.7428468381822554
train,2.5392392423736396,0.7429670593892763
train,2.5412921153423693,0.7430872805962971
train,2.541317090584305,0.7432075018033181
train,2.5413295776666938,0.743327723010339
train,2.5415667640407795,0.7434479442173599
train,2.5417164992464816,0.7435681654243809
train,2.542053214823124,0.7436883866314018
train,2.542551573340032,0.7438086078384227
train,2.542551573340032,0.7439288290454437
train,2.542551573340032,0.7440490502524645
train,2.542551573340032,0.7441692714594854
train,2.542551573340032,0.7442894926665063
train,2.54270096944811,0.7444097138735273
train,2.542725863803791,0.7445299350805482
train,2.5429996075770545,0.7446501562875691
train,2.5431115439534384,0.7447703774945901
train,2.543161284194799,0.744890598701611
train,2.543347759379176,0.7450108199086318
train,2.544985297642722,0.7451310411156528
train,2.544985297642722,0.7452512623226737
train,2.5461970644860603,0.7453714835296946
train,2.546814012741506,0.7454917047367156
train,2.546814012741506,0.7456119259437365
train,2.5468633307613073,0.7457321471507574
train,2.546998926445276,0.7458523683577784
train,2.547700881354684,0.7459725895647993
train,2.547700881354684,0.7460928107718201
train,2.547700881354684,0.746213031978841
train,2.5486227810298683,0.746333253185862
train,2.548929646552791,0.7464534743928829
train,2.55026505244657,0.7465736955999038
train,2.550802954195946,0.7466939168069248
train,2.5509739651321333,0.7468141380139457
train,2.551888950263276,0.7469343592209666
train,2.5519986190490087,0.7470545804279874
train,2.552035169157616,0.7471748016350084
train,2.552230051136162,0.7472950228420293
train,2.552230051136162,0.7474152440490502
train,2.552230051136162,0.7475354652560712
train,2.552656050830272,0.7476556864630921
train,2.552656050830272,0.747775907670113
train,2.5535067986741953,0.747896128877134
train,2.553761698390004,0.7480163500841548
train,2.554513387750996,0.7481365712911757
train,2.5550581550438687,0.7482567924981967
train,2.5550581550438687,0.7483770137052176
train,2.555118642583055,0.7484972349122385
train,2.555118642583055,0.7486174561192595
train,2.555118642583055,0.7487376773262804
train,2.5556505699740084,0.7488578985333013
train,2.555807605738594,0.7489781197403222
train,2.555807605738594,0.7490983409473431
train,2.556061159009533,0.749218562154364
train,2.5566642621225686,0.7493387833613849
train,2.5567486297633164,0.7494590045684059
train,2.557218378253756,0.7495792257754268
train,2.557266528869904,0.7496994469824477
train,2.557266528869904,0.7498196681894687
train,2.557266528869904,0.7499398893964896
train,2.557266528869904,0.7500601106035104
train,2.557266528869904,0.7501803318105313
train,2.557266528869904,0.7503005530175523
train,2.5575793778161757,0.7504207742245732
train,2.5577597651317836,0.7505409954315941
train,2.5589844158701327,0.7506612166386151
train,2.559092307674901,0.750781437845636
train,2.559703188795468,0.7509016590526569
train,2.5599066250361124,0.7510218802596778
train,2.561101383649056,0.7511421014666987
train,2.5611133146522547,0.7512623226737196
train,2.5612087508799486,0.7513825438807405
train,2.5612087508799486,0.7515027650877615
train,2.562066734495455,0.7516229862947824
train,2.562066734495455,0.7517432075018033
train,2.5623166607624395,0.7518634287088243
train,2.5623166607624395,0.7519836499158452
train,2.562863616239732,0.752103871122866
train,2.562863616239732,0.752224092329887
train,2.563421751494202,0.7523443135369079
train,2.563777633362166,0.7524645347439288
train,2.5644530065313664,0.7525847559509498
train,2.5644530065313664,0.7527049771579707
train,2.5644530065313664,0.7528251983649916
train,2.564654230453756,0.7529454195720126
train,2.564654230453756,0.7530656407790334
train,2.564654230453756,0.7531858619860543
train,2.564654230453756,0.7533060831930752
train,2.564748891813018,0.7534263044000962
train,2.564748891813018,0.7535465256071171
train,2.5650918663818607,0.753666746814138
train,2.565434570307759,0.753786968021159
train,2.5656117249020585,0.7539071892281799
train,2.5656117249020585,0.7540274104352007
train,2.5656117249020585,0.7541476316422216
train,2.565777004017508,0.7542678528492426
train,2.566225301949698,0.7543880740562635
train,2.566496415535762,0.7545082952632844
train,2.566578894784306,0.7546285164703054
train,2.566578894784306,0.7547487376773263
train,2.566885109211351,0.7548689588843472
train,2.567061673218298,0.7549891800913682
train,2.5684598764779865,0.755109401298389
train,2.5685654400704503,0.7552296225054099
train,2.5698185118875654,0.7553498437124309
train,2.56998219805848,0.7554700649194518
train,2.570110765355414,0.7555902861264727
train,2.570834706424214,0.7557105073334937
train,2.570904701237178,0.7558307285405146
train,2.570904701237178,0.7559509497475355
train,2.571510850866108,0.7560711709545563
train,2.571510850866108,0.7561913921615773
train,2.571510850866108,0.7563116133685982
train,2.571510850866108,0.7564318345756191
train,2.571510850866108,0.7565520557826401
train,2.57153414742667,0.756672276989661
train,2.571685544616966,0.7567924981966819
train,2.571685544616966,0.7569127194037029
train,2.5719067225392207,0.7570329406107237
train,2.5724301161050436,0.7571531618177446
train,2.572488232028253,0.7572733830247655
train,2.5730225339455397,0.7573936042317865
train,2.5730225339455397,0.7575138254388074
train,2.573243032184124,0.7576340466458283
train,2.573417030696809,0.7577542678528493
train,2.5739154404215507,0.7578744890598702
train,2.574309127290558,0.757994710266891
train,2.574309127290558,0.758114931473912
train,2.5743901361875574,0.7582351526809329
train,2.574887431035099,0.7583553738879538
train,2.5757880500159898,0.7584755950949748
train,2.5758572511020854,0.7585958163019957
train,2.5760417334419925,0.7587160375090166
train,2.5761569951220933,0.7588362587160375
train,2.5766522720643374,0.7589564799230585
train,2.57687093556865,0.7590767011300793
train,2.5770664885839754,0.7591969223371002
train,2.5770664885839754,0.7593171435441212
train,2.5775607299987704,0.7594373647511421
train,2.577755972731498,0.759557585958163
train,2.5778707804095222,0.759677807165184
train,2.578455827939842,0.7597980283722049
train,2.5785819114018698,0.7599182495792258
train,2.5787537844264348,0.7600384707862466
train,2.578914137904181,0.7601586919932676
train,2.579875017411149,0.7602789132002885
train,2.5800349575088832,0.7603991344073094
train,2.5801149054749035,0.7605193556143304
train,2.580149164384105,0.7606395768213513
train,2.581779045728459,0.7607597980283722
train,2.5820406243854643,0.7608800192353932
train,2.5825746652583113,0.761000240442414
train,2.582824416378794,0.7611204616494349
train,2.5839238823193127,0.7612406828564559
train,2.5839238823193127,0.7613609040634768
train,2.5841615449428668,0.7614811252704977
train,2.5844782262635286,0.7616013464775186
train,2.5849189336400378,0.7617215676845396
train,2.5853027755217064,0.7618417888915605
train,2.5853027755217064,0.7619620100985814
train,2.5853027755217064,0.7620822313056023
train,2.5853027755217064,0.7622024525126232
train,2.5863734801469924,0.7623226737196441
train,2.5866323069495945,0.7624428949266651
train,2.5867110497167163,0.762563116133686
train,2.5869247081448203,0.7626833373407069
train,2.5869247081448203,0.7628035585477279
train,2.5870146381512305,0.7629237797547488
train,2.5871494982543437,0.7630440009617696
train,2.5886749931215283,0.7631642221687905
train,2.589133835723009,0.7632844433758115
train,2.589133835723009,0.7634046645828324
train,2.59000541965133,0.7635248857898533
train,2.59001658245561,0.7636451069968743
train,2.59001658245561,0.7637653282038952
train,2.590306714703341,0.7638855494109161
train,2.5911759503117913,0.764005770617937
train,2.5911759503117913,0.7641259918249579
train,2.5911759503117913,0.7642462130319788
train,2.59142080510421,0.7643664342389997
train,2.591999004612498,0.7644866554460207
train,2.592032338801554,0.7646068766530416
train,2.592875952629111,0.7647270978600625
train,2.5938396610812715,0.7648473190670835
train,2.5939392331138853,0.7649675402741044
train,2.5939502952639875,0.7650877614811252
train,2.5950440557146153,0.7652079826881462
train,2.5950440557146153,0.7653282038951671
train,2.5950881902114293,0.765448425102188
train,2.5952867399627864,0.765568646309209
train,2.5952867399627864,0.7656888675162299
train,2.5952867399627864,0.7658090887232508
train,2.5966300787649823,0.7659293099302718
train,2.597552591097688,0.7660495311372926
train,2.597969275225808,0.7661697523443135
train,2.598659214028129,0.7662899735513344
train,2.598659214028129,0.7664101947583554
train,2.598659214028129,0.7665304159653763
train,2.598659214028129,0.7666506371723972
train,2.598659214028129,0.7667708583794182
train,2.598659214028129,0.7668910795864391
train,2.5990201735850516,0.7670113007934599
train,2.599763024345199,0.7671315220004808
train,2.599773939146388,0.7672517432075018
train,2.600787818507297,0.7673719644145227
train,2.600874923475504,0.7674921856215436
train,2.6012231687499057,0.7676124068285646
train,2.6012231687499057,0.7677326280355855
train,2.602070848554295,0.7678528492426064
train,2.6021359862129367,0.7679730704496273
train,2.603404221739564,0.7680932916566482
train,2.603404221739564,0.7682135128636691
train,2.6036098254200373,0.76833373407069
train,2.6038910201835583,0.768453955277711
train,2.604852195526828,0.7685741764847319
train,2.604852195526828,0.7686943976917529
train,2.6051972673883776,0.7688146188987738
train,2.605509752111388,0.7689348401057947
train,2.6061663146076204,0.7690550613128155
train,2.607401403302025,0.7691752825198365
train,2.607412127814179,0.7692955037268574
train,2.607412127814179,0.7694157249338783
train,2.607412127814179,0.7695359461408993
train,2.6084618473837273,0.7696561673479202
train,2.609306206714763,0.7697763885549411
train,2.609316884293086,0.7698966097619621
train,2.6094663428316336,0.7700168309689829
train,2.6109900164442723,0.7701370521760038
train,2.6114365152655443,0.7702572733830247
train,2.611627731468287,0.7703774945900457
train,2.611627731468287,0.7704977157970666
train,2.611627731468287,0.7706179370040875
train,2.611627731468287,0.7707381582111085
train,2.611627731468287,0.7708583794181294
train,2.611627731468287,0.7709786006251502
train,2.612455363519114,0.7710988218321712
train,2.6133448992347437,0.7712190430391921
train,2.613704432062307,0.771339264246213
train,2.6138101203919204,0.771459485453234
train,2.614021419922643,0.7715797066602549
train,2.6153081255797757,0.7716999278672758
train,2.6153081255797757,0.7718201490742967
train,2.615571324793862,0.7719403702813177
train,2.6166015302784342,0.7720605914883385
train,2.6166120299939233,0.7721808126953594
train,2.617136692377613,0.7723010339023804
train,2.617901563012328,0.7724212551094013
train,2.617964369223516,0.7725414763164222
train,2.6186755388851397,0.7726616975234432
train,2.6190933306267428,0.7727819187304641
train,2.6191977157929474,0.772902139937485
train,2.619594150765161,0.7730223611445058
train,2.620677283847404,0.7731425823515268
train,2.6210307999287092,0.7732628035585477
train,2.6211347205058613,0.7733830247655686
train,2.621384028481653,0.7735032459725896
train,2.622006673006805,0.7736234671796105
train,2.62232802326049,0.7737436883866314
train,2.622535219887546,0.7738639095936524
train,2.622587003602525,0.7739841308006732
train,2.622587003602525,0.7741043520076941
train,2.622587003602525,0.774224573214715
train,2.623435376731635,0.774344794421736
train,2.623435376731635,0.7744650156287569
train,2.6236110517531817,0.7745852368357778
train,2.624220196724192,0.7747054580427988
train,2.624220196724192,0.7748256792498197
train,2.624220196724192,0.7749459004568406
train,2.624220196724192,0.7750661216638615
train,2.6248078823849657,0.7751863428708824
train,2.625466793609239,0.7753065640779033
train,2.625466793609239,0.7754267852849243
train,2.625466793609239,0.7755470064919452
train,2.626042522003252,0.7756672276989661
train,2.626042522003252,0.775787448905987
train,2.626884178239356,0.775907670113008
train,2.626884178239356,0.7760278913200288
train,2.62771397204586,0.7761481125270497
train,2.6278060735657487,0.7762683337340707
train,2.6278060735657487,0.7763885549410916
train,2.628746437140921,0.7765087761481125
train,2.628899564420607,0.7766289973551335
train,2.628899564420607,0.7767492185621544
train,2.629480956183244,0.7768694397691753
train,2.630254936470747,0.7769896609761962
train,2.6308141947282127,0.7771098821832171
train,2.6308141947282127,0.777230103390238
train,2.631403178847069,0.777350324597259
train,2.632882267597586,0.7774705458042799
train,2.632882267597586,0.7775907670113008
train,2.633185567059528,0.7777109882183217
train,2.633791531273789,0.7778312094253427
train,2.634295856390154,0.7779514306323635
train,2.634295856390154,0.7780716518393844
train,2.634578022853888,0.7781918730464054
train,2.635644566843376,0.7783120942534263
train,2.636447774917529,0.7784323154604472
train,2.636447774917529,0.7785525366674682
train,2.636447774917529,0.7786727578744891
train,2.636447774917529,0.77879297908151
train,2.636758619139358,0.778913200288531
train,2.6369690646957107,0.7790334214955518
train,2.638169658388542,0.7791536427025727
train,2.638169658388542,0.7792738639095936
train,2.6384593045782054,0.7793940851166146
train,2.639077900939867,0.7795143063236355
train,2.639615961441463,0.7796345275306564
train,2.6397055734171837,0.7797547487376774
train,2.6400240441088667,0.7798749699446983
train,2.6400240441088667,0.7799951911517191
train,2.6411368560188713,0.78011541235874
train,2.6418606390110946,0.780235633565761
train,2.642444734165811,0.7803558547727819
train,2.642444734165811,0.7804760759798028
train,2.6426326655052157,0.7805962971868238
train,2.642731544081733,0.7807165183938447
train,2.6436993646393145,0.7808367396008656
train,2.6448716831351105,0.7809569608078865
train,2.6452257115354163,0.7810771820149074
train,2.6455303382392885,0.7811974032219283
train,2.6456678415817607,0.7813176244289493
train,2.6456678415817607,0.7814378456359702
train,2.6481452505053853,0.7815580668429911
train,2.6483502514447137,0.781678288050012
train,2.6483502514447137,0.781798509257033
train,2.6483502514447137,0.7819187304640539
train,2.648418563593011,0.7820389516710747
train,2.6491595475331953,0.7821591728780957
train,2.6491595475331953,0.7822793940851166
train,2.649422487770878,0.7823996152921375
train,2.649529565947819,0.7825198364991585
train,2.649529565947819,0.7826400577061794
train,2.6500062300777683,0.7827602789132003
train,2.65086096867155,0.7828805001202213
train,2.65128770796321,0.7830007213272421
train,2.6515009204686497,0.783120942534263
train,2.6527103721918768,0.7832411637412839
train,2.6527683412447405,0.7833613849483049
train,2.6527683412447405,0.7834816061553258
train,2.653318661675594,0.7836018273623467
train,2.6535694536275147,0.7837220485693677
train,2.6541765418779604,0.7838422697763886
train,2.6541765418779604,0.7839624909834094
train,2.6541765418779604,0.7840827121904304
train,2.6545615547417434,0.7842029333974513
train,2.655224900768312,0.7843231546044722
train,2.655224900768312,0.7844433758114931
train,2.655224900768312,0.7845635970185141
train,2.6555513946674,0.784683818225535
train,2.6555513946674,0.7848040394325559
train,2.656002320682957,0.7849242606395769
train,2.6561077889816715,0.7850444818465977
train,2.6563378127675463,0.7851647030536186
train,2.6563378127675463,0.7852849242606396
train,2.656538983688415,0.7854051454676605
train,2.656538983688415,0.7855253666746814
train,2.656960182742849,0.7856455878817024
train,2.656960182742849,0.7857658090887233
train,2.656960182742849,0.7858860302957442
train,2.6577727077355213,0.786006251502765
train,2.658020941485893,0.786126472709786
train,2.6581163782378927,0.7862466939168069
train,2.6582499544669576,0.7863669151238278
train,2.6592123961433822,0.7864871363308488
train,2.6592123961433822,0.7866073575378697
train,2.6599352059770283,0.7867275787448906
train,2.6599352059770283,0.7868477999519116
train,2.660305655017878,0.7869680211589324
train,2.660305655017878,0.7870882423659533
train,2.6608085798032195,0.7872084635729742
train,2.6616518059347904,0.7873286847799952
train,2.662238255862254,0.7874489059870161
train,2.662398918407578,0.787569127194037
train,2.6625595215395106,0.787689348401058
train,2.6625689669332604,0.7878095696080789
train,2.662823914944352,0.7879297908150997
train,2.662823914944352,0.7880500120221207
train,2.6633993581650297,0.7881702332291416
train,2.664726570137811,0.7882904544361625
train,2.665740421927511,0.7884106756431835
train,2.665806052941406,0.7885308968502044
train,2.666892211066536,0.7886511180572253
train,2.666892211066536,0.7887713392642463
train,2.666892211066536,0.7888915604712672
train,2.667125941485989,0.789011781678288
train,2.6677703855068917,0.7891320028853089
train,2.6678170472113947,0.7892522240923299
train,2.6678170472113947,0.7893724452993508
train,2.668096912204907,0.7894926665063717
train,2.668096912204907,0.7896128877133927
train,2.668292710448221,0.7897331089204136
train,2.6685909000368335,0.7898533301274345
train,2.6686281593438146,0.7899735513344553
train,2.6703571963594164,0.7900937725414763
train,2.6708393543375233,0.7902139937484972
train,2.671117279099181,0.7903342149555181
train,2.671209881176741,0.7904544361625391
train,2.671209881176741,0.79057465736956
train,2.671209881176741,0.7906948785765809
train,2.671209881176741,0.7908150997836019
train,2.671209881176741,0.7909353209906227
train,2.671209881176741,0.7910555421976436
train,2.671746584203527,0.7911757634046646
train,2.6721994894325154,0.7912959846116855
train,2.673352725162537,0.7914162058187064
train,2.6735645873669354,0.7915364270257274
train,2.6737763462688267,0.7916566482327483
train,2.673785550835815,0.7917768694397692
train,2.6743834296210034,0.7918970906467901
train,2.674925407893072,0.792017311853811
train,2.675494216497726,0.7921375330608319
train,2.6762728259247512,0.7922577542678528
train,2.6771961860105447,0.7923779754748738
train,2.6771961860105447,0.7924981966818947
train,2.677333151419902,0.7926184178889156
train,2.6775887046698212,0.7927386390959366
train,2.677634323358942,0.7928588603029575
train,2.677962636542057,0.7929790815099783
train,2.678318029299685,0.7930993027169992
train,2.678409108821421,0.7932195239240202
train,2.6786003136657515,0.7933397451310411
train,2.678946089545405,0.793459966338062
train,2.678955185194013,0.793580187545083
train,2.68039897561208,0.7937004087521039
train,2.680525872193244,0.7938206299591248
train,2.680571183416579,0.7939408511661457
train,2.680824838940963,0.7940610723731666
train,2.6810059307966028,0.7941812935801875
train,2.6810059307966028,0.7943015147872085
train,2.681630118688533,0.7944217359942294
train,2.6822082747144655,0.7945419572012503
train,2.6822082747144655,0.7946621784082712
train,2.6822082747144655,0.7947823996152922
train,2.6822082747144655,0.7949026208223131
train,2.6838482118410445,0.7950228420293339
train,2.6840370374865197,0.7951430632363549
train,2.6842886773721566,0.7952632844433758
train,2.6842886773721566,0.7953835056503967
train,2.684854334578203,0.7955037268574177
train,2.6853296349723657,0.7956239480644386
train,2.686931060505042,0.7957441692714595
train,2.686931060505042,0.7958643904784805
train,2.687038207728654,0.7959846116855013
train,2.687038207728654,0.7961048328925222
train,2.687038207728654,0.7962250540995431
train,2.6872345756743266,0.7963452753065641
train,2.6872524229037986,0.796465496513585
train,2.687537878874246,0.7965857177206059
train,2.6882061820138636,0.7967059389276269
train,2.688535499797638,0.7968261601346478
train,2.6897260787056068,0.7969463813416686
train,2.6907806545014874,0.7970666025486896
train,2.691532358181662,0.7971868237557105
train,2.691770862616897,0.7973070449627314
train,2.691947448161293,0.7974272661697523
train,2.692159256081883,0.7975474873767733
train,2.6921945473611086,0.7976677085837942
train,2.692935002531138,0.7977879297908151
train,2.692935002531138,0.797908150997836
train,2.692935002531138,0.7980283722048569
train,2.692935002531138,0.7981485934118778
train,2.692935002531138,0.7982688146188988
train,2.6929878439095702,0.7983890358259197
train,2.6929878439095702,0.7985092570329406
train,2.6929878439095702,0.7986294782399616
train,2.694289233490819,0.7987496994469825
train,2.6950699523431068,0.7988699206540034
train,2.696452499612821,0.7989901418610242
train,2.696618459232225,0.7991103630680452
train,2.6981962713313834,0.7992305842750661
train,2.698700658251322,0.799350805482087
train,2.69893525938765,0.799471026689108
train,2.70031423474762,0.7995912478961289
train,2.701248406352915,0.7997114691031498
train,2.702439153314047,0.7998316903101708
train,2.7033945645481423,0.7999519115171916
train,2.7033945645481423,0.8000721327242125
train,2.703523513118029,0.8001923539312334
train,2.703523513118029,0.8003125751382544
train,2.7041247673917703,0.8004327963452753
train,2.704270660748457,0.8005530175522962
train,2.704313561233699,0.8006732387593172
train,2.7045880240338067,0.8007934599663381
train,2.705461718406696,0.8009136811733589
train,2.705812414630624,0.8010339023803799
train,2.707485011967474,0.8011541235874008
train,2.7080808104682315,0.8012743447944217
train,2.7080808104682315,0.8013945660014427
train,2.708114831421749,0.8015147872084636
train,2.7085398686279656,0.8016350084154845
train,2.708743738826242,0.8017552296225054
train,2.7088541285708896,0.8018754508295264
train,2.709990359852276,0.8019956720365472
train,2.710337419615959,0.8021158932435681
train,2.711436022732338,0.8022361144505891
train,2.711461342334847,0.80235633565761
train,2.711933704161797,0.8024765568646309
train,2.712582363929285,0.8025967780716519
train,2.713196433725248,0.8027169992786728
train,2.713356117810225,0.8028372204856937
train,2.713356117810225,0.8029574416927145
train,2.7136165290200505,0.8030776628997355
train,2.7136165290200505,0.8031978841067564
train,2.713717291453225,0.8033181053137773
train,2.71459796693727,0.8034383265207983
train,2.714815763383719,0.8035585477278192
train,2.714958109720149,0.8036787689348401
train,2.716971075409854,0.8037989901418611
train,2.7174125120406756,0.8039192113488819
train,2.7174125120406756,0.8040394325559028
train,2.718136163056574,0.8041596537629238
train,2.718634531104879,0.8042798749699447
train,2.718634531104879,0.8044000961769656
train,2.7188005267809063,0.8045203173839865
train,2.718916686014861,0.8046405385910075
train,2.719248398447946,0.8047607597980284
train,2.719728931890405,0.8048809810050493
train,2.7202999093317946,0.8050012022120702
train,2.7207379770184255,0.8051214234190911
train,2.7214478649502984,0.805241644626112
train,2.722271859585036,0.805361865833133
train,2.7222883235417417,0.8054820870401539
train,2.7236034219595777,0.8056023082471748
train,2.7236034219595777,0.8057225294541958
train,2.723800343700448,0.8058427506612167
train,2.7243332254617747,0.8059629718682375
train,2.7247263188704327,0.8060831930752584
train,2.7252417146032655,0.8062034142822794
train,2.7253152926605195,0.8063236354893003
train,2.726327767799115,0.8064438566963212
train,2.726588668991952,0.8065640779033422
train,2.7270692950561486,0.8066842991103631
train,2.7270692950561486,0.806804520317384
train,2.7271181425000357,0.8069247415244049
train,2.7283456642914943,0.8070449627314258
train,2.7283456642914943,0.8071651839384467
train,2.7295130579009066,0.8072854051454676
train,2.731201837120248,0.8074056263524886
train,2.731346975545955,0.8075258475595095
train,2.731346975545955,0.8076460687665304
train,2.732047794971974,0.8077662899735514
train,2.7328439059169187,0.8078865111805722
train,2.7333577879255855,0.8080067323875931
train,2.7333577879255855,0.8081269535946141
train,2.733397909361422,0.808247174801635
train,2.734335694372104,0.8083673960086559
train,2.735183566730582,0.8084876172156769
train,2.7351915576499617,0.8086078384226978
train,2.7352395000788343,0.8087280596297187
train,2.736531949156527,0.8088482808367397
train,2.736611604063376,0.8089685020437605
train,2.737296033844829,0.8090887232507814
train,2.738161961758311,0.8092089444578023
train,2.738161961758311,0.8093291656648233
train,2.7386458111923333,0.8094493868718442
train,2.7386458111923333,0.8095696080788651
train,2.739192467336955,0.8096898292858861
train,2.7394220161557867,0.809810050492907
train,2.740244229390249,0.8099302716999278
train,2.740678425227455,0.8100504929069487
train,2.7410491216395743,0.8101707141139697
train,2.7417108558182797,0.8102909353209906
train,2.7422772551359236,0.8104111565280115
train,2.7429057225601823,0.8105313777350325
train,2.7429057225601823,0.8106515989420534
train,2.7429057225601823,0.8107718201490743
train,2.7429057225601823,0.8108920413560952
train,2.7429057225601823,0.8110122625631161
train,2.7429057225601823,0.811132483770137
train,2.7429057225601823,0.811252704977158
train,2.7429057225601823,0.8113729261841789
train,2.7431725460666727,0.8114931473911998
train,2.7436195003715613,0.8116133685982208
train,2.7436195003715613,0.8117335898052417
train,2.745590015265256,0.8118538110122626
train,2.746073457114161,0.8119740322192834
train,2.746073457114161,0.8120942534263044
train,2.746073457114161,0.8122144746333253
train,2.746221500984734,0.8123346958403462
train,2.7470853816959284,0.8124549170473672
train,2.747520562117171,0.8125751382543881
train,2.747520562117171,0.812695359461409
train,2.747520562117171,0.81281558066843
train,2.7475982270401955,0.8129358018754508
train,2.7480018609040844,0.8130560230824717
train,2.7489628612561616,0.8131762442894926
train,2.7489628612561616,0.8132964654965136
train,2.749241463520759,0.8134166867035345
train,2.749689947134912,0.8135369079105554
train,2.7501225267834,0.8136571291175764
train,2.750477538019339,0.8137773503245973
train,2.7508707984987386,0.8138975715316181
train,2.7509863956075233,0.8140177927386391
train,2.7511173684789423,0.81413801394566
train,2.7512097961423723,0.8142582351526809
train,2.7518946880437474,0.8143784563597019
train,2.752248254177774,0.8144986775667228
train,2.752747368270807,0.8146188987737437
train,2.752747368270807,0.8147391199807646
train,2.752747368270807,0.8148593411877856
train,2.752747368270807,0.8149795623948064
train,2.7531615811324506,0.8150997836018273
train,2.753253574809567,0.8152200048088483
train,2.754440078375566,0.8153402260158692
train,2.754707550504426,0.8154604472228901
train,2.754913773651104,0.8155806684299111
train,2.7568414178701883,0.815700889636932
train,2.757221364774587,0.8158211108439529
train,2.757502311639126,0.8159413320509737
train,2.7581318834411457,0.8160615532579947
train,2.760007594399437,0.8161817744650156
train,2.7603169129063683,0.8163019956720365
train,2.761198392871094,0.8164222168790575
train,2.7613865115258287,0.8165424380860784
train,2.7617098851236026,0.8166626592930993
train,2.7617098851236026,0.8167828805001203
train,2.7625585348503083,0.8169031017071411
train,2.7632332661806163,0.817023322914162
train,2.763495378857957,0.817143544121183
train,2.764011652390398,0.8172637653282039
train,2.764392851801778,0.8173839865352248
train,2.7645646558491124,0.8175042077422457
train,2.765221366304981,0.8176244289492667
train,2.765810068495698,0.8177446501562876
train,2.7658919764300154,0.8178648713633084
train,2.766107841511291,0.8179850925703294
train,2.766107841511291,0.8181053137773503
train,2.766107841511291,0.8182255349843712
train,2.76797913122255,0.8183457561913922
train,2.7687120803776635,0.8184659773984131
train,2.769945672989794,0.818586198605434
train,2.770343810699716,0.818706419812455
train,2.7707783961691477,0.8188266410194759
train,2.7713302082995073,0.8189468622264967
train,2.771910693189461,0.8190670834335176
train,2.771910693189461,0.8191873046405386
train,2.772292361509766,0.8193075258475595
train,2.773288988053014,0.8194277470545804
train,2.773859552376687,0.8195479682616014
train,2.7747577681660247,0.8196681894686223
train,2.7747577681660247,0.8197884106756432
train,2.7747577681660247,0.819908631882664
train,2.7747942417391163,0.820028853089685
train,2.774874472819159,0.8201490742967059
train,2.7759961544243614,0.8202692955037268
train,2.7759961544243614,0.8203895167107478
train,2.7759961544243614,0.8205097379177687
train,2.7768101070710123,0.8206299591247896
train,2.7768101070710123,0.8207501803318106
train,2.7769407787200704,0.8208704015388314
train,2.778158488564691,0.8209906227458523
train,2.7786720913198293,0.8211108439528733
train,2.7790695355277135,0.8212310651598942
train,2.779120093254271,0.8213512863669151
train,2.779120093254271,0.821471507573936
train,2.779120093254271,0.821591728780957
train,2.779120093254271,0.8217119499879779
train,2.779120093254271,0.8218321711949989
train,2.7811950965511025,0.8219523924020197
train,2.7811950965511025,0.8220726136090406
train,2.782171523636886,0.8221928348160615
train,2.782171523636886,0.8223130560230825
train,2.7827162194080803,0.8224332772301034
train,2.783138604803781,0.8225534984371243
train,2.783439035824095,0.8226737196441453
train,2.784674339064312,0.8227939408511662
train,2.7861478160971753,0.822914162058187
train,2.7865384804978026,0.823034383265208
train,2.7866520623695545,0.8231546044722289
train,2.7874675591993214,0.8232748256792498
train,2.787595063696637,0.8233950468862707
train,2.7877225307708997,0.8235152680932917
train,2.7877225307708997,0.8236354893003126
train,2.7877225307708997,0.8237557105073335
train,2.7879136612621043,0.8238759317143544
train,2.788267384653845,0.8239961529213753
train,2.788267384653845,0.8241163741283962
train,2.788783303985784,0.8242365953354172
train,2.7892210012476775,0.8243568165424381
train,2.789841492552024,0.824477037749459
train,2.790088032663043,0.82459725895648
train,2.790088032663043,0.8247174801635009
train,2.790088032663043,0.8248377013705218
train,2.790418880806532,0.8249579225775426
train,2.791353747213654,0.8250781437845636
train,2.7913958742348077,0.8251983649915845
train,2.7926997891726466,0.8253185861986054
train,2.7926997891726466,0.8254388074056264
train,2.7937834024082937,0.8255590286126473
train,2.7939928220680095,0.8256792498196682
train,2.794752864625178,0.8257994710266892
train,2.795184589682424,0.82591969223371
train,2.7952889748486287,0.8260399134407309
train,2.795455938945799,0.8261601346477518
train,2.7957757741587357,0.8262803558547728
train,2.7957757741587357,0.8264005770617937
train,2.7961509325840157,0.8265207982688146
train,2.7961509325840157,0.8266410194758356
train,2.7961509325840157,0.8267612406828565
train,2.7961509325840157,0.8268814618898773
train,2.7961509325840157,0.8270016830968983
train,2.7961509325840157,0.8271219043039192
train,2.7963245073534795,0.8272421255109401
train,2.79658127076655,0.827362346717961
train,2.796622893776157,0.827482567924982
train,2.796740803977907,0.8276027891320029
train,2.797689854784593,0.8277230103390238
train,2.797821311364024,0.8278432315460448
train,2.797821311364024,0.8279634527530656
train,2.797821311364024,0.8280836739600865
train,2.797869732706836,0.8282038951671075
train,2.797869732706836,0.8283241163741284
train,2.798498719373948,0.8284443375811493
train,2.7992095519981124,0.8285645587881703
train,2.8003114557798727,0.8286847799951912
train,2.8003114557798727,0.8288050012022121
train,2.80042836891833,0.8289252224092329
train,2.80042836891833,0.8290454436162539
train,2.8004421213362565,0.8291656648232748
train,2.8004971266535237,0.8292858860302957
train,2.8004971266535237,0.8294061072373167
train,2.8017054844081293,0.8295263284443376
train,2.80188370712524,0.8296465496513585
train,2.802267323210414,0.8297667708583795
train,2.8027395275296914,0.8298869920654003
train,2.8029788553352617,0.8300072132724212
train,2.8029788553352617,0.8301274344794422
train,2.803347845429721,0.8302476556864631
train,2.803955312448294,0.830367876893484
train,2.804425685986428,0.830488098100505
train,2.804425685986428,0.8306083193075259
train,2.8055076545759854,0.8307285405145468
train,2.8055076545759854,0.8308487617215676
train,2.8057658396635694,0.8309689829285886
train,2.8057862161611875,0.8310892041356095
train,2.805894874671691,0.8312094253426304
train,2.8059016649260267,0.8313296465496514
train,2.8060578114809447,0.8314498677566723
train,2.8080285714684927,0.8315700889636932
train,2.8085013060697075,0.8316903101707142
train,2.808973526653267,0.8318105313777351
train,2.8117827205252,0.8319307525847559
train,2.8117827205252,0.8320509737917768
train,2.8121710813273726,0.8321711949987978
train,2.8121911595120985,0.8322914162058187
train,2.8121911595120985,0.8324116374128396
train,2.812351751581685,0.8325318586198606
train,2.812545721136587,0.8326520798268815
train,2.812545721136587,0.8327723010339024
train,2.8129467626258653,0.8328925222409232
train,2.8129467626258653,0.8330127434479442
train,2.8130202467447742,0.8331329646549651
train,2.8130202467447742,0.833253185861986
train,2.8145472354645418,0.833373407069007
train,2.815710539788963,0.8334936282760279
train,2.816725053327053,0.8336138494830488
train,2.8167714123333463,0.8337340706900698
train,2.8178693354010096,0.8338542918970906
train,2.817955200246957,0.8339745131041115
train,2.8195899946353435,0.8340947343111325
train,2.8199056968971496,0.8342149555181534
train,2.8204050899381916,0.8343351767251743
train,2.8205101521820164,0.8344553979321953
train,2.8205101521820164,0.8345756191392162
train,2.8205101521820164,0.8346958403462371
train,2.821303863573278,0.834816061553258
train,2.821624871690066,0.8349362827602789
train,2.8223381011510074,0.8350565039672998
train,2.8228347065948727,0.8351767251743207
train,2.824444763703503,0.8352969463813417
train,2.824451270036613,0.8354171675883626
train,2.8245293384319163,0.8355373887953835
train,2.82482196999201,0.8356576100024045
train,2.8252573008576363,0.8357778312094254
train,2.825659755977656,0.8358980524164462
train,2.827659997921473,0.8360182736234671
train,2.8283376000590046,0.8361384948304881
train,2.8283376000590046,0.836258716037509
train,2.8283376000590046,0.8363789372445299
train,2.828872481261447,0.8364991584515509
train,2.829612494707827,0.8366193796585718
train,2.829946695941636,0.8367396008655927
train,2.830389758607145,0.8368598220726136
train,2.831024668733123,0.8369800432796345
train,2.831024668733123,0.8371002644866554
train,2.8316394539936076,0.8372204856936764
train,2.8321127576981437,0.8373407069006973
train,2.834236264230046,0.8374609281077182
train,2.835519355980416,0.8375811493147391
train,2.8360264650327096,0.8377013705217601
train,2.8360264650327096,0.837821591728781
train,2.8360518049485157,0.8379418129358018
train,2.8364127381908677,0.8380620341428228
train,2.8367986680925994,0.8381822553498437
train,2.8388553848145723,0.8383024765568646
train,2.8397482189318772,0.8384226977638856
train,2.8398173055976907,0.8385429189709065
train,2.8405577266353212,0.8386631401779274
train,2.841434558110041,0.8387833613849484
train,2.8418223043143613,0.8389035825919692
train,2.843083210487105,0.8390238037989901
train,2.8434508052387684,0.839144025006011
train,2.8437371888347927,0.839264246213032
train,2.8437371888347927,0.8393844674200529
train,2.844738046854338,0.8395046886270738
train,2.8469306133932046,0.8396249098340948
train,2.847837843259208,0.8397451310411157
train,2.848552417113001,0.8398653522481365
train,2.8487370295007537,0.8399855734551575
train,2.8506401096887837,0.8401057946621784
train,2.85101360682367,0.8402260158691993
train,2.852010067084306,0.8403462370762202
train,2.852010067084306,0.8404664582832412
train,2.852351882269504,0.8405866794902621
train,2.853071256207316,0.840706900697283
train,2.853071256207316,0.8408271219043039
train,2.853071256207316,0.8409473431113248
train,2.853260046800144,0.8410675643183457
train,2.85369212917781,0.8411877855253667
train,2.8553374044695405,0.8413080067323876
train,2.8559429462323163,0.8414282279394085
train,2.856112346734482,0.8415484491464295
train,2.856142589872209,0.8416686703534504
train,2.856142589872209,0.8417888915604713
train,2.8568315626153273,0.8419091127674921
train,2.8569221356085652,0.8420293339745131
train,2.857724390968307,0.842149555181534
train,2.857784651060246,0.8422697763885549
train,2.858302542985558,0.8423899975955759
train,2.858302542985558,0.8425102188025968
train,2.860128296542201,0.8426304400096177
train,2.8609426026765528,0.8427506612166387
train,2.862131379313037,0.8428708824236595
train,2.86223874654393,0.8429911036306804
train,2.8644458133222925,0.8431113248377013
train,2.8647720539596886,0.8432315460447223
train,2.864807629026147,0.8433517672517432
train,2.865642805284083,0.8434719884587641
train,2.86690141665711,0.8435922096657851
train,2.867744358074665,0.843712430872806
train,2.869026261586819,0.8438326520798268
train,2.869026261586819,0.8439528732868478
train,2.8691143269793753,0.8440730944938687
train,2.8696130271721287,0.8441933157008896
train,2.8709712779631382,0.8443135369079106
train,2.871158289974975,0.8444337581149315
train,2.873006540467324,0.8445539793219524
train,2.8731635995306606,0.8446742005289734
train,2.8731810470320953,0.8447944217359943
train,2.8737041464030453,0.8449146429430151
train,2.8742788289218035,0.845034864150036
train,2.8750265184433315,0.845155085357057
train,2.8750265184433315,0.8452753065640779
train,2.8760965446104314,0.8453955277710988
train,2.877117837448931,0.8455157489781198
train,2.8772100394516977,0.8456359701851407
train,2.8776822677283187,0.8457561913921616
train,2.8781309844649963,0.8458764125991824
train,2.8781309844649963,0.8459966338062034
train,2.8783379282326247,0.8461168550132243
train,2.8788605968384067,0.8462370762202452
train,2.8794915554644502,0.8463572974272662
train,2.879611907065851,0.8464775186342871
train,2.879611907065851,0.846597739841308
train,2.880356199419236,0.846717961048329
train,2.8816984224602864,0.8468381822553498
train,2.8816984224602864,0.8469584034623707
train,2.8817383400187397,0.8470786246693917
train,2.881783955593385,0.8471988458764126
train,2.881903673686305,0.8473190670834335
train,2.882439150567529,0.8474392882904545
train,2.882661122864876,0.8475595094974754
train,2.882740777563016,0.8476797307044963
train,2.882740777563016,0.8477999519115172
train,2.883439973667863,0.8479201731185381
train,2.8836727891093026,0.848040394325559
train,2.8838487374756654,0.8481606155325799
train,2.8838487374756654,0.8482808367396009
train,2.8842457782218074,0.8484010579466218
train,2.8844158274873006,0.8485212791536427
train,2.8845574843640103,0.8486415003606637
train,2.884925576148698,0.8487617215676846
train,2.88550822192751,0.8488819427747054
train,2.886327128909236,0.8490021639817263
train,2.8864568827254677,0.8491223851887473
train,2.886913533398546,0.8492426063957682
train,2.8877466693177873,0.8493628276027891
train,2.8880446338152113,0.8494830488098101
train,2.889912087542895,0.849603270016831
train,2.891046578119591,0.8497234912238519
train,2.891046578119591,0.8498437124308728
train,2.8911637702449444,0.8499639336378937
train,2.891593204348965,0.8500841548449146
train,2.8921113060031844,0.8502043760519356
train,2.892200379489421,0.8503245972589565
train,2.8923506495836557,0.8504448184659774
train,2.8934177400404653,0.8505650396729983
train,2.894604019661542,0.8506852608800193
train,2.8951406604486034,0.8508054820870401
train,2.895179361462261,0.850925703294061
train,2.895814670592694,0.851045924501082
train,2.896024394707995,0.8511661457081029
train,2.8963167356267676,0.8512863669151238
train,2.8963167356267676,0.8514065881221448
train,2.8963884118460372,0.8515268093291657
train,2.8963884118460372,0.8516470305361866
train,2.8983631186407175,0.8517672517432076
train,2.89859355725695,0.8518874729502284
train,2.8991965081307596,0.8520076941572493
train,2.9000009651534695,0.8521279153642702
train,2.9004217534577377,0.8522481365712912
train,2.901338424312919,0.8523683577783121
train,2.9040118835973883,0.852488578985333
train,2.9055638349996507,0.852608800192354
train,2.9062218734125387,0.8527290213993749
train,2.9063835335188437,0.8528492426063957
train,2.906765889540728,0.8529694638134167
train,2.908431398966006,0.8530896850204376
train,2.9091921819837427,0.8532099062274585
train,2.910501675349398,0.8533301274344794
train,2.910736432013105,0.8534503486415004
train,2.9109817238295506,0.8535705698485213
train,2.9119189546367323,0.8536907910555422
train,2.9119242740373203,0.8538110122625631
train,2.912402753481615,0.853931233469584
train,2.915357617414832,0.8540514546766049
train,2.915863960322112,0.8541716758836259
train,2.9163328556321426,0.8542918970906468
train,2.9164118331036253,0.8544121182976677
train,2.918150957388878,0.8545323395046887
train,2.918999598328464,0.8546525607117096
train,2.919553985733423,0.8547727819187305
train,2.9202329300566956,0.8548930031257513
train,2.921842481405858,0.8550132243327723
train,2.9218736758666406,0.8551334455397932
train,2.9221335426076207,0.8552536667468141
train,2.9221335426076207,0.8553738879538351
train,2.922398446589295,0.855494109160856
train,2.922652810068573,0.8556143303678769
train,2.9231714574048664,0.8557345515748979
train,2.923528963276861,0.8558547727819187
train,2.923611821172853,0.8559749939889396
train,2.9240931199597653,0.8560952151959605
train,2.924465372395616,0.8562154364029815
train,2.9253481952408844,0.8563356576100024
train,2.927206059818714,0.8564558788170233
train,2.927929554872506,0.8565761000240443
train,2.927929554872506,0.8566963212310652
train,2.9285699448629416,0.856816542438086
train,2.9288667653964,0.856936763645107
train,2.928892343878047,0.8570569848521279
train,2.930138746756451,0.8571772060591488
train,2.9314070135565733,0.8572974272661698
train,2.9315341452228023,0.8574176484731907
train,2.932214937348537,0.8575378696802116
train,2.9327273673015295,0.8576580908872325
train,2.9332037396995365,0.8577783120942535
train,2.933593570694808,0.8578985333012743
train,2.9344529994427098,0.8580187545082952
train,2.936890570686399,0.8581389757153162
train,2.9372921607115727,0.8582591969223371
train,2.9374827859636956,0.858379418129358
train,2.9374827859636956,0.858499639336379
train,2.9374827859636956,0.8586198605433999
train,2.938884819336736,0.8587400817504208
train,2.9389747954043015,0.8588603029574416
train,2.939199654052523,0.8589805241644626
train,2.939199654052523,0.8591007453714835
train,2.940645957105444,0.8592209665785044
train,2.9409495673175776,0.8593411877855254
train,2.9414667089319173,0.8594614089925463
train,2.9426329872315344,0.8595816301995672
train,2.9434697831698617,0.8597018514065882
train,2.9434697831698617,0.859822072613609
train,2.943899931943058,0.8599422938206299
train,2.9446060337422217,0.8600625150276509
train,2.9446060337422217,0.8601827362346718
train,2.9453405429418,0.8603029574416927
train,2.945631045874084,0.8604231786487136
train,2.946452265013073,0.8605433998557346
train,2.9465603339032698,0.8606636210627555
train,2.9472228957487827,0.8607838422697763
train,2.949380247108695,0.8609040634767973
train,2.949380247108695,0.8610242846838182
train,2.9501944139078504,0.8611445058908391
train,2.950457351197508,0.8612647270978601
train,2.952186816838148,0.861384948304881
train,2.953184438357495,0.8615051695119019
train,2.953184438357495,0.8616253907189229
train,2.9537983369087217,0.8617456119259438
train,2.95562041261558,0.8618658331329646
train,2.957094641619186,0.8619860543399855
train,2.9573725992984494,0.8621062755470065
train,2.9586450968182083,0.8622264967540274
train,2.9588074784637617,0.8623467179610483
train,2.9593371845118734,0.8624669391680693
train,2.9593991799139534,0.8625871603750902
train,2.960917685313442,0.8627073815821111
train,2.960960450242191,0.862827602789132
train,2.9612691830922606,0.8629478239961529
train,2.962203542775508,0.8630680452031738
train,2.963376941516452,0.8631882664101947
train,2.964754472176539,0.8633084876172157
train,2.966075996707568,0.8634287088242366
train,2.966183986362805,0.8635489300312575
train,2.9663576525273996,0.8636691512382785
train,2.9694485298133553,0.8637893724452993
train,2.970086407441639,0.8639095936523202
train,2.970732641060153,0.8640298148593412
train,2.971322245242813,0.8641500360663621
train,2.971535605346295,0.864270257273383
train,2.9722445064263345,0.864390478480404
train,2.9728320630335885,0.8645106996874249
train,2.9731047522149807,0.8646309208944458
train,2.9731047522149807,0.8647511421014668
train,2.9735803928407063,0.8648713633084876
train,2.9736080840118126,0.8649915845155085
train,2.9750179976328828,0.8651118057225294
train,2.9753031095953255,0.8652320269295504
train,2.976524212161707,0.8653522481365713
train,2.976524212161707,0.8654724693435922
train,2.9766937930984723,0.8655926905506132
train,2.977041913951013,0.8657129117576341
train,2.977087698559504,0.8658331329646549
train,2.977087698559504,0.8659533541716758
train,2.977650454794839,0.8660735753786968
train,2.978737298959979,0.8661937965857177
train,2.978992632206038,0.8663140177927386
train,2.979092900638326,0.8664342389997596
train,2.9799169588496692,0.8665544602067805
train,2.980062486180904,0.8666746814138014
train,2.980516945042109,0.8667949026208223
train,2.980516945042109,0.8669151238278432
train,2.9807757739626215,0.8670353450348641
train,2.983238270378447,0.8671555662418851
train,2.984954646823268,0.867275787448906
train,2.985067033150501,0.8673960086559269
train,2.985282733406698,0.8675162298629479
train,2.9853186730361374,0.8676364510699688
train,2.9866239594587665,0.8677566722769897
train,2.9872326476558855,0.8678768934840105
train,2.988072667286663,0.8679971146910315
train,2.988282418567779,0.8681173358980524
train,2.98863475114925,0.8682375571050733
train,2.989271791641693,0.8683577783120943
train,2.989565495461619,0.8684779995191152
train,2.9900634478714996,0.8685982207261361
train,2.9905830212758984,0.8687184419331571
train,2.99158488511345,0.8688386631401779
train,2.991761965668356,0.8689588843471988
train,2.992681622435897,0.8690791055542197
train,2.992681622435897,0.8691993267612407
train,2.9928008582808783,0.8693195479682616
train,2.993228954233357,0.8694397691752825
train,2.993228954233357,0.8695599903823035
train,2.994163120221878,0.8696802115893244
train,2.994875612088368,0.8698004327963452
train,2.995323619138292,0.8699206540033662
train,2.9958106316760427,0.8700408752103871
train,2.996494159926837,0.870161096417408
train,2.9972290661553833,0.870281317624429
train,2.9972290661553833,0.8704015388314499
train,2.997456285328078,0.8705217600384708
train,2.997871090547252,0.8706419812454917
train,2.9979670942312695,0.8707622024525126
train,2.998036901765104,0.8708824236595335
train,2.9992262669953647,0.8710026448665544
train,2.9998914128055594,0.8711228660735754
train,3.0006162607226683,0.8712430872805963
train,3.0011363635555166,0.8713633084876172
train,3.001344230411602,0.8714835296946382
train,3.001344230411602,0.8716037509016591
train,3.001344230411602,0.87172397210868
train,3.003352806825089,0.8718441933157008
train,3.003516538699087,0.8719644145227218
train,3.003813683600254,0.8720846357297427
train,3.0044288591146855,0.8722048569367636
train,3.0044288591146855,0.8723250781437846
train,3.0044288591146855,0.8724452993508055
train,3.0046136716812133,0.8725655205578264
train,3.005999406439051,0.8726857417648474
train,3.0082594149912754,0.8728059629718682
train,3.0085235247960624,0.8729261841788891
train,3.0085235247960624,0.87304640538591
train,3.008961933117199,0.873166626592931
train,3.0091108061322127,0.8732868477999519
train,3.0093148918887422,0.8734070690069728
train,3.009569864291947,0.8735272902139938
train,3.009569864291947,0.8736475114210147
train,3.0101048195826245,0.8737677326280355
train,3.0122380755226144,0.8738879538350565
train,3.014386113474206,0.8740081750420774
train,3.014759880777725,0.8741283962490983
train,3.0156572877163983,0.8742486174561193
train,3.015983919393047,0.8743688386631402
train,3.0163981369103303,0.8744890598701611
train,3.0166030075932144,0.874609281077182
train,3.016958166440612,0.874729502284203
train,3.017166947816033,0.8748497234912238
train,3.0172170404147813,0.8749699446982447
train,3.017992737766433,0.8750901659052657
train,3.018001071073835,0.8752103871122866
train,3.0184341828633845,0.8753306083193075
train,3.0184341828633845,0.8754508295263285
train,3.0190082228732336,0.8755710507333494
train,3.0195815051322588,0.8756912719403703
train,3.0196686774341113,0.8758114931473912
train,3.0212182510703425,0.8759317143544121
train,3.0221106797541677,0.876051935561433
train,3.0229848023723065,0.876172156768454
train,3.0235693172410296,0.8762923779754749
train,3.02379961402202,0.8764125991824958
train,3.024633417623559,0.8765328203895167
train,3.025359124529738,0.8766530415965377
train,3.0260468111580563,0.8767732628035585
train,3.0267334105854924,0.8768934840105794
train,3.0279242089156084,0.8770137052176004
train,3.031323617041906,0.8771339264246213
train,3.031973689091717,0.8772541476316422
train,3.0322963447394726,0.8773743688386632
train,3.033254830339746,0.8774945900456841
train,3.033528295279234,0.877614811252705
train,3.0343917958999485,0.877735032459726
train,3.0343917958999485,0.8778552536667468
train,3.0353656900360853,0.8779754748737677
train,3.036469198915462,0.8780956960807886
train,3.037055794941002,0.8782159172878096
train,3.038890270294055,0.8783361384948305
train,3.0391800526919925,0.8784563597018514
train,3.039802628994254,0.8785765809088724
train,3.039802628994254,0.8786968021158933
train,3.0404757513259137,0.8788170233229141
train,3.0407288920147,0.878937244529935
train,3.0421224759982755,0.879057465736956
train,3.0436058862268274,0.8791776869439769
train,3.0439357182241635,0.8792979081509978
train,3.044437838176074,0.8794181293580188
train,3.045502919397642,0.8795383505650397
train,3.0471034527781424,0.8796585717720606
train,3.047403383953543,0.8797787929790815
train,3.047465681330493,0.8798990141861024
train,3.047683651803772,0.8800192353931233
train,3.0480298442268112,0.8801394566001443
train,3.048775747805154,0.8802596778071652
train,3.048930983265818,0.8803798990141861
train,3.048930983265818,0.880500120221207
train,3.0490628897941248,0.880620341428228
train,3.049148219733418,0.8807405626352488
train,3.049988986185586,0.8808607838422697
train,3.051426524066763,0.8809810050492907
train,3.0516348039871195,0.8811012262563116
train,3.053170673225437,0.8812214474633325
train,3.0541494065144894,0.8813416686703535
train,3.0542835704735483,0.8814618898773744
train,3.054965249385483,0.8815821110843953
train,3.0555732613770585,0.8817023322914163
train,3.055703166121532,0.8818225534984371
train,3.055703166121532,0.881942774705458
train,3.0563444786602543,0.8820629959124789
train,3.0578714135341696,0.8821832171194999
train,3.0578714135341696,0.8823034383265208
train,3.0582475626144356,0.8824236595335417
train,3.0587903145512603,0.8825438807405627
train,3.059237669563227,0.8826641019475836
train,3.0593929986652673,0.8827843231546044
train,3.0593929986652673,0.8829045443616254
train,3.0599986301496913,0.8830247655686463
train,3.0606411895525785,0.8831449867756672
train,3.060965887253864,0.8832652079826881
train,3.0613431377200793,0.8833854291897091
train,3.061708757838485,0.88350565039673
train,3.0621757007062893,0.883625871603751
train,3.0641358928708926,0.8837460928107718
train,3.0652621865465575,0.8838663140177927
train,3.0669108037398196,0.8839865352248136
train,3.0671378371752724,0.8841067564318346
train,3.067253169355136,0.8842269776388555
train,3.06829349404848,0.8843471988458764
train,3.068727464016331,0.8844674200528974
train,3.0693239283190032,0.8845876412599183
train,3.0693239283190032,0.8847078624669392
train,3.0698715092037876,0.88482808367396
train,3.070200465588601,0.884948304880981
train,3.071373806363697,0.8850685260880019
train,3.0715101214960754,0.8851887472950228
train,3.0735863927367912,0.8853089685020438
train,3.0743299631798195,0.8854291897090647
train,3.07505399469838,0.8855494109160856
train,3.0751307151676417,0.8856696321231066
train,3.075784116304216,0.8857898533301274
train,3.075784116304216,0.8859100745371483
train,3.076002913646383,0.8860302957441692
train,3.076513012513419,0.8861505169511902
train,3.076946125978213,0.8862707381582111
train,3.077244322745349,0.886390959365232
train,3.0793585467646354,0.886511180572253
train,3.0795574715910776,0.8866314017792739
train,3.0805290843803204,0.8867516229862947
train,3.0806950163582147,0.8868718441933157
train,3.081743249922721,0.8869920654003366
train,3.0820885046674045,0.8871122866073575
train,3.0825340528727136,0.8872325078143785
train,3.0826345973027607,0.8873527290213994
train,3.0832015193008666,0.8874729502284203
train,3.0832015193008666,0.8875931714354413
train,3.0832015193008666,0.8877133926424622
train,3.083753377570011,0.887833613849483
train,3.084469031488076,0.8879538350565039
train,3.0845834267558536,0.8880740562635249
train,3.0846977918992993,0.8881942774705458
train,3.085857609893293,0.8883144986775667
train,3.0859181921338767,0.8884347198845877
train,3.0860785161075728,0.8885549410916086
train,3.086441698147186,0.8886751622986295
train,3.0881892643611164,0.8887953835056503
train,3.0897108712889345,0.8889156047126713
train,3.0898097680394434,0.8890358259196922
train,3.0898097680394434,0.8891560471267131
train,3.0911215493148423,0.8892762683337341
train,3.091297562319563,0.889396489540755
train,3.0916564078040207,0.8895167107477759
train,3.091828688984968,0.8896369319547969
train,3.0950263072042397,0.8897571531618177
train,3.095633048907243,0.8898773743688386
train,3.0968092449987137,0.8899975955758596
train,3.097180928247997,0.8901178167828805
train,3.099266172031917,0.8902380379899014
train,3.0999946833243097,0.8903582591969224
train,3.101338012345634,0.8904784804039433
train,3.101338012345634,0.8905987016109642
train,3.101461802727619,0.890718922817985
train,3.10240969189443,0.890839144025006
train,3.102591477542588,0.8909593652320269
train,3.1027149112053,0.8910795864390478
train,3.1027354800721105,0.8911998076460688
train,3.105275091195767,0.8913200288530897
train,3.105908531081236,0.8914402500601106
train,3.108426325000487,0.8915604712671316
train,3.1084466251429896,0.8916806924741525
train,3.1094401715306197,0.8918009136811733
train,3.1095313017336887,0.8919211348881942
train,3.110401138428078,0.8920413560952152
train,3.110522372601323,0.8921615773022361
train,3.1109363341975427,0.892281798509257
train,3.11156157636902,0.892402019716278
train,3.1118637900556654,0.8925222409232989
train,3.112785919879996,0.8926424621303198
train,3.1133850922824013,0.8927626833373407
train,3.114237236806436,0.8928829045443616
train,3.114504232069919,0.8930031257513825
train,3.114911084081891,0.8931233469584035
train,3.1152909131082045,0.8932435681654244
train,3.115989729748265,0.8933637893724453
train,3.1165247286994737,0.8934840105794662
train,3.1168268281368463,0.8936042317864872
train,3.117078970023662,0.893724452993508
train,3.1178510728703768,0.8938446742005289
train,3.118843179485495,0.8939648954075499
train,3.1205541900989164,0.8940851166145708
train,3.121431801997481,0.8942053378215917
train,3.1215401478459976,0.8943255590286127
train,3.1218847049214906,0.8944457802356336
train,3.1220093344312674,0.8945660014426545
train,3.1250776886113742,0.8946862226496755
train,3.1254715061643763,0.8948064438566963
train,3.1262840493993767,0.8949266650637172
train,3.126738410452249,0.8950468862707381
train,3.1279854578414263,0.8951671074777591
train,3.1282764597610173,0.89528732868478
train,3.128499429257318,0.8954075498918009
train,3.1289998857499857,0.8955277710988219
train,3.131448633967737,0.8956479923058428
train,3.132054664397104,0.8957682135128636
train,3.1325926490770173,0.8958884347198846
train,3.1326726493870627,0.8960086559269055
train,3.133443097549098,0.8961288771339264
train,3.1336251200407492,0.8962490983409473
train,3.1346487719414977,0.8963693195479683
train,3.1351453777685325,0.8964895407549892
train,3.136365378285887,0.8966097619620101
train,3.1379235120404148,0.896729983169031
train,3.13818265837593,0.8968502043760519
train,3.140137068801851,0.8969704255830728
train,3.140137068801851,0.8970906467900938
train,3.14057088863295,0.8972108679971147
train,3.140614875138856,0.8973310892041356
train,3.140847301261672,0.8974513104111566
train,3.142392595030345,0.8975715316181775
train,3.1432147171605096,0.8976917528251984
train,3.1432397003044117,0.8978119740322192
train,3.143720345921985,0.8979321952392402
train,3.1448200825409924,0.8980524164462611
train,3.1452896590541464,0.898172637653282
train,3.145746309243317,0.898292858860303
train,3.147196944857241,0.8984130800673239
train,3.1473702010483113,0.8985333012743448
train,3.147960609057186,0.8986535224813658
train,3.148334222292295,0.8987737436883866
train,3.148334222292295,0.8988939648954075
train,3.1489233220892694,0.8990141861024284
train,3.149009615150009,0.8991344073094494
train,3.149570102493756,0.8992546285164703
train,3.149767025164735,0.8993748497234912
train,3.149767025164735,0.8994950709305122
train,3.1508607807695688,0.8996152921375331
train,3.1515874027227397,0.8997355133445539
train,3.1520313617716904,0.8998557345515749
train,3.1528690542170126,0.8999759557585958
train,3.1555698254026736,0.9000961769656167
train,3.1556335639132795,0.9002163981726377
train,3.157529295602982,0.9003366193796586
train,3.158066829954171,0.9004568405866795
train,3.1581302030742004,0.9005770617937005
train,3.1591940931555524,0.9006972830007214
train,3.159329529434128,0.9008175042077422
train,3.159329529434128,0.9009377254147631
train,3.159374665476105,0.9010579466217841
train,3.1601502720667107,0.901178167828805
train,3.1610474045546315,0.9012983890358259
train,3.1610474045546315,0.9014186102428469
train,3.1611373156327196,0.9015388314498678
train,3.1611582922061823,0.9016590526568887
train,3.1611582922061823,0.9017792738639095
train,3.1612781389077096,0.9018994950709305
train,3.1612781389077096,0.9020197162779514
train,3.1614189165344873,0.9021399374849723
train,3.1616853704874783,0.9022601586919933
train,3.162662962862666,0.9023803798990142
train,3.1629346236176357,0.9025006011060351
train,3.1629346236176357,0.9026208223130561
train,3.1645580560611446,0.9027410435200769
train,3.1647245241698965,0.9028612647270978
train,3.1654787759143534,0.9029814859341188
train,3.1665100379882625,0.9031017071411397
train,3.1665100379882625,0.9032219283481606
train,3.166578109919652,0.9033421495551816
train,3.1667083047616305,0.9034623707622025
train,3.1681378779208536,0.9035825919692234
train,3.168412030476323,0.9037028131762442
train,3.1690716453651393,0.9038230343832652
train,3.169127548777078,0.9039432555902861
train,3.169853639052174,0.904063476797307
train,3.170783728691596,0.904183698004328
train,3.1709654063108412,0.9043039192113489
train,3.171023995785723,0.9044241404183698
train,3.1710972215158706,0.9045443616253908
train,3.171111865180439,0.9046645828324117
train,3.1712260688214187,0.9047848040394325
train,3.171586052946633,0.9049050252464534
train,3.172856779184419,0.9050252464534744
train,3.1730580014376693,0.9051454676604953
train,3.1735708421940703,0.9052656888675162
train,3.173742624958164,0.9053859100745372
train,3.1750622105936097,0.9055061312815581
train,3.1752101957930403,0.905626352488579
train,3.1752885204888224,0.9057465736955999
train,3.1770601019263083,0.9058667949026208
train,3.178404221461089,0.9059870161096417
train,3.1795776412578656,0.9061072373166627
train,3.1808280954366084,0.9062274585236836
train,3.181125837830242,0.9063476797307045
train,3.181248883236607,0.9064679009377254
train,3.181414796254284,0.9065881221447464
train,3.1814405356978845,0.9067083433517672
train,3.181706420659776,0.9068285645587881
train,3.181932152130567,0.9069487857658091
train,3.181972142940437,0.90706900697283
train,3.1832071868444856,0.9071892281798509
train,3.183824816310111,0.9073094493868719
train,3.185091478679716,0.9074296705938928
train,3.1852247461196885,0.9075498918009137
train,3.186065938539308,0.9076701130079347
train,3.188430657292527,0.9077903342149555
train,3.188430657292527,0.9079105554219764
train,3.189770956346874,0.9080307766289973
train,3.1901187015563717,0.9081509978360183
train,3.190737783739713,0.9082712190430392
train,3.1912916880392244,0.9083914402500601
train,3.1918504710552704,0.9085116614570811
train,3.193452978975292,0.908631882664102
train,3.193452978975292,0.9087521038711228
train,3.1947806644900334,0.9088723250781438
train,3.1957336482732113,0.9089925462851647
train,3.1961706561125847,0.9091127674921856
train,3.197421164051457,0.9092329886992065
train,3.198882421825215,0.9093532099062275
train,3.1992970621157415,0.9094734311132484
train,3.1992970621157415,0.9095936523202693
train,3.199417810005709,0.9097138735272902
train,3.200442813865446,0.9098340947343111
train,3.200721941026282,0.909954315941332
train,3.2007547677245185,0.910074537148353
train,3.200929801555246,0.9101947583553739
train,3.2023684199769007,0.9103149795623948
train,3.202945801696211,0.9104352007694158
train,3.2061752960032477,0.9105554219764367
train,3.208470917556863,0.9106756431834576
train,3.208470917556863,0.9107958643904784
train,3.2088711382469257,0.9109160855974994
train,3.210594047512372,0.9110363068045203
train,3.2114142450779757,0.9111565280115412
train,3.211553017772715,0.9112767492185622
train,3.2129516100091515,0.9113969704255831
train,3.2136877227962497,0.911517191632604
train,3.216427192384142,0.911637412839625
train,3.2176313161218246,0.9117576340466458
train,3.218081017517543,0.9118778552536667
train,3.218451473971279,0.9119980764606876
train,3.220278109823045,0.9121182976677086
train,3.22077471526691,0.9122385188747295
train,3.2233375620368303,0.9123587400817504
train,3.2235167076855804,0.9124789612887714
train,3.223664641852411,0.9125991824957923
train,3.2251205294214755,0.9127194037028131
train,3.227037844930226,0.9128396249098341
train,3.22911076772583,0.912959846116855
train,3.2294232872145496,0.9130800673238759
train,3.2294386512249487,0.9132002885308969
train,3.230252166962253,0.9133205097379178
train,3.2303390565258283,0.9134407309449387
train,3.230392714926002,0.9135609521519596
train,3.230392714926002,0.9136811733589805
train,3.2305536503600396,0.9138013945660014
train,3.2307502682691807,0.9139216157730223
train,3.2318415378841405,0.9140418369800433
train,3.2325819363506345,0.9141620581870642
train,3.2330900703783136,0.9142822793940851
train,3.235250611584401,0.9144025006011061
train,3.235485520331536,0.914522721808127
train,3.235790964213324,0.9146429430151479
train,3.2370005304649223,0.9147631642221687
train,3.2370005304649223,0.9148833854291897
train,3.2370005304649223,0.9150036066362106
train,3.238510273943824,0.9151238278432315
train,3.2390165323563824,0.9152440490502525
train,3.2411553398693993,0.9153642702572734
train,3.242079061127842,0.9154844914642943
train,3.2453028726552073,0.9156047126713153
train,3.246397627602044,0.9157249338783361
train,3.2474675219264437,0.915845155085357
train,3.247590329567251,0.915965376292378
train,3.248904650561679,0.9160855974993989
train,3.250153976475098,0.9162058187064198
train,3.253345275820191,0.9163260399134407
train,3.2543063323312857,0.9164462611204617
train,3.25478968739721,0.9165664823274826
train,3.256241347973933,0.9166867035345034
train,3.256241347973933,0.9168069247415244
train,3.2567682424000663,0.9169271459485453
train,3.2572632772208907,0.9170473671555662
train,3.2579640116742508,0.9171675883625872
train,3.2585630584713328,0.9172878095696081
train,3.260562674085867,0.917408030776629
train,3.262389382305593,0.91752825198365
train,3.263709430941539,0.9176484731906709
train,3.266132875218769,0.9177686943976917
train,3.266431623746848,0.9178889156047126
train,3.2664786520348175,0.9180091368117336
train,3.2665374302343064,0.9181293580187545
train,3.267389994555938,0.9182495792257754
train,3.26879085503188,0.9183698004327964
train,3.269024672278688,0.9184900216398173
train,3.269459237816195,0.9186102428468382
train,3.2698210438923088,0.918730464053859
train,3.2706881506717767,0.91885068526088
train,3.270846467074314,0.9189709064679009
train,3.2709418946709734,0.9190911276749218
train,3.2712629360206043,0.9192113488819428
train,3.273128646431102,0.9193315700889637
train,3.2739106006540024,0.9194517912959846
train,3.274990987426498,0.9195720125030056
train,3.2755900429951916,0.9196922337100264
train,3.275792613239277,0.9198124549170473
train,3.2757972160105338,0.9199326761240683
train,3.2788290244973046,0.9200528973310892
train,3.279326948193414,0.9201731185381101
train,3.280944680262129,0.9202933397451311
train,3.280944680262129,0.920413560952152
train,3.281297047184963,0.9205337821591729
train,3.2815469407060904,0.9206540033661939
train,3.2820213426218503,0.9207742245732147
train,3.282690072268218,0.9208944457802356
train,3.283690110016495,0.9210146669872565
train,3.283690110016495,0.9211348881942775
train,3.2849087586176777,0.9212551094012984
train,3.285289448994014,0.9213753306083193
train,3.2886917925170467,0.9214955518153403
train,3.292335832405933,0.9216157730223612
train,3.292335832405933,0.921735994229382
train,3.292918087192527,0.921856215436403
train,3.293437693312286,0.9219764366434239
train,3.2936674483669264,0.9220966578504448
train,3.2964896822850456,0.9222168790574657
train,3.2971167971091493,0.9223371002644867
train,3.2974584784483976,0.9224573214715076
train,3.2976335954281812,0.9225775426785285
train,3.298510306838804,0.9226977638855494
train,3.300780204515047,0.9228179850925703
train,3.300780204515047,0.9229382062995912
train,3.302214004162333,0.9230584275066122
train,3.303863191495525,0.9231786487136331
train,3.3050222989872156,0.923298869920654
train,3.3054588547786667,0.923419091127675
train,3.3059808550200844,0.9235393123346959
train,3.3059808550200844,0.9236595335417167
train,3.30701869356292,0.9237797547487376
train,3.307175012040345,0.9238999759557586
train,3.308079696740674,0.9240201971627795
train,3.3087628418688717,0.9241404183698004
train,3.3087628418688717,0.9242606395768214
train,3.3102917494552404,0.9243808607838423
train,3.310597735804306,0.9245010819908632
train,3.311134815246606,0.9246213031978842
train,3.312397410943922,0.924741524404905
train,3.312720942432082,0.9248617456119259
train,3.313145608025981,0.9249819668189468
train,3.3146423552572477,0.9251021880259678
train,3.3148506474540462,0.9252224092329887
train,3.3148506474540462,0.9253426304400096
train,3.315056737345508,0.9254628516470306
train,3.3151366234468465,0.9255830728540515
train,3.315976639534235,0.9257032940610723
train,3.3162954201165884,0.9258235152680933
train,3.3165092075457587,0.9259437364751142
train,3.3166160618083653,0.9260639576821351
train,3.317005542953818,0.926184178889156
train,3.3171771388194764,0.926304400096177
train,3.31743022357961,0.9264246213031979
train,3.3176330032571957,0.9265448425102188
train,3.317777190986629,0.9266650637172397
train,3.317783458932554,0.9267852849242606
train,3.3193330412238806,0.9269055061312815
train,3.319447528366078,0.9270257273383025
train,3.320356109782968,0.9271459485453234
train,3.3216460614874563,0.9272661697523443
train,3.3226389099517304,0.9273863909593653
train,3.3229404517201924,0.9275066121663862
train,3.323186074139078,0.9276268333734071
train,3.323186074139078,0.9277470545804279
train,3.325661361549437,0.9278672757874489
train,3.32604691802931,0.9279874969944698
train,3.32611046097083,0.9281077182014907
train,3.3274202422209713,0.9282279394085117
train,3.328122620827372,0.9283481606155326
train,3.328122620827372,0.9284683818225535
train,3.3305679813915545,0.9285886030295745
train,3.330780941934002,0.9287088242365953
train,3.3320079921154213,0.9288290454436162
train,3.334546229943666,0.9289492666506372
train,3.335822835522121,0.9290694878576581
train,3.337297493911255,0.929189709064679
train,3.33912336048452,0.9293099302717
train,3.3411396186520284,0.9294301514787209
train,3.342426628935914,0.9295503726857418
train,3.342600310415772,0.9296705938927626
train,3.342600310415772,0.9297908150997836
train,3.3430361817628267,0.9299110363068045
train,3.3432628197194867,0.9300312575138254
train,3.3445592779101654,0.9301514787208464
train,3.3449676764240728,0.9302716999278673
train,3.3452168464313448,0.9303919211348882
train,3.3452756846207774,0.9305121423419092
train,3.3472421715945413,0.9306323635489301
train,3.3473202557807324,0.9307525847559509
train,3.3474100352423433,0.9308728059629718
train,3.34885760367749,0.9309930271699928
train,3.348882888354923,0.9311132483770137
train,3.349805743469135,0.9312334695840346
train,3.3500715503534035,0.9313536907910556
train,3.351635928346679,0.9314739119980765
train,3.354114204080137,0.9315941332050974
train,3.3543063247283857,0.9317143544121183
train,3.354333214838282,0.9318345756191392
train,3.3550758759408525,0.9319547968261601
train,3.3550758759408525,0.932075018033181
train,3.356582239386558,0.932195239240202
train,3.357252392544916,0.9323154604472229
train,3.3604229943292485,0.9324356816542438
train,3.360737271081992,0.9325559028612648
train,3.360979449765986,0.9326761240682856
train,3.360979449765986,0.9327963452753065
train,3.362318452375532,0.9329165664823275
train,3.362957224759148,0.9330367876893484
train,3.3635781374451303,0.9331570088963693
train,3.36447031977168,0.9332772301033903
train,3.3645791344735723,0.9333974513104112
train,3.3654168446235966,0.9335176725174321
train,3.36679638328673,0.9336378937244529
train,3.3701835891851974,0.9337581149314739
train,3.3701835891851974,0.9338783361384948
train,3.371385612602337,0.9339985573455157
train,3.371701285257513,0.9341187785525367
train,3.372129199790205,0.9342389997595576
train,3.374067968390743,0.9343592209665785
train,3.375087220007504,0.9344794421735995
train,3.375348979380976,0.9345996633806204
train,3.376814111968198,0.9347198845876412
train,3.376814111968198,0.9348401057946621
train,3.3779088172253786,0.9349603270016831
train,3.3782743184093302,0.935080548208704
train,3.378861022518764,0.9352007694157249
train,3.3790025846552503,0.9353209906227459
train,3.3800917943043114,0.9354412118297668
train,3.380889297246536,0.9355614330367877
train,3.3811782790504847,0.9356816542438086
train,3.381432784968682,0.9358018754508295
train,3.3833449246862397,0.9359220966578504
train,3.384313979913879,0.9360423178648714
train,3.385411422904138,0.9361625390718923
train,3.387823903818048,0.9362827602789132
train,3.3907355682771105,0.9364029814859341
train,3.393559410455829,0.9365232026929551
train,3.3946320156852225,0.9366434238999759
train,3.3947545306322877,0.9367636451069968
train,3.3947580305515532,0.9368838663140178
train,3.396119108574811,0.9370040875210387
train,3.397136689974174,0.9371243087280596
train,3.398368879792694,0.9372445299350806
train,3.3986429964662266,0.9373647511421015
train,3.3993725523790803,0.9374849723491224
train,3.400784854051037,0.9376051935561434
train,3.400784854051037,0.9377254147631642
train,3.401024678988291,0.9378456359701851
train,3.4014091576500656,0.937965857177206
train,3.4044967512328608,0.938086078384227
train,3.4058669281907217,0.9382062995912479
train,3.4084061868543905,0.9383265207982688
train,3.4085164007550204,0.9384467420052898
train,3.410091941297479,0.9385669632123107
train,3.4107991583704274,0.9386871844193315
train,3.4113283953176596,0.9388074056263525
train,3.411947827808655,0.9389276268333734
train,3.4122504896353445,0.9390478480403943
train,3.412588212921542,0.9391680692474152
train,3.413571322815241,0.9392882904544362
train,3.414415087946382,0.9394085116614571
train,3.4152555476790822,0.939528732868478
train,3.4153623683561047,0.9396489540754989
train,3.41577271592058,0.9397691752825198
train,3.4166538188425317,0.9398893964895407
train,3.417224166165742,0.9400096176965617
train,3.4192682597450497,0.9401298389035826
train,3.420086182376411,0.9402500601106035
train,3.4209239872289245,0.9403702813176245
train,3.421839106025589,0.9404905025246454
train,3.42220067161439,0.9406107237316663
train,3.4224749319312715,0.9407309449386871
train,3.4224749319312715,0.9408511661457081
train,3.4241250443487727,0.940971387352729
train,3.4245419050937653,0.9410916085597499
train,3.426296500889029,0.9412118297667709
train,3.42800675551446,0.9413320509737918
train,3.4292644338607965,0.9414522721808127
train,3.4308197512246785,0.9415724933878337
train,3.4311175941978305,0.9416927145948545
train,3.4314136247371905,0.9418129358018754
train,3.43173998970244,0.9419331570088963
train,3.4319697449695754,0.9420533782159173
train,3.432048444346877,0.9421735994229382
train,3.4322780365329733,0.9422938206299591
train,3.4327095980947755,0.9424140418369801
train,3.434207906419154,0.942534263044001
train,3.4342574415518716,0.9426544842510218
train,3.436175373432514,0.9427747054580428
train,3.436175373432514,0.9428949266650637
train,3.437057357732076,0.9430151478720846
train,3.4373636465270256,0.9431353690791056
train,3.4381117962764782,0.9432555902861265
train,3.4400932273037386,0.9433758114931474
train,3.4403674498845143,0.9434960327001684
train,3.4418772969256533,0.9436162539071892
train,3.444277502906138,0.9437364751142101
train,3.4494598853512493,0.943856696321231
train,3.4516375528883714,0.943976917528252
train,3.451844746769603,0.9440971387352729
train,3.4526173983867205,0.9442173599422938
train,3.452787381154928,0.9443375811493148
train,3.4529726019255533,0.9444578023563357
train,3.4585472041965932,0.9445780235633566
train,3.4594543100037867,0.9446982447703774
train,3.459939535081059,0.9448184659773984
train,3.4603595250981094,0.9449386871844193
train,3.461264358828911,0.9450589083914402
train,3.4620774002186123,0.9451791295984612
train,3.4673342731771206,0.9452993508054821
train,3.4673342731771206,0.945419572012503
train,3.4674008969525465,0.945539793219524
train,3.467420141918368,0.9456600144265448
train,3.4675385537091454,0.9457802356335657
train,3.467835920949778,0.9459004568405867
train,3.468428568379947,0.9460206780476076
train,3.4691265883165117,0.9461408992546285
train,3.469443499611154,0.9462611204616495
train,3.469662990920798,0.9463813416686704
train,3.470657412890231,0.9465015628756913
train,3.471177253512895,0.9466217840827121
train,3.4713078500810224,0.9467420052897331
train,3.473413973260984,0.946862226496754
train,3.476524413706483,0.9469824477037749
train,3.47953788179214,0.9471026689107959
train,3.482410470286949,0.9472228901178168
train,3.483266271096026,0.9473431113248377
train,3.4832805439526697,0.9474633325318587
train,3.4841275112849908,0.9475835537388796
train,3.484982781930561,0.9477037749459004
train,3.4854303800620365,0.9478239961529213
train,3.485474404478957,0.9479442173599423
train,3.4874876510709196,0.9480644385669632
train,3.4880131560329115,0.9481846597739841
train,3.4880428026829353,0.9483048809810051
train,3.488133141897886,0.948425102188026
train,3.4883885308131832,0.9485453233950469
train,3.4883955836243876,0.9486655446020678
train,3.4909257797056967,0.9487857658090887
train,3.4920588071156224,0.9489059870161096
train,3.495122325793498,0.9490262082231306
train,3.495477731368428,0.9491464294301515
train,3.4959756427445785,0.9492666506371724
train,3.4963248108878893,0.9493868718441933
train,3.49758060170281,0.9495070930512143
train,3.5008509701271726,0.9496273142582351
train,3.5012551300644827,0.949747535465256
train,3.5033943276568156,0.949867756672277
train,3.5066605929071275,0.9499879778792979
train,3.507492908835779,0.9501081990863188
train,3.5080958811955227,0.9502284202933398
train,3.510416311292675,0.9503486415003607
train,3.5104391045044037,0.9504688627073816
train,3.517011052455844,0.9505890839144026
train,3.5170916019501957,0.9507093051214234
train,3.5173437177205993,0.9508295263284443
train,3.5224664041301748,0.9509497475354652
train,3.5242883465735955,0.9510699687424862
train,3.5264685124694775,0.9511901899495071
train,3.527489409014524,0.951310411156528
train,3.5285464927976573,0.951430632363549
train,3.5342736595350823,0.9515508535705699
train,3.5361239307975123,0.9516710747775907
train,3.544494684155256,0.9517912959846117
train,3.5464785015994127,0.9519115171916326
train,3.549971370443728,0.9520317383986535
train,3.5503861384399515,0.9521519596056744
train,3.5518011952908255,0.9522721808126954
train,3.5536087765141637,0.9523924020197163
train,3.5550896096156297,0.9525126232267372
train,3.5581695670699554,0.9526328444337581
train,3.558318490134899,0.952753065640779
train,3.558318490134899,0.9528732868477999
train,3.561200401047221,0.9529935080548209
train,3.5619702959138886,0.9531137292618418
train,3.562339266045459,0.9532339504688627
train,3.56429432899847,0.9533541716758837
train,3.564437614981532,0.9534743928829046
train,3.564492074938988,0.9535946140899254
train,3.566543548452964,0.9537148352969463
train,3.568699117129497,0.9538350565039673
train,3.570107259479396,0.9539552777109882
train,3.5715329826283218,0.9540754989180091
train,3.572777533582965,0.9541957201250301
train,3.572777533582965,0.954315941332051
train,3.574158642095083,0.9544361625390719
train,3.575279083385846,0.9545563837460929
train,3.5758065047171317,0.9546766049531137
train,3.5768306637209446,0.9547968261601346
train,3.577100988801015,0.9549170473671555
train,3.577100988801015,0.9550372685741765
train,3.578459267065296,0.9551574897811974
train,3.580336398668192,0.9552777109882183
train,3.5810264131955547,0.9553979321952393
train,3.582689341560505,0.9555181534022602
train,3.585977063678932,0.955638374609281
train,3.5881170144219077,0.955758595816302
train,3.5895910766989445,0.9558788170233229
train,3.59866249683029,0.9559990382303438
train,3.598960034488936,0.9561192594373648
train,3.5999769044626233,0.9562394806443857
train,3.600750793604915,0.9563597018514066
train,3.6015048254395685,0.9564799230584276
train,3.6045327597651617,0.9566001442654484
train,3.607669436688243,0.9567203654724693
train,3.612584671140532,0.9568405866794902
train,3.613344899234744,0.9569608078865112
train,3.613669549268536,0.9570810290935321
train,3.619224851826989,0.957201250300553
train,3.62184175912403,0.957321471507574
train,3.62318207295517,0.9574416927145949
train,3.6232534265161274,0.9575619139216158
train,3.624403805024167,0.9576821351286366
train,3.6267231580648143,0.9578023563356576
train,3.627267514633169,0.9579225775426785
train,3.627813236198701,0.9580427987496994
train,3.629961800967035,0.9581630199567204
train,3.630592611238791,0.9582832411637413
train,3.630842646801704,0.9584034623707622
train,3.6344329315698514,0.9585236835777832
train,3.634439985739381,0.958643904784804
train,3.6366814302110497,0.9587641259918249
train,3.636854835475705,0.9588843471988459
train,3.637610794738788,0.9590045684058668
train,3.6389103682908,0.9591247896128877
train,3.640266721182534,0.9592450108199087
train,3.641736789125779,0.9593652320269296
train,3.6420458525239106,0.9594854532339505
train,3.646083033818457,0.9596056744409713
train,3.651239235973929,0.9597258956479923
train,3.652152507783234,0.9598461168550132
train,3.6628494015158433,0.9599663380620341
train,3.6644802600598414,0.9600865592690551
train,3.6652375468733767,0.960206780476076
train,3.665610068076808,0.9603270016830969
train,3.6667182339894855,0.9604472228901179
train,3.6705250851662745,0.9605674440971388
train,3.670739257868032,0.9606876653041596
train,3.671729013056465,0.9608078865111805
train,3.6724987022661577,0.9609281077182015
train,3.672548551035872,0.9610483289252224
train,3.673041192172353,0.9611685501322433
train,3.6744303053051985,0.9612887713392643
train,3.6764283804419233,0.9614089925462852
train,3.677192533008266,0.9615292137533061
train,3.67734684558539,0.961649434960327
train,3.6775312182980815,0.9617696561673479
train,3.681257523113303,0.9618898773743688
train,3.6854542031729447,0.9620100985813897
train,3.6879781834618393,0.9621303197884107
train,3.6879781834618393,0.9622505409954316
train,3.6889081286738215,0.9623707622024525
train,3.68948023396702,0.9624909834094735
train,3.69121414838279,0.9626112046164943
train,3.692933241041125,0.9627314258235152
train,3.6934340970455266,0.9628516470305362
train,3.6954413973115625,0.9629718682375571
train,3.696228790525117,0.963092089444578
train,3.6972494000738263,0.963212310651599
train,3.7019218383511663,0.9633325318586199
train,3.7024882662002545,0.9634527530656408
train,3.703041909651051,0.9635729742726616
train,3.704431086854274,0.9636931954796826
train,3.712939975909229,0.9638134166867035
train,3.713569498549465,0.9639336378937244
train,3.715034287709269,0.9640538591007454
train,3.716410721178238,0.9641740803077663
train,3.717638886544346,0.9642943015147872
train,3.7182765945890615,0.9644145227218082
train,3.719201144902959,0.9645347439288291
train,3.721622682446409,0.9646549651358499
train,3.7218501696448794,0.9647751863428708
train,3.722440585560276,0.9648954075498918
train,3.7265528043705225,0.9650156287569127
train,3.7319600531022994,0.9651358499639336
train,3.7352610724452897,0.9652560711709546
train,3.736437140776296,0.9653762923779755
train,3.737435175368092,0.9654965135849964
train,3.739068143714246,0.9656167347920173
train,3.7406500184093647,0.9657369559990382
train,3.7422929779105942,0.9658571772060591
train,3.7452044356900975,0.9659773984130801
train,3.7461989080782545,0.966097619620101
train,3.757221364774587,0.9662178408271219
train,3.7580666930669553,0.9663380620341429
train,3.7609130494970375,0.9664582832411638
train,3.7633463684815,0.9665785044481846
train,3.764357735653401,0.9666987256552055
train,3.764496689329628,0.9668189468622265
train,3.765669299688876,0.9669391680692474
train,3.7658904873327192,0.9670593892762683
train,3.76643515618744,0.9671796104832893
train,3.770969770450323,0.9672998316903102
train,3.776942230406451,0.9674200528973311
train,3.778165726625105,0.9675402741043521
train,3.778434173445262,0.9676604953113729
train,3.7798546826412847,0.9677807165183938
train,3.78515679470766,0.9679009377254147
train,3.786439782128044,0.9680211589324357
train,3.786939433792552,0.9681413801394566
train,3.7916527606113544,0.9682616013464775
train,3.7931076848595286,0.9683818225534985
train,3.793432048685929,0.9685020437605194
train,3.7961523214574786,0.9686222649675402
train,3.798787333483442,0.9687424861745612
train,3.80086960430388,0.9688627073815821
train,3.805301675896069,0.968982928588603
train,3.806060526576593,0.969103149795624
train,3.807296168077007,0.9692233710026449
train,3.807572908801472,0.9693435922096658
train,3.8097825279702384,0.9694638134166867
train,3.810446923172971,0.9695840346237076
train,3.815076094280389,0.9697042558307285
train,3.8181361213430383,0.9698244770377494
train,3.8193030327090343,0.9699446982447704
train,3.8241792221603914,0.9700649194517913
train,3.825223529599565,0.9701851406588122
train,3.827560527314376,0.9703053618658332
train,3.827900829107264,0.9704255830728541
train,3.8345561214024806,0.970545804279875
train,3.850069447388711,0.9706660254868958
train,3.853251522542606,0.9707862466939168
train,3.8535698508820246,0.9709064679009377
train,3.8548705612744847,0.9710266891079586
train,3.8640528129400415,0.9711469103149796
train,3.865026944232162,0.9712671315220005
train,3.865246741036395,0.9713873527290214
train,3.866283202926576,0.9715075739360424
train,3.86730481794473,0.9716277951430632
train,3.869053857330963,0.9717480163500841
train,3.871488870413783,0.971868237557105
train,3.8727458133867,0.971988458764126
train,3.875436910376875,0.9721086799711469
train,3.877034838906705,0.9722289011781678
train,3.878874372994915,0.9723491223851888
train,3.879259928065933,0.9724693435922097
train,3.879320140138438,0.9725895647992305
train,3.88055922695677,0.9727097860062515
train,3.885847832142873,0.9728300072132724
train,3.8868030792390655,0.9729502284202933
train,3.889933351553898,0.9730704496273143
train,3.891724180878651,0.9731906708343352
train,3.899334520920847,0.9733108920413561
train,3.8995704649998113,0.9734311132483771
train,3.906156114420503,0.973551334455398
train,3.907510248258951,0.9736715556624188
train,3.912602495543139,0.9737917768694397
train,3.917303807241915,0.9739119980764607
train,3.9178000157251014,0.9740322192834816
train,3.925417815410016,0.9741524404905025
train,3.939979759883277,0.9742726616975235
train,3.940171701569832,0.9743928829045444
train,3.9426384390487073,0.9745131041115653
train,3.94496358433021,0.9746333253185862
train,3.950884528205934,0.9747535465256071
train,3.968278361681767,0.974873767732628
train,3.968889967216088,0.974993988939649
train,3.9694056606465016,0.9751142101466699
train,3.972643391341768,0.9752344313536908
train,3.9727229394016934,0.9753546525607117
train,3.975306327533033,0.9754748737677327
train,3.9786602135371223,0.9755950949747535
train,3.979206813945708,0.9757153161817744
train,3.979760462561661,0.9758355373887954
train,3.982772644082805,0.9759557585958163
train,3.985944892696665,0.9760759798028372
train,3.9891404506762047,0.9761962010098582
train,3.9892468621736543,0.9763164222168791
train,3.9986816544618566,0.9764366434239
train,3.999401564380871,0.9765568646309208
train,4.0041699893243825,0.9766770858379418
train,4.0046867154273835,0.9767973070449627
train,4.0049448481102115,0.9769175282519836
train,4.005818610883359,0.9770377494590046
train,4.006936451364293,0.9771579706660255
train,4.010014857327616,0.9772781918730464
train,4.010115851406605,0.9773984130800674
train,4.022173823957733,0.9775186342870883
train,4.022994688035452,0.9776388554941091
train,4.029676320555852,0.97775907670113
train,4.029718907452741,0.977879297908151
train,4.031343012151325,0.9779995191151719
train,4.0317521278744275,0.9781197403221928
train,4.0348301181308175,0.9782399615292138
train,4.035420932124208,0.9783601827362347
train,4.0360029486708155,0.9784804039432556
train,4.036331812989203,0.9786006251502765
train,4.0364224766024,0.9787208463572974
train,4.036959280535779,0.9788410675643183
train,4.041451508336022,0.9789612887713393
train,4.041451508336022,0.9790815099783602
train,4.0415047976251115,0.9792017311853811
train,4.042873470879381,0.979321952392402
train,4.046163756683697,0.979442173599423
train,4.0468863603903955,0.9795623948064438
train,4.0567848323315046,0.9796826160134647
train,4.059828003236634,0.9798028372204857
train,4.060152174888539,0.9799230584275066
train,4.081999340148846,0.9800432796345275
train,4.0884964921685345,0.9801635008415485
train,4.0897416023338256,0.9802837220485694
train,4.0932777136946275,0.9804039432555903
train,4.0936181239585405,0.9805241644626113
train,4.096660134950245,0.9806443856696321
train,4.099837000399432,0.980764606876653
train,4.100374336560775,0.9808848280836739
train,4.101633331621456,0.9810050492906949
train,4.1022041481756935,0.9811252704977158
train,4.102370923979241,0.9812454917047367
train,4.103107950781992,0.9813657129117577
train,4.1037985914632795,0.9814859341187786
train,4.106135459112393,0.9816061553257994
train,4.11175938221518,0.9817263765328204
train,4.119998768345594,0.9818465977398413
train,4.1226070587344985,0.9819668189468622
train,4.129057965921507,0.9820870401538832
train,4.12962835204851,0.9822072613609041
train,4.130528674720091,0.982327482567925
train,4.134187311145169,0.982447703774946
train,4.142810727641427,0.9825679249819668
train,4.148570575051629,0.9826881461889877
train,4.1499647810319225,0.9828083673960086
train,4.1532930928895135,0.9829285886030296
train,4.1552336776827525,0.9830488098100505
train,4.156867940918435,0.9831690310170714
train,4.158152532351303,0.9832892522240924
train,4.161314386020485,0.9834094734311133
train,4.161386272170263,0.9835296946381342
train,4.161406338262709,0.983649915845155
train,4.170230609405958,0.983770137052176
train,4.17119356776544,0.9838903582591969
train,4.171787279866334,0.9840105794662178
train,4.172210195838553,0.9841308006732388
train,4.178886052314236,0.9842510218802597
train,4.179256416451425,0.9843712430872806
train,4.183979513008203,0.9844914642943016
train,4.1840090811037856,0.9846116855013224
train,4.184589515776116,0.9847319067083433
train,4.188375495635217,0.9848521279153643
train,4.190738623523261,0.9849723491223852
train,4.191169777832921,0.9850925703294061
train,4.191535964664696,0.985212791536427
train,4.192586408009405,0.985333012743448
train,4.19380001326529,0.9854532339504689
train,4.2018729486454705,0.9855734551574897
train,4.203955462462925,0.9856936763645107
train,4.208013300990982,0.9858138975715316
train,4.210254026454832,0.9859341187785525
train,4.2192949873780154,0.9860543399855735
train,4.227500550556578,0.9861745611925944
train,4.240258123506389,0.9862947823996153
train,4.241386578997383,0.9864150036066363
train,4.246253051313694,0.9865352248136571
train,4.251675687375552,0.986655446020678
train,4.260185434966566,0.9867756672276989
train,4.262848892101896,0.9868958884347199
train,4.288493140215021,0.9870161096417408
train,4.289345206604026,0.9871363308487617
train,4.298446307774572,0.9872565520557827
train,4.300448303115312,0.9873767732628036
train,4.3043532810967315,0.9874969944698245
train,4.312128040475011,0.9876172156768454
train,4.318364313646578,0.9877374368838663
train,4.318480516579616,0.9878576580908872
train,4.32393096680646,0.9879778792979081
train,4.326940993150819,0.9880981005049291
train,4.338398517398201,0.98821832171195
train,4.3405924238848845,0.9883385429189709
train,4.3423529907073215,0.9884587641259919
train,4.354282698472077,0.9885789853330127
train,4.357161953601665,0.9886992065400336
train,4.357161953601665,0.9888194277470546
train,4.363099360392293,0.9889396489540755
train,4.372224685224484,0.9890598701610964
train,4.372721865506983,0.9891800913681174
train,4.39324413594473,0.9893003125751383
train,4.393309456588232,0.9894205337821592
train,4.394395464071509,0.98954075498918
train,4.399775448671768,0.989660976196201
train,4.409343468407405,0.9897811974032219
train,4.414366415121961,0.9899014186102428
train,4.4374586632346755,0.9900216398172638
train,4.438533172339455,0.9901418610242847
train,4.444699961177764,0.9902620822313056
train,4.44848092286477,0.9903823034383266
train,4.448606621650723,0.9905025246453475
train,4.450567320327214,0.9906227458523683
train,4.453750584308595,0.9907429670593892
train,4.460582451507933,0.9908631882664102
train,4.461408327028496,0.9909834094734311
train,4.465397724292443,0.991103630680452
train,4.487553656633591,0.991223851887473
train,4.489688402034558,0.9913440730944939
train,4.505927618830849,0.9914642943015148
train,4.528023808981489,0.9915845155085357
train,4.533314397744376,0.9917047367155566
train,4.551367278955637,0.9918249579225775
train,4.554219535119312,0.9919451791295985
train,4.563252486669812,0.9920654003366194
train,4.571162534787903,0.9921856215436403
train,4.579928718154961,0.9923058427506612
train,4.584597374363326,0.9924260639576822
train,4.587879487954126,0.992546285164703
train,4.5888720190892505,0.9926665063717239
train,4.595984803754497,0.9927867275787449
train,4.608244827803129,0.9929069487857658
train,4.6150841753996,0.9930271699927867
train,4.617879997451768,0.9931473911998077
train,4.624713081660601,0.9932676124068286
train,4.628573746888615,0.9933878336138495
train,4.633425023959779,0.9935080548208705
train,4.646134438995783,0.9936282760278913
train,4.652718005226175,0.9937484972349122
train,4.653011823361648,0.9938687184419331
train,4.678655201218276,0.9939889396489541
train,4.6793752874623955,0.994109160855975
train,4.679440162078048,0.9942293820629959
train,4.680242025772507,0.9943496032700169
train,4.684507395729595,0.9944698244770378
train,4.685615640580032,0.9945900456840586
train,4.689888330986018,0.9947102668910796
train,4.690164969248278,0.9948304880981005
train,4.692031565922266,0.9949507093051214
train,4.713354857376303,0.9950709305121423
train,4.719905766882472,0.9951911517191633
train,4.726282991182345,0.9953113729261842
train,4.726549706832455,0.9954315941332051
train,4.728874785115871,0.995551815340226
train,4.791978773412621,0.9956720365472469
train,4.798740533028837,0.9957922577542678
train,4.811292689737211,0.9959124789612888
train,4.818739878494333,0.9960327001683097
train,4.838078699553377,0.9961529213753306
train,4.838154482622087,0.9962731425823516
train,4.868993614144374,0.9963933637893725
train,4.869584176840345,0.9965135849963933
train,4.871798721648717,0.9966338062034142
train,4.875169418202339,0.9967540274104352
train,4.892638800057615,0.9968742486174561
train,4.9115044794645675,0.996994469824477
train,4.925577538625723,0.997114691031498
train,4.952713129853363,0.9972349122385189
train,4.955320392511131,0.9973551334455398
train,4.973716570240528,0.9974753546525608
train,4.991093374024808,0.9975955758595816
train,4.991123428254689,0.9977157970666025
train,4.996763726206783,0.9978360182736234
train,5.008814924114176,0.9979562394806444
train,5.008831648630829,0.9980764606876653
train,5.069740411649792,0.9981966818946862
train,5.077037352287168,0.9983169031017072
train,5.116152392630502,0.9984371243087281
train,5.167859421235866,0.9985573455157489
train,5.227618669932883,0.9986775667227699
train,5.246905602631735,0.9987977879297908
train,5.383827317887249,0.9989180091368117
train,5.423180528187021,0.9990382303438327
train,5.447968227025851,0.9991584515508536
train,5.488314003810679,0.9992786727578745
train,5.4885119243745,0.9993988939648955
train,5.576623319668705,0.9995191151719163
train,5.576880933914448,0.9996393363789372
train,5.591307910807222,0.9997595575859581
train,5.872242295341906,0.9998797787929791
train,5.914235601697235,1.0
val,1.0927206446840991,0.0005608524957936063
val,1.1383026981662814,0.0011217049915872126
val,1.1863912156954932,0.0016825574873808188
val,1.1983821300082942,0.002243409983174425
val,1.203032887014711,0.0028042624789680315
val,1.2789821168654432,0.0033651149747616375
val,1.281260687055013,0.003925967470555244
val,1.2933625547114456,0.00448681996634885
val,1.299942900022767,0.005047672462142457
val,1.335858911319818,0.005608524957936063
val,1.3386556655787003,0.0061693774537296695
val,1.3481100684802376,0.006730229949523275
val,1.354108439147401,0.007291082445316881
val,1.354108439147401,0.007851934941110488
val,1.370698092575577,0.008412787436904094
val,1.3725438007590702,0.0089736399326977
val,1.3789426986134374,0.009534492428491307
val,1.3789426986134374,0.010095344924284913
val,1.381115080709851,0.01065619742007852
val,1.381115080709851,0.011217049915872126
val,1.381115080709851,0.011777902411665733
val,1.381115080709851,0.012338754907459339
val,1.382917135087531,0.012899607403252944
val,1.382917135087531,0.01346045989904655
val,1.3937506403480804,0.014021312394840156
val,1.3988077302032644,0.014582164890633763
val,1.4151403521958728,0.01514301738642737
val,1.4151403521958728,0.015703869882220976
val,1.424718337331567,0.016264722378014584
val,1.424718337331567,0.01682557487380819
val,1.4253711664389412,0.017386427369601793
val,1.4352071032407476,0.0179472798653954
val,1.4352071032407476,0.018508132361189006
val,1.4374334437979712,0.019068984856982614
val,1.4424797690644486,0.01962983735277622
val,1.4449811120879448,0.020190689848569827
val,1.4459154139511234,0.02075154234436343
val,1.4459154139511234,0.02131239484015704
val,1.4471580313422192,0.021873247335950644
val,1.448087666692341,0.022434099831744252
val,1.453624073591451,0.022994952327537857
val,1.455149521179828,0.023555804823331465
val,1.455149521179828,0.02411665731912507
val,1.4563660331290431,0.024677509814918678
val,1.4595432582804129,0.025238362310712283
val,1.461348433647983,0.025799214806505887
val,1.4650852875574327,0.026360067302299495
val,1.4670158184384354,0.0269209197980931
val,1.4670158184384354,0.027481772293886708
val,1.4693801358499252,0.028042624789680313
val,1.4693801358499252,0.02860347728547392
val,1.4730488050885375,0.029164329781267526
val,1.4798631130230977,0.029725182277061134
val,1.4886916983169407,0.03028603477285474
val,1.4906606533561368,0.030846887268648347
val,1.4917817755841658,0.03140773976444195
val,1.4924810101288766,0.03196859226023556
val,1.4951278812429332,0.03252944475602917
val,1.5033820634737327,0.03309029725182277
val,1.5033820634737327,0.03365114974761638
val,1.5033820634737327,0.034212002243409985
val,1.5039268041935103,0.034772854739203586
val,1.5039268041935103,0.035333707234997194
val,1.5039268041935103,0.0358945597307908
val,1.5060989599284405,0.03645541222658441
val,1.5108130105124962,0.03701626472237801
val,1.5108130105124962,0.03757711721817162
val,1.5121505369220305,0.03813796971396523
val,1.5242662687669788,0.038698822209758836
val,1.5242662687669788,0.03925967470555244
val,1.5242662687669788,0.039820527201346045
val,1.5242662687669788,0.040381379697139654
val,1.5242662687669788,0.04094223219293326
val,1.5256925245050108,0.04150308468872686
val,1.5256925245050108,0.04206393718452047
val,1.526339277389844,0.04262478968031408
val,1.526339277389844,0.04318564217610768
val,1.5289167002776547,0.04374649467190129
val,1.530199698203082,0.0443073471676949
val,1.5328817194073971,0.044868199663488505
val,1.5386993795424069,0.045429052159282106
val,1.5386993795424069,0.045989904655075714
val,1.5386993795424069,0.04655075715086932
val,1.5386993795424069,0.04711160964666293
val,1.5425764762605296,0.04767246214245653
val,1.5444401373176924,0.04823331463825014
val,1.5469126431812426,0.04879416713404375
val,1.547651658359969,0.049355019629837356
val,1.547651658359969,0.04991587212563096
val,1.547651658359969,0.050476724621424565
val,1.547651658359969,0.05103757711721817
val,1.5486350598147516,0.051598429613011774
val,1.5486350598147516,0.05215928210880538
val,1.5550944485783191,0.05272013460459899
val,1.557266528869904,0.0532809871003926
val,1.557266528869904,0.0538418395961862
val,1.557266528869904,0.05440269209197981
val,1.557266528869904,0.054963544587773416
val,1.5618166643189575,0.055524397083567024
val,1.5670263661590604,0.056085249579360626
val,1.5670263661590604,0.056646102075154234
val,1.5670263661590604,0.05720695457094784
val,1.5670263661590604,0.05776780706674145
val,1.569958818096594,0.05832865956253505
val,1.570192561095726,0.05888951205832866
val,1.5708930362183922,0.05945036455412227
val,1.5708930362183922,0.06001121704991587
val,1.5708930362183922,0.06057206954570948
val,1.5708930362183922,0.061132922041503085
val,1.5708930362183922,0.06169377453729669
val,1.5806969397124366,0.062254627033090294
val,1.5834255004065068,0.0628154795288839
val,1.5834255004065068,0.0633763320246775
val,1.5834255004065068,0.06393718452047112
val,1.5861370252307931,0.06449803701626472
val,1.5863622233078656,0.06505888951205833
val,1.5863622233078656,0.06561974200785194
val,1.586587304671755,0.06618059450364554
val,1.586587304671755,0.06674144699943915
val,1.586587304671755,0.06730229949523275
val,1.586587304671755,0.06786315199102635
val,1.5911759503117913,0.06842400448681997
val,1.5911759503117913,0.06898485698261357
val,1.5997739391463883,0.06954570947840717
val,1.5997739391463883,0.07010656197420079
val,1.6008640363098396,0.07066741446999439
val,1.6008640363098396,0.071228266965788
val,1.6008640363098396,0.0717891194615816
val,1.6008640363098396,0.0723499719573752
val,1.6047658847038873,0.07291082445316882
val,1.6047658847038873,0.07347167694896242
val,1.6048737705526357,0.07403252944475602
val,1.6048737705526357,0.07459338194054964
val,1.6048737705526357,0.07515423443634324
val,1.6050894618815803,0.07571508693213685
val,1.6114046377115934,0.07627593942793046
val,1.6114046377115934,0.07683679192372406
val,1.6114046377115934,0.07739764441951767
val,1.6114046377115934,0.07795849691531127
val,1.6114046377115934,0.07851934941110487
val,1.6114046377115934,0.07908020190689849
val,1.6135247028536523,0.07964105440269209
val,1.6135247028536523,0.08020190689848569
val,1.6155292236371328,0.08076275939427931
val,1.6207604899942056,0.08132361189007291
val,1.6241789257480224,0.08188446438586652
val,1.6241789257480224,0.08244531688166012
val,1.6241789257480224,0.08300616937745373
val,1.627775375229303,0.08356702187324734
val,1.627775375229303,0.08412787436904094
val,1.6288995644206066,0.08468872686483454
val,1.6288995644206066,0.08524957936062816
val,1.6288995644206066,0.08581043185642176
val,1.6288995644206066,0.08637128435221536
val,1.6288995644206066,0.08693213684800898
val,1.6306312440205,0.08749298934380258
val,1.6306312440205,0.08805384183959619
val,1.6323560462390732,0.0886146943353898
val,1.6323560462390732,0.0891755468311834
val,1.6339731557896735,0.08973639932697701
val,1.6395860866734264,0.09029725182277061
val,1.6395860866734264,0.09085810431856421
val,1.6395860866734264,0.09141895681435783
val,1.6395860866734264,0.09197980931015143
val,1.6395860866734264,0.09254066180594504
val,1.643057683751453,0.09310151430173864
val,1.645520514905874,0.09366236679753225
val,1.645520514905874,0.09422321929332586
val,1.6465997517203734,0.09478407178911946
val,1.64738297011462,0.09534492428491306
val,1.6491400641442189,0.09590577678070668
val,1.6491400641442189,0.09646662927650028
val,1.6491400641442189,0.09702748177229388
val,1.6535983818432898,0.0975883342680875
val,1.6552345070342942,0.0981491867638811
val,1.6552345070342942,0.09871003925967471
val,1.6552345070342942,0.09927089175546831
val,1.6552345070342942,0.09983174425126191
val,1.6560023206829573,0.10039259674705553
val,1.6560023206829573,0.10095344924284913
val,1.659821158055705,0.10151430173864273
val,1.6637009253896482,0.10207515423443635
val,1.667826378950711,0.10263600673022995
val,1.671820560183249,0.10319685922602355
val,1.671820560183249,0.10375771172181716
val,1.6735737964230517,0.10431856421761077
val,1.6735737964230517,0.10487941671340438
val,1.6735737964230517,0.10544026920919798
val,1.6735737964230517,0.10600112170499158
val,1.6735737964230517,0.1065619742007852
val,1.6800634274819486,0.1071228266965788
val,1.6800634274819486,0.1076836791923724
val,1.6803355134145632,0.10824453168816602
val,1.6807886115066824,0.10880538418395962
val,1.682235356902564,0.10936623667975323
val,1.682235356902564,0.10992708917554683
val,1.682235356902564,0.11048794167134043
val,1.682235356902564,0.11104879416713405
val,1.682235356902564,0.11160964666292765
val,1.682235356902564,0.11217049915872125
val,1.682235356902564,0.11273135165451487
val,1.682235356902564,0.11329220415030847
val,1.682235356902564,0.11385305664610207
val,1.682235356902564,0.11441390914189568
val,1.683947130751512,0.11497476163768929
val,1.683947130751512,0.1155356141334829
val,1.683947130751512,0.1160964666292765
val,1.6869042695681773,0.1166573191250701
val,1.6870828446043706,0.11721817162086372
val,1.691258358133111,0.11777902411665732
val,1.6922298357727557,0.11833987661245092
val,1.6927588181547242,0.11890072910824454
val,1.6949560022498182,0.11946158160403814
val,1.6955692270361855,0.12002243409983174
val,1.6999244027424767,0.12058328659562535
val,1.6999244027424767,0.12114413909141895
val,1.6999244027424767,0.12170499158721257
val,1.6999244027424767,0.12226584408300617
val,1.6999244027424767,0.12282669657879977
val,1.6999244027424767,0.12338754907459339
val,1.6999244027424767,0.12394840157038699
val,1.6999244027424767,0.12450925406618059
val,1.70035752782266,0.1250701065619742
val,1.70035752782266,0.1256309590577678
val,1.70035752782266,0.1261918115535614
val,1.70035752782266,0.126752664049355
val,1.7017406324372124,0.12731351654514864
val,1.7017406324372124,0.12787436904094224
val,1.7017406324372124,0.12843522153673584
val,1.7017406324372124,0.12899607403252944
val,1.7017406324372124,0.12955692652832304
val,1.7017406324372124,0.13011777902411667
val,1.7029472461815558,0.13067863151991027
val,1.7035492982382303,0.13123948401570387
val,1.704322140822235,0.13180033651149747
val,1.705607163404605,0.13236118900729107
val,1.708505880955237,0.13292204150308468
val,1.7104558643354246,0.1334828939988783
val,1.7104558643354246,0.1340437464946719
val,1.7111320723068415,0.1346045989904655
val,1.7124813378019186,0.1351654514862591
val,1.7148325124333326,0.1357263039820527
val,1.7160868537748322,0.13628715647784634
val,1.7160868537748322,0.13684800897363994
val,1.7160868537748322,0.13740886146943354
val,1.7160868537748322,0.13796971396522714
val,1.7160868537748322,0.13853056646102074
val,1.7160868537748322,0.13909141895681434
val,1.7160868537748322,0.13965227145260797
val,1.717004407040547,0.14021312394840157
val,1.7204900684500517,0.14077397644419518
val,1.7221401254574156,0.14133482893998878
val,1.7229628089424895,0.14189568143578238
val,1.7237839369653294,0.142456533931576
val,1.7246853882373594,0.1430173864273696
val,1.7258299903205805,0.1435782389231632
val,1.7258299903205805,0.1441390914189568
val,1.7258299903205805,0.1446999439147504
val,1.7258299903205805,0.14526079641054404
val,1.7265642161622448,0.14582164890633764
val,1.7298125071609356,0.14638250140213124
val,1.7298125071609356,0.14694335389792484
val,1.731346975545955,0.14750420639371845
val,1.731346975545955,0.14806505888951205
val,1.7333577879255853,0.14862591138530568
val,1.7333577879255853,0.14918676388109928
val,1.7333577879255853,0.14974761637689288
val,1.7333577879255853,0.15030846887268648
val,1.7333577879255853,0.15086932136848008
val,1.7366354976868212,0.1514301738642737
val,1.7460890430562002,0.1519910263600673
val,1.7460890430562002,0.1525518788558609
val,1.7460890430562002,0.1531127313516545
val,1.7460890430562002,0.15367358384744811
val,1.7460890430562002,0.15423443634324172
val,1.7460890430562002,0.15479528883903534
val,1.7460890430562002,0.15535614133482895
val,1.7460890430562002,0.15591699383062255
val,1.7470231774516278,0.15647784632641615
val,1.7470231774516278,0.15703869882220975
val,1.7474894922586728,0.15759955131800338
val,1.7481880270062005,0.15816040381379698
val,1.7481880270062005,0.15872125630959058
val,1.7481880270062005,0.15928210880538418
val,1.7481880270062005,0.15984296130117778
val,1.7481880270062005,0.16040381379697138
val,1.7491176623563225,0.160964666292765
val,1.7518946880437474,0.16152551878855861
val,1.752739693935328,0.16208637128435222
val,1.7561033715851055,0.16264722378014582
val,1.7561033715851055,0.16320807627593942
val,1.7561033715851055,0.16376892877173305
val,1.7561033715851055,0.16432978126752665
val,1.7561033715851055,0.16489063376332025
val,1.7594411971336976,0.16545148625911385
val,1.7603470785299065,0.16601233875490745
val,1.762753564933374,0.16657319125070105
val,1.7672300981107183,0.16713404374649468
val,1.7672300981107183,0.16769489624228828
val,1.7672300981107183,0.16825574873808188
val,1.7679717213816188,0.16881660123387549
val,1.7679717213816188,0.1693774537296691
val,1.7687120803776637,0.16993830622546272
val,1.770483809431108,0.17049915872125632
val,1.770483809431108,0.17106001121704992
val,1.770483809431108,0.17162086371284352
val,1.770483809431108,0.17218171620863712
val,1.7740788007525188,0.17274256870443072
val,1.7740788007525188,0.17330342120022435
val,1.7740788007525188,0.17386427369601795
val,1.7740788007525188,0.17442512619181155
val,1.7740788007525188,0.17498597868760515
val,1.7740788007525188,0.17554683118339875
val,1.7740788007525188,0.17610768367919238
val,1.7740788007525188,0.17666853617498599
val,1.7740788007525188,0.1772293886707796
val,1.7740788007525188,0.1777902411665732
val,1.7740788007525188,0.1783510936623668
val,1.7740788007525188,0.17891194615816042
val,1.776991584856405,0.17947279865395402
val,1.776991584856405,0.18003365114974762
val,1.776991584856405,0.18059450364554122
val,1.7785130117389247,0.18115535614133482
val,1.7790912038454991,0.18171620863712842
val,1.7790912038454991,0.18227706113292205
val,1.7790912038454991,0.18283791362871565
val,1.7790912038454991,0.18339876612450925
val,1.7790912038454991,0.18395961862030286
val,1.7790912038454991,0.18452047111609646
val,1.7790912038454991,0.1850813236118901
val,1.7790912038454991,0.1856421761076837
val,1.7790912038454991,0.1862030286034773
val,1.7790912038454991,0.1867638810992709
val,1.780965029608317,0.1873247335950645
val,1.780965029608317,0.1878855860908581
val,1.780965029608317,0.18844643858665172
val,1.780965029608317,0.18900729108244532
val,1.7811807209372617,0.18956814357823892
val,1.7811807209372617,0.19012899607403252
val,1.7849737099544007,0.19068984856982613
val,1.7865384804978024,0.19125070106561975
val,1.7865384804978024,0.19181155356141336
val,1.786964259435733,0.19237240605720696
val,1.787460474518415,0.19293325855300056
val,1.7896512087934096,0.19349411104879416
val,1.790988475088816,0.19405496354458776
val,1.791620482692814,0.1946158160403814
val,1.791620482692814,0.195176668536175
val,1.791690649020118,0.1957375210319686
val,1.791690649020118,0.1962983735277622
val,1.791690649020118,0.1968592260235558
val,1.7918309476748362,0.19742007851934942
val,1.7958800173440752,0.19798093101514302
val,1.7998228309933195,0.19854178351093663
val,1.8004421213362567,0.19910263600673023
val,1.8004421213362567,0.19966348850252383
val,1.8004421213362567,0.20022434099831743
val,1.8018837071252396,0.20078519349411106
val,1.8018837071252396,0.20134604598990466
val,1.8018837071252396,0.20190689848569826
val,1.804412059137714,0.20246775098149186
val,1.804412059137714,0.20302860347728546
val,1.804412059137714,0.2035894559730791
val,1.804412059137714,0.2041503084688727
val,1.804412059137714,0.2047111609646663
val,1.804412059137714,0.2052720134604599
val,1.804412059137714,0.2058328659562535
val,1.804412059137714,0.2063937184520471
val,1.8050248444298052,0.20695457094784073
val,1.8050248444298052,0.20751542344363433
val,1.8050248444298052,0.20807627593942793
val,1.8050248444298052,0.20863712843522153
val,1.805772631935669,0.20919798093101513
val,1.805772631935669,0.20975883342680876
val,1.805772631935669,0.21031968592260236
val,1.808481056565951,0.21088053841839596
val,1.808481056565951,0.21144139091418956
val,1.8117760216029035,0.21200224340998317
val,1.8118430061764776,0.2125630959057768
val,1.8118430061764776,0.2131239484015704
val,1.8118430061764776,0.213684800897364
val,1.8118430061764776,0.2142456533931576
val,1.813046965160108,0.2148065058889512
val,1.8157105397889628,0.2153673583847448
val,1.8205298485235195,0.21592821088053843
val,1.8205298485235195,0.21648906337633203
val,1.8205298485235195,0.21704991587212563
val,1.8205298485235195,0.21761076836791923
val,1.8205298485235195,0.21817162086371283
val,1.8205298485235195,0.21873247335950646
val,1.8226910107760543,0.21929332585530006
val,1.8226910107760543,0.21985417835109367
val,1.8226910107760543,0.22041503084688727
val,1.8252313231999,0.22097588334268087
val,1.8252313231999,0.22153673583847447
val,1.8252313231999,0.2220975883342681
val,1.8252313231999,0.2226584408300617
val,1.8252313231999,0.2232192933258553
val,1.8252313231999,0.2237801458216489
val,1.8252313231999,0.2243409983174425
val,1.826722520168992,0.22490185081323613
val,1.826722520168992,0.22546270330902973
val,1.826722520168992,0.22602355580482333
val,1.826722520168992,0.22658440830061694
val,1.826722520168992,0.22714526079641054
val,1.826722520168992,0.22770611329220414
val,1.826722520168992,0.22826696578799777
val,1.8311656339094424,0.22882781828379137
val,1.8311656339094424,0.22938867077958497
val,1.8311656339094424,0.22994952327537857
val,1.8311656339094424,0.23051037577117217
val,1.8312937443770096,0.2310712282669658
val,1.8365139988906711,0.2316320807627594
val,1.8365139988906711,0.232192933258553
val,1.83714634390906,0.2327537857543466
val,1.8373990243420224,0.2333146382501402
val,1.839729375206388,0.2338754907459338
val,1.839729375206388,0.23443634324172744
val,1.839729375206388,0.23499719573752104
val,1.839729375206388,0.23555804823331464
val,1.8405451876368388,0.23611890072910824
val,1.8405451876368388,0.23667975322490184
val,1.8405451876368388,0.23724060572069547
val,1.8452841263479915,0.23780145821648907
val,1.8461514765288152,0.23836231071228267
val,1.8478809974453752,0.23892316320807627
val,1.8478809974453752,0.23948401570386987
val,1.8478809974453752,0.24004486819966347
val,1.8478809974453752,0.2406057206954571
val,1.8478809974453752,0.2411665731912507
val,1.848004271497268,0.2417274256870443
val,1.8487431818956837,0.2422882781828379
val,1.8487431818956837,0.2428491306786315
val,1.8487431818956837,0.24340998317442514
val,1.8487431818956837,0.24397083567021874
val,1.8487431818956837,0.24453168816601234
val,1.8487431818956837,0.24509254066180594
val,1.8496650554787328,0.24565339315759954
val,1.8496650554787328,0.24621424565339317
val,1.8496650554787328,0.24677509814918677
val,1.8496650554787328,0.24733595064498037
val,1.8561244442423004,0.24789680314077397
val,1.8561244442423004,0.24845765563656758
val,1.8561244442423004,0.24901850813236118
val,1.8561244442423004,0.2495793606281548
val,1.8561244442423004,0.2501402131239484
val,1.858115932190066,0.250701065619742
val,1.8582965245338856,0.2512619181155356
val,1.8582965245338856,0.25182277061132924
val,1.8582965245338856,0.2523836231071228
val,1.8582965245338856,0.25294447560291644
val,1.8582965245338856,0.25350532809871
val,1.8582965245338856,0.25406618059450364
val,1.8582965245338856,0.2546270330902973
val,1.8582965245338856,0.25518788558609085
val,1.8582965245338856,0.2557487380818845
val,1.8585973449946924,0.25630959057767805
val,1.8585973449946924,0.2568704430734717
val,1.8585973449946924,0.2574312955692653
val,1.8600383898071935,0.2579921480650589
val,1.8600383898071935,0.2585530005608525
val,1.8600383898071935,0.2591138530566461
val,1.8628466599829387,0.2596747055524397
val,1.865459322661965,0.26023555804823334
val,1.866759783495108,0.2607964105440269
val,1.866818802926048,0.26135726303982054
val,1.8674085565227911,0.2619181155356141
val,1.8674085565227911,0.26247896803140774
val,1.8674085565227911,0.2630398205272014
val,1.8674085565227911,0.26360067302299495
val,1.8674085565227911,0.2641615255187886
val,1.8674085565227911,0.26472237801458215
val,1.8674085565227911,0.2652832305103758
val,1.8674085565227911,0.26584408300616935
val,1.8681152053272172,0.266404935501963
val,1.8681152053272172,0.2669657879977566
val,1.8681152053272172,0.2675266404935502
val,1.8708134239155976,0.2680874929893438
val,1.8709888137605752,0.2686483454851374
val,1.8709888137605752,0.269209197980931
val,1.8709888137605752,0.26977005047672464
val,1.8709888137605752,0.2703309029725182
val,1.8719230318823736,0.27089175546831185
val,1.8727388274726688,0.2714526079641054
val,1.874249822778403,0.27201346045989905
val,1.875986771428488,0.2725743129556927
val,1.875986771428488,0.27313516545148625
val,1.8778318914928935,0.2736960179472799
val,1.8781769804915065,0.27425687044307345
val,1.8796119070658508,0.2748177229388671
val,1.8810421081934057,0.2753785754346607
val,1.881726935376418,0.2759394279304543
val,1.881726935376418,0.2765002804262479
val,1.881726935376418,0.2770611329220415
val,1.8843988255566864,0.2776219854178351
val,1.8843988255566864,0.2781828379136287
val,1.8843988255566864,0.2787436904094223
val,1.8871670208947744,0.27930454290521595
val,1.8873922189718468,0.2798653954010095
val,1.8873922189718468,0.28042624789680315
val,1.8873922189718468,0.2809871003925967
val,1.8873922189718468,0.28154795288839035
val,1.8876735524544477,0.282108805384184
val,1.889077492650064,0.28266965787997755
val,1.8922059459757723,0.2832305103757712
val,1.8922059459757723,0.28379136287156476
val,1.8922059459757723,0.2843522153673584
val,1.8922059459757723,0.284913067863152
val,1.893040111957118,0.2854739203589456
val,1.893040111957118,0.2860347728547392
val,1.893928126542607,0.2865956253505328
val,1.8945929479229555,0.2871564778463264
val,1.8967466156074055,0.28771733034212005
val,1.8967466156074055,0.2882781828379136
val,1.899546931090867,0.28883903533370725
val,1.9008039348103696,0.2893998878295008
val,1.9008039348103696,0.28996074032529445
val,1.901894031973821,0.2905215928210881
val,1.901894031973821,0.29108244531688166
val,1.902438056198665,0.2916432978126753
val,1.902438056198665,0.29220415030846886
val,1.902655475217926,0.2927650028042625
val,1.902655475217926,0.29332585530005606
val,1.904066051914503,0.2938867077958497
val,1.905903766216617,0.2944475602916433
val,1.905903766216617,0.2950084127874369
val,1.905903766216617,0.2955692652832305
val,1.905903766216617,0.2961301177790241
val,1.905903766216617,0.2966909702748177
val,1.9111576087399769,0.29725182277061135
val,1.9123814989188004,0.2978126752664049
val,1.9123814989188004,0.29837352776219855
val,1.9123814989188004,0.2989343802579921
val,1.9123814989188004,0.29949523275378576
val,1.9123814989188004,0.3000560852495794
val,1.9123814989188004,0.30061693774537296
val,1.9123814989188004,0.3011777902411666
val,1.9123814989188004,0.30173864273696016
val,1.9161379831071752,0.3022994952327538
val,1.9161379831071752,0.3028603477285474
val,1.9161379831071752,0.303421200224341
val,1.916611845109346,0.3039820527201346
val,1.916611845109346,0.3045429052159282
val,1.916611845109346,0.3051037577117218
val,1.916874878538683,0.3056646102075154
val,1.9169274661129927,0.306225462703309
val,1.9169274661129927,0.30678631519910265
val,1.9176105257498672,0.30734716769489623
val,1.9184497424011575,0.30790802019068986
val,1.920071124297524,0.30846887268648343
val,1.922154325231059,0.30902972518227706
val,1.9230885154423991,0.3095905776780707
val,1.9236066430174592,0.31015143017386426
val,1.9236066430174592,0.3107122826696579
val,1.9236066430174592,0.31127313516545146
val,1.9242792860618816,0.3118339876612451
val,1.9252605095194353,0.3123948401570387
val,1.9252605095194353,0.3129556926528323
val,1.9252605095194353,0.3135165451486259
val,1.9252605095194353,0.3140773976444195
val,1.9252605095194353,0.3146382501402131
val,1.9252605095194353,0.31519910263600676
val,1.9252605095194353,0.31575995513180033
val,1.9252605095194353,0.31632080762759396
val,1.9252605095194353,0.31688166012338753
val,1.928805370893284,0.31744251261918116
val,1.928805370893284,0.31800336511497473
val,1.928805370893284,0.31856421761076836
val,1.928805370893284,0.319125070106562
val,1.929929560084588,0.31968592260235557
val,1.929929560084588,0.3202467750981492
val,1.9306943876645353,0.32080762759394277
val,1.9317120670567556,0.3213684800897364
val,1.9317120670567556,0.32192933258553
val,1.9317120670567556,0.3224901850813236
val,1.9317120670567556,0.32305103757711723
val,1.9317120670567556,0.3236118900729108
val,1.931864513492032,0.32417274256870443
val,1.931864513492032,0.32473359506449806
val,1.931864513492032,0.32529444756029163
val,1.931864513492032,0.32585530005608526
val,1.931864513492032,0.32641615255187884
val,1.931864513492032,0.32697700504767246
val,1.932220013877119,0.3275378575434661
val,1.9323215319892932,0.32809871003925967
val,1.9352048674265816,0.3286595625350533
val,1.9406658724758288,0.32922041503084687
val,1.9406658724758288,0.3297812675266405
val,1.9406658724758288,0.3303421200224341
val,1.9409147375802855,0.3309029725182277
val,1.941063988219902,0.33146382501402133
val,1.941063988219902,0.3320246775098149
val,1.9414617393473297,0.33258553000560853
val,1.9417101489416464,0.3331463825014021
val,1.9432966145666548,0.33370723499719573
val,1.9432966145666548,0.33426808749298936
val,1.9432966145666548,0.33482893998878294
val,1.9440876794154345,0.33538979248457657
val,1.945665499432134,0.33595064498037014
val,1.9460590603851236,0.33651149747616377
val,1.9465505105698553,0.3370723499719574
val,1.9465505105698553,0.33763320246775097
val,1.9465505105698553,0.3381940549635446
val,1.9465505105698553,0.3387549074593382
val,1.9465505105698553,0.3393157599551318
val,1.9465505105698553,0.33987661245092543
val,1.9489017609702135,0.340437464946719
val,1.9493900066449128,0.34099831744251263
val,1.9498289589353135,0.3415591699383062
val,1.9501700598082,0.34212002243409984
val,1.9501700598082,0.34268087492989346
val,1.9501700598082,0.34324172742568704
val,1.9501700598082,0.34380257992148067
val,1.9501700598082,0.34436343241727424
val,1.9501700598082,0.34492428491306787
val,1.9501700598082,0.34548513740886144
val,1.9552065375419416,0.34604598990465507
val,1.9552065375419416,0.3466068424004487
val,1.9552065375419416,0.3471676948962423
val,1.9561684304753633,0.3477285473920359
val,1.9562645026982757,0.3482893998878295
val,1.9562645026982757,0.3488502523836231
val,1.9562645026982757,0.34941110487941673
val,1.9562645026982757,0.3499719573752103
val,1.9562645026982757,0.35053280987100394
val,1.9570323163469383,0.3510936623667975
val,1.9570323163469383,0.35165451486259114
val,1.9570323163469383,0.35221536735838477
val,1.9608036249117695,0.35277621985417834
val,1.9608036249117695,0.35333707234997197
val,1.9608036249117695,0.35389792484576554
val,1.9608036249117695,0.3544587773415592
val,1.9608036249117695,0.3550196298373528
val,1.9608036249117695,0.3555804823331464
val,1.9608036249117695,0.35614133482894
val,1.9623693356700211,0.3567021873247336
val,1.962700731704341,0.3572630398205272
val,1.9648251178833889,0.35782389231632084
val,1.96773513178388,0.3583847448121144
val,1.967922206730517,0.35894559730790804
val,1.967922206730517,0.3595064498037016
val,1.967922206730517,0.36006730229949524
val,1.967922206730517,0.3606281547952888
val,1.967922206730517,0.36118900729108244
val,1.9694625079746368,0.36174985978687607
val,1.97285055584723,0.36231071228266964
val,1.97285055584723,0.3628715647784633
val,1.9746037920870327,0.36343241727425685
val,1.9746037920870327,0.3639932697700505
val,1.9746037920870327,0.3645541222658441
val,1.9747879322135575,0.3651149747616377
val,1.9747879322135575,0.3656758272574313
val,1.9763499790032737,0.3662366797532249
val,1.9790929006383264,0.3667975322490185
val,1.979366242396161,0.36735838474481214
val,1.9810934231459296,0.3679192372406057
val,1.9810934231459296,0.36848008973639934
val,1.9810934231459296,0.3690409422321929
val,1.9813201732591073,0.36960179472798654
val,1.9818638909913504,0.3701626472237802
val,1.9818638909913504,0.37072349971957375
val,1.9818638909913504,0.3712843522153674
val,1.983039616046102,0.37184520471116095
val,1.9832202146481028,0.3724060572069546
val,1.9832202146481028,0.37296690970274815
val,1.9832202146481028,0.3735277621985418
val,1.9832202146481028,0.3740886146943354
val,1.9832202146481028,0.374649467190129
val,1.9832202146481028,0.3752103196859226
val,1.9832202146481028,0.3757711721817162
val,1.9832202146481028,0.3763320246775098
val,1.9849771264154936,0.37689287717330344
val,1.987085029624122,0.377453729669097
val,1.987978915875482,0.37801458216489064
val,1.9880682033926351,0.3785754346606842
val,1.9880682033926351,0.37913628715647785
val,1.9929950984313416,0.3796971396522715
val,1.9929950984313416,0.38025799214806505
val,1.9929950984313416,0.3808188446438587
val,1.9929950984313416,0.38137969713965225
val,1.993215720474137,0.3819405496354459
val,1.993215720474137,0.3825014021312395
val,1.993215720474137,0.3830622546270331
val,1.9944931228835123,0.3836231071228267
val,1.9944931228835123,0.3841839596186203
val,1.9944931228835123,0.3847448121144139
val,1.9955035702650064,0.3853056646102075
val,1.9955035702650064,0.3858665171060011
val,1.9955035702650064,0.38642736960179475
val,1.995766779049974,0.3869882220975883
val,1.9962051061783244,0.38754907459338195
val,1.997954004069403,0.3881099270891755
val,1.999652425366079,0.38867077958496915
val,2.000911062131223,0.3892316320807628
val,2.001344230411602,0.38979248457655635
val,2.0028137792246734,0.39035333707235
val,2.0034605321095063,0.39091418956814356
val,2.0034605321095063,0.3914750420639372
val,2.0045792939022116,0.3920358945597308
val,2.005352136486217,0.3925967470555244
val,2.0059951230546913,0.393157599551318
val,2.0066799277408256,0.3937184520471116
val,2.0070219255786808,0.3942793045429052
val,2.0093233933810133,0.39484015703869885
val,2.0093233933810133,0.3954010095344924
val,2.0093233933810133,0.39596186203028605
val,2.009578360794542,0.3965227145260796
val,2.009578360794542,0.39708356702187325
val,2.011020355516257,0.3976444195176669
val,2.01258416391415,0.39820527201346045
val,2.01258416391415,0.3987661245092541
val,2.0135113334659,0.39932697700504766
val,2.01556930642988,0.3998878295008413
val,2.015862508097314,0.40044868199663486
val,2.015862508097314,0.4010095344924285
val,2.015862508097314,0.4015703869882221
val,2.0170333392987803,0.4021312394840157
val,2.017158598487814,0.4026920919798093
val,2.017158598487814,0.4032529444756029
val,2.017158598487814,0.4038137969713965
val,2.017158598487814,0.40437464946719015
val,2.017158598487814,0.4049355019629837
val,2.017158598487814,0.40549635445877735
val,2.017158598487814,0.4060572069545709
val,2.018450832386356,0.40661805945036456
val,2.0186172925194414,0.4071789119461582
val,2.0213960567419713,0.40773976444195176
val,2.022139570398392,0.4083006169377454
val,2.023992804606471,0.40886146943353896
val,2.02481393262931,0.4094223219293326
val,2.025756314534414,0.4099831744251262
val,2.026288062023942,0.4105440269209198
val,2.0268599859845615,0.4111048794167134
val,2.0273496077747564,0.411665731912507
val,2.027634965777544,0.4122265844083006
val,2.027634965777544,0.4127874369040942
val,2.030842502824917,0.4133482893998878
val,2.030842502824917,0.41390914189568145
val,2.030842502824917,0.414469994391475
val,2.032376971209936,0.41503084688726866
val,2.032376971209936,0.41559169938306223
val,2.0326993274926175,0.41615255187885586
val,2.0343877835895667,0.4167134043746495
val,2.0343877835895667,0.41727425687044306
val,2.0343877835895667,0.4178351093662367
val,2.0343877835895667,0.41839596186203026
val,2.0343877835895667,0.4189568143578239
val,2.0343877835895667,0.4195176668536175
val,2.0343877835895667,0.4200785193494111
val,2.036868329981055,0.4206393718452047
val,2.037546012085827,0.4212002243409983
val,2.037625669914719,0.4217610768367919
val,2.037625669914719,0.42232192933258556
val,2.03953308766939,0.42288278182837913
val,2.0398105541483504,0.42344363432417276
val,2.043480170022551,0.42400448681996633
val,2.0441868507673635,0.42456533931575996
val,2.0441868507673635,0.4251261918115536
val,2.0441868507673635,0.42568704430734716
val,2.047119038720181,0.4262478968031408
val,2.047119038720181,0.42680874929893436
val,2.047119038720181,0.427369601794728
val,2.047352760753934,0.42793045429052157
val,2.047352760753934,0.4284913067863152
val,2.0487912738484098,0.4290521592821088
val,2.0487912738484098,0.4296130117779024
val,2.0492180226701815,0.430173864273696
val,2.0492180226701815,0.4307347167694896
val,2.051885378889872,0.43129556926528323
val,2.054919327123814,0.43185642176107686
val,2.057171441547266,0.43241727425687043
val,2.057171441547266,0.43297812675266406
val,2.057856208741888,0.43353897924845763
val,2.057856208741888,0.43409983174425126
val,2.057856208741888,0.4346606842400449
val,2.057856208741888,0.43522153673583847
val,2.057856208741888,0.4357823892316321
val,2.0590330049637804,0.43634324172742567
val,2.059260404121731,0.4369040942232193
val,2.059260404121731,0.4374649467190129
val,2.0594498125079608,0.4380257992148065
val,2.060508975605298,0.43858665171060013
val,2.060508975605298,0.4391475042063937
val,2.061339366837067,0.43970835670218733
val,2.061339366837067,0.4402692091979809
val,2.063483478027528,0.44083006169377453
val,2.0637460616134433,0.44139091418956816
val,2.065878352857392,0.44195176668536174
val,2.0659902892337763,0.44251261918115536
val,2.0659902892337763,0.44307347167694894
val,2.066214075471244,0.44363432417274257
val,2.0682229793464493,0.4441951766685362
val,2.0682229793464493,0.44475602916432977
val,2.068297205031454,0.4453168816601234
val,2.068297205031454,0.44587773415591697
val,2.0690017170456,0.4464385866517106
val,2.0697420760416447,0.44699943914750423
val,2.0697420760416447,0.4475602916432978
val,2.0697420760416447,0.44812114413909143
val,2.071513805095089,0.448681996634885
val,2.071513805095089,0.44924284913067863
val,2.075145327053852,0.44980370162647226
val,2.0791812460476247,0.45036455412226584
val,2.0800850850458694,0.45092540661805947
val,2.0800850850458694,0.45148625911385304
val,2.0800850850458694,0.45204711160964667
val,2.0800850850458694,0.4526079641054403
val,2.080157310970184,0.45316881660123387
val,2.080157310970184,0.4537296690970275
val,2.080157310970184,0.4542905215928211
val,2.080157310970184,0.4548513740886147
val,2.080157310970184,0.4554122265844083
val,2.0805182605271177,0.4559730790802019
val,2.081851171517454,0.45653393157599553
val,2.0819590663004783,0.4570947840717891
val,2.0819590663004783,0.45765563656758274
val,2.0822107166012427,0.4582164890633763
val,2.0822107166012427,0.45877734155916994
val,2.0827853703164503,0.45933819405496357
val,2.0862886290216824,0.45989904655075714
val,2.0875329757340935,0.46045989904655077
val,2.0875329757340935,0.46102075154234434
val,2.0875329757340935,0.46158160403813797
val,2.0879587894607328,0.4621424565339316
val,2.088313315588097,0.4627033090297252
val,2.088313315588097,0.4632641615255188
val,2.0884904701823963,0.4638250140213124
val,2.0884904701823963,0.464385866517106
val,2.0906812044573906,0.46494671901289963
val,2.092229242162857,0.4655075715086932
val,2.0926855629374908,0.46606842400448684
val,2.0926855629374908,0.4666292765002804
val,2.093001196684749,0.46719012899607404
val,2.0938767553900446,0.4677509814918676
val,2.094401244582937,0.46831183398766124
val,2.0968752680596876,0.46887268648345487
val,2.0978470774233364,0.46943353897924844
val,2.10133457322018,0.4699943914750421
val,2.10133457322018,0.47055524397083565
val,2.10133457322018,0.4711160964666293
val,2.1014721170002377,0.4716769489624229
val,2.1014721170002377,0.4722378014582165
val,2.1014721170002377,0.4727986539540101
val,2.1014721170002377,0.4733595064498037
val,2.1029137027892206,0.4739203589455973
val,2.1029137027892206,0.47448121144139094
val,2.104008850999243,0.4750420639371845
val,2.1049307390777403,0.47560291643297814
val,2.1068026275996505,0.4761637689287717
val,2.108192805135042,0.47672462142456534
val,2.108192805135042,0.47728547392035897
val,2.1084297084234667,0.47784632641615254
val,2.1090382955743814,0.4784071789119462
val,2.1095110522299323,0.47896803140773975
val,2.110522372601323,0.4795288839035334
val,2.1120013954861885,0.48008973639932695
val,2.1120013954861885,0.4806505888951206
val,2.112906490253314,0.4812114413909142
val,2.112906490253314,0.4817722938867078
val,2.1140435625480776,0.4823331463825014
val,2.1150777166595804,0.482893998878295
val,2.1166741447959465,0.4834548513740886
val,2.116740535452944,0.48401570386988224
val,2.116806915962344,0.4845765563656758
val,2.118165485243124,0.48513740886146944
val,2.1202118682570736,0.485698261357263
val,2.1202118682570736,0.48625911385305665
val,2.1202118682570736,0.4868199663488503
val,2.1215270164553788,0.48738081884464385
val,2.1215270164553788,0.4879416713404375
val,2.1215270164553788,0.48850252383623105
val,2.1215270164553788,0.4890633763320247
val,2.1226417696255364,0.4896242288278183
val,2.1226417696255364,0.4901850813236119
val,2.1226417696255364,0.4907459338194055
val,2.123753668755841,0.4913067863151991
val,2.123753668755841,0.4918676388109927
val,2.126293790693266,0.49242849130678634
val,2.126293790693266,0.4929893438025799
val,2.1277201528923193,0.49355019629837354
val,2.1280760126687155,0.4941110487941671
val,2.1283992687178066,0.49467190128996075
val,2.132195629573424,0.4952327537857543
val,2.1349098791318784,0.49579360628154795
val,2.1370691308394085,0.4963544587773416
val,2.137986732723532,0.49691531127313515
val,2.1381763395730413,0.4974761637689288
val,2.1381763395730413,0.49803701626472235
val,2.1381763395730413,0.498597868760516
val,2.1384605947257023,0.4991587212563096
val,2.1384605947257023,0.4997195737521032
val,2.1401307783711343,0.5002804262478968
val,2.1408535813227223,0.5008412787436904
val,2.141543834220653,0.501402131239484
val,2.1420764610732848,0.5019629837352776
val,2.1437328231386923,0.5025238362310712
val,2.1449476336703737,0.5030846887268648
val,2.1451964061141817,0.5036455412226585
val,2.1451964061141817,0.504206393718452
val,2.1454761048849593,0.5047672462142456
val,2.1471814721927966,0.5053280987100393
val,2.1478617484872387,0.5058889512058329
val,2.1489109931093564,0.5064498037016265
val,2.149065080207621,0.50701065619742
val,2.149773177559665,0.5075715086932137
val,2.1525635142565394,0.5081323611890073
val,2.1540586103769708,0.5086932136848009
val,2.1554575014518425,0.5092540661805945
val,2.1560643123398653,0.5098149186763881
val,2.157184682201611,0.5103757711721817
val,2.1579400559647675,0.5109366236679753
val,2.159326520197866,0.511497476163769
val,2.159326520197866,0.5120583286595626
val,2.159326520197866,0.5126191811553561
val,2.159326520197866,0.5131800336511497
val,2.159326520197866,0.5137408861469434
val,2.159326520197866,0.514301738642737
val,2.159326520197866,0.5148625911385306
val,2.159326520197866,0.5154234436343241
val,2.159326520197866,0.5159842961301178
val,2.159326520197866,0.5165451486259114
val,2.1596273406586737,0.517106001121705
val,2.1596273406586737,0.5176668536174986
val,2.160828543144546,0.5182277061132922
val,2.161038412422962,0.5187885586090858
val,2.161038412422962,0.5193494111048794
val,2.161038412422962,0.519910263600673
val,2.161038412422962,0.5204711160964667
val,2.161397952545797,0.5210319685922602
val,2.1640552918934515,0.5215928210880538
val,2.1651552613920657,0.5221536735838475
val,2.1651552613920657,0.5227145260796411
val,2.168409083519626,0.5232753785754347
val,2.168409083519626,0.5238362310712282
val,2.168409083519626,0.5243970835670219
val,2.168409083519626,0.5249579360628155
val,2.168409083519626,0.5255187885586091
val,2.169115780235715,0.5260796410544027
val,2.1709654063108412,0.5266404935501963
val,2.1709654063108412,0.5272013460459899
val,2.1712289967250515,0.5277621985417835
val,2.1715802019320636,0.5283230510375772
val,2.1720480341802557,0.5288839035333707
val,2.1728946977521764,0.5294447560291643
val,2.172982189505869,0.5300056085249579
val,2.172982189505869,0.5305664610207516
val,2.1740307180380256,0.5311273135165452
val,2.177045657462139,0.5316881660123387
val,2.178890655048907,0.5322490185081323
val,2.178890655048907,0.532809871003926
val,2.1806419027298323,0.5333707234997196
val,2.1814433955418977,0.5339315759955132
val,2.1826143477363495,0.5344924284913067
val,2.182756931040399,0.5350532809871004
val,2.183696808634681,0.535614133482894
val,2.186871614364535,0.5361749859786876
val,2.186871614364535,0.5367358384744813
val,2.187153953785416,0.5372966909702748
val,2.1872950546937378,0.5378575434660684
val,2.1880280413350808,0.538418395961862
val,2.188197016558755,0.5389792484576557
val,2.188422214635828,0.5395401009534493
val,2.188675422969832,0.5401009534492428
val,2.1932359416397538,0.5406618059450364
val,2.193708832395355,0.5412226584408301
val,2.194097885578952,0.5417835109366237
val,2.194097885578952,0.5423443634324173
val,2.194097885578952,0.5429052159282108
val,2.194097885578952,0.5434660684240045
val,2.194097885578952,0.5440269209197981
val,2.194097885578952,0.5445877734155917
val,2.1956229435869368,0.5451486259113854
val,2.1956229435869368,0.5457094784071789
val,2.1971426649725627,0.5462703309029725
val,2.197776611271387,0.5468311833987661
val,2.1992888280824054,0.5473920358945598
val,2.2005769267548483,0.5479528883903534
val,2.200932535899193,0.5485137408861469
val,2.2018339304743506,0.5490745933819405
val,2.202924027637802,0.5496354458777342
val,2.202924027637802,0.5501962983735278
val,2.2034408668304377,0.5507571508693214
val,2.2034408668304377,0.5513180033651149
val,2.2034408668304377,0.5518788558609086
val,2.2037126406077068,0.5524397083567022
val,2.204499824171151,0.5530005608524958
val,2.2058266593593414,0.5535614133482895
val,2.2084682302656176,0.554122265844083
val,2.209809805785379,0.5546831183398766
val,2.2104790426452476,0.5552439708356702
val,2.210880090306865,0.5558048233314639
val,2.2109602554168117,0.5563656758272574
val,2.215637563435062,0.556926528323051
val,2.215875395461276,0.5574873808188446
val,2.215875395461276,0.5580482333146383
val,2.215875395461276,0.5586090858104319
val,2.216060285923142,0.5591699383062254
val,2.2176418407733274,0.559730790802019
val,2.2179574617769737,0.5602916432978127
val,2.218981648784926,0.5608524957936063
val,2.220787776165875,0.5614133482893999
val,2.2241185111063806,0.5619742007851934
val,2.2246366386814405,0.5625350532809871
val,2.226264711895694,0.5630959057767807
val,2.226264711895694,0.5636567582725743
val,2.226264711895694,0.564217610768368
val,2.227989484044257,0.5647784632641615
val,2.228964677405161,0.5653393157599551
val,2.232742062720737,0.5659001682557487
val,2.2332500095411003,0.5664610207515424
val,2.233376903473896,0.567021873247336
val,2.233376903473896,0.5675827257431295
val,2.2344413512663346,0.5681435782389231
val,2.2344413512663346,0.5687044307347168
val,2.2374683332495686,0.5692652832305104
val,2.2399248132621516,0.569826135726304
val,2.2399248132621516,0.5703869882220975
val,2.2399248132621516,0.5709478407178912
val,2.24206911233894,0.5715086932136848
val,2.24206911233894,0.5720695457094784
val,2.24206911233894,0.5726303982052721
val,2.244004828091453,0.5731912507010656
val,2.244326610230636,0.5737521031968592
val,2.2466954950961155,0.5743129556926528
val,2.2476050641507705,0.5748738081884465
val,2.2476050641507705,0.5754346606842401
val,2.2499561819586806,0.5759955131800336
val,2.2499561819586806,0.5765563656758272
val,2.2499561819586806,0.5771172181716209
val,2.2508589545992947,0.5776780706674145
val,2.256236533205923,0.5782389231632081
val,2.256236533205923,0.5787997756590016
val,2.256236533205923,0.5793606281547953
val,2.2580623120109196,0.5799214806505889
val,2.2580623120109196,0.5804823331463825
val,2.2587091005698268,0.5810431856421762
val,2.260166826834355,0.5816040381379697
val,2.260166826834355,0.5821648906337633
val,2.261833620575751,0.5827257431295569
val,2.261833620575751,0.5832865956253506
val,2.263636068588108,0.5838474481211441
val,2.268788516223584,0.5844083006169377
val,2.2689522023944986,0.5849691531127313
val,2.2689522023944986,0.585530005608525
val,2.2698863702786736,0.5860908581043186
val,2.270469206453198,0.5866517106001121
val,2.270469206453198,0.5872125630959057
val,2.270469206453198,0.5877734155916994
val,2.270655548952985,0.588334268087493
val,2.273857435371118,0.5888951205832866
val,2.273857435371118,0.5894559730790802
val,2.277563376055919,0.5900168255748738
val,2.282009999342054,0.5905776780706674
val,2.2823501689230885,0.591138530566461
val,2.2823501689230885,0.5916993830622547
val,2.282893886655331,0.5922602355580482
val,2.284272779857725,0.5928210880538418
val,2.284272779857725,0.5933819405496354
val,2.284272779857725,0.5939427930454291
val,2.2889865867916286,0.5945036455412227
val,2.2890981990566166,0.5950644980370162
val,2.290101420759143,0.5956253505328098
val,2.291057894434276,0.5961862030286035
val,2.292831794508625,0.5967470555243971
val,2.294003025725598,0.5973079080201907
val,2.294003025725598,0.5978687605159843
val,2.295523118547494,0.5984296130117779
val,2.2958968186789894,0.5989904655075715
val,2.2958968186789894,0.5995513180033651
val,2.296862551992673,0.6001121704991588
val,2.296862551992673,0.6006730229949523
val,2.297629218364148,0.6012338754907459
val,2.297629218364148,0.6017947279865395
val,2.298328988073495,0.6023555804823332
val,2.2987439434824073,0.6029164329781268
val,2.3001822946469006,0.6034772854739203
val,2.3023742260755826,0.604038137969714
val,2.302720449896134,0.6045989904655076
val,2.3044905277734875,0.6051598429613012
val,2.305136318943639,0.6057206954570948
val,2.305136318943639,0.6062815479528884
val,2.308286888629105,0.606842400448682
val,2.3092254889848007,0.6074032529444756
val,2.3106083564585234,0.6079641054402692
val,2.311011748981288,0.6085249579360628
val,2.311011748981288,0.6090858104318564
val,2.311435968289161,0.60964666292765
val,2.311435968289161,0.6102075154234436
val,2.3116691124006112,0.6107683679192373
val,2.312537003107303,0.6113292204150308
val,2.3136352536103337,0.6118900729108244
val,2.314541329129881,0.612450925406618
val,2.3180633349627615,0.6130117779024117
val,2.318125969073185,0.6135726303982053
val,2.3196472881834227,0.6141334828939988
val,2.321557007938544,0.6146943353897925
val,2.322405381067654,0.6152551878855861
val,2.322570724231276,0.6158160403813797
val,2.3231902010602106,0.6163768928771733
val,2.323870606540509,0.6169377453729669
val,2.3242412879928698,0.6174985978687605
val,2.3242412879928698,0.6180594503645541
val,2.3258644366153463,0.6186203028603477
val,2.3267658453640534,0.6191811553561414
val,2.3272976178958547,0.6197420078519349
val,2.3272976178958547,0.6203028603477285
val,2.3284407673684075,0.6208637128435222
val,2.333265860726174,0.6214245653393158
val,2.3334069668739175,0.6219854178351094
val,2.3334069668739175,0.6225462703309029
val,2.3334069668739175,0.6231071228266966
val,2.3334069668739175,0.6236679753224902
val,2.3342325263296,0.6242288278182838
val,2.3350565194390915,0.6247896803140774
val,2.3352371869097284,0.625350532809871
val,2.3354177792535475,0.6259113853056646
val,2.3354177792535475,0.6264722378014582
val,2.3354177792535475,0.6270330902972518
val,2.3354177792535475,0.6275939427930455
val,2.335818826915165,0.628154795288839
val,2.3358989920251116,0.6287156477846326
val,2.3371596445268557,0.6292765002804263
val,2.3386755777532025,0.6298373527762199
val,2.3408405498123317,0.6303982052720135
val,2.3408405498123317,0.630959057767807
val,2.341909120179768,0.6315199102636007
val,2.346313847059117,0.6320807627593943
val,2.346431218659823,0.6326416152551879
val,2.3473300153169503,0.6332024677509815
val,2.3473300153169503,0.6337633202467751
val,2.3479541698940163,0.6343241727425687
val,2.3513904151422524,0.6348850252383623
val,2.354204511370313,0.635445877734156
val,2.3553173987845595,0.6360067302299495
val,2.355930187078868,0.6365675827257431
val,2.35665675193585,0.6371284352215367
val,2.3588481900960803,0.6376892877173304
val,2.358905210313047,0.638250140213124
val,2.358905210313047,0.6388109927089175
val,2.358905210313047,0.6393718452047111
val,2.3600630006277616,0.6399326977005048
val,2.3607448412104035,0.6404935501962984
val,2.3623693625010485,0.641054402692092
val,2.3643070465816085,0.6416152551878855
val,2.365075958528464,0.6421761076836792
val,2.36707624226875,0.6427369601794728
val,2.367654046647407,0.6432978126752664
val,2.368156670034973,0.64385866517106
val,2.368156670034973,0.6444195176668536
val,2.370031712709581,0.6449803701626472
val,2.376157057783254,0.6455412226584408
val,2.376157057783254,0.6461020751542345
val,2.376157057783254,0.6466629276500281
val,2.377925189530032,0.6472237801458216
val,2.377925189530032,0.6477846326416152
val,2.3795411877525976,0.6483454851374089
val,2.3802293369380374,0.6489063376332025
val,2.38142195796735,0.6494671901289961
val,2.381548256191099,0.6500280426247896
val,2.382899151506837,0.6505888951205833
val,2.382899151506837,0.6511497476163769
val,2.382899151506837,0.6517106001121705
val,2.385123455892216,0.6522714526079642
val,2.3862313505795254,0.6528323051037577
val,2.388527468068245,0.6533931575995513
val,2.3885629713980747,0.6539540100953449
val,2.390617214336786,0.6545148625911386
val,2.391129260417902,0.6550757150869322
val,2.391711200121372,0.6556365675827257
val,2.391905006867157,0.6561974200785193
val,2.394906751054026,0.656758272574313
val,2.395413767475018,0.6573191250701066
val,2.396303983762163,0.6578799775659002
val,2.397905263723669,0.6584408300616937
val,2.399864008046825,0.6590016825574874
val,2.400727897737122,0.659562535053281
val,2.401400540781544,0.6601233875490746
val,2.402364568884161,0.6606842400448683
val,2.402364568884161,0.6612450925406618
val,2.402484922073764,0.6618059450364554
val,2.402484922073764,0.662366797532249
val,2.402484922073764,0.6629276500280427
val,2.402914482831523,0.6634885025238362
val,2.403943698453202,0.6640493550196298
val,2.4056707217213265,0.6646102075154234
val,2.405943680512197,0.6651710600112171
val,2.406489083959762,0.6657319125070107
val,2.4073569074859473,0.6662927650028042
val,2.408833321776418,0.6668536174985978
val,2.4089688323612073,0.6674144699943915
val,2.4094597040874475,0.6679753224901851
val,2.4125949311184796,0.6685361749859787
val,2.4139197420336536,0.6690970274817722
val,2.414522115520651,0.6696578799775659
val,2.416773604023939,0.6702187324733595
val,2.4194766044273393,0.6707795849691531
val,2.420417869286317,0.6713404374649468
val,2.421241863921055,0.6719012899607403
val,2.421241863921055,0.6724621424565339
val,2.4225734262955965,0.6730229949523275
val,2.4232950365671155,0.6735838474481212
val,2.426950213654976,0.6741446999439148
val,2.4274861090957853,0.6747055524397083
val,2.428345408184885,0.6752664049355019
val,2.4287663303280818,0.6758272574312956
val,2.4313155065355248,0.6763881099270892
val,2.4328090050331683,0.6769489624228828
val,2.4332256252374047,0.6775098149186763
val,2.4333056987081227,0.67807066741447
val,2.434153571066601,0.6786315199102636
val,2.434153571066601,0.6791923724060572
val,2.434153571066601,0.6797532249018509
val,2.4394905903896835,0.6803140773976444
val,2.4418207722892835,0.680874929893438
val,2.4418835769867036,0.6814357823892316
val,2.4421347049919104,0.6819966348850253
val,2.4434507498835405,0.6825574873808189
val,2.4434820357303217,0.6831183398766124
val,2.444747222225778,0.683679192372406
val,2.445962076324097,0.6842400448681997
val,2.4462419453254136,0.6848008973639933
val,2.446739045333934,0.6853617498597869
val,2.450803173223646,0.6859226023555804
val,2.450803173223646,0.6864834548513741
val,2.450864692379766,0.6870443073471677
val,2.4512182585137934,0.6876051598429613
val,2.4512182585137934,0.688166012338755
val,2.452123918449043,0.6887268648345485
val,2.452307889568104,0.6892877173303421
val,2.454112800025813,0.6898485698261357
val,2.455088606040952,0.6904094223219294
val,2.4561837734291294,0.6909702748177229
val,2.456472315975146,0.6915311273135165
val,2.456472315975146,0.6920919798093101
val,2.458985145711013,0.6926528323051038
val,2.4601759235180283,0.6932136848008974
val,2.460356515861848,0.6937745372966909
val,2.460356515861848,0.6943353897924845
val,2.4606723718774317,0.6948962422882782
val,2.4606723718774317,0.6954570947840718
val,2.4620833948696252,0.6960179472798654
val,2.4651894581122975,0.696578799775659
val,2.466170411157883,0.6971396522714526
val,2.466823151065687,0.6977005047672462
val,2.467608105583633,0.6982613572630398
val,2.469439079183607,0.6988222097588335
val,2.469439079183607,0.699383062254627
val,2.469439079183607,0.6999439147504206
val,2.470160486526572,0.7005047672462142
val,2.4703516793458182,0.7010656197420079
val,2.47088069752548,0.7016264722378015
val,2.4714090720870554,0.702187324733595
val,2.4716143776031747,0.7027481772293886
val,2.4726101975960444,0.7033090297251823
val,2.473078029844237,0.7038698822209759
val,2.473078029844237,0.7044307347167695
val,2.473764246075135,0.704991587212563
val,2.4780467627564504,0.7055524397083567
val,2.4786386315431668,0.7061132922041503
val,2.4799206507128884,0.7066741446999439
val,2.483801182460488,0.7072349971957376
val,2.483843946921347,0.7077958496915311
val,2.484712578894317,0.7083567021873247
val,2.491669793508666,0.7089175546831183
val,2.491809766592,0.709478407178912
val,2.49220145139254,0.7100392596747056
val,2.49220145139254,0.7106001121704991
val,2.492397161401538,0.7111609646662927
val,2.4947527288189404,0.7117218171620864
val,2.495710808313926,0.71228266965788
val,2.497441095076971,0.7128435221536736
val,2.499632105153693,0.7134043746494672
val,2.500332547048551,0.7139652271452608
val,2.500332547048551,0.7145260796410544
val,2.502863926138332,0.715086932136848
val,2.5033956903224466,0.7156477846326417
val,2.5044844552232317,0.7162086371284352
val,2.504742636271688,0.7167694896242288
val,2.504878459410216,0.7173303421200224
val,2.5052585383709407,0.7178911946158161
val,2.506991818723615,0.7184520471116096
val,2.508327674547125,0.7190128996074032
val,2.5088258808686903,0.7195737521031969
val,2.509498225929599,0.7201346045989905
val,2.5111343927288665,0.7206954570947841
val,2.516905391125257,0.7212563095905776
val,2.5181979744351377,0.7218171620863713
val,2.5188691264429286,0.7223780145821649
val,2.5197755078874557,0.7229388670779585
val,2.5206014247422135,0.7234997195737521
val,2.523499342767935,0.7240605720695457
val,2.526352202628514,0.7246214245653393
val,2.5273076043950233,0.7251822770611329
val,2.5299946730691416,0.7257431295569265
val,2.5342800052050816,0.7263039820527202
val,2.5353700832791657,0.7268648345485137
val,2.542551573340032,0.7274256870443073
val,2.5431115439534384,0.727986539540101
val,2.543161284194799,0.7285473920358946
val,2.544092860468788,0.7291082445316882
val,2.545356605894617,0.7296690970274817
val,2.547700881354684,0.7302299495232754
val,2.549971370443728,0.730790802019069
val,2.549971370443728,0.7313516545148626
val,2.552656050830272,0.7319125070106562
val,2.553737428671263,0.7324733595064498
val,2.554513387750996,0.7330342120022434
val,2.5545739512064345,0.733595064498037
val,2.5567486297633164,0.7341559169938306
val,2.5577597651317836,0.7347167694896243
val,2.559763032876794,0.7352776219854178
val,2.5612087508799486,0.7358384744812114
val,2.5631012082812745,0.736399326977005
val,2.5644530065313664,0.7369601794727987
val,2.56998219805848,0.7375210319685923
val,2.571510850866108,0.7380818844643858
val,2.5730225339455397,0.7386427369601795
val,2.573243032184124,0.7392035894559731
val,2.573243032184124,0.7397644419517667
val,2.57399652277935,0.7403252944475603
val,2.5785819114018698,0.7408861469433539
val,2.5787537844264348,0.7414469994391475
val,2.579715018389665,0.7420078519349411
val,2.5801149054749035,0.7425687044307347
val,2.5801149054749035,0.7431295569265284
val,2.5811414989920385,0.7436904094223219
val,2.581779045728459,0.7442512619181155
val,2.5825746652583113,0.7448121144139092
val,2.5825746652583113,0.7453729669097028
val,2.5836067963731986,0.7459338194054963
val,2.5839238823193127,0.7464946719012899
val,2.5853027755217064,0.7470555243970836
val,2.59001658245561,0.7476163768928772
val,2.594248866857383,0.7481772293886708
val,2.5950881902114293,0.7487380818844643
val,2.597552591097688,0.749298934380258
val,2.597552591097688,0.7498597868760516
val,2.597969275225808,0.7504206393718452
val,2.598659214028129,0.7509814918676389
val,2.598659214028129,0.7515423443634324
val,2.599369908697716,0.752103196859226
val,2.599784853673271,0.7526640493550196
val,2.60079870758378,0.7532249018508133
val,2.6010490810183886,0.7537857543466069
val,2.6037612606082874,0.7543466068424004
val,2.604679556724295,0.754907459338194
val,2.605412798153051,0.7554683118339877
val,2.607412127814179,0.7560291643297813
val,2.612179661377579,0.7565900168255749
val,2.6153081255797757,0.7571508693213684
val,2.615571324793862,0.7577117218171621
val,2.617252033090797,0.7582725743129557
val,2.617964369223516,0.7588334268087493
val,2.6186755388851397,0.759394279304543
val,2.620063145703664,0.7599551318003365
val,2.620677283847404,0.7605159842961301
val,2.621456716357618,0.7610768367919237
val,2.623135531707399,0.7616376892877174
val,2.6244780515059127,0.762198541783511
val,2.626042522003252,0.7627593942793045
val,2.626042522003252,0.7633202467750981
val,2.626884178239356,0.7638810992708918
val,2.628899564420607,0.7644419517666854
val,2.629480956183244,0.765002804262479
val,2.6296745806078885,0.7655636567582725
val,2.6325686354700166,0.7661245092540662
val,2.633791531273789,0.7666853617498598
val,2.636447774917529,0.7672462142456534
val,2.6369690646957107,0.767807066741447
val,2.6385192072654595,0.7683679192372406
val,2.639904644965363,0.7689287717330342
val,2.6400240441088667,0.7694896242288278
val,2.6418606390110946,0.7700504767246215
val,2.6418606390110946,0.770611329220415
val,2.6418606390110946,0.7711721817162086
val,2.642157734714228,0.7717330342120022
val,2.644418893126335,0.7722938867077959
val,2.647353624901466,0.7728547392035895
val,2.648418563593011,0.773415591699383
val,2.649529565947819,0.7739764441951766
val,2.6549366139396287,0.7745372966909703
val,2.655224900768312,0.7750981491867639
val,2.655224900768312,0.7756590016825575
val,2.6585551173749464,0.776219854178351
val,2.660305655017878,0.7767807066741447
val,2.6616518059347904,0.7773415591699383
val,2.6633993581650297,0.7779024116657319
val,2.6633993581650297,0.7784632641615256
val,2.6653276568634183,0.7790241166573191
val,2.665552850075025,0.7795849691531127
val,2.666105954192445,0.7801458216489063
val,2.6692052702133577,0.7807066741447
val,2.669809483478991,0.7812675266404936
val,2.6708393543375233,0.7818283791362871
val,2.673785550835815,0.7823892316320807
val,2.6764283804419233,0.7829500841278744
val,2.6767484644107724,0.783510936623668
val,2.677707303295998,0.7840717891194616
val,2.6788460248360417,0.7846326416152551
val,2.6810059307966028,0.7851934941110488
val,2.68165723695277,0.7857543466068424
val,2.683092087197129,0.786315199102636
val,2.6832362124698608,0.7868760515984297
val,2.6856073999461727,0.7874369040942232
val,2.6889090176205546,0.7879977565900168
val,2.6889090176205546,0.7885586090858104
val,2.6911610907411823,0.7891194615816041
val,2.6921945473611086,0.7896803140773977
val,2.692935002531138,0.7902411665731912
val,2.694649064847641,0.7908020190689848
val,2.695936746718007,0.7913628715647785
val,2.6981962713313834,0.7919237240605721
val,2.6986137367711853,0.7924845765563657
val,2.70031423474762,0.7930454290521592
val,2.7025425424030116,0.7936062815479529
val,2.703213972204323,0.7941671340437465
val,2.7033945645481423,0.7947279865395401
val,2.708743738826242,0.7952888390353338
val,2.712481337801919,0.7958496915311273
val,2.714815763383719,0.7964105440269209
val,2.715928170776631,0.7969713965227145
val,2.71703773611327,0.7975322490185082
val,2.7174125120406756,0.7980931015143017
val,2.7174125120406756,0.7986539540100953
val,2.7220412986321163,0.7992148065058889
val,2.722271859585036,0.7997756590016826
val,2.7270692950561486,0.8003365114974762
val,2.728321310191844,0.8008973639932697
val,2.73189483894544,0.8014582164890633
val,2.7333577879255855,0.802019068984857
val,2.7344077478750233,0.8025799214806506
val,2.7349677563108177,0.8031407739764442
val,2.7373675979103016,0.8037016264722378
val,2.7384793009137867,0.8042624789680314
val,2.7389548752954136,0.804823331463825
val,2.740244229390249,0.8053841839596186
val,2.740678425227455,0.8059450364554123
val,2.740678425227455,0.8065058889512058
val,2.7422851165944104,0.8070667414469994
val,2.7431568551033823,0.807627593942793
val,2.7481880270062,0.8081884464385867
val,2.749040268703457,0.8087492989343803
val,2.752248254177774,0.8093101514301738
val,2.752747368270807,0.8098710039259674
val,2.7548450434821157,0.8104318564217611
val,2.7568414178701883,0.8109927089175547
val,2.7589118923979736,0.8115535614133483
val,2.761236023121432,0.8121144139091419
val,2.7613865115258287,0.8126752664049355
val,2.7625585348503083,0.8132361189007291
val,2.762716065949462,0.8137969713965227
val,2.763360597810767,0.8143578238923164
val,2.765198994790502,0.8149186763881099
val,2.76797913122255,0.8154795288839035
val,2.7681865554566563,0.8160403813796971
val,2.76829763484356,0.8166012338754908
val,2.770343810699716,0.8171620863712844
val,2.770476442201837,0.8177229388670779
val,2.771381675009799,0.8182837913628715
val,2.7740568808950865,0.8188446438586652
val,2.7741007195036604,0.8194054963544588
val,2.7753992560112675,0.8199663488502524
val,2.775442959333648,0.820527201346046
val,2.779120093254271,0.8210880538418396
val,2.779661414151369,0.8216489063376332
val,2.779906590865361,0.8222097588334268
val,2.782171523636886,0.8227706113292205
val,2.7843818968646676,0.823331463825014
val,2.7865100803878065,0.8238923163208076
val,2.7885501560815538,0.8244531688166012
val,2.791957177724236,0.8250140213123949
val,2.7929097318837894,0.8255748738081884
val,2.79402073706099,0.826135726303982
val,2.795184589682424,0.8266965787997756
val,2.7961509325840157,0.8272574312955693
val,2.7975168249561317,0.8278182837913629
val,2.7984710907409527,0.8283791362871564
val,2.7995266357873163,0.82893998878295
val,2.80042836891833,0.8295008412787437
val,2.804425685986428,0.8300616937745373
val,2.807785250298817,0.8306225462703309
val,2.8092835636980245,0.8311833987661245
val,2.8098895185180712,0.8317442512619181
val,2.8098895185180712,0.8323051037577117
val,2.810534939790517,0.8328659562535053
val,2.8110653492137176,0.833426808749299
val,2.8141276819290346,0.8339876612450925
val,2.8154980539517336,0.8345485137408861
val,2.815717178296494,0.8351093662366798
val,2.816188253151372,0.8356702187324734
val,2.817928782102453,0.836231071228267
val,2.8205101521820164,0.8367919237240605
val,2.8212383225499726,0.8373527762198542
val,2.824444763703503,0.8379136287156478
val,2.825471557264652,0.8384744812114414
val,2.827789146530529,0.839035333707235
val,2.8282860104195406,0.8395961862030286
val,2.8283376000590046,0.8401570386988222
val,2.828872481261447,0.8407178911946158
val,2.8292780360991494,0.8412787436904094
val,2.8312425047247776,0.8418395961862031
val,2.8328281295393536,0.8424004486819966
val,2.835424207076886,0.8429613011777902
val,2.835519355980416,0.8435221536735839
val,2.8386602259889413,0.8440830061693775
val,2.8398173055976907,0.8446438586651711
val,2.843083210487105,0.8452047111609646
val,2.844738046854338,0.8457655636567583
val,2.847159142305466,0.8463264161525519
val,2.8478933264252886,0.8468872686483455
val,2.8487370295007537,0.8474481211441391
val,2.8607571230815423,0.8480089736399327
val,2.8637153325336984,0.8485698261357263
val,2.8707198536947938,0.8491306786315199
val,2.872517548719778,0.8496915311273135
val,2.874290430836743,0.8502523836231072
val,2.8759809931239237,0.8508132361189007
val,2.8764083801425744,0.8513740886146943
val,2.8788605968384067,0.851934941110488
val,2.8816984224602864,0.8524957936062816
val,2.8819207735773165,0.8530566461020751
val,2.8892848907816204,0.8536174985978687
val,2.899694681015259,0.8541783510936624
val,2.9040714683746383,0.854739203589456
val,2.9064858871373596,0.8553000560852496
val,2.908431398966006,0.8558609085810431
val,2.9091011725201548,0.8564217610768368
val,2.9094543967202053,0.8569826135726304
val,2.9103308634911365,0.857543466068424
val,2.9178309771419415,0.8581043185642176
val,2.9197107594272427,0.8586651710600112
val,2.9213378597892823,0.8592260235558048
val,2.9252450337306297,0.8597868760515984
val,2.925806967042974,0.860347728547392
val,2.9314070135565733,0.8609085810431857
val,2.932214937348537,0.8614694335389792
val,2.936890570686399,0.8620302860347728
val,2.937999060359692,0.8625911385305665
val,2.9414319206455497,0.8631519910263601
val,2.9440679203453017,0.8637128435221537
val,2.944729360303296,0.8642736960179472
val,2.9476885377842685,0.8648345485137409
val,2.948075376053311,0.8653954010095345
val,2.949380247108695,0.8659562535053281
val,2.9514880869756386,0.8665171060011218
val,2.9524097855049307,0.8670779584969153
val,2.955211352309952,0.8676388109927089
val,2.9625966059112567,0.8681996634885025
val,2.9666391258015343,0.8687605159842962
val,2.9666391258015343,0.8693213684800898
val,2.9695603425084416,0.8698822209758833
val,2.970086407441639,0.8704430734716769
val,2.971535605346295,0.8710039259674706
val,2.971966643900576,0.8715647784632642
val,2.9722445064263345,0.8721256309590578
val,2.9736726898789043,0.8726864834548513
val,2.975785533996289,0.873247335950645
val,2.979070114390943,0.8738081884464386
val,2.979070114390943,0.8743690409422322
val,2.98244310725746,0.8749298934380259
val,2.98657021069597,0.8754907459338194
val,2.9921335999776777,0.876051598429613
val,2.9984293602066887,0.8766124509254066
val,2.9989782068898316,0.8771733034212003
val,3.0010367254177757,0.8777341559169939
val,3.005682321833722,0.8782950084127874
val,3.0085192662346376,0.878855860908581
val,3.0101048195826245,0.8794167134043747
val,3.011126195811642,0.8799775659001683
val,3.014852223131282,0.8805384183959618
val,3.0170333392987803,0.8810992708917554
val,3.0196686774341113,0.8816601233875491
val,3.0198263733261506,0.8822209758833427
val,3.02151179805741,0.8827818283791363
val,3.0268395730926443,0.8833426808749298
val,3.0278631172583026,0.8839035333707235
val,3.0293756599554755,0.8844643858665171
val,3.029781360681772,0.8850252383623107
val,3.030129960447025,0.8855860908581044
val,3.0367965134548673,0.8861469433538979
val,3.038330005599611,0.8867077958496915
val,3.0449276300405943,0.8872686483454851
val,3.0469943355193236,0.8878295008412788
val,3.0495126225549556,0.8883903533370724
val,3.0507199427988927,0.8889512058328659
val,3.0513840844266893,0.8895120583286595
val,3.0525054118192543,0.8900729108244532
val,3.056413134583131,0.8906337633202468
val,3.0565923516738516,0.8911946158160404
val,3.0593929986652673,0.8917554683118339
val,3.0624202687318793,0.8923163208076276
val,3.0693831595487797,0.8928771733034212
val,3.074889548040668,0.8934380257992148
val,3.07796714514687,0.8939988782950085
val,3.080150088918252,0.894559730790802
val,3.081196034627009,0.8951205832865956
val,3.0832015193008666,0.8956814357823892
val,3.085857609893293,0.8962422882781829
val,3.0867583443519635,0.8968031407739765
val,3.0930257363641585,0.89736399326977
val,3.097180928247997,0.8979248457655636
val,3.105455681650409,0.8984856982613573
val,3.107498272612254,0.8990465507571509
val,3.1132211551760793,0.8996074032529445
val,3.1143774297861553,0.900168255748738
val,3.115577231128523,0.9007291082445317
val,3.1184069317670624,0.9012899607403253
val,3.1220093344312674,0.9018508132361189
val,3.130915654808137,0.9024116657319126
val,3.132378175548292,0.9029725182277061
val,3.1332258480685686,0.9035333707234997
val,3.1346487719414977,0.9040942232192933
val,3.1348271060422803,0.904655075715087
val,3.1393374542205335,0.9052159282108806
val,3.1396052057129196,0.9057767807066741
val,3.1440134657861987,0.9063376332024677
val,3.1457152598208387,0.9068984856982614
val,3.1475990407669374,0.907459338194055
val,3.1484915994053058,0.9080201906898485
val,3.164192196605752,0.9085810431856421
val,3.1710972215158706,0.9091418956814358
val,3.174739950744468,0.9097027481772294
val,3.1805186852075744,0.910263600673023
val,3.185202065187894,0.9108244531688166
val,3.1880308581276187,0.9113853056646102
val,3.1901187015563717,0.9119461581604038
val,3.19233045009832,0.9125070106561974
val,3.1945365416719675,0.9130678631519911
val,3.2022921045953656,0.9136287156477846
val,3.205466919011157,0.9141895681435782
val,3.209016093665102,0.9147504206393718
val,3.211553017772715,0.9153112731351655
val,3.2144305420589334,0.9158721256309591
val,3.21834115828162,0.9164329781267526
val,3.2233375620368303,0.9169938306225462
val,3.224172943555892,0.9175546831183399
val,3.226277608731042,0.9181155356141335
val,3.2345198143589364,0.9186763881099271
val,3.235485520331536,0.9192372406057207
val,3.247722922825642,0.9197980931015143
val,3.250153976475098,0.9203589455973079
val,3.250410242772676,0.9209197980931015
val,3.254702723177206,0.9214806505888952
val,3.255127716143171,0.9220415030846887
val,3.264841425329148,0.9226023555804823
val,3.2700030001050595,0.9231632080762759
val,3.2732745020903153,0.9237240605720696
val,3.2759628832957155,0.9242849130678632
val,3.2781611851312316,0.9248457655636567
val,3.279728525559383,0.9254066180594503
val,3.280177578418751,0.925967470555244
val,3.280177578418751,0.9265283230510376
val,3.284791555950146,0.9270891755468312
val,3.287539731049513,0.9276500280426248
val,3.290348526201586,0.9282108805384184
val,3.29132444179242,0.928771733034212
val,3.2920854221445808,0.9293325855300056
val,3.293612229882741,0.9298934380257993
val,3.3015703559894023,0.9304542905215928
val,3.302214004162333,0.9310151430173864
val,3.3029280517796193,0.93157599551318
val,3.305366418994645,0.9321368480089737
val,3.308034827745517,0.9326977005047672
val,3.3129597358821057,0.9332585530005608
val,3.319501639056494,0.9338194054963544
val,3.321260721703392,0.9343802579921481
val,3.3213063173598076,0.9349411104879417
val,3.324586972130439,0.9355019629837352
val,3.3263645398060944,0.9360628154795289
val,3.3266184700824586,0.9366236679753225
val,3.3330460469784957,0.9371845204711161
val,3.341202971040699,0.9377453729669097
val,3.3449676764240728,0.9383062254627033
val,3.3471875043096913,0.9388670779584969
val,3.3495786116440964,0.9394279304542905
val,3.3518986863213684,0.9399887829500841
val,3.354114204080137,0.9405496354458778
val,3.3604229943292485,0.9411104879416713
val,3.362318452375532,0.9416713404374649
val,3.363073948826548,0.9422321929332585
val,3.3667945169549074,0.9427930454290522
val,3.3856116352254864,0.9433538979248458
val,3.398426146305484,0.9439147504206393
val,3.3998830321186233,0.944475602916433
val,3.4063067908942055,0.9450364554122266
val,3.4083926201333603,0.9455973079080202
val,3.414115605075856,0.9461581604038138
val,3.414674249953103,0.9467190128996074
val,3.4285251594696464,0.947279865395401
val,3.429437342701035,0.9478407178911946
val,3.4325476122454255,0.9484015703869882
val,3.4395079555070716,0.9489624228827819
val,3.461264358828911,0.9495232753785754
val,3.4696600454631072,0.950084127874369
val,3.477617514436196,0.9506449803701627
val,3.477776544767767,0.9512058328659563
val,3.477931182055328,0.9517666853617499
val,3.4809220232030613,0.9523275378575434
val,3.487018114427374,0.9528883903533371
val,3.488863634179961,0.9534492428491307
val,3.494286810992139,0.9540100953449243
val,3.496789932153774,0.9545709478407179
val,3.5008509701271726,0.9551318003365115
val,3.5107473657316484,0.9556926528323051
val,3.512892423595348,0.9562535053280987
val,3.5163118894102583,0.9568143578238923
val,3.51864026171761,0.957375210319686
val,3.5259267602868047,0.9579360628154795
val,3.5359962735190695,0.9584969153112731
val,3.540499654842894,0.9590577678070668
val,3.5413245828768223,0.9596186203028604
val,3.5667779587195896,0.9601794727986539
val,3.5736071893294428,0.9607403252944475
val,3.58638248540822,0.9613011777902412
val,3.5956560216100972,0.9618620302860348
val,3.6144922479578794,0.9624228827818284
val,3.616707565741176,0.9629837352776219
val,3.634065956773743,0.9635445877734156
val,3.653020416626512,0.9641054402692092
val,3.6715588135806447,0.9646662927650028
val,3.6724987022661577,0.9652271452607964
val,3.675321817736609,0.96578799775659
val,3.68191296928388,0.9663488502523836
val,3.7544370205989632,0.9669097027481772
val,3.7583031510484246,0.9674705552439709
val,3.774446159007602,0.9680314077397645
val,3.791949464718129,0.968592260235558
val,3.7980557587901176,0.9691531127313516
val,3.800941726334272,0.9697139652271453
val,3.801100352654348,0.9702748177229389
val,3.8085026560030553,0.9708356702187325
val,3.815000962405628,0.971396522714526
val,3.833242760956648,0.9719573752103197
val,3.859745764388575,0.9725182277061133
val,3.8633377329644807,0.9730790802019069
val,3.874026991001205,0.9736399326977005
val,3.8860460507785217,0.9742007851934941
val,3.887345499971236,0.9747616376892877
val,3.898769595799455,0.9753224901850813
val,3.915839711519016,0.975883342680875
val,3.943767471744475,0.9764441951766686
val,3.952539636234134,0.9770050476724621
val,3.974473926357731,0.9775659001682557
val,4.005225141264118,0.9781267526640494
val,4.005718755485087,0.978687605159843
val,4.007519478763791,0.9792484576556366
val,4.042873470879381,0.9798093101514301
val,4.053426892239797,0.9803701626472238
val,4.055424587390732,0.9809310151430174
val,4.058057629050993,0.981491867638811
val,4.064252399477432,0.9820527201346047
val,4.066095110144926,0.9826135726303982
val,4.079037181152378,0.9831744251261918
val,4.109552225229061,0.9837352776219854
val,4.170552712562236,0.9842961301177791
val,4.173464244489651,0.9848569826135727
val,4.178619585903513,0.9854178351093662
val,4.260044661348437,0.9859786876051598
val,4.289842588484897,0.9865395401009535
val,4.3316339674619435,0.9871003925967471
val,4.345377063731937,0.9876612450925406
val,4.358828421339909,0.9882220975883342
val,4.380940424902889,0.9887829500841279
val,4.393903037638881,0.9893438025799215
val,4.4091571218680805,0.9899046550757151
val,4.436055253259738,0.9904655075715086
val,4.438345645579817,0.9910263600673023
val,4.477361353187046,0.9915872125630959
val,4.47794534234458,0.9921480650588895
val,4.482295616105205,0.9927089175546832
val,4.49057013667327,0.9932697700504767
val,4.519165681950432,0.9938306225462703
val,4.524152485332329,0.9943914750420639
val,4.5278688903732665,0.9949523275378576
val,4.6652711525766275,0.9955131800336512
val,4.740470854830613,0.9960740325294447
val,4.8986673814827695,0.9966348850252383
val,4.928009424613169,0.997195737521032
val,5.1039362460418864,0.9977565900168256
val,5.172553778434662,0.9983174425126192
val,5.217940949964444,0.9988782950084127
val,5.378696407593419,0.9994391475042064
val,5.4501062296554705,1.0
test,1.0064660422492318,0.0005608524957936063
test,1.1149444157125847,0.0011217049915872126
test,1.1383026981662814,0.0016825574873808188
test,1.176958980586908,0.002243409983174425
test,1.1947917577219247,0.0028042624789680315
test,1.209783014848515,0.0033651149747616375
test,1.209783014848515,0.003925967470555244
test,1.2543063323312855,0.00448681996634885
test,1.2659963704950792,0.005047672462142457
test,1.2706788361447063,0.005608524957936063
test,1.2711443179490785,0.0061693774537296695
test,1.2755416884013095,0.006730229949523275
test,1.2801228963023077,0.007291082445316881
test,1.2823955047425255,0.007851934941110488
test,1.3038437748886544,0.008412787436904094
test,1.3102683666324475,0.0089736399326977
test,1.3102683666324475,0.009534492428491307
test,1.3273589343863303,0.010095344924284913
test,1.3279716236230106,0.01065619742007852
test,1.335858911319818,0.011217049915872126
test,1.3434085938038574,0.011777902411665733
test,1.344588742578714,0.012338754907459339
test,1.3496659840966296,0.012899607403252944
test,1.3496659840966296,0.01346045989904655
test,1.369030221809153,0.014021312394840156
test,1.370698092575577,0.014582164890633763
test,1.3789426986134374,0.01514301738642737
test,1.381115080709851,0.015703869882220976
test,1.382917135087531,0.016264722378014584
test,1.393926006585837,0.01682557487380819
test,1.4007106367732314,0.017386427369601793
test,1.4007106367732314,0.0179472798653954
test,1.402433346219312,0.018508132361189006
test,1.4151403521958728,0.019068984856982614
test,1.4151403521958728,0.01962983735277622
test,1.4151403521958728,0.020190689848569827
test,1.423737249982329,0.02075154234436343
test,1.423737249982329,0.02131239484015704
test,1.4287825114969546,0.021873247335950644
test,1.4394905903896835,0.022434099831744252
test,1.4426365257822318,0.022994952327537857
test,1.4563660331290431,0.023555804823331465
test,1.4563660331290431,0.02411665731912507
test,1.4661258704181992,0.024677509814918678
test,1.4661258704181992,0.025238362310712283
test,1.4693801358499252,0.025799214806505887
test,1.4730488050885375,0.026360067302299495
test,1.4730488050885375,0.0269209197980931
test,1.4798631130230977,0.027481772293886708
test,1.4820155764507117,0.028042624789680313
test,1.4830164201441325,0.02860347728547392
test,1.4917817755841658,0.029164329781267526
test,1.4947110252052629,0.029725182277061134
test,1.504742636271688,0.03028603477285474
test,1.5108130105124962,0.030846887268648347
test,1.5108130105124962,0.03140773976444195
test,1.52022143588196,0.03196859226023556
test,1.520614521878236,0.03252944475602917
test,1.5242662687669788,0.03309029725182277
test,1.5242662687669788,0.03365114974761638
test,1.5242662687669788,0.034212002243409985
test,1.5242662687669788,0.034772854739203586
test,1.5242662687669788,0.035333707234997194
test,1.5256925245050108,0.0358945597307908
test,1.5256925245050108,0.03645541222658441
test,1.530199698203082,0.03701626472237801
test,1.5386993795424069,0.03757711721817162
test,1.5399538416563967,0.03813796971396523
test,1.5469126431812426,0.038698822209758836
test,1.5469126431812426,0.03925967470555244
test,1.547651658359969,0.039820527201346045
test,1.547651658359969,0.040381379697139654
test,1.5486350598147516,0.04094223219293326
test,1.5486350598147516,0.04150308468872686
test,1.5550944485783191,0.04206393718452047
test,1.5558196830611912,0.04262478968031408
test,1.557266528869904,0.04318564217610768
test,1.557266528869904,0.04374649467190129
test,1.557266528869904,0.0443073471676949
test,1.557266528869904,0.044868199663488505
test,1.557266528869904,0.045429052159282106
test,1.5618166643189575,0.045989904655075714
test,1.565611724902059,0.04655075715086932
test,1.5670263661590604,0.04711160964666293
test,1.5670263661590604,0.04767246214245653
test,1.5670263661590604,0.04823331463825014
test,1.5670263661590604,0.04879416713404375
test,1.5670263661590604,0.049355019629837356
test,1.569958818096594,0.04991587212563096
test,1.569958818096594,0.050476724621424565
test,1.569958818096594,0.05103757711721817
test,1.569958818096594,0.051598429613011774
test,1.569958818096594,0.05215928210880538
test,1.569958818096594,0.05272013460459899
test,1.569958818096594,0.0532809871003926
test,1.569958818096594,0.0538418395961862
test,1.569958818096594,0.05440269209197981
test,1.569958818096594,0.054963544587773416
test,1.5708930362183922,0.055524397083567024
test,1.5708930362183922,0.056085249579360626
test,1.5720579899263043,0.056646102075154234
test,1.577146984827525,0.05720695457094784
test,1.5806969397124366,0.05776780706674145
test,1.5834255004065068,0.05832865956253505
test,1.5834255004065068,0.05888951205832866
test,1.5863622233078656,0.05945036455412227
test,1.586587304671755,0.06001121704991587
test,1.589055531052344,0.06057206954570948
test,1.5900612308037425,0.061132922041503085
test,1.591064607026499,0.06169377453729669
test,1.5911759503117913,0.062254627033090294
test,1.5911759503117913,0.0628154795288839
test,1.5918434112247846,0.0633763320246775
test,1.5938396610812713,0.06393718452047112
test,1.595055089759304,0.06449803701626472
test,1.5997739391463883,0.06505888951205833
test,1.6008640363098396,0.06561974200785194
test,1.6008640363098396,0.06618059450364554
test,1.6008640363098396,0.06674144699943915
test,1.6008640363098396,0.06730229949523275
test,1.6048737705526357,0.06786315199102635
test,1.6048737705526357,0.06842400448681997
test,1.6048737705526357,0.06898485698261357
test,1.6048737705526357,0.06954570947840717
test,1.6114046377115934,0.07010656197420079
test,1.6114046377115934,0.07066741446999439
test,1.6114046377115934,0.071228266965788
test,1.6114046377115934,0.0717891194615816
test,1.6114046377115934,0.0723499719573752
test,1.6135247028536523,0.07291082445316882
test,1.6135247028536523,0.07347167694896242
test,1.615107987443194,0.07403252944475602
test,1.615107987443194,0.07459338194054964
test,1.6155292236371328,0.07515423443634324
test,1.6155292236371328,0.07571508693213685
test,1.6155292236371328,0.07627593942793046
test,1.6155292236371328,0.07683679192372406
test,1.617943434828973,0.07739764441951767
test,1.6241789257480224,0.07795849691531127
test,1.6241789257480224,0.07851934941110487
test,1.6241789257480224,0.07908020190689849
test,1.6258267132857112,0.07964105440269209
test,1.6288995644206066,0.08020190689848569
test,1.6288995644206066,0.08076275939427931
test,1.6288995644206066,0.08132361189007291
test,1.6288995644206066,0.08188446438586652
test,1.6306312440205,0.08244531688166012
test,1.6306312440205,0.08300616937745373
test,1.6357852355336515,0.08356702187324734
test,1.6368889069837993,0.08412787436904094
test,1.6395860866734264,0.08468872686483454
test,1.6395860866734264,0.08524957936062816
test,1.6395860866734264,0.08581043185642176
test,1.6395860866734264,0.08637128435221536
test,1.6395860866734264,0.08693213684800898
test,1.6395860866734264,0.08749298934380258
test,1.6422666189026736,0.08805384183959619
test,1.6444385894678386,0.0886146943353898
test,1.645520514905874,0.0891755468311834
test,1.645520514905874,0.08973639932697701
test,1.645520514905874,0.09029725182277061
test,1.645520514905874,0.09085810431856421
test,1.645520514905874,0.09141895681435783
test,1.6491400641442189,0.09197980931015143
test,1.6491400641442189,0.09254066180594504
test,1.6491400641442189,0.09310151430173864
test,1.6491400641442189,0.09366236679753225
test,1.6491400641442189,0.09422321929332586
test,1.650598898172657,0.09478407178911946
test,1.6552345070342942,0.09534492428491306
test,1.6552345070342942,0.09590577678070668
test,1.6552345070342942,0.09646662927650028
test,1.6560023206829573,0.09702748177229388
test,1.6610550848533787,0.0975883342680875
test,1.6625689669332602,0.0981491867638811
test,1.6637009253896482,0.09871003925967471
test,1.6668922110665363,0.09927089175546831
test,1.6668922110665363,0.09983174425126191
test,1.6668922110665363,0.10039259674705553
test,1.667826378950711,0.10095344924284913
test,1.671820560183249,0.10151430173864273
test,1.671820560183249,0.10207515423443635
test,1.671820560183249,0.10263600673022995
test,1.6726519228400023,0.10319685922602355
test,1.6727441983065992,0.10375771172181716
test,1.6735737964230517,0.10431856421761077
test,1.6735737964230517,0.10487941671340438
test,1.6735737964230517,0.10544026920919798
test,1.6735737964230517,0.10600112170499158
test,1.6737579365495767,0.1065619742007852
test,1.6737579365495767,0.1071228266965788
test,1.6737579365495767,0.1076836791923724
test,1.6749529480485654,0.10824453168816602
test,1.6769678142947586,0.10880538418395962
test,1.67833624673218,0.10936623667975323
test,1.6800634274819486,0.10992708917554683
test,1.6800634274819486,0.11048794167134043
test,1.6800634274819486,0.11104879416713405
test,1.6800634274819486,0.11160964666292765
test,1.6800634274819486,0.11217049915872125
test,1.6800634274819486,0.11273135165451487
test,1.6800634274819486,0.11329220415030847
test,1.6800634274819486,0.11385305664610207
test,1.680516809381255,0.11441390914189568
test,1.6816029987308685,0.11497476163768929
test,1.682235356902564,0.1155356141334829
test,1.682235356902564,0.1160964666292765
test,1.682235356902564,0.1166573191250701
test,1.682235356902564,0.11721817162086372
test,1.682235356902564,0.11777902411665732
test,1.682235356902564,0.11833987661245092
test,1.683947130751512,0.11890072910824454
test,1.683947130751512,0.11946158160403814
test,1.683947130751512,0.12002243409983174
test,1.686725621074542,0.12058328659562535
test,1.6869042695681773,0.12114413909141895
test,1.6869042695681773,0.12170499158721257
test,1.6870828446043706,0.12226584408300617
test,1.6870828446043706,0.12282669657879977
test,1.6870828446043706,0.12338754907459339
test,1.6880636969463445,0.12394840157038699
test,1.691258358133111,0.12450925406618059
test,1.6919651027673603,0.1250701065619742
test,1.6931111154621412,0.1256309590577678
test,1.6957442751973233,0.1261918115535614
test,1.6981875698661224,0.126752664049355
test,1.6999244027424767,0.12731351654514864
test,1.6999244027424767,0.12787436904094224
test,1.6999244027424767,0.12843522153673584
test,1.6999244027424767,0.12899607403252944
test,1.6999244027424767,0.12955692652832304
test,1.7017406324372124,0.13011777902411667
test,1.7017406324372124,0.13067863151991027
test,1.7017406324372124,0.13123948401570387
test,1.7017406324372124,0.13180033651149747
test,1.7017406324372124,0.13236118900729107
test,1.7017406324372124,0.13292204150308468
test,1.7017406324372124,0.1334828939988783
test,1.7017406324372124,0.1340437464946719
test,1.7032053706954864,0.1346045989904655
test,1.7035492982382303,0.1351654514862591
test,1.7035492982382303,0.1357263039820527
test,1.7035492982382303,0.13628715647784634
test,1.7035492982382303,0.13684800897363994
test,1.7115541682501696,0.13740886146943354
test,1.7124813378019186,0.13796971396522714
test,1.714078164981856,0.13853056646102074
test,1.7160868537748322,0.13909141895681434
test,1.7160868537748322,0.13965227145260797
test,1.7160868537748322,0.14021312394840157
test,1.7160868537748322,0.14077397644419518
test,1.7160868537748322,0.14133482893998878
test,1.7160868537748322,0.14189568143578238
test,1.7160868537748322,0.142456533931576
test,1.7160868537748322,0.1430173864273696
test,1.7165875776756925,0.1435782389231632
test,1.7237839369653294,0.1441390914189568
test,1.7246853882373594,0.1446999439147504
test,1.7246853882373594,0.14526079641054404
test,1.7246853882373594,0.14582164890633764
test,1.7258299903205805,0.14638250140213124
test,1.7258299903205805,0.14694335389792484
test,1.7258299903205805,0.14750420639371845
test,1.7263196121107751,0.14806505888951205
test,1.7265642161622448,0.14862591138530568
test,1.7288405683399717,0.14918676388109928
test,1.7298125071609356,0.14974761637689288
test,1.7298125071609356,0.15030846887268648
test,1.7298125071609356,0.15086932136848008
test,1.7298125071609356,0.1514301738642737
test,1.7298125071609356,0.1519910263600673
test,1.7298125071609356,0.1525518788558609
test,1.7298125071609356,0.1531127313516545
test,1.7298125071609356,0.15367358384744811
test,1.731346975545955,0.15423443634324172
test,1.732715340349993,0.15479528883903534
test,1.7333577879255853,0.15535614133482895
test,1.7333577879255853,0.15591699383062255
test,1.7431960814487013,0.15647784632641615
test,1.745777217889759,0.15703869882220975
test,1.7460890430562002,0.15759955131800338
test,1.7460890430562002,0.15816040381379698
test,1.7460890430562002,0.15872125630959058
test,1.7460890430562002,0.15928210880538418
test,1.7460890430562002,0.15984296130117778
test,1.7460890430562002,0.16040381379697138
test,1.7470231774516278,0.160964666292765
test,1.7470231774516278,0.16152551878855861
test,1.7470231774516278,0.16208637128435222
test,1.7470231774516278,0.16264722378014582
test,1.7470231774516278,0.16320807627593942
test,1.7470231774516278,0.16376892877173305
test,1.7470231774516278,0.16432978126752665
test,1.7481880270062005,0.16489063376332025
test,1.7481880270062005,0.16545148625911385
test,1.7481880270062005,0.16601233875490745
test,1.7518946880437474,0.16657319125070105
test,1.7532765701844184,0.16713404374649468
test,1.75564621945668,0.16769489624228828
test,1.7561033715851055,0.16825574873808188
test,1.7561033715851055,0.16881660123387549
test,1.7561033715851055,0.1693774537296691
test,1.7561033715851055,0.16993830622546272
test,1.7561033715851055,0.17049915872125632
test,1.7561033715851055,0.17106001121704992
test,1.7594411971336976,0.17162086371284352
test,1.7603470785299065,0.17218171620863712
test,1.7672300981107183,0.17274256870443072
test,1.7672300981107183,0.17330342120022435
test,1.7672300981107183,0.17386427369601795
test,1.7672300981107183,0.17442512619181155
test,1.7672300981107183,0.17498597868760515
test,1.7679717213816188,0.17554683118339875
test,1.7687120803776637,0.17610768367919238
test,1.7695988483874463,0.17666853617498599
test,1.770483809431108,0.1772293886707796
test,1.770483809431108,0.1777902411665732
test,1.770483809431108,0.1783510936623668
test,1.770483809431108,0.17891194615816042
test,1.770483809431108,0.17947279865395402
test,1.770483809431108,0.18003365114974762
test,1.7740788007525188,0.18059450364554122
test,1.7740788007525188,0.18115535614133482
test,1.7740788007525188,0.18171620863712842
test,1.7740788007525188,0.18227706113292205
test,1.7740788007525188,0.18283791362871565
test,1.7740788007525188,0.18339876612450925
test,1.7740788007525188,0.18395961862030286
test,1.776991584856405,0.18452047111609646
test,1.776991584856405,0.1850813236118901
test,1.7774268223893113,0.1856421761076837
test,1.7781512503836436,0.1862030286034773
test,1.7785130117389247,0.1867638810992709
test,1.7785130117389247,0.1873247335950645
test,1.7785130117389247,0.1878855860908581
test,1.7785130117389247,0.18844643858665172
test,1.7790912038454991,0.18900729108244532
test,1.7790912038454991,0.18956814357823892
test,1.7790912038454991,0.19012899607403252
test,1.7790912038454991,0.19068984856982613
test,1.7790912038454991,0.19125070106561975
test,1.7790912038454991,0.19181155356141336
test,1.7790912038454991,0.19237240605720696
test,1.7790912038454991,0.19293325855300056
test,1.7790912038454991,0.19349411104879416
test,1.7790912038454991,0.19405496354458776
test,1.7790912038454991,0.1946158160403814
test,1.7790912038454991,0.195176668536175
test,1.7790912038454991,0.1957375210319686
test,1.7790912038454991,0.1962983735277622
test,1.7790912038454991,0.1968592260235558
test,1.7790912038454991,0.19742007851934942
test,1.7790912038454991,0.19798093101514302
test,1.780965029608317,0.19854178351093663
test,1.783045572114693,0.19910263600673023
test,1.7849737099544007,0.19966348850252383
test,1.7865384804978024,0.20022434099831743
test,1.7865384804978024,0.20078519349411106
test,1.7865384804978024,0.20134604598990466
test,1.7865384804978024,0.20190689848569826
test,1.787460474518415,0.20246775098149186
test,1.787460474518415,0.20302860347728546
test,1.791690649020118,0.2035894559730791
test,1.791690649020118,0.2041503084688727
test,1.7928117712481468,0.2047111609646663
test,1.7933712489189555,0.2052720134604599
test,1.7958800173440752,0.2058328659562535
test,1.7961578769069144,0.2063937184520471
test,1.8004421213362567,0.20695457094784073
test,1.8004421213362567,0.20751542344363433
test,1.8004421213362567,0.20807627593942793
test,1.8004421213362567,0.20863712843522153
test,1.8004421213362567,0.20919798093101513
test,1.8015409061903185,0.20975883342680876
test,1.8038666342849845,0.21031968592260236
test,1.804412059137714,0.21088053841839596
test,1.804412059137714,0.21144139091418956
test,1.804412059137714,0.21200224340998317
test,1.8050248444298052,0.2125630959057768
test,1.8050248444298052,0.2131239484015704
test,1.805772631935669,0.213684800897364
test,1.805772631935669,0.2142456533931576
test,1.805772631935669,0.2148065058889512
test,1.805772631935669,0.2153673583847448
test,1.805772631935669,0.21592821088053843
test,1.8071289555924217,0.21648906337633203
test,1.808481056565951,0.21704991587212563
test,1.8117760216029035,0.21761076836791923
test,1.8118430061764776,0.21817162086371283
test,1.8118430061764776,0.21873247335950646
test,1.8118430061764776,0.21929332585530006
test,1.8118430061764776,0.21985417835109367
test,1.8118430061764776,0.22041503084688727
test,1.8139144200486037,0.22097588334268087
test,1.8139144200486037,0.22153673583847447
test,1.8157105397889628,0.2220975883342681
test,1.8187535904977168,0.2226584408300617
test,1.8205298485235195,0.2232192933258553
test,1.8205298485235195,0.2237801458216489
test,1.8205298485235195,0.2243409983174425
test,1.8205298485235195,0.22490185081323613
test,1.8226910107760543,0.22546270330902973
test,1.8226910107760543,0.22602355580482333
test,1.8226910107760543,0.22658440830061694
test,1.8226910107760543,0.22714526079641054
test,1.8252313231999,0.22770611329220414
test,1.8252313231999,0.22826696578799777
test,1.8252313231999,0.22882781828379137
test,1.8252313231999,0.22938867077958497
test,1.8252313231999,0.22994952327537857
test,1.826722520168992,0.23051037577117217
test,1.826722520168992,0.2310712282669658
test,1.826722520168992,0.2316320807627594
test,1.826722520168992,0.232192933258553
test,1.8284665473526784,0.2327537857543466
test,1.8311656339094424,0.2333146382501402
test,1.8311656339094424,0.2338754907459338
test,1.8311656339094424,0.23443634324172744
test,1.8312937443770096,0.23499719573752104
test,1.8353100008690624,0.23555804823331464
test,1.83714634390906,0.23611890072910824
test,1.83714634390906,0.23667975322490184
test,1.839729375206388,0.23724060572069547
test,1.839729375206388,0.23780145821648907
test,1.839729375206388,0.23836231071228267
test,1.8410464654093035,0.23892316320807627
test,1.843730965112092,0.23948401570386987
test,1.8478809974453752,0.24004486819966347
test,1.8478809974453752,0.2406057206954571
test,1.8478809974453752,0.2411665731912507
test,1.8478809974453752,0.2417274256870443
test,1.8478809974453752,0.2422882781828379
test,1.848004271497268,0.2428491306786315
test,1.8487431818956837,0.24340998317442514
test,1.8487431818956837,0.24397083567021874
test,1.8487431818956837,0.24453168816601234
test,1.8487431818956837,0.24509254066180594
test,1.8487431818956837,0.24565339315759954
test,1.8487431818956837,0.24621424565339317
test,1.8487431818956837,0.24677509814918677
test,1.8496650554787328,0.24733595064498037
test,1.8496650554787328,0.24789680314077397
test,1.8496650554787328,0.24845765563656758
test,1.8496650554787328,0.24901850813236118
test,1.8496650554787328,0.2495793606281548
test,1.8513195126487452,0.2501402131239484
test,1.8515029527705449,0.250701065619742
test,1.8547310172139424,0.2512619181155356
test,1.8561244442423004,0.25182277061132924
test,1.8561244442423004,0.2523836231071228
test,1.8561244442423004,0.25294447560291644
test,1.8561244442423004,0.25350532809871
test,1.8561244442423004,0.25406618059450364
test,1.856608068436936,0.2546270330902973
test,1.8582965245338856,0.25518788558609085
test,1.8582965245338856,0.2557487380818845
test,1.8582965245338856,0.25630959057767805
test,1.8582965245338856,0.2568704430734717
test,1.8582965245338856,0.2574312955692653
test,1.8582965245338856,0.2579921480650589
test,1.8582965245338856,0.2585530005608525
test,1.8585973449946924,0.2591138530566461
test,1.8585973449946924,0.2596747055524397
test,1.8600383898071935,0.26023555804823334
test,1.8640955734242477,0.2607964105440269
test,1.8674085565227911,0.26135726303982054
test,1.8674085565227911,0.2619181155356141
test,1.8674085565227911,0.26247896803140774
test,1.8674085565227911,0.2630398205272014
test,1.8674085565227911,0.26360067302299495
test,1.8674085565227911,0.2641615255187886
test,1.8674085565227911,0.26472237801458215
test,1.8674085565227911,0.2652832305103758
test,1.8681152053272172,0.26584408300616935
test,1.8681152053272172,0.266404935501963
test,1.8681152053272172,0.2669657879977566
test,1.8681152053272172,0.2675266404935502
test,1.8681152053272172,0.2680874929893438
test,1.8681152053272172,0.2686483454851374
test,1.8681152053272172,0.269209197980931
test,1.8681152053272172,0.26977005047672464
test,1.8702282790117943,0.2703309029725182
test,1.8708134239155976,0.27089175546831185
test,1.8709888137605752,0.2714526079641054
test,1.8709888137605752,0.27201346045989905
test,1.8709888137605752,0.2725743129556927
test,1.8709888137605752,0.27313516545148625
test,1.8709888137605752,0.2736960179472799
test,1.8709888137605752,0.27425687044307345
test,1.8709888137605752,0.2748177229388671
test,1.8709888137605752,0.2753785754346607
test,1.871397781487484,0.2759394279304543
test,1.8719230318823736,0.2765002804262479
test,1.8719230318823736,0.2770611329220415
test,1.8719230318823736,0.2776219854178351
test,1.8719230318823736,0.2781828379136287
test,1.8719230318823736,0.2787436904094223
test,1.8810421081934057,0.27930454290521595
test,1.8817839555933848,0.2798653954010095
test,1.8843988255566864,0.28042624789680315
test,1.8843988255566864,0.2809871003925967
test,1.8843988255566864,0.28154795288839035
test,1.8843988255566864,0.282108805384184
test,1.8843988255566864,0.28266965787997755
test,1.8871670208947744,0.2832305103757712
test,1.8871670208947744,0.28379136287156476
test,1.8871670208947744,0.2843522153673584
test,1.887335930399167,0.284913067863152
test,1.8873922189718468,0.2854739203589456
test,1.8873922189718468,0.2860347728547392
test,1.8873922189718468,0.2865956253505328
test,1.8876735524544477,0.2871564778463264
test,1.8876735524544477,0.28771733034212005
test,1.889973638403996,0.2882781828379136
test,1.8901414600645776,0.28883903533370725
test,1.8901414600645776,0.2893998878295008
test,1.8910354153153108,0.28996074032529445
test,1.8922059459757723,0.2905215928210881
test,1.8922059459757723,0.29108244531688166
test,1.8922059459757723,0.2916432978126753
test,1.8922059459757723,0.29220415030846886
test,1.8922059459757723,0.2927650028042625
test,1.893040111957118,0.29332585530005606
test,1.893040111957118,0.2938867077958497
test,1.893040111957118,0.2944475602916433
test,1.893040111957118,0.2950084127874369
test,1.893040111957118,0.2955692652832305
test,1.893040111957118,0.2961301177790241
test,1.899546931090867,0.2966909702748177
test,1.9008039348103696,0.29725182277061135
test,1.9008039348103696,0.2978126752664049
test,1.901894031973821,0.29837352776219855
test,1.901894031973821,0.2989343802579921
test,1.901894031973821,0.29949523275378576
test,1.901894031973821,0.3000560852495794
test,1.902655475217926,0.30061693774537296
test,1.9040118835973885,0.3011777902411666
test,1.904066051914503,0.30173864273696016
test,1.904066051914503,0.3022994952327538
test,1.905903766216617,0.3028603477285474
test,1.905903766216617,0.303421200224341
test,1.905903766216617,0.3039820527201346
test,1.905903766216617,0.3045429052159282
test,1.9061194575455616,0.3051037577117218
test,1.9087530191845337,0.3056646102075154
test,1.9087530191845337,0.306225462703309
test,1.9087530191845337,0.30678631519910265
test,1.9103575572728777,0.30734716769489623
test,1.9103575572728777,0.30790802019068986
test,1.9123814989188004,0.30846887268648343
test,1.9123814989188004,0.30902972518227706
test,1.9123814989188004,0.3095905776780707
test,1.9123814989188004,0.31015143017386426
test,1.9123814989188004,0.3107122826696579
test,1.9123814989188004,0.31127313516545146
test,1.9123814989188004,0.3118339876612451
test,1.9123814989188004,0.3123948401570387
test,1.9148189804474731,0.3129556926528323
test,1.9148189804474731,0.3135165451486259
test,1.9148189804474731,0.3140773976444195
test,1.9161379831071752,0.3146382501402131
test,1.9161379831071752,0.31519910263600676
test,1.916611845109346,0.31575995513180033
test,1.916611845109346,0.31632080762759396
test,1.916611845109346,0.31688166012338753
test,1.9184497424011575,0.31744251261918116
test,1.9208013818256544,0.31800336511497473
test,1.9224140241456344,0.31856421761076836
test,1.922777341928798,0.319125070106562
test,1.9236066430174592,0.31968592260235557
test,1.9236066430174592,0.3202467750981492
test,1.9236066430174592,0.32080762759394277
test,1.9236066430174592,0.3213684800897364
test,1.9236066430174592,0.32192933258553
test,1.9252605095194353,0.3224901850813236
test,1.9252605095194353,0.32305103757711723
test,1.9252605095194353,0.3236118900729108
test,1.9252605095194353,0.32417274256870443
test,1.9252605095194353,0.32473359506449806
test,1.9252605095194353,0.32529444756029163
test,1.9252605095194353,0.32585530005608526
test,1.9252605095194353,0.32641615255187884
test,1.9252605095194353,0.32697700504767246
test,1.9252605095194353,0.3275378575434661
test,1.9252605095194353,0.32809871003925967
test,1.9252605095194353,0.3286595625350533
test,1.9253636673541017,0.32922041503084687
test,1.928805370893284,0.3297812675266405
test,1.929776432804902,0.3303421200224341
test,1.929929560084588,0.3309029725182277
test,1.9306943876645353,0.33146382501402133
test,1.9317120670567556,0.3320246775098149
test,1.9317120670567556,0.33258553000560853
test,1.9317120670567556,0.3331463825014021
test,1.9317120670567556,0.33370723499719573
test,1.9317120670567556,0.33426808749298936
test,1.931864513492032,0.33482893998878294
test,1.9334366678262804,0.33538979248457657
test,1.935053589231065,0.33595064498037014
test,1.9392695863387313,0.33651149747616377
test,1.9406658724758288,0.3370723499719574
test,1.9406658724758288,0.33763320246775097
test,1.9406658724758288,0.3381940549635446
test,1.9406658724758288,0.3387549074593382
test,1.941063988219902,0.3393157599551318
test,1.941063988219902,0.33987661245092543
test,1.941063988219902,0.340437464946719
test,1.9432966145666548,0.34099831744251263
test,1.9434450490250303,0.3415591699383062
test,1.9465505105698553,0.34212002243409984
test,1.9465505105698553,0.34268087492989346
test,1.9465505105698553,0.34324172742568704
test,1.9465505105698553,0.34380257992148067
test,1.9465505105698553,0.34436343241727424
test,1.9465505105698553,0.34492428491306787
test,1.9501700598082,0.34548513740886144
test,1.9501700598082,0.34604598990465507
test,1.9519685844929109,0.3466068424004487
test,1.9531796010656344,0.3471676948962423
test,1.9537596917332287,0.3477285473920359
test,1.9545801627437571,0.3482893998878295
test,1.9552065375419416,0.3488502523836231
test,1.9552065375419416,0.34941110487941673
test,1.9552065375419416,0.3499719573752103
test,1.9562645026982757,0.35053280987100394
test,1.9562645026982757,0.3510936623667975
test,1.9570323163469383,0.35165451486259114
test,1.9570323163469383,0.35221536735838477
test,1.9570323163469383,0.35277621985417834
test,1.9570323163469383,0.35333707234997197
test,1.9570323163469383,0.35389792484576554
test,1.9570323163469383,0.3544587773415592
test,1.9570323163469383,0.3550196298373528
test,1.9588027033995024,0.3555804823331464
test,1.9608036249117695,0.35614133482894
test,1.9608036249117695,0.3567021873247336
test,1.9608036249117695,0.3572630398205272
test,1.962606072924127,0.35782389231632084
test,1.962606072924127,0.3583847448121144
test,1.9638822289287776,0.35894559730790804
test,1.964778022022376,0.3595064498037016
test,1.965765964182686,0.36006730229949524
test,1.967922206730517,0.3606281547952888
test,1.967922206730517,0.36118900729108244
test,1.967922206730517,0.36174985978687607
test,1.967922206730517,0.36231071228266964
test,1.967922206730517,0.3628715647784633
test,1.967922206730517,0.36343241727425685
test,1.967922206730517,0.3639932697700505
test,1.967922206730517,0.3645541222658441
test,1.967922206730517,0.3651149747616377
test,1.967922206730517,0.3656758272574313
test,1.9688563746146923,0.3662366797532249
test,1.9688563746146923,0.3667975322490185
test,1.9737280586880277,0.36735838474481214
test,1.9746037920870327,0.3679192372406057
test,1.9747879322135575,0.36848008973639934
test,1.9766250520507276,0.3690409422321929
test,1.9790929006383264,0.36960179472798654
test,1.9810934231459296,0.3701626472237802
test,1.9810934231459296,0.37072349971957375
test,1.9810934231459296,0.3712843522153674
test,1.9810934231459296,0.37184520471116095
test,1.9817733186277473,0.3724060572069546
test,1.9818638909913504,0.37296690970274815
test,1.9818638909913504,0.3735277621985418
test,1.9832202146481028,0.3740886146943354
test,1.9832202146481028,0.374649467190129
test,1.9832202146481028,0.3752103196859226
test,1.9832202146481028,0.3757711721817162
test,1.9832202146481028,0.3763320246775098
test,1.9832202146481028,0.37689287717330344
test,1.9832202146481028,0.377453729669097
test,1.9832202146481028,0.37801458216489064
test,1.9832202146481028,0.3785754346606842
test,1.9835360816029923,0.37913628715647785
test,1.9849771264154936,0.3796971396522715
test,1.9849771264154936,0.38025799214806505
test,1.9849771264154936,0.3808188446438587
test,1.9849771264154936,0.38137969713965225
test,1.9849771264154936,0.3819405496354459
test,1.9849771264154936,0.3825014021312395
test,1.9849771264154936,0.3830622546270331
test,1.987710943130306,0.3836231071228267
test,1.987978915875482,0.3841839596186203
test,1.987978915875482,0.3847448121144139
test,1.987978915875482,0.3853056646102075
test,1.9880682033926351,0.3858665171060011
test,1.9880682033926351,0.38642736960179475
test,1.9880682033926351,0.3869882220975883
test,1.9880682033926351,0.38754907459338195
test,1.99056082999402,0.3881099270891755
test,1.9930392318069097,0.38867077958496915
test,1.993215720474137,0.3892316320807628
test,1.993215720474137,0.38979248457655635
test,1.99409708958821,0.39035333707235
test,1.99409708958821,0.39091418956814356
test,1.9955035702650064,0.3914750420639372
test,1.995766779049974,0.3920358945597308
test,1.9967742708613043,0.3925967470555244
test,1.9983465373963647,0.393157599551318
test,1.998825819040286,0.3937184520471116
test,1.998825819040286,0.3942793045429052
test,2.000911062131223,0.39484015703869885
test,2.0009543984064577,0.3954010095344924
test,2.0009543984064577,0.39596186203028605
test,2.0009543984064577,0.3965227145260796
test,2.001517376823504,0.39708356702187325
test,2.0042353663594676,0.3976444195176669
test,2.0045792939022116,0.39820527201346045
test,2.0045792939022116,0.3987661245092541
test,2.0045792939022116,0.39932697700504766
test,2.005352136486217,0.3998878295008413
test,2.005352136486217,0.40044868199663486
test,2.0066799277408256,0.4010095344924285
test,2.0072782473342445,0.4015703869882221
test,2.0093233933810133,0.4021312394840157
test,2.009365898346245,0.4026920919798093
test,2.009578360794542,0.4032529444756029
test,2.009578360794542,0.4038137969713965
test,2.009578360794542,0.40437464946719015
test,2.0099605314705973,0.4049355019629837
test,2.010257542998301,0.40549635445877735
test,2.011020355516257,0.4060572069545709
test,2.012330955580147,0.40661805945036456
test,2.0135113334659,0.4071789119461582
test,2.0135955235372895,0.40773976444195176
test,2.015862508097314,0.4083006169377454
test,2.015862508097314,0.40886146943353896
test,2.0166155475571776,0.4094223219293326
test,2.0170333392987803,0.4099831744251262
test,2.0170333392987803,0.4105440269209198
test,2.0170333392987803,0.4111048794167134
test,2.017158598487814,0.411665731912507
test,2.017158598487814,0.4122265844083006
test,2.017158598487814,0.4127874369040942
test,2.0213960567419713,0.4133482893998878
test,2.02481393262931,0.41390914189568145
test,2.024854948305018,0.414469994391475
test,2.025756314534414,0.41503084688726866
test,2.0268599859845615,0.41559169938306223
test,2.0268599859845615,0.41615255187885586
test,2.027634965777544,0.4167134043746495
test,2.03043779262705,0.41727425687044306
test,2.030842502824917,0.4178351093662367
test,2.030842502824917,0.41839596186203026
test,2.031206419827462,0.4189568143578239
test,2.032376971209936,0.4195176668536175
test,2.032376971209936,0.4200785193494111
test,2.0343877835895667,0.4206393718452047
test,2.0343877835895667,0.4212002243409983
test,2.0343877835895667,0.4217610768367919
test,2.0343877835895667,0.42232192933258556
test,2.0343877835895667,0.42288278182837913
test,2.0343877835895667,0.42344363432417276
test,2.0343877835895667,0.42400448681996633
test,2.0343877835895667,0.42456533931575996
test,2.0343877835895667,0.4251261918115536
test,2.0343877835895667,0.42568704430734716
test,2.037546012085827,0.4262478968031408
test,2.037625669914719,0.42680874929893436
test,2.037625669914719,0.427369601794728
test,2.037625669914719,0.42793045429052157
test,2.037625669914719,0.4284913067863152
test,2.03893791903862,0.4290521592821088
test,2.039770926931579,0.4296130117779024
test,2.039969026867461,0.430173864273696
test,2.0419845014867866,0.4307347167694896
test,2.043480170022551,0.43129556926528323
test,2.0441868507673635,0.43185642176107686
test,2.0441868507673635,0.43241727425687043
test,2.0441868507673635,0.43297812675266406
test,2.047119038720181,0.43353897924845763
test,2.047119038720181,0.43409983174425126
test,2.0480142909380548,0.4346606842400449
test,2.0487912738484098,0.43522153673583847
test,2.0492180226701815,0.4357823892316321
test,2.0501863496753607,0.43634324172742567
test,2.0501863496753607,0.4369040942232193
test,2.050727671215053,0.4374649467190129
test,2.0529246837077286,0.4380257992148065
test,2.0548810548627716,0.43858665171060013
test,2.057171441547266,0.4391475042063937
test,2.057818194432099,0.43970835670218733
test,2.057856208741888,0.4402692091979809
test,2.057856208741888,0.44083006169377453
test,2.0582361689427673,0.44139091418956816
test,2.0590330049637804,0.44195176668536174
test,2.060508975605298,0.44251261918115536
test,2.060508975605298,0.44307347167694894
test,2.060508975605298,0.44363432417274257
test,2.060508975605298,0.4441951766685362
test,2.060508975605298,0.44475602916432977
test,2.060508975605298,0.4453168816601234
test,2.060508975605298,0.44587773415591697
test,2.060508975605298,0.4464385866517106
test,2.060508975605298,0.44699943914750423
test,2.060508975605298,0.4475602916432978
test,2.060508975605298,0.44812114413909143
test,2.060508975605298,0.448681996634885
test,2.060508975605298,0.44924284913067863
test,2.061339366837067,0.44980370162647226
test,2.061339366837067,0.45036455412226584
test,2.061339366837067,0.45092540661805947
test,2.061339366837067,0.45148625911385304
test,2.061339366837067,0.45204711160964667
test,2.0632582799504555,0.4526079641054403
test,2.066214075471244,0.45316881660123387
test,2.0682229793464493,0.4537296690970275
test,2.0682229793464493,0.4542905215928211
test,2.0682229793464493,0.4548513740886147
test,2.0682229793464493,0.4554122265844083
test,2.068297205031454,0.4559730790802019
test,2.068297205031454,0.45653393157599553
test,2.068297205031454,0.4570947840717891
test,2.0690017170456,0.45765563656758274
test,2.0697420760416447,0.4582164890633763
test,2.071513805095089,0.45877734155916994
test,2.071513805095089,0.45933819405496357
test,2.071513805095089,0.45989904655075714
test,2.071513805095089,0.46045989904655077
test,2.0728378746630867,0.46102075154234434
test,2.073645045513152,0.46158160403813797
test,2.075145327053852,0.4621424565339316
test,2.075145327053852,0.4627033090297252
test,2.075145327053852,0.4632641615255188
test,2.075145327053852,0.4638250140213124
test,2.077985291029502,0.464385866517106
test,2.077985291029502,0.46494671901289963
test,2.080157310970184,0.4655075715086932
test,2.080157310970184,0.46606842400448684
test,2.080157310970184,0.4666292765002804
test,2.080157310970184,0.46719012899607404
test,2.080157310970184,0.4677509814918676
test,2.080157310970184,0.46831183398766124
test,2.080157310970184,0.46887268648345487
test,2.080157310970184,0.46943353897924844
test,2.081635301502951,0.4699943914750421
test,2.081851171517454,0.47055524397083565
test,2.081851171517454,0.4711160964666293
test,2.081851171517454,0.4716769489624229
test,2.0819590663004783,0.4722378014582165
test,2.0822107166012427,0.4727986539540101
test,2.0822107166012427,0.4733595064498037
test,2.0827853703164503,0.4739203589455973
test,2.0827853703164503,0.47448121144139094
test,2.0874974724042636,0.4750420639371845
test,2.0875329757340935,0.47560291643297814
test,2.0875329757340935,0.4761637689287717
test,2.088313315588097,0.47672462142456534
test,2.0884904701823963,0.47728547392035897
test,2.0884904701823963,0.47784632641615254
test,2.0917724414196828,0.4784071789119462
test,2.092229242162857,0.47896803140773975
test,2.0926855629374908,0.4795288839035334
test,2.0926855629374908,0.48008973639932695
test,2.0938767553900446,0.4806505888951206
test,2.0938767553900446,0.4812114413909142
test,2.0947505524775045,0.4817722938867078
test,2.0947854678195585,0.4823331463825014
test,2.095029796648452,0.482893998878295
test,2.096701501610003,0.4834548513740886
test,2.0968752680596876,0.48401570386988224
test,2.0968752680596876,0.4845765563656758
test,2.0968752680596876,0.48513740886146944
test,2.0968752680596876,0.485698261357263
test,2.097639015546839,0.48625911385305665
test,2.10133457322018,0.4868199663488503
test,2.10133457322018,0.48738081884464385
test,2.1014721170002377,0.4879416713404375
test,2.1014721170002377,0.48850252383623105
test,2.102605194126567,0.4890633763320247
test,2.105442054801695,0.4896242288278183
test,2.105442054801695,0.4901850813236119
test,2.105442054801695,0.4907459338194055
test,2.1057145105709214,0.4913067863151991
test,2.1057145105709214,0.4918676388109927
test,2.106020819140269,0.49242849130678634
test,2.1068026275996505,0.4929893438025799
test,2.107786384315953,0.49355019629837354
test,2.111128036345124,0.4941110487941671
test,2.111128036345124,0.49467190128996075
test,2.1115649354544983,0.4952327537857543
test,2.1120013954861885,0.49579360628154795
test,2.112906490253314,0.4963544587773416
test,2.1140435625480776,0.49691531127313515
test,2.1140435625480776,0.4974761637689288
test,2.1147110405583622,0.49803701626472235
test,2.114977744785308,0.498597868760516
test,2.116740535452944,0.4991587212563096
test,2.116740535452944,0.4997195737521032
test,2.118958777766434,0.5002804262478968
test,2.1202118682570736,0.5008412787436904
test,2.120837060254737,0.501402131239484
test,2.1215270164553788,0.5019629837352776
test,2.1215270164553788,0.5025238362310712
test,2.1215270164553788,0.5030846887268648
test,2.1215270164553788,0.5036455412226585
test,2.1215270164553788,0.504206393718452
test,2.1215270164553788,0.5047672462142456
test,2.1226417696255364,0.5053280987100393
test,2.123753668755841,0.5058889512058329
test,2.1245368283012773,0.5064498037016265
test,2.1245368283012773,0.50701065619742
test,2.1245368283012773,0.5075715086932137
test,2.1254487330602623,0.5081323611890073
test,2.126293790693266,0.5086932136848009
test,2.1274611625115374,0.5092540661805945
test,2.1274611625115374,0.5098149186763881
test,2.1277201528923193,0.5103757711721817
test,2.1277201528923193,0.5109366236679753
test,2.1277201528923193,0.511497476163769
test,2.1277201528923193,0.5120583286595626
test,2.1277848763621714,0.5126191811553561
test,2.1283992687178066,0.5131800336511497
test,2.13026942380537,0.5137408861469434
test,2.1303015973418447,0.514301738642737
test,2.132195629573424,0.5148625911385306
test,2.1322596895310446,0.5154234436343241
test,2.132355761753957,0.5159842961301178
test,2.1331235754026197,0.5165451486259114
test,2.135959092124557,0.517106001121705
test,2.1381763395730413,0.5176668536174986
test,2.1384605947257023,0.5182277061132922
test,2.1384605947257023,0.5187885586090858
test,2.1384605947257023,0.5193494111048794
test,2.1396902216529226,0.519910263600673
test,2.140225125266448,0.5204711160964667
test,2.1408535813227223,0.5210319685922602
test,2.1420764610732848,0.5215928210880538
test,2.1440134657861987,0.5221536735838475
test,2.1471814721927966,0.5227145260796411
test,2.149065080207621,0.5232753785754347
test,2.149773177559665,0.5238362310712282
test,2.149773177559665,0.5243970835670219
test,2.149773177559665,0.5249579360628155
test,2.149773177559665,0.5255187885586091
test,2.149773177559665,0.5260796410544027
test,2.149773177559665,0.5266404935501963
test,2.149773177559665,0.5272013460459899
test,2.150695051142714,0.5277621985417835
test,2.150695051142714,0.5283230510375772
test,2.1532659350758685,0.5288839035333707
test,2.1551841596940076,0.5294447560291643
test,2.1551841596940076,0.5300056085249579
test,2.1554575014518425,0.5305664610207516
test,2.157184682201611,0.5311273135165452
test,2.1579400559647675,0.5316881660123387
test,2.1591459278540475,0.5322490185081323
test,2.159326520197866,0.532809871003926
test,2.159326520197866,0.5333707234997196
test,2.159326520197866,0.5339315759955132
test,2.159326520197866,0.5344924284913067
test,2.1596273406586737,0.5350532809871004
test,2.1596273406586737,0.535614133482894
test,2.160828543144546,0.5361749859786876
test,2.161038412422962,0.5367358384744813
test,2.1611882569822596,0.5372966909702748
test,2.162773438835187,0.5378575434660684
test,2.16387665564692,0.538418395961862
test,2.16402552428784,0.5389792484576557
test,2.164174341916649,0.5395401009534493
test,2.16776026643563,0.5401009534492428
test,2.168409083519626,0.5406618059450364
test,2.168409083519626,0.5412226584408301
test,2.168409083519626,0.5417835109366237
test,2.168409083519626,0.5423443634324173
test,2.168409083519626,0.5429052159282108
test,2.169115780235715,0.5434660684240045
test,2.1712289967250515,0.5440269209197981
test,2.171872656139683,0.5445877734155917
test,2.1720480341802557,0.5451486259113854
test,2.1737397139518873,0.5457094784071789
test,2.1737397139518873,0.5462703309029725
test,2.176438555741045,0.5468311833987661
test,2.176814480674777,0.5473920358945598
test,2.177016767092469,0.5479528883903534
test,2.177016767092469,0.5485137408861469
test,2.177045657462139,0.5490745933819405
test,2.177796133292215,0.5496354458777342
test,2.177796133292215,0.5501962983735278
test,2.1799537296315483,0.5507571508693214
test,2.1806419027298323,0.5513180033651149
test,2.1806419027298323,0.5518788558609086
test,2.1806419027298323,0.5524397083567022
test,2.1814433955418977,0.5530005608524958
test,2.182756931040399,0.5535614133482895
test,2.182756931040399,0.554122265844083
test,2.182756931040399,0.5546831183398766
test,2.1833552702605123,0.5552439708356702
test,2.188422214635828,0.5558048233314639
test,2.188422214635828,0.5563656758272574
test,2.190695792491732,0.556926528323051
test,2.191171455728558,0.5574873808188446
test,2.192065410979292,0.5580482333146383
test,2.1931245983544616,0.5586090858104319
test,2.1931245983544616,0.5591699383062254
test,2.1932359416397538,0.559730790802019
test,2.1932359416397538,0.5602916432978127
test,2.1932359416397538,0.5608524957936063
test,2.193708832395355,0.5614133482893999
test,2.194097885578952,0.5619742007851934
test,2.194097885578952,0.5625350532809871
test,2.194097885578952,0.5630959057767807
test,2.194097885578952,0.5636567582725743
test,2.194930399217724,0.564217610768368
test,2.1956229435869368,0.5647784632641615
test,2.197776611271387,0.5653393157599551
test,2.197776611271387,0.5659001682557487
test,2.1980794761710314,0.5664610207515424
test,2.1983821300082944,0.567021873247336
test,2.1983821300082944,0.5675827257431295
test,2.2005769267548483,0.5681435782389231
test,2.2018339304743506,0.5687044307347168
test,2.202924027637802,0.5692652832305104
test,2.2037126406077068,0.569826135726304
test,2.2037126406077068,0.5703869882220975
test,2.2084951024298376,0.5709478407178912
test,2.2104790426452476,0.5715086932136848
test,2.2104790426452476,0.5720695457094784
test,2.2104790426452476,0.5726303982052721
test,2.2121609597533833,0.5731912507010656
test,2.2121609597533833,0.5737521031968592
test,2.212427332726591,0.5743129556926528
test,2.2137302038548414,0.5748738081884465
test,2.2176418407733274,0.5754346606842401
test,2.2198202071472375,0.5759955131800336
test,2.220709404879566,0.5765563656758272
test,2.220709404879566,0.5771172181716209
test,2.22318432089504,0.5776780706674145
test,2.22318432089504,0.5782389231632081
test,2.22318432089504,0.5787997756590016
test,2.22318432089504,0.5793606281547953
test,2.22318432089504,0.5799214806505889
test,2.2241185111063806,0.5804823331463825
test,2.225851810818157,0.5810431856421762
test,2.226264711895694,0.5816040381379697
test,2.226264711895694,0.5821648906337633
test,2.226264711895694,0.5827257431295569
test,2.2268060495007274,0.5832865956253506
test,2.227989484044257,0.5838474481211441
test,2.2294770588731634,0.5844083006169377
test,2.230959555748569,0.5849691531127313
test,2.2317243833285163,0.585530005608525
test,2.231902649456643,0.5860908581043186
test,2.232742062720737,0.5866517106001121
test,2.232742062720737,0.5872125630959057
test,2.2328691051326133,0.5877734155916994
test,2.2328691051326133,0.588334268087493
test,2.2332500095411003,0.5888951205832866
test,2.2332500095411003,0.5894559730790802
test,2.2332500095411003,0.5900168255748738
test,2.2339854787802116,0.5905776780706674
test,2.236234863090562,0.591138530566461
test,2.2376945086640565,0.5916993830622547
test,2.2402995820027125,0.5922602355580482
test,2.24152157767605,0.5928210880538418
test,2.24206911233894,0.5933819405496354
test,2.2432117317447595,0.5939427930454291
test,2.244326610230636,0.5945036455412227
test,2.244326610230636,0.5950644980370162
test,2.245167068822079,0.5956253505328098
test,2.2475805062338363,0.5961862030286035
test,2.2476050641507705,0.5967470555243971
test,2.2476050641507705,0.5973079080201907
test,2.251638220448212,0.5978687605159843
test,2.251638220448212,0.5984296130117779
test,2.2533622398330686,0.5989904655075715
test,2.256236533205923,0.5995513180033651
test,2.256236533205923,0.6001121704991588
test,2.256236533205923,0.6006730229949523
test,2.256236533205923,0.6012338754907459
test,2.256236533205923,0.6017947279865395
test,2.256236533205923,0.6023555804823332
test,2.2580623120109196,0.6029164329781268
test,2.2580623120109196,0.6034772854739203
test,2.260166826834355,0.604038137969714
test,2.260166826834355,0.6045989904655076
test,2.2607628449361683,0.6051598429613012
test,2.2610724513908225,0.6057206954570948
test,2.263636068588108,0.6062815479528884
test,2.263636068588108,0.606842400448682
test,2.2637307273683223,0.6074032529444756
test,2.268788516223584,0.6079641054402692
test,2.269956351932952,0.6085249579360628
test,2.270469206453198,0.6090858104318564
test,2.270469206453198,0.60964666292765
test,2.270655548952985,0.6102075154234436
test,2.2728854447575695,0.6107683679192373
test,2.273857435371118,0.6113292204150308
test,2.276806345628763,0.6118900729108244
test,2.277563376055919,0.612450925406618
test,2.277563376055919,0.6130117779024117
test,2.2787993137555556,0.6135726303982053
test,2.2803734661501194,0.6141334828939988
test,2.281783071506447,0.6146943353897925
test,2.2823501689230885,0.6152551878855861
test,2.284272779857725,0.6158160403813797
test,2.284272779857725,0.6163768928771733
test,2.284272779857725,0.6169377453729669
test,2.284272779857725,0.6174985978687605
test,2.285332227643885,0.6180594503645541
test,2.2856023112856136,0.6186203028603477
test,2.28809265454187,0.6191811553561414
test,2.28809265454187,0.6197420078519349
test,2.2888749458352793,0.6203028603477285
test,2.2889865867916286,0.6208637128435222
test,2.2890981990566166,0.6214245653393158
test,2.2942677721794578,0.6219854178351094
test,2.296314103353241,0.6225462703309029
test,2.297629218364148,0.6231071228266966
test,2.297629218364148,0.6236679753224902
test,2.2989621819201167,0.6242288278182838
test,2.3001822946469006,0.6247896803140774
test,2.3023742260755826,0.625350532809871
test,2.3035848038124636,0.6259113853056646
test,2.303822199862847,0.6264722378014582
test,2.303822199862847,0.6270330902972518
test,2.3055878020723406,0.6275939427930455
test,2.307602993826056,0.628154795288839
test,2.308286888629105,0.6287156477846326
test,2.3084363471676523,0.6292765002804263
test,2.3103533890449945,0.6298373527762199
test,2.3103746420476123,0.6303982052720135
test,2.3106083564585234,0.630959057767807
test,2.311435968289161,0.6315199102636007
test,2.312727283778124,0.6320807627593943
test,2.3135086740460733,0.6326416152551879
test,2.3136352536103337,0.6332024677509815
test,2.3136352536103337,0.6337633202467751
test,2.314541329129881,0.6343241727425687
test,2.3148359230045736,0.6348850252383623
test,2.3160962096751305,0.635445877734156
test,2.3165993020938607,0.6360067302299495
test,2.316871567348347,0.6365675827257431
test,2.316871567348347,0.6371284352215367
test,2.317938039636056,0.6376892877173304
test,2.3180633349627615,0.638250140213124
test,2.3181468451027945,0.6388109927089175
test,2.318167720128966,0.6393718452047111
test,2.3207069743095903,0.6399326977005048
test,2.322405381067654,0.6404935501962984
test,2.322405381067654,0.641054402692092
test,2.3231902010602106,0.6416152551878855
test,2.3237469757150113,0.6421761076836792
test,2.325146068490751,0.6427369601794728
test,2.3258644366153463,0.6432978126752664
test,2.3258644366153463,0.64385866517106
test,2.3267658453640534,0.6444195176668536
test,2.3267658453640534,0.6449803701626472
test,2.3272976178958547,0.6455412226584408
test,2.3273793712928494,0.6461020751542345
test,2.3278695687566255,0.6466629276500281
test,2.333265860726174,0.6472237801458216
test,2.333265860726174,0.6477846326416152
test,2.3334069668739175,0.6483454851374089
test,2.3334069668739175,0.6489063376332025
test,2.334031315020449,0.6494671901289961
test,2.3354177792535475,0.6500280426247896
test,2.3354177792535475,0.6505888951205833
test,2.3354177792535475,0.6511497476163769
test,2.3354177792535475,0.6517106001121705
test,2.3354177792535475,0.6522714526079642
test,2.338595923576831,0.6528323051037577
test,2.3399480616943507,0.6533931575995513
test,2.3433298030776064,0.6539540100953449
test,2.3438613632886387,0.6545148625911386
test,2.3473300153169503,0.6550757150869322
test,2.348129551869214,0.6556365675827257
test,2.348421697864425,0.6561974200785193
test,2.349335818117248,0.656758272574313
test,2.349840676285945,0.6573191250701066
test,2.349840676285945,0.6578799775659002
test,2.3506356082589543,0.6584408300616937
test,2.3517963068970236,0.6590016825574874
test,2.3531080261481505,0.659562535053281
test,2.354204511370313,0.6601233875490746
test,2.354204511370313,0.6606842400448683
test,2.354204511370313,0.6612450925406618
test,2.3553173987845595,0.6618059450364554
test,2.3553173987845595,0.662366797532249
test,2.3572104190061216,0.6629276500280427
test,2.358905210313047,0.6634885025238362
test,2.358905210313047,0.6640493550196298
test,2.358905210313047,0.6646102075154234
test,2.358905210313047,0.6651710600112171
test,2.358905210313047,0.6657319125070107
test,2.3615200802763487,0.6662927650028042
test,2.3623693625010485,0.6668536174985978
test,2.3623693625010485,0.6674144699943915
test,2.3643070465816085,0.6679753224901851
test,2.364513473691509,0.6685361749859787
test,2.364513473691509,0.6690970274817722
test,2.366908348521373,0.6696578799775659
test,2.36707624226875,0.6702187324733595
test,2.36707624226875,0.6707795849691531
test,2.3672627147842396,0.6713404374649468
test,2.367654046647407,0.6719012899607403
test,2.36839846657925,0.6724621424565339
test,2.37017988551276,0.6730229949523275
test,2.371714202642618,0.6735838474481212
test,2.3720277926574047,0.6741446999439148
test,2.3727647595437418,0.6747055524397083
test,2.373794416714732,0.6752664049355019
test,2.3741615606049744,0.6758272574312956
test,2.374693368545393,0.6763881099270892
test,2.374693368545393,0.6769489624228828
test,2.376157057783254,0.6775098149186763
test,2.3775430081774,0.67807066741447
test,2.377925189530032,0.6786315199102636
test,2.379015286693483,0.6791923724060572
test,2.3811873066341653,0.6797532249018509
test,2.3811873066341653,0.6803140773976444
test,2.3811873066341653,0.680874929893438
test,2.3811873066341653,0.6814357823892316
test,2.3811873066341653,0.6819966348850253
test,2.3832586817081753,0.6825574873808189
test,2.3832586817081753,0.6831183398766124
test,2.3861956561205666,0.683679192372406
test,2.38826110054089,0.6842400448681997
test,2.388988785124714,0.6848008973639933
test,2.388988785124714,0.6853617498597869
test,2.388988785124714,0.6859226023555804
test,2.389343311252078,0.6864834548513741
test,2.3895204658463776,0.6870443073471677
test,2.393259237826838,0.6876051598429613
test,2.3939260065858368,0.688166012338755
test,2.3958154634835394,0.6887268648345485
test,2.3960597923124327,0.6892877173303421
test,2.3960597923124327,0.6898485698261357
test,2.3960597923124327,0.6904094223219294
test,2.3960597923124327,0.6909702748177229
test,2.397905263723669,0.6915311273135165
test,2.398859738404261,0.6920919798093101
test,2.3992928980439108,0.6926528323051038
test,2.401745082237063,0.6932136848008974
test,2.402364568884161,0.6937745372966909
test,2.403618043992883,0.6943353897924845
test,2.40705081480425,0.6948962422882782
test,2.408833321776418,0.6954570947840718
test,2.410928999102691,0.6960179472798654
test,2.4110470024560935,0.696578799775659
test,2.4114513421379375,0.6971396522714526
test,2.4115523682653044,0.6977005047672462
test,2.4115523682653044,0.6982613572630398
test,2.4119394175240436,0.6988222097588335
test,2.4121580320091054,0.699383062254627
test,2.4123261221462435,0.6999439147504206
test,2.4123261221462435,0.7005047672462142
test,2.415073558212059,0.7010656197420079
test,2.415073558212059,0.7016264722378015
test,2.4169565453903425,0.702187324733595
test,2.4214723025372873,0.7027481772293886
test,2.4225734262955965,0.7033090297251823
test,2.4232950365671155,0.7038698822209759
test,2.4281834063619443,0.7044307347167695
test,2.4287663303280818,0.704991587212563
test,2.4287663303280818,0.7055524397083567
test,2.4333056987081227,0.7061132922041503
test,2.4364647981416185,0.7066741446999439
test,2.4379248796314323,0.7072349971957376
test,2.4392063352370226,0.7077958496915311
test,2.4394905903896835,0.7083567021873247
test,2.4394905903896835,0.7089175546831183
test,2.441695135640717,0.709478407178912
test,2.4418835769867036,0.7100392596747056
test,2.4418835769867036,0.7106001121704991
test,2.4425738298846342,0.7111609646662927
test,2.443106456737266,0.7117218171620864
test,2.44504346145018,0.71228266965788
test,2.44504346145018,0.7128435221536736
test,2.448211467856778,0.7134043746494672
test,2.448690864310427,0.7139652271452608
test,2.450510838167308,0.7145260796410544
test,2.452123918449043,0.715086932136848
test,2.453471233722936,0.7156477846326417
test,2.4541585899443437,0.7162086371284352
test,2.455088606040952,0.7167694896242288
test,2.456214155357989,0.7173303421200224
test,2.4581995569811697,0.7178911946158161
test,2.460356515861848,0.7184520471116096
test,2.460356515861848,0.7190128996074032
test,2.4606723718774317,0.7195737521031969
test,2.4615435446102523,0.7201346045989905
test,2.4620833948696252,0.7206954570947841
test,2.462203270516635,0.7212563095905776
test,2.4624429225906743,0.7218171620863713
test,2.4634450317704277,0.7223780145821649
test,2.465010864717408,0.7229388670779585
test,2.4651894581122975,0.7234997195737521
test,2.466348528450199,0.7240605720695457
test,2.4676820847136822,0.7246214245653393
test,2.4676968790275913,0.7251822770611329
test,2.4693211845152474,0.7257431295569265
test,2.469439079183607,0.7263039820527202
test,2.4726101975960444,0.7268648345485137
test,2.472697954538768,0.7274256870443073
test,2.473078029844237,0.727986539540101
test,2.4780323168508858,0.7285473920358946
test,2.4780900975902895,0.7291082445316882
test,2.479776792192939,0.7296690970274817
test,2.480581786829169,0.7302299495232754
test,2.481686223744099,0.730790802019069
test,2.483801182460488,0.7313516545148626
test,2.484712578894317,0.7319125070106562
test,2.486430478854434,0.7324733595064498
test,2.489241090524176,0.7330342120022434
test,2.490014695136764,0.733595064498037
test,2.490632588185562,0.7341559169938306
test,2.491669793508666,0.7347167694896243
test,2.4920056531492256,0.7352776219854178
test,2.493374390710106,0.7358384744812114
test,2.49373680227684,0.736399326977005
test,2.495710808313926,0.7369601794727987
test,2.5019488596712804,0.7375210319685923
test,2.504742636271688,0.7380818844643858
test,2.50745106090197,0.7386427369601795
test,2.511509038309229,0.7392035894559731
test,2.511509038309229,0.7397644419517667
test,2.5119100859708463,0.7403252944475603
test,2.511990251080793,0.7408861469433539
test,2.517934494185654,0.7414469994391475
test,2.5188691264429286,0.7420078519349411
test,2.5202083268859914,0.7425687044307347
test,2.521164245234233,0.7431295569265284
test,2.5221050122757025,0.7436904094223219
test,2.5221833176186865,0.7442512619181155
test,2.5231479244222035,0.7448121144139092
test,2.5251485067703614,0.7453729669097028
test,2.525925466513464,0.7459338194054963
test,2.526352202628514,0.7464946719012899
test,2.5273076043950233,0.7470555243970836
test,2.5298151966446305,0.7476163768928772
test,2.530890944318972,0.7481772293886708
test,2.5310060451143546,0.7487380818844643
test,2.533772058384718,0.749298934380258
test,2.5395026526123377,0.7498597868760516
test,2.54270096944811,0.7504206393718452
test,2.5461970644860603,0.7509814918676389
test,2.547700881354684,0.7515423443634324
test,2.5486105018978176,0.752103196859226
test,2.5499836111596887,0.7526640493550196
test,2.552656050830272,0.7532249018508133
test,2.5529600806943495,0.7537857543466069
test,2.556724526395461,0.7543466068424004
test,2.558324494026238,0.754907459338194
test,2.559092307674901,0.7554683118339877
test,2.5612087508799486,0.7560291643297813
test,2.5644530065313664,0.7565900168255749
test,2.5656117249020585,0.7571508693213684
test,2.5657533965659813,0.7577117218171621
test,2.5663549860850607,0.7582725743129557
test,2.56998219805848,0.7588334268087493
test,2.571510850866108,0.759394279304543
test,2.571510850866108,0.7599551318003365
test,2.571510850866108,0.7605159842961301
test,2.57153414742667,0.7610768367919237
test,2.5735677730392186,0.7616376892877174
test,2.578455827939842,0.762198541783511
test,2.5785819114018698,0.7627593942793045
test,2.5801149054749035,0.7633202467750981
test,2.5811414989920385,0.7638810992708918
test,2.581619746765589,0.7644419517666854
test,2.586035647986175,0.765002804262479
test,2.5861482879084536,0.7655636567582725
test,2.5867110497167163,0.7661245092540662
test,2.589133835723009,0.7666853617498598
test,2.5911759503117913,0.7672462142456534
test,2.5911759503117913,0.767807066741447
test,2.5932971458200114,0.7683679192372406
test,2.594248866857383,0.7689287717330342
test,2.5950440557146153,0.7694896242288278
test,2.598659214028129,0.7700504767246215
test,2.598659214028129,0.770611329220415
test,2.5993917577937564,0.7711721817162086
test,2.5995774307426873,0.7717330342120022
test,2.599773939146388,0.7722938867077959
test,2.604625593021657,0.7728547392035895
test,2.6084083516417063,0.773415591699383
test,2.6099463972076675,0.7739764441951766
test,2.611627731468287,0.7745372966909703
test,2.614021419922643,0.7750981491867639
test,2.615571324793862,0.7756590016825575
test,2.615865918668555,0.776219854178351
test,2.617964369223516,0.7767807066741447
test,2.6186650889403156,0.7773415591699383
test,2.619155964737166,0.7779024116657319
test,2.622587003602525,0.7784632641615256
test,2.623063124295784,0.7790241166573191
test,2.624220196724192,0.7795849691531127
test,2.6274580319597765,0.7801458216489063
test,2.630254936470747,0.7807066741447
test,2.6306820713927745,0.7812675266404936
test,2.6306820713927745,0.7818283791362871
test,2.6344369625378987,0.7823892316320807
test,2.6356847625472226,0.7829500841278744
test,2.636447774917529,0.783510936623668
test,2.636447774917529,0.7840717891194616
test,2.636758619139358,0.7846326416152551
test,2.6369690646957107,0.7851934941110488
test,2.6400240441088667,0.7857543466068424
test,2.6453436568985373,0.786315199102636
test,2.6483502514447137,0.7868760515984297
test,2.6527683412447405,0.7874369040942232
test,2.653964639223401,0.7879977565900168
test,2.6541765418779604,0.7885586090858104
test,2.655224900768312,0.7891194615816041
test,2.6592123961433822,0.7896803140773977
test,2.659745109466113,0.7902411665731912
test,2.6598781857600615,0.7908020190689848
test,2.660647327741384,0.7913628715647785
test,2.6633993581650297,0.7919237240605721
test,2.666892211066536,0.7924845765563657
test,2.668096912204907,0.7930454290521592
test,2.6703571963594164,0.7936062815479529
test,2.6714413000230848,0.7941671340437465
test,2.6718020673696072,0.7947279865395401
test,2.673785550835815,0.7952888390353338
test,2.674824412378713,0.7958496915311273
test,2.6767484644107724,0.7964105440269209
test,2.6771961860105447,0.7969713965227145
test,2.677962636542057,0.7975322490185082
test,2.678053790618855,0.7980931015143017
test,2.68039897561208,0.7986539540100953
test,2.6822082747144655,0.7992148065058889
test,2.6832362124698608,0.7997756590016826
test,2.6840370374865197,0.8003365114974762
test,2.686537961031499,0.8008973639932697
test,2.68780532355092,0.8014582164890633
test,2.6895485874462537,0.802019068984857
test,2.6897260787056068,0.8025799214806506
test,2.6905593173434337,0.8031407739764442
test,2.6907806545014874,0.8037016264722378
test,2.6929878439095702,0.8042624789680314
test,2.6981962713313834,0.804823331463825
test,2.7033945645481423,0.8053841839596186
test,2.7067007173853077,0.8059450364554123
test,2.7124729178970743,0.8065058889512058
test,2.7136165290200505,0.8070667414469994
test,2.7136165290200505,0.807627593942793
test,2.7164791364780383,0.8081884464385867
test,2.7174125120406756,0.8087492989343803
test,2.7187424355110865,0.8093101514301738
test,2.7211260828111157,0.8098710039259674
test,2.7214478649502984,0.8104318564217611
test,2.72222246396973,0.8109927089175547
test,2.7264011621029223,0.8115535614133483
test,2.7275168577767785,0.8121144139091419
test,2.728434950974255,0.8126752664049355
test,2.728507990063592,0.8132361189007291
test,2.7295130579009066,0.8137969713965227
test,2.7295130579009066,0.8143578238923164
test,2.732047794971974,0.8149186763881099
test,2.7328439059169187,0.8154795288839035
test,2.73656381287245,0.8160403813796971
test,2.736611604063376,0.8166012338754908
test,2.738161961758311,0.8171620863712844
test,2.7399123690975578,0.8177229388670779
test,2.7401178363211565,0.8182837913628715
test,2.7412855710384876,0.8188446438586652
test,2.7428429167274433,0.8194054963544588
test,2.7449263562336346,0.8199663488502524
test,2.7489628612561616,0.820527201346046
test,2.749063488247508,0.8210880538418396
test,2.751879309071671,0.8216489063376332
test,2.755196216792059,0.8222097588334268
test,2.755196216792059,0.8227706113292205
test,2.7568414178701883,0.823331463825014
test,2.762896031550492,0.8238923163208076
test,2.763719921025807,0.8244531688166012
test,2.7656387565167364,0.8250140213123949
test,2.7669925109433593,0.8255748738081884
test,2.7687120803776635,0.826135726303982
test,2.7740568808950865,0.8266965787997756
test,2.7740568808950865,0.8272574312955693
test,2.7752826923128766,0.8278182837913629
test,2.7758069827589567,0.8283791362871564
test,2.779120093254271,0.82893998878295
test,2.779120093254271,0.8295008412787437
test,2.780835563373373,0.8300616937745373
test,2.7811950965511025,0.8306225462703309
test,2.782171523636886,0.8311833987661245
test,2.782171523636886,0.8317442512619181
test,2.7901091581617736,0.8323051037577117
test,2.792132436393576,0.8328659562535053
test,2.79402073706099,0.833426808749299
test,2.7947737644310147,0.8339876612450925
test,2.7963245073534795,0.8345485137408861
test,2.797821311364024,0.8351093662366798
test,2.797869732706836,0.8356702187324734
test,2.798139409974929,0.836231071228267
test,2.801527188523206,0.8367919237240605
test,2.8029925272271554,0.8373527762198542
test,2.808474306521547,0.8379136287156478
test,2.8085013060697075,0.8384744812114414
test,2.8121710813273726,0.839035333707235
test,2.812545721136587,0.8395961862030286
test,2.812545721136587,0.8401570386988222
test,2.8134742364059377,0.8407178911946158
test,2.8167714123333463,0.8412787436904094
test,2.820142323079331,0.8418395961862031
test,2.8204050899381916,0.8424004486819966
test,2.8252573008576363,0.8429613011777902
test,2.8283376000590046,0.8435221536735839
test,2.8283376000590046,0.8440830061693775
test,2.8310182601378244,0.8446438586651711
test,2.83324913681063,0.8452047111609646
test,2.8377272892721663,0.8457655636567583
test,2.8387357817445085,0.8463264161525519
test,2.8488047010518036,0.8468872686483455
test,2.849443984218218,0.8474481211441391
test,2.8496527766938495,0.8480089736399327
test,2.85101360682367,0.8485698261357263
test,2.853034706611376,0.8491306786315199
test,2.8550464442496946,0.8496915311273135
test,2.8553374044695405,0.8502523836231072
test,2.8562877276242484,0.8508132361189007
test,2.8568315626153273,0.8513740886146943
test,2.860128296542201,0.851934941110488
test,2.8664645659717403,0.8524957936062816
test,2.8675146271711465,0.8530566461020751
test,2.8753333360265017,0.8536174985978687
test,2.8760272174079264,0.8541783510936624
test,2.8778549059589653,0.854739203589456
test,2.8794915554644502,0.8553000560852496
test,2.88349109018893,0.8558609085810431
test,2.885954576496081,0.8564217610768368
test,2.8880446338152113,0.8569826135726304
test,2.888342394022741,0.857543466068424
test,2.8890887058923904,0.8581043185642176
test,2.890381891409392,0.8586651710600112
test,2.8911637702449444,0.8592260235558048
test,2.893029000276479,0.8597868760515984
test,2.894847526526292,0.860347728547392
test,2.8959526583809714,0.8609085810431857
test,2.9043097257675417,0.8614694335389792
test,2.906765889540728,0.8620302860347728
test,2.9094436971764277,0.8625911385305665
test,2.9094436971764277,0.8631519910263601
test,2.916143251082041,0.8637128435221537
test,2.9166065828154766,0.8642736960179472
test,2.9169327245202177,0.8648345485137409
test,2.9186907173559855,0.8653954010095345
test,2.918936792874169,0.8659562535053281
test,2.930342734257718,0.8665171060011218
test,2.9320626138913077,0.8670779584969153
test,2.932214937348537,0.8676388109927089
test,2.9363126336621934,0.8681996634885025
test,2.9414319206455497,0.8687605159842962
test,2.9428955879359315,0.8693213684800898
test,2.9435093548717903,0.8698822209758833
test,2.9483787295038053,0.8704430734716769
test,2.95542796164223,0.8710039259674706
test,2.9573725992984494,0.8715647784632642
test,2.9582627826925663,0.8721256309590578
test,2.9625966059112567,0.8726864834548513
test,2.9651075858490556,0.873247335950645
test,2.968515636155743,0.8738081884464386
test,2.970086407441639,0.8743690409422322
test,2.971322245242813,0.8749298934380259
test,2.974368900135572,0.8754907459338194
test,2.9750179976328828,0.876051598429613
test,2.975946223117115,0.8766124509254066
test,2.9772982456123143,0.8771733034212003
test,2.980516945042109,0.8777341559169939
test,2.983865241183091,0.8782950084127874
test,2.98657021069597,0.878855860908581
test,2.98863475114925,0.8794167134043747
test,2.995020606124758,0.8799775659001683
test,2.9956790605116224,0.8805384183959618
test,2.9956790605116224,0.8810992708917554
test,2.995722921995465,0.8816601233875491
test,2.995722921995465,0.8822209758833427
test,2.9995872241426005,0.8827818283791363
test,3.0007506803022954,0.8833426808749298
test,3.0047382683231803,0.8839035333707235
test,3.005287785440451,0.8844643858665171
test,3.0078629488875093,0.8850252383623107
test,3.009569864291947,0.8855860908581044
test,3.01913291384115,0.8861469433538979
test,3.026749744968129,0.8867077958496915
test,3.026749744968129,0.8872686483454851
test,3.0279079186472466,0.8878295008412788
test,3.0279242089156084,0.8883903533370724
test,3.0295379857275733,0.8889512058328659
test,3.037055794941002,0.8895120583286595
test,3.037557961691636,0.8900729108244532
test,3.0450685877070094,0.8906337633202468
test,3.045940724172465,0.8911946158160404
test,3.0500934839114895,0.8917554683118339
test,3.051723485481293,0.8923163208076276
test,3.053769689599309,0.8928771733034212
test,3.053773526784,0.8934380257992148
test,3.0627436395298817,0.8939988782950085
test,3.0631606578406316,0.894559730790802
test,3.0641358928708926,0.8951205832865956
test,3.069327630507541,0.8956814357823892
test,3.070200465588601,0.8962422882781829
test,3.074677502679902,0.8968031407739765
test,3.075784116304216,0.89736399326977
test,3.075784116304216,0.8979248457655636
test,3.081977046158557,0.8984856982613573
test,3.097180928247997,0.8990465507571509
test,3.101461802727619,0.8996074032529445
test,3.1042070513186064,0.900168255748738
test,3.106425495746832,0.9007291082445317
test,3.1082198863380315,0.9012899607403253
test,3.110401138428078,0.9018508132361189
test,3.1163187822821805,0.9024116657319126
test,3.118568923354479,0.9029725182277061
test,3.1192921889713667,0.9035333707234997
test,3.12077787011696,0.9040942232192933
test,3.124471618919487,0.904655075715087
test,3.127697497398853,0.9052159282108806
test,3.1277330983579787,0.9057767807066741
test,3.1289998857499857,0.9063376332024677
test,3.1352694405482695,0.9068984856982614
test,3.1398853804785536,0.907459338194055
test,3.141340010022802,0.9080201906898485
test,3.1432802948482763,0.9085810431856421
test,3.1465404195846904,0.9091418956814358
test,3.1484175466913764,0.9097027481772294
test,3.151942606261572,0.910263600673023
test,3.1563371008708097,0.9108244531688166
test,3.157517208532612,0.9113853056646102
test,3.1609065064302606,0.9119461581604038
test,3.1636681537826687,0.9125070106561974
test,3.165618198675746,0.9130678631519911
test,3.1665100379882625,0.9136287156477846
test,3.1736669324528477,0.9141895681435782
test,3.177013877949797,0.9147504206393718
test,3.1785078861281586,0.9153112731351655
test,3.1792213489148056,0.9158721256309591
test,3.1859782134279024,0.9164329781267526
test,3.195758552939117,0.9169938306225462
test,3.1959190154258152,0.9175546831183399
test,3.198371128108791,0.9181155356141335
test,3.1990746884014203,0.9186763881099271
test,3.211019033760941,0.9192372406057207
test,3.211553017772715,0.9197980931015143
test,3.217639209634363,0.9203589455973079
test,3.22159939301155,0.9209197980931015
test,3.2332449330125184,0.9214806505888952
test,3.233683833448971,0.9220415030846887
test,3.237025693973722,0.9226023555804823
test,3.2374356537294884,0.9231632080762759
test,3.237757314269728,0.9237240605720696
test,3.2392994791268923,0.9242849130678632
test,3.2458185402794295,0.9248457655636567
test,3.249411170705493,0.9254066180594503
test,3.254702723177206,0.925967470555244
test,3.256241347973933,0.9265283230510376
test,3.264841425329148,0.9270891755468312
test,3.2676128414029875,0.9276500280426248
test,3.2757972160105338,0.9282108805384184
test,3.276181375417756,0.928771733034212
test,3.278490658920664,0.9293325855300056
test,3.283448230599548,0.9298934380257993
test,3.284268266042428,0.9304542905215928
test,3.285984642487249,0.9310151430173864
test,3.292617094730057,0.93157599551318
test,3.2936674483669264,0.9321368480089737
test,3.301633245832021,0.9326977005047672
test,3.3023763908318355,0.9332585530005608
test,3.305366418994645,0.9338194054963544
test,3.305847729380622,0.9343802579921481
test,3.306189050400426,0.9349411104879417
test,3.3071792939465907,0.9355019629837352
test,3.30957694180148,0.9360628154795289
test,3.3159598551253455,0.9366236679753225
test,3.3264689968468053,0.9371845204711161
test,3.331453616600864,0.9377453729669097
test,3.3356504320032063,0.9383062254627033
test,3.340723639121399,0.9388670779584969
test,3.345083450349381,0.9394279304542905
test,3.353897005418162,0.9399887829500841
test,3.3573420496985995,0.9405496354458778
test,3.3634502643958606,0.9411104879416713
test,3.3773135378272348,0.9416713404374649
test,3.3795430001032036,0.9422321929332585
test,3.384423311462446,0.9427930454290522
test,3.385411422904138,0.9433538979248458
test,3.386201010476438,0.9439147504206393
test,3.3884280433012965,0.944475602916433
test,3.4156092905865987,0.9450364554122266
test,3.4315776417308466,0.9455973079080202
test,3.4373636465270256,0.9461581604038138
test,3.4527919743605557,0.9467190128996074
test,3.4530690079235775,0.947279865395401
test,3.4594543100037867,0.9478407178911946
test,3.47551138503771,0.9484015703869882
test,3.4777996716019053,0.9489624228827819
test,3.4792714712806476,0.9495232753785754
test,3.4948958807560664,0.950084127874369
test,3.4953611459710325,0.9506449803701627
test,3.5088231893972743,0.9512058328659563
test,3.516434886226687,0.9517666853617499
test,3.522290312092613,0.9523275378575434
test,3.5367856302506993,0.9528883903533371
test,3.538370110540531,0.9534492428491307
test,3.5471677455293715,0.9540100953449243
test,3.5536354810395205,0.9545709478407179
test,3.5574253880371587,0.9551318003365115
test,3.568605312973034,0.9556926528323051
test,3.5694043442805,0.9562535053280987
test,3.5753910841435093,0.9568143578238923
test,3.5810412279290413,0.957375210319686
test,3.582186130385306,0.9579360628154795
test,3.583720067932199,0.9584969153112731
test,3.5846195273319172,0.9590577678070668
test,3.5874325682323436,0.9596186203028604
test,3.5906222923503908,0.9601794727986539
test,3.5949811563062335,0.9607403252944475
test,3.602158782085573,0.9613011777902412
test,3.60432867274004,0.9618620302860348
test,3.605812324702231,0.9624228827818284
test,3.6138354817643616,0.9629837352776219
test,3.619224851826989,0.9635445877734156
test,3.624217101537019,0.9641054402692092
test,3.64045162168051,0.9646662927650028
test,3.650670740635351,0.9652271452607964
test,3.653020416626512,0.96578799775659
test,3.680577526610611,0.9663488502523836
test,3.688652925733042,0.9669097027481772
test,3.714832512433333,0.9674705552439709
test,3.723869245220399,0.9680314077397645
test,3.73088316879773,0.968592260235558
test,3.743641444173277,0.9691531127313516
test,3.754091353099653,0.9697139652271453
test,3.755621824487847,0.9702748177229389
test,3.7849936606782486,0.9708356702187325
test,3.789173722958609,0.971396522714526
test,3.810123594575217,0.9719573752103197
test,3.857855144755165,0.9725182277061133
test,3.870412099437232,0.9730790802019069
test,3.9060029975327337,0.9736399326977005
test,3.921821163902242,0.9742007851934941
test,3.923855642382155,0.9747616376892877
test,3.9255302155334664,0.9753224901850813
test,3.9310483016780338,0.975883342680875
test,3.951916677549271,0.9764441951766686
test,3.9627745512329633,0.9770050476724621
test,3.965484864682583,0.9775659001682557
test,3.9718244021259985,0.9781267526640494
test,3.981627004362719,0.978687605159843
test,3.988231552030162,0.9792484576556366
test,4.031330890309442,0.9798093101514301
test,4.042943502766027,0.9803701626472238
test,4.051174140123556,0.9809310151430174
test,4.0520741782896685,0.981491867638811
test,4.053122639345544,0.9820527201346047
test,4.06918803616221,0.9826135726303982
test,4.072923432457039,0.9831744251261918
test,4.077972226070432,0.9837352776219854
test,4.079725943895961,0.9842961301177791
test,4.086967417737639,0.9848569826135727
test,4.113026357605656,0.9854178351093662
test,4.13952867713505,0.9859786876051598
test,4.170764970544566,0.9865395401009535
test,4.230956493732027,0.9871003925967471
test,4.298329425077181,0.9876612450925406
test,4.315525542869508,0.9882220975883342
test,4.366889503060652,0.9887829500841279
test,4.367756666302977,0.9893438025799215
test,4.388683128633789,0.9899046550757151
test,4.394596304824464,0.9904655075715086
test,4.419401545718649,0.9910263600673023
test,4.463425609842295,0.9915872125630959
test,4.495113853596284,0.9921480650588895
test,4.551483910656068,0.9927089175546832
test,4.615907145869103,0.9932697700504767
test,4.684692613874955,0.9938306225462703
test,4.700180864953556,0.9943914750420639
test,4.7413935855700835,0.9949523275378576
test,4.781316551492973,0.9955131800336512
test,4.855907424247263,0.9960740325294447
test,4.856053003577955,0.9966348850252383
test,5.136853783197884,0.997195737521032
test,5.154949282477117,0.9977565900168256
test,5.1932649975402985,0.9983174425126192
test,5.289695261418419,0.9988782950084127
test,5.859938895302589,0.9994391475042064
test,6.440191125726022,1.0
