sample_id,left_method,right_method,abs_disagreement_log10
ecoli50_r007766,cnn_1d,knn_physchem_full,0.6266404052991259
ecoli50_r007677,cnn_1d,knn_physchem_full,0.52504363465891
ecoli50_r001965,cnn_1d,knn_physchem_full,0.49627698553605115
ecoli50_r009019,cnn_1d,knn_physchem_full,0.4925871217073523
ecoli50_r003336,cnn_1d,knn_physchem_full,0.4852650078006453
ecoli50_r011123,cnn_1d,knn_physchem_full,0.433849725332464
ecoli50_r000729,cnn_1d,knn_physchem_full,0.4307980978523185
ecoli50_r005458,cnn_1d,knn_physchem_full,0.42020374502507174
ecoli50_r000290,cnn_1d,knn_physchem_full,0.4191527139766662
ecoli50_r010757,cnn_1d,knn_physchem_full,0.4050210823124121
ecoli50_r008178,cnn_1d,knn_physchem_full,0.40461687116762324
ecoli50_r000802,cnn_1d,knn_physchem_full,0.404192687039703
ecoli50_r010287,cnn_1d,knn_physchem_full,0.4036175799677968
ecoli50_r009372,cnn_1d,knn_physchem_full,0.40180919586693875
ecoli50_r004946,cnn_1d,knn_physchem_full,0.400724861578865
ecoli50_r000490,cnn_1d,knn_physchem_full,0.39926755671735625
ecoli50_r006832,cnn_1d,knn_physchem_full,0.39857155943550904
ecoli50_r006957,cnn_1d,knn_physchem_full,0.39284726706473583
ecoli50_r009296,cnn_1d,knn_physchem_full,0.39150118454137095
ecoli50_r002814,cnn_1d,knn_physchem_full,0.3908029515395901
ecoli50_r009298,cnn_1d,knn_physchem_full,0.3904933137234803
ecoli50_r009922,cnn_1d,knn_physchem_full,0.3896695732102604
ecoli50_r000724,cnn_1d,knn_physchem_full,0.38369775252620797
ecoli50_r008584,cnn_1d,knn_physchem_full,0.382362350452385
ecoli50_r003167,cnn_1d,knn_physchem_full,0.3800867280100424
ecoli50_r004929,cnn_1d,knn_physchem_full,0.3782020714169796
ecoli50_r000989,cnn_1d,knn_physchem_full,0.3781129832919832
ecoli50_r004523,cnn_1d,knn_physchem_full,0.3770628917630199
ecoli50_r001550,cnn_1d,knn_physchem_full,0.37471240593564037
ecoli50_r010641,cnn_1d,knn_physchem_full,0.3732971748559599
ecoli50_r009114,cnn_1d,knn_physchem_full,0.3729753971803835
ecoli50_r000319,cnn_1d,knn_physchem_full,0.3717800398451465
ecoli50_r002859,cnn_1d,knn_physchem_full,0.37129324979628997
ecoli50_r006148,cnn_1d,knn_physchem_full,0.3700105617014029
ecoli50_r006186,cnn_1d,knn_physchem_full,0.36716406753974606
ecoli50_r001785,cnn_1d,knn_physchem_full,0.36627953552267134
ecoli50_r003816,cnn_1d,knn_physchem_full,0.36247258833727614
ecoli50_r003027,cnn_1d,knn_physchem_full,0.3617469515788616
ecoli50_r003633,cnn_1d,knn_physchem_full,0.3576799684418219
ecoli50_r007931,cnn_1d,knn_physchem_full,0.35714824461228867
ecoli50_r003591,cnn_1d,knn_physchem_full,0.3570349339548864
ecoli50_r010668,cnn_1d,knn_physchem_full,0.3539516046484028
ecoli50_r010650,cnn_1d,knn_physchem_full,0.3535531011934152
ecoli50_r004730,cnn_1d,knn_physchem_full,0.34967083482511585
ecoli50_r001382,cnn_1d,knn_physchem_full,0.34890896522079795
ecoli50_r005631,cnn_1d,knn_physchem_full,0.3483961255204915
ecoli50_r000386,cnn_1d,knn_physchem_full,0.347428108753594
ecoli50_r001101,cnn_1d,knn_physchem_full,0.34712828385021366
ecoli50_r006762,cnn_1d,knn_physchem_full,0.3463784438266573
ecoli50_r002658,cnn_1d,knn_physchem_full,0.34592577920640677
ecoli50_r000200,cnn_1d,knn_physchem_full,0.34169248611055436
ecoli50_r011421,cnn_1d,knn_physchem_full,0.33835233648856855
ecoli50_r011403,cnn_1d,knn_physchem_full,0.3364261201977694
ecoli50_r000517,cnn_1d,knn_physchem_full,0.3363192008413578
ecoli50_r002140,cnn_1d,knn_physchem_full,0.33539576486225675
ecoli50_r004806,cnn_1d,knn_physchem_full,0.3344931098070212
ecoli50_r008149,cnn_1d,knn_physchem_full,0.333847461940207
ecoli50_r008692,cnn_1d,knn_physchem_full,0.3317844056291728
ecoli50_r011627,cnn_1d,knn_physchem_full,0.3312076463533429
ecoli50_r009005,cnn_1d,knn_physchem_full,0.3308097631163054
ecoli50_r011146,cnn_1d,knn_physchem_full,0.32913114705378765
ecoli50_r010758,cnn_1d,knn_physchem_full,0.3257837333007729
ecoli50_r002718,cnn_1d,knn_physchem_full,0.3256580110504874
ecoli50_r000730,cnn_1d,knn_physchem_full,0.32520346487903673
ecoli50_r000854,cnn_1d,knn_physchem_full,0.32409918694414275
ecoli50_r006744,cnn_1d,knn_physchem_full,0.323538419656781
ecoli50_r008726,cnn_1d,knn_physchem_full,0.32228845630217196
ecoli50_r010076,cnn_1d,knn_physchem_full,0.32165541664152997
ecoli50_r000903,cnn_1d,knn_physchem_full,0.32051391458144396
ecoli50_r000993,cnn_1d,knn_physchem_full,0.3191979750409495
ecoli50_r010790,cnn_1d,knn_physchem_full,0.3186687164591999
ecoli50_r009550,cnn_1d,knn_physchem_full,0.31830575163243013
ecoli50_r001915,cnn_1d,knn_physchem_full,0.3179258136857346
ecoli50_r011633,cnn_1d,knn_physchem_full,0.3173049093317162
ecoli50_r006343,cnn_1d,knn_physchem_full,0.31693554860461903
ecoli50_r001835,cnn_1d,knn_physchem_full,0.3165316570534227
ecoli50_r005980,cnn_1d,knn_physchem_full,0.3158006502998685
ecoli50_r009740,cnn_1d,knn_physchem_full,0.3152600706339457
ecoli50_r003449,cnn_1d,knn_physchem_full,0.3124378837195785
ecoli50_r002683,cnn_1d,knn_physchem_full,0.3119204599822645
ecoli50_r007210,cnn_1d,knn_physchem_full,0.31185564590162107
ecoli50_r009260,cnn_1d,knn_physchem_full,0.3116262552478841
ecoli50_r006890,cnn_1d,knn_physchem_full,0.30935795582033077
ecoli50_r000610,cnn_1d,knn_physchem_full,0.3083153452895093
ecoli50_r000619,cnn_1d,knn_physchem_full,0.3082785021838328
ecoli50_r010969,cnn_1d,knn_physchem_full,0.3065231355593978
ecoli50_r011335,cnn_1d,knn_physchem_full,0.3064698401622101
ecoli50_r007417,cnn_1d,knn_physchem_full,0.3054025701813421
ecoli50_r010649,cnn_1d,knn_physchem_full,0.30487398212370986
ecoli50_r011620,cnn_1d,knn_physchem_full,0.3046646526573278
ecoli50_r007820,cnn_1d,knn_physchem_full,0.3046035439528443
ecoli50_r010305,cnn_1d,knn_physchem_full,0.30382807388956934
ecoli50_r004791,cnn_1d,knn_physchem_full,0.3037564865394322
ecoli50_r007907,cnn_1d,knn_physchem_full,0.3027491951588428
ecoli50_r006895,cnn_1d,knn_physchem_full,0.3027046047252373
ecoli50_r000415,cnn_1d,knn_physchem_full,0.30232640831449586
ecoli50_r007817,cnn_1d,knn_physchem_full,0.301562201993119
ecoli50_r000553,cnn_1d,knn_physchem_full,0.30147826691151103
ecoli50_r006118,cnn_1d,knn_physchem_full,0.3005637719816594
ecoli50_r005908,cnn_1d,knn_physchem_full,0.2998077790433853
ecoli50_r003061,cnn_1d,knn_physchem_full,0.29949797735042916
ecoli50_r007802,cnn_1d,knn_physchem_full,0.29932764311613713
ecoli50_r009028,cnn_1d,knn_physchem_full,0.298453928659812
ecoli50_r011396,cnn_1d,knn_physchem_full,0.29790684462651074
ecoli50_r000572,cnn_1d,knn_physchem_full,0.2973607493083459
ecoli50_r003648,cnn_1d,knn_physchem_full,0.29703896661890794
ecoli50_r000703,cnn_1d,knn_physchem_full,0.29696230287563363
ecoli50_r000367,cnn_1d,knn_physchem_full,0.29641642672977486
ecoli50_r009891,cnn_1d,knn_physchem_full,0.2961329565962827
ecoli50_r006684,cnn_1d,knn_physchem_full,0.2952708708256879
ecoli50_r005969,cnn_1d,knn_physchem_full,0.2948056674398627
ecoli50_r004016,cnn_1d,knn_physchem_full,0.29442270936238746
ecoli50_r000014,cnn_1d,knn_physchem_full,0.29347330506609914
ecoli50_r005671,cnn_1d,knn_physchem_full,0.2924299369407617
ecoli50_r006570,cnn_1d,knn_physchem_full,0.2922750851961289
ecoli50_r010263,cnn_1d,knn_physchem_full,0.29181659975573027
ecoli50_r007947,cnn_1d,knn_physchem_full,0.29079880412941606
ecoli50_r003373,cnn_1d,knn_physchem_full,0.2883607782220281
ecoli50_r005891,cnn_1d,knn_physchem_full,0.28770008934215485
ecoli50_r000996,cnn_1d,knn_physchem_full,0.28761018821167683
ecoli50_r008031,cnn_1d,knn_physchem_full,0.28716992559363197
ecoli50_r002202,cnn_1d,knn_physchem_full,0.2866416631907862
ecoli50_r004094,cnn_1d,knn_physchem_full,0.28494726985203966
ecoli50_r006462,cnn_1d,knn_physchem_full,0.28457171655476454
ecoli50_r007910,cnn_1d,knn_physchem_full,0.28444508075876174
ecoli50_r007467,cnn_1d,knn_physchem_full,0.2835649728462455
ecoli50_r006968,cnn_1d,knn_physchem_full,0.28273836667002294
ecoli50_r001134,cnn_1d,knn_physchem_full,0.28226413580519094
ecoli50_r000370,cnn_1d,knn_physchem_full,0.281106583489922
ecoli50_r005164,cnn_1d,knn_physchem_full,0.28073594060011775
ecoli50_r007957,cnn_1d,knn_physchem_full,0.27988335048768453
ecoli50_r008094,cnn_1d,knn_physchem_full,0.27889056418425984
ecoli50_r011016,cnn_1d,knn_physchem_full,0.2784482673500279
ecoli50_r002933,cnn_1d,knn_physchem_full,0.27659934026423816
ecoli50_r000323,cnn_1d,knn_physchem_full,0.27555705185498836
ecoli50_r003978,cnn_1d,knn_physchem_full,0.27508387981265603
ecoli50_r000772,cnn_1d,knn_physchem_full,0.2749510284339798
ecoli50_r005878,cnn_1d,knn_physchem_full,0.2747499405509921
ecoli50_r001588,cnn_1d,knn_physchem_full,0.27401787463099203
ecoli50_r002088,cnn_1d,knn_physchem_full,0.2733853120270813
ecoli50_r001065,cnn_1d,knn_physchem_full,0.27261558566196453
ecoli50_r009417,cnn_1d,knn_physchem_full,0.27205943946005506
ecoli50_r010045,cnn_1d,knn_physchem_full,0.271755187639257
ecoli50_r011196,cnn_1d,knn_physchem_full,0.27167590391060426
ecoli50_r008167,cnn_1d,knn_physchem_full,0.2714161064076195
ecoli50_r008000,cnn_1d,knn_physchem_full,0.2706254099436496
ecoli50_r002440,cnn_1d,knn_physchem_full,0.2706004865770266
ecoli50_r007987,cnn_1d,knn_physchem_full,0.2675040759661149
ecoli50_r005369,cnn_1d,knn_physchem_full,0.2663468828892719
ecoli50_r010204,cnn_1d,knn_physchem_full,0.2663375858192234
ecoli50_r008483,cnn_1d,knn_physchem_full,0.2661148403203648
ecoli50_r004166,cnn_1d,knn_physchem_full,0.265892006932404
ecoli50_r010154,cnn_1d,knn_physchem_full,0.2655410640487621
ecoli50_r005265,cnn_1d,knn_physchem_full,0.26511053798380946
ecoli50_r002563,cnn_1d,knn_physchem_full,0.2646441565792119
ecoli50_r008614,cnn_1d,knn_physchem_full,0.26399615340902605
ecoli50_r009299,cnn_1d,knn_physchem_full,0.2635464611475862
ecoli50_r007883,cnn_1d,knn_physchem_full,0.2632718552229312
ecoli50_r009561,cnn_1d,knn_physchem_full,0.26273162503074676
ecoli50_r005872,cnn_1d,knn_physchem_full,0.2624042143860388
ecoli50_r011384,cnn_1d,knn_physchem_full,0.26202966463720356
ecoli50_r000678,cnn_1d,knn_physchem_full,0.2615415804417176
ecoli50_r008241,cnn_1d,knn_physchem_full,0.26103169826395267
ecoli50_r002172,cnn_1d,knn_physchem_full,0.2607587784288872
ecoli50_r005420,cnn_1d,knn_physchem_full,0.25971661669930013
ecoli50_r004561,cnn_1d,knn_physchem_full,0.2584503106770386
ecoli50_r007284,cnn_1d,knn_physchem_full,0.25833608961235477
ecoli50_r002709,cnn_1d,knn_physchem_full,0.2581587532693215
ecoli50_r010057,cnn_1d,knn_physchem_full,0.25793777342977986
ecoli50_r006369,cnn_1d,knn_physchem_full,0.25772118412928346
ecoli50_r011376,cnn_1d,knn_physchem_full,0.25730560910937594
ecoli50_r007333,cnn_1d,knn_physchem_full,0.2570317187739475
ecoli50_r008792,cnn_1d,knn_physchem_full,0.2570232630417437
ecoli50_r008888,cnn_1d,knn_physchem_full,0.2564968223585675
ecoli50_r011671,cnn_1d,knn_physchem_full,0.2562718070596324
ecoli50_r000946,cnn_1d,knn_physchem_full,0.2550138280845342
ecoli50_r009228,cnn_1d,knn_physchem_full,0.25488038124267565
ecoli50_r003201,cnn_1d,knn_physchem_full,0.2541685032416976
ecoli50_r010735,cnn_1d,knn_physchem_full,0.2540129667884128
ecoli50_r001064,cnn_1d,knn_physchem_full,0.25353238891151175
ecoli50_r010619,cnn_1d,knn_physchem_full,0.25344556820448894
ecoli50_r006883,cnn_1d,knn_physchem_full,0.2527441584312591
ecoli50_r000972,cnn_1d,knn_physchem_full,0.25238638161944404
ecoli50_r003728,cnn_1d,knn_physchem_full,0.2522959401113387
ecoli50_r000649,cnn_1d,knn_physchem_full,0.25219588300529594
ecoli50_r005490,cnn_1d,knn_physchem_full,0.2521918028130168
ecoli50_r002625,cnn_1d,knn_physchem_full,0.2519354332608317
ecoli50_r003656,cnn_1d,knn_physchem_full,0.25191730631037634
ecoli50_r004371,cnn_1d,knn_physchem_full,0.25097042985028617
ecoli50_r005476,cnn_1d,knn_physchem_full,0.25096763558197477
ecoli50_r001683,cnn_1d,knn_physchem_full,0.2498903217304025
ecoli50_r010405,cnn_1d,knn_physchem_full,0.24969224634014564
ecoli50_r008602,cnn_1d,knn_physchem_full,0.24879059953253346
ecoli50_r005637,cnn_1d,knn_physchem_full,0.24870358196842712
ecoli50_r004488,cnn_1d,knn_physchem_full,0.24864869812913337
ecoli50_r007101,cnn_1d,knn_physchem_full,0.24839343883341347
ecoli50_r010358,cnn_1d,knn_physchem_full,0.24813281550764277
ecoli50_r004973,cnn_1d,knn_physchem_full,0.24799272918862592
ecoli50_r005644,cnn_1d,knn_physchem_full,0.2471114248289612
ecoli50_r001730,cnn_1d,knn_physchem_full,0.24627214013118004
ecoli50_r010293,cnn_1d,knn_physchem_full,0.2459693414430979
ecoli50_r009292,cnn_1d,knn_physchem_full,0.24594304217176566
ecoli50_r002023,cnn_1d,knn_physchem_full,0.2459393206909244
ecoli50_r001533,cnn_1d,knn_physchem_full,0.24533837871534514
ecoli50_r000506,cnn_1d,knn_physchem_full,0.24480827338836608
ecoli50_r004632,cnn_1d,knn_physchem_full,0.24471858199802687
ecoli50_r002815,cnn_1d,knn_physchem_full,0.24446136239252625
ecoli50_r005740,cnn_1d,knn_physchem_full,0.24443363308009136
ecoli50_r003126,cnn_1d,knn_physchem_full,0.24417579847818072
ecoli50_r000452,cnn_1d,knn_physchem_full,0.24259436210270868
ecoli50_r007281,cnn_1d,knn_physchem_full,0.24251030652607364
ecoli50_r002033,cnn_1d,knn_physchem_full,0.2414301768630489
ecoli50_r003335,cnn_1d,knn_physchem_full,0.24099495267346915
ecoli50_r003175,cnn_1d,knn_physchem_full,0.24060405453352507
ecoli50_r001734,cnn_1d,knn_physchem_full,0.23942175276072364
ecoli50_r004299,cnn_1d,knn_physchem_full,0.23889504670855644
ecoli50_r010851,cnn_1d,knn_physchem_full,0.237215652079386
ecoli50_r005767,cnn_1d,knn_physchem_full,0.236288338592769
ecoli50_r008782,cnn_1d,knn_physchem_full,0.2354189239488238
ecoli50_r001622,cnn_1d,knn_physchem_full,0.2349797460620211
ecoli50_r011045,cnn_1d,knn_physchem_full,0.23496955489560367
ecoli50_r007316,cnn_1d,knn_physchem_full,0.234954786440138
ecoli50_r007710,cnn_1d,knn_physchem_full,0.23463610136146906
ecoli50_r011826,cnn_1d,knn_physchem_full,0.23409287623438413
ecoli50_r010387,cnn_1d,knn_physchem_full,0.2334959569284485
ecoli50_r010923,cnn_1d,knn_physchem_full,0.2331862884875897
ecoli50_r007572,cnn_1d,knn_physchem_full,0.23253957563273486
ecoli50_r005346,cnn_1d,knn_physchem_full,0.23247140671568323
ecoli50_r008380,cnn_1d,knn_physchem_full,0.23244156788304537
ecoli50_r005641,cnn_1d,knn_physchem_full,0.2322444442087157
ecoli50_r007071,cnn_1d,knn_physchem_full,0.2320164293844833
ecoli50_r005354,cnn_1d,knn_physchem_full,0.23187240959077626
ecoli50_r003203,cnn_1d,knn_physchem_full,0.2318151490493925
ecoli50_r000770,cnn_1d,knn_physchem_full,0.23170349102109755
ecoli50_r009334,cnn_1d,knn_physchem_full,0.23088377216652445
ecoli50_r002904,cnn_1d,knn_physchem_full,0.2307459412963282
ecoli50_r009642,cnn_1d,knn_physchem_full,0.23045129227390504
ecoli50_r004100,cnn_1d,knn_physchem_full,0.23006578188310223
ecoli50_r002079,cnn_1d,knn_physchem_full,0.2299167760651506
ecoli50_r007939,cnn_1d,knn_physchem_full,0.22979003950799415
ecoli50_r001467,cnn_1d,knn_physchem_full,0.22971864684004561
ecoli50_r002150,cnn_1d,knn_physchem_full,0.22935445565725665
ecoli50_r004539,cnn_1d,knn_physchem_full,0.22915135045607404
ecoli50_r001416,cnn_1d,knn_physchem_full,0.22857261726922573
ecoli50_r000673,cnn_1d,knn_physchem_full,0.22809020460734786
ecoli50_r008123,cnn_1d,knn_physchem_full,0.22790522648217104
ecoli50_r003062,cnn_1d,knn_physchem_full,0.2277567923926611
ecoli50_r000536,cnn_1d,knn_physchem_full,0.2277532234502475
ecoli50_r009566,cnn_1d,knn_physchem_full,0.2271972803885709
ecoli50_r006195,cnn_1d,knn_physchem_full,0.22695711064053947
ecoli50_r001085,cnn_1d,knn_physchem_full,0.22678630128709298
ecoli50_r004697,cnn_1d,knn_physchem_full,0.22665330444943121
ecoli50_r005680,cnn_1d,knn_physchem_full,0.22615133608590288
ecoli50_r006254,cnn_1d,knn_physchem_full,0.2259461713094284
ecoli50_r005736,cnn_1d,knn_physchem_full,0.22588099336745815
ecoli50_r003239,cnn_1d,knn_physchem_full,0.2257846260000247
ecoli50_r004554,cnn_1d,knn_physchem_full,0.2249730954436382
ecoli50_r010452,cnn_1d,knn_physchem_full,0.2247854359434287
ecoli50_r011502,cnn_1d,knn_physchem_full,0.2246960013885988
ecoli50_r004984,cnn_1d,knn_physchem_full,0.22463483933283213
ecoli50_r008061,cnn_1d,knn_physchem_full,0.22440640236697096
ecoli50_r000803,cnn_1d,knn_physchem_full,0.22392671097292416
ecoli50_r001383,cnn_1d,knn_physchem_full,0.22361011573087985
ecoli50_r004035,cnn_1d,knn_physchem_full,0.2228180812704399
ecoli50_r006302,cnn_1d,knn_physchem_full,0.22276080102003348
ecoli50_r003613,cnn_1d,knn_physchem_full,0.22268474704501218
ecoli50_r004363,cnn_1d,knn_physchem_full,0.22256554469394763
ecoli50_r007757,cnn_1d,knn_physchem_full,0.22218887048614588
ecoli50_r011233,cnn_1d,knn_physchem_full,0.22215638458490128
ecoli50_r002281,cnn_1d,knn_physchem_full,0.22215117887487845
ecoli50_r005999,cnn_1d,knn_physchem_full,0.22169223287867235
ecoli50_r007741,cnn_1d,knn_physchem_full,0.22167891272143425
ecoli50_r004792,cnn_1d,knn_physchem_full,0.2216051068746867
ecoli50_r008527,cnn_1d,knn_physchem_full,0.22148362142218403
ecoli50_r008802,cnn_1d,knn_physchem_full,0.22135033732136478
ecoli50_r000631,cnn_1d,knn_physchem_full,0.22129677149941873
ecoli50_r010243,cnn_1d,knn_physchem_full,0.221048512253172
ecoli50_r011701,cnn_1d,knn_physchem_full,0.22085334867648676
ecoli50_r006388,cnn_1d,knn_physchem_full,0.22082840084137967
ecoli50_r009053,cnn_1d,knn_physchem_full,0.2206846182757829
ecoli50_r009877,cnn_1d,knn_physchem_full,0.22058953500195377
ecoli50_r009751,cnn_1d,knn_physchem_full,0.2205173666117055
ecoli50_r005954,cnn_1d,knn_physchem_full,0.22045096772608552
ecoli50_r002833,cnn_1d,knn_physchem_full,0.2197119603762614
ecoli50_r002868,cnn_1d,knn_physchem_full,0.2190623187225016
ecoli50_r007196,cnn_1d,knn_physchem_full,0.21869180650355213
ecoli50_r001308,cnn_1d,knn_physchem_full,0.21832796533300858
ecoli50_r002278,cnn_1d,knn_physchem_full,0.21829643974314816
ecoli50_r001475,cnn_1d,knn_physchem_full,0.21799462209359932
ecoli50_r003748,cnn_1d,knn_physchem_full,0.2175694967145141
ecoli50_r002482,cnn_1d,knn_physchem_full,0.21712926706083202
ecoli50_r003161,cnn_1d,knn_physchem_full,0.21665224293582153
ecoli50_r010225,cnn_1d,knn_physchem_full,0.21561129401612944
ecoli50_r007909,cnn_1d,knn_physchem_full,0.21543961672462641
ecoli50_r001329,cnn_1d,knn_physchem_full,0.21542754591055147
ecoli50_r002454,cnn_1d,knn_physchem_full,0.21541609358278535
ecoli50_r007019,cnn_1d,knn_physchem_full,0.21512614213744818
ecoli50_r009781,cnn_1d,knn_physchem_full,0.21510244451917204
ecoli50_r003971,cnn_1d,knn_physchem_full,0.2149216628058701
ecoli50_r007185,cnn_1d,knn_physchem_full,0.21476705837975896
ecoli50_r003529,cnn_1d,knn_physchem_full,0.21474515510107461
ecoli50_r001531,cnn_1d,knn_physchem_full,0.2146136827268692
ecoli50_r005861,cnn_1d,knn_physchem_full,0.2145590832484101
ecoli50_r006906,cnn_1d,knn_physchem_full,0.2144742944662208
ecoli50_r008254,cnn_1d,knn_physchem_full,0.21426220114592343
ecoli50_r010618,cnn_1d,knn_physchem_full,0.21419155288459368
ecoli50_r006946,cnn_1d,knn_physchem_full,0.21409445416946982
ecoli50_r000387,cnn_1d,knn_physchem_full,0.21400001630633847
ecoli50_r010239,cnn_1d,knn_physchem_full,0.21373526104469365
ecoli50_r001000,cnn_1d,knn_physchem_full,0.2131495366706777
ecoli50_r004909,cnn_1d,knn_physchem_full,0.21312750960649662
ecoli50_r006014,cnn_1d,knn_physchem_full,0.21288026002269245
ecoli50_r010867,cnn_1d,knn_physchem_full,0.21267893954065187
ecoli50_r008323,cnn_1d,knn_physchem_full,0.21190268467408258
ecoli50_r008416,cnn_1d,knn_physchem_full,0.21148677659917858
ecoli50_r000010,cnn_1d,knn_physchem_full,0.21144956275893279
ecoli50_r011779,cnn_1d,knn_physchem_full,0.21110990754998804
ecoli50_r000222,cnn_1d,knn_physchem_full,0.2109957543632328
ecoli50_r001563,cnn_1d,knn_physchem_full,0.21098086173008834
ecoli50_r010899,cnn_1d,knn_physchem_full,0.21091639887349656
ecoli50_r011318,cnn_1d,knn_physchem_full,0.21015685976661747
ecoli50_r006833,cnn_1d,knn_physchem_full,0.2100885303449589
ecoli50_r000507,cnn_1d,knn_physchem_full,0.20990937977720492
ecoli50_r000741,cnn_1d,knn_physchem_full,0.20986695134024425
ecoli50_r005554,cnn_1d,knn_physchem_full,0.20964135683425322
ecoli50_r003939,cnn_1d,knn_physchem_full,0.2094794880794586
ecoli50_r009547,cnn_1d,knn_physchem_full,0.2092167323945744
ecoli50_r010332,cnn_1d,knn_physchem_full,0.20863364702477494
ecoli50_r003955,cnn_1d,knn_physchem_full,0.20801243966247984
ecoli50_r002361,cnn_1d,knn_physchem_full,0.20787581303015168
ecoli50_r008991,cnn_1d,knn_physchem_full,0.20769086331636633
ecoli50_r008280,cnn_1d,knn_physchem_full,0.20716634060059014
ecoli50_r002527,cnn_1d,knn_physchem_full,0.2071014564844993
ecoli50_r006965,cnn_1d,knn_physchem_full,0.20706844801887936
ecoli50_r001610,cnn_1d,knn_physchem_full,0.2063067128386309
ecoli50_r011489,cnn_1d,knn_physchem_full,0.20627214687043427
ecoli50_r005379,cnn_1d,knn_physchem_full,0.2062499426222253
ecoli50_r008724,cnn_1d,knn_physchem_full,0.20605124876173075
ecoli50_r000987,cnn_1d,knn_physchem_full,0.2057656253190534
ecoli50_r003564,cnn_1d,knn_physchem_full,0.20510910604322685
ecoli50_r003669,cnn_1d,knn_physchem_full,0.2049405493392653
ecoli50_r004526,cnn_1d,knn_physchem_full,0.20489412467860246
ecoli50_r003827,cnn_1d,knn_physchem_full,0.20407853360885042
ecoli50_r001872,cnn_1d,knn_physchem_full,0.2040207311728235
ecoli50_r006969,cnn_1d,knn_physchem_full,0.2039686010533166
ecoli50_r000720,cnn_1d,knn_physchem_full,0.20372436361189683
ecoli50_r001453,cnn_1d,knn_physchem_full,0.20349524860011536
ecoli50_r003708,cnn_1d,knn_physchem_full,0.2034863652357357
ecoli50_r006575,cnn_1d,knn_physchem_full,0.20331053760316076
ecoli50_r000721,cnn_1d,knn_physchem_full,0.20308146697129237
ecoli50_r000629,cnn_1d,knn_physchem_full,0.2023256449327997
ecoli50_r001336,cnn_1d,knn_physchem_full,0.2020727041125201
ecoli50_r004135,cnn_1d,knn_physchem_full,0.2019502286303121
ecoli50_r006092,cnn_1d,knn_physchem_full,0.2018582878807127
ecoli50_r010888,cnn_1d,knn_physchem_full,0.20185569931855074
ecoli50_r004056,cnn_1d,knn_physchem_full,0.20173559364786575
ecoli50_r003156,cnn_1d,knn_physchem_full,0.20154584392696107
ecoli50_r004928,cnn_1d,knn_physchem_full,0.20121778384149192
ecoli50_r005674,cnn_1d,knn_physchem_full,0.2012041157726272
ecoli50_r002661,cnn_1d,knn_physchem_full,0.20068623371851002
ecoli50_r000262,cnn_1d,knn_physchem_full,0.2006316254642302
ecoli50_r004184,cnn_1d,knn_physchem_full,0.2005049999769315
ecoli50_r004540,cnn_1d,knn_physchem_full,0.200454938462308
ecoli50_r005283,cnn_1d,knn_physchem_full,0.20040752793372674
ecoli50_r000896,cnn_1d,knn_physchem_full,0.2001766307550783
ecoli50_r008793,cnn_1d,knn_physchem_full,0.20008468252093792
ecoli50_r008252,cnn_1d,knn_physchem_full,0.19958754476876317
ecoli50_r004699,cnn_1d,knn_physchem_full,0.19882621414975565
ecoli50_r000689,cnn_1d,knn_physchem_full,0.19865538240767666
ecoli50_r002348,cnn_1d,knn_physchem_full,0.1985619399412144
ecoli50_r008938,cnn_1d,knn_physchem_full,0.19821659164148198
ecoli50_r008908,cnn_1d,knn_physchem_full,0.19821569281016593
ecoli50_r008102,cnn_1d,knn_physchem_full,0.19780810502735946
ecoli50_r009111,cnn_1d,knn_physchem_full,0.1974754316327687
ecoli50_r007848,cnn_1d,knn_physchem_full,0.197345776985975
ecoli50_r005538,cnn_1d,knn_physchem_full,0.19729719817685565
ecoli50_r007592,cnn_1d,knn_physchem_full,0.19709813947893284
ecoli50_r004804,cnn_1d,knn_physchem_full,0.1967504144931893
ecoli50_r006988,cnn_1d,knn_physchem_full,0.19659025055258184
ecoli50_r010414,cnn_1d,knn_physchem_full,0.1958221146370258
ecoli50_r005684,cnn_1d,knn_physchem_full,0.19571584834178113
ecoli50_r011547,cnn_1d,knn_physchem_full,0.19564910155748905
ecoli50_r008868,cnn_1d,knn_physchem_full,0.19523728638903215
ecoli50_r002543,cnn_1d,knn_physchem_full,0.19508413972257577
ecoli50_r009694,cnn_1d,knn_physchem_full,0.19503568869435517
ecoli50_r000501,cnn_1d,knn_physchem_full,0.1949203270547728
ecoli50_r010924,cnn_1d,knn_physchem_full,0.19451274351385228
ecoli50_r004413,cnn_1d,knn_physchem_full,0.194330648529645
ecoli50_r002958,cnn_1d,knn_physchem_full,0.19411406409302634
ecoli50_r002375,cnn_1d,knn_physchem_full,0.19382084164191093
ecoli50_r006064,cnn_1d,knn_physchem_full,0.1936510657397319
ecoli50_r007402,cnn_1d,knn_physchem_full,0.1936057438008536
ecoli50_r000175,cnn_1d,knn_physchem_full,0.19342892217694851
ecoli50_r005020,cnn_1d,knn_physchem_full,0.19328971247315185
ecoli50_r002663,cnn_1d,knn_physchem_full,0.19324961304233712
ecoli50_r011307,cnn_1d,knn_physchem_full,0.19316294027387437
ecoli50_r004645,cnn_1d,knn_physchem_full,0.1931424113656326
ecoli50_r003022,cnn_1d,knn_physchem_full,0.19256775470153054
ecoli50_r009335,cnn_1d,knn_physchem_full,0.19255435249529285
ecoli50_r001421,cnn_1d,knn_physchem_full,0.19237151904218175
ecoli50_r001158,cnn_1d,knn_physchem_full,0.192230158360307
ecoli50_r008339,cnn_1d,knn_physchem_full,0.19211766777541994
ecoli50_r009790,cnn_1d,knn_physchem_full,0.19197683471973548
ecoli50_r001773,cnn_1d,knn_physchem_full,0.19194922704495232
ecoli50_r005216,cnn_1d,knn_physchem_full,0.19162842401785918
ecoli50_r009580,cnn_1d,knn_physchem_full,0.1914572367706353
ecoli50_r007420,cnn_1d,knn_physchem_full,0.19120274857949715
ecoli50_r008761,cnn_1d,knn_physchem_full,0.19113723720847187
ecoli50_r006386,cnn_1d,knn_physchem_full,0.1910359364039249
ecoli50_r000149,cnn_1d,knn_physchem_full,0.19042558900672768
ecoli50_r002622,cnn_1d,knn_physchem_full,0.1902048557474929
ecoli50_r010960,cnn_1d,knn_physchem_full,0.18959083964099976
ecoli50_r001651,cnn_1d,knn_physchem_full,0.18928194705920864
ecoli50_r009422,cnn_1d,knn_physchem_full,0.1892607914298967
ecoli50_r004636,cnn_1d,knn_physchem_full,0.18918494453951507
ecoli50_r003619,cnn_1d,knn_physchem_full,0.18911947749774027
ecoli50_r000072,cnn_1d,knn_physchem_full,0.18887299427251625
ecoli50_r010574,cnn_1d,knn_physchem_full,0.18876901440528426
ecoli50_r010288,cnn_1d,knn_physchem_full,0.18870640696504104
ecoli50_r005537,cnn_1d,knn_physchem_full,0.18845494171245036
ecoli50_r011630,cnn_1d,knn_physchem_full,0.18828919009430756
ecoli50_r000314,cnn_1d,knn_physchem_full,0.18798078585886557
ecoli50_r010858,cnn_1d,knn_physchem_full,0.1878134697370788
ecoli50_r007302,cnn_1d,knn_physchem_full,0.1872729429976081
ecoli50_r011515,cnn_1d,knn_physchem_full,0.18673869028161993
ecoli50_r006772,cnn_1d,knn_physchem_full,0.1867355498842449
ecoli50_r009812,cnn_1d,knn_physchem_full,0.18667998977885958
ecoli50_r010948,cnn_1d,knn_physchem_full,0.18615983049322793
ecoli50_r011193,cnn_1d,knn_physchem_full,0.18606108411450428
ecoli50_r007651,cnn_1d,knn_physchem_full,0.18577390816505668
ecoli50_r005133,cnn_1d,knn_physchem_full,0.1854137260804527
ecoli50_r002564,cnn_1d,knn_physchem_full,0.18539504677610896
ecoli50_r006941,cnn_1d,knn_physchem_full,0.18528325967214654
ecoli50_r007589,cnn_1d,knn_physchem_full,0.18484888258852283
ecoli50_r006164,cnn_1d,knn_physchem_full,0.18468157825223752
ecoli50_r000234,cnn_1d,knn_physchem_full,0.18462041600239631
ecoli50_r011417,cnn_1d,knn_physchem_full,0.18431556402874305
ecoli50_r006796,cnn_1d,knn_physchem_full,0.1839803352055469
ecoli50_r002342,cnn_1d,knn_physchem_full,0.1838443073656988
ecoli50_r005517,cnn_1d,knn_physchem_full,0.1838414909887196
ecoli50_r003013,cnn_1d,knn_physchem_full,0.18350531797160086
ecoli50_r006106,cnn_1d,knn_physchem_full,0.1834262184985329
ecoli50_r002845,cnn_1d,knn_physchem_full,0.18333907244659953
ecoli50_r007891,cnn_1d,knn_physchem_full,0.18327374248983008
ecoli50_r003504,cnn_1d,knn_physchem_full,0.18269074325066725
ecoli50_r007191,cnn_1d,knn_physchem_full,0.18246371126587135
ecoli50_r004214,cnn_1d,knn_physchem_full,0.18216891357949994
ecoli50_r008637,cnn_1d,knn_physchem_full,0.18201108870525218
ecoli50_r010361,cnn_1d,knn_physchem_full,0.1819884005769199
ecoli50_r011586,cnn_1d,knn_physchem_full,0.18187326951595795
ecoli50_r003897,cnn_1d,knn_physchem_full,0.18167610291796166
ecoli50_r001363,cnn_1d,knn_physchem_full,0.18141359158074533
ecoli50_r003610,cnn_1d,knn_physchem_full,0.18124351455563037
ecoli50_r006803,cnn_1d,knn_physchem_full,0.18118380324472527
ecoli50_r011498,cnn_1d,knn_physchem_full,0.1804352927003645
ecoli50_r000030,cnn_1d,knn_physchem_full,0.18040893709701278
ecoli50_r000557,cnn_1d,knn_physchem_full,0.1802684820870306
ecoli50_r007924,cnn_1d,knn_physchem_full,0.18026353134998008
ecoli50_r008577,cnn_1d,knn_physchem_full,0.18021691839027154
ecoli50_r001560,cnn_1d,knn_physchem_full,0.18009149382999956
ecoli50_r008045,cnn_1d,knn_physchem_full,0.17933772600029707
ecoli50_r002999,cnn_1d,knn_physchem_full,0.17897784881968937
ecoli50_r004965,cnn_1d,knn_physchem_full,0.17860611465609155
ecoli50_r002655,cnn_1d,knn_physchem_full,0.17848207037294728
ecoli50_r004893,cnn_1d,knn_physchem_full,0.1776644060534709
ecoli50_r002195,cnn_1d,knn_physchem_full,0.17711766336081158
ecoli50_r001944,cnn_1d,knn_physchem_full,0.1769880774513588
ecoli50_r010273,cnn_1d,knn_physchem_full,0.17694563094996685
ecoli50_r003901,cnn_1d,knn_physchem_full,0.17629713529689672
ecoli50_r005067,cnn_1d,knn_physchem_full,0.1762134327536269
ecoli50_r001903,cnn_1d,knn_physchem_full,0.1760962311665044
ecoli50_r002700,cnn_1d,knn_physchem_full,0.17582134078067435
ecoli50_r006280,cnn_1d,knn_physchem_full,0.17510045278142705
ecoli50_r007371,cnn_1d,knn_physchem_full,0.17505094500852092
ecoli50_r002920,cnn_1d,knn_physchem_full,0.17468728631803287
ecoli50_r004610,cnn_1d,knn_physchem_full,0.17443888886880465
ecoli50_r003346,cnn_1d,knn_physchem_full,0.17425084867148444
ecoli50_r009066,cnn_1d,knn_physchem_full,0.17420656229311504
ecoli50_r009463,cnn_1d,knn_physchem_full,0.17404452403687198
ecoli50_r011520,cnn_1d,knn_physchem_full,0.17355896262121906
ecoli50_r004864,cnn_1d,knn_physchem_full,0.17344113381391946
ecoli50_r003352,cnn_1d,knn_physchem_full,0.17333602551609628
ecoli50_r007684,cnn_1d,knn_physchem_full,0.17328197792287092
ecoli50_r011863,cnn_1d,knn_physchem_full,0.17270411546969644
ecoli50_r002821,cnn_1d,knn_physchem_full,0.1726575550404199
ecoli50_r004373,cnn_1d,knn_physchem_full,0.17263737834346715
ecoli50_r010207,cnn_1d,knn_physchem_full,0.17258057651851066
ecoli50_r002714,cnn_1d,knn_physchem_full,0.1724998004828131
ecoli50_r006921,cnn_1d,knn_physchem_full,0.17193853374164192
ecoli50_r008284,cnn_1d,knn_physchem_full,0.17184774024340888
ecoli50_r003710,cnn_1d,knn_physchem_full,0.1713763274329243
ecoli50_r005008,cnn_1d,knn_physchem_full,0.17133989573581454
ecoli50_r005800,cnn_1d,knn_physchem_full,0.17115917764079702
ecoli50_r009077,cnn_1d,knn_physchem_full,0.17093855467126673
ecoli50_r008923,cnn_1d,knn_physchem_full,0.17092539547166608
ecoli50_r009037,cnn_1d,knn_physchem_full,0.1708739667708552
ecoli50_r010373,cnn_1d,knn_physchem_full,0.170403631682007
ecoli50_r001080,cnn_1d,knn_physchem_full,0.1703469796406023
ecoli50_r010148,cnn_1d,knn_physchem_full,0.17014141378676895
ecoli50_r008561,cnn_1d,knn_physchem_full,0.17007269764225308
ecoli50_r007643,cnn_1d,knn_physchem_full,0.1699572654928163
ecoli50_r002327,cnn_1d,knn_physchem_full,0.16970132194489107
ecoli50_r011709,cnn_1d,knn_physchem_full,0.16947809831693128
ecoli50_r007969,cnn_1d,knn_physchem_full,0.16944875533591253
ecoli50_r006511,cnn_1d,knn_physchem_full,0.1691197287467756
ecoli50_r008091,cnn_1d,knn_physchem_full,0.16910399845241875
ecoli50_r008830,cnn_1d,knn_physchem_full,0.16872643049503777
ecoli50_r003215,cnn_1d,knn_physchem_full,0.16812958135633282
ecoli50_r006401,cnn_1d,knn_physchem_full,0.16794317793998337
ecoli50_r004836,cnn_1d,knn_physchem_full,0.16790558221549068
ecoli50_r003036,cnn_1d,knn_physchem_full,0.1676881271403241
ecoli50_r009653,cnn_1d,knn_physchem_full,0.16752721586328168
ecoli50_r002099,cnn_1d,knn_physchem_full,0.16687545094225298
ecoli50_r005590,cnn_1d,knn_physchem_full,0.16672939328466718
ecoli50_r007399,cnn_1d,knn_physchem_full,0.16663993344220573
ecoli50_r010498,cnn_1d,knn_physchem_full,0.1664885471482509
ecoli50_r003862,cnn_1d,knn_physchem_full,0.166475726351341
ecoli50_r006087,cnn_1d,knn_physchem_full,0.16630371738368455
ecoli50_r003490,cnn_1d,knn_physchem_full,0.16589319401615077
ecoli50_r009238,cnn_1d,knn_physchem_full,0.16572951332133767
ecoli50_r004772,cnn_1d,knn_physchem_full,0.16565453728807267
ecoli50_r001452,cnn_1d,knn_physchem_full,0.1656244004033116
ecoli50_r000773,cnn_1d,knn_physchem_full,0.16524995045237123
ecoli50_r006434,cnn_1d,knn_physchem_full,0.16520631039474543
ecoli50_r006993,cnn_1d,knn_physchem_full,0.16515398172403684
ecoli50_r007761,cnn_1d,knn_physchem_full,0.16493302797879794
ecoli50_r008312,cnn_1d,knn_physchem_full,0.16490724267181722
ecoli50_r007434,cnn_1d,knn_physchem_full,0.16423613193011333
ecoli50_r003110,cnn_1d,knn_physchem_full,0.16407023660222064
ecoli50_r006550,cnn_1d,knn_physchem_full,0.16395311706120497
ecoli50_r003042,cnn_1d,knn_physchem_full,0.1638547535187569
ecoli50_r010998,cnn_1d,knn_physchem_full,0.16358039544928138
ecoli50_r000520,cnn_1d,knn_physchem_full,0.16348078911850417
ecoli50_r006482,cnn_1d,knn_physchem_full,0.16333484635241913
ecoli50_r006962,cnn_1d,knn_physchem_full,0.1632493333281193
ecoli50_r003992,cnn_1d,knn_physchem_full,0.1631882401117104
ecoli50_r010349,cnn_1d,knn_physchem_full,0.16317168560130746
ecoli50_r002586,cnn_1d,knn_physchem_full,0.1630659792324778
ecoli50_r006945,cnn_1d,knn_physchem_full,0.16304392985410487
ecoli50_r005443,cnn_1d,knn_physchem_full,0.16277442706578116
ecoli50_r001515,cnn_1d,knn_physchem_full,0.1626785751813613
ecoli50_r008023,cnn_1d,knn_physchem_full,0.16256874720466463
ecoli50_r010276,cnn_1d,knn_physchem_full,0.16252977939930568
ecoli50_r008919,cnn_1d,knn_physchem_full,0.16212489024611676
ecoli50_r010354,cnn_1d,knn_physchem_full,0.1617758791071262
ecoli50_r004621,cnn_1d,knn_physchem_full,0.16116776769887586
ecoli50_r003091,cnn_1d,knn_physchem_full,0.1609035350097976
ecoli50_r008497,cnn_1d,knn_physchem_full,0.16078400047111696
ecoli50_r003679,cnn_1d,knn_physchem_full,0.1607211940027362
ecoli50_r000974,cnn_1d,knn_physchem_full,0.16051719865156455
ecoli50_r011688,cnn_1d,knn_physchem_full,0.16035734510744692
ecoli50_r001688,cnn_1d,knn_physchem_full,0.1603163741114466
ecoli50_r001290,cnn_1d,knn_physchem_full,0.16029689570439798
ecoli50_r006030,cnn_1d,knn_physchem_full,0.16013728691046047
ecoli50_r001302,cnn_1d,knn_physchem_full,0.1600302155083866
ecoli50_r003665,cnn_1d,knn_physchem_full,0.15996178984665788
ecoli50_r005278,cnn_1d,knn_physchem_full,0.15945960556556305
ecoli50_r007286,cnn_1d,knn_physchem_full,0.15945529973828076
ecoli50_r007490,cnn_1d,knn_physchem_full,0.15927145663666264
ecoli50_r009436,cnn_1d,knn_physchem_full,0.15925208935785617
ecoli50_r008897,cnn_1d,knn_physchem_full,0.15910347878818465
ecoli50_r009828,cnn_1d,knn_physchem_full,0.1590898996175918
ecoli50_r009054,cnn_1d,knn_physchem_full,0.1587507959977179
ecoli50_r009706,cnn_1d,knn_physchem_full,0.158424281952795
ecoli50_r010058,cnn_1d,knn_physchem_full,0.15833014686925395
ecoli50_r005392,cnn_1d,knn_physchem_full,0.15794538018743776
ecoli50_r002398,cnn_1d,knn_physchem_full,0.1579451545836279
ecoli50_r006595,cnn_1d,knn_physchem_full,0.15775293645837296
ecoli50_r004365,cnn_1d,knn_physchem_full,0.1576504501770568
ecoli50_r005297,cnn_1d,knn_physchem_full,0.15750872597868404
ecoli50_r007099,cnn_1d,knn_physchem_full,0.15696325531139443
ecoli50_r000336,cnn_1d,knn_physchem_full,0.15690078946879993
ecoli50_r003275,cnn_1d,knn_physchem_full,0.15675729727980636
ecoli50_r002803,cnn_1d,knn_physchem_full,0.15674251858838817
ecoli50_r009852,cnn_1d,knn_physchem_full,0.156268525726718
ecoli50_r008026,cnn_1d,knn_physchem_full,0.15613489817731185
ecoli50_r006271,cnn_1d,knn_physchem_full,0.15592222464664607
ecoli50_r008917,cnn_1d,knn_physchem_full,0.15581712777614554
ecoli50_r010021,cnn_1d,knn_physchem_full,0.1557750771236628
ecoli50_r007786,cnn_1d,knn_physchem_full,0.15551371557964888
ecoli50_r005236,cnn_1d,knn_physchem_full,0.15537119022896562
ecoli50_r010470,cnn_1d,knn_physchem_full,0.15513994627326388
ecoli50_r011106,cnn_1d,knn_physchem_full,0.15483077933239064
ecoli50_r003573,cnn_1d,knn_physchem_full,0.1546167955108726
ecoli50_r005917,cnn_1d,knn_physchem_full,0.15420726932296525
ecoli50_r004600,cnn_1d,knn_physchem_full,0.15411495764784
ecoli50_r007819,cnn_1d,knn_physchem_full,0.15410117088382247
ecoli50_r005807,cnn_1d,knn_physchem_full,0.15401637400202572
ecoli50_r010350,cnn_1d,knn_physchem_full,0.15401480168239523
ecoli50_r006749,cnn_1d,knn_physchem_full,0.15391492089223524
ecoli50_r007293,cnn_1d,knn_physchem_full,0.15387646231679009
ecoli50_r005251,cnn_1d,knn_physchem_full,0.15385049015667418
ecoli50_r004176,cnn_1d,knn_physchem_full,0.15367608418360312
ecoli50_r002826,cnn_1d,knn_physchem_full,0.1528618439059093
ecoli50_r006423,cnn_1d,knn_physchem_full,0.15279107931414337
ecoli50_r001579,cnn_1d,knn_physchem_full,0.15267067422879288
ecoli50_r001005,cnn_1d,knn_physchem_full,0.152083724679966
ecoli50_r011812,cnn_1d,knn_physchem_full,0.15208025331157682
ecoli50_r006646,cnn_1d,knn_physchem_full,0.15180976147435077
ecoli50_r010356,cnn_1d,knn_physchem_full,0.15170102491547288
ecoli50_r011162,cnn_1d,knn_physchem_full,0.15132368499051818
ecoli50_r007529,cnn_1d,knn_physchem_full,0.15130873499518405
ecoli50_r009468,cnn_1d,knn_physchem_full,0.15080653029695812
ecoli50_r002189,cnn_1d,knn_physchem_full,0.15055628977943902
ecoli50_r009201,cnn_1d,knn_physchem_full,0.15025943642958062
ecoli50_r002192,cnn_1d,knn_physchem_full,0.15002737213088002
ecoli50_r007166,cnn_1d,knn_physchem_full,0.1499932810136979
ecoli50_r008998,cnn_1d,knn_physchem_full,0.14987740974323138
ecoli50_r004430,cnn_1d,knn_physchem_full,0.1497701108023537
ecoli50_r007506,cnn_1d,knn_physchem_full,0.14956182125943496
ecoli50_r005419,cnn_1d,knn_physchem_full,0.1495583482238212
ecoli50_r005289,cnn_1d,knn_physchem_full,0.14949090647755536
ecoli50_r004871,cnn_1d,knn_physchem_full,0.14938379821852
ecoli50_r001623,cnn_1d,knn_physchem_full,0.14931864611992518
ecoli50_r011619,cnn_1d,knn_physchem_full,0.1491641784295008
ecoli50_r002226,cnn_1d,knn_physchem_full,0.1489660122929477
ecoli50_r005569,cnn_1d,knn_physchem_full,0.14887715289812098
ecoli50_r011838,cnn_1d,knn_physchem_full,0.14855506255713014
ecoli50_r009734,cnn_1d,knn_physchem_full,0.1484655198183389
ecoli50_r001976,cnn_1d,knn_physchem_full,0.1484418742770477
ecoli50_r009545,cnn_1d,knn_physchem_full,0.1482451842608068
ecoli50_r009490,cnn_1d,knn_physchem_full,0.1481339966956421
ecoli50_r005093,cnn_1d,knn_physchem_full,0.14804522096460682
ecoli50_r009494,cnn_1d,knn_physchem_full,0.14777597396551378
ecoli50_r003812,cnn_1d,knn_physchem_full,0.1477722862158819
ecoli50_r011804,cnn_1d,knn_physchem_full,0.14773301680452278
ecoli50_r009187,cnn_1d,knn_physchem_full,0.1477152185160686
ecoli50_r004084,cnn_1d,knn_physchem_full,0.14752991125655202
ecoli50_r010269,cnn_1d,knn_physchem_full,0.14751685807644543
ecoli50_r004555,cnn_1d,knn_physchem_full,0.14733503106718882
ecoli50_r009157,cnn_1d,knn_physchem_full,0.14718504559597845
ecoli50_r004170,cnn_1d,knn_physchem_full,0.147064647459763
ecoli50_r001842,cnn_1d,knn_physchem_full,0.14704200954946733
ecoli50_r009085,cnn_1d,knn_physchem_full,0.1467628831619927
ecoli50_r004577,cnn_1d,knn_physchem_full,0.14665276569728336
ecoli50_r002843,cnn_1d,knn_physchem_full,0.14655099595038878
ecoli50_r010938,cnn_1d,knn_physchem_full,0.14650555835288426
ecoli50_r000530,cnn_1d,knn_physchem_full,0.1458800952594621
ecoli50_r001945,cnn_1d,knn_physchem_full,0.14583289283838008
ecoli50_r011228,cnn_1d,knn_physchem_full,0.14570104847366228
ecoli50_r009625,cnn_1d,knn_physchem_full,0.1455060886920072
ecoli50_r003306,cnn_1d,knn_physchem_full,0.1454931779389832
ecoli50_r001824,cnn_1d,knn_physchem_full,0.14545786097295377
ecoli50_r002997,cnn_1d,knn_physchem_full,0.14535341704922589
ecoli50_r008870,cnn_1d,knn_physchem_full,0.14480515212708056
ecoli50_r002707,cnn_1d,knn_physchem_full,0.14471555655942625
ecoli50_r009006,cnn_1d,knn_physchem_full,0.14449171894457313
ecoli50_r009065,cnn_1d,knn_physchem_full,0.14434649741723327
ecoli50_r001494,cnn_1d,knn_physchem_full,0.144172868490537
ecoli50_r005625,cnn_1d,knn_physchem_full,0.14416023967095493
ecoli50_r006963,cnn_1d,knn_physchem_full,0.14415960074822998
ecoli50_r008470,cnn_1d,knn_physchem_full,0.14403191658973258
ecoli50_r001901,cnn_1d,knn_physchem_full,0.1440207899542223
ecoli50_r007313,cnn_1d,knn_physchem_full,0.14395545645714458
ecoli50_r008437,cnn_1d,knn_physchem_full,0.14381862787089705
ecoli50_r009907,cnn_1d,knn_physchem_full,0.14381561439452417
ecoli50_r003166,cnn_1d,knn_physchem_full,0.14372257115462306
ecoli50_r011808,cnn_1d,knn_physchem_full,0.14366087024570806
ecoli50_r004937,cnn_1d,knn_physchem_full,0.1435323007764593
ecoli50_r004133,cnn_1d,knn_physchem_full,0.14341289167408666
ecoli50_r011785,cnn_1d,knn_physchem_full,0.14326001103673658
ecoli50_r010632,cnn_1d,knn_physchem_full,0.14322111723396658
ecoli50_r008730,cnn_1d,knn_physchem_full,0.1431968865472557
ecoli50_r003615,cnn_1d,knn_physchem_full,0.14300282397735575
ecoli50_r004258,cnn_1d,knn_physchem_full,0.14281708864560283
ecoli50_r007783,cnn_1d,knn_physchem_full,0.14267749531725515
ecoli50_r003547,cnn_1d,knn_physchem_full,0.14266144363335087
ecoli50_r000737,cnn_1d,knn_physchem_full,0.14261528708783322
ecoli50_r004066,cnn_1d,knn_physchem_full,0.1425168805447563
ecoli50_r005181,cnn_1d,knn_physchem_full,0.14246885512564633
ecoli50_r003218,cnn_1d,knn_physchem_full,0.1419040060537573
ecoli50_r005781,cnn_1d,knn_physchem_full,0.1418939594904165
ecoli50_r009822,cnn_1d,knn_physchem_full,0.1418757181863537
ecoli50_r010545,cnn_1d,knn_physchem_full,0.14181151941062708
ecoli50_r010318,cnn_1d,knn_physchem_full,0.1417911097700486
ecoli50_r000563,cnn_1d,knn_physchem_full,0.14112365425706175
ecoli50_r008746,cnn_1d,knn_physchem_full,0.14109807884991676
ecoli50_r002275,cnn_1d,knn_physchem_full,0.14088583362919538
ecoli50_r003834,cnn_1d,knn_physchem_full,0.14082236241545898
ecoli50_r002490,cnn_1d,knn_physchem_full,0.14070497489313238
ecoli50_r011639,cnn_1d,knn_physchem_full,0.14060832473094864
ecoli50_r001759,cnn_1d,knn_physchem_full,0.1405603617119624
ecoli50_r010497,cnn_1d,knn_physchem_full,0.14054666802122595
ecoli50_r001862,cnn_1d,knn_physchem_full,0.14052439336345968
ecoli50_r011788,cnn_1d,knn_physchem_full,0.14044697263335015
ecoli50_r004585,cnn_1d,knn_physchem_full,0.14039998738393278
ecoli50_r007148,cnn_1d,knn_physchem_full,0.14026955887793546
ecoli50_r004393,cnn_1d,knn_physchem_full,0.13999281527290242
ecoli50_r004811,cnn_1d,knn_physchem_full,0.13952466417089981
ecoli50_r007119,cnn_1d,knn_physchem_full,0.13949108744600558
ecoli50_r010438,cnn_1d,knn_physchem_full,0.13936501365882759
ecoli50_r000044,cnn_1d,knn_physchem_full,0.13934030466198788
ecoli50_r004300,cnn_1d,knn_physchem_full,0.13921091300681043
ecoli50_r008996,cnn_1d,knn_physchem_full,0.13910338614389417
ecoli50_r011841,cnn_1d,knn_physchem_full,0.13905985617476224
ecoli50_r002301,cnn_1d,knn_physchem_full,0.13862596717157505
ecoli50_r004548,cnn_1d,knn_physchem_full,0.1383389794510288
ecoli50_r003103,cnn_1d,knn_physchem_full,0.13811079490387357
ecoli50_r011642,cnn_1d,knn_physchem_full,0.1380850872492978
ecoli50_r007657,cnn_1d,knn_physchem_full,0.1380673683127327
ecoli50_r007935,cnn_1d,knn_physchem_full,0.1380153265428019
ecoli50_r006432,cnn_1d,knn_physchem_full,0.13797716312443997
ecoli50_r009976,cnn_1d,knn_physchem_full,0.13775508412949566
ecoli50_r000113,cnn_1d,knn_physchem_full,0.137604243498481
ecoli50_r006911,cnn_1d,knn_physchem_full,0.13755035761777323
ecoli50_r008795,cnn_1d,knn_physchem_full,0.1375072920121827
ecoli50_r003905,cnn_1d,knn_physchem_full,0.13703713459286782
ecoli50_r010183,cnn_1d,knn_physchem_full,0.13702305515606117
ecoli50_r009191,cnn_1d,knn_physchem_full,0.13698407765442777
ecoli50_r001045,cnn_1d,knn_physchem_full,0.13675066902150057
ecoli50_r008093,cnn_1d,knn_physchem_full,0.13654784640699713
ecoli50_r002000,cnn_1d,knn_physchem_full,0.13649954426363742
ecoli50_r008627,cnn_1d,knn_physchem_full,0.13636558122044828
ecoli50_r001504,cnn_1d,knn_physchem_full,0.13611291664593272
ecoli50_r007641,cnn_1d,knn_physchem_full,0.13601091265187382
ecoli50_r003083,cnn_1d,knn_physchem_full,0.1356551796711658
ecoli50_r000023,cnn_1d,knn_physchem_full,0.1353777523039872
ecoli50_r007496,cnn_1d,knn_physchem_full,0.1353562778722659
ecoli50_r007224,cnn_1d,knn_physchem_full,0.13526047475477876
ecoli50_r002412,cnn_1d,knn_physchem_full,0.13497131364773507
ecoli50_r008245,cnn_1d,knn_physchem_full,0.13496289219457136
ecoli50_r008906,cnn_1d,knn_physchem_full,0.13493605467503977
ecoli50_r000068,cnn_1d,knn_physchem_full,0.13488853714478832
ecoli50_r005244,cnn_1d,knn_physchem_full,0.1347756810887013
ecoli50_r001079,cnn_1d,knn_physchem_full,0.13438455094909685
ecoli50_r005068,cnn_1d,knn_physchem_full,0.13425411403597476
ecoli50_r002934,cnn_1d,knn_physchem_full,0.134126809117892
ecoli50_r011585,cnn_1d,knn_physchem_full,0.13412268885539635
ecoli50_r011027,cnn_1d,knn_physchem_full,0.1339612783933135
ecoli50_r007109,cnn_1d,knn_physchem_full,0.13394257431560375
ecoli50_r000582,cnn_1d,knn_physchem_full,0.13373735868559722
ecoli50_r006666,cnn_1d,knn_physchem_full,0.13333234341849298
ecoli50_r004122,cnn_1d,knn_physchem_full,0.13292969500549257
ecoli50_r009819,cnn_1d,knn_physchem_full,0.1328127622403552
ecoli50_r004587,cnn_1d,knn_physchem_full,0.13264803010315385
ecoli50_r004231,cnn_1d,knn_physchem_full,0.13249469865515717
ecoli50_r005679,cnn_1d,knn_physchem_full,0.13243425075299164
ecoli50_r011485,cnn_1d,knn_physchem_full,0.13208518749528997
ecoli50_r003960,cnn_1d,knn_physchem_full,0.13168427014747852
ecoli50_r006073,cnn_1d,knn_physchem_full,0.13140259197516135
ecoli50_r001557,cnn_1d,knn_physchem_full,0.13136567156851608
ecoli50_r009354,cnn_1d,knn_physchem_full,0.1312464272077678
ecoli50_r003106,cnn_1d,knn_physchem_full,0.13106158022934977
ecoli50_r010357,cnn_1d,knn_physchem_full,0.1300989894718878
ecoli50_r000346,cnn_1d,knn_physchem_full,0.13009447889682013
ecoli50_r004452,cnn_1d,knn_physchem_full,0.12969081058658993
ecoli50_r000449,cnn_1d,knn_physchem_full,0.12968395434868096
ecoli50_r003855,cnn_1d,knn_physchem_full,0.12944948211388496
ecoli50_r001698,cnn_1d,knn_physchem_full,0.12928916203073948
ecoli50_r008992,cnn_1d,knn_physchem_full,0.12918121991534637
ecoli50_r008791,cnn_1d,knn_physchem_full,0.12910684588995514
ecoli50_r008628,cnn_1d,knn_physchem_full,0.1290873319464123
ecoli50_r006676,cnn_1d,knn_physchem_full,0.12908393042736588
ecoli50_r000093,cnn_1d,knn_physchem_full,0.12901791562351939
ecoli50_r000316,cnn_1d,knn_physchem_full,0.12899245635789525
ecoli50_r003910,cnn_1d,knn_physchem_full,0.12893851151386082
ecoli50_r000961,cnn_1d,knn_physchem_full,0.12892688484903037
ecoli50_r004060,cnn_1d,knn_physchem_full,0.12856618669611963
ecoli50_r003902,cnn_1d,knn_physchem_full,0.1283862472095909
ecoli50_r001749,cnn_1d,knn_physchem_full,0.12827039199453738
ecoli50_r004612,cnn_1d,knn_physchem_full,0.1281488817545826
ecoli50_r011543,cnn_1d,knn_physchem_full,0.1281331407161752
ecoli50_r006233,cnn_1d,knn_physchem_full,0.1281263818234426
ecoli50_r006487,cnn_1d,knn_physchem_full,0.12776884354390772
ecoli50_r006582,cnn_1d,knn_physchem_full,0.12744836315081542
ecoli50_r000581,cnn_1d,knn_physchem_full,0.1273225884547795
ecoli50_r002240,cnn_1d,knn_physchem_full,0.12730562270037016
ecoli50_r002145,cnn_1d,knn_physchem_full,0.127246223275852
ecoli50_r002708,cnn_1d,knn_physchem_full,0.1270499474445712
ecoli50_r004140,cnn_1d,knn_physchem_full,0.1269364114807967
ecoli50_r007483,cnn_1d,knn_physchem_full,0.12686192280901265
ecoli50_r001173,cnn_1d,knn_physchem_full,0.12685129267779116
ecoli50_r007303,cnn_1d,knn_physchem_full,0.12683436949817262
ecoli50_r001281,cnn_1d,knn_physchem_full,0.12681188471132643
ecoli50_r005292,cnn_1d,knn_physchem_full,0.1265578112966077
ecoli50_r006219,cnn_1d,knn_physchem_full,0.12649174772478888
ecoli50_r001424,cnn_1d,knn_physchem_full,0.12639368420021713
ecoli50_r003709,cnn_1d,knn_physchem_full,0.12621560905794338
ecoli50_r006703,cnn_1d,knn_physchem_full,0.12612367629168064
ecoli50_r007943,cnn_1d,knn_physchem_full,0.12610194948487807
ecoli50_r003531,cnn_1d,knn_physchem_full,0.12579108657036642
ecoli50_r007453,cnn_1d,knn_physchem_full,0.12578293678419383
ecoli50_r010984,cnn_1d,knn_physchem_full,0.1256355267740732
ecoli50_r005899,cnn_1d,knn_physchem_full,0.12561277431227502
ecoli50_r005201,cnn_1d,knn_physchem_full,0.1254968633947744
ecoli50_r006281,cnn_1d,knn_physchem_full,0.12514481022269974
ecoli50_r008907,cnn_1d,knn_physchem_full,0.12505732522884472
ecoli50_r005786,cnn_1d,knn_physchem_full,0.12481032937793923
ecoli50_r000382,cnn_1d,knn_physchem_full,0.12476692744426954
ecoli50_r009841,cnn_1d,knn_physchem_full,0.12476407109069498
ecoli50_r008168,cnn_1d,knn_physchem_full,0.12430848017200358
ecoli50_r003729,cnn_1d,knn_physchem_full,0.12389438982680367
ecoli50_r009031,cnn_1d,knn_physchem_full,0.1238532391041951
ecoli50_r002268,cnn_1d,knn_physchem_full,0.12354183726269463
ecoli50_r008049,cnn_1d,knn_physchem_full,0.12354168216774664
ecoli50_r001620,cnn_1d,knn_physchem_full,0.12354134414944751
ecoli50_r009127,cnn_1d,knn_physchem_full,0.12324736480224008
ecoli50_r010698,cnn_1d,knn_physchem_full,0.12315888546194431
ecoli50_r008197,cnn_1d,knn_physchem_full,0.12311448900917554
ecoli50_r002385,cnn_1d,knn_physchem_full,0.1231119847644675
ecoli50_r002225,cnn_1d,knn_physchem_full,0.12300042731324234
ecoli50_r008513,cnn_1d,knn_physchem_full,0.12291239118557318
ecoli50_r008547,cnn_1d,knn_physchem_full,0.12290832022452669
ecoli50_r006699,cnn_1d,knn_physchem_full,0.12283105016067042
ecoli50_r001075,cnn_1d,knn_physchem_full,0.122761037818782
ecoli50_r006098,cnn_1d,knn_physchem_full,0.12190764421008282
ecoli50_r005526,cnn_1d,knn_physchem_full,0.12173121673349874
ecoli50_r009398,cnn_1d,knn_physchem_full,0.12165447860921264
ecoli50_r008352,cnn_1d,knn_physchem_full,0.1216323416204026
ecoli50_r008251,cnn_1d,knn_physchem_full,0.12145484890668223
ecoli50_r009583,cnn_1d,knn_physchem_full,0.12111669978652628
ecoli50_r009050,cnn_1d,knn_physchem_full,0.1210851167021354
ecoli50_r001160,cnn_1d,knn_physchem_full,0.12108335718701024
ecoli50_r006209,cnn_1d,knn_physchem_full,0.12107627353843275
ecoli50_r001787,cnn_1d,knn_physchem_full,0.12107452768888649
ecoli50_r003773,cnn_1d,knn_physchem_full,0.12097317137701546
ecoli50_r003848,cnn_1d,knn_physchem_full,0.12095891723234953
ecoli50_r002476,cnn_1d,knn_physchem_full,0.12082361469807168
ecoli50_r010927,cnn_1d,knn_physchem_full,0.12055236798253333
ecoli50_r011770,cnn_1d,knn_physchem_full,0.12043583263313762
ecoli50_r002773,cnn_1d,knn_physchem_full,0.12024780639286936
ecoli50_r005598,cnn_1d,knn_physchem_full,0.11998180685205595
ecoli50_r008564,cnn_1d,knn_physchem_full,0.11997048430333068
ecoli50_r000605,cnn_1d,knn_physchem_full,0.11977799136931688
ecoli50_r007685,cnn_1d,knn_physchem_full,0.11972785977037725
ecoli50_r011299,cnn_1d,knn_physchem_full,0.11957329821263674
ecoli50_r003608,cnn_1d,knn_physchem_full,0.1195108609066704
ecoli50_r007133,cnn_1d,knn_physchem_full,0.11936943653505283
ecoli50_r008695,cnn_1d,knn_physchem_full,0.11930979187833257
ecoli50_r003075,cnn_1d,knn_physchem_full,0.11920565347672873
ecoli50_r010957,cnn_1d,knn_physchem_full,0.1189920950046166
ecoli50_r001226,cnn_1d,knn_physchem_full,0.1189309342441649
ecoli50_r007878,cnn_1d,knn_physchem_full,0.1188561475500789
ecoli50_r007850,cnn_1d,knn_physchem_full,0.11875903354189976
ecoli50_r010667,cnn_1d,knn_physchem_full,0.11873269905241024
ecoli50_r009261,cnn_1d,knn_physchem_full,0.11871859313718947
ecoli50_r000366,cnn_1d,knn_physchem_full,0.11869706996930018
ecoli50_r009920,cnn_1d,knn_physchem_full,0.11855358043496889
ecoli50_r002667,cnn_1d,knn_physchem_full,0.1185512015198964
ecoli50_r005799,cnn_1d,knn_physchem_full,0.1185223678724534
ecoli50_r006541,cnn_1d,knn_physchem_full,0.11844901910369998
ecoli50_r005865,cnn_1d,knn_physchem_full,0.11835464053568012
ecoli50_r003588,cnn_1d,knn_physchem_full,0.11834521061711811
ecoli50_r004815,cnn_1d,knn_physchem_full,0.11827104529249999
ecoli50_r003646,cnn_1d,knn_physchem_full,0.11826545891313645
ecoli50_r000842,cnn_1d,knn_physchem_full,0.11820082093563133
ecoli50_r010874,cnn_1d,knn_physchem_full,0.11816705145694462
ecoli50_r002083,cnn_1d,knn_physchem_full,0.11814212467072238
ecoli50_r008934,cnn_1d,knn_physchem_full,0.11805828945459984
ecoli50_r010077,cnn_1d,knn_physchem_full,0.11795982589242548
ecoli50_r009975,cnn_1d,knn_physchem_full,0.11779659469045267
ecoli50_r003429,cnn_1d,knn_physchem_full,0.1176720369231945
ecoli50_r001603,cnn_1d,knn_physchem_full,0.11753893741429966
ecoli50_r009425,cnn_1d,knn_physchem_full,0.1173751569137571
ecoli50_r007139,cnn_1d,knn_physchem_full,0.11730191688027203
ecoli50_r008788,cnn_1d,knn_physchem_full,0.11718159086309088
ecoli50_r009081,cnn_1d,knn_physchem_full,0.11709411456490715
ecoli50_r009505,cnn_1d,knn_physchem_full,0.11708610367029104
ecoli50_r010323,cnn_1d,knn_physchem_full,0.11695176618286629
ecoli50_r009503,cnn_1d,knn_physchem_full,0.11643973406522345
ecoli50_r010513,cnn_1d,knn_physchem_full,0.11635597453555402
ecoli50_r009492,cnn_1d,knn_physchem_full,0.11633653762799456
ecoli50_r005321,cnn_1d,knn_physchem_full,0.11602473420432036
ecoli50_r011275,cnn_1d,knn_physchem_full,0.11594045321302637
ecoli50_r004980,cnn_1d,knn_physchem_full,0.11559478396643197
ecoli50_r001858,cnn_1d,knn_physchem_full,0.11540338405693307
ecoli50_r003187,cnn_1d,knn_physchem_full,0.1153688169792213
ecoli50_r001400,cnn_1d,knn_physchem_full,0.11533867221332406
ecoli50_r008510,cnn_1d,knn_physchem_full,0.11528510853629781
ecoli50_r003043,cnn_1d,knn_physchem_full,0.11515660312057285
ecoli50_r008078,cnn_1d,knn_physchem_full,0.114719071254342
ecoli50_r000236,cnn_1d,knn_physchem_full,0.11440115188410616
ecoli50_r001503,cnn_1d,knn_physchem_full,0.11402374181015773
ecoli50_r003634,cnn_1d,knn_physchem_full,0.11391044295289587
ecoli50_r011342,cnn_1d,knn_physchem_full,0.11382175617647583
ecoli50_r009966,cnn_1d,knn_physchem_full,0.11368572872127292
ecoli50_r009733,cnn_1d,knn_physchem_full,0.1134938010045663
ecoli50_r000817,cnn_1d,knn_physchem_full,0.11343344136583555
ecoli50_r001778,cnn_1d,knn_physchem_full,0.11305144099178355
ecoli50_r007773,cnn_1d,knn_physchem_full,0.1129513596424716
ecoli50_r002681,cnn_1d,knn_physchem_full,0.1128031330018775
ecoli50_r000690,cnn_1d,knn_physchem_full,0.1126803227077331
ecoli50_r000190,cnn_1d,knn_physchem_full,0.11241745659808666
ecoli50_r006866,cnn_1d,knn_physchem_full,0.1123334904085973
ecoli50_r010759,cnn_1d,knn_physchem_full,0.11227530590124957
ecoli50_r002672,cnn_1d,knn_physchem_full,0.11164494024280636
ecoli50_r003115,cnn_1d,knn_physchem_full,0.11163501374429297
ecoli50_r001211,cnn_1d,knn_physchem_full,0.1115871235793322
ecoli50_r004513,cnn_1d,knn_physchem_full,0.11129571109959135
ecoli50_r003868,cnn_1d,knn_physchem_full,0.1112563477484767
ecoli50_r009100,cnn_1d,knn_physchem_full,0.11121721738919277
ecoli50_r006330,cnn_1d,knn_physchem_full,0.11120059825459583
ecoli50_r001567,cnn_1d,knn_physchem_full,0.11096934504024825
ecoli50_r004090,cnn_1d,knn_physchem_full,0.11082619819833717
ecoli50_r006368,cnn_1d,knn_physchem_full,0.1105084167685142
ecoli50_r011677,cnn_1d,knn_physchem_full,0.11049260230423696
ecoli50_r009215,cnn_1d,knn_physchem_full,0.11045847398035269
ecoli50_r004738,cnn_1d,knn_physchem_full,0.11041793748016371
ecoli50_r009904,cnn_1d,knn_physchem_full,0.11033575112009597
ecoli50_r010346,cnn_1d,knn_physchem_full,0.11013467690558265
ecoli50_r004604,cnn_1d,knn_physchem_full,0.10955214270156155
ecoli50_r005587,cnn_1d,knn_physchem_full,0.10891235959724366
ecoli50_r011051,cnn_1d,knn_physchem_full,0.10889859107461675
ecoli50_r000497,cnn_1d,knn_physchem_full,0.10874896766724973
ecoli50_r006167,cnn_1d,knn_physchem_full,0.1086858201168539
ecoli50_r009884,cnn_1d,knn_physchem_full,0.10860072673541099
ecoli50_r005989,cnn_1d,knn_physchem_full,0.10846518448697307
ecoli50_r005213,cnn_1d,knn_physchem_full,0.10836679908160196
ecoli50_r009303,cnn_1d,knn_physchem_full,0.10832008624439737
ecoli50_r011154,cnn_1d,knn_physchem_full,0.1070035839122001
ecoli50_r008301,cnn_1d,knn_physchem_full,0.1069781310609339
ecoli50_r003532,cnn_1d,knn_physchem_full,0.1068911461687807
ecoli50_r009462,cnn_1d,knn_physchem_full,0.10685100551888027
ecoli50_r006777,cnn_1d,knn_physchem_full,0.10678692412350621
ecoli50_r001518,cnn_1d,knn_physchem_full,0.10673900029349692
ecoli50_r003418,cnn_1d,knn_physchem_full,0.10642260627864752
ecoli50_r006860,cnn_1d,knn_physchem_full,0.10616013450057293
ecoli50_r009466,cnn_1d,knn_physchem_full,0.10614370252952776
ecoli50_r000435,cnn_1d,knn_physchem_full,0.1061133940124952
ecoli50_r009611,cnn_1d,knn_physchem_full,0.10597421918778638
ecoli50_r010721,cnn_1d,knn_physchem_full,0.10590181245865038
ecoli50_r007738,cnn_1d,knn_physchem_full,0.10587691768781937
ecoli50_r008075,cnn_1d,knn_physchem_full,0.10576471206093574
ecoli50_r000486,cnn_1d,knn_physchem_full,0.10554677251967082
ecoli50_r004339,cnn_1d,knn_physchem_full,0.10539900748260678
ecoli50_r002619,cnn_1d,knn_physchem_full,0.10504238830452772
ecoli50_r007725,cnn_1d,knn_physchem_full,0.10469007165402289
ecoli50_r003040,cnn_1d,knn_physchem_full,0.10462476556690126
ecoli50_r003288,cnn_1d,knn_physchem_full,0.10451432221489387
ecoli50_r001194,cnn_1d,knn_physchem_full,0.10409930265285983
ecoli50_r010422,cnn_1d,knn_physchem_full,0.10400522725110273
ecoli50_r010339,cnn_1d,knn_physchem_full,0.10377173197553624
ecoli50_r003534,cnn_1d,knn_physchem_full,0.10370750737977019
ecoli50_r006999,cnn_1d,knn_physchem_full,0.10342986471921867
ecoli50_r000048,cnn_1d,knn_physchem_full,0.1031228426122679
ecoli50_r007271,cnn_1d,knn_physchem_full,0.1028917692035809
ecoli50_r002489,cnn_1d,knn_physchem_full,0.10278651436805131
ecoli50_r008129,cnn_1d,knn_physchem_full,0.10241568441062654
ecoli50_r002111,cnn_1d,knn_physchem_full,0.1024102303129335
ecoli50_r004537,cnn_1d,knn_physchem_full,0.10224830817676889
ecoli50_r007406,cnn_1d,knn_physchem_full,0.1020734922948332
ecoli50_r003924,cnn_1d,knn_physchem_full,0.10204367863559893
ecoli50_r001523,cnn_1d,knn_physchem_full,0.10203435826899421
ecoli50_r005332,cnn_1d,knn_physchem_full,0.10191162238002871
ecoli50_r002302,cnn_1d,knn_physchem_full,0.10162767232867465
ecoli50_r002686,cnn_1d,knn_physchem_full,0.10151212587058067
ecoli50_r001392,cnn_1d,knn_physchem_full,0.10036325783699551
ecoli50_r003086,cnn_1d,knn_physchem_full,0.10008716962683017
ecoli50_r003963,cnn_1d,knn_physchem_full,0.10004339574884957
ecoli50_r009898,cnn_1d,knn_physchem_full,0.10002210983567261
ecoli50_r006726,cnn_1d,knn_physchem_full,0.10001374506677996
ecoli50_r006900,cnn_1d,knn_physchem_full,0.09997702007114384
ecoli50_r003711,cnn_1d,knn_physchem_full,0.09995982888972188
ecoli50_r011220,cnn_1d,knn_physchem_full,0.09971543737019406
ecoli50_r004744,cnn_1d,knn_physchem_full,0.09945171530391805
ecoli50_r000733,cnn_1d,knn_physchem_full,0.09928814378680251
ecoli50_r004783,cnn_1d,knn_physchem_full,0.09915419501830991
ecoli50_r009717,cnn_1d,knn_physchem_full,0.0990367495806086
ecoli50_r006702,cnn_1d,knn_physchem_full,0.09869113598479462
ecoli50_r006240,cnn_1d,knn_physchem_full,0.09858107616405443
ecoli50_r002777,cnn_1d,knn_physchem_full,0.09849163647126247
ecoli50_r005485,cnn_1d,knn_physchem_full,0.09847196511479162
ecoli50_r008357,cnn_1d,knn_physchem_full,0.09846673631641156
ecoli50_r002073,cnn_1d,knn_physchem_full,0.09841474990882171
ecoli50_r010218,cnn_1d,knn_physchem_full,0.0983622619325275
ecoli50_r011820,cnn_1d,knn_physchem_full,0.09836220907467652
ecoli50_r011751,cnn_1d,knn_physchem_full,0.09792036563935991
ecoli50_r000916,cnn_1d,knn_physchem_full,0.0978777674766178
ecoli50_r001291,cnn_1d,knn_physchem_full,0.09780567316178201
ecoli50_r003349,cnn_1d,knn_physchem_full,0.0977595933715576
ecoli50_r008733,cnn_1d,knn_physchem_full,0.0976556669429578
ecoli50_r007558,cnn_1d,knn_physchem_full,0.09757388065265005
ecoli50_r008278,cnn_1d,knn_physchem_full,0.0975350310044738
ecoli50_r008413,cnn_1d,knn_physchem_full,0.0975185016889335
ecoli50_r003465,cnn_1d,knn_physchem_full,0.09747574363788791
ecoli50_r000888,cnn_1d,knn_physchem_full,0.09745612726796438
ecoli50_r002182,cnn_1d,knn_physchem_full,0.09742486568759956
ecoli50_r000845,cnn_1d,knn_physchem_full,0.09738266437905452
ecoli50_r008876,cnn_1d,knn_physchem_full,0.09712103550703688
ecoli50_r008871,cnn_1d,knn_physchem_full,0.09709035787275999
ecoli50_r003601,cnn_1d,knn_physchem_full,0.09691722768894406
ecoli50_r001294,cnn_1d,knn_physchem_full,0.0965369417594597
ecoli50_r000945,cnn_1d,knn_physchem_full,0.0964740871868277
ecoli50_r008409,cnn_1d,knn_physchem_full,0.0963429285169708
ecoli50_r002399,cnn_1d,knn_physchem_full,0.0961869395023327
ecoli50_r011282,cnn_1d,knn_physchem_full,0.09601865177900581
ecoli50_r007231,cnn_1d,knn_physchem_full,0.09581604969797874
ecoli50_r000251,cnn_1d,knn_physchem_full,0.09575867912619529
ecoli50_r005233,cnn_1d,knn_physchem_full,0.09575425230618029
ecoli50_r010274,cnn_1d,knn_physchem_full,0.0957271544569589
ecoli50_r005330,cnn_1d,knn_physchem_full,0.0957094219127419
ecoli50_r004137,cnn_1d,knn_physchem_full,0.09545810983537217
ecoli50_r004305,cnn_1d,knn_physchem_full,0.09543647180255865
ecoli50_r011710,cnn_1d,knn_physchem_full,0.09532154938599025
ecoli50_r007097,cnn_1d,knn_physchem_full,0.09490860901032105
ecoli50_r011121,cnn_1d,knn_physchem_full,0.09487127826895136
ecoli50_r000775,cnn_1d,knn_physchem_full,0.09467652801966908
ecoli50_r001948,cnn_1d,knn_physchem_full,0.09425779112049337
ecoli50_r002332,cnn_1d,knn_physchem_full,0.09402550324568981
ecoli50_r010527,cnn_1d,knn_physchem_full,0.09382116337597246
ecoli50_r002669,cnn_1d,knn_physchem_full,0.09364440328128332
ecoli50_r006797,cnn_1d,knn_physchem_full,0.0935461003791116
ecoli50_r003858,cnn_1d,knn_physchem_full,0.09353845030159169
ecoli50_r006363,cnn_1d,knn_physchem_full,0.09338384829755242
ecoli50_r003741,cnn_1d,knn_physchem_full,0.0932009467363959
ecoli50_r006149,cnn_1d,knn_physchem_full,0.0929462330033548
ecoli50_r006632,cnn_1d,knn_physchem_full,0.09261041388969238
ecoli50_r006929,cnn_1d,knn_physchem_full,0.09231922448133956
ecoli50_r002652,cnn_1d,knn_physchem_full,0.09216986284215034
ecoli50_r009119,cnn_1d,knn_physchem_full,0.09215839487677391
ecoli50_r011557,cnn_1d,knn_physchem_full,0.09205870651010262
ecoli50_r001809,cnn_1d,knn_physchem_full,0.09200903331406485
ecoli50_r000001,cnn_1d,knn_physchem_full,0.09153862469568574
ecoli50_r002692,cnn_1d,knn_physchem_full,0.09153824657263332
ecoli50_r010842,cnn_1d,knn_physchem_full,0.09153513033395422
ecoli50_r005689,cnn_1d,knn_physchem_full,0.09148491758744193
ecoli50_r005639,cnn_1d,knn_physchem_full,0.09145085437527012
ecoli50_r006252,cnn_1d,knn_physchem_full,0.09139757871263887
ecoli50_r005199,cnn_1d,knn_physchem_full,0.09138515689842386
ecoli50_r009467,cnn_1d,knn_physchem_full,0.09123875560702377
ecoli50_r006486,cnn_1d,knn_physchem_full,0.09101116460252134
ecoli50_r000177,cnn_1d,knn_physchem_full,0.09089305174735118
ecoli50_r010496,cnn_1d,knn_physchem_full,0.09056381089005017
ecoli50_r007713,cnn_1d,knn_physchem_full,0.09044113028547773
ecoli50_r002403,cnn_1d,knn_physchem_full,0.09037515579904642
ecoli50_r003467,cnn_1d,knn_physchem_full,0.09024577912592013
ecoli50_r010827,cnn_1d,knn_physchem_full,0.090170867342251
ecoli50_r010833,cnn_1d,knn_physchem_full,0.09014745132934543
ecoli50_r005327,cnn_1d,knn_physchem_full,0.08988261108711848
ecoli50_r007599,cnn_1d,knn_physchem_full,0.08919040601743022
ecoli50_r006727,cnn_1d,knn_physchem_full,0.08905233753861674
ecoli50_r004993,cnn_1d,knn_physchem_full,0.08899369433429705
ecoli50_r003797,cnn_1d,knn_physchem_full,0.08878155626846063
ecoli50_r011741,cnn_1d,knn_physchem_full,0.08869603151369754
ecoli50_r009909,cnn_1d,knn_physchem_full,0.08866999664592168
ecoli50_r005630,cnn_1d,knn_physchem_full,0.08850107289957343
ecoli50_r002828,cnn_1d,knn_physchem_full,0.08840194553798364
ecoli50_r010519,cnn_1d,knn_physchem_full,0.08825971665860788
ecoli50_r006450,cnn_1d,knn_physchem_full,0.08793722516431801
ecoli50_r011583,cnn_1d,knn_physchem_full,0.08792772291334794
ecoli50_r008590,cnn_1d,knn_physchem_full,0.08766238376565427
ecoli50_r002426,cnn_1d,knn_physchem_full,0.08766192433506026
ecoli50_r009788,cnn_1d,knn_physchem_full,0.08761180535552171
ecoli50_r003292,cnn_1d,knn_physchem_full,0.08724933059704254
ecoli50_r000601,cnn_1d,knn_physchem_full,0.0871041566506503
ecoli50_r001951,cnn_1d,knn_physchem_full,0.0869743203633968
ecoli50_r008950,cnn_1d,knn_physchem_full,0.08690139595357183
ecoli50_r000727,cnn_1d,knn_physchem_full,0.08676892466106123
ecoli50_r010709,cnn_1d,knn_physchem_full,0.08668969361561008
ecoli50_r004295,cnn_1d,knn_physchem_full,0.08656841059607112
ecoli50_r003311,cnn_1d,knn_physchem_full,0.08647112858705253
ecoli50_r006876,cnn_1d,knn_physchem_full,0.08594131242201275
ecoli50_r005235,cnn_1d,knn_physchem_full,0.08590840495081142
ecoli50_r004360,cnn_1d,knn_physchem_full,0.08586808119353861
ecoli50_r010123,cnn_1d,knn_physchem_full,0.08555307352569086
ecoli50_r011240,cnn_1d,knn_physchem_full,0.08554183678369709
ecoli50_r000443,cnn_1d,knn_physchem_full,0.08547816281209197
ecoli50_r001682,cnn_1d,knn_physchem_full,0.08547180090247997
ecoli50_r003821,cnn_1d,knn_physchem_full,0.08492205633538763
ecoli50_r007752,cnn_1d,knn_physchem_full,0.08483547207024955
ecoli50_r007241,cnn_1d,knn_physchem_full,0.08473189092914568
ecoli50_r011111,cnn_1d,knn_physchem_full,0.08464889465419567
ecoli50_r001690,cnn_1d,knn_physchem_full,0.08451219197510662
ecoli50_r002032,cnn_1d,knn_physchem_full,0.08436476017365635
ecoli50_r001696,cnn_1d,knn_physchem_full,0.0842610755426132
ecoli50_r006406,cnn_1d,knn_physchem_full,0.0842180988275012
ecoli50_r003184,cnn_1d,knn_physchem_full,0.08395985797643757
ecoli50_r007051,cnn_1d,knn_physchem_full,0.08377120125369997
ecoli50_r000047,cnn_1d,knn_physchem_full,0.08371957861804358
ecoli50_r010233,cnn_1d,knn_physchem_full,0.08371925116104606
ecoli50_r005676,cnn_1d,knn_physchem_full,0.08343811490329767
ecoli50_r008801,cnn_1d,knn_physchem_full,0.08336300586772571
ecoli50_r003652,cnn_1d,knn_physchem_full,0.08320852109555643
ecoli50_r000687,cnn_1d,knn_physchem_full,0.08296189593741055
ecoli50_r000268,cnn_1d,knn_physchem_full,0.0828724937348353
ecoli50_r005271,cnn_1d,knn_physchem_full,0.08286108236018119
ecoli50_r002250,cnn_1d,knn_physchem_full,0.08279878567657839
ecoli50_r001489,cnn_1d,knn_physchem_full,0.08274532571696858
ecoli50_r001414,cnn_1d,knn_physchem_full,0.08238698416530976
ecoli50_r000659,cnn_1d,knn_physchem_full,0.08224512801887718
ecoli50_r011293,cnn_1d,knn_physchem_full,0.0820748787788177
ecoli50_r007962,cnn_1d,knn_physchem_full,0.0819999661481714
ecoli50_r005101,cnn_1d,knn_physchem_full,0.08183393361420555
ecoli50_r008554,cnn_1d,knn_physchem_full,0.08175318123732822
ecoli50_r005210,cnn_1d,knn_physchem_full,0.08134669906930547
ecoli50_r010720,cnn_1d,knn_physchem_full,0.08134486716070422
ecoli50_r003319,cnn_1d,knn_physchem_full,0.08124155409105693
ecoli50_r009927,cnn_1d,knn_physchem_full,0.08122247188090803
ecoli50_r010130,cnn_1d,knn_physchem_full,0.08106019097801953
ecoli50_r005003,cnn_1d,knn_physchem_full,0.0810548371159916
ecoli50_r004162,cnn_1d,knn_physchem_full,0.08104729319660331
ecoli50_r004499,cnn_1d,knn_physchem_full,0.08101700172714699
ecoli50_r009219,cnn_1d,knn_physchem_full,0.08086977801832074
ecoli50_r004666,cnn_1d,knn_physchem_full,0.08086329098581357
ecoli50_r002198,cnn_1d,knn_physchem_full,0.08049685909587634
ecoli50_r001060,cnn_1d,knn_physchem_full,0.08040940383960171
ecoli50_r007915,cnn_1d,knn_physchem_full,0.08040380813769232
ecoli50_r005356,cnn_1d,knn_physchem_full,0.080375366301074
ecoli50_r008740,cnn_1d,knn_physchem_full,0.08014038646664545
ecoli50_r010702,cnn_1d,knn_physchem_full,0.08004385895449939
ecoli50_r000853,cnn_1d,knn_physchem_full,0.07988349434403963
ecoli50_r005472,cnn_1d,knn_physchem_full,0.07986560374462259
ecoli50_r005661,cnn_1d,knn_physchem_full,0.07977443361487113
ecoli50_r007595,cnn_1d,knn_physchem_full,0.0797120401148037
ecoli50_r009055,cnn_1d,knn_physchem_full,0.07964906012105244
ecoli50_r004164,cnn_1d,knn_physchem_full,0.07956232797740359
ecoli50_r006340,cnn_1d,knn_physchem_full,0.07954292386609119
ecoli50_r004988,cnn_1d,knn_physchem_full,0.07942158075447114
ecoli50_r001051,cnn_1d,knn_physchem_full,0.07924875295772615
ecoli50_r000844,cnn_1d,knn_physchem_full,0.07897828451281619
ecoli50_r000776,cnn_1d,knn_physchem_full,0.07878042536469021
ecoli50_r000042,cnn_1d,knn_physchem_full,0.07862880813947548
ecoli50_r000105,cnn_1d,knn_physchem_full,0.07852166692190377
ecoli50_r003102,cnn_1d,knn_physchem_full,0.07829028104954983
ecoli50_r003578,cnn_1d,knn_physchem_full,0.07784596744832717
ecoli50_r000163,cnn_1d,knn_physchem_full,0.07777735303407995
ecoli50_r002771,cnn_1d,knn_physchem_full,0.07770065810380089
ecoli50_r003339,cnn_1d,knn_physchem_full,0.07767418823446937
ecoli50_r006433,cnn_1d,knn_physchem_full,0.07763518011155446
ecoli50_r006052,cnn_1d,knn_physchem_full,0.07760026692977906
ecoli50_r003787,cnn_1d,knn_physchem_full,0.07755040053242457
ecoli50_r010917,cnn_1d,knn_physchem_full,0.07745729339011342
ecoli50_r011298,cnn_1d,knn_physchem_full,0.07738700562752143
ecoli50_r007899,cnn_1d,knn_physchem_full,0.0773125904353904
ecoli50_r001791,cnn_1d,knn_physchem_full,0.07708865762701089
ecoli50_r008303,cnn_1d,knn_physchem_full,0.07683039085613785
ecoli50_r002053,cnn_1d,knn_physchem_full,0.07679810359931993
ecoli50_r006460,cnn_1d,knn_physchem_full,0.07650481068797621
ecoli50_r009615,cnn_1d,knn_physchem_full,0.07643438943249681
ecoli50_r006534,cnn_1d,knn_physchem_full,0.0764005989333083
ecoli50_r008187,cnn_1d,knn_physchem_full,0.07636539785213925
ecoli50_r007129,cnn_1d,knn_physchem_full,0.07630360811404158
ecoli50_r002217,cnn_1d,knn_physchem_full,0.07626213288650652
ecoli50_r002034,cnn_1d,knn_physchem_full,0.07625892746859853
ecoli50_r011172,cnn_1d,knn_physchem_full,0.07601588274411819
ecoli50_r004545,cnn_1d,knn_physchem_full,0.07588600015580527
ecoli50_r008476,cnn_1d,knn_physchem_full,0.07588046320273456
ecoli50_r000546,cnn_1d,knn_physchem_full,0.07576778827701158
ecoli50_r002462,cnn_1d,knn_physchem_full,0.07570646725817465
ecoli50_r011069,cnn_1d,knn_physchem_full,0.07566524801543917
ecoli50_r005616,cnn_1d,knn_physchem_full,0.07559402357231226
ecoli50_r000963,cnn_1d,knn_physchem_full,0.0755494451817289
ecoli50_r007770,cnn_1d,knn_physchem_full,0.07535254465799568
ecoli50_r005347,cnn_1d,knn_physchem_full,0.0753425124352991
ecoli50_r006025,cnn_1d,knn_physchem_full,0.0752025753886243
ecoli50_r002206,cnn_1d,knn_physchem_full,0.07509384767296279
ecoli50_r004271,cnn_1d,knn_physchem_full,0.07502681636451003
ecoli50_r000808,cnn_1d,knn_physchem_full,0.0748012697966498
ecoli50_r001882,cnn_1d,knn_physchem_full,0.0745973205106365
ecoli50_r009792,cnn_1d,knn_physchem_full,0.07427386558502258
ecoli50_r006116,cnn_1d,knn_physchem_full,0.07408056158169929
ecoli50_r007395,cnn_1d,knn_physchem_full,0.07405749605040635
ecoli50_r002204,cnn_1d,knn_physchem_full,0.07403562219805915
ecoli50_r004709,cnn_1d,knn_physchem_full,0.07397728861347952
ecoli50_r006301,cnn_1d,knn_physchem_full,0.07396557180556851
ecoli50_r008840,cnn_1d,knn_physchem_full,0.0739268999934799
ecoli50_r003961,cnn_1d,knn_physchem_full,0.07375235228476473
ecoli50_r003603,cnn_1d,knn_physchem_full,0.07357327635975652
ecoli50_r009939,cnn_1d,knn_physchem_full,0.07345016398361937
ecoli50_r006778,cnn_1d,knn_physchem_full,0.07332070393022905
ecoli50_r006853,cnn_1d,knn_physchem_full,0.07323721982123255
ecoli50_r005132,cnn_1d,knn_physchem_full,0.07304262168219111
ecoli50_r005768,cnn_1d,knn_physchem_full,0.07281870009130831
ecoli50_r003081,cnn_1d,knn_physchem_full,0.07255114230525406
ecoli50_r001600,cnn_1d,knn_physchem_full,0.07252225562100678
ecoli50_r008440,cnn_1d,knn_physchem_full,0.07244520020082712
ecoli50_r004966,cnn_1d,knn_physchem_full,0.0723919529967092
ecoli50_r009850,cnn_1d,knn_physchem_full,0.07237529545053256
ecoli50_r005903,cnn_1d,knn_physchem_full,0.07223293721299795
ecoli50_r005697,cnn_1d,knn_physchem_full,0.07203843196346416
ecoli50_r007554,cnn_1d,knn_physchem_full,0.07188710481531713
ecoli50_r009769,cnn_1d,knn_physchem_full,0.07174548381381118
ecoli50_r005615,cnn_1d,knn_physchem_full,0.07154682900170384
ecoli50_r001928,cnn_1d,knn_physchem_full,0.07129234180077315
ecoli50_r003751,cnn_1d,knn_physchem_full,0.07120600142082179
ecoli50_r003840,cnn_1d,knn_physchem_full,0.07115660237917654
ecoli50_r001077,cnn_1d,knn_physchem_full,0.0710911142629378
ecoli50_r007360,cnn_1d,knn_physchem_full,0.07101628545409922
ecoli50_r008459,cnn_1d,knn_physchem_full,0.07098525387403809
ecoli50_r000327,cnn_1d,knn_physchem_full,0.07096465459964652
ecoli50_r006082,cnn_1d,knn_physchem_full,0.07091060785411374
ecoli50_r000396,cnn_1d,knn_physchem_full,0.07068168586504653
ecoli50_r005325,cnn_1d,knn_physchem_full,0.07061613438988479
ecoli50_r007095,cnn_1d,knn_physchem_full,0.07024411834931676
ecoli50_r005288,cnn_1d,knn_physchem_full,0.0698196901539947
ecoli50_r005785,cnn_1d,knn_physchem_full,0.06972179388557365
ecoli50_r008450,cnn_1d,knn_physchem_full,0.06919360617869019
ecoli50_r001589,cnn_1d,knn_physchem_full,0.06915841105206999
ecoli50_r006725,cnn_1d,knn_physchem_full,0.06915420028607677
ecoli50_r008990,cnn_1d,knn_physchem_full,0.0690599505921572
ecoli50_r009820,cnn_1d,knn_physchem_full,0.06903986729495015
ecoli50_r006649,cnn_1d,knn_physchem_full,0.06898447128127971
ecoli50_r005666,cnn_1d,knn_physchem_full,0.06863655189141182
ecoli50_r008851,cnn_1d,knn_physchem_full,0.06860159955075362
ecoli50_r005011,cnn_1d,knn_physchem_full,0.06856427398650133
ecoli50_r011669,cnn_1d,knn_physchem_full,0.06851578710639838
ecoli50_r010810,cnn_1d,knn_physchem_full,0.06835779536230113
ecoli50_r002839,cnn_1d,knn_physchem_full,0.06810742918123136
ecoli50_r000663,cnn_1d,knn_physchem_full,0.06810521326003283
ecoli50_r008042,cnn_1d,knn_physchem_full,0.06767059127154784
ecoli50_r004557,cnn_1d,knn_physchem_full,0.06759354817290708
ecoli50_r011459,cnn_1d,knn_physchem_full,0.0674961155180438
ecoli50_r000664,cnn_1d,knn_physchem_full,0.06740045897444613
ecoli50_r001592,cnn_1d,knn_physchem_full,0.06737402281014448
ecoli50_r003345,cnn_1d,knn_physchem_full,0.0671205189366555
ecoli50_r011827,cnn_1d,knn_physchem_full,0.06709468590733136
ecoli50_r005559,cnn_1d,knn_physchem_full,0.06668509868488126
ecoli50_r003138,cnn_1d,knn_physchem_full,0.06653475491251815
ecoli50_r010501,cnn_1d,knn_physchem_full,0.06651852636052258
ecoli50_r010143,cnn_1d,knn_physchem_full,0.06650475673322553
ecoli50_r001473,cnn_1d,knn_physchem_full,0.06631864476469529
ecoli50_r008349,cnn_1d,knn_physchem_full,0.06615455071113407
ecoli50_r004693,cnn_1d,knn_physchem_full,0.06610793589882213
ecoli50_r008519,cnn_1d,knn_physchem_full,0.06604995166723615
ecoli50_r004719,cnn_1d,knn_physchem_full,0.06593342525568024
ecoli50_r000155,cnn_1d,knn_physchem_full,0.0658631419208291
ecoli50_r007363,cnn_1d,knn_physchem_full,0.06584721825071771
ecoli50_r007280,cnn_1d,knn_physchem_full,0.0655297536336441
ecoli50_r000487,cnn_1d,knn_physchem_full,0.06520799884268724
ecoli50_r006605,cnn_1d,knn_physchem_full,0.06519877209350255
ecoli50_r011555,cnn_1d,knn_physchem_full,0.06501816022730633
ecoli50_r005294,cnn_1d,knn_physchem_full,0.06478141829061723
ecoli50_r000454,cnn_1d,knn_physchem_full,0.06477699143105031
ecoli50_r011268,cnn_1d,knn_physchem_full,0.06471196819072134
ecoli50_r002455,cnn_1d,knn_physchem_full,0.06459528616081389
ecoli50_r009887,cnn_1d,knn_physchem_full,0.06453124787293163
ecoli50_r006540,cnn_1d,knn_physchem_full,0.06430460811977845
ecoli50_r002719,cnn_1d,knn_physchem_full,0.06424172824609409
ecoli50_r003074,cnn_1d,knn_physchem_full,0.06422422156235008
ecoli50_r002130,cnn_1d,knn_physchem_full,0.0638582736526021
ecoli50_r003444,cnn_1d,knn_physchem_full,0.06383247980412188
ecoli50_r006459,cnn_1d,knn_physchem_full,0.06375891082220608
ecoli50_r007639,cnn_1d,knn_physchem_full,0.06371481285089198
ecoli50_r011772,cnn_1d,knn_physchem_full,0.06348446070802094
ecoli50_r000898,cnn_1d,knn_physchem_full,0.06343330508431988
ecoli50_r008379,cnn_1d,knn_physchem_full,0.06323964038153784
ecoli50_r011429,cnn_1d,knn_physchem_full,0.06323397533520048
ecoli50_r005714,cnn_1d,knn_physchem_full,0.06312439457644947
ecoli50_r008551,cnn_1d,knn_physchem_full,0.06307587234883671
ecoli50_r001480,cnn_1d,knn_physchem_full,0.06307215100202956
ecoli50_r009708,cnn_1d,knn_physchem_full,0.06295762358934986
ecoli50_r003269,cnn_1d,knn_physchem_full,0.06293046979784922
ecoli50_r005654,cnn_1d,knn_physchem_full,0.06290288941683331
ecoli50_r003604,cnn_1d,knn_physchem_full,0.06287556485301282
ecoli50_r002680,cnn_1d,knn_physchem_full,0.06273614971513375
ecoli50_r011721,cnn_1d,knn_physchem_full,0.06269915743437027
ecoli50_r006285,cnn_1d,knn_physchem_full,0.06269572508152121
ecoli50_r004932,cnn_1d,knn_physchem_full,0.0625758853142151
ecoli50_r002817,cnn_1d,knn_physchem_full,0.06248495645599794
ecoli50_r009249,cnn_1d,knn_physchem_full,0.062268998460983216
ecoli50_r005255,cnn_1d,knn_physchem_full,0.062243323097221914
ecoli50_r001135,cnn_1d,knn_physchem_full,0.062124202313071475
ecoli50_r000819,cnn_1d,knn_physchem_full,0.062116147810598044
ecoli50_r004364,cnn_1d,knn_physchem_full,0.06207963394402505
ecoli50_r002967,cnn_1d,knn_physchem_full,0.06193283990617804
ecoli50_r003208,cnn_1d,knn_physchem_full,0.06175017755695755
ecoli50_r003350,cnn_1d,knn_physchem_full,0.0612860662106236
ecoli50_r004079,cnn_1d,knn_physchem_full,0.061042474213957476
ecoli50_r009824,cnn_1d,knn_physchem_full,0.060947978111069556
ecoli50_r002614,cnn_1d,knn_physchem_full,0.0608970119244141
ecoli50_r004793,cnn_1d,knn_physchem_full,0.0607467679715179
ecoli50_r002524,cnn_1d,knn_physchem_full,0.06066993050411629
ecoli50_r001372,cnn_1d,knn_physchem_full,0.06060789615045392
ecoli50_r001252,cnn_1d,knn_physchem_full,0.060423925091028785
ecoli50_r000266,cnn_1d,knn_physchem_full,0.06039093923115546
ecoli50_r009763,cnn_1d,knn_physchem_full,0.06027377180528326
ecoli50_r010651,cnn_1d,knn_physchem_full,0.060208662920519185
ecoli50_r002061,cnn_1d,knn_physchem_full,0.060047465985251236
ecoli50_r008134,cnn_1d,knn_physchem_full,0.05995540095759955
ecoli50_r006505,cnn_1d,knn_physchem_full,0.05970799612496913
ecoli50_r010192,cnn_1d,knn_physchem_full,0.05943044419855337
ecoli50_r002800,cnn_1d,knn_physchem_full,0.05916797617678027
ecoli50_r007913,cnn_1d,knn_physchem_full,0.05888318981082108
ecoli50_r008401,cnn_1d,knn_physchem_full,0.05843908360023242
ecoli50_r008458,cnn_1d,knn_physchem_full,0.058370361096534484
ecoli50_r004044,cnn_1d,knn_physchem_full,0.05815996487008679
ecoli50_r000755,cnn_1d,knn_physchem_full,0.05815015766987708
ecoli50_r003847,cnn_1d,knn_physchem_full,0.05813607967792489
ecoli50_r006129,cnn_1d,knn_physchem_full,0.05789209675951135
ecoli50_r010108,cnn_1d,knn_physchem_full,0.05768372085020079
ecoli50_r009454,cnn_1d,knn_physchem_full,0.057646863314456454
ecoli50_r007705,cnn_1d,knn_physchem_full,0.057645481471358284
ecoli50_r002258,cnn_1d,knn_physchem_full,0.057391687453819173
ecoli50_r006591,cnn_1d,knn_physchem_full,0.057345701319716724
ecoli50_r006724,cnn_1d,knn_physchem_full,0.05734369942122397
ecoli50_r006919,cnn_1d,knn_physchem_full,0.05706343912408851
ecoli50_r003399,cnn_1d,knn_physchem_full,0.05703761077449476
ecoli50_r003694,cnn_1d,knn_physchem_full,0.057034353104536084
ecoli50_r008750,cnn_1d,knn_physchem_full,0.05680512139450933
ecoli50_r008013,cnn_1d,knn_physchem_full,0.056686350358846394
ecoli50_r002657,cnn_1d,knn_physchem_full,0.05653059291519025
ecoli50_r006366,cnn_1d,knn_physchem_full,0.05633145620822155
ecoli50_r002820,cnn_1d,knn_physchem_full,0.05620303714219199
ecoli50_r009488,cnn_1d,knn_physchem_full,0.055939435267250204
ecoli50_r006364,cnn_1d,knn_physchem_full,0.05561028880867225
ecoli50_r010194,cnn_1d,knn_physchem_full,0.05548893977374325
ecoli50_r002094,cnn_1d,knn_physchem_full,0.05547295355633919
ecoli50_r003923,cnn_1d,knn_physchem_full,0.055460760651249164
ecoli50_r007559,cnn_1d,knn_physchem_full,0.055281285296471694
ecoli50_r006571,cnn_1d,knn_physchem_full,0.05522808425152226
ecoli50_r004419,cnn_1d,knn_physchem_full,0.05493659235791748
ecoli50_r006989,cnn_1d,knn_physchem_full,0.05482290398862011
ecoli50_r001780,cnn_1d,knn_physchem_full,0.05463755960205763
ecoli50_r011031,cnn_1d,knn_physchem_full,0.054548115960806776
ecoli50_r005195,cnn_1d,knn_physchem_full,0.054525563934622934
ecoli50_r009687,cnn_1d,knn_physchem_full,0.05439132996926732
ecoli50_r006561,cnn_1d,knn_physchem_full,0.0541566255810122
ecoli50_r008429,cnn_1d,knn_physchem_full,0.05411790924550397
ecoli50_r008506,cnn_1d,knn_physchem_full,0.05406714906997134
ecoli50_r001359,cnn_1d,knn_physchem_full,0.0534439020860793
ecoli50_r007955,cnn_1d,knn_physchem_full,0.05324258885103195
ecoli50_r003447,cnn_1d,knn_physchem_full,0.05320837582186044
ecoli50_r010537,cnn_1d,knn_physchem_full,0.05314550484899305
ecoli50_r004905,cnn_1d,knn_physchem_full,0.05302656901675995
ecoli50_r003598,cnn_1d,knn_physchem_full,0.0525649262664829
ecoli50_r010177,cnn_1d,knn_physchem_full,0.052554969744099456
ecoli50_r005417,cnn_1d,knn_physchem_full,0.052499669631447254
ecoli50_r006710,cnn_1d,knn_physchem_full,0.052484361162475235
ecoli50_r007530,cnn_1d,knn_physchem_full,0.0524346512831535
ecoli50_r009766,cnn_1d,knn_physchem_full,0.05242318693856207
ecoli50_r004151,cnn_1d,knn_physchem_full,0.052207445444795386
ecoli50_r010684,cnn_1d,knn_physchem_full,0.05214608964876133
ecoli50_r005822,cnn_1d,knn_physchem_full,0.051744948823424064
ecoli50_r004925,cnn_1d,knn_physchem_full,0.051596623594595936
ecoli50_r008736,cnn_1d,knn_physchem_full,0.05142948718029894
ecoli50_r009448,cnn_1d,knn_physchem_full,0.051354360306312685
ecoli50_r002973,cnn_1d,knn_physchem_full,0.05128178797681482
ecoli50_r001665,cnn_1d,knn_physchem_full,0.051167669475704614
ecoli50_r004977,cnn_1d,knn_physchem_full,0.051095419576952406
ecoli50_r007619,cnn_1d,knn_physchem_full,0.05098115007215176
ecoli50_r000527,cnn_1d,knn_physchem_full,0.05069673382675699
ecoli50_r004296,cnn_1d,knn_physchem_full,0.0506748759667901
ecoli50_r005022,cnn_1d,knn_physchem_full,0.05050973744956977
ecoli50_r002090,cnn_1d,knn_physchem_full,0.05036314262083552
ecoli50_r001735,cnn_1d,knn_physchem_full,0.05023181013980649
ecoli50_r004403,cnn_1d,knn_physchem_full,0.05001902085559351
ecoli50_r007603,cnn_1d,knn_physchem_full,0.049845746995419216
ecoli50_r009445,cnn_1d,knn_physchem_full,0.04973409539389273
ecoli50_r009493,cnn_1d,knn_physchem_full,0.04968708938621358
ecoli50_r005092,cnn_1d,knn_physchem_full,0.049601866706129094
ecoli50_r006143,cnn_1d,knn_physchem_full,0.049537437202046064
ecoli50_r008489,cnn_1d,knn_physchem_full,0.04951727999191391
ecoli50_r007768,cnn_1d,knn_physchem_full,0.04950632970200086
ecoli50_r005144,cnn_1d,knn_physchem_full,0.049489613203447025
ecoli50_r001879,cnn_1d,knn_physchem_full,0.04943062391465203
ecoli50_r005794,cnn_1d,knn_physchem_full,0.04900346508927944
ecoli50_r001088,cnn_1d,knn_physchem_full,0.04888729254310764
ecoli50_r011501,cnn_1d,knn_physchem_full,0.04883074159066236
ecoli50_r003021,cnn_1d,knn_physchem_full,0.04881186944642524
ecoli50_r010959,cnn_1d,knn_physchem_full,0.048469522314594116
ecoli50_r000877,cnn_1d,knn_physchem_full,0.04833532653401251
ecoli50_r001349,cnn_1d,knn_physchem_full,0.04792423200988827
ecoli50_r007873,cnn_1d,knn_physchem_full,0.04769487233558811
ecoli50_r001502,cnn_1d,knn_physchem_full,0.04726958637214196
ecoli50_r006411,cnn_1d,knn_physchem_full,0.04722992451149999
ecoli50_r000034,cnn_1d,knn_physchem_full,0.047207150001913334
ecoli50_r002229,cnn_1d,knn_physchem_full,0.04715147238245754
ecoli50_r007784,cnn_1d,knn_physchem_full,0.04713916676782226
ecoli50_r003732,cnn_1d,knn_physchem_full,0.047084900858816336
ecoli50_r005910,cnn_1d,knn_physchem_full,0.0470554476775078
ecoli50_r005984,cnn_1d,knn_physchem_full,0.0468181832360175
ecoli50_r006497,cnn_1d,knn_physchem_full,0.04673630750581825
ecoli50_r004342,cnn_1d,knn_physchem_full,0.046697131237734
ecoli50_r000897,cnn_1d,knn_physchem_full,0.04656454898455209
ecoli50_r009484,cnn_1d,knn_physchem_full,0.04632643469270503
ecoli50_r006972,cnn_1d,knn_physchem_full,0.046244859625693024
ecoli50_r009121,cnn_1d,knn_physchem_full,0.046171280380486124
ecoli50_r000137,cnn_1d,knn_physchem_full,0.04614126863582868
ecoli50_r006981,cnn_1d,knn_physchem_full,0.04596380643122089
ecoli50_r004370,cnn_1d,knn_physchem_full,0.04583265549742599
ecoli50_r009068,cnn_1d,knn_physchem_full,0.045751141739970524
ecoli50_r005788,cnn_1d,knn_physchem_full,0.0456128267842395
ecoli50_r007053,cnn_1d,knn_physchem_full,0.04544791946204274
ecoli50_r002710,cnn_1d,knn_physchem_full,0.045236922091181686
ecoli50_r003419,cnn_1d,knn_physchem_full,0.04520503783884955
ecoli50_r011357,cnn_1d,knn_physchem_full,0.04504656294868914
ecoli50_r001324,cnn_1d,knn_physchem_full,0.04480619703371236
ecoli50_r004723,cnn_1d,knn_physchem_full,0.04479012333441945
ecoli50_r011354,cnn_1d,knn_physchem_full,0.044749391416259776
ecoli50_r000846,cnn_1d,knn_physchem_full,0.044721287224600115
ecoli50_r006974,cnn_1d,knn_physchem_full,0.0447004586090709
ecoli50_r003249,cnn_1d,knn_physchem_full,0.04466656046219075
ecoli50_r001198,cnn_1d,knn_physchem_full,0.044337156967859226
ecoli50_r003241,cnn_1d,knn_physchem_full,0.044153567545746064
ecoli50_r011696,cnn_1d,knn_physchem_full,0.04386708619786939
ecoli50_r008324,cnn_1d,knn_physchem_full,0.04376873291713146
ecoli50_r008383,cnn_1d,knn_physchem_full,0.043721896751916844
ecoli50_r009935,cnn_1d,knn_physchem_full,0.04338673553955097
ecoli50_r004323,cnn_1d,knn_physchem_full,0.0432802931007612
ecoli50_r002374,cnn_1d,knn_physchem_full,0.04315363140330808
ecoli50_r002006,cnn_1d,knn_physchem_full,0.043110351525811996
ecoli50_r009216,cnn_1d,knn_physchem_full,0.0431014185790235
ecoli50_r008595,cnn_1d,knn_physchem_full,0.043094736379940546
ecoli50_r004764,cnn_1d,knn_physchem_full,0.04308496966588171
ecoli50_r002118,cnn_1d,knn_physchem_full,0.0430519217208154
ecoli50_r000567,cnn_1d,knn_physchem_full,0.042895303971192345
ecoli50_r007812,cnn_1d,knn_physchem_full,0.0427586880286106
ecoli50_r003404,cnn_1d,knn_physchem_full,0.04262272646989329
ecoli50_r011224,cnn_1d,knn_physchem_full,0.04260693389893744
ecoli50_r010904,cnn_1d,knn_physchem_full,0.04254270751680744
ecoli50_r005546,cnn_1d,knn_physchem_full,0.04254125807944087
ecoli50_r010919,cnn_1d,knn_physchem_full,0.04227053144882387
ecoli50_r000676,cnn_1d,knn_physchem_full,0.04216949758564903
ecoli50_r003629,cnn_1d,knn_physchem_full,0.04214824661477534
ecoli50_r006615,cnn_1d,knn_physchem_full,0.04211226296074866
ecoli50_r010922,cnn_1d,knn_physchem_full,0.04208264630465308
ecoli50_r003403,cnn_1d,knn_physchem_full,0.041774839116131
ecoli50_r001841,cnn_1d,knn_physchem_full,0.041600832540297006
ecoli50_r007214,cnn_1d,knn_physchem_full,0.04103521270565702
ecoli50_r005801,cnn_1d,knn_physchem_full,0.04095211909639307
ecoli50_r009565,cnn_1d,knn_physchem_full,0.04072136525727599
ecoli50_r004011,cnn_1d,knn_physchem_full,0.04068042166868713
ecoli50_r011128,cnn_1d,knn_physchem_full,0.040633608335641114
ecoli50_r001221,cnn_1d,knn_physchem_full,0.040622397753329764
ecoli50_r011339,cnn_1d,knn_physchem_full,0.04057728055534593
ecoli50_r001655,cnn_1d,knn_physchem_full,0.04050895689822065
ecoli50_r003393,cnn_1d,knn_physchem_full,0.0405031196104888
ecoli50_r001170,cnn_1d,knn_physchem_full,0.04046965474202091
ecoli50_r000465,cnn_1d,knn_physchem_full,0.04045814025562322
ecoli50_r005824,cnn_1d,knn_physchem_full,0.04028021025486028
ecoli50_r005414,cnn_1d,knn_physchem_full,0.04007257252703322
ecoli50_r010131,cnn_1d,knn_physchem_full,0.039954417257338726
ecoli50_r009883,cnn_1d,knn_physchem_full,0.03989441758991674
ecoli50_r008216,cnn_1d,knn_physchem_full,0.03988046526643796
ecoli50_r007553,cnn_1d,knn_physchem_full,0.039857388258767834
ecoli50_r005254,cnn_1d,knn_physchem_full,0.039814559754648204
ecoli50_r007187,cnn_1d,knn_physchem_full,0.03981120001397942
ecoli50_r005906,cnn_1d,knn_physchem_full,0.03978636433564997
ecoli50_r000006,cnn_1d,knn_physchem_full,0.039716330394927724
ecoli50_r001814,cnn_1d,knn_physchem_full,0.03942817028715595
ecoli50_r011374,cnn_1d,knn_physchem_full,0.03919106319056409
ecoli50_r005719,cnn_1d,knn_physchem_full,0.038877914369275235
ecoli50_r009208,cnn_1d,knn_physchem_full,0.03809011827131892
ecoli50_r007376,cnn_1d,knn_physchem_full,0.03784987732791656
ecoli50_r006915,cnn_1d,knn_physchem_full,0.037820050981282716
ecoli50_r010478,cnn_1d,knn_physchem_full,0.037710143635577786
ecoli50_r011432,cnn_1d,knn_physchem_full,0.037686643554582844
ecoli50_r009192,cnn_1d,knn_physchem_full,0.03757646136461057
ecoli50_r005138,cnn_1d,knn_physchem_full,0.03756977538240891
ecoli50_r011681,cnn_1d,knn_physchem_full,0.037514291661131516
ecoli50_r004260,cnn_1d,knn_physchem_full,0.03728270631584252
ecoli50_r008744,cnn_1d,knn_physchem_full,0.03704194954929907
ecoli50_r005510,cnn_1d,knn_physchem_full,0.03696395617736403
ecoli50_r002861,cnn_1d,knn_physchem_full,0.03687194648737391
ecoli50_r003468,cnn_1d,knn_physchem_full,0.03686994305756386
ecoli50_r006531,cnn_1d,knn_physchem_full,0.03685245455966246
ecoli50_r003917,cnn_1d,knn_physchem_full,0.03673723175405996
ecoli50_r003740,cnn_1d,knn_physchem_full,0.03666179479301368
ecoli50_r004284,cnn_1d,knn_physchem_full,0.03663235751784377
ecoli50_r003654,cnn_1d,knn_physchem_full,0.03640612706094881
ecoli50_r009630,cnn_1d,knn_physchem_full,0.03627516858304469
ecoli50_r000613,cnn_1d,knn_physchem_full,0.036257725319939205
ecoli50_r010565,cnn_1d,knn_physchem_full,0.036030517570522225
ecoli50_r010836,cnn_1d,knn_physchem_full,0.036005956495059
ecoli50_r010456,cnn_1d,knn_physchem_full,0.03598049512897594
ecoli50_r000146,cnn_1d,knn_physchem_full,0.03597192399098237
ecoli50_r011330,cnn_1d,knn_physchem_full,0.03569387646632283
ecoli50_r007814,cnn_1d,knn_physchem_full,0.03541369492292512
ecoli50_r003592,cnn_1d,knn_physchem_full,0.03538980286611659
ecoli50_r003008,cnn_1d,knn_physchem_full,0.035284658865714746
ecoli50_r008989,cnn_1d,knn_physchem_full,0.03526440075866599
ecoli50_r002924,cnn_1d,knn_physchem_full,0.03524217709594124
ecoli50_r006090,cnn_1d,knn_physchem_full,0.03523489820176273
ecoli50_r005357,cnn_1d,knn_physchem_full,0.03517102749026213
ecoli50_r001374,cnn_1d,knn_physchem_full,0.03515249348281868
ecoli50_r009651,cnn_1d,knn_physchem_full,0.03511829799665156
ecoli50_r007579,cnn_1d,knn_physchem_full,0.03495833959411687
ecoli50_r003160,cnn_1d,knn_physchem_full,0.03495609294998703
ecoli50_r006283,cnn_1d,knn_physchem_full,0.03494101178249487
ecoli50_r009386,cnn_1d,knn_physchem_full,0.03486791916124643
ecoli50_r001820,cnn_1d,knn_physchem_full,0.034683025046220006
ecoli50_r008474,cnn_1d,knn_physchem_full,0.034626958241382955
ecoli50_r002634,cnn_1d,knn_physchem_full,0.034536124130855494
ecoli50_r008850,cnn_1d,knn_physchem_full,0.03450410706123641
ecoli50_r007971,cnn_1d,knn_physchem_full,0.034393662469801356
ecoli50_r005023,cnn_1d,knn_physchem_full,0.03433017686114681
ecoli50_r008813,cnn_1d,knn_physchem_full,0.034208933450501355
ecoli50_r002284,cnn_1d,knn_physchem_full,0.03417281036040576
ecoli50_r011358,cnn_1d,knn_physchem_full,0.03412773456618279
ecoli50_r011750,cnn_1d,knn_physchem_full,0.03409866701526276
ecoli50_r008100,cnn_1d,knn_physchem_full,0.03356659506362103
ecoli50_r003473,cnn_1d,knn_physchem_full,0.03330874077257251
ecoli50_r008747,cnn_1d,knn_physchem_full,0.03329794045566192
ecoli50_r007259,cnn_1d,knn_physchem_full,0.033179131834392805
ecoli50_r000638,cnn_1d,knn_physchem_full,0.03314765050665436
ecoli50_r010760,cnn_1d,knn_physchem_full,0.033022380183481026
ecoli50_r001213,cnn_1d,knn_physchem_full,0.03301075637974682
ecoli50_r000313,cnn_1d,knn_physchem_full,0.03282019883439968
ecoli50_r007006,cnn_1d,knn_physchem_full,0.03273351654720713
ecoli50_r010526,cnn_1d,knn_physchem_full,0.032718936855087755
ecoli50_r001427,cnn_1d,knn_physchem_full,0.03261213107379568
ecoli50_r002352,cnn_1d,knn_physchem_full,0.03258940407076416
ecoli50_r010172,cnn_1d,knn_physchem_full,0.032589109816755446
ecoli50_r002360,cnn_1d,knn_physchem_full,0.032373609722235575
ecoli50_r007626,cnn_1d,knn_physchem_full,0.03234507913837348
ecoli50_r004026,cnn_1d,knn_physchem_full,0.03233443603387176
ecoli50_r002173,cnn_1d,knn_physchem_full,0.032316304451817324
ecoli50_r008161,cnn_1d,knn_physchem_full,0.032250484364348964
ecoli50_r010600,cnn_1d,knn_physchem_full,0.03204551434639891
ecoli50_r009599,cnn_1d,knn_physchem_full,0.03202679610027381
ecoli50_r011420,cnn_1d,knn_physchem_full,0.031960230766511
ecoli50_r008624,cnn_1d,knn_physchem_full,0.03182558902129662
ecoli50_r007027,cnn_1d,knn_physchem_full,0.03169623030073687
ecoli50_r011813,cnn_1d,knn_physchem_full,0.031695934104960966
ecoli50_r008610,cnn_1d,knn_physchem_full,0.031635447563016506
ecoli50_r000446,cnn_1d,knn_physchem_full,0.031444527425768865
ecoli50_r000821,cnn_1d,knn_physchem_full,0.031379648738488086
ecoli50_r003587,cnn_1d,knn_physchem_full,0.03107166549306628
ecoli50_r008298,cnn_1d,knn_physchem_full,0.030856396087647564
ecoli50_r002531,cnn_1d,knn_physchem_full,0.03051528958248495
ecoli50_r008728,cnn_1d,knn_physchem_full,0.030514718151690712
ecoli50_r004835,cnn_1d,knn_physchem_full,0.030466848869298957
ecoli50_r002741,cnn_1d,knn_physchem_full,0.030424704826655713
ecoli50_r009602,cnn_1d,knn_physchem_full,0.030023011805774935
ecoli50_r001547,cnn_1d,knn_physchem_full,0.02997316454638055
ecoli50_r003920,cnn_1d,knn_physchem_full,0.029950887505037826
ecoli50_r005722,cnn_1d,knn_physchem_full,0.02988875098759003
ecoli50_r008260,cnn_1d,knn_physchem_full,0.029783258344382002
ecoli50_r003742,cnn_1d,knn_physchem_full,0.029445793734361292
ecoli50_r010006,cnn_1d,knn_physchem_full,0.029171156227135064
ecoli50_r007153,cnn_1d,knn_physchem_full,0.02916589892187016
ecoli50_r007516,cnn_1d,knn_physchem_full,0.029115046381700704
ecoli50_r005209,cnn_1d,knn_physchem_full,0.028990681833484633
ecoli50_r006930,cnn_1d,knn_physchem_full,0.02858708935753551
ecoli50_r003305,cnn_1d,knn_physchem_full,0.02856716763586231
ecoli50_r008882,cnn_1d,knn_physchem_full,0.028518170874477722
ecoli50_r006180,cnn_1d,knn_physchem_full,0.028308677439675467
ecoli50_r002319,cnn_1d,knn_physchem_full,0.02796735389708438
ecoli50_r004279,cnn_1d,knn_physchem_full,0.02795785485883906
ecoli50_r010147,cnn_1d,knn_physchem_full,0.027125816843657002
ecoli50_r001582,cnn_1d,knn_physchem_full,0.02666467596743871
ecoli50_r001442,cnn_1d,knn_physchem_full,0.02613628261595924
ecoli50_r011711,cnn_1d,knn_physchem_full,0.02605987011290889
ecoli50_r007978,cnn_1d,knn_physchem_full,0.02579019686916384
ecoli50_r004049,cnn_1d,knn_physchem_full,0.025551258462714443
ecoli50_r001806,cnn_1d,knn_physchem_full,0.02540578265846305
ecoli50_r002588,cnn_1d,knn_physchem_full,0.02520091754892606
ecoli50_r008305,cnn_1d,knn_physchem_full,0.025088349866946302
ecoli50_r007726,cnn_1d,knn_physchem_full,0.025073952172780523
ecoli50_r009254,cnn_1d,knn_physchem_full,0.025025717327983088
ecoli50_r010048,cnn_1d,knn_physchem_full,0.025006535645303085
ecoli50_r001726,cnn_1d,knn_physchem_full,0.024924067151233853
ecoli50_r004769,cnn_1d,knn_physchem_full,0.024889548727323074
ecoli50_r001926,cnn_1d,knn_physchem_full,0.024793490525665707
ecoli50_r008638,cnn_1d,knn_physchem_full,0.024593293694967766
ecoli50_r005572,cnn_1d,knn_physchem_full,0.024582478082170844
ecoli50_r001889,cnn_1d,knn_physchem_full,0.024330268097231933
ecoli50_r011230,cnn_1d,knn_physchem_full,0.024235217780745888
ecoli50_r008609,cnn_1d,knn_physchem_full,0.024205452033185804
ecoli50_r003991,cnn_1d,knn_physchem_full,0.02413444579209978
ecoli50_r004940,cnn_1d,knn_physchem_full,0.02410838530530013
ecoli50_r004221,cnn_1d,knn_physchem_full,0.024054644887313348
ecoli50_r008200,cnn_1d,knn_physchem_full,0.023897872624742078
ecoli50_r010868,cnn_1d,knn_physchem_full,0.023420158569589233
ecoli50_r001950,cnn_1d,knn_physchem_full,0.0230595525132129
ecoli50_r000556,cnn_1d,knn_physchem_full,0.02288971623942082
ecoli50_r001244,cnn_1d,knn_physchem_full,0.022617123816365048
ecoli50_r002673,cnn_1d,knn_physchem_full,0.02259081453959233
ecoli50_r007282,cnn_1d,knn_physchem_full,0.022584843877091032
ecoli50_r003861,cnn_1d,knn_physchem_full,0.02242771446285463
ecoli50_r001309,cnn_1d,knn_physchem_full,0.02233886904348603
ecoli50_r006262,cnn_1d,knn_physchem_full,0.022296266480749338
ecoli50_r006672,cnn_1d,knn_physchem_full,0.022263858683968962
ecoli50_r011212,cnn_1d,knn_physchem_full,0.02208805650783008
ecoli50_r004959,cnn_1d,knn_physchem_full,0.02207155536759009
ecoli50_r008283,cnn_1d,knn_physchem_full,0.02202214045372175
ecoli50_r006349,cnn_1d,knn_physchem_full,0.021949362787313298
ecoli50_r002314,cnn_1d,knn_physchem_full,0.02193829068718056
ecoli50_r000475,cnn_1d,knn_physchem_full,0.021900946957758016
ecoli50_r001092,cnn_1d,knn_physchem_full,0.02169851189537919
ecoli50_r006880,cnn_1d,knn_physchem_full,0.021242150390272663
ecoli50_r009475,cnn_1d,knn_physchem_full,0.021238952543754408
ecoli50_r008542,cnn_1d,knn_physchem_full,0.02121481649981405
ecoli50_r001765,cnn_1d,knn_physchem_full,0.021152525343467232
ecoli50_r002282,cnn_1d,knn_physchem_full,0.021099608890368327
ecoli50_r001323,cnn_1d,knn_physchem_full,0.02091374362956344
ecoli50_r005726,cnn_1d,knn_physchem_full,0.020750758818462778
ecoli50_r006123,cnn_1d,knn_physchem_full,0.020541095149447575
ecoli50_r008896,cnn_1d,knn_physchem_full,0.020529572965819032
ecoli50_r005530,cnn_1d,knn_physchem_full,0.02043631403161905
ecoli50_r006794,cnn_1d,knn_physchem_full,0.020374387519733084
ecoli50_r004204,cnn_1d,knn_physchem_full,0.02033522344824501
ecoli50_r000031,cnn_1d,knn_physchem_full,0.02025545765925907
ecoli50_r004013,cnn_1d,knn_physchem_full,0.02016048530709469
ecoli50_r009159,cnn_1d,knn_physchem_full,0.020146428415088735
ecoli50_r001887,cnn_1d,knn_physchem_full,0.020145433255115197
ecoli50_r011450,cnn_1d,knn_physchem_full,0.020075535432408476
ecoli50_r006403,cnn_1d,knn_physchem_full,0.02004408815255898
ecoli50_r010647,cnn_1d,knn_physchem_full,0.020038734906231426
ecoli50_r000940,cnn_1d,knn_physchem_full,0.01978974300409364
ecoli50_r001180,cnn_1d,knn_physchem_full,0.019734238142028016
ecoli50_r004933,cnn_1d,knn_physchem_full,0.01969151532404867
ecoli50_r002285,cnn_1d,knn_physchem_full,0.019688565869604435
ecoli50_r006113,cnn_1d,knn_physchem_full,0.01961126060641538
ecoli50_r000196,cnn_1d,knn_physchem_full,0.019606148016519054
ecoli50_r008225,cnn_1d,knn_physchem_full,0.019556666373777176
ecoli50_r008509,cnn_1d,knn_physchem_full,0.019505767610899838
ecoli50_r000342,cnn_1d,knn_physchem_full,0.0192616955552376
ecoli50_r005524,cnn_1d,knn_physchem_full,0.019247754396358285
ecoli50_r004832,cnn_1d,knn_physchem_full,0.018944853236409376
ecoli50_r001859,cnn_1d,knn_physchem_full,0.018921936306174558
ecoli50_r003270,cnn_1d,knn_physchem_full,0.0188570858601671
ecoli50_r003407,cnn_1d,knn_physchem_full,0.018856546290431986
ecoli50_r000122,cnn_1d,knn_physchem_full,0.018629246531768118
ecoli50_r009320,cnn_1d,knn_physchem_full,0.018591410498558503
ecoli50_r002633,cnn_1d,knn_physchem_full,0.018451631067287977
ecoli50_r002739,cnn_1d,knn_physchem_full,0.018094737911198422
ecoli50_r002436,cnn_1d,knn_physchem_full,0.0177039871219975
ecoli50_r008438,cnn_1d,knn_physchem_full,0.017605555622662195
ecoli50_r009856,cnn_1d,knn_physchem_full,0.01754692328389451
ecoli50_r011025,cnn_1d,knn_physchem_full,0.01753905845699677
ecoli50_r006695,cnn_1d,knn_physchem_full,0.01752181756300608
ecoli50_r004784,cnn_1d,knn_physchem_full,0.01710677876849198
ecoli50_r010531,cnn_1d,knn_physchem_full,0.01696414123371337
ecoli50_r008447,cnn_1d,knn_physchem_full,0.016944980636292684
ecoli50_r009383,cnn_1d,knn_physchem_full,0.01686560810327098
ecoli50_r006336,cnn_1d,knn_physchem_full,0.0167861466553072
ecoli50_r010215,cnn_1d,knn_physchem_full,0.01678392379585647
ecoli50_r006140,cnn_1d,knn_physchem_full,0.01659710993794805
ecoli50_r009029,cnn_1d,knn_physchem_full,0.016256504280704576
ecoli50_r007162,cnn_1d,knn_physchem_full,0.016240669733515567
ecoli50_r001284,cnn_1d,knn_physchem_full,0.01608535063504668
ecoli50_r010407,cnn_1d,knn_physchem_full,0.01608530526188856
ecoli50_r009640,cnn_1d,knn_physchem_full,0.01606758608548242
ecoli50_r010043,cnn_1d,knn_physchem_full,0.0160620546826431
ecoli50_r010202,cnn_1d,knn_physchem_full,0.015853730426331758
ecoli50_r007823,cnn_1d,knn_physchem_full,0.015736253023236113
ecoli50_r009046,cnn_1d,knn_physchem_full,0.015685334876989643
ecoli50_r011747,cnn_1d,knn_physchem_full,0.015629561229168143
ecoli50_r005771,cnn_1d,knn_physchem_full,0.01562514560247008
ecoli50_r004939,cnn_1d,knn_physchem_full,0.015093108091574603
ecoli50_r004721,cnn_1d,knn_physchem_full,0.015005186171517249
ecoli50_r006429,cnn_1d,knn_physchem_full,0.014997732272887365
ecoli50_r000959,cnn_1d,knn_physchem_full,0.014723822350696913
ecoli50_r000162,cnn_1d,knn_physchem_full,0.014641543303506754
ecoli50_r003266,cnn_1d,knn_physchem_full,0.014335912432867026
ecoli50_r004117,cnn_1d,knn_physchem_full,0.014096056610340302
ecoli50_r003735,cnn_1d,knn_physchem_full,0.0140880043221987
ecoli50_r008085,cnn_1d,knn_physchem_full,0.01405534734479863
ecoli50_r010296,cnn_1d,knn_physchem_full,0.01391595689287417
ecoli50_r008239,cnn_1d,knn_physchem_full,0.01389168296418175
ecoli50_r009943,cnn_1d,knn_physchem_full,0.013859270574799964
ecoli50_r007633,cnn_1d,knn_physchem_full,0.013751008117097285
ecoli50_r005841,cnn_1d,knn_physchem_full,0.0136441866236785
ecoli50_r010815,cnn_1d,knn_physchem_full,0.01353758885572498
ecoli50_r000055,cnn_1d,knn_physchem_full,0.013535119210572155
ecoli50_r007323,cnn_1d,knn_physchem_full,0.013457078164228253
ecoli50_r002359,cnn_1d,knn_physchem_full,0.013439734134349735
ecoli50_r000355,cnn_1d,knn_physchem_full,0.013413848830373887
ecoli50_r010942,cnn_1d,knn_physchem_full,0.013403935141647061
ecoli50_r000141,cnn_1d,knn_physchem_full,0.013341100596403255
ecoli50_r003934,cnn_1d,knn_physchem_full,0.01330815553416187
ecoli50_r005305,cnn_1d,knn_physchem_full,0.013304627140512615
ecoli50_r000628,cnn_1d,knn_physchem_full,0.013266413583410408
ecoli50_r002499,cnn_1d,knn_physchem_full,0.013146044885609776
ecoli50_r010626,cnn_1d,knn_physchem_full,0.013126242309311031
ecoli50_r008798,cnn_1d,knn_physchem_full,0.013010835173139945
ecoli50_r004458,cnn_1d,knn_physchem_full,0.012957926720226887
ecoli50_r011008,cnn_1d,knn_physchem_full,0.012944500025100059
ecoli50_r010257,cnn_1d,knn_physchem_full,0.012812601912694177
ecoli50_r006391,cnn_1d,knn_physchem_full,0.012537214684912534
ecoli50_r011748,cnn_1d,knn_physchem_full,0.012526565821086688
ecoli50_r007861,cnn_1d,knn_physchem_full,0.012485076904007908
ecoli50_r002650,cnn_1d,knn_physchem_full,0.012053727954113747
ecoli50_r007189,cnn_1d,knn_physchem_full,0.011986543310606557
ecoli50_r008496,cnn_1d,knn_physchem_full,0.011893238697129771
ecoli50_r005123,cnn_1d,knn_physchem_full,0.011839891753848697
ecoli50_r000656,cnn_1d,knn_physchem_full,0.011813974889183676
ecoli50_r009867,cnn_1d,knn_physchem_full,0.011724096312733856
ecoli50_r005063,cnn_1d,knn_physchem_full,0.011480512512606289
ecoli50_r008976,cnn_1d,knn_physchem_full,0.01147229250265358
ecoli50_r011448,cnn_1d,knn_physchem_full,0.011387593908856353
ecoli50_r004101,cnn_1d,knn_physchem_full,0.011372264351599881
ecoli50_r002105,cnn_1d,knn_physchem_full,0.011276262691616967
ecoli50_r009030,cnn_1d,knn_physchem_full,0.011247122491176764
ecoli50_r000439,cnn_1d,knn_physchem_full,0.011171056641398724
ecoli50_r001380,cnn_1d,knn_physchem_full,0.010938621219093836
ecoli50_r001357,cnn_1d,knn_physchem_full,0.010621270132799676
ecoli50_r010455,cnn_1d,knn_physchem_full,0.010507010744526646
ecoli50_r010046,cnn_1d,knn_physchem_full,0.010397471248812185
ecoli50_r001113,cnn_1d,knn_physchem_full,0.010368726646927229
ecoli50_r001091,cnn_1d,knn_physchem_full,0.010007900358959265
ecoli50_r011089,cnn_1d,knn_physchem_full,0.009981750823563562
ecoli50_r007327,cnn_1d,knn_physchem_full,0.009913923710276773
ecoli50_r009035,cnn_1d,knn_physchem_full,0.009583448541672368
ecoli50_r011276,cnn_1d,knn_physchem_full,0.009522217179430026
ecoli50_r005746,cnn_1d,knn_physchem_full,0.009502235192607955
ecoli50_r001693,cnn_1d,knn_physchem_full,0.009402304093967029
ecoli50_r010265,cnn_1d,knn_physchem_full,0.009291712912077088
ecoli50_r001680,cnn_1d,knn_physchem_full,0.009008089283719212
ecoli50_r000856,cnn_1d,knn_physchem_full,0.008976420602459623
ecoli50_r010877,cnn_1d,knn_physchem_full,0.008916889265447647
ecoli50_r000191,cnn_1d,knn_physchem_full,0.008897064369883356
ecoli50_r000395,cnn_1d,knn_physchem_full,0.008732474286902825
ecoli50_r010333,cnn_1d,knn_physchem_full,0.008649451571945299
ecoli50_r000835,cnn_1d,knn_physchem_full,0.008622600375884915
ecoli50_r002812,cnn_1d,knn_physchem_full,0.008352023101743544
ecoli50_r006759,cnn_1d,knn_physchem_full,0.00828620158815152
ecoli50_r009709,cnn_1d,knn_physchem_full,0.008154422373237491
ecoli50_r005129,cnn_1d,knn_physchem_full,0.00812909579176413
ecoli50_r009600,cnn_1d,knn_physchem_full,0.007915589360401043
ecoli50_r006793,cnn_1d,knn_physchem_full,0.007907557372433871
ecoli50_r006081,cnn_1d,knn_physchem_full,0.007880062150573242
ecoli50_r006829,cnn_1d,knn_physchem_full,0.007797675331202569
ecoli50_r007131,cnn_1d,knn_physchem_full,0.0072679118873471005
ecoli50_r007906,cnn_1d,knn_physchem_full,0.007180482401357935
ecoli50_r006557,cnn_1d,knn_physchem_full,0.007126492964787623
ecoli50_r004613,cnn_1d,knn_physchem_full,0.007065921509642248
ecoli50_r009170,cnn_1d,knn_physchem_full,0.0070083956920528045
ecoli50_r001844,cnn_1d,knn_physchem_full,0.00698809306515269
ecoli50_r006784,cnn_1d,knn_physchem_full,0.006986768308724134
ecoli50_r008221,cnn_1d,knn_physchem_full,0.006937091367155368
ecoli50_r007557,cnn_1d,knn_physchem_full,0.006755326414432883
ecoli50_r001436,cnn_1d,knn_physchem_full,0.006631524365100283
ecoli50_r002288,cnn_1d,knn_physchem_full,0.006507921468479783
ecoli50_r000591,cnn_1d,knn_physchem_full,0.006474114863502134
ecoli50_r003622,cnn_1d,knn_physchem_full,0.006253104449807978
ecoli50_r006493,cnn_1d,knn_physchem_full,0.006173906231482729
ecoli50_r010129,cnn_1d,knn_physchem_full,0.00615961689073341
ecoli50_r001306,cnn_1d,knn_physchem_full,0.006087581909980155
ecoli50_r009428,cnn_1d,knn_physchem_full,0.006079038583218566
ecoli50_r009373,cnn_1d,knn_physchem_full,0.006027845226880046
ecoli50_r005097,cnn_1d,knn_physchem_full,0.0060140257892342674
ecoli50_r010996,cnn_1d,knn_physchem_full,0.006012054096133923
ecoli50_r006625,cnn_1d,knn_physchem_full,0.0059501809195285915
ecoli50_r001761,cnn_1d,knn_physchem_full,0.005771844071600807
ecoli50_r010731,cnn_1d,knn_physchem_full,0.005632911572174493
ecoli50_r007645,cnn_1d,knn_physchem_full,0.005439723877977531
ecoli50_r001987,cnn_1d,knn_physchem_full,0.005424654121951367
ecoli50_r006949,cnn_1d,knn_physchem_full,0.005260114948507422
ecoli50_r001998,cnn_1d,knn_physchem_full,0.005149601026090522
ecoli50_r001916,cnn_1d,knn_physchem_full,0.005126048637558167
ecoli50_r001109,cnn_1d,knn_physchem_full,0.005100410127106603
ecoli50_r007405,cnn_1d,knn_physchem_full,0.005074085455868627
ecoli50_r009952,cnn_1d,knn_physchem_full,0.005065713794827342
ecoli50_r004562,cnn_1d,knn_physchem_full,0.004800992103698221
ecoli50_r005470,cnn_1d,knn_physchem_full,0.004761039666136391
ecoli50_r009070,cnn_1d,knn_physchem_full,0.00458742016919933
ecoli50_r001771,cnn_1d,knn_physchem_full,0.004450224165468697
ecoli50_r003683,cnn_1d,knn_physchem_full,0.004150860979778681
ecoli50_r011087,cnn_1d,knn_physchem_full,0.004095207617301533
ecoli50_r000825,cnn_1d,knn_physchem_full,0.00404446125434843
ecoli50_r010366,cnn_1d,knn_physchem_full,0.004034930267472259
ecoli50_r004534,cnn_1d,knn_physchem_full,0.004030660233879324
ecoli50_r007953,cnn_1d,knn_physchem_full,0.003823799375666237
ecoli50_r007611,cnn_1d,knn_physchem_full,0.003505400372905587
ecoli50_r003286,cnn_1d,knn_physchem_full,0.003435926061016392
ecoli50_r000811,cnn_1d,knn_physchem_full,0.003391473995977279
ecoli50_r002983,cnn_1d,knn_physchem_full,0.003310803319905631
ecoli50_r011531,cnn_1d,knn_physchem_full,0.0028199679142280054
ecoli50_r000558,cnn_1d,knn_physchem_full,0.0028140019642335368
ecoli50_r005135,cnn_1d,knn_physchem_full,0.0027994276481675406
ecoli50_r000862,cnn_1d,knn_physchem_full,0.002736590573003461
ecoli50_r008822,cnn_1d,knn_physchem_full,0.002650257971979375
ecoli50_r005952,cnn_1d,knn_physchem_full,0.002618108514612416
ecoli50_r008182,cnn_1d,knn_physchem_full,0.0026140374906358232
ecoli50_r004795,cnn_1d,knn_physchem_full,0.002479889368322219
ecoli50_r000850,cnn_1d,knn_physchem_full,0.002441181138665982
ecoli50_r004037,cnn_1d,knn_physchem_full,0.0023734604626630684
ecoli50_r010797,cnn_1d,knn_physchem_full,0.002326916454454153
ecoli50_r001709,cnn_1d,knn_physchem_full,0.0022493221020947196
ecoli50_r007188,cnn_1d,knn_physchem_full,0.0021848820459404728
ecoli50_r008762,cnn_1d,knn_physchem_full,0.00200195079130161
ecoli50_r006384,cnn_1d,knn_physchem_full,0.0019931281476064378
ecoli50_r010031,cnn_1d,knn_physchem_full,0.0019327247269944614
ecoli50_r007424,cnn_1d,knn_physchem_full,0.0018554387181128895
ecoli50_r000921,cnn_1d,knn_physchem_full,0.0018511198527448869
ecoli50_r000717,cnn_1d,knn_physchem_full,0.0017983347069017164
ecoli50_r003508,cnn_1d,knn_physchem_full,0.0017749976200631679
ecoli50_r002042,cnn_1d,knn_physchem_full,0.0014601147851642793
ecoli50_r002121,cnn_1d,knn_physchem_full,0.0013520672197739891
ecoli50_r000189,cnn_1d,knn_physchem_full,0.0013262610854987145
ecoli50_r007830,cnn_1d,knn_physchem_full,0.0011859539714249578
ecoli50_r008819,cnn_1d,knn_physchem_full,0.0011454465504896483
ecoli50_r000606,cnn_1d,knn_physchem_full,0.0010260809988582587
ecoli50_r011530,cnn_1d,knn_physchem_full,0.0006060038001023393
ecoli50_r004099,cnn_1d,knn_physchem_full,0.0005415961465957686
ecoli50_r006001,cnn_1d,knn_physchem_full,0.0004112188475224876
ecoli50_r009659,cnn_1d,knn_physchem_full,0.0003637390953459274
ecoli50_r003037,cnn_1d,knn_physchem_full,0.00014810168023116077
ecoli50_r008446,cnn_1d,knn_physchem_full,5.6667180676317486e-05
ecoli50_r007238,cnn_1d,knn_physchem_full,2.0365230959384917e-06
ecoli50_r002814,cnn_1d,thermo_regseq2,0.6195333238239216
ecoli50_r002023,cnn_1d,thermo_regseq2,0.6082830678746083
ecoli50_r003336,cnn_1d,thermo_regseq2,0.5815159547305802
ecoli50_r007766,cnn_1d,thermo_regseq2,0.5701428646627269
ecoli50_r010045,cnn_1d,thermo_regseq2,0.5681817174837602
ecoli50_r003027,cnn_1d,thermo_regseq2,0.5434271641738864
ecoli50_r002826,cnn_1d,thermo_regseq2,0.5432681094839436
ecoli50_r009019,cnn_1d,thermo_regseq2,0.5404853436214758
ecoli50_r010288,cnn_1d,thermo_regseq2,0.5331601863158295
ecoli50_r009114,cnn_1d,thermo_regseq2,0.5206415420070356
ecoli50_r001427,cnn_1d,thermo_regseq2,0.5067800586017559
ecoli50_r004946,cnn_1d,thermo_regseq2,0.5060331739060171
ecoli50_r002202,cnn_1d,thermo_regseq2,0.49831546840441865
ecoli50_r010758,cnn_1d,thermo_regseq2,0.4967094500931233
ecoli50_r001550,cnn_1d,thermo_regseq2,0.49370263336032494
ecoli50_r003126,cnn_1d,thermo_regseq2,0.4856676043547776
ecoli50_r002707,cnn_1d,thermo_regseq2,0.47378309450099154
ecoli50_r004632,cnn_1d,thermo_regseq2,0.4729305598979119
ecoli50_r000772,cnn_1d,thermo_regseq2,0.462455397570086
ecoli50_r005164,cnn_1d,thermo_regseq2,0.45852802920710944
ecoli50_r006432,cnn_1d,thermo_regseq2,0.45320073495356805
ecoli50_r006832,cnn_1d,thermo_regseq2,0.45150043293494235
ecoli50_r002088,cnn_1d,thermo_regseq2,0.4511146104013046
ecoli50_r009296,cnn_1d,thermo_regseq2,0.4505509996455248
ecoli50_r007802,cnn_1d,thermo_regseq2,0.4486972794847013
ecoli50_r002718,cnn_1d,thermo_regseq2,0.44712104815385034
ecoli50_r007210,cnn_1d,thermo_regseq2,0.44405767457655587
ecoli50_r000730,cnn_1d,thermo_regseq2,0.4423676380862549
ecoli50_r008730,cnn_1d,thermo_regseq2,0.4416624443946291
ecoli50_r000720,cnn_1d,thermo_regseq2,0.4411502858450298
ecoli50_r000031,cnn_1d,thermo_regseq2,0.4409724265635151
ecoli50_r006749,cnn_1d,thermo_regseq2,0.4377674413383472
ecoli50_r000149,cnn_1d,thermo_regseq2,0.43661881524427404
ecoli50_r001382,cnn_1d,thermo_regseq2,0.4329693097972489
ecoli50_r001302,cnn_1d,thermo_regseq2,0.42336528457894396
ecoli50_r007907,cnn_1d,thermo_regseq2,0.422289213427816
ecoli50_r009867,cnn_1d,thermo_regseq2,0.4222101869917041
ecoli50_r007978,cnn_1d,thermo_regseq2,0.4217084365481756
ecoli50_r011429,cnn_1d,thermo_regseq2,0.421110671031808
ecoli50_r002683,cnn_1d,thermo_regseq2,0.4187548664756253
ecoli50_r008149,cnn_1d,thermo_regseq2,0.4162233663881838
ecoli50_r004554,cnn_1d,thermo_regseq2,0.4148165778869708
ecoli50_r000802,cnn_1d,thermo_regseq2,0.4134025436293709
ecoli50_r001085,cnn_1d,thermo_regseq2,0.4127445244046515
ecoli50_r005631,cnn_1d,thermo_regseq2,0.4124348508959512
ecoli50_r000903,cnn_1d,thermo_regseq2,0.41239378951699024
ecoli50_r002700,cnn_1d,thermo_regseq2,0.41057472736841083
ecoli50_r009292,cnn_1d,thermo_regseq2,0.4090313781886814
ecoli50_r003978,cnn_1d,thermo_regseq2,0.4065884502433512
ecoli50_r002803,cnn_1d,thermo_regseq2,0.4053314373477921
ecoli50_r001045,cnn_1d,thermo_regseq2,0.4049900373407822
ecoli50_r005458,cnn_1d,thermo_regseq2,0.4035353291817856
ecoli50_r005068,cnn_1d,thermo_regseq2,0.4024633473115742
ecoli50_r004363,cnn_1d,thermo_regseq2,0.4020276463543144
ecoli50_r006895,cnn_1d,thermo_regseq2,0.39844077133573874
ecoli50_r009298,cnn_1d,thermo_regseq2,0.39820931105717916
ecoli50_r005908,cnn_1d,thermo_regseq2,0.39741225058852736
ecoli50_r008614,cnn_1d,thermo_regseq2,0.3971695942729614
ecoli50_r006957,cnn_1d,thermo_regseq2,0.39545749886191484
ecoli50_r004100,cnn_1d,thermo_regseq2,0.3922334741238165
ecoli50_r001065,cnn_1d,thermo_regseq2,0.3917097358351074
ecoli50_r001533,cnn_1d,thermo_regseq2,0.39154048057996427
ecoli50_r009187,cnn_1d,thermo_regseq2,0.3910937726961867
ecoli50_r001965,cnn_1d,thermo_regseq2,0.3892879425956475
ecoli50_r003167,cnn_1d,thermo_regseq2,0.387885819093988
ecoli50_r009922,cnn_1d,thermo_regseq2,0.3871140471877317
ecoli50_r000290,cnn_1d,thermo_regseq2,0.38599883869534013
ecoli50_r001453,cnn_1d,thermo_regseq2,0.3843061649684283
ecoli50_r007420,cnn_1d,thermo_regseq2,0.38426347935301486
ecoli50_r009006,cnn_1d,thermo_regseq2,0.38379972059632506
ecoli50_r001383,cnn_1d,thermo_regseq2,0.3818430405571491
ecoli50_r007603,cnn_1d,thermo_regseq2,0.37852067243893517
ecoli50_r008416,cnn_1d,thermo_regseq2,0.3778255544579743
ecoli50_r011196,cnn_1d,thermo_regseq2,0.3764581081204419
ecoli50_r011421,cnn_1d,thermo_regseq2,0.37644916104253046
ecoli50_r003062,cnn_1d,thermo_regseq2,0.37597740589150375
ecoli50_r007910,cnn_1d,thermo_regseq2,0.3742238396875388
ecoli50_r001101,cnn_1d,thermo_regseq2,0.3732915554500771
ecoli50_r011299,cnn_1d,thermo_regseq2,0.37304614086035714
ecoli50_r005800,cnn_1d,thermo_regseq2,0.36864454889087295
ecoli50_r003648,cnn_1d,thermo_regseq2,0.367219466814966
ecoli50_r009891,cnn_1d,thermo_regseq2,0.36667604939272413
ecoli50_r007284,cnn_1d,thermo_regseq2,0.36613517564878295
ecoli50_r003573,cnn_1d,thermo_regseq2,0.3655916532406436
ecoli50_r008584,cnn_1d,thermo_regseq2,0.36330143602463316
ecoli50_r002482,cnn_1d,thermo_regseq2,0.36277962911093775
ecoli50_r007490,cnn_1d,thermo_regseq2,0.36218625858283904
ecoli50_r000972,cnn_1d,thermo_regseq2,0.3605899016529275
ecoli50_r002933,cnn_1d,thermo_regseq2,0.3593744631498712
ecoli50_r001773,cnn_1d,thermo_regseq2,0.3590841434514491
ecoli50_r002543,cnn_1d,thermo_regseq2,0.35897506501827614
ecoli50_r005419,cnn_1d,thermo_regseq2,0.3583837364329421
ecoli50_r008000,cnn_1d,thermo_regseq2,0.3577846393490356
ecoli50_r006796,cnn_1d,thermo_regseq2,0.35760383136595975
ecoli50_r000996,cnn_1d,thermo_regseq2,0.35674280790847357
ecoli50_r007333,cnn_1d,thermo_regseq2,0.35632547312817975
ecoli50_r009475,cnn_1d,thermo_regseq2,0.35620249822008265
ecoli50_r011146,cnn_1d,thermo_regseq2,0.35566759709579454
ecoli50_r002904,cnn_1d,thermo_regseq2,0.35550635627633786
ecoli50_r006744,cnn_1d,thermo_regseq2,0.35524877503266206
ecoli50_r000415,cnn_1d,thermo_regseq2,0.35443409999384157
ecoli50_r008094,cnn_1d,thermo_regseq2,0.35369181631774715
ecoli50_r003710,cnn_1d,thermo_regseq2,0.3535958933065926
ecoli50_r000386,cnn_1d,thermo_regseq2,0.3528121367786685
ecoli50_r007931,cnn_1d,thermo_regseq2,0.3527321316600034
ecoli50_r006493,cnn_1d,thermo_regseq2,0.35228327335130727
ecoli50_r004806,cnn_1d,thermo_regseq2,0.35212012146883187
ecoli50_r000567,cnn_1d,thermo_regseq2,0.34868809472887685
ecoli50_r003352,cnn_1d,thermo_regseq2,0.3481860506092245
ecoli50_r009077,cnn_1d,thermo_regseq2,0.346888958815732
ecoli50_r008991,cnn_1d,thermo_regseq2,0.3466008740447464
ecoli50_r003404,cnn_1d,thermo_regseq2,0.3460115535305004
ecoli50_r006233,cnn_1d,thermo_regseq2,0.34588972210797264
ecoli50_r010649,cnn_1d,thermo_regseq2,0.3451474290033467
ecoli50_r006929,cnn_1d,thermo_regseq2,0.3444199997190087
ecoli50_r008241,cnn_1d,thermo_regseq2,0.3440662468070801
ecoli50_r004791,cnn_1d,thermo_regseq2,0.34214681923284296
ecoli50_r007402,cnn_1d,thermo_regseq2,0.341610987735836
ecoli50_r003633,cnn_1d,thermo_regseq2,0.34158604545183513
ecoli50_r011770,cnn_1d,thermo_regseq2,0.3408397411651971
ecoli50_r011812,cnn_1d,thermo_regseq2,0.34017158773844036
ecoli50_r011396,cnn_1d,thermo_regseq2,0.339875247564569
ecoli50_r007947,cnn_1d,thermo_regseq2,0.338620867231171
ecoli50_r001588,cnn_1d,thermo_regseq2,0.3372755394013389
ecoli50_r010263,cnn_1d,thermo_regseq2,0.337082136511726
ecoli50_r000490,cnn_1d,thermo_regseq2,0.3370422473975636
ecoli50_r004864,cnn_1d,thermo_regseq2,0.33641012464762454
ecoli50_r003201,cnn_1d,thermo_regseq2,0.33552575882457125
ecoli50_r006941,cnn_1d,thermo_regseq2,0.3349768763679766
ecoli50_r003840,cnn_1d,thermo_regseq2,0.33261025043083503
ecoli50_r001688,cnn_1d,thermo_regseq2,0.33071691830584315
ecoli50_r011403,cnn_1d,thermo_regseq2,0.3302104429299306
ecoli50_r001336,cnn_1d,thermo_regseq2,0.32985215492892994
ecoli50_r003748,cnn_1d,thermo_regseq2,0.32895924540474253
ecoli50_r000690,cnn_1d,thermo_regseq2,0.32812155899705564
ecoli50_r001944,cnn_1d,thermo_regseq2,0.3259683525332018
ecoli50_r005271,cnn_1d,thermo_regseq2,0.32487600024164554
ecoli50_r006890,cnn_1d,thermo_regseq2,0.3245873113493034
ecoli50_r004393,cnn_1d,thermo_regseq2,0.32433069505822765
ecoli50_r006254,cnn_1d,thermo_regseq2,0.32367493871174435
ecoli50_r004929,cnn_1d,thermo_regseq2,0.32367261581325946
ecoli50_r004600,cnn_1d,thermo_regseq2,0.32311849760347666
ecoli50_r005537,cnn_1d,thermo_regseq2,0.3208776438966301
ecoli50_r000729,cnn_1d,thermo_regseq2,0.320005772853059
ecoli50_r000387,cnn_1d,thermo_regseq2,0.31935413335750207
ecoli50_r004792,cnn_1d,thermo_regseq2,0.31925682502336716
ecoli50_r006570,cnn_1d,thermo_regseq2,0.31874221433194405
ecoli50_r002399,cnn_1d,thermo_regseq2,0.3185679592933721
ecoli50_r003955,cnn_1d,thermo_regseq2,0.31788809985963074
ecoli50_r009615,cnn_1d,thermo_regseq2,0.3177803804970316
ecoli50_r001835,cnn_1d,thermo_regseq2,0.31648304039347197
ecoli50_r006946,cnn_1d,thermo_regseq2,0.316203119520857
ecoli50_r009828,cnn_1d,thermo_regseq2,0.31598938538900034
ecoli50_r002342,cnn_1d,thermo_regseq2,0.31585114546273907
ecoli50_r009157,cnn_1d,thermo_regseq2,0.31391176694502
ecoli50_r006860,cnn_1d,thermo_regseq2,0.3127237466974204
ecoli50_r002079,cnn_1d,thermo_regseq2,0.31159818655768845
ecoli50_r010998,cnn_1d,thermo_regseq2,0.3106040004425812
ecoli50_r000803,cnn_1d,thermo_regseq2,0.3101944171227906
ecoli50_r007677,cnn_1d,thermo_regseq2,0.3089168915966951
ecoli50_r010888,cnn_1d,thermo_regseq2,0.3088030377869515
ecoli50_r007741,cnn_1d,thermo_regseq2,0.30797848500423797
ecoli50_r009625,cnn_1d,thermo_regseq2,0.30774984443950926
ecoli50_r011123,cnn_1d,thermo_regseq2,0.3077210350120876
ecoli50_r000703,cnn_1d,thermo_regseq2,0.3073215626009067
ecoli50_r008950,cnn_1d,thermo_regseq2,0.3071920690768417
ecoli50_r006762,cnn_1d,thermo_regseq2,0.30536310005586254
ecoli50_r004539,cnn_1d,thermo_regseq2,0.3044640638561138
ecoli50_r010969,cnn_1d,thermo_regseq2,0.3043500635725733
ecoli50_r006406,cnn_1d,thermo_regseq2,0.30351830399656565
ecoli50_r002652,cnn_1d,thermo_regseq2,0.30268256904440793
ecoli50_r008830,cnn_1d,thermo_regseq2,0.3024520690674506
ecoli50_r001291,cnn_1d,thermo_regseq2,0.30224656613861267
ecoli50_r010257,cnn_1d,thermo_regseq2,0.30206600735219125
ecoli50_r000770,cnn_1d,thermo_regseq2,0.3005423772615483
ecoli50_r004697,cnn_1d,thermo_regseq2,0.30004224213520425
ecoli50_r010721,cnn_1d,thermo_regseq2,0.2989983584911702
ecoli50_r001734,cnn_1d,thermo_regseq2,0.2983934579549583
ecoli50_r003008,cnn_1d,thermo_regseq2,0.2978861708258558
ecoli50_r005476,cnn_1d,thermo_regseq2,0.2977050121358715
ecoli50_r010405,cnn_1d,thermo_regseq2,0.29768583101513
ecoli50_r008564,cnn_1d,thermo_regseq2,0.2973649361248425
ecoli50_r004452,cnn_1d,thermo_regseq2,0.29688367072661226
ecoli50_r004730,cnn_1d,thermo_regseq2,0.29635775436152567
ecoli50_r007371,cnn_1d,thermo_regseq2,0.2961885752523141
ecoli50_r010668,cnn_1d,thermo_regseq2,0.29593382748467656
ecoli50_r008178,cnn_1d,thermo_regseq2,0.2950313159572735
ecoli50_r006386,cnn_1d,thermo_regseq2,0.29480183293592477
ecoli50_r011627,cnn_1d,thermo_regseq2,0.2947328369740059
ecoli50_r000776,cnn_1d,thermo_regseq2,0.2943323063986165
ecoli50_r001862,cnn_1d,thermo_regseq2,0.2941273568644238
ecoli50_r008483,cnn_1d,thermo_regseq2,0.29378834191708947
ecoli50_r010414,cnn_1d,thermo_regseq2,0.29327915885648403
ecoli50_r009877,cnn_1d,thermo_regseq2,0.29155298054949874
ecoli50_r003610,cnn_1d,thermo_regseq2,0.29088071466821974
ecoli50_r000619,cnn_1d,thermo_regseq2,0.29033077117963213
ecoli50_r010867,cnn_1d,thermo_regseq2,0.29017451915054204
ecoli50_r004561,cnn_1d,thermo_regseq2,0.2899609400860532
ecoli50_r007271,cnn_1d,thermo_regseq2,0.2892598535545152
ecoli50_r007757,cnn_1d,thermo_regseq2,0.2881314242579478
ecoli50_r007006,cnn_1d,thermo_regseq2,0.2880806979619859
ecoli50_r007316,cnn_1d,thermo_regseq2,0.2873257926627648
ecoli50_r005906,cnn_1d,thermo_regseq2,0.28710764997440164
ecoli50_r007891,cnn_1d,thermo_regseq2,0.28703990304891946
ecoli50_r010076,cnn_1d,thermo_regseq2,0.2863413950045901
ecoli50_r001363,cnn_1d,thermo_regseq2,0.28607863695233826
ecoli50_r009417,cnn_1d,thermo_regseq2,0.2851360878590494
ecoli50_r000030,cnn_1d,thermo_regseq2,0.2841437911373368
ecoli50_r011335,cnn_1d,thermo_regseq2,0.283629852329055
ecoli50_r011193,cnn_1d,thermo_regseq2,0.28342605861936354
ecoli50_r011620,cnn_1d,thermo_regseq2,0.28337407177226503
ecoli50_r009425,cnn_1d,thermo_regseq2,0.2832087088689441
ecoli50_r008692,cnn_1d,thermo_regseq2,0.282925927142728
ecoli50_r005181,cnn_1d,thermo_regseq2,0.2823590571348107
ecoli50_r010349,cnn_1d,thermo_regseq2,0.2821755365631442
ecoli50_r007467,cnn_1d,thermo_regseq2,0.2821607263855599
ecoli50_r007684,cnn_1d,thermo_regseq2,0.2821014139631868
ecoli50_r010899,cnn_1d,thermo_regseq2,0.2819169087404845
ecoli50_r008280,cnn_1d,thermo_regseq2,0.28190283638623304
ecoli50_r006343,cnn_1d,thermo_regseq2,0.28105307156339077
ecoli50_r004699,cnn_1d,thermo_regseq2,0.2810465256988084
ecoli50_r008078,cnn_1d,thermo_regseq2,0.2807493265348846
ecoli50_r005420,cnn_1d,thermo_regseq2,0.28048830502757127
ecoli50_r007987,cnn_1d,thermo_regseq2,0.2796712773341299
ecoli50_r008123,cnn_1d,thermo_regseq2,0.2788289072642387
ecoli50_r011045,cnn_1d,thermo_regseq2,0.278785863884194
ecoli50_r009694,cnn_1d,thermo_regseq2,0.2780672255803749
ecoli50_r009547,cnn_1d,thermo_regseq2,0.2776518547735227
ecoli50_r005684,cnn_1d,thermo_regseq2,0.27727563856519577
ecoli50_r009100,cnn_1d,thermo_regseq2,0.27612828350430885
ecoli50_r010984,cnn_1d,thermo_regseq2,0.27582032569591863
ecoli50_r008061,cnn_1d,thermo_regseq2,0.27574561236243067
ecoli50_r002033,cnn_1d,thermo_regseq2,0.27528864314233914
ecoli50_r003591,cnn_1d,thermo_regseq2,0.27477958454273077
ecoli50_r004299,cnn_1d,thermo_regseq2,0.27451899113086364
ecoli50_r011633,cnn_1d,thermo_regseq2,0.2744013923814572
ecoli50_r006281,cnn_1d,thermo_regseq2,0.27405415950499856
ecoli50_r001622,cnn_1d,thermo_regseq2,0.2730541848988879
ecoli50_r004523,cnn_1d,thermo_regseq2,0.27149470653475527
ecoli50_r006550,cnn_1d,thermo_regseq2,0.271427476473852
ecoli50_r006149,cnn_1d,thermo_regseq2,0.27131997553399545
ecoli50_r005490,cnn_1d,thermo_regseq2,0.2707822252751231
ecoli50_r000659,cnn_1d,thermo_regseq2,0.26981052006721695
ecoli50_r010346,cnn_1d,thermo_regseq2,0.2696199197619751
ecoli50_r000506,cnn_1d,thermo_regseq2,0.2695941969039133
ecoli50_r001696,cnn_1d,thermo_regseq2,0.26955410191297746
ecoli50_r007955,cnn_1d,thermo_regseq2,0.2680747458155617
ecoli50_r006684,cnn_1d,thermo_regseq2,0.26784500410846457
ecoli50_r004413,cnn_1d,thermo_regseq2,0.26777402791229354
ecoli50_r007185,cnn_1d,thermo_regseq2,0.2669802779347381
ecoli50_r003335,cnn_1d,thermo_regseq2,0.266791891179448
ecoli50_r011357,cnn_1d,thermo_regseq2,0.26672843572545757
ecoli50_r011671,cnn_1d,thermo_regseq2,0.2663066584904801
ecoli50_r000721,cnn_1d,thermo_regseq2,0.2662340231526006
ecoli50_r011276,cnn_1d,thermo_regseq2,0.2660681299693257
ecoli50_r003110,cnn_1d,thermo_regseq2,0.26580084417709493
ecoli50_r010318,cnn_1d,thermo_regseq2,0.2657772745288485
ecoli50_r001976,cnn_1d,thermo_regseq2,0.26525006973812415
ecoli50_r010021,cnn_1d,thermo_regseq2,0.2644048048639025
ecoli50_r002361,cnn_1d,thermo_regseq2,0.2641881942913047
ecoli50_r007589,cnn_1d,thermo_regseq2,0.2641729161548785
ecoli50_r009228,cnn_1d,thermo_regseq2,0.26381765212152075
ecoli50_r001814,cnn_1d,thermo_regseq2,0.26367238439628293
ecoli50_r009907,cnn_1d,thermo_regseq2,0.26341489971694143
ecoli50_r011318,cnn_1d,thermo_regseq2,0.26318220171787754
ecoli50_r000974,cnn_1d,thermo_regseq2,0.262726235884406
ecoli50_r008245,cnn_1d,thermo_regseq2,0.26263709223956866
ecoli50_r000507,cnn_1d,thermo_regseq2,0.2624974057443801
ecoli50_r000993,cnn_1d,thermo_regseq2,0.26213566206016403
ecoli50_r000724,cnn_1d,thermo_regseq2,0.2617591962636243
ecoli50_r009550,cnn_1d,thermo_regseq2,0.26162641987916624
ecoli50_r003656,cnn_1d,thermo_regseq2,0.26144089959202477
ecoli50_r011520,cnn_1d,thermo_regseq2,0.26131281179893895
ecoli50_r010366,cnn_1d,thermo_regseq2,0.26127707079610385
ecoli50_r000446,cnn_1d,thermo_regseq2,0.260529014831977
ecoli50_r001281,cnn_1d,thermo_regseq2,0.26016333654088175
ecoli50_r008200,cnn_1d,thermo_regseq2,0.2599423230981328
ecoli50_r008740,cnn_1d,thermo_regseq2,0.2597830213607133
ecoli50_r006450,cnn_1d,thermo_regseq2,0.2592365008211406
ecoli50_r009055,cnn_1d,thermo_regseq2,0.25905731007837307
ecoli50_r002817,cnn_1d,thermo_regseq2,0.25905217423815063
ecoli50_r011642,cnn_1d,thermo_regseq2,0.2589750987016832
ecoli50_r001494,cnn_1d,thermo_regseq2,0.25870279170358446
ecoli50_r002302,cnn_1d,thermo_regseq2,0.25864260885529955
ecoli50_r007101,cnn_1d,thermo_regseq2,0.2585624796177759
ecoli50_r004060,cnn_1d,thermo_regseq2,0.25855086912744785
ecoli50_r004204,cnn_1d,thermo_regseq2,0.257708906954659
ecoli50_r005671,cnn_1d,thermo_regseq2,0.2573462234827004
ecoli50_r008383,cnn_1d,thermo_regseq2,0.25712198550617815
ecoli50_r002281,cnn_1d,thermo_regseq2,0.2570030920060191
ecoli50_r005878,cnn_1d,thermo_regseq2,0.2569887964299551
ecoli50_r011788,cnn_1d,thermo_regseq2,0.25640120077899287
ecoli50_r007572,cnn_1d,thermo_regseq2,0.2561810687028516
ecoli50_r010058,cnn_1d,thermo_regseq2,0.2557671299663502
ecoli50_r000989,cnn_1d,thermo_regseq2,0.2555889931711288
ecoli50_r002360,cnn_1d,thermo_regseq2,0.2555087539760761
ecoli50_r006148,cnn_1d,thermo_regseq2,0.2552638292096807
ecoli50_r001213,cnn_1d,thermo_regseq2,0.254274138277252
ecoli50_r000175,cnn_1d,thermo_regseq2,0.25333970005940865
ecoli50_r011228,cnn_1d,thermo_regseq2,0.2527757964448982
ecoli50_r005369,cnn_1d,thermo_regseq2,0.2523559449936257
ecoli50_r005093,cnn_1d,thermo_regseq2,0.2520749099377184
ecoli50_r004973,cnn_1d,thermo_regseq2,0.25177071727431644
ecoli50_r011502,cnn_1d,thermo_regseq2,0.2508779213118175
ecoli50_r001915,cnn_1d,thermo_regseq2,0.2505775081253456
ecoli50_r002226,cnn_1d,thermo_regseq2,0.2504529529144133
ecoli50_r003306,cnn_1d,thermo_regseq2,0.2503709859438499
ecoli50_r004905,cnn_1d,thermo_regseq2,0.24853138184085566
ecoli50_r005625,cnn_1d,thermo_regseq2,0.2484829294315456
ecoli50_r009111,cnn_1d,thermo_regseq2,0.24836370080940218
ecoli50_r009751,cnn_1d,thermo_regseq2,0.2482572069871507
ecoli50_r000042,cnn_1d,thermo_regseq2,0.2482427175698505
ecoli50_r004084,cnn_1d,thermo_regseq2,0.2480867578193373
ecoli50_r005644,cnn_1d,thermo_regseq2,0.24808340662211714
ecoli50_r004928,cnn_1d,thermo_regseq2,0.24728193113928
ecoli50_r004939,cnn_1d,thermo_regseq2,0.24664623665030705
ecoli50_r008284,cnn_1d,thermo_regseq2,0.24577138068724036
ecoli50_r004783,cnn_1d,thermo_regseq2,0.24569957332652193
ecoli50_r009260,cnn_1d,thermo_regseq2,0.24463699699640973
ecoli50_r001329,cnn_1d,thermo_regseq2,0.2446271490436387
ecoli50_r000563,cnn_1d,thermo_regseq2,0.24433485819604828
ecoli50_r005969,cnn_1d,thermo_regseq2,0.24394383127741204
ecoli50_r009448,cnn_1d,thermo_regseq2,0.24365455297987326
ecoli50_r001080,cnn_1d,thermo_regseq2,0.24292837720567872
ecoli50_r002121,cnn_1d,thermo_regseq2,0.24269692092913164
ecoli50_r002709,cnn_1d,thermo_regseq2,0.24264193183526261
ecoli50_r007820,cnn_1d,thermo_regseq2,0.2416639227345554
ecoli50_r004984,cnn_1d,thermo_regseq2,0.24134506881643425
ecoli50_r009372,cnn_1d,thermo_regseq2,0.24120193888518227
ecoli50_r008134,cnn_1d,thermo_regseq2,0.24080532133238552
ecoli50_r007641,cnn_1d,thermo_regseq2,0.24068070971317423
ecoli50_r004137,cnn_1d,thermo_regseq2,0.2405506468528933
ecoli50_r003449,cnn_1d,thermo_regseq2,0.24054010112495305
ecoli50_r008724,cnn_1d,thermo_regseq2,0.2405310611052669
ecoli50_r010470,cnn_1d,thermo_regseq2,0.24028610993985833
ecoli50_r006575,cnn_1d,thermo_regseq2,0.240273537961881
ecoli50_r004804,cnn_1d,thermo_regseq2,0.24025852880136345
ecoli50_r004371,cnn_1d,thermo_regseq2,0.23889114043059356
ecoli50_r010619,cnn_1d,thermo_regseq2,0.23853919193037942
ecoli50_r005346,cnn_1d,thermo_regseq2,0.23843995687347963
ecoli50_r005587,cnn_1d,thermo_regseq2,0.23829889470685028
ecoli50_r009028,cnn_1d,thermo_regseq2,0.23795953095955902
ecoli50_r002348,cnn_1d,thermo_regseq2,0.23729783841617413
ecoli50_r007053,cnn_1d,thermo_regseq2,0.23709614076665142
ecoli50_r006793,cnn_1d,thermo_regseq2,0.23610497456554302
ecoli50_r006106,cnn_1d,thermo_regseq2,0.2360414023004882
ecoli50_r004621,cnn_1d,thermo_regseq2,0.23596307707003783
ecoli50_r005020,cnn_1d,thermo_regseq2,0.2357950446268806
ecoli50_r007962,cnn_1d,thermo_regseq2,0.23498528991516787
ecoli50_r011804,cnn_1d,thermo_regseq2,0.23496677029812263
ecoli50_r007685,cnn_1d,thermo_regseq2,0.23393338979458944
ecoli50_r007812,cnn_1d,thermo_regseq2,0.23392096037310584
ecoli50_r009261,cnn_1d,thermo_regseq2,0.23350294030031327
ecoli50_r008380,cnn_1d,thermo_regseq2,0.2332895111657629
ecoli50_r004101,cnn_1d,thermo_regseq2,0.2330745807753929
ecoli50_r010305,cnn_1d,thermo_regseq2,0.23291664440556525
ecoli50_r010243,cnn_1d,thermo_regseq2,0.2323796908375524
ecoli50_r007883,cnn_1d,thermo_regseq2,0.23210216270524775
ecoli50_r002145,cnn_1d,thermo_regseq2,0.23178136709880537
ecoli50_r003161,cnn_1d,thermo_regseq2,0.2315474481913129
ecoli50_r004258,cnn_1d,thermo_regseq2,0.2304785039247439
ecoli50_r001135,cnn_1d,thermo_regseq2,0.23000880664000656
ecoli50_r000487,cnn_1d,thermo_regseq2,0.22987137769247035
ecoli50_r010287,cnn_1d,thermo_regseq2,0.22931980933226304
ecoli50_r002198,cnn_1d,thermo_regseq2,0.22881564924829778
ecoli50_r000649,cnn_1d,thermo_regseq2,0.22855198191493287
ecoli50_r000737,cnn_1d,thermo_regseq2,0.22843534515778918
ecoli50_r002398,cnn_1d,thermo_regseq2,0.22839099957832198
ecoli50_r006919,cnn_1d,thermo_regseq2,0.2283649870276343
ecoli50_r007592,cnn_1d,thermo_regseq2,0.2276924967301288
ecoli50_r011376,cnn_1d,thermo_regseq2,0.22763462431786774
ecoli50_r001158,cnn_1d,thermo_regseq2,0.22758134815322695
ecoli50_r007969,cnn_1d,thermo_regseq2,0.22754394953741564
ecoli50_r007395,cnn_1d,thermo_regseq2,0.22737505555890314
ecoli50_r001579,cnn_1d,thermo_regseq2,0.22715578529592495
ecoli50_r009769,cnn_1d,thermo_regseq2,0.2269484034273006
ecoli50_r008474,cnn_1d,thermo_regseq2,0.22661981404386156
ecoli50_r008197,cnn_1d,thermo_regseq2,0.2265685201196561
ecoli50_r003036,cnn_1d,thermo_regseq2,0.2264845444951371
ecoli50_r000501,cnn_1d,thermo_regseq2,0.2261676434093829
ecoli50_r002924,cnn_1d,thermo_regseq2,0.22604063983992795
ecoli50_r003709,cnn_1d,thermo_regseq2,0.2259621336641997
ecoli50_r005244,cnn_1d,thermo_regseq2,0.22572089000493012
ecoli50_r008793,cnn_1d,thermo_regseq2,0.2256315495131771
ecoli50_r002815,cnn_1d,thermo_regseq2,0.22508187731435414
ecoli50_r000673,cnn_1d,thermo_regseq2,0.22464540393278343
ecoli50_r010154,cnn_1d,thermo_regseq2,0.22454891856875747
ecoli50_r009781,cnn_1d,thermo_regseq2,0.22413675835258395
ecoli50_r003373,cnn_1d,thermo_regseq2,0.22386898792571586
ecoli50_r009053,cnn_1d,thermo_regseq2,0.22372538506078143
ecoli50_r010650,cnn_1d,thermo_regseq2,0.22307304232044478
ecoli50_r010924,cnn_1d,thermo_regseq2,0.2229656677974381
ecoli50_r009561,cnn_1d,thermo_regseq2,0.2229587805333817
ecoli50_r003339,cnn_1d,thermo_regseq2,0.22291599924240657
ecoli50_r003203,cnn_1d,thermo_regseq2,0.22283970841863443
ecoli50_r010131,cnn_1d,thermo_regseq2,0.22272803218958437
ecoli50_r000155,cnn_1d,thermo_regseq2,0.22260818635239055
ecoli50_r009812,cnn_1d,thermo_regseq2,0.22253814776290382
ecoli50_r011489,cnn_1d,thermo_regseq2,0.22242305523338013
ecoli50_r006330,cnn_1d,thermo_regseq2,0.22225308725598536
ecoli50_r007657,cnn_1d,thermo_regseq2,0.22215324642248246
ecoli50_r005292,cnn_1d,thermo_regseq2,0.22213638439826333
ecoli50_r002403,cnn_1d,thermo_regseq2,0.22202590815401235
ecoli50_r009909,cnn_1d,thermo_regseq2,0.22196948821464213
ecoli50_r001308,cnn_1d,thermo_regseq2,0.22195130320230527
ecoli50_r008762,cnn_1d,thermo_regseq2,0.22173727360995432
ecoli50_r010207,cnn_1d,thermo_regseq2,0.22165517564107473
ecoli50_r002658,cnn_1d,thermo_regseq2,0.22150187299601853
ecoli50_r003208,cnn_1d,thermo_regseq2,0.22129542403716185
ecoli50_r011233,cnn_1d,thermo_regseq2,0.22122822187989222
ecoli50_r008782,cnn_1d,thermo_regseq2,0.22048234124473964
ecoli50_r007196,cnn_1d,thermo_regseq2,0.22040515524530768
ecoli50_r002859,cnn_1d,thermo_regseq2,0.22011563553551916
ecoli50_r000717,cnn_1d,thermo_regseq2,0.21959268465565485
ecoli50_r011016,cnn_1d,thermo_regseq2,0.21953419419113906
ecoli50_r005807,cnn_1d,thermo_regseq2,0.21948698028649716
ecoli50_r003862,cnn_1d,thermo_regseq2,0.21933646360046843
ecoli50_r003728,cnn_1d,thermo_regseq2,0.2188878821680298
ecoli50_r005740,cnn_1d,thermo_regseq2,0.21884594827031334
ecoli50_r002173,cnn_1d,thermo_regseq2,0.21852714086220315
ecoli50_r004166,cnn_1d,thermo_regseq2,0.21818963485350507
ecoli50_r002692,cnn_1d,thermo_regseq2,0.21720755563567895
ecoli50_r000656,cnn_1d,thermo_regseq2,0.21718415936521174
ecoli50_r006505,cnn_1d,thermo_regseq2,0.2170434814346116
ecoli50_r008996,cnn_1d,thermo_regseq2,0.21702935587206396
ecoli50_r009566,cnn_1d,thermo_regseq2,0.21702338198384563
ecoli50_r010927,cnn_1d,thermo_regseq2,0.21690572180966194
ecoli50_r011358,cnn_1d,thermo_regseq2,0.2168289897394473
ecoli50_r003735,cnn_1d,thermo_regseq2,0.21668049614045914
ecoli50_r004305,cnn_1d,thermo_regseq2,0.2163819371931024
ecoli50_r008312,cnn_1d,thermo_regseq2,0.21588465742074225
ecoli50_r006195,cnn_1d,thermo_regseq2,0.21505447248533427
ecoli50_r004066,cnn_1d,thermo_regseq2,0.21443540537993755
ecoli50_r005917,cnn_1d,thermo_regseq2,0.2142992631313403
ecoli50_r000572,cnn_1d,thermo_regseq2,0.21381757256981881
ecoli50_r009463,cnn_1d,thermo_regseq2,0.21357267094053878
ecoli50_r004965,cnn_1d,thermo_regseq2,0.2135583472147613
ecoli50_r008736,cnn_1d,thermo_regseq2,0.21347317464859827
ecoli50_r007019,cnn_1d,thermo_regseq2,0.21289272633781797
ecoli50_r003013,cnn_1d,thermo_regseq2,0.2126473401166229
ecoli50_r000610,cnn_1d,thermo_regseq2,0.21179737636162121
ecoli50_r002172,cnn_1d,thermo_regseq2,0.211403547083997
ecoli50_r006123,cnn_1d,thermo_regseq2,0.21134342187774235
ecoli50_r005999,cnn_1d,thermo_regseq2,0.2113259871432125
ecoli50_r000546,cnn_1d,thermo_regseq2,0.2109369436308981
ecoli50_r007313,cnn_1d,thermo_regseq2,0.21058354198581153
ecoli50_r002319,cnn_1d,thermo_regseq2,0.21044263667258445
ecoli50_r001600,cnn_1d,thermo_regseq2,0.21043114138620256
ecoli50_r006388,cnn_1d,thermo_regseq2,0.21021621692672854
ecoli50_r010698,cnn_1d,thermo_regseq2,0.20980867548651716
ecoli50_r005637,cnn_1d,thermo_regseq2,0.20913195031617882
ecoli50_r003897,cnn_1d,thermo_regseq2,0.20912014590698202
ecoli50_r002111,cnn_1d,thermo_regseq2,0.20819282036043152
ecoli50_r005347,cnn_1d,thermo_regseq2,0.20813753949155123
ecoli50_r011339,cnn_1d,thermo_regseq2,0.20741632396920595
ecoli50_r005767,cnn_1d,thermo_regseq2,0.20712591427496774
ecoli50_r008339,cnn_1d,thermo_regseq2,0.206794414327915
ecoli50_r004587,cnn_1d,thermo_regseq2,0.20652716350688882
ecoli50_r005297,cnn_1d,thermo_regseq2,0.20650842024377947
ecoli50_r009299,cnn_1d,thermo_regseq2,0.20616029417807002
ecoli50_r000853,cnn_1d,thermo_regseq2,0.20599995427717444
ecoli50_r002997,cnn_1d,thermo_regseq2,0.20574016444088183
ecoli50_r001284,cnn_1d,thermo_regseq2,0.20568066436704457
ecoli50_r001858,cnn_1d,thermo_regseq2,0.2054608736814325
ecoli50_r010332,cnn_1d,thermo_regseq2,0.20506273707540057
ecoli50_r003184,cnn_1d,thermo_regseq2,0.2049848116461619
ecoli50_r011863,cnn_1d,thermo_regseq2,0.20481937668622896
ecoli50_r010204,cnn_1d,thermo_regseq2,0.2045588257762554
ecoli50_r009216,cnn_1d,thermo_regseq2,0.20455674729649775
ecoli50_r003547,cnn_1d,thermo_regseq2,0.20449496522634814
ecoli50_r001160,cnn_1d,thermo_regseq2,0.2043428339323219
ecoli50_r004011,cnn_1d,thermo_regseq2,0.20351430441764684
ecoli50_r011841,cnn_1d,thermo_regseq2,0.20317669855813758
ecoli50_r003346,cnn_1d,thermo_regseq2,0.20313303073766686
ecoli50_r005092,cnn_1d,thermo_regseq2,0.20309759063776678
ecoli50_r000678,cnn_1d,thermo_regseq2,0.2028769760868423
ecoli50_r011785,cnn_1d,thermo_regseq2,0.2025359557779054
ecoli50_r006423,cnn_1d,thermo_regseq2,0.20244631142995706
ecoli50_r001785,cnn_1d,thermo_regseq2,0.20232861834207516
ecoli50_r001557,cnn_1d,thermo_regseq2,0.20228437155853385
ecoli50_r001000,cnn_1d,thermo_regseq2,0.20216771789145982
ecoli50_r005354,cnn_1d,thermo_regseq2,0.20213177888069223
ecoli50_r000146,cnn_1d,thermo_regseq2,0.201921061931027
ecoli50_r002663,cnn_1d,thermo_regseq2,0.20179114947968957
ecoli50_r003288,cnn_1d,thermo_regseq2,0.20166724445097772
ecoli50_r000854,cnn_1d,thermo_regseq2,0.20156809831559297
ecoli50_r002278,cnn_1d,thermo_regseq2,0.2012612703591019
ecoli50_r001359,cnn_1d,thermo_regseq2,0.20094118320146404
ecoli50_r006118,cnn_1d,thermo_regseq2,0.2008540038985922
ecoli50_r002673,cnn_1d,thermo_regseq2,0.20064124654503068
ecoli50_r003683,cnn_1d,thermo_regseq2,0.19982431859627647
ecoli50_r008733,cnn_1d,thermo_regseq2,0.19954257242049778
ecoli50_r001610,cnn_1d,thermo_regseq2,0.19894844255030675
ecoli50_r006803,cnn_1d,thermo_regseq2,0.1988263114144928
ecoli50_r008440,cnn_1d,thermo_regseq2,0.198197265050716
ecoli50_r009792,cnn_1d,thermo_regseq2,0.19800489995537784
ecoli50_r002332,cnn_1d,thermo_regseq2,0.19755911972978923
ecoli50_r003971,cnn_1d,thermo_regseq2,0.19746737282476934
ecoli50_r005517,cnn_1d,thermo_regseq2,0.1973071056386937
ecoli50_r010790,cnn_1d,thermo_regseq2,0.19670350565807815
ecoli50_r005135,cnn_1d,thermo_regseq2,0.19659684435134928
ecoli50_r000629,cnn_1d,thermo_regseq2,0.19640165223213302
ecoli50_r009708,cnn_1d,thermo_regseq2,0.19637650010427699
ecoli50_r009642,cnn_1d,thermo_regseq2,0.19636019086946854
ecoli50_r011220,cnn_1d,thermo_regseq2,0.19603345077593293
ecoli50_r002861,cnn_1d,thermo_regseq2,0.1959596975541693
ecoli50_r009467,cnn_1d,thermo_regseq2,0.19589847313386777
ecoli50_r007241,cnn_1d,thermo_regseq2,0.19538360242172503
ecoli50_r011557,cnn_1d,thermo_regseq2,0.19535832487741933
ecoli50_r000631,cnn_1d,thermo_regseq2,0.19497590826081712
ecoli50_r010574,cnn_1d,thermo_regseq2,0.19490192708554321
ecoli50_r008168,cnn_1d,thermo_regseq2,0.1946279995307756
ecoli50_r003040,cnn_1d,thermo_regseq2,0.1941459146493596
ecoli50_r000262,cnn_1d,thermo_regseq2,0.19384414939943673
ecoli50_r002625,cnn_1d,thermo_regseq2,0.19382923583906564
ecoli50_r003187,cnn_1d,thermo_regseq2,0.19355251030892706
ecoli50_r003917,cnn_1d,thermo_regseq2,0.19349430510296806
ecoli50_r004035,cnn_1d,thermo_regseq2,0.19337828425925085
ecoli50_r008795,cnn_1d,thermo_regseq2,0.1932656851121748
ecoli50_r001889,cnn_1d,thermo_regseq2,0.1932645675489555
ecoli50_r000072,cnn_1d,thermo_regseq2,0.19269131978638132
ecoli50_r003399,cnn_1d,thermo_regseq2,0.19262024395967803
ecoli50_r011025,cnn_1d,thermo_regseq2,0.19246573179247095
ecoli50_r004430,cnn_1d,thermo_regseq2,0.1924382234195079
ecoli50_r005414,cnn_1d,thermo_regseq2,0.19199584098172107
ecoli50_r003564,cnn_1d,thermo_regseq2,0.19194982811616645
ecoli50_r009611,cnn_1d,thermo_regseq2,0.19168022018058473
ecoli50_r003473,cnn_1d,thermo_regseq2,0.19143637677084824
ecoli50_r009335,cnn_1d,thermo_regseq2,0.1912765816309463
ecoli50_r008989,cnn_1d,thermo_regseq2,0.1910057253560744
ecoli50_r007557,cnn_1d,thermo_regseq2,0.19031915986235282
ecoli50_r011121,cnn_1d,thermo_regseq2,0.18999549954691242
ecoli50_r011417,cnn_1d,thermo_regseq2,0.18980497568299493
ecoli50_r003669,cnn_1d,thermo_regseq2,0.18971933836448018
ecoli50_r000190,cnn_1d,thermo_regseq2,0.18952132678372768
ecoli50_r000558,cnn_1d,thermo_regseq2,0.1894016529867253
ecoli50_r007148,cnn_1d,thermo_regseq2,0.1892501315465429
ecoli50_r004772,cnn_1d,thermo_regseq2,0.18917066326249454
ecoli50_r011027,cnn_1d,thermo_regseq2,0.1889771745050366
ecoli50_r009201,cnn_1d,thermo_regseq2,0.18884299368295343
ecoli50_r000014,cnn_1d,thermo_regseq2,0.18845384415494992
ecoli50_r003083,cnn_1d,thermo_regseq2,0.18843362052218104
ecoli50_r004176,cnn_1d,thermo_regseq2,0.18807941068698364
ecoli50_r003816,cnn_1d,thermo_regseq2,0.1877398943544022
ecoli50_r011172,cnn_1d,thermo_regseq2,0.18761790848332893
ecoli50_r001290,cnn_1d,thermo_regseq2,0.18708515739508158
ecoli50_r000068,cnn_1d,thermo_regseq2,0.18654217330029566
ecoli50_r006364,cnn_1d,thermo_regseq2,0.18638983458115232
ecoli50_r007643,cnn_1d,thermo_regseq2,0.1861094980600937
ecoli50_r011384,cnn_1d,thermo_regseq2,0.18537264728249925
ecoli50_r008747,cnn_1d,thermo_regseq2,0.185347641799122
ecoli50_r004016,cnn_1d,thermo_regseq2,0.18489979635884035
ecoli50_r007819,cnn_1d,thermo_regseq2,0.18475994249863348
ecoli50_r004122,cnn_1d,thermo_regseq2,0.18459631160561152
ecoli50_r007935,cnn_1d,thermo_regseq2,0.18441886132641505
ecoli50_r008459,cnn_1d,thermo_regseq2,0.1839659285924884
ecoli50_r000846,cnn_1d,thermo_regseq2,0.18392236784822424
ecoli50_r003349,cnn_1d,thermo_regseq2,0.18387175856756732
ecoli50_r006511,cnn_1d,thermo_regseq2,0.18372837962938693
ecoli50_r001064,cnn_1d,thermo_regseq2,0.1825396339040828
ecoli50_r010709,cnn_1d,thermo_regseq2,0.18209000945301446
ecoli50_r011069,cnn_1d,thermo_regseq2,0.18181815103951182
ecoli50_r008906,cnn_1d,thermo_regseq2,0.1818021313385758
ecoli50_r006434,cnn_1d,thermo_regseq2,0.18163860574523039
ecoli50_r003827,cnn_1d,thermo_regseq2,0.18133758781148535
ecoli50_r006280,cnn_1d,thermo_regseq2,0.1809881662064594
ecoli50_r002061,cnn_1d,thermo_regseq2,0.18091018894411892
ecoli50_r005641,cnn_1d,thermo_regseq2,0.1806755106418061
ecoli50_r011298,cnn_1d,thermo_regseq2,0.18014416539350897
ecoli50_r011630,cnn_1d,thermo_regseq2,0.18008122860542164
ecoli50_r003578,cnn_1d,thermo_regseq2,0.17996590607806828
ecoli50_r006462,cnn_1d,thermo_regseq2,0.1794602022334817
ecoli50_r000553,cnn_1d,thermo_regseq2,0.17934379594640415
ecoli50_r008561,cnn_1d,thermo_regseq2,0.1790497272121092
ecoli50_r006999,cnn_1d,thermo_regseq2,0.17896555216165044
ecoli50_r003103,cnn_1d,thermo_regseq2,0.17882882319292692
ecoli50_r001948,cnn_1d,thermo_regseq2,0.17856372475951066
ecoli50_r007051,cnn_1d,thermo_regseq2,0.17752396581763819
ecoli50_r009883,cnn_1d,thermo_regseq2,0.1774532824118138
ecoli50_r004793,cnn_1d,thermo_regseq2,0.17719346007824344
ecoli50_r008401,cnn_1d,thermo_regseq2,0.17686231946562359
ecoli50_r005666,cnn_1d,thermo_regseq2,0.1767745759469186
ecoli50_r010996,cnn_1d,thermo_regseq2,0.1764560437203424
ecoli50_r009422,cnn_1d,thermo_regseq2,0.1764444684037727
ecoli50_r000557,cnn_1d,thermo_regseq2,0.1764144446622251
ecoli50_r002288,cnn_1d,thermo_regseq2,0.1763284970305734
ecoli50_r000987,cnn_1d,thermo_regseq2,0.17618737778505578
ecoli50_r001416,cnn_1d,thermo_regseq2,0.17607388127029022
ecoli50_r003061,cnn_1d,thermo_regseq2,0.17539651909524911
ecoli50_r007406,cnn_1d,thermo_regseq2,0.17537519622439923
ecoli50_r005676,cnn_1d,thermo_regseq2,0.17511278701433586
ecoli50_r010361,cnn_1d,thermo_regseq2,0.174948206294409
ecoli50_r001252,cnn_1d,thermo_regseq2,0.1740774584669591
ecoli50_r006369,cnn_1d,thermo_regseq2,0.17403274858551354
ecoli50_r010265,cnn_1d,thermo_regseq2,0.17401412899603597
ecoli50_r000946,cnn_1d,thermo_regseq2,0.17392010081611486
ecoli50_r008349,cnn_1d,thermo_regseq2,0.17373052542461842
ecoli50_r005235,cnn_1d,thermo_regseq2,0.17369809864535224
ecoli50_r002462,cnn_1d,thermo_regseq2,0.17353868173161224
ecoli50_r011751,cnn_1d,thermo_regseq2,0.1733217856670306
ecoli50_r008093,cnn_1d,thermo_regseq2,0.17326308093458787
ecoli50_r004162,cnn_1d,thermo_regseq2,0.17307809311195888
ecoli50_r011498,cnn_1d,thermo_regseq2,0.1729520420659596
ecoli50_r004140,cnn_1d,thermo_regseq2,0.17276136273650344
ecoli50_r009373,cnn_1d,thermo_regseq2,0.1727401368239998
ecoli50_r006167,cnn_1d,thermo_regseq2,0.17188905242744834
ecoli50_r006797,cnn_1d,thermo_regseq2,0.17184141102977302
ecoli50_r004090,cnn_1d,thermo_regseq2,0.1717135255437383
ecoli50_r000517,cnn_1d,thermo_regseq2,0.1715980837368507
ecoli50_r007909,cnn_1d,thermo_regseq2,0.17150875183400016
ecoli50_r001523,cnn_1d,thermo_regseq2,0.17132302384250186
ecoli50_r006900,cnn_1d,thermo_regseq2,0.17124997758704819
ecoli50_r007924,cnn_1d,thermo_regseq2,0.1712230446047882
ecoli50_r000454,cnn_1d,thermo_regseq2,0.17082179853716495
ecoli50_r009788,cnn_1d,thermo_regseq2,0.17071764606704454
ecoli50_r002527,cnn_1d,thermo_regseq2,0.17069747404204794
ecoli50_r008049,cnn_1d,thermo_regseq2,0.17033555397181965
ecoli50_r002192,cnn_1d,thermo_regseq2,0.16990153697971921
ecoli50_r008167,cnn_1d,thermo_regseq2,0.16970180052617057
ecoli50_r007286,cnn_1d,thermo_regseq2,0.1693491367338189
ecoli50_r007814,cnn_1d,thermo_regseq2,0.1691384524998818
ecoli50_r003531,cnn_1d,thermo_regseq2,0.16873914638887344
ecoli50_r001690,cnn_1d,thermo_regseq2,0.16871096867317137
ecoli50_r002564,cnn_1d,thermo_regseq2,0.16836278641208713
ecoli50_r005356,cnn_1d,thermo_regseq2,0.16821867085255704
ecoli50_r003665,cnn_1d,thermo_regseq2,0.1680483307686278
ecoli50_r007784,cnn_1d,thermo_regseq2,0.16803629542747478
ecoli50_r009976,cnn_1d,thermo_regseq2,0.16783874984730973
ecoli50_r009952,cnn_1d,thermo_regseq2,0.16779495341813133
ecoli50_r006989,cnn_1d,thermo_regseq2,0.1675887483862457
ecoli50_r004170,cnn_1d,thermo_regseq2,0.16719918761467678
ecoli50_r005199,cnn_1d,thermo_regseq2,0.1668867333514723
ecoli50_r001306,cnn_1d,thermo_regseq2,0.16678089417681008
ecoli50_r003773,cnn_1d,thermo_regseq2,0.1665466625269314
ecoli50_r007293,cnn_1d,thermo_regseq2,0.166521700870069
ecoli50_r008252,cnn_1d,thermo_regseq2,0.1662771428004075
ecoli50_r011240,cnn_1d,thermo_regseq2,0.16585826663281233
ecoli50_r007878,cnn_1d,thermo_regseq2,0.16585788258071732
ecoli50_r001452,cnn_1d,thermo_regseq2,0.16583107103646322
ecoli50_r002455,cnn_1d,thermo_regseq2,0.1657846645772656
ecoli50_r004458,cnn_1d,thermo_regseq2,0.16536143760255362
ecoli50_r008746,cnn_1d,thermo_regseq2,0.16470771144923058
ecoli50_r010618,cnn_1d,thermo_regseq2,0.16469915300538496
ecoli50_r001563,cnn_1d,thermo_regseq2,0.16463393463060294
ecoli50_r000689,cnn_1d,thermo_regseq2,0.1644228909129417
ecoli50_r009068,cnn_1d,thermo_regseq2,0.16431628148232091
ecoli50_r004815,cnn_1d,thermo_regseq2,0.16411509075138309
ecoli50_r008819,cnn_1d,thermo_regseq2,0.16396794122021108
ecoli50_r004548,cnn_1d,thermo_regseq2,0.16384453407310495
ecoli50_r008409,cnn_1d,thermo_regseq2,0.16377720053717537
ecoli50_r009687,cnn_1d,thermo_regseq2,0.16335912830579913
ecoli50_r005067,cnn_1d,thermo_regseq2,0.162886259537375
ecoli50_r001603,cnn_1d,thermo_regseq2,0.16284063215859979
ecoli50_r006595,cnn_1d,thermo_regseq2,0.16280817329771402
ecoli50_r002352,cnn_1d,thermo_regseq2,0.16265962605934092
ecoli50_r002773,cnn_1d,thermo_regseq2,0.16265751607523837
ecoli50_r000687,cnn_1d,thermo_regseq2,0.16237263165186677
ecoli50_r004300,cnn_1d,thermo_regseq2,0.16205931774286642
ecoli50_r001749,cnn_1d,thermo_regseq2,0.16159223830126734
ecoli50_r001294,cnn_1d,thermo_regseq2,0.16150231911207813
ecoli50_r001730,cnn_1d,thermo_regseq2,0.1614553440539377
ecoli50_r003588,cnn_1d,thermo_regseq2,0.16142086668917033
ecoli50_r006391,cnn_1d,thermo_regseq2,0.16093013474644735
ecoli50_r009383,cnn_1d,thermo_regseq2,0.1607598374560526
ecoli50_r011531,cnn_1d,thermo_regseq2,0.1599495822695105
ecoli50_r008023,cnn_1d,thermo_regseq2,0.1598721845340374
ecoli50_r003081,cnn_1d,thermo_regseq2,0.15982029579502166
ecoli50_r003311,cnn_1d,thermo_regseq2,0.15952220123424654
ecoli50_r004135,cnn_1d,thermo_regseq2,0.15944827134847017
ecoli50_r009354,cnn_1d,thermo_regseq2,0.1594436533169361
ecoli50_r004811,cnn_1d,thermo_regseq2,0.15914915709487865
ecoli50_r002499,cnn_1d,thermo_regseq2,0.1590888338828278
ecoli50_r000222,cnn_1d,thermo_regseq2,0.15880091273374441
ecoli50_r006302,cnn_1d,thermo_regseq2,0.1587533636541547
ecoli50_r011639,cnn_1d,thermo_regseq2,0.15873267862082052
ecoli50_r009436,cnn_1d,thermo_regseq2,0.15849184553202678
ecoli50_r004612,cnn_1d,thermo_regseq2,0.15837254401280498
ecoli50_r000314,cnn_1d,thermo_regseq2,0.15806028577843945
ecoli50_r000888,cnn_1d,thermo_regseq2,0.15789887951605053
ecoli50_r001134,cnn_1d,thermo_regseq2,0.1578538024801135
ecoli50_r000536,cnn_1d,thermo_regseq2,0.15776443012229002
ecoli50_r010006,cnn_1d,thermo_regseq2,0.15754744599544823
ecoli50_r003646,cnn_1d,thermo_regseq2,0.15746288621099014
ecoli50_r006963,cnn_1d,thermo_regseq2,0.1567388901743758
ecoli50_r005722,cnn_1d,thermo_regseq2,0.15657427534751145
ecoli50_r010537,cnn_1d,thermo_regseq2,0.1564907706077685
ecoli50_r011448,cnn_1d,thermo_regseq2,0.15645279848994864
ecoli50_r009215,cnn_1d,thermo_regseq2,0.15628046793585826
ecoli50_r000845,cnn_1d,thermo_regseq2,0.15606348444869944
ecoli50_r010273,cnn_1d,thermo_regseq2,0.1560159505321126
ecoli50_r004184,cnn_1d,thermo_regseq2,0.155917066700467
ecoli50_r004988,cnn_1d,thermo_regseq2,0.15568198334558891
ecoli50_r004537,cnn_1d,thermo_regseq2,0.15539297247248562
ecoli50_r000896,cnn_1d,thermo_regseq2,0.1553872584027829
ecoli50_r010842,cnn_1d,thermo_regseq2,0.15535580238664792
ecoli50_r003592,cnn_1d,thermo_regseq2,0.1548809066931236
ecoli50_r001765,cnn_1d,thermo_regseq2,0.15412833322555342
ecoli50_r011586,cnn_1d,thermo_regseq2,0.15410218601651193
ecoli50_r004056,cnn_1d,thermo_regseq2,0.15399823318059047
ecoli50_r006777,cnn_1d,thermo_regseq2,0.1539937387937349
ecoli50_r006591,cnn_1d,thermo_regseq2,0.1538892191837271
ecoli50_r005891,cnn_1d,thermo_regseq2,0.15377242799151136
ecoli50_r003939,cnn_1d,thermo_regseq2,0.15300487069006063
ecoli50_r004977,cnn_1d,thermo_regseq2,0.15299807866002002
ecoli50_r003529,cnn_1d,thermo_regseq2,0.15296001119551383
ecoli50_r008510,cnn_1d,thermo_regseq2,0.15285498072229364
ecoli50_r001887,cnn_1d,thermo_regseq2,0.15284700992910416
ecoli50_r005327,cnn_1d,thermo_regseq2,0.15279234110726625
ecoli50_r006486,cnn_1d,thermo_regseq2,0.1526393613492676
ecoli50_r001060,cnn_1d,thermo_regseq2,0.15261776707129826
ecoli50_r001170,cnn_1d,thermo_regseq2,0.1524395513574741
ecoli50_r009583,cnn_1d,thermo_regseq2,0.15237861541756548
ecoli50_r002714,cnn_1d,thermo_regseq2,0.15231171431314783
ecoli50_r011619,cnn_1d,thermo_regseq2,0.15228233744597963
ecoli50_r010851,cnn_1d,thermo_regseq2,0.15216546265013609
ecoli50_r011747,cnn_1d,thermo_regseq2,0.15177464139838603
ecoli50_r003679,cnn_1d,thermo_regseq2,0.1517199452297282
ecoli50_r004534,cnn_1d,thermo_regseq2,0.1516749070586556
ecoli50_r006582,cnn_1d,thermo_regseq2,0.15132736369750743
ecoli50_r008876,cnn_1d,thermo_regseq2,0.1512845454216012
ecoli50_r004403,cnn_1d,thermo_regseq2,0.15119363338543534
ecoli50_r001077,cnn_1d,thermo_regseq2,0.1511404204195146
ecoli50_r008323,cnn_1d,thermo_regseq2,0.15091873178342707
ecoli50_r010057,cnn_1d,thermo_regseq2,0.150693919385807
ecoli50_r001113,cnn_1d,thermo_regseq2,0.15053818408506636
ecoli50_r004933,cnn_1d,thermo_regseq2,0.15047550142625088
ecoli50_r002204,cnn_1d,thermo_regseq2,0.15032636574148128
ecoli50_r009191,cnn_1d,thermo_regseq2,0.14974480888603292
ecoli50_r003239,cnn_1d,thermo_regseq2,0.14959395131010123
ecoli50_r000382,cnn_1d,thermo_regseq2,0.14941835899083733
ecoli50_r002681,cnn_1d,thermo_regseq2,0.1491361584565185
ecoli50_r003042,cnn_1d,thermo_regseq2,0.14886190651794529
ecoli50_r011515,cnn_1d,thermo_regseq2,0.1486878317798821
ecoli50_r003613,cnn_1d,thermo_regseq2,0.1486011936899625
ecoli50_r005216,cnn_1d,thermo_regseq2,0.14847745517371624
ecoli50_r005210,cnn_1d,thermo_regseq2,0.1484545610570258
ecoli50_r008850,cnn_1d,thermo_regseq2,0.14762022912641504
ecoli50_r008888,cnn_1d,thermo_regseq2,0.14742167648179527
ecoli50_r009790,cnn_1d,thermo_regseq2,0.14738445614223217
ecoli50_r004365,cnn_1d,thermo_regseq2,0.14716851721090674
ecoli50_r011162,cnn_1d,thermo_regseq2,0.14641436019492904
ecoli50_r004488,cnn_1d,thermo_regseq2,0.14637201851892856
ecoli50_r011677,cnn_1d,thermo_regseq2,0.14626591135631095
ecoli50_r000439,cnn_1d,thermo_regseq2,0.14595336220679522
ecoli50_r008075,cnn_1d,thermo_regseq2,0.1459288619451864
ecoli50_r009820,cnn_1d,thermo_regseq2,0.1455300069515686
ecoli50_r004836,cnn_1d,thermo_regseq2,0.14542292224668918
ecoli50_r001582,cnn_1d,thermo_regseq2,0.14533919224254443
ecoli50_r008908,cnn_1d,thermo_regseq2,0.14509657112100083
ecoli50_r011555,cnn_1d,thermo_regseq2,0.14464466238669305
ecoli50_r002258,cnn_1d,thermo_regseq2,0.14462641103424678
ecoli50_r007162,cnn_1d,thermo_regseq2,0.1443144339315401
ecoli50_r006186,cnn_1d,thermo_regseq2,0.14422531733080746
ecoli50_r004513,cnn_1d,thermo_regseq2,0.1439828115270152
ecoli50_r002083,cnn_1d,thermo_regseq2,0.14376688882501076
ecoli50_r003286,cnn_1d,thermo_regseq2,0.14376555958637338
ecoli50_r002440,cnn_1d,thermo_regseq2,0.1435008174353638
ecoli50_r010192,cnn_1d,thermo_regseq2,0.14342212354524886
ecoli50_r010456,cnn_1d,thermo_regseq2,0.14337745838002203
ecoli50_r000940,cnn_1d,thermo_regseq2,0.14307206226328217
ecoli50_r008476,cnn_1d,thermo_regseq2,0.14305653882185165
ecoli50_r008026,cnn_1d,thermo_regseq2,0.1425634199126824
ecoli50_r001442,cnn_1d,thermo_regseq2,0.14224918120831243
ecoli50_r003963,cnn_1d,thermo_regseq2,0.14206996580723752
ecoli50_r002229,cnn_1d,thermo_regseq2,0.14162438755219808
ecoli50_r003604,cnn_1d,thermo_regseq2,0.14135063819175775
ecoli50_r006972,cnn_1d,thermo_regseq2,0.1412693527795521
ecoli50_r005872,cnn_1d,thermo_regseq2,0.14116099477504074
ecoli50_r008577,cnn_1d,thermo_regseq2,0.141108620822453
ecoli50_r008458,cnn_1d,thermo_regseq2,0.14079481623440104
ecoli50_r000520,cnn_1d,thermo_regseq2,0.14049244511771564
ecoli50_r006366,cnn_1d,thermo_regseq2,0.14035902512913134
ecoli50_r001651,cnn_1d,thermo_regseq2,0.1399617983971706
ecoli50_r004577,cnn_1d,thermo_regseq2,0.13989704467662456
ecoli50_r002285,cnn_1d,thermo_regseq2,0.13977634214316081
ecoli50_r009824,cnn_1d,thermo_regseq2,0.13971872156372145
ecoli50_r001680,cnn_1d,thermo_regseq2,0.13967183152049856
ecoli50_r001092,cnn_1d,thermo_regseq2,0.13963870225593134
ecoli50_r006833,cnn_1d,thermo_regseq2,0.13914530922919388
ecoli50_r002820,cnn_1d,thermo_regseq2,0.13887805523413466
ecoli50_r006945,cnn_1d,thermo_regseq2,0.13887717902151797
ecoli50_r008278,cnn_1d,thermo_regseq2,0.1388433828621869
ecoli50_r009966,cnn_1d,thermo_regseq2,0.1387445799135283
ecoli50_r005443,cnn_1d,thermo_regseq2,0.13850270753283622
ecoli50_r003629,cnn_1d,thermo_regseq2,0.1384884000658122
ecoli50_r002983,cnn_1d,thermo_regseq2,0.13845872940538806
ecoli50_r005023,cnn_1d,thermo_regseq2,0.13816805177742264
ecoli50_r010667,cnn_1d,thermo_regseq2,0.13791481215127543
ecoli50_r004295,cnn_1d,thermo_regseq2,0.1376784849534758
ecoli50_r008161,cnn_1d,thermo_regseq2,0.13765098565678846
ecoli50_r010407,cnn_1d,thermo_regseq2,0.13761053350897656
ecoli50_r003249,cnn_1d,thermo_regseq2,0.13757736455544478
ecoli50_r006143,cnn_1d,thermo_regseq2,0.1375014803275949
ecoli50_r004260,cnn_1d,thermo_regseq2,0.13730938456617547
ecoli50_r002268,cnn_1d,thermo_regseq2,0.13723663257314334
ecoli50_r010194,cnn_1d,thermo_regseq2,0.13716454259858235
ecoli50_r002614,cnn_1d,thermo_regseq2,0.13703636506393835
ecoli50_r008091,cnn_1d,thermo_regseq2,0.136800813334661
ecoli50_r007506,cnn_1d,thermo_regseq2,0.1365402643294038
ecoli50_r005133,cnn_1d,thermo_regseq2,0.13604734825454123
ecoli50_r002140,cnn_1d,thermo_regseq2,0.1359877774066609
ecoli50_r004231,cnn_1d,thermo_regseq2,0.13542324022887753
ecoli50_r008637,cnn_1d,thermo_regseq2,0.1352564488724992
ecoli50_r011772,cnn_1d,thermo_regseq2,0.13501166183593805
ecoli50_r006974,cnn_1d,thermo_regseq2,0.13496603898324766
ecoli50_r003812,cnn_1d,thermo_regseq2,0.13487732999977275
ecoli50_r007651,cnn_1d,thermo_regseq2,0.1345286082470487
ecoli50_r008792,cnn_1d,thermo_regseq2,0.13431024196814434
ecoli50_r001787,cnn_1d,thermo_regseq2,0.133963882541567
ecoli50_r006271,cnn_1d,thermo_regseq2,0.13394201833836306
ecoli50_r000452,cnn_1d,thermo_regseq2,0.13382587950020586
ecoli50_r005746,cnn_1d,thermo_regseq2,0.1337876197952257
ecoli50_r004364,cnn_1d,thermo_regseq2,0.1337647618338571
ecoli50_r004279,cnn_1d,thermo_regseq2,0.13372060575005573
ecoli50_r008352,cnn_1d,thermo_regseq2,0.1336437458164701
ecoli50_r010143,cnn_1d,thermo_regseq2,0.13307473092091504
ecoli50_r006676,cnn_1d,thermo_regseq2,0.13300069879879928
ecoli50_r009428,cnn_1d,thermo_regseq2,0.13284860976637658
ecoli50_r011710,cnn_1d,thermo_regseq2,0.1324226643343107
ecoli50_r009219,cnn_1d,thermo_regseq2,0.13217431733659568
ecoli50_r006073,cnn_1d,thermo_regseq2,0.13200713869418879
ecoli50_r002661,cnn_1d,thermo_regseq2,0.13195736162400218
ecoli50_r007726,cnn_1d,thermo_regseq2,0.13114705529968385
ecoli50_r001531,cnn_1d,thermo_regseq2,0.13059063441200447
ecoli50_r000961,cnn_1d,thermo_regseq2,0.13049677149602879
ecoli50_r002680,cnn_1d,thermo_regseq2,0.13037727870920035
ecoli50_r010333,cnn_1d,thermo_regseq2,0.13032124080402907
ecoli50_r003102,cnn_1d,thermo_regseq2,0.13026695958367096
ecoli50_r001623,cnn_1d,thermo_regseq2,0.13011628330802694
ecoli50_r005554,cnn_1d,thermo_regseq2,0.1300894899368954
ecoli50_r004133,cnn_1d,thermo_regseq2,0.13002062955821758
ecoli50_r001467,cnn_1d,thermo_regseq2,0.1295146842075252
ecoli50_r008129,cnn_1d,thermo_regseq2,0.1294210720329736
ecoli50_r007280,cnn_1d,thermo_regseq2,0.1290898866426966
ecoli50_r003175,cnn_1d,thermo_regseq2,0.12887441801376065
ecoli50_r005559,cnn_1d,thermo_regseq2,0.12886903732629662
ecoli50_r011293,cnn_1d,thermo_regseq2,0.1288518892982662
ecoli50_r009334,cnn_1d,thermo_regseq2,0.1288165505300629
ecoli50_r007399,cnn_1d,thermo_regseq2,0.12877863855960392
ecoli50_r007303,cnn_1d,thermo_regseq2,0.12871495868434835
ecoli50_r010031,cnn_1d,thermo_regseq2,0.12845135660374574
ecoli50_r003797,cnn_1d,thermo_regseq2,0.12767627947345783
ecoli50_r011106,cnn_1d,thermo_regseq2,0.12741138566898336
ecoli50_r009159,cnn_1d,thermo_regseq2,0.12727646899565492
ecoli50_r007129,cnn_1d,thermo_regseq2,0.1271323386652634
ecoli50_r000200,cnn_1d,thermo_regseq2,0.12693327928555376
ecoli50_r010647,cnn_1d,thermo_regseq2,0.1268155561288573
ecoli50_r003901,cnn_1d,thermo_regseq2,0.12594163654759782
ecoli50_r004117,cnn_1d,thermo_regseq2,0.12566240470556123
ecoli50_r011268,cnn_1d,thermo_regseq2,0.12545026557362204
ecoli50_r006052,cnn_1d,thermo_regseq2,0.125349263497049
ecoli50_r006384,cnn_1d,thermo_regseq2,0.12511784195360143
ecoli50_r002454,cnn_1d,thermo_regseq2,0.12491982571804483
ecoli50_r002619,cnn_1d,thermo_regseq2,0.12462476646515208
ecoli50_r008100,cnn_1d,thermo_regseq2,0.12458700070458129
ecoli50_r005357,cnn_1d,thermo_regseq2,0.12442257308178695
ecoli50_r011212,cnn_1d,thermo_regseq2,0.12440935423333643
ecoli50_r002655,cnn_1d,thermo_regseq2,0.12429826430877178
ecoli50_r004164,cnn_1d,thermo_regseq2,0.12409196834666547
ecoli50_r005011,cnn_1d,thermo_regseq2,0.12398134365243374
ecoli50_r001518,cnn_1d,thermo_regseq2,0.12389206572892864
ecoli50_r000251,cnn_1d,thermo_regseq2,0.12336843246025131
ecoli50_r005101,cnn_1d,thermo_regseq2,0.1231531081891255
ecoli50_r011547,cnn_1d,thermo_regseq2,0.12311656459062492
ecoli50_r003961,cnn_1d,thermo_regseq2,0.12306418690334686
ecoli50_r006541,cnn_1d,thermo_regseq2,0.12270584362705295
ecoli50_r009580,cnn_1d,thermo_regseq2,0.1225019662604585
ecoli50_r003708,cnn_1d,thermo_regseq2,0.12241689410304124
ecoli50_r002275,cnn_1d,thermo_regseq2,0.12231984184692957
ecoli50_r010123,cnn_1d,thermo_regseq2,0.12212997265087155
ecoli50_r000370,cnn_1d,thermo_regseq2,0.12212907622313862
ecoli50_r007027,cnn_1d,thermo_regseq2,0.12203826804623263
ecoli50_r006459,cnn_1d,thermo_regseq2,0.12194767106168003
ecoli50_r002053,cnn_1d,thermo_regseq2,0.12193119247902384
ecoli50_r007823,cnn_1d,thermo_regseq2,0.12190009192677653
ecoli50_r007786,cnn_1d,thermo_regseq2,0.1218978057615292
ecoli50_r000048,cnn_1d,thermo_regseq2,0.12167768597600759
ecoli50_r000319,cnn_1d,thermo_regseq2,0.12164121294374342
ecoli50_r001079,cnn_1d,thermo_regseq2,0.12134017379134487
ecoli50_r001400,cnn_1d,thermo_regseq2,0.12091603145711805
ecoli50_r010877,cnn_1d,thermo_regseq2,0.12087752169362931
ecoli50_r001211,cnn_1d,thermo_regseq2,0.1206837715047806
ecoli50_r001503,cnn_1d,thermo_regseq2,0.12065387099747893
ecoli50_r004499,cnn_1d,thermo_regseq2,0.12062998139079761
ecoli50_r004296,cnn_1d,thermo_regseq2,0.12049914895301628
ecoli50_r010239,cnn_1d,thermo_regseq2,0.1203688928164297
ecoli50_r010225,cnn_1d,thermo_regseq2,0.11999542770937377
ecoli50_r007530,cnn_1d,thermo_regseq2,0.11983747906139586
ecoli50_r010836,cnn_1d,thermo_regseq2,0.11968193054325527
ecoli50_r000113,cnn_1d,thermo_regseq2,0.11954114080734835
ecoli50_r004636,cnn_1d,thermo_regseq2,0.119510808237004
ecoli50_r009119,cnn_1d,thermo_regseq2,0.11936266655529293
ecoli50_r009856,cnn_1d,thermo_regseq2,0.11933053081436418
ecoli50_r001682,cnn_1d,thermo_regseq2,0.11896490783321934
ecoli50_r001515,cnn_1d,thermo_regseq2,0.11886336699887101
ecoli50_r000395,cnn_1d,thermo_regseq2,0.11881107646735645
ecoli50_r003742,cnn_1d,thermo_regseq2,0.11853011490529441
ecoli50_r004323,cnn_1d,thermo_regseq2,0.11833952323201746
ecoli50_r003350,cnn_1d,thermo_regseq2,0.11830207912121793
ecoli50_r006702,cnn_1d,thermo_regseq2,0.11814760456917206
ecoli50_r002000,cnn_1d,thermo_regseq2,0.11810653210927136
ecoli50_r000862,cnn_1d,thermo_regseq2,0.11758647899348151
ecoli50_r005590,cnn_1d,thermo_regseq2,0.11754422615204829
ecoli50_r010948,cnn_1d,thermo_regseq2,0.11753203555216096
ecoli50_r002686,cnn_1d,thermo_regseq2,0.11728089599498404
ecoli50_r003266,cnn_1d,thermo_regseq2,0.11725399256024271
ecoli50_r002669,cnn_1d,thermo_regseq2,0.11713738184672806
ecoli50_r010833,cnn_1d,thermo_regseq2,0.11696697140750567
ecoli50_r007424,cnn_1d,thermo_regseq2,0.11682859477944696
ecoli50_r001693,cnn_1d,thermo_regseq2,0.1164668248104408
ecoli50_r001903,cnn_1d,thermo_regseq2,0.11625820119049957
ecoli50_r002250,cnn_1d,thermo_regseq2,0.11612759559580788
ecoli50_r005674,cnn_1d,thermo_regseq2,0.11601549454728399
ecoli50_r003992,cnn_1d,thermo_regseq2,0.11585996147047961
ecoli50_r008497,cnn_1d,thermo_regseq2,0.11573225506951434
ecoli50_r002920,cnn_1d,thermo_regseq2,0.11552161648016623
ecoli50_r002868,cnn_1d,thermo_regseq2,0.1154258995847981
ecoli50_r008298,cnn_1d,thermo_regseq2,0.11527840264453548
ecoli50_r003855,cnn_1d,thermo_regseq2,0.11502597837160478
ecoli50_r005679,cnn_1d,thermo_regseq2,0.11494318740553355
ecoli50_r006113,cnn_1d,thermo_regseq2,0.11487955856991094
ecoli50_r005392,cnn_1d,thermo_regseq2,0.11486704332527387
ecoli50_r008602,cnn_1d,thermo_regseq2,0.11486342156906648
ecoli50_r000582,cnn_1d,thermo_regseq2,0.11444968447861914
ecoli50_r011721,cnn_1d,thermo_regseq2,0.11434185136390695
ecoli50_r005903,cnn_1d,thermo_regseq2,0.1142048912946394
ecoli50_r005321,cnn_1d,thermo_regseq2,0.11416425783919326
ecoli50_r004540,cnn_1d,thermo_regseq2,0.1139660660920554
ecoli50_r005865,cnn_1d,thermo_regseq2,0.11367220409792411
ecoli50_r003305,cnn_1d,thermo_regseq2,0.11313255672198341
ecoli50_r011838,cnn_1d,thermo_regseq2,0.11294826443073092
ecoli50_r008045,cnn_1d,thermo_regseq2,0.11292171404592377
ecoli50_r000676,cnn_1d,thermo_regseq2,0.1127946652648033
ecoli50_r006116,cnn_1d,thermo_regseq2,0.11274909391950239
ecoli50_r010735,cnn_1d,thermo_regseq2,0.11274866028402952
ecoli50_r008791,cnn_1d,thermo_regseq2,0.11272810878545236
ecoli50_r007238,cnn_1d,thermo_regseq2,0.11258878524627391
ecoli50_r009031,cnn_1d,thermo_regseq2,0.11242735009890126
ecoli50_r006092,cnn_1d,thermo_regseq2,0.11230997610309901
ecoli50_r000010,cnn_1d,thermo_regseq2,0.11217992694331569
ecoli50_r010373,cnn_1d,thermo_regseq2,0.11208372523147458
ecoli50_r003275,cnn_1d,thermo_regseq2,0.11161268674233815
ecoli50_r005470,cnn_1d,thermo_regseq2,0.1112785228953177
ecoli50_r007139,cnn_1d,thermo_regseq2,0.11126010770829398
ecoli50_r004526,cnn_1d,thermo_regseq2,0.11125705540121711
ecoli50_r004795,cnn_1d,thermo_regseq2,0.11094629890238039
ecoli50_r009898,cnn_1d,thermo_regseq2,0.11094554615618879
ecoli50_r003711,cnn_1d,thermo_regseq2,0.11075956274183119
ecoli50_r001502,cnn_1d,thermo_regseq2,0.11073675109998904
ecoli50_r005283,cnn_1d,thermo_regseq2,0.11061912246666061
ecoli50_r009935,cnn_1d,thermo_regseq2,0.11017601548833866
ecoli50_r007376,cnn_1d,thermo_regseq2,0.11016162550059327
ecoli50_r002833,cnn_1d,thermo_regseq2,0.10998096601524843
ecoli50_r003861,cnn_1d,thermo_regseq2,0.1098923259179303
ecoli50_r008726,cnn_1d,thermo_regseq2,0.10935596809585535
ecoli50_r007899,cnn_1d,thermo_regseq2,0.10917253852291342
ecoli50_r001928,cnn_1d,thermo_regseq2,0.10890658899262018
ecoli50_r002845,cnn_1d,thermo_regseq2,0.10887049917155434
ecoli50_r009386,cnn_1d,thermo_regseq2,0.10884962505436446
ecoli50_r010531,cnn_1d,thermo_regseq2,0.10839725927712252
ecoli50_r000443,cnn_1d,thermo_regseq2,0.10797534398812259
ecoli50_r007153,cnn_1d,thermo_regseq2,0.10739504983371662
ecoli50_r008554,cnn_1d,thermo_regseq2,0.10718663882057822
ecoli50_r003532,cnn_1d,thermo_regseq2,0.10705427898466224
ecoli50_r001424,cnn_1d,thermo_regseq2,0.10690773302009049
ecoli50_r003444,cnn_1d,thermo_regseq2,0.1067367965535162
ecoli50_r004044,cnn_1d,thermo_regseq2,0.10652124494937532
ecoli50_r008506,cnn_1d,thermo_regseq2,0.10606999490949676
ecoli50_r002563,cnn_1d,thermo_regseq2,0.1060652817477985
ecoli50_r009030,cnn_1d,thermo_regseq2,0.10600845701288275
ecoli50_r004744,cnn_1d,thermo_regseq2,0.10597644937790873
ecoli50_r011432,cnn_1d,thermo_regseq2,0.1059037238837548
ecoli50_r001824,cnn_1d,thermo_regseq2,0.10589391285575056
ecoli50_r009170,cnn_1d,thermo_regseq2,0.10502377988394418
ecoli50_r004555,cnn_1d,thermo_regseq2,0.1049573444492986
ecoli50_r011750,cnn_1d,thermo_regseq2,0.10492483083416682
ecoli50_r010960,cnn_1d,thermo_regseq2,0.10483742842058685
ecoli50_r009653,cnn_1d,thermo_regseq2,0.10483196098718706
ecoli50_r008031,cnn_1d,thermo_regseq2,0.1046178269219924
ecoli50_r005572,cnn_1d,thermo_regseq2,0.1045731475149152
ecoli50_r001759,cnn_1d,thermo_regseq2,0.10448944894067225
ecoli50_r006724,cnn_1d,thermo_regseq2,0.10441633555021967
ecoli50_r000945,cnn_1d,thermo_regseq2,0.10433677185712265
ecoli50_r000741,cnn_1d,thermo_regseq2,0.10424490155973531
ecoli50_r000189,cnn_1d,thermo_regseq2,0.10423668237970718
ecoli50_r007496,cnn_1d,thermo_regseq2,0.10382982275302544
ecoli50_r006025,cnn_1d,thermo_regseq2,0.10380822597545691
ecoli50_r006853,cnn_1d,thermo_regseq2,0.10378654343347637
ecoli50_r004373,cnn_1d,thermo_regseq2,0.10353108005478706
ecoli50_r005003,cnn_1d,thermo_regseq2,0.10327977530890431
ecoli50_r001198,cnn_1d,thermo_regseq2,0.10325626911762154
ecoli50_r008283,cnn_1d,thermo_regseq2,0.10321101894512141
ecoli50_r010276,cnn_1d,thermo_regseq2,0.10304589939892894
ecoli50_r004932,cnn_1d,thermo_regseq2,0.10288640564938278
ecoli50_r008627,cnn_1d,thermo_regseq2,0.10287199918985124
ecoli50_r011330,cnn_1d,thermo_regseq2,0.1028693373093641
ecoli50_r008871,cnn_1d,thermo_regseq2,0.10275271445284506
ecoli50_r003156,cnn_1d,thermo_regseq2,0.10269986016092636
ecoli50_r009462,cnn_1d,thermo_regseq2,0.10249469546355883
ecoli50_r011826,cnn_1d,thermo_regseq2,0.1022605382729509
ecoli50_r009505,cnn_1d,thermo_regseq2,0.10218179786498194
ecoli50_r009445,cnn_1d,thermo_regseq2,0.10200471982235682
ecoli50_r003615,cnn_1d,thermo_regseq2,0.10169192228997659
ecoli50_r008254,cnn_1d,thermo_regseq2,0.10168386790175776
ecoli50_r010858,cnn_1d,thermo_regseq2,0.10129207362506243
ecoli50_r002586,cnn_1d,thermo_regseq2,0.10115146199387492
ecoli50_r009121,cnn_1d,thermo_regseq2,0.1011183863808558
ecoli50_r004214,cnn_1d,thermo_regseq2,0.10058525627255088
ecoli50_r008938,cnn_1d,thermo_regseq2,0.10003798717775902
ecoli50_r008801,cnn_1d,thermo_regseq2,0.10003722132643
ecoli50_r004026,cnn_1d,thermo_regseq2,0.09986684022782377
ecoli50_r010513,cnn_1d,thermo_regseq2,0.09976003873419215
ecoli50_r008437,cnn_1d,thermo_regseq2,0.0996301612835584
ecoli50_r006262,cnn_1d,thermo_regseq2,0.09959328006996548
ecoli50_r003166,cnn_1d,thermo_regseq2,0.09940096722393088
ecoli50_r001091,cnn_1d,thermo_regseq2,0.09936133419454674
ecoli50_r008102,cnn_1d,thermo_regseq2,0.09927894143433535
ecoli50_r001916,cnn_1d,thermo_regseq2,0.09905510383316551
ecoli50_r001226,cnn_1d,thermo_regseq2,0.09904950879928309
ecoli50_r001780,cnn_1d,thermo_regseq2,0.09899437176578108
ecoli50_r005697,cnn_1d,thermo_regseq2,0.09884362730444662
ecoli50_r004693,cnn_1d,thermo_regseq2,0.09833560143869668
ecoli50_r006180,cnn_1d,thermo_regseq2,0.09789855736026931
ecoli50_r000044,cnn_1d,thermo_regseq2,0.09788293720396313
ecoli50_r005538,cnn_1d,thermo_regseq2,0.09781163471715981
ecoli50_r008446,cnn_1d,thermo_regseq2,0.09747931358073414
ecoli50_r011282,cnn_1d,thermo_regseq2,0.09747595267636777
ecoli50_r002099,cnn_1d,thermo_regseq2,0.09741850596815915
ecoli50_r000850,cnn_1d,thermo_regseq2,0.0974049789219813
ecoli50_r002667,cnn_1d,thermo_regseq2,0.09740011318682029
ecoli50_r006615,cnn_1d,thermo_regseq2,0.0973930640725178
ecoli50_r006666,cnn_1d,thermo_regseq2,0.09729523821912478
ecoli50_r009005,cnn_1d,thermo_regseq2,0.097012532431064
ecoli50_r006915,cnn_1d,thermo_regseq2,0.09693613555651837
ecoli50_r009822,cnn_1d,thermo_regseq2,0.09673518468135756
ecoli50_r007848,cnn_1d,thermo_regseq2,0.09649593157536307
ecoli50_r004937,cnn_1d,thermo_regseq2,0.09622536059998632
ecoli50_r007915,cnn_1d,thermo_regseq2,0.09619359316272247
ecoli50_r010358,cnn_1d,thermo_regseq2,0.09606637564411669
ecoli50_r010810,cnn_1d,thermo_regseq2,0.0956783868677471
ecoli50_r005063,cnn_1d,thermo_regseq2,0.09563539793371989
ecoli50_r003403,cnn_1d,thermo_regseq2,0.0955178498063809
ecoli50_r008798,cnn_1d,thermo_regseq2,0.09500411446747581
ecoli50_r003868,cnn_1d,thermo_regseq2,0.09494946077946498
ecoli50_r007327,cnn_1d,thermo_regseq2,0.09481272324929124
ecoli50_r000556,cnn_1d,thermo_regseq2,0.09430001914825947
ecoli50_r006649,cnn_1d,thermo_regseq2,0.0942874969692391
ecoli50_r008301,cnn_1d,thermo_regseq2,0.09423608726089983
ecoli50_r007099,cnn_1d,thermo_regseq2,0.09419083430838615
ecoli50_r003991,cnn_1d,thermo_regseq2,0.09400835148543596
ecoli50_r002771,cnn_1d,thermo_regseq2,0.09383673698196704
ecoli50_r003601,cnn_1d,thermo_regseq2,0.09361266290217918
ecoli50_r000530,cnn_1d,thermo_regseq2,0.09360579251470158
ecoli50_r007166,cnn_1d,thermo_regseq2,0.09355702213615613
ecoli50_r001547,cnn_1d,thermo_regseq2,0.09349311438489716
ecoli50_r009490,cnn_1d,thermo_regseq2,0.09349159235198545
ecoli50_r003729,cnn_1d,thermo_regseq2,0.09348502936317615
ecoli50_r001901,cnn_1d,thermo_regseq2,0.09345716150559369
ecoli50_r010959,cnn_1d,thermo_regseq2,0.09303261601854862
ecoli50_r001051,cnn_1d,thermo_regseq2,0.09242494620335995
ecoli50_r005305,cnn_1d,thermo_regseq2,0.0922574769679998
ecoli50_r011585,cnn_1d,thermo_regseq2,0.09223520976618715
ecoli50_r001109,cnn_1d,thermo_regseq2,0.09214652083798969
ecoli50_r010545,cnn_1d,thermo_regseq2,0.09208136151146684
ecoli50_r005989,cnn_1d,thermo_regseq2,0.09182506815468239
ecoli50_r007873,cnn_1d,thermo_regseq2,0.09179698434623296
ecoli50_r000773,cnn_1d,thermo_regseq2,0.09170010759181313
ecoli50_r000591,cnn_1d,thermo_regseq2,0.09158792006884342
ecoli50_r010498,cnn_1d,thermo_regseq2,0.09108773092025446
ecoli50_r007434,cnn_1d,thermo_regseq2,0.09100479362597236
ecoli50_r007906,cnn_1d,thermo_regseq2,0.0909896587648018
ecoli50_r006301,cnn_1d,thermo_regseq2,0.09091757742596318
ecoli50_r011813,cnn_1d,thermo_regseq2,0.09053903149560671
ecoli50_r005861,cnn_1d,thermo_regseq2,0.09045534011993017
ecoli50_r008413,cnn_1d,thermo_regseq2,0.09042334835904864
ecoli50_r000196,cnn_1d,thermo_regseq2,0.09040732097474535
ecoli50_r008429,cnn_1d,thermo_regseq2,0.09037334580796585
ecoli50_r004604,cnn_1d,thermo_regseq2,0.09035178682198985
ecoli50_r003821,cnn_1d,thermo_regseq2,0.09025122504861605
ecoli50_r000842,cnn_1d,thermo_regseq2,0.0902138350725541
ecoli50_r009320,cnn_1d,thermo_regseq2,0.09014494725173128
ecoli50_r009640,cnn_1d,thermo_regseq2,0.0901267528481342
ecoli50_r009208,cnn_1d,thermo_regseq2,0.0900377073976153
ecoli50_r008638,cnn_1d,thermo_regseq2,0.08973727295288958
ecoli50_r005485,cnn_1d,thermo_regseq2,0.0897231813139725
ecoli50_r005022,cnn_1d,thermo_regseq2,0.08965892475745152
ecoli50_r008470,cnn_1d,thermo_regseq2,0.0896206100798862
ecoli50_r007119,cnn_1d,thermo_regseq2,0.08953060129012513
ecoli50_r005824,cnn_1d,thermo_regseq2,0.08938371963049052
ecoli50_r005841,cnn_1d,thermo_regseq2,0.08933892741726224
ecoli50_r005680,cnn_1d,thermo_regseq2,0.08902828571921262
ecoli50_r005379,cnn_1d,thermo_regseq2,0.0889839822832803
ecoli50_r001683,cnn_1d,thermo_regseq2,0.08868877554271615
ecoli50_r000959,cnn_1d,thermo_regseq2,0.08859146472182022
ecoli50_r007971,cnn_1d,thermo_regseq2,0.08853628614832587
ecoli50_r007599,cnn_1d,thermo_regseq2,0.08831245539098509
ecoli50_r009254,cnn_1d,thermo_regseq2,0.088253013140287
ecoli50_r002828,cnn_1d,thermo_regseq2,0.08815068496628653
ecoli50_r001560,cnn_1d,thermo_regseq2,0.08803508144516314
ecoli50_r003490,cnn_1d,thermo_regseq2,0.0880309296486721
ecoli50_r005129,cnn_1d,thermo_regseq2,0.0876409960313902
ecoli50_r000323,cnn_1d,thermo_regseq2,0.08732400212507274
ecoli50_r008628,cnn_1d,thermo_regseq2,0.08717899800347206
ecoli50_r010339,cnn_1d,thermo_regseq2,0.08709671434803168
ecoli50_r008624,cnn_1d,thermo_regseq2,0.08706460431861585
ecoli50_r000023,cnn_1d,thermo_regseq2,0.08705749058428403
ecoli50_r002958,cnn_1d,thermo_regseq2,0.08704242442201426
ecoli50_r005288,cnn_1d,thermo_regseq2,0.08683140088788477
ecoli50_r005123,cnn_1d,thermo_regseq2,0.08674475129279546
ecoli50_r011696,cnn_1d,thermo_regseq2,0.08671239353414384
ecoli50_r009085,cnn_1d,thermo_regseq2,0.08659137135792472
ecoli50_r009651,cnn_1d,thermo_regseq2,0.08644482636500062
ecoli50_r006906,cnn_1d,thermo_regseq2,0.08631248136086178
ecoli50_r009740,cnn_1d,thermo_regseq2,0.08614572831001599
ecoli50_r005768,cnn_1d,thermo_regseq2,0.08592468345879167
ecoli50_r001709,cnn_1d,thermo_regseq2,0.08584813790717227
ecoli50_r006401,cnn_1d,thermo_regseq2,0.08555632759283416
ecoli50_r002821,cnn_1d,thermo_regseq2,0.08540813238881961
ecoli50_r006710,cnn_1d,thermo_regseq2,0.08522004553393314
ecoli50_r005801,cnn_1d,thermo_regseq2,0.08512710266652945
ecoli50_r002934,cnn_1d,thermo_regseq2,0.08504874658551786
ecoli50_r010942,cnn_1d,thermo_regseq2,0.08501026016858271
ecoli50_r010641,cnn_1d,thermo_regseq2,0.0849449047019375
ecoli50_r004738,cnn_1d,thermo_regseq2,0.0848994593973571
ecoli50_r002375,cnn_1d,thermo_regseq2,0.08486190096409452
ecoli50_r009630,cnn_1d,thermo_regseq2,0.08449266306465741
ecoli50_r003115,cnn_1d,thermo_regseq2,0.08443589610470514
ecoli50_r010356,cnn_1d,thermo_regseq2,0.08438890719258207
ecoli50_r002412,cnn_1d,thermo_regseq2,0.08425231272978717
ecoli50_r009127,cnn_1d,thermo_regseq2,0.08419555175156157
ecoli50_r001421,cnn_1d,thermo_regseq2,0.08398043152133416
ecoli50_r003218,cnn_1d,thermo_regseq2,0.0838710316417619
ecoli50_r011701,cnn_1d,thermo_regseq2,0.08327677886262208
ecoli50_r010293,cnn_1d,thermo_regseq2,0.0831228745298147
ecoli50_r004079,cnn_1d,thermo_regseq2,0.08302894922882897
ecoli50_r003160,cnn_1d,thermo_regseq2,0.0827477509631982
ecoli50_r005984,cnn_1d,thermo_regseq2,0.08259775861277818
ecoli50_r010202,cnn_1d,thermo_regseq2,0.0824986677148396
ecoli50_r006001,cnn_1d,thermo_regseq2,0.08245916167586653
ecoli50_r006993,cnn_1d,thermo_regseq2,0.0824375676763629
ecoli50_r011711,cnn_1d,thermo_regseq2,0.08240575661293637
ecoli50_r006487,cnn_1d,thermo_regseq2,0.08230641970738661
ecoli50_r003106,cnn_1d,thermo_regseq2,0.08215712386461371
ecoli50_r003741,cnn_1d,thermo_regseq2,0.08201636800022483
ecoli50_r001392,cnn_1d,thermo_regseq2,0.08185180087584198
ecoli50_r003960,cnn_1d,thermo_regseq2,0.08148328376895853
ecoli50_r005952,cnn_1d,thermo_regseq2,0.08140829435437613
ecoli50_r006784,cnn_1d,thermo_regseq2,0.08135102920728832
ecoli50_r011354,cnn_1d,thermo_regseq2,0.08124014150030368
ecoli50_r003292,cnn_1d,thermo_regseq2,0.081078424136519
ecoli50_r003905,cnn_1d,thermo_regseq2,0.0810085063173469
ecoli50_r006949,cnn_1d,thermo_regseq2,0.08063995749884256
ecoli50_r005794,cnn_1d,thermo_regseq2,0.08056129188882322
ecoli50_r011128,cnn_1d,thermo_regseq2,0.08056022036199728
ecoli50_r005980,cnn_1d,thermo_regseq2,0.08052115427833462
ecoli50_r000093,cnn_1d,thermo_regseq2,0.08047912802428225
ecoli50_r006883,cnn_1d,thermo_regseq2,0.0804288434269349
ecoli50_r011779,cnn_1d,thermo_regseq2,0.08041968485448514
ecoli50_r010215,cnn_1d,thermo_regseq2,0.08039482216841254
ecoli50_r007417,cnn_1d,thermo_regseq2,0.08002348982473162
ecoli50_r001726,cnn_1d,thermo_regseq2,0.08000022482019098
ecoli50_r010422,cnn_1d,thermo_regseq2,0.0799961021364961
ecoli50_r003858,cnn_1d,thermo_regseq2,0.07986623784919233
ecoli50_r009763,cnn_1d,thermo_regseq2,0.07982551269804672
ecoli50_r005255,cnn_1d,thermo_regseq2,0.0797631839043591
ecoli50_r005236,cnn_1d,thermo_regseq2,0.07947731404541969
ecoli50_r003418,cnn_1d,thermo_regseq2,0.07944247877388033
ecoli50_r006911,cnn_1d,thermo_regseq2,0.07924703855071158
ecoli50_r009850,cnn_1d,thermo_regseq2,0.07902979666898657
ecoli50_r008251,cnn_1d,thermo_regseq2,0.07902565995436461
ecoli50_r002812,cnn_1d,thermo_regseq2,0.07889310119629833
ecoli50_r007516,cnn_1d,thermo_regseq2,0.07877476132860961
ecoli50_r009904,cnn_1d,thermo_regseq2,0.0787268463327555
ecoli50_r002073,cnn_1d,thermo_regseq2,0.07842484909805902
ecoli50_r008595,cnn_1d,thermo_regseq2,0.07842030520323107
ecoli50_r007224,cnn_1d,thermo_regseq2,0.07787624919242253
ecoli50_r008917,cnn_1d,thermo_regseq2,0.0777957704264729
ecoli50_r008609,cnn_1d,thermo_regseq2,0.07771608352889103
ecoli50_r003848,cnn_1d,thermo_regseq2,0.07758853365923235
ecoli50_r005954,cnn_1d,thermo_regseq2,0.07755404302516578
ecoli50_r004909,cnn_1d,thermo_regseq2,0.07735648442300702
ecoli50_r006030,cnn_1d,thermo_regseq2,0.07725356255909732
ecoli50_r003022,cnn_1d,thermo_regseq2,0.07683287011834361
ecoli50_r000916,cnn_1d,thermo_regseq2,0.07631579936638078
ecoli50_r009493,cnn_1d,thermo_regseq2,0.07617177329357627
ecoli50_r006699,cnn_1d,thermo_regseq2,0.07597937519636622
ecoli50_r004645,cnn_1d,thermo_regseq2,0.07579580573783451
ecoli50_r000367,cnn_1d,thermo_regseq2,0.07574160888622972
ecoli50_r006726,cnn_1d,thermo_regseq2,0.07571100144878917
ecoli50_r008998,cnn_1d,thermo_regseq2,0.07554116827012747
ecoli50_r007710,cnn_1d,thermo_regseq2,0.07551275300942217
ecoli50_r006363,cnn_1d,thermo_regseq2,0.0754835197738517
ecoli50_r008761,cnn_1d,thermo_regseq2,0.07544926926922191
ecoli50_r004360,cnn_1d,thermo_regseq2,0.07544522313144375
ecoli50_r008013,cnn_1d,thermo_regseq2,0.07542818931153406
ecoli50_r009065,cnn_1d,thermo_regseq2,0.07532422290275242
ecoli50_r010357,cnn_1d,thermo_regseq2,0.07529431861804836
ecoli50_r007259,cnn_1d,thermo_regseq2,0.07503502394650141
ecoli50_r002739,cnn_1d,thermo_regseq2,0.07497841541543027
ecoli50_r002094,cnn_1d,thermo_regseq2,0.07491290249956828
ecoli50_r001820,cnn_1d,thermo_regseq2,0.07471339233521412
ecoli50_r000819,cnn_1d,thermo_regseq2,0.07457644165091137
ecoli50_r008527,cnn_1d,thermo_regseq2,0.07447027021850428
ecoli50_r004666,cnn_1d,thermo_regseq2,0.07409197110751098
ecoli50_r006921,cnn_1d,thermo_regseq2,0.07399621177290339
ecoli50_r003902,cnn_1d,thermo_regseq2,0.07393634159966656
ecoli50_r006497,cnn_1d,thermo_regseq2,0.07372682776012507
ecoli50_r002672,cnn_1d,thermo_regseq2,0.07362195432183194
ecoli50_r006349,cnn_1d,thermo_regseq2,0.07361848816334593
ecoli50_r004893,cnn_1d,thermo_regseq2,0.07361107545838008
ecoli50_r000808,cnn_1d,thermo_regseq2,0.07352749183123741
ecoli50_r004585,cnn_1d,thermo_regseq2,0.07346023706591565
ecoli50_r011501,cnn_1d,thermo_regseq2,0.0733348412354724
ecoli50_r006164,cnn_1d,thermo_regseq2,0.07315589509627385
ecoli50_r005771,cnn_1d,thermo_regseq2,0.07313268317024058
ecoli50_r005213,cnn_1d,thermo_regseq2,0.07309509372088696
ecoli50_r006429,cnn_1d,thermo_regseq2,0.07306718130287271
ecoli50_r009050,cnn_1d,thermo_regseq2,0.07305511602892789
ecoli50_r011224,cnn_1d,thermo_regseq2,0.07297054250985413
ecoli50_r007097,cnn_1d,thermo_regseq2,0.07284393695717917
ecoli50_r003270,cnn_1d,thermo_regseq2,0.07284127890069936
ecoli50_r006866,cnn_1d,thermo_regseq2,0.07264600225703965
ecoli50_r008542,cnn_1d,thermo_regseq2,0.07260190869653016
ecoli50_r008919,cnn_1d,thermo_regseq2,0.07255710695370166
ecoli50_r002650,cnn_1d,thermo_regseq2,0.07253734640638232
ecoli50_r000897,cnn_1d,thermo_regseq2,0.07227953925209896
ecoli50_r011420,cnn_1d,thermo_regseq2,0.07213034879989388
ecoli50_r003622,cnn_1d,thermo_regseq2,0.07185464850529355
ecoli50_r008379,cnn_1d,thermo_regseq2,0.07174909244017602
ecoli50_r009398,cnn_1d,thermo_regseq2,0.07163594676382878
ecoli50_r002182,cnn_1d,thermo_regseq2,0.07148303860936833
ecoli50_r009249,cnn_1d,thermo_regseq2,0.0711666340200292
ecoli50_r010702,cnn_1d,thermo_regseq2,0.07098789369468284
ecoli50_r004562,cnn_1d,thermo_regseq2,0.07045867193882582
ecoli50_r008357,cnn_1d,thermo_regseq2,0.07032004997278118
ecoli50_r008590,cnn_1d,thermo_regseq2,0.07015933988189094
ecoli50_r011669,cnn_1d,thermo_regseq2,0.07005472825294401
ecoli50_r002206,cnn_1d,thermo_regseq2,0.0698621549294991
ecoli50_r007713,cnn_1d,thermo_regseq2,0.06964802857245145
ecoli50_r002217,cnn_1d,thermo_regseq2,0.0694576429307121
ecoli50_r000497,cnn_1d,thermo_regseq2,0.06938280952505904
ecoli50_r001950,cnn_1d,thermo_regseq2,0.06931603441489154
ecoli50_r000811,cnn_1d,thermo_regseq2,0.06929858798780675
ecoli50_r008182,cnn_1d,thermo_regseq2,0.06928019693344334
ecoli50_r000475,cnn_1d,thermo_regseq2,0.06924349212510394
ecoli50_r011154,cnn_1d,thermo_regseq2,0.06923099652910558
ecoli50_r004221,cnn_1d,thermo_regseq2,0.06922367167265353
ecoli50_r006081,cnn_1d,thermo_regseq2,0.06913211960937504
ecoli50_r006969,cnn_1d,thermo_regseq2,0.06894326673222606
ecoli50_r003910,cnn_1d,thermo_regseq2,0.06879568413039339
ecoli50_r009600,cnn_1d,thermo_regseq2,0.06878659663518238
ecoli50_r000817,cnn_1d,thermo_regseq2,0.06866593590651604
ecoli50_r006965,cnn_1d,thermo_regseq2,0.06855167520235117
ecoli50_r004037,cnn_1d,thermo_regseq2,0.06853516906117374
ecoli50_r003419,cnn_1d,thermo_regseq2,0.06850396022234184
ecoli50_r008551,cnn_1d,thermo_regseq2,0.06836780193675951
ecoli50_r000162,cnn_1d,thermo_regseq2,0.0682111931392475
ecoli50_r007957,cnn_1d,thermo_regseq2,0.06820572839870254
ecoli50_r004271,cnn_1d,thermo_regseq2,0.06811866538335032
ecoli50_r010108,cnn_1d,thermo_regseq2,0.06811580526398098
ecoli50_r011748,cnn_1d,thermo_regseq2,0.06806687926210486
ecoli50_r006252,cnn_1d,thermo_regseq2,0.06766118508405938
ecoli50_r011089,cnn_1d,thermo_regseq2,0.06738205041196377
ecoli50_r001244,cnn_1d,thermo_regseq2,0.06710433655581971
ecoli50_r002436,cnn_1d,thermo_regseq2,0.06703246586345557
ecoli50_r000844,cnn_1d,thermo_regseq2,0.0669589906985939
ecoli50_r000191,cnn_1d,thermo_regseq2,0.06679452270461406
ecoli50_r003694,cnn_1d,thermo_regseq2,0.06676713396583356
ecoli50_r008788,cnn_1d,thermo_regseq2,0.06647473014596494
ecoli50_r005138,cnn_1d,thermo_regseq2,0.06638464914917108
ecoli50_r010868,cnn_1d,thermo_regseq2,0.06590053111361183
ecoli50_r000105,cnn_1d,thermo_regseq2,0.0657799565779773
ecoli50_r000727,cnn_1d,thermo_regseq2,0.06568531444196335
ecoli50_r007639,cnn_1d,thermo_regseq2,0.06554325157410457
ecoli50_r003467,cnn_1d,thermo_regseq2,0.0652558353310484
ecoli50_r010172,cnn_1d,thermo_regseq2,0.06470376649395693
ecoli50_r007953,cnn_1d,thermo_regseq2,0.06440271612437298
ecoli50_r009066,cnn_1d,thermo_regseq2,0.06437450026189495
ecoli50_r010526,cnn_1d,thermo_regseq2,0.0642963133361798
ecoli50_r009819,cnn_1d,thermo_regseq2,0.06421784236567829
ecoli50_r003534,cnn_1d,thermo_regseq2,0.06417622430823533
ecoli50_r009192,cnn_1d,thermo_regseq2,0.06414026235324588
ecoli50_r000663,cnn_1d,thermo_regseq2,0.06391007504520196
ecoli50_r005736,cnn_1d,thermo_regseq2,0.06383788702161297
ecoli50_r006240,cnn_1d,thermo_regseq2,0.0636584935339366
ecoli50_r009939,cnn_1d,thermo_regseq2,0.06365481465826894
ecoli50_r001504,cnn_1d,thermo_regseq2,0.06364100634074354
ecoli50_r000898,cnn_1d,thermo_regseq2,0.06347348820967724
ecoli50_r000141,cnn_1d,thermo_regseq2,0.063312787603377
ecoli50_r009733,cnn_1d,thermo_regseq2,0.06315228261577666
ecoli50_r001987,cnn_1d,thermo_regseq2,0.06312624964042168
ecoli50_r003043,cnn_1d,thermo_regseq2,0.06282547538542405
ecoli50_r007705,cnn_1d,thermo_regseq2,0.06250786045684897
ecoli50_r005616,cnn_1d,thermo_regseq2,0.0625070506812424
ecoli50_r008992,cnn_1d,thermo_regseq2,0.06234598903097899
ecoli50_r011820,cnn_1d,thermo_regseq2,0.062073875026750436
ecoli50_r009659,cnn_1d,thermo_regseq2,0.06193493847457754
ecoli50_r009037,cnn_1d,thermo_regseq2,0.06193181790712554
ecoli50_r010077,cnn_1d,thermo_regseq2,0.061857409637321226
ecoli50_r005251,cnn_1d,thermo_regseq2,0.06150898449315756
ecoli50_r010233,cnn_1d,thermo_regseq2,0.061226061698852696
ecoli50_r006962,cnn_1d,thermo_regseq2,0.06110018370847081
ecoli50_r008519,cnn_1d,thermo_regseq2,0.06096909158475716
ecoli50_r005278,cnn_1d,thermo_regseq2,0.06060205205615299
ecoli50_r008750,cnn_1d,thermo_regseq2,0.06050757953936792
ecoli50_r008447,cnn_1d,thermo_regseq2,0.060289334045352305
ecoli50_r004832,cnn_1d,thermo_regseq2,0.06028693748597025
ecoli50_r004151,cnn_1d,thermo_regseq2,0.06017312081304427
ecoli50_r002622,cnn_1d,thermo_regseq2,0.06003908070006525
ecoli50_r008896,cnn_1d,thermo_regseq2,0.05994264637359992
ecoli50_r002195,cnn_1d,thermo_regseq2,0.0599188076952184
ecoli50_r010130,cnn_1d,thermo_regseq2,0.05984122788688495
ecoli50_r001473,cnn_1d,thermo_regseq2,0.059704284282396713
ecoli50_r001180,cnn_1d,thermo_regseq2,0.05967727627230168
ecoli50_r004871,cnn_1d,thermo_regseq2,0.05948732852074734
ecoli50_r007943,cnn_1d,thermo_regseq2,0.05945908879272199
ecoli50_r000581,cnn_1d,thermo_regseq2,0.05909257577943938
ecoli50_r005195,cnn_1d,thermo_regseq2,0.05904625627723492
ecoli50_r000177,cnn_1d,thermo_regseq2,0.05898882186292109
ecoli50_r003603,cnn_1d,thermo_regseq2,0.058961443820766846
ecoli50_r008438,cnn_1d,thermo_regseq2,0.05890301874383397
ecoli50_r002240,cnn_1d,thermo_regseq2,0.05875770790057633
ecoli50_r000047,cnn_1d,thermo_regseq2,0.058746027853219474
ecoli50_r002777,cnn_1d,thermo_regseq2,0.058667762053934425
ecoli50_r004723,cnn_1d,thermo_regseq2,0.05812751886297107
ecoli50_r000755,cnn_1d,thermo_regseq2,0.05797879385220028
ecoli50_r011709,cnn_1d,thermo_regseq2,0.057839748008138514
ecoli50_r005144,cnn_1d,thermo_regseq2,0.05776512168597536
ecoli50_r006283,cnn_1d,thermo_regseq2,0.05774518324392952
ecoli50_r000963,cnn_1d,thermo_regseq2,0.05762628221980348
ecoli50_r010147,cnn_1d,thermo_regseq2,0.0575567608674219
ecoli50_r005201,cnn_1d,thermo_regseq2,0.05729606474605031
ecoli50_r003241,cnn_1d,thermo_regseq2,0.057273469045917125
ecoli50_r000825,cnn_1d,thermo_regseq2,0.05725813220864717
ecoli50_r001592,cnn_1d,thermo_regseq2,0.056940052797978424
ecoli50_r011688,cnn_1d,thermo_regseq2,0.056899534297450316
ecoli50_r006880,cnn_1d,thermo_regseq2,0.05667487220301526
ecoli50_r002489,cnn_1d,thermo_regseq2,0.05645966010777448
ecoli50_r002708,cnn_1d,thermo_regseq2,0.05629612694613417
ecoli50_r007773,cnn_1d,thermo_regseq2,0.05622025633673866
ecoli50_r006336,cnn_1d,thermo_regseq2,0.0561436006641336
ecoli50_r011450,cnn_1d,thermo_regseq2,0.05613697499140846
ecoli50_r010519,cnn_1d,thermo_regseq2,0.05590387895978921
ecoli50_r009035,cnn_1d,thermo_regseq2,0.05586916517462326
ecoli50_r009975,cnn_1d,thermo_regseq2,0.055772827783059586
ecoli50_r009503,cnn_1d,thermo_regseq2,0.05555661204249551
ecoli50_r007453,cnn_1d,thermo_regseq2,0.05549705642735736
ecoli50_r003654,cnn_1d,thermo_regseq2,0.055441178468145225
ecoli50_r001735,cnn_1d,thermo_regseq2,0.05543434596497265
ecoli50_r001221,cnn_1d,thermo_regseq2,0.0554093799714197
ecoli50_r002150,cnn_1d,thermo_regseq2,0.055345058263890134
ecoli50_r009545,cnn_1d,thermo_regseq2,0.05522213776116036
ecoli50_r011307,cnn_1d,thermo_regseq2,0.05504901032606169
ecoli50_r001480,cnn_1d,thermo_regseq2,0.05504874234499946
ecoli50_r008305,cnn_1d,thermo_regseq2,0.05493309241946598
ecoli50_r010452,cnn_1d,thermo_regseq2,0.05493200140507781
ecoli50_r011808,cnn_1d,thermo_regseq2,0.05490193712392566
ecoli50_r010043,cnn_1d,thermo_regseq2,0.054849356968140306
ecoli50_r011031,cnn_1d,thermo_regseq2,0.054758756704855305
ecoli50_r005265,cnn_1d,thermo_regseq2,0.05473015053856045
ecoli50_r008695,cnn_1d,thermo_regseq2,0.054663077359681456
ecoli50_r005781,cnn_1d,thermo_regseq2,0.05462600371384552
ecoli50_r004993,cnn_1d,thermo_regseq2,0.05462538421664709
ecoli50_r004049,cnn_1d,thermo_regseq2,0.054559558458914914
ecoli50_r008744,cnn_1d,thermo_regseq2,0.05445193510120738
ecoli50_r005788,cnn_1d,thermo_regseq2,0.05444528613685584
ecoli50_r002118,cnn_1d,thermo_regseq2,0.05412330631962492
ecoli50_r007783,cnn_1d,thermo_regseq2,0.054117295664344756
ecoli50_r006368,cnn_1d,thermo_regseq2,0.053889514320515364
ecoli50_r002284,cnn_1d,thermo_regseq2,0.05342585596203353
ecoli50_r003787,cnn_1d,thermo_regseq2,0.05337680943057466
ecoli50_r007553,cnn_1d,thermo_regseq2,0.05332174619829466
ecoli50_r004925,cnn_1d,thermo_regseq2,0.053167562074321495
ecoli50_r007611,cnn_1d,thermo_regseq2,0.053151279095089876
ecoli50_r008976,cnn_1d,thermo_regseq2,0.05294814095408107
ecoli50_r003732,cnn_1d,thermo_regseq2,0.052849874440256794
ecoli50_r001323,cnn_1d,thermo_regseq2,0.052733394370329645
ecoli50_r006772,cnn_1d,thermo_regseq2,0.0522794737214487
ecoli50_r003021,cnn_1d,thermo_regseq2,0.05220748999754443
ecoli50_r007752,cnn_1d,thermo_regseq2,0.0520591345869339
ecoli50_r001475,cnn_1d,thermo_regseq2,0.052034972114250344
ecoli50_r011051,cnn_1d,thermo_regseq2,0.052010259091959554
ecoli50_r001173,cnn_1d,thermo_regseq2,0.05187731951082464
ecoli50_r011230,cnn_1d,thermo_regseq2,0.05166907313164293
ecoli50_r011342,cnn_1d,thermo_regseq2,0.051640555682774814
ecoli50_r008923,cnn_1d,thermo_regseq2,0.05163648156358969
ecoli50_r010455,cnn_1d,thermo_regseq2,0.05150407526422862
ecoli50_r010759,cnn_1d,thermo_regseq2,0.051262981914482086
ecoli50_r011530,cnn_1d,thermo_regseq2,0.051070571986857605
ecoli50_r010757,cnn_1d,thermo_regseq2,0.051045988639976336
ecoli50_r000055,cnn_1d,thermo_regseq2,0.05103458846765152
ecoli50_r001194,cnn_1d,thermo_regseq2,0.05101465794394633
ecoli50_r010527,cnn_1d,thermo_regseq2,0.050990123797398645
ecoli50_r003619,cnn_1d,thermo_regseq2,0.050912973313744114
ecoli50_r007626,cnn_1d,thermo_regseq2,0.050797981299613326
ecoli50_r010496,cnn_1d,thermo_regseq2,0.050771314019057545
ecoli50_r008610,cnn_1d,thermo_regseq2,0.05071501283553603
ecoli50_r007302,cnn_1d,thermo_regseq2,0.05066081771019659
ecoli50_r004966,cnn_1d,thermo_regseq2,0.050622699450745934
ecoli50_r003345,cnn_1d,thermo_regseq2,0.05057709314741565
ecoli50_r009887,cnn_1d,thermo_regseq2,0.050468748395779084
ecoli50_r007558,cnn_1d,thermo_regseq2,0.050459612174847734
ecoli50_r001859,cnn_1d,thermo_regseq2,0.050229332388642245
ecoli50_r003393,cnn_1d,thermo_regseq2,0.05019040224256388
ecoli50_r004721,cnn_1d,thermo_regseq2,0.05002039235260236
ecoli50_r008187,cnn_1d,thermo_regseq2,0.04992950604414004
ecoli50_r002973,cnn_1d,thermo_regseq2,0.04960496424439231
ecoli50_r005332,cnn_1d,thermo_regseq2,0.04865292150929257
ecoli50_r008851,cnn_1d,thermo_regseq2,0.048594374763645476
ecoli50_r009602,cnn_1d,thermo_regseq2,0.048590197588344264
ecoli50_r010874,cnn_1d,thermo_regseq2,0.048574388793209966
ecoli50_r007768,cnn_1d,thermo_regseq2,0.04841512916375379
ecoli50_r010323,cnn_1d,thermo_regseq2,0.04823376340755248
ecoli50_r001357,cnn_1d,thermo_regseq2,0.04808101334766901
ecoli50_r003091,cnn_1d,thermo_regseq2,0.04787016406071709
ecoli50_r005330,cnn_1d,thermo_regseq2,0.047810997112331055
ecoli50_r001879,cnn_1d,thermo_regseq2,0.047314921501079965
ecoli50_r003215,cnn_1d,thermo_regseq2,0.047141734665576696
ecoli50_r007189,cnn_1d,thermo_regseq2,0.047065107470156686
ecoli50_r006557,cnn_1d,thermo_regseq2,0.046891701454304435
ecoli50_r003468,cnn_1d,thermo_regseq2,0.04596371775479868
ecoli50_r007191,cnn_1d,thermo_regseq2,0.045660192889831475
ecoli50_r007187,cnn_1d,thermo_regseq2,0.04559866862122375
ecoli50_r003075,cnn_1d,thermo_regseq2,0.0454365110015873
ecoli50_r004284,cnn_1d,thermo_regseq2,0.04538002231554028
ecoli50_r008882,cnn_1d,thermo_regseq2,0.045379966478497735
ecoli50_r006460,cnn_1d,thermo_regseq2,0.04518714090575804
ecoli50_r005132,cnn_1d,thermo_regseq2,0.04517830494619002
ecoli50_r010632,cnn_1d,thermo_regseq2,0.04487905023002314
ecoli50_r010919,cnn_1d,thermo_regseq2,0.04485975505616313
ecoli50_r004980,cnn_1d,thermo_regseq2,0.04478506436558849
ecoli50_r006605,cnn_1d,thermo_regseq2,0.04429791776134184
ecoli50_r006988,cnn_1d,thermo_regseq2,0.04398352337831746
ecoli50_r005530,cnn_1d,thermo_regseq2,0.043878341448677194
ecoli50_r003751,cnn_1d,thermo_regseq2,0.04374482565941973
ecoli50_r001882,cnn_1d,thermo_regseq2,0.04369274219279129
ecoli50_r004835,cnn_1d,thermo_regseq2,0.043627215440427136
ecoli50_r009927,cnn_1d,thermo_regseq2,0.04348294365820182
ecoli50_r002633,cnn_1d,thermo_regseq2,0.04343037986303422
ecoli50_r000527,cnn_1d,thermo_regseq2,0.043239131827281785
ecoli50_r004013,cnn_1d,thermo_regseq2,0.043166967893924824
ecoli50_r006014,cnn_1d,thermo_regseq2,0.04310853014879146
ecoli50_r007817,cnn_1d,thermo_regseq2,0.04306468522454754
ecoli50_r002042,cnn_1d,thermo_regseq2,0.04299497173828293
ecoli50_r008822,cnn_1d,thermo_regseq2,0.042989657641230306
ecoli50_r000342,cnn_1d,thermo_regseq2,0.042816375974760845
ecoli50_r002225,cnn_1d,thermo_regseq2,0.042691654373155696
ecoli50_r005417,cnn_1d,thermo_regseq2,0.042604311175640674
ecoli50_r008489,cnn_1d,thermo_regseq2,0.042546973069523375
ecoli50_r006209,cnn_1d,thermo_regseq2,0.04245196335582069
ecoli50_r003465,cnn_1d,thermo_regseq2,0.042451797306545025
ecoli50_r000034,cnn_1d,thermo_regseq2,0.042299653710796026
ecoli50_r006087,cnn_1d,thermo_regseq2,0.04218690522355306
ecoli50_r005726,cnn_1d,thermo_regseq2,0.042182066565405574
ecoli50_r002374,cnn_1d,thermo_regseq2,0.04217299546484554
ecoli50_r001665,cnn_1d,thermo_regseq2,0.042121395477338286
ecoli50_r001806,cnn_1d,thermo_regseq2,0.0419872168077684
ecoli50_r008897,cnn_1d,thermo_regseq2,0.041984367900524955
ecoli50_r009468,cnn_1d,thermo_regseq2,0.04174650904273669
ecoli50_r007830,cnn_1d,thermo_regseq2,0.04164310637245228
ecoli50_r006759,cnn_1d,thermo_regseq2,0.04162731112044149
ecoli50_r006098,cnn_1d,thermo_regseq2,0.04161814898070659
ecoli50_r009484,cnn_1d,thermo_regseq2,0.041358042487279256
ecoli50_r003934,cnn_1d,thermo_regseq2,0.04135523942650954
ecoli50_r000137,cnn_1d,thermo_regseq2,0.04128841324576804
ecoli50_r006695,cnn_1d,thermo_regseq2,0.04098657473975331
ecoli50_r002719,cnn_1d,thermo_regseq2,0.04074456794524961
ecoli50_r000266,cnn_1d,thermo_regseq2,0.04057830245894589
ecoli50_r001655,cnn_1d,thermo_regseq2,0.040546636280895054
ecoli50_r001380,cnn_1d,thermo_regseq2,0.04041647574445806
ecoli50_r007770,cnn_1d,thermo_regseq2,0.04033069293389291
ecoli50_r000001,cnn_1d,thermo_regseq2,0.04016593692276782
ecoli50_r002634,cnn_1d,thermo_regseq2,0.04009178703741245
ecoli50_r003847,cnn_1d,thermo_regseq2,0.039540922620872276
ecoli50_r002800,cnn_1d,thermo_regseq2,0.03947540470323885
ecoli50_r002710,cnn_1d,thermo_regseq2,0.03896189063222799
ecoli50_r001926,cnn_1d,thermo_regseq2,0.03893434671051965
ecoli50_r007133,cnn_1d,thermo_regseq2,0.03889572998510937
ecoli50_r000835,cnn_1d,thermo_regseq2,0.038847302193624866
ecoli50_r008907,cnn_1d,thermo_regseq2,0.038782380938024996
ecoli50_r006968,cnn_1d,thermo_regseq2,0.03864359892692626
ecoli50_r005289,cnn_1d,thermo_regseq2,0.03846758126434313
ecoli50_r000316,cnn_1d,thermo_regseq2,0.03840679013995496
ecoli50_r001698,cnn_1d,thermo_regseq2,0.03826194393225846
ecoli50_r007188,cnn_1d,thermo_regseq2,0.03820762736595773
ecoli50_r006064,cnn_1d,thermo_regseq2,0.0381855173154837
ecoli50_r006540,cnn_1d,thermo_regseq2,0.03794529229328791
ecoli50_r004342,cnn_1d,thermo_regseq2,0.03792266391293042
ecoli50_r006829,cnn_1d,thermo_regseq2,0.03780037815860249
ecoli50_r000877,cnn_1d,thermo_regseq2,0.03753439842186479
ecoli50_r001771,cnn_1d,thermo_regseq2,0.03750136862454578
ecoli50_r001324,cnn_1d,thermo_regseq2,0.037490636874184524
ecoli50_r004419,cnn_1d,thermo_regseq2,0.037486879741132295
ecoli50_r001761,cnn_1d,thermo_regseq2,0.03747323913294798
ecoli50_r005008,cnn_1d,thermo_regseq2,0.03741272163796605
ecoli50_r005472,cnn_1d,thermo_regseq2,0.03730491720547002
ecoli50_r003598,cnn_1d,thermo_regseq2,0.0371184060431764
ecoli50_r003634,cnn_1d,thermo_regseq2,0.03699434365548715
ecoli50_r000163,cnn_1d,thermo_regseq2,0.03671311908021968
ecoli50_r000638,cnn_1d,thermo_regseq2,0.03668962225732475
ecoli50_r005254,cnn_1d,thermo_regseq2,0.03664370578882625
ecoli50_r008260,cnn_1d,thermo_regseq2,0.03660773600606326
ecoli50_r004545,cnn_1d,thermo_regseq2,0.03647460254884427
ecoli50_r001841,cnn_1d,thermo_regseq2,0.03620798536083569
ecoli50_r000628,cnn_1d,thermo_regseq2,0.035897176533836284
ecoli50_r004339,cnn_1d,thermo_regseq2,0.03574643727289972
ecoli50_r006534,cnn_1d,thermo_regseq2,0.03543592894754344
ecoli50_r005598,cnn_1d,thermo_regseq2,0.03527035727388306
ecoli50_r010917,cnn_1d,thermo_regseq2,0.03525896756266356
ecoli50_r007363,cnn_1d,thermo_regseq2,0.03522269922661048
ecoli50_r002588,cnn_1d,thermo_regseq2,0.0351965325799144
ecoli50_r010129,cnn_1d,thermo_regseq2,0.03519326136234335
ecoli50_r010957,cnn_1d,thermo_regseq2,0.035142669555855655
ecoli50_r005546,cnn_1d,thermo_regseq2,0.03492687040459597
ecoli50_r007939,cnn_1d,thermo_regseq2,0.034788879184664
ecoli50_r005785,cnn_1d,thermo_regseq2,0.03475904404908947
ecoli50_r009734,cnn_1d,thermo_regseq2,0.03466978456335568
ecoli50_r000234,cnn_1d,thermo_regseq2,0.03444746848912761
ecoli50_r000486,cnn_1d,thermo_regseq2,0.034379439496770914
ecoli50_r003407,cnn_1d,thermo_regseq2,0.03423674677869348
ecoli50_r005615,cnn_1d,thermo_regseq2,0.03413285877145533
ecoli50_r004709,cnn_1d,thermo_regseq2,0.03377611621953358
ecoli50_r002843,cnn_1d,thermo_regseq2,0.0337501070436903
ecoli50_r004769,cnn_1d,thermo_regseq2,0.03359133941057424
ecoli50_r006433,cnn_1d,thermo_regseq2,0.0334743856644284
ecoli50_r005209,cnn_1d,thermo_regseq2,0.03344409716738728
ecoli50_r000664,cnn_1d,thermo_regseq2,0.03341515797104
ecoli50_r002839,cnn_1d,thermo_regseq2,0.033136347188889026
ecoli50_r001075,cnn_1d,thermo_regseq2,0.033086755693248815
ecoli50_r008547,cnn_1d,thermo_regseq2,0.032926743529312574
ecoli50_r002476,cnn_1d,thermo_regseq2,0.032795885121267965
ecoli50_r010269,cnn_1d,thermo_regseq2,0.03270430790357404
ecoli50_r007913,cnn_1d,thermo_regseq2,0.03264662832770027
ecoli50_r009706,cnn_1d,thermo_regseq2,0.03261230517325853
ecoli50_r007071,cnn_1d,thermo_regseq2,0.03196436891536436
ecoli50_r008934,cnn_1d,thermo_regseq2,0.03189946270769273
ecoli50_r003608,cnn_1d,thermo_regseq2,0.03168511168506072
ecoli50_r007633,cnn_1d,thermo_regseq2,0.03158356459962741
ecoli50_r008840,cnn_1d,thermo_regseq2,0.03155938867068242
ecoli50_r010815,cnn_1d,thermo_regseq2,0.031548185795447825
ecoli50_r004719,cnn_1d,thermo_regseq2,0.03151387281981499
ecoli50_r008728,cnn_1d,thermo_regseq2,0.03138545551901695
ecoli50_r006340,cnn_1d,thermo_regseq2,0.031275763389560396
ecoli50_r003074,cnn_1d,thermo_regseq2,0.03106043908221956
ecoli50_r002105,cnn_1d,thermo_regseq2,0.03099260733404341
ecoli50_r010731,cnn_1d,thermo_regseq2,0.030803205533560085
ecoli50_r002006,cnn_1d,thermo_regseq2,0.030658391946664754
ecoli50_r007761,cnn_1d,thermo_regseq2,0.030543165001458927
ecoli50_r001951,cnn_1d,thermo_regseq2,0.03032905419320464
ecoli50_r000122,cnn_1d,thermo_regseq2,0.030070690734261163
ecoli50_r003504,cnn_1d,thermo_regseq2,0.029737729202820695
ecoli50_r004940,cnn_1d,thermo_regseq2,0.02944106813149805
ecoli50_r006625,cnn_1d,thermo_regseq2,0.029404077019341557
ecoli50_r008085,cnn_1d,thermo_regseq2,0.029329250252611683
ecoli50_r000268,cnn_1d,thermo_regseq2,0.029168349828546436
ecoli50_r007282,cnn_1d,thermo_regseq2,0.029142548920379596
ecoli50_r009488,cnn_1d,thermo_regseq2,0.029131510751707168
ecoli50_r002385,cnn_1d,thermo_regseq2,0.02900089647465931
ecoli50_r009717,cnn_1d,thermo_regseq2,0.02879095078308147
ecoli50_r011275,cnn_1d,thermo_regseq2,0.028725102233183808
ecoli50_r004959,cnn_1d,thermo_regseq2,0.02839142001922612
ecoli50_r007360,cnn_1d,thermo_regseq2,0.027991619024817282
ecoli50_r010938,cnn_1d,thermo_regseq2,0.02790418102638581
ecoli50_r000236,cnn_1d,thermo_regseq2,0.02784897769206074
ecoli50_r001809,cnn_1d,thermo_regseq2,0.027279018954938117
ecoli50_r009884,cnn_1d,thermo_regseq2,0.02707777539679368
ecoli50_r000366,cnn_1d,thermo_regseq2,0.027063624155891475
ecoli50_r008509,cnn_1d,thermo_regseq2,0.02691329710353818
ecoli50_r008496,cnn_1d,thermo_regseq2,0.026777931819829348
ecoli50_r005097,cnn_1d,thermo_regseq2,0.026761379708033495
ecoli50_r009709,cnn_1d,thermo_regseq2,0.02671189913451455
ecoli50_r001589,cnn_1d,thermo_regseq2,0.0266100354282508
ecoli50_r005526,cnn_1d,thermo_regseq2,0.026593589718518107
ecoli50_r005899,cnn_1d,thermo_regseq2,0.026478272262214553
ecoli50_r008870,cnn_1d,thermo_regseq2,0.026259015630043958
ecoli50_r006727,cnn_1d,thermo_regseq2,0.026229675433808275
ecoli50_r010684,cnn_1d,thermo_regseq2,0.026165360729678344
ecoli50_r000921,cnn_1d,thermo_regseq2,0.02587514219872311
ecoli50_r007483,cnn_1d,thermo_regseq2,0.02586531931764524
ecoli50_r008324,cnn_1d,thermo_regseq2,0.025853078994301004
ecoli50_r009494,cnn_1d,thermo_regseq2,0.025786974419293784
ecoli50_r010600,cnn_1d,thermo_regseq2,0.025775484099827217
ecoli50_r010923,cnn_1d,thermo_regseq2,0.02571094275567587
ecoli50_r007738,cnn_1d,thermo_regseq2,0.02539418456147491
ecoli50_r011008,cnn_1d,thermo_regseq2,0.025301069491558525
ecoli50_r006646,cnn_1d,thermo_regseq2,0.025249749744766792
ecoli50_r000606,cnn_1d,thermo_regseq2,0.02523730290077042
ecoli50_r000313,cnn_1d,thermo_regseq2,0.025116150631312895
ecoli50_r006571,cnn_1d,thermo_regseq2,0.025110828799347118
ecoli50_r000856,cnn_1d,thermo_regseq2,0.0250348086787624
ecoli50_r003086,cnn_1d,thermo_regseq2,0.02476469239224821
ecoli50_r009054,cnn_1d,thermo_regseq2,0.024678188671433787
ecoli50_r008216,cnn_1d,thermo_regseq2,0.024663272782186496
ecoli50_r010651,cnn_1d,thermo_regseq2,0.024224045365767388
ecoli50_r006140,cnn_1d,thermo_regseq2,0.02417564874133671
ecoli50_r010565,cnn_1d,thermo_regseq2,0.024051637181326857
ecoli50_r011374,cnn_1d,thermo_regseq2,0.023981045021308045
ecoli50_r011543,cnn_1d,thermo_regseq2,0.023958422101968413
ecoli50_r001436,cnn_1d,thermo_regseq2,0.023243544639332203
ecoli50_r009238,cnn_1d,thermo_regseq2,0.02309897979383546
ecoli50_r009841,cnn_1d,thermo_regseq2,0.023067008972215586
ecoli50_r003429,cnn_1d,thermo_regseq2,0.022993674199822234
ecoli50_r001489,cnn_1d,thermo_regseq2,0.022993370556668946
ecoli50_r001778,cnn_1d,thermo_regseq2,0.022980239165694805
ecoli50_r002327,cnn_1d,thermo_regseq2,0.022859601274397345
ecoli50_r010354,cnn_1d,thermo_regseq2,0.02263371494466071
ecoli50_r003319,cnn_1d,thermo_regseq2,0.0225531048170291
ecoli50_r005799,cnn_1d,thermo_regseq2,0.022546535608703344
ecoli50_r010046,cnn_1d,thermo_regseq2,0.022461594234364224
ecoli50_r006561,cnn_1d,thermo_regseq2,0.02224586610738921
ecoli50_r002657,cnn_1d,thermo_regseq2,0.022139824696713273
ecoli50_r008802,cnn_1d,thermo_regseq2,0.02201176384125647
ecoli50_r003138,cnn_1d,thermo_regseq2,0.022001969732236226
ecoli50_r000613,cnn_1d,thermo_regseq2,0.021630413815021843
ecoli50_r003447,cnn_1d,thermo_regseq2,0.021531917421957036
ecoli50_r001844,cnn_1d,thermo_regseq2,0.02152062886468764
ecoli50_r011583,cnn_1d,thermo_regseq2,0.02147388326032429
ecoli50_r005639,cnn_1d,thermo_regseq2,0.021320731623741374
ecoli50_r008513,cnn_1d,thermo_regseq2,0.02115898737651012
ecoli50_r002189,cnn_1d,thermo_regseq2,0.021074769356379086
ecoli50_r010827,cnn_1d,thermo_regseq2,0.02101733321749988
ecoli50_r007559,cnn_1d,thermo_regseq2,0.020941327491173833
ecoli50_r002999,cnn_1d,thermo_regseq2,0.020462111283098938
ecoli50_r005630,cnn_1d,thermo_regseq2,0.020457186014787077
ecoli50_r009852,cnn_1d,thermo_regseq2,0.020447503300735193
ecoli50_r009046,cnn_1d,thermo_regseq2,0.01973446703879267
ecoli50_r003924,cnn_1d,thermo_regseq2,0.01969488965433186
ecoli50_r000435,cnn_1d,thermo_regseq2,0.01962612910407291
ecoli50_r003834,cnn_1d,thermo_regseq2,0.01943917640692705
ecoli50_r010438,cnn_1d,thermo_regseq2,0.019401949211728553
ecoli50_r001872,cnn_1d,thermo_regseq2,0.019317200078630137
ecoli50_r005786,cnn_1d,thermo_regseq2,0.019287081556583985
ecoli50_r003269,cnn_1d,thermo_regseq2,0.019273649570984208
ecoli50_r006672,cnn_1d,thermo_regseq2,0.018848699499353305
ecoli50_r002130,cnn_1d,thermo_regseq2,0.018714249945705586
ecoli50_r011111,cnn_1d,thermo_regseq2,0.018632677670431086
ecoli50_r009081,cnn_1d,thermo_regseq2,0.018369578114193263
ecoli50_r006285,cnn_1d,thermo_regseq2,0.0182701384063213
ecoli50_r010218,cnn_1d,thermo_regseq2,0.018250790641402226
ecoli50_r008450,cnn_1d,thermo_regseq2,0.01788676269504208
ecoli50_r006778,cnn_1d,thermo_regseq2,0.01785917723584385
ecoli50_r004370,cnn_1d,thermo_regseq2,0.017572440544675327
ecoli50_r006090,cnn_1d,thermo_regseq2,0.017436331036016384
ecoli50_r006876,cnn_1d,thermo_regseq2,0.017306330628287014
ecoli50_r006411,cnn_1d,thermo_regseq2,0.017240190896365082
ecoli50_r006482,cnn_1d,thermo_regseq2,0.017035033752253348
ecoli50_r008221,cnn_1d,thermo_regseq2,0.016987460918447272
ecoli50_r010720,cnn_1d,thermo_regseq2,0.016923437601957136
ecoli50_r006725,cnn_1d,thermo_regseq2,0.01689669817709394
ecoli50_r001620,cnn_1d,thermo_regseq2,0.016875563453566667
ecoli50_r006794,cnn_1d,thermo_regseq2,0.01672893486473903
ecoli50_r010048,cnn_1d,thermo_regseq2,0.016728279536365243
ecoli50_r005654,cnn_1d,thermo_regseq2,0.016723944647143885
ecoli50_r008303,cnn_1d,thermo_regseq2,0.016718092693412068
ecoli50_r001088,cnn_1d,thermo_regseq2,0.016671214170671078
ecoli50_r002034,cnn_1d,thermo_regseq2,0.016641235361193107
ecoli50_r007323,cnn_1d,thermo_regseq2,0.016598091861966147
ecoli50_r004784,cnn_1d,thermo_regseq2,0.016450654995832092
ecoli50_r005910,cnn_1d,thermo_regseq2,0.01643995452451863
ecoli50_r011459,cnn_1d,thermo_regseq2,0.015863175053438372
ecoli50_r004094,cnn_1d,thermo_regseq2,0.01571056623092515
ecoli50_r009466,cnn_1d,thermo_regseq2,0.014988616333047045
ecoli50_r001567,cnn_1d,thermo_regseq2,0.014969788881541657
ecoli50_r010183,cnn_1d,thermo_regseq2,0.014889689244511839
ecoli50_r009454,cnn_1d,thermo_regseq2,0.014841188714980635
ecoli50_r006981,cnn_1d,thermo_regseq2,0.01446285051313545
ecoli50_r005233,cnn_1d,thermo_regseq2,0.014440736036581026
ecoli50_r000346,cnn_1d,thermo_regseq2,0.014428526823515586
ecoli50_r002741,cnn_1d,thermo_regseq2,0.014305745260269287
ecoli50_r007405,cnn_1d,thermo_regseq2,0.014292482613583957
ecoli50_r004764,cnn_1d,thermo_regseq2,0.014071778223573084
ecoli50_r004557,cnn_1d,thermo_regseq2,0.013902830062503035
ecoli50_r005689,cnn_1d,thermo_regseq2,0.013894441946645575
ecoli50_r005325,cnn_1d,thermo_regseq2,0.013768003058313383
ecoli50_r002967,cnn_1d,thermo_regseq2,0.013700024513863429
ecoli50_r002090,cnn_1d,thermo_regseq2,0.013554815296766609
ecoli50_r000821,cnn_1d,thermo_regseq2,0.013039041316093236
ecoli50_r010501,cnn_1d,thermo_regseq2,0.012615005208261199
ecoli50_r010797,cnn_1d,thermo_regseq2,0.012575176356683926
ecoli50_r007861,cnn_1d,thermo_regseq2,0.012567078084566141
ecoli50_r010274,cnn_1d,thermo_regseq2,0.012556566220431886
ecoli50_r000006,cnn_1d,thermo_regseq2,0.012529631722859147
ecoli50_r007725,cnn_1d,thermo_regseq2,0.01250278796003279
ecoli50_r006632,cnn_1d,thermo_regseq2,0.012430558146053095
ecoli50_r007095,cnn_1d,thermo_regseq2,0.012356090718417256
ecoli50_r006531,cnn_1d,thermo_regseq2,0.012350915700566567
ecoli50_r007214,cnn_1d,thermo_regseq2,0.012290075364542297
ecoli50_r001005,cnn_1d,thermo_regseq2,0.012187203910883682
ecoli50_r000327,cnn_1d,thermo_regseq2,0.012052871084477168
ecoli50_r001374,cnn_1d,thermo_regseq2,0.011946948489486076
ecoli50_r005569,cnn_1d,thermo_regseq2,0.01178284712068045
ecoli50_r005510,cnn_1d,thermo_regseq2,0.011694018915705762
ecoli50_r003508,cnn_1d,thermo_regseq2,0.011663436146936323
ecoli50_r010296,cnn_1d,thermo_regseq2,0.011355410319184855
ecoli50_r005719,cnn_1d,thermo_regseq2,0.011288197797049815
ecoli50_r002301,cnn_1d,thermo_regseq2,0.011279627180548424
ecoli50_r008225,cnn_1d,thermo_regseq2,0.011214910118943155
ecoli50_r001414,cnn_1d,thermo_regseq2,0.011210257902151799
ecoli50_r000396,cnn_1d,thermo_regseq2,0.011128564455159307
ecoli50_r007231,cnn_1d,thermo_regseq2,0.011071976920556725
ecoli50_r008042,cnn_1d,thermo_regseq2,0.011053502574700946
ecoli50_r008239,cnn_1d,thermo_regseq2,0.010936526665158208
ecoli50_r008868,cnn_1d,thermo_regseq2,0.010747483396831736
ecoli50_r006219,cnn_1d,thermo_regseq2,0.010675018455278629
ecoli50_r000605,cnn_1d,thermo_regseq2,0.010596561732314935
ecoli50_r007529,cnn_1d,thermo_regseq2,0.010574632270769602
ecoli50_r002314,cnn_1d,thermo_regseq2,0.010324063329161248
ecoli50_r010922,cnn_1d,thermo_regseq2,0.010260645084300801
ecoli50_r010904,cnn_1d,thermo_regseq2,0.010174703999488166
ecoli50_r003587,cnn_1d,thermo_regseq2,0.010055055503476407
ecoli50_r009492,cnn_1d,thermo_regseq2,0.00997465772475703
ecoli50_r003652,cnn_1d,thermo_regseq2,0.009914512134466147
ecoli50_r007579,cnn_1d,thermo_regseq2,0.009717052484702116
ecoli50_r000355,cnn_1d,thermo_regseq2,0.009715836393362043
ecoli50_r007554,cnn_1d,thermo_regseq2,0.00966246312308261
ecoli50_r000733,cnn_1d,thermo_regseq2,0.009648170994701388
ecoli50_r003923,cnn_1d,thermo_regseq2,0.009370979489762732
ecoli50_r011087,cnn_1d,thermo_regseq2,0.009236811077462104
ecoli50_r010350,cnn_1d,thermo_regseq2,0.009210395940411953
ecoli50_r002032,cnn_1d,thermo_regseq2,0.0089019119508853
ecoli50_r005714,cnn_1d,thermo_regseq2,0.008874246042824385
ecoli50_r001842,cnn_1d,thermo_regseq2,0.008764707180234144
ecoli50_r009565,cnn_1d,thermo_regseq2,0.00876059961931741
ecoli50_r007109,cnn_1d,thermo_regseq2,0.00870132643161936
ecoli50_r000465,cnn_1d,thermo_regseq2,0.008331468902009309
ecoli50_r002359,cnn_1d,thermo_regseq2,0.008163265278109844
ecoli50_r010387,cnn_1d,thermo_regseq2,0.007921192321998838
ecoli50_r008813,cnn_1d,thermo_regseq2,0.0077657254084666505
ecoli50_r004613,cnn_1d,thermo_regseq2,0.007699866410684653
ecoli50_r000601,cnn_1d,thermo_regseq2,0.007692426504406491
ecoli50_r009599,cnn_1d,thermo_regseq2,0.007621508219579187
ecoli50_r009029,cnn_1d,thermo_regseq2,0.007590313338876609
ecoli50_r011485,cnn_1d,thermo_regseq2,0.007527361850701464
ecoli50_r000775,cnn_1d,thermo_regseq2,0.007135068494480645
ecoli50_r007595,cnn_1d,thermo_regseq2,0.0071290267388191
ecoli50_r010148,cnn_1d,thermo_regseq2,0.006932659936247809
ecoli50_r006703,cnn_1d,thermo_regseq2,0.006720815270271796
ecoli50_r009920,cnn_1d,thermo_regseq2,0.006590924824870115
ecoli50_r010760,cnn_1d,thermo_regseq2,0.0063205037466054215
ecoli50_r005294,cnn_1d,thermo_regseq2,0.00609652372396452
ecoli50_r005661,cnn_1d,thermo_regseq2,0.005761285627893908
ecoli50_r007131,cnn_1d,thermo_regseq2,0.0055317770094411856
ecoli50_r001791,cnn_1d,thermo_regseq2,0.005522566006713525
ecoli50_r007850,cnn_1d,thermo_regseq2,0.005444874209324269
ecoli50_r002282,cnn_1d,thermo_regseq2,0.005361779408925127
ecoli50_r001372,cnn_1d,thermo_regseq2,0.005253211243795519
ecoli50_r005822,cnn_1d,thermo_regseq2,0.0052427021086334236
ecoli50_r007645,cnn_1d,thermo_regseq2,0.00499578959496505
ecoli50_r004610,cnn_1d,thermo_regseq2,0.004937417277634193
ecoli50_r010478,cnn_1d,thermo_regseq2,0.0048253102133233305
ecoli50_r003920,cnn_1d,thermo_regseq2,0.004722601317026065
ecoli50_r009766,cnn_1d,thermo_regseq2,0.004590475412548756
ecoli50_r002426,cnn_1d,thermo_regseq2,0.0044973250050879265
ecoli50_r002490,cnn_1d,thermo_regseq2,0.004387402985087885
ecoli50_r000449,cnn_1d,thermo_regseq2,0.004346406802492986
ecoli50_r008990,cnn_1d,thermo_regseq2,0.004245772585784735
ecoli50_r004099,cnn_1d,thermo_regseq2,0.0040715457456350634
ecoli50_r010626,cnn_1d,thermo_regseq2,0.0038667076376146525
ecoli50_r002524,cnn_1d,thermo_regseq2,0.003798149481778701
ecoli50_r006129,cnn_1d,thermo_regseq2,0.0037154815292876897
ecoli50_r003740,cnn_1d,thermo_regseq2,0.0035318648455384682
ecoli50_r006403,cnn_1d,thermo_regseq2,0.003379799373371295
ecoli50_r003037,cnn_1d,thermo_regseq2,0.0033669231970074875
ecoli50_r001945,cnn_1d,thermo_regseq2,0.002766092274578913
ecoli50_r001998,cnn_1d,thermo_regseq2,0.0024274660822638516
ecoli50_r007281,cnn_1d,thermo_regseq2,0.0022238084305592487
ecoli50_r010497,cnn_1d,thermo_regseq2,0.0022172454781888007
ecoli50_r002531,cnn_1d,thermo_regseq2,0.0021337925920010825
ecoli50_r005524,cnn_1d,thermo_regseq2,0.002098681868794916
ecoli50_r011827,cnn_1d,thermo_regseq2,0.0018340790465560808
ecoli50_r011741,cnn_1d,thermo_regseq2,0.0017995764486609112
ecoli50_r006082,cnn_1d,thermo_regseq2,0.0016996249897269777
ecoli50_r009943,cnn_1d,thermo_regseq2,0.0016253070538123637
ecoli50_r000336,cnn_1d,thermo_regseq2,0.0015173221281652438
ecoli50_r009070,cnn_1d,thermo_regseq2,0.001416378045795419
ecoli50_r007619,cnn_1d,thermo_regseq2,0.0009666816140381229
ecoli50_r011681,cnn_1d,thermo_regseq2,0.0009627070247573144
ecoli50_r009303,cnn_1d,thermo_regseq2,0.0008974651609823248
ecoli50_r010177,cnn_1d,thermo_regseq2,0.0008426047322962482
ecoli50_r001349,cnn_1d,thermo_regseq2,0.0005930099643567388
ecoli50_r001309,cnn_1d,thermo_regseq2,0.00043346649352260513
ecoli50_r006930,cnn_1d,thermo_regseq2,0.0003949284810955689
ecoli50_r001427,knn_physchem_full,thermo_regseq2,0.5393921896755516
ecoli50_r006186,knn_physchem_full,thermo_regseq2,0.5113893848705535
ecoli50_r010641,knn_physchem_full,thermo_regseq2,0.4582420795578974
ecoli50_r009867,knn_physchem_full,thermo_regseq2,0.43393428330443795
ecoli50_r008726,knn_physchem_full,thermo_regseq2,0.4316444243980273
ecoli50_r008793,knn_physchem_full,thermo_regseq2,0.425716232034115
ecoli50_r000031,knn_physchem_full,thermo_regseq2,0.42071696890425603
ecoli50_r010057,knn_physchem_full,thermo_regseq2,0.40863169281558687
ecoli50_r001291,knn_physchem_full,thermo_regseq2,0.4000522393003947
ecoli50_r007978,knn_physchem_full,thermo_regseq2,0.39591823967901174
ecoli50_r009615,knn_physchem_full,thermo_regseq2,0.3942147699295284
ecoli50_r002826,knn_physchem_full,thermo_regseq2,0.39040626557803426
ecoli50_r011804,knn_physchem_full,thermo_regseq2,0.3826997871026454
ecoli50_r009475,knn_physchem_full,thermo_regseq2,0.37744145076383706
ecoli50_r002023,knn_physchem_full,thermo_regseq2,0.3623437471836839
ecoli50_r011429,knn_physchem_full,thermo_regseq2,0.3578766956966075
ecoli50_r010757,knn_physchem_full,thermo_regseq2,0.35397509367243574
ecoli50_r007685,knn_physchem_full,thermo_regseq2,0.3536612495649667
ecoli50_r006493,knn_physchem_full,thermo_regseq2,0.34610936711982454
ecoli50_r010288,knn_physchem_full,thermo_regseq2,0.34445377935078847
ecoli50_r011841,knn_physchem_full,thermo_regseq2,0.3422365547328998
ecoli50_r002707,knn_physchem_full,thermo_regseq2,0.3290675379415653
ecoli50_r007603,knn_physchem_full,thermo_regseq2,0.32867492544351595
ecoli50_r008577,knn_physchem_full,thermo_regseq2,0.32132553921272455
ecoli50_r007006,knn_physchem_full,thermo_regseq2,0.320814214509193
ecoli50_r006432,knn_physchem_full,thermo_regseq2,0.3152235718291281
ecoli50_r000741,knn_physchem_full,thermo_regseq2,0.31411185289997956
ecoli50_r000567,knn_physchem_full,thermo_regseq2,0.3057927907576845
ecoli50_r003404,knn_physchem_full,thermo_regseq2,0.3033888270606071
ecoli50_r002655,knn_physchem_full,thermo_regseq2,0.30278033468171905
ecoli50_r008383,knn_physchem_full,thermo_regseq2,0.300843882258095
ecoli50_r004094,knn_physchem_full,thermo_regseq2,0.3006578360829648
ecoli50_r008730,knn_physchem_full,thermo_regseq2,0.2984655578473734
ecoli50_r008938,knn_physchem_full,thermo_regseq2,0.298254578819241
ecoli50_r008733,knn_physchem_full,thermo_regseq2,0.2971982393634556
ecoli50_r010045,knn_physchem_full,thermo_regseq2,0.29642652984450324
ecoli50_r001903,knn_physchem_full,thermo_regseq2,0.292354432357004
ecoli50_r000446,knn_physchem_full,thermo_regseq2,0.29197354225774586
ecoli50_r010257,knn_physchem_full,thermo_regseq2,0.28925340543949707
ecoli50_r003773,knn_physchem_full,thermo_regseq2,0.28751983390394686
ecoli50_r006749,knn_physchem_full,thermo_regseq2,0.283852520446112
ecoli50_r004214,knn_physchem_full,thermo_regseq2,0.2827541698520508
ecoli50_r003812,knn_physchem_full,thermo_regseq2,0.28264961621565465
ecoli50_r011276,knn_physchem_full,thermo_regseq2,0.27559034714875574
ecoli50_r006969,knn_physchem_full,thermo_regseq2,0.27291186778554266
ecoli50_r001475,knn_physchem_full,thermo_regseq2,0.27002959420784967
ecoli50_r001045,knn_physchem_full,thermo_regseq2,0.26823936831928163
ecoli50_r005068,knn_physchem_full,thermo_regseq2,0.2682092332755994
ecoli50_r010366,knn_physchem_full,thermo_regseq2,0.2653120010635761
ecoli50_r002586,knn_physchem_full,thermo_regseq2,0.2642174412263527
ecoli50_r001302,knn_physchem_full,thermo_regseq2,0.26333506907055737
ecoli50_r003008,knn_physchem_full,thermo_regseq2,0.26260151196014103
ecoli50_r003840,knn_physchem_full,thermo_regseq2,0.2614536480516585
ecoli50_r007817,knn_physchem_full,thermo_regseq2,0.25849751676857147
ecoli50_r002821,knn_physchem_full,thermo_regseq2,0.2580656874292395
ecoli50_r000773,knn_physchem_full,thermo_regseq2,0.25695005804418436
ecoli50_r011677,knn_physchem_full,thermo_regseq2,0.2567585136605479
ecoli50_r006014,knn_physchem_full,thermo_regseq2,0.2559887901714839
ecoli50_r007303,knn_physchem_full,thermo_regseq2,0.25554932818252096
ecoli50_r011299,knn_physchem_full,thermo_regseq2,0.2534728426477204
ecoli50_r005092,knn_physchem_full,thermo_regseq2,0.2526994573438959
ecoli50_r006929,knn_physchem_full,thermo_regseq2,0.25210077523766916
ecoli50_r002173,knn_physchem_full,thermo_regseq2,0.2508434453140205
ecoli50_r002622,knn_physchem_full,thermo_regseq2,0.25024393644755816
ecoli50_r000319,knn_physchem_full,thermo_regseq2,0.2501388269014031
ecoli50_r002803,knn_physchem_full,thermo_regseq2,0.24858891875940392
ecoli50_r005906,knn_physchem_full,thermo_regseq2,0.24732128563875166
ecoli50_r010842,knn_physchem_full,thermo_regseq2,0.24689093272060214
ecoli50_r000149,knn_physchem_full,thermo_regseq2,0.24619322623754636
ecoli50_r003311,knn_physchem_full,thermo_regseq2,0.24599332982129907
ecoli50_r000687,knn_physchem_full,thermo_regseq2,0.24533452758927732
ecoli50_r007281,knn_physchem_full,thermo_regseq2,0.2447341149566329
ecoli50_r003855,knn_physchem_full,thermo_regseq2,0.24447546048548974
ecoli50_r004011,knn_physchem_full,thermo_regseq2,0.24419472608633397
ecoli50_r006968,knn_physchem_full,thermo_regseq2,0.24409476774309669
ecoli50_r002121,knn_physchem_full,thermo_regseq2,0.24404898814890563
ecoli50_r006793,knn_physchem_full,thermo_regseq2,0.2440125319379769
ecoli50_r009187,knn_physchem_full,thermo_regseq2,0.2433785541801181
ecoli50_r008802,knn_physchem_full,thermo_regseq2,0.24336210116262125
ecoli50_r005271,knn_physchem_full,thermo_regseq2,0.24201491788146434
ecoli50_r003126,knn_physchem_full,thermo_regseq2,0.2414918058765969
ecoli50_r000530,knn_physchem_full,thermo_regseq2,0.23948588777416369
ecoli50_r009006,knn_physchem_full,thermo_regseq2,0.23930800165175192
ecoli50_r007302,knn_physchem_full,thermo_regseq2,0.2379337607078047
ecoli50_r000720,knn_physchem_full,thermo_regseq2,0.23742592223313297
ecoli50_r004204,knn_physchem_full,thermo_regseq2,0.23737368350641397
ecoli50_r002195,knn_physchem_full,thermo_regseq2,0.23703647105602998
ecoli50_r008200,knn_physchem_full,thermo_regseq2,0.23604445047339073
ecoli50_r005980,knn_physchem_full,thermo_regseq2,0.23527949602153386
ecoli50_r002700,knn_physchem_full,thermo_regseq2,0.23475338658773648
ecoli50_r001252,knn_physchem_full,thermo_regseq2,0.23450138355798789
ecoli50_r010545,knn_physchem_full,thermo_regseq2,0.23389288092209393
ecoli50_r009005,knn_physchem_full,thermo_regseq2,0.2337972306852414
ecoli50_r009037,knn_physchem_full,thermo_regseq2,0.23280578467798074
ecoli50_r005865,knn_physchem_full,thermo_regseq2,0.23202684463360423
ecoli50_r006123,knn_physchem_full,thermo_regseq2,0.23188451702718993
ecoli50_r004939,knn_physchem_full,thermo_regseq2,0.23155312855873245
ecoli50_r003917,knn_physchem_full,thermo_regseq2,0.23023153685702802
ecoli50_r009740,knn_physchem_full,thermo_regseq2,0.2291143423239297
ecoli50_r000656,knn_physchem_full,thermo_regseq2,0.2289981342543954
ecoli50_r002814,knn_physchem_full,thermo_regseq2,0.22873037228433146
ecoli50_r004632,knn_physchem_full,thermo_regseq2,0.228211977899885
ecoli50_r008989,knn_physchem_full,thermo_regseq2,0.2262701261147404
ecoli50_r010387,knn_physchem_full,thermo_regseq2,0.22557476460644965
ecoli50_r007417,knn_physchem_full,thermo_regseq2,0.22537908035661047
ecoli50_r003473,knn_physchem_full,thermo_regseq2,0.22474511754342075
ecoli50_r006962,knn_physchem_full,thermo_regseq2,0.22434951703659012
ecoli50_r001814,knn_physchem_full,thermo_regseq2,0.22424421410912698
ecoli50_r008762,knn_physchem_full,thermo_regseq2,0.22373922440125593
ecoli50_r002673,knn_physchem_full,thermo_regseq2,0.223232061084623
ecoli50_r002360,knn_physchem_full,thermo_regseq2,0.2231351442538405
ecoli50_r006989,knn_physchem_full,thermo_regseq2,0.22241165237486582
ecoli50_r002399,knn_physchem_full,thermo_regseq2,0.2223810197910394
ecoli50_r001077,knn_physchem_full,thermo_regseq2,0.22223153468245238
ecoli50_r004101,knn_physchem_full,thermo_regseq2,0.221702316423793
ecoli50_r011357,knn_physchem_full,thermo_regseq2,0.22168187277676843
ecoli50_r001213,knn_physchem_full,thermo_regseq2,0.22126338189750516
ecoli50_r000367,knn_physchem_full,thermo_regseq2,0.22067481784354515
ecoli50_r011770,knn_physchem_full,thermo_regseq2,0.2204039085320595
ecoli50_r008950,knn_physchem_full,thermo_regseq2,0.2202906731232699
ecoli50_r005278,knn_physchem_full,thermo_regseq2,0.22006165762171603
ecoli50_r006406,knn_physchem_full,thermo_regseq2,0.21930020516906445
ecoli50_r002412,knn_physchem_full,thermo_regseq2,0.21922362637752224
ecoli50_r008747,knn_physchem_full,thermo_regseq2,0.21864558225478392
ecoli50_r000717,knn_physchem_full,thermo_regseq2,0.21779434994875313
ecoli50_r006233,knn_physchem_full,thermo_regseq2,0.21776334028453004
ecoli50_r007677,knn_physchem_full,thermo_regseq2,0.2161267430622149
ecoli50_r000776,knn_physchem_full,thermo_regseq2,0.2155518810339263
ecoli50_r000690,knn_physchem_full,thermo_regseq2,0.21544123628932255
ecoli50_r007955,knn_physchem_full,thermo_regseq2,0.21483215696452973
ecoli50_r000200,knn_physchem_full,thermo_regseq2,0.2147592068250006
ecoli50_r009820,knn_physchem_full,thermo_regseq2,0.21456987424651874
ecoli50_r007957,knn_physchem_full,thermo_regseq2,0.211677622088982
ecoli50_r002202,knn_physchem_full,thermo_regseq2,0.21167380521363244
ecoli50_r009119,knn_physchem_full,thermo_regseq2,0.21152106143206684
ecoli50_r003573,knn_physchem_full,thermo_regseq2,0.21097485772977098
ecoli50_r002652,knn_physchem_full,thermo_regseq2,0.2105127062022576
ecoli50_r005265,knn_physchem_full,thermo_regseq2,0.210380387445249
ecoli50_r005419,knn_physchem_full,thermo_regseq2,0.2088253882091209
ecoli50_r006087,knn_physchem_full,thermo_regseq2,0.2084906226072376
ecoli50_r010923,knn_physchem_full,thermo_regseq2,0.20747534573191384
ecoli50_r006860,knn_physchem_full,thermo_regseq2,0.2065636121968475
ecoli50_r008868,knn_physchem_full,thermo_regseq2,0.20598476978586389
ecoli50_r005101,knn_physchem_full,thermo_regseq2,0.20498704180333105
ecoli50_r007814,knn_physchem_full,thermo_regseq2,0.20455214742280692
ecoli50_r003604,knn_physchem_full,thermo_regseq2,0.20422620304477057
ecoli50_r004977,knn_physchem_full,thermo_regseq2,0.20409349823697243
ecoli50_r007129,knn_physchem_full,thermo_regseq2,0.203435946779305
ecoli50_r007490,knn_physchem_full,thermo_regseq2,0.2029148019461764
ecoli50_r003735,knn_physchem_full,thermo_regseq2,0.20259249181826045
ecoli50_r008897,knn_physchem_full,thermo_regseq2,0.2010878466887096
ecoli50_r000945,knn_physchem_full,thermo_regseq2,0.20081085904395035
ecoli50_r005989,knn_physchem_full,thermo_regseq2,0.20029025264165545
ecoli50_r007071,knn_physchem_full,thermo_regseq2,0.20005206046911894
ecoli50_r001504,knn_physchem_full,thermo_regseq2,0.19975392298667627
ecoli50_r002140,knn_physchem_full,thermo_regseq2,0.19940798745559585
ecoli50_r005135,knn_physchem_full,thermo_regseq2,0.19939627199951682
ecoli50_r011772,knn_physchem_full,thermo_regseq2,0.19849612254395899
ecoli50_r005800,knn_physchem_full,thermo_regseq2,0.19748537125007593
ecoli50_r007557,knn_physchem_full,thermo_regseq2,0.1970744862767857
ecoli50_r007783,knn_physchem_full,thermo_regseq2,0.1967947909815999
ecoli50_r002817,knn_physchem_full,thermo_regseq2,0.1965672177821527
ecoli50_r003683,knn_physchem_full,thermo_regseq2,0.1956734576164978
ecoli50_r004905,knn_physchem_full,thermo_regseq2,0.1955048128240957
ecoli50_r004738,knn_physchem_full,thermo_regseq2,0.1953173968775208
ecoli50_r007939,knn_physchem_full,thermo_regseq2,0.19500116032333015
ecoli50_r009050,knn_physchem_full,thermo_regseq2,0.1941402327310633
ecoli50_r011282,knn_physchem_full,thermo_regseq2,0.1934946044553736
ecoli50_r009398,knn_physchem_full,thermo_regseq2,0.19329042537304142
ecoli50_r010721,knn_physchem_full,thermo_regseq2,0.1930965460325198
ecoli50_r007420,knn_physchem_full,thermo_regseq2,0.1930607307735177
ecoli50_r001170,knn_physchem_full,thermo_regseq2,0.19290920609949502
ecoli50_r002327,knn_physchem_full,thermo_regseq2,0.19256092321928842
ecoli50_r009448,knn_physchem_full,thermo_regseq2,0.19230019267356058
ecoli50_r008474,knn_physchem_full,thermo_regseq2,0.1919928558024786
ecoli50_r007053,knn_physchem_full,thermo_regseq2,0.19164822130460868
ecoli50_r008992,knn_physchem_full,thermo_regseq2,0.19152720894632536
ecoli50_r007812,knn_physchem_full,thermo_regseq2,0.19116227234449523
ecoli50_r010339,knn_physchem_full,thermo_regseq2,0.19086844632356792
ecoli50_r002924,knn_physchem_full,thermo_regseq2,0.1907984627439867
ecoli50_r003592,knn_physchem_full,thermo_regseq2,0.1902707095592402
ecoli50_r004554,knn_physchem_full,thermo_regseq2,0.1898434824433326
ecoli50_r001284,knn_physchem_full,thermo_regseq2,0.1895953137319979
ecoli50_r008554,knn_physchem_full,thermo_regseq2,0.18893982005790644
ecoli50_r002229,knn_physchem_full,thermo_regseq2,0.18877585993465562
ecoli50_r000323,knn_physchem_full,thermo_regseq2,0.1882330497299156
ecoli50_r005485,knn_physchem_full,thermo_regseq2,0.18819514642876412
ecoli50_r011812,knn_physchem_full,thermo_regseq2,0.18809133442686354
ecoli50_r000659,knn_physchem_full,thermo_regseq2,0.18756539204833977
ecoli50_r006972,knn_physchem_full,thermo_regseq2,0.18751421240524513
ecoli50_r000772,knn_physchem_full,thermo_regseq2,0.18750436913610624
ecoli50_r006143,knn_physchem_full,thermo_regseq2,0.18703891752964097
ecoli50_r000558,knn_physchem_full,thermo_regseq2,0.18658765102249175
ecoli50_r005903,knn_physchem_full,thermo_regseq2,0.18643782850763735
ecoli50_r007271,knn_physchem_full,thermo_regseq2,0.18636808435093433
ecoli50_r001085,knn_physchem_full,thermo_regseq2,0.1859582231175585
ecoli50_r001696,knn_physchem_full,thermo_regseq2,0.18529302637036427
ecoli50_r006866,knn_physchem_full,thermo_regseq2,0.18497949266563696
ecoli50_r001872,knn_physchem_full,thermo_regseq2,0.18470353109419335
ecoli50_r010354,knn_physchem_full,thermo_regseq2,0.18440959405178692
ecoli50_r004393,knn_physchem_full,thermo_regseq2,0.18433787978532523
ecoli50_r008788,knn_physchem_full,thermo_regseq2,0.18365632100905582
ecoli50_r009054,knn_physchem_full,thermo_regseq2,0.1834289846691517
ecoli50_r010265,knn_physchem_full,thermo_regseq2,0.18330584190811305
ecoli50_r009734,knn_physchem_full,thermo_regseq2,0.18313530438169456
ecoli50_r002288,knn_physchem_full,thermo_regseq2,0.1828364184990532
ecoli50_r010131,knn_physchem_full,thermo_regseq2,0.18277361493224564
ecoli50_r011358,knn_physchem_full,thermo_regseq2,0.18270125517326452
ecoli50_r008031,knn_physchem_full,thermo_regseq2,0.18255209867163957
ecoli50_r002319,knn_physchem_full,thermo_regseq2,0.18247528277550007
ecoli50_r010996,knn_physchem_full,thermo_regseq2,0.18246809781647633
ecoli50_r003710,knn_physchem_full,thermo_regseq2,0.18221956587366828
ecoli50_r001392,knn_physchem_full,thermo_regseq2,0.1822150587128375
ecoli50_r008850,knn_physchem_full,thermo_regseq2,0.18212433618765145
ecoli50_r003027,knn_physchem_full,thermo_regseq2,0.18168021259502476
ecoli50_r008134,knn_physchem_full,thermo_regseq2,0.18084992037478598
ecoli50_r001453,knn_physchem_full,thermo_regseq2,0.18081091636831292
ecoli50_r006482,knn_physchem_full,thermo_regseq2,0.18036988010467248
ecoli50_r008740,knn_physchem_full,thermo_regseq2,0.17964263489406784
ecoli50_r003350,knn_physchem_full,thermo_regseq2,0.17958814533184153
ecoli50_r004363,knn_physchem_full,thermo_regseq2,0.1794621016603668
ecoli50_r009055,knn_physchem_full,thermo_regseq2,0.17940824995732063
ecoli50_r009373,knn_physchem_full,thermo_regseq2,0.17876798205087985
ecoli50_r006149,knn_physchem_full,thermo_regseq2,0.17837374253064064
ecoli50_r000497,knn_physchem_full,thermo_regseq2,0.17813177719230877
ecoli50_r005164,knn_physchem_full,thermo_regseq2,0.1777920886069917
ecoli50_r002088,knn_physchem_full,thermo_regseq2,0.17772929837422335
ecoli50_r008564,knn_physchem_full,thermo_regseq2,0.1773944518215118
ecoli50_r006646,knn_physchem_full,thermo_regseq2,0.17705951121911756
ecoli50_r006853,knn_physchem_full,thermo_regseq2,0.17702376325470892
ecoli50_r007915,knn_physchem_full,thermo_regseq2,0.1765974013004148
ecoli50_r002828,knn_physchem_full,thermo_regseq2,0.17655263050427017
ecoli50_r011154,knn_physchem_full,thermo_regseq2,0.1762345804413057
ecoli50_r009077,knn_physchem_full,thermo_regseq2,0.17595040414446528
ecoli50_r006726,knn_physchem_full,thermo_regseq2,0.17572474651556913
ecoli50_r011025,knn_physchem_full,thermo_regseq2,0.17492667333547418
ecoli50_r003352,knn_physchem_full,thermo_regseq2,0.1748500250931282
ecoli50_r003816,knn_physchem_full,thermo_regseq2,0.17473269398287394
ecoli50_r010287,knn_physchem_full,thermo_regseq2,0.17429777063553376
ecoli50_r002150,knn_physchem_full,thermo_regseq2,0.17400939739336652
ecoli50_r006796,knn_physchem_full,thermo_regseq2,0.17362349616041284
ecoli50_r006391,knn_physchem_full,thermo_regseq2,0.17346734943135989
ecoli50_r001887,knn_physchem_full,thermo_regseq2,0.17299244318421936
ecoli50_r001306,knn_physchem_full,thermo_regseq2,0.17286847608679023
ecoli50_r006883,knn_physchem_full,thermo_regseq2,0.17231531500432418
ecoli50_r002499,knn_physchem_full,thermo_regseq2,0.17223487876843757
ecoli50_r002189,knn_physchem_full,thermo_regseq2,0.1716310591358181
ecoli50_r002771,knn_physchem_full,thermo_regseq2,0.17153739508576793
ecoli50_r006919,knn_physchem_full,thermo_regseq2,0.1713015479035458
ecoli50_r006450,knn_physchem_full,thermo_regseq2,0.17129927565682257
ecoli50_r010758,knn_physchem_full,thermo_regseq2,0.17092571679235036
ecoli50_r005697,knn_physchem_full,thermo_regseq2,0.17088205926791078
ecoli50_r001688,knn_physchem_full,thermo_regseq2,0.17040054419439654
ecoli50_r008161,knn_physchem_full,thermo_regseq2,0.16990147002113742
ecoli50_r010452,knn_physchem_full,thermo_regseq2,0.1698534345383509
ecoli50_r000042,knn_physchem_full,thermo_regseq2,0.16961390943037502
ecoli50_r004610,knn_physchem_full,thermo_regseq2,0.16950147159117046
ecoli50_r007773,knn_physchem_full,thermo_regseq2,0.16917161597921027
ecoli50_r004600,knn_physchem_full,thermo_regseq2,0.16900353995563666
ecoli50_r001889,knn_physchem_full,thermo_regseq2,0.16893429945172356
ecoli50_r006363,knn_physchem_full,thermo_regseq2,0.16886736807140412
ecoli50_r008357,knn_physchem_full,thermo_regseq2,0.16878678628919275
ecoli50_r003292,knn_physchem_full,thermo_regseq2,0.16832775473356154
ecoli50_r001135,knn_physchem_full,thermo_regseq2,0.16788460432693508
ecoli50_r011448,knn_physchem_full,thermo_regseq2,0.167840392398805
ecoli50_r007097,knn_physchem_full,thermo_regseq2,0.16775254596750022
ecoli50_r004452,knn_physchem_full,thermo_regseq2,0.16719286014002233
ecoli50_r001773,knn_physchem_full,thermo_regseq2,0.1671349164064968
ecoli50_r011339,knn_physchem_full,thermo_regseq2,0.16683904341386002
ecoli50_r009157,knn_physchem_full,thermo_regseq2,0.16672672134904154
ecoli50_r008416,knn_physchem_full,thermo_regseq2,0.1663387778587957
ecoli50_r008078,knn_physchem_full,thermo_regseq2,0.1660302552805426
ecoli50_r000146,knn_physchem_full,thermo_regseq2,0.16594913794004462
ecoli50_r009425,knn_physchem_full,thermo_regseq2,0.165833551955187
ecoli50_r011342,knn_physchem_full,thermo_regseq2,0.16546231185925064
ecoli50_r008819,knn_physchem_full,thermo_regseq2,0.16511338777070073
ecoli50_r009100,knn_physchem_full,thermo_regseq2,0.16491106611511608
ecoli50_r000517,knn_physchem_full,thermo_regseq2,0.1647211171045071
ecoli50_r000487,knn_physchem_full,thermo_regseq2,0.1646633788497831
ecoli50_r003075,knn_physchem_full,thermo_regseq2,0.16464216447831603
ecoli50_r006368,knn_physchem_full,thermo_regseq2,0.16439793108902956
ecoli50_r001005,knn_physchem_full,thermo_regseq2,0.16427092859084969
ecoli50_r001785,knn_physchem_full,thermo_regseq2,0.16395091718059618
ecoli50_r002543,knn_physchem_full,thermo_regseq2,0.16389092529570037
ecoli50_r008907,knn_physchem_full,thermo_regseq2,0.16383970616686971
ecoli50_r010759,knn_physchem_full,thermo_regseq2,0.16353828781573165
ecoli50_r006209,knn_physchem_full,thermo_regseq2,0.16352823689425344
ecoli50_r010148,knn_physchem_full,thermo_regseq2,0.16320875385052114
ecoli50_r009292,knn_physchem_full,thermo_regseq2,0.16308833601691575
ecoli50_r004864,knn_physchem_full,thermo_regseq2,0.16296899083370509
ecoli50_r010293,knn_physchem_full,thermo_regseq2,0.1628464669132832
ecoli50_r009952,knn_physchem_full,thermo_regseq2,0.162729239623304
ecoli50_r009625,knn_physchem_full,thermo_regseq2,0.16224375574750205
ecoli50_r004100,knn_physchem_full,thermo_regseq2,0.16216769224071426
ecoli50_r008736,knn_physchem_full,thermo_regseq2,0.16204368746829934
ecoli50_r005736,knn_physchem_full,thermo_regseq2,0.16204310634584518
ecoli50_r007529,knn_physchem_full,thermo_regseq2,0.16188336726595365
ecoli50_r006724,knn_physchem_full,thermo_regseq2,0.16176003497144364
ecoli50_r004323,knn_physchem_full,thermo_regseq2,0.16161981633277867
ecoli50_r009216,knn_physchem_full,thermo_regseq2,0.16145532871747426
ecoli50_r001683,knn_physchem_full,thermo_regseq2,0.16120154618768634
ecoli50_r005569,knn_physchem_full,thermo_regseq2,0.16066000001880143
ecoli50_r009372,knn_physchem_full,thermo_regseq2,0.16060725698175649
ecoli50_r007162,knn_physchem_full,thermo_regseq2,0.16055510366505565
ecoli50_r008506,knn_physchem_full,thermo_regseq2,0.1601371439794681
ecoli50_r003208,knn_physchem_full,thermo_regseq2,0.1595452464802043
ecoli50_r010346,knn_physchem_full,thermo_regseq2,0.15948524285639243
ecoli50_r007710,knn_physchem_full,thermo_regseq2,0.1591233483520469
ecoli50_r002861,knn_physchem_full,thermo_regseq2,0.1590877510667954
ecoli50_r006252,knn_physchem_full,thermo_regseq2,0.15905876379669825
ecoli50_r000370,knn_physchem_full,thermo_regseq2,0.1589775072667834
ecoli50_r010438,knn_physchem_full,thermo_regseq2,0.15876696287055614
ecoli50_r005768,knn_physchem_full,thermo_regseq2,0.15874338355009998
ecoli50_r002563,knn_physchem_full,thermo_regseq2,0.15857887483141342
ecoli50_r002999,knn_physchem_full,thermo_regseq2,0.15851573753659043
ecoli50_r007133,knn_physchem_full,thermo_regseq2,0.1582651665201622
ecoli50_r001383,knn_physchem_full,thermo_regseq2,0.15823292482626927
ecoli50_r001502,knn_physchem_full,thermo_regseq2,0.158006337472131
ecoli50_r006505,knn_physchem_full,thermo_regseq2,0.15733548530964248
ecoli50_r011531,knn_physchem_full,thermo_regseq2,0.1571296143552825
ecoli50_r000439,knn_physchem_full,thermo_regseq2,0.15712441884819395
ecoli50_r002302,knn_physchem_full,thermo_regseq2,0.1570149365266249
ecoli50_r009828,knn_physchem_full,thermo_regseq2,0.15689948577140855
ecoli50_r000155,knn_physchem_full,thermo_regseq2,0.15674504443156145
ecoli50_r007726,knn_physchem_full,thermo_regseq2,0.15622100747246437
ecoli50_r001075,knn_physchem_full,thermo_regseq2,0.15584779351203082
ecoli50_r006064,knn_physchem_full,thermo_regseq2,0.1554655484242482
ecoli50_r000336,knn_physchem_full,thermo_regseq2,0.15538346734063468
ecoli50_r009769,knn_physchem_full,thermo_regseq2,0.15520291961348942
ecoli50_r001194,knn_physchem_full,thermo_regseq2,0.15511396059680616
ecoli50_r004666,knn_physchem_full,thermo_regseq2,0.15495526209332455
ecoli50_r010407,knn_physchem_full,thermo_regseq2,0.15369583877086512
ecoli50_r001780,knn_physchem_full,thermo_regseq2,0.1536319313678387
ecoli50_r001862,knn_physchem_full,thermo_regseq2,0.15360296350096414
ecoli50_r009935,knn_physchem_full,thermo_regseq2,0.15356275102788963
ecoli50_r007395,knn_physchem_full,thermo_regseq2,0.1533175595084968
ecoli50_r007962,knn_physchem_full,thermo_regseq2,0.15298532376699647
ecoli50_r003504,knn_physchem_full,thermo_regseq2,0.15295301404784656
ecoli50_r006988,knn_physchem_full,thermo_regseq2,0.15260672717426438
ecoli50_r000727,knn_physchem_full,thermo_regseq2,0.15245423910302458
ecoli50_r004458,knn_physchem_full,thermo_regseq2,0.15240351088232673
ecoli50_r002385,knn_physchem_full,thermo_regseq2,0.1521128812391268
ecoli50_r011543,knn_physchem_full,thermo_regseq2,0.15209156281814362
ecoli50_r010358,knn_physchem_full,thermo_regseq2,0.15206643986352608
ecoli50_r005414,knn_physchem_full,thermo_regseq2,0.15192326845468784
ecoli50_r010183,knn_physchem_full,thermo_regseq2,0.151912744400573
ecoli50_r002859,knn_physchem_full,thermo_regseq2,0.1511776142607708
ecoli50_r010702,knn_physchem_full,thermo_regseq2,0.15103175264918223
ecoli50_r010984,knn_physchem_full,thermo_regseq2,0.15018479892184544
ecoli50_r000234,knn_physchem_full,thermo_regseq2,0.1501729475132687
ecoli50_r006941,knn_physchem_full,thermo_regseq2,0.14969361669583003
ecoli50_r007802,knn_physchem_full,thermo_regseq2,0.14936963636856415
ecoli50_r001944,knn_physchem_full,thermo_regseq2,0.14898027508184297
ecoli50_r006281,knn_physchem_full,thermo_regseq2,0.14890934928229882
ecoli50_r001945,knn_physchem_full,thermo_regseq2,0.148598985112959
ecoli50_r002198,knn_physchem_full,thermo_regseq2,0.14831879015242144
ecoli50_r003062,knn_physchem_full,thermo_regseq2,0.14822061349884263
ecoli50_r007558,knn_physchem_full,thermo_regseq2,0.14803349282749778
ecoli50_r007402,knn_physchem_full,thermo_regseq2,0.14800524393498238
ecoli50_r009114,knn_physchem_full,thermo_regseq2,0.14766614482665208
ecoli50_r004534,knn_physchem_full,thermo_regseq2,0.14764424682477628
ecoli50_r001198,knn_physchem_full,thermo_regseq2,0.14759342608548076
ecoli50_r001359,knn_physchem_full,thermo_regseq2,0.14749728111538474
ecoli50_r009159,knn_physchem_full,thermo_regseq2,0.14742289741074366
ecoli50_r010998,knn_physchem_full,thermo_regseq2,0.1470236049932998
ecoli50_r008527,knn_physchem_full,thermo_regseq2,0.14701335120367975
ecoli50_r004783,knn_physchem_full,thermo_regseq2,0.14654537830821202
ecoli50_r011212,knn_physchem_full,thermo_regseq2,0.1464974107411665
ecoli50_r001533,knn_physchem_full,thermo_regseq2,0.14620210186461913
ecoli50_r002482,knn_physchem_full,thermo_regseq2,0.14565036205010573
ecoli50_r003339,knn_physchem_full,thermo_regseq2,0.1452418110079372
ecoli50_r004137,knn_physchem_full,thermo_regseq2,0.14509253701752112
ecoli50_r002206,knn_physchem_full,thermo_regseq2,0.1449560026024619
ecoli50_r010350,knn_physchem_full,thermo_regseq2,0.14480440574198328
ecoli50_r000105,knn_physchem_full,thermo_regseq2,0.14430162349988107
ecoli50_r010519,knn_physchem_full,thermo_regseq2,0.1441635956183971
ecoli50_r005786,knn_physchem_full,thermo_regseq2,0.14409741093452322
ecoli50_r009383,knn_physchem_full,thermo_regseq2,0.14389422935278162
ecoli50_r005330,knn_physchem_full,thermo_regseq2,0.14352041902507295
ecoli50_r005746,knn_physchem_full,thermo_regseq2,0.14328985498783364
ecoli50_r005954,knn_physchem_full,thermo_regseq2,0.14289692470091975
ecoli50_r009238,knn_physchem_full,thermo_regseq2,0.1426305335275022
ecoli50_r010735,knn_physchem_full,thermo_regseq2,0.14126430650438326
ecoli50_r005799,knn_physchem_full,thermo_regseq2,0.14106890348115675
ecoli50_r001620,knn_physchem_full,thermo_regseq2,0.14041690760301417
ecoli50_r003286,knn_physchem_full,thermo_regseq2,0.140329633525357
ecoli50_r001113,knn_physchem_full,thermo_regseq2,0.14016945743813913
ecoli50_r005022,knn_physchem_full,thermo_regseq2,0.1401686622070213
ecoli50_r000486,knn_physchem_full,thermo_regseq2,0.13992621201644173
ecoli50_r005181,knn_physchem_full,thermo_regseq2,0.13989020200916435
ecoli50_r004117,knn_physchem_full,thermo_regseq2,0.13975846131590153
ecoli50_r000846,knn_physchem_full,thermo_regseq2,0.13920108062362413
ecoli50_r009428,knn_physchem_full,thermo_regseq2,0.13892764834959515
ecoli50_r008991,knn_physchem_full,thermo_regseq2,0.13891001072838005
ecoli50_r006965,knn_physchem_full,thermo_regseq2,0.1385167728165282
ecoli50_r010497,knn_physchem_full,thermo_regseq2,0.13832942254303715
ecoli50_r001842,knn_physchem_full,thermo_regseq2,0.1382773023692332
ecoli50_r003619,knn_physchem_full,thermo_regseq2,0.13820650418399616
ecoli50_r011307,knn_physchem_full,thermo_regseq2,0.13811392994781269
ecoli50_r001600,knn_physchem_full,thermo_regseq2,0.13790888576519578
ecoli50_r011701,knn_physchem_full,thermo_regseq2,0.13757656981386468
ecoli50_r009883,knn_physchem_full,thermo_regseq2,0.13755886482189705
ecoli50_r003403,knn_physchem_full,thermo_regseq2,0.1372926889225119
ecoli50_r005680,knn_physchem_full,thermo_regseq2,0.13712305036669026
ecoli50_r007191,knn_physchem_full,thermo_regseq2,0.13680351837603988
ecoli50_r002490,knn_physchem_full,thermo_regseq2,0.1363175719080445
ecoli50_r011747,knn_physchem_full,thermo_regseq2,0.1361450801692179
ecoli50_r009852,knn_physchem_full,thermo_regseq2,0.13582102242598282
ecoli50_r004909,knn_physchem_full,thermo_regseq2,0.1357710251834896
ecoli50_r009884,knn_physchem_full,thermo_regseq2,0.13567850213220467
ecoli50_r003399,knn_physchem_full,thermo_regseq2,0.13558263318518327
ecoli50_r009081,knn_physchem_full,thermo_regseq2,0.1354636926791004
ecoli50_r000546,knn_physchem_full,thermo_regseq2,0.13516915535388652
ecoli50_r002983,knn_physchem_full,thermo_regseq2,0.13514792608548243
ecoli50_r008379,knn_physchem_full,thermo_regseq2,0.13498873282171386
ecoli50_r006915,knn_physchem_full,thermo_regseq2,0.13475618653780108
ecoli50_r006772,knn_physchem_full,thermo_regseq2,0.1344560761627962
ecoli50_r007761,knn_physchem_full,thermo_regseq2,0.13438986297733901
ecoli50_r005891,knn_physchem_full,thermo_regseq2,0.1339276613506435
ecoli50_r008602,knn_physchem_full,thermo_regseq2,0.13392717796346698
ecoli50_r005008,knn_physchem_full,thermo_regseq2,0.1339271740978485
ecoli50_r008830,knn_physchem_full,thermo_regseq2,0.13372563857241282
ecoli50_r009708,knn_physchem_full,thermo_regseq2,0.13341887651492712
ecoli50_r001281,knn_physchem_full,thermo_regseq2,0.13335145182955532
ecoli50_r009909,knn_physchem_full,thermo_regseq2,0.13329949156872045
ecoli50_r008614,knn_physchem_full,thermo_regseq2,0.13317344086393534
ecoli50_r001765,knn_physchem_full,thermo_regseq2,0.13297580788208618
ecoli50_r005347,knn_physchem_full,thermo_regseq2,0.13279502705625212
ecoli50_r003603,knn_physchem_full,thermo_regseq2,0.13253472018052337
ecoli50_r005537,knn_physchem_full,thermo_regseq2,0.13242270218417973
ecoli50_r003861,knn_physchem_full,thermo_regseq2,0.13232004038078493
ecoli50_r007210,knn_physchem_full,thermo_regseq2,0.1322020286749348
ecoli50_r004026,knn_physchem_full,thermo_regseq2,0.13220127626169553
ecoli50_r002342,knn_physchem_full,thermo_regseq2,0.13200683809704028
ecoli50_r011826,knn_physchem_full,thermo_regseq2,0.13183233796143323
ecoli50_r000001,knn_physchem_full,thermo_regseq2,0.13170456161845356
ecoli50_r002403,knn_physchem_full,thermo_regseq2,0.13165075235496593
ecoli50_r003266,knn_physchem_full,thermo_regseq2,0.13158990499310974
ecoli50_r003978,knn_physchem_full,thermo_regseq2,0.1315045704306952
ecoli50_r003787,knn_physchem_full,thermo_regseq2,0.13092720996299922
ecoli50_r004933,knn_physchem_full,thermo_regseq2,0.1307839861022022
ecoli50_r006364,knn_physchem_full,thermo_regseq2,0.13077954577248008
ecoli50_r011779,knn_physchem_full,thermo_regseq2,0.1306902226955029
ecoli50_r001680,knn_physchem_full,thermo_regseq2,0.13066374223677935
ecoli50_r010650,knn_physchem_full,thermo_regseq2,0.13048005887297043
ecoli50_r000605,knn_physchem_full,thermo_regseq2,0.13037455310163182
ecoli50_r002352,knn_physchem_full,thermo_regseq2,0.13007022198857676
ecoli50_r004060,knn_physchem_full,thermo_regseq2,0.1299846824313282
ecoli50_r005587,knn_physchem_full,thermo_regseq2,0.12938653510960663
ecoli50_r010006,knn_physchem_full,thermo_regseq2,0.12837628976831317
ecoli50_r006906,knn_physchem_full,thermo_regseq2,0.128161813105359
ecoli50_r009208,knn_physchem_full,thermo_regseq2,0.12812782566893421
ecoli50_r009717,knn_physchem_full,thermo_regseq2,0.12782770036369007
ecoli50_r001336,knn_physchem_full,thermo_regseq2,0.12777945081640985
ecoli50_r008245,knn_physchem_full,thermo_regseq2,0.1276742000449973
ecoli50_r002301,knn_physchem_full,thermo_regseq2,0.12734633999102662
ecoli50_r006384,knn_physchem_full,thermo_regseq2,0.12711097010120787
ecoli50_r002440,knn_physchem_full,thermo_regseq2,0.12709966914166282
ecoli50_r008519,knn_physchem_full,thermo_regseq2,0.1270190432519933
ecoli50_r005722,knn_physchem_full,thermo_regseq2,0.12668552435992142
ecoli50_r010031,knn_physchem_full,thermo_regseq2,0.12651863187675128
ecoli50_r011123,knn_physchem_full,thermo_regseq2,0.12612869032037644
ecoli50_r000853,knn_physchem_full,thermo_regseq2,0.1261164599331348
ecoli50_r001473,knn_physchem_full,thermo_regseq2,0.126022929047092
ecoli50_r001693,knn_physchem_full,thermo_regseq2,0.12586912890440782
ecoli50_r009706,knn_physchem_full,thermo_regseq2,0.12581197677953648
ecoli50_r008440,knn_physchem_full,thermo_regseq2,0.12575206484988888
ecoli50_r000435,knn_physchem_full,thermo_regseq2,0.1257395231165681
ecoli50_r002692,knn_physchem_full,thermo_regseq2,0.12566930906304563
ecoli50_r000449,knn_physchem_full,thermo_regseq2,0.12533754754618798
ecoli50_r007109,knn_physchem_full,thermo_regseq2,0.12524124788398439
ecoli50_r002904,knn_physchem_full,thermo_regseq2,0.12476041498000967
ecoli50_r011485,knn_physchem_full,thermo_regseq2,0.1245578256445885
ecoli50_r002658,knn_physchem_full,thermo_regseq2,0.12442390621038824
ecoli50_r001134,knn_physchem_full,thermo_regseq2,0.12441033332507745
ecoli50_r005861,knn_physchem_full,thermo_regseq2,0.12410374312847994
ecoli50_r003061,knn_physchem_full,thermo_regseq2,0.12410145825518004
ecoli50_r010318,knn_physchem_full,thermo_regseq2,0.12398616475879987
ecoli50_r009792,knn_physchem_full,thermo_regseq2,0.12373103437035526
ecoli50_r001547,knn_physchem_full,thermo_regseq2,0.1234662789312777
ecoli50_r000940,knn_physchem_full,thermo_regseq2,0.12328231925918853
ecoli50_r007971,knn_physchem_full,thermo_regseq2,0.12292994861812723
ecoli50_r008792,knn_physchem_full,thermo_regseq2,0.12271302107359938
ecoli50_r000854,knn_physchem_full,thermo_regseq2,0.12253108862854978
ecoli50_r000989,knn_physchem_full,thermo_regseq2,0.12252399012085435
ecoli50_r011813,knn_physchem_full,thermo_regseq2,0.12223496560056768
ecoli50_r000553,knn_physchem_full,thermo_regseq2,0.12213447096510688
ecoli50_r009494,knn_physchem_full,thermo_regseq2,0.12198899954622
ecoli50_r010790,knn_physchem_full,thermo_regseq2,0.12196521080112177
ecoli50_r000724,knn_physchem_full,thermo_regseq2,0.12193855626258365
ecoli50_r006262,knn_physchem_full,thermo_regseq2,0.12188954655071482
ecoli50_r006460,knn_physchem_full,thermo_regseq2,0.12169195159373425
ecoli50_r010333,knn_physchem_full,thermo_regseq2,0.12167178923208377
ecoli50_r009651,knn_physchem_full,thermo_regseq2,0.12156312436165218
ecoli50_r008595,knn_physchem_full,thermo_regseq2,0.12151504158317161
ecoli50_r002718,knn_physchem_full,thermo_regseq2,0.12146303710336293
ecoli50_r003834,knn_physchem_full,thermo_regseq2,0.12138318600853193
ecoli50_r005872,knn_physchem_full,thermo_regseq2,0.12124321961099804
ecoli50_r007371,knn_physchem_full,thermo_regseq2,0.1211376302437932
ecoli50_r003184,knn_physchem_full,thermo_regseq2,0.12102495366972432
ecoli50_r003215,knn_physchem_full,thermo_regseq2,0.12098784669075613
ecoli50_r004305,knn_physchem_full,thermo_regseq2,0.12094546539054374
ecoli50_r007784,knn_physchem_full,thermo_regseq2,0.12089712865965252
ecoli50_r011642,knn_physchem_full,thermo_regseq2,0.12089001145238543
ecoli50_r002061,knn_physchem_full,thermo_regseq2,0.12086272295886769
ecoli50_r002285,knn_physchem_full,thermo_regseq2,0.12008777627355638
ecoli50_r009907,knn_physchem_full,thermo_regseq2,0.11959928532241726
ecoli50_r007907,knn_physchem_full,thermo_regseq2,0.1195400182689732
ecoli50_r006703,knn_physchem_full,thermo_regseq2,0.11940286102140885
ecoli50_r008923,knn_physchem_full,thermo_regseq2,0.11928891390807639
ecoli50_r001065,knn_physchem_full,thermo_regseq2,0.11909415017314284
ecoli50_r010349,knn_physchem_full,thermo_regseq2,0.11900385096183674
ecoli50_r001550,knn_physchem_full,thermo_regseq2,0.11899022742468457
ecoli50_r000897,knn_physchem_full,thermo_regseq2,0.11884408823665105
ecoli50_r001582,knn_physchem_full,thermo_regseq2,0.11867451627510572
ecoli50_r010938,knn_physchem_full,thermo_regseq2,0.11860137732649845
ecoli50_r009068,knn_physchem_full,thermo_regseq2,0.11856513974235039
ecoli50_r008870,knn_physchem_full,thermo_regseq2,0.1185461364970366
ecoli50_r008401,knn_physchem_full,thermo_regseq2,0.11842323586539116
ecoli50_r001882,knn_physchem_full,thermo_regseq2,0.11829006270342779
ecoli50_r003991,knn_physchem_full,thermo_regseq2,0.11814279727753574
ecoli50_r001092,knn_physchem_full,thermo_regseq2,0.11794019036055214
ecoli50_r004645,knn_physchem_full,thermo_regseq2,0.11734660562779808
ecoli50_r005379,knn_physchem_full,thermo_regseq2,0.11726596033894499
ecoli50_r009030,knn_physchem_full,thermo_regseq2,0.11725557950405952
ecoli50_r008851,knn_physchem_full,thermo_regseq2,0.1171959743143991
ecoli50_r007725,knn_physchem_full,thermo_regseq2,0.11719285961405568
ecoli50_r000556,knn_physchem_full,thermo_regseq2,0.1171897353876803
ecoli50_r000730,knn_physchem_full,thermo_regseq2,0.11716417320721817
ecoli50_r001976,knn_physchem_full,thermo_regseq2,0.11680819546107646
ecoli50_r004793,knn_physchem_full,thermo_regseq2,0.11644669210672554
ecoli50_r001442,knn_physchem_full,thermo_regseq2,0.11611289859235319
ecoli50_r005470,knn_physchem_full,thermo_regseq2,0.11603956256145409
ecoli50_r011788,knn_physchem_full,thermo_regseq2,0.11595422814564271
ecoli50_r006219,knn_physchem_full,thermo_regseq2,0.11581672926951025
ecoli50_r003022,knn_physchem_full,thermo_regseq2,0.11573488458318693
ecoli50_r008761,knn_physchem_full,thermo_regseq2,0.11568796793924996
ecoli50_r000346,knn_physchem_full,thermo_regseq2,0.11566595207330455
ecoli50_r009887,knn_physchem_full,thermo_regseq2,0.11499999626871071
ecoli50_r007424,knn_physchem_full,thermo_regseq2,0.11497315606133407
ecoli50_r003751,knn_physchem_full,thermo_regseq2,0.11495082708024151
ecoli50_r000862,knn_physchem_full,thermo_regseq2,0.11484988842047805
ecoli50_r010269,knn_physchem_full,thermo_regseq2,0.1148125501728714
ecoli50_r009261,knn_physchem_full,thermo_regseq2,0.1147843471631238
ecoli50_r006148,knn_physchem_full,thermo_regseq2,0.11474673249172218
ecoli50_r001494,knn_physchem_full,thermo_regseq2,0.11452992321304745
ecoli50_r008638,knn_physchem_full,thermo_regseq2,0.11433056664785735
ecoli50_r007850,knn_physchem_full,thermo_regseq2,0.11331415933257549
ecoli50_r009254,knn_physchem_full,thermo_regseq2,0.11327873046827008
ecoli50_r003091,knn_physchem_full,thermo_regseq2,0.1130333709490805
ecoli50_r008459,knn_physchem_full,thermo_regseq2,0.1129806747184503
ecoli50_r002843,knn_physchem_full,thermo_regseq2,0.11280088890669848
ecoli50_r007238,knn_physchem_full,thermo_regseq2,0.11258674872317798
ecoli50_r008254,knn_physchem_full,thermo_regseq2,0.11257833324416566
ecoli50_r004151,knn_physchem_full,thermo_regseq2,0.11238056625783965
ecoli50_r009170,knn_physchem_full,thermo_regseq2,0.11203217557599698
ecoli50_r009920,knn_physchem_full,thermo_regseq2,0.11196265561009877
ecoli50_r010877,knn_physchem_full,thermo_regseq2,0.11196063242818166
ecoli50_r003175,knn_physchem_full,thermo_regseq2,0.11172963651976442
ecoli50_r011709,knn_physchem_full,thermo_regseq2,0.11163835030879277
ecoli50_r011172,knn_physchem_full,thermo_regseq2,0.11160202573921074
ecoli50_r006164,knn_physchem_full,thermo_regseq2,0.11152568315596367
ecoli50_r003748,knn_physchem_full,thermo_regseq2,0.11138974869022844
ecoli50_r006330,knn_physchem_full,thermo_regseq2,0.11105248900138953
ecoli50_r005289,knn_physchem_full,thermo_regseq2,0.11102332521321223
ecoli50_r006340,knn_physchem_full,thermo_regseq2,0.11081868725565158
ecoli50_r000729,knn_physchem_full,thermo_regseq2,0.1107923249992595
ecoli50_r007241,knn_physchem_full,thermo_regseq2,0.11065171149257935
ecoli50_r000395,knn_physchem_full,thermo_regseq2,0.11007860218045362
ecoli50_r000196,knn_physchem_full,thermo_regseq2,0.11001346899126441
ecoli50_r003955,knn_physchem_full,thermo_regseq2,0.10987566019715089
ecoli50_r009066,knn_physchem_full,thermo_regseq2,0.10983206203122009
ecoli50_r002833,knn_physchem_full,thermo_regseq2,0.10973099436101297
ecoli50_r003610,knn_physchem_full,thermo_regseq2,0.10963720011258937
ecoli50_r008178,knn_physchem_full,thermo_regseq2,0.10958555521034974
ecoli50_r004016,knn_physchem_full,thermo_regseq2,0.1095229130035471
ecoli50_r001820,knn_physchem_full,thermo_regseq2,0.10939641738143413
ecoli50_r001091,knn_physchem_full,thermo_regseq2,0.109369234553506
ecoli50_r011031,knn_physchem_full,thermo_regseq2,0.10930687266566208
ecoli50_r008888,knn_physchem_full,thermo_regseq2,0.10907514587677225
ecoli50_r009468,knn_physchem_full,thermo_regseq2,0.10906002125422143
ecoli50_r009687,knn_physchem_full,thermo_regseq2,0.10896779833653181
ecoli50_r002375,knn_physchem_full,thermo_regseq2,0.10895894067781642
ecoli50_r007684,knn_physchem_full,thermo_regseq2,0.10881943604031585
ecoli50_r000452,knn_physchem_full,thermo_regseq2,0.10876848260250283
ecoli50_r009320,knn_physchem_full,thermo_regseq2,0.10873635775028978
ecoli50_r010021,knn_physchem_full,thermo_regseq2,0.10862972774023971
ecoli50_r004795,knn_physchem_full,thermo_regseq2,0.10846640953405817
ecoli50_r001421,knn_physchem_full,thermo_regseq2,0.10839108752084758
ecoli50_r010274,knn_physchem_full,thermo_regseq2,0.10828372067739078
ecoli50_r007259,knn_physchem_full,thermo_regseq2,0.10821415578089422
ecoli50_r000972,knn_physchem_full,thermo_regseq2,0.10820352003348344
ecoli50_r005666,knn_physchem_full,thermo_regseq2,0.10813802405550677
ecoli50_r007284,knn_physchem_full,thermo_regseq2,0.10779908603642818
ecoli50_r004709,knn_physchem_full,thermo_regseq2,0.1077534048330131
ecoli50_r008349,knn_physchem_full,thermo_regseq2,0.10757597471348435
ecoli50_r006550,knn_physchem_full,thermo_regseq2,0.10747435941264705
ecoli50_r009303,knn_physchem_full,thermo_regseq2,0.10742262108341505
ecoli50_r010456,knn_physchem_full,thermo_regseq2,0.10739696325104608
ecoli50_r005144,knn_physchem_full,thermo_regseq2,0.10725473488942239
ecoli50_r005063,knn_physchem_full,thermo_regseq2,0.10711591044632618
ecoli50_r011228,knn_physchem_full,thermo_regseq2,0.10707474797123595
ecoli50_r002958,knn_physchem_full,thermo_regseq2,0.10707163967101208
ecoli50_r001965,knn_physchem_full,thermo_regseq2,0.10698904294040368
ecoli50_r010888,knn_physchem_full,thermo_regseq2,0.10694733846840077
ecoli50_r002683,knn_physchem_full,thermo_regseq2,0.10683440649336085
ecoli50_r010647,knn_physchem_full,thermo_regseq2,0.10677682122262588
ecoli50_r009492,knn_physchem_full,thermo_regseq2,0.10636187990323753
ecoli50_r009640,knn_physchem_full,thermo_regseq2,0.10619433893361663
ecoli50_r007823,knn_physchem_full,thermo_regseq2,0.10616383890354042
ecoli50_r011069,knn_physchem_full,thermo_regseq2,0.10615290302407265
ecoli50_r000454,knn_physchem_full,thermo_regseq2,0.10604480710611464
ecoli50_r002111,knn_physchem_full,thermo_regseq2,0.10578259004749802
ecoli50_r004279,knn_physchem_full,thermo_regseq2,0.10576275089121667
ecoli50_r001735,knn_physchem_full,thermo_regseq2,0.10566615610477914
ecoli50_r004523,knn_physchem_full,thermo_regseq2,0.10556818522826461
ecoli50_r005689,knn_physchem_full,thermo_regseq2,0.1053793595340875
ecoli50_r000387,knn_physchem_full,thermo_regseq2,0.1053541170511636
ecoli50_r004946,knn_physchem_full,thermo_regseq2,0.1053083123271521
ecoli50_r006462,knn_physchem_full,thermo_regseq2,0.10511151432128285
ecoli50_r006632,knn_physchem_full,thermo_regseq2,0.10504097203574547
ecoli50_r000014,knn_physchem_full,thermo_regseq2,0.10501946091114922
ecoli50_r002719,knn_physchem_full,thermo_regseq2,0.1049862961913437
ecoli50_r003306,knn_physchem_full,thermo_regseq2,0.10487780800486668
ecoli50_r011196,knn_physchem_full,thermo_regseq2,0.10478220420983764
ecoli50_r007327,knn_physchem_full,thermo_regseq2,0.10472664695956801
ecoli50_r007641,knn_physchem_full,thermo_regseq2,0.10466979706130042
ecoli50_r001363,knn_physchem_full,thermo_regseq2,0.10466504537159294
ecoli50_r009467,knn_physchem_full,thermo_regseq2,0.104659717526844
ecoli50_r002145,knn_physchem_full,thermo_regseq2,0.10453514382295337
ecoli50_r005785,knn_physchem_full,thermo_regseq2,0.10448083793466312
ecoli50_r005625,knn_physchem_full,thermo_regseq2,0.10432268976059067
ecoli50_r004893,knn_physchem_full,thermo_regseq2,0.10405333059509081
ecoli50_r005093,knn_physchem_full,thermo_regseq2,0.1040296889731116
ecoli50_r005138,knn_physchem_full,thermo_regseq2,0.10395442453157999
ecoli50_r005023,knn_physchem_full,thermo_regseq2,0.10383787491627583
ecoli50_r007891,knn_physchem_full,thermo_regseq2,0.10376616055908938
ecoli50_r006386,knn_physchem_full,thermo_regseq2,0.10376589653199986
ecoli50_r000030,knn_physchem_full,thermo_regseq2,0.10373485404032401
ecoli50_r002868,knn_physchem_full,thermo_regseq2,0.1036364191377035
ecoli50_r002332,knn_physchem_full,thermo_regseq2,0.10353361648409942
ecoli50_r011688,knn_physchem_full,thermo_regseq2,0.10345781080999661
ecoli50_r008197,knn_physchem_full,thermo_regseq2,0.10345403111048057
ecoli50_r010537,knn_physchem_full,thermo_regseq2,0.10334526575877545
ecoli50_r000959,knn_physchem_full,thermo_regseq2,0.10331528707251714
ecoli50_r011557,knn_physchem_full,thermo_regseq2,0.10329961836731671
ecoli50_r011111,knn_physchem_full,thermo_regseq2,0.10328157232462676
ecoli50_r000563,knn_physchem_full,thermo_regseq2,0.10321120393898653
ecoli50_r000189,knn_physchem_full,thermo_regseq2,0.10291042129420847
ecoli50_r011298,knn_physchem_full,thermo_regseq2,0.10275715976598754
ecoli50_r004488,knn_physchem_full,thermo_regseq2,0.10227667961020481
ecoli50_r000974,knn_physchem_full,thermo_regseq2,0.10220903723284147
ecoli50_r003578,knn_physchem_full,thermo_regseq2,0.10211993862974111
ecoli50_r006946,knn_physchem_full,thermo_regseq2,0.10210866535138718
ecoli50_r009334,knn_physchem_full,thermo_regseq2,0.10206722163646154
ecoli50_r008609,knn_physchem_full,thermo_regseq2,0.10192153556207684
ecoli50_r009856,knn_physchem_full,thermo_regseq2,0.10178360753046967
ecoli50_r008513,knn_physchem_full,thermo_regseq2,0.10175340380906306
ecoli50_r003110,knn_physchem_full,thermo_regseq2,0.10173060757487429
ecoli50_r008167,knn_physchem_full,thermo_regseq2,0.10171430588144892
ecoli50_r009841,knn_physchem_full,thermo_regseq2,0.1016970621184794
ecoli50_r002226,knn_physchem_full,thermo_regseq2,0.10148694062146557
ecoli50_r003241,knn_physchem_full,thermo_regseq2,0.10142703659166319
ecoli50_r002455,knn_physchem_full,thermo_regseq2,0.1011893784164517
ecoli50_r004403,knn_physchem_full,thermo_regseq2,0.10117461252984183
ecoli50_r007363,knn_physchem_full,thermo_regseq2,0.10106991747732819
ecoli50_r007483,knn_physchem_full,thermo_regseq2,0.10099660349136741
ecoli50_r002973,knn_physchem_full,thermo_regseq2,0.10088675222120713
ecoli50_r007848,knn_physchem_full,thermo_regseq2,0.10084984541061193
ecoli50_r004084,knn_physchem_full,thermo_regseq2,0.1005568465627853
ecoli50_r001467,knn_physchem_full,thermo_regseq2,0.1002039626325204
ecoli50_r004260,knn_physchem_full,thermo_regseq2,0.10002667825033296
ecoli50_r003709,knn_physchem_full,thermo_regseq2,0.09974652460625633
ecoli50_r006118,knn_physchem_full,thermo_regseq2,0.0997097680830672
ecoli50_r005538,knn_physchem_full,thermo_regseq2,0.09948556345969584
ecoli50_r007333,knn_physchem_full,thermo_regseq2,0.09929375435423227
ecoli50_r000010,knn_physchem_full,thermo_regseq2,0.0992696358156171
ecoli50_r005899,knn_physchem_full,thermo_regseq2,0.09913450205006047
ecoli50_r003156,knn_physchem_full,thermo_regseq2,0.0988459837660347
ecoli50_r002800,knn_physchem_full,thermo_regseq2,0.09864338088001912
ecoli50_r005123,knn_physchem_full,thermo_regseq2,0.09858464304664416
ecoli50_r008102,knn_physchem_full,thermo_regseq2,0.0985291635930241
ecoli50_r010202,knn_physchem_full,thermo_regseq2,0.09835239814117136
ecoli50_r010632,knn_physchem_full,thermo_regseq2,0.09834206700394343
ecoli50_r006921,knn_physchem_full,thermo_regseq2,0.09794232196873853
ecoli50_r002462,knn_physchem_full,thermo_regseq2,0.0978322144734376
ecoli50_r006254,knn_physchem_full,thermo_regseq2,0.09772876740231595
ecoli50_r003847,knn_physchem_full,thermo_regseq2,0.09767700229879717
ecoli50_r004792,knn_physchem_full,thermo_regseq2,0.09765171814868046
ecoli50_r005908,knn_physchem_full,thermo_regseq2,0.09760447154514207
ecoli50_r008446,knn_physchem_full,thermo_regseq2,0.09753598076141046
ecoli50_r010414,knn_physchem_full,thermo_regseq2,0.09745704421945822
ecoli50_r010058,knn_physchem_full,thermo_regseq2,0.09743698309709625
ecoli50_r011193,knn_physchem_full,thermo_regseq2,0.09736497450485926
ecoli50_r003288,knn_physchem_full,thermo_regseq2,0.09715292223608385
ecoli50_r006591,knn_physchem_full,thermo_regseq2,0.09654351786401039
ecoli50_r000610,knn_physchem_full,thermo_regseq2,0.09651796892788811
ecoli50_r010927,knn_physchem_full,thermo_regseq2,0.09635335382712862
ecoli50_r003629,knn_physchem_full,thermo_regseq2,0.09634015345103686
ecoli50_r011220,knn_physchem_full,thermo_regseq2,0.09631801340573887
ecoli50_r003336,knn_physchem_full,thermo_regseq2,0.09625094692993486
ecoli50_r001221,knn_physchem_full,thermo_regseq2,0.09603177772474947
ecoli50_r001567,knn_physchem_full,thermo_regseq2,0.09599955615870659
ecoli50_r006895,knn_physchem_full,thermo_regseq2,0.09573616661050144
ecoli50_r010225,knn_physchem_full,thermo_regseq2,0.09561586630675567
ecoli50_r005292,knn_physchem_full,thermo_regseq2,0.09557857310165563
ecoli50_r006349,knn_physchem_full,thermo_regseq2,0.09556785095065923
ecoli50_r010709,knn_physchem_full,thermo_regseq2,0.09540031583740438
ecoli50_r003074,knn_physchem_full,thermo_regseq2,0.09528466064456964
ecoli50_r006113,knn_physchem_full,thermo_regseq2,0.09526829796349556
ecoli50_r005526,knn_physchem_full,thermo_regseq2,0.09513762701498063
ecoli50_r011121,knn_physchem_full,thermo_regseq2,0.09512422127796105
ecoli50_r000850,knn_physchem_full,thermo_regseq2,0.09496379778331532
ecoli50_r003429,knn_physchem_full,thermo_regseq2,0.09467836272337227
ecoli50_r000527,knn_physchem_full,thermo_regseq2,0.09393586565403877
ecoli50_r001916,knn_physchem_full,thermo_regseq2,0.09392905519560735
ecoli50_r008542,knn_physchem_full,thermo_regseq2,0.09381672519634421
ecoli50_r007051,knn_physchem_full,thermo_regseq2,0.09375276456393822
ecoli50_r004526,knn_physchem_full,thermo_regseq2,0.09363706927738535
ecoli50_r008303,knn_physchem_full,thermo_regseq2,0.09354848354954992
ecoli50_r010239,knn_physchem_full,thermo_regseq2,0.09336636822826394
ecoli50_r002032,knn_physchem_full,thermo_regseq2,0.09326667212454165
ecoli50_r002739,knn_physchem_full,thermo_regseq2,0.09307315332662869
ecoli50_r009545,knn_physchem_full,thermo_regseq2,0.09302304649964643
ecoli50_r003249,knn_physchem_full,thermo_regseq2,0.09291080409325403
ecoli50_r002034,knn_physchem_full,thermo_regseq2,0.09290016282979163
ecoli50_r005251,knn_physchem_full,thermo_regseq2,0.09234150566351662
ecoli50_r002426,knn_physchem_full,thermo_regseq2,0.09215924934014819
ecoli50_r008489,knn_physchem_full,thermo_regseq2,0.09206425306143728
ecoli50_r001560,knn_physchem_full,thermo_regseq2,0.09205641238483642
ecoli50_r004162,knn_physchem_full,thermo_regseq2,0.09203079991535557
ecoli50_r000903,knn_physchem_full,thermo_regseq2,0.09187987493554628
ecoli50_r003270,knn_physchem_full,thermo_regseq2,0.09169836476086646
ecoli50_r005676,knn_physchem_full,thermo_regseq2,0.09167467211103819
ecoli50_r000366,knn_physchem_full,thermo_regseq2,0.09163344581340871
ecoli50_r010531,knn_physchem_full,thermo_regseq2,0.09143311804340915
ecoli50_r006778,knn_physchem_full,thermo_regseq2,0.0911798811660729
ecoli50_r009466,knn_physchem_full,thermo_regseq2,0.09115508619648072
ecoli50_r000475,knn_physchem_full,thermo_regseq2,0.09114443908286196
ecoli50_r001698,knn_physchem_full,thermo_regseq2,0.09102721809848102
ecoli50_r008100,knn_physchem_full,thermo_regseq2,0.09102040564096026
ecoli50_r005244,knn_physchem_full,thermo_regseq2,0.09094520891622881
ecoli50_r000316,knn_physchem_full,thermo_regseq2,0.09058566621794029
ecoli50_r002454,knn_physchem_full,thermo_regseq2,0.09049626786474052
ecoli50_r007027,knn_physchem_full,thermo_regseq2,0.09034203774549576
ecoli50_r006974,knn_physchem_full,thermo_regseq2,0.09026558037417676
ecoli50_r001778,knn_physchem_full,thermo_regseq2,0.09007120182608874
ecoli50_r001858,knn_physchem_full,thermo_regseq2,0.09005748962449944
ecoli50_r008547,knn_physchem_full,thermo_regseq2,0.08998157669521412
ecoli50_r004871,knn_physchem_full,thermo_regseq2,0.08989646969777265
ecoli50_r005283,knn_physchem_full,thermo_regseq2,0.08978840546706612
ecoli50_r007910,knn_physchem_full,thermo_regseq2,0.08977875892877707
ecoli50_r003598,knn_physchem_full,thermo_regseq2,0.0896833323096593
ecoli50_r000733,knn_physchem_full,thermo_regseq2,0.08963997279210112
ecoli50_r008919,knn_physchem_full,thermo_regseq2,0.0895677832924151
ecoli50_r006092,knn_physchem_full,thermo_regseq2,0.08954831177761369
ecoli50_r003040,knn_physchem_full,thermo_regseq2,0.08952114908245834
ecoli50_r010868,knn_physchem_full,thermo_regseq2,0.08932068968320106
ecoli50_r005357,knn_physchem_full,thermo_regseq2,0.08925154559152482
ecoli50_r003742,knn_physchem_full,thermo_regseq2,0.08908432117093312
ecoli50_r011808,knn_physchem_full,thermo_regseq2,0.0887589331217824
ecoli50_r002476,knn_physchem_full,thermo_regseq2,0.08802772957680371
ecoli50_r005356,knn_physchem_full,thermo_regseq2,0.08784330455148304
ecoli50_r003608,knn_physchem_full,thermo_regseq2,0.08782574922160968
ecoli50_r005235,knn_physchem_full,thermo_regseq2,0.08778969369454082
ecoli50_r011520,knn_physchem_full,thermo_regseq2,0.08775384917771989
ecoli50_r004258,knn_physchem_full,thermo_regseq2,0.08766141527914106
ecoli50_r000775,knn_physchem_full,thermo_regseq2,0.08754145952518844
ecoli50_r003081,knn_physchem_full,thermo_regseq2,0.0872691534897676
ecoli50_r005781,knn_physchem_full,thermo_regseq2,0.08726795577657098
ecoli50_r002258,knn_physchem_full,thermo_regseq2,0.08723472358042761
ecoli50_r011275,knn_physchem_full,thermo_regseq2,0.08721535097984257
ecoli50_r008000,knn_physchem_full,thermo_regseq2,0.08715922940538601
ecoli50_r008450,knn_physchem_full,thermo_regseq2,0.08708036887373227
ecoli50_r001109,knn_physchem_full,thermo_regseq2,0.08704611071088308
ecoli50_r011741,knn_physchem_full,thermo_regseq2,0.08689645506503663
ecoli50_r007595,knn_physchem_full,thermo_regseq2,0.0868410668536228
ecoli50_r010698,knn_physchem_full,thermo_regseq2,0.08664979002457285
ecoli50_r000236,knn_physchem_full,thermo_regseq2,0.08655217419204542
ecoli50_r010858,knn_physchem_full,thermo_regseq2,0.08652139611201637
ecoli50_r004540,knn_physchem_full,thermo_regseq2,0.0864888723702526
ecoli50_r007741,knn_physchem_full,thermo_regseq2,0.08629957228280372
ecoli50_r000803,knn_physchem_full,thermo_regseq2,0.08626770614986645
ecoli50_r008934,knn_physchem_full,thermo_regseq2,0.08615882674690711
ecoli50_r003349,knn_physchem_full,thermo_regseq2,0.08611216519600973
ecoli50_r006949,knn_physchem_full,thermo_regseq2,0.08590007244734998
ecoli50_r000737,knn_physchem_full,thermo_regseq2,0.08582005806995596
ecoli50_r009611,knn_physchem_full,thermo_regseq2,0.08570600099279835
ecoli50_r005674,knn_physchem_full,thermo_regseq2,0.08518862122534321
ecoli50_r010470,knn_physchem_full,thermo_regseq2,0.08514616366659444
ecoli50_r000591,knn_physchem_full,thermo_regseq2,0.08511380520534129
ecoli50_r010851,knn_physchem_full,thermo_regseq2,0.08505018942924991
ecoli50_r001730,knn_physchem_full,thermo_regseq2,0.08481679607724235
ecoli50_r010960,knn_physchem_full,thermo_regseq2,0.08475341122041291
ecoli50_r007231,knn_physchem_full,thermo_regseq2,0.08474407277742202
ecoli50_r005598,knn_physchem_full,thermo_regseq2,0.08471144957817289
ecoli50_r010147,knn_physchem_full,thermo_regseq2,0.0846825777110789
ecoli50_r003305,knn_physchem_full,thermo_regseq2,0.0845653890861211
ecoli50_r008298,knn_physchem_full,thermo_regseq2,0.08442200655688792
ecoli50_r001948,knn_physchem_full,thermo_regseq2,0.08430593363901728
ecoli50_r001690,knn_physchem_full,thermo_regseq2,0.08419877669806475
ecoli50_r007657,knn_physchem_full,thermo_regseq2,0.08408587810974977
ecoli50_r001382,knn_physchem_full,thermo_regseq2,0.08406034457645095
ecoli50_r006366,knn_physchem_full,thermo_regseq2,0.08402756892090979
ecoli50_r005952,knn_physchem_full,thermo_regseq2,0.08402640286898855
ecoli50_r001531,knn_physchem_full,thermo_regseq2,0.08402304831486473
ecoli50_r010192,knn_physchem_full,thermo_regseq2,0.08399167934669549
ecoli50_r010957,knn_physchem_full,thermo_regseq2,0.08384942544876095
ecoli50_r007906,knn_physchem_full,thermo_regseq2,0.08380917636344387
ecoli50_r006369,knn_physchem_full,thermo_regseq2,0.08368843554376992
ecoli50_r010836,knn_physchem_full,thermo_regseq2,0.08367597404819627
ecoli50_r001709,knn_physchem_full,thermo_regseq2,0.08359881580507755
ecoli50_r000572,knn_physchem_full,thermo_regseq2,0.08354317673852707
ecoli50_r001160,knn_physchem_full,thermo_regseq2,0.08325947674531164
ecoli50_r007626,knn_physchem_full,thermo_regseq2,0.0831430604379868
ecoli50_r009788,knn_physchem_full,thermo_regseq2,0.08310584071152283
ecoli50_r008241,knn_physchem_full,thermo_regseq2,0.08303454854312742
ecoli50_r009694,knn_physchem_full,thermo_regseq2,0.08303153688601972
ecoli50_r000327,knn_physchem_full,thermo_regseq2,0.08301752568412368
ecoli50_r006030,knn_physchem_full,thermo_regseq2,0.08288372435136315
ecoli50_r006001,knn_physchem_full,thermo_regseq2,0.08287038052338902
ecoli50_r002933,knn_physchem_full,thermo_regseq2,0.08277512288563305
ecoli50_r006993,knn_physchem_full,thermo_regseq2,0.08271641404767394
ecoli50_r002820,knn_physchem_full,thermo_regseq2,0.08267501809194266
ecoli50_r001791,knn_physchem_full,thermo_regseq2,0.08261122363372442
ecoli50_r007095,knn_physchem_full,thermo_regseq2,0.08260020906773402
ecoli50_r002130,knn_physchem_full,thermo_regseq2,0.08257252359830769
ecoli50_r008458,knn_physchem_full,thermo_regseq2,0.08242445513786656
ecoli50_r006401,knn_physchem_full,thermo_regseq2,0.08238685034714921
ecoli50_r008149,knn_physchem_full,thermo_regseq2,0.08237590444797682
ecoli50_r008610,knn_physchem_full,thermo_regseq2,0.08235046039855254
ecoli50_r003924,knn_physchem_full,thermo_regseq2,0.08234878898126707
ecoli50_r001324,knn_physchem_full,thermo_regseq2,0.08229683390789688
ecoli50_r003591,knn_physchem_full,thermo_regseq2,0.08225534941215562
ecoli50_r004699,knn_physchem_full,thermo_regseq2,0.08222031154905274
ecoli50_r004284,knn_physchem_full,thermo_regseq2,0.08201237983338405
ecoli50_r008798,knn_physchem_full,thermo_regseq2,0.08199327929433586
ecoli50_r000396,knn_physchem_full,thermo_regseq2,0.08181025032020584
ecoli50_r002079,knn_physchem_full,thermo_regseq2,0.08168141049253785
ecoli50_r010194,knn_physchem_full,thermo_regseq2,0.0816756028248391
ecoli50_r005684,knn_physchem_full,thermo_regseq2,0.08155979022341464
ecoli50_r004557,knn_physchem_full,thermo_regseq2,0.08149637823541012
ecoli50_r003201,knn_physchem_full,thermo_regseq2,0.08135725558287366
ecoli50_r005233,knn_physchem_full,thermo_regseq2,0.08131351626959926
ecoli50_r008283,knn_physchem_full,thermo_regseq2,0.08118887849139966
ecoli50_r000946,knn_physchem_full,thermo_regseq2,0.08109372726841935
ecoli50_r003708,knn_physchem_full,thermo_regseq2,0.08106947113269447
ecoli50_r001655,knn_physchem_full,thermo_regseq2,0.0810555931791157
ecoli50_r006285,knn_physchem_full,thermo_regseq2,0.08096586348784252
ecoli50_r007738,knn_physchem_full,thermo_regseq2,0.08048273312634446
ecoli50_r008896,knn_physchem_full,thermo_regseq2,0.08047221933941895
ecoli50_r011240,knn_physchem_full,thermo_regseq2,0.08031642984911525
ecoli50_r002225,knn_physchem_full,thermo_regseq2,0.08030877294008665
ecoli50_r006098,knn_physchem_full,thermo_regseq2,0.08028949522937623
ecoli50_r010218,knn_physchem_full,thermo_regseq2,0.08011147129112528
ecoli50_r005572,knn_physchem_full,thermo_regseq2,0.07999066943274435
ecoli50_r011555,knn_physchem_full,thermo_regseq2,0.07962650215938671
ecoli50_r005554,knn_physchem_full,thermo_regseq2,0.07955186689735783
ecoli50_r005129,knn_physchem_full,thermo_regseq2,0.07951190023962607
ecoli50_r000601,knn_physchem_full,thermo_regseq2,0.07941173014624381
ecoli50_r007589,knn_physchem_full,thermo_regseq2,0.07932403356635565
ecoli50_r005305,knn_physchem_full,thermo_regseq2,0.07895284982748718
ecoli50_r009824,knn_physchem_full,thermo_regseq2,0.07877074345265189
ecoli50_r008042,knn_physchem_full,thermo_regseq2,0.07872409384624879
ecoli50_r002657,knn_physchem_full,thermo_regseq2,0.07867041761190352
ecoli50_r009602,knn_physchem_full,thermo_regseq2,0.0786132093941192
ecoli50_r006797,knn_physchem_full,thermo_regseq2,0.07829531065066142
ecoli50_r007153,knn_physchem_full,thermo_regseq2,0.07822915091184646
ecoli50_r003187,knn_physchem_full,thermo_regseq2,0.07818369332970576
ecoli50_r003622,knn_physchem_full,thermo_regseq2,0.07810775295510153
ecoli50_r008917,knn_physchem_full,thermo_regseq2,0.07802135734967264
ecoli50_r008996,knn_physchem_full,thermo_regseq2,0.07792596972816979
ecoli50_r006880,knn_physchem_full,thermo_regseq2,0.07791702259328792
ecoli50_r003490,knn_physchem_full,thermo_regseq2,0.07786226436747867
ecoli50_r010867,knn_physchem_full,thermo_regseq2,0.07749557960989018
ecoli50_r000190,knn_physchem_full,thermo_regseq2,0.07710387018564102
ecoli50_r003634,knn_physchem_full,thermo_regseq2,0.07691609929740872
ecoli50_r011384,knn_physchem_full,thermo_regseq2,0.07665701735470432
ecoli50_r008438,knn_physchem_full,thermo_regseq2,0.07650857436649616
ecoli50_r005254,knn_physchem_full,thermo_regseq2,0.07645826554347446
ecoli50_r002204,knn_physchem_full,thermo_regseq2,0.07629074354342213
ecoli50_r004988,knn_physchem_full,thermo_regseq2,0.07626040259111777
ecoli50_r011450,knn_physchem_full,thermo_regseq2,0.07621251042381694
ecoli50_r003239,knn_physchem_full,thermo_regseq2,0.07619067468992347
ecoli50_r002614,knn_physchem_full,thermo_regseq2,0.07613935313952425
ecoli50_r005236,knn_physchem_full,thermo_regseq2,0.07589387618354593
ecoli50_r005841,knn_physchem_full,thermo_regseq2,0.07569474079358374
ecoli50_r002967,knn_physchem_full,thermo_regseq2,0.07563286442004147
ecoli50_r006999,knn_physchem_full,thermo_regseq2,0.07553568744243178
ecoli50_r005199,knn_physchem_full,thermo_regseq2,0.07550157645304845
ecoli50_r011751,knn_physchem_full,thermo_regseq2,0.0754014200276707
ecoli50_r010498,knn_physchem_full,thermo_regseq2,0.07540081622799644
ecoli50_r003086,knn_physchem_full,thermo_regseq2,0.07532247723458196
ecoli50_r004539,knn_physchem_full,thermo_regseq2,0.07531271340003975
ecoli50_r004562,knn_physchem_full,thermo_regseq2,0.07525966404252404
ecoli50_r001173,knn_physchem_full,thermo_regseq2,0.07497397316696652
ecoli50_r008094,knn_physchem_full,thermo_regseq2,0.07480125213348732
ecoli50_r004621,knn_physchem_full,thermo_regseq2,0.07479530937116197
ecoli50_r003447,knn_physchem_full,thermo_regseq2,0.07474029324381748
ecoli50_r008280,knn_physchem_full,thermo_regseq2,0.0747364957856429
ecoli50_r002634,knn_physchem_full,thermo_regseq2,0.07462791116826795
ecoli50_r001579,knn_physchem_full,thermo_regseq2,0.07448511106713207
ecoli50_r002845,knn_physchem_full,thermo_regseq2,0.07446857327504519
ecoli50_r006784,knn_physchem_full,thermo_regseq2,0.07436426089856418
ecoli50_r008998,knn_physchem_full,thermo_regseq2,0.07433624147310391
ecoli50_r003613,knn_physchem_full,thermo_regseq2,0.07408355335504968
ecoli50_r005661,knn_physchem_full,thermo_regseq2,0.07401314798697722
ecoli50_r009386,knn_physchem_full,thermo_regseq2,0.07398170589311803
ecoli50_r008284,knn_physchem_full,thermo_regseq2,0.07392364044383148
ecoli50_r004587,knn_physchem_full,thermo_regseq2,0.07387913340373498
ecoli50_r004413,knn_physchem_full,thermo_regseq2,0.07344337938264855
ecoli50_r004697,knn_physchem_full,thermo_regseq2,0.07338893768577304
ecoli50_r007406,knn_physchem_full,thermo_regseq2,0.07330170392956603
ecoli50_r003652,knn_physchem_full,thermo_regseq2,0.07329400896109028
ecoli50_r007434,knn_physchem_full,thermo_regseq2,0.07323133830414097
ecoli50_r006336,knn_physchem_full,thermo_regseq2,0.0729297473194408
ecoli50_r006082,knn_physchem_full,thermo_regseq2,0.07261023284384072
ecoli50_r001080,knn_physchem_full,thermo_regseq2,0.07258139756507642
ecoli50_r011547,knn_physchem_full,thermo_regseq2,0.07253253696686413
ecoli50_r007376,knn_physchem_full,thermo_regseq2,0.07231174817267672
ecoli50_r001060,knn_physchem_full,thermo_regseq2,0.07220836323169655
ecoli50_r005714,knn_physchem_full,thermo_regseq2,0.07199864061927386
ecoli50_r004066,knn_physchem_full,thermo_regseq2,0.07191852483518124
ecoli50_r003449,knn_physchem_full,thermo_regseq2,0.07189778259462543
ecoli50_r008182,knn_physchem_full,thermo_regseq2,0.07189423442407916
ecoli50_r004364,knn_physchem_full,thermo_regseq2,0.07168512788983206
ecoli50_r010942,knn_physchem_full,thermo_regseq2,0.07160632502693565
ecoli50_r006900,knn_physchem_full,thermo_regseq2,0.07127295751590434
ecoli50_r001414,knn_physchem_full,thermo_regseq2,0.07117672626315796
ecoli50_r010899,knn_physchem_full,thermo_regseq2,0.07100050986698792
ecoli50_r001064,knn_physchem_full,thermo_regseq2,0.07099275500742896
ecoli50_r009877,knn_physchem_full,thermo_regseq2,0.07096344554754497
ecoli50_r006833,knn_physchem_full,thermo_regseq2,0.07094322111576501
ecoli50_r001557,knn_physchem_full,thermo_regseq2,0.07091869999001776
ecoli50_r010305,knn_physchem_full,thermo_regseq2,0.07091142948400408
ecoli50_r010043,knn_physchem_full,thermo_regseq2,0.0709114116507834
ecoli50_r011750,knn_physchem_full,thermo_regseq2,0.07082616381890405
ecoli50_r004980,knn_physchem_full,thermo_regseq2,0.07080971960084348
ecoli50_r002708,knn_physchem_full,thermo_regseq2,0.07075382049843704
ecoli50_r000676,knn_physchem_full,thermo_regseq2,0.07062516767915428
ecoli50_r009891,knn_physchem_full,thermo_regseq2,0.07054309279644144
ecoli50_r002812,knn_physchem_full,thermo_regseq2,0.07054107809455479
ecoli50_r002398,knn_physchem_full,thermo_regseq2,0.07044584499469408
ecoli50_r008168,knn_physchem_full,thermo_regseq2,0.07031951935877201
ecoli50_r007453,knn_physchem_full,thermo_regseq2,0.07028588035683647
ecoli50_r003648,knn_physchem_full,thermo_regseq2,0.07018050019605804
ecoli50_r005639,knn_physchem_full,thermo_regseq2,0.07013012275152875
ecoli50_r000536,knn_physchem_full,thermo_regseq2,0.06998879332795749
ecoli50_r000638,knn_physchem_full,thermo_regseq2,0.06983727276397911
ecoli50_r004296,knn_physchem_full,thermo_regseq2,0.06982427298622618
ecoli50_r004636,knn_physchem_full,thermo_regseq2,0.06967413630251107
ecoli50_r004339,knn_physchem_full,thermo_regseq2,0.06965257020970705
ecoli50_r010874,knn_physchem_full,thermo_regseq2,0.06959266266373465
ecoli50_r006180,knn_physchem_full,thermo_regseq2,0.06958987992059384
ecoli50_r002099,knn_physchem_full,thermo_regseq2,0.06945694497409383
ecoli50_r001523,knn_physchem_full,thermo_regseq2,0.06928866557350766
ecoli50_r010827,knn_physchem_full,thermo_regseq2,0.06915353412475111
ecoli50_r000996,knn_physchem_full,thermo_regseq2,0.06913261969679674
ecoli50_r004373,knn_physchem_full,thermo_regseq2,0.06910629828868009
ecoli50_r009065,knn_physchem_full,thermo_regseq2,0.06902227451448084
ecoli50_r009580,knn_physchem_full,thermo_regseq2,0.0689552705101768
ecoli50_r011827,knn_physchem_full,thermo_regseq2,0.06892876495388744
ecoli50_r000770,knn_physchem_full,thermo_regseq2,0.06883888624045076
ecoli50_r002661,knn_physchem_full,thermo_regseq2,0.06872887209450784
ecoli50_r010323,knn_physchem_full,thermo_regseq2,0.06871800277531381
ecoli50_r006876,knn_physchem_full,thermo_regseq2,0.06863498179372574
ecoli50_r010948,knn_physchem_full,thermo_regseq2,0.06862779494106697
ecoli50_r009819,knn_physchem_full,thermo_regseq2,0.06859491987467692
ecoli50_r002240,knn_physchem_full,thermo_regseq2,0.06854791479979383
ecoli50_r009547,knn_physchem_full,thermo_regseq2,0.06843512237894833
ecoli50_r000581,knn_physchem_full,thermo_regseq2,0.06823001267534012
ecoli50_r007953,knn_physchem_full,thermo_regseq2,0.06822651550003922
ecoli50_r011432,knn_physchem_full,thermo_regseq2,0.06821708032917195
ecoli50_r005201,knn_physchem_full,thermo_regseq2,0.06820079864872408
ecoli50_r005630,knn_physchem_full,thermo_regseq2,0.06804388688478635
ecoli50_r002680,knn_physchem_full,thermo_regseq2,0.0676411289940666
ecoli50_r008409,knn_physchem_full,thermo_regseq2,0.06743427202020458
ecoli50_r007530,knn_physchem_full,thermo_regseq2,0.06740282777824236
ecoli50_r001915,knn_physchem_full,thermo_regseq2,0.06734830556038895
ecoli50_r010356,knn_physchem_full,thermo_regseq2,0.06731211772289081
ecoli50_r008476,knn_physchem_full,thermo_regseq2,0.06717607561911709
ecoli50_r011330,knn_physchem_full,thermo_regseq2,0.06717546084304127
ecoli50_r005210,knn_physchem_full,thermo_regseq2,0.06710786198772034
ecoli50_r009260,knn_physchem_full,thermo_regseq2,0.06698925825147439
ecoli50_r004585,knn_physchem_full,thermo_regseq2,0.06693975031801713
ecoli50_r007943,knn_physchem_full,thermo_regseq2,0.06664286069215608
ecoli50_r007313,knn_physchem_full,thermo_regseq2,0.06662808552866695
ecoli50_r010143,knn_physchem_full,thermo_regseq2,0.0665699741876895
ecoli50_r011583,knn_physchem_full,thermo_regseq2,0.06645383965302365
ecoli50_r008045,knn_physchem_full,thermo_regseq2,0.0664160119543733
ecoli50_r008260,knn_physchem_full,thermo_regseq2,0.06639099435044526
ecoli50_r004037,knn_physchem_full,thermo_regseq2,0.06616170859851067
ecoli50_r007757,knn_physchem_full,thermo_regseq2,0.06594255377180192
ecoli50_r000811,knn_physchem_full,thermo_regseq2,0.06590711399182947
ecoli50_r001372,knn_physchem_full,thermo_regseq2,0.06586110739424944
ecoli50_r005807,knn_physchem_full,thermo_regseq2,0.06547060628447143
ecoli50_r009035,knn_physchem_full,thermo_regseq2,0.06545261371629563
ecoli50_r001294,knn_physchem_full,thermo_regseq2,0.06496537735261843
ecoli50_r008990,knn_physchem_full,thermo_regseq2,0.06481417800637246
ecoli50_r001809,knn_physchem_full,thermo_regseq2,0.06473001435912673
ecoli50_r008695,knn_physchem_full,thermo_regseq2,0.06464671451865112
ecoli50_r000055,knn_physchem_full,thermo_regseq2,0.06456970767822368
ecoli50_r008216,knn_physchem_full,thermo_regseq2,0.06454373804862445
ecoli50_r003373,knn_physchem_full,thermo_regseq2,0.06449179029631225
ecoli50_r010720,knn_physchem_full,thermo_regseq2,0.06442142955874708
ecoli50_r005530,knn_physchem_full,thermo_regseq2,0.06431465548029625
ecoli50_r005631,knn_physchem_full,thermo_regseq2,0.06403872537545974
ecoli50_r006302,knn_physchem_full,thermo_regseq2,0.06400743736587877
ecoli50_r002090,knn_physchem_full,thermo_regseq2,0.06391795791760213
ecoli50_r001926,knn_physchem_full,thermo_regseq2,0.06372783723618536
ecoli50_r010215,knn_physchem_full,thermo_regseq2,0.06361089837255607
ecoli50_r007280,knn_physchem_full,thermo_regseq2,0.0635601330090525
ecoli50_r005910,knn_physchem_full,thermo_regseq2,0.06349540220202643
ecoli50_r004370,knn_physchem_full,thermo_regseq2,0.06340509604210132
ecoli50_r004013,knn_physchem_full,thermo_regseq2,0.06332745320101951
ecoli50_r001588,knn_physchem_full,thermo_regseq2,0.06325766477034689
ecoli50_r006167,knn_physchem_full,thermo_regseq2,0.06320323231059444
ecoli50_r011374,knn_physchem_full,thermo_regseq2,0.06317210821187214
ecoli50_r000721,knn_physchem_full,thermo_regseq2,0.06315255618130822
ecoli50_r007820,knn_physchem_full,thermo_regseq2,0.06293962121828889
ecoli50_r005327,knn_physchem_full,thermo_regseq2,0.06290973002014777
ecoli50_r006727,knn_physchem_full,thermo_regseq2,0.06282266210480847
ecoli50_r007099,knn_physchem_full,thermo_regseq2,0.06277242100300828
ecoli50_r009653,knn_physchem_full,thermo_regseq2,0.06269525487609462
ecoli50_r000490,knn_physchem_full,thermo_regseq2,0.06222530931979264
ecoli50_r007554,knn_physchem_full,thermo_regseq2,0.06222464169223452
ecoli50_r005559,knn_physchem_full,thermo_regseq2,0.06218393864141536
ecoli50_r000342,knn_physchem_full,thermo_regseq2,0.062078071529998446
ecoli50_r009975,knn_physchem_full,thermo_regseq2,0.062023766907393085
ecoli50_r008728,knn_physchem_full,thermo_regseq2,0.06190017367070766
ecoli50_r003547,knn_physchem_full,thermo_regseq2,0.061833521592997265
ecoli50_r003529,knn_physchem_full,thermo_regseq2,0.06178514390556078
ecoli50_r010204,knn_physchem_full,thermo_regseq2,0.061778760042968006
ecoli50_r006486,knn_physchem_full,thermo_regseq2,0.061628196746746244
ecoli50_r009659,knn_physchem_full,thermo_regseq2,0.06157119937923161
ecoli50_r006081,knn_physchem_full,thermo_regseq2,0.0612520574588018
ecoli50_r008323,knn_physchem_full,thermo_regseq2,0.0609839528906555
ecoli50_r004090,knn_physchem_full,thermo_regseq2,0.06088732734540114
ecoli50_r009503,knn_physchem_full,thermo_regseq2,0.06088312202272794
ecoli50_r009600,knn_physchem_full,thermo_regseq2,0.06087100727478134
ecoli50_r011268,knn_physchem_full,thermo_regseq2,0.06073829738290071
ecoli50_r009028,knn_physchem_full,thermo_regseq2,0.060494397700253
ecoli50_r002650,knn_physchem_full,thermo_regseq2,0.06048361845226857
ecoli50_r000888,knn_physchem_full,thermo_regseq2,0.06044275224808615
ecoli50_r006981,knn_physchem_full,thermo_regseq2,0.06042665694435634
ecoli50_r002588,knn_physchem_full,thermo_regseq2,0.06039745012884046
ecoli50_r002997,knn_physchem_full,thermo_regseq2,0.06038674739165595
ecoli50_r009085,knn_physchem_full,thermo_regseq2,0.06017151180406799
ecoli50_r003910,knn_physchem_full,thermo_regseq2,0.060142827383467434
ecoli50_r005917,knn_physchem_full,thermo_regseq2,0.060091993808375044
ecoli50_r000175,knn_physchem_full,thermo_regseq2,0.05991077788246013
ecoli50_r001489,knn_physchem_full,thermo_regseq2,0.05975195516029963
ecoli50_r010276,knn_physchem_full,thermo_regseq2,0.05948388000037674
ecoli50_r011785,knn_physchem_full,thermo_regseq2,0.05927594474116882
ecoli50_r002920,knn_physchem_full,thermo_regseq2,0.05916566983786664
ecoli50_r007189,knn_physchem_full,thermo_regseq2,0.05905165078076324
ecoli50_r009296,knn_physchem_full,thermo_regseq2,0.05904981510415386
ecoli50_r001734,knn_physchem_full,thermo_regseq2,0.05897170519423467
ecoli50_r011016,knn_physchem_full,thermo_regseq2,0.05891407315888886
ecoli50_r003036,knn_physchem_full,thermo_regseq2,0.058796417354813
ecoli50_r001357,knn_physchem_full,thermo_regseq2,0.05870228348046869
ecoli50_r003319,knn_physchem_full,thermo_regseq2,0.05868844927402783
ecoli50_r005294,knn_physchem_full,thermo_regseq2,0.05868489456665271
ecoli50_r000845,knn_physchem_full,thermo_regseq2,0.05868082006964492
ecoli50_r000678,knn_physchem_full,thermo_regseq2,0.058664604354875305
ecoli50_r006695,knn_physchem_full,thermo_regseq2,0.05850839230275939
ecoli50_r004769,knn_physchem_full,thermo_regseq2,0.05848088813789731
ecoli50_r010373,knn_physchem_full,thermo_regseq2,0.05831990645053242
ecoli50_r006911,knn_physchem_full,thermo_regseq2,0.058303319067061654
ecoli50_r006459,knn_physchem_full,thermo_regseq2,0.05818876023947395
ecoli50_r002625,knn_physchem_full,thermo_regseq2,0.05810619742176604
ecoli50_r007969,knn_physchem_full,thermo_regseq2,0.05809519420150311
ecoli50_r006429,knn_physchem_full,thermo_regseq2,0.05806944902998534
ecoli50_r003218,knn_physchem_full,thermo_regseq2,0.0580329744119954
ecoli50_r010668,knn_physchem_full,thermo_regseq2,0.05801777716372625
ecoli50_r000191,knn_physchem_full,thermo_regseq2,0.0578974583347307
ecoli50_r001987,knn_physchem_full,thermo_regseq2,0.05770159551847032
ecoli50_r005771,knn_physchem_full,thermo_regseq2,0.057507537567770495
ecoli50_r011089,knn_physchem_full,thermo_regseq2,0.057400299588400205
ecoli50_r009299,knn_physchem_full,thermo_regseq2,0.05738616696951615
ecoli50_r007224,knn_physchem_full,thermo_regseq2,0.05738422556235623
ecoli50_r000993,knn_physchem_full,thermo_regseq2,0.05706231298078546
ecoli50_r009766,knn_physchem_full,thermo_regseq2,0.05701366235111083
ecoli50_r005822,knn_physchem_full,thermo_regseq2,0.05698765093205749
ecoli50_r011051,knn_physchem_full,thermo_regseq2,0.05688833198265719
ecoli50_r002524,knn_physchem_full,thermo_regseq2,0.056871781022337586
ecoli50_r005325,knn_physchem_full,thermo_regseq2,0.056848131331571405
ecoli50_r009550,knn_physchem_full,thermo_regseq2,0.056679331753263895
ecoli50_r001951,knn_physchem_full,thermo_regseq2,0.056645266170192166
ecoli50_r007766,knn_physchem_full,thermo_regseq2,0.056497540636399
ecoli50_r003939,knn_physchem_full,thermo_regseq2,0.05647461738939796
ecoli50_r007166,knn_physchem_full,thermo_regseq2,0.05643625887754178
ecoli50_r011711,knn_physchem_full,thermo_regseq2,0.056345886500027476
ecoli50_r002361,knn_physchem_full,thermo_regseq2,0.05631238126115301
ecoli50_r010077,knn_physchem_full,thermo_regseq2,0.05610241625510426
ecoli50_r003905,knn_physchem_full,thermo_regseq2,0.05602862827552091
ecoli50_r008795,knn_physchem_full,thermo_regseq2,0.05575839309999209
ecoli50_r011748,knn_physchem_full,thermo_regseq2,0.055540313441018174
ecoli50_r005011,knn_physchem_full,thermo_regseq2,0.055417069665932406
ecoli50_r006615,knn_physchem_full,thermo_regseq2,0.05528080111176914
ecoli50_r008624,knn_physchem_full,thermo_regseq2,0.05523901529731923
ecoli50_r001726,knn_physchem_full,thermo_regseq2,0.055076157668957126
ecoli50_r003465,knn_physchem_full,thermo_regseq2,0.05502394633134289
ecoli50_r011027,knn_physchem_full,thermo_regseq2,0.055015896111723084
ecoli50_r009121,knn_physchem_full,thermo_regseq2,0.05494710600036967
ecoli50_r010357,knn_physchem_full,thermo_regseq2,0.05480467085383944
ecoli50_r009490,knn_physchem_full,thermo_regseq2,0.054642404343656636
ecoli50_r004929,knn_physchem_full,thermo_regseq2,0.054529455603720134
ecoli50_r003902,knn_physchem_full,thermo_regseq2,0.054449905609924354
ecoli50_r008470,knn_physchem_full,thermo_regseq2,0.05441130650984638
ecoli50_r006129,knn_physchem_full,thermo_regseq2,0.05417661523022366
ecoli50_r008876,knn_physchem_full,thermo_regseq2,0.05416350991456431
ecoli50_r006557,knn_physchem_full,thermo_regseq2,0.05401819441909206
ecoli50_r010501,knn_physchem_full,thermo_regseq2,0.05390352115226138
ecoli50_r000268,knn_physchem_full,thermo_regseq2,0.05370414390628886
ecoli50_r000162,knn_physchem_full,thermo_regseq2,0.05356964983574075
ecoli50_r004940,knn_physchem_full,thermo_regseq2,0.05354945343679818
ecoli50_r004730,knn_physchem_full,thermo_regseq2,0.05331308046359018
ecoli50_r005332,knn_physchem_full,thermo_regseq2,0.05325870087073614
ecoli50_r000825,knn_physchem_full,thermo_regseq2,0.05321367095429874
ecoli50_r004537,knn_physchem_full,thermo_regseq2,0.05314466429571674
ecoli50_r008908,knn_physchem_full,thermo_regseq2,0.053119121689165105
ecoli50_r003407,knn_physchem_full,thermo_regseq2,0.05309329306912547
ecoli50_r011318,knn_physchem_full,thermo_regseq2,0.053025341951260074
ecoli50_r006832,knn_physchem_full,thermo_regseq2,0.052928873499433315
ecoli50_r003862,knn_physchem_full,thermo_regseq2,0.05286073724912743
ecoli50_r003083,knn_physchem_full,thermo_regseq2,0.05277844085101524
ecoli50_r010904,knn_physchem_full,thermo_regseq2,0.05271741151629561
ecoli50_r006090,knn_physchem_full,thermo_regseq2,0.052671229237779116
ecoli50_r006106,knn_physchem_full,thermo_regseq2,0.05261518380195529
ecoli50_r000507,knn_physchem_full,thermo_regseq2,0.052588025967175156
ecoli50_r001416,knn_physchem_full,thermo_regseq2,0.05249873599893551
ecoli50_r007316,knn_physchem_full,thermo_regseq2,0.052371006222626804
ecoli50_r003043,knn_physchem_full,thermo_regseq2,0.05233112773514881
ecoli50_r009445,knn_physchem_full,thermo_regseq2,0.052270624428464085
ecoli50_r006725,knn_physchem_full,thermo_regseq2,0.052257502108982834
ecoli50_r000006,knn_physchem_full,thermo_regseq2,0.05224596211778687
ecoli50_r007185,knn_physchem_full,thermo_regseq2,0.05221321955497915
ecoli50_r000222,knn_physchem_full,thermo_regseq2,0.0521948416294884
ecoli50_r000415,knn_physchem_full,thermo_regseq2,0.0521076916793457
ecoli50_r003102,knn_physchem_full,thermo_regseq2,0.051976678534121135
ecoli50_r010177,knn_physchem_full,thermo_regseq2,0.05171236501180321
ecoli50_r004122,knn_physchem_full,thermo_regseq2,0.05166661660011895
ecoli50_r000068,knn_physchem_full,thermo_regseq2,0.05165363615550733
ecoli50_r011721,knn_physchem_full,thermo_regseq2,0.05164269392953669
ecoli50_r011459,knn_physchem_full,thermo_regseq2,0.051632940464605426
ecoli50_r005641,knn_physchem_full,thermo_regseq2,0.051568933566909614
ecoli50_r008061,knn_physchem_full,thermo_regseq2,0.05133920999545971
ecoli50_r009219,knn_physchem_full,thermo_regseq2,0.051304539318274944
ecoli50_r007651,knn_physchem_full,thermo_regseq2,0.05124529991800797
ecoli50_r004295,knn_physchem_full,thermo_regseq2,0.05111007435740467
ecoli50_r008312,knn_physchem_full,thermo_regseq2,0.05097741474892503
ecoli50_r008123,knn_physchem_full,thermo_regseq2,0.05092368078206766
ecoli50_r009111,knn_physchem_full,thermo_regseq2,0.05088826917663347
ecoli50_r005969,knn_physchem_full,thermo_regseq2,0.05086183616245066
ecoli50_r001901,knn_physchem_full,thermo_regseq2,0.050563628448628606
ecoli50_r011530,knn_physchem_full,thermo_regseq2,0.050464568186755265
ecoli50_r004959,knn_physchem_full,thermo_regseq2,0.05046297538681621
ecoli50_r003901,knn_physchem_full,thermo_regseq2,0.0503554987492989
ecoli50_r009733,knn_physchem_full,thermo_regseq2,0.05034151838878964
ecoli50_r003960,knn_physchem_full,thermo_regseq2,0.050200986378519996
ecoli50_r007619,knn_physchem_full,thermo_regseq2,0.05001446845811364
ecoli50_r000141,knn_physchem_full,thermo_regseq2,0.04997168700697374
ecoli50_r007119,knn_physchem_full,thermo_regseq2,0.049960486155880446
ecoli50_r006759,knn_physchem_full,thermo_regseq2,0.04991351270859301
ecoli50_r007516,knn_physchem_full,thermo_regseq2,0.049659714946908906
ecoli50_r006423,knn_physchem_full,thermo_regseq2,0.049655232115813686
ecoli50_r007611,knn_physchem_full,thermo_regseq2,0.04964587872218429
ecoli50_r010618,knn_physchem_full,thermo_regseq2,0.049492399879208726
ecoli50_r009565,knn_physchem_full,thermo_regseq2,0.0494819648765934
ecoli50_r005133,knn_physchem_full,thermo_regseq2,0.04936637782591147
ecoli50_r002172,knn_physchem_full,thermo_regseq2,0.04935523134489017
ecoli50_r002436,knn_physchem_full,thermo_regseq2,0.04932847874145807
ecoli50_r001651,knn_physchem_full,thermo_regseq2,0.049320148662038044
ecoli50_r003961,knn_physchem_full,thermo_regseq2,0.04931183461858213
ecoli50_r006531,knn_physchem_full,thermo_regseq2,0.04920337026022903
ecoli50_r005590,knn_physchem_full,thermo_regseq2,0.04918516713261889
ecoli50_r000628,knn_physchem_full,thermo_regseq2,0.04916359011724669
ecoli50_r005824,knn_physchem_full,thermo_regseq2,0.04910350937563024
ecoli50_r002934,knn_physchem_full,thermo_regseq2,0.04907806253237412
ecoli50_r010207,knn_physchem_full,thermo_regseq2,0.04907459912256407
ecoli50_r005297,knn_physchem_full,thermo_regseq2,0.04899969426509543
ecoli50_r007148,knn_physchem_full,thermo_regseq2,0.04898057266860745
ecoli50_r003106,knn_physchem_full,thermo_regseq2,0.04890445636473606
ecoli50_r008692,knn_physchem_full,thermo_regseq2,0.048858478486444756
ecoli50_r005510,knn_physchem_full,thermo_regseq2,0.048657975093069794
ecoli50_r000093,knn_physchem_full,thermo_regseq2,0.04853878759923713
ecoli50_r001349,knn_physchem_full,thermo_regseq2,0.04851724197424501
ecoli50_r004044,knn_physchem_full,thermo_regseq2,0.04836128007928853
ecoli50_r000023,knn_physchem_full,thermo_regseq2,0.04832026171970316
ecoli50_r009630,knn_physchem_full,thermo_regseq2,0.04821749448161272
ecoli50_r010405,knn_physchem_full,thermo_regseq2,0.04799358467498438
ecoli50_r009019,knn_physchem_full,thermo_regseq2,0.04789822191412352
ecoli50_r007947,knn_physchem_full,thermo_regseq2,0.047822063101754964
ecoli50_r003160,knn_physchem_full,thermo_regseq2,0.04779165801321117
ecoli50_r006052,knn_physchem_full,thermo_regseq2,0.04774899656726994
ecoli50_r004056,knn_physchem_full,thermo_regseq2,0.04773736046727528
ecoli50_r004166,knn_physchem_full,thermo_regseq2,0.047702372078898936
ecoli50_r003992,knn_physchem_full,thermo_regseq2,0.04732827864123079
ecoli50_r004937,knn_physchem_full,thermo_regseq2,0.04730694017647297
ecoli50_r006777,knn_physchem_full,thermo_regseq2,0.04720681467022869
ecoli50_r007878,knn_physchem_full,thermo_regseq2,0.047001735030638425
ecoli50_r008906,knn_physchem_full,thermo_regseq2,0.04686607666353604
ecoli50_r006699,knn_physchem_full,thermo_regseq2,0.0468516749643042
ecoli50_r008049,knn_physchem_full,thermo_regseq2,0.04679387180407302
ecoli50_r011293,knn_physchem_full,thermo_regseq2,0.04677701051944849
ecoli50_r008637,knn_physchem_full,thermo_regseq2,0.046754639832752964
ecoli50_r005476,knn_physchem_full,thermo_regseq2,0.04673737655389676
ecoli50_r007935,knn_physchem_full,thermo_regseq2,0.04640353478361314
ecoli50_r001563,knn_physchem_full,thermo_regseq2,0.0463469270994854
ecoli50_r002489,knn_physchem_full,thermo_regseq2,0.04632685426027683
ecoli50_r001950,knn_physchem_full,thermo_regseq2,0.04625648190167864
ecoli50_r005654,knn_physchem_full,thermo_regseq2,0.04617894476968942
ecoli50_r003923,knn_physchem_full,thermo_regseq2,0.04608978116148643
ecoli50_r004928,knn_physchem_full,thermo_regseq2,0.04606414729778807
ecoli50_r004815,knn_physchem_full,thermo_regseq2,0.0458440454588831
ecoli50_r004140,knn_physchem_full,thermo_regseq2,0.045824951255706736
ecoli50_r009215,knn_physchem_full,thermo_regseq2,0.04582199395550557
ecoli50_r008822,knn_physchem_full,thermo_regseq2,0.04563991561320968
ecoli50_r006829,knn_physchem_full,thermo_regseq2,0.04559805348980506
ecoli50_r006487,knn_physchem_full,thermo_regseq2,0.045462423836521104
ecoli50_r007633,knn_physchem_full,thermo_regseq2,0.0453345727167247
ecoli50_r001603,knn_physchem_full,thermo_regseq2,0.045301694744300125
ecoli50_r010263,knn_physchem_full,thermo_regseq2,0.04526553675599576
ecoli50_r004221,knn_physchem_full,thermo_regseq2,0.04516902678534018
ecoli50_r003275,knn_physchem_full,thermo_regseq2,0.04514461053746821
ecoli50_r009822,knn_physchem_full,thermo_regseq2,0.04514053350499614
ecoli50_r002053,knn_physchem_full,thermo_regseq2,0.04513308887970391
ecoli50_r010815,knn_physchem_full,thermo_regseq2,0.045085774651172805
ecoli50_r008497,knn_physchem_full,thermo_regseq2,0.045051745401602616
ecoli50_r000896,knn_physchem_full,thermo_regseq2,0.04478937235229541
ecoli50_r000817,knn_physchem_full,thermo_regseq2,0.04476750545931951
ecoli50_r002741,knn_physchem_full,thermo_regseq2,0.044730450086925
ecoli50_r007579,knn_physchem_full,thermo_regseq2,0.04467539207881899
ecoli50_r009790,knn_physchem_full,thermo_regseq2,0.04459237857750331
ecoli50_r004184,knn_physchem_full,thermo_regseq2,0.044587933276464486
ecoli50_r010959,knn_physchem_full,thermo_regseq2,0.044563093703954504
ecoli50_r003138,knn_physchem_full,thermo_regseq2,0.04453278518028192
ecoli50_r004164,knn_physchem_full,thermo_regseq2,0.04452964036926188
ecoli50_r001244,knn_physchem_full,thermo_regseq2,0.04448721273945466
ecoli50_r000821,knn_physchem_full,thermo_regseq2,0.04441869005458132
ecoli50_r003166,knn_physchem_full,thermo_regseq2,0.04432160393069218
ecoli50_r008437,knn_physchem_full,thermo_regseq2,0.04418846658733866
ecoli50_r005801,knn_physchem_full,thermo_regseq2,0.044174983570136384
ecoli50_r006433,knn_physchem_full,thermo_regseq2,0.04416079444712606
ecoli50_r007873,knn_physchem_full,thermo_regseq2,0.044102112010644845
ecoli50_r007909,knn_physchem_full,thermo_regseq2,0.04393086489062625
ecoli50_r011045,knn_physchem_full,thermo_regseq2,0.04381630898859035
ecoli50_r001515,knn_physchem_full,thermo_regseq2,0.043815208182490295
ecoli50_r003269,knn_physchem_full,thermo_regseq2,0.04365682022686501
ecoli50_r004804,knn_physchem_full,thermo_regseq2,0.04350811430817414
ecoli50_r003848,knn_physchem_full,thermo_regseq2,0.04337038357311718
ecoli50_r008447,knn_physchem_full,thermo_regseq2,0.04334435340905962
ecoli50_r005216,knn_physchem_full,thermo_regseq2,0.043150968844142934
ecoli50_r005392,knn_physchem_full,thermo_regseq2,0.04307833686216389
ecoli50_r003588,knn_physchem_full,thermo_regseq2,0.043075656072052215
ecoli50_r007360,knn_physchem_full,thermo_regseq2,0.04302466642928193
ecoli50_r003531,knn_physchem_full,thermo_regseq2,0.04294805981850702
ecoli50_r003444,knn_physchem_full,thermo_regseq2,0.04290431674939432
ecoli50_r011633,knn_physchem_full,thermo_regseq2,0.04290351695025896
ecoli50_r011696,knn_physchem_full,thermo_regseq2,0.04284530733627445
ecoli50_r010527,knn_physchem_full,thermo_regseq2,0.042831039578573815
ecoli50_r009454,knn_physchem_full,thermo_regseq2,0.04280567459947582
ecoli50_r004430,knn_physchem_full,thermo_regseq2,0.0426681126171542
ecoli50_r005472,knn_physchem_full,thermo_regseq2,0.04256068653915257
ecoli50_r001589,knn_physchem_full,thermo_regseq2,0.04254837562381919
ecoli50_r005020,knn_physchem_full,thermo_regseq2,0.04250533215372876
ecoli50_r004135,knn_physchem_full,thermo_regseq2,0.04250195728184192
ecoli50_r008251,knn_physchem_full,thermo_regseq2,0.04242918895231762
ecoli50_r002773,knn_physchem_full,thermo_regseq2,0.04240970968236901
ecoli50_r004555,knn_physchem_full,thermo_regseq2,0.04237768661789021
ecoli50_r008840,knn_physchem_full,thermo_regseq2,0.04236751132279748
ecoli50_r002105,knn_physchem_full,thermo_regseq2,0.04226887002566038
ecoli50_r010917,knn_physchem_full,thermo_regseq2,0.04219832582744987
ecoli50_r003963,knn_physchem_full,thermo_regseq2,0.042026570058387946
ecoli50_r008813,knn_physchem_full,thermo_regseq2,0.041974658858968006
ecoli50_r011396,knn_physchem_full,thermo_regseq2,0.04196840293805826
ecoli50_r008628,knn_physchem_full,thermo_regseq2,0.041908333942940246
ecoli50_r011585,knn_physchem_full,thermo_regseq2,0.0418874790892092
ecoli50_r002042,knn_physchem_full,thermo_regseq2,0.04153485695311865
ecoli50_r008976,knn_physchem_full,thermo_regseq2,0.04147584845142749
ecoli50_r000044,knn_physchem_full,thermo_regseq2,0.04145736745802475
ecoli50_r004832,knn_physchem_full,thermo_regseq2,0.04134208424956087
ecoli50_r003615,knn_physchem_full,thermo_regseq2,0.041310901687379165
ecoli50_r008278,knn_physchem_full,thermo_regseq2,0.04130835185771309
ecoli50_r003587,knn_physchem_full,thermo_regseq2,0.04112672099654269
ecoli50_r006672,knn_physchem_full,thermo_regseq2,0.04111255818332227
ecoli50_r000163,knn_physchem_full,thermo_regseq2,0.041064233953860274
ecoli50_r006762,knn_physchem_full,thermo_regseq2,0.04101534377079474
ecoli50_r010455,knn_physchem_full,thermo_regseq2,0.040997064519701976
ecoli50_r010154,knn_physchem_full,thermo_regseq2,0.04099214548000463
ecoli50_r006534,knn_physchem_full,thermo_regseq2,0.04096466998576487
ecoli50_r003103,knn_physchem_full,thermo_regseq2,0.040718028289053354
ecoli50_r007830,knn_physchem_full,thermo_regseq2,0.04045715240102732
ecoli50_r004932,knn_physchem_full,thermo_regseq2,0.04031052033516769
ecoli50_r010649,knn_physchem_full,thermo_regseq2,0.040273446879636854
ecoli50_r011420,knn_physchem_full,thermo_regseq2,0.040170118033382884
ecoli50_r008075,knn_physchem_full,thermo_regseq2,0.040164149884250655
ecoli50_r001180,knn_physchem_full,thermo_regseq2,0.03994303813027367
ecoli50_r011128,knn_physchem_full,thermo_regseq2,0.03992661202635617
ecoli50_r002777,knn_physchem_full,thermo_regseq2,0.03982387441732804
ecoli50_r010496,knn_physchem_full,thermo_regseq2,0.03979249687099262
ecoli50_r009561,knn_physchem_full,thermo_regseq2,0.03977284449736507
ecoli50_r009599,knn_physchem_full,thermo_regseq2,0.039648304319853
ecoli50_r004499,knn_physchem_full,thermo_regseq2,0.03961297966365063
ecoli50_r005637,knn_physchem_full,thermo_regseq2,0.03957163165224831
ecoli50_r001824,knn_physchem_full,thermo_regseq2,0.03956394811720321
ecoli50_r003534,knn_physchem_full,thermo_regseq2,0.03953128307153486
ecoli50_r009463,knn_physchem_full,thermo_regseq2,0.039528146903666794
ecoli50_r004545,knn_physchem_full,thermo_regseq2,0.039411397606960996
ecoli50_r010760,knn_physchem_full,thermo_regseq2,0.03934288393008645
ecoli50_r003646,knn_physchem_full,thermo_regseq2,0.03919742729785369
ecoli50_r009127,knn_physchem_full,thermo_regseq2,0.03905181305067851
ecoli50_r003797,knn_physchem_full,thermo_regseq2,0.038894723204997206
ecoli50_r002348,knn_physchem_full,thermo_regseq2,0.03873589847495973
ecoli50_r008496,knn_physchem_full,thermo_regseq2,0.03867117051695912
ecoli50_r006116,knn_physchem_full,thermo_regseq2,0.038668532337803097
ecoli50_r009201,knn_physchem_full,thermo_regseq2,0.03858355725337281
ecoli50_r011681,knn_physchem_full,thermo_regseq2,0.03847699868588883
ecoli50_r004791,knn_physchem_full,thermo_regseq2,0.038390332693410745
ecoli50_r011008,knn_physchem_full,thermo_regseq2,0.038245569516658584
ecoli50_r011421,knn_physchem_full,thermo_regseq2,0.038096824553961905
ecoli50_r001622,knn_physchem_full,thermo_regseq2,0.038074438836866786
ecoli50_r011515,knn_physchem_full,thermo_regseq2,0.03805085850173784
ecoli50_r002672,knn_physchem_full,thermo_regseq2,0.03802298592097442
ecoli50_r007399,knn_physchem_full,thermo_regseq2,0.037861294882601815
ecoli50_r009927,knn_physchem_full,thermo_regseq2,0.03773952822270621
ecoli50_r001928,knn_physchem_full,thermo_regseq2,0.03761424719184703
ecoli50_r008510,knn_physchem_full,thermo_regseq2,0.037569872185995834
ecoli50_r005615,knn_physchem_full,thermo_regseq2,0.037413970230248506
ecoli50_r006794,knn_physchem_full,thermo_regseq2,0.037103322384472115
ecoli50_r011710,knn_physchem_full,thermo_regseq2,0.03710111494832047
ecoli50_r006575,knn_physchem_full,thermo_regseq2,0.036963000358720244
ecoli50_r008093,knn_physchem_full,thermo_regseq2,0.036715234527590734
ecoli50_r010123,knn_physchem_full,thermo_regseq2,0.036576899125180695
ecoli50_r011354,knn_physchem_full,thermo_regseq2,0.0364907500840439
ecoli50_r011627,knn_physchem_full,thermo_regseq2,0.036474809379337
ecoli50_r002527,knn_physchem_full,thermo_regseq2,0.036403982442451355
ecoli50_r002681,knn_physchem_full,thermo_regseq2,0.03633302545464101
ecoli50_r011820,knn_physchem_full,thermo_regseq2,0.036288334047926085
ecoli50_r008429,knn_physchem_full,thermo_regseq2,0.036255436562461885
ecoli50_r001759,knn_physchem_full,thermo_regseq2,0.03607091277129015
ecoli50_r006666,knn_physchem_full,thermo_regseq2,0.0360371051993682
ecoli50_r007188,knn_physchem_full,thermo_regseq2,0.03602274532001726
ecoli50_r010651,knn_physchem_full,thermo_regseq2,0.0359846175547518
ecoli50_r006343,knn_physchem_full,thermo_regseq2,0.03588247704122827
ecoli50_r009812,knn_physchem_full,thermo_regseq2,0.03585815798404424
ecoli50_r005984,knn_physchem_full,thermo_regseq2,0.035779575376760686
ecoli50_r004299,knn_physchem_full,thermo_regseq2,0.03562394442230721
ecoli50_r011838,knn_physchem_full,thermo_regseq2,0.03560679812639922
ecoli50_r006625,knn_physchem_full,thermo_regseq2,0.03535425793887015
ecoli50_r001158,knn_physchem_full,thermo_regseq2,0.03535118979291996
ecoli50_r010076,knn_physchem_full,thermo_regseq2,0.03531402163693986
ecoli50_r005213,knn_physchem_full,thermo_regseq2,0.035271705360715
ecoli50_r005671,knn_physchem_full,thermo_regseq2,0.03508371345806127
ecoli50_r007770,knn_physchem_full,thermo_regseq2,0.03502185172410277
ecoli50_r004721,knn_physchem_full,thermo_regseq2,0.03501520618108511
ecoli50_r002839,knn_physchem_full,thermo_regseq2,0.034971081992342334
ecoli50_r004965,knn_physchem_full,thermo_regseq2,0.03495223255866975
ecoli50_r006240,knn_physchem_full,thermo_regseq2,0.03492258263011783
ecoli50_r009709,knn_physchem_full,thermo_regseq2,0.03486632150775204
ecoli50_r002281,knn_physchem_full,thermo_regseq2,0.034851913131140666
ecoli50_r003920,knn_physchem_full,thermo_regseq2,0.03467348882206389
ecoli50_r008724,knn_physchem_full,thermo_regseq2,0.03447981234353614
ecoli50_r004719,knn_physchem_full,thermo_regseq2,0.03441955243586525
ecoli50_r004176,knn_physchem_full,thermo_regseq2,0.034403326503380516
ecoli50_r004993,knn_physchem_full,thermo_regseq2,0.03436831011764996
ecoli50_r007559,knn_physchem_full,thermo_regseq2,0.03433995780529786
ecoli50_r000689,knn_physchem_full,thermo_regseq2,0.03423249149473495
ecoli50_r009642,knn_physchem_full,thermo_regseq2,0.0340911014044365
ecoli50_r000664,knn_physchem_full,thermo_regseq2,0.03398530100340613
ecoli50_r002033,knn_physchem_full,thermo_regseq2,0.033858466279290234
ecoli50_r007786,knn_physchem_full,thermo_regseq2,0.03361590981811968
ecoli50_r008627,knn_physchem_full,thermo_regseq2,0.03349358203059705
ecoli50_r001682,knn_physchem_full,thermo_regseq2,0.03349310693073937
ecoli50_r003728,knn_physchem_full,thermo_regseq2,0.03340805794330892
ecoli50_r002250,knn_physchem_full,thermo_regseq2,0.033328809919229485
ecoli50_r001749,knn_physchem_full,thermo_regseq2,0.03332184630672996
ecoli50_r008252,knn_physchem_full,thermo_regseq2,0.03331040196835566
ecoli50_r000290,knn_physchem_full,thermo_regseq2,0.03315387528132607
ecoli50_r003740,knn_physchem_full,thermo_regseq2,0.03312992994747521
ecoli50_r001771,knn_physchem_full,thermo_regseq2,0.033051144459077086
ecoli50_r010478,knn_physchem_full,thermo_regseq2,0.032884833422254456
ecoli50_r007752,knn_physchem_full,thermo_regseq2,0.032776337483315654
ecoli50_r006710,knn_physchem_full,thermo_regseq2,0.03273568437145791
ecoli50_r004513,knn_physchem_full,thermo_regseq2,0.03268710042742384
ecoli50_r008091,knn_physchem_full,thermo_regseq2,0.03230318511775776
ecoli50_r002314,knn_physchem_full,thermo_regseq2,0.03226235401634181
ecoli50_r004693,knn_physchem_full,thermo_regseq2,0.03222766553987455
ecoli50_r001088,knn_physchem_full,thermo_regseq2,0.03221607837243656
ecoli50_r000465,knn_physchem_full,thermo_regseq2,0.03212667135361391
ecoli50_r011863,knn_physchem_full,thermo_regseq2,0.03211526121653252
ecoli50_r010172,knn_physchem_full,thermo_regseq2,0.03211465667720148
ecoli50_r006561,knn_physchem_full,thermo_regseq2,0.031910759473622985
ecoli50_r000177,knn_physchem_full,thermo_regseq2,0.03190422988443009
ecoli50_r007899,knn_physchem_full,thermo_regseq2,0.031859948087523016
ecoli50_r010922,knn_physchem_full,thermo_regseq2,0.03182200122035228
ecoli50_r001323,knn_physchem_full,thermo_regseq2,0.0318196507407662
ecoli50_r006744,knn_physchem_full,thermo_regseq2,0.03171035537588107
ecoli50_r001761,knn_physchem_full,thermo_regseq2,0.03170139506134717
ecoli50_r009904,knn_physchem_full,thermo_regseq2,0.031608904787340464
ecoli50_r010526,knn_physchem_full,thermo_regseq2,0.031577376481092045
ecoli50_r005794,knn_physchem_full,thermo_regseq2,0.031557826799543776
ecoli50_r007496,knn_physchem_full,thermo_regseq2,0.03152645511924046
ecoli50_r004561,knn_physchem_full,thermo_regseq2,0.03151062940901461
ecoli50_r001859,knn_physchem_full,thermo_regseq2,0.03130739608246769
ecoli50_r009583,knn_physchem_full,thermo_regseq2,0.031261915631039194
ecoli50_r000501,knn_physchem_full,thermo_regseq2,0.03124731635461009
ecoli50_r007883,knn_physchem_full,thermo_regseq2,0.031169692517683423
ecoli50_r007819,knn_physchem_full,thermo_regseq2,0.03065877161481101
ecoli50_r007592,knn_physchem_full,thermo_regseq2,0.03059435725119597
ecoli50_r003729,knn_physchem_full,thermo_regseq2,0.03040936046362752
ecoli50_r011224,knn_physchem_full,thermo_regseq2,0.030363608610916692
ecoli50_r000835,knn_physchem_full,thermo_regseq2,0.030224701817739952
ecoli50_r004612,knn_physchem_full,thermo_regseq2,0.030223662258222372
ecoli50_r006571,knn_physchem_full,thermo_regseq2,0.03011725545217514
ecoli50_r009976,knn_physchem_full,thermo_regseq2,0.030083665717814068
ecoli50_r006411,knn_physchem_full,thermo_regseq2,0.029989733615134906
ecoli50_r000314,knn_physchem_full,thermo_regseq2,0.029920500080426127
ecoli50_r008305,knn_physchem_full,thermo_regseq2,0.029844742552519676
ecoli50_r005354,knn_physchem_full,thermo_regseq2,0.029740630710084037
ecoli50_r011376,knn_physchem_full,thermo_regseq2,0.029670984791508204
ecoli50_r000987,knn_physchem_full,thermo_regseq2,0.029578247533997626
ecoli50_r001380,knn_physchem_full,thermo_regseq2,0.029477854525364222
ecoli50_r004035,knn_physchem_full,thermo_regseq2,0.02943979701118904
ecoli50_r001329,knn_physchem_full,thermo_regseq2,0.029199603133087226
ecoli50_r005767,knn_physchem_full,thermo_regseq2,0.02916242431780125
ecoli50_r003013,knn_physchem_full,thermo_regseq2,0.02914202214502204
ecoli50_r010129,knn_physchem_full,thermo_regseq2,0.029033644471609943
ecoli50_r004764,knn_physchem_full,thermo_regseq2,0.029013191442308628
ecoli50_r004049,knn_physchem_full,thermo_regseq2,0.02900829999620047
ecoli50_r006930,knn_physchem_full,thermo_regseq2,0.02898201783863108
ecoli50_r003346,knn_physchem_full,thermo_regseq2,0.028882182066182427
ecoli50_r007214,knn_physchem_full,thermo_regseq2,0.028745137341114724
ecoli50_r006025,knn_physchem_full,thermo_regseq2,0.02860565058683262
ecoli50_r001844,knn_physchem_full,thermo_regseq2,0.02850872192984033
ecoli50_r010924,knn_physchem_full,thermo_regseq2,0.028452924283585812
ecoli50_r002531,knn_physchem_full,thermo_regseq2,0.028381496990483868
ecoli50_r009354,knn_physchem_full,thermo_regseq2,0.028197226109168305
ecoli50_r003934,knn_physchem_full,thermo_regseq2,0.02804708389234767
ecoli50_r000842,knn_physchem_full,thermo_regseq2,0.02798698586307724
ecoli50_r005132,knn_physchem_full,thermo_regseq2,0.027864316736001093
ecoli50_r011586,knn_physchem_full,thermo_regseq2,0.027771083499446014
ecoli50_r009751,knn_physchem_full,thermo_regseq2,0.02773984037544519
ecoli50_r008483,knn_physchem_full,thermo_regseq2,0.02767350159672466
ecoli50_r000251,knn_physchem_full,thermo_regseq2,0.02760975333405602
ecoli50_r005719,knn_physchem_full,thermo_regseq2,0.02758971657222542
ecoli50_r003897,knn_physchem_full,thermo_regseq2,0.027444042989020367
ecoli50_r011230,knn_physchem_full,thermo_regseq2,0.02743385535089704
ecoli50_r006684,knn_physchem_full,thermo_regseq2,0.027425866717223357
ecoli50_r011106,knn_physchem_full,thermo_regseq2,0.027419393663407288
ecoli50_r010810,knn_physchem_full,thermo_regseq2,0.027320591505445968
ecoli50_r003115,knn_physchem_full,thermo_regseq2,0.027199117639587822
ecoli50_r008129,knn_physchem_full,thermo_regseq2,0.027005387622347055
ecoli50_r006497,knn_physchem_full,thermo_regseq2,0.026990520254306816
ecoli50_r003418,knn_physchem_full,thermo_regseq2,0.026980127504767193
ecoli50_r010833,knn_physchem_full,thermo_regseq2,0.02681952007816024
ecoli50_r009488,knn_physchem_full,thermo_regseq2,0.026807924515543036
ecoli50_r001290,knn_physchem_full,thermo_regseq2,0.0267882616906836
ecoli50_r009192,knn_physchem_full,thermo_regseq2,0.02656380098863531
ecoli50_r011146,knn_physchem_full,thermo_regseq2,0.026536450042006887
ecoli50_r009493,knn_physchem_full,thermo_regseq2,0.026484683907362694
ecoli50_r006570,knn_physchem_full,thermo_regseq2,0.02646712913581517
ecoli50_r008187,knn_physchem_full,thermo_regseq2,0.026435891807999212
ecoli50_r006540,knn_physchem_full,thermo_regseq2,0.026359315826490537
ecoli50_r000631,knn_physchem_full,thermo_regseq2,0.02632086323860161
ecoli50_r000606,knn_physchem_full,thermo_regseq2,0.02626338389962868
ecoli50_r007913,knn_physchem_full,thermo_regseq2,0.026236561483120813
ecoli50_r011502,knn_physchem_full,thermo_regseq2,0.02618191992321872
ecoli50_r001101,knn_physchem_full,thermo_regseq2,0.026163271599863425
ecoli50_r010684,knn_physchem_full,thermo_regseq2,0.025980728919082985
ecoli50_r002182,knn_physchem_full,thermo_regseq2,0.025941827078231228
ecoli50_r003335,knn_physchem_full,thermo_regseq2,0.02579693850597886
ecoli50_r002083,knn_physchem_full,thermo_regseq2,0.025624764154288382
ecoli50_r005740,knn_physchem_full,thermo_regseq2,0.025587684809778022
ecoli50_r004548,knn_physchem_full,thermo_regseq2,0.025505554622076154
ecoli50_r006649,knn_physchem_full,thermo_regseq2,0.02530302568795939
ecoli50_r010296,knn_physchem_full,thermo_regseq2,0.025271367212059026
ecoli50_r010731,knn_physchem_full,thermo_regseq2,0.025170293961385592
ecoli50_r009966,knn_physchem_full,thermo_regseq2,0.02505885119225537
ecoli50_r007861,knn_physchem_full,thermo_regseq2,0.02505215498857405
ecoli50_r003467,knn_physchem_full,thermo_regseq2,0.02498994379487174
ecoli50_r002633,knn_physchem_full,thermo_regseq2,0.024978748795746242
ecoli50_r000047,knn_physchem_full,thermo_regseq2,0.024973550764824104
ecoli50_r000506,knn_physchem_full,thermo_regseq2,0.024785923515547204
ecoli50_r000382,knn_physchem_full,thermo_regseq2,0.024651431546567792
ecoli50_r011501,knn_physchem_full,thermo_regseq2,0.02450409964481004
ecoli50_r005443,knn_physchem_full,thermo_regseq2,0.024271719532944935
ecoli50_r006945,knn_physchem_full,thermo_regseq2,0.024166750832586903
ecoli50_r000921,knn_physchem_full,thermo_regseq2,0.024024022345978224
ecoli50_r010422,knn_physchem_full,thermo_regseq2,0.024009125114606622
ecoli50_r008221,knn_physchem_full,thermo_regseq2,0.02392455228560264
ecoli50_r006582,knn_physchem_full,thermo_regseq2,0.02387900054669201
ecoli50_r000649,knn_physchem_full,thermo_regseq2,0.023643901090363073
ecoli50_r007572,knn_physchem_full,thermo_regseq2,0.02364149307011676
ecoli50_r008746,knn_physchem_full,thermo_regseq2,0.023609632599313812
ecoli50_r004772,knn_physchem_full,thermo_regseq2,0.023516125974421875
ecoli50_r002669,knn_physchem_full,thermo_regseq2,0.023492978565444744
ecoli50_r006403,knn_physchem_full,thermo_regseq2,0.023423887525930276
ecoli50_r003419,knn_physchem_full,thermo_regseq2,0.023298922383492293
ecoli50_r001374,knn_physchem_full,thermo_regseq2,0.023205544993332605
ecoli50_r000355,knn_physchem_full,thermo_regseq2,0.02312968522373593
ecoli50_r000520,knn_physchem_full,thermo_regseq2,0.02298834400078853
ecoli50_r004300,knn_physchem_full,thermo_regseq2,0.022848404736055983
ecoli50_r011335,knn_physchem_full,thermo_regseq2,0.022839987833155107
ecoli50_r006283,knn_physchem_full,thermo_regseq2,0.022804171461434652
ecoli50_r003827,knn_physchem_full,thermo_regseq2,0.022740945797365075
ecoli50_r000443,knn_physchem_full,thermo_regseq2,0.022497181176030612
ecoli50_r010233,knn_physchem_full,thermo_regseq2,0.022493189462193364
ecoli50_r004836,knn_physchem_full,thermo_regseq2,0.0224826599688015
ecoli50_r005003,knn_physchem_full,thermo_regseq2,0.022224938192912713
ecoli50_r004079,knn_physchem_full,thermo_regseq2,0.021986475014871498
ecoli50_r006271,knn_physchem_full,thermo_regseq2,0.021980206308283012
ecoli50_r001309,knn_physchem_full,thermo_regseq2,0.021905402549963426
ecoli50_r004966,knn_physchem_full,thermo_regseq2,0.021769253545963263
ecoli50_r000916,knn_physchem_full,thermo_regseq2,0.02156196811023703
ecoli50_r005726,knn_physchem_full,thermo_regseq2,0.021431307746942796
ecoli50_r005524,knn_physchem_full,thermo_regseq2,0.0213464362651532
ecoli50_r011620,knn_physchem_full,thermo_regseq2,0.02129058088506275
ecoli50_r010130,knn_physchem_full,thermo_regseq2,0.02121896309113458
ecoli50_r002667,knn_physchem_full,thermo_regseq2,0.021151088333076107
ecoli50_r010273,knn_physchem_full,thermo_regseq2,0.020929680417854257
ecoli50_r006605,knn_physchem_full,thermo_regseq2,0.020900854332160712
ecoli50_r007713,knn_physchem_full,thermo_regseq2,0.020793101713026285
ecoli50_r005420,knn_physchem_full,thermo_regseq2,0.020771688328271143
ecoli50_r005097,knn_physchem_full,thermo_regseq2,0.020747353918799227
ecoli50_r002714,knn_physchem_full,thermo_regseq2,0.020188086169665276
ecoli50_r004170,knn_physchem_full,thermo_regseq2,0.020134540154913783
ecoli50_r002073,knn_physchem_full,thermo_regseq2,0.019989900810762684
ecoli50_r001226,knn_physchem_full,thermo_regseq2,0.019881425444881806
ecoli50_r002192,knn_physchem_full,thermo_regseq2,0.019874164848839193
ecoli50_r000266,knn_physchem_full,thermo_regseq2,0.01981263677220957
ecoli50_r004811,knn_physchem_full,thermo_regseq2,0.01962449292397883
ecoli50_r002619,knn_physchem_full,thermo_regseq2,0.01958237816062436
ecoli50_r009763,knn_physchem_full,thermo_regseq2,0.01955174089276346
ecoli50_r001424,knn_physchem_full,thermo_regseq2,0.019485951180126637
ecoli50_r006702,knn_physchem_full,thermo_regseq2,0.01945646858437744
ecoli50_r002094,knn_physchem_full,thermo_regseq2,0.01943994894322909
ecoli50_r002815,knn_physchem_full,thermo_regseq2,0.01937948507817211
ecoli50_r007405,knn_physchem_full,thermo_regseq2,0.019366568069452583
ecoli50_r000582,knn_physchem_full,thermo_regseq2,0.019287674206978078
ecoli50_r002284,knn_physchem_full,thermo_regseq2,0.019253045601627772
ecoli50_r001623,knn_physchem_full,thermo_regseq2,0.019202362811898244
ecoli50_r004604,knn_physchem_full,thermo_regseq2,0.019200355879571696
ecoli50_r010667,knn_physchem_full,thermo_regseq2,0.019182113098865194
ecoli50_r008584,knn_physchem_full,thermo_regseq2,0.01906091442775182
ecoli50_r003654,knn_physchem_full,thermo_regseq2,0.019035051407196413
ecoli50_r008013,knn_physchem_full,thermo_regseq2,0.01874183895268766
ecoli50_r005490,knn_physchem_full,thermo_regseq2,0.018590422462106293
ecoli50_r002275,knn_physchem_full,thermo_regseq2,0.01856599178226581
ecoli50_r000048,knn_physchem_full,thermo_regseq2,0.018554843363739693
ecoli50_r002000,knn_physchem_full,thermo_regseq2,0.018393012154366062
ecoli50_r011639,knn_physchem_full,thermo_regseq2,0.01812435388987188
ecoli50_r000113,knn_physchem_full,thermo_regseq2,0.01806310269113265
ecoli50_r000619,knn_physchem_full,thermo_regseq2,0.017947731004200662
ecoli50_r000963,knn_physchem_full,thermo_regseq2,0.01792316296192542
ecoli50_r008324,knn_physchem_full,thermo_regseq2,0.017915653922830455
ecoli50_r005878,knn_physchem_full,thermo_regseq2,0.01776114412103702
ecoli50_r006803,knn_physchem_full,thermo_regseq2,0.017642508169767535
ecoli50_r004806,knn_physchem_full,thermo_regseq2,0.017627011661810688
ecoli50_r005255,knn_physchem_full,thermo_regseq2,0.01751986080713719
ecoli50_r008590,knn_physchem_full,thermo_regseq2,0.017503043883763336
ecoli50_r005679,knn_physchem_full,thermo_regseq2,0.01749106334745809
ecoli50_r003971,knn_physchem_full,thermo_regseq2,0.017454289981100768
ecoli50_r004419,knn_physchem_full,thermo_regseq2,0.017449712616785185
ecoli50_r008744,knn_physchem_full,thermo_regseq2,0.017409985551908314
ecoli50_r001518,knn_physchem_full,thermo_regseq2,0.017153065435431714
ecoli50_r002278,knn_physchem_full,thermo_regseq2,0.017035169384046256
ecoli50_r002564,knn_physchem_full,thermo_regseq2,0.017032260364021834
ecoli50_r005288,knn_physchem_full,thermo_regseq2,0.017011710733890073
ecoli50_r010626,knn_physchem_full,thermo_regseq2,0.016992949946925684
ecoli50_r006301,knn_physchem_full,thermo_regseq2,0.016952005620394672
ecoli50_r008882,knn_physchem_full,thermo_regseq2,0.016861795604020013
ecoli50_r004984,knn_physchem_full,thermo_regseq2,0.016710229483602124
ecoli50_r008801,knn_physchem_full,thermo_regseq2,0.01667421545870429
ecoli50_r005458,knn_physchem_full,thermo_regseq2,0.016668415843286155
ecoli50_r001436,knn_physchem_full,thermo_regseq2,0.01661202027423192
ecoli50_r010513,knn_physchem_full,thermo_regseq2,0.016595935801361872
ecoli50_r001806,knn_physchem_full,thermo_regseq2,0.016581434149305352
ecoli50_r003345,knn_physchem_full,thermo_regseq2,0.01654342578923984
ecoli50_r006434,knn_physchem_full,thermo_regseq2,0.01643229535048496
ecoli50_r008791,knn_physchem_full,thermo_regseq2,0.016378737104502772
ecoli50_r003868,knn_physchem_full,thermo_regseq2,0.016306886969011725
ecoli50_r007643,knn_physchem_full,thermo_regseq2,0.01615223256727738
ecoli50_r011489,knn_physchem_full,thermo_regseq2,0.01615090836294586
ecoli50_r003633,knn_physchem_full,thermo_regseq2,0.016093922989986797
ecoli50_r000856,knn_physchem_full,thermo_regseq2,0.016058388076302776
ecoli50_r002686,knn_physchem_full,thermo_regseq2,0.015768770124403364
ecoli50_r002282,knn_physchem_full,thermo_regseq2,0.0157378294814432
ecoli50_r002709,knn_physchem_full,thermo_regseq2,0.015516821434058858
ecoli50_r008085,knn_physchem_full,thermo_regseq2,0.015273902907813053
ecoli50_r006890,knn_physchem_full,thermo_regseq2,0.015229355528972643
ecoli50_r003669,knn_physchem_full,thermo_regseq2,0.015221210974785127
ecoli50_r003042,knn_physchem_full,thermo_regseq2,0.014992847000811604
ecoli50_r008782,knn_physchem_full,thermo_regseq2,0.014936582704084156
ecoli50_r010619,knn_physchem_full,thermo_regseq2,0.014906376274109512
ecoli50_r009505,knn_physchem_full,thermo_regseq2,0.014904305805309104
ecoli50_r003161,knn_physchem_full,thermo_regseq2,0.014895205255491373
ecoli50_r008339,knn_physchem_full,thermo_regseq2,0.014676746552495068
ecoli50_r000613,knn_physchem_full,thermo_regseq2,0.014627311504917362
ecoli50_r006511,knn_physchem_full,thermo_regseq2,0.014608650882611318
ecoli50_r005369,knn_physchem_full,thermo_regseq2,0.013990937895646205
ecoli50_r002268,knn_physchem_full,thermo_regseq2,0.013694795310448704
ecoli50_r003858,knn_physchem_full,thermo_regseq2,0.013672212452399357
ecoli50_r008026,knn_physchem_full,thermo_regseq2,0.013571478264629455
ecoli50_r005517,knn_physchem_full,thermo_regseq2,0.01346561464997409
ecoli50_r007553,knn_physchem_full,thermo_regseq2,0.013464357939526828
ecoli50_r003508,knn_physchem_full,thermo_regseq2,0.013438433766999491
ecoli50_r004133,knn_physchem_full,thermo_regseq2,0.01339226211586908
ecoli50_r004723,knn_physchem_full,thermo_regseq2,0.013337395528551621
ecoli50_r005067,knn_physchem_full,thermo_regseq2,0.013327173216251875
ecoli50_r001051,knn_physchem_full,thermo_regseq2,0.013176193245633794
ecoli50_r004835,knn_physchem_full,thermo_regseq2,0.01316036657112818
ecoli50_r003564,knn_physchem_full,thermo_regseq2,0.013159277927060398
ecoli50_r005616,knn_physchem_full,thermo_regseq2,0.013086972891069859
ecoli50_r009417,knn_physchem_full,thermo_regseq2,0.013076648398994362
ecoli50_r001079,knn_physchem_full,thermo_regseq2,0.013044377157751974
ecoli50_r007506,knn_physchem_full,thermo_regseq2,0.013021556930031153
ecoli50_r001787,knn_physchem_full,thermo_regseq2,0.012889354852680501
ecoli50_r009422,knn_physchem_full,thermo_regseq2,0.01281632302612401
ecoli50_r009191,knn_physchem_full,thermo_regseq2,0.012760731231605149
ecoli50_r008301,knn_physchem_full,thermo_regseq2,0.012742043800034075
ecoli50_r007293,knn_physchem_full,thermo_regseq2,0.012645238553278926
ecoli50_r006963,knn_physchem_full,thermo_regseq2,0.012579289426145834
ecoli50_r000819,knn_physchem_full,thermo_regseq2,0.01246029384031333
ecoli50_r002006,knn_physchem_full,thermo_regseq2,0.012451959579147243
ecoli50_r009943,knn_physchem_full,thermo_regseq2,0.0122339635209876
ecoli50_r007987,knn_physchem_full,thermo_regseq2,0.012167201368014968
ecoli50_r004371,knn_physchem_full,thermo_regseq2,0.012079289419692607
ecoli50_r010046,knn_physchem_full,thermo_regseq2,0.01206412298555204
ecoli50_r000844,knn_physchem_full,thermo_regseq2,0.012019293814222287
ecoli50_r008352,knn_physchem_full,thermo_regseq2,0.012011404196067499
ecoli50_r010565,knn_physchem_full,thermo_regseq2,0.011978880389195368
ecoli50_r006195,knn_physchem_full,thermo_regseq2,0.011902638155205203
ecoli50_r000122,knn_physchem_full,thermo_regseq2,0.011441444202493045
ecoli50_r009031,knn_physchem_full,thermo_regseq2,0.011425889005293843
ecoli50_r010243,knn_physchem_full,thermo_regseq2,0.011331178584380375
ecoli50_r003741,knn_physchem_full,thermo_regseq2,0.011184578736171069
ecoli50_r002118,knn_physchem_full,thermo_regseq2,0.01107138459880952
ecoli50_r001000,knn_physchem_full,thermo_regseq2,0.010981818779217889
ecoli50_r009898,knn_physchem_full,thermo_regseq2,0.010923436320516178
ecoli50_r000877,knn_physchem_full,thermo_regseq2,0.010800928112147723
ecoli50_r003711,knn_physchem_full,thermo_regseq2,0.010799733852109306
ecoli50_r006388,knn_physchem_full,thermo_regseq2,0.01061218391465113
ecoli50_r004365,knn_physchem_full,thermo_regseq2,0.010481932966150076
ecoli50_r001592,knn_physchem_full,thermo_regseq2,0.01043397001216606
ecoli50_r010108,knn_physchem_full,thermo_regseq2,0.010432084413780185
ecoli50_r004360,knn_physchem_full,thermo_regseq2,0.010422858062094864
ecoli50_r005999,knn_physchem_full,thermo_regseq2,0.010366245735459856
ecoli50_r000703,knn_physchem_full,thermo_regseq2,0.010359259725273073
ecoli50_r010797,knn_physchem_full,thermo_regseq2,0.010248259902229773
ecoli50_r009566,knn_physchem_full,thermo_regseq2,0.010173898404725268
ecoli50_r007101,knn_physchem_full,thermo_regseq2,0.010169040784362426
ecoli50_r011671,knn_physchem_full,thermo_regseq2,0.010034851430847702
ecoli50_r005417,knn_physchem_full,thermo_regseq2,0.00989535845580658
ecoli50_r007286,knn_physchem_full,thermo_regseq2,0.009893836995538141
ecoli50_r009939,knn_physchem_full,thermo_regseq2,0.009795349325350422
ecoli50_r003694,knn_physchem_full,thermo_regseq2,0.009732780861297474
ecoli50_r003393,knn_physchem_full,thermo_regseq2,0.009687282632075078
ecoli50_r003656,knn_physchem_full,thermo_regseq2,0.009523593281648424
ecoli50_r000802,knn_physchem_full,thermo_regseq2,0.009209856589667886
ecoli50_r001211,knn_physchem_full,thermo_regseq2,0.009096647925448398
ecoli50_r003468,knn_physchem_full,thermo_regseq2,0.009093774697234824
ecoli50_r001665,knn_physchem_full,thermo_regseq2,0.009046273998366328
ecoli50_r007924,knn_physchem_full,thermo_regseq2,0.009040486745191867
ecoli50_r009781,knn_physchem_full,thermo_regseq2,0.009034313833411911
ecoli50_r003679,knn_physchem_full,thermo_regseq2,0.009001248773008008
ecoli50_r008561,knn_physchem_full,thermo_regseq2,0.008977029569856132
ecoli50_r003203,knn_physchem_full,thermo_regseq2,0.008975440630758058
ecoli50_r009228,knn_physchem_full,thermo_regseq2,0.008937270878845105
ecoli50_r009249,knn_physchem_full,thermo_regseq2,0.008897635559045991
ecoli50_r005788,knn_physchem_full,thermo_regseq2,0.00883245935261634
ecoli50_r004342,knn_physchem_full,thermo_regseq2,0.008774467324803581
ecoli50_r009029,knn_physchem_full,thermo_regseq2,0.008666190941827967
ecoli50_r002663,knn_physchem_full,thermo_regseq2,0.008541536437352448
ecoli50_r008225,knn_physchem_full,thermo_regseq2,0.00834175625483402
ecoli50_r010048,knn_physchem_full,thermo_regseq2,0.008278256108937843
ecoli50_r011630,knn_physchem_full,thermo_regseq2,0.008207961488885918
ecoli50_r003665,knn_physchem_full,thermo_regseq2,0.00808654092196992
ecoli50_r001480,knn_physchem_full,thermo_regseq2,0.008023408657030107
ecoli50_r003167,knn_physchem_full,thermo_regseq2,0.0077990910839456085
ecoli50_r009298,knn_physchem_full,thermo_regseq2,0.007715997333698876
ecoli50_r000313,knn_physchem_full,thermo_regseq2,0.0077040482030867885
ecoli50_r005546,knn_physchem_full,thermo_regseq2,0.007614387674844902
ecoli50_r006140,knn_physchem_full,thermo_regseq2,0.007578538803388657
ecoli50_r001998,knn_physchem_full,thermo_regseq2,0.007577067108354374
ecoli50_r011498,knn_physchem_full,thermo_regseq2,0.007483250634404914
ecoli50_r008509,knn_physchem_full,thermo_regseq2,0.007407529492638343
ecoli50_r001610,knn_physchem_full,thermo_regseq2,0.007358270288324142
ecoli50_r008413,knn_physchem_full,thermo_regseq2,0.007095153329884862
ecoli50_r010361,knn_physchem_full,thermo_regseq2,0.007040194282510903
ecoli50_r004271,knn_physchem_full,thermo_regseq2,0.006908150981159711
ecoli50_r002217,knn_physchem_full,thermo_regseq2,0.006804489955794413
ecoli50_r000262,knn_physchem_full,thermo_regseq2,0.006787476064793463
ecoli50_r004577,knn_physchem_full,thermo_regseq2,0.0067557210206588
ecoli50_r009850,knn_physchem_full,thermo_regseq2,0.006654501218454012
ecoli50_r001503,knn_physchem_full,thermo_regseq2,0.006630129187321199
ecoli50_r007282,knn_physchem_full,thermo_regseq2,0.006557705043288564
ecoli50_r004744,knn_physchem_full,thermo_regseq2,0.006524734073990679
ecoli50_r002710,knn_physchem_full,thermo_regseq2,0.006275031458953695
ecoli50_r010600,knn_physchem_full,thermo_regseq2,0.0062700302465716895
ecoli50_r011403,knn_physchem_full,thermo_regseq2,0.006215677267838782
ecoli50_r010574,knn_physchem_full,thermo_regseq2,0.006132912680258951
ecoli50_r007139,knn_physchem_full,thermo_regseq2,0.006041809171978052
ecoli50_r009070,knn_physchem_full,thermo_regseq2,0.006003798214994749
ecoli50_r005346,knn_physchem_full,thermo_regseq2,0.005968550157796404
ecoli50_r000629,knn_physchem_full,thermo_regseq2,0.00592399270066668
ecoli50_r006280,knn_physchem_full,thermo_regseq2,0.005887713425032359
ecoli50_r007187,knn_physchem_full,thermo_regseq2,0.005787468607244328
ecoli50_r003732,knn_physchem_full,thermo_regseq2,0.005764973581440458
ecoli50_r008871,knn_physchem_full,thermo_regseq2,0.005662356580085071
ecoli50_r001400,knn_physchem_full,thermo_regseq2,0.005577359243793989
ecoli50_r011417,knn_physchem_full,thermo_regseq2,0.0054894116542518745
ecoli50_r001841,knn_physchem_full,thermo_regseq2,0.005392847179461313
ecoli50_r000386,knn_physchem_full,thermo_regseq2,0.005384028025074539
ecoli50_r003821,knn_physchem_full,thermo_regseq2,0.005329168713228416
ecoli50_r008551,knn_physchem_full,thermo_regseq2,0.0052919295879227946
ecoli50_r002359,knn_physchem_full,thermo_regseq2,0.005276468856239891
ecoli50_r011087,knn_physchem_full,thermo_regseq2,0.005141603460160571
ecoli50_r006595,knn_physchem_full,thermo_regseq2,0.00505523683934106
ecoli50_r009484,knn_physchem_full,thermo_regseq2,0.004968392205425776
ecoli50_r011162,knn_physchem_full,thermo_regseq2,0.004909324795589143
ecoli50_r000034,knn_physchem_full,thermo_regseq2,0.004907496291117308
ecoli50_r007705,knn_physchem_full,thermo_regseq2,0.00486237898549069
ecoli50_r000137,knn_physchem_full,thermo_regseq2,0.00485285539006064
ecoli50_r004099,knn_physchem_full,thermo_regseq2,0.004613141892230832
ecoli50_r005195,knn_physchem_full,thermo_regseq2,0.004520692342611987
ecoli50_r005209,knn_physchem_full,thermo_regseq2,0.004453415333902644
ecoli50_r007931,knn_physchem_full,thermo_regseq2,0.004416112952285278
ecoli50_r009462,knn_physchem_full,thermo_regseq2,0.004356310055321444
ecoli50_r006541,knn_physchem_full,thermo_regseq2,0.0042568245233529645
ecoli50_r000663,knn_physchem_full,thermo_regseq2,0.0041951382148308625
ecoli50_r009046,knn_physchem_full,thermo_regseq2,0.004049132161803026
ecoli50_r006676,knn_physchem_full,thermo_regseq2,0.003916768371433399
ecoli50_r000557,knn_physchem_full,thermo_regseq2,0.003854037424805501
ecoli50_r000072,knn_physchem_full,thermo_regseq2,0.003818325513865073
ecoli50_r004973,knn_physchem_full,thermo_regseq2,0.00377798808569052
ecoli50_r008750,knn_physchem_full,thermo_regseq2,0.003702458144858589
ecoli50_r001308,knn_physchem_full,thermo_regseq2,0.0036233378692966944
ecoli50_r010332,knn_physchem_full,thermo_regseq2,0.003570909949374368
ecoli50_r000673,knn_physchem_full,thermo_regseq2,0.00344480067456443
ecoli50_r003021,knn_physchem_full,thermo_regseq2,0.003395620551119194
ecoli50_r003601,knn_physchem_full,thermo_regseq2,0.0033045647867648853
ecoli50_r003037,knn_physchem_full,thermo_regseq2,0.0032188215167763268
ecoli50_r007323,knn_physchem_full,thermo_regseq2,0.0031410136977378933
ecoli50_r011619,knn_physchem_full,thermo_regseq2,0.0031181590164788275
ecoli50_r009053,knn_physchem_full,thermo_regseq2,0.0030407667849985387
ecoli50_r008239,knn_physchem_full,thermo_regseq2,0.0029551562990235425
ecoli50_r004231,knn_physchem_full,thermo_regseq2,0.0029285415737203557
ecoli50_r008023,knn_physchem_full,thermo_regseq2,0.002696562670627234
ecoli50_r006957,knn_physchem_full,thermo_regseq2,0.002610231797179008
ecoli50_r010919,knn_physchem_full,thermo_regseq2,0.002589223607339264
ecoli50_r009922,knn_physchem_full,thermo_regseq2,0.0025555260225287313
ecoli50_r007019,knn_physchem_full,thermo_regseq2,0.0022334157996302118
ecoli50_r010969,knn_physchem_full,thermo_regseq2,0.002173071986824482
ecoli50_r001879,knn_physchem_full,thermo_regseq2,0.0021157024135720626
ecoli50_r005321,knn_physchem_full,thermo_regseq2,0.001860476365127095
ecoli50_r007639,knn_physchem_full,thermo_regseq2,0.0018284387232125887
ecoli50_r007131,knn_physchem_full,thermo_regseq2,0.001736134877905915
ecoli50_r007196,knn_physchem_full,thermo_regseq2,0.0017133487417555493
ecoli50_r004925,knn_physchem_full,thermo_regseq2,0.0015709384797255588
ecoli50_r000961,knn_physchem_full,thermo_regseq2,0.0015698866469984196
ecoli50_r011669,knn_physchem_full,thermo_regseq2,0.0015389411465456249
ecoli50_r007467,knn_physchem_full,thermo_regseq2,0.0014042464606855987
ecoli50_r009335,knn_physchem_full,thermo_regseq2,0.0012777708643465502
ecoli50_r000808,knn_physchem_full,thermo_regseq2,0.0012737779654123926
ecoli50_r007768,knn_physchem_full,thermo_regseq2,0.0010912005382470724
ecoli50_r002374,knn_physchem_full,thermo_regseq2,0.0009806359384625374
ecoli50_r005644,knn_physchem_full,thermo_regseq2,0.0009719817931559405
ecoli50_r011233,knn_physchem_full,thermo_regseq2,0.0009281627050090613
ecoli50_r007599,knn_physchem_full,thermo_regseq2,0.0008779506264451342
ecoli50_r008380,knn_physchem_full,thermo_regseq2,0.0008479432827175337
ecoli50_r009436,knn_physchem_full,thermo_regseq2,0.0007602438258293986
ecoli50_r004784,knn_physchem_full,thermo_regseq2,0.000656123772659889
ecoli50_r004613,knn_physchem_full,thermo_regseq2,0.0006339449010424048
ecoli50_r006073,knn_physchem_full,thermo_regseq2,0.0006045467190274323
ecoli50_r007645,knn_physchem_full,thermo_regseq2,0.0004439342830124815
ecoli50_r001452,knn_physchem_full,thermo_regseq2,0.0002066706331516066
ecoli50_r000755,knn_physchem_full,thermo_regseq2,0.0001713638176767951
ecoli50_r003532,knn_physchem_full,thermo_regseq2,0.00016313281588153927
ecoli50_r001835,knn_physchem_full,thermo_regseq2,4.861665995070652e-05
ecoli50_r000898,knn_physchem_full,thermo_regseq2,4.018312535736257e-05
