dataset_id,sample_id,true_value,predicted_value,predicted_value_log10,method_name,target_scale_model,model_checkpoint,predicted_tx_rate,thermo_mode,calibration_id,run_id,split_id,subset,seed,prediction_status,error_reason,predicted_value_normalized,label_transform_id,schema_version,data_version
course_ecoli50_strength,ecoli50_r000001,1951.41,200.0361433211881,2.3011084727978823,cnn_1d,log10_minmax,CNN/runs/cnn_ecoli50_integrated_20261002_v2/best_checkpoint.pt,,,,cnn_ecoli50_integrated_20261002_v2,ecoli50_random_20260928_v1,val,20260928,ok,,0.2739208340644836,log10mm_59711a1c2217859e,2.0.0,ecoli50_strength_v1
course_ecoli50_strength,ecoli50_r000006,647.24,141.49117423077226,2.150729350797296,cnn_1d,log10_minmax,CNN/runs/cnn_ecoli50_integrated_20261002_v2/best_checkpoint.pt,,,,cnn_ecoli50_integrated_20261002_v2,ecoli50_random_20260928_v1,val,20260928,ok,,0.2437012642621994,log10mm_59711a1c2217859e,2.0.0,ecoli50_strength_v1
course_ecoli50_strength,ecoli50_r000010,139.7,112.45462521775424,2.050977322512772,cnn_1d,log10_minmax,CNN/runs/cnn_ecoli50_integrated_20261002_v2/best_checkpoint.pt,,,,cnn_ecoli50_integrated_20261002_v2,ecoli50_random_20260928_v1,val,20260928,ok,,0.2236555069684982,log10mm_59711a1c2217859e,2.0.0,ecoli50_strength_v1
course_ecoli50_strength,ecoli50_r000014,148.93,453.9356396921377,2.6569942816941645,cnn_1d,log10_minmax,CNN/runs/cnn_ecoli50_integrated_20261002_v2/best_checkpoint.pt,,,,cnn_ecoli50_integrated_20261002_v2,ecoli50_random_20260928_v1,val,20260928,ok,,0.3454381823539734,log10mm_59711a1c2217859e,2.0.0,ecoli50_strength_v1
course_ecoli50_strength,ecoli50_r000023,301.05,259.7062555714916,2.414482410651483,cnn_1d,log10_minmax,CNN/runs/cnn_ecoli50_integrated_20261002_v2/best_checkpoint.pt,,,,cnn_ecoli50_integrated_20261002_v2,ecoli50_random_20260928_v1,val,20260928,ok,,0.2967039942741394,log10mm_59711a1c2217859e,2.0.0,ecoli50_strength_v1
course_ecoli50_strength,ecoli50_r000030,902.01,364.92820543275405,2.5622074314392163,cnn_1d,log10_minmax,CNN/runs/cnn_ecoli50_integrated_20261002_v2/best_checkpoint.pt,,,,cnn_ecoli50_integrated_20261002_v2,ecoli50_random_20260928_v1,val,20260928,ok,,0.3263902068138122,log10mm_59711a1c2217859e,2.0.0,ecoli50_strength_v1
course_ecoli50_strength,ecoli50_r000031,194.53,172.61142600820753,2.2370695404410275,cnn_1d,log10_minmax,CNN/runs/cnn_ecoli50_integrated_20261002_v2/best_checkpoint.pt,,,,cnn_ecoli50_integrated_20261002_v2,ecoli50_random_20260928_v1,val,20260928,ok,,0.2610518336296081,log10mm_59711a1c2217859e,2.0.0,ecoli50_strength_v1
course_ecoli50_strength,ecoli50_r000034,144.32,144.81562561980152,2.160815424805406,cnn_1d,log10_minmax,CNN/runs/cnn_ecoli50_integrated_20261002_v2/best_checkpoint.pt,,,,cnn_ecoli50_integrated_20261002_v2,ecoli50_random_20260928_v1,val,20260928,ok,,0.2457281202077865,log10mm_59711a1c2217859e,2.0.0,ecoli50_strength_v1
course_ecoli50_strength,ecoli50_r000042,945.77,122.62392097180155,2.088575198834046,cnn_1d,log10_minmax,CNN/runs/cnn_ecoli50_integrated_20261002_v2/best_checkpoint.pt,,,,cnn_ecoli50_integrated_20261002_v2,ecoli50_random_20260928_v1,val,20260928,ok,,0.2312110215425491,log10mm_59711a1c2217859e,2.0.0,ecoli50_strength_v1
course_ecoli50_strength,ecoli50_r000044,417.52,118.24752854122212,2.072792072436266,cnn_1d,log10_minmax,CNN/runs/cnn_ecoli50_integrated_20261002_v2/best_checkpoint.pt,,,,cnn_ecoli50_integrated_20261002_v2,ecoli50_random_20260928_v1,val,20260928,ok,,0.2280393093824386,log10mm_59711a1c2217859e,2.0.0,ecoli50_strength_v1
course_ecoli50_strength,ecoli50_r000047,479.74,209.35120141388856,2.320875457541198,cnn_1d,log10_minmax,CNN/runs/cnn_ecoli50_integrated_20261002_v2/best_checkpoint.pt,,,,cnn_ecoli50_integrated_20261002_v2,ecoli50_random_20260928_v1,val,20260928,ok,,0.2778931260108948,log10mm_59711a1c2217859e,2.0.0,ecoli50_strength_v1
course_ecoli50_strength,ecoli50_r000048,75.48,317.1751627391206,2.501299171370425,cnn_1d,log10_minmax,CNN/runs/cnn_ecoli50_integrated_20261002_v2/best_checkpoint.pt,,,,cnn_ecoli50_integrated_20261002_v2,ecoli50_random_20260928_v1,val,20260928,ok,,0.314150333404541,log10mm_59711a1c2217859e,2.0.0,ecoli50_strength_v1
course_ecoli50_strength,ecoli50_r000055,756.59,205.3680272610304,2.3125328313501643,cnn_1d,log10_minmax,CNN/runs/cnn_ecoli50_integrated_20261002_v2/best_checkpoint.pt,,,,cnn_ecoli50_integrated_20261002_v2,ecoli50_random_20260928_v1,val,20260928,ok,,0.2762166261672973,log10mm_59711a1c2217859e,2.0.0,ecoli50_strength_v1
course_ecoli50_strength,ecoli50_r000068,997.65,342.3448758639884,2.534463831836319,cnn_1d,log10_minmax,CNN/runs/cnn_ecoli50_integrated_20261002_v2/best_checkpoint.pt,,,,cnn_ecoli50_integrated_20261002_v2,ecoli50_random_20260928_v1,val,20260928,ok,,0.3208149671554565,log10mm_59711a1c2217859e,2.0.0,ecoli50_strength_v1
course_ecoli50_strength,ecoli50_r000072,67.1,117.76059228096044,2.070999981297992,cnn_1d,log10_minmax,CNN/runs/cnn_ecoli50_integrated_20261002_v2/best_checkpoint.pt,,,,cnn_ecoli50_integrated_20261002_v2,ecoli50_random_20260928_v1,val,20260928,ok,,0.2276791781187057,log10mm_59711a1c2217859e,2.0.0,ecoli50_strength_v1
course_ecoli50_strength,ecoli50_r000093,76.63,113.74168609747508,2.0559196619098348,cnn_1d,log10_minmax,CNN/runs/cnn_ecoli50_integrated_20261002_v2/best_checkpoint.pt,,,,cnn_ecoli50_integrated_20261002_v2,ecoli50_random_20260928_v1,val,20260928,ok,,0.2246486991643905,log10mm_59711a1c2217859e,2.0.0,ecoli50_strength_v1
course_ecoli50_strength,ecoli50_r000105,164.39,197.8189394230435,2.296267869127471,cnn_1d,log10_minmax,CNN/runs/cnn_ecoli50_integrated_20261002_v2/best_checkpoint.pt,,,,cnn_ecoli50_integrated_20261002_v2,ecoli50_random_20260928_v1,val,20260928,ok,,0.2729480862617492,log10mm_59711a1c2217859e,2.0.0,ecoli50_strength_v1
course_ecoli50_strength,ecoli50_r000113,87.23,129.0799337809382,2.110858733935303,cnn_1d,log10_minmax,CNN/runs/cnn_ecoli50_integrated_20261002_v2/best_checkpoint.pt,,,,cnn_ecoli50_integrated_20261002_v2,ecoli50_random_20260928_v1,val,20260928,ok,,0.235689029097557,log10mm_59711a1c2217859e,2.0.0,ecoli50_strength_v1
course_ecoli50_strength,ecoli50_r000122,79.35,152.83882802731844,2.184233698846128,cnn_1d,log10_minmax,CNN/runs/cnn_ecoli50_integrated_20261002_v2/best_checkpoint.pt,,,,cnn_ecoli50_integrated_20261002_v2,ecoli50_random_20260928_v1,val,20260928,ok,,0.2504341602325439,log10mm_59711a1c2217859e,2.0.0,ecoli50_strength_v1
course_ecoli50_strength,ecoli50_r000137,82.44,133.08642626902832,2.124133763235228,cnn_1d,log10_minmax,CNN/runs/cnn_ecoli50_integrated_20261002_v2/best_checkpoint.pt,,,,cnn_ecoli50_integrated_20261002_v2,ecoli50_random_20260928_v1,val,20260928,ok,,0.2383567243814468,log10mm_59711a1c2217859e,2.0.0,ecoli50_strength_v1
course_ecoli50_strength,ecoli50_r000141,937.49,195.78964436187556,2.291789717521106,cnn_1d,log10_minmax,CNN/runs/cnn_ecoli50_integrated_20261002_v2/best_checkpoint.pt,,,,cnn_ecoli50_integrated_20261002_v2,ecoli50_random_20260928_v1,val,20260928,ok,,0.2720481753349304,log10mm_59711a1c2217859e,2.0.0,ecoli50_strength_v1
course_ecoli50_strength,ecoli50_r000146,43.61,242.53316228643249,2.384771129385013,cnn_1d,log10_minmax,CNN/runs/cnn_ecoli50_integrated_20261002_v2/best_checkpoint.pt,,,,cnn_ecoli50_integrated_20261002_v2,ecoli50_random_20260928_v1,val,20260928,ok,,0.2907333374023437,log10mm_59711a1c2217859e,2.0.0,ecoli50_strength_v1
course_ecoli50_strength,ecoli50_r000149,138.7,156.30207225180138,2.193964735930617,cnn_1d,log10_minmax,CNN/runs/cnn_ecoli50_integrated_20261002_v2/best_checkpoint.pt,,,,cnn_ecoli50_integrated_20261002_v2,ecoli50_random_20260928_v1,val,20260928,ok,,0.2523896694183349,log10mm_59711a1c2217859e,2.0.0,ecoli50_strength_v1
course_ecoli50_strength,ecoli50_r000155,81.5,162.82297749590774,2.2117156922947787,cnn_1d,log10_minmax,CNN/runs/cnn_ecoli50_integrated_20261002_v2/best_checkpoint.pt,,,,cnn_ecoli50_integrated_20261002_v2,ecoli50_random_20260928_v1,val,20260928,ok,,0.2559568285942077,log10mm_59711a1c2217859e,2.0.0,ecoli50_strength_v1
course_ecoli50_strength,ecoli50_r000162,24.15,200.482557349106,2.302076593531965,cnn_1d,log10_minmax,CNN/runs/cnn_ecoli50_integrated_20261002_v2/best_checkpoint.pt,,,,cnn_ecoli50_integrated_20261002_v2,ecoli50_random_20260928_v1,val,20260928,ok,,0.2741153836250305,log10mm_59711a1c2217859e,2.0.0,ecoli50_strength_v1
course_ecoli50_strength,ecoli50_r000163,147.37,173.6832646433792,2.239757973754055,cnn_1d,log10_minmax,CNN/runs/cnn_ecoli50_integrated_20261002_v2/best_checkpoint.pt,,,,cnn_ecoli50_integrated_20261002_v2,ecoli50_random_20260928_v1,val,20260928,ok,,0.2615920901298523,log10mm_59711a1c2217859e,2.0.0,ecoli50_strength_v1
course_ecoli50_strength,ecoli50_r000175,283.34,281.6328231621465,2.4496832686784917,cnn_1d,log10_minmax,CNN/runs/cnn_ecoli50_integrated_20261002_v2/best_checkpoint.pt,,,,cnn_ecoli50_integrated_20261002_v2,ecoli50_random_20260928_v1,val,20260928,ok,,0.303777813911438,log10mm_59711a1c2217859e,2.0.0,ecoli50_strength_v1
course_ecoli50_strength,ecoli50_r000177,70.74,190.2289101382472,2.2792765197485987,cnn_1d,log10_minmax,CNN/runs/cnn_ecoli50_integrated_20261002_v2/best_checkpoint.pt,,,,cnn_ecoli50_integrated_20261002_v2,ecoli50_random_20260928_v1,val,20260928,ok,,0.2695335745811462,log10mm_59711a1c2217859e,2.0.0,ecoli50_strength_v1
course_ecoli50_strength,ecoli50_r000189,61.89,139.96699240094082,2.1460256306191576,cnn_1d,log10_minmax,CNN/runs/cnn_ecoli50_integrated_20261002_v2/best_checkpoint.pt,,,,cnn_ecoli50_integrated_20261002_v2,ecoli50_random_20260928_v1,val,20260928,ok,,0.2427560240030288,log10mm_59711a1c2217859e,2.0.0,ecoli50_strength_v1
course_ecoli50_strength,ecoli50_r000190,52.01,115.0114254745549,2.060740986215137,cnn_1d,log10_minmax,CNN/runs/cnn_ecoli50_integrated_20261002_v2/best_checkpoint.pt,,,,cnn_ecoli50_integrated_20261002_v2,ecoli50_random_20260928_v1,val,20260928,ok,,0.2256175726652145,log10mm_59711a1c2217859e,2.0.0,ecoli50_strength_v1
course_ecoli50_strength,ecoli50_r000191,204.46,164.27952162685057,2.215583429541235,cnn_1d,log10_minmax,CNN/runs/cnn_ecoli50_integrated_20261002_v2/best_checkpoint.pt,,,,cnn_ecoli50_integrated_20261002_v2,ecoli50_random_20260928_v1,val,20260928,ok,,0.2567340731620788,log10mm_59711a1c2217859e,2.0.0,ecoli50_strength_v1
course_ecoli50_strength,ecoli50_r000196,36.08,187.53840428650477,2.273090216393588,cnn_1d,log10_minmax,CNN/runs/cnn_ecoli50_integrated_20261002_v2/best_checkpoint.pt,,,,cnn_ecoli50_integrated_20261002_v2,ecoli50_random_20260928_v1,val,20260928,ok,,0.2682904005050659,log10mm_59711a1c2217859e,2.0.0,ecoli50_strength_v1
course_ecoli50_strength,ecoli50_r000200,75.16,93.41971032222408,1.970438516284512,cnn_1d,log10_minmax,CNN/runs/cnn_ecoli50_integrated_20261002_v2/best_checkpoint.pt,,,,cnn_ecoli50_integrated_20261002_v2,ecoli50_random_20260928_v1,val,20260928,ok,,0.2074707597494125,log10mm_59711a1c2217859e,2.0.0,ecoli50_strength_v1
course_ecoli50_strength,ecoli50_r000222,674.33,263.905709901765,2.4214487867793606,cnn_1d,log10_minmax,CNN/runs/cnn_ecoli50_integrated_20261002_v2/best_checkpoint.pt,,,,cnn_ecoli50_integrated_20261002_v2,ecoli50_random_20260928_v1,val,20260928,ok,,0.298103928565979,log10mm_59711a1c2217859e,2.0.0,ecoli50_strength_v1
course_ecoli50_strength,ecoli50_r000234,72.16,152.09680360463182,2.182120087218962,cnn_1d,log10_minmax,CNN/runs/cnn_ecoli50_integrated_20261002_v2/best_checkpoint.pt,,,,cnn_ecoli50_integrated_20261002_v2,ecoli50_random_20260928_v1,val,20260928,ok,,0.2500094175338745,log10mm_59711a1c2217859e,2.0.0,ecoli50_strength_v1
course_ecoli50_strength,ecoli50_r000236,38.6,115.66972933890794,2.0632197193569035,cnn_1d,log10_minmax,CNN/runs/cnn_ecoli50_integrated_20261002_v2/best_checkpoint.pt,,,,cnn_ecoli50_integrated_20261002_v2,ecoli50_random_20260928_v1,val,20260928,ok,,0.2261156886816024,log10mm_59711a1c2217859e,2.0.0,ecoli50_strength_v1
course_ecoli50_strength,ecoli50_r000251,397.91,235.30647252939744,2.371633873394212,cnn_1d,log10_minmax,CNN/runs/cnn_ecoli50_integrated_20261002_v2/best_checkpoint.pt,,,,cnn_ecoli50_integrated_20261002_v2,ecoli50_random_20260928_v1,val,20260928,ok,,0.2880933284759521,log10mm_59711a1c2217859e,2.0.0,ecoli50_strength_v1
course_ecoli50_strength,ecoli50_r000262,9429.18,142.3077492021648,2.15322854972664,cnn_1d,log10_minmax,CNN/runs/cnn_ecoli50_integrated_20261002_v2/best_checkpoint.pt,,,,cnn_ecoli50_integrated_20261002_v2,ecoli50_random_20260928_v1,val,20260928,ok,,0.2442034929990768,log10mm_59711a1c2217859e,2.0.0,ecoli50_strength_v1
course_ecoli50_strength,ecoli50_r000266,25.05,219.3714916293419,2.341180188268242,cnn_1d,log10_minmax,CNN/runs/cnn_ecoli50_integrated_20261002_v2/best_checkpoint.pt,,,,cnn_ecoli50_integrated_20261002_v2,ecoli50_random_20260928_v1,val,20260928,ok,,0.2819734811782837,log10mm_59711a1c2217859e,2.0.0,ecoli50_strength_v1
course_ecoli50_strength,ecoli50_r000268,127.88,163.8622335274373,2.2144788702233056,cnn_1d,log10_minmax,CNN/runs/cnn_ecoli50_integrated_20261002_v2/best_checkpoint.pt,,,,cnn_ecoli50_integrated_20261002_v2,ecoli50_random_20260928_v1,val,20260928,ok,,0.2565121054649353,log10mm_59711a1c2217859e,2.0.0,ecoli50_strength_v1
course_ecoli50_strength,ecoli50_r000290,474.71,477.35226630255215,2.678838988784982,cnn_1d,log10_minmax,CNN/runs/cnn_ecoli50_integrated_20261002_v2/best_checkpoint.pt,,,,cnn_ecoli50_integrated_20261002_v2,ecoli50_random_20260928_v1,val,20260928,ok,,0.3498280048370361,log10mm_59711a1c2217859e,2.0.0,ecoli50_strength_v1
course_ecoli50_strength,ecoli50_r000313,145.9,206.996534822392,2.315963075311458,cnn_1d,log10_minmax,CNN/runs/cnn_ecoli50_integrated_20261002_v2/best_checkpoint.pt,,,,cnn_ecoli50_integrated_20261002_v2,ecoli50_random_20260928_v1,val,20260928,ok,,0.2769059538841247,log10mm_59711a1c2217859e,2.0.0,ecoli50_strength_v1
course_ecoli50_strength,ecoli50_r000314,110.53,135.76462954190308,2.1327866389017056,cnn_1d,log10_minmax,CNN/runs/cnn_ecoli50_integrated_20261002_v2/best_checkpoint.pt,,,,cnn_ecoli50_integrated_20261002_v2,ecoli50_random_20260928_v1,val,20260928,ok,,0.2400955706834793,log10mm_59711a1c2217859e,2.0.0,ecoli50_strength_v1
course_ecoli50_strength,ecoli50_r000316,91.37,140.4629869331584,2.1475618994127177,cnn_1d,log10_minmax,CNN/runs/cnn_ecoli50_integrated_20261002_v2/best_checkpoint.pt,,,,cnn_ecoli50_integrated_20261002_v2,ecoli50_random_20260928_v1,val,20260928,ok,,0.243064746260643,log10mm_59711a1c2217859e,2.0.0,ecoli50_strength_v1
course_ecoli50_strength,ecoli50_r000319,6811.5,512.3954873014933,2.709605296231333,cnn_1d,log10_minmax,CNN/runs/cnn_ecoli50_integrated_20261002_v2/best_checkpoint.pt,,,,cnn_ecoli50_integrated_20261002_v2,ecoli50_random_20260928_v1,val,20260928,ok,,0.3560106754302978,log10mm_59711a1c2217859e,2.0.0,ecoli50_strength_v1
course_ecoli50_strength,ecoli50_r000323,47.95,125.5476782810384,2.098808685833834,cnn_1d,log10_minmax,CNN/runs/cnn_ecoli50_integrated_20261002_v2/best_checkpoint.pt,,,,cnn_ecoli50_integrated_20261002_v2,ecoli50_random_20260928_v1,val,20260928,ok,,0.2332675009965896,log10mm_59711a1c2217859e,2.0.0,ecoli50_strength_v1
course_ecoli50_strength,ecoli50_r000327,160.14,261.6864636564414,2.41778125832442,cnn_1d,log10_minmax,CNN/runs/cnn_ecoli50_integrated_20261002_v2/best_checkpoint.pt,,,,cnn_ecoli50_integrated_20261002_v2,ecoli50_random_20260928_v1,val,20260928,ok,,0.2973669171333313,log10mm_59711a1c2217859e,2.0.0,ecoli50_strength_v1
course_ecoli50_strength,ecoli50_r000336,143.24,129.63346108823436,2.112717116428989,cnn_1d,log10_minmax,CNN/runs/cnn_ecoli50_integrated_20261002_v2/best_checkpoint.pt,,,,cnn_ecoli50_integrated_20261002_v2,ecoli50_random_20260928_v1,val,20260928,ok,,0.2360624819993972,log10mm_59711a1c2217859e,2.0.0,ecoli50_strength_v1
course_ecoli50_strength,ecoli50_r000342,251.11,149.4981311077631,2.1746357635322946,cnn_1d,log10_minmax,CNN/runs/cnn_ecoli50_integrated_20261002_v2/best_checkpoint.pt,,,,cnn_ecoli50_integrated_20261002_v2,ecoli50_random_20260928_v1,val,20260928,ok,,0.2485053986310959,log10mm_59711a1c2217859e,2.0.0,ecoli50_strength_v1
course_ecoli50_strength,ecoli50_r000346,52.01,191.05046593789828,2.2811481011922443,cnn_1d,log10_minmax,CNN/runs/cnn_ecoli50_integrated_20261002_v2/best_checkpoint.pt,,,,cnn_ecoli50_integrated_20261002_v2,ecoli50_random_20260928_v1,val,20260928,ok,,0.2699096798896789,log10mm_59711a1c2217859e,2.0.0,ecoli50_strength_v1
course_ecoli50_strength,ecoli50_r000355,496.52,203.28822376884165,2.308112221233509,cnn_1d,log10_minmax,CNN/runs/cnn_ecoli50_integrated_20261002_v2/best_checkpoint.pt,,,,cnn_ecoli50_integrated_20261002_v2,ecoli50_random_20260928_v1,val,20260928,ok,,0.2753282785415649,log10mm_59711a1c2217859e,2.0.0,ecoli50_strength_v1
course_ecoli50_strength,ecoli50_r000366,37.15,137.15693721054205,2.1372177785177664,cnn_1d,log10_minmax,CNN/runs/cnn_ecoli50_integrated_20261002_v2/best_checkpoint.pt,,,,cnn_ecoli50_integrated_20261002_v2,ecoli50_random_20260928_v1,val,20260928,ok,,0.2409860342741012,log10mm_59711a1c2217859e,2.0.0,ecoli50_strength_v1
course_ecoli50_strength,ecoli50_r000367,210.09,120.27145743146058,2.0801625737173866,cnn_1d,log10_minmax,CNN/runs/cnn_ecoli50_integrated_20261002_v2/best_checkpoint.pt,,,,cnn_ecoli50_integrated_20261002_v2,ecoli50_random_20260928_v1,val,20260928,ok,,0.2295204550027847,log10mm_59711a1c2217859e,2.0.0,ecoli50_strength_v1
course_ecoli50_strength,ecoli50_r000370,322.72,409.6919826781685,2.612457465264591,cnn_1d,log10_minmax,CNN/runs/cnn_ecoli50_integrated_20261002_v2/best_checkpoint.pt,,,,cnn_ecoli50_integrated_20261002_v2,ecoli50_random_20260928_v1,val,20260928,ok,,0.3364882469177246,log10mm_59711a1c2217859e,2.0.0,ecoli50_strength_v1
course_ecoli50_strength,ecoli50_r000382,53.68,279.5366137018938,2.446438699833477,cnn_1d,log10_minmax,CNN/runs/cnn_ecoli50_integrated_20261002_v2/best_checkpoint.pt,,,,cnn_ecoli50_integrated_20261002_v2,ecoli50_random_20260928_v1,val,20260928,ok,,0.30312579870224,log10mm_59711a1c2217859e,2.0.0,ecoli50_strength_v1
course_ecoli50_strength,ecoli50_r000386,173.75,97.65514223621145,1.989695116912272,cnn_1d,log10_minmax,CNN/runs/cnn_ecoli50_integrated_20261002_v2/best_checkpoint.pt,,,,cnn_ecoli50_integrated_20261002_v2,ecoli50_random_20260928_v1,val,20260928,ok,,0.2113404870033264,log10mm_59711a1c2217859e,2.0.0,ecoli50_strength_v1
course_ecoli50_strength,ecoli50_r000387,173.75,105.4758709859552,2.0231531203334385,cnn_1d,log10_minmax,CNN/runs/cnn_ecoli50_integrated_20261002_v2/best_checkpoint.pt,,,,cnn_ecoli50_integrated_20261002_v2,ecoli50_random_20260928_v1,val,20260928,ok,,0.2180640697479248,log10mm_59711a1c2217859e,2.0.0,ecoli50_strength_v1
course_ecoli50_strength,ecoli50_r000395,238.74,163.35940576022836,2.2131441449465377,cnn_1d,log10_minmax,CNN/runs/cnn_ecoli50_integrated_20261002_v2/best_checkpoint.pt,,,,cnn_ecoli50_integrated_20261002_v2,ecoli50_random_20260928_v1,val,20260928,ok,,0.256243884563446,log10mm_59711a1c2217859e,2.0.0,ecoli50_strength_v1
course_ecoli50_strength,ecoli50_r000396,460.68,174.41918752095955,2.2415942591292706,cnn_1d,log10_minmax,CNN/runs/cnn_ecoli50_integrated_20261002_v2/best_checkpoint.pt,,,,cnn_ecoli50_integrated_20261002_v2,ecoli50_random_20260928_v1,val,20260928,ok,,0.2619611024856567,log10mm_59711a1c2217859e,2.0.0,ecoli50_strength_v1
course_ecoli50_strength,ecoli50_r000415,1125.6,301.5124652702644,2.4793052716542263,cnn_1d,log10_minmax,CNN/runs/cnn_ecoli50_integrated_20261002_v2/best_checkpoint.pt,,,,cnn_ecoli50_integrated_20261002_v2,ecoli50_random_20260928_v1,val,20260928,ok,,0.3097305297851562,log10mm_59711a1c2217859e,2.0.0,ecoli50_strength_v1
course_ecoli50_strength,ecoli50_r000435,32.52,187.7465234958753,2.273571903915693,cnn_1d,log10_minmax,CNN/runs/cnn_ecoli50_integrated_20261002_v2/best_checkpoint.pt,,,,cnn_ecoli50_integrated_20261002_v2,ecoli50_random_20260928_v1,val,20260928,ok,,0.2683871984481811,log10mm_59711a1c2217859e,2.0.0,ecoli50_strength_v1
course_ecoli50_strength,ecoli50_r000439,1840.1,240.59188294723785,2.381280971089073,cnn_1d,log10_minmax,CNN/runs/cnn_ecoli50_integrated_20261002_v2/best_checkpoint.pt,,,,cnn_ecoli50_integrated_20261002_v2,ecoli50_random_20260928_v1,val,20260928,ok,,0.2900319695472717,log10mm_59711a1c2217859e,2.0.0,ecoli50_strength_v1
course_ecoli50_strength,ecoli50_r000443,124.99,190.35289293908411,2.279559481507273,cnn_1d,log10_minmax,CNN/runs/cnn_ecoli50_integrated_20261002_v2/best_checkpoint.pt,,,,cnn_ecoli50_integrated_20261002_v2,ecoli50_random_20260928_v1,val,20260928,ok,,0.2695904374122619,log10mm_59711a1c2217859e,2.0.0,ecoli50_strength_v1
course_ecoli50_strength,ecoli50_r000446,380.29,165.95853428809204,2.2199995905736345,cnn_1d,log10_minmax,CNN/runs/cnn_ecoli50_integrated_20261002_v2/best_checkpoint.pt,,,,cnn_ecoli50_integrated_20261002_v2,ecoli50_random_20260928_v1,val,20260928,ok,,0.2576215267181396,log10mm_59711a1c2217859e,2.0.0,ecoli50_strength_v1
course_ecoli50_strength,ecoli50_r000449,144.32,228.4437509884234,2.358779282556469,cnn_1d,log10_minmax,CNN/runs/cnn_ecoli50_integrated_20261002_v2/best_checkpoint.pt,,,,cnn_ecoli50_integrated_20261002_v2,ecoli50_random_20260928_v1,val,20260928,ok,,0.2855101227760315,log10mm_59711a1c2217859e,2.0.0,ecoli50_strength_v1
course_ecoli50_strength,ecoli50_r000452,117.03,119.2368143195168,2.0764103643587752,cnn_1d,log10_minmax,CNN/runs/cnn_ecoli50_integrated_20261002_v2/best_checkpoint.pt,,,,cnn_ecoli50_integrated_20261002_v2,ecoli50_random_20260928_v1,val,20260928,ok,,0.2287664264440536,log10mm_59711a1c2217859e,2.0.0,ecoli50_strength_v1
course_ecoli50_strength,ecoli50_r000454,297.22,192.09309385468995,2.283511751354592,cnn_1d,log10_minmax,CNN/runs/cnn_ecoli50_integrated_20261002_v2/best_checkpoint.pt,,,,cnn_ecoli50_integrated_20261002_v2,ecoli50_random_20260928_v1,val,20260928,ok,,0.270384669303894,log10mm_59711a1c2217859e,2.0.0,ecoli50_strength_v1
course_ecoli50_strength,ecoli50_r000465,60.13,195.11553952742491,2.2902918591549555,cnn_1d,log10_minmax,CNN/runs/cnn_ecoli50_integrated_20261002_v2/best_checkpoint.pt,,,,cnn_ecoli50_integrated_20261002_v2,ecoli50_random_20260928_v1,val,20260928,ok,,0.2717471718788147,log10mm_59711a1c2217859e,2.0.0,ecoli50_strength_v1
course_ecoli50_strength,ecoli50_r000475,69.27,141.93144023473295,2.1520786097493003,cnn_1d,log10_minmax,CNN/runs/cnn_ecoli50_integrated_20261002_v2/best_checkpoint.pt,,,,cnn_ecoli50_integrated_20261002_v2,ecoli50_random_20260928_v1,val,20260928,ok,,0.2439724057912826,log10mm_59711a1c2217859e,2.0.0,ecoli50_strength_v1
course_ecoli50_strength,ecoli50_r000486,120.77,250.40196843722043,2.398637738588163,cnn_1d,log10_minmax,CNN/runs/cnn_ecoli50_integrated_20261002_v2/best_checkpoint.pt,,,,cnn_ecoli50_integrated_20261002_v2,ecoli50_random_20260928_v1,val,20260928,ok,,0.293519914150238,log10mm_59711a1c2217859e,2.0.0,ecoli50_strength_v1
course_ecoli50_strength,ecoli50_r000487,73.69,207.7447430255218,2.3175300427863834,cnn_1d,log10_minmax,CNN/runs/cnn_ecoli50_integrated_20261002_v2/best_checkpoint.pt,,,,cnn_ecoli50_integrated_20261002_v2,ecoli50_random_20260928_v1,val,20260928,ok,,0.2772208452224731,log10mm_59711a1c2217859e,2.0.0,ecoli50_strength_v1
course_ecoli50_strength,ecoli50_r000490,228.51,390.7528036745977,2.5919021027911318,cnn_1d,log10_minmax,CNN/runs/cnn_ecoli50_integrated_20261002_v2/best_checkpoint.pt,,,,cnn_ecoli50_integrated_20261002_v2,ecoli50_random_20260928_v1,val,20260928,ok,,0.3323575258255005,log10mm_59711a1c2217859e,2.0.0,ecoli50_strength_v1
course_ecoli50_strength,ecoli50_r000497,445.06,258.363508807138,2.4122311740180016,cnn_1d,log10_minmax,CNN/runs/cnn_ecoli50_integrated_20261002_v2/best_checkpoint.pt,,,,cnn_ecoli50_integrated_20261002_v2,ecoli50_random_20260928_v1,val,20260928,ok,,0.2962515950202942,log10mm_59711a1c2217859e,2.0.0,ecoli50_strength_v1
course_ecoli50_strength,ecoli50_r000501,116.41,337.5893641430826,2.528388755587706,cnn_1d,log10_minmax,CNN/runs/cnn_ecoli50_integrated_20261002_v2/best_checkpoint.pt,,,,cnn_ecoli50_integrated_20261002_v2,ecoli50_random_20260928_v1,val,20260928,ok,,0.319594144821167,log10mm_59711a1c2217859e,2.0.0,ecoli50_strength_v1
course_ecoli50_strength,ecoli50_r000506,2511.21,101.69056059364752,2.007280641493519,cnn_1d,log10_minmax,CNN/runs/cnn_ecoli50_integrated_20261002_v2/best_checkpoint.pt,,,,cnn_ecoli50_integrated_20261002_v2,ecoli50_random_20260928_v1,val,20260928,ok,,0.2148744016885757,log10mm_59711a1c2217859e,2.0.0,ecoli50_strength_v1
course_ecoli50_strength,ecoli50_r000507,58.95,94.18854331120814,1.973998080294844,cnn_1d,log10_minmax,CNN/runs/cnn_ecoli50_integrated_20261002_v2/best_checkpoint.pt,,,,cnn_ecoli50_integrated_20261002_v2,ecoli50_random_20260928_v1,val,20260928,ok,,0.208186075091362,log10mm_59711a1c2217859e,2.0.0,ecoli50_strength_v1
course_ecoli50_strength,ecoli50_r000517,73.69,102.62154453625206,2.011238546847561,cnn_1d,log10_minmax,CNN/runs/cnn_ecoli50_integrated_20261002_v2/best_checkpoint.pt,,,,cnn_ecoli50_integrated_20261002_v2,ecoli50_random_20260928_v1,val,20260928,ok,,0.2156697660684585,log10mm_59711a1c2217859e,2.0.0,ecoli50_strength_v1
course_ecoli50_strength,ecoli50_r000520,216.48,109.28344247125167,2.0385543669992545,cnn_1d,log10_minmax,CNN/runs/cnn_ecoli50_integrated_20261002_v2/best_checkpoint.pt,,,,cnn_ecoli50_integrated_20261002_v2,ecoli50_random_20260928_v1,val,20260928,ok,,0.2211590409278869,log10mm_59711a1c2217859e,2.0.0,ecoli50_strength_v1
course_ecoli50_strength,ecoli50_r000527,85.55,185.94458519665025,2.269383535997195,cnn_1d,log10_minmax,CNN/runs/cnn_ecoli50_integrated_20261002_v2/best_checkpoint.pt,,,,cnn_ecoli50_integrated_20261002_v2,ecoli50_random_20260928_v1,val,20260928,ok,,0.2675455212593078,log10mm_59711a1c2217859e,2.0.0,ecoli50_strength_v1
course_ecoli50_strength,ecoli50_r000530,91.37,143.90100084163754,2.1580638144959443,cnn_1d,log10_minmax,CNN/runs/cnn_ecoli50_integrated_20261002_v2/best_checkpoint.pt,,,,cnn_ecoli50_integrated_20261002_v2,ecoli50_random_20260928_v1,val,20260928,ok,,0.2451751679182052,log10mm_59711a1c2217859e,2.0.0,ecoli50_strength_v1
course_ecoli50_strength,ecoli50_r000536,147.37,293.7887409427008,2.468035148022816,cnn_1d,log10_minmax,CNN/runs/cnn_ecoli50_integrated_20261002_v2/best_checkpoint.pt,,,,cnn_ecoli50_integrated_20261002_v2,ecoli50_random_20260928_v1,val,20260928,ok,,0.3074657320976257,log10mm_59711a1c2217859e,2.0.0,ecoli50_strength_v1
course_ecoli50_strength,ecoli50_r000546,1173.23,151.59935175018703,2.180697344225332,cnn_1d,log10_minmax,CNN/runs/cnn_ecoli50_integrated_20261002_v2/best_checkpoint.pt,,,,cnn_ecoli50_integrated_20261002_v2,ecoli50_random_20260928_v1,val,20260928,ok,,0.2497235089540481,log10mm_59711a1c2217859e,2.0.0,ecoli50_strength_v1
course_ecoli50_strength,ecoli50_r000553,154.24,290.1229292843371,2.462582053753176,cnn_1d,log10_minmax,CNN/runs/cnn_ecoli50_integrated_20261002_v2/best_checkpoint.pt,,,,cnn_ecoli50_integrated_20261002_v2,ecoli50_random_20260928_v1,val,20260928,ok,,0.3063699007034302,log10mm_59711a1c2217859e,2.0.0,ecoli50_strength_v1
course_ecoli50_strength,ecoli50_r000556,38.6,204.67590049078947,2.311066709785039,cnn_1d,log10_minmax,CNN/runs/cnn_ecoli50_integrated_20261002_v2/best_checkpoint.pt,,,,cnn_ecoli50_integrated_20261002_v2,ecoli50_random_20260928_v1,val,20260928,ok,,0.2759220004081726,log10mm_59711a1c2217859e,2.0.0,ecoli50_strength_v1
course_ecoli50_strength,ecoli50_r000557,38.58,236.68872116987143,2.374177563166115,cnn_1d,log10_minmax,CNN/runs/cnn_ecoli50_integrated_20261002_v2/best_checkpoint.pt,,,,cnn_ecoli50_integrated_20261002_v2,ecoli50_random_20260928_v1,val,20260928,ok,,0.2886044979095459,log10mm_59711a1c2217859e,2.0.0,ecoli50_strength_v1
course_ecoli50_strength,ecoli50_r000558,52.54,199.4393376698169,2.2998108232232477,cnn_1d,log10_minmax,CNN/runs/cnn_ecoli50_integrated_20261002_v2/best_checkpoint.pt,,,,cnn_ecoli50_integrated_20261002_v2,ecoli50_random_20260928_v1,val,20260928,ok,,0.2736600637435913,log10mm_59711a1c2217859e,2.0.0,ecoli50_strength_v1
course_ecoli50_strength,ecoli50_r000563,35.29,140.0263196896998,2.146209674404543,cnn_1d,log10_minmax,CNN/runs/cnn_ecoli50_integrated_20261002_v2/best_checkpoint.pt,,,,cnn_ecoli50_integrated_20261002_v2,ecoli50_random_20260928_v1,val,20260928,ok,,0.242793008685112,log10mm_59711a1c2217859e,2.0.0,ecoli50_strength_v1
course_ecoli50_strength,ecoli50_r000567,279.41,206.22087926789587,2.3143326342344817,cnn_1d,log10_minmax,CNN/runs/cnn_ecoli50_integrated_20261002_v2/best_checkpoint.pt,,,,cnn_ecoli50_integrated_20261002_v2,ecoli50_random_20260928_v1,val,20260928,ok,,0.2765783071517944,log10mm_59711a1c2217859e,2.0.0,ecoli50_strength_v1
course_ecoli50_strength,ecoli50_r000572,197.65,78.74497015861188,1.896222822752132,cnn_1d,log10_minmax,CNN/runs/cnn_ecoli50_integrated_20261002_v2/best_checkpoint.pt,,,,cnn_ecoli50_integrated_20261002_v2,ecoli50_random_20260928_v1,val,20260928,ok,,0.1925566792488098,log10mm_59711a1c2217859e,2.0.0,ecoli50_strength_v1
course_ecoli50_strength,ecoli50_r000581,100.31,210.7213958192371,2.3237086343953504,cnn_1d,log10_minmax,CNN/runs/cnn_ecoli50_integrated_20261002_v2/best_checkpoint.pt,,,,cnn_ecoli50_integrated_20261002_v2,ecoli50_random_20260928_v1,val,20260928,ok,,0.2784624695777893,log10mm_59711a1c2217859e,2.0.0,ecoli50_strength_v1
course_ecoli50_strength,ecoli50_r000582,127.06,174.39536489375425,2.241534938005859,cnn_1d,log10_minmax,CNN/runs/cnn_ecoli50_integrated_20261002_v2/best_checkpoint.pt,,,,cnn_ecoli50_integrated_20261002_v2,ecoli50_random_20260928_v1,val,20260928,ok,,0.2619491815567016,log10mm_59711a1c2217859e,2.0.0,ecoli50_strength_v1
course_ecoli50_strength,ecoli50_r000591,72.16,230.2077560703784,2.362119951621411,cnn_1d,log10_minmax,CNN/runs/cnn_ecoli50_integrated_20261002_v2/best_checkpoint.pt,,,,cnn_ecoli50_integrated_20261002_v2,ecoli50_random_20260928_v1,val,20260928,ok,,0.2861814498901367,log10mm_59711a1c2217859e,2.0.0,ecoli50_strength_v1
course_ecoli50_strength,ecoli50_r000601,102.17,157.5456975798369,2.197406547510976,cnn_1d,log10_minmax,CNN/runs/cnn_ecoli50_integrated_20261002_v2/best_checkpoint.pt,,,,cnn_ecoli50_integrated_20261002_v2,ecoli50_random_20260928_v1,val,20260928,ok,,0.2530813217163086,log10mm_59711a1c2217859e,2.0.0,ecoli50_strength_v1
course_ecoli50_strength,ecoli50_r000605,90.42,199.83050446486888,2.300661784738591,cnn_1d,log10_minmax,CNN/runs/cnn_ecoli50_integrated_20261002_v2/best_checkpoint.pt,,,,cnn_ecoli50_integrated_20261002_v2,ecoli50_random_20260928_v1,val,20260928,ok,,0.2738310694694519,log10mm_59711a1c2217859e,2.0.0,ecoli50_strength_v1
course_ecoli50_strength,ecoli50_r000606,129.69,159.98129188297102,2.2040691994869843,cnn_1d,log10_minmax,CNN/runs/cnn_ecoli50_integrated_20261002_v2/best_checkpoint.pt,,,,cnn_ecoli50_integrated_20261002_v2,ecoli50_random_20260928_v1,val,20260928,ok,,0.2544202208518982,log10mm_59711a1c2217859e,2.0.0,ecoli50_strength_v1
course_ecoli50_strength,ecoli50_r000610,36.9,138.30470678148455,2.140836960257127,cnn_1d,log10_minmax,CNN/runs/cnn_ecoli50_integrated_20261002_v2/best_checkpoint.pt,,,,cnn_ecoli50_integrated_20261002_v2,ecoli50_random_20260928_v1,val,20260928,ok,,0.2417133301496505,log10mm_59711a1c2217859e,2.0.0,ecoli50_strength_v1
course_ecoli50_strength,ecoli50_r000613,451.79,225.92787758047788,2.353969822475849,cnn_1d,log10_minmax,CNN/runs/cnn_ecoli50_integrated_20261002_v2/best_checkpoint.pt,,,,cnn_ecoli50_integrated_20261002_v2,ecoli50_random_20260928_v1,val,20260928,ok,,0.2845436334609985,log10mm_59711a1c2217859e,2.0.0,ecoli50_strength_v1
course_ecoli50_strength,ecoli50_r000619,98.97,81.36648988975698,1.910445581149966,cnn_1d,log10_minmax,CNN/runs/cnn_ecoli50_integrated_20261002_v2/best_checkpoint.pt,,,,cnn_ecoli50_integrated_20261002_v2,ecoli50_random_20260928_v1,val,20260928,ok,,0.1954148262739181,log10mm_59711a1c2217859e,2.0.0,ecoli50_strength_v1
course_ecoli50_strength,ecoli50_r000628,122.55,160.7678206002939,2.2061991244230885,cnn_1d,log10_minmax,CNN/runs/cnn_ecoli50_integrated_20261002_v2/best_checkpoint.pt,,,,cnn_ecoli50_integrated_20261002_v2,ecoli50_random_20260928_v1,val,20260928,ok,,0.2548482418060303,log10mm_59711a1c2217859e,2.0.0,ecoli50_strength_v1
course_ecoli50_strength,ecoli50_r000629,87.92,115.215045258008,2.061509194763321,cnn_1d,log10_minmax,CNN/runs/cnn_ecoli50_integrated_20261002_v2/best_checkpoint.pt,,,,cnn_ecoli50_integrated_20261002_v2,ecoli50_random_20260928_v1,val,20260928,ok,,0.2257719486951828,log10mm_59711a1c2217859e,2.0.0,ecoli50_strength_v1
course_ecoli50_strength,ecoli50_r000631,1040.0,141.36049048647797,2.150328043397415,cnn_1d,log10_minmax,CNN/runs/cnn_ecoli50_integrated_20261002_v2/best_checkpoint.pt,,,,cnn_ecoli50_integrated_20261002_v2,ecoli50_random_20260928_v1,val,20260928,ok,,0.2436206191778183,log10mm_59711a1c2217859e,2.0.0,ecoli50_strength_v1
course_ecoli50_strength,ecoli50_r000638,45.21,143.3268265844102,2.156327485213678,cnn_1d,log10_minmax,CNN/runs/cnn_ecoli50_integrated_20261002_v2/best_checkpoint.pt,,,,cnn_ecoli50_integrated_20261002_v2,ecoli50_random_20260928_v1,val,20260928,ok,,0.2448262423276901,log10mm_59711a1c2217859e,2.0.0,ecoli50_strength_v1
course_ecoli50_strength,ecoli50_r000649,56.0,97.42722996700456,1.9886803549449072,cnn_1d,log10_minmax,CNN/runs/cnn_ecoli50_integrated_20261002_v2/best_checkpoint.pt,,,,cnn_ecoli50_integrated_20261002_v2,ecoli50_random_20260928_v1,val,20260928,ok,,0.2111365646123886,log10mm_59711a1c2217859e,2.0.0,ecoli50_strength_v1
course_ecoli50_strength,ecoli50_r000656,80.52,178.6954017911878,2.252113377338287,cnn_1d,log10_minmax,CNN/runs/cnn_ecoli50_integrated_20261002_v2/best_checkpoint.pt,,,,cnn_ecoli50_integrated_20261002_v2,ecoli50_random_20260928_v1,val,20260928,ok,,0.2640749812126159,log10mm_59711a1c2217859e,2.0.0,ecoli50_strength_v1
course_ecoli50_strength,ecoli50_r000659,63.74,119.05921714744215,2.075763022599543,cnn_1d,log10_minmax,CNN/runs/cnn_ecoli50_integrated_20261002_v2/best_checkpoint.pt,,,,cnn_ecoli50_integrated_20261002_v2,ecoli50_random_20260928_v1,val,20260928,ok,,0.2286363393068313,log10mm_59711a1c2217859e,2.0.0,ecoli50_strength_v1
course_ecoli50_strength,ecoli50_r000663,644.59,270.8824700964345,2.4327809009847368,cnn_1d,log10_minmax,CNN/runs/cnn_ecoli50_integrated_20261002_v2/best_checkpoint.pt,,,,cnn_ecoli50_integrated_20261002_v2,ecoli50_random_20260928_v1,val,20260928,ok,,0.3003811836242676,log10mm_59711a1c2217859e,2.0.0,ecoli50_strength_v1
course_ecoli50_strength,ecoli50_r000664,40.87,150.8117854247113,2.178435281486827,cnn_1d,log10_minmax,CNN/runs/cnn_ecoli50_integrated_20261002_v2/best_checkpoint.pt,,,,cnn_ecoli50_integrated_20261002_v2,ecoli50_random_20260928_v1,val,20260928,ok,,0.2492689341306686,log10mm_59711a1c2217859e,2.0.0,ecoli50_strength_v1
course_ecoli50_strength,ecoli50_r000673,1034.79,287.1944065874912,2.4581759773117566,cnn_1d,log10_minmax,CNN/runs/cnn_ecoli50_integrated_20261002_v2/best_checkpoint.pt,,,,cnn_ecoli50_integrated_20261002_v2,ecoli50_random_20260928_v1,val,20260928,ok,,0.3054844737052917,log10mm_59711a1c2217859e,2.0.0,ecoli50_strength_v1
course_ecoli50_strength,ecoli50_r000676,112.0,145.50980453975797,2.1628922573360567,cnn_1d,log10_minmax,CNN/runs/cnn_ecoli50_integrated_20261002_v2/best_checkpoint.pt,,,,cnn_ecoli50_integrated_20261002_v2,ecoli50_random_20260928_v1,val,20260928,ok,,0.2461454719305038,log10mm_59711a1c2217859e,2.0.0,ecoli50_strength_v1
course_ecoli50_strength,ecoli50_r000678,98.74,89.4008021089033,1.9513414153273256,cnn_1d,log10_minmax,CNN/runs/cnn_ecoli50_integrated_20261002_v2/best_checkpoint.pt,,,,cnn_ecoli50_integrated_20261002_v2,ecoli50_random_20260928_v1,val,20260928,ok,,0.2036330848932266,log10mm_59711a1c2217859e,2.0.0,ecoli50_strength_v1
course_ecoli50_strength,ecoli50_r000687,104.03,191.7376308877693,2.2827073569211263,cnn_1d,log10_minmax,CNN/runs/cnn_ecoli50_integrated_20261002_v2/best_checkpoint.pt,,,,cnn_ecoli50_integrated_20261002_v2,ecoli50_random_20260928_v1,val,20260928,ok,,0.2702230215072632,log10mm_59711a1c2217859e,2.0.0,ecoli50_strength_v1
course_ecoli50_strength,ecoli50_r000689,2236.55,237.61013032870335,2.3758649525215665,cnn_1d,log10_minmax,CNN/runs/cnn_ecoli50_integrated_20261002_v2/best_checkpoint.pt,,,,cnn_ecoli50_integrated_20261002_v2,ecoli50_random_20260928_v1,val,20260928,ok,,0.2889435887336731,log10mm_59711a1c2217859e,2.0.0,ecoli50_strength_v1
course_ecoli50_strength,ecoli50_r000690,117.22,115.92746976869408,2.064186357062901,cnn_1d,log10_minmax,CNN/runs/cnn_ecoli50_integrated_20261002_v2/best_checkpoint.pt,,,,cnn_ecoli50_integrated_20261002_v2,ecoli50_random_20260928_v1,val,20260928,ok,,0.2263099402189254,log10mm_59711a1c2217859e,2.0.0,ecoli50_strength_v1
course_ecoli50_strength,ecoli50_r000703,96.21,319.2988135963063,2.504197304854713,cnn_1d,log10_minmax,CNN/runs/cnn_ecoli50_integrated_20261002_v2/best_checkpoint.pt,,,,cnn_ecoli50_integrated_20261002_v2,ecoli50_random_20260928_v1,val,20260928,ok,,0.3147327303886413,log10mm_59711a1c2217859e,2.0.0,ecoli50_strength_v1
course_ecoli50_strength,ecoli50_r000717,39.01,179.4488851414971,2.2539407645449905,cnn_1d,log10_minmax,CNN/runs/cnn_ecoli50_integrated_20261002_v2/best_checkpoint.pt,,,,cnn_ecoli50_integrated_20261002_v2,ecoli50_random_20260928_v1,val,20260928,ok,,0.2644422054290771,log10mm_59711a1c2217859e,2.0.0,ecoli50_strength_v1
course_ecoli50_strength,ecoli50_r000720,129.42,148.1888347894807,2.170815483184568,cnn_1d,log10_minmax,CNN/runs/cnn_ecoli50_integrated_20261002_v2/best_checkpoint.pt,,,,cnn_ecoli50_integrated_20261002_v2,ecoli50_random_20260928_v1,val,20260928,ok,,0.2477376908063888,log10mm_59711a1c2217859e,2.0.0,ecoli50_strength_v1
course_ecoli50_strength,ecoli50_r000721,95.3,134.13383784090925,2.127538350810646,cnn_1d,log10_minmax,CNN/runs/cnn_ecoli50_integrated_20261002_v2/best_checkpoint.pt,,,,cnn_ecoli50_integrated_20261002_v2,ecoli50_random_20260928_v1,val,20260928,ok,,0.2390408962965011,log10mm_59711a1c2217859e,2.0.0,ecoli50_strength_v1
course_ecoli50_strength,ecoli50_r000724,129.69,81.66865591753675,1.9120554081365568,cnn_1d,log10_minmax,CNN/runs/cnn_ecoli50_integrated_20261002_v2/best_checkpoint.pt,,,,cnn_ecoli50_integrated_20261002_v2,ecoli50_random_20260928_v1,val,20260928,ok,,0.1957383304834365,log10mm_59711a1c2217859e,2.0.0,ecoli50_strength_v1
course_ecoli50_strength,ecoli50_r000727,1862.1,137.3085833406362,2.137697686406169,cnn_1d,log10_minmax,CNN/runs/cnn_ecoli50_integrated_20261002_v2/best_checkpoint.pt,,,,cnn_ecoli50_integrated_20261002_v2,ecoli50_random_20260928_v1,val,20260928,ok,,0.2410824745893478,log10mm_59711a1c2217859e,2.0.0,ecoli50_strength_v1
course_ecoli50_strength,ecoli50_r000729,77.16,55.37948041405737,1.7433488767550536,cnn_1d,log10_minmax,CNN/runs/cnn_ecoli50_integrated_20261002_v2/best_checkpoint.pt,,,,cnn_ecoli50_integrated_20261002_v2,ecoli50_random_20260928_v1,val,20260928,ok,,0.1618357598781585,log10mm_59711a1c2217859e,2.0.0,ecoli50_strength_v1
course_ecoli50_strength,ecoli50_r000730,167.54,445.315052743889,2.6486673756008354,cnn_1d,log10_minmax,CNN/runs/cnn_ecoli50_integrated_20261002_v2/best_checkpoint.pt,,,,cnn_ecoli50_integrated_20261002_v2,ecoli50_random_20260928_v1,val,20260928,ok,,0.3437648415565491,log10mm_59711a1c2217859e,2.0.0,ecoli50_strength_v1
course_ecoli50_strength,ecoli50_r000733,52.01,125.42165501992292,2.098372527273948,cnn_1d,log10_minmax,CNN/runs/cnn_ecoli50_integrated_20261002_v2/best_checkpoint.pt,,,,cnn_ecoli50_integrated_20261002_v2,ecoli50_random_20260928_v1,val,20260928,ok,,0.2331798523664474,log10mm_59711a1c2217859e,2.0.0,ecoli50_strength_v1
course_ecoli50_strength,ecoli50_r000737,50.11,208.3493259103179,2.318792099686972,cnn_1d,log10_minmax,CNN/runs/cnn_ecoli50_integrated_20261002_v2/best_checkpoint.pt,,,,cnn_ecoli50_integrated_20261002_v2,ecoli50_random_20260928_v1,val,20260928,ok,,0.2774744629859924,log10mm_59711a1c2217859e,2.0.0,ecoli50_strength_v1
course_ecoli50_strength,ecoli50_r000741,52.12,148.5440916785186,2.1718553824779785,cnn_1d,log10_minmax,CNN/runs/cnn_ecoli50_integrated_20261002_v2/best_checkpoint.pt,,,,cnn_ecoli50_integrated_20261002_v2,ecoli50_random_20260928_v1,val,20260928,ok,,0.2479466646909713,log10mm_59711a1c2217859e,2.0.0,ecoli50_strength_v1
course_ecoli50_strength,ecoli50_r000755,419.89,176.70375666129405,2.247245782556723,cnn_1d,log10_minmax,CNN/runs/cnn_ecoli50_integrated_20261002_v2/best_checkpoint.pt,,,,cnn_ecoli50_integrated_20261002_v2,ecoli50_random_20260928_v1,val,20260928,ok,,0.263096809387207,log10mm_59711a1c2217859e,2.0.0,ecoli50_strength_v1
course_ecoli50_strength,ecoli50_r000770,416.93,100.87140952406334,2.0037680894734917,cnn_1d,log10_minmax,CNN/runs/cnn_ecoli50_integrated_20261002_v2/best_checkpoint.pt,,,,cnn_ecoli50_integrated_20261002_v2,ecoli50_random_20260928_v1,val,20260928,ok,,0.2141685336828231,log10mm_59711a1c2217859e,2.0.0,ecoli50_strength_v1
course_ecoli50_strength,ecoli50_r000772,657.55,131.020102645616,2.11733793533716,cnn_1d,log10_minmax,CNN/runs/cnn_ecoli50_integrated_20261002_v2/best_checkpoint.pt,,,,cnn_ecoli50_integrated_20261002_v2,ecoli50_random_20260928_v1,val,20260928,ok,,0.2369910627603531,log10mm_59711a1c2217859e,2.0.0,ecoli50_strength_v1
course_ecoli50_strength,ecoli50_r000773,288.52,369.7300585476942,2.567884759555353,cnn_1d,log10_minmax,CNN/runs/cnn_ecoli50_integrated_20261002_v2/best_checkpoint.pt,,,,cnn_ecoli50_integrated_20261002_v2,ecoli50_random_20260928_v1,val,20260928,ok,,0.327531099319458,log10mm_59711a1c2217859e,2.0.0,ecoli50_strength_v1
course_ecoli50_strength,ecoli50_r000775,77.16,207.79909066402752,2.317643642737717,cnn_1d,log10_minmax,CNN/runs/cnn_ecoli50_integrated_20261002_v2/best_checkpoint.pt,,,,cnn_ecoli50_integrated_20261002_v2,ecoli50_random_20260928_v1,val,20260928,ok,,0.2772436738014221,log10mm_59711a1c2217859e,2.0.0,ecoli50_strength_v1
course_ecoli50_strength,ecoli50_r000776,114.25,165.51618048318883,2.218840455822166,cnn_1d,log10_minmax,CNN/runs/cnn_ecoli50_integrated_20261002_v2/best_checkpoint.pt,,,,cnn_ecoli50_integrated_20261002_v2,ecoli50_random_20260928_v1,val,20260928,ok,,0.2573885917663574,log10mm_59711a1c2217859e,2.0.0,ecoli50_strength_v1
course_ecoli50_strength,ecoli50_r000802,169.42,668.9590537927077,2.82539953592014,cnn_1d,log10_minmax,CNN/runs/cnn_ecoli50_integrated_20261002_v2/best_checkpoint.pt,,,,cnn_ecoli50_integrated_20261002_v2,ecoli50_random_20260928_v1,val,20260928,ok,,0.3792802095413208,log10mm_59711a1c2217859e,2.0.0,ecoli50_strength_v1
course_ecoli50_strength,ecoli50_r000803,252.63,111.53137856565056,2.0473970702606503,cnn_1d,log10_minmax,CNN/runs/cnn_ecoli50_integrated_20261002_v2/best_checkpoint.pt,,,,cnn_ecoli50_integrated_20261002_v2,ecoli50_random_20260928_v1,val,20260928,ok,,0.2229360342025756,log10mm_59711a1c2217859e,2.0.0,ecoli50_strength_v1
course_ecoli50_strength,ecoli50_r000808,79.78,235.93566813946225,2.372793601356915,cnn_1d,log10_minmax,CNN/runs/cnn_ecoli50_integrated_20261002_v2/best_checkpoint.pt,,,,cnn_ecoli50_integrated_20261002_v2,ecoli50_random_20260928_v1,val,20260928,ok,,0.2883263826370239,log10mm_59711a1c2217859e,2.0.0,ecoli50_strength_v1
course_ecoli50_strength,ecoli50_r000811,34.88,162.1532574061916,2.2099256773958245,cnn_1d,log10_minmax,CNN/runs/cnn_ecoli50_integrated_20261002_v2/best_checkpoint.pt,,,,cnn_ecoli50_integrated_20261002_v2,ecoli50_random_20260928_v1,val,20260928,ok,,0.2555971145629883,log10mm_59711a1c2217859e,2.0.0,ecoli50_strength_v1
course_ecoli50_strength,ecoli50_r000817,63.74,221.43837205683784,2.3452528799960866,cnn_1d,log10_minmax,CNN/runs/cnn_ecoli50_integrated_20261002_v2/best_checkpoint.pt,,,,cnn_ecoli50_integrated_20261002_v2,ecoli50_random_20260928_v1,val,20260928,ok,,0.2827919125556946,log10mm_59711a1c2217859e,2.0.0,ecoli50_strength_v1
course_ecoli50_strength,ecoli50_r000819,751.59,146.76495629312186,2.166622369576197,cnn_1d,log10_minmax,CNN/runs/cnn_ecoli50_integrated_20261002_v2/best_checkpoint.pt,,,,cnn_ecoli50_integrated_20261002_v2,ecoli50_random_20260928_v1,val,20260928,ok,,0.2468950599431991,log10mm_59711a1c2217859e,2.0.0,ecoli50_strength_v1
course_ecoli50_strength,ecoli50_r000821,74.3,176.85563927493882,2.247618912422984,cnn_1d,log10_minmax,CNN/runs/cnn_ecoli50_integrated_20261002_v2/best_checkpoint.pt,,,,cnn_ecoli50_integrated_20261002_v2,ecoli50_random_20260928_v1,val,20260928,ok,,0.2631717920303345,log10mm_59711a1c2217859e,2.0.0,ecoli50_strength_v1
course_ecoli50_strength,ecoli50_r000825,579.91,165.83458337240808,2.219675104028572,cnn_1d,log10_minmax,CNN/runs/cnn_ecoli50_integrated_20261002_v2/best_checkpoint.pt,,,,cnn_ecoli50_integrated_20261002_v2,ecoli50_random_20260928_v1,val,20260928,ok,,0.2575563192367553,log10mm_59711a1c2217859e,2.0.0,ecoli50_strength_v1
course_ecoli50_strength,ecoli50_r000835,67.1,253.24191393424084,2.403535587142667,cnn_1d,log10_minmax,CNN/runs/cnn_ecoli50_integrated_20261002_v2/best_checkpoint.pt,,,,cnn_ecoli50_integrated_20261002_v2,ecoli50_random_20260928_v1,val,20260928,ok,,0.294504165649414,log10mm_59711a1c2217859e,2.0.0,ecoli50_strength_v1
course_ecoli50_strength,ecoli50_r000842,84.19,140.36656187167438,2.147263662464764,cnn_1d,log10_minmax,CNN/runs/cnn_ecoli50_integrated_20261002_v2/best_checkpoint.pt,,,,cnn_ecoli50_integrated_20261002_v2,ecoli50_random_20260928_v1,val,20260928,ok,,0.2430048137903213,log10mm_59711a1c2217859e,2.0.0,ecoli50_strength_v1
course_ecoli50_strength,ecoli50_r000844,42.09,283.87849583425907,2.4531324953992764,cnn_1d,log10_minmax,CNN/runs/cnn_ecoli50_integrated_20261002_v2/best_checkpoint.pt,,,,cnn_ecoli50_integrated_20261002_v2,ecoli50_random_20260928_v1,val,20260928,ok,,0.304470956325531,log10mm_59711a1c2217859e,2.0.0,ecoli50_strength_v1
course_ecoli50_strength,ecoli50_r000845,475.06,208.70935632674625,2.319541918686898,cnn_1d,log10_minmax,CNN/runs/cnn_ecoli50_integrated_20261002_v2/best_checkpoint.pt,,,,cnn_ecoli50_integrated_20261002_v2,ecoli50_random_20260928_v1,val,20260928,ok,,0.2776251435279846,log10mm_59711a1c2217859e,2.0.0,ecoli50_strength_v1
course_ecoli50_strength,ecoli50_r000846,85.45,170.7044935625095,2.2322449534739373,cnn_1d,log10_minmax,CNN/runs/cnn_ecoli50_integrated_20261002_v2/best_checkpoint.pt,,,,cnn_ecoli50_integrated_20261002_v2,ecoli50_random_20260928_v1,val,20260928,ok,,0.2600823044776916,log10mm_59711a1c2217859e,2.0.0,ecoli50_strength_v1
course_ecoli50_strength,ecoli50_r000850,45.29,187.1300145090653,2.272143451263934,cnn_1d,log10_minmax,CNN/runs/cnn_ecoli50_integrated_20261002_v2/best_checkpoint.pt,,,,cnn_ecoli50_integrated_20261002_v2,ecoli50_random_20260928_v1,val,20260928,ok,,0.2681001424789428,log10mm_59711a1c2217859e,2.0.0,ecoli50_strength_v1
course_ecoli50_strength,ecoli50_r000853,402.42,203.00671724972997,2.3075104084364955,cnn_1d,log10_minmax,CNN/runs/cnn_ecoli50_integrated_20261002_v2/best_checkpoint.pt,,,,cnn_ecoli50_integrated_20261002_v2,ecoli50_random_20260928_v1,val,20260928,ok,,0.2752073407173157,log10mm_59711a1c2217859e,2.0.0,ecoli50_strength_v1
course_ecoli50_strength,ecoli50_r000854,144.89,334.00191274963254,2.523748953920044,cnn_1d,log10_minmax,CNN/runs/cnn_ecoli50_integrated_20261002_v2/best_checkpoint.pt,,,,cnn_ecoli50_integrated_20261002_v2,ecoli50_random_20260928_v1,val,20260928,ok,,0.3186617493629455,log10mm_59711a1c2217859e,2.0.0,ecoli50_strength_v1
course_ecoli50_strength,ecoli50_r000856,382.45,252.16411619562805,2.4016832850641303,cnn_1d,log10_minmax,CNN/runs/cnn_ecoli50_integrated_20261002_v2/best_checkpoint.pt,,,,cnn_ecoli50_integrated_20261002_v2,ecoli50_random_20260928_v1,val,20260928,ok,,0.2941319346427917,log10mm_59711a1c2217859e,2.0.0,ecoli50_strength_v1
course_ecoli50_strength,ecoli50_r000862,79.92,164.42375713878224,2.2159645677591566,cnn_1d,log10_minmax,CNN/runs/cnn_ecoli50_integrated_20261002_v2/best_checkpoint.pt,,,,cnn_ecoli50_integrated_20261002_v2,ecoli50_random_20260928_v1,val,20260928,ok,,0.2568106651306152,log10mm_59711a1c2217859e,2.0.0,ecoli50_strength_v1
course_ecoli50_strength,ecoli50_r000877,24.05,210.55365864004995,2.323362792245859,cnn_1d,log10_minmax,CNN/runs/cnn_ecoli50_integrated_20261002_v2/best_checkpoint.pt,,,,cnn_ecoli50_integrated_20261002_v2,ecoli50_random_20260928_v1,val,20260928,ok,,0.2783929705619812,log10mm_59711a1c2217859e,2.0.0,ecoli50_strength_v1
course_ecoli50_strength,ecoli50_r000888,147.37,189.7721456602888,2.278232467976549,cnn_1d,log10_minmax,CNN/runs/cnn_ecoli50_integrated_20261002_v2/best_checkpoint.pt,,,,cnn_ecoli50_integrated_20261002_v2,ecoli50_random_20260928_v1,val,20260928,ok,,0.2693237662315368,log10mm_59711a1c2217859e,2.0.0,ecoli50_strength_v1
course_ecoli50_strength,ecoli50_r000896,2111.48,236.77344032638936,2.374332984509454,cnn_1d,log10_minmax,CNN/runs/cnn_ecoli50_integrated_20261002_v2/best_checkpoint.pt,,,,cnn_ecoli50_integrated_20261002_v2,ecoli50_random_20260928_v1,val,20260928,ok,,0.2886357307434082,log10mm_59711a1c2217859e,2.0.0,ecoli50_strength_v1
course_ecoli50_strength,ecoli50_r000897,171.57,188.92266606206877,2.276284065678085,cnn_1d,log10_minmax,CNN/runs/cnn_ecoli50_integrated_20261002_v2/best_checkpoint.pt,,,,cnn_ecoli50_integrated_20261002_v2,ecoli50_random_20260928_v1,val,20260928,ok,,0.2689322233200073,log10mm_59711a1c2217859e,2.0.0,ecoli50_strength_v1
course_ecoli50_strength,ecoli50_r000898,128.68,279.050211174346,2.445682355509976,cnn_1d,log10_minmax,CNN/runs/cnn_ecoli50_integrated_20261002_v2/best_checkpoint.pt,,,,cnn_ecoli50_integrated_20261002_v2,ecoli50_random_20260928_v1,val,20260928,ok,,0.3029738068580627,log10mm_59711a1c2217859e,2.0.0,ecoli50_strength_v1
course_ecoli50_strength,ecoli50_r000903,241.49,486.844011332303,2.687389832119192,cnn_1d,log10_minmax,CNN/runs/cnn_ecoli50_integrated_20261002_v2/best_checkpoint.pt,,,,cnn_ecoli50_integrated_20261002_v2,ecoli50_random_20260928_v1,val,20260928,ok,,0.3515463471412658,log10mm_59711a1c2217859e,2.0.0,ecoli50_strength_v1
course_ecoli50_strength,ecoli50_r000916,186.49,281.6993820016751,2.4497858942219937,cnn_1d,log10_minmax,CNN/runs/cnn_ecoli50_integrated_20261002_v2/best_checkpoint.pt,,,,cnn_ecoli50_integrated_20261002_v2,ecoli50_random_20260928_v1,val,20260928,ok,,0.3037984371185303,log10mm_59711a1c2217859e,2.0.0,ecoli50_strength_v1
course_ecoli50_strength,ecoli50_r000921,61.23,270.85213149981416,2.432732257663539,cnn_1d,log10_minmax,CNN/runs/cnn_ecoli50_integrated_20261002_v2/best_checkpoint.pt,,,,cnn_ecoli50_integrated_20261002_v2,ecoli50_random_20260928_v1,val,20260928,ok,,0.3003714084625244,log10mm_59711a1c2217859e,2.0.0,ecoli50_strength_v1
course_ecoli50_strength,ecoli50_r000940,200.78,185.91550615312605,2.2693156133108885,cnn_1d,log10_minmax,CNN/runs/cnn_ecoli50_integrated_20261002_v2/best_checkpoint.pt,,,,cnn_ecoli50_integrated_20261002_v2,ecoli50_random_20260928_v1,val,20260928,ok,,0.2675318717956543,log10mm_59711a1c2217859e,2.0.0,ecoli50_strength_v1
course_ecoli50_strength,ecoli50_r000945,138.53,196.63266415169625,2.293655663458028,cnn_1d,log10_minmax,CNN/runs/cnn_ecoli50_integrated_20261002_v2/best_checkpoint.pt,,,,cnn_ecoli50_integrated_20261002_v2,ecoli50_random_20260928_v1,val,20260928,ok,,0.2724231481552124,log10mm_59711a1c2217859e,2.0.0,ecoli50_strength_v1
course_ecoli50_strength,ecoli50_r000946,101.39,91.92191169040773,1.9634190477511813,cnn_1d,log10_minmax,CNN/runs/cnn_ecoli50_integrated_20261002_v2/best_checkpoint.pt,,,,cnn_ecoli50_integrated_20261002_v2,ecoli50_random_20260928_v1,val,20260928,ok,,0.2060601562261581,log10mm_59711a1c2217859e,2.0.0,ecoli50_strength_v1
course_ecoli50_strength,ecoli50_r000959,63.37,138.99629348306237,2.1430032193813213,cnn_1d,log10_minmax,CNN/runs/cnn_ecoli50_integrated_20261002_v2/best_checkpoint.pt,,,,cnn_ecoli50_integrated_20261002_v2,ecoli50_random_20260928_v1,val,20260928,ok,,0.2421486526727676,log10mm_59711a1c2217859e,2.0.0,ecoli50_strength_v1
course_ecoli50_strength,ecoli50_r000961,104.0,126.07055923392468,2.10061367931645,cnn_1d,log10_minmax,CNN/runs/cnn_ecoli50_integrated_20261002_v2/best_checkpoint.pt,,,,cnn_ecoli50_integrated_20261002_v2,ecoli50_random_20260928_v1,val,20260928,ok,,0.2336302250623703,log10mm_59711a1c2217859e,2.0.0,ecoli50_strength_v1
course_ecoli50_strength,ecoli50_r000963,696.76,205.425541126032,2.312654439653159,cnn_1d,log10_minmax,CNN/runs/cnn_ecoli50_integrated_20261002_v2/best_checkpoint.pt,,,,cnn_ecoli50_integrated_20261002_v2,ecoli50_random_20260928_v1,val,20260928,ok,,0.2762410640716553,log10mm_59711a1c2217859e,2.0.0,ecoli50_strength_v1
course_ecoli50_strength,ecoli50_r000972,237.77,115.6918508268981,2.063302768929681,cnn_1d,log10_minmax,CNN/runs/cnn_ecoli50_integrated_20261002_v2/best_checkpoint.pt,,,,cnn_ecoli50_integrated_20261002_v2,ecoli50_random_20260928_v1,val,20260928,ok,,0.2261323779821396,log10mm_59711a1c2217859e,2.0.0,ecoli50_strength_v1
course_ecoli50_strength,ecoli50_r000974,78.84,103.81671259713433,2.016267272630593,cnn_1d,log10_minmax,CNN/runs/cnn_ecoli50_integrated_20261002_v2/best_checkpoint.pt,,,,cnn_ecoli50_integrated_20261002_v2,ecoli50_random_20260928_v1,val,20260928,ok,,0.2166803181171417,log10mm_59711a1c2217859e,2.0.0,ecoli50_strength_v1
course_ecoli50_strength,ecoli50_r000987,46.1,111.17588295944134,2.0460105873037056,cnn_1d,log10_minmax,CNN/runs/cnn_ecoli50_integrated_20261002_v2/best_checkpoint.pt,,,,cnn_ecoli50_integrated_20261002_v2,ecoli50_random_20260928_v1,val,20260928,ok,,0.2226574122905731,log10mm_59711a1c2217859e,2.0.0,ecoli50_strength_v1
course_ecoli50_strength,ecoli50_r000989,204.85,95.25982846995734,1.978909795161945,cnn_1d,log10_minmax,CNN/runs/cnn_ecoli50_integrated_20261002_v2/best_checkpoint.pt,,,,cnn_ecoli50_integrated_20261002_v2,ecoli50_random_20260928_v1,val,20260928,ok,,0.2091731131076812,log10mm_59711a1c2217859e,2.0.0,ecoli50_strength_v1
course_ecoli50_strength,ecoli50_r000993,75.79,88.31683968594504,1.946043519946813,cnn_1d,log10_minmax,CNN/runs/cnn_ecoli50_integrated_20261002_v2/best_checkpoint.pt,,,,cnn_ecoli50_integrated_20261002_v2,ecoli50_random_20260928_v1,val,20260928,ok,,0.2025684416294098,log10mm_59711a1c2217859e,2.0.0,ecoli50_strength_v1
course_ecoli50_strength,ecoli50_r000996,1906.24,100.97676455844169,2.004221451159167,cnn_1d,log10_minmax,CNN/runs/cnn_ecoli50_integrated_20261002_v2/best_checkpoint.pt,,,,cnn_ecoli50_integrated_20261002_v2,ecoli50_random_20260928_v1,val,20260928,ok,,0.2142596393823623,log10mm_59711a1c2217859e,2.0.0,ecoli50_strength_v1
course_ecoli50_strength,ecoli50_r001000,46266.98,295.8481311891057,2.4710688302741004,cnn_1d,log10_minmax,CNN/runs/cnn_ecoli50_integrated_20261002_v2/best_checkpoint.pt,,,,cnn_ecoli50_integrated_20261002_v2,ecoli50_random_20260928_v1,val,20260928,ok,,0.3080753684043884,log10mm_59711a1c2217859e,2.0.0,ecoli50_strength_v1
course_ecoli50_strength,ecoli50_r001005,23.48,155.8019058085953,2.1925727657697567,cnn_1d,log10_minmax,CNN/runs/cnn_ecoli50_integrated_20261002_v2/best_checkpoint.pt,,,,cnn_ecoli50_integrated_20261002_v2,ecoli50_random_20260928_v1,val,20260928,ok,,0.252109944820404,log10mm_59711a1c2217859e,2.0.0,ecoli50_strength_v1
course_ecoli50_strength,ecoli50_r001045,205.37,105.07969979866236,2.0215188233834405,cnn_1d,log10_minmax,CNN/runs/cnn_ecoli50_integrated_20261002_v2/best_checkpoint.pt,,,,cnn_ecoli50_integrated_20261002_v2,ecoli50_random_20260928_v1,val,20260928,ok,,0.2177356481552124,log10mm_59711a1c2217859e,2.0.0,ecoli50_strength_v1
course_ecoli50_strength,ecoli50_r001051,88.42,123.86953778953968,2.092964517058101,cnn_1d,log10_minmax,CNN/runs/cnn_ecoli50_integrated_20261002_v2/best_checkpoint.pt,,,,cnn_ecoli50_integrated_20261002_v2,ecoli50_random_20260928_v1,val,20260928,ok,,0.2320930808782577,log10mm_59711a1c2217859e,2.0.0,ecoli50_strength_v1
course_ecoli50_strength,ecoli50_r001060,96.6,265.4642972968897,2.424006120409648,cnn_1d,log10_minmax,CNN/runs/cnn_ecoli50_integrated_20261002_v2/best_checkpoint.pt,,,,cnn_ecoli50_integrated_20261002_v2,ecoli50_random_20260928_v1,val,20260928,ok,,0.2986178398132324,log10mm_59711a1c2217859e,2.0.0,ecoli50_strength_v1
course_ecoli50_strength,ecoli50_r001064,590.72,121.3398540291104,2.0840034681554997,cnn_1d,log10_minmax,CNN/runs/cnn_ecoli50_integrated_20261002_v2/best_checkpoint.pt,,,,cnn_ecoli50_integrated_20261002_v2,ecoli50_random_20260928_v1,val,20260928,ok,,0.2302923053503036,log10mm_59711a1c2217859e,2.0.0,ecoli50_strength_v1
course_ecoli50_strength,ecoli50_r001065,144.32,78.96120520436267,1.8974137684560304,cnn_1d,log10_minmax,CNN/runs/cnn_ecoli50_integrated_20261002_v2/best_checkpoint.pt,,,,cnn_ecoli50_integrated_20261002_v2,ecoli50_random_20260928_v1,val,20260928,ok,,0.1927960067987442,log10mm_59711a1c2217859e,2.0.0,ecoli50_strength_v1
course_ecoli50_strength,ecoli50_r001075,938.09,239.7243909826084,2.379712223980446,cnn_1d,log10_minmax,CNN/runs/cnn_ecoli50_integrated_20261002_v2/best_checkpoint.pt,,,,cnn_ecoli50_integrated_20261002_v2,ecoli50_random_20260928_v1,val,20260928,ok,,0.2897167205810547,log10mm_59711a1c2217859e,2.0.0,ecoli50_strength_v1
course_ecoli50_strength,ecoli50_r001077,132.97,170.04218397968262,2.2305566743016345,cnn_1d,log10_minmax,CNN/runs/cnn_ecoli50_integrated_20261002_v2/best_checkpoint.pt,,,,cnn_ecoli50_integrated_20261002_v2,ecoli50_random_20260928_v1,val,20260928,ok,,0.2597430348396301,log10mm_59711a1c2217859e,2.0.0,ecoli50_strength_v1
course_ecoli50_strength,ecoli50_r001079,152.27,271.9433072470664,2.4344783749311687,cnn_1d,log10_minmax,CNN/runs/cnn_ecoli50_integrated_20261002_v2/best_checkpoint.pt,,,,cnn_ecoli50_integrated_20261002_v2,ecoli50_random_20260928_v1,val,20260928,ok,,0.3007223010063171,log10mm_59711a1c2217859e,2.0.0,ecoli50_strength_v1
course_ecoli50_strength,ecoli50_r001080,33.44,117.5465329108852,2.070209823934145,cnn_1d,log10_minmax,CNN/runs/cnn_ecoli50_integrated_20261002_v2/best_checkpoint.pt,,,,cnn_ecoli50_integrated_20261002_v2,ecoli50_random_20260928_v1,val,20260928,ok,,0.2275203913450241,log10mm_59711a1c2217859e,2.0.0,ecoli50_strength_v1
course_ecoli50_strength,ecoli50_r001085,40.87,89.8803135551127,1.9536645788229443,cnn_1d,log10_minmax,CNN/runs/cnn_ecoli50_integrated_20261002_v2/best_checkpoint.pt,,,,cnn_ecoli50_integrated_20261002_v2,ecoli50_random_20260928_v1,val,20260928,ok,,0.2040999382734298,log10mm_59711a1c2217859e,2.0.0,ecoli50_strength_v1
course_ecoli50_strength,ecoli50_r001088,29.31,130.2532180276511,2.1147884617557247,cnn_1d,log10_minmax,CNN/runs/cnn_ecoli50_integrated_20261002_v2/best_checkpoint.pt,,,,cnn_ecoli50_integrated_20261002_v2,ecoli50_random_20260928_v1,val,20260928,ok,,0.2364787310361862,log10mm_59711a1c2217859e,2.0.0,ecoli50_strength_v1
course_ecoli50_strength,ecoli50_r001091,81.73,172.76073503718368,2.237445043152225,cnn_1d,log10_minmax,CNN/runs/cnn_ecoli50_integrated_20261002_v2/best_checkpoint.pt,,,,cnn_ecoli50_integrated_20261002_v2,ecoli50_random_20260928_v1,val,20260928,ok,,0.2611272931098938,log10mm_59711a1c2217859e,2.0.0,ecoli50_strength_v1
course_ecoli50_strength,ecoli50_r001092,130.03,157.41856882246185,2.197055959671612,cnn_1d,log10_minmax,CNN/runs/cnn_ecoli50_integrated_20261002_v2/best_checkpoint.pt,,,,cnn_ecoli50_integrated_20261002_v2,ecoli50_random_20260928_v1,val,20260928,ok,,0.2530108690261841,log10mm_59711a1c2217859e,2.0.0,ecoli50_strength_v1
course_ecoli50_strength,ecoli50_r001101,100.21,383.99188786018016,2.5843220496415578,cnn_1d,log10_minmax,CNN/runs/cnn_ecoli50_integrated_20261002_v2/best_checkpoint.pt,,,,cnn_ecoli50_integrated_20261002_v2,ecoli50_random_20260928_v1,val,20260928,ok,,0.3308342695236206,log10mm_59711a1c2217859e,2.0.0,ecoli50_strength_v1
course_ecoli50_strength,ecoli50_r001109,438.69,165.0024174292706,2.217490307053311,cnn_1d,log10_minmax,CNN/runs/cnn_ecoli50_integrated_20261002_v2/best_checkpoint.pt,,,,cnn_ecoli50_integrated_20261002_v2,ecoli50_random_20260928_v1,val,20260928,ok,,0.2571172714233398,log10mm_59711a1c2217859e,2.0.0,ecoli50_strength_v1
course_ecoli50_strength,ecoli50_r001113,99.92,190.10539759385267,2.278994447806775,cnn_1d,log10_minmax,CNN/runs/cnn_ecoli50_integrated_20261002_v2/best_checkpoint.pt,,,,cnn_ecoli50_integrated_20261002_v2,ecoli50_random_20260928_v1,val,20260928,ok,,0.2694768905639648,log10mm_59711a1c2217859e,2.0.0,ecoli50_strength_v1
course_ecoli50_strength,ecoli50_r001134,44.21,95.9990479058414,1.9822669258386332,cnn_1d,log10_minmax,CNN/runs/cnn_ecoli50_integrated_20261002_v2/best_checkpoint.pt,,,,cnn_ecoli50_integrated_20261002_v2,ecoli50_random_20260928_v1,val,20260928,ok,,0.2098477482795715,log10mm_59711a1c2217859e,2.0.0,ecoli50_strength_v1
course_ecoli50_strength,ecoli50_r001135,116.47,126.10599481893313,2.1007357325278697,cnn_1d,log10_minmax,CNN/runs/cnn_ecoli50_integrated_20261002_v2/best_checkpoint.pt,,,,cnn_ecoli50_integrated_20261002_v2,ecoli50_random_20260928_v1,val,20260928,ok,,0.2336547523736953,log10mm_59711a1c2217859e,2.0.0,ecoli50_strength_v1
course_ecoli50_strength,ecoli50_r001158,452.09,113.48144225204808,2.054924846670217,cnn_1d,log10_minmax,CNN/runs/cnn_ecoli50_integrated_20261002_v2/best_checkpoint.pt,,,,cnn_ecoli50_integrated_20261002_v2,ecoli50_random_20260928_v1,val,20260928,ok,,0.2244487851858139,log10mm_59711a1c2217859e,2.0.0,ecoli50_strength_v1
course_ecoli50_strength,ecoli50_r001160,44.58,239.7756414748742,2.379805061538585,cnn_1d,log10_minmax,CNN/runs/cnn_ecoli50_integrated_20261002_v2/best_checkpoint.pt,,,,cnn_ecoli50_integrated_20261002_v2,ecoli50_random_20260928_v1,val,20260928,ok,,0.2897353768348694,log10mm_59711a1c2217859e,2.0.0,ecoli50_strength_v1
course_ecoli50_strength,ecoli50_r001170,684.58,168.13159553699666,2.2256493343673847,cnn_1d,log10_minmax,CNN/runs/cnn_ecoli50_integrated_20261002_v2/best_checkpoint.pt,,,,cnn_ecoli50_integrated_20261002_v2,ecoli50_random_20260928_v1,val,20260928,ok,,0.2587568759918213,log10mm_59711a1c2217859e,2.0.0,ecoli50_strength_v1
course_ecoli50_strength,ecoli50_r001173,319.7,178.29640524345385,2.2511425871536512,cnn_1d,log10_minmax,CNN/runs/cnn_ecoli50_integrated_20261002_v2/best_checkpoint.pt,,,,cnn_ecoli50_integrated_20261002_v2,ecoli50_random_20260928_v1,val,20260928,ok,,0.2638798952102661,log10mm_59711a1c2217859e,2.0.0,ecoli50_strength_v1
course_ecoli50_strength,ecoli50_r001180,53.19,187.85554494569047,2.273824018690193,cnn_1d,log10_minmax,CNN/runs/cnn_ecoli50_integrated_20261002_v2/best_checkpoint.pt,,,,cnn_ecoli50_integrated_20261002_v2,ecoli50_random_20260928_v1,val,20260928,ok,,0.2684378623962402,log10mm_59711a1c2217859e,2.0.0,ecoli50_strength_v1
course_ecoli50_strength,ecoli50_r001194,140.9,186.3419882931998,2.2703107251561234,cnn_1d,log10_minmax,CNN/runs/cnn_ecoli50_integrated_20261002_v2/best_checkpoint.pt,,,,cnn_ecoli50_integrated_20261002_v2,ecoli50_random_20260928_v1,val,20260928,ok,,0.2677318453788757,log10mm_59711a1c2217859e,2.0.0,ecoli50_strength_v1
course_ecoli50_strength,ecoli50_r001198,14909.54,140.95284513819848,2.1490738465456785,cnn_1d,log10_minmax,CNN/runs/cnn_ecoli50_integrated_20261002_v2/best_checkpoint.pt,,,,cnn_ecoli50_integrated_20261002_v2,ecoli50_random_20260928_v1,val,20260928,ok,,0.2433685809373855,log10mm_59711a1c2217859e,2.0.0,ecoli50_strength_v1
course_ecoli50_strength,ecoli50_r001211,94.36,319.1470741867376,2.50399086734524,cnn_1d,log10_minmax,CNN/runs/cnn_ecoli50_integrated_20261002_v2/best_checkpoint.pt,,,,cnn_ecoli50_integrated_20261002_v2,ecoli50_random_20260928_v1,val,20260928,ok,,0.3146912455558777,log10mm_59711a1c2217859e,2.0.0,ecoli50_strength_v1
course_ecoli50_strength,ecoli50_r001213,90.58,147.13473553418785,2.167715212972253,cnn_1d,log10_minmax,CNN/runs/cnn_ecoli50_integrated_20261002_v2/best_checkpoint.pt,,,,cnn_ecoli50_integrated_20261002_v2,ecoli50_random_20260928_v1,val,20260928,ok,,0.247114673256874,log10mm_59711a1c2217859e,2.0.0,ecoli50_strength_v1
course_ecoli50_strength,ecoli50_r001221,168.37,164.35100621086275,2.215772367319302,cnn_1d,log10_minmax,CNN/runs/cnn_ecoli50_integrated_20261002_v2/best_checkpoint.pt,,,,cnn_ecoli50_integrated_20261002_v2,ecoli50_random_20260928_v1,val,20260928,ok,,0.2567720413208008,log10mm_59711a1c2217859e,2.0.0,ecoli50_strength_v1
course_ecoli50_strength,ecoli50_r001226,148.45,145.66028988824118,2.163341169937476,cnn_1d,log10_minmax,CNN/runs/cnn_ecoli50_integrated_20261002_v2/best_checkpoint.pt,,,,cnn_ecoli50_integrated_20261002_v2,ecoli50_random_20260928_v1,val,20260928,ok,,0.2462356835603714,log10mm_59711a1c2217859e,2.0.0,ecoli50_strength_v1
course_ecoli50_strength,ecoli50_r001244,87.31,252.94633520037647,2.4030283915374957,cnn_1d,log10_minmax,CNN/runs/cnn_ecoli50_integrated_20261002_v2/best_checkpoint.pt,,,,cnn_ecoli50_integrated_20261002_v2,ecoli50_random_20260928_v1,val,20260928,ok,,0.2944022417068481,log10mm_59711a1c2217859e,2.0.0,ecoli50_strength_v1
course_ecoli50_strength,ecoli50_r001252,549.85,180.2076378693732,2.255773194047185,cnn_1d,log10_minmax,CNN/runs/cnn_ecoli50_integrated_20261002_v2/best_checkpoint.pt,,,,cnn_ecoli50_integrated_20261002_v2,ecoli50_random_20260928_v1,val,20260928,ok,,0.2648104429244995,log10mm_59711a1c2217859e,2.0.0,ecoli50_strength_v1
course_ecoli50_strength,ecoli50_r001281,64.34,129.60092876941567,2.11260811386472,cnn_1d,log10_minmax,CNN/runs/cnn_ecoli50_integrated_20261002_v2/best_checkpoint.pt,,,,cnn_ecoli50_integrated_20261002_v2,ecoli50_random_20260928_v1,val,20260928,ok,,0.2360405772924423,log10mm_59711a1c2217859e,2.0.0,ecoli50_strength_v1
course_ecoli50_strength,ecoli50_r001284,111.52,173.42948766419812,2.2391229411279308,cnn_1d,log10_minmax,CNN/runs/cnn_ecoli50_integrated_20261002_v2/best_checkpoint.pt,,,,cnn_ecoli50_integrated_20261002_v2,ecoli50_random_20260928_v1,val,20260928,ok,,0.2614644765853882,log10mm_59711a1c2217859e,2.0.0,ecoli50_strength_v1
course_ecoli50_strength,ecoli50_r001290,482.05,102.099872930571,2.0090252015816588,cnn_1d,log10_minmax,CNN/runs/cnn_ecoli50_integrated_20261002_v2/best_checkpoint.pt,,,,cnn_ecoli50_integrated_20261002_v2,ecoli50_random_20260928_v1,val,20260928,ok,,0.2152249813079834,log10mm_59711a1c2217859e,2.0.0,ecoli50_strength_v1
course_ecoli50_strength,ecoli50_r001291,399.07,199.68971067396163,2.300355687741785,cnn_1d,log10_minmax,CNN/runs/cnn_ecoli50_integrated_20261002_v2/best_checkpoint.pt,,,,cnn_ecoli50_integrated_20261002_v2,ecoli50_random_20260928_v1,val,20260928,ok,,0.2737695574760437,log10mm_59711a1c2217859e,2.0.0,ecoli50_strength_v1
course_ecoli50_strength,ecoli50_r001294,109.03,204.576816643209,2.310856416402544,cnn_1d,log10_minmax,CNN/runs/cnn_ecoli50_integrated_20261002_v2/best_checkpoint.pt,,,,cnn_ecoli50_integrated_20261002_v2,ecoli50_random_20260928_v1,val,20260928,ok,,0.2758797407150268,log10mm_59711a1c2217859e,2.0.0,ecoli50_strength_v1
course_ecoli50_strength,ecoli50_r001302,77.21,220.8336604009981,2.34406527110538,cnn_1d,log10_minmax,CNN/runs/cnn_ecoli50_integrated_20261002_v2/best_checkpoint.pt,,,,cnn_ecoli50_integrated_20261002_v2,ecoli50_random_20260928_v1,val,20260928,ok,,0.2825532555580139,log10mm_59711a1c2217859e,2.0.0,ecoli50_strength_v1
course_ecoli50_strength,ecoli50_r001306,40.28,217.0779564025677,2.336615724427313,cnn_1d,log10_minmax,CNN/runs/cnn_ecoli50_integrated_20261002_v2/best_checkpoint.pt,,,,cnn_ecoli50_integrated_20261002_v2,ecoli50_random_20260928_v1,val,20260928,ok,,0.2810562252998352,log10mm_59711a1c2217859e,2.0.0,ecoli50_strength_v1
course_ecoli50_strength,ecoli50_r001308,66.48,110.57971987504128,2.0436754854320003,cnn_1d,log10_minmax,CNN/runs/cnn_ecoli50_integrated_20261002_v2/best_checkpoint.pt,,,,cnn_ecoli50_integrated_20261002_v2,ecoli50_random_20260928_v1,val,20260928,ok,,0.2221881598234176,log10mm_59711a1c2217859e,2.0.0,ecoli50_strength_v1
course_ecoli50_strength,ecoli50_r001309,71.8,144.1622656389489,2.1588515990148545,cnn_1d,log10_minmax,CNN/runs/cnn_ecoli50_integrated_20261002_v2/best_checkpoint.pt,,,,cnn_ecoli50_integrated_20261002_v2,ecoli50_random_20260928_v1,val,20260928,ok,,0.2453334778547287,log10mm_59711a1c2217859e,2.0.0,ecoli50_strength_v1
course_ecoli50_strength,ecoli50_r001323,936.56,150.3991729470379,2.1772454480539927,cnn_1d,log10_minmax,CNN/runs/cnn_ecoli50_integrated_20261002_v2/best_checkpoint.pt,,,,cnn_ecoli50_integrated_20261002_v2,ecoli50_random_20260928_v1,val,20260928,ok,,0.2490298300981521,log10mm_59711a1c2217859e,2.0.0,ecoli50_strength_v1
course_ecoli50_strength,ecoli50_r001324,50.53,235.95710000751336,2.372833049903984,cnn_1d,log10_minmax,CNN/runs/cnn_ecoli50_integrated_20261002_v2/best_checkpoint.pt,,,,cnn_ecoli50_integrated_20261002_v2,ecoli50_random_20260928_v1,val,20260928,ok,,0.288334310054779,log10mm_59711a1c2217859e,2.0.0,ecoli50_strength_v1
course_ecoli50_strength,ecoli50_r001329,147.37,357.758165763457,2.553589555235552,cnn_1d,log10_minmax,CNN/runs/cnn_ecoli50_integrated_20261002_v2/best_checkpoint.pt,,,,cnn_ecoli50_integrated_20261002_v2,ecoli50_random_20260928_v1,val,20260928,ok,,0.3246583938598633,log10mm_59711a1c2217859e,2.0.0,ecoli50_strength_v1
course_ecoli50_strength,ecoli50_r001336,91.37,97.3148773797999,1.988179239754885,cnn_1d,log10_minmax,CNN/runs/cnn_ecoli50_integrated_20261002_v2/best_checkpoint.pt,,,,cnn_ecoli50_integrated_20261002_v2,ecoli50_random_20260928_v1,val,20260928,ok,,0.2110358625650406,log10mm_59711a1c2217859e,2.0.0,ecoli50_strength_v1
course_ecoli50_strength,ecoli50_r001349,855.49,204.6799543071261,2.311075311347934,cnn_1d,log10_minmax,CNN/runs/cnn_ecoli50_integrated_20261002_v2/best_checkpoint.pt,,,,cnn_ecoli50_integrated_20261002_v2,ecoli50_random_20260928_v1,val,20260928,ok,,0.2759237289428711,log10mm_59711a1c2217859e,2.0.0,ecoli50_strength_v1
course_ecoli50_strength,ecoli50_r001357,691.54,261.6483987879504,2.417718081327985,cnn_1d,log10_minmax,CNN/runs/cnn_ecoli50_integrated_20261002_v2/best_checkpoint.pt,,,,cnn_ecoli50_integrated_20261002_v2,ecoli50_random_20260928_v1,val,20260928,ok,,0.2973542213439941,log10mm_59711a1c2217859e,2.0.0,ecoli50_strength_v1
course_ecoli50_strength,ecoli50_r001359,811.15,213.30423856441683,2.3289994853924583,cnn_1d,log10_minmax,CNN/runs/cnn_ecoli50_integrated_20261002_v2/best_checkpoint.pt,,,,cnn_ecoli50_integrated_20261002_v2,ecoli50_random_20260928_v1,val,20260928,ok,,0.2795256972312927,log10mm_59711a1c2217859e,2.0.0,ecoli50_strength_v1
course_ecoli50_strength,ecoli50_r001363,177.81,119.47940816299982,2.077293062675144,cnn_1d,log10_minmax,CNN/runs/cnn_ecoli50_integrated_20261002_v2/best_checkpoint.pt,,,,cnn_ecoli50_integrated_20261002_v2,ecoli50_random_20260928_v1,val,20260928,ok,,0.2289438098669052,log10mm_59711a1c2217859e,2.0.0,ecoli50_strength_v1
course_ecoli50_strength,ecoli50_r001372,64.84,208.94567892240684,2.3200333941943656,cnn_1d,log10_minmax,CNN/runs/cnn_ecoli50_integrated_20261002_v2/best_checkpoint.pt,,,,cnn_ecoli50_integrated_20261002_v2,ecoli50_random_20260928_v1,val,20260928,ok,,0.2777239084243774,log10mm_59711a1c2217859e,2.0.0,ecoli50_strength_v1
course_ecoli50_strength,ecoli50_r001374,1188.2,200.8321485456125,2.302833234461084,cnn_1d,log10_minmax,CNN/runs/cnn_ecoli50_integrated_20261002_v2/best_checkpoint.pt,,,,cnn_ecoli50_integrated_20261002_v2,ecoli50_random_20260928_v1,val,20260928,ok,,0.2742674350738525,log10mm_59711a1c2217859e,2.0.0,ecoli50_strength_v1
course_ecoli50_strength,ecoli50_r001380,92.88,238.1556856552565,2.3768609541836523,cnn_1d,log10_minmax,CNN/runs/cnn_ecoli50_integrated_20261002_v2/best_checkpoint.pt,,,,cnn_ecoli50_integrated_20261002_v2,ecoli50_random_20260928_v1,val,20260928,ok,,0.2891437411308288,log10mm_59711a1c2217859e,2.0.0,ecoli50_strength_v1
course_ecoli50_strength,ecoli50_r001382,60.13,66.07045016536453,1.820007265846728,cnn_1d,log10_minmax,CNN/runs/cnn_ecoli50_integrated_20261002_v2/best_checkpoint.pt,,,,cnn_ecoli50_integrated_20261002_v2,ecoli50_random_20260928_v1,val,20260928,ok,,0.177240714430809,log10mm_59711a1c2217859e,2.0.0,ecoli50_strength_v1
course_ecoli50_strength,ecoli50_r001383,3003.43,306.52250436565936,2.486462365193873,cnn_1d,log10_minmax,CNN/runs/cnn_ecoli50_integrated_20261002_v2/best_checkpoint.pt,,,,cnn_ecoli50_integrated_20261002_v2,ecoli50_random_20260928_v1,val,20260928,ok,,0.3111687898635864,log10mm_59711a1c2217859e,2.0.0,ecoli50_strength_v1
course_ecoli50_strength,ecoli50_r001392,123.22,201.5549089379506,2.304393380006817,cnn_1d,log10_minmax,CNN/runs/cnn_ecoli50_integrated_20261002_v2/best_checkpoint.pt,,,,cnn_ecoli50_integrated_20261002_v2,ecoli50_random_20260928_v1,val,20260928,ok,,0.2745809555053711,log10mm_59711a1c2217859e,2.0.0,ecoli50_strength_v1
course_ecoli50_strength,ecoli50_r001400,1541.81,251.2710293519177,2.4001424188835063,cnn_1d,log10_minmax,CNN/runs/cnn_ecoli50_integrated_20261002_v2/best_checkpoint.pt,,,,cnn_ecoli50_integrated_20261002_v2,ecoli50_random_20260928_v1,val,20260928,ok,,0.2938222885131836,log10mm_59711a1c2217859e,2.0.0,ecoli50_strength_v1
course_ecoli50_strength,ecoli50_r001414,95.74,169.95893775223857,2.2303440080742027,cnn_1d,log10_minmax,CNN/runs/cnn_ecoli50_integrated_20261002_v2/best_checkpoint.pt,,,,cnn_ecoli50_integrated_20261002_v2,ecoli50_random_20260928_v1,val,20260928,ok,,0.2597002983093261,log10mm_59711a1c2217859e,2.0.0,ecoli50_strength_v1
course_ecoli50_strength,ecoli50_r001416,52.01,415.2163960907208,2.6182744946263625,cnn_1d,log10_minmax,CNN/runs/cnn_ecoli50_integrated_20261002_v2/best_checkpoint.pt,,,,cnn_ecoli50_integrated_20261002_v2,ecoli50_random_20260928_v1,val,20260928,ok,,0.3376572132110595,log10mm_59711a1c2217859e,2.0.0,ecoli50_strength_v1
course_ecoli50_strength,ecoli50_r001421,117.42,133.9811226949566,2.1270436126413905,cnn_1d,log10_minmax,CNN/runs/cnn_ecoli50_integrated_20261002_v2/best_checkpoint.pt,,,,cnn_ecoli50_integrated_20261002_v2,ecoli50_random_20260928_v1,val,20260928,ok,,0.2389414757490158,log10mm_59711a1c2217859e,2.0.0,ecoli50_strength_v1
course_ecoli50_strength,ecoli50_r001424,126.32,237.0292367112376,2.374801917990025,cnn_1d,log10_minmax,CNN/runs/cnn_ecoli50_integrated_20261002_v2/best_checkpoint.pt,,,,cnn_ecoli50_integrated_20261002_v2,ecoli50_random_20260928_v1,val,20260928,ok,,0.2887299656867981,log10mm_59711a1c2217859e,2.0.0,ecoli50_strength_v1
course_ecoli50_strength,ecoli50_r001427,3435.55,177.3510683729058,2.24883380903046,cnn_1d,log10_minmax,CNN/runs/cnn_ecoli50_integrated_20261002_v2/best_checkpoint.pt,,,,cnn_ecoli50_integrated_20261002_v2,ecoli50_random_20260928_v1,val,20260928,ok,,0.2634159326553345,log10mm_59711a1c2217859e,2.0.0,ecoli50_strength_v1
course_ecoli50_strength,ecoli50_r001436,66.87,239.4859665397136,2.37928006959639,cnn_1d,log10_minmax,CNN/runs/cnn_ecoli50_integrated_20261002_v2/best_checkpoint.pt,,,,cnn_ecoli50_integrated_20261002_v2,ecoli50_random_20260928_v1,val,20260928,ok,,0.2896298766136169,log10mm_59711a1c2217859e,2.0.0,ecoli50_strength_v1
course_ecoli50_strength,ecoli50_r001442,50.32,163.61699574831871,2.213828414105094,cnn_1d,log10_minmax,CNN/runs/cnn_ecoli50_integrated_20261002_v2/best_checkpoint.pt,,,,cnn_ecoli50_integrated_20261002_v2,ecoli50_random_20260928_v1,val,20260928,ok,,0.2563813924789428,log10mm_59711a1c2217859e,2.0.0,ecoli50_strength_v1
course_ecoli50_strength,ecoli50_r001452,10174.65,179.86213002677957,2.254939732263247,cnn_1d,log10_minmax,CNN/runs/cnn_ecoli50_integrated_20261002_v2/best_checkpoint.pt,,,,cnn_ecoli50_integrated_20261002_v2,ecoli50_random_20260928_v1,val,20260928,ok,,0.2646429538726806,log10mm_59711a1c2217859e,2.0.0,ecoli50_strength_v1
course_ecoli50_strength,ecoli50_r001453,488.55,420.8405943519872,2.624117625282435,cnn_1d,log10_minmax,CNN/runs/cnn_ecoli50_integrated_20261002_v2/best_checkpoint.pt,,,,cnn_ecoli50_integrated_20261002_v2,ecoli50_random_20260928_v1,val,20260928,ok,,0.3388314247131347,log10mm_59711a1c2217859e,2.0.0,ecoli50_strength_v1
course_ecoli50_strength,ecoli50_r001467,175.39,401.2605068895299,2.603426417436362,cnn_1d,log10_minmax,CNN/runs/cnn_ecoli50_integrated_20261002_v2/best_checkpoint.pt,,,,cnn_ecoli50_integrated_20261002_v2,ecoli50_random_20260928_v1,val,20260928,ok,,0.3346734046936035,log10mm_59711a1c2217859e,2.0.0,ecoli50_strength_v1
course_ecoli50_strength,ecoli50_r001473,132.29,278.17700843511847,2.444321232333289,cnn_1d,log10_minmax,CNN/runs/cnn_ecoli50_integrated_20261002_v2/best_checkpoint.pt,,,,cnn_ecoli50_integrated_20261002_v2,ecoli50_random_20260928_v1,val,20260928,ok,,0.3027002811431885,log10mm_59711a1c2217859e,2.0.0,ecoli50_strength_v1
course_ecoli50_strength,ecoli50_r001475,267.6,420.694324445503,2.623966653023352,cnn_1d,log10_minmax,CNN/runs/cnn_ecoli50_integrated_20261002_v2/best_checkpoint.pt,,,,cnn_ecoli50_integrated_20261002_v2,ecoli50_random_20260928_v1,val,20260928,ok,,0.3388010859489441,log10mm_59711a1c2217859e,2.0.0,ecoli50_strength_v1
course_ecoli50_strength,ecoli50_r001480,1378.28,309.1200850307022,2.4901272241982606,cnn_1d,log10_minmax,CNN/runs/cnn_ecoli50_integrated_20261002_v2/best_checkpoint.pt,,,,cnn_ecoli50_integrated_20261002_v2,ecoli50_random_20260928_v1,val,20260928,ok,,0.3119052648544311,log10mm_59711a1c2217859e,2.0.0,ecoli50_strength_v1
course_ecoli50_strength,ecoli50_r001489,85.1,116.87072307479974,2.0677057310121207,cnn_1d,log10_minmax,CNN/runs/cnn_ecoli50_integrated_20261002_v2/best_checkpoint.pt,,,,cnn_ecoli50_integrated_20261002_v2,ecoli50_random_20260928_v1,val,20260928,ok,,0.2270171791315078,log10mm_59711a1c2217859e,2.0.0,ecoli50_strength_v1
course_ecoli50_strength,ecoli50_r001494,159.75,120.32366908391818,2.080351066587028,cnn_1d,log10_minmax,CNN/runs/cnn_ecoli50_integrated_20261002_v2/best_checkpoint.pt,,,,cnn_ecoli50_integrated_20261002_v2,ecoli50_random_20260928_v1,val,20260928,ok,,0.2295583337545395,log10mm_59711a1c2217859e,2.0.0,ecoli50_strength_v1
course_ecoli50_strength,ecoli50_r001502,48.65,154.99160724826274,2.1903081818835077,cnn_1d,log10_minmax,CNN/runs/cnn_ecoli50_integrated_20261002_v2/best_checkpoint.pt,,,,cnn_ecoli50_integrated_20261002_v2,ecoli50_random_20260928_v1,val,20260928,ok,,0.2516548633575439,log10mm_59711a1c2217859e,2.0.0,ecoli50_strength_v1
course_ecoli50_strength,ecoli50_r001503,82.53,321.0227003179503,2.5065357435396107,cnn_1d,log10_minmax,CNN/runs/cnn_ecoli50_integrated_20261002_v2/best_checkpoint.pt,,,,cnn_ecoli50_integrated_20261002_v2,ecoli50_random_20260928_v1,val,20260928,ok,,0.3152026534080505,log10mm_59711a1c2217859e,2.0.0,ecoli50_strength_v1
course_ecoli50_strength,ecoli50_r001504,106.5,208.377929005175,2.318851717416001,cnn_1d,log10_minmax,CNN/runs/cnn_ecoli50_integrated_20261002_v2/best_checkpoint.pt,,,,cnn_ecoli50_integrated_20261002_v2,ecoli50_random_20260928_v1,val,20260928,ok,,0.2774864435195923,log10mm_59711a1c2217859e,2.0.0,ecoli50_strength_v1
course_ecoli50_strength,ecoli50_r001515,233.16,235.61394087228769,2.37220098333403,cnn_1d,log10_minmax,CNN/runs/cnn_ecoli50_integrated_20261002_v2/best_checkpoint.pt,,,,cnn_ecoli50_integrated_20261002_v2,ecoli50_random_20260928_v1,val,20260928,ok,,0.2882072925567627,log10mm_59711a1c2217859e,2.0.0,ecoli50_strength_v1
course_ecoli50_strength,ecoli50_r001518,552.44,314.886444679179,2.4981539654071256,cnn_1d,log10_minmax,CNN/runs/cnn_ecoli50_integrated_20261002_v2/best_checkpoint.pt,,,,cnn_ecoli50_integrated_20261002_v2,ecoli50_random_20260928_v1,val,20260928,ok,,0.3135182857513428,log10mm_59711a1c2217859e,2.0.0,ecoli50_strength_v1
course_ecoli50_strength,ecoli50_r001523,237.77,186.0612010048128,2.269655819953656,cnn_1d,log10_minmax,CNN/runs/cnn_ecoli50_integrated_20261002_v2/best_checkpoint.pt,,,,cnn_ecoli50_integrated_20261002_v2,ecoli50_random_20260928_v1,val,20260928,ok,,0.2676002383232116,log10mm_59711a1c2217859e,2.0.0,ecoli50_strength_v1
course_ecoli50_strength,ecoli50_r001531,50.77,283.5771762508272,2.452671273664749,cnn_1d,log10_minmax,CNN/runs/cnn_ecoli50_integrated_20261002_v2/best_checkpoint.pt,,,,cnn_ecoli50_integrated_20261002_v2,ecoli50_random_20260928_v1,val,20260928,ok,,0.3043782711029053,log10mm_59711a1c2217859e,2.0.0,ecoli50_strength_v1
course_ecoli50_strength,ecoli50_r001533,300.64,99.87926008066168,1.9994753163777887,cnn_1d,log10_minmax,CNN/runs/cnn_ecoli50_integrated_20261002_v2/best_checkpoint.pt,,,,cnn_ecoli50_integrated_20261002_v2,ecoli50_random_20260928_v1,val,20260928,ok,,0.2133058756589889,log10mm_59711a1c2217859e,2.0.0,ecoli50_strength_v1
course_ecoli50_strength,ecoli50_r001547,35.37,171.2622091958611,2.233661541901013,cnn_1d,log10_minmax,CNN/runs/cnn_ecoli50_integrated_20261002_v2/best_checkpoint.pt,,,,cnn_ecoli50_integrated_20261002_v2,ecoli50_random_20260928_v1,val,20260928,ok,,0.2603669762611389,log10mm_59711a1c2217859e,2.0.0,ecoli50_strength_v1
course_ecoli50_strength,ecoli50_r001550,80.52,568.8007376700389,2.754960150952757,cnn_1d,log10_minmax,CNN/runs/cnn_ecoli50_integrated_20261002_v2/best_checkpoint.pt,,,,cnn_ecoli50_integrated_20261002_v2,ecoli50_random_20260928_v1,val,20260928,ok,,0.3651250004768371,log10mm_59711a1c2217859e,2.0.0,ecoli50_strength_v1
course_ecoli50_strength,ecoli50_r001557,204.65,223.04467394597225,2.3483918572414275,cnn_1d,log10_minmax,CNN/runs/cnn_ecoli50_integrated_20261002_v2/best_checkpoint.pt,,,,cnn_ecoli50_integrated_20261002_v2,ecoli50_random_20260928_v1,val,20260928,ok,,0.2834227085113525,log10mm_59711a1c2217859e,2.0.0,ecoli50_strength_v1
course_ecoli50_strength,ecoli50_r001560,146.27,101.33839771124184,2.005774033261665,cnn_1d,log10_minmax,CNN/runs/cnn_ecoli50_integrated_20261002_v2/best_checkpoint.pt,,,,cnn_ecoli50_integrated_20261002_v2,ecoli50_random_20260928_v1,val,20260928,ok,,0.2145716398954391,log10mm_59711a1c2217859e,2.0.0,ecoli50_strength_v1
course_ecoli50_strength,ecoli50_r001563,131.89,389.82786672621336,2.590872881299935,cnn_1d,log10_minmax,CNN/runs/cnn_ecoli50_integrated_20261002_v2/best_checkpoint.pt,,,,cnn_ecoli50_integrated_20261002_v2,ecoli50_random_20260928_v1,val,20260928,ok,,0.3321506977081299,log10mm_59711a1c2217859e,2.0.0,ecoli50_strength_v1
course_ecoli50_strength,ecoli50_r001567,52.01,195.70234699976243,2.2915960340531663,cnn_1d,log10_minmax,CNN/runs/cnn_ecoli50_integrated_20261002_v2/best_checkpoint.pt,,,,cnn_ecoli50_integrated_20261002_v2,ecoli50_random_20260928_v1,val,20260928,ok,,0.2720092535018921,log10mm_59711a1c2217859e,2.0.0,ecoli50_strength_v1
course_ecoli50_strength,ecoli50_r001579,357.88,107.89429929120335,2.032998498883304,cnn_1d,log10_minmax,CNN/runs/cnn_ecoli50_integrated_20261002_v2/best_checkpoint.pt,,,,cnn_ecoli50_integrated_20261002_v2,ecoli50_random_20260928_v1,val,20260928,ok,,0.2200425565242767,log10mm_59711a1c2217859e,2.0.0,ecoli50_strength_v1
course_ecoli50_strength,ecoli50_r001582,547.62,146.4026053974542,2.1655488055452503,cnn_1d,log10_minmax,CNN/runs/cnn_ecoli50_integrated_20261002_v2/best_checkpoint.pt,,,,cnn_ecoli50_integrated_20261002_v2,ecoli50_random_20260928_v1,val,20260928,ok,,0.2466793209314346,log10mm_59711a1c2217859e,2.0.0,ecoli50_strength_v1
course_ecoli50_strength,ecoli50_r001588,31.03,81.96304318350488,1.9136180748300349,cnn_1d,log10_minmax,CNN/runs/cnn_ecoli50_integrated_20261002_v2/best_checkpoint.pt,,,,cnn_ecoli50_integrated_20261002_v2,ecoli50_random_20260928_v1,val,20260928,ok,,0.1960523575544357,log10mm_59711a1c2217859e,2.0.0,ecoli50_strength_v1
course_ecoli50_strength,ecoli50_r001589,35.29,151.00812500986294,2.1790003151873254,cnn_1d,log10_minmax,CNN/runs/cnn_ecoli50_integrated_20261002_v2/best_checkpoint.pt,,,,cnn_ecoli50_integrated_20261002_v2,ecoli50_random_20260928_v1,val,20260928,ok,,0.2493824809789657,log10mm_59711a1c2217859e,2.0.0,ecoli50_strength_v1
course_ecoli50_strength,ecoli50_r001592,527.56,304.4395383531053,2.483501054713151,cnn_1d,log10_minmax,CNN/runs/cnn_ecoli50_integrated_20261002_v2/best_checkpoint.pt,,,,cnn_ecoli50_integrated_20261002_v2,ecoli50_random_20260928_v1,val,20260928,ok,,0.3105736970901489,log10mm_59711a1c2217859e,2.0.0,ecoli50_strength_v1
course_ecoli50_strength,ecoli50_r001600,212.47,307.0282739904282,2.4871783711534547,cnn_1d,log10_minmax,CNN/runs/cnn_ecoli50_integrated_20261002_v2/best_checkpoint.pt,,,,cnn_ecoli50_integrated_20261002_v2,ecoli50_random_20260928_v1,val,20260928,ok,,0.3113126754760742,log10mm_59711a1c2217859e,2.0.0,ecoli50_strength_v1
course_ecoli50_strength,ecoli50_r001603,82.58,149.80229326125516,2.175518461848664,cnn_1d,log10_minmax,CNN/runs/cnn_ecoli50_integrated_20261002_v2/best_checkpoint.pt,,,,cnn_ecoli50_integrated_20261002_v2,ecoli50_random_20260928_v1,val,20260928,ok,,0.2486827820539474,log10mm_59711a1c2217859e,2.0.0,ecoli50_strength_v1
course_ecoli50_strength,ecoli50_r001610,3004.53,109.41013613958464,2.039057558428596,cnn_1d,log10_minmax,CNN/runs/cnn_ecoli50_integrated_20261002_v2/best_checkpoint.pt,,,,cnn_ecoli50_integrated_20261002_v2,ecoli50_random_20260928_v1,val,20260928,ok,,0.2212601602077484,log10mm_59711a1c2217859e,2.0.0,ecoli50_strength_v1
course_ecoli50_strength,ecoli50_r001620,132.97,141.74133576703252,2.151496521225821,cnn_1d,log10_minmax,CNN/runs/cnn_ecoli50_integrated_20261002_v2/best_checkpoint.pt,,,,cnn_ecoli50_integrated_20261002_v2,ecoli50_random_20260928_v1,val,20260928,ok,,0.2438554316759109,log10mm_59711a1c2217859e,2.0.0,ecoli50_strength_v1
course_ecoli50_strength,ecoli50_r001622,87.44,120.91332655384302,2.08247416959394,cnn_1d,log10_minmax,CNN/runs/cnn_ecoli50_integrated_20261002_v2/best_checkpoint.pt,,,,cnn_ecoli50_integrated_20261002_v2,ecoli50_random_20260928_v1,val,20260928,ok,,0.2299849838018417,log10mm_59711a1c2217859e,2.0.0,ecoli50_strength_v1
course_ecoli50_strength,ecoli50_r001623,42.72,155.60018353395677,2.192010104914195,cnn_1d,log10_minmax,CNN/runs/cnn_ecoli50_integrated_20261002_v2/best_checkpoint.pt,,,,cnn_ecoli50_integrated_20261002_v2,ecoli50_random_20260928_v1,val,20260928,ok,,0.2519968748092651,log10mm_59711a1c2217859e,2.0.0,ecoli50_strength_v1
course_ecoli50_strength,ecoli50_r001651,117.03,103.23087262013908,2.0138095984876374,cnn_1d,log10_minmax,CNN/runs/cnn_ecoli50_integrated_20261002_v2/best_checkpoint.pt,,,,cnn_ecoli50_integrated_20261002_v2,ecoli50_random_20260928_v1,val,20260928,ok,,0.2161864340305328,log10mm_59711a1c2217859e,2.0.0,ecoli50_strength_v1
course_ecoli50_strength,ecoli50_r001655,154.32,215.0078654439828,2.332454347619968,cnn_1d,log10_minmax,CNN/runs/cnn_ecoli50_integrated_20261002_v2/best_checkpoint.pt,,,,cnn_ecoli50_integrated_20261002_v2,ecoli50_random_20260928_v1,val,20260928,ok,,0.2802199721336365,log10mm_59711a1c2217859e,2.0.0,ecoli50_strength_v1
course_ecoli50_strength,ecoli50_r001665,774.97,145.79235982368186,2.163734765591314,cnn_1d,log10_minmax,CNN/runs/cnn_ecoli50_integrated_20261002_v2/best_checkpoint.pt,,,,cnn_ecoli50_integrated_20261002_v2,ecoli50_random_20260928_v1,val,20260928,ok,,0.2463147789239883,log10mm_59711a1c2217859e,2.0.0,ecoli50_strength_v1
course_ecoli50_strength,ecoli50_r001680,186.41,223.3344423229738,2.3489557045194576,cnn_1d,log10_minmax,CNN/runs/cnn_ecoli50_integrated_20261002_v2/best_checkpoint.pt,,,,cnn_ecoli50_integrated_20261002_v2,ecoli50_random_20260928_v1,val,20260928,ok,,0.2835360169410705,log10mm_59711a1c2217859e,2.0.0,ecoli50_strength_v1
course_ecoli50_strength,ecoli50_r001682,81.73,190.0585331817257,2.2788873731790167,cnn_1d,log10_minmax,CNN/runs/cnn_ecoli50_integrated_20261002_v2/best_checkpoint.pt,,,,cnn_ecoli50_integrated_20261002_v2,ecoli50_random_20260928_v1,val,20260928,ok,,0.2694553732872009,log10mm_59711a1c2217859e,2.0.0,ecoli50_strength_v1
course_ecoli50_strength,ecoli50_r001683,2095.59,449.6117480988692,2.6528376505766924,cnn_1d,log10_minmax,CNN/runs/cnn_ecoli50_integrated_20261002_v2/best_checkpoint.pt,,,,cnn_ecoli50_integrated_20261002_v2,ecoli50_random_20260928_v1,val,20260928,ok,,0.344602882862091,log10mm_59711a1c2217859e,2.0.0,ecoli50_strength_v1
course_ecoli50_strength,ecoli50_r001688,237.77,126.65498638298004,2.102622292555177,cnn_1d,log10_minmax,CNN/runs/cnn_ecoli50_integrated_20261002_v2/best_checkpoint.pt,,,,cnn_ecoli50_integrated_20261002_v2,ecoli50_random_20260928_v1,val,20260928,ok,,0.2340338677167892,log10mm_59711a1c2217859e,2.0.0,ecoli50_strength_v1
course_ecoli50_strength,ecoli50_r001690,234.44,134.84061698374606,2.129820731033919,cnn_1d,log10_minmax,CNN/runs/cnn_ecoli50_integrated_20261002_v2/best_checkpoint.pt,,,,cnn_ecoli50_integrated_20261002_v2,ecoli50_random_20260928_v1,val,20260928,ok,,0.2394995540380478,log10mm_59711a1c2217859e,2.0.0,ecoli50_strength_v1
course_ecoli50_strength,ecoli50_r001693,245.82,167.15199974839783,2.223111576707823,cnn_1d,log10_minmax,CNN/runs/cnn_ecoli50_integrated_20261002_v2/best_checkpoint.pt,,,,cnn_ecoli50_integrated_20261002_v2,ecoli50_random_20260928_v1,val,20260928,ok,,0.258246898651123,log10mm_59711a1c2217859e,2.0.0,ecoli50_strength_v1
course_ecoli50_strength,ecoli50_r001696,40.87,239.0117876296296,2.378419320095684,cnn_1d,log10_minmax,CNN/runs/cnn_ecoli50_integrated_20261002_v2/best_checkpoint.pt,,,,cnn_ecoli50_integrated_20261002_v2,ecoli50_random_20260928_v1,val,20260928,ok,,0.2894569039344787,log10mm_59711a1c2217859e,2.0.0,ecoli50_strength_v1
course_ecoli50_strength,ecoli50_r001698,233.43,116.41688345851892,2.0660159688117323,cnn_1d,log10_minmax,CNN/runs/cnn_ecoli50_integrated_20261002_v2/best_checkpoint.pt,,,,cnn_ecoli50_integrated_20261002_v2,ecoli50_random_20260928_v1,val,20260928,ok,,0.2266776114702224,log10mm_59711a1c2217859e,2.0.0,ecoli50_strength_v1
course_ecoli50_strength,ecoli50_r001709,59.44,170.2577452722371,2.23110687772128,cnn_1d,log10_minmax,CNN/runs/cnn_ecoli50_integrated_20261002_v2/best_checkpoint.pt,,,,cnn_ecoli50_integrated_20261002_v2,ecoli50_random_20260928_v1,val,20260928,ok,,0.2598536014556885,log10mm_59711a1c2217859e,2.0.0,ecoli50_strength_v1
course_ecoli50_strength,ecoli50_r001726,42.55,179.00981354079565,2.252876840196598,cnn_1d,log10_minmax,CNN/runs/cnn_ecoli50_integrated_20261002_v2/best_checkpoint.pt,,,,cnn_ecoli50_integrated_20261002_v2,ecoli50_random_20260928_v1,val,20260928,ok,,0.2642284035682678,log10mm_59711a1c2217859e,2.0.0,ecoli50_strength_v1
course_ecoli50_strength,ecoli50_r001730,144.32,94.79975874203524,1.9768072320940144,cnn_1d,log10_minmax,CNN/runs/cnn_ecoli50_integrated_20261002_v2/best_checkpoint.pt,,,,cnn_ecoli50_integrated_20261002_v2,ecoli50_random_20260928_v1,val,20260928,ok,,0.2087505906820297,log10mm_59711a1c2217859e,2.0.0,ecoli50_strength_v1
course_ecoli50_strength,ecoli50_r001734,282.63,100.36075943457308,2.0015639389817177,cnn_1d,log10_minmax,CNN/runs/cnn_ecoli50_integrated_20261002_v2/best_checkpoint.pt,,,,cnn_ecoli50_integrated_20261002_v2,ecoli50_random_20260928_v1,val,20260928,ok,,0.213725596666336,log10mm_59711a1c2217859e,2.0.0,ecoli50_strength_v1
course_ecoli50_strength,ecoli50_r001735,541.2,191.8496250374673,2.282960954723712,cnn_1d,log10_minmax,CNN/runs/cnn_ecoli50_integrated_20261002_v2/best_checkpoint.pt,,,,cnn_ecoli50_integrated_20261002_v2,ecoli50_random_20260928_v1,val,20260928,ok,,0.2702739834785461,log10mm_59711a1c2217859e,2.0.0,ecoli50_strength_v1
course_ecoli50_strength,ecoli50_r001749,117.9,216.49964216890316,2.3354571828870783,cnn_1d,log10_minmax,CNN/runs/cnn_ecoli50_integrated_20261002_v2/best_checkpoint.pt,,,,cnn_ecoli50_integrated_20261002_v2,ecoli50_random_20260928_v1,val,20260928,ok,,0.2808234095573425,log10mm_59711a1c2217859e,2.0.0,ecoli50_strength_v1
course_ecoli50_strength,ecoli50_r001759,239164.33,234.99186227302025,2.371052822990393,cnn_1d,log10_minmax,CNN/runs/cnn_ecoli50_integrated_20261002_v2/best_checkpoint.pt,,,,cnn_ecoli50_integrated_20261002_v2,ecoli50_random_20260928_v1,val,20260928,ok,,0.2879765629768371,log10mm_59711a1c2217859e,2.0.0,ecoli50_strength_v1
course_ecoli50_strength,ecoli50_r001761,216.3,245.5600900651797,2.390157783996431,cnn_1d,log10_minmax,CNN/runs/cnn_ecoli50_integrated_20261002_v2/best_checkpoint.pt,,,,cnn_ecoli50_integrated_20261002_v2,ecoli50_random_20260928_v1,val,20260928,ok,,0.2918158173561096,log10mm_59711a1c2217859e,2.0.0,ecoli50_strength_v1
course_ecoli50_strength,ecoli50_r001765,82.72,175.9277935753095,2.2453344559603914,cnn_1d,log10_minmax,CNN/runs/cnn_ecoli50_integrated_20261002_v2/best_checkpoint.pt,,,,cnn_ecoli50_integrated_20261002_v2,ecoli50_random_20260928_v1,val,20260928,ok,,0.2627127170562744,log10mm_59711a1c2217859e,2.0.0,ecoli50_strength_v1
course_ecoli50_strength,ecoli50_r001771,93.94,216.749818750893,2.335958742985526,cnn_1d,log10_minmax,CNN/runs/cnn_ecoli50_integrated_20261002_v2/best_checkpoint.pt,,,,cnn_ecoli50_integrated_20261002_v2,ecoli50_random_20260928_v1,val,20260928,ok,,0.2809242010116577,log10mm_59711a1c2217859e,2.0.0,ecoli50_strength_v1
course_ecoli50_strength,ecoli50_r001773,67.1,261.59944085537666,2.4176368113889115,cnn_1d,log10_minmax,CNN/runs/cnn_ecoli50_integrated_20261002_v2/best_checkpoint.pt,,,,cnn_ecoli50_integrated_20261002_v2,ecoli50_random_20260928_v1,val,20260928,ok,,0.2973378896713257,log10mm_59711a1c2217859e,2.0.0,ecoli50_strength_v1
course_ecoli50_strength,ecoli50_r001778,873.84,298.66962395043265,2.4751910551399936,cnn_1d,log10_minmax,CNN/runs/cnn_ecoli50_integrated_20261002_v2/best_checkpoint.pt,,,,cnn_ecoli50_integrated_20261002_v2,ecoli50_random_20260928_v1,val,20260928,ok,,0.3089037537574768,log10mm_59711a1c2217859e,2.0.0,ecoli50_strength_v1
course_ecoli50_strength,ecoli50_r001780,124.13,225.53629626188956,2.3532164442085177,cnn_1d,log10_minmax,CNN/runs/cnn_ecoli50_integrated_20261002_v2/best_checkpoint.pt,,,,cnn_ecoli50_integrated_20261002_v2,ecoli50_random_20260928_v1,val,20260928,ok,,0.284392237663269,log10mm_59711a1c2217859e,2.0.0,ecoli50_strength_v1
course_ecoli50_strength,ecoli50_r001785,52.01,98.62819586495472,1.9940010889579336,cnn_1d,log10_minmax,CNN/runs/cnn_ecoli50_integrated_20261002_v2/best_checkpoint.pt,,,,cnn_ecoli50_integrated_20261002_v2,ecoli50_random_20260928_v1,val,20260928,ok,,0.2122057974338531,log10mm_59711a1c2217859e,2.0.0,ecoli50_strength_v1
course_ecoli50_strength,ecoli50_r001787,642.37,227.31355423007912,2.356625332565383,cnn_1d,log10_minmax,CNN/runs/cnn_ecoli50_integrated_20261002_v2/best_checkpoint.pt,,,,cnn_ecoli50_integrated_20261002_v2,ecoli50_random_20260928_v1,val,20260928,ok,,0.2850772738456726,log10mm_59711a1c2217859e,2.0.0,ecoli50_strength_v1
course_ecoli50_strength,ecoli50_r001791,996.39,182.6251404102694,2.26156056284725,cnn_1d,log10_minmax,CNN/runs/cnn_ecoli50_integrated_20261002_v2/best_checkpoint.pt,,,,cnn_ecoli50_integrated_20261002_v2,ecoli50_random_20260928_v1,val,20260928,ok,,0.2659734487533569,log10mm_59711a1c2217859e,2.0.0,ecoli50_strength_v1
course_ecoli50_strength,ecoli50_r001806,7920.81,228.54175122494172,2.358965550883983,cnn_1d,log10_minmax,CNN/runs/cnn_ecoli50_integrated_20261002_v2/best_checkpoint.pt,,,,cnn_ecoli50_integrated_20261002_v2,ecoli50_random_20260928_v1,val,20260928,ok,,0.2855475544929504,log10mm_59711a1c2217859e,2.0.0,ecoli50_strength_v1
course_ecoli50_strength,ecoli50_r001809,49.23,179.14875079588955,2.2532137841775777,cnn_1d,log10_minmax,CNN/runs/cnn_ecoli50_integrated_20261002_v2/best_checkpoint.pt,,,,cnn_ecoli50_integrated_20261002_v2,ecoli50_random_20260928_v1,val,20260928,ok,,0.2642961144447326,log10mm_59711a1c2217859e,2.0.0,ecoli50_strength_v1
course_ecoli50_strength,ecoli50_r001814,673.5,141.80422366272313,2.151689166574101,cnn_1d,log10_minmax,CNN/runs/cnn_ecoli50_integrated_20261002_v2/best_checkpoint.pt,,,,cnn_ecoli50_integrated_20261002_v2,ecoli50_random_20260928_v1,val,20260928,ok,,0.2438941448926925,log10mm_59711a1c2217859e,2.0.0,ecoli50_strength_v1
course_ecoli50_strength,ecoli50_r001820,139.79,154.92049034139745,2.1901088629088434,cnn_1d,log10_minmax,CNN/runs/cnn_ecoli50_integrated_20261002_v2/best_checkpoint.pt,,,,cnn_ecoli50_integrated_20261002_v2,ecoli50_random_20260928_v1,val,20260928,ok,,0.2516148090362549,log10mm_59711a1c2217859e,2.0.0,ecoli50_strength_v1
course_ecoli50_strength,ecoli50_r001824,191.82,250.99163540017625,2.3996592483333163,cnn_1d,log10_minmax,CNN/runs/cnn_ecoli50_integrated_20261002_v2/best_checkpoint.pt,,,,cnn_ecoli50_integrated_20261002_v2,ecoli50_random_20260928_v1,val,20260928,ok,,0.2937251925468445,log10mm_59711a1c2217859e,2.0.0,ecoli50_strength_v1
course_ecoli50_strength,ecoli50_r001835,24.15,115.57236610029756,2.062854004631069,cnn_1d,log10_minmax,CNN/runs/cnn_ecoli50_integrated_20261002_v2/best_checkpoint.pt,,,,cnn_ecoli50_integrated_20261002_v2,ecoli50_random_20260928_v1,val,20260928,ok,,0.2260421961545944,log10mm_59711a1c2217859e,2.0.0,ecoli50_strength_v1
course_ecoli50_strength,ecoli50_r001841,55.73,187.7953829312872,2.2736849106557924,cnn_1d,log10_minmax,CNN/runs/cnn_ecoli50_integrated_20261002_v2/best_checkpoint.pt,,,,cnn_ecoli50_integrated_20261002_v2,ecoli50_random_20260928_v1,val,20260928,ok,,0.2684099078178406,log10mm_59711a1c2217859e,2.0.0,ecoli50_strength_v1
course_ecoli50_strength,ecoli50_r001842,133.75,360.47467508557247,2.5568747590501038,cnn_1d,log10_minmax,CNN/runs/cnn_ecoli50_integrated_20261002_v2/best_checkpoint.pt,,,,cnn_ecoli50_integrated_20261002_v2,ecoli50_random_20260928_v1,val,20260928,ok,,0.3253185749053955,log10mm_59711a1c2217859e,2.0.0,ecoli50_strength_v1
course_ecoli50_strength,ecoli50_r001844,409.43,150.3795040101531,2.177188648078326,cnn_1d,log10_minmax,CNN/runs/cnn_ecoli50_integrated_20261002_v2/best_checkpoint.pt,,,,cnn_ecoli50_integrated_20261002_v2,ecoli50_random_20260928_v1,val,20260928,ok,,0.2490184158086776,log10mm_59711a1c2217859e,2.0.0,ecoli50_strength_v1
course_ecoli50_strength,ecoli50_r001858,226.95,196.9070800892696,2.2942613321280634,cnn_1d,log10_minmax,CNN/runs/cnn_ecoli50_integrated_20261002_v2/best_checkpoint.pt,,,,cnn_ecoli50_integrated_20261002_v2,ecoli50_random_20260928_v1,val,20260928,ok,,0.2725448608398437,log10mm_59711a1c2217859e,2.0.0,ecoli50_strength_v1
course_ecoli50_strength,ecoli50_r001859,358.52,223.90868616593383,2.350070941639601,cnn_1d,log10_minmax,CNN/runs/cnn_ecoli50_integrated_20261002_v2/best_checkpoint.pt,,,,cnn_ecoli50_integrated_20261002_v2,ecoli50_random_20260928_v1,val,20260928,ok,,0.283760130405426,log10mm_59711a1c2217859e,2.0.0,ecoli50_strength_v1
course_ecoli50_strength,ecoli50_r001862,48.11,163.4784920797381,2.21346062313994,cnn_1d,log10_minmax,CNN/runs/cnn_ecoli50_integrated_20261002_v2/best_checkpoint.pt,,,,cnn_ecoli50_integrated_20261002_v2,ecoli50_random_20260928_v1,val,20260928,ok,,0.2563074827194214,log10mm_59711a1c2217859e,2.0.0,ecoli50_strength_v1
course_ecoli50_strength,ecoli50_r001872,95.79,122.33583457820576,2.0875536890888933,cnn_1d,log10_minmax,CNN/runs/cnn_ecoli50_integrated_20261002_v2/best_checkpoint.pt,,,,cnn_ecoli50_integrated_20261002_v2,ecoli50_random_20260928_v1,val,20260928,ok,,0.2310057431459427,log10mm_59711a1c2217859e,2.0.0,ecoli50_strength_v1
course_ecoli50_strength,ecoli50_r001879,60.13,156.17424043557654,2.19360940240138,cnn_1d,log10_minmax,CNN/runs/cnn_ecoli50_integrated_20261002_v2/best_checkpoint.pt,,,,cnn_ecoli50_integrated_20261002_v2,ecoli50_random_20260928_v1,val,20260928,ok,,0.252318263053894,log10mm_59711a1c2217859e,2.0.0,ecoli50_strength_v1
course_ecoli50_strength,ecoli50_r001882,504.91,157.11299831369237,2.1962121166910773,cnn_1d,log10_minmax,CNN/runs/cnn_ecoli50_integrated_20261002_v2/best_checkpoint.pt,,,,cnn_ecoli50_integrated_20261002_v2,ecoli50_random_20260928_v1,val,20260928,ok,,0.2528412938117981,log10mm_59711a1c2217859e,2.0.0,ecoli50_strength_v1
course_ecoli50_strength,ecoli50_r001887,140.34,197.6845582409757,2.2959727465384967,cnn_1d,log10_minmax,CNN/runs/cnn_ecoli50_integrated_20261002_v2/best_checkpoint.pt,,,,cnn_ecoli50_integrated_20261002_v2,ecoli50_random_20260928_v1,val,20260928,ok,,0.2728887796401977,log10mm_59711a1c2217859e,2.0.0,ecoli50_strength_v1
course_ecoli50_strength,ecoli50_r001889,222.04,216.96531146685467,2.336390304158348,cnn_1d,log10_minmax,CNN/runs/cnn_ecoli50_integrated_20261002_v2/best_checkpoint.pt,,,,cnn_ecoli50_integrated_20261002_v2,ecoli50_random_20260928_v1,val,20260928,ok,,0.2810109257698059,log10mm_59711a1c2217859e,2.0.0,ecoli50_strength_v1
course_ecoli50_strength,ecoli50_r001901,27.86,183.6469968278105,2.2639838307386264,cnn_1d,log10_minmax,CNN/runs/cnn_ecoli50_integrated_20261002_v2/best_checkpoint.pt,,,,cnn_ecoli50_integrated_20261002_v2,ecoli50_random_20260928_v1,val,20260928,ok,,0.2664604187011719,log10mm_59711a1c2217859e,2.0.0,ecoli50_strength_v1
course_ecoli50_strength,ecoli50_r001903,63.94,242.18424361418903,2.384145884744252,cnn_1d,log10_minmax,CNN/runs/cnn_ecoli50_integrated_20261002_v2/best_checkpoint.pt,,,,cnn_ecoli50_integrated_20261002_v2,ecoli50_random_20260928_v1,val,20260928,ok,,0.2906076908111572,log10mm_59711a1c2217859e,2.0.0,ecoli50_strength_v1
course_ecoli50_strength,ecoli50_r001915,64.84,109.57998179219445,2.0397312239363425,cnn_1d,log10_minmax,CNN/runs/cnn_ecoli50_integrated_20261002_v2/best_checkpoint.pt,,,,cnn_ecoli50_integrated_20261002_v2,ecoli50_random_20260928_v1,val,20260928,ok,,0.2213955372571945,log10mm_59711a1c2217859e,2.0.0,ecoli50_strength_v1
course_ecoli50_strength,ecoli50_r001916,40.26,187.31580335088785,2.272574419225521,cnn_1d,log10_minmax,CNN/runs/cnn_ecoli50_integrated_20261002_v2/best_checkpoint.pt,,,,cnn_ecoli50_integrated_20261002_v2,ecoli50_random_20260928_v1,val,20260928,ok,,0.2681867480278015,log10mm_59711a1c2217859e,2.0.0,ecoli50_strength_v1
course_ecoli50_strength,ecoli50_r001926,37.17,176.95241474389917,2.2478564935222485,cnn_1d,log10_minmax,CNN/runs/cnn_ecoli50_integrated_20261002_v2/best_checkpoint.pt,,,,cnn_ecoli50_integrated_20261002_v2,ecoli50_random_20260928_v1,val,20260928,ok,,0.2632195353507995,log10mm_59711a1c2217859e,2.0.0,ecoli50_strength_v1
course_ecoli50_strength,ecoli50_r001928,24.05,143.0132482962863,2.155376270999768,cnn_1d,log10_minmax,CNN/runs/cnn_ecoli50_integrated_20261002_v2/best_checkpoint.pt,,,,cnn_ecoli50_integrated_20261002_v2,ecoli50_random_20260928_v1,val,20260928,ok,,0.2446350902318954,log10mm_59711a1c2217859e,2.0.0,ecoli50_strength_v1
course_ecoli50_strength,ecoli50_r001944,65.42,270.7258188824118,2.432529676027088,cnn_1d,log10_minmax,CNN/runs/cnn_ecoli50_integrated_20261002_v2/best_checkpoint.pt,,,,cnn_ecoli50_integrated_20261002_v2,ecoli50_random_20260928_v1,val,20260928,ok,,0.3003306984901428,log10mm_59711a1c2217859e,2.0.0,ecoli50_strength_v1
course_ecoli50_strength,ecoli50_r001945,256.43,109.0234957492914,2.037520103212568,cnn_1d,log10_minmax,CNN/runs/cnn_ecoli50_integrated_20261002_v2/best_checkpoint.pt,,,,cnn_ecoli50_integrated_20261002_v2,ecoli50_random_20260928_v1,val,20260928,ok,,0.2209511995315551,log10mm_59711a1c2217859e,2.0.0,ecoli50_strength_v1
course_ecoli50_strength,ecoli50_r001948,463.56,204.57276486957943,2.3108478148396494,cnn_1d,log10_minmax,CNN/runs/cnn_ecoli50_integrated_20261002_v2/best_checkpoint.pt,,,,cnn_ecoli50_integrated_20261002_v2,ecoli50_random_20260928_v1,val,20260928,ok,,0.2758780121803283,log10mm_59711a1c2217859e,2.0.0,ecoli50_strength_v1
course_ecoli50_strength,ecoli50_r001950,107.82,161.0489292042954,2.2069578415915267,cnn_1d,log10_minmax,CNN/runs/cnn_ecoli50_integrated_20261002_v2/best_checkpoint.pt,,,,cnn_ecoli50_integrated_20261002_v2,ecoli50_random_20260928_v1,val,20260928,ok,,0.2550007104873657,log10mm_59711a1c2217859e,2.0.0,ecoli50_strength_v1
course_ecoli50_strength,ecoli50_r001951,47.87,123.78657504561356,2.092673546947766,cnn_1d,log10_minmax,CNN/runs/cnn_ecoli50_integrated_20261002_v2/best_checkpoint.pt,,,,cnn_ecoli50_integrated_20261002_v2,ecoli50_random_20260928_v1,val,20260928,ok,,0.2320346087217331,log10mm_59711a1c2217859e,2.0.0,ecoli50_strength_v1
course_ecoli50_strength,ecoli50_r001965,159.85,65.51305820922526,1.816327873167104,cnn_1d,log10_minmax,CNN/runs/cnn_ecoli50_integrated_20261002_v2/best_checkpoint.pt,,,,cnn_ecoli50_integrated_20261002_v2,ecoli50_random_20260928_v1,val,20260928,ok,,0.1765013188123703,log10mm_59711a1c2217859e,2.0.0,ecoli50_strength_v1
course_ecoli50_strength,ecoli50_r001976,153.92,223.01771307398624,2.348339358047208,cnn_1d,log10_minmax,CNN/runs/cnn_ecoli50_integrated_20261002_v2/best_checkpoint.pt,,,,cnn_ecoli50_integrated_20261002_v2,ecoli50_random_20260928_v1,val,20260928,ok,,0.2834121584892273,log10mm_59711a1c2217859e,2.0.0,ecoli50_strength_v1
course_ecoli50_strength,ecoli50_r001987,282.4,217.60579361943317,2.3376704540015765,cnn_1d,log10_minmax,CNN/runs/cnn_ecoli50_integrated_20261002_v2/best_checkpoint.pt,,,,cnn_ecoli50_integrated_20261002_v2,ecoli50_random_20260928_v1,val,20260928,ok,,0.2812681794166565,log10mm_59711a1c2217859e,2.0.0,ecoli50_strength_v1
course_ecoli50_strength,ecoli50_r001998,186.41,220.34388693006696,2.34310100624432,cnn_1d,log10_minmax,CNN/runs/cnn_ecoli50_integrated_20261002_v2/best_checkpoint.pt,,,,cnn_ecoli50_integrated_20261002_v2,ecoli50_random_20260928_v1,val,20260928,ok,,0.2823594808578491,log10mm_59711a1c2217859e,2.0.0,ecoli50_strength_v1
course_ecoli50_strength,ecoli50_r002000,518.58,222.8260345535752,2.34796593157533,cnn_1d,log10_minmax,CNN/runs/cnn_ecoli50_integrated_20261002_v2/best_checkpoint.pt,,,,cnn_ecoli50_integrated_20261002_v2,ecoli50_random_20260928_v1,val,20260928,ok,,0.2833371162414551,log10mm_59711a1c2217859e,2.0.0,ecoli50_strength_v1
course_ecoli50_strength,ecoli50_r002006,1407.64,208.4452542695246,2.31899201187287,cnn_1d,log10_minmax,CNN/runs/cnn_ecoli50_integrated_20261002_v2/best_checkpoint.pt,,,,cnn_ecoli50_integrated_20261002_v2,ecoli50_random_20260928_v1,val,20260928,ok,,0.277514636516571,log10mm_59711a1c2217859e,2.0.0,ecoli50_strength_v1
course_ecoli50_strength,ecoli50_r002023,72.21,91.79059352407307,1.9627981780432715,cnn_1d,log10_minmax,CNN/runs/cnn_ecoli50_integrated_20261002_v2/best_checkpoint.pt,,,,cnn_ecoli50_integrated_20261002_v2,ecoli50_random_20260928_v1,val,20260928,ok,,0.205935388803482,log10mm_59711a1c2217859e,2.0.0,ecoli50_strength_v1
course_ecoli50_strength,ecoli50_r002032,45.21,171.46022867470123,2.2341633986050784,cnn_1d,log10_minmax,CNN/runs/cnn_ecoli50_integrated_20261002_v2/best_checkpoint.pt,,,,cnn_ecoli50_integrated_20261002_v2,ecoli50_random_20260928_v1,val,20260928,ok,,0.2604678273200989,log10mm_59711a1c2217859e,2.0.0,ecoli50_strength_v1
course_ecoli50_strength,ecoli50_r002033,167.74,141.10160504344466,2.149531953921227,cnn_1d,log10_minmax,CNN/runs/cnn_ecoli50_integrated_20261002_v2/best_checkpoint.pt,,,,cnn_ecoli50_integrated_20261002_v2,ecoli50_random_20260928_v1,val,20260928,ok,,0.2434606403112411,log10mm_59711a1c2217859e,2.0.0,ecoli50_strength_v1
course_ecoli50_strength,ecoli50_r002034,42.55,168.69277139966636,2.227096473173018,cnn_1d,log10_minmax,CNN/runs/cnn_ecoli50_integrated_20261002_v2/best_checkpoint.pt,,,,cnn_ecoli50_integrated_20261002_v2,ecoli50_random_20260928_v1,val,20260928,ok,,0.2590476870536804,log10mm_59711a1c2217859e,2.0.0,ecoli50_strength_v1
course_ecoli50_strength,ecoli50_r002042,48.3,152.20435325416562,2.1824270740326184,cnn_1d,log10_minmax,CNN/runs/cnn_ecoli50_integrated_20261002_v2/best_checkpoint.pt,,,,cnn_ecoli50_integrated_20261002_v2,ecoli50_random_20260928_v1,val,20260928,ok,,0.250071108341217,log10mm_59711a1c2217859e,2.0.0,ecoli50_strength_v1
course_ecoli50_strength,ecoli50_r002053,47.16,131.69248550893496,2.119560994437021,cnn_1d,log10_minmax,CNN/runs/cnn_ecoli50_integrated_20261002_v2/best_checkpoint.pt,,,,cnn_ecoli50_integrated_20261002_v2,ecoli50_random_20260928_v1,val,20260928,ok,,0.2374377995729446,log10mm_59711a1c2217859e,2.0.0,ecoli50_strength_v1
course_ecoli50_strength,ecoli50_r002061,534.96,221.24744653001815,2.3448782671017403,cnn_1d,log10_minmax,CNN/runs/cnn_ecoli50_integrated_20261002_v2/best_checkpoint.pt,,,,cnn_ecoli50_integrated_20261002_v2,ecoli50_random_20260928_v1,val,20260928,ok,,0.2827166318893432,log10mm_59711a1c2217859e,2.0.0,ecoli50_strength_v1
course_ecoli50_strength,ecoli50_r002073,53.19,142.90131085586384,2.1550362126598093,cnn_1d,log10_minmax,CNN/runs/cnn_ecoli50_integrated_20261002_v2/best_checkpoint.pt,,,,cnn_ecoli50_integrated_20261002_v2,ecoli50_random_20260928_v1,val,20260928,ok,,0.2445667535066604,log10mm_59711a1c2217859e,2.0.0,ecoli50_strength_v1
course_ecoli50_strength,ecoli50_r002079,285.16,125.11832221885736,2.097320912058664,cnn_1d,log10_minmax,CNN/runs/cnn_ecoli50_integrated_20261002_v2/best_checkpoint.pt,,,,cnn_ecoli50_integrated_20261002_v2,ecoli50_random_20260928_v1,val,20260928,ok,,0.2329685240983963,log10mm_59711a1c2217859e,2.0.0,ecoli50_strength_v1
course_ecoli50_strength,ecoli50_r002083,226.63,289.12028270853136,2.4610785598803013,cnn_1d,log10_minmax,CNN/runs/cnn_ecoli50_integrated_20261002_v2/best_checkpoint.pt,,,,cnn_ecoli50_integrated_20261002_v2,ecoli50_random_20260928_v1,val,20260928,ok,,0.3060677647590637,log10mm_59711a1c2217859e,2.0.0,ecoli50_strength_v1
course_ecoli50_strength,ecoli50_r002088,196.79,106.20765189636587,2.0261558072977404,cnn_1d,log10_minmax,CNN/runs/cnn_ecoli50_integrated_20261002_v2/best_checkpoint.pt,,,,cnn_ecoli50_integrated_20261002_v2,ecoli50_random_20260928_v1,val,20260928,ok,,0.2186674773693084,log10mm_59711a1c2217859e,2.0.0,ecoli50_strength_v1
course_ecoli50_strength,ecoli50_r002090,106.24,172.9650941029073,2.2379584674753548,cnn_1d,log10_minmax,CNN/runs/cnn_ecoli50_integrated_20261002_v2/best_checkpoint.pt,,,,cnn_ecoli50_integrated_20261002_v2,ecoli50_random_20260928_v1,val,20260928,ok,,0.26123046875,log10mm_59711a1c2217859e,2.0.0,ecoli50_strength_v1
course_ecoli50_strength,ecoli50_r002094,745.62,246.2584094824057,2.391391070152165,cnn_1d,log10_minmax,CNN/runs/cnn_ecoli50_integrated_20261002_v2/best_checkpoint.pt,,,,cnn_ecoli50_integrated_20261002_v2,ecoli50_random_20260928_v1,val,20260928,ok,,0.2920636534690857,log10mm_59711a1c2217859e,2.0.0,ecoli50_strength_v1
course_ecoli50_strength,ecoli50_r002099,3069.15,135.94337559010089,2.133358049622971,cnn_1d,log10_minmax,CNN/runs/cnn_ecoli50_integrated_20261002_v2/best_checkpoint.pt,,,,cnn_ecoli50_integrated_20261002_v2,ecoli50_random_20260928_v1,val,20260928,ok,,0.2402103990316391,log10mm_59711a1c2217859e,2.0.0,ecoli50_strength_v1
course_ecoli50_strength,ecoli50_r002105,84.19,164.77887934206765,2.216901544903448,cnn_1d,log10_minmax,CNN/runs/cnn_ecoli50_integrated_20261002_v2/best_checkpoint.pt,,,,cnn_ecoli50_integrated_20261002_v2,ecoli50_random_20260928_v1,val,20260928,ok,,0.2569989562034607,log10mm_59711a1c2217859e,2.0.0,ecoli50_strength_v1
course_ecoli50_strength,ecoli50_r002111,85.45,298.01434638296166,2.4742371714755302,cnn_1d,log10_minmax,CNN/runs/cnn_ecoli50_integrated_20261002_v2/best_checkpoint.pt,,,,cnn_ecoli50_integrated_20261002_v2,ecoli50_random_20260928_v1,val,20260928,ok,,0.3087120652198791,log10mm_59711a1c2217859e,2.0.0,ecoli50_strength_v1
course_ecoli50_strength,ecoli50_r002118,92.88,182.34796121974765,2.2609009119549097,cnn_1d,log10_minmax,CNN/runs/cnn_ecoli50_integrated_20261002_v2/best_checkpoint.pt,,,,cnn_ecoli50_integrated_20261002_v2,ecoli50_random_20260928_v1,val,20260928,ok,,0.2658408880233764,log10mm_59711a1c2217859e,2.0.0,ecoli50_strength_v1
course_ecoli50_strength,ecoli50_r002121,70.59,253.0437861781676,2.4031956771055167,cnn_1d,log10_minmax,CNN/runs/cnn_ecoli50_integrated_20261002_v2/best_checkpoint.pt,,,,cnn_ecoli50_integrated_20261002_v2,ecoli50_random_20260928_v1,val,20260928,ok,,0.2944358587265014,log10mm_59711a1c2217859e,2.0.0,ecoli50_strength_v1
course_ecoli50_strength,ecoli50_r002130,42.44,131.16877087032185,2.117830448964287,cnn_1d,log10_minmax,CNN/runs/cnn_ecoli50_integrated_20261002_v2/best_checkpoint.pt,,,,cnn_ecoli50_integrated_20261002_v2,ecoli50_random_20260928_v1,val,20260928,ok,,0.2370900362730026,log10mm_59711a1c2217859e,2.0.0,ecoli50_strength_v1
course_ecoli50_strength,ecoli50_r002140,374.32,113.0283352163026,2.053187330965482,cnn_1d,log10_minmax,CNN/runs/cnn_ecoli50_integrated_20261002_v2/best_checkpoint.pt,,,,cnn_ecoli50_integrated_20261002_v2,ecoli50_random_20260928_v1,val,20260928,ok,,0.2240996211767196,log10mm_59711a1c2217859e,2.0.0,ecoli50_strength_v1
course_ecoli50_strength,ecoli50_r002145,462.73,201.65018793218923,2.304598631093822,cnn_1d,log10_minmax,CNN/runs/cnn_ecoli50_integrated_20261002_v2/best_checkpoint.pt,,,,cnn_ecoli50_integrated_20261002_v2,ecoli50_random_20260928_v1,val,20260928,ok,,0.2746222019195556,log10mm_59711a1c2217859e,2.0.0,ecoli50_strength_v1
course_ecoli50_strength,ecoli50_r002150,15087.58,157.59810620828912,2.197550994446484,cnn_1d,log10_minmax,CNN/runs/cnn_ecoli50_integrated_20261002_v2/best_checkpoint.pt,,,,cnn_ecoli50_integrated_20261002_v2,ecoli50_random_20260928_v1,val,20260928,ok,,0.2531103491783142,log10mm_59711a1c2217859e,2.0.0,ecoli50_strength_v1
course_ecoli50_strength,ecoli50_r002172,866.96,113.49663390553248,2.0549829813711606,cnn_1d,log10_minmax,CNN/runs/cnn_ecoli50_integrated_20261002_v2/best_checkpoint.pt,,,,cnn_ecoli50_integrated_20261002_v2,ecoli50_random_20260928_v1,val,20260928,ok,,0.2244604676961898,log10mm_59711a1c2217859e,2.0.0,ecoli50_strength_v1
course_ecoli50_strength,ecoli50_r002173,72.45,237.6112662783761,2.375867028760886,cnn_1d,log10_minmax,CNN/runs/cnn_ecoli50_integrated_20261002_v2/best_checkpoint.pt,,,,cnn_ecoli50_integrated_20261002_v2,ecoli50_random_20260928_v1,val,20260928,ok,,0.2889440059661865,log10mm_59711a1c2217859e,2.0.0,ecoli50_strength_v1
course_ecoli50_strength,ecoli50_r002182,1123.88,129.40590623273053,2.111954098479104,cnn_1d,log10_minmax,CNN/runs/cnn_ecoli50_integrated_20261002_v2/best_checkpoint.pt,,,,cnn_ecoli50_integrated_20261002_v2,ecoli50_random_20260928_v1,val,20260928,ok,,0.2359091490507125,log10mm_59711a1c2217859e,2.0.0,ecoli50_strength_v1
course_ecoli50_strength,ecoli50_r002189,61.61,228.0703936227957,2.358068912103612,cnn_1d,log10_minmax,CNN/runs/cnn_ecoli50_integrated_20261002_v2/best_checkpoint.pt,,,,cnn_ecoli50_integrated_20261002_v2,ecoli50_random_20260928_v1,val,20260928,ok,,0.2853673696517944,log10mm_59711a1c2217859e,2.0.0,ecoli50_strength_v1
course_ecoli50_strength,ecoli50_r002192,164.46,108.07682996768864,2.033732597785526,cnn_1d,log10_minmax,CNN/runs/cnn_ecoli50_integrated_20261002_v2/best_checkpoint.pt,,,,cnn_ecoli50_integrated_20261002_v2,ecoli50_random_20260928_v1,val,20260928,ok,,0.2201900780200958,log10mm_59711a1c2217859e,2.0.0,ecoli50_strength_v1
course_ecoli50_strength,ecoli50_r002195,880.5,337.5019932409313,2.5282763420588403,cnn_1d,log10_minmax,CNN/runs/cnn_ecoli50_integrated_20261002_v2/best_checkpoint.pt,,,,cnn_ecoli50_integrated_20261002_v2,ecoli50_random_20260928_v1,val,20260928,ok,,0.3195715546607971,log10mm_59711a1c2217859e,2.0.0,ecoli50_strength_v1
course_ecoli50_strength,ecoli50_r002198,933.44,198.93491358121173,2.2987110095951904,cnn_1d,log10_minmax,CNN/runs/cnn_ecoli50_integrated_20261002_v2/best_checkpoint.pt,,,,cnn_ecoli50_integrated_20261002_v2,ecoli50_random_20260928_v1,val,20260928,ok,,0.2734390497207641,log10mm_59711a1c2217859e,2.0.0,ecoli50_strength_v1
course_ecoli50_strength,ecoli50_r002202,128.36,447.92176645542855,2.651202167204226,cnn_1d,log10_minmax,CNN/runs/cnn_ecoli50_integrated_20261002_v2/best_checkpoint.pt,,,,cnn_ecoli50_integrated_20261002_v2,ecoli50_random_20260928_v1,val,20260928,ok,,0.3442742228507995,log10mm_59711a1c2217859e,2.0.0,ecoli50_strength_v1
course_ecoli50_strength,ecoli50_r002204,56.0,134.09298689395868,2.127406064705437,cnn_1d,log10_minmax,CNN/runs/cnn_ecoli50_integrated_20261002_v2/best_checkpoint.pt,,,,cnn_ecoli50_integrated_20261002_v2,ecoli50_random_20260928_v1,val,20260928,ok,,0.2390143126249313,log10mm_59711a1c2217859e,2.0.0,ecoli50_strength_v1
course_ecoli50_strength,ecoli50_r002206,89.0,137.06493469579945,2.136926363499005,cnn_1d,log10_minmax,CNN/runs/cnn_ecoli50_integrated_20261002_v2/best_checkpoint.pt,,,,cnn_ecoli50_integrated_20261002_v2,ecoli50_random_20260928_v1,val,20260928,ok,,0.2409274727106094,log10mm_59711a1c2217859e,2.0.0,ecoli50_strength_v1
course_ecoli50_strength,ecoli50_r002217,122.55,205.63398839124608,2.313094898994492,cnn_1d,log10_minmax,CNN/runs/cnn_ecoli50_integrated_20261002_v2/best_checkpoint.pt,,,,cnn_ecoli50_integrated_20261002_v2,ecoli50_random_20260928_v1,val,20260928,ok,,0.2763295769691467,log10mm_59711a1c2217859e,2.0.0,ecoli50_strength_v1
course_ecoli50_strength,ecoli50_r002225,252.88,137.2313803314651,2.1374534316805205,cnn_1d,log10_minmax,CNN/runs/cnn_ecoli50_integrated_20261002_v2/best_checkpoint.pt,,,,cnn_ecoli50_integrated_20261002_v2,ecoli50_random_20260928_v1,val,20260928,ok,,0.2410333901643753,log10mm_59711a1c2217859e,2.0.0,ecoli50_strength_v1
course_ecoli50_strength,ecoli50_r002226,1070.98,109.28015852849482,2.038541316352104,cnn_1d,log10_minmax,CNN/runs/cnn_ecoli50_integrated_20261002_v2/best_checkpoint.pt,,,,cnn_ecoli50_integrated_20261002_v2,ecoli50_random_20260928_v1,val,20260928,ok,,0.2211564183235168,log10mm_59711a1c2217859e,2.0.0,ecoli50_strength_v1
course_ecoli50_strength,ecoli50_r002229,159.56,135.89375961239134,2.1331995139206525,cnn_1d,log10_minmax,CNN/runs/cnn_ecoli50_integrated_20261002_v2/best_checkpoint.pt,,,,cnn_ecoli50_integrated_20261002_v2,ecoli50_random_20260928_v1,val,20260928,ok,,0.2401785403490066,log10mm_59711a1c2217859e,2.0.0,ecoli50_strength_v1
course_ecoli50_strength,ecoli50_r002240,72.16,197.8655552281887,2.2963701980653566,cnn_1d,log10_minmax,CNN/runs/cnn_ecoli50_integrated_20261002_v2/best_checkpoint.pt,,,,cnn_ecoli50_integrated_20261002_v2,ecoli50_random_20260928_v1,val,20260928,ok,,0.2729686498641968,log10mm_59711a1c2217859e,2.0.0,ecoli50_strength_v1
course_ecoli50_strength,ecoli50_r002250,36.08,119.06531575192696,2.075785268020822,cnn_1d,log10_minmax,CNN/runs/cnn_ecoli50_integrated_20261002_v2/best_checkpoint.pt,,,,cnn_ecoli50_integrated_20261002_v2,ecoli50_random_20260928_v1,val,20260928,ok,,0.2286408096551895,log10mm_59711a1c2217859e,2.0.0,ecoli50_strength_v1
course_ecoli50_strength,ecoli50_r002258,73.69,172.5527284425144,2.236921830843732,cnn_1d,log10_minmax,CNN/runs/cnn_ecoli50_integrated_20261002_v2/best_checkpoint.pt,,,,cnn_ecoli50_integrated_20261002_v2,ecoli50_random_20260928_v1,val,20260928,ok,,0.26102215051651,log10mm_59711a1c2217859e,2.0.0,ecoli50_strength_v1
course_ecoli50_strength,ecoli50_r002268,186.16,351.79534700820835,2.5462900909997166,cnn_1d,log10_minmax,CNN/runs/cnn_ecoli50_integrated_20261002_v2/best_checkpoint.pt,,,,cnn_ecoli50_integrated_20261002_v2,ecoli50_random_20260928_v1,val,20260928,ok,,0.3231915235519409,log10mm_59711a1c2217859e,2.0.0,ecoli50_strength_v1
course_ecoli50_strength,ecoli50_r002275,2560.9,318.4431720925944,2.5030319413852866,cnn_1d,log10_minmax,CNN/runs/cnn_ecoli50_integrated_20261002_v2/best_checkpoint.pt,,,,cnn_ecoli50_integrated_20261002_v2,ecoli50_random_20260928_v1,val,20260928,ok,,0.3144985437393188,log10mm_59711a1c2217859e,2.0.0,ecoli50_strength_v1
course_ecoli50_strength,ecoli50_r002278,104.03,131.00475747625185,2.117287067473834,cnn_1d,log10_minmax,CNN/runs/cnn_ecoli50_integrated_20261002_v2/best_checkpoint.pt,,,,cnn_ecoli50_integrated_20261002_v2,ecoli50_random_20260928_v1,val,20260928,ok,,0.2369808405637741,log10mm_59711a1c2217859e,2.0.0,ecoli50_strength_v1
course_ecoli50_strength,ecoli50_r002281,198.09,86.92160062557738,1.939127715076644,cnn_1d,log10_minmax,CNN/runs/cnn_ecoli50_integrated_20261002_v2/best_checkpoint.pt,,,,cnn_ecoli50_integrated_20261002_v2,ecoli50_random_20260928_v1,val,20260928,ok,,0.2011786699295044,log10mm_59711a1c2217859e,2.0.0,ecoli50_strength_v1
course_ecoli50_strength,ecoli50_r002282,198.09,159.03495359521062,2.201492586491588,cnn_1d,log10_minmax,CNN/runs/cnn_ecoli50_integrated_20261002_v2/best_checkpoint.pt,,,,cnn_ecoli50_integrated_20261002_v2,ecoli50_random_20260928_v1,val,20260928,ok,,0.2539024353027344,log10mm_59711a1c2217859e,2.0.0,ecoli50_strength_v1
course_ecoli50_strength,ecoli50_r002284,66.87,184.52996186296195,2.2660668919872355,cnn_1d,log10_minmax,CNN/runs/cnn_ecoli50_integrated_20261002_v2/best_checkpoint.pt,,,,cnn_ecoli50_integrated_20261002_v2,ecoli50_random_20260928_v1,val,20260928,ok,,0.2668790221214294,log10mm_59711a1c2217859e,2.0.0,ecoli50_strength_v1
course_ecoli50_strength,ecoli50_r002285,476.11,208.6275543594976,2.319371667062706,cnn_1d,log10_minmax,CNN/runs/cnn_ecoli50_integrated_20261002_v2/best_checkpoint.pt,,,,cnn_ecoli50_integrated_20261002_v2,ecoli50_random_20260928_v1,val,20260928,ok,,0.2775909304618835,log10mm_59711a1c2217859e,2.0.0,ecoli50_strength_v1
course_ecoli50_strength,ecoli50_r002288,653.88,195.3007199939293,2.290703844357051,cnn_1d,log10_minmax,CNN/runs/cnn_ecoli50_integrated_20261002_v2/best_checkpoint.pt,,,,cnn_ecoli50_integrated_20261002_v2,ecoli50_random_20260928_v1,val,20260928,ok,,0.2718299627304077,log10mm_59711a1c2217859e,2.0.0,ecoli50_strength_v1
course_ecoli50_strength,ecoli50_r002301,1356.37,148.75251383886095,2.172464313809802,cnn_1d,log10_minmax,CNN/runs/cnn_ecoli50_integrated_20261002_v2/best_checkpoint.pt,,,,cnn_ecoli50_integrated_20261002_v2,ecoli50_random_20260928_v1,val,20260928,ok,,0.2480690330266952,log10mm_59711a1c2217859e,2.0.0,ecoli50_strength_v1
course_ecoli50_strength,ecoli50_r002302,53.19,256.5641718117436,2.4091960087386317,cnn_1d,log10_minmax,CNN/runs/cnn_ecoli50_integrated_20261002_v2/best_checkpoint.pt,,,,cnn_ecoli50_integrated_20261002_v2,ecoli50_random_20260928_v1,val,20260928,ok,,0.2956416606903076,log10mm_59711a1c2217859e,2.0.0,ecoli50_strength_v1
course_ecoli50_strength,ecoli50_r002314,39.89,146.1885397414112,2.1649133280107,cnn_1d,log10_minmax,CNN/runs/cnn_ecoli50_integrated_20261002_v2/best_checkpoint.pt,,,,cnn_ecoli50_integrated_20261002_v2,ecoli50_random_20260928_v1,val,20260928,ok,,0.2465516179800033,log10mm_59711a1c2217859e,2.0.0,ecoli50_strength_v1
course_ecoli50_strength,ecoli50_r002319,70.74,224.8996572467921,2.3519887935595083,cnn_1d,log10_minmax,CNN/runs/cnn_ecoli50_integrated_20261002_v2/best_checkpoint.pt,,,,cnn_ecoli50_integrated_20261002_v2,ecoli50_random_20260928_v1,val,20260928,ok,,0.2841455340385437,log10mm_59711a1c2217859e,2.0.0,ecoli50_strength_v1
course_ecoli50_strength,ecoli50_r002327,215.89,128.33917358219793,2.1083592384003427,cnn_1d,log10_minmax,CNN/runs/cnn_ecoli50_integrated_20261002_v2/best_checkpoint.pt,,,,cnn_ecoli50_integrated_20261002_v2,ecoli50_random_20260928_v1,val,20260928,ok,,0.2351867407560348,log10mm_59711a1c2217859e,2.0.0,ecoli50_strength_v1
course_ecoli50_strength,ecoli50_r002332,180.4,187.74318971956563,2.273564192169649,cnn_1d,log10_minmax,CNN/runs/cnn_ecoli50_integrated_20261002_v2/best_checkpoint.pt,,,,cnn_ecoli50_integrated_20261002_v2,ecoli50_random_20260928_v1,val,20260928,ok,,0.268385648727417,log10mm_59711a1c2217859e,2.0.0,ecoli50_strength_v1
course_ecoli50_strength,ecoli50_r002342,429.11,229.26196634292108,2.360332012961776,cnn_1d,log10_minmax,CNN/runs/cnn_ecoli50_integrated_20261002_v2/best_checkpoint.pt,,,,cnn_ecoli50_integrated_20261002_v2,ecoli50_random_20260928_v1,val,20260928,ok,,0.2858221530914306,log10mm_59711a1c2217859e,2.0.0,ecoli50_strength_v1
course_ecoli50_strength,ecoli50_r002348,661.47,345.6737784702146,2.538666436824436,cnn_1d,log10_minmax,CNN/runs/cnn_ecoli50_integrated_20261002_v2/best_checkpoint.pt,,,,cnn_ecoli50_integrated_20261002_v2,ecoli50_random_20260928_v1,val,20260928,ok,,0.321659505367279,log10mm_59711a1c2217859e,2.0.0,ecoli50_strength_v1
course_ecoli50_strength,ecoli50_r002352,1046.33,203.3262688469191,2.308193491172584,cnn_1d,log10_minmax,CNN/runs/cnn_ecoli50_integrated_20261002_v2/best_checkpoint.pt,,,,cnn_ecoli50_integrated_20261002_v2,ecoli50_random_20260928_v1,val,20260928,ok,,0.2753446102142334,log10mm_59711a1c2217859e,2.0.0,ecoli50_strength_v1
course_ecoli50_strength,ecoli50_r002359,232.85,144.79139635504572,2.1607427564292263,cnn_1d,log10_minmax,CNN/runs/cnn_ecoli50_integrated_20261002_v2/best_checkpoint.pt,,,,cnn_ecoli50_integrated_20261002_v2,ecoli50_random_20260928_v1,val,20260928,ok,,0.2457135170698166,log10mm_59711a1c2217859e,2.0.0,ecoli50_strength_v1
course_ecoli50_strength,ecoli50_r002360,89.16,152.5690282513345,2.183466380114795,cnn_1d,log10_minmax,CNN/runs/cnn_ecoli50_integrated_20261002_v2/best_checkpoint.pt,,,,cnn_ecoli50_integrated_20261002_v2,ecoli50_random_20260928_v1,val,20260928,ok,,0.25027996301651,log10mm_59711a1c2217859e,2.0.0,ecoli50_strength_v1
course_ecoli50_strength,ecoli50_r002361,124.28,262.647241595895,2.4193728440655606,cnn_1d,log10_minmax,CNN/runs/cnn_ecoli50_integrated_20261002_v2/best_checkpoint.pt,,,,cnn_ecoli50_integrated_20261002_v2,ecoli50_random_20260928_v1,val,20260928,ok,,0.297686755657196,log10mm_59711a1c2217859e,2.0.0,ecoli50_strength_v1
course_ecoli50_strength,ecoli50_r002374,254.49,178.87587057077292,2.252551760440301,cnn_1d,log10_minmax,CNN/runs/cnn_ecoli50_integrated_20261002_v2/best_checkpoint.pt,,,,cnn_ecoli50_integrated_20261002_v2,ecoli50_random_20260928_v1,val,20260928,ok,,0.264163076877594,log10mm_59711a1c2217859e,2.0.0,ecoli50_strength_v1
course_ecoli50_strength,ecoli50_r002375,43.61,120.62332737529512,2.081431304244359,cnn_1d,log10_minmax,CNN/runs/cnn_ecoli50_integrated_20261002_v2/best_checkpoint.pt,,,,cnn_ecoli50_integrated_20261002_v2,ecoli50_random_20260928_v1,val,20260928,ok,,0.2297754138708114,log10mm_59711a1c2217859e,2.0.0,ecoli50_strength_v1
course_ecoli50_strength,ecoli50_r002385,55.91,180.7456598324084,2.257067877565649,cnn_1d,log10_minmax,CNN/runs/cnn_ecoli50_integrated_20261002_v2/best_checkpoint.pt,,,,cnn_ecoli50_integrated_20261002_v2,ecoli50_random_20260928_v1,val,20260928,ok,,0.2650706171989441,log10mm_59711a1c2217859e,2.0.0,ecoli50_strength_v1
course_ecoli50_strength,ecoli50_r002398,418.27,126.28547838092638,2.101353413725396,cnn_1d,log10_minmax,CNN/runs/cnn_ecoli50_integrated_20261002_v2/best_checkpoint.pt,,,,cnn_ecoli50_integrated_20261002_v2,ecoli50_random_20260928_v1,val,20260928,ok,,0.2337788790464401,log10mm_59711a1c2217859e,2.0.0,ecoli50_strength_v1
course_ecoli50_strength,ecoli50_r002399,1627.62,196.5129120074513,2.2933910912476105,cnn_1d,log10_minmax,CNN/runs/cnn_ecoli50_integrated_20261002_v2/best_checkpoint.pt,,,,cnn_ecoli50_integrated_20261002_v2,ecoli50_random_20260928_v1,val,20260928,ok,,0.2723699808120727,log10mm_59711a1c2217859e,2.0.0,ecoli50_strength_v1
course_ecoli50_strength,ecoli50_r002403,282.63,199.5923590779949,2.300143911331205,cnn_1d,log10_minmax,CNN/runs/cnn_ecoli50_integrated_20261002_v2/best_checkpoint.pt,,,,cnn_ecoli50_integrated_20261002_v2,ecoli50_random_20260928_v1,val,20260928,ok,,0.2737269997596741,log10mm_59711a1c2217859e,2.0.0,ecoli50_strength_v1
course_ecoli50_strength,ecoli50_r002412,256.35,173.96699475354316,2.2404668611788274,cnn_1d,log10_minmax,CNN/runs/cnn_ecoli50_integrated_20261002_v2/best_checkpoint.pt,,,,cnn_ecoli50_integrated_20261002_v2,ecoli50_random_20260928_v1,val,20260928,ok,,0.2617345452308655,log10mm_59711a1c2217859e,2.0.0,ecoli50_strength_v1
course_ecoli50_strength,ecoli50_r002426,134.3,195.5664652183623,2.2912943861406165,cnn_1d,log10_minmax,CNN/runs/cnn_ecoli50_integrated_20261002_v2/best_checkpoint.pt,,,,cnn_ecoli50_integrated_20261002_v2,ecoli50_random_20260928_v1,val,20260928,ok,,0.2719486355781555,log10mm_59711a1c2217859e,2.0.0,ecoli50_strength_v1
course_ecoli50_strength,ecoli50_r002436,55.73,172.2130758568838,2.236066123638515,cnn_1d,log10_minmax,CNN/runs/cnn_ecoli50_integrated_20261002_v2/best_checkpoint.pt,,,,cnn_ecoli50_integrated_20261002_v2,ecoli50_random_20260928_v1,val,20260928,ok,,0.260850191116333,log10mm_59711a1c2217859e,2.0.0,ecoli50_strength_v1
course_ecoli50_strength,ecoli50_r002440,144.82,114.2673992964978,2.0579223430362203,cnn_1d,log10_minmax,CNN/runs/cnn_ecoli50_integrated_20261002_v2/best_checkpoint.pt,,,,cnn_ecoli50_integrated_20261002_v2,ecoli50_random_20260928_v1,val,20260928,ok,,0.225051149725914,log10mm_59711a1c2217859e,2.0.0,ecoli50_strength_v1
course_ecoli50_strength,ecoli50_r002454,102.57,98.08963705189312,1.9916231275745635,cnn_1d,log10_minmax,CNN/runs/cnn_ecoli50_integrated_20261002_v2/best_checkpoint.pt,,,,cnn_ecoli50_integrated_20261002_v2,ecoli50_random_20260928_v1,val,20260928,ok,,0.2117279320955276,log10mm_59711a1c2217859e,2.0.0,ecoli50_strength_v1
course_ecoli50_strength,ecoli50_r002455,969.55,212.0904184001444,2.326521048856309,cnn_1d,log10_minmax,CNN/runs/cnn_ecoli50_integrated_20261002_v2/best_checkpoint.pt,,,,cnn_ecoli50_integrated_20261002_v2,ecoli50_random_20260928_v1,val,20260928,ok,,0.2790276408195495,log10mm_59711a1c2217859e,2.0.0,ecoli50_strength_v1
course_ecoli50_strength,ecoli50_r002462,49.54,128.32041775013855,2.108295764798292,cnn_1d,log10_minmax,CNN/runs/cnn_ecoli50_integrated_20261002_v2/best_checkpoint.pt,,,,cnn_ecoli50_integrated_20261002_v2,ecoli50_random_20260928_v1,val,20260928,ok,,0.2351739853620529,log10mm_59711a1c2217859e,2.0.0,ecoli50_strength_v1
course_ecoli50_strength,ecoli50_r002476,330.96,343.64872639680084,2.5361147387008725,cnn_1d,log10_minmax,CNN/runs/cnn_ecoli50_integrated_20261002_v2/best_checkpoint.pt,,,,cnn_ecoli50_integrated_20261002_v2,ecoli50_random_20260928_v1,val,20260928,ok,,0.3211467266082763,log10mm_59711a1c2217859e,2.0.0,ecoli50_strength_v1
course_ecoli50_strength,ecoli50_r002482,56.59,84.53525122941913,1.9270378476710848,cnn_1d,log10_minmax,CNN/runs/cnn_ecoli50_integrated_20261002_v2/best_checkpoint.pt,,,,cnn_ecoli50_integrated_20261002_v2,ecoli50_random_20260928_v1,val,20260928,ok,,0.1987491399049759,log10mm_59711a1c2217859e,2.0.0,ecoli50_strength_v1
course_ecoli50_strength,ecoli50_r002489,42.09,201.90375007887465,2.3051443854292115,cnn_1d,log10_minmax,CNN/runs/cnn_ecoli50_integrated_20261002_v2/best_checkpoint.pt,,,,cnn_ecoli50_integrated_20261002_v2,ecoli50_random_20260928_v1,val,20260928,ok,,0.2747318744659424,log10mm_59711a1c2217859e,2.0.0,ecoli50_strength_v1
course_ecoli50_strength,ecoli50_r002490,92.88,336.8544485341094,2.527442287063669,cnn_1d,log10_minmax,CNN/runs/cnn_ecoli50_integrated_20261002_v2/best_checkpoint.pt,,,,cnn_ecoli50_integrated_20261002_v2,ecoli50_random_20260928_v1,val,20260928,ok,,0.3194039463996887,log10mm_59711a1c2217859e,2.0.0,ecoli50_strength_v1
course_ecoli50_strength,ecoli50_r002499,926.06,274.3317748414667,2.4382761132519986,cnn_1d,log10_minmax,CNN/runs/cnn_ecoli50_integrated_20261002_v2/best_checkpoint.pt,,,,cnn_ecoli50_integrated_20261002_v2,ecoli50_random_20260928_v1,val,20260928,ok,,0.3014854788780212,log10mm_59711a1c2217859e,2.0.0,ecoli50_strength_v1
course_ecoli50_strength,ecoli50_r002524,39.89,207.55074007376376,2.317124286302246,cnn_1d,log10_minmax,CNN/runs/cnn_ecoli50_integrated_20261002_v2/best_checkpoint.pt,,,,cnn_ecoli50_integrated_20261002_v2,ecoli50_random_20260928_v1,val,20260928,ok,,0.2771393060684204,log10mm_59711a1c2217859e,2.0.0,ecoli50_strength_v1
course_ecoli50_strength,ecoli50_r002527,74.3,116.96019336290593,2.068038077606036,cnn_1d,log10_minmax,CNN/runs/cnn_ecoli50_integrated_20261002_v2/best_checkpoint.pt,,,,cnn_ecoli50_integrated_20261002_v2,ecoli50_random_20260928_v1,val,20260928,ok,,0.2270839661359787,log10mm_59711a1c2217859e,2.0.0,ecoli50_strength_v1
course_ecoli50_strength,ecoli50_r002531,96.21,160.13312709986155,2.20448118468908,cnn_1d,log10_minmax,CNN/runs/cnn_ecoli50_integrated_20261002_v2/best_checkpoint.pt,,,,cnn_ecoli50_integrated_20261002_v2,ecoli50_random_20260928_v1,val,20260928,ok,,0.2545030117034912,log10mm_59711a1c2217859e,2.0.0,ecoli50_strength_v1
course_ecoli50_strength,ecoli50_r002543,56.48,104.617742994411,2.019605346396385,cnn_1d,log10_minmax,CNN/runs/cnn_ecoli50_integrated_20261002_v2/best_checkpoint.pt,,,,cnn_ecoli50_integrated_20261002_v2,ecoli50_random_20260928_v1,val,20260928,ok,,0.2173511236906051,log10mm_59711a1c2217859e,2.0.0,ecoli50_strength_v1
course_ecoli50_strength,ecoli50_r002563,102.94,127.48446009758362,2.105457249043032,cnn_1d,log10_minmax,CNN/runs/cnn_ecoli50_integrated_20261002_v2/best_checkpoint.pt,,,,cnn_ecoli50_integrated_20261002_v2,ecoli50_random_20260928_v1,val,20260928,ok,,0.2346035689115524,log10mm_59711a1c2217859e,2.0.0,ecoli50_strength_v1
course_ecoli50_strength,ecoli50_r002564,100.8,110.349958209165,2.042772173025245,cnn_1d,log10_minmax,CNN/runs/cnn_ecoli50_integrated_20261002_v2/best_checkpoint.pt,,,,cnn_ecoli50_integrated_20261002_v2,ecoli50_random_20260928_v1,val,20260928,ok,,0.2220066338777542,log10mm_59711a1c2217859e,2.0.0,ecoli50_strength_v1
course_ecoli50_strength,ecoli50_r002586,66.15,219.42408541354808,2.34128429683983,cnn_1d,log10_minmax,CNN/runs/cnn_ecoli50_integrated_20261002_v2/best_checkpoint.pt,,,,cnn_ecoli50_integrated_20261002_v2,ecoli50_random_20260928_v1,val,20260928,ok,,0.2819944024085998,log10mm_59711a1c2217859e,2.0.0,ecoli50_strength_v1
course_ecoli50_strength,ecoli50_r002588,152.65,178.65403442584167,2.252012828034104,cnn_1d,log10_minmax,CNN/runs/cnn_ecoli50_integrated_20261002_v2/best_checkpoint.pt,,,,cnn_ecoli50_integrated_20261002_v2,ecoli50_random_20260928_v1,val,20260928,ok,,0.2640547752380371,log10mm_59711a1c2217859e,2.0.0,ecoli50_strength_v1
course_ecoli50_strength,ecoli50_r002614,2260.03,172.71838231668627,2.2373385617357004,cnn_1d,log10_minmax,CNN/runs/cnn_ecoli50_integrated_20261002_v2/best_checkpoint.pt,,,,cnn_ecoli50_integrated_20261002_v2,ecoli50_random_20260928_v1,val,20260928,ok,,0.2611058950424194,log10mm_59711a1c2217859e,2.0.0,ecoli50_strength_v1
course_ecoli50_strength,ecoli50_r002619,624.0,110.99287487801575,2.045295100403953,cnn_1d,log10_minmax,CNN/runs/cnn_ecoli50_integrated_20261002_v2/best_checkpoint.pt,,,,cnn_ecoli50_integrated_20261002_v2,ecoli50_random_20260928_v1,val,20260928,ok,,0.2225136309862136,log10mm_59711a1c2217859e,2.0.0,ecoli50_strength_v1
course_ecoli50_strength,ecoli50_r002622,56.0,113.17768800718464,2.053760817926067,cnn_1d,log10_minmax,CNN/runs/cnn_ecoli50_integrated_20261002_v2/best_checkpoint.pt,,,,cnn_ecoli50_integrated_20261002_v2,ecoli50_random_20260928_v1,val,20260928,ok,,0.2242148667573928,log10mm_59711a1c2217859e,2.0.0,ecoli50_strength_v1
course_ecoli50_strength,ecoli50_r002625,27.92,133.3183589736692,2.1248899592559214,cnn_1d,log10_minmax,CNN/runs/cnn_ecoli50_integrated_20261002_v2/best_checkpoint.pt,,,,cnn_ecoli50_integrated_20261002_v2,ecoli50_random_20260928_v1,val,20260928,ok,,0.2385086864233017,log10mm_59711a1c2217859e,2.0.0,ecoli50_strength_v1
course_ecoli50_strength,ecoli50_r002633,2121.38,165.55009622044926,2.218929437507284,cnn_1d,log10_minmax,CNN/runs/cnn_ecoli50_integrated_20261002_v2/best_checkpoint.pt,,,,cnn_ecoli50_integrated_20261002_v2,ecoli50_random_20260928_v1,val,20260928,ok,,0.25740647315979,log10mm_59711a1c2217859e,2.0.0,ecoli50_strength_v1
course_ecoli50_strength,ecoli50_r002634,2120.14,166.8276492841335,2.2222680303329057,cnn_1d,log10_minmax,CNN/runs/cnn_ecoli50_integrated_20261002_v2/best_checkpoint.pt,,,,cnn_ecoli50_integrated_20261002_v2,ecoli50_random_20260928_v1,val,20260928,ok,,0.2580773830413818,log10mm_59711a1c2217859e,2.0.0,ecoli50_strength_v1
course_ecoli50_strength,ecoli50_r002650,886.52,245.90665066078668,2.390770274595659,cnn_1d,log10_minmax,CNN/runs/cnn_ecoli50_integrated_20261002_v2/best_checkpoint.pt,,,,cnn_ecoli50_integrated_20261002_v2,ecoli50_random_20260928_v1,val,20260928,ok,,0.2919389009475708,log10mm_59711a1c2217859e,2.0.0,ecoli50_strength_v1
course_ecoli50_strength,ecoli50_r002652,112.69,156.3949706184922,2.1942227828174588,cnn_1d,log10_minmax,CNN/runs/cnn_ecoli50_integrated_20261002_v2/best_checkpoint.pt,,,,cnn_ecoli50_integrated_20261002_v2,ecoli50_random_20260928_v1,val,20260928,ok,,0.2524415254592895,log10mm_59711a1c2217859e,2.0.0,ecoli50_strength_v1
course_ecoli50_strength,ecoli50_r002655,174.61,394.2606956807355,2.595783483895972,cnn_1d,log10_minmax,CNN/runs/cnn_ecoli50_integrated_20261002_v2/best_checkpoint.pt,,,,cnn_ecoli50_integrated_20261002_v2,ecoli50_random_20260928_v1,val,20260928,ok,,0.3331375122070312,log10mm_59711a1c2217859e,2.0.0,ecoli50_strength_v1
course_ecoli50_strength,ecoli50_r002657,150.97,300.0092959302788,2.477134711748585,cnn_1d,log10_minmax,CNN/runs/cnn_ecoli50_integrated_20261002_v2/best_checkpoint.pt,,,,cnn_ecoli50_integrated_20261002_v2,ecoli50_random_20260928_v1,val,20260928,ok,,0.3092943429946899,log10mm_59711a1c2217859e,2.0.0,ecoli50_strength_v1
course_ecoli50_strength,ecoli50_r002658,271.74,92.29475668945696,1.9651770292434927,cnn_1d,log10_minmax,CNN/runs/cnn_ecoli50_integrated_20261002_v2/best_checkpoint.pt,,,,cnn_ecoli50_integrated_20261002_v2,ecoli50_random_20260928_v1,val,20260928,ok,,0.2064134329557418,log10mm_59711a1c2217859e,2.0.0,ecoli50_strength_v1
course_ecoli50_strength,ecoli50_r002661,38.32,161.37482868088634,2.207835794218023,cnn_1d,log10_minmax,CNN/runs/cnn_ecoli50_integrated_20261002_v2/best_checkpoint.pt,,,,cnn_ecoli50_integrated_20261002_v2,ecoli50_random_20260928_v1,val,20260928,ok,,0.2551771402359009,log10mm_59711a1c2217859e,2.0.0,ecoli50_strength_v1
course_ecoli50_strength,ecoli50_r002663,144.32,119.07373233912725,2.075815966702188,cnn_1d,log10_minmax,CNN/runs/cnn_ecoli50_integrated_20261002_v2/best_checkpoint.pt,,,,cnn_ecoli50_integrated_20261002_v2,ecoli50_random_20260928_v1,val,20260928,ok,,0.2286469787359237,log10mm_59711a1c2217859e,2.0.0,ecoli50_strength_v1
course_ecoli50_strength,ecoli50_r002667,143.61,272.85209541419533,2.4359272933705043,cnn_1d,log10_minmax,CNN/runs/cnn_ecoli50_integrated_20261002_v2/best_checkpoint.pt,,,,cnn_ecoli50_integrated_20261002_v2,ecoli50_random_20260928_v1,val,20260928,ok,,0.3010134696960449,log10mm_59711a1c2217859e,2.0.0,ecoli50_strength_v1
course_ecoli50_strength,ecoli50_r002669,132.29,124.98462052889084,2.0968565759651567,cnn_1d,log10_minmax,CNN/runs/cnn_ecoli50_integrated_20261002_v2/best_checkpoint.pt,,,,cnn_ecoli50_integrated_20261002_v2,ecoli50_random_20260928_v1,val,20260928,ok,,0.2328752130270004,log10mm_59711a1c2217859e,2.0.0,ecoli50_strength_v1
course_ecoli50_strength,ecoli50_r002672,1202.68,256.75558667783,2.4095199020724603,cnn_1d,log10_minmax,CNN/runs/cnn_ecoli50_integrated_20261002_v2/best_checkpoint.pt,,,,cnn_ecoli50_integrated_20261002_v2,ecoli50_random_20260928_v1,val,20260928,ok,,0.2957067489624023,log10mm_59711a1c2217859e,2.0.0,ecoli50_strength_v1
course_ecoli50_strength,ecoli50_r002673,240.67,185.4721387768108,2.2682786800736485,cnn_1d,log10_minmax,CNN/runs/cnn_ecoli50_integrated_20261002_v2/best_checkpoint.pt,,,,cnn_ecoli50_integrated_20261002_v2,ecoli50_random_20260928_v1,val,20260928,ok,,0.2673234939575195,log10mm_59711a1c2217859e,2.0.0,ecoli50_strength_v1
course_ecoli50_strength,ecoli50_r002680,148.93,171.9113063055695,2.2353044404139064,cnn_1d,log10_minmax,CNN/runs/cnn_ecoli50_integrated_20261002_v2/best_checkpoint.pt,,,,cnn_ecoli50_integrated_20261002_v2,ecoli50_random_20260928_v1,val,20260928,ok,,0.2606971263885498,log10mm_59711a1c2217859e,2.0.0,ecoli50_strength_v1
course_ecoli50_strength,ecoli50_r002681,59.44,214.39801733337177,2.3312207648586174,cnn_1d,log10_minmax,CNN/runs/cnn_ecoli50_integrated_20261002_v2/best_checkpoint.pt,,,,cnn_ecoli50_integrated_20261002_v2,ecoli50_random_20260928_v1,val,20260928,ok,,0.2799720764160156,log10mm_59711a1c2217859e,2.0.0,ecoli50_strength_v1
course_ecoli50_strength,ecoli50_r002683,2055.7,525.8775302583967,2.720884614636873,cnn_1d,log10_minmax,CNN/runs/cnn_ecoli50_integrated_20261002_v2/best_checkpoint.pt,,,,cnn_ecoli50_integrated_20261002_v2,ecoli50_random_20260928_v1,val,20260928,ok,,0.3582773208618164,log10mm_59711a1c2217859e,2.0.0,ecoli50_strength_v1
course_ecoli50_strength,ecoli50_r002686,118.89,194.66578650334776,2.2892896287749114,cnn_1d,log10_minmax,CNN/runs/cnn_ecoli50_integrated_20261002_v2/best_checkpoint.pt,,,,cnn_ecoli50_integrated_20261002_v2,ecoli50_random_20260928_v1,val,20260928,ok,,0.2715457677841186,log10mm_59711a1c2217859e,2.0.0,ecoli50_strength_v1
course_ecoli50_strength,ecoli50_r002692,31.91,182.17916816285643,2.2604987147381768,cnn_1d,log10_minmax,CNN/runs/cnn_ecoli50_integrated_20261002_v2/best_checkpoint.pt,,,,cnn_ecoli50_integrated_20261002_v2,ecoli50_random_20260928_v1,val,20260928,ok,,0.265760064125061,log10mm_59711a1c2217859e,2.0.0,ecoli50_strength_v1
course_ecoli50_strength,ecoli50_r002700,97.29,111.30668999527468,2.0465212680248777,cnn_1d,log10_minmax,CNN/runs/cnn_ecoli50_integrated_20261002_v2/best_checkpoint.pt,,,,cnn_ecoli50_integrated_20261002_v2,ecoli50_random_20260928_v1,val,20260928,ok,,0.2227600365877151,log10mm_59711a1c2217859e,2.0.0,ecoli50_strength_v1
course_ecoli50_strength,ecoli50_r002707,36.08,105.70842431401968,2.0241095992970517,cnn_1d,log10_minmax,CNN/runs/cnn_ecoli50_integrated_20261002_v2/best_checkpoint.pt,,,,cnn_ecoli50_integrated_20261002_v2,ecoli50_random_20260928_v1,val,20260928,ok,,0.2182562798261642,log10mm_59711a1c2217859e,2.0.0,ecoli50_strength_v1
course_ecoli50_strength,ecoli50_r002708,330.27,113.50182743715663,2.055002853947504,cnn_1d,log10_minmax,CNN/runs/cnn_ecoli50_integrated_20261002_v2/best_checkpoint.pt,,,,cnn_ecoli50_integrated_20261002_v2,ecoli50_random_20260928_v1,val,20260928,ok,,0.2244644612073898,log10mm_59711a1c2217859e,2.0.0,ecoli50_strength_v1
course_ecoli50_strength,ecoli50_r002709,4694.17,127.94281786333076,2.10701591156068,cnn_1d,log10_minmax,CNN/runs/cnn_ecoli50_integrated_20261002_v2/best_checkpoint.pt,,,,cnn_ecoli50_integrated_20261002_v2,ecoli50_random_20260928_v1,val,20260928,ok,,0.2349167913198471,log10mm_59711a1c2217859e,2.0.0,ecoli50_strength_v1
course_ecoli50_strength,ecoli50_r002710,105.23,204.50124332135525,2.3106959527637145,cnn_1d,log10_minmax,CNN/runs/cnn_ecoli50_integrated_20261002_v2/best_checkpoint.pt,,,,cnn_ecoli50_integrated_20261002_v2,ecoli50_random_20260928_v1,val,20260928,ok,,0.2758474946022033,log10mm_59711a1c2217859e,2.0.0,ecoli50_strength_v1
course_ecoli50_strength,ecoli50_r002714,87.39,165.6656880047485,2.2192325684479184,cnn_1d,log10_minmax,CNN/runs/cnn_ecoli50_integrated_20261002_v2/best_checkpoint.pt,,,,cnn_ecoli50_integrated_20261002_v2,ecoli50_random_20260928_v1,val,20260928,ok,,0.2574673891067505,log10mm_59711a1c2217859e,2.0.0,ecoli50_strength_v1
course_ecoli50_strength,ecoli50_r002718,252.56,85.01449916630267,1.929493000666295,cnn_1d,log10_minmax,CNN/runs/cnn_ecoli50_integrated_20261002_v2/best_checkpoint.pt,,,,cnn_ecoli50_integrated_20261002_v2,ecoli50_random_20260928_v1,val,20260928,ok,,0.1992425173521042,log10mm_59711a1c2217859e,2.0.0,ecoli50_strength_v1
course_ecoli50_strength,ecoli50_r002719,527.28,280.86910136486165,2.4485039647450626,cnn_1d,log10_minmax,CNN/runs/cnn_ecoli50_integrated_20261002_v2/best_checkpoint.pt,,,,cnn_ecoli50_integrated_20261002_v2,ecoli50_random_20260928_v1,val,20260928,ok,,0.303540825843811,log10mm_59711a1c2217859e,2.0.0,ecoli50_strength_v1
course_ecoli50_strength,ecoli50_r002739,2086.9,278.7587760028839,2.4452285489158743,cnn_1d,log10_minmax,CNN/runs/cnn_ecoli50_integrated_20261002_v2/best_checkpoint.pt,,,,cnn_ecoli50_integrated_20261002_v2,ecoli50_random_20260928_v1,val,20260928,ok,,0.3028826117515564,log10mm_59711a1c2217859e,2.0.0,ecoli50_strength_v1
course_ecoli50_strength,ecoli50_r002741,84.19,223.8773396367453,2.350010137488104,cnn_1d,log10_minmax,CNN/runs/cnn_ecoli50_integrated_20261002_v2/best_checkpoint.pt,,,,cnn_ecoli50_integrated_20261002_v2,ecoli50_random_20260928_v1,val,20260928,ok,,0.283747911453247,log10mm_59711a1c2217859e,2.0.0,ecoli50_strength_v1
course_ecoli50_strength,ecoli50_r002771,310.32,155.5445087239574,2.191854683570856,cnn_1d,log10_minmax,CNN/runs/cnn_ecoli50_integrated_20261002_v2/best_checkpoint.pt,,,,cnn_ecoli50_integrated_20261002_v2,ecoli50_random_20260928_v1,val,20260928,ok,,0.2519656419754028,log10mm_59711a1c2217859e,2.0.0,ecoli50_strength_v1
course_ecoli50_strength,ecoli50_r002773,81.73,304.8471260894898,2.48408210511697,cnn_1d,log10_minmax,CNN/runs/cnn_ecoli50_integrated_20261002_v2/best_checkpoint.pt,,,,cnn_ecoli50_integrated_20261002_v2,ecoli50_random_20260928_v1,val,20260928,ok,,0.3106904625892639,log10mm_59711a1c2217859e,2.0.0,ecoli50_strength_v1
course_ecoli50_strength,ecoli50_r002777,70.45,201.10212407330533,2.30341665770984,cnn_1d,log10_minmax,CNN/runs/cnn_ecoli50_integrated_20261002_v2/best_checkpoint.pt,,,,cnn_ecoli50_integrated_20261002_v2,ecoli50_random_20260928_v1,val,20260928,ok,,0.2743846774101257,log10mm_59711a1c2217859e,2.0.0,ecoli50_strength_v1
course_ecoli50_strength,ecoli50_r002800,114.95,176.994476016443,2.247959712276985,cnn_1d,log10_minmax,CNN/runs/cnn_ecoli50_integrated_20261002_v2/best_checkpoint.pt,,,,cnn_ecoli50_integrated_20261002_v2,ecoli50_random_20260928_v1,val,20260928,ok,,0.2632402777671814,log10mm_59711a1c2217859e,2.0.0,ecoli50_strength_v1
course_ecoli50_strength,ecoli50_r002803,331.59,108.17920046615734,2.034143767322175,cnn_1d,log10_minmax,CNN/runs/cnn_ecoli50_integrated_20261002_v2/best_checkpoint.pt,,,,cnn_ecoli50_integrated_20261002_v2,ecoli50_random_20260928_v1,val,20260928,ok,,0.2202727049589157,log10mm_59711a1c2217859e,2.0.0,ecoli50_strength_v1
course_ecoli50_strength,ecoli50_r002812,48.11,188.31785653072703,2.274891502305991,cnn_1d,log10_minmax,CNN/runs/cnn_ecoli50_integrated_20261002_v2/best_checkpoint.pt,,,,cnn_ecoli50_integrated_20261002_v2,ecoli50_random_20260928_v1,val,20260928,ok,,0.2686523795127868,log10mm_59711a1c2217859e,2.0.0,ecoli50_strength_v1
course_ecoli50_strength,ecoli50_r002814,63.94,61.813751775568,1.7910851038244444,cnn_1d,log10_minmax,CNN/runs/cnn_ecoli50_integrated_20261002_v2/best_checkpoint.pt,,,,cnn_ecoli50_integrated_20261002_v2,ecoli50_random_20260928_v1,val,20260928,ok,,0.1714286357164383,log10mm_59711a1c2217859e,2.0.0,ecoli50_strength_v1
course_ecoli50_strength,ecoli50_r002815,148.61,80.74245423627174,1.907101946028854,cnn_1d,log10_minmax,CNN/runs/cnn_ecoli50_integrated_20261002_v2/best_checkpoint.pt,,,,cnn_ecoli50_integrated_20261002_v2,ecoli50_random_20260928_v1,val,20260928,ok,,0.1947429031133651,log10mm_59711a1c2217859e,2.0.0,ecoli50_strength_v1
course_ecoli50_strength,ecoli50_r002817,201.9,128.89229718272406,2.110226963970966,cnn_1d,log10_minmax,CNN/runs/cnn_ecoli50_integrated_20261002_v2/best_checkpoint.pt,,,,cnn_ecoli50_integrated_20261002_v2,ecoli50_random_20260928_v1,val,20260928,ok,,0.2355620712041854,log10mm_59711a1c2217859e,2.0.0,ecoli50_strength_v1
course_ecoli50_strength,ecoli50_r002820,589.49,182.61054809737743,2.261525859990054,cnn_1d,log10_minmax,CNN/runs/cnn_ecoli50_integrated_20261002_v2/best_checkpoint.pt,,,,cnn_ecoli50_integrated_20261002_v2,ecoli50_random_20260928_v1,val,20260928,ok,,0.2659664750099182,log10mm_59711a1c2217859e,2.0.0,ecoli50_strength_v1
course_ecoli50_strength,ecoli50_r002821,297.22,212.2950441227267,2.326939855987597,cnn_1d,log10_minmax,CNN/runs/cnn_ecoli50_integrated_20261002_v2/best_checkpoint.pt,,,,cnn_ecoli50_integrated_20261002_v2,ecoli50_random_20260928_v1,val,20260928,ok,,0.2791118025779724,log10mm_59711a1c2217859e,2.0.0,ecoli50_strength_v1
course_ecoli50_strength,ecoli50_r002826,565.26,155.7693488466094,2.192482004450937,cnn_1d,log10_minmax,CNN/runs/cnn_ecoli50_integrated_20261002_v2/best_checkpoint.pt,,,,cnn_ecoli50_integrated_20261002_v2,ecoli50_random_20260928_v1,val,20260928,ok,,0.2520917057991028,log10mm_59711a1c2217859e,2.0.0,ecoli50_strength_v1
course_ecoli50_strength,ecoli50_r002828,122.33,166.98176264900394,2.2226690411271703,cnn_1d,log10_minmax,CNN/runs/cnn_ecoli50_integrated_20261002_v2/best_checkpoint.pt,,,,cnn_ecoli50_integrated_20261002_v2,ecoli50_random_20260928_v1,val,20260928,ok,,0.2581579685211181,log10mm_59711a1c2217859e,2.0.0,ecoli50_strength_v1
course_ecoli50_strength,ecoli50_r002833,28.93,145.46111779579658,2.1627469205836976,cnn_1d,log10_minmax,CNN/runs/cnn_ecoli50_integrated_20261002_v2/best_checkpoint.pt,,,,cnn_ecoli50_integrated_20261002_v2,ecoli50_random_20260928_v1,val,20260928,ok,,0.2461162656545639,log10mm_59711a1c2217859e,2.0.0,ecoli50_strength_v1
course_ecoli50_strength,ecoli50_r002839,917.48,217.29036211349123,2.337040463670942,cnn_1d,log10_minmax,CNN/runs/cnn_ecoli50_integrated_20261002_v2/best_checkpoint.pt,,,,cnn_ecoli50_integrated_20261002_v2,ecoli50_random_20260928_v1,val,20260928,ok,,0.2811415791511535,log10mm_59711a1c2217859e,2.0.0,ecoli50_strength_v1
course_ecoli50_strength,ecoli50_r002843,7692.12,177.62477651546214,2.24950354451378,cnn_1d,log10_minmax,CNN/runs/cnn_ecoli50_integrated_20261002_v2/best_checkpoint.pt,,,,cnn_ecoli50_integrated_20261002_v2,ecoli50_random_20260928_v1,val,20260928,ok,,0.2635505199432373,log10mm_59711a1c2217859e,2.0.0,ecoli50_strength_v1
course_ecoli50_strength,ecoli50_r002845,10121.04,103.45455473024062,2.0147496158395035,cnn_1d,log10_minmax,CNN/runs/cnn_ecoli50_integrated_20261002_v2/best_checkpoint.pt,,,,cnn_ecoli50_integrated_20261002_v2,ecoli50_random_20260928_v1,val,20260928,ok,,0.2163753360509872,log10mm_59711a1c2217859e,2.0.0,ecoli50_strength_v1
course_ecoli50_strength,ecoli50_r002859,103.72,70.72952158670726,1.849600720531821,cnn_1d,log10_minmax,CNN/runs/cnn_ecoli50_integrated_20261002_v2/best_checkpoint.pt,,,,cnn_ecoli50_integrated_20261002_v2,ecoli50_random_20260928_v1,val,20260928,ok,,0.1831876933574676,log10mm_59711a1c2217859e,2.0.0,ecoli50_strength_v1
course_ecoli50_strength,ecoli50_r002861,3120.95,253.3666444857508,2.403749439792567,cnn_1d,log10_minmax,CNN/runs/cnn_ecoli50_integrated_20261002_v2/best_checkpoint.pt,,,,cnn_ecoli50_integrated_20261002_v2,ecoli50_random_20260928_v1,val,20260928,ok,,0.2945471405982971,log10mm_59711a1c2217859e,2.0.0,ecoli50_strength_v1
course_ecoli50_strength,ecoli50_r002868,56.12,98.17532278936518,1.992002337855974,cnn_1d,log10_minmax,CNN/runs/cnn_ecoli50_integrated_20261002_v2/best_checkpoint.pt,,,,cnn_ecoli50_integrated_20261002_v2,ecoli50_random_20260928_v1,val,20260928,ok,,0.2118041366338729,log10mm_59711a1c2217859e,2.0.0,ecoli50_strength_v1
course_ecoli50_strength,ecoli50_r002904,106.38,98.95456738754837,1.9954358444790552,cnn_1d,log10_minmax,CNN/runs/cnn_ecoli50_integrated_20261002_v2/best_checkpoint.pt,,,,cnn_ecoli50_integrated_20261002_v2,ecoli50_random_20260928_v1,val,20260928,ok,,0.2124941200017929,log10mm_59711a1c2217859e,2.0.0,ecoli50_strength_v1
course_ecoli50_strength,ecoli50_r002920,809.9,157.4254496470269,2.197074942431104,cnn_1d,log10_minmax,CNN/runs/cnn_ecoli50_integrated_20261002_v2/best_checkpoint.pt,,,,cnn_ecoli50_integrated_20261002_v2,ecoli50_random_20260928_v1,val,20260928,ok,,0.2530146837234497,log10mm_59711a1c2217859e,2.0.0,ecoli50_strength_v1
course_ecoli50_strength,ecoli50_r002924,75.16,271.05328059202327,2.433054667969283,cnn_1d,log10_minmax,CNN/runs/cnn_ecoli50_integrated_20261002_v2/best_checkpoint.pt,,,,cnn_ecoli50_integrated_20261002_v2,ecoli50_random_20260928_v1,val,20260928,ok,,0.3004361987113952,log10mm_59711a1c2217859e,2.0.0,ecoli50_strength_v1
course_ecoli50_strength,ecoli50_r002933,72.16,111.38068007154004,2.046809865290277,cnn_1d,log10_minmax,CNN/runs/cnn_ecoli50_integrated_20261002_v2/best_checkpoint.pt,,,,cnn_ecoli50_integrated_20261002_v2,ecoli50_random_20260928_v1,val,20260928,ok,,0.2228180319070816,log10mm_59711a1c2217859e,2.0.0,ecoli50_strength_v1
course_ecoli50_strength,ecoli50_r002934,383.64,136.07323326570048,2.13377270427562,cnn_1d,log10_minmax,CNN/runs/cnn_ecoli50_integrated_20261002_v2/best_checkpoint.pt,,,,cnn_ecoli50_integrated_20261002_v2,ecoli50_random_20260928_v1,val,20260928,ok,,0.2402937263250351,log10mm_59711a1c2217859e,2.0.0,ecoli50_strength_v1
course_ecoli50_strength,ecoli50_r002958,667.49,384.7153321774808,2.585139494722174,cnn_1d,log10_minmax,CNN/runs/cnn_ecoli50_integrated_20261002_v2/best_checkpoint.pt,,,,cnn_ecoli50_integrated_20261002_v2,ecoli50_random_20260928_v1,val,20260928,ok,,0.3309985399246216,log10mm_59711a1c2217859e,2.0.0,ecoli50_strength_v1
course_ecoli50_strength,ecoli50_r002967,120.27,160.97162484697387,2.206749327842734,cnn_1d,log10_minmax,CNN/runs/cnn_ecoli50_integrated_20261002_v2/best_checkpoint.pt,,,,cnn_ecoli50_integrated_20261002_v2,ecoli50_random_20260928_v1,val,20260928,ok,,0.2549588084220886,log10mm_59711a1c2217859e,2.0.0,ecoli50_strength_v1
course_ecoli50_strength,ecoli50_r002973,41.07,164.78855783662797,2.216927052986515,cnn_1d,log10_minmax,CNN/runs/cnn_ecoli50_integrated_20261002_v2/best_checkpoint.pt,,,,cnn_ecoli50_integrated_20261002_v2,ecoli50_random_20260928_v1,val,20260928,ok,,0.2570040822029114,log10mm_59711a1c2217859e,2.0.0,ecoli50_strength_v1
course_ecoli50_strength,ecoli50_r002983,291.87,195.7489987862997,2.29169954941352,cnn_1d,log10_minmax,CNN/runs/cnn_ecoli50_integrated_20261002_v2/best_checkpoint.pt,,,,cnn_ecoli50_integrated_20261002_v2,ecoli50_random_20260928_v1,val,20260928,ok,,0.2720300555229187,log10mm_59711a1c2217859e,2.0.0,ecoli50_strength_v1
course_ecoli50_strength,ecoli50_r002997,172.77,343.37775683781643,2.535772159213169,cnn_1d,log10_minmax,CNN/runs/cnn_ecoli50_integrated_20261002_v2/best_checkpoint.pt,,,,cnn_ecoli50_integrated_20261002_v2,ecoli50_random_20260928_v1,val,20260928,ok,,0.3210778832435608,log10mm_59711a1c2217859e,2.0.0,ecoli50_strength_v1
course_ecoli50_strength,ecoli50_r002999,374.13,161.87751773253757,2.2091865361981124,cnn_1d,log10_minmax,CNN/runs/cnn_ecoli50_integrated_20261002_v2/best_checkpoint.pt,,,,cnn_ecoli50_integrated_20261002_v2,ecoli50_random_20260928_v1,val,20260928,ok,,0.255448579788208,log10mm_59711a1c2217859e,2.0.0,ecoli50_strength_v1
course_ecoli50_strength,ecoli50_r003008,50.11,149.8758714421484,2.1757317212873293,cnn_1d,log10_minmax,CNN/runs/cnn_ecoli50_integrated_20261002_v2/best_checkpoint.pt,,,,cnn_ecoli50_integrated_20261002_v2,ecoli50_random_20260928_v1,val,20260928,ok,,0.2487256377935409,log10mm_59711a1c2217859e,2.0.0,ecoli50_strength_v1
course_ecoli50_strength,ecoli50_r003013,305.29,119.05206184979654,2.075736921305241,cnn_1d,log10_minmax,CNN/runs/cnn_ecoli50_integrated_20261002_v2/best_checkpoint.pt,,,,cnn_ecoli50_integrated_20261002_v2,ecoli50_random_20260928_v1,val,20260928,ok,,0.2286310940980911,log10mm_59711a1c2217859e,2.0.0,ecoli50_strength_v1
course_ecoli50_strength,ecoli50_r003021,120.27,283.214854351044,2.452116027949613,cnn_1d,log10_minmax,CNN/runs/cnn_ecoli50_integrated_20261002_v2/best_checkpoint.pt,,,,cnn_ecoli50_integrated_20261002_v2,ecoli50_random_20260928_v1,val,20260928,ok,,0.3042666912078857,log10mm_59711a1c2217859e,2.0.0,ecoli50_strength_v1
course_ecoli50_strength,ecoli50_r003022,54.12,411.0470667646029,2.6138915534230738,cnn_1d,log10_minmax,CNN/runs/cnn_ecoli50_integrated_20261002_v2/best_checkpoint.pt,,,,cnn_ecoli50_integrated_20261002_v2,ecoli50_random_20260928_v1,val,20260928,ok,,0.3367764353752136,log10mm_59711a1c2217859e,2.0.0,ecoli50_strength_v1
course_ecoli50_strength,ecoli50_r003027,42.44,80.36153963423588,1.9050482487363336,cnn_1d,log10_minmax,CNN/runs/cnn_ecoli50_integrated_20261002_v2/best_checkpoint.pt,,,,cnn_ecoli50_integrated_20261002_v2,ecoli50_random_20260928_v1,val,20260928,ok,,0.1943302005529403,log10mm_59711a1c2217859e,2.0.0,ecoli50_strength_v1
course_ecoli50_strength,ecoli50_r003036,196.26,164.6467010221358,2.216553033303403,cnn_1d,log10_minmax,CNN/runs/cnn_ecoli50_integrated_20261002_v2/best_checkpoint.pt,,,,cnn_ecoli50_integrated_20261002_v2,ecoli50_random_20260928_v1,val,20260928,ok,,0.2569289207458496,log10mm_59711a1c2217859e,2.0.0,ecoli50_strength_v1
course_ecoli50_strength,ecoli50_r003037,78.02,256.308823856072,2.4087635577489586,cnn_1d,log10_minmax,CNN/runs/cnn_ecoli50_integrated_20261002_v2/best_checkpoint.pt,,,,cnn_ecoli50_integrated_20261002_v2,ecoli50_random_20260928_v1,val,20260928,ok,,0.2955547571182251,log10mm_59711a1c2217859e,2.0.0,ecoli50_strength_v1
course_ecoli50_strength,ecoli50_r003040,125.27,274.0482621287991,2.4378270523477705,cnn_1d,log10_minmax,CNN/runs/cnn_ecoli50_integrated_20261002_v2/best_checkpoint.pt,,,,cnn_ecoli50_integrated_20261002_v2,ecoli50_random_20260928_v1,val,20260928,ok,,0.3013952374458313,log10mm_59711a1c2217859e,2.0.0,ecoli50_strength_v1
course_ecoli50_strength,ecoli50_r003042,594.43,308.58494608144434,2.4893747357477807,cnn_1d,log10_minmax,CNN/runs/cnn_ecoli50_integrated_20261002_v2/best_checkpoint.pt,,,,cnn_ecoli50_integrated_20261002_v2,ecoli50_random_20260928_v1,val,20260928,ok,,0.311754047870636,log10mm_59711a1c2217859e,2.0.0,ecoli50_strength_v1
course_ecoli50_strength,ecoli50_r003043,137.46,184.72944356604563,2.266536122073424,cnn_1d,log10_minmax,CNN/runs/cnn_ecoli50_integrated_20261002_v2/best_checkpoint.pt,,,,cnn_ecoli50_integrated_20261002_v2,ecoli50_random_20260928_v1,val,20260928,ok,,0.2669733166694641,log10mm_59711a1c2217859e,2.0.0,ecoli50_strength_v1
course_ecoli50_strength,ecoli50_r003061,381.19,96.8510503845238,1.986104335160745,cnn_1d,log10_minmax,CNN/runs/cnn_ecoli50_integrated_20261002_v2/best_checkpoint.pt,,,,cnn_ecoli50_integrated_20261002_v2,ecoli50_random_20260928_v1,val,20260928,ok,,0.2106188982725143,log10mm_59711a1c2217859e,2.0.0,ecoli50_strength_v1
course_ecoli50_strength,ecoli50_r003062,67.79,401.34629206316464,2.603519254994502,cnn_1d,log10_minmax,CNN/runs/cnn_ecoli50_integrated_20261002_v2/best_checkpoint.pt,,,,cnn_ecoli50_integrated_20261002_v2,ecoli50_random_20260928_v1,val,20260928,ok,,0.3346920609474182,log10mm_59711a1c2217859e,2.0.0,ecoli50_strength_v1
course_ecoli50_strength,ecoli50_r003074,887.31,178.82371371868925,2.2524251098418167,cnn_1d,log10_minmax,CNN/runs/cnn_ecoli50_integrated_20261002_v2/best_checkpoint.pt,,,,cnn_ecoli50_integrated_20261002_v2,ecoli50_random_20260928_v1,val,20260928,ok,,0.2641376256942749,log10mm_59711a1c2217859e,2.0.0,ecoli50_strength_v1
course_ecoli50_strength,ecoli50_r003075,321.36,185.4404739823282,2.268204528669384,cnn_1d,log10_minmax,CNN/runs/cnn_ecoli50_integrated_20261002_v2/best_checkpoint.pt,,,,cnn_ecoli50_integrated_20261002_v2,ecoli50_random_20260928_v1,val,20260928,ok,,0.2673085927963257,log10mm_59711a1c2217859e,2.0.0,ecoli50_strength_v1
course_ecoli50_strength,ecoli50_r003081,674.96,211.0843719040746,2.3244560805503407,cnn_1d,log10_minmax,CNN/runs/cnn_ecoli50_integrated_20261002_v2/best_checkpoint.pt,,,,cnn_ecoli50_integrated_20261002_v2,ecoli50_random_20260928_v1,val,20260928,ok,,0.2786126732826233,log10mm_59711a1c2217859e,2.0.0,ecoli50_strength_v1
course_ecoli50_strength,ecoli50_r003083,761.94,105.04183254045913,2.021362289769037,cnn_1d,log10_minmax,CNN/runs/cnn_ecoli50_integrated_20261002_v2/best_checkpoint.pt,,,,cnn_ecoli50_integrated_20261002_v2,ecoli50_random_20260928_v1,val,20260928,ok,,0.2177041918039322,log10mm_59711a1c2217859e,2.0.0,ecoli50_strength_v1
course_ecoli50_strength,ecoli50_r003086,85.48,198.80371173585968,2.2984244885691107,cnn_1d,log10_minmax,CNN/runs/cnn_ecoli50_integrated_20261002_v2/best_checkpoint.pt,,,,cnn_ecoli50_integrated_20261002_v2,ecoli50_random_20260928_v1,val,20260928,ok,,0.2733814716339111,log10mm_59711a1c2217859e,2.0.0,ecoli50_strength_v1
course_ecoli50_strength,ecoli50_r003091,2688.05,227.12950703360056,2.3562735583035503,cnn_1d,log10_minmax,CNN/runs/cnn_ecoli50_integrated_20261002_v2/best_checkpoint.pt,,,,cnn_ecoli50_integrated_20261002_v2,ecoli50_random_20260928_v1,val,20260928,ok,,0.285006582736969,log10mm_59711a1c2217859e,2.0.0,ecoli50_strength_v1
course_ecoli50_strength,ecoli50_r003102,197.65,169.79581449240175,2.229926980576617,cnn_1d,log10_minmax,CNN/runs/cnn_ecoli50_integrated_20261002_v2/best_checkpoint.pt,,,,cnn_ecoli50_integrated_20261002_v2,ecoli50_random_20260928_v1,val,20260928,ok,,0.259616494178772,log10mm_59711a1c2217859e,2.0.0,ecoli50_strength_v1
course_ecoli50_strength,ecoli50_r003103,94.36,247.2913730790581,2.3932089659791225,cnn_1d,log10_minmax,CNN/runs/cnn_ecoli50_integrated_20261002_v2/best_checkpoint.pt,,,,cnn_ecoli50_integrated_20261002_v2,ecoli50_random_20260928_v1,val,20260928,ok,,0.292428970336914,log10mm_59711a1c2217859e,2.0.0,ecoli50_strength_v1
course_ecoli50_strength,ecoli50_r003106,831.21,205.48700056174175,2.312784352913431,cnn_1d,log10_minmax,CNN/runs/cnn_ecoli50_integrated_20261002_v2/best_checkpoint.pt,,,,cnn_ecoli50_integrated_20261002_v2,ecoli50_random_20260928_v1,val,20260928,ok,,0.2762671709060669,log10mm_59711a1c2217859e,2.0.0,ecoli50_strength_v1
course_ecoli50_strength,ecoli50_r003110,2594.87,359.1060035682083,2.5552226657630817,cnn_1d,log10_minmax,CNN/runs/cnn_ecoli50_integrated_20261002_v2/best_checkpoint.pt,,,,cnn_ecoli50_integrated_20261002_v2,ecoli50_random_20260928_v1,val,20260928,ok,,0.3249865770339966,log10mm_59711a1c2217859e,2.0.0,ecoli50_strength_v1
course_ecoli50_strength,ecoli50_r003115,50.11,126.29755366265344,2.1013949385117847,cnn_1d,log10_minmax,CNN/runs/cnn_ecoli50_integrated_20261002_v2/best_checkpoint.pt,,,,cnn_ecoli50_integrated_20261002_v2,ecoli50_random_20260928_v1,val,20260928,ok,,0.2337872236967086,log10mm_59711a1c2217859e,2.0.0,ecoli50_strength_v1
course_ecoli50_strength,ecoli50_r003126,275.1,461.78736793461474,2.6644420487385294,cnn_1d,log10_minmax,CNN/runs/cnn_ecoli50_integrated_20261002_v2/best_checkpoint.pt,,,,cnn_ecoli50_integrated_20261002_v2,ecoli50_random_20260928_v1,val,20260928,ok,,0.3469348549842834,log10mm_59711a1c2217859e,2.0.0,ecoli50_strength_v1
course_ecoli50_strength,ecoli50_r003138,90.42,143.59445295362116,2.157137663456676,cnn_1d,log10_minmax,CNN/runs/cnn_ecoli50_integrated_20261002_v2/best_checkpoint.pt,,,,cnn_ecoli50_integrated_20261002_v2,ecoli50_random_20260928_v1,val,20260928,ok,,0.2449890524148941,log10mm_59711a1c2217859e,2.0.0,ecoli50_strength_v1
course_ecoli50_strength,ecoli50_r003156,58.51,106.5835236722951,2.0276900740033854,cnn_1d,log10_minmax,CNN/runs/cnn_ecoli50_integrated_20261002_v2/best_checkpoint.pt,,,,cnn_ecoli50_integrated_20261002_v2,ecoli50_random_20260928_v1,val,20260928,ok,,0.2189757972955703,log10mm_59711a1c2217859e,2.0.0,ecoli50_strength_v1
course_ecoli50_strength,ecoli50_r003160,171.57,211.9689247305681,2.326272196743596,cnn_1d,log10_minmax,CNN/runs/cnn_ecoli50_integrated_20261002_v2/best_checkpoint.pt,,,,cnn_ecoli50_integrated_20261002_v2,ecoli50_random_20260928_v1,val,20260928,ok,,0.278977632522583,log10mm_59711a1c2217859e,2.0.0,ecoli50_strength_v1
course_ecoli50_strength,ecoli50_r003161,61.92,296.9353471528404,2.472661899043328,cnn_1d,log10_minmax,CNN/runs/cnn_ecoli50_integrated_20261002_v2/best_checkpoint.pt,,,,cnn_ecoli50_integrated_20261002_v2,ecoli50_random_20260928_v1,val,20260928,ok,,0.308395504951477,log10mm_59711a1c2217859e,2.0.0,ecoli50_strength_v1
course_ecoli50_strength,ecoli50_r003166,704.52,257.433872422894,2.4106656895711613,cnn_1d,log10_minmax,CNN/runs/cnn_ecoli50_integrated_20261002_v2/best_checkpoint.pt,,,,cnn_ecoli50_integrated_20261002_v2,ecoli50_random_20260928_v1,val,20260928,ok,,0.2959370017051697,log10mm_59711a1c2217859e,2.0.0,ecoli50_strength_v1
course_ecoli50_strength,ecoli50_r003167,2548.63,500.2078942316176,2.6991505414412185,cnn_1d,log10_minmax,CNN/runs/cnn_ecoli50_integrated_20261002_v2/best_checkpoint.pt,,,,cnn_ecoli50_integrated_20261002_v2,ecoli50_random_20260928_v1,val,20260928,ok,,0.3539097309112549,log10mm_59711a1c2217859e,2.0.0,ecoli50_strength_v1
course_ecoli50_strength,ecoli50_r003175,180.4,135.018561442737,2.1303934764804606,cnn_1d,log10_minmax,CNN/runs/cnn_ecoli50_integrated_20261002_v2/best_checkpoint.pt,,,,cnn_ecoli50_integrated_20261002_v2,ecoli50_random_20260928_v1,val,20260928,ok,,0.239614650607109,log10mm_59711a1c2217859e,2.0.0,ecoli50_strength_v1
course_ecoli50_strength,ecoli50_r003184,50.11,279.34576664563264,2.4461420942164174,cnn_1d,log10_minmax,CNN/runs/cnn_ecoli50_integrated_20261002_v2/best_checkpoint.pt,,,,cnn_ecoli50_integrated_20261002_v2,ecoli50_random_20260928_v1,val,20260928,ok,,0.3030661940574646,log10mm_59711a1c2217859e,2.0.0,ecoli50_strength_v1
course_ecoli50_strength,ecoli50_r003187,1146.55,263.73309937036964,2.421164638598217,cnn_1d,log10_minmax,CNN/runs/cnn_ecoli50_integrated_20261002_v2/best_checkpoint.pt,,,,cnn_ecoli50_integrated_20261002_v2,ecoli50_random_20260928_v1,val,20260928,ok,,0.2980468273162842,log10mm_59711a1c2217859e,2.0.0,ecoli50_strength_v1
course_ecoli50_strength,ecoli50_r003201,82.88,110.59639250057278,2.043740961121966,cnn_1d,log10_minmax,CNN/runs/cnn_ecoli50_integrated_20261002_v2/best_checkpoint.pt,,,,cnn_ecoli50_integrated_20261002_v2,ecoli50_random_20260928_v1,val,20260928,ok,,0.2222013175487518,log10mm_59711a1c2217859e,2.0.0,ecoli50_strength_v1
course_ecoli50_strength,ecoli50_r003203,87.31,128.44404638146068,2.1087139787183458,cnn_1d,log10_minmax,CNN/runs/cnn_ecoli50_integrated_20261002_v2/best_checkpoint.pt,,,,cnn_ecoli50_integrated_20261002_v2,ecoli50_random_20260928_v1,val,20260928,ok,,0.2352580279111862,log10mm_59711a1c2217859e,2.0.0,ecoli50_strength_v1
course_ecoli50_strength,ecoli50_r003208,159.16,198.715070481776,2.298230805101171,cnn_1d,log10_minmax,CNN/runs/cnn_ecoli50_integrated_20261002_v2/best_checkpoint.pt,,,,cnn_ecoli50_integrated_20261002_v2,ecoli50_random_20260928_v1,val,20260928,ok,,0.2733425498008728,log10mm_59711a1c2217859e,2.0.0,ecoli50_strength_v1
course_ecoli50_strength,ecoli50_r003215,70.59,166.0930135258024,2.220351364835467,cnn_1d,log10_minmax,CNN/runs/cnn_ecoli50_integrated_20261002_v2/best_checkpoint.pt,,,,cnn_ecoli50_integrated_20261002_v2,ecoli50_random_20260928_v1,val,20260928,ok,,0.2576922178268432,log10mm_59711a1c2217859e,2.0.0,ecoli50_strength_v1
course_ecoli50_strength,ecoli50_r003218,458.83,155.1306545943509,2.1906976250587062,cnn_1d,log10_minmax,CNN/runs/cnn_ecoli50_integrated_20261002_v2/best_checkpoint.pt,,,,cnn_ecoli50_integrated_20261002_v2,ecoli50_random_20260928_v1,val,20260928,ok,,0.251733124256134,log10mm_59711a1c2217859e,2.0.0,ecoli50_strength_v1
course_ecoli50_strength,ecoli50_r003239,50.16,125.7831374694282,2.099622423344237,cnn_1d,log10_minmax,CNN/runs/cnn_ecoli50_integrated_20261002_v2/best_checkpoint.pt,,,,cnn_ecoli50_integrated_20261002_v2,ecoli50_random_20260928_v1,val,20260928,ok,,0.2334310263395309,log10mm_59711a1c2217859e,2.0.0,ecoli50_strength_v1
course_ecoli50_strength,ecoli50_r003241,271.74,219.77698429945863,2.341982209856771,cnn_1d,log10_minmax,CNN/runs/cnn_ecoli50_integrated_20261002_v2/best_checkpoint.pt,,,,cnn_ecoli50_integrated_20261002_v2,ecoli50_random_20260928_v1,val,20260928,ok,,0.2821346521377563,log10mm_59711a1c2217859e,2.0.0,ecoli50_strength_v1
course_ecoli50_strength,ecoli50_r003249,59.44,222.72227114546985,2.3477636465444958,cnn_1d,log10_minmax,CNN/runs/cnn_ecoli50_integrated_20261002_v2/best_checkpoint.pt,,,,cnn_ecoli50_integrated_20261002_v2,ecoli50_random_20260928_v1,val,20260928,ok,,0.2832964658737182,log10mm_59711a1c2217859e,2.0.0,ecoli50_strength_v1
course_ecoli50_strength,ecoli50_r003266,66.15,188.85790582990856,2.276135169658321,cnn_1d,log10_minmax,CNN/runs/cnn_ecoli50_integrated_20261002_v2/best_checkpoint.pt,,,,cnn_ecoli50_integrated_20261002_v2,ecoli50_random_20260928_v1,val,20260928,ok,,0.2689023017883301,log10mm_59711a1c2217859e,2.0.0,ecoli50_strength_v1
course_ecoli50_strength,ecoli50_r003269,596.21,172.4865113873113,2.2367551384869446,cnn_1d,log10_minmax,CNN/runs/cnn_ecoli50_integrated_20261002_v2/best_checkpoint.pt,,,,cnn_ecoli50_integrated_20261002_v2,ecoli50_random_20260928_v1,val,20260928,ok,,0.2609886527061462,log10mm_59711a1c2217859e,2.0.0,ecoli50_strength_v1
course_ecoli50_strength,ecoli50_r003270,151.58,140.16065187381687,2.146626108690895,cnn_1d,log10_minmax,CNN/runs/cnn_ecoli50_integrated_20261002_v2/best_checkpoint.pt,,,,cnn_ecoli50_integrated_20261002_v2,ecoli50_random_20260928_v1,val,20260928,ok,,0.2428766936063766,log10mm_59711a1c2217859e,2.0.0,ecoli50_strength_v1
course_ecoli50_strength,ecoli50_r003275,74.86,126.45001707778025,2.10191889233432,cnn_1d,log10_minmax,CNN/runs/cnn_ecoli50_integrated_20261002_v2/best_checkpoint.pt,,,,cnn_ecoli50_integrated_20261002_v2,ecoli50_random_20260928_v1,val,20260928,ok,,0.2338925153017044,log10mm_59711a1c2217859e,2.0.0,ecoli50_strength_v1
course_ecoli50_strength,ecoli50_r003286,48.11,164.10055390623646,2.215110046976408,cnn_1d,log10_minmax,CNN/runs/cnn_ecoli50_integrated_20261002_v2/best_checkpoint.pt,,,,cnn_ecoli50_integrated_20261002_v2,ecoli50_random_20260928_v1,val,20260928,ok,,0.2566389441490173,log10mm_59711a1c2217859e,2.0.0,ecoli50_strength_v1
course_ecoli50_strength,ecoli50_r003288,310.6,308.8550363366934,2.489754687543234,cnn_1d,log10_minmax,CNN/runs/cnn_ecoli50_integrated_20261002_v2/best_checkpoint.pt,,,,cnn_ecoli50_integrated_20261002_v2,ecoli50_random_20260928_v1,val,20260928,ok,,0.3118304014205932,log10mm_59711a1c2217859e,2.0.0,ecoli50_strength_v1
course_ecoli50_strength,ecoli50_r003290,404.96,191.1530505636749,2.281381233207253,cnn_1d,log10_minmax,CNN/runs/cnn_ecoli50_integrated_20261002_v2/best_checkpoint.pt,,,,cnn_ecoli50_integrated_20261002_v2,ecoli50_random_20260928_v1,val,20260928,ok,,0.2699565291404724,log10mm_59711a1c2217859e,2.0.0,ecoli50_strength_v1
course_ecoli50_strength,ecoli50_r003292,3138.99,225.8379388030752,2.3537969014011035,cnn_1d,log10_minmax,CNN/runs/cnn_ecoli50_integrated_20261002_v2/best_checkpoint.pt,,,,cnn_ecoli50_integrated_20261002_v2,ecoli50_random_20260928_v1,val,20260928,ok,,0.2845088839530945,log10mm_59711a1c2217859e,2.0.0,ecoli50_strength_v1
course_ecoli50_strength,ecoli50_r003305,66.48,168.7971842857223,2.2273651978620737,cnn_1d,log10_minmax,CNN/runs/cnn_ecoli50_integrated_20261002_v2/best_checkpoint.pt,,,,cnn_ecoli50_integrated_20261002_v2,ecoli50_random_20260928_v1,val,20260928,ok,,0.2591016888618469,log10mm_59711a1c2217859e,2.0.0,ecoli50_strength_v1
course_ecoli50_strength,ecoli50_r003306,107.36,129.1195220692673,2.110991909857362,cnn_1d,log10_minmax,CNN/runs/cnn_ecoli50_integrated_20261002_v2/best_checkpoint.pt,,,,cnn_ecoli50_integrated_20261002_v2,ecoli50_random_20260928_v1,val,20260928,ok,,0.2357157915830612,log10mm_59711a1c2217859e,2.0.0,ecoli50_strength_v1
course_ecoli50_strength,ecoli50_r003311,543.21,271.3846599172925,2.4335852954182022,cnn_1d,log10_minmax,CNN/runs/cnn_ecoli50_integrated_20261002_v2/best_checkpoint.pt,,,,cnn_ecoli50_integrated_20261002_v2,ecoli50_random_20260928_v1,val,20260928,ok,,0.3005428314208984,log10mm_59711a1c2217859e,2.0.0,ecoli50_strength_v1
course_ecoli50_strength,ecoli50_r003319,438.39,208.96808425475655,2.320079961276244,cnn_1d,log10_minmax,CNN/runs/cnn_ecoli50_integrated_20261002_v2/best_checkpoint.pt,,,,cnn_ecoli50_integrated_20261002_v2,ecoli50_random_20260928_v1,val,20260928,ok,,0.2777332663536072,log10mm_59711a1c2217859e,2.0.0,ecoli50_strength_v1
course_ecoli50_strength,ecoli50_r003335,276.62,416.756511121996,2.619882393676442,cnn_1d,log10_minmax,CNN/runs/cnn_ecoli50_integrated_20261002_v2/best_checkpoint.pt,,,,cnn_ecoli50_integrated_20261002_v2,ecoli50_random_20260928_v1,val,20260928,ok,,0.3379803299903869,log10mm_59711a1c2217859e,2.0.0,ecoli50_strength_v1
course_ecoli50_strength,ecoli50_r003336,66.87,82.87625732818212,1.9184301302098048,cnn_1d,log10_minmax,CNN/runs/cnn_ecoli50_integrated_20261002_v2/best_checkpoint.pt,,,,cnn_ecoli50_integrated_20261002_v2,ecoli50_random_20260928_v1,val,20260928,ok,,0.1970193684101104,log10mm_59711a1c2217859e,2.0.0,ecoli50_strength_v1
course_ecoli50_strength,ecoli50_r003339,548.22,239.27899001168612,2.3789045668851925,cnn_1d,log10_minmax,CNN/runs/cnn_ecoli50_integrated_20261002_v2/best_checkpoint.pt,,,,cnn_ecoli50_integrated_20261002_v2,ecoli50_random_20260928_v1,val,20260928,ok,,0.2895544171333313,log10mm_59711a1c2217859e,2.0.0,ecoli50_strength_v1
course_ecoli50_strength,ecoli50_r003345,144.42,134.8192536330327,2.129751918530761,cnn_1d,log10_minmax,CNN/runs/cnn_ecoli50_integrated_20261002_v2/best_checkpoint.pt,,,,cnn_ecoli50_integrated_20261002_v2,ecoli50_random_20260928_v1,val,20260928,ok,,0.2394857257604599,log10mm_59711a1c2217859e,2.0.0,ecoli50_strength_v1
course_ecoli50_strength,ecoli50_r003346,248.55,95.49890939341154,1.9799984119279577,cnn_1d,log10_minmax,CNN/runs/cnn_ecoli50_integrated_20261002_v2/best_checkpoint.pt,,,,cnn_ecoli50_integrated_20261002_v2,ecoli50_random_20260928_v1,val,20260928,ok,,0.2093918770551681,log10mm_59711a1c2217859e,2.0.0,ecoli50_strength_v1
course_ecoli50_strength,ecoli50_r003349,79.88,224.9210082982937,2.35203002174028,cnn_1d,log10_minmax,CNN/runs/cnn_ecoli50_integrated_20261002_v2/best_checkpoint.pt,,,,cnn_ecoli50_integrated_20261002_v2,ecoli50_random_20260928_v1,val,20260928,ok,,0.2841538190841675,log10mm_59711a1c2217859e,2.0.0,ecoli50_strength_v1
course_ecoli50_strength,ecoli50_r003350,446.2,206.49386792945143,2.314907159314726,cnn_1d,log10_minmax,CNN/runs/cnn_ecoli50_integrated_20261002_v2/best_checkpoint.pt,,,,cnn_ecoli50_integrated_20261002_v2,ecoli50_random_20260928_v1,val,20260928,ok,,0.2766937613487243,log10mm_59711a1c2217859e,2.0.0,ecoli50_strength_v1
course_ecoli50_strength,ecoli50_r003352,104.03,118.98211707958907,2.0754816921717616,cnn_1d,log10_minmax,CNN/runs/cnn_ecoli50_integrated_20261002_v2/best_checkpoint.pt,,,,cnn_ecoli50_integrated_20261002_v2,ecoli50_random_20260928_v1,val,20260928,ok,,0.2285798043012619,log10mm_59711a1c2217859e,2.0.0,ecoli50_strength_v1
course_ecoli50_strength,ecoli50_r003373,127.33,79.70241514502796,1.901471481600213,cnn_1d,log10_minmax,CNN/runs/cnn_ecoli50_integrated_20261002_v2/best_checkpoint.pt,,,,cnn_ecoli50_integrated_20261002_v2,ecoli50_random_20260928_v1,val,20260928,ok,,0.1936114281415939,log10mm_59711a1c2217859e,2.0.0,ecoli50_strength_v1
course_ecoli50_strength,ecoli50_r003393,90.2,184.90363024640575,2.266945437824966,cnn_1d,log10_minmax,CNN/runs/cnn_ecoli50_integrated_20261002_v2/best_checkpoint.pt,,,,cnn_ecoli50_integrated_20261002_v2,ecoli50_random_20260928_v1,val,20260928,ok,,0.2670555710792541,log10mm_59711a1c2217859e,2.0.0,ecoli50_strength_v1
course_ecoli50_strength,ecoli50_r003399,752.33,253.84867052347448,2.404574893224844,cnn_1d,log10_minmax,CNN/runs/cnn_ecoli50_integrated_20261002_v2/best_checkpoint.pt,,,,cnn_ecoli50_integrated_20261002_v2,ecoli50_random_20260928_v1,val,20260928,ok,,0.294713020324707,log10mm_59711a1c2217859e,2.0.0,ecoli50_strength_v1
course_ecoli50_strength,ecoli50_r003403,673.42,163.9546983374115,2.2147238664629967,cnn_1d,log10_minmax,CNN/runs/cnn_ecoli50_integrated_20261002_v2/best_checkpoint.pt,,,,cnn_ecoli50_integrated_20261002_v2,ecoli50_random_20260928_v1,val,20260928,ok,,0.2565613389015198,log10mm_59711a1c2217859e,2.0.0,ecoli50_strength_v1
course_ecoli50_strength,ecoli50_r003404,134.4,259.53071971049883,2.4141887710905943,cnn_1d,log10_minmax,CNN/runs/cnn_ecoli50_integrated_20261002_v2/best_checkpoint.pt,,,,cnn_ecoli50_integrated_20261002_v2,ecoli50_random_20260928_v1,val,20260928,ok,,0.2966449856758117,log10mm_59711a1c2217859e,2.0.0,ecoli50_strength_v1
course_ecoli50_strength,ecoli50_r003407,43.61,264.80554148276786,2.422927069174785,cnn_1d,log10_minmax,CNN/runs/cnn_ecoli50_integrated_20261002_v2/best_checkpoint.pt,,,,cnn_ecoli50_integrated_20261002_v2,ecoli50_random_20260928_v1,val,20260928,ok,,0.2984009981155395,log10mm_59711a1c2217859e,2.0.0,ecoli50_strength_v1
course_ecoli50_strength,ecoli50_r003418,68.63,144.49948086510997,2.159866286830815,cnn_1d,log10_minmax,CNN/runs/cnn_ecoli50_integrated_20261002_v2/best_checkpoint.pt,,,,cnn_ecoli50_integrated_20261002_v2,ecoli50_random_20260928_v1,val,20260928,ok,,0.2455373853445053,log10mm_59711a1c2217859e,2.0.0,ecoli50_strength_v1
course_ecoli50_strength,ecoli50_r003419,203.37,148.18519138234046,2.1708048053823537,cnn_1d,log10_minmax,CNN/runs/cnn_ecoli50_integrated_20261002_v2/best_checkpoint.pt,,,,cnn_ecoli50_integrated_20261002_v2,ecoli50_random_20260928_v1,val,20260928,ok,,0.2477355450391769,log10mm_59711a1c2217859e,2.0.0,ecoli50_strength_v1
course_ecoli50_strength,ecoli50_r003429,40.87,187.825140836926,2.27375372315895,cnn_1d,log10_minmax,CNN/runs/cnn_ecoli50_integrated_20261002_v2/best_checkpoint.pt,,,,cnn_ecoli50_integrated_20261002_v2,ecoli50_random_20260928_v1,val,20260928,ok,,0.2684237360954284,log10mm_59711a1c2217859e,2.0.0,ecoli50_strength_v1
course_ecoli50_strength,ecoli50_r003444,422.71,221.06438536733705,2.344518781093864,cnn_1d,log10_minmax,CNN/runs/cnn_ecoli50_integrated_20261002_v2/best_checkpoint.pt,,,,cnn_ecoli50_integrated_20261002_v2,ecoli50_random_20260928_v1,val,20260928,ok,,0.2826443910598755,log10mm_59711a1c2217859e,2.0.0,ecoli50_strength_v1
course_ecoli50_strength,ecoli50_r003447,197.48,293.4534525318053,2.467539223431092,cnn_1d,log10_minmax,CNN/runs/cnn_ecoli50_integrated_20261002_v2/best_checkpoint.pt,,,,cnn_ecoli50_integrated_20261002_v2,ecoli50_random_20260928_v1,val,20260928,ok,,0.3073660731315613,log10mm_59711a1c2217859e,2.0.0,ecoli50_strength_v1
course_ecoli50_strength,ecoli50_r003449,625.39,363.96321401842096,2.5610574914618764,cnn_1d,log10_minmax,CNN/runs/cnn_ecoli50_integrated_20261002_v2/best_checkpoint.pt,,,,cnn_ecoli50_integrated_20261002_v2,ecoli50_random_20260928_v1,val,20260928,ok,,0.326159119606018,log10mm_59711a1c2217859e,2.0.0,ecoli50_strength_v1
course_ecoli50_strength,ecoli50_r003465,114.95,119.1543502718912,2.076109902868694,cnn_1d,log10_minmax,CNN/runs/cnn_ecoli50_integrated_20261002_v2/best_checkpoint.pt,,,,cnn_ecoli50_integrated_20261002_v2,ecoli50_random_20260928_v1,val,20260928,ok,,0.2287060469388961,log10mm_59711a1c2217859e,2.0.0,ecoli50_strength_v1
course_ecoli50_strength,ecoli50_r003467,61.9,143.4009457795775,2.156552015665792,cnn_1d,log10_minmax,CNN/runs/cnn_ecoli50_integrated_20261002_v2/best_checkpoint.pt,,,,cnn_ecoli50_integrated_20261002_v2,ecoli50_random_20260928_v1,val,20260928,ok,,0.2448713630437851,log10mm_59711a1c2217859e,2.0.0,ecoli50_strength_v1
course_ecoli50_strength,ecoli50_r003468,480.46,220.31665064954123,2.343047320627632,cnn_1d,log10_minmax,CNN/runs/cnn_ecoli50_integrated_20261002_v2/best_checkpoint.pt,,,,cnn_ecoli50_integrated_20261002_v2,ecoli50_random_20260928_v1,val,20260928,ok,,0.2823486924171448,log10mm_59711a1c2217859e,2.0.0,ecoli50_strength_v1
course_ecoli50_strength,ecoli50_r003473,577.28,159.9936388264865,2.204102715921712,cnn_1d,log10_minmax,CNN/runs/cnn_ecoli50_integrated_20261002_v2/best_checkpoint.pt,,,,cnn_ecoli50_integrated_20261002_v2,ecoli50_random_20260928_v1,val,20260928,ok,,0.2544269561767578,log10mm_59711a1c2217859e,2.0.0,ecoli50_strength_v1
course_ecoli50_strength,ecoli50_r003490,208.0,222.34793833077825,2.3470331069096777,cnn_1d,log10_minmax,CNN/runs/cnn_ecoli50_integrated_20261002_v2/best_checkpoint.pt,,,,cnn_ecoli50_integrated_20261002_v2,ecoli50_random_20260928_v1,val,20260928,ok,,0.2831496596336365,log10mm_59711a1c2217859e,2.0.0,ecoli50_strength_v1
course_ecoli50_strength,ecoli50_r003504,143.86,226.3914056203021,2.3548599359326445,cnn_1d,log10_minmax,CNN/runs/cnn_ecoli50_integrated_20261002_v2/best_checkpoint.pt,,,,cnn_ecoli50_integrated_20261002_v2,ecoli50_random_20260928_v1,val,20260928,ok,,0.2847225069999695,log10mm_59711a1c2217859e,2.0.0,ecoli50_strength_v1
course_ecoli50_strength,ecoli50_r003508,87.23,238.03242830953917,2.3766361271259213,cnn_1d,log10_minmax,CNN/runs/cnn_ecoli50_integrated_20261002_v2/best_checkpoint.pt,,,,cnn_ecoli50_integrated_20261002_v2,ecoli50_random_20260928_v1,val,20260928,ok,,0.2890985608100891,log10mm_59711a1c2217859e,2.0.0,ecoli50_strength_v1
course_ecoli50_strength,ecoli50_r003529,59.44,98.23377407146882,1.9922608296512412,cnn_1d,log10_minmax,CNN/runs/cnn_ecoli50_integrated_20261002_v2/best_checkpoint.pt,,,,cnn_ecoli50_integrated_20261002_v2,ecoli50_random_20260928_v1,val,20260928,ok,,0.2118560820817947,log10mm_59711a1c2217859e,2.0.0,ecoli50_strength_v1
course_ecoli50_strength,ecoli50_r003531,70.59,120.95098840825035,2.0826094217553197,cnn_1d,log10_minmax,CNN/runs/cnn_ecoli50_integrated_20261002_v2/best_checkpoint.pt,,,,cnn_ecoli50_integrated_20261002_v2,ecoli50_random_20260928_v1,val,20260928,ok,,0.2300121635198593,log10mm_59711a1c2217859e,2.0.0,ecoli50_strength_v1
course_ecoli50_strength,ecoli50_r003532,81.73,180.12138325935405,2.255565273509626,cnn_1d,log10_minmax,CNN/runs/cnn_ecoli50_integrated_20261002_v2/best_checkpoint.pt,,,,cnn_ecoli50_integrated_20261002_v2,ecoli50_random_20260928_v1,val,20260928,ok,,0.2647686600685119,log10mm_59711a1c2217859e,2.0.0,ecoli50_strength_v1
course_ecoli50_strength,ecoli50_r003534,87.76,181.17018085212607,2.2580867178602486,cnn_1d,log10_minmax,CNN/runs/cnn_ecoli50_integrated_20261002_v2/best_checkpoint.pt,,,,cnn_ecoli50_integrated_20261002_v2,ecoli50_random_20260928_v1,val,20260928,ok,,0.2652753591537475,log10mm_59711a1c2217859e,2.0.0,ecoli50_strength_v1
course_ecoli50_strength,ecoli50_r003547,295.36,226.3365235226001,2.3547546409385887,cnn_1d,log10_minmax,CNN/runs/cnn_ecoli50_integrated_20261002_v2/best_checkpoint.pt,,,,cnn_ecoli50_integrated_20261002_v2,ecoli50_random_20260928_v1,val,20260928,ok,,0.2847013473510742,log10mm_59711a1c2217859e,2.0.0,ecoli50_strength_v1
course_ecoli50_strength,ecoli50_r003564,208.03,139.77130949186636,2.145418034012611,cnn_1d,log10_minmax,CNN/runs/cnn_ecoli50_integrated_20261002_v2/best_checkpoint.pt,,,,cnn_ecoli50_integrated_20261002_v2,ecoli50_random_20260928_v1,val,20260928,ok,,0.2426339238882064,log10mm_59711a1c2217859e,2.0.0,ecoli50_strength_v1
course_ecoli50_strength,ecoli50_r003573,78.17,314.07072516192545,2.4970274572735334,cnn_1d,log10_minmax,CNN/runs/cnn_ecoli50_integrated_20261002_v2/best_checkpoint.pt,,,,cnn_ecoli50_integrated_20261002_v2,ecoli50_random_20260928_v1,val,20260928,ok,,0.3132919073104858,log10mm_59711a1c2217859e,2.0.0,ecoli50_strength_v1
course_ecoli50_strength,ecoli50_r003578,669.07,234.39415662103468,2.3699467806443777,cnn_1d,log10_minmax,CNN/runs/cnn_ecoli50_integrated_20261002_v2/best_checkpoint.pt,,,,cnn_ecoli50_integrated_20261002_v2,ecoli50_random_20260928_v1,val,20260928,ok,,0.2877542972564697,log10mm_59711a1c2217859e,2.0.0,ecoli50_strength_v1
course_ecoli50_strength,ecoli50_r003587,1274.84,261.9407287943195,2.418203031511878,cnn_1d,log10_minmax,CNN/runs/cnn_ecoli50_integrated_20261002_v2/best_checkpoint.pt,,,,cnn_ecoli50_integrated_20261002_v2,ecoli50_random_20260928_v1,val,20260928,ok,,0.2974516749382019,log10mm_59711a1c2217859e,2.0.0,ecoli50_strength_v1
course_ecoli50_strength,ecoli50_r003588,198.44,201.6603793917447,2.3046205799094843,cnn_1d,log10_minmax,CNN/runs/cnn_ecoli50_integrated_20261002_v2/best_checkpoint.pt,,,,cnn_ecoli50_integrated_20261002_v2,ecoli50_random_20260928_v1,val,20260928,ok,,0.274626612663269,log10mm_59711a1c2217859e,2.0.0,ecoli50_strength_v1
course_ecoli50_strength,ecoli50_r003591,571.27,435.4884858156851,2.6389766768802665,cnn_1d,log10_minmax,CNN/runs/cnn_ecoli50_integrated_20261002_v2/best_checkpoint.pt,,,,cnn_ecoli50_integrated_20261002_v2,ecoli50_random_20260928_v1,val,20260928,ok,,0.3418174386024475,log10mm_59711a1c2217859e,2.0.0,ecoli50_strength_v1
course_ecoli50_strength,ecoli50_r003592,26.01,164.59442144245486,2.21641511169147,cnn_1d,log10_minmax,CNN/runs/cnn_ecoli50_integrated_20261002_v2/best_checkpoint.pt,,,,cnn_ecoli50_integrated_20261002_v2,ecoli50_random_20260928_v1,val,20260928,ok,,0.256901204586029,log10mm_59711a1c2217859e,2.0.0,ecoli50_strength_v1
course_ecoli50_strength,ecoli50_r003598,56.0,167.40299329522637,2.223763219248503,cnn_1d,log10_minmax,CNN/runs/cnn_ecoli50_integrated_20261002_v2/best_checkpoint.pt,,,,cnn_ecoli50_integrated_20261002_v2,ecoli50_random_20260928_v1,val,20260928,ok,,0.2583778500556946,log10mm_59711a1c2217859e,2.0.0,ecoli50_strength_v1
course_ecoli50_strength,ecoli50_r003601,84.88,239.9535476462873,2.380127175238712,cnn_1d,log10_minmax,CNN/runs/cnn_ecoli50_integrated_20261002_v2/best_checkpoint.pt,,,,cnn_ecoli50_integrated_20261002_v2,ecoli50_random_20260928_v1,val,20260928,ok,,0.2898001074790954,log10mm_59711a1c2217859e,2.0.0,ecoli50_strength_v1
course_ecoli50_strength,ecoli50_r003603,33.9,187.46438798185108,2.272918778346928,cnn_1d,log10_minmax,CNN/runs/cnn_ecoli50_integrated_20261002_v2/best_checkpoint.pt,,,,cnn_ecoli50_integrated_20261002_v2,ecoli50_random_20260928_v1,val,20260928,ok,,0.2682559490203857,log10mm_59711a1c2217859e,2.0.0,ecoli50_strength_v1
course_ecoli50_strength,ecoli50_r003604,63.74,185.5884582885201,2.268550964030109,cnn_1d,log10_minmax,CNN/runs/cnn_ecoli50_integrated_20261002_v2/best_checkpoint.pt,,,,cnn_ecoli50_integrated_20261002_v2,ecoli50_random_20260928_v1,val,20260928,ok,,0.2673782110214233,log10mm_59711a1c2217859e,2.0.0,ecoli50_strength_v1
course_ecoli50_strength,ecoli50_r003608,11594.51,159.15099615390506,2.201809361290608,cnn_1d,log10_minmax,CNN/runs/cnn_ecoli50_integrated_20261002_v2/best_checkpoint.pt,,,,cnn_ecoli50_integrated_20261002_v2,ecoli50_random_20260928_v1,val,20260928,ok,,0.2539660930633545,log10mm_59711a1c2217859e,2.0.0,ecoli50_strength_v1
course_ecoli50_strength,ecoli50_r003610,228.51,121.67802055463676,2.085212136045017,cnn_1d,log10_minmax,CNN/runs/cnn_ecoli50_integrated_20261002_v2/best_checkpoint.pt,,,,cnn_ecoli50_integrated_20261002_v2,ecoli50_random_20260928_v1,val,20260928,ok,,0.2305351942777633,log10mm_59711a1c2217859e,2.0.0,ecoli50_strength_v1
course_ecoli50_strength,ecoli50_r003613,630.27,256.8013580758034,2.409597316138513,cnn_1d,log10_minmax,CNN/runs/cnn_ecoli50_integrated_20261002_v2/best_checkpoint.pt,,,,cnn_ecoli50_integrated_20261002_v2,ecoli50_random_20260928_v1,val,20260928,ok,,0.2957223057746887,log10mm_59711a1c2217859e,2.0.0,ecoli50_strength_v1
course_ecoli50_strength,ecoli50_r003615,78.45,116.84466540618392,2.0676088892781506,cnn_1d,log10_minmax,CNN/runs/cnn_ecoli50_integrated_20261002_v2/best_checkpoint.pt,,,,cnn_ecoli50_integrated_20261002_v2,ecoli50_random_20260928_v1,val,20260928,ok,,0.2269977182149887,log10mm_59711a1c2217859e,2.0.0,ecoli50_strength_v1
course_ecoli50_strength,ecoli50_r003619,158.23,156.24764024579613,2.1938134670659166,cnn_1d,log10_minmax,CNN/runs/cnn_ecoli50_integrated_20261002_v2/best_checkpoint.pt,,,,cnn_ecoli50_integrated_20261002_v2,ecoli50_random_20260928_v1,val,20260928,ok,,0.2523592710494995,log10mm_59711a1c2217859e,2.0.0,ecoli50_strength_v1
course_ecoli50_strength,ecoli50_r003622,88.24,224.76622071014705,2.351731043278284,cnn_1d,log10_minmax,CNN/runs/cnn_ecoli50_integrated_20261002_v2/best_checkpoint.pt,,,,cnn_ecoli50_integrated_20261002_v2,ecoli50_random_20260928_v1,val,20260928,ok,,0.2840937376022339,log10mm_59711a1c2217859e,2.0.0,ecoli50_strength_v1
course_ecoli50_strength,ecoli50_r003629,144.89,160.52874882695536,2.205552820783516,cnn_1d,log10_minmax,CNN/runs/cnn_ecoli50_integrated_20261002_v2/best_checkpoint.pt,,,,cnn_ecoli50_integrated_20261002_v2,ecoli50_random_20260928_v1,val,20260928,ok,,0.2547183632850647,log10mm_59711a1c2217859e,2.0.0,ecoli50_strength_v1
course_ecoli50_strength,ecoli50_r003633,72.16,525.2171035183592,2.7203388603014838,cnn_1d,log10_minmax,CNN/runs/cnn_ecoli50_integrated_20261002_v2/best_checkpoint.pt,,,,cnn_ecoli50_integrated_20261002_v2,ecoli50_random_20260928_v1,val,20260928,ok,,0.3581676483154297,log10mm_59711a1c2217859e,2.0.0,ecoli50_strength_v1
course_ecoli50_strength,ecoli50_r003634,31.87,111.876129001896,2.048737431044142,cnn_1d,log10_minmax,CNN/runs/cnn_ecoli50_integrated_20261002_v2/best_checkpoint.pt,,,,cnn_ecoli50_integrated_20261002_v2,ecoli50_random_20260928_v1,val,20260928,ok,,0.2232053875923156,log10mm_59711a1c2217859e,2.0.0,ecoli50_strength_v1
course_ecoli50_strength,ecoli50_r003646,43.61,108.98247675105632,2.0373566735175683,cnn_1d,log10_minmax,CNN/runs/cnn_ecoli50_integrated_20261002_v2/best_checkpoint.pt,,,,cnn_ecoli50_integrated_20261002_v2,ecoli50_random_20260928_v1,val,20260928,ok,,0.2209183573722839,log10mm_59711a1c2217859e,2.0.0,ecoli50_strength_v1
course_ecoli50_strength,ecoli50_r003648,59.84,80.12501039926767,1.903768098893105,cnn_1d,log10_minmax,CNN/runs/cnn_ecoli50_integrated_20261002_v2/best_checkpoint.pt,,,,cnn_ecoli50_integrated_20261002_v2,ecoli50_random_20260928_v1,val,20260928,ok,,0.1940729469060897,log10mm_59711a1c2217859e,2.0.0,ecoli50_strength_v1
course_ecoli50_strength,ecoli50_r003652,3687.89,123.57109810531776,2.0919169060186475,cnn_1d,log10_minmax,CNN/runs/cnn_ecoli50_integrated_20261002_v2/best_checkpoint.pt,,,,cnn_ecoli50_integrated_20261002_v2,ecoli50_random_20260928_v1,val,20260928,ok,,0.231882557272911,log10mm_59711a1c2217859e,2.0.0,ecoli50_strength_v1
course_ecoli50_strength,ecoli50_r003654,622.33,174.1853901794776,2.2410117256973656,cnn_1d,log10_minmax,CNN/runs/cnn_ecoli50_integrated_20261002_v2/best_checkpoint.pt,,,,cnn_ecoli50_integrated_20261002_v2,ecoli50_random_20260928_v1,val,20260928,ok,,0.2618440389633178,log10mm_59711a1c2217859e,2.0.0,ecoli50_strength_v1
course_ecoli50_strength,ecoli50_r003656,2193.83,445.857955297936,2.6491965200216696,cnn_1d,log10_minmax,CNN/runs/cnn_ecoli50_integrated_20261002_v2/best_checkpoint.pt,,,,cnn_ecoli50_integrated_20261002_v2,ecoli50_random_20260928_v1,val,20260928,ok,,0.3438711762428283,log10mm_59711a1c2217859e,2.0.0,ecoli50_strength_v1
course_ecoli50_strength,ecoli50_r003665,129.42,161.50691728516395,2.208191127747261,cnn_1d,log10_minmax,CNN/runs/cnn_ecoli50_integrated_20261002_v2/best_checkpoint.pt,,,,cnn_ecoli50_integrated_20261002_v2,ecoli50_random_20260928_v1,val,20260928,ok,,0.2552485466003418,log10mm_59711a1c2217859e,2.0.0,ecoli50_strength_v1
course_ecoli50_strength,ecoli50_r003669,264.59,149.75641473516322,2.1753854342294123,cnn_1d,log10_minmax,CNN/runs/cnn_ecoli50_integrated_20261002_v2/best_checkpoint.pt,,,,cnn_ecoli50_integrated_20261002_v2,ecoli50_random_20260928_v1,val,20260928,ok,,0.2486560493707656,log10mm_59711a1c2217859e,2.0.0,ecoli50_strength_v1
course_ecoli50_strength,ecoli50_r003679,66.87,109.35231604499002,2.038827985680992,cnn_1d,log10_minmax,CNN/runs/cnn_ecoli50_integrated_20261002_v2/best_checkpoint.pt,,,,cnn_ecoli50_integrated_20261002_v2,ecoli50_random_20260928_v1,val,20260928,ok,,0.2212140262126922,log10mm_59711a1c2217859e,2.0.0,ecoli50_strength_v1
course_ecoli50_strength,ecoli50_r003683,89.16,147.1955930500495,2.1678948076733824,cnn_1d,log10_minmax,CNN/runs/cnn_ecoli50_integrated_20261002_v2/best_checkpoint.pt,,,,cnn_ecoli50_integrated_20261002_v2,ecoli50_random_20260928_v1,val,20260928,ok,,0.2471507638692855,log10mm_59711a1c2217859e,2.0.0,ecoli50_strength_v1
course_ecoli50_strength,ecoli50_r003694,164.39,183.48840462669784,2.2636086246330462,cnn_1d,log10_minmax,CNN/runs/cnn_ecoli50_integrated_20261002_v2/best_checkpoint.pt,,,,cnn_ecoli50_integrated_20261002_v2,ecoli50_random_20260928_v1,val,20260928,ok,,0.266385018825531,log10mm_59711a1c2217859e,2.0.0,ecoli50_strength_v1
course_ecoli50_strength,ecoli50_r003708,50.11,97.02009992853938,1.9868617176039067,cnn_1d,log10_minmax,CNN/runs/cnn_ecoli50_integrated_20261002_v2/best_checkpoint.pt,,,,cnn_ecoli50_integrated_20261002_v2,ecoli50_random_20260928_v1,val,20260928,ok,,0.2107710987329483,log10mm_59711a1c2217859e,2.0.0,ecoli50_strength_v1
course_ecoli50_strength,ecoli50_r003709,276.78,132.9936117941791,2.1238307805974017,cnn_1d,log10_minmax,CNN/runs/cnn_ecoli50_integrated_20261002_v2/best_checkpoint.pt,,,,cnn_ecoli50_integrated_20261002_v2,ecoli50_random_20260928_v1,val,20260928,ok,,0.2382958382368087,log10mm_59711a1c2217859e,2.0.0,ecoli50_strength_v1
course_ecoli50_strength,ecoli50_r003710,82.44,143.71478524374993,2.1575014502459995,cnn_1d,log10_minmax,CNN/runs/cnn_ecoli50_integrated_20261002_v2/best_checkpoint.pt,,,,cnn_ecoli50_integrated_20261002_v2,ecoli50_random_20260928_v1,val,20260928,ok,,0.2450621575117111,log10mm_59711a1c2217859e,2.0.0,ecoli50_strength_v1
course_ecoli50_strength,ecoli50_r003711,36.9,198.2157271511533,2.297138110007924,cnn_1d,log10_minmax,CNN/runs/cnn_ecoli50_integrated_20261002_v2/best_checkpoint.pt,,,,cnn_ecoli50_integrated_20261002_v2,ecoli50_random_20260928_v1,val,20260928,ok,,0.2731229662895202,log10mm_59711a1c2217859e,2.0.0,ecoli50_strength_v1
course_ecoli50_strength,ecoli50_r003728,499.59,136.97926168924133,2.136654821056588,cnn_1d,log10_minmax,CNN/runs/cnn_ecoli50_integrated_20261002_v2/best_checkpoint.pt,,,,cnn_ecoli50_integrated_20261002_v2,ecoli50_random_20260928_v1,val,20260928,ok,,0.2408729046583175,log10mm_59711a1c2217859e,2.0.0,ecoli50_strength_v1
course_ecoli50_strength,ecoli50_r003729,50.62,182.83430020956104,2.2620576738614417,cnn_1d,log10_minmax,CNN/runs/cnn_ecoli50_integrated_20261002_v2/best_checkpoint.pt,,,,cnn_ecoli50_integrated_20261002_v2,ecoli50_random_20260928_v1,val,20260928,ok,,0.2660733461380005,log10mm_59711a1c2217859e,2.0.0,ecoli50_strength_v1
course_ecoli50_strength,ecoli50_r003732,252.0,143.06600105509648,2.15553643803298,cnn_1d,log10_minmax,CNN/runs/cnn_ecoli50_integrated_20261002_v2/best_checkpoint.pt,,,,cnn_ecoli50_integrated_20261002_v2,ecoli50_random_20260928_v1,val,20260928,ok,,0.2446672767400741,log10mm_59711a1c2217859e,2.0.0,ecoli50_strength_v1
course_ecoli50_strength,ecoli50_r003735,2682.41,198.3931455914016,2.297526663366272,cnn_1d,log10_minmax,CNN/runs/cnn_ecoli50_integrated_20261002_v2/best_checkpoint.pt,,,,cnn_ecoli50_integrated_20261002_v2,ecoli50_random_20260928_v1,val,20260928,ok,,0.273201048374176,log10mm_59711a1c2217859e,2.0.0,ecoli50_strength_v1
course_ecoli50_strength,ecoli50_r003740,539.38,140.49148119792798,2.1476499912809843,cnn_1d,log10_minmax,CNN/runs/cnn_ecoli50_integrated_20261002_v2/best_checkpoint.pt,,,,cnn_ecoli50_integrated_20261002_v2,ecoli50_random_20260928_v1,val,20260928,ok,,0.2430824488401413,log10mm_59711a1c2217859e,2.0.0,ecoli50_strength_v1
course_ecoli50_strength,ecoli50_r003741,158.7,200.9229691659815,2.303029587379577,cnn_1d,log10_minmax,CNN/runs/cnn_ecoli50_integrated_20261002_v2/best_checkpoint.pt,,,,cnn_ecoli50_integrated_20261002_v2,ecoli50_random_20260928_v1,val,20260928,ok,,0.2743068933486938,log10mm_59711a1c2217859e,2.0.0,ecoli50_strength_v1
course_ecoli50_strength,ecoli50_r003742,53.19,152.8973979729232,2.1844000945972986,cnn_1d,log10_minmax,CNN/runs/cnn_ecoli50_integrated_20261002_v2/best_checkpoint.pt,,,,cnn_ecoli50_integrated_20261002_v2,ecoli50_random_20260928_v1,val,20260928,ok,,0.2504675984382629,log10mm_59711a1c2217859e,2.0.0,ecoli50_strength_v1
course_ecoli50_strength,ecoli50_r003748,107.36,101.50070397327316,2.00646905437384,cnn_1d,log10_minmax,CNN/runs/cnn_ecoli50_integrated_20261002_v2/best_checkpoint.pt,,,,cnn_ecoli50_integrated_20261002_v2,ecoli50_random_20260928_v1,val,20260928,ok,,0.214711308479309,log10mm_59711a1c2217859e,2.0.0,ecoli50_strength_v1
course_ecoli50_strength,ecoli50_r003751,3026.37,174.05256074759234,2.24068041722311,cnn_1d,log10_minmax,CNN/runs/cnn_ecoli50_integrated_20261002_v2/best_checkpoint.pt,,,,cnn_ecoli50_integrated_20261002_v2,ecoli50_random_20260928_v1,val,20260928,ok,,0.2617774605751037,log10mm_59711a1c2217859e,2.0.0,ecoli50_strength_v1
course_ecoli50_strength,ecoli50_r003773,55.73,174.4639828702317,2.241705782841285,cnn_1d,log10_minmax,CNN/runs/cnn_ecoli50_integrated_20261002_v2/best_checkpoint.pt,,,,cnn_ecoli50_integrated_20261002_v2,ecoli50_random_20260928_v1,val,20260928,ok,,0.2619835138320923,log10mm_59711a1c2217859e,2.0.0,ecoli50_strength_v1
course_ecoli50_strength,ecoli50_r003787,204.65,168.29197060734208,2.2260633958087994,cnn_1d,log10_minmax,CNN/runs/cnn_ecoli50_integrated_20261002_v2/best_checkpoint.pt,,,,cnn_ecoli50_integrated_20261002_v2,ecoli50_random_20260928_v1,val,20260928,ok,,0.2588400840759277,log10mm_59711a1c2217859e,2.0.0,ecoli50_strength_v1
course_ecoli50_strength,ecoli50_r003797,91.37,186.0037731910012,2.269521754214745,cnn_1d,log10_minmax,CNN/runs/cnn_ecoli50_integrated_20261002_v2/best_checkpoint.pt,,,,cnn_ecoli50_integrated_20261002_v2,ecoli50_random_20260928_v1,val,20260928,ok,,0.2675732970237732,log10mm_59711a1c2217859e,2.0.0,ecoli50_strength_v1
course_ecoli50_strength,ecoli50_r003812,156.35,249.83569681224265,2.3976544909676107,cnn_1d,log10_minmax,CNN/runs/cnn_ecoli50_integrated_20261002_v2/best_checkpoint.pt,,,,cnn_ecoli50_integrated_20261002_v2,ecoli50_random_20260928_v1,val,20260928,ok,,0.2933223247528076,log10mm_59711a1c2217859e,2.0.0,ecoli50_strength_v1
course_ecoli50_strength,ecoli50_r003816,50.16,82.02291893486124,1.913935220386076,cnn_1d,log10_minmax,CNN/runs/cnn_ecoli50_integrated_20261002_v2/best_checkpoint.pt,,,,cnn_ecoli50_integrated_20261002_v2,ecoli50_random_20260928_v1,val,20260928,ok,,0.1961160898208618,log10mm_59711a1c2217859e,2.0.0,ecoli50_strength_v1
course_ecoli50_strength,ecoli50_r003821,491.09,183.90291347720756,2.26458860959181,cnn_1d,log10_minmax,CNN/runs/cnn_ecoli50_integrated_20261002_v2/best_checkpoint.pt,,,,cnn_ecoli50_integrated_20261002_v2,ecoli50_random_20260928_v1,val,20260928,ok,,0.2665819525718689,log10mm_59711a1c2217859e,2.0.0,ecoli50_strength_v1
course_ecoli50_strength,ecoli50_r003827,356.99,347.9820630628353,2.541556858562681,cnn_1d,log10_minmax,CNN/runs/cnn_ecoli50_integrated_20261002_v2/best_checkpoint.pt,,,,cnn_ecoli50_integrated_20261002_v2,ecoli50_random_20260928_v1,val,20260928,ok,,0.3222403526306152,log10mm_59711a1c2217859e,2.0.0,ecoli50_strength_v1
course_ecoli50_strength,ecoli50_r003834,83.87,169.861114605376,2.2300939695390216,cnn_1d,log10_minmax,CNN/runs/cnn_ecoli50_integrated_20261002_v2/best_checkpoint.pt,,,,cnn_ecoli50_integrated_20261002_v2,ecoli50_random_20260928_v1,val,20260928,ok,,0.2596500515937805,log10mm_59711a1c2217859e,2.0.0,ecoli50_strength_v1
course_ecoli50_strength,ecoli50_r003840,38.6,184.9107021581129,2.266962047739521,cnn_1d,log10_minmax,CNN/runs/cnn_ecoli50_integrated_20261002_v2/best_checkpoint.pt,,,,cnn_ecoli50_integrated_20261002_v2,ecoli50_random_20260928_v1,val,20260928,ok,,0.2670589089393616,log10mm_59711a1c2217859e,2.0.0,ecoli50_strength_v1
course_ecoli50_strength,ecoli50_r003847,82.44,145.15764062219915,2.1618399006067293,cnn_1d,log10_minmax,CNN/runs/cnn_ecoli50_integrated_20261002_v2/best_checkpoint.pt,,,,cnn_ecoli50_integrated_20261002_v2,ecoli50_random_20260928_v1,val,20260928,ok,,0.2459339946508407,log10mm_59711a1c2217859e,2.0.0,ecoli50_strength_v1
course_ecoli50_strength,ecoli50_r003848,45.21,129.16803206411552,2.1111550429467454,cnn_1d,log10_minmax,CNN/runs/cnn_ecoli50_integrated_20261002_v2/best_checkpoint.pt,,,,cnn_ecoli50_integrated_20261002_v2,ecoli50_random_20260928_v1,val,20260928,ok,,0.2357485741376876,log10mm_59711a1c2217859e,2.0.0,ecoli50_strength_v1
course_ecoli50_strength,ecoli50_r003855,45.21,158.49194153167136,2.200007185561354,cnn_1d,log10_minmax,CNN/runs/cnn_ecoli50_integrated_20261002_v2/best_checkpoint.pt,,,,cnn_ecoli50_integrated_20261002_v2,ecoli50_random_20260928_v1,val,20260928,ok,,0.2536039352416992,log10mm_59711a1c2217859e,2.0.0,ecoli50_strength_v1
course_ecoli50_strength,ecoli50_r003858,53.05,223.832697523452,2.3499235286479228,cnn_1d,log10_minmax,CNN/runs/cnn_ecoli50_integrated_20261002_v2/best_checkpoint.pt,,,,cnn_ecoli50_integrated_20261002_v2,ecoli50_random_20260928_v1,val,20260928,ok,,0.2837305068969726,log10mm_59711a1c2217859e,2.0.0,ecoli50_strength_v1
course_ecoli50_strength,ecoli50_r003861,111.89,265.5170612500677,2.424092432644212,cnn_1d,log10_minmax,CNN/runs/cnn_ecoli50_integrated_20261002_v2/best_checkpoint.pt,,,,cnn_ecoli50_integrated_20261002_v2,ecoli50_random_20260928_v1,val,20260928,ok,,0.298635184764862,log10mm_59711a1c2217859e,2.0.0,ecoli50_strength_v1
course_ecoli50_strength,ecoli50_r003862,70.59,176.19990684603027,2.246005674471797,cnn_1d,log10_minmax,CNN/runs/cnn_ecoli50_integrated_20261002_v2/best_checkpoint.pt,,,,cnn_ecoli50_integrated_20261002_v2,ecoli50_random_20260928_v1,val,20260928,ok,,0.2628476023674011,log10mm_59711a1c2217859e,2.0.0,ecoli50_strength_v1
course_ecoli50_strength,ecoli50_r003868,27.38,144.90803070744332,2.16109245445174,cnn_1d,log10_minmax,CNN/runs/cnn_ecoli50_integrated_20261002_v2/best_checkpoint.pt,,,,cnn_ecoli50_integrated_20261002_v2,ecoli50_random_20260928_v1,val,20260928,ok,,0.2457837909460067,log10mm_59711a1c2217859e,2.0.0,ecoli50_strength_v1
course_ecoli50_strength,ecoli50_r003897,42.89,155.62026960519614,2.192066163375819,cnn_1d,log10_minmax,CNN/runs/cnn_ecoli50_integrated_20261002_v2/best_checkpoint.pt,,,,cnn_ecoli50_integrated_20261002_v2,ecoli50_random_20260928_v1,val,20260928,ok,,0.2520081400871277,log10mm_59711a1c2217859e,2.0.0,ecoli50_strength_v1
course_ecoli50_strength,ecoli50_r003901,240.74,262.1246973803594,2.4185079420862152,cnn_1d,log10_minmax,CNN/runs/cnn_ecoli50_integrated_20261002_v2/best_checkpoint.pt,,,,cnn_ecoli50_integrated_20261002_v2,ecoli50_random_20260928_v1,val,20260928,ok,,0.297512948513031,log10mm_59711a1c2217859e,2.0.0,ecoli50_strength_v1
course_ecoli50_strength,ecoli50_r003902,68.73,317.22997178901943,2.501374212591541,cnn_1d,log10_minmax,CNN/runs/cnn_ecoli50_integrated_20261002_v2/best_checkpoint.pt,,,,cnn_ecoli50_integrated_20261002_v2,ecoli50_random_20260928_v1,val,20260928,ok,,0.3141654133796692,log10mm_59711a1c2217859e,2.0.0,ecoli50_strength_v1
course_ecoli50_strength,ecoli50_r003905,841.87,275.83002770615343,2.4406415430480486,cnn_1d,log10_minmax,CNN/runs/cnn_ecoli50_integrated_20261002_v2/best_checkpoint.pt,,,,cnn_ecoli50_integrated_20261002_v2,ecoli50_random_20260928_v1,val,20260928,ok,,0.301960825920105,log10mm_59711a1c2217859e,2.0.0,ecoli50_strength_v1
course_ecoli50_strength,ecoli50_r003910,342.2,162.5185702198867,2.210902992904036,cnn_1d,log10_minmax,CNN/runs/cnn_ecoli50_integrated_20261002_v2/best_checkpoint.pt,,,,cnn_ecoli50_integrated_20261002_v2,ecoli50_random_20260928_v1,val,20260928,ok,,0.2557935118675232,log10mm_59711a1c2217859e,2.0.0,ecoli50_strength_v1
course_ecoli50_strength,ecoli50_r003917,115.17,172.76510067109683,2.237456017560056,cnn_1d,log10_minmax,CNN/runs/cnn_ecoli50_integrated_20261002_v2/best_checkpoint.pt,,,,cnn_ecoli50_integrated_20261002_v2,ecoli50_random_20260928_v1,val,20260928,ok,,0.2611294984817505,log10mm_59711a1c2217859e,2.0.0,ecoli50_strength_v1
course_ecoli50_strength,ecoli50_r003920,183.5,273.12392462286834,2.436359744360177,cnn_1d,log10_minmax,CNN/runs/cnn_ecoli50_integrated_20261002_v2/best_checkpoint.pt,,,,cnn_ecoli50_integrated_20261002_v2,ecoli50_random_20260928_v1,val,20260928,ok,,0.3011003732681274,log10mm_59711a1c2217859e,2.0.0,ecoli50_strength_v1
course_ecoli50_strength,ecoli50_r003923,90.2,193.93978036680065,2.2876668994439786,cnn_1d,log10_minmax,CNN/runs/cnn_ecoli50_integrated_20261002_v2/best_checkpoint.pt,,,,cnn_ecoli50_integrated_20261002_v2,ecoli50_random_20260928_v1,val,20260928,ok,,0.2712196707725525,log10mm_59711a1c2217859e,2.0.0,ecoli50_strength_v1
course_ecoli50_strength,ecoli50_r003924,79.88,199.1593524204088,2.299200705468956,cnn_1d,log10_minmax,CNN/runs/cnn_ecoli50_integrated_20261002_v2/best_checkpoint.pt,,,,cnn_ecoli50_integrated_20261002_v2,ecoli50_random_20260928_v1,val,20260928,ok,,0.2735374569892883,log10mm_59711a1c2217859e,2.0.0,ecoli50_strength_v1
course_ecoli50_strength,ecoli50_r003934,24.05,159.54353767561457,2.202879217751341,cnn_1d,log10_minmax,CNN/runs/cnn_ecoli50_integrated_20261002_v2/best_checkpoint.pt,,,,cnn_ecoli50_integrated_20261002_v2,ecoli50_random_20260928_v1,val,20260928,ok,,0.2541810870170593,log10mm_59711a1c2217859e,2.0.0,ecoli50_strength_v1
course_ecoli50_strength,ecoli50_r003939,28.52,124.90560266201206,2.09658191916376,cnn_1d,log10_minmax,CNN/runs/cnn_ecoli50_integrated_20261002_v2/best_checkpoint.pt,,,,cnn_ecoli50_integrated_20261002_v2,ecoli50_random_20260928_v1,val,20260928,ok,,0.2328200191259384,log10mm_59711a1c2217859e,2.0.0,ecoli50_strength_v1
course_ecoli50_strength,ecoli50_r003955,42.09,91.47688516508708,1.9613113682363563,cnn_1d,log10_minmax,CNN/runs/cnn_ecoli50_integrated_20261002_v2/best_checkpoint.pt,,,,cnn_ecoli50_integrated_20261002_v2,ecoli50_random_20260928_v1,val,20260928,ok,,0.2056366056203842,log10mm_59711a1c2217859e,2.0.0,ecoli50_strength_v1
course_ecoli50_strength,ecoli50_r003960,215.48,173.97887640344638,2.2404965217405333,cnn_1d,log10_minmax,CNN/runs/cnn_ecoli50_integrated_20261002_v2/best_checkpoint.pt,,,,cnn_ecoli50_integrated_20261002_v2,ecoli50_random_20260928_v1,val,20260928,ok,,0.261740505695343,log10mm_59711a1c2217859e,2.0.0,ecoli50_strength_v1
course_ecoli50_strength,ecoli50_r003961,41.07,119.32153569688676,2.076718834200517,cnn_1d,log10_minmax,CNN/runs/cnn_ecoli50_integrated_20261002_v2/best_checkpoint.pt,,,,cnn_ecoli50_integrated_20261002_v2,ecoli50_random_20260928_v1,val,20260928,ok,,0.22882841527462,log10mm_59711a1c2217859e,2.0.0,ecoli50_strength_v1
course_ecoli50_strength,ecoli50_r003963,85.25,208.33467012450575,2.3187615493084146,cnn_1d,log10_minmax,CNN/runs/cnn_ecoli50_integrated_20261002_v2/best_checkpoint.pt,,,,cnn_ecoli50_integrated_20261002_v2,ecoli50_random_20260928_v1,val,20260928,ok,,0.2774683237075805,log10mm_59711a1c2217859e,2.0.0,ecoli50_strength_v1
course_ecoli50_strength,ecoli50_r003971,85.48,136.5340277468449,2.135240902080065,cnn_1d,log10_minmax,CNN/runs/cnn_ecoli50_integrated_20261002_v2/best_checkpoint.pt,,,,cnn_ecoli50_integrated_20261002_v2,ecoli50_random_20260928_v1,val,20260928,ok,,0.2405887693166732,log10mm_59711a1c2217859e,2.0.0,ecoli50_strength_v1
course_ecoli50_strength,ecoli50_r003978,361.21,89.43521443003854,1.9515085525925389,cnn_1d,log10_minmax,CNN/runs/cnn_ecoli50_integrated_20261002_v2/best_checkpoint.pt,,,,cnn_ecoli50_integrated_20261002_v2,ecoli50_random_20260928_v1,val,20260928,ok,,0.2036666721105575,log10mm_59711a1c2217859e,2.0.0,ecoli50_strength_v1
course_ecoli50_strength,ecoli50_r003991,196.79,201.34908390601055,2.303949658003696,cnn_1d,log10_minmax,CNN/runs/cnn_ecoli50_integrated_20261002_v2/best_checkpoint.pt,,,,cnn_ecoli50_integrated_20261002_v2,ecoli50_random_20260928_v1,val,20260928,ok,,0.2744917869567871,log10mm_59711a1c2217859e,2.0.0,ecoli50_strength_v1
course_ecoli50_strength,ecoli50_r003992,51.34,383.69461038779497,2.5839856988718126,cnn_1d,log10_minmax,CNN/runs/cnn_ecoli50_integrated_20261002_v2/best_checkpoint.pt,,,,cnn_ecoli50_integrated_20261002_v2,ecoli50_random_20260928_v1,val,20260928,ok,,0.3307666778564453,log10mm_59711a1c2217859e,2.0.0,ecoli50_strength_v1
course_ecoli50_strength,ecoli50_r004011,426.26,233.38605475643843,2.368074902595115,cnn_1d,log10_minmax,CNN/runs/cnn_ecoli50_integrated_20261002_v2/best_checkpoint.pt,,,,cnn_ecoli50_integrated_20261002_v2,ecoli50_random_20260928_v1,val,20260928,ok,,0.2873781323432922,log10mm_59711a1c2217859e,2.0.0,ecoli50_strength_v1
course_ecoli50_strength,ecoli50_r004013,24.76,175.8710911653522,2.245194458109139,cnn_1d,log10_minmax,CNN/runs/cnn_ecoli50_integrated_20261002_v2/best_checkpoint.pt,,,,cnn_ecoli50_integrated_20261002_v2,ecoli50_random_20260928_v1,val,20260928,ok,,0.2626845836639404,log10mm_59711a1c2217859e,2.0.0,ecoli50_strength_v1
course_ecoli50_strength,ecoli50_r004016,33718.55,469.5391513296457,2.6716718106543555,cnn_1d,log10_minmax,CNN/runs/cnn_ecoli50_integrated_20261002_v2/best_checkpoint.pt,,,,cnn_ecoli50_integrated_20261002_v2,ecoli50_random_20260928_v1,val,20260928,ok,,0.3483877182006836,log10mm_59711a1c2217859e,2.0.0,ecoli50_strength_v1
course_ecoli50_strength,ecoli50_r004026,96.21,176.11400686609264,2.2457938980612164,cnn_1d,log10_minmax,CNN/runs/cnn_ecoli50_integrated_20261002_v2/best_checkpoint.pt,,,,cnn_ecoli50_integrated_20261002_v2,ecoli50_random_20260928_v1,val,20260928,ok,,0.2628050446510315,log10mm_59711a1c2217859e,2.0.0,ecoli50_strength_v1
course_ecoli50_strength,ecoli50_r004035,154.41,99.37714487595888,1.997286515226698,cnn_1d,log10_minmax,CNN/runs/cnn_ecoli50_integrated_20261002_v2/best_checkpoint.pt,,,,cnn_ecoli50_integrated_20261002_v2,ecoli50_random_20260928_v1,val,20260928,ok,,0.2128660231828689,log10mm_59711a1c2217859e,2.0.0,ecoli50_strength_v1
course_ecoli50_strength,ecoli50_r004037,111.46,185.0089792030824,2.267192806909593,cnn_1d,log10_minmax,CNN/runs/cnn_ecoli50_integrated_20261002_v2/best_checkpoint.pt,,,,cnn_ecoli50_integrated_20261002_v2,ecoli50_random_20260928_v1,val,20260928,ok,,0.2671052813529968,log10mm_59711a1c2217859e,2.0.0,ecoli50_strength_v1
course_ecoli50_strength,ecoli50_r004044,199.61,297.8753665938544,2.4740345898390785,cnn_1d,log10_minmax,CNN/runs/cnn_ecoli50_integrated_20261002_v2/best_checkpoint.pt,,,,cnn_ecoli50_integrated_20261002_v2,ecoli50_random_20260928_v1,val,20260928,ok,,0.3086713552474975,log10mm_59711a1c2217859e,2.0.0,ecoli50_strength_v1
course_ecoli50_strength,ecoli50_r004049,60.42,201.19375381734685,2.3036144936564185,cnn_1d,log10_minmax,CNN/runs/cnn_ecoli50_integrated_20261002_v2/best_checkpoint.pt,,,,cnn_ecoli50_integrated_20261002_v2,ecoli50_random_20260928_v1,val,20260928,ok,,0.2744244337081909,log10mm_59711a1c2217859e,2.0.0,ecoli50_strength_v1
course_ecoli50_strength,ecoli50_r004056,48.11,384.3492398637063,2.584726026491993,cnn_1d,log10_minmax,CNN/runs/cnn_ecoli50_integrated_20261002_v2/best_checkpoint.pt,,,,cnn_ecoli50_integrated_20261002_v2,ecoli50_random_20260928_v1,val,20260928,ok,,0.3309154510498047,log10mm_59711a1c2217859e,2.0.0,ecoli50_strength_v1
course_ecoli50_strength,ecoli50_r004060,148.24,315.65059967682976,2.4992066187420696,cnn_1d,log10_minmax,CNN/runs/cnn_ecoli50_integrated_20261002_v2/best_checkpoint.pt,,,,cnn_ecoli50_integrated_20261002_v2,ecoli50_random_20260928_v1,val,20260928,ok,,0.3137298226356506,log10mm_59711a1c2217859e,2.0.0,ecoli50_strength_v1
course_ecoli50_strength,ecoli50_r004066,889.98,134.36062173287905,2.1282720048044426,cnn_1d,log10_minmax,CNN/runs/cnn_ecoli50_integrated_20261002_v2/best_checkpoint.pt,,,,cnn_ecoli50_integrated_20261002_v2,ecoli50_random_20260928_v1,val,20260928,ok,,0.2391883283853531,log10mm_59711a1c2217859e,2.0.0,ecoli50_strength_v1
course_ecoli50_strength,ecoli50_r004079,134.19,183.2853811209065,2.263127826927793,cnn_1d,log10_minmax,CNN/runs/cnn_ecoli50_integrated_20261002_v2/best_checkpoint.pt,,,,cnn_ecoli50_integrated_20261002_v2,ecoli50_random_20260928_v1,val,20260928,ok,,0.2662883996963501,log10mm_59711a1c2217859e,2.0.0,ecoli50_strength_v1
course_ecoli50_strength,ecoli50_r004084,30359.57,345.74342945527053,2.538753935481468,cnn_1d,log10_minmax,CNN/runs/cnn_ecoli50_integrated_20261002_v2/best_checkpoint.pt,,,,cnn_ecoli50_integrated_20261002_v2,ecoli50_random_20260928_v1,val,20260928,ok,,0.3216770887374878,log10mm_59711a1c2217859e,2.0.0,ecoli50_strength_v1
course_ecoli50_strength,ecoli50_r004090,63.74,126.28267535564432,2.101343774042842,cnn_1d,log10_minmax,CNN/runs/cnn_ecoli50_integrated_20261002_v2/best_checkpoint.pt,,,,cnn_ecoli50_integrated_20261002_v2,ecoli50_random_20260928_v1,val,20260928,ok,,0.2337769418954849,log10mm_59711a1c2217859e,2.0.0,ecoli50_strength_v1
course_ecoli50_strength,ecoli50_r004094,85.48,311.5915314130268,2.493585645693175,cnn_1d,log10_minmax,CNN/runs/cnn_ecoli50_integrated_20261002_v2/best_checkpoint.pt,,,,cnn_ecoli50_integrated_20261002_v2,ecoli50_random_20260928_v1,val,20260928,ok,,0.3126002550125122,log10mm_59711a1c2217859e,2.0.0,ecoli50_strength_v1
course_ecoli50_strength,ecoli50_r004099,82.53,208.6695914348446,2.3194591657197385,cnn_1d,log10_minmax,CNN/runs/cnn_ecoli50_integrated_20261002_v2/best_checkpoint.pt,,,,cnn_ecoli50_integrated_20261002_v2,ecoli50_random_20260928_v1,val,20260928,ok,,0.2776085138320923,log10mm_59711a1c2217859e,2.0.0,ecoli50_strength_v1
course_ecoli50_strength,ecoli50_r004100,41.26,89.4618495565259,1.9516378726415768,cnn_1d,log10_minmax,CNN/runs/cnn_ecoli50_integrated_20261002_v2/best_checkpoint.pt,,,,cnn_ecoli50_integrated_20261002_v2,ecoli50_random_20260928_v1,val,20260928,ok,,0.2036926597356796,log10mm_59711a1c2217859e,2.0.0,ecoli50_strength_v1
course_ecoli50_strength,ecoli50_r004101,60.39,245.9919811797512,2.390920950249125,cnn_1d,log10_minmax,CNN/runs/cnn_ecoli50_integrated_20261002_v2/best_checkpoint.pt,,,,cnn_ecoli50_integrated_20261002_v2,ecoli50_random_20260928_v1,val,20260928,ok,,0.2919691801071167,log10mm_59711a1c2217859e,2.0.0,ecoli50_strength_v1
course_ecoli50_strength,ecoli50_r004117,1128.51,264.36336743202804,2.4222012752298405,cnn_1d,log10_minmax,CNN/runs/cnn_ecoli50_integrated_20261002_v2/best_checkpoint.pt,,,,cnn_ecoli50_integrated_20261002_v2,ecoli50_random_20260928_v1,val,20260928,ok,,0.2982551455497741,log10mm_59711a1c2217859e,2.0.0,ecoli50_strength_v1
course_ecoli50_strength,ecoli50_r004122,323.22,170.96584221938085,2.2329093500561505,cnn_1d,log10_minmax,CNN/runs/cnn_ecoli50_integrated_20261002_v2/best_checkpoint.pt,,,,cnn_ecoli50_integrated_20261002_v2,ecoli50_random_20260928_v1,val,20260928,ok,,0.2602158188819885,log10mm_59711a1c2217859e,2.0.0,ecoli50_strength_v1
course_ecoli50_strength,ecoli50_r004133,293.5,220.66977937280373,2.343742860799636,cnn_1d,log10_minmax,CNN/runs/cnn_ecoli50_integrated_20261002_v2/best_checkpoint.pt,,,,cnn_ecoli50_integrated_20261002_v2,ecoli50_random_20260928_v1,val,20260928,ok,,0.282488465309143,log10mm_59711a1c2217859e,2.0.0,ecoli50_strength_v1
course_ecoli50_strength,ecoli50_r004135,40.25,106.4561769794484,2.0271708658707226,cnn_1d,log10_minmax,CNN/runs/cnn_ecoli50_integrated_20261002_v2/best_checkpoint.pt,,,,cnn_ecoli50_integrated_20261002_v2,ecoli50_random_20260928_v1,val,20260928,ok,,0.218871459364891,log10mm_59711a1c2217859e,2.0.0,ecoli50_strength_v1
course_ecoli50_strength,ecoli50_r004137,215.48,311.9645879547979,2.494105298734263,cnn_1d,log10_minmax,CNN/runs/cnn_ecoli50_integrated_20261002_v2/best_checkpoint.pt,,,,cnn_ecoli50_integrated_20261002_v2,ecoli50_random_20260928_v1,val,20260928,ok,,0.3127046823501587,log10mm_59711a1c2217859e,2.0.0,ecoli50_strength_v1
course_ecoli50_strength,ecoli50_r004140,27.7,259.3296200303444,2.413852123715232,cnn_1d,log10_minmax,CNN/runs/cnn_ecoli50_integrated_20261002_v2/best_checkpoint.pt,,,,cnn_ecoli50_integrated_20261002_v2,ecoli50_random_20260928_v1,val,20260928,ok,,0.2965773344039917,log10mm_59711a1c2217859e,2.0.0,ecoli50_strength_v1
course_ecoli50_strength,ecoli50_r004151,51.34,211.06952372863947,2.3244255301717835,cnn_1d,log10_minmax,CNN/runs/cnn_ecoli50_integrated_20261002_v2/best_checkpoint.pt,,,,cnn_ecoli50_integrated_20261002_v2,ecoli50_random_20260928_v1,val,20260928,ok,,0.2786065340042114,log10mm_59711a1c2217859e,2.0.0,ecoli50_strength_v1
course_ecoli50_strength,ecoli50_r004162,109.6,219.8787748625813,2.3421833084651373,cnn_1d,log10_minmax,CNN/runs/cnn_ecoli50_integrated_20261002_v2/best_checkpoint.pt,,,,cnn_ecoli50_integrated_20261002_v2,ecoli50_random_20260928_v1,val,20260928,ok,,0.282175064086914,log10mm_59711a1c2217859e,2.0.0,ecoli50_strength_v1
course_ecoli50_strength,ecoli50_r004164,64.83,131.78583200770555,2.1198687227647204,cnn_1d,log10_minmax,CNN/runs/cnn_ecoli50_integrated_20261002_v2/best_checkpoint.pt,,,,cnn_ecoli50_integrated_20261002_v2,ecoli50_random_20260928_v1,val,20260928,ok,,0.2374996393918991,log10mm_59711a1c2217859e,2.0.0,ecoli50_strength_v1
course_ecoli50_strength,ecoli50_r004166,2005.46,446.5204365158137,2.649841340633157,cnn_1d,log10_minmax,CNN/runs/cnn_ecoli50_integrated_20261002_v2/best_checkpoint.pt,,,,cnn_ecoli50_integrated_20261002_v2,ecoli50_random_20260928_v1,val,20260928,ok,,0.34400075674057,log10mm_59711a1c2217859e,2.0.0,ecoli50_strength_v1
course_ecoli50_strength,ecoli50_r004170,6531.32,316.2601915292432,2.500044529610263,cnn_1d,log10_minmax,CNN/runs/cnn_ecoli50_integrated_20261002_v2/best_checkpoint.pt,,,,cnn_ecoli50_integrated_20261002_v2,ecoli50_random_20260928_v1,val,20260928,ok,,0.3138982057571411,log10mm_59711a1c2217859e,2.0.0,ecoli50_strength_v1
course_ecoli50_strength,ecoli50_r004176,107.36,180.55109659752048,2.2566001305075463,cnn_1d,log10_minmax,CNN/runs/cnn_ecoli50_integrated_20261002_v2/best_checkpoint.pt,,,,cnn_ecoli50_integrated_20261002_v2,ecoli50_random_20260928_v1,val,20260928,ok,,0.2649766206741333,log10mm_59711a1c2217859e,2.0.0,ecoli50_strength_v1
course_ecoli50_strength,ecoli50_r004184,102.23,149.95025383518757,2.1759472052681232,cnn_1d,log10_minmax,CNN/runs/cnn_ecoli50_integrated_20261002_v2/best_checkpoint.pt,,,,cnn_ecoli50_integrated_20261002_v2,ecoli50_random_20260928_v1,val,20260928,ok,,0.2487689405679702,log10mm_59711a1c2217859e,2.0.0,ecoli50_strength_v1
course_ecoli50_strength,ecoli50_r004204,29.18,153.1201894510997,2.185032457772869,cnn_1d,log10_minmax,CNN/runs/cnn_ecoli50_integrated_20261002_v2/best_checkpoint.pt,,,,cnn_ecoli50_integrated_20261002_v2,ecoli50_random_20260928_v1,val,20260928,ok,,0.2505946755409241,log10mm_59711a1c2217859e,2.0.0,ecoli50_strength_v1
course_ecoli50_strength,ecoli50_r004214,64.84,227.52525303232355,2.357029606021435,cnn_1d,log10_minmax,CNN/runs/cnn_ecoli50_integrated_20261002_v2/best_checkpoint.pt,,,,cnn_ecoli50_integrated_20261002_v2,ecoli50_random_20260928_v1,val,20260928,ok,,0.2851585149765014,log10mm_59711a1c2217859e,2.0.0,ecoli50_strength_v1
course_ecoli50_strength,ecoli50_r004221,372.83,155.46039681788778,2.1916197719221446,cnn_1d,log10_minmax,CNN/runs/cnn_ecoli50_integrated_20261002_v2/best_checkpoint.pt,,,,cnn_ecoli50_integrated_20261002_v2,ecoli50_random_20260928_v1,val,20260928,ok,,0.2519184350967407,log10mm_59711a1c2217859e,2.0.0,ecoli50_strength_v1
course_ecoli50_strength,ecoli50_r004231,63.83,120.31011077261826,2.080302126660213,cnn_1d,log10_minmax,CNN/runs/cnn_ecoli50_integrated_20261002_v2/best_checkpoint.pt,,,,cnn_ecoli50_integrated_20261002_v2,ecoli50_random_20260928_v1,val,20260928,ok,,0.2295484989881515,log10mm_59711a1c2217859e,2.0.0,ecoli50_strength_v1
course_ecoli50_strength,ecoli50_r004258,834.33,157.54472920659106,2.1974038780604226,cnn_1d,log10_minmax,CNN/runs/cnn_ecoli50_integrated_20261002_v2/best_checkpoint.pt,,,,cnn_ecoli50_integrated_20261002_v2,ecoli50_random_20260928_v1,val,20260928,ok,,0.2530807852745056,log10mm_59711a1c2217859e,2.0.0,ecoli50_strength_v1
course_ecoli50_strength,ecoli50_r004260,482.21,288.73924359998114,2.4605058144337595,cnn_1d,log10_minmax,CNN/runs/cnn_ecoli50_integrated_20261002_v2/best_checkpoint.pt,,,,cnn_ecoli50_integrated_20261002_v2,ecoli50_random_20260928_v1,val,20260928,ok,,0.3059526681900024,log10mm_59711a1c2217859e,2.0.0,ecoli50_strength_v1
course_ecoli50_strength,ecoli50_r004271,226.05,147.73914733271454,2.169495588188653,cnn_1d,log10_minmax,CNN/runs/cnn_ecoli50_integrated_20261002_v2/best_checkpoint.pt,,,,cnn_ecoli50_integrated_20261002_v2,ecoli50_random_20260928_v1,val,20260928,ok,,0.2474724501371383,log10mm_59711a1c2217859e,2.0.0,ecoli50_strength_v1
course_ecoli50_strength,ecoli50_r004279,156.9,162.63504425465268,2.2112141321963312,cnn_1d,log10_minmax,CNN/runs/cnn_ecoli50_integrated_20261002_v2/best_checkpoint.pt,,,,cnn_ecoli50_integrated_20261002_v2,ecoli50_random_20260928_v1,val,20260928,ok,,0.2558560371398926,log10mm_59711a1c2217859e,2.0.0,ecoli50_strength_v1
course_ecoli50_strength,ecoli50_r004284,102.17,233.55842249421204,2.368395533267156,cnn_1d,log10_minmax,CNN/runs/cnn_ecoli50_integrated_20261002_v2/best_checkpoint.pt,,,,cnn_ecoli50_integrated_20261002_v2,ecoli50_random_20260928_v1,val,20260928,ok,,0.2874425649642944,log10mm_59711a1c2217859e,2.0.0,ecoli50_strength_v1
course_ecoli50_strength,ecoli50_r004295,7300.25,313.8132191189443,2.496671233927445,cnn_1d,log10_minmax,CNN/runs/cnn_ecoli50_integrated_20261002_v2/best_checkpoint.pt,,,,cnn_ecoli50_integrated_20261002_v2,ecoli50_random_20260928_v1,val,20260928,ok,,0.3132203221321106,log10mm_59711a1c2217859e,2.0.0,ecoli50_strength_v1
course_ecoli50_strength,ecoli50_r004296,7715.17,287.3405697059741,2.4583969484964663,cnn_1d,log10_minmax,CNN/runs/cnn_ecoli50_integrated_20261002_v2/best_checkpoint.pt,,,,cnn_ecoli50_integrated_20261002_v2,ecoli50_random_20260928_v1,val,20260928,ok,,0.3055288791656494,log10mm_59711a1c2217859e,2.0.0,ecoli50_strength_v1
course_ecoli50_strength,ecoli50_r004299,174.61,119.0912179726618,2.075879736909856,cnn_1d,log10_minmax,CNN/runs/cnn_ecoli50_integrated_20261002_v2/best_checkpoint.pt,,,,cnn_ecoli50_integrated_20261002_v2,ecoli50_random_20260928_v1,val,20260928,ok,,0.2286597937345504,log10mm_59711a1c2217859e,2.0.0,ecoli50_strength_v1
course_ecoli50_strength,ecoli50_r004300,76.63,292.7126463197201,2.466441486042355,cnn_1d,log10_minmax,CNN/runs/cnn_ecoli50_integrated_20261002_v2/best_checkpoint.pt,,,,cnn_ecoli50_integrated_20261002_v2,ecoli50_random_20260928_v1,val,20260928,ok,,0.3071454763412475,log10mm_59711a1c2217859e,2.0.0,ecoli50_strength_v1
course_ecoli50_strength,ecoli50_r004305,73.36,326.81908060501445,2.5143074039178046,cnn_1d,log10_minmax,CNN/runs/cnn_ecoli50_integrated_20261002_v2/best_checkpoint.pt,,,,cnn_ecoli50_integrated_20261002_v2,ecoli50_random_20260928_v1,val,20260928,ok,,0.3167644143104553,log10mm_59711a1c2217859e,2.0.0,ecoli50_strength_v1
course_ecoli50_strength,ecoli50_r004323,216.72,185.29627758601072,2.267866694871553,cnn_1d,log10_minmax,CNN/runs/cnn_ecoli50_integrated_20261002_v2/best_checkpoint.pt,,,,cnn_ecoli50_integrated_20261002_v2,ecoli50_random_20260928_v1,val,20260928,ok,,0.2672407031059265,log10mm_59711a1c2217859e,2.0.0,ecoli50_strength_v1
course_ecoli50_strength,ecoli50_r004339,137.55,265.15988559909295,2.423507822972988,cnn_1d,log10_minmax,CNN/runs/cnn_ecoli50_integrated_20261002_v2/best_checkpoint.pt,,,,cnn_ecoli50_integrated_20261002_v2,ecoli50_random_20260928_v1,val,20260928,ok,,0.2985177040100097,log10mm_59711a1c2217859e,2.0.0,ecoli50_strength_v1
course_ecoli50_strength,ecoli50_r004342,1675.61,223.531443345263,2.3493386223710817,cnn_1d,log10_minmax,CNN/runs/cnn_ecoli50_integrated_20261002_v2/best_checkpoint.pt,,,,cnn_ecoli50_integrated_20261002_v2,ecoli50_random_20260928_v1,val,20260928,ok,,0.2836129665374756,log10mm_59711a1c2217859e,2.0.0,ecoli50_strength_v1
course_ecoli50_strength,ecoli50_r004360,76.16,118.51845948997035,2.0737859978590323,cnn_1d,log10_minmax,CNN/runs/cnn_ecoli50_integrated_20261002_v2/best_checkpoint.pt,,,,cnn_ecoli50_integrated_20261002_v2,ecoli50_random_20260928_v1,val,20260928,ok,,0.228239044547081,log10mm_59711a1c2217859e,2.0.0,ecoli50_strength_v1
course_ecoli50_strength,ecoli50_r004363,212.47,113.50438553262224,2.0550126419328665,cnn_1d,log10_minmax,CNN/runs/cnn_ecoli50_integrated_20261002_v2/best_checkpoint.pt,,,,cnn_ecoli50_integrated_20261002_v2,ecoli50_random_20260928_v1,val,20260928,ok,,0.2244664281606674,log10mm_59711a1c2217859e,2.0.0,ecoli50_strength_v1
course_ecoli50_strength,ecoli50_r004364,95.91,212.98544179069097,2.328349919091098,cnn_1d,log10_minmax,CNN/runs/cnn_ecoli50_integrated_20261002_v2/best_checkpoint.pt,,,,cnn_ecoli50_integrated_20261002_v2,ecoli50_random_20260928_v1,val,20260928,ok,,0.2793951630592346,log10mm_59711a1c2217859e,2.0.0,ecoli50_strength_v1
course_ecoli50_strength,ecoli50_r004365,204.96,217.1246619056613,2.3367091551966865,cnn_1d,log10_minmax,CNN/runs/cnn_ecoli50_integrated_20261002_v2/best_checkpoint.pt,,,,cnn_ecoli50_integrated_20261002_v2,ecoli50_random_20260928_v1,val,20260928,ok,,0.2810750007629394,log10mm_59711a1c2217859e,2.0.0,ecoli50_strength_v1
course_ecoli50_strength,ecoli50_r004370,70.45,155.7209515631765,2.1923470488951744,cnn_1d,log10_minmax,CNN/runs/cnn_ecoli50_integrated_20261002_v2/best_checkpoint.pt,,,,cnn_ecoli50_integrated_20261002_v2,ecoli50_random_20260928_v1,val,20260928,ok,,0.25206458568573,log10mm_59711a1c2217859e,2.0.0,ecoli50_strength_v1
course_ecoli50_strength,ecoli50_r004371,354.79,372.1865268471343,2.570760647618362,cnn_1d,log10_minmax,CNN/runs/cnn_ecoli50_integrated_20261002_v2/best_checkpoint.pt,,,,cnn_ecoli50_integrated_20261002_v2,ecoli50_random_20260928_v1,val,20260928,ok,,0.3281090259552002,log10mm_59711a1c2217859e,2.0.0,ecoli50_strength_v1
course_ecoli50_strength,ecoli50_r004373,117.42,163.94126195436286,2.214688273788949,cnn_1d,log10_minmax,CNN/runs/cnn_ecoli50_integrated_20261002_v2/best_checkpoint.pt,,,,cnn_ecoli50_integrated_20261002_v2,ecoli50_random_20260928_v1,val,20260928,ok,,0.2565541863441467,log10mm_59711a1c2217859e,2.0.0,ecoli50_strength_v1
course_ecoli50_strength,ecoli50_r004393,252.56,183.1591215164984,2.26282855186018,cnn_1d,log10_minmax,CNN/runs/cnn_ecoli50_integrated_20261002_v2/best_checkpoint.pt,,,,cnn_ecoli50_integrated_20261002_v2,ecoli50_random_20260928_v1,val,20260928,ok,,0.2662282586097717,log10mm_59711a1c2217859e,2.0.0,ecoli50_strength_v1
course_ecoli50_strength,ecoli50_r004403,240.01,265.66797687719713,2.4243392085176056,cnn_1d,log10_minmax,CNN/runs/cnn_ecoli50_integrated_20261002_v2/best_checkpoint.pt,,,,cnn_ecoli50_integrated_20261002_v2,ecoli50_random_20260928_v1,val,20260928,ok,,0.2986847758293152,log10mm_59711a1c2217859e,2.0.0,ecoli50_strength_v1
course_ecoli50_strength,ecoli50_r004413,59.44,293.69585659474734,2.467897819622117,cnn_1d,log10_minmax,CNN/runs/cnn_ecoli50_integrated_20261002_v2/best_checkpoint.pt,,,,cnn_ecoli50_integrated_20261002_v2,ecoli50_random_20260928_v1,val,20260928,ok,,0.3074381351470947,log10mm_59711a1c2217859e,2.0.0,ecoli50_strength_v1
course_ecoli50_strength,ecoli50_r004419,227.33,176.16056089989468,2.2459086844350185,cnn_1d,log10_minmax,CNN/runs/cnn_ecoli50_integrated_20261002_v2/best_checkpoint.pt,,,,cnn_ecoli50_integrated_20261002_v2,ecoli50_random_20260928_v1,val,20260928,ok,,0.2628281116485595,log10mm_59711a1c2217859e,2.0.0,ecoli50_strength_v1
course_ecoli50_strength,ecoli50_r004430,147.37,303.6469415325358,2.482368911072834,cnn_1d,log10_minmax,CNN/runs/cnn_ecoli50_integrated_20261002_v2/best_checkpoint.pt,,,,cnn_ecoli50_integrated_20261002_v2,ecoli50_random_20260928_v1,val,20260928,ok,,0.3103461861610412,log10mm_59711a1c2217859e,2.0.0,ecoli50_strength_v1
course_ecoli50_strength,ecoli50_r004452,37.23,210.81107345229904,2.3238934196947785,cnn_1d,log10_minmax,CNN/runs/cnn_ecoli50_integrated_20261002_v2/best_checkpoint.pt,,,,cnn_ecoli50_integrated_20261002_v2,ecoli50_random_20260928_v1,val,20260928,ok,,0.2784996032714844,log10mm_59711a1c2217859e,2.0.0,ecoli50_strength_v1
course_ecoli50_strength,ecoli50_r004458,120.84,224.75486153362104,2.3517090944626213,cnn_1d,log10_minmax,CNN/runs/cnn_ecoli50_integrated_20261002_v2/best_checkpoint.pt,,,,cnn_ecoli50_integrated_20261002_v2,ecoli50_random_20260928_v1,val,20260928,ok,,0.2840893268585205,log10mm_59711a1c2217859e,2.0.0,ecoli50_strength_v1
course_ecoli50_strength,ecoli50_r004488,553.55,327.26758220689067,2.51490298799686,cnn_1d,log10_minmax,CNN/runs/cnn_ecoli50_integrated_20261002_v2/best_checkpoint.pt,,,,cnn_ecoli50_integrated_20261002_v2,ecoli50_random_20260928_v1,val,20260928,ok,,0.3168841004371643,log10mm_59711a1c2217859e,2.0.0,ecoli50_strength_v1
course_ecoli50_strength,ecoli50_r004499,139.23,197.87704196815227,2.2963954095428067,cnn_1d,log10_minmax,CNN/runs/cnn_ecoli50_integrated_20261002_v2/best_checkpoint.pt,,,,cnn_ecoli50_integrated_20261002_v2,ecoli50_random_20260928_v1,val,20260928,ok,,0.2729737162590027,log10mm_59711a1c2217859e,2.0.0,ecoli50_strength_v1
course_ecoli50_strength,ecoli50_r004513,64.84,108.72092552027304,2.0363131408053485,cnn_1d,log10_minmax,CNN/runs/cnn_ecoli50_integrated_20261002_v2/best_checkpoint.pt,,,,cnn_ecoli50_integrated_20261002_v2,ecoli50_random_20260928_v1,val,20260928,ok,,0.2207086533308029,log10mm_59711a1c2217859e,2.0.0,ecoli50_strength_v1
course_ecoli50_strength,ecoli50_r004523,142.09,444.2239486912345,2.647601968224357,cnn_1d,log10_minmax,CNN/runs/cnn_ecoli50_integrated_20261002_v2/best_checkpoint.pt,,,,cnn_ecoli50_integrated_20261002_v2,ecoli50_random_20260928_v1,val,20260928,ok,,0.3435507416725158,log10mm_59711a1c2217859e,2.0.0,ecoli50_strength_v1
course_ecoli50_strength,ecoli50_r004526,31.08,165.9113903032178,2.2198762026369376,cnn_1d,log10_minmax,CNN/runs/cnn_ecoli50_integrated_20261002_v2/best_checkpoint.pt,,,,cnn_ecoli50_integrated_20261002_v2,ecoli50_random_20260928_v1,val,20260928,ok,,0.2575967311859131,log10mm_59711a1c2217859e,2.0.0,ecoli50_strength_v1
course_ecoli50_strength,ecoli50_r004534,109.05,252.6178014055171,2.402463951048231,cnn_1d,log10_minmax,CNN/runs/cnn_ecoli50_integrated_20261002_v2/best_checkpoint.pt,,,,cnn_ecoli50_integrated_20261002_v2,ecoli50_random_20260928_v1,val,20260928,ok,,0.2942888140678406,log10mm_59711a1c2217859e,2.0.0,ecoli50_strength_v1
course_ecoli50_strength,ecoli50_r004537,126.28,229.9351363858908,2.3616053408758124,cnn_1d,log10_minmax,CNN/runs/cnn_ecoli50_integrated_20261002_v2/best_checkpoint.pt,,,,cnn_ecoli50_integrated_20261002_v2,ecoli50_random_20260928_v1,val,20260928,ok,,0.2860780358314514,log10mm_59711a1c2217859e,2.0.0,ecoli50_strength_v1
course_ecoli50_strength,ecoli50_r004539,285.88,85.69579353565285,1.932959504664274,cnn_1d,log10_minmax,CNN/runs/cnn_ecoli50_integrated_20261002_v2/best_checkpoint.pt,,,,cnn_ecoli50_integrated_20261002_v2,ecoli50_random_20260928_v1,val,20260928,ok,,0.1999391317367553,log10mm_59711a1c2217859e,2.0.0,ecoli50_strength_v1
course_ecoli50_strength,ecoli50_r004540,67.1,132.87935226377485,2.1234575024283324,cnn_1d,log10_minmax,CNN/runs/cnn_ecoli50_integrated_20261002_v2/best_checkpoint.pt,,,,cnn_ecoli50_integrated_20261002_v2,ecoli50_random_20260928_v1,val,20260928,ok,,0.2382208257913589,log10mm_59711a1c2217859e,2.0.0,ecoli50_strength_v1
course_ecoli50_strength,ecoli50_r004545,23.93,130.94674840168355,2.1170947187311717,cnn_1d,log10_minmax,CNN/runs/cnn_ecoli50_integrated_20261002_v2/best_checkpoint.pt,,,,cnn_ecoli50_integrated_20261002_v2,ecoli50_random_20260928_v1,val,20260928,ok,,0.2369421869516372,log10mm_59711a1c2217859e,2.0.0,ecoli50_strength_v1
course_ecoli50_strength,ecoli50_r004548,182.04,179.9734562201456,2.255208456952303,cnn_1d,log10_minmax,CNN/runs/cnn_ecoli50_integrated_20261002_v2/best_checkpoint.pt,,,,cnn_ecoli50_integrated_20261002_v2,ecoli50_random_20260928_v1,val,20260928,ok,,0.2646969556808471,log10mm_59711a1c2217859e,2.0.0,ecoli50_strength_v1
course_ecoli50_strength,ecoli50_r004554,761.55,109.70651349653296,2.040232413277769,cnn_1d,log10_minmax,CNN/runs/cnn_ecoli50_integrated_20261002_v2/best_checkpoint.pt,,,,cnn_ecoli50_integrated_20261002_v2,ecoli50_random_20260928_v1,val,20260928,ok,,0.2214962542057037,log10mm_59711a1c2217859e,2.0.0,ecoli50_strength_v1
course_ecoli50_strength,ecoli50_r004555,430.32,113.43340040992196,2.05474095118764,cnn_1d,log10_minmax,CNN/runs/cnn_ecoli50_integrated_20261002_v2/best_checkpoint.pt,,,,cnn_ecoli50_integrated_20261002_v2,ecoli50_random_20260928_v1,val,20260928,ok,,0.2244118303060531,log10mm_59711a1c2217859e,2.0.0,ecoli50_strength_v1
course_ecoli50_strength,ecoli50_r004557,74.46,150.38227702041323,2.1771966564299863,cnn_1d,log10_minmax,CNN/runs/cnn_ecoli50_integrated_20261002_v2/best_checkpoint.pt,,,,cnn_ecoli50_integrated_20261002_v2,ecoli50_random_20260928_v1,val,20260928,ok,,0.2490200251340866,log10mm_59711a1c2217859e,2.0.0,ecoli50_strength_v1
course_ecoli50_strength,ecoli50_r004561,79189.46,310.16688039063064,2.491595422002705,cnn_1d,log10_minmax,CNN/runs/cnn_ecoli50_integrated_20261002_v2/best_checkpoint.pt,,,,cnn_ecoli50_integrated_20261002_v2,ecoli50_random_20260928_v1,val,20260928,ok,,0.3122003078460693,log10mm_59711a1c2217859e,2.0.0,ecoli50_strength_v1
course_ecoli50_strength,ecoli50_r004562,586.39,226.25862925558377,2.3546051517075908,cnn_1d,log10_minmax,CNN/runs/cnn_ecoli50_integrated_20261002_v2/best_checkpoint.pt,,,,cnn_ecoli50_integrated_20261002_v2,ecoli50_random_20260928_v1,val,20260928,ok,,0.2846713066101074,log10mm_59711a1c2217859e,2.0.0,ecoli50_strength_v1
course_ecoli50_strength,ecoli50_r004577,89.16,110.84135213260842,2.0447018150184304,cnn_1d,log10_minmax,CNN/runs/cnn_ecoli50_integrated_20261002_v2/best_checkpoint.pt,,,,cnn_ecoli50_integrated_20261002_v2,ecoli50_random_20260928_v1,val,20260928,ok,,0.2223944067955017,log10mm_59711a1c2217859e,2.0.0,ecoli50_strength_v1
course_ecoli50_strength,ecoli50_r004585,95.36,299.1162643052044,2.47584002823012,cnn_1d,log10_minmax,CNN/runs/cnn_ecoli50_integrated_20261002_v2/best_checkpoint.pt,,,,cnn_ecoli50_integrated_20261002_v2,ecoli50_random_20260928_v1,val,20260928,ok,,0.3090341687202453,log10mm_59711a1c2217859e,2.0.0,ecoli50_strength_v1
course_ecoli50_strength,ecoli50_r004587,114.25,177.73835949895138,2.249781167371348,cnn_1d,log10_minmax,CNN/runs/cnn_ecoli50_integrated_20261002_v2/best_checkpoint.pt,,,,cnn_ecoli50_integrated_20261002_v2,ecoli50_random_20260928_v1,val,20260928,ok,,0.263606309890747,log10mm_59711a1c2217859e,2.0.0,ecoli50_strength_v1
course_ecoli50_strength,ecoli50_r004600,85.1,239.0432941405876,2.378476564979776,cnn_1d,log10_minmax,CNN/runs/cnn_ecoli50_integrated_20261002_v2/best_checkpoint.pt,,,,cnn_ecoli50_integrated_20261002_v2,ecoli50_random_20260928_v1,val,20260928,ok,,0.2894684076309204,log10mm_59711a1c2217859e,2.0.0,ecoli50_strength_v1
course_ecoli50_strength,ecoli50_r004604,279.23,203.0982438408636,2.3077061681437545,cnn_1d,log10_minmax,CNN/runs/cnn_ecoli50_integrated_20261002_v2/best_checkpoint.pt,,,,cnn_ecoli50_integrated_20261002_v2,ecoli50_random_20260928_v1,val,20260928,ok,,0.2752466797828674,log10mm_59711a1c2217859e,2.0.0,ecoli50_strength_v1
course_ecoli50_strength,ecoli50_r004610,462.97,143.54596591213365,2.15699099197904,cnn_1d,log10_minmax,CNN/runs/cnn_ecoli50_integrated_20261002_v2/best_checkpoint.pt,,,,cnn_ecoli50_integrated_20261002_v2,ecoli50_random_20260928_v1,val,20260928,ok,,0.2449595779180526,log10mm_59711a1c2217859e,2.0.0,ecoli50_strength_v1
course_ecoli50_strength,ecoli50_r004612,32.42,160.55308956704175,2.205618667230503,cnn_1d,log10_minmax,CNN/runs/cnn_ecoli50_integrated_20261002_v2/best_checkpoint.pt,,,,cnn_ecoli50_integrated_20261002_v2,ecoli50_random_20260928_v1,val,20260928,ok,,0.2547315955162048,log10mm_59711a1c2217859e,2.0.0,ecoli50_strength_v1
course_ecoli50_strength,ecoli50_r004613,168.37,247.8048244188428,2.3941097572381325,cnn_1d,log10_minmax,CNN/runs/cnn_ecoli50_integrated_20261002_v2/best_checkpoint.pt,,,,cnn_ecoli50_integrated_20261002_v2,ecoli50_random_20260928_v1,val,20260928,ok,,0.2926099896430969,log10mm_59711a1c2217859e,2.0.0,ecoli50_strength_v1
course_ecoli50_strength,ecoli50_r004621,59.44,123.17083370408356,2.090507881034806,cnn_1d,log10_minmax,CNN/runs/cnn_ecoli50_integrated_20261002_v2/best_checkpoint.pt,,,,cnn_ecoli50_integrated_20261002_v2,ecoli50_random_20260928_v1,val,20260928,ok,,0.2315994054079055,log10mm_59711a1c2217859e,2.0.0,ecoli50_strength_v1
course_ecoli50_strength,ecoli50_r004632,84.88,83.91504772544994,1.923839845907949,cnn_1d,log10_minmax,CNN/runs/cnn_ecoli50_integrated_20261002_v2/best_checkpoint.pt,,,,cnn_ecoli50_integrated_20261002_v2,ecoli50_random_20260928_v1,val,20260928,ok,,0.1981064826250076,log10mm_59711a1c2217859e,2.0.0,ecoli50_strength_v1
course_ecoli50_strength,ecoli50_r004636,51.42,136.88714463498474,2.136362664523784,cnn_1d,log10_minmax,CNN/runs/cnn_ecoli50_integrated_20261002_v2/best_checkpoint.pt,,,,cnn_ecoli50_integrated_20261002_v2,ecoli50_random_20260928_v1,val,20260928,ok,,0.2408141940832138,log10mm_59711a1c2217859e,2.0.0,ecoli50_strength_v1
course_ecoli50_strength,ecoli50_r004645,58.95,127.10419840864368,2.1041598960740138,cnn_1d,log10_minmax,CNN/runs/cnn_ecoli50_integrated_20261002_v2/best_checkpoint.pt,,,,cnn_ecoli50_integrated_20261002_v2,ecoli50_random_20260928_v1,val,20260928,ok,,0.2343428581953048,log10mm_59711a1c2217859e,2.0.0,ecoli50_strength_v1
course_ecoli50_strength,ecoli50_r004666,98.97,218.72491618968533,2.339898258791311,cnn_1d,log10_minmax,CNN/runs/cnn_ecoli50_integrated_20261002_v2/best_checkpoint.pt,,,,cnn_ecoli50_integrated_20261002_v2,ecoli50_random_20260928_v1,val,20260928,ok,,0.2817158699035644,log10mm_59711a1c2217859e,2.0.0,ecoli50_strength_v1
course_ecoli50_strength,ecoli50_r004693,147.61,236.79511001724663,2.37437272966214,cnn_1d,log10_minmax,CNN/runs/cnn_ecoli50_integrated_20261002_v2/best_checkpoint.pt,,,,cnn_ecoli50_integrated_20261002_v2,ecoli50_random_20260928_v1,val,20260928,ok,,0.2886437177658081,log10mm_59711a1c2217859e,2.0.0,ecoli50_strength_v1
course_ecoli50_strength,ecoli50_r004697,144.32,92.4515913132672,1.965914390807503,cnn_1d,log10_minmax,CNN/runs/cnn_ecoli50_integrated_20261002_v2/best_checkpoint.pt,,,,cnn_ecoli50_integrated_20261002_v2,ecoli50_random_20260928_v1,val,20260928,ok,,0.2065616101026535,log10mm_59711a1c2217859e,2.0.0,ecoli50_strength_v1
course_ecoli50_strength,ecoli50_r004699,222.5,163.14388732696378,2.212570806288761,cnn_1d,log10_minmax,CNN/runs/cnn_ecoli50_integrated_20261002_v2/best_checkpoint.pt,,,,cnn_ecoli50_integrated_20261002_v2,ecoli50_random_20260928_v1,val,20260928,ok,,0.2561286687850952,log10mm_59711a1c2217859e,2.0.0,ecoli50_strength_v1
course_ecoli50_strength,ecoli50_r004709,137.55,178.85192783213017,2.252493625739357,cnn_1d,log10_minmax,CNN/runs/cnn_ecoli50_integrated_20261002_v2/best_checkpoint.pt,,,,cnn_ecoli50_integrated_20261002_v2,ecoli50_random_20260928_v1,val,20260928,ok,,0.264151394367218,log10mm_59711a1c2217859e,2.0.0,ecoli50_strength_v1
course_ecoli50_strength,ecoli50_r004719,725.7,274.63827551128986,2.438761063435891,cnn_1d,log10_minmax,CNN/runs/cnn_ecoli50_integrated_20261002_v2/best_checkpoint.pt,,,,cnn_ecoli50_integrated_20261002_v2,ecoli50_random_20260928_v1,val,20260928,ok,,0.301582932472229,log10mm_59711a1c2217859e,2.0.0,ecoli50_strength_v1
course_ecoli50_strength,ecoli50_r004721,1515.37,261.5019096608497,2.417474864721997,cnn_1d,log10_minmax,CNN/runs/cnn_ecoli50_integrated_20261002_v2/best_checkpoint.pt,,,,cnn_ecoli50_integrated_20261002_v2,ecoli50_random_20260928_v1,val,20260928,ok,,0.2973053455352783,log10mm_59711a1c2217859e,2.0.0,ecoli50_strength_v1
course_ecoli50_strength,ecoli50_r004723,206.32,216.4798297651921,2.3354174377343924,cnn_1d,log10_minmax,CNN/runs/cnn_ecoli50_integrated_20261002_v2/best_checkpoint.pt,,,,cnn_ecoli50_integrated_20261002_v2,ecoli50_random_20260928_v1,val,20260928,ok,,0.2808154225349426,log10mm_59711a1c2217859e,2.0.0,ecoli50_strength_v1
course_ecoli50_strength,ecoli50_r004730,316.47,67.37969516326767,1.828529041830465,cnn_1d,log10_minmax,CNN/runs/cnn_ecoli50_integrated_20261002_v2/best_checkpoint.pt,,,,cnn_ecoli50_integrated_20261002_v2,ecoli50_random_20260928_v1,val,20260928,ok,,0.1789532154798507,log10mm_59711a1c2217859e,2.0.0,ecoli50_strength_v1
course_ecoli50_strength,ecoli50_r004738,228.48,192.6305501311235,2.2847251649339824,cnn_1d,log10_minmax,CNN/runs/cnn_ecoli50_integrated_20261002_v2/best_checkpoint.pt,,,,cnn_ecoli50_integrated_20261002_v2,ecoli50_random_20260928_v1,val,20260928,ok,,0.2706285119056701,log10mm_59711a1c2217859e,2.0.0,ecoli50_strength_v1
course_ecoli50_strength,ecoli50_r004744,436.54,326.2836063471002,2.5135952538312445,cnn_1d,log10_minmax,CNN/runs/cnn_ecoli50_integrated_20261002_v2/best_checkpoint.pt,,,,cnn_ecoli50_integrated_20261002_v2,ecoli50_random_20260928_v1,val,20260928,ok,,0.3166213035583496,log10mm_59711a1c2217859e,2.0.0,ecoli50_strength_v1
course_ecoli50_strength,ecoli50_r004764,1120.76,287.170478236239,2.4581397914264755,cnn_1d,log10_minmax,CNN/runs/cnn_ecoli50_integrated_20261002_v2/best_checkpoint.pt,,,,cnn_ecoli50_integrated_20261002_v2,ecoli50_random_20260928_v1,val,20260928,ok,,0.3054772019386291,log10mm_59711a1c2217859e,2.0.0,ecoli50_strength_v1
course_ecoli50_strength,ecoli50_r004769,58.61,160.54574309899917,2.20559879465416,cnn_1d,log10_minmax,CNN/runs/cnn_ecoli50_integrated_20261002_v2/best_checkpoint.pt,,,,cnn_ecoli50_integrated_20261002_v2,ecoli50_random_20260928_v1,val,20260928,ok,,0.2547276020050049,log10mm_59711a1c2217859e,2.0.0,ecoli50_strength_v1
course_ecoli50_strength,ecoli50_r004772,93.21,287.2591408072902,2.4582738571653864,cnn_1d,log10_minmax,CNN/runs/cnn_ecoli50_integrated_20261002_v2/best_checkpoint.pt,,,,cnn_ecoli50_integrated_20261002_v2,ecoli50_random_20260928_v1,val,20260928,ok,,0.3055041432380676,log10mm_59711a1c2217859e,2.0.0,ecoli50_strength_v1
course_ecoli50_strength,ecoli50_r004783,82.59,132.80024074287783,2.1231988623302565,cnn_1d,log10_minmax,CNN/runs/cnn_ecoli50_integrated_20261002_v2/best_checkpoint.pt,,,,cnn_ecoli50_integrated_20261002_v2,ecoli50_random_20260928_v1,val,20260928,ok,,0.2381688505411148,log10mm_59711a1c2217859e,2.0.0,ecoli50_strength_v1
course_ecoli50_strength,ecoli50_r004784,73.81,179.8589362520194,2.254932020517204,cnn_1d,log10_minmax,CNN/runs/cnn_ecoli50_integrated_20261002_v2/best_checkpoint.pt,,,,cnn_ecoli50_integrated_20261002_v2,ecoli50_random_20260928_v1,val,20260928,ok,,0.2646414041519165,log10mm_59711a1c2217859e,2.0.0,ecoli50_strength_v1
course_ecoli50_strength,ecoli50_r004791,33.55,112.4414160540769,2.0509263063466374,cnn_1d,log10_minmax,CNN/runs/cnn_ecoli50_integrated_20261002_v2/best_checkpoint.pt,,,,cnn_ecoli50_integrated_20261002_v2,ecoli50_random_20260928_v1,val,20260928,ok,,0.2236452549695968,log10mm_59711a1c2217859e,2.0.0,ecoli50_strength_v1
course_ecoli50_strength,ecoli50_r004792,1238.87,118.2320239654656,2.0727351241577905,cnn_1d,log10_minmax,CNN/runs/cnn_ecoli50_integrated_20261002_v2/best_checkpoint.pt,,,,cnn_ecoli50_integrated_20261002_v2,ecoli50_random_20260928_v1,val,20260928,ok,,0.2280278652906417,log10mm_59711a1c2217859e,2.0.0,ecoli50_strength_v1
course_ecoli50_strength,ecoli50_r004793,3257.56,290.978975457137,2.463861610385171,cnn_1d,log10_minmax,CNN/runs/cnn_ecoli50_integrated_20261002_v2/best_checkpoint.pt,,,,cnn_ecoli50_integrated_20261002_v2,ecoli50_random_20260928_v1,val,20260928,ok,,0.3066270351409912,log10mm_59711a1c2217859e,2.0.0,ecoli50_strength_v1
course_ecoli50_strength,ecoli50_r004795,801.81,249.812663133846,2.397614449209308,cnn_1d,log10_minmax,CNN/runs/cnn_ecoli50_integrated_20261002_v2/best_checkpoint.pt,,,,cnn_ecoli50_integrated_20261002_v2,ecoli50_random_20260928_v1,val,20260928,ok,,0.2933142781257629,log10mm_59711a1c2217859e,2.0.0,ecoli50_strength_v1
course_ecoli50_strength,ecoli50_r004804,72.16,113.96804037626266,2.056783080861095,cnn_1d,log10_minmax,CNN/runs/cnn_ecoli50_integrated_20261002_v2/best_checkpoint.pt,,,,cnn_ecoli50_integrated_20261002_v2,ecoli50_random_20260928_v1,val,20260928,ok,,0.2248222082853317,log10mm_59711a1c2217859e,2.0.0,ecoli50_strength_v1
course_ecoli50_strength,ecoli50_r004806,271.16,77.19375764413333,1.8875821820673575,cnn_1d,log10_minmax,CNN/runs/cnn_ecoli50_integrated_20261002_v2/best_checkpoint.pt,,,,cnn_ecoli50_integrated_20261002_v2,ecoli50_random_20260928_v1,val,20260928,ok,,0.1908202916383743,log10mm_59711a1c2217859e,2.0.0,ecoli50_strength_v1
course_ecoli50_strength,ecoli50_r004811,259.73,178.27278357298147,2.2510850456639417,cnn_1d,log10_minmax,CNN/runs/cnn_ecoli50_integrated_20261002_v2/best_checkpoint.pt,,,,cnn_ecoli50_integrated_20261002_v2,ecoli50_random_20260928_v1,val,20260928,ok,,0.2638683319091797,log10mm_59711a1c2217859e,2.0.0,ecoli50_strength_v1
course_ecoli50_strength,ecoli50_r004815,224.59,212.14546824024117,2.326633758990792,cnn_1d,log10_minmax,CNN/runs/cnn_ecoli50_integrated_20261002_v2/best_checkpoint.pt,,,,cnn_ecoli50_integrated_20261002_v2,ecoli50_random_20260928_v1,val,20260928,ok,,0.2790502905845642,log10mm_59711a1c2217859e,2.0.0,ecoli50_strength_v1
course_ecoli50_strength,ecoli50_r004832,215.48,242.1845744185584,2.3841464779554857,cnn_1d,log10_minmax,CNN/runs/cnn_ecoli50_integrated_20261002_v2/best_checkpoint.pt,,,,cnn_ecoli50_integrated_20261002_v2,ecoli50_random_20260928_v1,val,20260928,ok,,0.2906078100204468,log10mm_59711a1c2217859e,2.0.0,ecoli50_strength_v1
course_ecoli50_strength,ecoli50_r004835,70.03,149.60256603986306,2.174939042775738,cnn_1d,log10_minmax,CNN/runs/cnn_ecoli50_integrated_20261002_v2/best_checkpoint.pt,,,,cnn_ecoli50_integrated_20261002_v2,ecoli50_random_20260928_v1,val,20260928,ok,,0.2485663443803787,log10mm_59711a1c2217859e,2.0.0,ecoli50_strength_v1
course_ecoli50_strength,ecoli50_r004836,96.21,96.00253922454604,1.982282720087741,cnn_1d,log10_minmax,CNN/runs/cnn_ecoli50_integrated_20261002_v2/best_checkpoint.pt,,,,cnn_ecoli50_integrated_20261002_v2,ecoli50_random_20260928_v1,val,20260928,ok,,0.2098509222269058,log10mm_59711a1c2217859e,2.0.0,ecoli50_strength_v1
course_ecoli50_strength,ecoli50_r004864,156.04,107.6801368920339,2.0321355989918737,cnn_1d,log10_minmax,CNN/runs/cnn_ecoli50_integrated_20261002_v2/best_checkpoint.pt,,,,cnn_ecoli50_integrated_20261002_v2,ecoli50_random_20260928_v1,val,20260928,ok,,0.2198691517114639,log10mm_59711a1c2217859e,2.0.0,ecoli50_strength_v1
course_ecoli50_strength,ecoli50_r004871,88.42,142.85183833450287,2.15488583361196,cnn_1d,log10_minmax,CNN/runs/cnn_ecoli50_integrated_20261002_v2/best_checkpoint.pt,,,,cnn_ecoli50_integrated_20261002_v2,ecoli50_random_20260928_v1,val,20260928,ok,,0.2445365339517593,log10mm_59711a1c2217859e,2.0.0,ecoli50_strength_v1
course_ecoli50_strength,ecoli50_r004893,108.24,102.14363794289768,2.009211321606364,cnn_1d,log10_minmax,CNN/runs/cnn_ecoli50_integrated_20261002_v2/best_checkpoint.pt,,,,cnn_ecoli50_integrated_20261002_v2,ecoli50_random_20260928_v1,val,20260928,ok,,0.2152623832225799,log10mm_59711a1c2217859e,2.0.0,ecoli50_strength_v1
course_ecoli50_strength,ecoli50_r004905,379.1,156.51817273097814,2.1945647690939287,cnn_1d,log10_minmax,CNN/runs/cnn_ecoli50_integrated_20261002_v2/best_checkpoint.pt,,,,cnn_ecoli50_integrated_20261002_v2,ecoli50_random_20260928_v1,val,20260928,ok,,0.2525102496147156,log10mm_59711a1c2217859e,2.0.0,ecoli50_strength_v1
course_ecoli50_strength,ecoli50_r004909,3471.36,103.42657901909006,2.014632160015148,cnn_1d,log10_minmax,CNN/runs/cnn_ecoli50_integrated_20261002_v2/best_checkpoint.pt,,,,cnn_ecoli50_integrated_20261002_v2,ecoli50_random_20260928_v1,val,20260928,ok,,0.2163517326116562,log10mm_59711a1c2217859e,2.0.0,ecoli50_strength_v1
course_ecoli50_strength,ecoli50_r004925,499.11,210.9656157412441,2.3242116775218835,cnn_1d,log10_minmax,CNN/runs/cnn_ecoli50_integrated_20261002_v2/best_checkpoint.pt,,,,cnn_ecoli50_integrated_20261002_v2,ecoli50_random_20260928_v1,val,20260928,ok,,0.2785635590553283,log10mm_59711a1c2217859e,2.0.0,ecoli50_strength_v1
course_ecoli50_strength,ecoli50_r004928,501.55,337.30635525221066,2.528024523889957,cnn_1d,log10_minmax,CNN/runs/cnn_ecoli50_integrated_20261002_v2/best_checkpoint.pt,,,,cnn_ecoli50_integrated_20261002_v2,ecoli50_random_20260928_v1,val,20260928,ok,,0.3195209503173828,log10mm_59711a1c2217859e,2.0.0,ecoli50_strength_v1
course_ecoli50_strength,ecoli50_r004929,108.24,84.72137427751942,1.9279929919094208,cnn_1d,log10_minmax,CNN/runs/cnn_ecoli50_integrated_20261002_v2/best_checkpoint.pt,,,,cnn_ecoli50_integrated_20261002_v2,ecoli50_random_20260928_v1,val,20260928,ok,,0.1989410817623138,log10mm_59711a1c2217859e,2.0.0,ecoli50_strength_v1
course_ecoli50_strength,ecoli50_r004932,1139.18,196.89968385046265,2.294245018819125,cnn_1d,log10_minmax,CNN/runs/cnn_ecoli50_integrated_20261002_v2/best_checkpoint.pt,,,,cnn_ecoli50_integrated_20261002_v2,ecoli50_random_20260928_v1,val,20260928,ok,,0.2725415825843811,log10mm_59711a1c2217859e,2.0.0,ecoli50_strength_v1
course_ecoli50_strength,ecoli50_r004933,1205.58,174.62061869297173,2.242095522622101,cnn_1d,log10_minmax,CNN/runs/cnn_ecoli50_integrated_20261002_v2/best_checkpoint.pt,,,,cnn_ecoli50_integrated_20261002_v2,ecoli50_random_20260928_v1,val,20260928,ok,,0.2620618343353271,log10mm_59711a1c2217859e,2.0.0,ecoli50_strength_v1
course_ecoli50_strength,ecoli50_r004937,189.48,127.08518908814185,2.1040949394438777,cnn_1d,log10_minmax,CNN/runs/cnn_ecoli50_integrated_20261002_v2/best_checkpoint.pt,,,,cnn_ecoli50_integrated_20261002_v2,ecoli50_random_20260928_v1,val,20260928,ok,,0.234329804778099,log10mm_59711a1c2217859e,2.0.0,ecoli50_strength_v1
course_ecoli50_strength,ecoli50_r004939,349.23,151.22599464865738,2.179626449644938,cnn_1d,log10_minmax,CNN/runs/cnn_ecoli50_integrated_20261002_v2/best_checkpoint.pt,,,,cnn_ecoli50_integrated_20261002_v2,ecoli50_random_20260928_v1,val,20260928,ok,,0.2495083063840866,log10mm_59711a1c2217859e,2.0.0,ecoli50_strength_v1
course_ecoli50_strength,ecoli50_r004940,586.54,252.7741599352576,2.402732675737287,cnn_1d,log10_minmax,CNN/runs/cnn_ecoli50_integrated_20261002_v2/best_checkpoint.pt,,,,cnn_ecoli50_integrated_20261002_v2,ecoli50_random_20260928_v1,val,20260928,ok,,0.2943428158760071,log10mm_59711a1c2217859e,2.0.0,ecoli50_strength_v1
course_ecoli50_strength,ecoli50_r004946,50.32,454.6498664207624,2.657677067824636,cnn_1d,log10_minmax,CNN/runs/cnn_ecoli50_integrated_20261002_v2/best_checkpoint.pt,,,,cnn_ecoli50_integrated_20261002_v2,ecoli50_random_20260928_v1,val,20260928,ok,,0.3455753922462463,log10mm_59711a1c2217859e,2.0.0,ecoli50_strength_v1
course_ecoli50_strength,ecoli50_r004959,582.37,134.6121955050925,2.1290844075895685,cnn_1d,log10_minmax,CNN/runs/cnn_ecoli50_integrated_20261002_v2/best_checkpoint.pt,,,,cnn_ecoli50_integrated_20261002_v2,ecoli50_random_20260928_v1,val,20260928,ok,,0.2393515855073928,log10mm_59711a1c2217859e,2.0.0,ecoli50_strength_v1
course_ecoli50_strength,ecoli50_r004965,31.91,255.9771465181864,2.4082011934990137,cnn_1d,log10_minmax,CNN/runs/cnn_ecoli50_integrated_20261002_v2/best_checkpoint.pt,,,,cnn_ecoli50_integrated_20261002_v2,ecoli50_random_20260928_v1,val,20260928,ok,,0.2954417467117309,log10mm_59711a1c2217859e,2.0.0,ecoli50_strength_v1
course_ecoli50_strength,ecoli50_r004966,41.76,129.5384542135495,2.112398710299076,cnn_1d,log10_minmax,CNN/runs/cnn_ecoli50_integrated_20261002_v2/best_checkpoint.pt,,,,cnn_ecoli50_integrated_20261002_v2,ecoli50_random_20260928_v1,val,20260928,ok,,0.2359984964132309,log10mm_59711a1c2217859e,2.0.0,ecoli50_strength_v1
course_ecoli50_strength,ecoli50_r004973,120.25,109.33532693186136,2.038760507903111,cnn_1d,log10_minmax,CNN/runs/cnn_ecoli50_integrated_20261002_v2/best_checkpoint.pt,,,,cnn_ecoli50_integrated_20261002_v2,ecoli50_random_20260928_v1,val,20260928,ok,,0.2212004661560058,log10mm_59711a1c2217859e,2.0.0,ecoli50_strength_v1
course_ecoli50_strength,ecoli50_r004977,2032.52,277.9654471071729,2.4439908136758848,cnn_1d,log10_minmax,CNN/runs/cnn_ecoli50_integrated_20261002_v2/best_checkpoint.pt,,,,cnn_ecoli50_integrated_20261002_v2,ecoli50_random_20260928_v1,val,20260928,ok,,0.3026338815689087,log10mm_59711a1c2217859e,2.0.0,ecoli50_strength_v1
course_ecoli50_strength,ecoli50_r004980,249.98,149.91175262775502,2.1758356815561086,cnn_1d,log10_minmax,CNN/runs/cnn_ecoli50_integrated_20261002_v2/best_checkpoint.pt,,,,cnn_ecoli50_integrated_20261002_v2,ecoli50_random_20260928_v1,val,20260928,ok,,0.2487465292215347,log10mm_59711a1c2217859e,2.0.0,ecoli50_strength_v1
course_ecoli50_strength,ecoli50_r004984,546.22,130.81664574895433,2.116663009255541,cnn_1d,log10_minmax,CNN/runs/cnn_ecoli50_integrated_20261002_v2/best_checkpoint.pt,,,,cnn_ecoli50_integrated_20261002_v2,ecoli50_random_20260928_v1,val,20260928,ok,,0.2368554323911667,log10mm_59711a1c2217859e,2.0.0,ecoli50_strength_v1
course_ecoli50_strength,ecoli50_r004988,27.24,206.66260510732087,2.315261899632729,cnn_1d,log10_minmax,CNN/runs/cnn_ecoli50_integrated_20261002_v2/best_checkpoint.pt,,,,cnn_ecoli50_integrated_20261002_v2,ecoli50_random_20260928_v1,val,20260928,ok,,0.2767650485038757,log10mm_59711a1c2217859e,2.0.0,ecoli50_strength_v1
course_ecoli50_strength,ecoli50_r004993,141.18,195.33406846973995,2.290777995761316,cnn_1d,log10_minmax,CNN/runs/cnn_ecoli50_integrated_20261002_v2/best_checkpoint.pt,,,,cnn_ecoli50_integrated_20261002_v2,ecoli50_random_20260928_v1,val,20260928,ok,,0.2718448638916015,log10mm_59711a1c2217859e,2.0.0,ecoli50_strength_v1
course_ecoli50_strength,ecoli50_r005003,452.09,223.37578134956848,2.3490360846416807,cnn_1d,log10_minmax,CNN/runs/cnn_ecoli50_integrated_20261002_v2/best_checkpoint.pt,,,,cnn_ecoli50_integrated_20261002_v2,ecoli50_random_20260928_v1,val,20260928,ok,,0.2835521697998047,log10mm_59711a1c2217859e,2.0.0,ecoli50_strength_v1
course_ecoli50_strength,ecoli50_r005008,45.04,137.2677967416164,2.137568662962748,cnn_1d,log10_minmax,CNN/runs/cnn_ecoli50_integrated_20261002_v2/best_checkpoint.pt,,,,cnn_ecoli50_integrated_20261002_v2,ecoli50_random_20260928_v1,val,20260928,ok,,0.2410565465688705,log10mm_59711a1c2217859e,2.0.0,ecoli50_strength_v1
course_ecoli50_strength,ecoli50_r005011,150.97,261.6396428645294,2.4177035476527498,cnn_1d,log10_minmax,CNN/runs/cnn_ecoli50_integrated_20261002_v2/best_checkpoint.pt,,,,cnn_ecoli50_integrated_20261002_v2,ecoli50_random_20260928_v1,val,20260928,ok,,0.2973513007164001,log10mm_59711a1c2217859e,2.0.0,ecoli50_strength_v1
course_ecoli50_strength,ecoli50_r005020,11361.21,98.92605190185128,1.995310676908656,cnn_1d,log10_minmax,CNN/runs/cnn_ecoli50_integrated_20261002_v2/best_checkpoint.pt,,,,cnn_ecoli50_integrated_20261002_v2,ecoli50_random_20260928_v1,val,20260928,ok,,0.2124689668416977,log10mm_59711a1c2217859e,2.0.0,ecoli50_strength_v1
course_ecoli50_strength,ecoli50_r005022,107.74,279.7552937014533,2.44677831326501,cnn_1d,log10_minmax,CNN/runs/cnn_ecoli50_integrated_20261002_v2/best_checkpoint.pt,,,,cnn_ecoli50_integrated_20261002_v2,ecoli50_random_20260928_v1,val,20260928,ok,,0.3031940460205078,log10mm_59711a1c2217859e,2.0.0,ecoli50_strength_v1
course_ecoli50_strength,ecoli50_r005023,186.41,238.15926399817783,2.3768674795072275,cnn_1d,log10_minmax,CNN/runs/cnn_ecoli50_integrated_20261002_v2/best_checkpoint.pt,,,,cnn_ecoli50_integrated_20261002_v2,ecoli50_random_20260928_v1,val,20260928,ok,,0.2891450524330139,log10mm_59711a1c2217859e,2.0.0,ecoli50_strength_v1
course_ecoli50_strength,ecoli50_r005063,182.04,271.70623814031967,2.434099609558184,cnn_1d,log10_minmax,CNN/runs/cnn_ecoli50_integrated_20261002_v2/best_checkpoint.pt,,,,cnn_ecoli50_integrated_20261002_v2,ecoli50_random_20260928_v1,val,20260928,ok,,0.3006461858749389,log10mm_59711a1c2217859e,2.0.0,ecoli50_strength_v1
course_ecoli50_strength,ecoli50_r005067,57.03,104.31245603055864,2.0183361709609877,cnn_1d,log10_minmax,CNN/runs/cnn_ecoli50_integrated_20261002_v2/best_checkpoint.pt,,,,cnn_ecoli50_integrated_20261002_v2,ecoli50_random_20260928_v1,val,20260928,ok,,0.2170960754156112,log10mm_59711a1c2217859e,2.0.0,ecoli50_strength_v1
course_ecoli50_strength,ecoli50_r005068,61.17,111.75274266885934,2.0482581905183785,cnn_1d,log10_minmax,CNN/runs/cnn_ecoli50_integrated_20261002_v2/best_checkpoint.pt,,,,cnn_ecoli50_integrated_20261002_v2,ecoli50_random_20260928_v1,val,20260928,ok,,0.2231090813875198,log10mm_59711a1c2217859e,2.0.0,ecoli50_strength_v1
course_ecoli50_strength,ecoli50_r005092,46.97,186.12652763090568,2.269808275240824,cnn_1d,log10_minmax,CNN/runs/cnn_ecoli50_integrated_20261002_v2/best_checkpoint.pt,,,,cnn_ecoli50_integrated_20261002_v2,ecoli50_random_20260928_v1,val,20260928,ok,,0.2676308751106262,log10mm_59711a1c2217859e,2.0.0,ecoli50_strength_v1
course_ecoli50_strength,ecoli50_r005093,72.45,280.5401271602655,2.4479949895061885,cnn_1d,log10_minmax,CNN/runs/cnn_ecoli50_integrated_20261002_v2/best_checkpoint.pt,,,,cnn_ecoli50_integrated_20261002_v2,ecoli50_random_20260928_v1,val,20260928,ok,,0.3034385442733764,log10mm_59711a1c2217859e,2.0.0,ecoli50_strength_v1
course_ecoli50_strength,ecoli50_r005097,48.3,171.35721126376288,2.233902385662066,cnn_1d,log10_minmax,CNN/runs/cnn_ecoli50_integrated_20261002_v2/best_checkpoint.pt,,,,cnn_ecoli50_integrated_20261002_v2,ecoli50_random_20260928_v1,val,20260928,ok,,0.2604153752326965,log10mm_59711a1c2217859e,2.0.0,ecoli50_strength_v1
course_ecoli50_strength,ecoli50_r005101,286.07,260.4042516480865,2.4156480707265278,cnn_1d,log10_minmax,CNN/runs/cnn_ecoli50_integrated_20261002_v2/best_checkpoint.pt,,,,cnn_ecoli50_integrated_20261002_v2,ecoli50_random_20260928_v1,val,20260928,ok,,0.2969382405281067,log10mm_59711a1c2217859e,2.0.0,ecoli50_strength_v1
course_ecoli50_strength,ecoli50_r005123,100.8,157.33462548458658,2.196824310684688,cnn_1d,log10_minmax,CNN/runs/cnn_ecoli50_integrated_20261002_v2/best_checkpoint.pt,,,,cnn_ecoli50_integrated_20261002_v2,ecoli50_random_20260928_v1,val,20260928,ok,,0.2529643177986145,log10mm_59711a1c2217859e,2.0.0,ecoli50_strength_v1
course_ecoli50_strength,ecoli50_r005129,82.59,253.22669443831327,2.403509485848366,cnn_1d,log10_minmax,CNN/runs/cnn_ecoli50_integrated_20261002_v2/best_checkpoint.pt,,,,cnn_ecoli50_integrated_20261002_v2,ecoli50_random_20260928_v1,val,20260928,ok,,0.2944989204406738,log10mm_59711a1c2217859e,2.0.0,ecoli50_strength_v1
course_ecoli50_strength,ecoli50_r005132,40.26,177.09023894414847,2.248194623925696,cnn_1d,log10_minmax,CNN/runs/cnn_ecoli50_integrated_20261002_v2/best_checkpoint.pt,,,,cnn_ecoli50_integrated_20261002_v2,ecoli50_random_20260928_v1,val,20260928,ok,,0.2632874846458435,log10mm_59711a1c2217859e,2.0.0,ecoli50_strength_v1
course_ecoli50_strength,ecoli50_r005133,1013.17,347.4693381563688,2.540916487035449,cnn_1d,log10_minmax,CNN/runs/cnn_ecoli50_integrated_20261002_v2/best_checkpoint.pt,,,,cnn_ecoli50_integrated_20261002_v2,ecoli50_random_20260928_v1,val,20260928,ok,,0.3221116662025451,log10mm_59711a1c2217859e,2.0.0,ecoli50_strength_v1
course_ecoli50_strength,ecoli50_r005135,35.37,214.18507448670357,2.330789203685796,cnn_1d,log10_minmax,CNN/runs/cnn_ecoli50_integrated_20261002_v2/best_checkpoint.pt,,,,cnn_ecoli50_integrated_20261002_v2,ecoli50_random_20260928_v1,val,20260928,ok,,0.2798853516578674,log10mm_59711a1c2217859e,2.0.0,ecoli50_strength_v1
course_ecoli50_strength,ecoli50_r005138,51.58,170.3682463307781,2.2313886530574862,cnn_1d,log10_minmax,CNN/runs/cnn_ecoli50_integrated_20261002_v2/best_checkpoint.pt,,,,cnn_ecoli50_integrated_20261002_v2,ecoli50_random_20260928_v1,val,20260928,ok,,0.2599102258682251,log10mm_59711a1c2217859e,2.0.0,ecoli50_strength_v1
course_ecoli50_strength,ecoli50_r005144,432.96,178.03831962570283,2.250513486639868,cnn_1d,log10_minmax,CNN/runs/cnn_ecoli50_integrated_20261002_v2/best_checkpoint.pt,,,,cnn_ecoli50_integrated_20261002_v2,ecoli50_random_20260928_v1,val,20260928,ok,,0.2637534737586975,log10mm_59711a1c2217859e,2.0.0,ecoli50_strength_v1
course_ecoli50_strength,ecoli50_r005164,1959.23,134.67822080729098,2.129297370422617,cnn_1d,log10_minmax,CNN/runs/cnn_ecoli50_integrated_20261002_v2/best_checkpoint.pt,,,,cnn_ecoli50_integrated_20261002_v2,ecoli50_random_20260928_v1,val,20260928,ok,,0.2393943816423416,log10mm_59711a1c2217859e,2.0.0,ecoli50_strength_v1
course_ecoli50_strength,ecoli50_r005181,2707.37,107.65065091223929,2.0320166601394325,cnn_1d,log10_minmax,CNN/runs/cnn_ecoli50_integrated_20261002_v2/best_checkpoint.pt,,,,cnn_ecoli50_integrated_20261002_v2,ecoli50_random_20260928_v1,val,20260928,ok,,0.219845250248909,log10mm_59711a1c2217859e,2.0.0,ecoli50_strength_v1
course_ecoli50_strength,ecoli50_r005195,99.03,173.57547373874507,2.239488359248148,cnn_1d,log10_minmax,CNN/runs/cnn_ecoli50_integrated_20261002_v2/best_checkpoint.pt,,,,cnn_ecoli50_integrated_20261002_v2,ecoli50_random_20260928_v1,val,20260928,ok,,0.2615379095077514,log10mm_59711a1c2217859e,2.0.0,ecoli50_strength_v1
course_ecoli50_strength,ecoli50_r005199,238.74,289.76411757256056,2.4620446043750643,cnn_1d,log10_minmax,CNN/runs/cnn_ecoli50_integrated_20261002_v2/best_checkpoint.pt,,,,cnn_ecoli50_integrated_20261002_v2,ecoli50_random_20260928_v1,val,20260928,ok,,0.3062618970870971,log10mm_59711a1c2217859e,2.0.0,ecoli50_strength_v1
course_ecoli50_strength,ecoli50_r005201,684.73,187.2382943328145,2.2723946762215834,cnn_1d,log10_minmax,CNN/runs/cnn_ecoli50_integrated_20261002_v2/best_checkpoint.pt,,,,cnn_ecoli50_integrated_20261002_v2,ecoli50_random_20260928_v1,val,20260928,ok,,0.2681506276130676,log10mm_59711a1c2217859e,2.0.0,ecoli50_strength_v1
course_ecoli50_strength,ecoli50_r005209,92.88,184.41506146173464,2.2657963876644773,cnn_1d,log10_minmax,CNN/runs/cnn_ecoli50_integrated_20261002_v2/best_checkpoint.pt,,,,cnn_ecoli50_integrated_20261002_v2,ecoli50_random_20260928_v1,val,20260928,ok,,0.2668246626853943,log10mm_59711a1c2217859e,2.0.0,ecoli50_strength_v1
course_ecoli50_strength,ecoli50_r005210,72.13,172.16321449212748,2.2359403628568817,cnn_1d,log10_minmax,CNN/runs/cnn_ecoli50_integrated_20261002_v2/best_checkpoint.pt,,,,cnn_ecoli50_integrated_20261002_v2,ecoli50_random_20260928_v1,val,20260928,ok,,0.2608249187469482,log10mm_59711a1c2217859e,2.0.0,ecoli50_strength_v1
course_ecoli50_strength,ecoli50_r005213,952.95,182.1478167625145,2.260423970122678,cnn_1d,log10_minmax,CNN/runs/cnn_ecoli50_integrated_20261002_v2/best_checkpoint.pt,,,,cnn_ecoli50_integrated_20261002_v2,ecoli50_random_20260928_v1,val,20260928,ok,,0.2657450437545776,log10mm_59711a1c2217859e,2.0.0,ecoli50_strength_v1
course_ecoli50_strength,ecoli50_r005216,371.52,298.05546263868405,2.4742970858101763,cnn_1d,log10_minmax,CNN/runs/cnn_ecoli50_integrated_20261002_v2/best_checkpoint.pt,,,,cnn_ecoli50_integrated_20261002_v2,ecoli50_random_20260928_v1,val,20260928,ok,,0.3087241053581238,log10mm_59711a1c2217859e,2.0.0,ecoli50_strength_v1
course_ecoli50_strength,ecoli50_r005233,219.2,274.25852782397067,2.4381601404557283,cnn_1d,log10_minmax,CNN/runs/cnn_ecoli50_integrated_20261002_v2/best_checkpoint.pt,,,,cnn_ecoli50_integrated_20261002_v2,ecoli50_random_20260928_v1,val,20260928,ok,,0.301462173461914,log10mm_59711a1c2217859e,2.0.0,ecoli50_strength_v1
course_ecoli50_strength,ecoli50_r005235,28.06,263.81182315155854,2.421294255252872,cnn_1d,log10_minmax,CNN/runs/cnn_ecoli50_integrated_20261002_v2/best_checkpoint.pt,,,,cnn_ecoli50_integrated_20261002_v2,ecoli50_random_20260928_v1,val,20260928,ok,,0.298072874546051,log10mm_59711a1c2217859e,2.0.0,ecoli50_strength_v1
course_ecoli50_strength,ecoli50_r005236,12.38,118.56027409360574,2.073939194660244,cnn_1d,log10_minmax,CNN/runs/cnn_ecoli50_integrated_20261002_v2/best_checkpoint.pt,,,,cnn_ecoli50_integrated_20261002_v2,ecoli50_random_20260928_v1,val,20260928,ok,,0.2282698303461074,log10mm_59711a1c2217859e,2.0.0,ecoli50_strength_v1
course_ecoli50_strength,ecoli50_r005244,926.06,329.3928865252524,2.5177142160353503,cnn_1d,log10_minmax,CNN/runs/cnn_ecoli50_integrated_20261002_v2/best_checkpoint.pt,,,,cnn_ecoli50_integrated_20261002_v2,ecoli50_random_20260928_v1,val,20260928,ok,,0.3174490332603454,log10mm_59711a1c2217859e,2.0.0,ecoli50_strength_v1
course_ecoli50_strength,ecoli50_r005251,288.85,125.36847272247309,2.098188335185754,cnn_1d,log10_minmax,CNN/runs/cnn_ecoli50_integrated_20261002_v2/best_checkpoint.pt,,,,cnn_ecoli50_integrated_20261002_v2,ecoli50_random_20260928_v1,val,20260928,ok,,0.2331428378820419,log10mm_59711a1c2217859e,2.0.0,ecoli50_strength_v1
course_ecoli50_strength,ecoli50_r005254,53.87,178.80038852753177,2.252368458168958,cnn_1d,log10_minmax,CNN/runs/cnn_ecoli50_integrated_20261002_v2/best_checkpoint.pt,,,,cnn_ecoli50_integrated_20261002_v2,ecoli50_random_20260928_v1,val,20260928,ok,,0.2641262412071228,log10mm_59711a1c2217859e,2.0.0,ecoli50_strength_v1
course_ecoli50_strength,ecoli50_r005255,53.68,219.40460476416123,2.3412457381096123,cnn_1d,log10_minmax,CNN/runs/cnn_ecoli50_integrated_20261002_v2/best_checkpoint.pt,,,,cnn_ecoli50_integrated_20261002_v2,ecoli50_random_20260928_v1,val,20260928,ok,,0.281986653804779,log10mm_59711a1c2217859e,2.0.0,ecoli50_strength_v1
course_ecoli50_strength,ecoli50_r005265,159.75,424.0737472608579,2.6274413878272043,cnn_1d,log10_minmax,CNN/runs/cnn_ecoli50_integrated_20261002_v2/best_checkpoint.pt,,,,cnn_ecoli50_integrated_20261002_v2,ecoli50_random_20260928_v1,val,20260928,ok,,0.3394993543624878,log10mm_59711a1c2217859e,2.0.0,ecoli50_strength_v1
course_ecoli50_strength,ecoli50_r005271,191.58,206.44789825018927,2.3148104658835646,cnn_1d,log10_minmax,CNN/runs/cnn_ecoli50_integrated_20261002_v2/best_checkpoint.pt,,,,cnn_ecoli50_integrated_20261002_v2,ecoli50_random_20260928_v1,val,20260928,ok,,0.2766743302345276,log10mm_59711a1c2217859e,2.0.0,ecoli50_strength_v1
course_ecoli50_strength,ecoli50_r005278,81.73,246.70888288929143,2.392184786783416,cnn_1d,log10_minmax,CNN/runs/cnn_ecoli50_integrated_20261002_v2/best_checkpoint.pt,,,,cnn_ecoli50_integrated_20261002_v2,ecoli50_random_20260928_v1,val,20260928,ok,,0.2922231554985046,log10mm_59711a1c2217859e,2.0.0,ecoli50_strength_v1
course_ecoli50_strength,ecoli50_r005283,1050.78,365.6117384026097,2.56302013082996,cnn_1d,log10_minmax,CNN/runs/cnn_ecoli50_integrated_20261002_v2/best_checkpoint.pt,,,,cnn_ecoli50_integrated_20261002_v2,ecoli50_random_20260928_v1,val,20260928,ok,,0.3265535235404968,log10mm_59711a1c2217859e,2.0.0,ecoli50_strength_v1
course_ecoli50_strength,ecoli50_r005288,35.29,278.512151385642,2.444844148036165,cnn_1d,log10_minmax,CNN/runs/cnn_ecoli50_integrated_20261002_v2/best_checkpoint.pt,,,,cnn_ecoli50_integrated_20261002_v2,ecoli50_random_20260928_v1,val,20260928,ok,,0.3028053641319275,log10mm_59711a1c2217859e,2.0.0,ecoli50_strength_v1
course_ecoli50_strength,ecoli50_r005289,144.32,181.184658066029,2.258121420717445,cnn_1d,log10_minmax,CNN/runs/cnn_ecoli50_integrated_20261002_v2/best_checkpoint.pt,,,,cnn_ecoli50_integrated_20261002_v2,ecoli50_random_20260928_v1,val,20260928,ok,,0.2652823328971863,log10mm_59711a1c2217859e,2.0.0,ecoli50_strength_v1
course_ecoli50_strength,ecoli50_r005292,78.84,279.40663269960646,2.44623671140826,cnn_1d,log10_minmax,CNN/runs/cnn_ecoli50_integrated_20261002_v2/best_checkpoint.pt,,,,cnn_ecoli50_integrated_20261002_v2,ecoli50_random_20260928_v1,val,20260928,ok,,0.3030852079391479,log10mm_59711a1c2217859e,2.0.0,ecoli50_strength_v1
course_ecoli50_strength,ecoli50_r005294,48.11,142.80989281470863,2.1547582931966245,cnn_1d,log10_minmax,CNN/runs/cnn_ecoli50_integrated_20261002_v2/best_checkpoint.pt,,,,cnn_ecoli50_integrated_20261002_v2,ecoli50_random_20260928_v1,val,20260928,ok,,0.2445109039545059,log10mm_59711a1c2217859e,2.0.0,ecoli50_strength_v1
course_ecoli50_strength,ecoli50_r005297,28.0,96.86360228018684,1.986160616076582,cnn_1d,log10_minmax,CNN/runs/cnn_ecoli50_integrated_20261002_v2/best_checkpoint.pt,,,,cnn_ecoli50_integrated_20261002_v2,ecoli50_random_20260928_v1,val,20260928,ok,,0.2106302082538604,log10mm_59711a1c2217859e,2.0.0,ecoli50_strength_v1
course_ecoli50_strength,ecoli50_r005305,48.63,152.24656257653228,2.182547495913145,cnn_1d,log10_minmax,CNN/runs/cnn_ecoli50_integrated_20261002_v2/best_checkpoint.pt,,,,cnn_ecoli50_integrated_20261002_v2,ecoli50_random_20260928_v1,val,20260928,ok,,0.2500953078269958,log10mm_59711a1c2217859e,2.0.0,ecoli50_strength_v1
course_ecoli50_strength,ecoli50_r005321,59.84,231.4711924868402,2.3644969490365257,cnn_1d,log10_minmax,CNN/runs/cnn_ecoli50_integrated_20261002_v2/best_checkpoint.pt,,,,cnn_ecoli50_integrated_20261002_v2,ecoli50_random_20260928_v1,val,20260928,ok,,0.2866591215133667,log10mm_59711a1c2217859e,2.0.0,ecoli50_strength_v1
course_ecoli50_strength,ecoli50_r005325,181.16,171.42358015999164,2.2340705610469387,cnn_1d,log10_minmax,CNN/runs/cnn_ecoli50_integrated_20261002_v2/best_checkpoint.pt,,,,cnn_ecoli50_integrated_20261002_v2,ecoli50_random_20260928_v1,val,20260928,ok,,0.2604491710662842,log10mm_59711a1c2217859e,2.0.0,ecoli50_strength_v1
course_ecoli50_strength,ecoli50_r005327,156.21,256.7834694318094,2.4095670623655727,cnn_1d,log10_minmax,CNN/runs/cnn_ecoli50_integrated_20261002_v2/best_checkpoint.pt,,,,cnn_ecoli50_integrated_20261002_v2,ecoli50_random_20260928_v1,val,20260928,ok,,0.2957162261009216,log10mm_59711a1c2217859e,2.0.0,ecoli50_strength_v1
course_ecoli50_strength,ecoli50_r005330,106.57,156.83340418484457,2.195438569241786,cnn_1d,log10_minmax,CNN/runs/cnn_ecoli50_integrated_20261002_v2/best_checkpoint.pt,,,,cnn_ecoli50_integrated_20261002_v2,ecoli50_random_20260928_v1,val,20260928,ok,,0.2526858448982239,log10mm_59711a1c2217859e,2.0.0,ecoli50_strength_v1
course_ecoli50_strength,ecoli50_r005332,72.16,119.1082180962534,2.075941727483821,cnn_1d,log10_minmax,CNN/runs/cnn_ecoli50_integrated_20261002_v2/best_checkpoint.pt,,,,cnn_ecoli50_integrated_20261002_v2,ecoli50_random_20260928_v1,val,20260928,ok,,0.2286722511053085,log10mm_59711a1c2217859e,2.0.0,ecoli50_strength_v1
course_ecoli50_strength,ecoli50_r005346,318.32,384.2636760091553,2.5846293330608314,cnn_1d,log10_minmax,CNN/runs/cnn_ecoli50_integrated_20261002_v2/best_checkpoint.pt,,,,cnn_ecoli50_integrated_20261002_v2,ecoli50_random_20260928_v1,val,20260928,ok,,0.3308960199356079,log10mm_59711a1c2217859e,2.0.0,ecoli50_strength_v1
course_ecoli50_strength,ecoli50_r005347,165.06,134.90974877241675,2.130043333549522,cnn_1d,log10_minmax,CNN/runs/cnn_ecoli50_integrated_20261002_v2/best_checkpoint.pt,,,,cnn_ecoli50_integrated_20261002_v2,ecoli50_random_20260928_v1,val,20260928,ok,,0.2395442873239517,log10mm_59711a1c2217859e,2.0.0,ecoli50_strength_v1
course_ecoli50_strength,ecoli50_r005354,78.02,85.99004342270621,1.934448168256296,cnn_1d,log10_minmax,CNN/runs/cnn_ecoli50_integrated_20261002_v2/best_checkpoint.pt,,,,cnn_ecoli50_integrated_20261002_v2,ecoli50_random_20260928_v1,val,20260928,ok,,0.200238287448883,log10mm_59711a1c2217859e,2.0.0,ecoli50_strength_v1
course_ecoli50_strength,ecoli50_r005356,96.21,186.65353634302565,2.271036222495451,cnn_1d,log10_minmax,CNN/runs/cnn_ecoli50_integrated_20261002_v2/best_checkpoint.pt,,,,cnn_ecoli50_integrated_20261002_v2,ecoli50_random_20260928_v1,val,20260928,ok,,0.2678776383399963,log10mm_59711a1c2217859e,2.0.0,ecoli50_strength_v1
course_ecoli50_strength,ecoli50_r005357,37.23,171.2613904415422,2.233659465661694,cnn_1d,log10_minmax,CNN/runs/cnn_ecoli50_integrated_20261002_v2/best_checkpoint.pt,,,,cnn_ecoli50_integrated_20261002_v2,ecoli50_random_20260928_v1,val,20260928,ok,,0.2603665590286255,log10mm_59711a1c2217859e,2.0.0,ecoli50_strength_v1
course_ecoli50_strength,ecoli50_r005369,97.07,89.46514895448101,1.951653889344898,cnn_1d,log10_minmax,CNN/runs/cnn_ecoli50_integrated_20261002_v2/best_checkpoint.pt,,,,cnn_ecoli50_integrated_20261002_v2,ecoli50_random_20260928_v1,val,20260928,ok,,0.2036958783864975,log10mm_59711a1c2217859e,2.0.0,ecoli50_strength_v1
course_ecoli50_strength,ecoli50_r005379,64.34,103.2050014366125,2.0137007442261767,cnn_1d,log10_minmax,CNN/runs/cnn_ecoli50_integrated_20261002_v2/best_checkpoint.pt,,,,cnn_ecoli50_integrated_20261002_v2,ecoli50_random_20260928_v1,val,20260928,ok,,0.2161645591259002,log10mm_59711a1c2217859e,2.0.0,ecoli50_strength_v1
course_ecoli50_strength,ecoli50_r005392,279.73,146.3621162317952,2.1654286802703413,cnn_1d,log10_minmax,CNN/runs/cnn_ecoli50_integrated_20261002_v2/best_checkpoint.pt,,,,cnn_ecoli50_integrated_20261002_v2,ecoli50_random_20260928_v1,val,20260928,ok,,0.2466551810503006,log10mm_59711a1c2217859e,2.0.0,ecoli50_strength_v1
course_ecoli50_strength,ecoli50_r005414,602.09,153.04575021218554,2.184821274573523,cnn_1d,log10_minmax,CNN/runs/cnn_ecoli50_integrated_20261002_v2/best_checkpoint.pt,,,,cnn_ecoli50_integrated_20261002_v2,ecoli50_random_20260928_v1,val,20260928,ok,,0.250552237033844,log10mm_59711a1c2217859e,2.0.0,ecoli50_strength_v1
course_ecoli50_strength,ecoli50_r005417,69.14,202.7247698323779,2.306906816005779,cnn_1d,log10_minmax,CNN/runs/cnn_ecoli50_integrated_20261002_v2/best_checkpoint.pt,,,,cnn_ecoli50_integrated_20261002_v2,ecoli50_random_20260928_v1,val,20260928,ok,,0.2750860452651977,log10mm_59711a1c2217859e,2.0.0,ecoli50_strength_v1
course_ecoli50_strength,ecoli50_r005419,73.81,316.80106789082623,2.500786636864146,cnn_1d,log10_minmax,CNN/runs/cnn_ecoli50_integrated_20261002_v2/best_checkpoint.pt,,,,cnn_ecoli50_integrated_20261002_v2,ecoli50_random_20260928_v1,val,20260928,ok,,0.3140473365783691,log10mm_59711a1c2217859e,2.0.0,ecoli50_strength_v1
course_ecoli50_strength,ecoli50_r005420,493.1,131.74430151837086,2.119731839272448,cnn_1d,log10_minmax,CNN/runs/cnn_ecoli50_integrated_20261002_v2/best_checkpoint.pt,,,,cnn_ecoli50_integrated_20261002_v2,ecoli50_random_20260928_v1,val,20260928,ok,,0.2374721318483352,log10mm_59711a1c2217859e,2.0.0,ecoli50_strength_v1
course_ecoli50_strength,ecoli50_r005443,57.03,102.24408936328932,2.0096382112407167,cnn_1d,log10_minmax,CNN/runs/cnn_ecoli50_integrated_20261002_v2/best_checkpoint.pt,,,,cnn_ecoli50_integrated_20261002_v2,ecoli50_random_20260928_v1,val,20260928,ok,,0.2153481692075729,log10mm_59711a1c2217859e,2.0.0,ecoli50_strength_v1
course_ecoli50_strength,ecoli50_r005458,251.61,568.5005311834163,2.75473087481077,cnn_1d,log10_minmax,CNN/runs/cnn_ecoli50_integrated_20261002_v2/best_checkpoint.pt,,,,cnn_ecoli50_integrated_20261002_v2,ecoli50_random_20260928_v1,val,20260928,ok,,0.3650789260864258,log10mm_59711a1c2217859e,2.0.0,ecoli50_strength_v1
course_ecoli50_strength,ecoli50_r005470,59.84,207.1479977852918,2.3162807399273286,cnn_1d,log10_minmax,CNN/runs/cnn_ecoli50_integrated_20261002_v2/best_checkpoint.pt,,,,cnn_ecoli50_integrated_20261002_v2,ecoli50_random_20260928_v1,val,20260928,ok,,0.2769697904586792,log10mm_59711a1c2217859e,2.0.0,ecoli50_strength_v1
course_ecoli50_strength,ecoli50_r005472,601.34,279.0614556232963,2.4456998552413816,cnn_1d,log10_minmax,CNN/runs/cnn_ecoli50_integrated_20261002_v2/best_checkpoint.pt,,,,cnn_ecoli50_integrated_20261002_v2,ecoli50_random_20260928_v1,val,20260928,ok,,0.3029773235321045,log10mm_59711a1c2217859e,2.0.0,ecoli50_strength_v1
course_ecoli50_strength,ecoli50_r005476,181.43,123.18332626333338,2.0905519269689394,cnn_1d,log10_minmax,CNN/runs/cnn_ecoli50_integrated_20261002_v2/best_checkpoint.pt,,,,cnn_ecoli50_integrated_20261002_v2,ecoli50_random_20260928_v1,val,20260928,ok,,0.2316082566976547,log10mm_59711a1c2217859e,2.0.0,ecoli50_strength_v1
course_ecoli50_strength,ecoli50_r005485,1359.02,171.6999836073115,2.234770253697582,cnn_1d,log10_minmax,CNN/runs/cnn_ecoli50_integrated_20261002_v2/best_checkpoint.pt,,,,cnn_ecoli50_integrated_20261002_v2,ecoli50_random_20260928_v1,val,20260928,ok,,0.2605897784233093,log10mm_59711a1c2217859e,2.0.0,ecoli50_strength_v1
course_ecoli50_strength,ecoli50_r005490,60.42,81.73486143493062,1.912407330701198,cnn_1d,log10_minmax,CNN/runs/cnn_ecoli50_integrated_20261002_v2/best_checkpoint.pt,,,,cnn_ecoli50_integrated_20261002_v2,ecoli50_random_20260928_v1,val,20260928,ok,,0.1958090513944625,log10mm_59711a1c2217859e,2.0.0,ecoli50_strength_v1
course_ecoli50_strength,ecoli50_r005510,631.58,218.63366386875109,2.339717032759288,cnn_1d,log10_minmax,CNN/runs/cnn_ecoli50_integrated_20261002_v2/best_checkpoint.pt,,,,cnn_ecoli50_integrated_20261002_v2,ecoli50_random_20260928_v1,val,20260928,ok,,0.2816794514656067,log10mm_59711a1c2217859e,2.0.0,ecoli50_strength_v1
course_ecoli50_strength,ecoli50_r005517,492.26,263.1542923943557,2.4202104583281367,cnn_1d,log10_minmax,CNN/runs/cnn_ecoli50_integrated_20261002_v2/best_checkpoint.pt,,,,cnn_ecoli50_integrated_20261002_v2,ecoli50_random_20260928_v1,val,20260928,ok,,0.2978550791740417,log10mm_59711a1c2217859e,2.0.0,ecoli50_strength_v1
course_ecoli50_strength,ecoli50_r005524,1046.71,203.05067259983304,2.3076044324171034,cnn_1d,log10_minmax,CNN/runs/cnn_ecoli50_integrated_20261002_v2/best_checkpoint.pt,,,,cnn_ecoli50_integrated_20261002_v2,ecoli50_random_20260928_v1,val,20260928,ok,,0.2752262353897095,log10mm_59711a1c2217859e,2.0.0,ecoli50_strength_v1
course_ecoli50_strength,ecoli50_r005526,231.37,109.47140723160412,2.0393007008831807,cnn_1d,log10_minmax,CNN/runs/cnn_ecoli50_integrated_20261002_v2/best_checkpoint.pt,,,,cnn_ecoli50_integrated_20261002_v2,ecoli50_random_20260928_v1,val,20260928,ok,,0.221309021115303,log10mm_59711a1c2217859e,2.0.0,ecoli50_strength_v1
course_ecoli50_strength,ecoli50_r005530,620.74,201.75364138935512,2.304821381912234,cnn_1d,log10_minmax,CNN/runs/cnn_ecoli50_integrated_20261002_v2/best_checkpoint.pt,,,,cnn_ecoli50_integrated_20261002_v2,ecoli50_random_20260928_v1,val,20260928,ok,,0.274666965007782,log10mm_59711a1c2217859e,2.0.0,ecoli50_strength_v1
course_ecoli50_strength,ecoli50_r005537,55.85,259.79211630866723,2.41462596777014,cnn_1d,log10_minmax,CNN/runs/cnn_ecoli50_integrated_20261002_v2/best_checkpoint.pt,,,,cnn_ecoli50_integrated_20261002_v2,ecoli50_random_20260928_v1,val,20260928,ok,,0.2967328429222107,log10mm_59711a1c2217859e,2.0.0,ecoli50_strength_v1
course_ecoli50_strength,ecoli50_r005538,435.03,374.51809820535607,2.573472809380754,cnn_1d,log10_minmax,CNN/runs/cnn_ecoli50_integrated_20261002_v2/best_checkpoint.pt,,,,cnn_ecoli50_integrated_20261002_v2,ecoli50_random_20260928_v1,val,20260928,ok,,0.3286540508270263,log10mm_59711a1c2217859e,2.0.0,ecoli50_strength_v1
course_ecoli50_strength,ecoli50_r005546,136.43,169.2550111467841,2.228541535739332,cnn_1d,log10_minmax,CNN/runs/cnn_ecoli50_integrated_20261002_v2/best_checkpoint.pt,,,,cnn_ecoli50_integrated_20261002_v2,ecoli50_random_20260928_v1,val,20260928,ok,,0.2593380808830261,log10mm_59711a1c2217859e,2.0.0,ecoli50_strength_v1
course_ecoli50_strength,ecoli50_r005554,318.71,142.48318883457765,2.153763626259815,cnn_1d,log10_minmax,CNN/runs/cnn_ecoli50_integrated_20261002_v2/best_checkpoint.pt,,,,cnn_ecoli50_integrated_20261002_v2,ecoli50_random_20260928_v1,val,20260928,ok,,0.2443110197782516,log10mm_59711a1c2217859e,2.0.0,ecoli50_strength_v1
course_ecoli50_strength,ecoli50_r005559,114.07,161.52158821206487,2.208230576294329,cnn_1d,log10_minmax,CNN/runs/cnn_ecoli50_integrated_20261002_v2/best_checkpoint.pt,,,,cnn_ecoli50_integrated_20261002_v2,ecoli50_random_20260928_v1,val,20260928,ok,,0.2552564740180969,log10mm_59711a1c2217859e,2.0.0,ecoli50_strength_v1
course_ecoli50_strength,ecoli50_r005569,73.69,167.0774711455316,2.222917893239883,cnn_1d,log10_minmax,CNN/runs/cnn_ecoli50_integrated_20261002_v2/best_checkpoint.pt,,,,cnn_ecoli50_integrated_20261002_v2,ecoli50_random_20260928_v1,val,20260928,ok,,0.2582079768180847,log10mm_59711a1c2217859e,2.0.0,ecoli50_strength_v1
course_ecoli50_strength,ecoli50_r005572,90.42,172.29413137575614,2.236270484908669,cnn_1d,log10_minmax,CNN/runs/cnn_ecoli50_integrated_20261002_v2/best_checkpoint.pt,,,,cnn_ecoli50_integrated_20261002_v2,ecoli50_random_20260928_v1,val,20260928,ok,,0.2608912587165832,log10mm_59711a1c2217859e,2.0.0,ecoli50_strength_v1
course_ecoli50_strength,ecoli50_r005587,348.78,281.0788413784486,2.4488281546845085,cnn_1d,log10_minmax,CNN/runs/cnn_ecoli50_integrated_20261002_v2/best_checkpoint.pt,,,,cnn_ecoli50_integrated_20261002_v2,ecoli50_random_20260928_v1,val,20260928,ok,,0.3036059737205505,log10mm_59711a1c2217859e,2.0.0,ecoli50_strength_v1
course_ecoli50_strength,ecoli50_r005590,2212.93,154.9278968297502,2.190129625302037,cnn_1d,log10_minmax,CNN/runs/cnn_ecoli50_integrated_20261002_v2/best_checkpoint.pt,,,,cnn_ecoli50_integrated_20261002_v2,ecoli50_random_20260928_v1,val,20260928,ok,,0.2516189813613891,log10mm_59711a1c2217859e,2.0.0,ecoli50_strength_v1
course_ecoli50_strength,ecoli50_r005598,171.1,175.2435427304482,2.243642024309449,cnn_1d,log10_minmax,CNN/runs/cnn_ecoli50_integrated_20261002_v2/best_checkpoint.pt,,,,cnn_ecoli50_integrated_20261002_v2,ecoli50_random_20260928_v1,val,20260928,ok,,0.262372612953186,log10mm_59711a1c2217859e,2.0.0,ecoli50_strength_v1
course_ecoli50_strength,ecoli50_r005615,164.39,206.51615139523983,2.314954023002221,cnn_1d,log10_minmax,CNN/runs/cnn_ecoli50_integrated_20261002_v2/best_checkpoint.pt,,,,cnn_ecoli50_integrated_20261002_v2,ecoli50_random_20260928_v1,val,20260928,ok,,0.2767031788825989,log10mm_59711a1c2217859e,2.0.0,ecoli50_strength_v1
course_ecoli50_strength,ecoli50_r005616,8964.78,171.38670537808892,2.233977130277565,cnn_1d,log10_minmax,CNN/runs/cnn_ecoli50_integrated_20261002_v2/best_checkpoint.pt,,,,cnn_ecoli50_integrated_20261002_v2,ecoli50_random_20260928_v1,val,20260928,ok,,0.2604303956031799,log10mm_59711a1c2217859e,2.0.0,ecoli50_strength_v1
course_ecoli50_strength,ecoli50_r005625,60.13,105.12043444160372,2.021687147071121,cnn_1d,log10_minmax,CNN/runs/cnn_ecoli50_integrated_20261002_v2/best_checkpoint.pt,,,,cnn_ecoli50_integrated_20261002_v2,ecoli50_random_20260928_v1,val,20260928,ok,,0.2177694737911224,log10mm_59711a1c2217859e,2.0.0,ecoli50_strength_v1
course_ecoli50_strength,ecoli50_r005630,654.92,276.2668515134742,2.4413287782627755,cnn_1d,log10_minmax,CNN/runs/cnn_ecoli50_integrated_20261002_v2/best_checkpoint.pt,,,,cnn_ecoli50_integrated_20261002_v2,ecoli50_random_20260928_v1,val,20260928,ok,,0.3020989298820495,log10mm_59711a1c2217859e,2.0.0,ecoli50_strength_v1
course_ecoli50_strength,ecoli50_r005631,1797.64,81.7300748716753,1.912381896769535,cnn_1d,log10_minmax,CNN/runs/cnn_ecoli50_integrated_20261002_v2/best_checkpoint.pt,,,,cnn_ecoli50_integrated_20261002_v2,ecoli50_random_20260928_v1,val,20260928,ok,,0.1958039402961731,log10mm_59711a1c2217859e,2.0.0,ecoli50_strength_v1
course_ecoli50_strength,ecoli50_r005637,40.25,421.2696393024845,2.624560160863088,cnn_1d,log10_minmax,CNN/runs/cnn_ecoli50_integrated_20261002_v2/best_checkpoint.pt,,,,cnn_ecoli50_integrated_20261002_v2,ecoli50_random_20260928_v1,val,20260928,ok,,0.3389203548431396,log10mm_59711a1c2217859e,2.0.0,ecoli50_strength_v1
course_ecoli50_strength,ecoli50_r005639,98.4,141.53108919211593,2.1508518489171418,cnn_1d,log10_minmax,CNN/runs/cnn_ecoli50_integrated_20261002_v2/best_checkpoint.pt,,,,cnn_ecoli50_integrated_20261002_v2,ecoli50_random_20260928_v1,val,20260928,ok,,0.2437258809804916,log10mm_59711a1c2217859e,2.0.0,ecoli50_strength_v1
course_ecoli50_strength,ecoli50_r005641,33.6,126.40153508711371,2.1017523482803413,cnn_1d,log10_minmax,CNN/runs/cnn_ecoli50_integrated_20261002_v2/best_checkpoint.pt,,,,cnn_ecoli50_integrated_20261002_v2,ecoli50_random_20260928_v1,val,20260928,ok,,0.233859047293663,log10mm_59711a1c2217859e,2.0.0,ecoli50_strength_v1
course_ecoli50_strength,ecoli50_r005644,511.38,118.25742184600102,2.072828406624356,cnn_1d,log10_minmax,CNN/runs/cnn_ecoli50_integrated_20261002_v2/best_checkpoint.pt,,,,cnn_ecoli50_integrated_20261002_v2,ecoli50_random_20260928_v1,val,20260928,ok,,0.2280466109514236,log10mm_59711a1c2217859e,2.0.0,ecoli50_strength_v1
course_ecoli50_strength,ecoli50_r005654,157.68,241.72535735575107,2.383322210945677,cnn_1d,log10_minmax,CNN/runs/cnn_ecoli50_integrated_20261002_v2/best_checkpoint.pt,,,,cnn_ecoli50_integrated_20261002_v2,ecoli50_random_20260928_v1,val,20260928,ok,,0.2904421687126159,log10mm_59711a1c2217859e,2.0.0,ecoli50_strength_v1
course_ecoli50_strength,ecoli50_r005661,120.77,130.77162488102022,2.116513520024543,cnn_1d,log10_minmax,CNN/runs/cnn_ecoli50_integrated_20261002_v2/best_checkpoint.pt,,,,cnn_ecoli50_integrated_20261002_v2,ecoli50_random_20260928_v1,val,20260928,ok,,0.2368253916501999,log10mm_59711a1c2217859e,2.0.0,ecoli50_strength_v1
course_ecoli50_strength,ecoli50_r005666,83.59,248.82133238434977,2.395887611306787,cnn_1d,log10_minmax,CNN/runs/cnn_ecoli50_integrated_20261002_v2/best_checkpoint.pt,,,,cnn_ecoli50_integrated_20261002_v2,ecoli50_random_20260928_v1,val,20260928,ok,,0.2929672598838806,log10mm_59711a1c2217859e,2.0.0,ecoli50_strength_v1
course_ecoli50_strength,ecoli50_r005671,92.84,82.81462746124637,1.9181070525414223,cnn_1d,log10_minmax,CNN/runs/cnn_ecoli50_integrated_20261002_v2/best_checkpoint.pt,,,,cnn_ecoli50_integrated_20261002_v2,ecoli50_random_20260928_v1,val,20260928,ok,,0.1969544440507888,log10mm_59711a1c2217859e,2.0.0,ecoli50_strength_v1
course_ecoli50_strength,ecoli50_r005674,2502.8,259.5691855971131,2.4142531345094964,cnn_1d,log10_minmax,CNN/runs/cnn_ecoli50_integrated_20261002_v2/best_checkpoint.pt,,,,cnn_ecoli50_integrated_20261002_v2,ecoli50_random_20260928_v1,val,20260928,ok,,0.296657919883728,log10mm_59711a1c2217859e,2.0.0,ecoli50_strength_v1
course_ecoli50_strength,ecoli50_r005676,108.24,284.60355290200727,2.4542403173789937,cnn_1d,log10_minmax,CNN/runs/cnn_ecoli50_integrated_20261002_v2/best_checkpoint.pt,,,,cnn_ecoli50_integrated_20261002_v2,ecoli50_random_20260928_v1,val,20260928,ok,,0.3046935796737671,log10mm_59711a1c2217859e,2.0.0,ecoli50_strength_v1
course_ecoli50_strength,ecoli50_r005679,111.52,206.81890862859936,2.315590242050814,cnn_1d,log10_minmax,CNN/runs/cnn_ecoli50_integrated_20261002_v2/best_checkpoint.pt,,,,cnn_ecoli50_integrated_20261002_v2,ecoli50_random_20260928_v1,val,20260928,ok,,0.2768310308456421,log10mm_59711a1c2217859e,2.0.0,ecoli50_strength_v1
course_ecoli50_strength,ecoli50_r005680,336.75,144.523365169791,2.1599380653901434,cnn_1d,log10_minmax,CNN/runs/cnn_ecoli50_integrated_20261002_v2/best_checkpoint.pt,,,,cnn_ecoli50_integrated_20261002_v2,ecoli50_random_20260928_v1,val,20260928,ok,,0.2455518096685409,log10mm_59711a1c2217859e,2.0.0,ecoli50_strength_v1
course_ecoli50_strength,ecoli50_r005684,256.72,271.51350511450755,2.4337914363220587,cnn_1d,log10_minmax,CNN/runs/cnn_ecoli50_integrated_20261002_v2/best_checkpoint.pt,,,,cnn_ecoli50_integrated_20261002_v2,ecoli50_random_20260928_v1,val,20260928,ok,,0.3005842566490173,log10mm_59711a1c2217859e,2.0.0,ecoli50_strength_v1
course_ecoli50_strength,ecoli50_r005689,51.86,131.9110876269386,2.1202813011780504,cnn_1d,log10_minmax,CNN/runs/cnn_ecoli50_integrated_20261002_v2/best_checkpoint.pt,,,,cnn_ecoli50_integrated_20261002_v2,ecoli50_random_20260928_v1,val,20260928,ok,,0.2375825494527816,log10mm_59711a1c2217859e,2.0.0,ecoli50_strength_v1
course_ecoli50_strength,ecoli50_r005697,36.9,140.10763076859823,2.146461789179044,cnn_1d,log10_minmax,CNN/runs/cnn_ecoli50_integrated_20261002_v2/best_checkpoint.pt,,,,cnn_ecoli50_integrated_20261002_v2,ecoli50_random_20260928_v1,val,20260928,ok,,0.242843672633171,log10mm_59711a1c2217859e,2.0.0,ecoli50_strength_v1
course_ecoli50_strength,ecoli50_r005714,95.74,142.23880927932697,2.153018108041336,cnn_1d,log10_minmax,CNN/runs/cnn_ecoli50_integrated_20261002_v2/best_checkpoint.pt,,,,cnn_ecoli50_integrated_20261002_v2,ecoli50_random_20260928_v1,val,20260928,ok,,0.2441612035036087,log10mm_59711a1c2217859e,2.0.0,ecoli50_strength_v1
course_ecoli50_strength,ecoli50_r005719,38.08,219.5423550811637,2.34151831867169,cnn_1d,log10_minmax,CNN/runs/cnn_ecoli50_integrated_20261002_v2/best_checkpoint.pt,,,,cnn_ecoli50_integrated_20261002_v2,ecoli50_random_20260928_v1,val,20260928,ok,,0.2820414304733276,log10mm_59711a1c2217859e,2.0.0,ecoli50_strength_v1
course_ecoli50_strength,ecoli50_r005722,149.29,182.9994508492185,2.262449786487194,cnn_1d,log10_minmax,CNN/runs/cnn_ecoli50_integrated_20261002_v2/best_checkpoint.pt,,,,cnn_ecoli50_integrated_20261002_v2,ecoli50_random_20260928_v1,val,20260928,ok,,0.2661521434783935,log10mm_59711a1c2217859e,2.0.0,ecoli50_strength_v1
course_ecoli50_strength,ecoli50_r005726,1025.95,172.31248886484565,2.2363167553849306,cnn_1d,log10_minmax,CNN/runs/cnn_ecoli50_integrated_20261002_v2/best_checkpoint.pt,,,,cnn_ecoli50_integrated_20261002_v2,ecoli50_random_20260928_v1,val,20260928,ok,,0.2609005570411682,log10mm_59711a1c2217859e,2.0.0,ecoli50_strength_v1
course_ecoli50_strength,ecoli50_r005736,515.8,137.41599911185415,2.138037299837702,cnn_1d,log10_minmax,CNN/runs/cnn_ecoli50_integrated_20261002_v2/best_checkpoint.pt,,,,cnn_ecoli50_integrated_20261002_v2,ecoli50_random_20260928_v1,val,20260928,ok,,0.2411507219076156,log10mm_59711a1c2217859e,2.0.0,ecoli50_strength_v1
course_ecoli50_strength,ecoli50_r005740,1313.43,115.38296802768464,2.0621417062417007,cnn_1d,log10_minmax,CNN/runs/cnn_ecoli50_integrated_20261002_v2/best_checkpoint.pt,,,,cnn_ecoli50_integrated_20261002_v2,ecoli50_random_20260928_v1,val,20260928,ok,,0.2258990556001663,log10mm_59711a1c2217859e,2.0.0,ecoli50_strength_v1
course_ecoli50_strength,ecoli50_r005746,53.87,183.8987687808872,2.264578821606448,cnn_1d,log10_minmax,CNN/runs/cnn_ecoli50_integrated_20261002_v2/best_checkpoint.pt,,,,cnn_ecoli50_integrated_20261002_v2,ecoli50_random_20260928_v1,val,20260928,ok,,0.2665799856185913,log10mm_59711a1c2217859e,2.0.0,ecoli50_strength_v1
course_ecoli50_strength,ecoli50_r005767,68.63,356.3041624537159,2.551820895941026,cnn_1d,log10_minmax,CNN/runs/cnn_ecoli50_integrated_20261002_v2/best_checkpoint.pt,,,,cnn_ecoli50_integrated_20261002_v2,ecoli50_random_20260928_v1,val,20260928,ok,,0.3243029713630676,log10mm_59711a1c2217859e,2.0.0,ecoli50_strength_v1
course_ecoli50_strength,ecoli50_r005768,1364.04,233.17161000452893,2.367675671434553,cnn_1d,log10_minmax,CNN/runs/cnn_ecoli50_integrated_20261002_v2/best_checkpoint.pt,,,,cnn_ecoli50_integrated_20261002_v2,ecoli50_random_20260928_v1,val,20260928,ok,,0.2872979044914245,log10mm_59711a1c2217859e,2.0.0,ecoli50_strength_v1
course_ecoli50_strength,ecoli50_r005771,144.42,230.75948142058937,2.3631595543092043,cnn_1d,log10_minmax,CNN/runs/cnn_ecoli50_integrated_20261002_v2/best_checkpoint.pt,,,,cnn_ecoli50_integrated_20261002_v2,ecoli50_random_20260928_v1,val,20260928,ok,,0.2863903641700744,log10mm_59711a1c2217859e,2.0.0,ecoli50_strength_v1
course_ecoli50_strength,ecoli50_r005781,283.22,148.0140017085094,2.1703028003754805,cnn_1d,log10_minmax,CNN/runs/cnn_ecoli50_integrated_20261002_v2/best_checkpoint.pt,,,,cnn_ecoli50_integrated_20261002_v2,ecoli50_random_20260928_v1,val,20260928,ok,,0.2476346641778946,log10mm_59711a1c2217859e,2.0.0,ecoli50_strength_v1
course_ecoli50_strength,ecoli50_r005785,2598.21,149.32736236574434,2.1741393940321454,cnn_1d,log10_minmax,CNN/runs/cnn_ecoli50_integrated_20261002_v2/best_checkpoint.pt,,,,cnn_ecoli50_integrated_20261002_v2,ecoli50_random_20260928_v1,val,20260928,ok,,0.2484056502580642,log10mm_59711a1c2217859e,2.0.0,ecoli50_strength_v1
course_ecoli50_strength,ecoli50_r005786,374.97,224.7737426429653,2.35174557695352,cnn_1d,log10_minmax,CNN/runs/cnn_ecoli50_integrated_20261002_v2/best_checkpoint.pt,,,,cnn_ecoli50_integrated_20261002_v2,ecoli50_random_20260928_v1,val,20260928,ok,,0.2840966582298279,log10mm_59711a1c2217859e,2.0.0,ecoli50_strength_v1
course_ecoli50_strength,ecoli50_r005788,98.74,230.78170400875467,2.36320137570121,cnn_1d,log10_minmax,CNN/runs/cnn_ecoli50_integrated_20261002_v2/best_checkpoint.pt,,,,cnn_ecoli50_integrated_20261002_v2,ecoli50_random_20260928_v1,val,20260928,ok,,0.2863987684249878,log10mm_59711a1c2217859e,2.0.0,ecoli50_strength_v1
course_ecoli50_strength,ecoli50_r005794,1653.26,175.69281398330443,2.244753998767806,cnn_1d,log10_minmax,CNN/runs/cnn_ecoli50_integrated_20261002_v2/best_checkpoint.pt,,,,cnn_ecoli50_integrated_20261002_v2,ecoli50_random_20260928_v1,val,20260928,ok,,0.262596070766449,log10mm_59711a1c2217859e,2.0.0,ecoli50_strength_v1
course_ecoli50_strength,ecoli50_r005799,628.74,168.40740655516376,2.226361187848328,cnn_1d,log10_minmax,CNN/runs/cnn_ecoli50_integrated_20261002_v2/best_checkpoint.pt,,,,cnn_ecoli50_integrated_20261002_v2,ecoli50_random_20260928_v1,val,20260928,ok,,0.2588999271392822,log10mm_59711a1c2217859e,2.0.0,ecoli50_strength_v1
course_ecoli50_strength,ecoli50_r005800,393.63,216.6045006660578,2.335667476269573,cnn_1d,log10_minmax,CNN/runs/cnn_ecoli50_integrated_20261002_v2/best_checkpoint.pt,,,,cnn_ecoli50_integrated_20261002_v2,ecoli50_random_20260928_v1,val,20260928,ok,,0.2808656692504883,log10mm_59711a1c2217859e,2.0.0,ecoli50_strength_v1
course_ecoli50_strength,ecoli50_r005801,34.57,197.0211518148642,2.2945128536913297,cnn_1d,log10_minmax,CNN/runs/cnn_ecoli50_integrated_20261002_v2/best_checkpoint.pt,,,,cnn_ecoli50_integrated_20261002_v2,ecoli50_random_20260928_v1,val,20260928,ok,,0.2725954055786133,log10mm_59711a1c2217859e,2.0.0,ecoli50_strength_v1
course_ecoli50_strength,ecoli50_r005807,120.25,114.45140959823236,2.0586211458700125,cnn_1d,log10_minmax,CNN/runs/cnn_ecoli50_integrated_20261002_v2/best_checkpoint.pt,,,,cnn_ecoli50_integrated_20261002_v2,ecoli50_random_20260928_v1,val,20260928,ok,,0.2251915782690048,log10mm_59711a1c2217859e,2.0.0,ecoli50_strength_v1
course_ecoli50_strength,ecoli50_r005822,73.69,163.8624573501847,2.2144794634345395,cnn_1d,log10_minmax,CNN/runs/cnn_ecoli50_integrated_20261002_v2/best_checkpoint.pt,,,,cnn_ecoli50_integrated_20261002_v2,ecoli50_random_20260928_v1,val,20260928,ok,,0.2565122246742248,log10mm_59711a1c2217859e,2.0.0,ecoli50_strength_v1
course_ecoli50_strength,ecoli50_r005824,67.79,180.0988728037966,2.255510994681704,cnn_1d,log10_minmax,CNN/runs/cnn_ecoli50_integrated_20261002_v2/best_checkpoint.pt,,,,cnn_ecoli50_integrated_20261002_v2,ecoli50_random_20260928_v1,val,20260928,ok,,0.264757752418518,log10mm_59711a1c2217859e,2.0.0,ecoli50_strength_v1
course_ecoli50_strength,ecoli50_r005841,261.08,239.18242952104825,2.3787292729655105,cnn_1d,log10_minmax,CNN/runs/cnn_ecoli50_integrated_20261002_v2/best_checkpoint.pt,,,,cnn_ecoli50_integrated_20261002_v2,ecoli50_random_20260928_v1,val,20260928,ok,,0.289519190788269,log10mm_59711a1c2217859e,2.0.0,ecoli50_strength_v1
course_ecoli50_strength,ecoli50_r005861,50.11,99.23715868154956,1.9966743212330875,cnn_1d,log10_minmax,CNN/runs/cnn_ecoli50_integrated_20261002_v2/best_checkpoint.pt,,,,cnn_ecoli50_integrated_20261002_v2,ecoli50_random_20260928_v1,val,20260928,ok,,0.2127429991960525,log10mm_59711a1c2217859e,2.0.0,ecoli50_strength_v1
course_ecoli50_strength,ecoli50_r005865,248.26,208.2211582853147,2.318524858026001,cnn_1d,log10_minmax,CNN/runs/cnn_ecoli50_integrated_20261002_v2/best_checkpoint.pt,,,,cnn_ecoli50_integrated_20261002_v2,ecoli50_random_20260928_v1,val,20260928,ok,,0.2774207592010498,log10mm_59711a1c2217859e,2.0.0,ecoli50_strength_v1
course_ecoli50_strength,ecoli50_r005872,3005.6,320.06143514968664,2.5052333482751026,cnn_1d,log10_minmax,CNN/runs/cnn_ecoli50_integrated_20261002_v2/best_checkpoint.pt,,,,cnn_ecoli50_integrated_20261002_v2,ecoli50_random_20260928_v1,val,20260928,ok,,0.3149409294128418,log10mm_59711a1c2217859e,2.0.0,ecoli50_strength_v1
course_ecoli50_strength,ecoli50_r005878,1938.83,134.14959534273456,2.12758936697678,cnn_1d,log10_minmax,CNN/runs/cnn_ecoli50_integrated_20261002_v2/best_checkpoint.pt,,,,cnn_ecoli50_integrated_20261002_v2,ecoli50_random_20260928_v1,val,20260928,ok,,0.2390511482954025,log10mm_59711a1c2217859e,2.0.0,ecoli50_strength_v1
course_ecoli50_strength,ecoli50_r005891,215.41,97.825311343572,1.9904512387815612,cnn_1d,log10_minmax,CNN/runs/cnn_ecoli50_integrated_20261002_v2/best_checkpoint.pt,,,,cnn_ecoli50_integrated_20261002_v2,ecoli50_random_20260928_v1,val,20260928,ok,,0.21149243414402,log10mm_59711a1c2217859e,2.0.0,ecoli50_strength_v1
course_ecoli50_strength,ecoli50_r005899,6193.69,128.32348510526495,2.108306145994889,cnn_1d,log10_minmax,CNN/runs/cnn_ecoli50_integrated_20261002_v2/best_checkpoint.pt,,,,cnn_ecoli50_integrated_20261002_v2,ecoli50_random_20260928_v1,val,20260928,ok,,0.23517607152462,log10mm_59711a1c2217859e,2.0.0,ecoli50_strength_v1
course_ecoli50_strength,ecoli50_r005903,148.24,145.48396872826007,2.162815139875621,cnn_1d,log10_minmax,CNN/runs/cnn_ecoli50_integrated_20261002_v2/best_checkpoint.pt,,,,cnn_ecoli50_integrated_20261002_v2,ecoli50_random_20260928_v1,val,20260928,ok,,0.2461299747228622,log10mm_59711a1c2217859e,2.0.0,ecoli50_strength_v1
course_ecoli50_strength,ecoli50_r005906,689.7,155.91367261769102,2.192884201667669,cnn_1d,log10_minmax,CNN/runs/cnn_ecoli50_integrated_20261002_v2/best_checkpoint.pt,,,,cnn_ecoli50_integrated_20261002_v2,ecoli50_random_20260928_v1,val,20260928,ok,,0.2521725296974182,log10mm_59711a1c2217859e,2.0.0,ecoli50_strength_v1
course_ecoli50_strength,ecoli50_r005908,191.43,453.703804151878,2.656772420692604,cnn_1d,log10_minmax,CNN/runs/cnn_ecoli50_integrated_20261002_v2/best_checkpoint.pt,,,,cnn_ecoli50_integrated_20261002_v2,ecoli50_random_20260928_v1,val,20260928,ok,,0.3453935980796814,log10mm_59711a1c2217859e,2.0.0,ecoli50_strength_v1
course_ecoli50_strength,ecoli50_r005910,362.88,150.05479964383625,2.1762498913003325,cnn_1d,log10_minmax,CNN/runs/cnn_ecoli50_integrated_20261002_v2/best_checkpoint.pt,,,,cnn_ecoli50_integrated_20261002_v2,ecoli50_random_20260928_v1,val,20260928,ok,,0.2488297671079635,log10mm_59711a1c2217859e,2.0.0,ecoli50_strength_v1
course_ecoli50_strength,ecoli50_r005917,120.27,123.45485777420122,2.0915081834783398,cnn_1d,log10_minmax,CNN/runs/cnn_ecoli50_integrated_20261002_v2/best_checkpoint.pt,,,,cnn_ecoli50_integrated_20261002_v2,ecoli50_random_20260928_v1,val,20260928,ok,,0.2318004220724105,log10mm_59711a1c2217859e,2.0.0,ecoli50_strength_v1
course_ecoli50_strength,ecoli50_r005952,201.9,164.08665731116992,2.215073267879893,cnn_1d,log10_minmax,CNN/runs/cnn_ecoli50_integrated_20261002_v2/best_checkpoint.pt,,,,cnn_ecoli50_integrated_20261002_v2,ecoli50_random_20260928_v1,val,20260928,ok,,0.2566315531730652,log10mm_59711a1c2217859e,2.0.0,ecoli50_strength_v1
course_ecoli50_strength,ecoli50_r005954,379.94,103.51365709131238,2.0149976522867696,cnn_1d,log10_minmax,CNN/runs/cnn_ecoli50_integrated_20261002_v2/best_checkpoint.pt,,,,cnn_ecoli50_integrated_20261002_v2,ecoli50_random_20260928_v1,val,20260928,ok,,0.2164251804351806,log10mm_59711a1c2217859e,2.0.0,ecoli50_strength_v1
course_ecoli50_strength,ecoli50_r005969,495.05,91.1971133842013,1.959981092043844,cnn_1d,log10_minmax,CNN/runs/cnn_ecoli50_integrated_20261002_v2/best_checkpoint.pt,,,,cnn_ecoli50_integrated_20261002_v2,ecoli50_random_20260928_v1,val,20260928,ok,,0.2053692787885666,log10mm_59711a1c2217859e,2.0.0,ecoli50_strength_v1
course_ecoli50_strength,ecoli50_r005980,166.26,201.24954888385733,2.3037349155369444,cnn_1d,log10_minmax,CNN/runs/cnn_ecoli50_integrated_20261002_v2/best_checkpoint.pt,,,,cnn_ecoli50_integrated_20261002_v2,ecoli50_random_20260928_v1,val,20260928,ok,,0.2744486331939697,log10mm_59711a1c2217859e,2.0.0,ecoli50_strength_v1
course_ecoli50_strength,ecoli50_r005984,61.9,159.70499174336013,2.2033184906702066,cnn_1d,log10_minmax,CNN/runs/cnn_ecoli50_integrated_20261002_v2/best_checkpoint.pt,,,,cnn_ecoli50_integrated_20261002_v2,ecoli50_random_20260928_v1,val,20260928,ok,,0.2542693614959717,log10mm_59711a1c2217859e,2.0.0,ecoli50_strength_v1
course_ecoli50_strength,ecoli50_r005989,282.36,143.11716049992202,2.1556917110735108,cnn_1d,log10_minmax,CNN/runs/cnn_ecoli50_integrated_20261002_v2/best_checkpoint.pt,,,,cnn_ecoli50_integrated_20261002_v2,ecoli50_random_20260928_v1,val,20260928,ok,,0.244698479771614,log10mm_59711a1c2217859e,2.0.0,ecoli50_strength_v1
course_ecoli50_strength,ecoli50_r005999,1482.85,112.98102532403524,2.053005511722225,cnn_1d,log10_minmax,CNN/runs/cnn_ecoli50_integrated_20261002_v2/best_checkpoint.pt,,,,cnn_ecoli50_integrated_20261002_v2,ecoli50_random_20260928_v1,val,20260928,ok,,0.2240630835294723,log10mm_59711a1c2217859e,2.0.0,ecoli50_strength_v1
course_ecoli50_strength,ecoli50_r006001,560.0,161.07059867701352,2.2070162728980875,cnn_1d,log10_minmax,CNN/runs/cnn_ecoli50_integrated_20261002_v2/best_checkpoint.pt,,,,cnn_ecoli50_integrated_20261002_v2,ecoli50_random_20260928_v1,val,20260928,ok,,0.2550124526023865,log10mm_59711a1c2217859e,2.0.0,ecoli50_strength_v1
course_ecoli50_strength,ecoli50_r006014,164.3,98.33625670081548,1.992713672277087,cnn_1d,log10_minmax,CNN/runs/cnn_ecoli50_integrated_20261002_v2/best_checkpoint.pt,,,,cnn_ecoli50_integrated_20261002_v2,ecoli50_random_20260928_v1,val,20260928,ok,,0.2119470834732055,log10mm_59711a1c2217859e,2.0.0,ecoli50_strength_v1
course_ecoli50_strength,ecoli50_r006025,605.58,237.32939285105024,2.3753515281984363,cnn_1d,log10_minmax,CNN/runs/cnn_ecoli50_integrated_20261002_v2/best_checkpoint.pt,,,,cnn_ecoli50_integrated_20261002_v2,ecoli50_random_20260928_v1,val,20260928,ok,,0.2888404130935669,log10mm_59711a1c2217859e,2.0.0,ecoli50_strength_v1
course_ecoli50_strength,ecoli50_r006030,33.44,114.50113378002476,2.0588097870424624,cnn_1d,log10_minmax,CNN/runs/cnn_ecoli50_integrated_20261002_v2/best_checkpoint.pt,,,,cnn_ecoli50_integrated_20261002_v2,ecoli50_random_20260928_v1,val,20260928,ok,,0.2252294868230819,log10mm_59711a1c2217859e,2.0.0,ecoli50_strength_v1
course_ecoli50_strength,ecoli50_r006052,63.16,146.58764833583095,2.166097377634002,cnn_1d,log10_minmax,CNN/runs/cnn_ecoli50_integrated_20261002_v2/best_checkpoint.pt,,,,cnn_ecoli50_integrated_20261002_v2,ecoli50_random_20260928_v1,val,20260928,ok,,0.2467895597219467,log10mm_59711a1c2217859e,2.0.0,ecoli50_strength_v1
course_ecoli50_strength,ecoli50_r006064,40.87,269.6671526752063,2.4308280496020167,cnn_1d,log10_minmax,CNN/runs/cnn_ecoli50_integrated_20261002_v2/best_checkpoint.pt,,,,cnn_ecoli50_integrated_20261002_v2,ecoli50_random_20260928_v1,val,20260928,ok,,0.2999887466430664,log10mm_59711a1c2217859e,2.0.0,ecoli50_strength_v1
course_ecoli50_strength,ecoli50_r006073,77.12,133.59977572870216,2.1258057290985923,cnn_1d,log10_minmax,CNN/runs/cnn_ecoli50_integrated_20261002_v2/best_checkpoint.pt,,,,cnn_ecoli50_integrated_20261002_v2,ecoli50_random_20260928_v1,val,20260928,ok,,0.2386927157640457,log10mm_59711a1c2217859e,2.0.0,ecoli50_strength_v1
course_ecoli50_strength,ecoli50_r006081,43.96,200.6141821017507,2.302361631529959,cnn_1d,log10_minmax,CNN/runs/cnn_ecoli50_integrated_20261002_v2/best_checkpoint.pt,,,,cnn_ecoli50_integrated_20261002_v2,ecoli50_random_20260928_v1,val,20260928,ok,,0.2741726636886596,log10mm_59711a1c2217859e,2.0.0,ecoli50_strength_v1
course_ecoli50_strength,ecoli50_r006082,116.41,227.65208707800065,2.357271636204956,cnn_1d,log10_minmax,CNN/runs/cnn_ecoli50_integrated_20261002_v2/best_checkpoint.pt,,,,cnn_ecoli50_integrated_20261002_v2,ecoli50_random_20260928_v1,val,20260928,ok,,0.2852071523666382,log10mm_59711a1c2217859e,2.0.0,ecoli50_strength_v1
course_ecoli50_strength,ecoli50_r006087,63.74,235.01593700094315,2.3710973138329514,cnn_1d,log10_minmax,CNN/runs/cnn_ecoli50_integrated_20261002_v2/best_checkpoint.pt,,,,cnn_ecoli50_integrated_20261002_v2,ecoli50_random_20260928_v1,val,20260928,ok,,0.2879855036735534,log10mm_59711a1c2217859e,2.0.0,ecoli50_strength_v1
course_ecoli50_strength,ecoli50_r006090,78.02,259.7591168824932,2.414570799125367,cnn_1d,log10_minmax,CNN/runs/cnn_ecoli50_integrated_20261002_v2/best_checkpoint.pt,,,,cnn_ecoli50_integrated_20261002_v2,ecoli50_random_20260928_v1,val,20260928,ok,,0.2967217564582824,log10mm_59711a1c2217859e,2.0.0,ecoli50_strength_v1
course_ecoli50_strength,ecoli50_r006092,8238.34,403.0036441800521,2.605308973287839,cnn_1d,log10_minmax,CNN/runs/cnn_ecoli50_integrated_20261002_v2/best_checkpoint.pt,,,,cnn_ecoli50_integrated_20261002_v2,ecoli50_random_20260928_v1,val,20260928,ok,,0.3350517153739929,log10mm_59711a1c2217859e,2.0.0,ecoli50_strength_v1
course_ecoli50_strength,ecoli50_r006098,180.4,339.0948087726606,2.530321141182849,cnn_1d,log10_minmax,CNN/runs/cnn_ecoli50_integrated_20261002_v2/best_checkpoint.pt,,,,cnn_ecoli50_integrated_20261002_v2,ecoli50_random_20260928_v1,val,20260928,ok,,0.3199824690818786,log10mm_59711a1c2217859e,2.0.0,ecoli50_strength_v1
course_ecoli50_strength,ecoli50_r006106,100.65,291.00878601992724,2.46390610122773,cnn_1d,log10_minmax,CNN/runs/cnn_ecoli50_integrated_20261002_v2/best_checkpoint.pt,,,,cnn_ecoli50_integrated_20261002_v2,ecoli50_random_20260928_v1,val,20260928,ok,,0.3066359758377075,log10mm_59711a1c2217859e,2.0.0,ecoli50_strength_v1
course_ecoli50_strength,ecoli50_r006113,78.02,247.60638457261496,2.3937618388493216,cnn_1d,log10_minmax,CNN/runs/cnn_ecoli50_integrated_20261002_v2/best_checkpoint.pt,,,,cnn_ecoli50_integrated_20261002_v2,ecoli50_random_20260928_v1,val,20260928,ok,,0.2925400733947754,log10mm_59711a1c2217859e,2.0.0,ecoli50_strength_v1
course_ecoli50_strength,ecoli50_r006116,1716.01,265.1830665814043,2.423545788491971,cnn_1d,log10_minmax,CNN/runs/cnn_ecoli50_integrated_20261002_v2/best_checkpoint.pt,,,,cnn_ecoli50_integrated_20261002_v2,ecoli50_random_20260928_v1,val,20260928,ok,,0.298525333404541,log10mm_59711a1c2217859e,2.0.0,ecoli50_strength_v1
course_ecoli50_strength,ecoli50_r006118,3082.22,120.70598369295034,2.0817287996782694,cnn_1d,log10_minmax,CNN/runs/cnn_ecoli50_integrated_20261002_v2/best_checkpoint.pt,,,,cnn_ecoli50_integrated_20261002_v2,ecoli50_random_20260928_v1,val,20260928,ok,,0.2298351973295211,log10mm_59711a1c2217859e,2.0.0,ecoli50_strength_v1
course_ecoli50_strength,ecoli50_r006123,577.08,260.8120148454595,2.4163275941952107,cnn_1d,log10_minmax,CNN/runs/cnn_ecoli50_integrated_20261002_v2/best_checkpoint.pt,,,,cnn_ecoli50_integrated_20261002_v2,ecoli50_random_20260928_v1,val,20260928,ok,,0.2970747947692871,log10mm_59711a1c2217859e,2.0.0,ecoli50_strength_v1
course_ecoli50_strength,ecoli50_r006129,62.5,157.97753856071853,2.1985953428241505,cnn_1d,log10_minmax,CNN/runs/cnn_ecoli50_integrated_20261002_v2/best_checkpoint.pt,,,,cnn_ecoli50_integrated_20261002_v2,ecoli50_random_20260928_v1,val,20260928,ok,,0.2533202171325683,log10mm_59711a1c2217859e,2.0.0,ecoli50_strength_v1
course_ecoli50_strength,ecoli50_r006140,252.63,195.65570633148985,2.291492518692813,cnn_1d,log10_minmax,CNN/runs/cnn_ecoli50_integrated_20261002_v2/best_checkpoint.pt,,,,cnn_ecoli50_integrated_20261002_v2,ecoli50_random_20260928_v1,val,20260928,ok,,0.2719884514808655,log10mm_59711a1c2217859e,2.0.0,ecoli50_strength_v1
course_ecoli50_strength,ecoli50_r006143,99.53,170.6004155369477,2.231980084657903,cnn_1d,log10_minmax,CNN/runs/cnn_ecoli50_integrated_20261002_v2/best_checkpoint.pt,,,,cnn_ecoli50_integrated_20261002_v2,ecoli50_random_20260928_v1,val,20260928,ok,,0.2600290775299072,log10mm_59711a1c2217859e,2.0.0,ecoli50_strength_v1
course_ecoli50_strength,ecoli50_r006148,396.88,496.5451775724928,2.695958768396041,cnn_1d,log10_minmax,CNN/runs/cnn_ecoli50_integrated_20261002_v2/best_checkpoint.pt,,,,cnn_ecoli50_integrated_20261002_v2,ecoli50_random_20260928_v1,val,20260928,ok,,0.3532683253288269,log10mm_59711a1c2217859e,2.0.0,ecoli50_strength_v1
course_ecoli50_strength,ecoli50_r006149,288.85,121.764143842714,2.0855194194642905,cnn_1d,log10_minmax,CNN/runs/cnn_ecoli50_integrated_20261002_v2/best_checkpoint.pt,,,,cnn_ecoli50_integrated_20261002_v2,ecoli50_random_20260928_v1,val,20260928,ok,,0.2305969446897506,log10mm_59711a1c2217859e,2.0.0,ecoli50_strength_v1
course_ecoli50_strength,ecoli50_r006164,50.11,158.95427352342094,2.201272208518113,cnn_1d,log10_minmax,CNN/runs/cnn_ecoli50_integrated_20261002_v2/best_checkpoint.pt,,,,cnn_ecoli50_integrated_20261002_v2,ecoli50_random_20260928_v1,val,20260928,ok,,0.2538581490516662,log10mm_59711a1c2217859e,2.0.0,ecoli50_strength_v1
course_ecoli50_strength,ecoli50_r006167,128.54,159.86955715183188,2.2037657719407324,cnn_1d,log10_minmax,CNN/runs/cnn_ecoli50_integrated_20261002_v2/best_checkpoint.pt,,,,cnn_ecoli50_integrated_20261002_v2,ecoli50_random_20260928_v1,val,20260928,ok,,0.2543592453002929,log10mm_59711a1c2217859e,2.0.0,ecoli50_strength_v1
course_ecoli50_strength,ecoli50_r006180,705.89,205.8454588336376,2.3135412904481667,cnn_1d,log10_minmax,CNN/runs/cnn_ecoli50_integrated_20261002_v2/best_checkpoint.pt,,,,cnn_ecoli50_integrated_20261002_v2,ecoli50_random_20260928_v1,val,20260928,ok,,0.2764192819595337,log10mm_59711a1c2217859e,2.0.0,ecoli50_strength_v1
course_ecoli50_strength,ecoli50_r006186,165173.72,515.5046994846657,2.7122326287872465,cnn_1d,log10_minmax,CNN/runs/cnn_ecoli50_integrated_20261002_v2/best_checkpoint.pt,,,,cnn_ecoli50_integrated_20261002_v2,ecoli50_random_20260928_v1,val,20260928,ok,,0.3565386533737182,log10mm_59711a1c2217859e,2.0.0,ecoli50_strength_v1
course_ecoli50_strength,ecoli50_r006195,230.34,134.6090697615517,2.1290743229985885,cnn_1d,log10_minmax,CNN/runs/cnn_ecoli50_integrated_20261002_v2/best_checkpoint.pt,,,,cnn_ecoli50_integrated_20261002_v2,ecoli50_random_20260928_v1,val,20260928,ok,,0.2393495589494705,log10mm_59711a1c2217859e,2.0.0,ecoli50_strength_v1
course_ecoli50_strength,ecoli50_r006209,200.62,147.70999014504417,2.1694098691653227,cnn_1d,log10_minmax,CNN/runs/cnn_ecoli50_integrated_20261002_v2/best_checkpoint.pt,,,,cnn_ecoli50_integrated_20261002_v2,ecoli50_random_20260928_v1,val,20260928,ok,,0.2474552243947982,log10mm_59711a1c2217859e,2.0.0,ecoli50_strength_v1
course_ecoli50_strength,ecoli50_r006219,1459.46,178.2830111285848,2.2511099605357745,cnn_1d,log10_minmax,CNN/runs/cnn_ecoli50_integrated_20261002_v2/best_checkpoint.pt,,,,cnn_ecoli50_integrated_20261002_v2,ecoli50_random_20260928_v1,val,20260928,ok,,0.2638733386993408,log10mm_59711a1c2217859e,2.0.0,ecoli50_strength_v1
course_ecoli50_strength,ecoli50_r006233,63.83,150.10794564703806,2.176403681312778,cnn_1d,log10_minmax,CNN/runs/cnn_ecoli50_integrated_20261002_v2/best_checkpoint.pt,,,,cnn_ecoli50_integrated_20261002_v2,ecoli50_random_20260928_v1,val,20260928,ok,,0.2488606721162796,log10mm_59711a1c2217859e,2.0.0,ecoli50_strength_v1
course_ecoli50_strength,ecoli50_r006240,11643.81,201.01671384920525,2.3032321690160287,cnn_1d,log10_minmax,CNN/runs/cnn_ecoli50_integrated_20261002_v2/best_checkpoint.pt,,,,cnn_ecoli50_integrated_20261002_v2,ecoli50_random_20260928_v1,val,20260928,ok,,0.2743476033210754,log10mm_59711a1c2217859e,2.0.0,ecoli50_strength_v1
course_ecoli50_strength,ecoli50_r006252,349.27,128.06162211619107,2.107418998594264,cnn_1d,log10_minmax,CNN/runs/cnn_ecoli50_integrated_20261002_v2/best_checkpoint.pt,,,,cnn_ecoli50_integrated_20261002_v2,ecoli50_random_20260928_v1,val,20260928,ok,,0.2349977940320968,log10mm_59711a1c2217859e,2.0.0,ecoli50_strength_v1
course_ecoli50_strength,ecoli50_r006254,122.33,139.8104050782684,2.145539494012797,cnn_1d,log10_minmax,CNN/runs/cnn_ecoli50_integrated_20261002_v2/best_checkpoint.pt,,,,cnn_ecoli50_integrated_20261002_v2,ecoli50_random_20260928_v1,val,20260928,ok,,0.242658331990242,log10mm_59711a1c2217859e,2.0.0,ecoli50_strength_v1
course_ecoli50_strength,ecoli50_r006262,57.91,166.42684696644685,2.221223385349622,cnn_1d,log10_minmax,CNN/runs/cnn_ecoli50_integrated_20261002_v2/best_checkpoint.pt,,,,cnn_ecoli50_integrated_20261002_v2,ecoli50_random_20260928_v1,val,20260928,ok,,0.2578674554824829,log10mm_59711a1c2217859e,2.0.0,ecoli50_strength_v1
course_ecoli50_strength,ecoli50_r006271,30.95,271.90672162482576,2.434419943624608,cnn_1d,log10_minmax,CNN/runs/cnn_ecoli50_integrated_20261002_v2/best_checkpoint.pt,,,,cnn_ecoli50_integrated_20261002_v2,ecoli50_random_20260928_v1,val,20260928,ok,,0.3007105588912964,log10mm_59711a1c2217859e,2.0.0,ecoli50_strength_v1
course_ecoli50_strength,ecoli50_r006280,31.87,159.9545252335821,2.2039965311108047,cnn_1d,log10_minmax,CNN/runs/cnn_ecoli50_integrated_20261002_v2/best_checkpoint.pt,,,,cnn_ecoli50_integrated_20261002_v2,ecoli50_random_20260928_v1,val,20260928,ok,,0.2544056177139282,log10mm_59711a1c2217859e,2.0.0,ecoli50_strength_v1
course_ecoli50_strength,ecoli50_r006281,162.11,322.3384510034047,2.508312114580181,cnn_1d,log10_minmax,CNN/runs/cnn_ecoli50_integrated_20261002_v2/best_checkpoint.pt,,,,cnn_ecoli50_integrated_20261002_v2,ecoli50_random_20260928_v1,val,20260928,ok,,0.3155596256256103,log10mm_59711a1c2217859e,2.0.0,ecoli50_strength_v1
course_ecoli50_strength,ecoli50_r006283,37.23,174.49353503525998,2.241779341034316,cnn_1d,log10_minmax,CNN/runs/cnn_ecoli50_integrated_20261002_v2/best_checkpoint.pt,,,,cnn_ecoli50_integrated_20261002_v2,ecoli50_random_20260928_v1,val,20260928,ok,,0.2619982957839966,log10mm_59711a1c2217859e,2.0.0,ecoli50_strength_v1
course_ecoli50_strength,ecoli50_r006285,15.96,188.0012193580441,2.274160666065556,cnn_1d,log10_minmax,CNN/runs/cnn_ecoli50_integrated_20261002_v2/best_checkpoint.pt,,,,cnn_ecoli50_integrated_20261002_v2,ecoli50_random_20260928_v1,val,20260928,ok,,0.2685055136680603,log10mm_59711a1c2217859e,2.0.0,ecoli50_strength_v1
course_ecoli50_strength,ecoli50_r006301,132.29,281.83581905787605,2.449996187604489,cnn_1d,log10_minmax,CNN/runs/cnn_ecoli50_integrated_20261002_v2/best_checkpoint.pt,,,,cnn_ecoli50_integrated_20261002_v2,ecoli50_random_20260928_v1,val,20260928,ok,,0.303840696811676,log10mm_59711a1c2217859e,2.0.0,ecoli50_strength_v1
course_ecoli50_strength,ecoli50_r006302,2326.99,385.32222595836816,2.585824060486348,cnn_1d,log10_minmax,CNN/runs/cnn_ecoli50_integrated_20261002_v2/best_checkpoint.pt,,,,cnn_ecoli50_integrated_20261002_v2,ecoli50_random_20260928_v1,val,20260928,ok,,0.3311361074447632,log10mm_59711a1c2217859e,2.0.0,ecoli50_strength_v1
course_ecoli50_strength,ecoli50_r006330,396.88,121.81159586631928,2.085688632968823,cnn_1d,log10_minmax,CNN/runs/cnn_ecoli50_integrated_20261002_v2/best_checkpoint.pt,,,,cnn_ecoli50_integrated_20261002_v2,ecoli50_random_20260928_v1,val,20260928,ok,,0.230630949139595,log10mm_59711a1c2217859e,2.0.0,ecoli50_strength_v1
course_ecoli50_strength,ecoli50_r006336,138.08,272.1984290690948,2.4348856144433912,cnn_1d,log10_minmax,CNN/runs/cnn_ecoli50_integrated_20261002_v2/best_checkpoint.pt,,,,cnn_ecoli50_integrated_20261002_v2,ecoli50_random_20260928_v1,val,20260928,ok,,0.3008041381835937,log10mm_59711a1c2217859e,2.0.0,ecoli50_strength_v1
course_ecoli50_strength,ecoli50_r006340,162.36,219.60218872453584,2.3416366643128965,cnn_1d,log10_minmax,CNN/runs/cnn_ecoli50_integrated_20261002_v2/best_checkpoint.pt,,,,cnn_ecoli50_integrated_20261002_v2,ecoli50_random_20260928_v1,val,20260928,ok,,0.282065212726593,log10mm_59711a1c2217859e,2.0.0,ecoli50_strength_v1
course_ecoli50_strength,ecoli50_r006343,294.74,332.38943135582383,2.52164720651756,cnn_1d,log10_minmax,CNN/runs/cnn_ecoli50_integrated_20261002_v2/best_checkpoint.pt,,,,cnn_ecoli50_integrated_20261002_v2,ecoli50_random_20260928_v1,val,20260928,ok,,0.3182393908500671,log10mm_59711a1c2217859e,2.0.0,ecoli50_strength_v1
course_ecoli50_strength,ecoli50_r006349,53.28,149.88477695503403,2.175757525976014,cnn_1d,log10_minmax,CNN/runs/cnn_ecoli50_integrated_20261002_v2/best_checkpoint.pt,,,,cnn_ecoli50_integrated_20261002_v2,ecoli50_random_20260928_v1,val,20260928,ok,,0.2487308233976364,log10mm_59711a1c2217859e,2.0.0,ecoli50_strength_v1
course_ecoli50_strength,ecoli50_r006363,519.91,240.0153378314811,2.3802389955563434,cnn_1d,log10_minmax,CNN/runs/cnn_ecoli50_integrated_20261002_v2/best_checkpoint.pt,,,,cnn_ecoli50_integrated_20261002_v2,ecoli50_random_20260928_v1,val,20260928,ok,,0.2898225784301758,log10mm_59711a1c2217859e,2.0.0,ecoli50_strength_v1
course_ecoli50_strength,ecoli50_r006364,57.47,184.7994771700058,2.266700738190892,cnn_1d,log10_minmax,CNN/runs/cnn_ecoli50_integrated_20261002_v2/best_checkpoint.pt,,,,cnn_ecoli50_integrated_20261002_v2,ecoli50_random_20260928_v1,val,20260928,ok,,0.2670063972473144,log10mm_59711a1c2217859e,2.0.0,ecoli50_strength_v1
course_ecoli50_strength,ecoli50_r006366,76.16,195.11820466652568,2.290297791267297,cnn_1d,log10_minmax,CNN/runs/cnn_ecoli50_integrated_20261002_v2/best_checkpoint.pt,,,,cnn_ecoli50_integrated_20261002_v2,ecoli50_random_20260928_v1,val,20260928,ok,,0.2717483639717102,log10mm_59711a1c2217859e,2.0.0,ecoli50_strength_v1
course_ecoli50_strength,ecoli50_r006368,171.15,123.85228102032268,2.0929040095122216,cnn_1d,log10_minmax,CNN/runs/cnn_ecoli50_integrated_20261002_v2/best_checkpoint.pt,,,,cnn_ecoli50_integrated_20261002_v2,ecoli50_random_20260928_v1,val,20260928,ok,,0.2320809215307235,log10mm_59711a1c2217859e,2.0.0,ecoli50_strength_v1
course_ecoli50_strength,ecoli50_r006369,2008.76,107.2668217074546,2.030465412762211,cnn_1d,log10_minmax,CNN/runs/cnn_ecoli50_integrated_20261002_v2/best_checkpoint.pt,,,,cnn_ecoli50_integrated_20261002_v2,ecoli50_random_20260928_v1,val,20260928,ok,,0.2195335179567337,log10mm_59711a1c2217859e,2.0.0,ecoli50_strength_v1
course_ecoli50_strength,ecoli50_r006384,96.21,210.34597063273867,2.322934197129208,cnn_1d,log10_minmax,CNN/runs/cnn_ecoli50_integrated_20261002_v2/best_checkpoint.pt,,,,cnn_ecoli50_integrated_20261002_v2,ecoli50_random_20260928_v1,val,20260928,ok,,0.2783068418502807,log10mm_59711a1c2217859e,2.0.0,ecoli50_strength_v1
course_ecoli50_strength,ecoli50_r006386,116.38,96.09995392110856,1.9827231794290752,cnn_1d,log10_minmax,CNN/runs/cnn_ecoli50_integrated_20261002_v2/best_checkpoint.pt,,,,cnn_ecoli50_integrated_20261002_v2,ecoli50_random_20260928_v1,val,20260928,ok,,0.2099394351243972,log10mm_59711a1c2217859e,2.0.0,ecoli50_strength_v1
course_ecoli50_strength,ecoli50_r006388,38.32,94.14423245053648,1.9737937190246893,cnn_1d,log10_minmax,CNN/runs/cnn_ecoli50_integrated_20261002_v2/best_checkpoint.pt,,,,cnn_ecoli50_integrated_20261002_v2,ecoli50_random_20260928_v1,val,20260928,ok,,0.2081450074911117,log10mm_59711a1c2217859e,2.0.0,ecoli50_strength_v1
course_ecoli50_strength,ecoli50_r006391,77.16,185.97062051302836,2.2694443401486923,cnn_1d,log10_minmax,CNN/runs/cnn_ecoli50_integrated_20261002_v2/best_checkpoint.pt,,,,cnn_ecoli50_integrated_20261002_v2,ecoli50_random_20260928_v1,val,20260928,ok,,0.2675577402114868,log10mm_59711a1c2217859e,2.0.0,ecoli50_strength_v1
course_ecoli50_strength,ecoli50_r006401,97.29,241.44816743913148,2.382823913509017,cnn_1d,log10_minmax,CNN/runs/cnn_ecoli50_integrated_20261002_v2/best_checkpoint.pt,,,,cnn_ecoli50_integrated_20261002_v2,ecoli50_random_20260928_v1,val,20260928,ok,,0.2903420329093933,log10mm_59711a1c2217859e,2.0.0,ecoli50_strength_v1
course_ecoli50_strength,ecoli50_r006403,85.48,181.0547757359604,2.257809984819532,cnn_1d,log10_minmax,CNN/runs/cnn_ecoli50_integrated_20261002_v2/best_checkpoint.pt,,,,cnn_ecoli50_integrated_20261002_v2,ecoli50_random_20260928_v1,val,20260928,ok,,0.2652197480201721,log10mm_59711a1c2217859e,2.0.0,ecoli50_strength_v1
course_ecoli50_strength,ecoli50_r006406,132.63,269.31451030066034,2.430259753239731,cnn_1d,log10_minmax,CNN/runs/cnn_ecoli50_integrated_20261002_v2/best_checkpoint.pt,,,,cnn_ecoli50_integrated_20261002_v2,ecoli50_random_20260928_v1,val,20260928,ok,,0.2998745441436767,log10mm_59711a1c2217859e,2.0.0,ecoli50_strength_v1
course_ecoli50_strength,ecoli50_r006411,72.16,195.97492923589743,2.292200516300733,cnn_1d,log10_minmax,CNN/runs/cnn_ecoli50_integrated_20261002_v2/best_checkpoint.pt,,,,cnn_ecoli50_integrated_20261002_v2,ecoli50_random_20260928_v1,val,20260928,ok,,0.2721307277679443,log10mm_59711a1c2217859e,2.0.0,ecoli50_strength_v1
course_ecoli50_strength,ecoli50_r006423,49.12,100.24538334908762,2.001064380971185,cnn_1d,log10_minmax,CNN/runs/cnn_ecoli50_integrated_20261002_v2/best_checkpoint.pt,,,,cnn_ecoli50_integrated_20261002_v2,ecoli50_random_20260928_v1,val,20260928,ok,,0.2136252075433731,log10mm_59711a1c2217859e,2.0.0,ecoli50_strength_v1
course_ecoli50_strength,ecoli50_r006429,108.24,266.50227755695727,2.425700924905526,cnn_1d,log10_minmax,CNN/runs/cnn_ecoli50_integrated_20261002_v2/best_checkpoint.pt,,,,cnn_ecoli50_integrated_20261002_v2,ecoli50_random_20260928_v1,val,20260928,ok,,0.298958420753479,log10mm_59711a1c2217859e,2.0.0,ecoli50_strength_v1
course_ecoli50_strength,ecoli50_r006432,61.89,176.3870104840451,2.246466599600708,cnn_1d,log10_minmax,CNN/runs/cnn_ecoli50_integrated_20261002_v2/best_checkpoint.pt,,,,cnn_ecoli50_integrated_20261002_v2,ecoli50_random_20260928_v1,val,20260928,ok,,0.2629402279853821,log10mm_59711a1c2217859e,2.0.0,ecoli50_strength_v1
course_ecoli50_strength,ecoli50_r006433,90.58,227.79750467965783,2.3575489624569066,cnn_1d,log10_minmax,CNN/runs/cnn_ecoli50_integrated_20261002_v2/best_checkpoint.pt,,,,cnn_ecoli50_integrated_20261002_v2,ecoli50_random_20260928_v1,val,20260928,ok,,0.2852628827095032,log10mm_59711a1c2217859e,2.0.0,ecoli50_strength_v1
course_ecoli50_strength,ecoli50_r006434,267.27,227.6158637737892,2.357202527096181,cnn_1d,log10_minmax,CNN/runs/cnn_ecoli50_integrated_20261002_v2/best_checkpoint.pt,,,,cnn_ecoli50_integrated_20261002_v2,ecoli50_random_20260928_v1,val,20260928,ok,,0.2851932644844055,log10mm_59711a1c2217859e,2.0.0,ecoli50_strength_v1
course_ecoli50_strength,ecoli50_r006450,120.74,168.02587303197436,2.2253761605940725,cnn_1d,log10_minmax,CNN/runs/cnn_ecoli50_integrated_20261002_v2/best_checkpoint.pt,,,,cnn_ecoli50_integrated_20261002_v2,ecoli50_random_20260928_v1,val,20260928,ok,,0.2587019801139831,log10mm_59711a1c2217859e,2.0.0,ecoli50_strength_v1
course_ecoli50_strength,ecoli50_r006459,38.56,183.180763415786,2.262879864631931,cnn_1d,log10_minmax,CNN/runs/cnn_ecoli50_integrated_20261002_v2/best_checkpoint.pt,,,,cnn_ecoli50_integrated_20261002_v2,ecoli50_random_20260928_v1,val,20260928,ok,,0.2662385702133178,log10mm_59711a1c2217859e,2.0.0,ecoli50_strength_v1
course_ecoli50_strength,ecoli50_r006460,392.87,167.43592342778686,2.223848641666216,cnn_1d,log10_minmax,CNN/runs/cnn_ecoli50_integrated_20261002_v2/best_checkpoint.pt,,,,cnn_ecoli50_integrated_20261002_v2,ecoli50_random_20260928_v1,val,20260928,ok,,0.2583950161933899,log10mm_59711a1c2217859e,2.0.0,ecoli50_strength_v1
course_ecoli50_strength,ecoli50_r006462,120.84,110.73748341716602,2.044294649657612,cnn_1d,log10_minmax,CNN/runs/cnn_ecoli50_integrated_20261002_v2/best_checkpoint.pt,,,,cnn_ecoli50_integrated_20261002_v2,ecoli50_random_20260928_v1,val,20260928,ok,,0.2223125845193863,log10mm_59711a1c2217859e,2.0.0,ecoli50_strength_v1
course_ecoli50_strength,ecoli50_r006482,654.21,169.60122303975015,2.229428979745574,cnn_1d,log10_minmax,CNN/runs/cnn_ecoli50_integrated_20261002_v2/best_checkpoint.pt,,,,cnn_ecoli50_integrated_20261002_v2,ecoli50_random_20260928_v1,val,20260928,ok,,0.2595164179801941,log10mm_59711a1c2217859e,2.0.0,ecoli50_strength_v1
course_ecoli50_strength,ecoli50_r006486,58.71,267.4091362759588,2.42717624124478,cnn_1d,log10_minmax,CNN/runs/cnn_ecoli50_integrated_20261002_v2/best_checkpoint.pt,,,,cnn_ecoli50_integrated_20261002_v2,ecoli50_random_20260928_v1,val,20260928,ok,,0.2992548942565918,log10mm_59711a1c2217859e,2.0.0,ecoli50_strength_v1
course_ecoli50_strength,ecoli50_r006487,135.58,230.3271189683276,2.362345075284759,cnn_1d,log10_minmax,CNN/runs/cnn_ecoli50_integrated_20261002_v2/best_checkpoint.pt,,,,cnn_ecoli50_integrated_20261002_v2,ecoli50_random_20260928_v1,val,20260928,ok,,0.2862266898155212,log10mm_59711a1c2217859e,2.0.0,ecoli50_strength_v1
course_ecoli50_strength,ecoli50_r006493,1351.81,181.5379136456672,2.2589673399372985,cnn_1d,log10_minmax,CNN/runs/cnn_ecoli50_integrated_20261002_v2/best_checkpoint.pt,,,,cnn_ecoli50_integrated_20261002_v2,ecoli50_random_20260928_v1,val,20260928,ok,,0.2654523253440857,log10mm_59711a1c2217859e,2.0.0,ecoli50_strength_v1
course_ecoli50_strength,ecoli50_r006497,76.04,129.39547792913308,2.111919099016291,cnn_1d,log10_minmax,CNN/runs/cnn_ecoli50_integrated_20261002_v2/best_checkpoint.pt,,,,cnn_ecoli50_integrated_20261002_v2,ecoli50_random_20260928_v1,val,20260928,ok,,0.2359021157026291,log10mm_59711a1c2217859e,2.0.0,ecoli50_strength_v1
course_ecoli50_strength,ecoli50_r006505,84.88,188.20124020717768,2.274622481011318,cnn_1d,log10_minmax,CNN/runs/cnn_ecoli50_integrated_20261002_v2/best_checkpoint.pt,,,,cnn_ecoli50_integrated_20261002_v2,ecoli50_random_20260928_v1,val,20260928,ok,,0.2685983180999756,log10mm_59711a1c2217859e,2.0.0,ecoli50_strength_v1
course_ecoli50_strength,ecoli50_r006511,72.21,100.94542571268542,2.0040866439062133,cnn_1d,log10_minmax,CNN/runs/cnn_ecoli50_integrated_20261002_v2/best_checkpoint.pt,,,,cnn_ecoli50_integrated_20261002_v2,ecoli50_random_20260928_v1,val,20260928,ok,,0.2142325490713119,log10mm_59711a1c2217859e,2.0.0,ecoli50_strength_v1
course_ecoli50_strength,ecoli50_r006531,132.63,182.88150657819023,2.2621697907846903,cnn_1d,log10_minmax,CNN/runs/cnn_ecoli50_integrated_20261002_v2/best_checkpoint.pt,,,,cnn_ecoli50_integrated_20261002_v2,ecoli50_random_20260928_v1,val,20260928,ok,,0.2660958766937256,log10mm_59711a1c2217859e,2.0.0,ecoli50_strength_v1
course_ecoli50_strength,ecoli50_r006534,488.55,179.72386695397088,2.254605754338438,cnn_1d,log10_minmax,CNN/runs/cnn_ecoli50_integrated_20261002_v2/best_checkpoint.pt,,,,cnn_ecoli50_integrated_20261002_v2,ecoli50_random_20260928_v1,val,20260928,ok,,0.2645758390426636,log10mm_59711a1c2217859e,2.0.0,ecoli50_strength_v1
course_ecoli50_strength,ecoli50_r006540,396.25,250.94912754320256,2.399585690140285,cnn_1d,log10_minmax,CNN/runs/cnn_ecoli50_integrated_20261002_v2/best_checkpoint.pt,,,,cnn_ecoli50_integrated_20261002_v2,ecoli50_random_20260928_v1,val,20260928,ok,,0.2937104105949402,log10mm_59711a1c2217859e,2.0.0,ecoli50_strength_v1
course_ecoli50_strength,ecoli50_r006541,397.53,182.405630645782,2.261038240355608,cnn_1d,log10_minmax,CNN/runs/cnn_ecoli50_integrated_20261002_v2/best_checkpoint.pt,,,,cnn_ecoli50_integrated_20261002_v2,ecoli50_random_20260928_v1,val,20260928,ok,,0.2658684849739074,log10mm_59711a1c2217859e,2.0.0,ecoli50_strength_v1
course_ecoli50_strength,ecoli50_r006550,217.35,106.3674771635001,2.026808858715101,cnn_1d,log10_minmax,CNN/runs/cnn_ecoli50_integrated_20261002_v2/best_checkpoint.pt,,,,cnn_ecoli50_integrated_20261002_v2,ecoli50_random_20260928_v1,val,20260928,ok,,0.2187987118959427,log10mm_59711a1c2217859e,2.0.0,ecoli50_strength_v1
course_ecoli50_strength,ecoli50_r006557,982.05,202.42745291057395,2.306269410534718,cnn_1d,log10_minmax,CNN/runs/cnn_ecoli50_integrated_20261002_v2/best_checkpoint.pt,,,,cnn_ecoli50_integrated_20261002_v2,ecoli50_random_20260928_v1,val,20260928,ok,,0.2749579548835754,log10mm_59711a1c2217859e,2.0.0,ecoli50_strength_v1
course_ecoli50_strength,ecoli50_r006561,156.9,136.08127216706598,2.133798360661496,cnn_1d,log10_minmax,CNN/runs/cnn_ecoli50_integrated_20261002_v2/best_checkpoint.pt,,,,cnn_ecoli50_integrated_20261002_v2,ecoli50_random_20260928_v1,val,20260928,ok,,0.2402988821268081,log10mm_59711a1c2217859e,2.0.0,ecoli50_strength_v1
course_ecoli50_strength,ecoli50_r006570,88.42,315.6587916950758,2.499217889755518,cnn_1d,log10_minmax,CNN/runs/cnn_ecoli50_integrated_20261002_v2/best_checkpoint.pt,,,,cnn_ecoli50_integrated_20261002_v2,ecoli50_random_20260928_v1,val,20260928,ok,,0.3137320876121521,log10mm_59711a1c2217859e,2.0.0,ecoli50_strength_v1
course_ecoli50_strength,ecoli50_r006571,278.45,193.47318066150632,2.28662077143261,cnn_1d,log10_minmax,CNN/runs/cnn_ecoli50_integrated_20261002_v2/best_checkpoint.pt,,,,cnn_ecoli50_integrated_20261002_v2,ecoli50_random_20260928_v1,val,20260928,ok,,0.2710094451904297,log10mm_59711a1c2217859e,2.0.0,ecoli50_strength_v1
course_ecoli50_strength,ecoli50_r006575,3168.48,378.4802355561167,2.5780432053340245,cnn_1d,log10_minmax,CNN/runs/cnn_ecoli50_integrated_20261002_v2/best_checkpoint.pt,,,,cnn_ecoli50_integrated_20261002_v2,ecoli50_random_20260928_v1,val,20260928,ok,,0.3295724987983703,log10mm_59711a1c2217859e,2.0.0,ecoli50_strength_v1
course_ecoli50_strength,ecoli50_r006582,521.69,155.98982637652992,2.193096274683867,cnn_1d,log10_minmax,CNN/runs/cnn_ecoli50_integrated_20261002_v2/best_checkpoint.pt,,,,cnn_ecoli50_integrated_20261002_v2,ecoli50_random_20260928_v1,val,20260928,ok,,0.2522151470184326,log10mm_59711a1c2217859e,2.0.0,ecoli50_strength_v1
course_ecoli50_strength,ecoli50_r006591,58.51,207.707715311256,2.3174526287203308,cnn_1d,log10_minmax,CNN/runs/cnn_ecoli50_integrated_20261002_v2/best_checkpoint.pt,,,,cnn_ecoli50_integrated_20261002_v2,ecoli50_random_20260928_v1,val,20260928,ok,,0.2772052884101867,log10mm_59711a1c2217859e,2.0.0,ecoli50_strength_v1
course_ecoli50_strength,ecoli50_r006595,108.86,135.12935376558363,2.1307496998265494,cnn_1d,log10_minmax,CNN/runs/cnn_ecoli50_integrated_20261002_v2/best_checkpoint.pt,,,,cnn_ecoli50_integrated_20261002_v2,ecoli50_random_20260928_v1,val,20260928,ok,,0.2396862357854843,log10mm_59711a1c2217859e,2.0.0,ecoli50_strength_v1
course_ecoli50_strength,ecoli50_r006605,1393.2,178.37216180934553,2.251327075847462,cnn_1d,log10_minmax,CNN/runs/cnn_ecoli50_integrated_20261002_v2/best_checkpoint.pt,,,,cnn_ecoli50_integrated_20261002_v2,ecoli50_random_20260928_v1,val,20260928,ok,,0.2639169692993164,log10mm_59711a1c2217859e,2.0.0,ecoli50_strength_v1
course_ecoli50_strength,ecoli50_r006615,68.77,266.10924338719025,2.42505996016706,cnn_1d,log10_minmax,CNN/runs/cnn_ecoli50_integrated_20261002_v2/best_checkpoint.pt,,,,cnn_ecoli50_integrated_20261002_v2,ecoli50_random_20260928_v1,val,20260928,ok,,0.2988296151161194,log10mm_59711a1c2217859e,2.0.0,ecoli50_strength_v1
course_ecoli50_strength,ecoli50_r006625,104.03,199.8073048617733,2.3006113617836905,cnn_1d,log10_minmax,CNN/runs/cnn_ecoli50_integrated_20261002_v2/best_checkpoint.pt,,,,cnn_ecoli50_integrated_20261002_v2,ecoli50_random_20260928_v1,val,20260928,ok,,0.2738209366798401,log10mm_59711a1c2217859e,2.0.0,ecoli50_strength_v1
course_ecoli50_strength,ecoli50_r006632,70.59,313.8659467043835,2.4967441989092416,cnn_1d,log10_minmax,CNN/runs/cnn_ecoli50_integrated_20261002_v2/best_checkpoint.pt,,,,cnn_ecoli50_integrated_20261002_v2,ecoli50_random_20260928_v1,val,20260928,ok,,0.3132349848747253,log10mm_59711a1c2217859e,2.0.0,ecoli50_strength_v1
course_ecoli50_strength,ecoli50_r006646,88.42,147.5481665065746,2.168933817149942,cnn_1d,log10_minmax,CNN/runs/cnn_ecoli50_integrated_20261002_v2/best_checkpoint.pt,,,,cnn_ecoli50_integrated_20261002_v2,ecoli50_random_20260928_v1,val,20260928,ok,,0.2473595589399337,log10mm_59711a1c2217859e,2.0.0,ecoli50_strength_v1
course_ecoli50_strength,ecoli50_r006649,312.43,242.9544198837861,2.3855248042579613,cnn_1d,log10_minmax,CNN/runs/cnn_ecoli50_integrated_20261002_v2/best_checkpoint.pt,,,,cnn_ecoli50_integrated_20261002_v2,ecoli50_random_20260928_v1,val,20260928,ok,,0.290884792804718,log10mm_59711a1c2217859e,2.0.0,ecoli50_strength_v1
course_ecoli50_strength,ecoli50_r006666,101.06,182.4263113825576,2.26108747688804,cnn_1d,log10_minmax,CNN/runs/cnn_ecoli50_integrated_20261002_v2/best_checkpoint.pt,,,,cnn_ecoli50_integrated_20261002_v2,ecoli50_random_20260928_v1,val,20260928,ok,,0.2658783793449402,log10mm_59711a1c2217859e,2.0.0,ecoli50_strength_v1
course_ecoli50_strength,ecoli50_r006672,95.91,168.5954467313458,2.2268458414266026,cnn_1d,log10_minmax,CNN/runs/cnn_ecoli50_integrated_20261002_v2/best_checkpoint.pt,,,,cnn_ecoli50_integrated_20261002_v2,ecoli50_random_20260928_v1,val,20260928,ok,,0.2589973211288452,log10mm_59711a1c2217859e,2.0.0,ecoli50_strength_v1
course_ecoli50_strength,ecoli50_r006676,468.64,118.81033570047282,2.0748542229888725,cnn_1d,log10_minmax,CNN/runs/cnn_ecoli50_integrated_20261002_v2/best_checkpoint.pt,,,,cnn_ecoli50_integrated_20261002_v2,ecoli50_random_20260928_v1,val,20260928,ok,,0.2284537106752395,log10mm_59711a1c2217859e,2.0.0,ecoli50_strength_v1
course_ecoli50_strength,ecoli50_r006684,292.97,109.07892568637295,2.0377408519430644,cnn_1d,log10_minmax,CNN/runs/cnn_ecoli50_integrated_20261002_v2/best_checkpoint.pt,,,,cnn_ecoli50_integrated_20261002_v2,ecoli50_random_20260928_v1,val,20260928,ok,,0.2209955602884292,log10mm_59711a1c2217859e,2.0.0,ecoli50_strength_v1
course_ecoli50_strength,ecoli50_r006695,3356.81,256.864855284367,2.4097046873718884,cnn_1d,log10_minmax,CNN/runs/cnn_ecoli50_integrated_20261002_v2/best_checkpoint.pt,,,,cnn_ecoli50_integrated_20261002_v2,ecoli50_random_20260928_v1,val,20260928,ok,,0.2957438826560974,log10mm_59711a1c2217859e,2.0.0,ecoli50_strength_v1
course_ecoli50_strength,ecoli50_r006699,144.89,132.75118261644593,2.123038398691427,cnn_1d,log10_minmax,CNN/runs/cnn_ecoli50_integrated_20261002_v2/best_checkpoint.pt,,,,cnn_ecoli50_integrated_20261002_v2,ecoli50_random_20260928_v1,val,20260928,ok,,0.2381366044282913,log10mm_59711a1c2217859e,2.0.0,ecoli50_strength_v1
course_ecoli50_strength,ecoli50_r006702,208.76,156.48717607666237,2.194478753464981,cnn_1d,log10_minmax,CNN/runs/cnn_ecoli50_integrated_20261002_v2/best_checkpoint.pt,,,,cnn_ecoli50_integrated_20261002_v2,ecoli50_random_20260928_v1,val,20260928,ok,,0.2524929642677307,log10mm_59711a1c2217859e,2.0.0,ecoli50_strength_v1
course_ecoli50_strength,ecoli50_r006703,28.42,126.2092151599419,2.101091066057107,cnn_1d,log10_minmax,CNN/runs/cnn_ecoli50_integrated_20261002_v2/best_checkpoint.pt,,,,cnn_ecoli50_integrated_20261002_v2,ecoli50_random_20260928_v1,val,20260928,ok,,0.2337261587381363,log10mm_59711a1c2217859e,2.0.0,ecoli50_strength_v1
course_ecoli50_strength,ecoli50_r006710,91.37,192.8506422461971,2.285221089525706,cnn_1d,log10_minmax,CNN/runs/cnn_ecoli50_integrated_20261002_v2/best_checkpoint.pt,,,,cnn_ecoli50_integrated_20261002_v2,ecoli50_random_20260928_v1,val,20260928,ok,,0.2707281708717346,log10mm_59711a1c2217859e,2.0.0,ecoli50_strength_v1
course_ecoli50_strength,ecoli50_r006724,114.56,140.30862362055842,2.147084364369252,cnn_1d,log10_minmax,CNN/runs/cnn_ecoli50_integrated_20261002_v2/best_checkpoint.pt,,,,cnn_ecoli50_integrated_20261002_v2,ecoli50_random_20260928_v1,val,20260928,ok,,0.2429687827825546,log10mm_59711a1c2217859e,2.0.0,ecoli50_strength_v1
course_ecoli50_strength,ecoli50_r006725,176.85,161.07378884558102,2.2070248744609824,cnn_1d,log10_minmax,CNN/runs/cnn_ecoli50_integrated_20261002_v2/best_checkpoint.pt,,,,cnn_ecoli50_integrated_20261002_v2,ecoli50_random_20260928_v1,val,20260928,ok,,0.2550141811370849,log10mm_59711a1c2217859e,2.0.0,ecoli50_strength_v1
course_ecoli50_strength,ecoli50_r006726,99.13,164.58823893420427,2.216398798382532,cnn_1d,log10_minmax,CNN/runs/cnn_ecoli50_integrated_20261002_v2/best_checkpoint.pt,,,,cnn_ecoli50_integrated_20261002_v2,ecoli50_random_20260928_v1,val,20260928,ok,,0.2568979263305664,log10mm_59711a1c2217859e,2.0.0,ecoli50_strength_v1
course_ecoli50_strength,ecoli50_r006727,148783.16,160.3791672475304,2.2051479541162298,cnn_1d,log10_minmax,CNN/runs/cnn_ecoli50_integrated_20261002_v2/best_checkpoint.pt,,,,cnn_ecoli50_integrated_20261002_v2,ecoli50_random_20260928_v1,val,20260928,ok,,0.2546370029449463,log10mm_59711a1c2217859e,2.0.0,ecoli50_strength_v1
course_ecoli50_strength,ecoli50_r006744,156.35,377.7999935216223,2.57726194613869,cnn_1d,log10_minmax,CNN/runs/cnn_ecoli50_integrated_20261002_v2/best_checkpoint.pt,,,,cnn_ecoli50_integrated_20261002_v2,ecoli50_random_20260928_v1,val,20260928,ok,,0.329415500164032,log10mm_59711a1c2217859e,2.0.0,ecoli50_strength_v1
course_ecoli50_strength,ecoli50_r006749,88.32,106.75271781940468,2.028378940549006,cnn_1d,log10_minmax,CNN/runs/cnn_ecoli50_integrated_20261002_v2/best_checkpoint.pt,,,,cnn_ecoli50_integrated_20261002_v2,ecoli50_random_20260928_v1,val,20260928,ok,,0.2191142290830612,log10mm_59711a1c2217859e,2.0.0,ecoli50_strength_v1
course_ecoli50_strength,ecoli50_r006759,66.87,196.4581617950617,2.29327007615585,cnn_1d,log10_minmax,CNN/runs/cnn_ecoli50_integrated_20261002_v2/best_checkpoint.pt,,,,cnn_ecoli50_integrated_20261002_v2,ecoli50_random_20260928_v1,val,20260928,ok,,0.2723456621170044,log10mm_59711a1c2217859e,2.0.0,ecoli50_strength_v1
course_ecoli50_strength,ecoli50_r006762,69.14,100.06569083681389,2.00028519801517,cnn_1d,log10_minmax,CNN/runs/cnn_ecoli50_integrated_20261002_v2/best_checkpoint.pt,,,,cnn_ecoli50_integrated_20261002_v2,ecoli50_random_20260928_v1,val,20260928,ok,,0.2134686261415481,log10mm_59711a1c2217859e,2.0.0,ecoli50_strength_v1
course_ecoli50_strength,ecoli50_r006772,33049.56,369.7828370547735,2.5679467501293183,cnn_1d,log10_minmax,CNN/runs/cnn_ecoli50_integrated_20261002_v2/best_checkpoint.pt,,,,cnn_ecoli50_integrated_20261002_v2,ecoli50_random_20260928_v1,val,20260928,ok,,0.327543556690216,log10mm_59711a1c2217859e,2.0.0,ecoli50_strength_v1
course_ecoli50_strength,ecoli50_r006777,63.74,110.97369820948326,2.045220059182838,cnn_1d,log10_minmax,CNN/runs/cnn_ecoli50_integrated_20261002_v2/best_checkpoint.pt,,,,cnn_ecoli50_integrated_20261002_v2,ecoli50_random_20260928_v1,val,20260928,ok,,0.2224985510110855,log10mm_59711a1c2217859e,2.0.0,ecoli50_strength_v1
course_ecoli50_strength,ecoli50_r006778,162.51,150.9829627863279,2.1789279434167628,cnn_1d,log10_minmax,CNN/runs/cnn_ecoli50_integrated_20261002_v2/best_checkpoint.pt,,,,cnn_ecoli50_integrated_20261002_v2,ecoli50_random_20260928_v1,val,20260928,ok,,0.2493679374456405,log10mm_59711a1c2217859e,2.0.0,ecoli50_strength_v1
course_ecoli50_strength,ecoli50_r006784,59.44,204.1006548028992,2.309844398037137,cnn_1d,log10_minmax,CNN/runs/cnn_ecoli50_integrated_20261002_v2/best_checkpoint.pt,,,,cnn_ecoli50_integrated_20261002_v2,ecoli50_random_20260928_v1,val,20260928,ok,,0.2756763696670532,log10mm_59711a1c2217859e,2.0.0,ecoli50_strength_v1
course_ecoli50_strength,ecoli50_r006793,19.01,160.72434649590917,2.206081668598733,cnn_1d,log10_minmax,CNN/runs/cnn_ecoli50_integrated_20261002_v2/best_checkpoint.pt,,,,cnn_ecoli50_integrated_20261002_v2,ecoli50_random_20260928_v1,val,20260928,ok,,0.2548246383666992,log10mm_59711a1c2217859e,2.0.0,ecoli50_strength_v1
course_ecoli50_strength,ecoli50_r006794,12869.22,266.3530708880437,2.425457708299537,cnn_1d,log10_minmax,CNN/runs/cnn_ecoli50_integrated_20261002_v2/best_checkpoint.pt,,,,cnn_ecoli50_integrated_20261002_v2,ecoli50_random_20260928_v1,val,20260928,ok,,0.2989095449447632,log10mm_59711a1c2217859e,2.0.0,ecoli50_strength_v1
course_ecoli50_strength,ecoli50_r006796,2153.01,154.30487680713418,2.188379652161386,cnn_1d,log10_minmax,CNN/runs/cnn_ecoli50_integrated_20261002_v2/best_checkpoint.pt,,,,cnn_ecoli50_integrated_20261002_v2,ecoli50_random_20260928_v1,val,20260928,ok,,0.2512673139572143,log10mm_59711a1c2217859e,2.0.0,ecoli50_strength_v1
course_ecoli50_strength,ecoli50_r006797,5949.03,188.6401802680696,2.275634202771108,cnn_1d,log10_minmax,CNN/runs/cnn_ecoli50_integrated_20261002_v2/best_checkpoint.pt,,,,cnn_ecoli50_integrated_20261002_v2,ecoli50_random_20260928_v1,val,20260928,ok,,0.2688016295433044,log10mm_59711a1c2217859e,2.0.0,ecoli50_strength_v1
course_ecoli50_strength,ecoli50_r006803,244.66,309.01602209050617,2.48998099762905,cnn_1d,log10_minmax,CNN/runs/cnn_ecoli50_integrated_20261002_v2/best_checkpoint.pt,,,,cnn_ecoli50_integrated_20261002_v2,ecoli50_random_20260928_v1,val,20260928,ok,,0.3118758797645569,log10mm_59711a1c2217859e,2.0.0,ecoli50_strength_v1
course_ecoli50_strength,ecoli50_r006829,67.81,140.5434957329452,2.1478107515254306,cnn_1d,log10_minmax,CNN/runs/cnn_ecoli50_integrated_20261002_v2/best_checkpoint.pt,,,,cnn_ecoli50_integrated_20261002_v2,ecoli50_random_20260928_v1,val,20260928,ok,,0.2431147545576095,log10mm_59711a1c2217859e,2.0.0,ecoli50_strength_v1
course_ecoli50_strength,ecoli50_r006832,47.87,615.3555925815184,2.789126151981844,cnn_1d,log10_minmax,CNN/runs/cnn_ecoli50_integrated_20261002_v2/best_checkpoint.pt,,,,cnn_ecoli50_integrated_20261002_v2,ecoli50_random_20260928_v1,val,20260928,ok,,0.3719908595085144,log10mm_59711a1c2217859e,2.0.0,ecoli50_strength_v1
course_ecoli50_strength,ecoli50_r006833,121.0,140.82208154815132,2.148670759512094,cnn_1d,log10_minmax,CNN/runs/cnn_ecoli50_integrated_20261002_v2/best_checkpoint.pt,,,,cnn_ecoli50_integrated_20261002_v2,ecoli50_random_20260928_v1,val,20260928,ok,,0.2432875782251358,log10mm_59711a1c2217859e,2.0.0,ecoli50_strength_v1
course_ecoli50_strength,ecoli50_r006853,32.07,153.10628161914138,2.1849930092258005,cnn_1d,log10_minmax,CNN/runs/cnn_ecoli50_integrated_20261002_v2/best_checkpoint.pt,,,,cnn_ecoli50_integrated_20261002_v2,ecoli50_random_20260928_v1,val,20260928,ok,,0.2505867481231689,log10mm_59711a1c2217859e,2.0.0,ecoli50_strength_v1
course_ecoli50_strength,ecoli50_r006860,113.48,231.18018210028856,2.3639506014899023,cnn_1d,log10_minmax,CNN/runs/cnn_ecoli50_integrated_20261002_v2/best_checkpoint.pt,,,,cnn_ecoli50_integrated_20261002_v2,ecoli50_random_20260928_v1,val,20260928,ok,,0.2865493297576904,log10mm_59711a1c2217859e,2.0.0,ecoli50_strength_v1
course_ecoli50_strength,ecoli50_r006866,70.47,179.83903785598605,2.25488397040724,cnn_1d,log10_minmax,CNN/runs/cnn_ecoli50_integrated_20261002_v2/best_checkpoint.pt,,,,cnn_ecoli50_integrated_20261002_v2,ecoli50_random_20260928_v1,val,20260928,ok,,0.2646317481994629,log10mm_59711a1c2217859e,2.0.0,ecoli50_strength_v1
course_ecoli50_strength,ecoli50_r006876,218.11,182.10378462241232,2.2603189717342387,cnn_1d,log10_minmax,CNN/runs/cnn_ecoli50_integrated_20261002_v2/best_checkpoint.pt,,,,cnn_ecoli50_integrated_20261002_v2,ecoli50_random_20260928_v1,val,20260928,ok,,0.2657239437103271,log10mm_59711a1c2217859e,2.0.0,ecoli50_strength_v1
course_ecoli50_strength,ecoli50_r006880,102.23,220.2433852165768,2.342902873692124,cnn_1d,log10_minmax,CNN/runs/cnn_ecoli50_integrated_20261002_v2/best_checkpoint.pt,,,,cnn_ecoli50_integrated_20261002_v2,ecoli50_random_20260928_v1,val,20260928,ok,,0.2823196649551391,log10mm_59711a1c2217859e,2.0.0,ecoli50_strength_v1
course_ecoli50_strength,ecoli50_r006883,103.65,271.5504087443412,2.433850460839853,cnn_1d,log10_minmax,CNN/runs/cnn_ecoli50_integrated_20261002_v2/best_checkpoint.pt,,,,cnn_ecoli50_integrated_20261002_v2,ecoli50_random_20260928_v1,val,20260928,ok,,0.3005961179733276,log10mm_59711a1c2217859e,2.0.0,ecoli50_strength_v1
course_ecoli50_strength,ecoli50_r006890,73.69,110.14248641428092,2.0419548762474378,cnn_1d,log10_minmax,CNN/runs/cnn_ecoli50_integrated_20261002_v2/best_checkpoint.pt,,,,cnn_ecoli50_integrated_20261002_v2,ecoli50_random_20260928_v1,val,20260928,ok,,0.2218423932790756,log10mm_59711a1c2217859e,2.0.0,ecoli50_strength_v1
course_ecoli50_strength,ecoli50_r006895,23.58,384.9647580580789,2.585420973452764,cnn_1d,log10_minmax,CNN/runs/cnn_ecoli50_integrated_20261002_v2/best_checkpoint.pt,,,,cnn_ecoli50_integrated_20261002_v2,ecoli50_random_20260928_v1,val,20260928,ok,,0.3310551047325134,log10mm_59711a1c2217859e,2.0.0,ecoli50_strength_v1
course_ecoli50_strength,ecoli50_r006900,177.81,139.808304426944,2.145532968689222,cnn_1d,log10_minmax,CNN/runs/cnn_ecoli50_integrated_20261002_v2/best_checkpoint.pt,,,,cnn_ecoli50_integrated_20261002_v2,ecoli50_random_20260928_v1,val,20260928,ok,,0.2426570206880569,log10mm_59711a1c2217859e,2.0.0,ecoli50_strength_v1
course_ecoli50_strength,ecoli50_r006906,46.97,164.9094743682512,2.217245607419237,cnn_1d,log10_minmax,CNN/runs/cnn_ecoli50_integrated_20261002_v2/best_checkpoint.pt,,,,cnn_ecoli50_integrated_20261002_v2,ecoli50_random_20260928_v1,val,20260928,ok,,0.2570680975914001,log10mm_59711a1c2217859e,2.0.0,ecoli50_strength_v1
course_ecoli50_strength,ecoli50_r006911,71.8,341.57837821043387,2.53349037220113,cnn_1d,log10_minmax,CNN/runs/cnn_ecoli50_integrated_20261002_v2/best_checkpoint.pt,,,,cnn_ecoli50_integrated_20261002_v2,ecoli50_random_20260928_v1,val,20260928,ok,,0.3206193447113037,log10mm_59711a1c2217859e,2.0.0,ecoli50_strength_v1
course_ecoli50_strength,ecoli50_r006915,296.08,135.77061022759497,2.132805769964006,cnn_1d,log10_minmax,CNN/runs/cnn_ecoli50_integrated_20261002_v2/best_checkpoint.pt,,,,cnn_ecoli50_integrated_20261002_v2,ecoli50_random_20260928_v1,val,20260928,ok,,0.2400994151830673,log10mm_59711a1c2217859e,2.0.0,ecoli50_strength_v1
course_ecoli50_strength,ecoli50_r006919,864.75,238.7536886632004,2.377950090009495,cnn_1d,log10_minmax,CNN/runs/cnn_ecoli50_integrated_20261002_v2/best_checkpoint.pt,,,,cnn_ecoli50_integrated_20261002_v2,ecoli50_random_20260928_v1,val,20260928,ok,,0.2893626093864441,log10mm_59711a1c2217859e,2.0.0,ecoli50_strength_v1
course_ecoli50_strength,ecoli50_r006921,1398.67,248.79856214491787,2.395847866154101,cnn_1d,log10_minmax,CNN/runs/cnn_ecoli50_integrated_20261002_v2/best_checkpoint.pt,,,,cnn_ecoli50_integrated_20261002_v2,ecoli50_random_20260928_v1,val,20260928,ok,,0.2929592728614807,log10mm_59711a1c2217859e,2.0.0,ecoli50_strength_v1
course_ecoli50_strength,ecoli50_r006929,36.46,279.75147249587644,2.446772381152669,cnn_1d,log10_minmax,CNN/runs/cnn_ecoli50_integrated_20261002_v2/best_checkpoint.pt,,,,cnn_ecoli50_integrated_20261002_v2,ecoli50_random_20260928_v1,val,20260928,ok,,0.3031928539276123,log10mm_59711a1c2217859e,2.0.0,ecoli50_strength_v1
course_ecoli50_strength,ecoli50_r006930,50.32,187.0083863080853,2.2718610827164936,cnn_1d,log10_minmax,CNN/runs/cnn_ecoli50_integrated_20261002_v2/best_checkpoint.pt,,,,cnn_ecoli50_integrated_20261002_v2,ecoli50_random_20260928_v1,val,20260928,ok,,0.2680433988571167,log10mm_59711a1c2217859e,2.0.0,ecoli50_strength_v1
course_ecoli50_strength,ecoli50_r006941,254.97,116.4296451978167,2.0660635740132705,cnn_1d,log10_minmax,CNN/runs/cnn_ecoli50_integrated_20261002_v2/best_checkpoint.pt,,,,cnn_ecoli50_integrated_20261002_v2,ecoli50_random_20260928_v1,val,20260928,ok,,0.2266871780157089,log10mm_59711a1c2217859e,2.0.0,ecoli50_strength_v1
course_ecoli50_strength,ecoli50_r006945,192.43,161.10954505685953,2.207121271286527,cnn_1d,log10_minmax,CNN/runs/cnn_ecoli50_integrated_20261002_v2/best_checkpoint.pt,,,,cnn_ecoli50_integrated_20261002_v2,ecoli50_random_20260928_v1,val,20260928,ok,,0.2550335526466369,log10mm_59711a1c2217859e,2.0.0,ecoli50_strength_v1
course_ecoli50_strength,ecoli50_r006946,66.48,311.1757763298714,2.4930057817118234,cnn_1d,log10_minmax,CNN/runs/cnn_ecoli50_integrated_20261002_v2/best_checkpoint.pt,,,,cnn_ecoli50_integrated_20261002_v2,ecoli50_random_20260928_v1,val,20260928,ok,,0.3124837279319763,log10mm_59711a1c2217859e,2.0.0,ecoli50_strength_v1
course_ecoli50_strength,ecoli50_r006949,338.84,262.32617294238463,2.4188416234054078,cnn_1d,log10_minmax,CNN/runs/cnn_ecoli50_integrated_20261002_v2/best_checkpoint.pt,,,,cnn_ecoli50_integrated_20261002_v2,ecoli50_random_20260928_v1,val,20260928,ok,,0.2975800037384033,log10mm_59711a1c2217859e,2.0.0,ecoli50_strength_v1
course_ecoli50_strength,ecoli50_r006957,84724.58,602.5598501830599,2.7800001903561564,cnn_1d,log10_minmax,CNN/runs/cnn_ecoli50_integrated_20261002_v2/best_checkpoint.pt,,,,cnn_ecoli50_integrated_20261002_v2,ecoli50_random_20260928_v1,val,20260928,ok,,0.3701569437980652,log10mm_59711a1c2217859e,2.0.0,ecoli50_strength_v1
course_ecoli50_strength,ecoli50_r006962,252.63,292.53537902050783,2.466178396860023,cnn_1d,log10_minmax,CNN/runs/cnn_ecoli50_integrated_20261002_v2/best_checkpoint.pt,,,,cnn_ecoli50_integrated_20261002_v2,ecoli50_random_20260928_v1,val,20260928,ok,,0.3070926070213318,log10mm_59711a1c2217859e,2.0.0,ecoli50_strength_v1
course_ecoli50_strength,ecoli50_r006963,568.65,238.79021670479256,2.3780165296677165,cnn_1d,log10_minmax,CNN/runs/cnn_ecoli50_integrated_20261002_v2/best_checkpoint.pt,,,,cnn_ecoli50_integrated_20261002_v2,ecoli50_random_20260928_v1,val,20260928,ok,,0.2893759608268738,log10mm_59711a1c2217859e,2.0.0,ecoli50_strength_v1
course_ecoli50_strength,ecoli50_r006965,310.74,91.84551007670676,1.9630579304124112,cnn_1d,log10_minmax,CNN/runs/cnn_ecoli50_integrated_20261002_v2/best_checkpoint.pt,,,,cnn_ecoli50_integrated_20261002_v2,ecoli50_random_20260928_v1,val,20260928,ok,,0.2059875875711441,log10mm_59711a1c2217859e,2.0.0,ecoli50_strength_v1
course_ecoli50_strength,ecoli50_r006968,281907.24,492.000861903067,2.6919658635791857,cnn_1d,log10_minmax,CNN/runs/cnn_ecoli50_integrated_20261002_v2/best_checkpoint.pt,,,,cnn_ecoli50_integrated_20261002_v2,ecoli50_random_20260928_v1,val,20260928,ok,,0.3524659276008606,log10mm_59711a1c2217859e,2.0.0,ecoli50_strength_v1
course_ecoli50_strength,ecoli50_r006969,423.53,384.0422433486133,2.5843789979200333,cnn_1d,log10_minmax,CNN/runs/cnn_ecoli50_integrated_20261002_v2/best_checkpoint.pt,,,,cnn_ecoli50_integrated_20261002_v2,ecoli50_random_20260928_v1,val,20260928,ok,,0.3308457136154175,log10mm_59711a1c2217859e,2.0.0,ecoli50_strength_v1
course_ecoli50_strength,ecoli50_r006972,2430.03,222.4354238302437,2.347203951745104,cnn_1d,log10_minmax,CNN/runs/cnn_ecoli50_integrated_20261002_v2/best_checkpoint.pt,,,,cnn_ecoli50_integrated_20261002_v2,ecoli50_random_20260928_v1,val,20260928,ok,,0.2831839919090271,log10mm_59711a1c2217859e,2.0.0,ecoli50_strength_v1
course_ecoli50_strength,ecoli50_r006974,87.28,173.68516255239695,2.239762719443928,cnn_1d,log10_minmax,CNN/runs/cnn_ecoli50_integrated_20261002_v2/best_checkpoint.pt,,,,cnn_ecoli50_integrated_20261002_v2,ecoli50_random_20260928_v1,val,20260928,ok,,0.2615930438041687,log10mm_59711a1c2217859e,2.0.0,ecoli50_strength_v1
course_ecoli50_strength,ecoli50_r006981,156.35,139.43331960466458,2.1443665671001355,cnn_1d,log10_minmax,CNN/runs/cnn_ecoli50_integrated_20261002_v2/best_checkpoint.pt,,,,cnn_ecoli50_integrated_20261002_v2,ecoli50_random_20260928_v1,val,20260928,ok,,0.2424226254224777,log10mm_59711a1c2217859e,2.0.0,ecoli50_strength_v1
course_ecoli50_strength,ecoli50_r006988,98.4,110.5867813597457,2.0437032180571952,cnn_1d,log10_minmax,CNN/runs/cnn_ecoli50_integrated_20261002_v2/best_checkpoint.pt,,,,cnn_ecoli50_integrated_20261002_v2,ecoli50_random_20260928_v1,val,20260928,ok,,0.2221937328577041,log10mm_59711a1c2217859e,2.0.0,ecoli50_strength_v1
course_ecoli50_strength,ecoli50_r006989,98.4,180.00123706652963,2.2552754898217584,cnn_1d,log10_minmax,CNN/runs/cnn_ecoli50_integrated_20261002_v2/best_checkpoint.pt,,,,cnn_ecoli50_integrated_20261002_v2,ecoli50_random_20260928_v1,val,20260928,ok,,0.2647104263305664,log10mm_59711a1c2217859e,2.0.0,ecoli50_strength_v1
course_ecoli50_strength,ecoli50_r006993,70.45,103.75651599909575,2.016015380310305,cnn_1d,log10_minmax,CNN/runs/cnn_ecoli50_integrated_20261002_v2/best_checkpoint.pt,,,,cnn_ecoli50_integrated_20261002_v2,ecoli50_random_20260928_v1,val,20260928,ok,,0.2166296988725662,log10mm_59711a1c2217859e,2.0.0,ecoli50_strength_v1
course_ecoli50_strength,ecoli50_r006999,36.08,184.5471022660029,2.266107230351156,cnn_1d,log10_minmax,CNN/runs/cnn_ecoli50_integrated_20261002_v2/best_checkpoint.pt,,,,cnn_ecoli50_integrated_20261002_v2,ecoli50_random_20260928_v1,val,20260928,ok,,0.2668871283531189,log10mm_59711a1c2217859e,2.0.0,ecoli50_strength_v1
course_ecoli50_strength,ecoli50_r007006,263.78,154.46588212748514,2.1888325689386363,cnn_1d,log10_minmax,CNN/runs/cnn_ecoli50_integrated_20261002_v2/best_checkpoint.pt,,,,cnn_ecoli50_integrated_20261002_v2,ecoli50_random_20260928_v1,val,20260928,ok,,0.2513583302497864,log10mm_59711a1c2217859e,2.0.0,ecoli50_strength_v1
course_ecoli50_strength,ecoli50_r007019,97.27,92.05440791263425,1.96404458899756,cnn_1d,log10_minmax,CNN/runs/cnn_ecoli50_integrated_20261002_v2/best_checkpoint.pt,,,,cnn_ecoli50_integrated_20261002_v2,ecoli50_random_20260928_v1,val,20260928,ok,,0.2061858624219894,log10mm_59711a1c2217859e,2.0.0,ecoli50_strength_v1
course_ecoli50_strength,ecoli50_r007027,87.76,165.47899421277393,2.218742872574153,cnn_1d,log10_minmax,CNN/runs/cnn_ecoli50_integrated_20261002_v2/best_checkpoint.pt,,,,cnn_ecoli50_integrated_20261002_v2,ecoli50_random_20260928_v1,val,20260928,ok,,0.2573689818382263,log10mm_59711a1c2217859e,2.0.0,ecoli50_strength_v1
course_ecoli50_strength,ecoli50_r007051,71.8,319.1603703031514,2.504008960287881,cnn_1d,log10_minmax,CNN/runs/cnn_ecoli50_integrated_20261002_v2/best_checkpoint.pt,,,,cnn_ecoli50_integrated_20261002_v2,ecoli50_random_20260928_v1,val,20260928,ok,,0.314694881439209,log10mm_59711a1c2217859e,2.0.0,ecoli50_strength_v1
course_ecoli50_strength,ecoli50_r007053,71.8,214.01151076297063,2.330437132818346,cnn_1d,log10_minmax,CNN/runs/cnn_ecoli50_integrated_20261002_v2/best_checkpoint.pt,,,,cnn_ecoli50_integrated_20261002_v2,ecoli50_random_20260928_v1,val,20260928,ok,,0.279814600944519,log10mm_59711a1c2217859e,2.0.0,ecoli50_strength_v1
course_ecoli50_strength,ecoli50_r007071,73.81,142.89535763409316,2.1550181197171687,cnn_1d,log10_minmax,CNN/runs/cnn_ecoli50_integrated_20261002_v2/best_checkpoint.pt,,,,cnn_ecoli50_integrated_20261002_v2,ecoli50_random_20260928_v1,val,20260928,ok,,0.2445631176233291,log10mm_59711a1c2217859e,2.0.0,ecoli50_strength_v1
course_ecoli50_strength,ecoli50_r007095,360.37,279.5434866268118,2.446449377635691,cnn_1d,log10_minmax,CNN/runs/cnn_ecoli50_integrated_20261002_v2/best_checkpoint.pt,,,,cnn_ecoli50_integrated_20261002_v2,ecoli50_random_20260928_v1,val,20260928,ok,,0.3031279444694519,log10mm_59711a1c2217859e,2.0.0,ecoli50_strength_v1
course_ecoli50_strength,ecoli50_r007097,29.47,199.48647156111053,2.2999134487667496,cnn_1d,log10_minmax,CNN/runs/cnn_ecoli50_integrated_20261002_v2/best_checkpoint.pt,,,,cnn_ecoli50_integrated_20261002_v2,ecoli50_random_20260928_v1,val,20260928,ok,,0.2736806869506836,log10mm_59711a1c2217859e,2.0.0,ecoli50_strength_v1
course_ecoli50_strength,ecoli50_r007099,60.13,168.70924728566038,2.227138887776257,cnn_1d,log10_minmax,CNN/runs/cnn_ecoli50_integrated_20261002_v2/best_checkpoint.pt,,,,cnn_ecoli50_integrated_20261002_v2,ecoli50_random_20260928_v1,val,20260928,ok,,0.2590562105178833,log10mm_59711a1c2217859e,2.0.0,ecoli50_strength_v1
course_ecoli50_strength,ecoli50_r007101,343.06,88.13344099135804,1.945140726599888,cnn_1d,log10_minmax,CNN/runs/cnn_ecoli50_integrated_20261002_v2/best_checkpoint.pt,,,,cnn_ecoli50_integrated_20261002_v2,ecoli50_random_20260928_v1,val,20260928,ok,,0.2023870199918747,log10mm_59711a1c2217859e,2.0.0,ecoli50_strength_v1
course_ecoli50_strength,ecoli50_r007109,94.32,178.54352438730697,2.251744103345048,cnn_1d,log10_minmax,CNN/runs/cnn_ecoli50_integrated_20261002_v2/best_checkpoint.pt,,,,cnn_ecoli50_integrated_20261002_v2,ecoli50_random_20260928_v1,val,20260928,ok,,0.2640007734298706,log10mm_59711a1c2217859e,2.0.0,ecoli50_strength_v1
course_ecoli50_strength,ecoli50_r007119,192.43,116.1239871375626,2.0649219389932085,cnn_1d,log10_minmax,CNN/runs/cnn_ecoli50_integrated_20261002_v2/best_checkpoint.pt,,,,cnn_ecoli50_integrated_20261002_v2,ecoli50_random_20260928_v1,val,20260928,ok,,0.2264577597379684,log10mm_59711a1c2217859e,2.0.0,ecoli50_strength_v1
course_ecoli50_strength,ecoli50_r007129,414.92,211.81017565449824,2.3259468203816818,cnn_1d,log10_minmax,CNN/runs/cnn_ecoli50_integrated_20261002_v2/best_checkpoint.pt,,,,cnn_ecoli50_integrated_20261002_v2,ecoli50_random_20260928_v1,val,20260928,ok,,0.2789122462272644,log10mm_59711a1c2217859e,2.0.0,ecoli50_strength_v1
course_ecoli50_strength,ecoli50_r007131,1071.84,175.18658227583217,2.243500840035729,cnn_1d,log10_minmax,CNN/runs/cnn_ecoli50_integrated_20261002_v2/best_checkpoint.pt,,,,cnn_ecoli50_integrated_20261002_v2,ecoli50_random_20260928_v1,val,20260928,ok,,0.2623442411422729,log10mm_59711a1c2217859e,2.0.0,ecoli50_strength_v1
course_ecoli50_strength,ecoli50_r007133,39.79,158.76234797943508,2.2007475131815344,cnn_1d,log10_minmax,CNN/runs/cnn_ecoli50_integrated_20261002_v2/best_checkpoint.pt,,,,cnn_ecoli50_integrated_20261002_v2,ecoli50_random_20260928_v1,val,20260928,ok,,0.2537527084350586,log10mm_59711a1c2217859e,2.0.0,ecoli50_strength_v1
course_ecoli50_strength,ecoli50_r007139,70.74,108.92746779051409,2.0371374078151567,cnn_1d,log10_minmax,CNN/runs/cnn_ecoli50_integrated_20261002_v2/best_checkpoint.pt,,,,cnn_ecoli50_integrated_20261002_v2,ecoli50_random_20260928_v1,val,20260928,ok,,0.2208742946386337,log10mm_59711a1c2217859e,2.0.0,ecoli50_strength_v1
course_ecoli50_strength,ecoli50_r007148,22150.17,162.74882296839905,2.2115178563482,cnn_1d,log10_minmax,CNN/runs/cnn_ecoli50_integrated_20261002_v2/best_checkpoint.pt,,,,cnn_ecoli50_integrated_20261002_v2,ecoli50_random_20260928_v1,val,20260928,ok,,0.2559170722961426,log10mm_59711a1c2217859e,2.0.0,ecoli50_strength_v1
course_ecoli50_strength,ecoli50_r007153,111.46,196.49828361900032,2.293358761235351,cnn_1d,log10_minmax,CNN/runs/cnn_ecoli50_integrated_20261002_v2/best_checkpoint.pt,,,,cnn_ecoli50_integrated_20261002_v2,ecoli50_random_20260928_v1,val,20260928,ok,,0.2723634839057922,log10mm_59711a1c2217859e,2.0.0,ecoli50_strength_v1
course_ecoli50_strength,ecoli50_r007162,443.97,236.08008887653983,2.3730593599898,cnn_1d,log10_minmax,CNN/runs/cnn_ecoli50_integrated_20261002_v2/best_checkpoint.pt,,,,cnn_ecoli50_integrated_20261002_v2,ecoli50_random_20260928_v1,val,20260928,ok,,0.2883797883987427,log10mm_59711a1c2217859e,2.0.0,ecoli50_strength_v1
course_ecoli50_strength,ecoli50_r007166,144.32,124.20024867409784,2.0941224653871022,cnn_1d,log10_minmax,CNN/runs/cnn_ecoli50_integrated_20261002_v2/best_checkpoint.pt,,,,cnn_ecoli50_integrated_20261002_v2,ecoli50_random_20260928_v1,val,20260928,ok,,0.2323257774114608,log10mm_59711a1c2217859e,2.0.0,ecoli50_strength_v1
course_ecoli50_strength,ecoli50_r007185,81.73,411.7610173770144,2.614645228296022,cnn_1d,log10_minmax,CNN/runs/cnn_ecoli50_integrated_20261002_v2/best_checkpoint.pt,,,,cnn_ecoli50_integrated_20261002_v2,ecoli50_random_20260928_v1,val,20260928,ok,,0.3369278907775879,log10mm_59711a1c2217859e,2.0.0,ecoli50_strength_v1
course_ecoli50_strength,ecoli50_r007187,3241.51,163.56683046967265,2.213695238183034,cnn_1d,log10_minmax,CNN/runs/cnn_ecoli50_integrated_20261002_v2/best_checkpoint.pt,,,,cnn_ecoli50_integrated_20261002_v2,ecoli50_random_20260928_v1,val,20260928,ok,,0.2563546299934387,log10mm_59711a1c2217859e,2.0.0,ecoli50_strength_v1
course_ecoli50_strength,ecoli50_r007188,115.74,149.42963690164143,2.174436741163248,cnn_1d,log10_minmax,CNN/runs/cnn_ecoli50_integrated_20261002_v2/best_checkpoint.pt,,,,cnn_ecoli50_integrated_20261002_v2,ecoli50_random_20260928_v1,val,20260928,ok,,0.2484654039144516,log10mm_59711a1c2217859e,2.0.0,ecoli50_strength_v1
course_ecoli50_strength,ecoli50_r007189,672.65,143.41225795650433,2.1565862736145625,cnn_1d,log10_minmax,CNN/runs/cnn_ecoli50_integrated_20261002_v2/best_checkpoint.pt,,,,cnn_ecoli50_integrated_20261002_v2,ecoli50_random_20260928_v1,val,20260928,ok,,0.2448782473802566,log10mm_59711a1c2217859e,2.0.0,ecoli50_strength_v1
course_ecoli50_strength,ecoli50_r007191,131.27,237.74518410514256,2.37611172839496,cnn_1d,log10_minmax,CNN/runs/cnn_ecoli50_integrated_20261002_v2/best_checkpoint.pt,,,,cnn_ecoli50_integrated_20261002_v2,ecoli50_random_20260928_v1,val,20260928,ok,,0.2889931797981262,log10mm_59711a1c2217859e,2.0.0,ecoli50_strength_v1
course_ecoli50_strength,ecoli50_r007196,92.22,133.33001401913043,2.1249279247749047,cnn_1d,log10_minmax,CNN/runs/cnn_ecoli50_integrated_20261002_v2/best_checkpoint.pt,,,,cnn_ecoli50_integrated_20261002_v2,ecoli50_random_20260928_v1,val,20260928,ok,,0.2385163158178329,log10mm_59711a1c2217859e,2.0.0,ecoli50_strength_v1
course_ecoli50_strength,ecoli50_r007210,127038.76,418.702201118884,2.6219052439847883,cnn_1d,log10_minmax,CNN/runs/cnn_ecoli50_integrated_20261002_v2/best_checkpoint.pt,,,,cnn_ecoli50_integrated_20261002_v2,ecoli50_random_20260928_v1,val,20260928,ok,,0.3383868336677551,log10mm_59711a1c2217859e,2.0.0,ecoli50_strength_v1
course_ecoli50_strength,ecoli50_r007214,154.18,185.5238273343011,2.268399695165409,cnn_1d,log10_minmax,CNN/runs/cnn_ecoli50_integrated_20261002_v2/best_checkpoint.pt,,,,cnn_ecoli50_integrated_20261002_v2,ecoli50_random_20260928_v1,val,20260928,ok,,0.2673478126525879,log10mm_59711a1c2217859e,2.0.0,ecoli50_strength_v1
course_ecoli50_strength,ecoli50_r007224,84.88,132.4412032286091,2.122023117664233,cnn_1d,log10_minmax,CNN/runs/cnn_ecoli50_integrated_20261002_v2/best_checkpoint.pt,,,,cnn_ecoli50_integrated_20261002_v2,ecoli50_random_20260928_v1,val,20260928,ok,,0.2379325777292251,log10mm_59711a1c2217859e,2.0.0,ecoli50_strength_v1
course_ecoli50_strength,ecoli50_r007231,201.6,116.71633741497418,2.067131650840302,cnn_1d,log10_minmax,CNN/runs/cnn_ecoli50_integrated_20261002_v2/best_checkpoint.pt,,,,cnn_ecoli50_integrated_20261002_v2,ecoli50_random_20260928_v1,val,20260928,ok,,0.2269018143415451,log10mm_59711a1c2217859e,2.0.0,ecoli50_strength_v1
course_ecoli50_strength,ecoli50_r007238,608.67,172.6393674038426,2.2371398359722705,cnn_1d,log10_minmax,CNN/runs/cnn_ecoli50_integrated_20261002_v2/best_checkpoint.pt,,,,cnn_ecoli50_integrated_20261002_v2,ecoli50_random_20260928_v1,val,20260928,ok,,0.2610659599304199,log10mm_59711a1c2217859e,2.0.0,ecoli50_strength_v1
course_ecoli50_strength,ecoli50_r007241,120.27,123.60253889801652,2.092027391611002,cnn_1d,log10_minmax,CNN/runs/cnn_ecoli50_integrated_20261002_v2/best_checkpoint.pt,,,,cnn_ecoli50_integrated_20261002_v2,ecoli50_random_20260928_v1,val,20260928,ok,,0.2319047600030899,log10mm_59711a1c2217859e,2.0.0,ecoli50_strength_v1
course_ecoli50_strength,ecoli50_r007259,34.57,143.87535241817278,2.157986400429892,cnn_1d,log10_minmax,CNN/runs/cnn_ecoli50_integrated_20261002_v2/best_checkpoint.pt,,,,cnn_ecoli50_integrated_20261002_v2,ecoli50_random_20260928_v1,val,20260928,ok,,0.2451596111059188,log10mm_59711a1c2217859e,2.0.0,ecoli50_strength_v1
course_ecoli50_strength,ecoli50_r007271,259.37,186.97339452518105,2.271779812777419,cnn_1d,log10_minmax,CNN/runs/cnn_ecoli50_integrated_20261002_v2/best_checkpoint.pt,,,,cnn_ecoli50_integrated_20261002_v2,ecoli50_random_20260928_v1,val,20260928,ok,,0.2680270671844482,log10mm_59711a1c2217859e,2.0.0,ecoli50_strength_v1
course_ecoli50_strength,ecoli50_r007280,187.87,191.7220485817036,2.282672060852696,cnn_1d,log10_minmax,CNN/runs/cnn_ecoli50_integrated_20261002_v2/best_checkpoint.pt,,,,cnn_ecoli50_integrated_20261002_v2,ecoli50_random_20260928_v1,val,20260928,ok,,0.2702159285545349,log10mm_59711a1c2217859e,2.0.0,ecoli50_strength_v1
course_ecoli50_strength,ecoli50_r007281,398.84,143.93451774025982,2.158164957011362,cnn_1d,log10_minmax,CNN/runs/cnn_ecoli50_integrated_20261002_v2/best_checkpoint.pt,,,,cnn_ecoli50_integrated_20261002_v2,ecoli50_random_20260928_v1,val,20260928,ok,,0.2451954931020736,log10mm_59711a1c2217859e,2.0.0,ecoli50_strength_v1
course_ecoli50_strength,ecoli50_r007282,52.84,238.71781834703,2.3778848367737417,cnn_1d,log10_minmax,CNN/runs/cnn_ecoli50_integrated_20261002_v2/best_checkpoint.pt,,,,cnn_ecoli50_integrated_20261002_v2,ecoli50_random_20260928_v1,val,20260928,ok,,0.2893494963645935,log10mm_59711a1c2217859e,2.0.0,ecoli50_strength_v1
course_ecoli50_strength,ecoli50_r007284,4116.16,357.47411767873245,2.5532446029029114,cnn_1d,log10_minmax,CNN/runs/cnn_ecoli50_integrated_20261002_v2/best_checkpoint.pt,,,,cnn_ecoli50_integrated_20261002_v2,ecoli50_random_20260928_v1,val,20260928,ok,,0.3245890736579895,log10mm_59711a1c2217859e,2.0.0,ecoli50_strength_v1
course_ecoli50_strength,ecoli50_r007286,1092.27,264.7878186282974,2.422898001824313,cnn_1d,log10_minmax,CNN/runs/cnn_ecoli50_integrated_20261002_v2/best_checkpoint.pt,,,,cnn_ecoli50_integrated_20261002_v2,ecoli50_random_20260928_v1,val,20260928,ok,,0.2983951568603515,log10mm_59711a1c2217859e,2.0.0,ecoli50_strength_v1
course_ecoli50_strength,ecoli50_r007293,246.55,275.8882435113814,2.44073319418372,cnn_1d,log10_minmax,CNN/runs/cnn_ecoli50_integrated_20261002_v2/best_checkpoint.pt,,,,cnn_ecoli50_integrated_20261002_v2,ecoli50_random_20260928_v1,val,20260928,ok,,0.3019792437553406,log10mm_59711a1c2217859e,2.0.0,ecoli50_strength_v1
course_ecoli50_strength,ecoli50_r007302,27293.25,292.108340491563,2.4655439574451328,cnn_1d,log10_minmax,CNN/runs/cnn_ecoli50_integrated_20261002_v2/best_checkpoint.pt,,,,cnn_ecoli50_integrated_20261002_v2,ecoli50_random_20260928_v1,val,20260928,ok,,0.3069651126861572,log10mm_59711a1c2217859e,2.0.0,ecoli50_strength_v1
course_ecoli50_strength,ecoli50_r007303,27437.57,244.0561839997997,2.387489816470981,cnn_1d,log10_minmax,CNN/runs/cnn_ecoli50_integrated_20261002_v2/best_checkpoint.pt,,,,cnn_ecoli50_integrated_20261002_v2,ecoli50_random_20260928_v1,val,20260928,ok,,0.291279673576355,log10mm_59711a1c2217859e,2.0.0,ecoli50_strength_v1
course_ecoli50_strength,ecoli50_r007313,49.29,229.44554767093345,2.3606796347449697,cnn_1d,log10_minmax,CNN/runs/cnn_ecoli50_integrated_20261002_v2/best_checkpoint.pt,,,,cnn_ecoli50_integrated_20261002_v2,ecoli50_random_20260928_v1,val,20260928,ok,,0.2858920097351074,log10mm_59711a1c2217859e,2.0.0,ecoli50_strength_v1
course_ecoli50_strength,ecoli50_r007316,1063.75,106.07122769802456,2.0255975955264347,cnn_1d,log10_minmax,CNN/runs/cnn_ecoli50_integrated_20261002_v2/best_checkpoint.pt,,,,cnn_ecoli50_integrated_20261002_v2,ecoli50_random_20260928_v1,val,20260928,ok,,0.2185553014278412,log10mm_59711a1c2217859e,2.0.0,ecoli50_strength_v1
course_ecoli50_strength,ecoli50_r007323,159.56,142.5960160881097,2.154107392169988,cnn_1d,log10_minmax,CNN/runs/cnn_ecoli50_integrated_20261002_v2/best_checkpoint.pt,,,,cnn_ecoli50_integrated_20261002_v2,ecoli50_random_20260928_v1,val,20260928,ok,,0.2443801015615463,log10mm_59711a1c2217859e,2.0.0,ecoli50_strength_v1
course_ecoli50_strength,ecoli50_r007327,42.55,227.7399486436398,2.357439218378594,cnn_1d,log10_minmax,CNN/runs/cnn_ecoli50_integrated_20261002_v2/best_checkpoint.pt,,,,cnn_ecoli50_integrated_20261002_v2,ecoli50_random_20260928_v1,val,20260928,ok,,0.2852408289909363,log10mm_59711a1c2217859e,2.0.0,ecoli50_strength_v1
course_ecoli50_strength,ecoli50_r007333,89.09,88.73382624077483,1.948089208887672,cnn_1d,log10_minmax,CNN/runs/cnn_ecoli50_integrated_20261002_v2/best_checkpoint.pt,,,,cnn_ecoli50_integrated_20261002_v2,ecoli50_random_20260928_v1,val,20260928,ok,,0.2029795348644256,log10mm_59711a1c2217859e,2.0.0,ecoli50_strength_v1
course_ecoli50_strength,ecoli50_r007360,813.45,283.6765472783108,2.4528234323463005,cnn_1d,log10_minmax,CNN/runs/cnn_ecoli50_integrated_20261002_v2/best_checkpoint.pt,,,,cnn_ecoli50_integrated_20261002_v2,ecoli50_random_20260928_v1,val,20260928,ok,,0.304408848285675,log10mm_59711a1c2217859e,2.0.0,ecoli50_strength_v1
course_ecoli50_strength,ecoli50_r007363,22.29,183.6932839288565,2.264093278211321,cnn_1d,log10_minmax,CNN/runs/cnn_ecoli50_integrated_20261002_v2/best_checkpoint.pt,,,,cnn_ecoli50_integrated_20261002_v2,ecoli50_random_20260928_v1,val,20260928,ok,,0.266482412815094,log10mm_59711a1c2217859e,2.0.0,ecoli50_strength_v1
course_ecoli50_strength,ecoli50_r007371,33431.24,233.395299748824,2.3680921057209043,cnn_1d,log10_minmax,CNN/runs/cnn_ecoli50_integrated_20261002_v2/best_checkpoint.pt,,,,cnn_ecoli50_integrated_20261002_v2,ecoli50_random_20260928_v1,val,20260928,ok,,0.2873815894126892,log10mm_59711a1c2217859e,2.0.0,ecoli50_strength_v1
course_ecoli50_strength,ecoli50_r007376,594.37,149.09914250341063,2.1734751457527404,cnn_1d,log10_minmax,CNN/runs/cnn_ecoli50_integrated_20261002_v2/best_checkpoint.pt,,,,cnn_ecoli50_integrated_20261002_v2,ecoli50_random_20260928_v1,val,20260928,ok,,0.2482721656560897,log10mm_59711a1c2217859e,2.0.0,ecoli50_strength_v1
course_ecoli50_strength,ecoli50_r007395,352.94,131.8894678100785,2.120210115829956,cnn_1d,log10_minmax,CNN/runs/cnn_ecoli50_integrated_20261002_v2/best_checkpoint.pt,,,,cnn_ecoli50_integrated_20261002_v2,ecoli50_random_20260928_v1,val,20260928,ok,,0.2375682443380355,log10mm_59711a1c2217859e,2.0.0,ecoli50_strength_v1
course_ecoli50_strength,ecoli50_r007399,395.87,146.6368122835899,2.166243010991978,cnn_1d,log10_minmax,CNN/runs/cnn_ecoli50_integrated_20261002_v2/best_checkpoint.pt,,,,cnn_ecoli50_integrated_20261002_v2,ecoli50_random_20260928_v1,val,20260928,ok,,0.2468188256025314,log10mm_59711a1c2217859e,2.0.0,ecoli50_strength_v1
course_ecoli50_strength,ecoli50_r007402,59.44,118.3309004773752,2.0730981694330715,cnn_1d,log10_minmax,CNN/runs/cnn_ecoli50_integrated_20261002_v2/best_checkpoint.pt,,,,cnn_ecoli50_integrated_20261002_v2,ecoli50_random_20260928_v1,val,20260928,ok,,0.2281008213758468,log10mm_59711a1c2217859e,2.0.0,ecoli50_strength_v1
course_ecoli50_strength,ecoli50_r007405,176.48,208.800744516302,2.3197320428874333,cnn_1d,log10_minmax,CNN/runs/cnn_ecoli50_integrated_20261002_v2/best_checkpoint.pt,,,,cnn_ecoli50_integrated_20261002_v2,ecoli50_random_20260928_v1,val,20260928,ok,,0.2776633501052856,log10mm_59711a1c2217859e,2.0.0,ecoli50_strength_v1
course_ecoli50_strength,ecoli50_r007406,578.84,319.2198826606647,2.504089933621338,cnn_1d,log10_minmax,CNN/runs/cnn_ecoli50_integrated_20261002_v2/best_checkpoint.pt,,,,cnn_ecoli50_integrated_20261002_v2,ecoli50_random_20260928_v1,val,20260928,ok,,0.3147111535072326,log10mm_59711a1c2217859e,2.0.0,ecoli50_strength_v1
course_ecoli50_strength,ecoli50_r007417,105.68,502.7869324410447,2.701383981737677,cnn_1d,log10_minmax,CNN/runs/cnn_ecoli50_integrated_20261002_v2/best_checkpoint.pt,,,,cnn_ecoli50_integrated_20261002_v2,ecoli50_random_20260928_v1,val,20260928,ok,,0.3543585538864136,log10mm_59711a1c2217859e,2.0.0,ecoli50_strength_v1
course_ecoli50_strength,ecoli50_r007420,126.28,154.58629765648078,2.189170995947701,cnn_1d,log10_minmax,CNN/runs/cnn_ecoli50_integrated_20261002_v2/best_checkpoint.pt,,,,cnn_ecoli50_integrated_20261002_v2,ecoli50_random_20260928_v1,val,20260928,ok,,0.2514263391494751,log10mm_59711a1c2217859e,2.0.0,ecoli50_strength_v1
course_ecoli50_strength,ecoli50_r007424,288.64,265.5313872947038,2.42411586448796,cnn_1d,log10_minmax,CNN/runs/cnn_ecoli50_integrated_20261002_v2/best_checkpoint.pt,,,,cnn_ecoli50_integrated_20261002_v2,ecoli50_random_20260928_v1,val,20260928,ok,,0.2986398935317993,log10mm_59711a1c2217859e,2.0.0,ecoli50_strength_v1
course_ecoli50_strength,ecoli50_r007434,221.98,331.6626645610444,2.520696585514884,cnn_1d,log10_minmax,CNN/runs/cnn_ecoli50_integrated_20261002_v2/best_checkpoint.pt,,,,cnn_ecoli50_integrated_20261002_v2,ecoli50_random_20260928_v1,val,20260928,ok,,0.318048357963562,log10mm_59711a1c2217859e,2.0.0,ecoli50_strength_v1
course_ecoli50_strength,ecoli50_r007453,297.69,157.40728062112015,2.19702481608182,cnn_1d,log10_minmax,CNN/runs/cnn_ecoli50_integrated_20261002_v2/best_checkpoint.pt,,,,cnn_ecoli50_integrated_20261002_v2,ecoli50_random_20260928_v1,val,20260928,ok,,0.2530046105384826,log10mm_59711a1c2217859e,2.0.0,ecoli50_strength_v1
course_ecoli50_strength,ecoli50_r007467,329.76,128.83799519985007,2.1100439583052406,cnn_1d,log10_minmax,CNN/runs/cnn_ecoli50_integrated_20261002_v2/best_checkpoint.pt,,,,cnn_ecoli50_integrated_20261002_v2,ecoli50_random_20260928_v1,val,20260928,ok,,0.235525295138359,log10mm_59711a1c2217859e,2.0.0,ecoli50_strength_v1
course_ecoli50_strength,ecoli50_r007483,1887.83,164.80138834519568,2.21696086602686,cnn_1d,log10_minmax,CNN/runs/cnn_ecoli50_integrated_20261002_v2/best_checkpoint.pt,,,,cnn_ecoli50_integrated_20261002_v2,ecoli50_random_20260928_v1,val,20260928,ok,,0.2570108771324157,log10mm_59711a1c2217859e,2.0.0,ecoli50_strength_v1
course_ecoli50_strength,ecoli50_r007490,34.11,107.88368881939968,2.0329557876744477,cnn_1d,log10_minmax,CNN/runs/cnn_ecoli50_integrated_20261002_v2/best_checkpoint.pt,,,,cnn_ecoli50_integrated_20261002_v2,ecoli50_random_20260928_v1,val,20260928,ok,,0.220033973455429,log10mm_59711a1c2217859e,2.0.0,ecoli50_strength_v1
course_ecoli50_strength,ecoli50_r007496,204.85,138.87659229422115,2.1426290513954007,cnn_1d,log10_minmax,CNN/runs/cnn_ecoli50_integrated_20261002_v2/best_checkpoint.pt,,,,cnn_ecoli50_integrated_20261002_v2,ecoli50_random_20260928_v1,val,20260928,ok,,0.2420734614133834,log10mm_59711a1c2217859e,2.0.0,ecoli50_strength_v1
course_ecoli50_strength,ecoli50_r007506,31.87,153.710919399403,2.1867047202418517,cnn_1d,log10_minmax,CNN/runs/cnn_ecoli50_integrated_20261002_v2/best_checkpoint.pt,,,,cnn_ecoli50_integrated_20261002_v2,ecoli50_random_20260928_v1,val,20260928,ok,,0.2509307265281677,log10mm_59711a1c2217859e,2.0.0,ecoli50_strength_v1
course_ecoli50_strength,ecoli50_r007516,60.13,139.67836415366773,2.1451291401415955,cnn_1d,log10_minmax,CNN/runs/cnn_ecoli50_integrated_20261002_v2/best_checkpoint.pt,,,,cnn_ecoli50_integrated_20261002_v2,ecoli50_random_20260928_v1,val,20260928,ok,,0.2425758689641952,log10mm_59711a1c2217859e,2.0.0,ecoli50_strength_v1
course_ecoli50_strength,ecoli50_r007529,13.75,114.86349667212852,2.0601820329297884,cnn_1d,log10_minmax,CNN/runs/cnn_ecoli50_integrated_20261002_v2/best_checkpoint.pt,,,,cnn_ecoli50_integrated_20261002_v2,ecoli50_random_20260928_v1,val,20260928,ok,,0.2255052477121353,log10mm_59711a1c2217859e,2.0.0,ecoli50_strength_v1
course_ecoli50_strength,ecoli50_r007530,26.63,158.60910439583571,2.200328112839012,cnn_1d,log10_minmax,CNN/runs/cnn_ecoli50_integrated_20261002_v2/best_checkpoint.pt,,,,cnn_ecoli50_integrated_20261002_v2,ecoli50_random_20260928_v1,val,20260928,ok,,0.2536684274673462,log10mm_59711a1c2217859e,2.0.0,ecoli50_strength_v1
course_ecoli50_strength,ecoli50_r007553,18198.88,266.3243309105517,2.425410844612041,cnn_1d,log10_minmax,CNN/runs/cnn_ecoli50_integrated_20261002_v2/best_checkpoint.pt,,,,cnn_ecoli50_integrated_20261002_v2,ecoli50_random_20260928_v1,val,20260928,ok,,0.2989001274108886,log10mm_59711a1c2217859e,2.0.0,ecoli50_strength_v1
course_ecoli50_strength,ecoli50_r007554,1002.39,186.43364095113063,2.270524281200406,cnn_1d,log10_minmax,CNN/runs/cnn_ecoli50_integrated_20261002_v2/best_checkpoint.pt,,,,cnn_ecoli50_integrated_20261002_v2,ecoli50_random_20260928_v1,val,20260928,ok,,0.267774760723114,log10mm_59711a1c2217859e,2.0.0,ecoli50_strength_v1
course_ecoli50_strength,ecoli50_r007557,381.75,225.15292825951389,2.3524775996164227,cnn_1d,log10_minmax,CNN/runs/cnn_ecoli50_integrated_20261002_v2/best_checkpoint.pt,,,,cnn_ecoli50_integrated_20261002_v2,ecoli50_random_20260928_v1,val,20260928,ok,,0.2842437624931335,log10mm_59711a1c2217859e,2.0.0,ecoli50_strength_v1
course_ecoli50_strength,ecoli50_r007558,277.64,118.48831193516264,2.0736755122666777,cnn_1d,log10_minmax,CNN/runs/cnn_ecoli50_integrated_20261002_v2/best_checkpoint.pt,,,,cnn_ecoli50_integrated_20261002_v2,ecoli50_random_20260928_v1,val,20260928,ok,,0.2282168418169021,log10mm_59711a1c2217859e,2.0.0,ecoli50_strength_v1
course_ecoli50_strength,ecoli50_r007559,287.73,141.5672446592955,2.150962779417922,cnn_1d,log10_minmax,CNN/runs/cnn_ecoli50_integrated_20261002_v2/best_checkpoint.pt,,,,cnn_ecoli50_integrated_20261002_v2,ecoli50_random_20260928_v1,val,20260928,ok,,0.2437481731176376,log10mm_59711a1c2217859e,2.0.0,ecoli50_strength_v1
course_ecoli50_strength,ecoli50_r007572,174.61,244.48242453627927,2.388247643822568,cnn_1d,log10_minmax,CNN/runs/cnn_ecoli50_integrated_20261002_v2/best_checkpoint.pt,,,,cnn_ecoli50_integrated_20261002_v2,ecoli50_random_20260928_v1,val,20260928,ok,,0.2914319634437561,log10mm_59711a1c2217859e,2.0.0,ecoli50_strength_v1
course_ecoli50_strength,ecoli50_r007579,699.42,257.0019013622345,2.409936336358812,cnn_1d,log10_minmax,CNN/runs/cnn_ecoli50_integrated_20261002_v2/best_checkpoint.pt,,,,cnn_ecoli50_integrated_20261002_v2,ecoli50_random_20260928_v1,val,20260928,ok,,0.295790433883667,log10mm_59711a1c2217859e,2.0.0,ecoli50_strength_v1
course_ecoli50_strength,ecoli50_r007589,33.44,106.75434003030648,2.0283855400239856,cnn_1d,log10_minmax,CNN/runs/cnn_ecoli50_integrated_20261002_v2/best_checkpoint.pt,,,,cnn_ecoli50_integrated_20261002_v2,ecoli50_random_20260928_v1,val,20260928,ok,,0.2191155552864074,log10mm_59711a1c2217859e,2.0.0,ecoli50_strength_v1
course_ecoli50_strength,ecoli50_r007592,457.41,92.30200583775915,1.965211138889455,cnn_1d,log10_minmax,CNN/runs/cnn_ecoli50_integrated_20261002_v2/best_checkpoint.pt,,,,cnn_ecoli50_integrated_20261002_v2,ecoli50_random_20260928_v1,val,20260928,ok,,0.206420287489891,log10mm_59711a1c2217859e,2.0.0,ecoli50_strength_v1
course_ecoli50_strength,ecoli50_r007595,169.04,195.4077220731936,2.290941722061933,cnn_1d,log10_minmax,CNN/runs/cnn_ecoli50_integrated_20261002_v2/best_checkpoint.pt,,,,cnn_ecoli50_integrated_20261002_v2,ecoli50_random_20260928_v1,val,20260928,ok,,0.2718777656555176,log10mm_59711a1c2217859e,2.0.0,ecoli50_strength_v1
course_ecoli50_strength,ecoli50_r007599,15.79,202.15459364526785,2.3056836144410258,cnn_1d,log10_minmax,CNN/runs/cnn_ecoli50_integrated_20261002_v2/best_checkpoint.pt,,,,cnn_ecoli50_integrated_20261002_v2,ecoli50_random_20260928_v1,val,20260928,ok,,0.274840235710144,log10mm_59711a1c2217859e,2.0.0,ecoli50_strength_v1
course_ecoli50_strength,ecoli50_r007603,678.02,142.4635821639081,2.153703860227978,cnn_1d,log10_minmax,CNN/runs/cnn_ecoli50_integrated_20261002_v2/best_checkpoint.pt,,,,cnn_ecoli50_integrated_20261002_v2,ecoli50_random_20260928_v1,val,20260928,ok,,0.2442990094423294,log10mm_59711a1c2217859e,2.0.0,ecoli50_strength_v1
course_ecoli50_strength,ecoli50_r007611,140.56,172.41396102938276,2.236572429426836,cnn_1d,log10_minmax,CNN/runs/cnn_ecoli50_integrated_20261002_v2/best_checkpoint.pt,,,,cnn_ecoli50_integrated_20261002_v2,ecoli50_random_20260928_v1,val,20260928,ok,,0.2609519362449646,log10mm_59711a1c2217859e,2.0.0,ecoli50_strength_v1
course_ecoli50_strength,ecoli50_r007619,114.67,137.4823198431255,2.1382468517061546,cnn_1d,log10_minmax,CNN/runs/cnn_ecoli50_integrated_20261002_v2/best_checkpoint.pt,,,,cnn_ecoli50_integrated_20261002_v2,ecoli50_random_20260928_v1,val,20260928,ok,,0.2411928325891494,log10mm_59711a1c2217859e,2.0.0,ecoli50_strength_v1
course_ecoli50_strength,ecoli50_r007626,94.7,194.58443878939696,2.289108106137271,cnn_1d,log10_minmax,CNN/runs/cnn_ecoli50_integrated_20261002_v2/best_checkpoint.pt,,,,cnn_ecoli50_integrated_20261002_v2,ecoli50_random_20260928_v1,val,20260928,ok,,0.2715092897415161,log10mm_59711a1c2217859e,2.0.0,ecoli50_strength_v1
course_ecoli50_strength,ecoli50_r007633,92.88,181.7279551173764,2.259421739742634,cnn_1d,log10_minmax,CNN/runs/cnn_ecoli50_integrated_20261002_v2/best_checkpoint.pt,,,,cnn_ecoli50_integrated_20261002_v2,ecoli50_random_20260928_v1,val,20260928,ok,,0.2655436396598816,log10mm_59711a1c2217859e,2.0.0,ecoli50_strength_v1
course_ecoli50_strength,ecoli50_r007639,150.33,191.9184257885699,2.2831166726726684,cnn_1d,log10_minmax,CNN/runs/cnn_ecoli50_integrated_20261002_v2/best_checkpoint.pt,,,,cnn_ecoli50_integrated_20261002_v2,ecoli50_random_20260928_v1,val,20260928,ok,,0.2703052759170532,log10mm_59711a1c2217859e,2.0.0,ecoli50_strength_v1
course_ecoli50_strength,ecoli50_r007641,130.82,250.36810986618107,2.398579010675985,cnn_1d,log10_minmax,CNN/runs/cnn_ecoli50_integrated_20261002_v2/best_checkpoint.pt,,,,cnn_ecoli50_integrated_20261002_v2,ecoli50_random_20260928_v1,val,20260928,ok,,0.2935081124305725,log10mm_59711a1c2217859e,2.0.0,ecoli50_strength_v1
course_ecoli50_strength,ecoli50_r007643,104.03,132.56128744080922,2.1224167133180702,cnn_1d,log10_minmax,CNN/runs/cnn_ecoli50_integrated_20261002_v2/best_checkpoint.pt,,,,cnn_ecoli50_integrated_20261002_v2,ecoli50_random_20260928_v1,val,20260928,ok,,0.2380116730928421,log10mm_59711a1c2217859e,2.0.0,ecoli50_strength_v1
course_ecoli50_strength,ecoli50_r007645,1904.27,170.77725766006475,2.2324300353789823,cnn_1d,log10_minmax,CNN/runs/cnn_ecoli50_integrated_20261002_v2/best_checkpoint.pt,,,,cnn_ecoli50_integrated_20261002_v2,ecoli50_random_20260928_v1,val,20260928,ok,,0.2601194977760315,log10mm_59711a1c2217859e,2.0.0,ecoli50_strength_v1
course_ecoli50_strength,ecoli50_r007651,378.95,96.35534014569596,1.9838757888569685,cnn_1d,log10_minmax,CNN/runs/cnn_ecoli50_integrated_20261002_v2/best_checkpoint.pt,,,,cnn_ecoli50_integrated_20261002_v2,ecoli50_random_20260928_v1,val,20260928,ok,,0.2101710587739944,log10mm_59711a1c2217859e,2.0.0,ecoli50_strength_v1
course_ecoli50_strength,ecoli50_r007657,30016.59,236.1283025199679,2.373148045069301,cnn_1d,log10_minmax,CNN/runs/cnn_ecoli50_integrated_20261002_v2/best_checkpoint.pt,,,,cnn_ecoli50_integrated_20261002_v2,ecoli50_random_20260928_v1,val,20260928,ok,,0.2883976101875305,log10mm_59711a1c2217859e,2.0.0,ecoli50_strength_v1
course_ecoli50_strength,ecoli50_r007677,148.9,477.8725393172597,2.679312074744192,cnn_1d,log10_minmax,CNN/runs/cnn_ecoli50_integrated_20261002_v2/best_checkpoint.pt,,,,cnn_ecoli50_integrated_20261002_v2,ecoli50_random_20260928_v1,val,20260928,ok,,0.3499230742454529,log10mm_59711a1c2217859e,2.0.0,ecoli50_strength_v1
course_ecoli50_strength,ecoli50_r007684,222.82,230.36408840638285,2.362414777604768,cnn_1d,log10_minmax,CNN/runs/cnn_ecoli50_integrated_20261002_v2/best_checkpoint.pt,,,,cnn_ecoli50_integrated_20261002_v2,ecoli50_random_20260928_v1,val,20260928,ok,,0.2862406969070434,log10mm_59711a1c2217859e,2.0.0,ecoli50_strength_v1
course_ecoli50_strength,ecoli50_r007685,282.36,236.5300352163573,2.3738862964501624,cnn_1d,log10_minmax,CNN/runs/cnn_ecoli50_integrated_20261002_v2/best_checkpoint.pt,,,,cnn_ecoli50_integrated_20261002_v2,ecoli50_random_20260928_v1,val,20260928,ok,,0.2885459661483764,log10mm_59711a1c2217859e,2.0.0,ecoli50_strength_v1
course_ecoli50_strength,ecoli50_r007705,4735.02,263.68627256950464,2.421087521137782,cnn_1d,log10_minmax,CNN/runs/cnn_ecoli50_integrated_20261002_v2/best_checkpoint.pt,,,,cnn_ecoli50_integrated_20261002_v2,ecoli50_random_20260928_v1,val,20260928,ok,,0.2980313301086426,log10mm_59711a1c2217859e,2.0.0,ecoli50_strength_v1
course_ecoli50_strength,ecoli50_r007710,48.11,106.36631485469306,2.026804113025229,cnn_1d,log10_minmax,CNN/runs/cnn_ecoli50_integrated_20261002_v2/best_checkpoint.pt,,,,cnn_ecoli50_integrated_20261002_v2,ecoli50_random_20260928_v1,val,20260928,ok,,0.2187977582216262,log10mm_59711a1c2217859e,2.0.0,ecoli50_strength_v1
course_ecoli50_strength,ecoli50_r007713,3941.45,188.28069089667736,2.2748057832826603,cnn_1d,log10_minmax,CNN/runs/cnn_ecoli50_integrated_20261002_v2/best_checkpoint.pt,,,,cnn_ecoli50_integrated_20261002_v2,ecoli50_random_20260928_v1,val,20260928,ok,,0.2686351537704468,log10mm_59711a1c2217859e,2.0.0,ecoli50_strength_v1
course_ecoli50_strength,ecoli50_r007725,70.17,116.5748139381432,2.066604730961596,cnn_1d,log10_minmax,CNN/runs/cnn_ecoli50_integrated_20261002_v2/best_checkpoint.pt,,,,cnn_ecoli50_integrated_20261002_v2,ecoli50_random_20260928_v1,val,20260928,ok,,0.2267959266901016,log10mm_59711a1c2217859e,2.0.0,ecoli50_strength_v1
course_ecoli50_strength,ecoli50_r007726,160.63,137.33972057730105,2.1377961594710326,cnn_1d,log10_minmax,CNN/runs/cnn_ecoli50_integrated_20261002_v2/best_checkpoint.pt,,,,cnn_ecoli50_integrated_20261002_v2,ecoli50_random_20260928_v1,val,20260928,ok,,0.2411022633314132,log10mm_59711a1c2217859e,2.0.0,ecoli50_strength_v1
course_ecoli50_strength,ecoli50_r007738,79.92,132.74420169478148,2.1230155600589136,cnn_1d,log10_minmax,CNN/runs/cnn_ecoli50_integrated_20261002_v2/best_checkpoint.pt,,,,cnn_ecoli50_integrated_20261002_v2,ecoli50_random_20260928_v1,val,20260928,ok,,0.2381320148706436,log10mm_59711a1c2217859e,2.0.0,ecoli50_strength_v1
course_ecoli50_strength,ecoli50_r007741,30.81,95.26922990462158,1.97895265467361,cnn_1d,log10_minmax,CNN/runs/cnn_ecoli50_integrated_20261002_v2/best_checkpoint.pt,,,,cnn_ecoli50_integrated_20261002_v2,ecoli50_random_20260928_v1,val,20260928,ok,,0.2091817259788513,log10mm_59711a1c2217859e,2.0.0,ecoli50_strength_v1
course_ecoli50_strength,ecoli50_r007752,39.89,121.31433268353167,2.083912113625445,cnn_1d,log10_minmax,CNN/runs/cnn_ecoli50_integrated_20261002_v2/best_checkpoint.pt,,,,cnn_ecoli50_integrated_20261002_v2,ecoli50_random_20260928_v1,val,20260928,ok,,0.2302739471197128,log10mm_59711a1c2217859e,2.0.0,ecoli50_strength_v1
course_ecoli50_strength,ecoli50_r007757,268.39,107.34773004595914,2.030792865363445,cnn_1d,log10_minmax,CNN/runs/cnn_ecoli50_integrated_20261002_v2/best_checkpoint.pt,,,,cnn_ecoli50_integrated_20261002_v2,ecoli50_random_20260928_v1,val,20260928,ok,,0.2195993214845657,log10mm_59711a1c2217859e,2.0.0,ecoli50_strength_v1
course_ecoli50_strength,ecoli50_r007761,39.89,216.64474194540767,2.335748152997414,cnn_1d,log10_minmax,CNN/runs/cnn_ecoli50_integrated_20261002_v2/best_checkpoint.pt,,,,cnn_ecoli50_integrated_20261002_v2,ecoli50_random_20260928_v1,val,20260928,ok,,0.2808818817138672,log10mm_59711a1c2217859e,2.0.0,ecoli50_strength_v1
course_ecoli50_strength,ecoli50_r007766,574.0,59.80198501185562,1.77671559979757,cnn_1d,log10_minmax,CNN/runs/cnn_ecoli50_integrated_20261002_v2/best_checkpoint.pt,,,,cnn_ecoli50_integrated_20261002_v2,ecoli50_random_20260928_v1,val,20260928,ok,,0.1685409992933273,log10mm_59711a1c2217859e,2.0.0,ecoli50_strength_v1
course_ecoli50_strength,ecoli50_r007768,151.86,152.5575668475724,2.1834337534969186,cnn_1d,log10_minmax,CNN/runs/cnn_ecoli50_integrated_20261002_v2/best_checkpoint.pt,,,,cnn_ecoli50_integrated_20261002_v2,ecoli50_random_20260928_v1,val,20260928,ok,,0.2502734065055847,log10mm_59711a1c2217859e,2.0.0,ecoli50_strength_v1
course_ecoli50_strength,ecoli50_r007770,98.45,220.3909940793505,2.3431938438024598,cnn_1d,log10_minmax,CNN/runs/cnn_ecoli50_integrated_20261002_v2/best_checkpoint.pt,,,,cnn_ecoli50_integrated_20261002_v2,ecoli50_random_20260928_v1,val,20260928,ok,,0.2823781371116638,log10mm_59711a1c2217859e,2.0.0,ecoli50_strength_v1
course_ecoli50_strength,ecoli50_r007773,78.17,162.37134839630957,2.2105093972501977,cnn_1d,log10_minmax,CNN/runs/cnn_ecoli50_integrated_20261002_v2/best_checkpoint.pt,,,,cnn_ecoli50_integrated_20261002_v2,ecoli50_random_20260928_v1,val,20260928,ok,,0.2557144165039062,log10mm_59711a1c2217859e,2.0.0,ecoli50_strength_v1
course_ecoli50_strength,ecoli50_r007783,1955.8,174.99716648268287,2.243031016738307,cnn_1d,log10_minmax,CNN/runs/cnn_ecoli50_integrated_20261002_v2/best_checkpoint.pt,,,,cnn_ecoli50_integrated_20261002_v2,ecoli50_random_20260928_v1,val,20260928,ok,,0.2622498273849487,log10mm_59711a1c2217859e,2.0.0,ecoli50_strength_v1
course_ecoli50_strength,ecoli50_r007784,47.16,194.2194577653275,2.2882927372959743,cnn_1d,log10_minmax,CNN/runs/cnn_ecoli50_integrated_20261002_v2/best_checkpoint.pt,,,,cnn_ecoli50_integrated_20261002_v2,ecoli50_random_20260928_v1,val,20260928,ok,,0.2713454365730285,log10mm_59711a1c2217859e,2.0.0,ecoli50_strength_v1
course_ecoli50_strength,ecoli50_r007786,77.46,209.55318432846752,2.3212942646724857,cnn_1d,log10_minmax,CNN/runs/cnn_ecoli50_integrated_20261002_v2/best_checkpoint.pt,,,,cnn_ecoli50_integrated_20261002_v2,ecoli50_random_20260928_v1,val,20260928,ok,,0.2779772877693176,log10mm_59711a1c2217859e,2.0.0,ecoli50_strength_v1
course_ecoli50_strength,ecoli50_r007802,316.47,113.44432426763728,2.054782772579645,cnn_1d,log10_minmax,CNN/runs/cnn_ecoli50_integrated_20261002_v2/best_checkpoint.pt,,,,cnn_ecoli50_integrated_20261002_v2,ecoli50_random_20260928_v1,val,20260928,ok,,0.2244202345609665,log10mm_59711a1c2217859e,2.0.0,ecoli50_strength_v1
course_ecoli50_strength,ecoli50_r007812,4704.34,282.426781591213,2.4509058770320107,cnn_1d,log10_minmax,CNN/runs/cnn_ecoli50_integrated_20261002_v2/best_checkpoint.pt,,,,cnn_ecoli50_integrated_20261002_v2,ecoli50_random_20260928_v1,val,20260928,ok,,0.3040235042572021,log10mm_59711a1c2217859e,2.0.0,ecoli50_strength_v1
course_ecoli50_strength,ecoli50_r007814,161.61,223.3126318243233,2.348913289916218,cnn_1d,log10_minmax,CNN/runs/cnn_ecoli50_integrated_20261002_v2/best_checkpoint.pt,,,,cnn_ecoli50_integrated_20261002_v2,ecoli50_random_20260928_v1,val,20260928,ok,,0.2835274934768677,log10mm_59711a1c2217859e,2.0.0,ecoli50_strength_v1
course_ecoli50_strength,ecoli50_r007817,170.9,81.31765849100373,1.9101848648125708,cnn_1d,log10_minmax,CNN/runs/cnn_ecoli50_integrated_20261002_v2/best_checkpoint.pt,,,,cnn_ecoli50_integrated_20261002_v2,ecoli50_random_20260928_v1,val,20260928,ok,,0.1953624337911605,log10mm_59711a1c2217859e,2.0.0,ecoli50_strength_v1
course_ecoli50_strength,ecoli50_r007819,1719.83,288.29155884961847,2.4598319264718,cnn_1d,log10_minmax,CNN/runs/cnn_ecoli50_integrated_20261002_v2/best_checkpoint.pt,,,,cnn_ecoli50_integrated_20261002_v2,ecoli50_random_20260928_v1,val,20260928,ok,,0.3058172464370727,log10mm_59711a1c2217859e,2.0.0,ecoli50_strength_v1
course_ecoli50_strength,ecoli50_r007820,52.01,103.84544986375364,2.0163874720569064,cnn_1d,log10_minmax,CNN/runs/cnn_ecoli50_integrated_20261002_v2/best_checkpoint.pt,,,,cnn_ecoli50_integrated_20261002_v2,ecoli50_random_20260928_v1,val,20260928,ok,,0.2167044728994369,log10mm_59711a1c2217859e,2.0.0,ecoli50_strength_v1
course_ecoli50_strength,ecoli50_r007823,98.45,175.33464613447865,2.243867741184032,cnn_1d,log10_minmax,CNN/runs/cnn_ecoli50_integrated_20261002_v2/best_checkpoint.pt,,,,cnn_ecoli50_integrated_20261002_v2,ecoli50_random_20260928_v1,val,20260928,ok,,0.2624179720878601,log10mm_59711a1c2217859e,2.0.0,ecoli50_strength_v1
course_ecoli50_strength,ecoli50_r007830,611.66,157.45448143671,2.1971550259477093,cnn_1d,log10_minmax,CNN/runs/cnn_ecoli50_integrated_20261002_v2/best_checkpoint.pt,,,,cnn_ecoli50_integrated_20261002_v2,ecoli50_random_20260928_v1,val,20260928,ok,,0.253030776977539,log10mm_59711a1c2217859e,2.0.0,ecoli50_strength_v1
course_ecoli50_strength,ecoli50_r007848,156.35,156.70610103079895,2.195085905163102,cnn_1d,log10_minmax,CNN/runs/cnn_ecoli50_integrated_20261002_v2/best_checkpoint.pt,,,,cnn_ecoli50_integrated_20261002_v2,ecoli50_random_20260928_v1,val,20260928,ok,,0.2526149749755859,log10mm_59711a1c2217859e,2.0.0,ecoli50_strength_v1
course_ecoli50_strength,ecoli50_r007850,70.59,192.0151817085381,2.2833355676180584,cnn_1d,log10_minmax,CNN/runs/cnn_ecoli50_integrated_20261002_v2/best_checkpoint.pt,,,,cnn_ecoli50_integrated_20261002_v2,ecoli50_random_20260928_v1,val,20260928,ok,,0.2703492641448974,log10mm_59711a1c2217859e,2.0.0,ecoli50_strength_v1
course_ecoli50_strength,ecoli50_r007861,1023.54,225.2547472599603,2.352673952534916,cnn_1d,log10_minmax,CNN/runs/cnn_ecoli50_integrated_20261002_v2/best_checkpoint.pt,,,,cnn_ecoli50_integrated_20261002_v2,ecoli50_random_20260928_v1,val,20260928,ok,,0.2842832207679748,log10mm_59711a1c2217859e,2.0.0,ecoli50_strength_v1
course_ecoli50_strength,ecoli50_r007873,115.81,194.0667119071637,2.2879510476251217,cnn_1d,log10_minmax,CNN/runs/cnn_ecoli50_integrated_20261002_v2/best_checkpoint.pt,,,,cnn_ecoli50_integrated_20261002_v2,ecoli50_random_20260928_v1,val,20260928,ok,,0.2712767720222473,log10mm_59711a1c2217859e,2.0.0,ecoli50_strength_v1
course_ecoli50_strength,ecoli50_r007878,637.42,326.88917425570645,2.5144005380815613,cnn_1d,log10_minmax,CNN/runs/cnn_ecoli50_integrated_20261002_v2/best_checkpoint.pt,,,,cnn_ecoli50_integrated_20261002_v2,ecoli50_random_20260928_v1,val,20260928,ok,,0.3167831301689148,log10mm_59711a1c2217859e,2.0.0,ecoli50_strength_v1
course_ecoli50_strength,ecoli50_r007883,132.29,397.5760049355321,2.5994201653667397,cnn_1d,log10_minmax,CNN/runs/cnn_ecoli50_integrated_20261002_v2/best_checkpoint.pt,,,,cnn_ecoli50_integrated_20261002_v2,ecoli50_random_20260928_v1,val,20260928,ok,,0.3338683247566223,log10mm_59711a1c2217859e,2.0.0,ecoli50_strength_v1
course_ecoli50_strength,ecoli50_r007891,198.44,97.90733919892942,1.9908152480250971,cnn_1d,log10_minmax,CNN/runs/cnn_ecoli50_integrated_20261002_v2/best_checkpoint.pt,,,,cnn_ecoli50_integrated_20261002_v2,ecoli50_random_20260928_v1,val,20260928,ok,,0.2115655839443206,log10mm_59711a1c2217859e,2.0.0,ecoli50_strength_v1
course_ecoli50_strength,ecoli50_r007899,286.07,124.96976886610273,2.0968049665877886,cnn_1d,log10_minmax,CNN/runs/cnn_ecoli50_integrated_20261002_v2/best_checkpoint.pt,,,,cnn_ecoli50_integrated_20261002_v2,ecoli50_random_20260928_v1,val,20260928,ok,,0.2328648418188095,log10mm_59711a1c2217859e,2.0.0,ecoli50_strength_v1
course_ecoli50_strength,ecoli50_r007906,294.74,166.5222374034162,2.221472237462335,cnn_1d,log10_minmax,CNN/runs/cnn_ecoli50_integrated_20261002_v2/best_checkpoint.pt,,,,cnn_ecoli50_integrated_20261002_v2,ecoli50_random_20260928_v1,val,20260928,ok,,0.2579174637794494,log10mm_59711a1c2217859e,2.0.0,ecoli50_strength_v1
course_ecoli50_strength,ecoli50_r007907,471.83,299.01761123836803,2.47569676771708,cnn_1d,log10_minmax,CNN/runs/cnn_ecoli50_integrated_20261002_v2/best_checkpoint.pt,,,,cnn_ecoli50_integrated_20261002_v2,ecoli50_random_20260928_v1,val,20260928,ok,,0.3090053796768188,log10mm_59711a1c2217859e,2.0.0,ecoli50_strength_v1
course_ecoli50_strength,ecoli50_r007909,1304.9,146.25255175417334,2.165103452211236,cnn_1d,log10_minmax,CNN/runs/cnn_ecoli50_integrated_20261002_v2/best_checkpoint.pt,,,,cnn_ecoli50_integrated_20261002_v2,ecoli50_random_20260928_v1,val,20260928,ok,,0.2465898245573043,log10mm_59711a1c2217859e,2.0.0,ecoli50_strength_v1
course_ecoli50_strength,ecoli50_r007910,703.33,324.50154836705235,2.5112167733880444,cnn_1d,log10_minmax,CNN/runs/cnn_ecoli50_integrated_20261002_v2/best_checkpoint.pt,,,,cnn_ecoli50_integrated_20261002_v2,ecoli50_random_20260928_v1,val,20260928,ok,,0.3161433339118957,log10mm_59711a1c2217859e,2.0.0,ecoli50_strength_v1
course_ecoli50_strength,ecoli50_r007913,1363.48,151.97352682949546,2.181767942200108,cnn_1d,log10_minmax,CNN/runs/cnn_ecoli50_integrated_20261002_v2/best_checkpoint.pt,,,,cnn_ecoli50_integrated_20261002_v2,ecoli50_random_20260928_v1,val,20260928,ok,,0.2499386519193649,log10mm_59711a1c2217859e,2.0.0,ecoli50_strength_v1
course_ecoli50_strength,ecoli50_r007915,1672.39,164.2688633252309,2.2155552520076145,cnn_1d,log10_minmax,CNN/runs/cnn_ecoli50_integrated_20261002_v2/best_checkpoint.pt,,,,cnn_ecoli50_integrated_20261002_v2,ecoli50_random_20260928_v1,val,20260928,ok,,0.2567284107208252,log10mm_59711a1c2217859e,2.0.0,ecoli50_strength_v1
course_ecoli50_strength,ecoli50_r007924,333.81,131.03889509694304,2.1174002225167423,cnn_1d,log10_minmax,CNN/runs/cnn_ecoli50_integrated_20261002_v2/best_checkpoint.pt,,,,cnn_ecoli50_integrated_20261002_v2,ecoli50_random_20260928_v1,val,20260928,ok,,0.2370035797357559,log10mm_59711a1c2217859e,2.0.0,ecoli50_strength_v1
course_ecoli50_strength,ecoli50_r007931,191.58,549.8328912936466,2.7402307160095805,cnn_1d,log10_minmax,CNN/runs/cnn_ecoli50_integrated_20261002_v2/best_checkpoint.pt,,,,cnn_ecoli50_integrated_20261002_v2,ecoli50_random_20260928_v1,val,20260928,ok,,0.3621650338172912,log10mm_59711a1c2217859e,2.0.0,ecoli50_strength_v1
course_ecoli50_strength,ecoli50_r007935,63.07,209.47362673044768,2.3211293519494007,cnn_1d,log10_minmax,CNN/runs/cnn_ecoli50_integrated_20261002_v2/best_checkpoint.pt,,,,cnn_ecoli50_integrated_20261002_v2,ecoli50_random_20260928_v1,val,20260928,ok,,0.2779441475868225,log10mm_59711a1c2217859e,2.0.0,ecoli50_strength_v1
course_ecoli50_strength,ecoli50_r007939,55013.7,313.9529880316587,2.496864620789768,cnn_1d,log10_minmax,CNN/runs/cnn_ecoli50_integrated_20261002_v2/best_checkpoint.pt,,,,cnn_ecoli50_integrated_20261002_v2,ecoli50_random_20260928_v1,val,20260928,ok,,0.3132591843605041,log10mm_59711a1c2217859e,2.0.0,ecoli50_strength_v1
course_ecoli50_strength,ecoli50_r007943,533.42,184.40800850581107,2.265779777749922,cnn_1d,log10_minmax,CNN/runs/cnn_ecoli50_integrated_20261002_v2/best_checkpoint.pt,,,,cnn_ecoli50_integrated_20261002_v2,ecoli50_random_20260928_v1,val,20260928,ok,,0.2668213248252868,log10mm_59711a1c2217859e,2.0.0,ecoli50_strength_v1
course_ecoli50_strength,ecoli50_r007947,63.37,110.4123400177688,2.0430176141733623,cnn_1d,log10_minmax,CNN/runs/cnn_ecoli50_integrated_20261002_v2/best_checkpoint.pt,,,,cnn_ecoli50_integrated_20261002_v2,ecoli50_random_20260928_v1,val,20260928,ok,,0.2220559567213058,log10mm_59711a1c2217859e,2.0.0,ecoli50_strength_v1
course_ecoli50_strength,ecoli50_r007953,29.31,239.993045638453,2.380198657192423,cnn_1d,log10_minmax,CNN/runs/cnn_ecoli50_integrated_20261002_v2/best_checkpoint.pt,,,,cnn_ecoli50_integrated_20261002_v2,ecoli50_random_20260928_v1,val,20260928,ok,,0.2898144721984863,log10mm_59711a1c2217859e,2.0.0,ecoli50_strength_v1
course_ecoli50_strength,ecoli50_r007955,1218.59,215.73478318343896,2.333920172579476,cnn_1d,log10_minmax,CNN/runs/cnn_ecoli50_integrated_20261002_v2/best_checkpoint.pt,,,,cnn_ecoli50_integrated_20261002_v2,ecoli50_random_20260928_v1,val,20260928,ok,,0.2805145382881164,log10mm_59711a1c2217859e,2.0.0,ecoli50_strength_v1
course_ecoli50_strength,ecoli50_r007957,219.74,467.9512878034757,2.6702006467937403,cnn_1d,log10_minmax,CNN/runs/cnn_ecoli50_integrated_20261002_v2/best_checkpoint.pt,,,,cnn_ecoli50_integrated_20261002_v2,ecoli50_random_20260928_v1,val,20260928,ok,,0.3480920791625976,log10mm_59711a1c2217859e,2.0.0,ecoli50_strength_v1
course_ecoli50_strength,ecoli50_r007962,271.74,204.49146692789884,2.3106751903705205,cnn_1d,log10_minmax,CNN/runs/cnn_ecoli50_integrated_20261002_v2/best_checkpoint.pt,,,,cnn_ecoli50_integrated_20261002_v2,ecoli50_random_20260928_v1,val,20260928,ok,,0.2758433222770691,log10mm_59711a1c2217859e,2.0.0,ecoli50_strength_v1
course_ecoli50_strength,ecoli50_r007969,11309.07,103.2257789385286,2.013788168731805,cnn_1d,log10_minmax,CNN/runs/cnn_ecoli50_integrated_20261002_v2/best_checkpoint.pt,,,,cnn_ecoli50_integrated_20261002_v2,ecoli50_random_20260928_v1,val,20260928,ok,,0.2161821275949478,log10mm_59711a1c2217859e,2.0.0,ecoli50_strength_v1
course_ecoli50_strength,ecoli50_r007971,80.52,131.62608108138917,2.1193419511888227,cnn_1d,log10_minmax,CNN/runs/cnn_ecoli50_integrated_20261002_v2/best_checkpoint.pt,,,,cnn_ecoli50_integrated_20261002_v2,ecoli50_random_20260928_v1,val,20260928,ok,,0.237393781542778,log10mm_59711a1c2217859e,2.0.0,ecoli50_strength_v1
course_ecoli50_strength,ecoli50_r007978,216.68,147.83271113581978,2.169770541595667,cnn_1d,log10_minmax,CNN/runs/cnn_ecoli50_integrated_20261002_v2/best_checkpoint.pt,,,,cnn_ecoli50_integrated_20261002_v2,ecoli50_random_20260928_v1,val,20260928,ok,,0.2475277036428451,log10mm_59711a1c2217859e,2.0.0,ecoli50_strength_v1
course_ecoli50_strength,ecoli50_r007987,63.74,135.32080207248862,2.1313645632707137,cnn_1d,log10_minmax,CNN/runs/cnn_ecoli50_integrated_20261002_v2/best_checkpoint.pt,,,,cnn_ecoli50_integrated_20261002_v2,ecoli50_random_20260928_v1,val,20260928,ok,,0.2398097962141037,log10mm_59711a1c2217859e,2.0.0,ecoli50_strength_v1
course_ecoli50_strength,ecoli50_r008000,69.14,76.93314120843138,1.8861134652030835,cnn_1d,log10_minmax,CNN/runs/cnn_ecoli50_integrated_20261002_v2/best_checkpoint.pt,,,,cnn_ecoli50_integrated_20261002_v2,ecoli50_random_20260928_v1,val,20260928,ok,,0.1905251443386078,log10mm_59711a1c2217859e,2.0.0,ecoli50_strength_v1
course_ecoli50_strength,ecoli50_r008013,33.44,134.33497645394374,2.128189103534474,cnn_1d,log10_minmax,CNN/runs/cnn_ecoli50_integrated_20261002_v2/best_checkpoint.pt,,,,cnn_ecoli50_integrated_20261002_v2,ecoli50_random_20260928_v1,val,20260928,ok,,0.2391716688871383,log10mm_59711a1c2217859e,2.0.0,ecoli50_strength_v1
course_ecoli50_strength,ecoli50_r008023,14809.92,275.7659856749056,2.4405406971382484,cnn_1d,log10_minmax,CNN/runs/cnn_ecoli50_integrated_20261002_v2/best_checkpoint.pt,,,,cnn_ecoli50_integrated_20261002_v2,ecoli50_random_20260928_v1,val,20260928,ok,,0.3019405603408813,log10mm_59711a1c2217859e,2.0.0,ecoli50_strength_v1
course_ecoli50_strength,ecoli50_r008026,262.71,180.7240587738835,2.257015971582664,cnn_1d,log10_minmax,CNN/runs/cnn_ecoli50_integrated_20261002_v2/best_checkpoint.pt,,,,cnn_ecoli50_integrated_20261002_v2,ecoli50_random_20260928_v1,val,20260928,ok,,0.2650601863861084,log10mm_59711a1c2217859e,2.0.0,ecoli50_strength_v1
course_ecoli50_strength,ecoli50_r008031,79.78,313.6882943971141,2.496498312852699,cnn_1d,log10_minmax,CNN/runs/cnn_ecoli50_integrated_20261002_v2/best_checkpoint.pt,,,,cnn_ecoli50_integrated_20261002_v2,ecoli50_random_20260928_v1,val,20260928,ok,,0.3131855726242065,log10mm_59711a1c2217859e,2.0.0,ecoli50_strength_v1
course_ecoli50_strength,ecoli50_r008042,47.16,127.0571576989724,2.1039991358295675,cnn_1d,log10_minmax,CNN/runs/cnn_ecoli50_integrated_20261002_v2/best_checkpoint.pt,,,,cnn_ecoli50_integrated_20261002_v2,ecoli50_random_20260928_v1,val,20260928,ok,,0.2343105524778366,log10mm_59711a1c2217859e,2.0.0,ecoli50_strength_v1
course_ecoli50_strength,ecoli50_r008045,70.74,133.58759530890225,2.125766132248715,cnn_1d,log10_minmax,CNN/runs/cnn_ecoli50_integrated_20261002_v2/best_checkpoint.pt,,,,cnn_ecoli50_integrated_20261002_v2,ecoli50_random_20260928_v1,val,20260928,ok,,0.2386847585439682,log10mm_59711a1c2217859e,2.0.0,ecoli50_strength_v1
course_ecoli50_strength,ecoli50_r008049,101.24,108.98571453184384,2.03736957586191,cnn_1d,log10_minmax,CNN/runs/cnn_ecoli50_integrated_20261002_v2/best_checkpoint.pt,,,,cnn_ecoli50_integrated_20261002_v2,ecoli50_random_20260928_v1,val,20260928,ok,,0.2209209501743316,log10mm_59711a1c2217859e,2.0.0,ecoli50_strength_v1
course_ecoli50_strength,ecoli50_r008061,91.7,103.4866548742058,2.014884348941053,cnn_1d,log10_minmax,CNN/runs/cnn_ecoli50_integrated_20261002_v2/best_checkpoint.pt,,,,cnn_ecoli50_integrated_20261002_v2,ecoli50_random_20260928_v1,val,20260928,ok,,0.2164024114608764,log10mm_59711a1c2217859e,2.0.0,ecoli50_strength_v1
course_ecoli50_strength,ecoli50_r008075,81.73,332.08673982118887,2.5212515346244024,cnn_1d,log10_minmax,CNN/runs/cnn_ecoli50_integrated_20261002_v2/best_checkpoint.pt,,,,cnn_ecoli50_integrated_20261002_v2,ecoli50_random_20260928_v1,val,20260928,ok,,0.3181598782539367,log10mm_59711a1c2217859e,2.0.0,ecoli50_strength_v1
course_ecoli50_strength,ecoli50_r008078,412.39,226.5873891269653,2.355235735249459,cnn_1d,log10_minmax,CNN/runs/cnn_ecoli50_integrated_20261002_v2/best_checkpoint.pt,,,,cnn_ecoli50_integrated_20261002_v2,ecoli50_random_20260928_v1,val,20260928,ok,,0.2847980260848999,log10mm_59711a1c2217859e,2.0.0,ecoli50_strength_v1
course_ecoli50_strength,ecoli50_r008085,73.69,142.60857960690262,2.154145654294588,cnn_1d,log10_minmax,CNN/runs/cnn_ecoli50_integrated_20261002_v2/best_checkpoint.pt,,,,cnn_ecoli50_integrated_20261002_v2,ecoli50_random_20260928_v1,val,20260928,ok,,0.2443877905607223,log10mm_59711a1c2217859e,2.0.0,ecoli50_strength_v1
course_ecoli50_strength,ecoli50_r008091,33.44,135.15778142832545,2.130841054356604,cnn_1d,log10_minmax,CNN/runs/cnn_ecoli50_integrated_20261002_v2/best_checkpoint.pt,,,,cnn_ecoli50_integrated_20261002_v2,ecoli50_random_20260928_v1,val,20260928,ok,,0.2397045940160751,log10mm_59711a1c2217859e,2.0.0,ecoli50_strength_v1
course_ecoli50_strength,ecoli50_r008093,222.5,234.0964337135591,2.36939479759103,cnn_1d,log10_minmax,CNN/runs/cnn_ecoli50_integrated_20261002_v2/best_checkpoint.pt,,,,cnn_ecoli50_integrated_20261002_v2,ecoli50_random_20260928_v1,val,20260928,ok,,0.2876433730125427,log10mm_59711a1c2217859e,2.0.0,ecoli50_strength_v1
course_ecoli50_strength,ecoli50_r008094,2303.13,458.381562277261,2.661227140455221,cnn_1d,log10_minmax,CNN/runs/cnn_ecoli50_integrated_20261002_v2/best_checkpoint.pt,,,,cnn_ecoli50_integrated_20261002_v2,ecoli50_random_20260928_v1,val,20260928,ok,,0.346288800239563,log10mm_59711a1c2217859e,2.0.0,ecoli50_strength_v1
course_ecoli50_strength,ecoli50_r008100,263.28,222.29388463784176,2.3469275153100044,cnn_1d,log10_minmax,CNN/runs/cnn_ecoli50_integrated_20261002_v2/best_checkpoint.pt,,,,cnn_ecoli50_integrated_20261002_v2,ecoli50_random_20260928_v1,val,20260928,ok,,0.2831284403800964,log10mm_59711a1c2217859e,2.0.0,ecoli50_strength_v1
course_ecoli50_strength,ecoli50_r008102,269.97,255.2287803979565,2.4069296452186792,cnn_1d,log10_minmax,CNN/runs/cnn_ecoli50_integrated_20261002_v2/best_checkpoint.pt,,,,cnn_ecoli50_integrated_20261002_v2,ecoli50_random_20260928_v1,val,20260928,ok,,0.2951862215995788,log10mm_59711a1c2217859e,2.0.0,ecoli50_strength_v1
course_ecoli50_strength,ecoli50_r008123,276.58,372.42910158511046,2.571043609377037,cnn_1d,log10_minmax,CNN/runs/cnn_ecoli50_integrated_20261002_v2/best_checkpoint.pt,,,,cnn_ecoli50_integrated_20261002_v2,ecoli50_random_20260928_v1,val,20260928,ok,,0.3281658887863159,log10mm_59711a1c2217859e,2.0.0,ecoli50_strength_v1
course_ecoli50_strength,ecoli50_r008129,216.48,222.95816699209,2.3482233852509378,cnn_1d,log10_minmax,CNN/runs/cnn_ecoli50_integrated_20261002_v2/best_checkpoint.pt,,,,cnn_ecoli50_integrated_20261002_v2,ecoli50_random_20260928_v1,val,20260928,ok,,0.2833888530731201,log10mm_59711a1c2217859e,2.0.0,ecoli50_strength_v1
course_ecoli50_strength,ecoli50_r008134,50.32,146.95994166126303,2.167198970895761,cnn_1d,log10_minmax,CNN/runs/cnn_ecoli50_integrated_20261002_v2/best_checkpoint.pt,,,,cnn_ecoli50_integrated_20261002_v2,ecoli50_random_20260928_v1,val,20260928,ok,,0.2470109313726425,log10mm_59711a1c2217859e,2.0.0,ecoli50_strength_v1
course_ecoli50_strength,ecoli50_r008149,596.27,364.3531839923327,2.561522569069426,cnn_1d,log10_minmax,CNN/runs/cnn_ecoli50_integrated_20261002_v2/best_checkpoint.pt,,,,cnn_ecoli50_integrated_20261002_v2,ecoli50_random_20260928_v1,val,20260928,ok,,0.3262525796890259,log10mm_59711a1c2217859e,2.0.0,ecoli50_strength_v1
course_ecoli50_strength,ecoli50_r008161,112.0,163.18288923174714,2.212674618254733,cnn_1d,log10_minmax,CNN/runs/cnn_ecoli50_integrated_20261002_v2/best_checkpoint.pt,,,,cnn_ecoli50_integrated_20261002_v2,ecoli50_random_20260928_v1,val,20260928,ok,,0.2561495304107666,log10mm_59711a1c2217859e,2.0.0,ecoli50_strength_v1
course_ecoli50_strength,ecoli50_r008167,50.16,112.1539258262031,2.0498144801910896,cnn_1d,log10_minmax,CNN/runs/cnn_ecoli50_integrated_20261002_v2/best_checkpoint.pt,,,,cnn_ecoli50_integrated_20261002_v2,ecoli50_random_20260928_v1,val,20260928,ok,,0.2234218269586563,log10mm_59711a1c2217859e,2.0.0,ecoli50_strength_v1
course_ecoli50_strength,ecoli50_r008168,54.12,259.50413372001464,2.4141442802480357,cnn_1d,log10_minmax,CNN/runs/cnn_ecoli50_integrated_20261002_v2/best_checkpoint.pt,,,,cnn_ecoli50_integrated_20261002_v2,ecoli50_random_20260928_v1,val,20260928,ok,,0.2966360449790954,log10mm_59711a1c2217859e,2.0.0,ecoli50_strength_v1
course_ecoli50_strength,ecoli50_r008178,106.11,56.678063577971415,1.7534150040354155,cnn_1d,log10_minmax,CNN/runs/cnn_ecoli50_integrated_20261002_v2/best_checkpoint.pt,,,,cnn_ecoli50_integrated_20261002_v2,ecoli50_random_20260928_v1,val,20260928,ok,,0.1638586074113845,log10mm_59711a1c2217859e,2.0.0,ecoli50_strength_v1
course_ecoli50_strength,ecoli50_r008182,55.73,179.01849396158696,2.252897899195409,cnn_1d,log10_minmax,CNN/runs/cnn_ecoli50_integrated_20261002_v2/best_checkpoint.pt,,,,cnn_ecoli50_integrated_20261002_v2,ecoli50_random_20260928_v1,val,20260928,ok,,0.2642326354980469,log10mm_59711a1c2217859e,2.0.0,ecoli50_strength_v1
course_ecoli50_strength,ecoli50_r008187,67.1,222.90031135396117,2.348110675116455,cnn_1d,log10_minmax,CNN/runs/cnn_ecoli50_integrated_20261002_v2/best_checkpoint.pt,,,,cnn_ecoli50_integrated_20261002_v2,ecoli50_random_20260928_v1,val,20260928,ok,,0.2833662033081054,log10mm_59711a1c2217859e,2.0.0,ecoli50_strength_v1
course_ecoli50_strength,ecoli50_r008197,2948.9,115.2185468929334,2.0615223937132807,cnn_1d,log10_minmax,CNN/runs/cnn_ecoli50_integrated_20261002_v2/best_checkpoint.pt,,,,cnn_ecoli50_integrated_20261002_v2,ecoli50_random_20260928_v1,val,20260928,ok,,0.2257746011018753,log10mm_59711a1c2217859e,2.0.0,ecoli50_strength_v1
course_ecoli50_strength,ecoli50_r008200,59.44,170.3227577397209,2.231272680261216,cnn_1d,log10_minmax,CNN/runs/cnn_ecoli50_integrated_20261002_v2/best_checkpoint.pt,,,,cnn_ecoli50_integrated_20261002_v2,ecoli50_random_20260928_v1,val,20260928,ok,,0.2598869204521179,log10mm_59711a1c2217859e,2.0.0,ecoli50_strength_v1
course_ecoli50_strength,ecoli50_r008216,162.54,140.7055166571011,2.14831112520141,cnn_1d,log10_minmax,CNN/runs/cnn_ecoli50_integrated_20261002_v2/best_checkpoint.pt,,,,cnn_ecoli50_integrated_20261002_v2,ecoli50_random_20260928_v1,val,20260928,ok,,0.2432153075933456,log10mm_59711a1c2217859e,2.0.0,ecoli50_strength_v1
course_ecoli50_strength,ecoli50_r008221,19.65,166.83380197164928,2.222284047036227,cnn_1d,log10_minmax,CNN/runs/cnn_ecoli50_integrated_20261002_v2/best_checkpoint.pt,,,,cnn_ecoli50_integrated_20261002_v2,ecoli50_random_20260928_v1,val,20260928,ok,,0.2580806016921997,log10mm_59711a1c2217859e,2.0.0,ecoli50_strength_v1
course_ecoli50_strength,ecoli50_r008225,117.01,148.00384275394782,2.170272991510966,cnn_1d,log10_minmax,CNN/runs/cnn_ecoli50_integrated_20261002_v2/best_checkpoint.pt,,,,cnn_ecoli50_integrated_20261002_v2,ecoli50_random_20260928_v1,val,20260928,ok,,0.2476286739110946,log10mm_59711a1c2217859e,2.0.0,ecoli50_strength_v1
course_ecoli50_strength,ecoli50_r008239,2095.37,223.3287988428289,2.348944730111626,cnn_1d,log10_minmax,CNN/runs/cnn_ecoli50_integrated_20261002_v2/best_checkpoint.pt,,,,cnn_ecoli50_integrated_20261002_v2,ecoli50_random_20260928_v1,val,20260928,ok,,0.2835338115692138,log10mm_59711a1c2217859e,2.0.0,ecoli50_strength_v1
course_ecoli50_strength,ecoli50_r008241,95.91,82.3363085455448,1.915591392000332,cnn_1d,log10_minmax,CNN/runs/cnn_ecoli50_integrated_20261002_v2/best_checkpoint.pt,,,,cnn_ecoli50_integrated_20261002_v2,ecoli50_random_20260928_v1,val,20260928,ok,,0.1964489072561264,log10mm_59711a1c2217859e,2.0.0,ecoli50_strength_v1
course_ecoli50_strength,ecoli50_r008245,253.48,120.89177537501962,2.0823967555278875,cnn_1d,log10_minmax,CNN/runs/cnn_ecoli50_integrated_20261002_v2/best_checkpoint.pt,,,,cnn_ecoli50_integrated_20261002_v2,ecoli50_random_20260928_v1,val,20260928,ok,,0.2299694269895553,log10mm_59711a1c2217859e,2.0.0,ecoli50_strength_v1
course_ecoli50_strength,ecoli50_r008251,91.37,122.475736175902,2.0880500585890425,cnn_1d,log10_minmax,CNN/runs/cnn_ecoli50_integrated_20261002_v2/best_checkpoint.pt,,,,cnn_ecoli50_integrated_20261002_v2,ecoli50_random_20260928_v1,val,20260928,ok,,0.2311054915189743,log10mm_59711a1c2217859e,2.0.0,ecoli50_strength_v1
course_ecoli50_strength,ecoli50_r008252,85.48,244.64761526735228,2.38854098677784,cnn_1d,log10_minmax,CNN/runs/cnn_ecoli50_integrated_20261002_v2/best_checkpoint.pt,,,,cnn_ecoli50_integrated_20261002_v2,ecoli50_random_20260928_v1,val,20260928,ok,,0.2914909124374389,log10mm_59711a1c2217859e,2.0.0,ecoli50_strength_v1
course_ecoli50_strength,ecoli50_r008254,93.94,96.14456148191978,1.9829247229458675,cnn_1d,log10_minmax,CNN/runs/cnn_ecoli50_integrated_20261002_v2/best_checkpoint.pt,,,,cnn_ecoli50_integrated_20261002_v2,ecoli50_random_20260928_v1,val,20260928,ok,,0.2099799364805221,log10mm_59711a1c2217859e,2.0.0,ecoli50_strength_v1
course_ecoli50_strength,ecoli50_r008260,1683.75,150.93765042389344,2.178797585248065,cnn_1d,log10_minmax,CNN/runs/cnn_ecoli50_integrated_20261002_v2/best_checkpoint.pt,,,,cnn_ecoli50_integrated_20261002_v2,ecoli50_random_20260928_v1,val,20260928,ok,,0.2493417412042617,log10mm_59711a1c2217859e,2.0.0,ecoli50_strength_v1
course_ecoli50_strength,ecoli50_r008278,126.28,122.7837728427863,2.089140974048587,cnn_1d,log10_minmax,CNN/runs/cnn_ecoli50_integrated_20261002_v2/best_checkpoint.pt,,,,cnn_ecoli50_integrated_20261002_v2,ecoli50_random_20260928_v1,val,20260928,ok,,0.2313247174024582,log10mm_59711a1c2217859e,2.0.0,ecoli50_strength_v1
course_ecoli50_strength,ecoli50_r008280,103.72,96.5686913592372,1.984836346147816,cnn_1d,log10_minmax,CNN/runs/cnn_ecoli50_integrated_20261002_v2/best_checkpoint.pt,,,,cnn_ecoli50_integrated_20261002_v2,ecoli50_random_20260928_v1,val,20260928,ok,,0.2103640884160995,log10mm_59711a1c2217859e,2.0.0,ecoli50_strength_v1
course_ecoli50_strength,ecoli50_r008283,29.72,229.34982268853207,2.3604984087129464,cnn_1d,log10_minmax,CNN/runs/cnn_ecoli50_integrated_20261002_v2/best_checkpoint.pt,,,,cnn_ecoli50_integrated_20261002_v2,ecoli50_random_20260928_v1,val,20260928,ok,,0.2858555912971496,log10mm_59711a1c2217859e,2.0.0,ecoli50_strength_v1
course_ecoli50_strength,ecoli50_r008284,11996.02,130.01489626087624,2.11399311379358,cnn_1d,log10_minmax,CNN/runs/cnn_ecoli50_integrated_20261002_v2/best_checkpoint.pt,,,,cnn_ecoli50_integrated_20261002_v2,ecoli50_random_20260928_v1,val,20260928,ok,,0.236318901181221,log10mm_59711a1c2217859e,2.0.0,ecoli50_strength_v1
course_ecoli50_strength,ecoli50_r008298,258.58,271.39114706206965,2.4335956766147997,cnn_1d,log10_minmax,CNN/runs/cnn_ecoli50_integrated_20261002_v2/best_checkpoint.pt,,,,cnn_ecoli50_integrated_20261002_v2,ecoli50_random_20260928_v1,val,20260928,ok,,0.3005449175834656,log10mm_59711a1c2217859e,2.0.0,ecoli50_strength_v1
course_ecoli50_strength,ecoli50_r008301,26.59,188.1477777175281,2.274499093074621,cnn_1d,log10_minmax,CNN/runs/cnn_ecoli50_integrated_20261002_v2/best_checkpoint.pt,,,,cnn_ecoli50_integrated_20261002_v2,ecoli50_random_20260928_v1,val,20260928,ok,,0.268573522567749,log10mm_59711a1c2217859e,2.0.0,ecoli50_strength_v1
course_ecoli50_strength,ecoli50_r008303,233.43,180.01426849832504,2.255306930017167,cnn_1d,log10_minmax,CNN/runs/cnn_ecoli50_integrated_20261002_v2/best_checkpoint.pt,,,,cnn_ecoli50_integrated_20261002_v2,ecoli50_random_20260928_v1,val,20260928,ok,,0.2647167444229126,log10mm_59711a1c2217859e,2.0.0,ecoli50_strength_v1
course_ecoli50_strength,ecoli50_r008305,72.21,147.45025110717015,2.16864551649016,cnn_1d,log10_minmax,CNN/runs/cnn_ecoli50_integrated_20261002_v2/best_checkpoint.pt,,,,cnn_ecoli50_integrated_20261002_v2,ecoli50_random_20260928_v1,val,20260928,ok,,0.2473016232252121,log10mm_59711a1c2217859e,2.0.0,ecoli50_strength_v1
course_ecoli50_strength,ecoli50_r008312,270.9,206.0909244099005,2.314058867249936,cnn_1d,log10_minmax,CNN/runs/cnn_ecoli50_integrated_20261002_v2/best_checkpoint.pt,,,,cnn_ecoli50_integrated_20261002_v2,ecoli50_random_20260928_v1,val,20260928,ok,,0.2765232920646667,log10mm_59711a1c2217859e,2.0.0,ecoli50_strength_v1
course_ecoli50_strength,ecoli50_r008323,2020.07,321.47027297188026,2.5071408189984123,cnn_1d,log10_minmax,CNN/runs/cnn_ecoli50_integrated_20261002_v2/best_checkpoint.pt,,,,cnn_ecoli50_integrated_20261002_v2,ecoli50_random_20260928_v1,val,20260928,ok,,0.3153242468833923,log10mm_59711a1c2217859e,2.0.0,ecoli50_strength_v1
course_ecoli50_strength,ecoli50_r008324,811.81,210.56976481769885,2.3233960120749697,cnn_1d,log10_minmax,CNN/runs/cnn_ecoli50_integrated_20261002_v2/best_checkpoint.pt,,,,cnn_ecoli50_integrated_20261002_v2,ecoli50_random_20260928_v1,val,20260928,ok,,0.278399646282196,log10mm_59711a1c2217859e,2.0.0,ecoli50_strength_v1
course_ecoli50_strength,ecoli50_r008339,139.7,155.1650915098863,2.1907940218842508,cnn_1d,log10_minmax,CNN/runs/cnn_ecoli50_integrated_20261002_v2/best_checkpoint.pt,,,,cnn_ecoli50_integrated_20261002_v2,ecoli50_random_20260928_v1,val,20260928,ok,,0.251752495765686,log10mm_59711a1c2217859e,2.0.0,ecoli50_strength_v1
course_ecoli50_strength,ecoli50_r008349,662.58,160.61768716591703,2.205793367938951,cnn_1d,log10_minmax,CNN/runs/cnn_ecoli50_integrated_20261002_v2/best_checkpoint.pt,,,,cnn_ecoli50_integrated_20261002_v2,ecoli50_random_20260928_v1,val,20260928,ok,,0.2547667026519775,log10mm_59711a1c2217859e,2.0.0,ecoli50_strength_v1
course_ecoli50_strength,ecoli50_r008352,126.32,168.4900079113674,2.226574150681376,cnn_1d,log10_minmax,CNN/runs/cnn_ecoli50_integrated_20261002_v2/best_checkpoint.pt,,,,cnn_ecoli50_integrated_20261002_v2,ecoli50_random_20260928_v1,val,20260928,ok,,0.2589427232742309,log10mm_59711a1c2217859e,2.0.0,ecoli50_strength_v1
course_ecoli50_strength,ecoli50_r008357,1404.75,167.42288780914538,2.2238148286258714,cnn_1d,log10_minmax,CNN/runs/cnn_ecoli50_integrated_20261002_v2/best_checkpoint.pt,,,,cnn_ecoli50_integrated_20261002_v2,ecoli50_random_20260928_v1,val,20260928,ok,,0.2583882212638855,log10mm_59711a1c2217859e,2.0.0,ecoli50_strength_v1
course_ecoli50_strength,ecoli50_r008379,33.6,243.7903068014753,2.3870164339061537,cnn_1d,log10_minmax,CNN/runs/cnn_ecoli50_integrated_20261002_v2/best_checkpoint.pt,,,,cnn_ecoli50_integrated_20261002_v2,ecoli50_random_20260928_v1,val,20260928,ok,,0.2911845445632934,log10mm_59711a1c2217859e,2.0.0,ecoli50_strength_v1
course_ecoli50_strength,ecoli50_r008380,806.28,98.1598019908319,1.9919336736556248,cnn_1d,log10_minmax,CNN/runs/cnn_ecoli50_integrated_20261002_v2/best_checkpoint.pt,,,,cnn_ecoli50_integrated_20261002_v2,ecoli50_random_20260928_v1,val,20260928,ok,,0.2117903381586074,log10mm_59711a1c2217859e,2.0.0,ecoli50_strength_v1
course_ecoli50_strength,ecoli50_r008383,108.24,169.52409727150513,2.2292314404046123,cnn_1d,log10_minmax,CNN/runs/cnn_ecoli50_integrated_20261002_v2/best_checkpoint.pt,,,,cnn_ecoli50_integrated_20261002_v2,ecoli50_random_20260928_v1,val,20260928,ok,,0.2594767212867737,log10mm_59711a1c2217859e,2.0.0,ecoli50_strength_v1
course_ecoli50_strength,ecoli50_r008401,320.08,245.8289047307328,2.3906329461949607,cnn_1d,log10_minmax,CNN/runs/cnn_ecoli50_integrated_20261002_v2/best_checkpoint.pt,,,,cnn_ecoli50_integrated_20261002_v2,ecoli50_random_20260928_v1,val,20260928,ok,,0.2919113039970398,log10mm_59711a1c2217859e,2.0.0,ecoli50_strength_v1
course_ecoli50_strength,ecoli50_r008409,39.01,125.0813702192582,2.0971926301292854,cnn_1d,log10_minmax,CNN/runs/cnn_ecoli50_integrated_20261002_v2/best_checkpoint.pt,,,,cnn_ecoli50_integrated_20261002_v2,ecoli50_random_20260928_v1,val,20260928,ok,,0.2329427450895309,log10mm_59711a1c2217859e,2.0.0,ecoli50_strength_v1
course_ecoli50_strength,ecoli50_r008413,231.78,156.04246342722035,2.1932427978586944,cnn_1d,log10_minmax,CNN/runs/cnn_ecoli50_integrated_20261002_v2/best_checkpoint.pt,,,,cnn_ecoli50_integrated_20261002_v2,ecoli50_random_20260928_v1,val,20260928,ok,,0.2522445917129516,log10mm_59711a1c2217859e,2.0.0,ecoli50_strength_v1
course_ecoli50_strength,ecoli50_r008416,114.62,394.4163610851285,2.5959549219426328,cnn_1d,log10_minmax,CNN/runs/cnn_ecoli50_integrated_20261002_v2/best_checkpoint.pt,,,,cnn_ecoli50_integrated_20261002_v2,ecoli50_random_20260928_v1,val,20260928,ok,,0.3331719636917114,log10mm_59711a1c2217859e,2.0.0,ecoli50_strength_v1
course_ecoli50_strength,ecoli50_r008429,239.63,185.2342785169283,2.2677213581191937,cnn_1d,log10_minmax,CNN/runs/cnn_ecoli50_integrated_20261002_v2/best_checkpoint.pt,,,,cnn_ecoli50_integrated_20261002_v2,ecoli50_random_20260928_v1,val,20260928,ok,,0.2672114968299866,log10mm_59711a1c2217859e,2.0.0,ecoli50_strength_v1
course_ecoli50_strength,ecoli50_r008437,50.32,346.3553077652936,2.5395218474240355,cnn_1d,log10_minmax,CNN/runs/cnn_ecoli50_integrated_20261002_v2/best_checkpoint.pt,,,,cnn_ecoli50_integrated_20261002_v2,ecoli50_random_20260928_v1,val,20260928,ok,,0.3218314051628113,log10mm_59711a1c2217859e,2.0.0,ecoli50_strength_v1
course_ecoli50_strength,ecoli50_r008438,110.71,233.69197135468272,2.368643792168635,cnn_1d,log10_minmax,CNN/runs/cnn_ecoli50_integrated_20261002_v2/best_checkpoint.pt,,,,cnn_ecoli50_integrated_20261002_v2,ecoli50_random_20260928_v1,val,20260928,ok,,0.2874924540519714,log10mm_59711a1c2217859e,2.0.0,ecoli50_strength_v1
course_ecoli50_strength,ecoli50_r008440,156.35,203.12002215030924,2.307752735225633,cnn_1d,log10_minmax,CNN/runs/cnn_ecoli50_integrated_20261002_v2/best_checkpoint.pt,,,,cnn_ecoli50_integrated_20261002_v2,ecoli50_random_20260928_v1,val,20260928,ok,,0.2752560377120971,log10mm_59711a1c2217859e,2.0.0,ecoli50_strength_v1
course_ecoli50_strength,ecoli50_r008446,680.5,142.836278035896,2.154838525016039,cnn_1d,log10_minmax,CNN/runs/cnn_ecoli50_integrated_20261002_v2/best_checkpoint.pt,,,,cnn_ecoli50_integrated_20261002_v2,ecoli50_random_20260928_v1,val,20260928,ok,,0.2445270270109176,log10mm_59711a1c2217859e,2.0.0,ecoli50_strength_v1
course_ecoli50_strength,ecoli50_r008447,194.58,249.61295637959677,2.397267124031731,cnn_1d,log10_minmax,CNN/runs/cnn_ecoli50_integrated_20261002_v2/best_checkpoint.pt,,,,cnn_ecoli50_integrated_20261002_v2,ecoli50_random_20260928_v1,val,20260928,ok,,0.2932444810867309,log10mm_59711a1c2217859e,2.0.0,ecoli50_strength_v1
course_ecoli50_strength,ecoli50_r008450,83.87,187.6851145783111,2.273429829825121,cnn_1d,log10_minmax,CNN/runs/cnn_ecoli50_integrated_20261002_v2/best_checkpoint.pt,,,,cnn_ecoli50_integrated_20261002_v2,ecoli50_random_20260928_v1,val,20260928,ok,,0.2683586478233337,log10mm_59711a1c2217859e,2.0.0,ecoli50_strength_v1
course_ecoli50_strength,ecoli50_r008458,50.11,265.64493493115936,2.424301539604239,cnn_1d,log10_minmax,CNN/runs/cnn_ecoli50_integrated_20261002_v2/best_checkpoint.pt,,,,cnn_ecoli50_integrated_20261002_v2,ecoli50_random_20260928_v1,val,20260928,ok,,0.2986772060394287,log10mm_59711a1c2217859e,2.0.0,ecoli50_strength_v1
course_ecoli50_strength,ecoli50_r008459,48.11,128.22921935828086,2.107986998350933,cnn_1d,log10_minmax,CNN/runs/cnn_ecoli50_integrated_20261002_v2/best_checkpoint.pt,,,,cnn_ecoli50_integrated_20261002_v2,ecoli50_random_20260928_v1,val,20260928,ok,,0.2351119369268417,log10mm_59711a1c2217859e,2.0.0,ecoli50_strength_v1
course_ecoli50_strength,ecoli50_r008470,128.29,158.72819674451955,2.2006540824121608,cnn_1d,log10_minmax,CNN/runs/cnn_ecoli50_integrated_20261002_v2/best_checkpoint.pt,,,,cnn_ecoli50_integrated_20261002_v2,ecoli50_random_20260928_v1,val,20260928,ok,,0.2537339329719543,log10mm_59711a1c2217859e,2.0.0,ecoli50_strength_v1
course_ecoli50_strength,ecoli50_r008474,1114.28,140.55328659902548,2.1478410052983707,cnn_1d,log10_minmax,CNN/runs/cnn_ecoli50_integrated_20261002_v2/best_checkpoint.pt,,,,cnn_ecoli50_integrated_20261002_v2,ecoli50_random_20260928_v1,val,20260928,ok,,0.2431208342313766,log10mm_59711a1c2217859e,2.0.0,ecoli50_strength_v1
course_ecoli50_strength,ecoli50_r008476,102.17,184.55327824253828,2.2661217640263915,cnn_1d,log10_minmax,CNN/runs/cnn_ecoli50_integrated_20261002_v2/best_checkpoint.pt,,,,cnn_ecoli50_integrated_20261002_v2,ecoli50_random_20260928_v1,val,20260928,ok,,0.2668900489807129,log10mm_59711a1c2217859e,2.0.0,ecoli50_strength_v1
course_ecoli50_strength,ecoli50_r008483,137.46,117.1398994847282,2.0687048470331857,cnn_1d,log10_minmax,CNN/runs/cnn_ecoli50_integrated_20261002_v2/best_checkpoint.pt,,,,cnn_ecoli50_integrated_20261002_v2,ecoli50_random_20260928_v1,val,20260928,ok,,0.2272179573774337,log10mm_59711a1c2217859e,2.0.0,ecoli50_strength_v1
course_ecoli50_strength,ecoli50_r008489,98.74,187.0072368389419,2.27185841326594,cnn_1d,log10_minmax,CNN/runs/cnn_ecoli50_integrated_20261002_v2/best_checkpoint.pt,,,,cnn_ecoli50_integrated_20261002_v2,ecoli50_random_20260928_v1,val,20260928,ok,,0.2680428624153137,log10mm_59711a1c2217859e,2.0.0,ecoli50_strength_v1
course_ecoli50_strength,ecoli50_r008496,433.48,156.92715422312617,2.195698099156713,cnn_1d,log10_minmax,CNN/runs/cnn_ecoli50_integrated_20261002_v2/best_checkpoint.pt,,,,cnn_ecoli50_integrated_20261002_v2,ecoli50_random_20260928_v1,val,20260928,ok,,0.2527379989624023,log10mm_59711a1c2217859e,2.0.0,ecoli50_strength_v1
course_ecoli50_strength,ecoli50_r008497,126.74,127.86267202355944,2.106743775907028,cnn_1d,log10_minmax,CNN/runs/cnn_ecoli50_integrated_20261002_v2/best_checkpoint.pt,,,,cnn_ecoli50_integrated_20261002_v2,ecoli50_random_20260928_v1,val,20260928,ok,,0.2348621040582656,log10mm_59711a1c2217859e,2.0.0,ecoli50_strength_v1
course_ecoli50_strength,ecoli50_r008506,7482.16,251.3647447808967,2.400304365550421,cnn_1d,log10_minmax,CNN/runs/cnn_ecoli50_integrated_20261002_v2/best_checkpoint.pt,,,,cnn_ecoli50_integrated_20261002_v2,ecoli50_random_20260928_v1,val,20260928,ok,,0.2938548326492309,log10mm_59711a1c2217859e,2.0.0,ecoli50_strength_v1
course_ecoli50_strength,ecoli50_r008509,384.86,200.51802315465983,2.3021534143867832,cnn_1d,log10_minmax,CNN/runs/cnn_ecoli50_integrated_20261002_v2/best_checkpoint.pt,,,,cnn_ecoli50_integrated_20261002_v2,ecoli50_random_20260928_v1,val,20260928,ok,,0.2741308212280273,log10mm_59711a1c2217859e,2.0.0,ecoli50_strength_v1
course_ecoli50_strength,ecoli50_r008510,403.1,181.8634127118137,2.259745336470845,cnn_1d,log10_minmax,CNN/runs/cnn_ecoli50_integrated_20261002_v2/best_checkpoint.pt,,,,cnn_ecoli50_integrated_20261002_v2,ecoli50_random_20260928_v1,val,20260928,ok,,0.2656086683273315,log10mm_59711a1c2217859e,2.0.0,ecoli50_strength_v1
course_ecoli50_strength,ecoli50_r008513,128.98,111.97487114423151,2.049120571349979,cnn_1d,log10_minmax,CNN/runs/cnn_ecoli50_integrated_20261002_v2/best_checkpoint.pt,,,,cnn_ecoli50_integrated_20261002_v2,ecoli50_random_20260928_v1,val,20260928,ok,,0.2232823818922042,log10mm_59711a1c2217859e,2.0.0,ecoli50_strength_v1
course_ecoli50_strength,ecoli50_r008519,6281.39,302.39509589341264,2.480574743695241,cnn_1d,log10_minmax,CNN/runs/cnn_ecoli50_integrated_20261002_v2/best_checkpoint.pt,,,,cnn_ecoli50_integrated_20261002_v2,ecoli50_random_20260928_v1,val,20260928,ok,,0.3099856376647949,log10mm_59711a1c2217859e,2.0.0,ecoli50_strength_v1
course_ecoli50_strength,ecoli50_r008527,57.59,144.6856262538594,2.1604253884189726,cnn_1d,log10_minmax,CNN/runs/cnn_ecoli50_integrated_20261002_v2/best_checkpoint.pt,,,,cnn_ecoli50_integrated_20261002_v2,ecoli50_random_20260928_v1,val,20260928,ok,,0.2456497400999069,log10mm_59711a1c2217859e,2.0.0,ecoli50_strength_v1
course_ecoli50_strength,ecoli50_r008542,1019.81,202.70635644063168,2.30686736745871,cnn_1d,log10_minmax,CNN/runs/cnn_ecoli50_integrated_20261002_v2/best_checkpoint.pt,,,,cnn_ecoli50_integrated_20261002_v2,ecoli50_random_20260928_v1,val,20260928,ok,,0.2750781178474426,log10mm_59711a1c2217859e,2.0.0,ecoli50_strength_v1
course_ecoli50_strength,ecoli50_r008547,123.79,114.98091356031424,2.060625754932909,cnn_1d,log10_minmax,CNN/runs/cnn_ecoli50_integrated_20261002_v2/best_checkpoint.pt,,,,cnn_ecoli50_integrated_20261002_v2,ecoli50_random_20260928_v1,val,20260928,ok,,0.2255944162607193,log10mm_59711a1c2217859e,2.0.0,ecoli50_strength_v1
course_ecoli50_strength,ecoli50_r008551,301.94,135.07353112007544,2.1305702534282283,cnn_1d,log10_minmax,CNN/runs/cnn_ecoli50_integrated_20261002_v2/best_checkpoint.pt,,,,cnn_ecoli50_integrated_20261002_v2,ecoli50_random_20260928_v1,val,20260928,ok,,0.2396501749753952,log10mm_59711a1c2217859e,2.0.0,ecoli50_strength_v1
course_ecoli50_strength,ecoli50_r008554,47.16,196.52015950236947,2.293407107950932,cnn_1d,log10_minmax,CNN/runs/cnn_ecoli50_integrated_20261002_v2/best_checkpoint.pt,,,,cnn_ecoli50_integrated_20261002_v2,ecoli50_random_20260928_v1,val,20260928,ok,,0.2723731994628906,log10mm_59711a1c2217859e,2.0.0,ecoli50_strength_v1
course_ecoli50_strength,ecoli50_r008561,63.16,258.5857572315448,2.41260460048988,cnn_1d,log10_minmax,CNN/runs/cnn_ecoli50_integrated_20261002_v2/best_checkpoint.pt,,,,cnn_ecoli50_integrated_20261002_v2,ecoli50_random_20260928_v1,val,20260928,ok,,0.2963266372680664,log10mm_59711a1c2217859e,2.0.0,ecoli50_strength_v1
course_ecoli50_strength,ecoli50_r008564,1108.99,143.52430156772695,2.15692544213767,cnn_1d,log10_minmax,CNN/runs/cnn_ecoli50_integrated_20261002_v2/best_checkpoint.pt,,,,cnn_ecoli50_integrated_20261002_v2,ecoli50_random_20260928_v1,val,20260928,ok,,0.2449464052915573,log10mm_59711a1c2217859e,2.0.0,ecoli50_strength_v1
course_ecoli50_strength,ecoli50_r008577,128.29,250.56482712791427,2.398920107135604,cnn_1d,log10_minmax,CNN/runs/cnn_ecoli50_integrated_20261002_v2/best_checkpoint.pt,,,,cnn_ecoli50_integrated_20261002_v2,ecoli50_random_20260928_v1,val,20260928,ok,,0.2935766577720642,log10mm_59711a1c2217859e,2.0.0,ecoli50_strength_v1
course_ecoli50_strength,ecoli50_r008584,438.39,92.38187869714548,1.965586789903461,cnn_1d,log10_minmax,CNN/runs/cnn_ecoli50_integrated_20261002_v2/best_checkpoint.pt,,,,cnn_ecoli50_integrated_20261002_v2,ecoli50_random_20260928_v1,val,20260928,ok,,0.206495776772499,log10mm_59711a1c2217859e,2.0.0,ecoli50_strength_v1
course_ecoli50_strength,ecoli50_r008590,85.57,202.87102876896,2.307220031537394,cnn_1d,log10_minmax,CNN/runs/cnn_ecoli50_integrated_20261002_v2/best_checkpoint.pt,,,,cnn_ecoli50_integrated_20261002_v2,ecoli50_random_20260928_v1,val,20260928,ok,,0.2751489877700805,log10mm_59711a1c2217859e,2.0.0,ecoli50_strength_v1
course_ecoli50_strength,ecoli50_r008595,120.25,161.68460232059942,2.208668662790726,cnn_1d,log10_minmax,CNN/runs/cnn_ecoli50_integrated_20261002_v2/best_checkpoint.pt,,,,cnn_ecoli50_integrated_20261002_v2,ecoli50_random_20260928_v1,val,20260928,ok,,0.2553445100784302,log10mm_59711a1c2217859e,2.0.0,ecoli50_strength_v1
course_ecoli50_strength,ecoli50_r008602,1069.98,311.13731249565745,2.492952096095136,cnn_1d,log10_minmax,CNN/runs/cnn_ecoli50_integrated_20261002_v2/best_checkpoint.pt,,,,cnn_ecoli50_integrated_20261002_v2,ecoli50_random_20260928_v1,val,20260928,ok,,0.312472939491272,log10mm_59711a1c2217859e,2.0.0,ecoli50_strength_v1
course_ecoli50_strength,ecoli50_r008609,42.72,229.8431314526794,2.361431529984216,cnn_1d,log10_minmax,CNN/runs/cnn_ecoli50_integrated_20261002_v2/best_checkpoint.pt,,,,cnn_ecoli50_integrated_20261002_v2,ecoli50_random_20260928_v1,val,20260928,ok,,0.286043107509613,log10mm_59711a1c2217859e,2.0.0,ecoli50_strength_v1
course_ecoli50_strength,ecoli50_r008610,42.55,162.10199097734784,2.209788348995126,cnn_1d,log10_minmax,CNN/runs/cnn_ecoli50_integrated_20261002_v2/best_checkpoint.pt,,,,cnn_ecoli50_integrated_20261002_v2,ecoli50_random_20260928_v1,val,20260928,ok,,0.2555695176124573,log10mm_59711a1c2217859e,2.0.0,ecoli50_strength_v1
course_ecoli50_strength,ecoli50_r008614,120.0,116.35178458458724,2.065773048811361,cnn_1d,log10_minmax,CNN/runs/cnn_ecoli50_integrated_20261002_v2/best_checkpoint.pt,,,,cnn_ecoli50_integrated_20261002_v2,ecoli50_random_20260928_v1,val,20260928,ok,,0.2266287952661514,log10mm_59711a1c2217859e,2.0.0,ecoli50_strength_v1
course_ecoli50_strength,ecoli50_r008624,49.61,185.90382502313489,2.269288325594119,cnn_1d,log10_minmax,CNN/runs/cnn_ecoli50_integrated_20261002_v2/best_checkpoint.pt,,,,cnn_ecoli50_integrated_20261002_v2,ecoli50_random_20260928_v1,val,20260928,ok,,0.2675263881683349,log10mm_59711a1c2217859e,2.0.0,ecoli50_strength_v1
course_ecoli50_strength,ecoli50_r008627,82.53,130.03216802207345,2.114050803586098,cnn_1d,log10_minmax,CNN/runs/cnn_ecoli50_integrated_20261002_v2/best_checkpoint.pt,,,,cnn_ecoli50_integrated_20261002_v2,ecoli50_random_20260928_v1,val,20260928,ok,,0.2363304942846298,log10mm_59711a1c2217859e,2.0.0,ecoli50_strength_v1
course_ecoli50_strength,ecoli50_r008628,185.69,248.20268988404544,2.394806483832605,cnn_1d,log10_minmax,CNN/runs/cnn_ecoli50_integrated_20261002_v2/best_checkpoint.pt,,,,cnn_ecoli50_integrated_20261002_v2,ecoli50_random_20260928_v1,val,20260928,ok,,0.2927500009536743,log10mm_59711a1c2217859e,2.0.0,ecoli50_strength_v1
course_ecoli50_strength,ecoli50_r008637,114.07,97.65032367574062,1.98967368715644,cnn_1d,log10_minmax,CNN/runs/cnn_ecoli50_integrated_20261002_v2/best_checkpoint.pt,,,,cnn_ecoli50_integrated_20261002_v2,ecoli50_random_20260928_v1,val,20260928,ok,,0.2113361805677414,log10mm_59711a1c2217859e,2.0.0,ecoli50_strength_v1
course_ecoli50_strength,ecoli50_r008638,94.32,162.87714164676797,2.211860139230287,cnn_1d,log10_minmax,CNN/runs/cnn_ecoli50_integrated_20261002_v2/best_checkpoint.pt,,,,cnn_ecoli50_integrated_20261002_v2,ecoli50_random_20260928_v1,val,20260928,ok,,0.2559858560562134,log10mm_59711a1c2217859e,2.0.0,ecoli50_strength_v1
course_ecoli50_strength,ecoli50_r008692,57.03,102.02237991979266,2.008695450286893,cnn_1d,log10_minmax,CNN/runs/cnn_ecoli50_integrated_20261002_v2/best_checkpoint.pt,,,,cnn_ecoli50_integrated_20261002_v2,ecoli50_random_20260928_v1,val,20260928,ok,,0.2151587158441543,log10mm_59711a1c2217859e,2.0.0,ecoli50_strength_v1
course_ecoli50_strength,ecoli50_r008695,44.58,157.467278628996,2.1971903220161395,cnn_1d,log10_minmax,CNN/runs/cnn_ecoli50_integrated_20261002_v2/best_checkpoint.pt,,,,cnn_ecoli50_integrated_20261002_v2,ecoli50_random_20260928_v1,val,20260928,ok,,0.2530378699302673,log10mm_59711a1c2217859e,2.0.0,ecoli50_strength_v1
course_ecoli50_strength,ecoli50_r008724,156.35,267.3811953984128,2.4271308605853696,cnn_1d,log10_minmax,CNN/runs/cnn_ecoli50_integrated_20261002_v2/best_checkpoint.pt,,,,cnn_ecoli50_integrated_20261002_v2,ecoli50_random_20260928_v1,val,20260928,ok,,0.2992457747459411,log10mm_59711a1c2217859e,2.0.0,ecoli50_strength_v1
course_ecoli50_strength,ecoli50_r008726,8785.52,402.0348814580466,2.6042637350933213,cnn_1d,log10_minmax,CNN/runs/cnn_ecoli50_integrated_20261002_v2/best_checkpoint.pt,,,,cnn_ecoli50_integrated_20261002_v2,ecoli50_random_20260928_v1,val,20260928,ok,,0.3348416686058044,log10mm_59711a1c2217859e,2.0.0,ecoli50_strength_v1
course_ecoli50_strength,ecoli50_r008728,144.32,198.7957011771001,2.298406988837704,cnn_1d,log10_minmax,CNN/runs/cnn_ecoli50_integrated_20261002_v2/best_checkpoint.pt,,,,cnn_ecoli50_integrated_20261002_v2,ecoli50_random_20260928_v1,val,20260928,ok,,0.2733779549598694,log10mm_59711a1c2217859e,2.0.0,ecoli50_strength_v1
course_ecoli50_strength,ecoli50_r008730,90.4,339.7696322565904,2.531184560134109,cnn_1d,log10_minmax,CNN/runs/cnn_ecoli50_integrated_20261002_v2/best_checkpoint.pt,,,,cnn_ecoli50_integrated_20261002_v2,ecoli50_random_20260928_v1,val,20260928,ok,,0.3201559782028198,log10mm_59711a1c2217859e,2.0.0,ecoli50_strength_v1
course_ecoli50_strength,ecoli50_r008733,57.03,321.00801120162663,2.506515870963268,cnn_1d,log10_minmax,CNN/runs/cnn_ecoli50_integrated_20261002_v2/best_checkpoint.pt,,,,cnn_ecoli50_integrated_20261002_v2,ecoli50_random_20260928_v1,val,20260928,ok,,0.3151986598968506,log10mm_59711a1c2217859e,2.0.0,ecoli50_strength_v1
course_ecoli50_strength,ecoli50_r008736,96.21,219.3666973815052,2.341170696888496,cnn_1d,log10_minmax,CNN/runs/cnn_ecoli50_integrated_20261002_v2/best_checkpoint.pt,,,,cnn_ecoli50_integrated_20261002_v2,ecoli50_random_20260928_v1,val,20260928,ok,,0.2819715738296509,log10mm_59711a1c2217859e,2.0.0,ecoli50_strength_v1
course_ecoli50_strength,ecoli50_r008740,477.36,235.844161466822,2.3726251293664253,cnn_1d,log10_minmax,CNN/runs/cnn_ecoli50_integrated_20261002_v2/best_checkpoint.pt,,,,cnn_ecoli50_integrated_20261002_v2,ecoli50_random_20260928_v1,val,20260928,ok,,0.2882925271987915,log10mm_59711a1c2217859e,2.0.0,ecoli50_strength_v1
course_ecoli50_strength,ecoli50_r008744,39.79,162.46607871203193,2.2107626984471667,cnn_1d,log10_minmax,CNN/runs/cnn_ecoli50_integrated_20261002_v2/best_checkpoint.pt,,,,cnn_ecoli50_integrated_20261002_v2,ecoli50_random_20260928_v1,val,20260928,ok,,0.2557653188705444,log10mm_59711a1c2217859e,2.0.0,ecoli50_strength_v1
course_ecoli50_strength,ecoli50_r008746,19.95,133.4383271684075,2.1252805888535886,cnn_1d,log10_minmax,CNN/runs/cnn_ecoli50_integrated_20261002_v2/best_checkpoint.pt,,,,cnn_ecoli50_integrated_20261002_v2,ecoli50_random_20260928_v1,val,20260928,ok,,0.2385871857404709,log10mm_59711a1c2217859e,2.0.0,ecoli50_strength_v1
course_ecoli50_strength,ecoli50_r008747,47.16,175.21242758222502,2.243564906849014,cnn_1d,log10_minmax,CNN/runs/cnn_ecoli50_integrated_20261002_v2/best_checkpoint.pt,,,,cnn_ecoli50_integrated_20261002_v2,ecoli50_random_20260928_v1,val,20260928,ok,,0.2623571157455444,log10mm_59711a1c2217859e,2.0.0,ecoli50_strength_v1
course_ecoli50_strength,ecoli50_r008750,34.57,147.27141117482168,2.168118448308645,cnn_1d,log10_minmax,CNN/runs/cnn_ecoli50_integrated_20261002_v2/best_checkpoint.pt,,,,cnn_ecoli50_integrated_20261002_v2,ecoli50_random_20260928_v1,val,20260928,ok,,0.2471957057714462,log10mm_59711a1c2217859e,2.0.0,ecoli50_strength_v1
course_ecoli50_strength,ecoli50_r008761,182.74,251.2775505397728,2.400153689896954,cnn_1d,log10_minmax,CNN/runs/cnn_ecoli50_integrated_20261002_v2/best_checkpoint.pt,,,,cnn_ecoli50_integrated_20261002_v2,ecoli50_random_20260928_v1,val,20260928,ok,,0.293824553489685,log10mm_59711a1c2217859e,2.0.0,ecoli50_strength_v1
course_ecoli50_strength,ecoli50_r008762,38.32,208.09051137415344,2.318252277463923,cnn_1d,log10_minmax,CNN/runs/cnn_ecoli50_integrated_20261002_v2/best_checkpoint.pt,,,,cnn_ecoli50_integrated_20261002_v2,ecoli50_random_20260928_v1,val,20260928,ok,,0.2773659825325012,log10mm_59711a1c2217859e,2.0.0,ecoli50_strength_v1
course_ecoli50_strength,ecoli50_r008782,111.46,296.44681105355,2.4719467829005968,cnn_1d,log10_minmax,CNN/runs/cnn_ecoli50_integrated_20261002_v2/best_checkpoint.pt,,,,cnn_ecoli50_integrated_20261002_v2,ecoli50_random_20260928_v1,val,20260928,ok,,0.3082517981529236,log10mm_59711a1c2217859e,2.0.0,ecoli50_strength_v1
course_ecoli50_strength,ecoli50_r008788,198.95,182.15105118117572,2.2604316818687216,cnn_1d,log10_minmax,CNN/runs/cnn_ecoli50_integrated_20261002_v2/best_checkpoint.pt,,,,cnn_ecoli50_integrated_20261002_v2,ecoli50_random_20260928_v1,val,20260928,ok,,0.2657465934753418,log10mm_59711a1c2217859e,2.0.0,ecoli50_strength_v1
course_ecoli50_strength,ecoli50_r008791,284.52,268.16024918514927,2.428394400514044,cnn_1d,log10_minmax,CNN/runs/cnn_ecoli50_integrated_20261002_v2/best_checkpoint.pt,,,,cnn_ecoli50_integrated_20261002_v2,ecoli50_random_20260928_v1,val,20260928,ok,,0.2994996905326843,log10mm_59711a1c2217859e,2.0.0,ecoli50_strength_v1
course_ecoli50_strength,ecoli50_r008792,5681.16,273.8611621156449,2.4375304467307117,cnn_1d,log10_minmax,CNN/runs/cnn_ecoli50_integrated_20261002_v2/best_checkpoint.pt,,,,cnn_ecoli50_integrated_20261002_v2,ecoli50_random_20260928_v1,val,20260928,ok,,0.3013356328010559,log10mm_59711a1c2217859e,2.0.0,ecoli50_strength_v1
course_ecoli50_strength,ecoli50_r008793,7240.12,264.3794368275727,2.422227673129759,cnn_1d,log10_minmax,CNN/runs/cnn_ecoli50_integrated_20261002_v2/best_checkpoint.pt,,,,cnn_ecoli50_integrated_20261002_v2,ecoli50_random_20260928_v1,val,20260928,ok,,0.2982604503631592,log10mm_59711a1c2217859e,2.0.0,ecoli50_strength_v1
course_ecoli50_strength,ecoli50_r008795,55.73,280.5797906656848,2.44805638686892,cnn_1d,log10_minmax,CNN/runs/cnn_ecoli50_integrated_20261002_v2/best_checkpoint.pt,,,,cnn_ecoli50_integrated_20261002_v2,ecoli50_random_20260928_v1,val,20260928,ok,,0.3034508824348449,log10mm_59711a1c2217859e,2.0.0,ecoli50_strength_v1
course_ecoli50_strength,ecoli50_r008798,3300.96,216.96294062287996,2.336385558468475,cnn_1d,log10_minmax,CNN/runs/cnn_ecoli50_integrated_20261002_v2/best_checkpoint.pt,,,,cnn_ecoli50_integrated_20261002_v2,ecoli50_random_20260928_v1,val,20260928,ok,,0.2810099720954895,log10mm_59711a1c2217859e,2.0.0,ecoli50_strength_v1
course_ecoli50_strength,ecoli50_r008801,121.98,232.91488633700703,2.367197246574236,cnn_1d,log10_minmax,CNN/runs/cnn_ecoli50_integrated_20261002_v2/best_checkpoint.pt,,,,cnn_ecoli50_integrated_20261002_v2,ecoli50_random_20260928_v1,val,20260928,ok,,0.2872017621994018,log10mm_59711a1c2217859e,2.0.0,ecoli50_strength_v1
course_ecoli50_strength,ecoli50_r008802,412.64,130.6730172534451,2.116185919120501,cnn_1d,log10_minmax,CNN/runs/cnn_ecoli50_integrated_20261002_v2/best_checkpoint.pt,,,,cnn_ecoli50_integrated_20261002_v2,ecoli50_random_20260928_v1,val,20260928,ok,,0.2367595583200454,log10mm_59711a1c2217859e,2.0.0,ecoli50_strength_v1
course_ecoli50_strength,ecoli50_r008813,117.9,151.19449714627356,2.179535984931735,cnn_1d,log10_minmax,CNN/runs/cnn_ecoli50_integrated_20261002_v2/best_checkpoint.pt,,,,cnn_ecoli50_integrated_20261002_v2,ecoli50_random_20260928_v1,val,20260928,ok,,0.2494901269674301,log10mm_59711a1c2217859e,2.0.0,ecoli50_strength_v1
course_ecoli50_strength,ecoli50_r008819,61.8,160.06107213156122,2.204285721587438,cnn_1d,log10_minmax,CNN/runs/cnn_ecoli50_integrated_20261002_v2/best_checkpoint.pt,,,,cnn_ecoli50_integrated_20261002_v2,ecoli50_random_20260928_v1,val,20260928,ok,,0.2544637322425842,log10mm_59711a1c2217859e,2.0.0,ecoli50_strength_v1
course_ecoli50_strength,ecoli50_r008822,350.02,177.78036475535276,2.2498837929148503,cnn_1d,log10_minmax,CNN/runs/cnn_ecoli50_integrated_20261002_v2/best_checkpoint.pt,,,,cnn_ecoli50_integrated_20261002_v2,ecoli50_random_20260928_v1,val,20260928,ok,,0.2636269330978393,log10mm_59711a1c2217859e,2.0.0,ecoli50_strength_v1
course_ecoli50_strength,ecoli50_r008830,296.9,280.9815317113719,2.44867777563666,cnn_1d,log10_minmax,CNN/runs/cnn_ecoli50_integrated_20261002_v2/best_checkpoint.pt,,,,cnn_ecoli50_integrated_20261002_v2,ecoli50_random_20260928_v1,val,20260928,ok,,0.3035757541656494,log10mm_59711a1c2217859e,2.0.0,ecoli50_strength_v1
course_ecoli50_strength,ecoli50_r008840,87.76,127.9449149953569,2.107023030095489,cnn_1d,log10_minmax,CNN/runs/cnn_ecoli50_integrated_20261002_v2/best_checkpoint.pt,,,,cnn_ecoli50_integrated_20261002_v2,ecoli50_random_20260928_v1,val,20260928,ok,,0.2349182218313217,log10mm_59711a1c2217859e,2.0.0,ecoli50_strength_v1
course_ecoli50_strength,ecoli50_r008850,80.52,145.45133273330947,2.162717704930417,cnn_1d,log10_minmax,CNN/runs/cnn_ecoli50_integrated_20261002_v2/best_checkpoint.pt,,,,cnn_ecoli50_integrated_20261002_v2,ecoli50_random_20260928_v1,val,20260928,ok,,0.2461103945970535,log10mm_59711a1c2217859e,2.0.0,ecoli50_strength_v1
course_ecoli50_strength,ecoli50_r008851,589.31,218.5839466366293,2.3396182630888065,cnn_1d,log10_minmax,CNN/runs/cnn_ecoli50_integrated_20261002_v2/best_checkpoint.pt,,,,cnn_ecoli50_integrated_20261002_v2,ecoli50_random_20260928_v1,val,20260928,ok,,0.2816596031188965,log10mm_59711a1c2217859e,2.0.0,ecoli50_strength_v1
course_ecoli50_strength,ecoli50_r008868,60.13,124.1042652841453,2.0937867078285906,cnn_1d,log10_minmax,CNN/runs/cnn_ecoli50_integrated_20261002_v2/best_checkpoint.pt,,,,cnn_ecoli50_integrated_20261002_v2,ecoli50_random_20260928_v1,val,20260928,ok,,0.2322583049535751,log10mm_59711a1c2217859e,2.0.0,ecoli50_strength_v1
course_ecoli50_strength,ecoli50_r008870,133.75,225.53475594519952,2.3532134781523477,cnn_1d,log10_minmax,CNN/runs/cnn_ecoli50_integrated_20261002_v2/best_checkpoint.pt,,,,cnn_ecoli50_integrated_20261002_v2,ecoli50_random_20260928_v1,val,20260928,ok,,0.2843916416168213,log10mm_59711a1c2217859e,2.0.0,ecoli50_strength_v1
course_ecoli50_strength,ecoli50_r008871,198.76,268.9720648434477,2.429707176975149,cnn_1d,log10_minmax,CNN/runs/cnn_ecoli50_integrated_20261002_v2/best_checkpoint.pt,,,,cnn_ecoli50_integrated_20261002_v2,ecoli50_random_20260928_v1,val,20260928,ok,,0.2997635006904602,log10mm_59711a1c2217859e,2.0.0,ecoli50_strength_v1
course_ecoli50_strength,ecoli50_r008876,2224.27,269.16078791510506,2.430011790943869,cnn_1d,log10_minmax,CNN/runs/cnn_ecoli50_integrated_20261002_v2/best_checkpoint.pt,,,,cnn_ecoli50_integrated_20261002_v2,ecoli50_random_20260928_v1,val,20260928,ok,,0.2998247146606445,log10mm_59711a1c2217859e,2.0.0,ecoli50_strength_v1
course_ecoli50_strength,ecoli50_r008882,44.58,189.37660989795992,2.277326337816432,cnn_1d,log10_minmax,CNN/runs/cnn_ecoli50_integrated_20261002_v2/best_checkpoint.pt,,,,cnn_ecoli50_integrated_20261002_v2,ecoli50_random_20260928_v1,val,20260928,ok,,0.269141674041748,log10mm_59711a1c2217859e,2.0.0,ecoli50_strength_v1
course_ecoli50_strength,ecoli50_r008888,382.45,89.78255035532224,1.9531919377721605,cnn_1d,log10_minmax,CNN/runs/cnn_ecoli50_integrated_20261002_v2/best_checkpoint.pt,,,,cnn_ecoli50_integrated_20261002_v2,ecoli50_random_20260928_v1,val,20260928,ok,,0.2040049582719802,log10mm_59711a1c2217859e,2.0.0,ecoli50_strength_v1
course_ecoli50_strength,ecoli50_r008896,1618.14,214.22793874739315,2.330876109131594,cnn_1d,log10_minmax,CNN/runs/cnn_ecoli50_integrated_20261002_v2/best_checkpoint.pt,,,,cnn_ecoli50_integrated_20261002_v2,ecoli50_random_20260928_v1,val,20260928,ok,,0.2799028158187866,log10mm_59711a1c2217859e,2.0.0,ecoli50_strength_v1
course_ecoli50_strength,ecoli50_r008897,181.16,126.59202985455694,2.1024063636659576,cnn_1d,log10_minmax,CNN/runs/cnn_ecoli50_integrated_20261002_v2/best_checkpoint.pt,,,,cnn_ecoli50_integrated_20261002_v2,ecoli50_random_20260928_v1,val,20260928,ok,,0.2339904755353927,log10mm_59711a1c2217859e,2.0.0,ecoli50_strength_v1
course_ecoli50_strength,ecoli50_r008906,364.09,109.84146165139072,2.040766303388476,cnn_1d,log10_minmax,CNN/runs/cnn_ecoli50_integrated_20261002_v2/best_checkpoint.pt,,,,cnn_ecoli50_integrated_20261002_v2,ecoli50_random_20260928_v1,val,20260928,ok,,0.2216035425662994,log10mm_59711a1c2217859e,2.0.0,ecoli50_strength_v1
course_ecoli50_strength,ecoli50_r008907,95.74,130.29441195311398,2.114925790156424,cnn_1d,log10_minmax,CNN/runs/cnn_ecoli50_integrated_20261002_v2/best_checkpoint.pt,,,,cnn_ecoli50_integrated_20261002_v2,ecoli50_random_20260928_v1,val,20260928,ok,,0.2365063279867172,log10mm_59711a1c2217859e,2.0.0,ecoli50_strength_v1
course_ecoli50_strength,ecoli50_r008908,67.1,98.11662149545546,1.991742585486834,cnn_1d,log10_minmax,CNN/runs/cnn_ecoli50_integrated_20261002_v2/best_checkpoint.pt,,,,cnn_ecoli50_integrated_20261002_v2,ecoli50_random_20260928_v1,val,20260928,ok,,0.2117519378662109,log10mm_59711a1c2217859e,2.0.0,ecoli50_strength_v1
course_ecoli50_strength,ecoli50_r008917,550.4,363.9813602411762,2.561079143671922,cnn_1d,log10_minmax,CNN/runs/cnn_ecoli50_integrated_20261002_v2/best_checkpoint.pt,,,,cnn_ecoli50_integrated_20261002_v2,ecoli50_random_20260928_v1,val,20260928,ok,,0.3261634707450866,log10mm_59711a1c2217859e,2.0.0,ecoli50_strength_v1
course_ecoli50_strength,ecoli50_r008919,550.4,374.8983813490741,2.5739135653277048,cnn_1d,log10_minmax,CNN/runs/cnn_ecoli50_integrated_20261002_v2/best_checkpoint.pt,,,,cnn_ecoli50_integrated_20261002_v2,ecoli50_random_20260928_v1,val,20260928,ok,,0.3287426233291626,log10mm_59711a1c2217859e,2.0.0,ecoli50_strength_v1
course_ecoli50_strength,ecoli50_r008923,467.53,111.17335836067338,2.0460007251669383,cnn_1d,log10_minmax,CNN/runs/cnn_ecoli50_integrated_20261002_v2/best_checkpoint.pt,,,,cnn_ecoli50_integrated_20261002_v2,ecoli50_random_20260928_v1,val,20260928,ok,,0.2226554304361343,log10mm_59711a1c2217859e,2.0.0,ecoli50_strength_v1
course_ecoli50_strength,ecoli50_r008934,72.92,119.13685536892211,2.076046132661026,cnn_1d,log10_minmax,CNN/runs/cnn_ecoli50_integrated_20261002_v2/best_checkpoint.pt,,,,cnn_ecoli50_integrated_20261002_v2,ecoli50_random_20260928_v1,val,20260928,ok,,0.2286932319402694,log10mm_59711a1c2217859e,2.0.0,ecoli50_strength_v1
course_ecoli50_strength,ecoli50_r008938,84.19,151.30698883501302,2.179858988448713,cnn_1d,log10_minmax,CNN/runs/cnn_ecoli50_integrated_20261002_v2/best_checkpoint.pt,,,,cnn_ecoli50_integrated_20261002_v2,ecoli50_random_20260928_v1,val,20260928,ok,,0.2495550364255905,log10mm_59711a1c2217859e,2.0.0,ecoli50_strength_v1
course_ecoli50_strength,ecoli50_r008950,4498.01,180.58994314804303,2.2566935612769203,cnn_1d,log10_minmax,CNN/runs/cnn_ecoli50_integrated_20261002_v2/best_checkpoint.pt,,,,cnn_ecoli50_integrated_20261002_v2,ecoli50_random_20260928_v1,val,20260928,ok,,0.2649953961372375,log10mm_59711a1c2217859e,2.0.0,ecoli50_strength_v1
course_ecoli50_strength,ecoli50_r008976,54.12,245.708388379784,2.390419983361912,cnn_1d,log10_minmax,CNN/runs/cnn_ecoli50_integrated_20261002_v2/best_checkpoint.pt,,,,cnn_ecoli50_integrated_20261002_v2,ecoli50_random_20260928_v1,val,20260928,ok,,0.291868507862091,log10mm_59711a1c2217859e,2.0.0,ecoli50_strength_v1
course_ecoli50_strength,ecoli50_r008989,98.4,150.43856991068873,2.177359196308135,cnn_1d,log10_minmax,CNN/runs/cnn_ecoli50_integrated_20261002_v2/best_checkpoint.pt,,,,cnn_ecoli50_integrated_20261002_v2,ecoli50_random_20260928_v1,val,20260928,ok,,0.2490526884794235,log10mm_59711a1c2217859e,2.0.0,ecoli50_strength_v1
course_ecoli50_strength,ecoli50_r008990,75.54,163.12037925399315,2.212508222503562,cnn_1d,log10_minmax,CNN/runs/cnn_ecoli50_integrated_20261002_v2/best_checkpoint.pt,,,,cnn_ecoli50_integrated_20261002_v2,ecoli50_random_20260928_v1,val,20260928,ok,,0.2561160922050476,log10mm_59711a1c2217859e,2.0.0,ecoli50_strength_v1
course_ecoli50_strength,ecoli50_r008991,210.98,103.20667546547072,2.0137077886095818,cnn_1d,log10_minmax,CNN/runs/cnn_ecoli50_integrated_20261002_v2/best_checkpoint.pt,,,,cnn_ecoli50_integrated_20261002_v2,ecoli50_random_20260928_v1,val,20260928,ok,,0.2161659747362136,log10mm_59711a1c2217859e,2.0.0,ecoli50_strength_v1
course_ecoli50_strength,ecoli50_r008992,210.98,198.59242254781552,2.297962673623349,cnn_1d,log10_minmax,CNN/runs/cnn_ecoli50_integrated_20261002_v2/best_checkpoint.pt,,,,cnn_ecoli50_integrated_20261002_v2,ecoli50_random_20260928_v1,val,20260928,ok,,0.2732886672019958,log10mm_59711a1c2217859e,2.0.0,ecoli50_strength_v1
course_ecoli50_strength,ecoli50_r008996,215.48,296.9519767976151,2.472686220703926,cnn_1d,log10_minmax,CNN/runs/cnn_ecoli50_integrated_20261002_v2/best_checkpoint.pt,,,,cnn_ecoli50_integrated_20261002_v2,ecoli50_random_20260928_v1,val,20260928,ok,,0.3084003925323486,log10mm_59711a1c2217859e,2.0.0,ecoli50_strength_v1
course_ecoli50_strength,ecoli50_r008998,105.88,137.90601476164275,2.1395832083138164,cnn_1d,log10_minmax,CNN/runs/cnn_ecoli50_integrated_20261002_v2/best_checkpoint.pt,,,,cnn_ecoli50_integrated_20261002_v2,ecoli50_random_20260928_v1,val,20260928,ok,,0.241461381316185,log10mm_59711a1c2217859e,2.0.0,ecoli50_strength_v1
course_ecoli50_strength,ecoli50_r009005,59.44,73.51136529874513,1.8663544888114283,cnn_1d,log10_minmax,CNN/runs/cnn_ecoli50_integrated_20261002_v2/best_checkpoint.pt,,,,cnn_ecoli50_integrated_20261002_v2,ecoli50_random_20260928_v1,val,20260928,ok,,0.1865544617176056,log10mm_59711a1c2217859e,2.0.0,ecoli50_strength_v1
course_ecoli50_strength,ecoli50_r009006,627.36,291.5895079463592,2.464771893023926,cnn_1d,log10_minmax,CNN/runs/cnn_ecoli50_integrated_20261002_v2/best_checkpoint.pt,,,,cnn_ecoli50_integrated_20261002_v2,ecoli50_random_20260928_v1,val,20260928,ok,,0.3068099617958069,log10mm_59711a1c2217859e,2.0.0,ecoli50_strength_v1
course_ecoli50_strength,ecoli50_r009019,126.74,67.77013103379346,1.8310383253507887,cnn_1d,log10_minmax,CNN/runs/cnn_ecoli50_integrated_20261002_v2/best_checkpoint.pt,,,,cnn_ecoli50_integrated_20261002_v2,ecoli50_random_20260928_v1,val,20260928,ok,,0.1794574707746505,log10mm_59711a1c2217859e,2.0.0,ecoli50_strength_v1
course_ecoli50_strength,ecoli50_r009028,74.27,90.41635094206136,1.9562469756278733,cnn_1d,log10_minmax,CNN/runs/cnn_ecoli50_integrated_20261002_v2/best_checkpoint.pt,,,,cnn_ecoli50_integrated_20261002_v2,ecoli50_random_20260928_v1,val,20260928,ok,,0.2046188861131668,log10mm_59711a1c2217859e,2.0.0,ecoli50_strength_v1
course_ecoli50_strength,ecoli50_r009029,415.6,170.6716199598834,2.2321613106899263,cnn_1d,log10_minmax,CNN/runs/cnn_ecoli50_integrated_20261002_v2/best_checkpoint.pt,,,,cnn_ecoli50_integrated_20261002_v2,ecoli50_random_20260928_v1,val,20260928,ok,,0.260065495967865,log10mm_59711a1c2217859e,2.0.0,ecoli50_strength_v1
course_ecoli50_strength,ecoli50_r009030,842.96,152.04983294550266,2.1819859473286467,cnn_1d,log10_minmax,CNN/runs/cnn_ecoli50_integrated_20261002_v2/best_checkpoint.pt,,,,cnn_ecoli50_integrated_20261002_v2,ecoli50_random_20260928_v1,val,20260928,ok,,0.2499824613332748,log10mm_59711a1c2217859e,2.0.0,ecoli50_strength_v1
course_ecoli50_strength,ecoli50_r009031,83.77,198.5341099458352,2.2978351332080136,cnn_1d,log10_minmax,CNN/runs/cnn_ecoli50_integrated_20261002_v2/best_checkpoint.pt,,,,cnn_ecoli50_integrated_20261002_v2,ecoli50_random_20260928_v1,val,20260928,ok,,0.2732630372047424,log10mm_59711a1c2217859e,2.0.0,ecoli50_strength_v1
course_ecoli50_strength,ecoli50_r009035,896.21,239.7692550332792,2.37979349391952,cnn_1d,log10_minmax,CNN/runs/cnn_ecoli50_integrated_20261002_v2/best_checkpoint.pt,,,,cnn_ecoli50_integrated_20261002_v2,ecoli50_random_20260928_v1,val,20260928,ok,,0.2897330522537231,log10mm_59711a1c2217859e,2.0.0,ecoli50_strength_v1
course_ecoli50_strength,ecoli50_r009037,44.4,251.06809910062944,2.399791534438525,cnn_1d,log10_minmax,CNN/runs/cnn_ecoli50_integrated_20261002_v2/best_checkpoint.pt,,,,cnn_ecoli50_integrated_20261002_v2,ecoli50_random_20260928_v1,val,20260928,ok,,0.2937517762184143,log10mm_59711a1c2217859e,2.0.0,ecoli50_strength_v1
course_ecoli50_strength,ecoli50_r009046,314.37,143.72597493924567,2.1575352632863445,cnn_1d,log10_minmax,CNN/runs/cnn_ecoli50_integrated_20261002_v2/best_checkpoint.pt,,,,cnn_ecoli50_integrated_20261002_v2,ecoli50_random_20260928_v1,val,20260928,ok,,0.2450689524412155,log10mm_59711a1c2217859e,2.0.0,ecoli50_strength_v1
course_ecoli50_strength,ecoli50_r009050,425.5,147.30395254012478,2.1682144002257644,cnn_1d,log10_minmax,CNN/runs/cnn_ecoli50_integrated_20261002_v2/best_checkpoint.pt,,,,cnn_ecoli50_integrated_20261002_v2,ecoli50_random_20260928_v1,val,20260928,ok,,0.247214987874031,log10mm_59711a1c2217859e,2.0.0,ecoli50_strength_v1
course_ecoli50_strength,ecoli50_r009053,229.48,120.78688180013032,2.082019769788605,cnn_1d,log10_minmax,CNN/runs/cnn_ecoli50_integrated_20261002_v2/best_checkpoint.pt,,,,cnn_ecoli50_integrated_20261002_v2,ecoli50_random_20260928_v1,val,20260928,ok,,0.2298936694860458,log10mm_59711a1c2217859e,2.0.0,ecoli50_strength_v1
course_ecoli50_strength,ecoli50_r009054,145.01,213.74522464060317,2.3298964207784465,cnn_1d,log10_minmax,CNN/runs/cnn_ecoli50_integrated_20261002_v2/best_checkpoint.pt,,,,cnn_ecoli50_integrated_20261002_v2,ecoli50_random_20260928_v1,val,20260928,ok,,0.2797059416770935,log10mm_59711a1c2217859e,2.0.0,ecoli50_strength_v1
course_ecoli50_strength,ecoli50_r009055,1066.26,296.62118142366785,2.472202160336885,cnn_1d,log10_minmax,CNN/runs/cnn_ecoli50_integrated_20261002_v2/best_checkpoint.pt,,,,cnn_ecoli50_integrated_20261002_v2,ecoli50_random_20260928_v1,val,20260928,ok,,0.3083031177520752,log10mm_59711a1c2217859e,2.0.0,ecoli50_strength_v1
course_ecoli50_strength,ecoli50_r009065,110.71,124.02851457363188,2.0935215424069398,cnn_1d,log10_minmax,CNN/runs/cnn_ecoli50_integrated_20261002_v2/best_checkpoint.pt,,,,cnn_ecoli50_integrated_20261002_v2,ecoli50_random_20260928_v1,val,20260928,ok,,0.2322050184011459,log10mm_59711a1c2217859e,2.0.0,ecoli50_strength_v1
course_ecoli50_strength,ecoli50_r009066,76.16,156.1977075542897,2.193674655637133,cnn_1d,log10_minmax,CNN/runs/cnn_ecoli50_integrated_20261002_v2/best_checkpoint.pt,,,,cnn_ecoli50_integrated_20261002_v2,ecoli50_random_20260928_v1,val,20260928,ok,,0.2523313760757446,log10mm_59711a1c2217859e,2.0.0,ecoli50_strength_v1
course_ecoli50_strength,ecoli50_r009068,211.77,171.0077651949958,2.233015831472675,cnn_1d,log10_minmax,CNN/runs/cnn_ecoli50_integrated_20261002_v2/best_checkpoint.pt,,,,cnn_ecoli50_integrated_20261002_v2,ecoli50_random_20260928_v1,val,20260928,ok,,0.2602372169494629,log10mm_59711a1c2217859e,2.0.0,ecoli50_strength_v1
course_ecoli50_strength,ecoli50_r009070,107.74,149.1544966754642,2.173636350905612,cnn_1d,log10_minmax,CNN/runs/cnn_ecoli50_integrated_20261002_v2/best_checkpoint.pt,,,,cnn_ecoli50_integrated_20261002_v2,ecoli50_random_20260928_v1,val,20260928,ok,,0.2483045607805252,log10mm_59711a1c2217859e,2.0.0,ecoli50_strength_v1
course_ecoli50_strength,ecoli50_r009077,38.6,247.7411980847505,2.393998233526118,cnn_1d,log10_minmax,CNN/runs/cnn_ecoli50_integrated_20261002_v2/best_checkpoint.pt,,,,cnn_ecoli50_integrated_20261002_v2,ecoli50_random_20260928_v1,val,20260928,ok,,0.2925875782966614,log10mm_59711a1c2217859e,2.0.0,ecoli50_strength_v1
course_ecoli50_strength,ecoli50_r009081,52.94,190.00765748534468,2.278771103777129,cnn_1d,log10_minmax,CNN/runs/cnn_ecoli50_integrated_20261002_v2/best_checkpoint.pt,,,,cnn_ecoli50_integrated_20261002_v2,ecoli50_random_20260928_v1,val,20260928,ok,,0.269432008266449,log10mm_59711a1c2217859e,2.0.0,ecoli50_strength_v1
course_ecoli50_strength,ecoli50_r009085,45.29,367.5296884700599,2.5652924264622525,cnn_1d,log10_minmax,CNN/runs/cnn_ecoli50_integrated_20261002_v2/best_checkpoint.pt,,,,cnn_ecoli50_integrated_20261002_v2,ecoli50_random_20260928_v1,val,20260928,ok,,0.3270101547241211,log10mm_59711a1c2217859e,2.0.0,ecoli50_strength_v1
course_ecoli50_strength,ecoli50_r009100,126.32,273.8678954990834,2.4375411245329253,cnn_1d,log10_minmax,CNN/runs/cnn_ecoli50_integrated_20261002_v2/best_checkpoint.pt,,,,cnn_ecoli50_integrated_20261002_v2,ecoli50_random_20260928_v1,val,20260928,ok,,0.3013377785682678,log10mm_59711a1c2217859e,2.0.0,ecoli50_strength_v1
course_ecoli50_strength,ecoli50_r009111,120.25,90.77509142637962,1.9579666949955843,cnn_1d,log10_minmax,CNN/runs/cnn_ecoli50_integrated_20261002_v2/best_checkpoint.pt,,,,cnn_ecoli50_integrated_20261002_v2,ecoli50_random_20260928_v1,val,20260928,ok,,0.2049644738435745,log10mm_59711a1c2217859e,2.0.0,ecoli50_strength_v1
course_ecoli50_strength,ecoli50_r009114,85.48,68.78385804209324,1.8374865314656628,cnn_1d,log10_minmax,CNN/runs/cnn_ecoli50_integrated_20261002_v2/best_checkpoint.pt,,,,cnn_ecoli50_integrated_20261002_v2,ecoli50_random_20260928_v1,val,20260928,ok,,0.1807532757520675,log10mm_59711a1c2217859e,2.0.0,ecoli50_strength_v1
course_ecoli50_strength,ecoli50_r009119,1250.78,329.2799749289472,2.5175653200155863,cnn_1d,log10_minmax,CNN/runs/cnn_ecoli50_integrated_20261002_v2/best_checkpoint.pt,,,,cnn_ecoli50_integrated_20261002_v2,ecoli50_random_20260928_v1,val,20260928,ok,,0.3174191117286682,log10mm_59711a1c2217859e,2.0.0,ecoli50_strength_v1
course_ecoli50_strength,ecoli50_r009121,853.9,231.61477862780524,2.364766266936816,cnn_1d,log10_minmax,CNN/runs/cnn_ecoli50_integrated_20261002_v2/best_checkpoint.pt,,,,cnn_ecoli50_integrated_20261002_v2,ecoli50_random_20260928_v1,val,20260928,ok,,0.2867132425308227,log10mm_59711a1c2217859e,2.0.0,ecoli50_strength_v1
course_ecoli50_strength,ecoli50_r009127,2002.49,182.06834275258208,2.260234439133377,cnn_1d,log10_minmax,CNN/runs/cnn_ecoli50_integrated_20261002_v2/best_checkpoint.pt,,,,cnn_ecoli50_integrated_20261002_v2,ecoli50_random_20260928_v1,val,20260928,ok,,0.2657069563865661,log10mm_59711a1c2217859e,2.0.0,ecoli50_strength_v1
course_ecoli50_strength,ecoli50_r009157,98.97,115.62960543736608,2.0630690437034374,cnn_1d,log10_minmax,CNN/runs/cnn_ecoli50_integrated_20261002_v2/best_checkpoint.pt,,,,cnn_ecoli50_integrated_20261002_v2,ecoli50_random_20260928_v1,val,20260928,ok,,0.2260854095220565,log10mm_59711a1c2217859e,2.0.0,ecoli50_strength_v1
course_ecoli50_strength,ecoli50_r009159,140.95,176.4256840570732,2.246561810003784,cnn_1d,log10_minmax,CNN/runs/cnn_ecoli50_integrated_20261002_v2/best_checkpoint.pt,,,,cnn_ecoli50_integrated_20261002_v2,ecoli50_random_20260928_v1,val,20260928,ok,,0.262959361076355,log10mm_59711a1c2217859e,2.0.0,ecoli50_strength_v1
course_ecoli50_strength,ecoli50_r009170,90.42,141.1100373821665,2.14955790691272,cnn_1d,log10_minmax,CNN/runs/cnn_ecoli50_integrated_20261002_v2/best_checkpoint.pt,,,,cnn_ecoli50_integrated_20261002_v2,ecoli50_random_20260928_v1,val,20260928,ok,,0.243465855717659,log10mm_59711a1c2217859e,2.0.0,ecoli50_strength_v1
course_ecoli50_strength,ecoli50_r009187,50.16,173.73451546699346,2.2398861073806247,cnn_1d,log10_minmax,CNN/runs/cnn_ecoli50_integrated_20261002_v2/best_checkpoint.pt,,,,cnn_ecoli50_integrated_20261002_v2,ecoli50_random_20260928_v1,val,20260928,ok,,0.2616178393363952,log10mm_59711a1c2217859e,2.0.0,ecoli50_strength_v1
course_ecoli50_strength,ecoli50_r009191,422.71,183.6698253222426,2.264037812960931,cnn_1d,log10_minmax,CNN/runs/cnn_ecoli50_integrated_20261002_v2/best_checkpoint.pt,,,,cnn_ecoli50_integrated_20261002_v2,ecoli50_random_20260928_v1,val,20260928,ok,,0.266471266746521,log10mm_59711a1c2217859e,2.0.0,ecoli50_strength_v1
course_ecoli50_strength,ecoli50_r009192,177.81,257.2336947815395,2.4103278557733305,cnn_1d,log10_minmax,CNN/runs/cnn_ecoli50_integrated_20261002_v2/best_checkpoint.pt,,,,cnn_ecoli50_integrated_20261002_v2,ecoli50_random_20260928_v1,val,20260928,ok,,0.2958691120147705,log10mm_59711a1c2217859e,2.0.0,ecoli50_strength_v1
course_ecoli50_strength,ecoli50_r009201,84.19,189.3394939350216,2.2772412120043364,cnn_1d,log10_minmax,CNN/runs/cnn_ecoli50_integrated_20261002_v2/best_checkpoint.pt,,,,cnn_ecoli50_integrated_20261002_v2,ecoli50_random_20260928_v1,val,20260928,ok,,0.2691245675086975,log10mm_59711a1c2217859e,2.0.0,ecoli50_strength_v1
course_ecoli50_strength,ecoli50_r009208,102.94,278.4100259651725,2.444684870819804,cnn_1d,log10_minmax,CNN/runs/cnn_ecoli50_integrated_20261002_v2/best_checkpoint.pt,,,,cnn_ecoli50_integrated_20261002_v2,ecoli50_random_20260928_v1,val,20260928,ok,,0.3027733564376831,log10mm_59711a1c2217859e,2.0.0,ecoli50_strength_v1
course_ecoli50_strength,ecoli50_r009215,26.01,145.88937356144072,2.16402365946233,cnn_1d,log10_minmax,CNN/runs/cnn_ecoli50_integrated_20261002_v2/best_checkpoint.pt,,,,cnn_ecoli50_integrated_20261002_v2,ecoli50_random_20260928_v1,val,20260928,ok,,0.2463728338479995,log10mm_59711a1c2217859e,2.0.0,ecoli50_strength_v1
course_ecoli50_strength,ecoli50_r009216,123.88,132.8868394519103,2.1234819723917395,cnn_1d,log10_minmax,CNN/runs/cnn_ecoli50_integrated_20261002_v2/best_checkpoint.pt,,,,cnn_ecoli50_integrated_20261002_v2,ecoli50_random_20260928_v1,val,20260928,ok,,0.2382257431745529,log10mm_59711a1c2217859e,2.0.0,ecoli50_strength_v1
course_ecoli50_strength,ecoli50_r009219,6325.58,317.9513862872103,2.5023607228738807,cnn_1d,log10_minmax,CNN/runs/cnn_ecoli50_integrated_20261002_v2/best_checkpoint.pt,,,,cnn_ecoli50_integrated_20261002_v2,ecoli50_random_20260928_v1,val,20260928,ok,,0.3143636584281921,log10mm_59711a1c2217859e,2.0.0,ecoli50_strength_v1
course_ecoli50_strength,ecoli50_r009228,505.12,362.4990937003701,2.559306925109991,cnn_1d,log10_minmax,CNN/runs/cnn_ecoli50_integrated_20261002_v2/best_checkpoint.pt,,,,cnn_ecoli50_integrated_20261002_v2,ecoli50_random_20260928_v1,val,20260928,ok,,0.3258073329925537,log10mm_59711a1c2217859e,2.0.0,ecoli50_strength_v1
course_ecoli50_strength,ecoli50_r009238,11037.57,322.07570601569165,2.507957967473412,cnn_1d,log10_minmax,CNN/runs/cnn_ecoli50_integrated_20261002_v2/best_checkpoint.pt,,,,cnn_ecoli50_integrated_20261002_v2,ecoli50_random_20260928_v1,val,20260928,ok,,0.3154884576797485,log10mm_59711a1c2217859e,2.0.0,ecoli50_strength_v1
course_ecoli50_strength,ecoli50_r009249,1557.15,273.3564431938211,2.436729314959033,cnn_1d,log10_minmax,CNN/runs/cnn_ecoli50_integrated_20261002_v2/best_checkpoint.pt,,,,cnn_ecoli50_integrated_20261002_v2,ecoli50_random_20260928_v1,val,20260928,ok,,0.3011746406555176,log10mm_59711a1c2217859e,2.0.0,ecoli50_strength_v1
course_ecoli50_strength,ecoli50_r009254,158.83,276.33610542867524,2.441437632524236,cnn_1d,log10_minmax,CNN/runs/cnn_ecoli50_integrated_20261002_v2/best_checkpoint.pt,,,,cnn_ecoli50_integrated_20261002_v2,ecoli50_random_20260928_v1,val,20260928,ok,,0.3021208047866821,log10mm_59711a1c2217859e,2.0.0,ecoli50_strength_v1
course_ecoli50_strength,ecoli50_r009260,74.6,116.5370025206504,2.0664638432934925,cnn_1d,log10_minmax,CNN/runs/cnn_ecoli50_integrated_20261002_v2/best_checkpoint.pt,,,,cnn_ecoli50_integrated_20261002_v2,ecoli50_random_20260928_v1,val,20260928,ok,,0.2267676144838333,log10mm_59711a1c2217859e,2.0.0,ecoli50_strength_v1
course_ecoli50_strength,ecoli50_r009261,438.39,316.7976061120838,2.500781891174273,cnn_1d,log10_minmax,CNN/runs/cnn_ecoli50_integrated_20261002_v2/best_checkpoint.pt,,,,cnn_ecoli50_integrated_20261002_v2,ecoli50_random_20260928_v1,val,20260928,ok,,0.3140463829040527,log10mm_59711a1c2217859e,2.0.0,ecoli50_strength_v1
course_ecoli50_strength,ecoli50_r009292,44.21,365.2513521196684,2.5625918323189256,cnn_1d,log10_minmax,CNN/runs/cnn_ecoli50_integrated_20261002_v2/best_checkpoint.pt,,,,cnn_ecoli50_integrated_20261002_v2,ecoli50_random_20260928_v1,val,20260928,ok,,0.3264674544334411,log10mm_59711a1c2217859e,2.0.0,ecoli50_strength_v1
course_ecoli50_strength,ecoli50_r009296,137.11,641.9183799657037,2.807479810959871,cnn_1d,log10_minmax,CNN/runs/cnn_ecoli50_integrated_20261002_v2/best_checkpoint.pt,,,,cnn_ecoli50_integrated_20261002_v2,ecoli50_random_20260928_v1,val,20260928,ok,,0.3756791353225708,log10mm_59711a1c2217859e,2.0.0,ecoli50_strength_v1
course_ecoli50_strength,ecoli50_r009298,24768.69,612.8065280205923,2.787323383041356,cnn_1d,log10_minmax,CNN/runs/cnn_ecoli50_integrated_20261002_v2/best_checkpoint.pt,,,,cnn_ecoli50_integrated_20261002_v2,ecoli50_random_20260928_v1,val,20260928,ok,,0.3716285824775696,log10mm_59711a1c2217859e,2.0.0,ecoli50_strength_v1
course_ecoli50_strength,ecoli50_r009299,242.73,448.5937479558957,2.651853216533672,cnn_1d,log10_minmax,CNN/runs/cnn_ecoli50_integrated_20261002_v2/best_checkpoint.pt,,,,cnn_ecoli50_integrated_20261002_v2,ecoli50_random_20260928_v1,val,20260928,ok,,0.3444050550460815,log10mm_59711a1c2217859e,2.0.0,ecoli50_strength_v1
course_ecoli50_strength,ecoli50_r009303,1906.24,331.13711999818025,2.520007867272072,cnn_1d,log10_minmax,CNN/runs/cnn_ecoli50_integrated_20261002_v2/best_checkpoint.pt,,,,cnn_ecoli50_integrated_20261002_v2,ecoli50_random_20260928_v1,val,20260928,ok,,0.3179099559783935,log10mm_59711a1c2217859e,2.0.0,ecoli50_strength_v1
course_ecoli50_strength,ecoli50_r009320,42.89,165.3138480433769,2.218309235162012,cnn_1d,log10_minmax,CNN/runs/cnn_ecoli50_integrated_20261002_v2/best_checkpoint.pt,,,,cnn_ecoli50_integrated_20261002_v2,ecoli50_random_20260928_v1,val,20260928,ok,,0.2572818398475647,log10mm_59711a1c2217859e,2.0.0,ecoli50_strength_v1
course_ecoli50_strength,ecoli50_r009334,295.72,111.9211226002781,2.048912057601186,cnn_1d,log10_minmax,CNN/runs/cnn_ecoli50_integrated_20261002_v2/best_checkpoint.pt,,,,cnn_ecoli50_integrated_20261002_v2,ecoli50_random_20260928_v1,val,20260928,ok,,0.2232404798269271,log10mm_59711a1c2217859e,2.0.0,ecoli50_strength_v1
course_ecoli50_strength,ecoli50_r009335,37.23,120.23101001082549,2.0800164954509848,cnn_1d,log10_minmax,CNN/runs/cnn_ecoli50_integrated_20261002_v2/best_checkpoint.pt,,,,cnn_ecoli50_integrated_20261002_v2,ecoli50_random_20260928_v1,val,20260928,ok,,0.2294910997152328,log10mm_59711a1c2217859e,2.0.0,ecoli50_strength_v1
course_ecoli50_strength,ecoli50_r009354,126.32,111.5041886786056,2.04729118205536,cnn_1d,log10_minmax,CNN/runs/cnn_ecoli50_integrated_20261002_v2/best_checkpoint.pt,,,,cnn_ecoli50_integrated_20261002_v2,ecoli50_random_20260928_v1,val,20260928,ok,,0.2229147553443908,log10mm_59711a1c2217859e,2.0.0,ecoli50_strength_v1
course_ecoli50_strength,ecoli50_r009372,130.34,634.1299744306314,2.8021782821605488,cnn_1d,log10_minmax,CNN/runs/cnn_ecoli50_integrated_20261002_v2/best_checkpoint.pt,,,,cnn_ecoli50_integrated_20261002_v2,ecoli50_random_20260928_v1,val,20260928,ok,,0.3746137619018554,log10mm_59711a1c2217859e,2.0.0,ecoli50_strength_v1
course_ecoli50_strength,ecoli50_r009373,203.81,233.1496349808223,2.367634739859399,cnn_1d,log10_minmax,CNN/runs/cnn_ecoli50_integrated_20261002_v2/best_checkpoint.pt,,,,cnn_ecoli50_integrated_20261002_v2,ecoli50_random_20260928_v1,val,20260928,ok,,0.2872896790504455,log10mm_59711a1c2217859e,2.0.0,ecoli50_strength_v1
course_ecoli50_strength,ecoli50_r009383,28.52,157.000693442354,2.195901570610016,cnn_1d,log10_minmax,CNN/runs/cnn_ecoli50_integrated_20261002_v2/best_checkpoint.pt,,,,cnn_ecoli50_integrated_20261002_v2,ecoli50_random_20260928_v1,val,20260928,ok,,0.2527788877487182,log10mm_59711a1c2217859e,2.0.0,ecoli50_strength_v1
course_ecoli50_strength,ecoli50_r009386,70.45,160.91919337765066,2.2066078469633967,cnn_1d,log10_minmax,CNN/runs/cnn_ecoli50_integrated_20261002_v2/best_checkpoint.pt,,,,cnn_ecoli50_integrated_20261002_v2,ecoli50_random_20260928_v1,val,20260928,ok,,0.2549303770065307,log10mm_59711a1c2217859e,2.0.0,ecoli50_strength_v1
course_ecoli50_strength,ecoli50_r009398,310.6,180.70727344824803,2.256975633218744,cnn_1d,log10_minmax,CNN/runs/cnn_ecoli50_integrated_20261002_v2/best_checkpoint.pt,,,,cnn_ecoli50_integrated_20261002_v2,ecoli50_random_20260928_v1,val,20260928,ok,,0.2650520801544189,log10mm_59711a1c2217859e,2.0.0,ecoli50_strength_v1
course_ecoli50_strength,ecoli50_r009417,192.43,429.2461752675981,2.632706434135628,cnn_1d,log10_minmax,CNN/runs/cnn_ecoli50_integrated_20261002_v2/best_checkpoint.pt,,,,cnn_ecoli50_integrated_20261002_v2,ecoli50_random_20260928_v1,val,20260928,ok,,0.3405573964118957,log10mm_59711a1c2217859e,2.0.0,ecoli50_strength_v1
course_ecoli50_strength,ecoli50_r009422,47.9,127.37976181920008,2.105100432485709,cnn_1d,log10_minmax,CNN/runs/cnn_ecoli50_integrated_20261002_v2/best_checkpoint.pt,,,,cnn_ecoli50_integrated_20261002_v2,ecoli50_random_20260928_v1,val,20260928,ok,,0.2345318645238876,log10mm_59711a1c2217859e,2.0.0,ecoli50_strength_v1
course_ecoli50_strength,ecoli50_r009425,153.87,346.2857700147681,2.53943464537262,cnn_1d,log10_minmax,CNN/runs/cnn_ecoli50_integrated_20261002_v2/best_checkpoint.pt,,,,cnn_ecoli50_integrated_20261002_v2,ecoli50_random_20260928_v1,val,20260928,ok,,0.3218138813972473,log10mm_59711a1c2217859e,2.0.0,ecoli50_strength_v1
course_ecoli50_strength,ecoli50_r009428,89.16,193.13389315162584,2.285858494996767,cnn_1d,log10_minmax,CNN/runs/cnn_ecoli50_integrated_20261002_v2/best_checkpoint.pt,,,,cnn_ecoli50_integrated_20261002_v2,ecoli50_random_20260928_v1,val,20260928,ok,,0.2708562612533569,log10mm_59711a1c2217859e,2.0.0,ecoli50_strength_v1
course_ecoli50_strength,ecoli50_r009436,1379.13,139.78839754837497,2.145471126418065,cnn_1d,log10_minmax,CNN/runs/cnn_ecoli50_integrated_20261002_v2/best_checkpoint.pt,,,,cnn_ecoli50_integrated_20261002_v2,ecoli50_random_20260928_v1,val,20260928,ok,,0.2426445931196212,log10mm_59711a1c2217859e,2.0.0,ecoli50_strength_v1
course_ecoli50_strength,ecoli50_r009445,50.32,205.1193600953476,2.312006652985501,cnn_1d,log10_minmax,CNN/runs/cnn_ecoli50_integrated_20261002_v2/best_checkpoint.pt,,,,cnn_ecoli50_integrated_20261002_v2,ecoli50_random_20260928_v1,val,20260928,ok,,0.2761108875274658,log10mm_59711a1c2217859e,2.0.0,ecoli50_strength_v1
course_ecoli50_strength,ecoli50_r009448,73.58,141.97400039910713,2.1522088196151894,cnn_1d,log10_minmax,CNN/runs/cnn_ecoli50_integrated_20261002_v2/best_checkpoint.pt,,,,cnn_ecoli50_integrated_20261002_v2,ecoli50_random_20260928_v1,val,20260928,ok,,0.243998572230339,log10mm_59711a1c2217859e,2.0.0,ecoli50_strength_v1
course_ecoli50_strength,ecoli50_r009454,380.29,140.4493654547909,2.1475197814150957,cnn_1d,log10_minmax,CNN/runs/cnn_ecoli50_integrated_20261002_v2/best_checkpoint.pt,,,,cnn_ecoli50_integrated_20261002_v2,ecoli50_random_20260928_v1,val,20260928,ok,,0.2430562824010849,log10mm_59711a1c2217859e,2.0.0,ecoli50_strength_v1
course_ecoli50_strength,ecoli50_r009462,101.63,184.35675673337204,2.265659059263778,cnn_1d,log10_minmax,CNN/runs/cnn_ecoli50_integrated_20261002_v2/best_checkpoint.pt,,,,cnn_ecoli50_integrated_20261002_v2,ecoli50_random_20260928_v1,val,20260928,ok,,0.2667970657348633,log10mm_59711a1c2217859e,2.0.0,ecoli50_strength_v1
course_ecoli50_strength,ecoli50_r009463,115.17,165.54896558391533,2.218926471451113,cnn_1d,log10_minmax,CNN/runs/cnn_ecoli50_integrated_20261002_v2/best_checkpoint.pt,,,,cnn_ecoli50_integrated_20261002_v2,ecoli50_random_20260928_v1,val,20260928,ok,,0.2574058771133423,log10mm_59711a1c2217859e,2.0.0,ecoli50_strength_v1
course_ecoli50_strength,ecoli50_r009466,83.87,195.48634323010597,2.291116422770381,cnn_1d,log10_minmax,CNN/runs/cnn_ecoli50_integrated_20261002_v2/best_checkpoint.pt,,,,cnn_ecoli50_integrated_20261002_v2,ecoli50_random_20260928_v1,val,20260928,ok,,0.2719128727912903,log10mm_59711a1c2217859e,2.0.0,ecoli50_strength_v1
course_ecoli50_strength,ecoli50_r009467,59.44,240.4369842083914,2.3810012719921865,cnn_1d,log10_minmax,CNN/runs/cnn_ecoli50_integrated_20261002_v2/best_checkpoint.pt,,,,cnn_ecoli50_integrated_20261002_v2,ecoli50_random_20260928_v1,val,20260928,ok,,0.2899757623672485,log10mm_59711a1c2217859e,2.0.0,ecoli50_strength_v1
course_ecoli50_strength,ecoli50_r009468,65.02,155.2657971008892,2.1910757972204573,cnn_1d,log10_minmax,CNN/runs/cnn_ecoli50_integrated_20261002_v2/best_checkpoint.pt,,,,cnn_ecoli50_integrated_20261002_v2,ecoli50_random_20260928_v1,val,20260928,ok,,0.2518091201782226,log10mm_59711a1c2217859e,2.0.0,ecoli50_strength_v1
course_ecoli50_strength,ecoli50_r009475,295.23,235.7130852550345,2.3723836923941386,cnn_1d,log10_minmax,CNN/runs/cnn_ecoli50_integrated_20261002_v2/best_checkpoint.pt,,,,cnn_ecoli50_integrated_20261002_v2,ecoli50_random_20260928_v1,val,20260928,ok,,0.2882440090179443,log10mm_59711a1c2217859e,2.0.0,ecoli50_strength_v1
course_ecoli50_strength,ecoli50_r009484,63.37,210.22231761316652,2.32267881969292,cnn_1d,log10_minmax,CNN/runs/cnn_ecoli50_integrated_20261002_v2/best_checkpoint.pt,,,,cnn_ecoli50_integrated_20261002_v2,ecoli50_random_20260928_v1,val,20260928,ok,,0.2782555222511291,log10mm_59711a1c2217859e,2.0.0,ecoli50_strength_v1
course_ecoli50_strength,ecoli50_r009488,66.15,170.7000634171667,2.232233682460489,cnn_1d,log10_minmax,CNN/runs/cnn_ecoli50_integrated_20261002_v2/best_checkpoint.pt,,,,cnn_ecoli50_integrated_20261002_v2,ecoli50_random_20260928_v1,val,20260928,ok,,0.2600800395011902,log10mm_59711a1c2217859e,2.0.0,ecoli50_strength_v1
course_ecoli50_strength,ecoli50_r009490,263.78,157.4265248030334,2.197077908487274,cnn_1d,log10_minmax,CNN/runs/cnn_ecoli50_integrated_20261002_v2/best_checkpoint.pt,,,,cnn_ecoli50_integrated_20261002_v2,ecoli50_random_20260928_v1,val,20260928,ok,,0.2530152797698974,log10mm_59711a1c2217859e,2.0.0,ecoli50_strength_v1
course_ecoli50_strength,ecoli50_r009492,152.32,151.66599196554236,2.1808882099399094,cnn_1d,log10_minmax,CNN/runs/cnn_ecoli50_integrated_20261002_v2/best_checkpoint.pt,,,,cnn_ecoli50_integrated_20261002_v2,ecoli50_random_20260928_v1,val,20260928,ok,,0.2497618645429611,log10mm_59711a1c2217859e,2.0.0,ecoli50_strength_v1
course_ecoli50_strength,ecoli50_r009493,178.18,229.2160939662881,2.3602451075159774,cnn_1d,log10_minmax,CNN/runs/cnn_ecoli50_integrated_20261002_v2/best_checkpoint.pt,,,,cnn_ecoli50_integrated_20261002_v2,ecoli50_random_20260928_v1,val,20260928,ok,,0.2858046889305115,log10mm_59711a1c2217859e,2.0.0,ecoli50_strength_v1
course_ecoli50_strength,ecoli50_r009494,1779.96,255.83575452923333,2.407961239554812,cnn_1d,log10_minmax,CNN/runs/cnn_ecoli50_integrated_20261002_v2/best_checkpoint.pt,,,,cnn_ecoli50_integrated_20261002_v2,ecoli50_random_20260928_v1,val,20260928,ok,,0.2953935265541076,log10mm_59711a1c2217859e,2.0.0,ecoli50_strength_v1
course_ecoli50_strength,ecoli50_r009503,19.11,106.78265066750537,2.0285006971548087,cnn_1d,log10_minmax,CNN/runs/cnn_ecoli50_integrated_20261002_v2/best_checkpoint.pt,,,,cnn_ecoli50_integrated_20261002_v2,ecoli50_random_20260928_v1,val,20260928,ok,,0.2191386967897415,log10mm_59711a1c2217859e,2.0.0,ecoli50_strength_v1
course_ecoli50_strength,ecoli50_r009505,358.57,256.7519042762985,2.409513673354502,cnn_1d,log10_minmax,CNN/runs/cnn_ecoli50_integrated_20261002_v2/best_checkpoint.pt,,,,cnn_ecoli50_integrated_20261002_v2,ecoli50_random_20260928_v1,val,20260928,ok,,0.295705497264862,log10mm_59711a1c2217859e,2.0.0,ecoli50_strength_v1
course_ecoli50_strength,ecoli50_r009545,246.44,107.32828522354087,2.03071419072352,cnn_1d,log10_minmax,CNN/runs/cnn_ecoli50_integrated_20261002_v2/best_checkpoint.pt,,,,cnn_ecoli50_integrated_20261002_v2,ecoli50_random_20260928_v1,val,20260928,ok,,0.219583511352539,log10mm_59711a1c2217859e,2.0.0,ecoli50_strength_v1
course_ecoli50_strength,ecoli50_r009547,114.62,154.6355039988043,2.1893092141652506,cnn_1d,log10_minmax,CNN/runs/cnn_ecoli50_integrated_20261002_v2/best_checkpoint.pt,,,,cnn_ecoli50_integrated_20261002_v2,ecoli50_random_20260928_v1,val,20260928,ok,,0.2514541149139404,log10mm_59711a1c2217859e,2.0.0,ecoli50_strength_v1
course_ecoli50_strength,ecoli50_r009550,50.46,107.03637727946366,2.029531401674091,cnn_1d,log10_minmax,CNN/runs/cnn_ecoli50_integrated_20261002_v2/best_checkpoint.pt,,,,cnn_ecoli50_integrated_20261002_v2,ecoli50_random_20260928_v1,val,20260928,ok,,0.219345822930336,log10mm_59711a1c2217859e,2.0.0,ecoli50_strength_v1
course_ecoli50_strength,ecoli50_r009561,120.27,127.64441490540608,2.106001816955953,cnn_1d,log10_minmax,CNN/runs/cnn_ecoli50_integrated_20261002_v2/best_checkpoint.pt,,,,cnn_ecoli50_integrated_20261002_v2,ecoli50_random_20260928_v1,val,20260928,ok,,0.23471300303936,log10mm_59711a1c2217859e,2.0.0,ecoli50_strength_v1
course_ecoli50_strength,ecoli50_r009565,440.98,201.8538393018073,2.305037014195836,cnn_1d,log10_minmax,CNN/runs/cnn_ecoli50_integrated_20261002_v2/best_checkpoint.pt,,,,cnn_ecoli50_integrated_20261002_v2,ecoli50_random_20260928_v1,val,20260928,ok,,0.2747102975845337,log10mm_59711a1c2217859e,2.0.0,ecoli50_strength_v1
course_ecoli50_strength,ecoli50_r009566,31.91,120.01983699484995,2.079253032592673,cnn_1d,log10_minmax,CNN/runs/cnn_ecoli50_integrated_20261002_v2/best_checkpoint.pt,,,,cnn_ecoli50_integrated_20261002_v2,ecoli50_random_20260928_v1,val,20260928,ok,,0.229337677359581,log10mm_59711a1c2217859e,2.0.0,ecoli50_strength_v1
course_ecoli50_strength,ecoli50_r009580,646.45,142.15999927522927,2.1527774125830925,cnn_1d,log10_minmax,CNN/runs/cnn_ecoli50_integrated_20261002_v2/best_checkpoint.pt,,,,cnn_ecoli50_integrated_20261002_v2,ecoli50_random_20260928_v1,val,20260928,ok,,0.2441128343343734,log10mm_59711a1c2217859e,2.0.0,ecoli50_strength_v1
course_ecoli50_strength,ecoli50_r009583,69.27,200.5117237503358,2.3021397705283984,cnn_1d,log10_minmax,CNN/runs/cnn_ecoli50_integrated_20261002_v2/best_checkpoint.pt,,,,cnn_ecoli50_integrated_20261002_v2,ecoli50_random_20260928_v1,val,20260928,ok,,0.2741280794143677,log10mm_59711a1c2217859e,2.0.0,ecoli50_strength_v1
course_ecoli50_strength,ecoli50_r009599,148.33,152.64396536554693,2.183679639553461,cnn_1d,log10_minmax,CNN/runs/cnn_ecoli50_integrated_20261002_v2/best_checkpoint.pt,,,,cnn_ecoli50_integrated_20261002_v2,ecoli50_random_20260928_v1,val,20260928,ok,,0.2503228187561035,log10mm_59711a1c2217859e,2.0.0,ecoli50_strength_v1
course_ecoli50_strength,ecoli50_r009600,137.4,181.22067051256928,2.258207732952009,cnn_1d,log10_minmax,CNN/runs/cnn_ecoli50_integrated_20261002_v2/best_checkpoint.pt,,,,cnn_ecoli50_integrated_20261002_v2,ecoli50_random_20260928_v1,val,20260928,ok,,0.2652996778488159,log10mm_59711a1c2217859e,2.0.0,ecoli50_strength_v1
course_ecoli50_strength,ecoli50_r009602,288.64,149.99055757629714,2.176063919578436,cnn_1d,log10_minmax,CNN/runs/cnn_ecoli50_integrated_20261002_v2/best_checkpoint.pt,,,,cnn_ecoli50_integrated_20261002_v2,ecoli50_random_20260928_v1,val,20260928,ok,,0.2487923949956894,log10mm_59711a1c2217859e,2.0.0,ecoli50_strength_v1
course_ecoli50_strength,ecoli50_r009611,484.85,123.02509673622828,2.0899937151976333,cnn_1d,log10_minmax,CNN/runs/cnn_ecoli50_integrated_20261002_v2/best_checkpoint.pt,,,,cnn_ecoli50_integrated_20261002_v2,ecoli50_random_20260928_v1,val,20260928,ok,,0.2314960807561874,log10mm_59711a1c2217859e,2.0.0,ecoli50_strength_v1
course_ecoli50_strength,ecoli50_r009615,645.49,297.31948609892675,2.473223373476421,cnn_1d,log10_minmax,CNN/runs/cnn_ecoli50_integrated_20261002_v2/best_checkpoint.pt,,,,cnn_ecoli50_integrated_20261002_v2,ecoli50_random_20260928_v1,val,20260928,ok,,0.3085083365440368,log10mm_59711a1c2217859e,2.0.0,ecoli50_strength_v1
course_ecoli50_strength,ecoli50_r009625,21.81,112.16572232424409,2.049860157456117,cnn_1d,log10_minmax,CNN/runs/cnn_ecoli50_integrated_20261002_v2/best_checkpoint.pt,,,,cnn_ecoli50_integrated_20261002_v2,ecoli50_random_20260928_v1,val,20260928,ok,,0.2234310060739517,log10mm_59711a1c2217859e,2.0.0,ecoli50_strength_v1
course_ecoli50_strength,ecoli50_r009630,15.36,160.22534789121949,2.204731223224261,cnn_1d,log10_minmax,CNN/runs/cnn_ecoli50_integrated_20261002_v2/best_checkpoint.pt,,,,cnn_ecoli50_integrated_20261002_v2,ecoli50_random_20260928_v1,val,20260928,ok,,0.2545532584190368,log10mm_59711a1c2217859e,2.0.0,ecoli50_strength_v1
course_ecoli50_strength,ecoli50_r009640,66.15,267.73002633165675,2.4276970807083367,cnn_1d,log10_minmax,CNN/runs/cnn_ecoli50_integrated_20261002_v2/best_checkpoint.pt,,,,cnn_ecoli50_integrated_20261002_v2,ecoli50_random_20260928_v1,val,20260928,ok,,0.2993595600128174,log10mm_59711a1c2217859e,2.0.0,ecoli50_strength_v1
course_ecoli50_strength,ecoli50_r009642,216.48,130.10016734515486,2.1142778551859567,cnn_1d,log10_minmax,CNN/runs/cnn_ecoli50_integrated_20261002_v2/best_checkpoint.pt,,,,cnn_ecoli50_integrated_20261002_v2,ecoli50_random_20260928_v1,val,20260928,ok,,0.2363761216402053,log10mm_59711a1c2217859e,2.0.0,ecoli50_strength_v1
course_ecoli50_strength,ecoli50_r009651,159.75,216.55494906826715,2.3355681133878585,cnn_1d,log10_minmax,CNN/runs/cnn_ecoli50_integrated_20261002_v2/best_checkpoint.pt,,,,cnn_ecoli50_integrated_20261002_v2,ecoli50_random_20260928_v1,val,20260928,ok,,0.2808457016944885,log10mm_59711a1c2217859e,2.0.0,ecoli50_strength_v1
course_ecoli50_strength,ecoli50_r009653,6323.27,296.30755045647913,2.47174271823606,cnn_1d,log10_minmax,CNN/runs/cnn_ecoli50_integrated_20261002_v2/best_checkpoint.pt,,,,cnn_ecoli50_integrated_20261002_v2,ecoli50_random_20260928_v1,val,20260928,ok,,0.3082107901573181,log10mm_59711a1c2217859e,2.0.0,ecoli50_strength_v1
course_ecoli50_strength,ecoli50_r009659,521.69,154.42527228890935,2.188718375776068,cnn_1d,log10_minmax,CNN/runs/cnn_ecoli50_integrated_20261002_v2/best_checkpoint.pt,,,,cnn_ecoli50_integrated_20261002_v2,ecoli50_random_20260928_v1,val,20260928,ok,,0.2513353824615478,log10mm_59711a1c2217859e,2.0.0,ecoli50_strength_v1
course_ecoli50_strength,ecoli50_r009687,1088.42,163.43852654589105,2.213354438329033,cnn_1d,log10_minmax,CNN/runs/cnn_ecoli50_integrated_20261002_v2/best_checkpoint.pt,,,,cnn_ecoli50_integrated_20261002_v2,ecoli50_random_20260928_v1,val,20260928,ok,,0.2562861442565918,log10mm_59711a1c2217859e,2.0.0,ecoli50_strength_v1
course_ecoli50_strength,ecoli50_r009694,22.6,137.5051381923979,2.1383189268711,cnn_1d,log10_minmax,CNN/runs/cnn_ecoli50_integrated_20261002_v2/best_checkpoint.pt,,,,cnn_ecoli50_integrated_20261002_v2,ecoli50_random_20260928_v1,val,20260928,ok,,0.2412073165178299,log10mm_59711a1c2217859e,2.0.0,ecoli50_strength_v1
course_ecoli50_strength,ecoli50_r009706,56.0,132.4782032642992,2.12214442936161,cnn_1d,log10_minmax,CNN/runs/cnn_ecoli50_integrated_20261002_v2/best_checkpoint.pt,,,,cnn_ecoli50_integrated_20261002_v2,ecoli50_random_20260928_v1,val,20260928,ok,,0.2379569560289383,log10mm_59711a1c2217859e,2.0.0,ecoli50_strength_v1
course_ecoli50_strength,ecoli50_r009708,1211.16,121.3158240430427,2.083917452526552,cnn_1d,log10_minmax,CNN/runs/cnn_ecoli50_integrated_20261002_v2/best_checkpoint.pt,,,,cnn_ecoli50_integrated_20261002_v2,ecoli50_random_20260928_v1,val,20260928,ok,,0.2302750200033188,log10mm_59711a1c2217859e,2.0.0,ecoli50_strength_v1
course_ecoli50_strength,ecoli50_r009709,109.53,153.62916300780105,2.186473664466161,cnn_1d,log10_minmax,CNN/runs/cnn_ecoli50_integrated_20261002_v2/best_checkpoint.pt,,,,cnn_ecoli50_integrated_20261002_v2,ecoli50_random_20260928_v1,val,20260928,ok,,0.2508842945098877,log10mm_59711a1c2217859e,2.0.0,ecoli50_strength_v1
course_ecoli50_strength,ecoli50_r009717,401.57,123.85769464988402,2.0929229922717134,cnn_1d,log10_minmax,CNN/runs/cnn_ecoli50_integrated_20261002_v2/best_checkpoint.pt,,,,cnn_ecoli50_integrated_20261002_v2,ecoli50_random_20260928_v1,val,20260928,ok,,0.2320847362279892,log10mm_59711a1c2217859e,2.0.0,ecoli50_strength_v1
course_ecoli50_strength,ecoli50_r009733,110.71,118.18027601484047,2.0725449999572554,cnn_1d,log10_minmax,CNN/runs/cnn_ecoli50_integrated_20261002_v2/best_checkpoint.pt,,,,cnn_ecoli50_integrated_20261002_v2,ecoli50_random_20260928_v1,val,20260928,ok,,0.2279896587133407,log10mm_59711a1c2217859e,2.0.0,ecoli50_strength_v1
course_ecoli50_strength,ecoli50_r009734,521.24,161.8558502427479,2.2091284014971686,cnn_1d,log10_minmax,CNN/runs/cnn_ecoli50_integrated_20261002_v2/best_checkpoint.pt,,,,cnn_ecoli50_integrated_20261002_v2,ecoli50_random_20260928_v1,val,20260928,ok,,0.255436897277832,log10mm_59711a1c2217859e,2.0.0,ecoli50_strength_v1
course_ecoli50_strength,ecoli50_r009740,24040.33,369.1048661633353,2.56714977083628,cnn_1d,log10_minmax,CNN/runs/cnn_ecoli50_integrated_20261002_v2/best_checkpoint.pt,,,,cnn_ecoli50_integrated_20261002_v2,ecoli50_random_20260928_v1,val,20260928,ok,,0.3273833990097046,log10mm_59711a1c2217859e,2.0.0,ecoli50_strength_v1
course_ecoli50_strength,ecoli50_r009751,168.37,348.1101841518523,2.541716728990276,cnn_1d,log10_minmax,CNN/runs/cnn_ecoli50_integrated_20261002_v2/best_checkpoint.pt,,,,cnn_ecoli50_integrated_20261002_v2,ecoli50_random_20260928_v1,val,20260928,ok,,0.3222724795341491,log10mm_59711a1c2217859e,2.0.0,ecoli50_strength_v1
course_ecoli50_strength,ecoli50_r009763,38.58,127.84306905299673,2.106677187945998,cnn_1d,log10_minmax,CNN/runs/cnn_ecoli50_integrated_20261002_v2/best_checkpoint.pt,,,,cnn_ecoli50_integrated_20261002_v2,ecoli50_random_20260928_v1,val,20260928,ok,,0.2348487228155136,log10mm_59711a1c2217859e,2.0.0,ecoli50_strength_v1
course_ecoli50_strength,ecoli50_r009766,3858.18,158.59112369385616,2.2002788763065806,cnn_1d,log10_minmax,CNN/runs/cnn_ecoli50_integrated_20261002_v2/best_checkpoint.pt,,,,cnn_ecoli50_integrated_20261002_v2,ecoli50_random_20260928_v1,val,20260928,ok,,0.2536585330963135,log10mm_59711a1c2217859e,2.0.0,ecoli50_strength_v1
course_ecoli50_strength,ecoli50_r009769,157.45,248.5273488191576,2.3953741869836573,cnn_1d,log10_minmax,CNN/runs/cnn_ecoli50_integrated_20261002_v2/best_checkpoint.pt,,,,cnn_ecoli50_integrated_20261002_v2,ecoli50_random_20260928_v1,val,20260928,ok,,0.2928640842437744,log10mm_59711a1c2217859e,2.0.0,ecoli50_strength_v1
course_ecoli50_strength,ecoli50_r009781,1297.84,124.8719541795354,2.096464908247829,cnn_1d,log10_minmax,CNN/runs/cnn_ecoli50_integrated_20261002_v2/best_checkpoint.pt,,,,cnn_ecoli50_integrated_20261002_v2,ecoli50_random_20260928_v1,val,20260928,ok,,0.2327965050935745,log10mm_59711a1c2217859e,2.0.0,ecoli50_strength_v1
course_ecoli50_strength,ecoli50_r009788,614.54,256.88643387619913,2.409741169862787,cnn_1d,log10_minmax,CNN/runs/cnn_ecoli50_integrated_20261002_v2/best_checkpoint.pt,,,,cnn_ecoli50_integrated_20261002_v2,ecoli50_random_20260928_v1,val,20260928,ok,,0.2957512140274048,log10mm_59711a1c2217859e,2.0.0,ecoli50_strength_v1
course_ecoli50_strength,ecoli50_r009790,27.24,125.38242982192926,2.098236681901335,cnn_1d,log10_minmax,CNN/runs/cnn_ecoli50_integrated_20261002_v2/best_checkpoint.pt,,,,cnn_ecoli50_integrated_20261002_v2,ecoli50_random_20260928_v1,val,20260928,ok,,0.2331525534391403,log10mm_59711a1c2217859e,2.0.0,ecoli50_strength_v1
course_ecoli50_strength,ecoli50_r009792,108.24,187.5209860567103,2.273049878029668,cnn_1d,log10_minmax,CNN/runs/cnn_ecoli50_integrated_20261002_v2/best_checkpoint.pt,,,,cnn_ecoli50_integrated_20261002_v2,ecoli50_random_20260928_v1,val,20260928,ok,,0.2682822942733764,log10mm_59711a1c2217859e,2.0.0,ecoli50_strength_v1
course_ecoli50_strength,ecoli50_r009812,103.16,270.04109626927453,2.4314298623990305,cnn_1d,log10_minmax,CNN/runs/cnn_ecoli50_integrated_20261002_v2/best_checkpoint.pt,,,,cnn_ecoli50_integrated_20261002_v2,ecoli50_random_20260928_v1,val,20260928,ok,,0.3001096844673157,log10mm_59711a1c2217859e,2.0.0,ecoli50_strength_v1
course_ecoli50_strength,ecoli50_r009819,313.12,262.68347834517,2.4194327584002067,cnn_1d,log10_minmax,CNN/runs/cnn_ecoli50_integrated_20261002_v2/best_checkpoint.pt,,,,cnn_ecoli50_integrated_20261002_v2,ecoli50_random_20260928_v1,val,20260928,ok,,0.2976987957954407,log10mm_59711a1c2217859e,2.0.0,ecoli50_strength_v1
course_ecoli50_strength,ecoli50_r009820,51.11,191.2129823264173,2.281517375185484,cnn_1d,log10_minmax,CNN/runs/cnn_ecoli50_integrated_20261002_v2/best_checkpoint.pt,,,,cnn_ecoli50_integrated_20261002_v2,ecoli50_random_20260928_v1,val,20260928,ok,,0.2699838876724243,log10mm_59711a1c2217859e,2.0.0,ecoli50_strength_v1
course_ecoli50_strength,ecoli50_r009822,23.93,163.53019384127225,2.2135979515406388,cnn_1d,log10_minmax,CNN/runs/cnn_ecoli50_integrated_20261002_v2/best_checkpoint.pt,,,,cnn_ecoli50_integrated_20261002_v2,ecoli50_random_20260928_v1,val,20260928,ok,,0.2563350796699524,log10mm_59711a1c2217859e,2.0.0,ecoli50_strength_v1
course_ecoli50_strength,ecoli50_r009824,173.75,162.21971750345975,2.2101036407660604,cnn_1d,log10_minmax,CNN/runs/cnn_ecoli50_integrated_20261002_v2/best_checkpoint.pt,,,,cnn_ecoli50_integrated_20261002_v2,ecoli50_random_20260928_v1,val,20260928,ok,,0.2556328773498535,log10mm_59711a1c2217859e,2.0.0,ecoli50_strength_v1
course_ecoli50_strength,ecoli50_r009828,1531.8,270.1707797052055,2.4316383761478235,cnn_1d,log10_minmax,CNN/runs/cnn_ecoli50_integrated_20261002_v2/best_checkpoint.pt,,,,cnn_ecoli50_integrated_20261002_v2,ecoli50_random_20260928_v1,val,20260928,ok,,0.3001515865325928,log10mm_59711a1c2217859e,2.0.0,ecoli50_strength_v1
course_ecoli50_strength,ecoli50_r009841,328.78,123.65340973209884,2.09220609649528,cnn_1d,log10_minmax,CNN/runs/cnn_ecoli50_integrated_20261002_v2/best_checkpoint.pt,,,,cnn_ecoli50_integrated_20261002_v2,ecoli50_random_20260928_v1,val,20260928,ok,,0.231940671801567,log10mm_59711a1c2217859e,2.0.0,ecoli50_strength_v1
course_ecoli50_strength,ecoli50_r009850,72.16,131.3652838221005,2.1184806084768817,cnn_1d,log10_minmax,CNN/runs/cnn_ecoli50_integrated_20261002_v2/best_checkpoint.pt,,,,cnn_ecoli50_integrated_20261002_v2,ecoli50_random_20260928_v1,val,20260928,ok,,0.2372206896543502,log10mm_59711a1c2217859e,2.0.0,ecoli50_strength_v1
course_ecoli50_strength,ecoli50_r009852,1876.18,150.77326895452543,2.178324350986047,cnn_1d,log10_minmax,CNN/runs/cnn_ecoli50_integrated_20261002_v2/best_checkpoint.pt,,,,cnn_ecoli50_integrated_20261002_v2,ecoli50_random_20260928_v1,val,20260928,ok,,0.2492466419935226,log10mm_59711a1c2217859e,2.0.0,ecoli50_strength_v1
course_ecoli50_strength,ecoli50_r009856,1799.4,221.3630705910463,2.345105170398791,cnn_1d,log10_minmax,CNN/runs/cnn_ecoli50_integrated_20261002_v2/best_checkpoint.pt,,,,cnn_ecoli50_integrated_20261002_v2,ecoli50_random_20260928_v1,val,20260928,ok,,0.2827622294425964,log10mm_59711a1c2217859e,2.0.0,ecoli50_strength_v1
course_ecoli50_strength,ecoli50_r009867,10132.55,231.21128788083453,2.364009032796463,cnn_1d,log10_minmax,CNN/runs/cnn_ecoli50_integrated_20261002_v2/best_checkpoint.pt,,,,cnn_ecoli50_integrated_20261002_v2,ecoli50_random_20260928_v1,val,20260928,ok,,0.2865610718727112,log10mm_59711a1c2217859e,2.0.0,ecoli50_strength_v1
course_ecoli50_strength,ecoli50_r009877,40.26,240.23148270706577,2.380629921759628,cnn_1d,log10_minmax,CNN/runs/cnn_ecoli50_integrated_20261002_v2/best_checkpoint.pt,,,,cnn_ecoli50_integrated_20261002_v2,ecoli50_random_20260928_v1,val,20260928,ok,,0.2899011373519897,log10mm_59711a1c2217859e,2.0.0,ecoli50_strength_v1
course_ecoli50_strength,ecoli50_r009883,241.49,161.09304120391846,2.207076780443968,cnn_1d,log10_minmax,CNN/runs/cnn_ecoli50_integrated_20261002_v2/best_checkpoint.pt,,,,cnn_ecoli50_integrated_20261002_v2,ecoli50_random_20260928_v1,val,20260928,ok,,0.2550246119499206,log10mm_59711a1c2217859e,2.0.0,ecoli50_strength_v1
course_ecoli50_strength,ecoli50_r009884,132.63,156.81690997514409,2.1953928919767587,cnn_1d,log10_minmax,CNN/runs/cnn_ecoli50_integrated_20261002_v2/best_checkpoint.pt,,,,cnn_ecoli50_integrated_20261002_v2,ecoli50_random_20260928_v1,val,20260928,ok,,0.2526766657829284,log10mm_59711a1c2217859e,2.0.0,ecoli50_strength_v1
course_ecoli50_strength,ecoli50_r009887,271.21,202.09564915373213,2.305556963842541,cnn_1d,log10_minmax,CNN/runs/cnn_ecoli50_integrated_20261002_v2/best_checkpoint.pt,,,,cnn_ecoli50_integrated_20261002_v2,ecoli50_random_20260928_v1,val,20260928,ok,,0.2748147845268249,log10mm_59711a1c2217859e,2.0.0,ecoli50_strength_v1
course_ecoli50_strength,ecoli50_r009891,748.67,335.98136154780707,2.526315185718843,cnn_1d,log10_minmax,CNN/runs/cnn_ecoli50_integrated_20261002_v2/best_checkpoint.pt,,,,cnn_ecoli50_integrated_20261002_v2,ecoli50_random_20260928_v1,val,20260928,ok,,0.3191774487495422,log10mm_59711a1c2217859e,2.0.0,ecoli50_strength_v1
course_ecoli50_strength,ecoli50_r009898,84.19,151.4101021842154,2.1801548525517296,cnn_1d,log10_minmax,CNN/runs/cnn_ecoli50_integrated_20261002_v2/best_checkpoint.pt,,,,cnn_ecoli50_integrated_20261002_v2,ecoli50_random_20260928_v1,val,20260928,ok,,0.2496144920587539,log10mm_59711a1c2217859e,2.0.0,ecoli50_strength_v1
course_ecoli50_strength,ecoli50_r009904,175.52,128.4366779360996,2.108689063846513,cnn_1d,log10_minmax,CNN/runs/cnn_ecoli50_integrated_20261002_v2/best_checkpoint.pt,,,,cnn_ecoli50_integrated_20261002_v2,ecoli50_random_20260928_v1,val,20260928,ok,,0.235253021121025,log10mm_59711a1c2217859e,2.0.0,ecoli50_strength_v1
course_ecoli50_strength,ecoli50_r009907,43.05,126.29845935532744,2.101398052870764,cnn_1d,log10_minmax,CNN/runs/cnn_ecoli50_integrated_20261002_v2/best_checkpoint.pt,,,,cnn_ecoli50_integrated_20261002_v2,ecoli50_random_20260928_v1,val,20260928,ok,,0.2337878495454788,log10mm_59711a1c2217859e,2.0.0,ecoli50_strength_v1
course_ecoli50_strength,ecoli50_r009909,59.44,276.50676678611654,2.4417057640020583,cnn_1d,log10_minmax,CNN/runs/cnn_ecoli50_integrated_20261002_v2/best_checkpoint.pt,,,,cnn_ecoli50_integrated_20261002_v2,ecoli50_random_20260928_v1,val,20260928,ok,,0.3021746873855591,log10mm_59711a1c2217859e,2.0.0,ecoli50_strength_v1
course_ecoli50_strength,ecoli50_r009920,60.39,110.38368900903832,2.04290490403888,cnn_1d,log10_minmax,CNN/runs/cnn_ecoli50_integrated_20261002_v2/best_checkpoint.pt,,,,cnn_ecoli50_integrated_20261002_v2,ecoli50_random_20260928_v1,val,20260928,ok,,0.2220333069562912,log10mm_59711a1c2217859e,2.0.0,ecoli50_strength_v1
course_ecoli50_strength,ecoli50_r009922,28.81,63.17471098180624,1.8005432637412386,cnn_1d,log10_minmax,CNN/runs/cnn_ecoli50_integrated_20261002_v2/best_checkpoint.pt,,,,cnn_ecoli50_integrated_20261002_v2,ecoli50_random_20260928_v1,val,20260928,ok,,0.1733293086290359,log10mm_59711a1c2217859e,2.0.0,ecoli50_strength_v1
course_ecoli50_strength,ecoli50_r009927,85.45,134.33217824925677,2.128180057063154,cnn_1d,log10_minmax,CNN/runs/cnn_ecoli50_integrated_20261002_v2/best_checkpoint.pt,,,,cnn_ecoli50_integrated_20261002_v2,ecoli50_random_20260928_v1,val,20260928,ok,,0.2391698509454727,log10mm_59711a1c2217859e,2.0.0,ecoli50_strength_v1
course_ecoli50_strength,ecoli50_r009935,4807.43,233.29426229273344,2.367904057759689,cnn_1d,log10_minmax,CNN/runs/cnn_ecoli50_integrated_20261002_v2/best_checkpoint.pt,,,,cnn_ecoli50_integrated_20261002_v2,ecoli50_random_20260928_v1,val,20260928,ok,,0.2873438000679016,log10mm_59711a1c2217859e,2.0.0,ecoli50_strength_v1
course_ecoli50_strength,ecoli50_r009939,52.74,196.86781596279815,2.294174723287882,cnn_1d,log10_minmax,CNN/runs/cnn_ecoli50_integrated_20261002_v2/best_checkpoint.pt,,,,cnn_ecoli50_integrated_20261002_v2,ecoli50_random_20260928_v1,val,20260928,ok,,0.2725274562835693,log10mm_59711a1c2217859e,2.0.0,ecoli50_strength_v1
course_ecoli50_strength,ecoli50_r009943,322.35,240.8587133235263,2.381762362005561,cnn_1d,log10_minmax,CNN/runs/cnn_ecoli50_integrated_20261002_v2/best_checkpoint.pt,,,,cnn_ecoli50_integrated_20261002_v2,ecoli50_random_20260928_v1,val,20260928,ok,,0.2901287078857422,log10mm_59711a1c2217859e,2.0.0,ecoli50_strength_v1
course_ecoli50_strength,ecoli50_r009952,66.15,262.6653593456396,2.419402801232884,cnn_1d,log10_minmax,CNN/runs/cnn_ecoli50_integrated_20261002_v2/best_checkpoint.pt,,,,cnn_ecoli50_integrated_20261002_v2,ecoli50_random_20260928_v1,val,20260928,ok,,0.2976927757263183,log10mm_59711a1c2217859e,2.0.0,ecoli50_strength_v1
course_ecoli50_strength,ecoli50_r009966,58.95,183.43753371644303,2.26348820275252,cnn_1d,log10_minmax,CNN/runs/cnn_ecoli50_integrated_20261002_v2/best_checkpoint.pt,,,,cnn_ecoli50_integrated_20261002_v2,ecoli50_random_20260928_v1,val,20260928,ok,,0.2663608193397522,log10mm_59711a1c2217859e,2.0.0,ecoli50_strength_v1
course_ecoli50_strength,ecoli50_r009975,1324.37,207.48597098696885,2.3169887375352496,cnn_1d,log10_minmax,CNN/runs/cnn_ecoli50_integrated_20261002_v2/best_checkpoint.pt,,,,cnn_ecoli50_integrated_20261002_v2,ecoli50_random_20260928_v1,val,20260928,ok,,0.277112066745758,log10mm_59711a1c2217859e,2.0.0,ecoli50_strength_v1
course_ecoli50_strength,ecoli50_r009976,146.27,128.77052365732965,2.109816461796956,cnn_1d,log10_minmax,CNN/runs/cnn_ecoli50_integrated_20261002_v2/best_checkpoint.pt,,,,cnn_ecoli50_integrated_20261002_v2,ecoli50_random_20260928_v1,val,20260928,ok,,0.2354795783758163,log10mm_59711a1c2217859e,2.0.0,ecoli50_strength_v1
course_ecoli50_strength,ecoli50_r010006,58.61,165.92249513213542,2.2199052699874096,cnn_1d,log10_minmax,CNN/runs/cnn_ecoli50_integrated_20261002_v2/best_checkpoint.pt,,,,cnn_ecoli50_integrated_20261002_v2,ecoli50_random_20260928_v1,val,20260928,ok,,0.2576025724411011,log10mm_59711a1c2217859e,2.0.0,ecoli50_strength_v1
course_ecoli50_strength,ecoli50_r010021,60.95,256.51879307278324,2.409119187883813,cnn_1d,log10_minmax,CNN/runs/cnn_ecoli50_integrated_20261002_v2/best_checkpoint.pt,,,,cnn_ecoli50_integrated_20261002_v2,ecoli50_random_20260928_v1,val,20260928,ok,,0.2956262230873108,log10mm_59711a1c2217859e,2.0.0,ecoli50_strength_v1
course_ecoli50_strength,ecoli50_r010031,48.11,242.0989111819746,2.3839928362458487,cnn_1d,log10_minmax,CNN/runs/cnn_ecoli50_integrated_20261002_v2/best_checkpoint.pt,,,,cnn_ecoli50_integrated_20261002_v2,ecoli50_random_20260928_v1,val,20260928,ok,,0.2905769348144531,log10mm_59711a1c2217859e,2.0.0,ecoli50_strength_v1
course_ecoli50_strength,ecoli50_r010043,244.64,142.79687269969276,2.154718696346747,cnn_1d,log10_minmax,CNN/runs/cnn_ecoli50_integrated_20261002_v2/best_checkpoint.pt,,,,cnn_ecoli50_integrated_20261002_v2,ecoli50_random_20260928_v1,val,20260928,ok,,0.2445029467344284,log10mm_59711a1c2217859e,2.0.0,ecoli50_strength_v1
course_ecoli50_strength,ecoli50_r010045,24.05,75.33773631576868,1.8770125667520368,cnn_1d,log10_minmax,CNN/runs/cnn_ecoli50_integrated_20261002_v2/best_checkpoint.pt,,,,cnn_ecoli50_integrated_20261002_v2,ecoli50_random_20260928_v1,val,20260928,ok,,0.1886962652206421,log10mm_59711a1c2217859e,2.0.0,ecoli50_strength_v1
course_ecoli50_strength,ecoli50_r010046,3477.96,256.8757320715647,2.409723076920146,cnn_1d,log10_minmax,CNN/runs/cnn_ecoli50_integrated_20261002_v2/best_checkpoint.pt,,,,cnn_ecoli50_integrated_20261002_v2,ecoli50_random_20260928_v1,val,20260928,ok,,0.2957475781440735,log10mm_59711a1c2217859e,2.0.0,ecoli50_strength_v1
course_ecoli50_strength,ecoli50_r010048,84.0,144.65825724070564,2.160343228663047,cnn_1d,log10_minmax,CNN/runs/cnn_ecoli50_integrated_20261002_v2/best_checkpoint.pt,,,,cnn_ecoli50_integrated_20261002_v2,ecoli50_random_20260928_v1,val,20260928,ok,,0.2456332296133041,log10mm_59711a1c2217859e,2.0.0,ecoli50_strength_v1
course_ecoli50_strength,ecoli50_r010057,104.03,305.9766070990248,2.485688224533348,cnn_1d,log10_minmax,CNN/runs/cnn_ecoli50_integrated_20261002_v2/best_checkpoint.pt,,,,cnn_ecoli50_integrated_20261002_v2,ecoli50_random_20260928_v1,val,20260928,ok,,0.3110132217407226,log10mm_59711a1c2217859e,2.0.0,ecoli50_strength_v1
course_ecoli50_strength,ecoli50_r010058,61.17,108.07042695627317,2.033706867248246,cnn_1d,log10_minmax,CNN/runs/cnn_ecoli50_integrated_20261002_v2/best_checkpoint.pt,,,,cnn_ecoli50_integrated_20261002_v2,ecoli50_random_20260928_v1,val,20260928,ok,,0.2201849073171615,log10mm_59711a1c2217859e,2.0.0,ecoli50_strength_v1
course_ecoli50_strength,ecoli50_r010076,3746.34,501.18588746439065,2.699998833506009,cnn_1d,log10_minmax,CNN/runs/cnn_ecoli50_integrated_20261002_v2/best_checkpoint.pt,,,,cnn_ecoli50_integrated_20261002_v2,ecoli50_random_20260928_v1,val,20260928,ok,,0.3540802001953125,log10mm_59711a1c2217859e,2.0.0,ecoli50_strength_v1
course_ecoli50_strength,ecoli50_r010077,265.03,144.88655660270368,2.161028091032837,cnn_1d,log10_minmax,CNN/runs/cnn_ecoli50_integrated_20261002_v2/best_checkpoint.pt,,,,cnn_ecoli50_integrated_20261002_v2,ecoli50_random_20260928_v1,val,20260928,ok,,0.2457708567380905,log10mm_59711a1c2217859e,2.0.0,ecoli50_strength_v1
course_ecoli50_strength,ecoli50_r010108,33.55,138.28572232057672,2.140777342528098,cnn_1d,log10_minmax,CNN/runs/cnn_ecoli50_integrated_20261002_v2/best_checkpoint.pt,,,,cnn_ecoli50_integrated_20261002_v2,ecoli50_random_20260928_v1,val,20260928,ok,,0.2417013496160507,log10mm_59711a1c2217859e,2.0.0,ecoli50_strength_v1
course_ecoli50_strength,ecoli50_r010123,55.73,193.0541085263569,2.2856790485984457,cnn_1d,log10_minmax,CNN/runs/cnn_ecoli50_integrated_20261002_v2/best_checkpoint.pt,,,,cnn_ecoli50_integrated_20261002_v2,ecoli50_random_20260928_v1,val,20260928,ok,,0.2708202004432678,log10mm_59711a1c2217859e,2.0.0,ecoli50_strength_v1
course_ecoli50_strength,ecoli50_r010129,336.01,191.96260231988285,2.2832166287656177,cnn_1d,log10_minmax,CNN/runs/cnn_ecoli50_integrated_20261002_v2/best_checkpoint.pt,,,,cnn_ecoli50_integrated_20261002_v2,ecoli50_random_20260928_v1,val,20260928,ok,,0.2703253626823425,log10mm_59711a1c2217859e,2.0.0,ecoli50_strength_v1
course_ecoli50_strength,ecoli50_r010130,351.04,124.01614804503208,2.0934782379868486,cnn_1d,log10_minmax,CNN/runs/cnn_ecoli50_integrated_20261002_v2/best_checkpoint.pt,,,,cnn_ecoli50_integrated_20261002_v2,ecoli50_random_20260928_v1,val,20260928,ok,,0.2321963161230087,log10mm_59711a1c2217859e,2.0.0,ecoli50_strength_v1
course_ecoli50_strength,ecoli50_r010131,42.55,244.2367657903736,2.387811040354256,cnn_1d,log10_minmax,CNN/runs/cnn_ecoli50_integrated_20261002_v2/best_checkpoint.pt,,,,cnn_ecoli50_integrated_20261002_v2,ecoli50_random_20260928_v1,val,20260928,ok,,0.2913442254066467,log10mm_59711a1c2217859e,2.0.0,ecoli50_strength_v1
course_ecoli50_strength,ecoli50_r010143,79.58,125.33756713090249,2.098081260557996,cnn_1d,log10_minmax,CNN/runs/cnn_ecoli50_integrated_20261002_v2/best_checkpoint.pt,,,,cnn_ecoli50_integrated_20261002_v2,ecoli50_random_20260928_v1,val,20260928,ok,,0.233121320605278,log10mm_59711a1c2217859e,2.0.0,ecoli50_strength_v1
course_ecoli50_strength,ecoli50_r010147,565.91,158.49886927375914,2.200026168320845,cnn_1d,log10_minmax,CNN/runs/cnn_ecoli50_integrated_20261002_v2/best_checkpoint.pt,,,,cnn_ecoli50_integrated_20261002_v2,ecoli50_random_20260928_v1,val,20260928,ok,,0.2536077499389648,log10mm_59711a1c2217859e,2.0.0,ecoli50_strength_v1
course_ecoli50_strength,ecoli50_r010148,48.3,132.99779000639302,2.1238444244557866,cnn_1d,log10_minmax,CNN/runs/cnn_ecoli50_integrated_20261002_v2/best_checkpoint.pt,,,,cnn_ecoli50_integrated_20261002_v2,ecoli50_random_20260928_v1,val,20260928,ok,,0.2382985800504684,log10mm_59711a1c2217859e,2.0.0,ecoli50_strength_v1
course_ecoli50_strength,ecoli50_r010154,84.19,108.976894596276,2.0373344280962886,cnn_1d,log10_minmax,CNN/runs/cnn_ecoli50_integrated_20261002_v2/best_checkpoint.pt,,,,cnn_ecoli50_integrated_20261002_v2,ecoli50_random_20260928_v1,val,20260928,ok,,0.2209138870239257,log10mm_59711a1c2217859e,2.0.0,ecoli50_strength_v1
course_ecoli50_strength,ecoli50_r010172,77.16,175.6459037242679,2.244638025971536,cnn_1d,log10_minmax,CNN/runs/cnn_ecoli50_integrated_20261002_v2/best_checkpoint.pt,,,,cnn_ecoli50_integrated_20261002_v2,ecoli50_random_20260928_v1,val,20260928,ok,,0.2625727653503418,log10mm_59711a1c2217859e,2.0.0,ecoli50_strength_v1
course_ecoli50_strength,ecoli50_r010177,421.19,270.3647753713002,2.4319501086513533,cnn_1d,log10_minmax,CNN/runs/cnn_ecoli50_integrated_20261002_v2/best_checkpoint.pt,,,,cnn_ecoli50_integrated_20261002_v2,ecoli50_random_20260928_v1,val,20260928,ok,,0.3002142310142517,log10mm_59711a1c2217859e,2.0.0,ecoli50_strength_v1
course_ecoli50_strength,ecoli50_r010183,28.6,138.56792393707497,2.1416627102950208,cnn_1d,log10_minmax,CNN/runs/cnn_ecoli50_integrated_20261002_v2/best_checkpoint.pt,,,,cnn_ecoli50_integrated_20261002_v2,ecoli50_random_20260928_v1,val,20260928,ok,,0.2418792694807052,log10mm_59711a1c2217859e,2.0.0,ecoli50_strength_v1
course_ecoli50_strength,ecoli50_r010192,1138.71,228.997504408678,2.359830749468945,cnn_1d,log10_minmax,CNN/runs/cnn_ecoli50_integrated_20261002_v2/best_checkpoint.pt,,,,cnn_ecoli50_integrated_20261002_v2,ecoli50_random_20260928_v1,val,20260928,ok,,0.2857214212417602,log10mm_59711a1c2217859e,2.0.0,ecoli50_strength_v1
course_ecoli50_strength,ecoli50_r010194,79.58,155.6442912742519,2.1921331962452744,cnn_1d,log10_minmax,CNN/runs/cnn_ecoli50_integrated_20261002_v2/best_checkpoint.pt,,,,cnn_ecoli50_integrated_20261002_v2,ecoli50_random_20260928_v1,val,20260928,ok,,0.2520216107368469,log10mm_59711a1c2217859e,2.0.0,ecoli50_strength_v1
course_ecoli50_strength,ecoli50_r010202,78.33,176.27429107470658,2.24618897674314,cnn_1d,log10_minmax,CNN/runs/cnn_ecoli50_integrated_20261002_v2/best_checkpoint.pt,,,,cnn_ecoli50_integrated_20261002_v2,ecoli50_random_20260928_v1,val,20260928,ok,,0.2628844380378723,log10mm_59711a1c2217859e,2.0.0,ecoli50_strength_v1
course_ecoli50_strength,ecoli50_r010204,103.72,89.13377141672323,1.950042282724605,cnn_1d,log10_minmax,CNN/runs/cnn_ecoli50_integrated_20261002_v2/best_checkpoint.pt,,,,cnn_ecoli50_integrated_20261002_v2,ecoli50_random_20260928_v1,val,20260928,ok,,0.2033720165491104,log10mm_59711a1c2217859e,2.0.0,ecoli50_strength_v1
course_ecoli50_strength,ecoli50_r010207,67.79,102.10609653129302,2.0090516736329813,cnn_1d,log10_minmax,CNN/runs/cnn_ecoli50_integrated_20261002_v2/best_checkpoint.pt,,,,cnn_ecoli50_integrated_20261002_v2,ecoli50_random_20260928_v1,val,20260928,ok,,0.2152303010225296,log10mm_59711a1c2217859e,2.0.0,ecoli50_strength_v1
course_ecoli50_strength,ecoli50_r010215,960.38,166.26734084579292,2.2208069510632704,cnn_1d,log10_minmax,CNN/runs/cnn_ecoli50_integrated_20261002_v2/best_checkpoint.pt,,,,cnn_ecoli50_integrated_20261002_v2,ecoli50_random_20260928_v1,val,20260928,ok,,0.2577837705612182,log10mm_59711a1c2217859e,2.0.0,ecoli50_strength_v1
course_ecoli50_strength,ecoli50_r010218,73.59,224.13175544778449,2.350503392629274,cnn_1d,log10_minmax,CNN/runs/cnn_ecoli50_integrated_20261002_v2/best_checkpoint.pt,,,,cnn_ecoli50_integrated_20261002_v2,ecoli50_random_20260928_v1,val,20260928,ok,,0.2838470339775085,log10mm_59711a1c2217859e,2.0.0,ecoli50_strength_v1
course_ecoli50_strength,ecoli50_r010225,63.94,96.58214661098263,1.984896853693696,cnn_1d,log10_minmax,CNN/runs/cnn_ecoli50_integrated_20261002_v2/best_checkpoint.pt,,,,cnn_ecoli50_integrated_20261002_v2,ecoli50_random_20260928_v1,val,20260928,ok,,0.2103762477636337,log10mm_59711a1c2217859e,2.0.0,ecoli50_strength_v1
course_ecoli50_strength,ecoli50_r010233,117.42,168.0819975470767,2.2255212007408147,cnn_1d,log10_minmax,CNN/runs/cnn_ecoli50_integrated_20261002_v2/best_checkpoint.pt,,,,cnn_ecoli50_integrated_20261002_v2,ecoli50_random_20260928_v1,val,20260928,ok,,0.2587311267852783,log10mm_59711a1c2217859e,2.0.0,ecoli50_strength_v1
course_ecoli50_strength,ecoli50_r010239,542.51,140.67179093567114,2.148207016629822,cnn_1d,log10_minmax,CNN/runs/cnn_ecoli50_integrated_20261002_v2/best_checkpoint.pt,,,,cnn_ecoli50_integrated_20261002_v2,ecoli50_random_20260928_v1,val,20260928,ok,,0.2431943863630294,log10mm_59711a1c2217859e,2.0.0,ecoli50_strength_v1
course_ecoli50_strength,ecoli50_r010243,142.58,105.96088295980108,2.025145568566036,cnn_1d,log10_minmax,CNN/runs/cnn_ecoli50_integrated_20261002_v2/best_checkpoint.pt,,,,cnn_ecoli50_integrated_20261002_v2,ecoli50_random_20260928_v1,val,20260928,ok,,0.2184644639492035,log10mm_59711a1c2217859e,2.0.0,ecoli50_strength_v1
course_ecoli50_strength,ecoli50_r010257,31.27,158.09226970440378,2.198910634595085,cnn_1d,log10_minmax,CNN/runs/cnn_ecoli50_integrated_20261002_v2/best_checkpoint.pt,,,,cnn_ecoli50_integrated_20261002_v2,ecoli50_random_20260928_v1,val,20260928,ok,,0.2533835768699646,log10mm_59711a1c2217859e,2.0.0,ecoli50_strength_v1
course_ecoli50_strength,ecoli50_r010263,144.89,95.59821241919803,1.980449771525718,cnn_1d,log10_minmax,CNN/runs/cnn_ecoli50_integrated_20261002_v2/best_checkpoint.pt,,,,cnn_ecoli50_integrated_20261002_v2,ecoli50_random_20260928_v1,val,20260928,ok,,0.2094825804233551,log10mm_59711a1c2217859e,2.0.0,ecoli50_strength_v1
course_ecoli50_strength,ecoli50_r010265,586.11,147.21906836252535,2.167964065084966,cnn_1d,log10_minmax,CNN/runs/cnn_ecoli50_integrated_20261002_v2/best_checkpoint.pt,,,,cnn_ecoli50_integrated_20261002_v2,ecoli50_random_20260928_v1,val,20260928,ok,,0.2471646815538406,log10mm_59711a1c2217859e,2.0.0,ecoli50_strength_v1
course_ecoli50_strength,ecoli50_r010269,932.31,99.30253222679627,1.9969603231993367,cnn_1d,log10_minmax,CNN/runs/cnn_ecoli50_integrated_20261002_v2/best_checkpoint.pt,,,,cnn_ecoli50_integrated_20261002_v2,ecoli50_random_20260928_v1,val,20260928,ok,,0.2128004729747772,log10mm_59711a1c2217859e,2.0.0,ecoli50_strength_v1
course_ecoli50_strength,ecoli50_r010273,2248.53,107.23005203644774,2.0303165167424475,cnn_1d,log10_minmax,CNN/runs/cnn_ecoli50_integrated_20261002_v2/best_checkpoint.pt,,,,cnn_ecoli50_integrated_20261002_v2,ecoli50_random_20260928_v1,val,20260928,ok,,0.2195035964250564,log10mm_59711a1c2217859e,2.0.0,ecoli50_strength_v1
course_ecoli50_strength,ecoli50_r010274,111.89,169.6619292385473,2.229584401088913,cnn_1d,log10_minmax,CNN/runs/cnn_ecoli50_integrated_20261002_v2/best_checkpoint.pt,,,,cnn_ecoli50_integrated_20261002_v2,ecoli50_random_20260928_v1,val,20260928,ok,,0.2595476508140564,log10mm_59711a1c2217859e,2.0.0,ecoli50_strength_v1
course_ecoli50_strength,ecoli50_r010276,88.42,114.05626221164933,2.057119135025223,cnn_1d,log10_minmax,CNN/runs/cnn_ecoli50_integrated_20261002_v2/best_checkpoint.pt,,,,cnn_ecoli50_integrated_20261002_v2,ecoli50_random_20260928_v1,val,20260928,ok,,0.2248897403478622,log10mm_59711a1c2217859e,2.0.0,ecoli50_strength_v1
course_ecoli50_strength,ecoli50_r010287,69.14,78.42078341180812,1.894431176522284,cnn_1d,log10_minmax,CNN/runs/cnn_ecoli50_integrated_20261002_v2/best_checkpoint.pt,,,,cnn_ecoli50_integrated_20261002_v2,ecoli50_random_20260928_v1,val,20260928,ok,,0.192196637392044,log10mm_59711a1c2217859e,2.0.0,ecoli50_strength_v1
course_ecoli50_strength,ecoli50_r010288,54.12,165.1613868543183,2.217908520973365,cnn_1d,log10_minmax,CNN/runs/cnn_ecoli50_integrated_20261002_v2/best_checkpoint.pt,,,,cnn_ecoli50_integrated_20261002_v2,ecoli50_random_20260928_v1,val,20260928,ok,,0.2572013139724731,log10mm_59711a1c2217859e,2.0.0,ecoli50_strength_v1
course_ecoli50_strength,ecoli50_r010293,34.57,122.10532746974415,2.086734612677384,cnn_1d,log10_minmax,CNN/runs/cnn_ecoli50_integrated_20261002_v2/best_checkpoint.pt,,,,cnn_ecoli50_integrated_20261002_v2,ecoli50_random_20260928_v1,val,20260928,ok,,0.2308411449193954,log10mm_59711a1c2217859e,2.0.0,ecoli50_strength_v1
course_ecoli50_strength,ecoli50_r010296,185.76,173.03267662394796,2.238128125888313,cnn_1d,log10_minmax,CNN/runs/cnn_ecoli50_integrated_20261002_v2/best_checkpoint.pt,,,,cnn_ecoli50_integrated_20261002_v2,ecoli50_random_20260928_v1,val,20260928,ok,,0.2612645626068115,log10mm_59711a1c2217859e,2.0.0,ecoli50_strength_v1
course_ecoli50_strength,ecoli50_r010305,645.49,83.39716054363137,1.9211512642921127,cnn_1d,log10_minmax,CNN/runs/cnn_ecoli50_integrated_20261002_v2/best_checkpoint.pt,,,,cnn_ecoli50_integrated_20261002_v2,ecoli50_random_20260928_v1,val,20260928,ok,,0.1975661963224411,log10mm_59711a1c2217859e,2.0.0,ecoli50_strength_v1
course_ecoli50_strength,ecoli50_r010318,5731.96,353.83795536154804,2.54880441681553,cnn_1d,log10_minmax,CNN/runs/cnn_ecoli50_integrated_20261002_v2/best_checkpoint.pt,,,,cnn_ecoli50_integrated_20261002_v2,ecoli50_random_20260928_v1,val,20260928,ok,,0.3236967921257019,log10mm_59711a1c2217859e,2.0.0,ecoli50_strength_v1
course_ecoli50_strength,ecoli50_r010323,1604.97,123.42488754060174,2.0914027401814748,cnn_1d,log10_minmax,CNN/runs/cnn_ecoli50_integrated_20261002_v2/best_checkpoint.pt,,,,cnn_ecoli50_integrated_20261002_v2,ecoli50_random_20260928_v1,val,20260928,ok,,0.2317792326211929,log10mm_59711a1c2217859e,2.0.0,ecoli50_strength_v1
course_ecoli50_strength,ecoli50_r010332,130.84,298.0082404921023,2.4742282733070184,cnn_1d,log10_minmax,CNN/runs/cnn_ecoli50_integrated_20261002_v2/best_checkpoint.pt,,,,cnn_ecoli50_integrated_20261002_v2,ecoli50_random_20260928_v1,val,20260928,ok,,0.3087102770805359,log10mm_59711a1c2217859e,2.0.0,ecoli50_strength_v1
course_ecoli50_strength,ecoli50_r010333,294.74,181.6894842019516,2.259329792001345,cnn_1d,log10_minmax,CNN/runs/cnn_ecoli50_integrated_20261002_v2/best_checkpoint.pt,,,,cnn_ecoli50_integrated_20261002_v2,ecoli50_random_20260928_v1,val,20260928,ok,,0.2655251622200012,log10mm_59711a1c2217859e,2.0.0,ecoli50_strength_v1
course_ecoli50_strength,ecoli50_r010339,105.05,138.34117181114274,2.140951450025312,cnn_1d,log10_minmax,CNN/runs/cnn_ecoli50_integrated_20261002_v2/best_checkpoint.pt,,,,cnn_ecoli50_integrated_20261002_v2,ecoli50_random_20260928_v1,val,20260928,ok,,0.2417363375425338,log10mm_59711a1c2217859e,2.0.0,ecoli50_strength_v1
course_ecoli50_strength,ecoli50_r010346,122.33,113.14940128105418,2.053652260270223,cnn_1d,log10_minmax,CNN/runs/cnn_ecoli50_integrated_20261002_v2/best_checkpoint.pt,,,,cnn_ecoli50_integrated_20261002_v2,ecoli50_random_20260928_v1,val,20260928,ok,,0.2241930514574051,log10mm_59711a1c2217859e,2.0.0,ecoli50_strength_v1
course_ecoli50_strength,ecoli50_r010349,246.11,231.8092678263955,2.3651307952401823,cnn_1d,log10_minmax,CNN/runs/cnn_ecoli50_integrated_20261002_v2/best_checkpoint.pt,,,,cnn_ecoli50_integrated_20261002_v2,ecoli50_random_20260928_v1,val,20260928,ok,,0.2867864966392517,log10mm_59711a1c2217859e,2.0.0,ecoli50_strength_v1
course_ecoli50_strength,ecoli50_r010350,74.3,147.8035354827837,2.1696848225723366,cnn_1d,log10_minmax,CNN/runs/cnn_ecoli50_integrated_20261002_v2/best_checkpoint.pt,,,,cnn_ecoli50_integrated_20261002_v2,ecoli50_random_20260928_v1,val,20260928,ok,,0.247510477900505,log10mm_59711a1c2217859e,2.0.0,ecoli50_strength_v1
course_ecoli50_strength,ecoli50_r010354,104.03,160.23070992604295,2.204745756899497,cnn_1d,log10_minmax,CNN/runs/cnn_ecoli50_integrated_20261002_v2/best_checkpoint.pt,,,,cnn_ecoli50_integrated_20261002_v2,ecoli50_random_20260928_v1,val,20260928,ok,,0.2545561790466308,log10mm_59711a1c2217859e,2.0.0,ecoli50_strength_v1
course_ecoli50_strength,ecoli50_r010356,87.23,110.3818420280928,2.042897637201261,cnn_1d,log10_minmax,CNN/runs/cnn_ecoli50_integrated_20261002_v2/best_checkpoint.pt,,,,cnn_ecoli50_integrated_20261002_v2,ecoli50_random_20260928_v1,val,20260928,ok,,0.2220318466424942,log10mm_59711a1c2217859e,2.0.0,ecoli50_strength_v1
course_ecoli50_strength,ecoli50_r010357,185.76,169.63435388288482,2.229513808952053,cnn_1d,log10_minmax,CNN/runs/cnn_ecoli50_integrated_20261002_v2/best_checkpoint.pt,,,,cnn_ecoli50_integrated_20261002_v2,ecoli50_random_20260928_v1,val,20260928,ok,,0.2595334649085998,log10mm_59711a1c2217859e,2.0.0,ecoli50_strength_v1
course_ecoli50_strength,ecoli50_r010358,63.74,106.08468472198108,2.0256526900198035,cnn_1d,log10_minmax,CNN/runs/cnn_ecoli50_integrated_20261002_v2/best_checkpoint.pt,,,,cnn_ecoli50_integrated_20261002_v2,ecoli50_random_20260928_v1,val,20260928,ok,,0.2185663729906082,log10mm_59711a1c2217859e,2.0.0,ecoli50_strength_v1
course_ecoli50_strength,ecoli50_r010361,742.54,99.8478526999243,1.999338729491133,cnn_1d,log10_minmax,CNN/runs/cnn_ecoli50_integrated_20261002_v2/best_checkpoint.pt,,,,cnn_ecoli50_integrated_20261002_v2,ecoli50_random_20260928_v1,val,20260928,ok,,0.2132784277200698,log10mm_59711a1c2217859e,2.0.0,ecoli50_strength_v1
course_ecoli50_strength,ecoli50_r010366,165.57,142.60828741947552,2.1541447644777367,cnn_1d,log10_minmax,CNN/runs/cnn_ecoli50_integrated_20261002_v2/best_checkpoint.pt,,,,cnn_ecoli50_integrated_20261002_v2,ecoli50_random_20260928_v1,val,20260928,ok,,0.244387611746788,log10mm_59711a1c2217859e,2.0.0,ecoli50_strength_v1
course_ecoli50_strength,ecoli50_r010373,60.05,168.26013617239195,2.225981236052874,cnn_1d,log10_minmax,CNN/runs/cnn_ecoli50_integrated_20261002_v2/best_checkpoint.pt,,,,cnn_ecoli50_integrated_20261002_v2,ecoli50_random_20260928_v1,val,20260928,ok,,0.2588235735893249,log10mm_59711a1c2217859e,2.0.0,ecoli50_strength_v1
course_ecoli50_strength,ecoli50_r010387,91.77,415.0981617133068,2.6181508100840487,cnn_1d,log10_minmax,CNN/runs/cnn_ecoli50_integrated_20261002_v2/best_checkpoint.pt,,,,cnn_ecoli50_integrated_20261002_v2,ecoli50_random_20260928_v1,val,20260928,ok,,0.3376323580741882,log10mm_59711a1c2217859e,2.0.0,ecoli50_strength_v1
course_ecoli50_strength,ecoli50_r010405,122.6,107.70063845045792,2.0322182778076288,cnn_1d,log10_minmax,CNN/runs/cnn_ecoli50_integrated_20261002_v2/best_checkpoint.pt,,,,cnn_ecoli50_integrated_20261002_v2,ecoli50_random_20260928_v1,val,20260928,ok,,0.219885766506195,log10mm_59711a1c2217859e,2.0.0,ecoli50_strength_v1
course_ecoli50_strength,ecoli50_r010407,289.79,201.48499289883023,2.3042427043533507,cnn_1d,log10_minmax,CNN/runs/cnn_ecoli50_integrated_20261002_v2/best_checkpoint.pt,,,,cnn_ecoli50_integrated_20261002_v2,ecoli50_random_20260928_v1,val,20260928,ok,,0.2745506763458252,log10mm_59711a1c2217859e,2.0.0,ecoli50_strength_v1
course_ecoli50_strength,ecoli50_r010414,58.95,242.3937331890312,2.384521387455449,cnn_1d,log10_minmax,CNN/runs/cnn_ecoli50_integrated_20261002_v2/best_checkpoint.pt,,,,cnn_ecoli50_integrated_20261002_v2,ecoli50_random_20260928_v1,val,20260928,ok,,0.2906831502914428,log10mm_59711a1c2217859e,2.0.0,ecoli50_strength_v1
course_ecoli50_strength,ecoli50_r010422,619.38,200.7753722256463,2.302710439735621,cnn_1d,log10_minmax,CNN/runs/cnn_ecoli50_integrated_20261002_v2/best_checkpoint.pt,,,,cnn_ecoli50_integrated_20261002_v2,ecoli50_random_20260928_v1,val,20260928,ok,,0.2742427587509155,log10mm_59711a1c2217859e,2.0.0,ecoli50_strength_v1
course_ecoli50_strength,ecoli50_r010438,139.62,161.02979209463498,2.2069062322141586,cnn_1d,log10_minmax,CNN/runs/cnn_ecoli50_integrated_20261002_v2/best_checkpoint.pt,,,,cnn_ecoli50_integrated_20261002_v2,ecoli50_random_20260928_v1,val,20260928,ok,,0.2549903392791748,log10mm_59711a1c2217859e,2.0.0,ecoli50_strength_v1
course_ecoli50_strength,ecoli50_r010452,310.22,306.3676300481655,2.486242877037249,cnn_1d,log10_minmax,CNN/runs/cnn_ecoli50_integrated_20261002_v2/best_checkpoint.pt,,,,cnn_ecoli50_integrated_20261002_v2,ecoli50_random_20260928_v1,val,20260928,ok,,0.3111246824264526,log10mm_59711a1c2217859e,2.0.0,ecoli50_strength_v1
course_ecoli50_strength,ecoli50_r010455,952.95,148.58305344296895,2.171969279034929,cnn_1d,log10_minmax,CNN/runs/cnn_ecoli50_integrated_20261002_v2/best_checkpoint.pt,,,,cnn_ecoli50_integrated_20261002_v2,ecoli50_random_20260928_v1,val,20260928,ok,,0.2479695528745651,log10mm_59711a1c2217859e,2.0.0,ecoli50_strength_v1
course_ecoli50_strength,ecoli50_r010456,187.87,190.544093824762,2.279995491764351,cnn_1d,log10_minmax,CNN/runs/cnn_ecoli50_integrated_20261002_v2/best_checkpoint.pt,,,,cnn_ecoli50_integrated_20261002_v2,ecoli50_random_20260928_v1,val,20260928,ok,,0.2696780562400818,log10mm_59711a1c2217859e,2.0.0,ecoli50_strength_v1
course_ecoli50_strength,ecoli50_r010470,80.18,364.9301992881819,2.562209804284153,cnn_1d,log10_minmax,CNN/runs/cnn_ecoli50_integrated_20261002_v2/best_checkpoint.pt,,,,cnn_ecoli50_integrated_20261002_v2,ecoli50_random_20260928_v1,val,20260928,ok,,0.3263906836509704,log10mm_59711a1c2217859e,2.0.0,ecoli50_strength_v1
course_ecoli50_strength,ecoli50_r010478,94.32,164.85823726267898,2.2171106518634747,cnn_1d,log10_minmax,CNN/runs/cnn_ecoli50_integrated_20261002_v2/best_checkpoint.pt,,,,cnn_ecoli50_integrated_20261002_v2,ecoli50_random_20260928_v1,val,20260928,ok,,0.2570409774780273,log10mm_59711a1c2217859e,2.0.0,ecoli50_strength_v1
course_ecoli50_strength,ecoli50_r010496,104.34,120.71913316152884,2.0817761082741906,cnn_1d,log10_minmax,CNN/runs/cnn_ecoli50_integrated_20261002_v2/best_checkpoint.pt,,,,cnn_ecoli50_integrated_20261002_v2,ecoli50_random_20260928_v1,val,20260928,ok,,0.2298447042703628,log10mm_59711a1c2217859e,2.0.0,ecoli50_strength_v1
course_ecoli50_strength,ecoli50_r010497,83.19,206.3110369183991,2.3145224618294,cnn_1d,log10_minmax,CNN/runs/cnn_ecoli50_integrated_20261002_v2/best_checkpoint.pt,,,,cnn_ecoli50_integrated_20261002_v2,ecoli50_random_20260928_v1,val,20260928,ok,,0.2766164541244507,log10mm_59711a1c2217859e,2.0.0,ecoli50_strength_v1
course_ecoli50_strength,ecoli50_r010498,2293.1,213.79661555533175,2.3300008259556515,cnn_1d,log10_minmax,CNN/runs/cnn_ecoli50_integrated_20261002_v2/best_checkpoint.pt,,,,cnn_ecoli50_integrated_20261002_v2,ecoli50_random_20260928_v1,val,20260928,ok,,0.2797269225120544,log10mm_59711a1c2217859e,2.0.0,ecoli50_strength_v1
course_ecoli50_strength,ecoli50_r010501,602.43,178.6719713108336,2.2520564290598117,cnn_1d,log10_minmax,CNN/runs/cnn_ecoli50_integrated_20261002_v2/best_checkpoint.pt,,,,cnn_ecoli50_integrated_20261002_v2,ecoli50_random_20260928_v1,val,20260928,ok,,0.2640635371208191,log10mm_59711a1c2217859e,2.0.0,ecoli50_strength_v1
course_ecoli50_strength,ecoli50_r010513,25654.12,304.7621930195492,2.48396109002521,cnn_1d,log10_minmax,CNN/runs/cnn_ecoli50_integrated_20261002_v2/best_checkpoint.pt,,,,cnn_ecoli50_integrated_20261002_v2,ecoli50_random_20260928_v1,val,20260928,ok,,0.3106661438941955,log10mm_59711a1c2217859e,2.0.0,ecoli50_strength_v1
course_ecoli50_strength,ecoli50_r010519,1778.91,326.2878403069235,2.513600889337969,cnn_1d,log10_minmax,CNN/runs/cnn_ecoli50_integrated_20261002_v2/best_checkpoint.pt,,,,cnn_ecoli50_integrated_20261002_v2,ecoli50_random_20260928_v1,val,20260928,ok,,0.3166224360466003,log10mm_59711a1c2217859e,2.0.0,ecoli50_strength_v1
course_ecoli50_strength,ecoli50_r010526,40.87,130.07142652049575,2.1141819032688383,cnn_1d,log10_minmax,CNN/runs/cnn_ecoli50_integrated_20261002_v2/best_checkpoint.pt,,,,cnn_ecoli50_integrated_20261002_v2,ecoli50_random_20260928_v1,val,20260928,ok,,0.2363568395376205,log10mm_59711a1c2217859e,2.0.0,ecoli50_strength_v1
course_ecoli50_strength,ecoli50_r010527,241.49,120.92872850438816,2.082529486541522,cnn_1d,log10_minmax,CNN/runs/cnn_ecoli50_integrated_20261002_v2/best_checkpoint.pt,,,,cnn_ecoli50_integrated_20261002_v2,ecoli50_random_20260928_v1,val,20260928,ok,,0.2299961000680923,log10mm_59711a1c2217859e,2.0.0,ecoli50_strength_v1
course_ecoli50_strength,ecoli50_r010531,88.42,214.84067778148852,2.332116513822137,cnn_1d,log10_minmax,CNN/runs/cnn_ecoli50_integrated_20261002_v2/best_checkpoint.pt,,,,cnn_ecoli50_integrated_20261002_v2,ecoli50_random_20260928_v1,val,20260928,ok,,0.2801520824432373,log10mm_59711a1c2217859e,2.0.0,ecoli50_strength_v1
course_ecoli50_strength,ecoli50_r010537,1897.41,217.57577526184997,2.3376105396669304,cnn_1d,log10_minmax,CNN/runs/cnn_ecoli50_integrated_20261002_v2/best_checkpoint.pt,,,,cnn_ecoli50_integrated_20261002_v2,ecoli50_random_20260928_v1,val,20260928,ok,,0.2812561392784118,log10mm_59711a1c2217859e,2.0.0,ecoli50_strength_v1
course_ecoli50_strength,ecoli50_r010545,89.16,124.8314089303852,2.0963238722769177,cnn_1d,log10_minmax,CNN/runs/cnn_ecoli50_integrated_20261002_v2/best_checkpoint.pt,,,,cnn_ecoli50_integrated_20261002_v2,ecoli50_random_20260928_v1,val,20260928,ok,,0.2327681630849838,log10mm_59711a1c2217859e,2.0.0,ecoli50_strength_v1
course_ecoli50_strength,ecoli50_r010565,210.47,184.0905273343931,2.265031441778081,cnn_1d,log10_minmax,CNN/runs/cnn_ecoli50_integrated_20261002_v2/best_checkpoint.pt,,,,cnn_ecoli50_integrated_20261002_v2,ecoli50_random_20260928_v1,val,20260928,ok,,0.2666709423065185,log10mm_59711a1c2217859e,2.0.0,ecoli50_strength_v1
course_ecoli50_strength,ecoli50_r010574,63.83,118.47249259585936,2.0736175258685425,cnn_1d,log10_minmax,CNN/runs/cnn_ecoli50_integrated_20261002_v2/best_checkpoint.pt,,,,cnn_ecoli50_integrated_20261002_v2,ecoli50_random_20260928_v1,val,20260928,ok,,0.2282051891088485,log10mm_59711a1c2217859e,2.0.0,ecoli50_strength_v1
course_ecoli50_strength,ecoli50_r010600,90.42,193.09313952992915,2.2857668438610954,cnn_1d,log10_minmax,CNN/runs/cnn_ecoli50_integrated_20261002_v2/best_checkpoint.pt,,,,cnn_ecoli50_integrated_20261002_v2,ecoli50_random_20260928_v1,val,20260928,ok,,0.2708378434181213,log10mm_59711a1c2217859e,2.0.0,ecoli50_strength_v1
course_ecoli50_strength,ecoli50_r010618,29.47,101.84670100865,2.007946966012243,cnn_1d,log10_minmax,CNN/runs/cnn_ecoli50_integrated_20261002_v2/best_checkpoint.pt,,,,cnn_ecoli50_integrated_20261002_v2,ecoli50_random_20260928_v1,val,20260928,ok,,0.2150083035230636,log10mm_59711a1c2217859e,2.0.0,ecoli50_strength_v1
course_ecoli50_strength,ecoli50_r010619,210.8,102.7994551485022,2.0119908128438286,cnn_1d,log10_minmax,CNN/runs/cnn_ecoli50_integrated_20261002_v2/best_checkpoint.pt,,,,cnn_ecoli50_integrated_20261002_v2,ecoli50_random_20260928_v1,val,20260928,ok,,0.2158209383487701,log10mm_59711a1c2217859e,2.0.0,ecoli50_strength_v1
course_ecoli50_strength,ecoli50_r010626,122.45,215.45296218744912,2.333352469428424,cnn_1d,log10_minmax,CNN/runs/cnn_ecoli50_integrated_20261002_v2/best_checkpoint.pt,,,,cnn_ecoli50_integrated_20261002_v2,ecoli50_random_20260928_v1,val,20260928,ok,,0.2804004549980163,log10mm_59711a1c2217859e,2.0.0,ecoli50_strength_v1
course_ecoli50_strength,ecoli50_r010632,55.73,218.28230267174663,2.3390185265311123,cnn_1d,log10_minmax,CNN/runs/cnn_ecoli50_integrated_20261002_v2/best_checkpoint.pt,,,,cnn_ecoli50_integrated_20261002_v2,ecoli50_random_20260928_v1,val,20260928,ok,,0.2815390825271606,log10mm_59711a1c2217859e,2.0.0,ecoli50_strength_v1
course_ecoli50_strength,ecoli50_r010641,1593.28,463.5790515243967,2.666123802587257,cnn_1d,log10_minmax,CNN/runs/cnn_ecoli50_integrated_20261002_v2/best_checkpoint.pt,,,,cnn_ecoli50_integrated_20261002_v2,ecoli50_random_20260928_v1,val,20260928,ok,,0.3472728133201599,log10mm_59711a1c2217859e,2.0.0,ecoli50_strength_v1
course_ecoli50_strength,ecoli50_r010647,84.19,205.4008502745877,2.3126022370645565,cnn_1d,log10_minmax,CNN/runs/cnn_ecoli50_integrated_20261002_v2/best_checkpoint.pt,,,,cnn_ecoli50_integrated_20261002_v2,ecoli50_random_20260928_v1,val,20260928,ok,,0.2762305736541748,log10mm_59711a1c2217859e,2.0.0,ecoli50_strength_v1
course_ecoli50_strength,ecoli50_r010649,255.48,75.9093589010516,1.880295323570248,cnn_1d,log10_minmax,CNN/runs/cnn_ecoli50_integrated_20261002_v2/best_checkpoint.pt,,,,cnn_ecoli50_integrated_20261002_v2,ecoli50_random_20260928_v1,val,20260928,ok,,0.1893559545278549,log10mm_59711a1c2217859e,2.0.0,ecoli50_strength_v1
course_ecoli50_strength,ecoli50_r010650,730.66,378.1340217733476,2.577645753807165,cnn_1d,log10_minmax,CNN/runs/cnn_ecoli50_integrated_20261002_v2/best_checkpoint.pt,,,,cnn_ecoli50_integrated_20261002_v2,ecoli50_random_20260928_v1,val,20260928,ok,,0.3294926285743713,log10mm_59711a1c2217859e,2.0.0,ecoli50_strength_v1
course_ecoli50_strength,ecoli50_r010651,296.22,214.44751476364223,2.3313210175571832,cnn_1d,log10_minmax,CNN/runs/cnn_ecoli50_integrated_20261002_v2/best_checkpoint.pt,,,,cnn_ecoli50_integrated_20261002_v2,ecoli50_random_20260928_v1,val,20260928,ok,,0.2799922227859497,log10mm_59711a1c2217859e,2.0.0,ecoli50_strength_v1
course_ecoli50_strength,ecoli50_r010667,1221.12,258.17653752428345,2.4119167720639183,cnn_1d,log10_minmax,CNN/runs/cnn_ecoli50_integrated_20261002_v2/best_checkpoint.pt,,,,cnn_ecoli50_integrated_20261002_v2,ecoli50_random_20260928_v1,val,20260928,ok,,0.2961884140968323,log10mm_59711a1c2217859e,2.0.0,ecoli50_strength_v1
course_ecoli50_strength,ecoli50_r010668,1301.3,371.4802998235515,2.5699357873973194,cnn_1d,log10_minmax,CNN/runs/cnn_ecoli50_integrated_20261002_v2/best_checkpoint.pt,,,,cnn_ecoli50_integrated_20261002_v2,ecoli50_random_20260928_v1,val,20260928,ok,,0.3279432654380798,log10mm_59711a1c2217859e,2.0.0,ecoli50_strength_v1
course_ecoli50_strength,ecoli50_r010684,1495.34,187.8967330417767,2.273919229093269,cnn_1d,log10_minmax,CNN/runs/cnn_ecoli50_integrated_20261002_v2/best_checkpoint.pt,,,,cnn_ecoli50_integrated_20261002_v2,ecoli50_random_20260928_v1,val,20260928,ok,,0.2684569954872131,log10mm_59711a1c2217859e,2.0.0,ecoli50_strength_v1
course_ecoli50_strength,ecoli50_r010698,209.68,266.27959002973915,2.425337879630245,cnn_1d,log10_minmax,CNN/runs/cnn_ecoli50_integrated_20261002_v2/best_checkpoint.pt,,,,cnn_ecoli50_integrated_20261002_v2,ecoli50_random_20260928_v1,val,20260928,ok,,0.2988854646682739,log10mm_59711a1c2217859e,2.0.0,ecoli50_strength_v1
course_ecoli50_strength,ecoli50_r010702,123.79,153.83400328969424,2.1870523420250447,cnn_1d,log10_minmax,CNN/runs/cnn_ecoli50_integrated_20261002_v2/best_checkpoint.pt,,,,cnn_ecoli50_integrated_20261002_v2,ecoli50_random_20260928_v1,val,20260928,ok,,0.2510005831718445,log10mm_59711a1c2217859e,2.0.0,ecoli50_strength_v1
course_ecoli50_strength,ecoli50_r010709,138.31,254.4040560874291,2.4055240311994344,cnn_1d,log10_minmax,CNN/runs/cnn_ecoli50_integrated_20261002_v2/best_checkpoint.pt,,,,cnn_ecoli50_integrated_20261002_v2,ecoli50_random_20260928_v1,val,20260928,ok,,0.2949037551879883,log10mm_59711a1c2217859e,2.0.0,ecoli50_strength_v1
course_ecoli50_strength,ecoli50_r010720,48.11,147.524739470059,2.168864856343976,cnn_1d,log10_minmax,CNN/runs/cnn_ecoli50_integrated_20261002_v2/best_checkpoint.pt,,,,cnn_ecoli50_integrated_20261002_v2,ecoli50_random_20260928_v1,val,20260928,ok,,0.2473457008600235,log10mm_59711a1c2217859e,2.0.0,ecoli50_strength_v1
course_ecoli50_strength,ecoli50_r010721,304.68,283.6726725119383,2.452817500233959,cnn_1d,log10_minmax,CNN/runs/cnn_ecoli50_integrated_20261002_v2/best_checkpoint.pt,,,,cnn_ecoli50_integrated_20261002_v2,ecoli50_random_20260928_v1,val,20260928,ok,,0.3044076561927795,log10mm_59711a1c2217859e,2.0.0,ecoli50_strength_v1
course_ecoli50_strength,ecoli50_r010731,315.96,164.3470776789887,2.215761986122705,cnn_1d,log10_minmax,CNN/runs/cnn_ecoli50_integrated_20261002_v2/best_checkpoint.pt,,,,cnn_ecoli50_integrated_20261002_v2,ecoli50_random_20260928_v1,val,20260928,ok,,0.2567699551582336,log10mm_59711a1c2217859e,2.0.0,ecoli50_strength_v1
course_ecoli50_strength,ecoli50_r010735,414.24,258.2103939833912,2.411973720342394,cnn_1d,log10_minmax,CNN/runs/cnn_ecoli50_integrated_20261002_v2/best_checkpoint.pt,,,,cnn_ecoli50_integrated_20261002_v2,ecoli50_random_20260928_v1,val,20260928,ok,,0.2961998581886291,log10mm_59711a1c2217859e,2.0.0,ecoli50_strength_v1
course_ecoli50_strength,ecoli50_r010757,30056.98,483.8062134487082,2.6846714416388404,cnn_1d,log10_minmax,CNN/runs/cnn_ecoli50_integrated_20261002_v2/best_checkpoint.pt,,,,cnn_ecoli50_integrated_20261002_v2,ecoli50_random_20260928_v1,val,20260928,ok,,0.3510000705718994,log10mm_59711a1c2217859e,2.0.0,ecoli50_strength_v1
course_ecoli50_strength,ecoli50_r010758,153.77,557.9263716334754,2.7465768897921863,cnn_1d,log10_minmax,CNN/runs/cnn_ecoli50_integrated_20261002_v2/best_checkpoint.pt,,,,cnn_ecoli50_integrated_20261002_v2,ecoli50_random_20260928_v1,val,20260928,ok,,0.3634403347969055,log10mm_59711a1c2217859e,2.0.0,ecoli50_strength_v1
course_ecoli50_strength,ecoli50_r010759,153.77,200.0462532064564,2.301130421613545,cnn_1d,log10_minmax,CNN/runs/cnn_ecoli50_integrated_20261002_v2/best_checkpoint.pt,,,,cnn_ecoli50_integrated_20261002_v2,ecoli50_random_20260928_v1,val,20260928,ok,,0.273925244808197,log10mm_59711a1c2217859e,2.0.0,ecoli50_strength_v1
course_ecoli50_strength,ecoli50_r010760,11430.3,155.03098957324357,2.1904185191730536,cnn_1d,log10_minmax,CNN/runs/cnn_ecoli50_integrated_20261002_v2/best_checkpoint.pt,,,,cnn_ecoli50_integrated_20261002_v2,ecoli50_random_20260928_v1,val,20260928,ok,,0.2516770362854004,log10mm_59711a1c2217859e,2.0.0,ecoli50_strength_v1
course_ecoli50_strength,ecoli50_r010790,63.83,73.35515455538406,1.8654306364656923,cnn_1d,log10_minmax,CNN/runs/cnn_ecoli50_integrated_20261002_v2/best_checkpoint.pt,,,,cnn_ecoli50_integrated_20261002_v2,ecoli50_random_20260928_v1,val,20260928,ok,,0.1863688081502914,log10mm_59711a1c2217859e,2.0.0,ecoli50_strength_v1
course_ecoli50_strength,ecoli50_r010797,254.65,152.20040322688368,2.18241580301917,cnn_1d,log10_minmax,CNN/runs/cnn_ecoli50_integrated_20261002_v2/best_checkpoint.pt,,,,cnn_ecoli50_integrated_20261002_v2,ecoli50_random_20260928_v1,val,20260928,ok,,0.2500688433647156,log10mm_59711a1c2217859e,2.0.0,ecoli50_strength_v1
course_ecoli50_strength,ecoli50_r010810,1768.98,161.2562835933869,2.207516646574067,cnn_1d,log10_minmax,CNN/runs/cnn_ecoli50_integrated_20261002_v2/best_checkpoint.pt,,,,cnn_ecoli50_integrated_20261002_v2,ecoli50_random_20260928_v1,val,20260928,ok,,0.2551130056381225,log10mm_59711a1c2217859e,2.0.0,ecoli50_strength_v1
course_ecoli50_strength,ecoli50_r010815,46.54,147.55139116412997,2.168943308529688,cnn_1d,log10_minmax,CNN/runs/cnn_ecoli50_integrated_20261002_v2/best_checkpoint.pt,,,,cnn_ecoli50_integrated_20261002_v2,ecoli50_random_20260928_v1,val,20260928,ok,,0.2473614662885666,log10mm_59711a1c2217859e,2.0.0,ecoli50_strength_v1
course_ecoli50_strength,ecoli50_r010827,91.37,209.8505046452883,2.3219100179335013,cnn_1d,log10_minmax,CNN/runs/cnn_ecoli50_integrated_20261002_v2/best_checkpoint.pt,,,,cnn_ecoli50_integrated_20261002_v2,ecoli50_random_20260928_v1,val,20260928,ok,,0.2781010270118713,log10mm_59711a1c2217859e,2.0.0,ecoli50_strength_v1
course_ecoli50_strength,ecoli50_r010833,76.63,197.7612591270374,2.2961412185289864,cnn_1d,log10_minmax,CNN/runs/cnn_ecoli50_integrated_20261002_v2/best_checkpoint.pt,,,,cnn_ecoli50_integrated_20261002_v2,ecoli50_random_20260928_v1,val,20260928,ok,,0.2729226350784302,log10mm_59711a1c2217859e,2.0.0,ecoli50_strength_v1
course_ecoli50_strength,ecoli50_r010836,216.39,205.89916898376845,2.3136545937938835,cnn_1d,log10_minmax,CNN/runs/cnn_ecoli50_integrated_20261002_v2/best_checkpoint.pt,,,,cnn_ecoli50_integrated_20261002_v2,ecoli50_random_20260928_v1,val,20260928,ok,,0.2764420509338379,log10mm_59711a1c2217859e,2.0.0,ecoli50_strength_v1
course_ecoli50_strength,ecoli50_r010842,6434.32,160.80625447197625,2.20630293638906,cnn_1d,log10_minmax,CNN/runs/cnn_ecoli50_integrated_20261002_v2/best_checkpoint.pt,,,,cnn_ecoli50_integrated_20261002_v2,ecoli50_random_20260928_v1,val,20260928,ok,,0.2548691034317016,log10mm_59711a1c2217859e,2.0.0,ecoli50_strength_v1
course_ecoli50_strength,ecoli50_r010851,89.16,127.74466304872128,2.106342765112763,cnn_1d,log10_minmax,CNN/runs/cnn_ecoli50_integrated_20261002_v2/best_checkpoint.pt,,,,cnn_ecoli50_integrated_20261002_v2,ecoli50_random_20260928_v1,val,20260928,ok,,0.2347815185785293,log10mm_59711a1c2217859e,2.0.0,ecoli50_strength_v1
course_ecoli50_strength,ecoli50_r010858,561.1,142.9254678659951,2.1551096225500315,cnn_1d,log10_minmax,CNN/runs/cnn_ecoli50_integrated_20261002_v2/best_checkpoint.pt,,,,cnn_ecoli50_integrated_20261002_v2,ecoli50_random_20260928_v1,val,20260928,ok,,0.2445815056562423,log10mm_59711a1c2217859e,2.0.0,ecoli50_strength_v1
course_ecoli50_strength,ecoli50_r010867,1565.08,93.0405892631312,1.9686724522891352,cnn_1d,log10_minmax,CNN/runs/cnn_ecoli50_integrated_20261002_v2/best_checkpoint.pt,,,,cnn_ecoli50_integrated_20261002_v2,ecoli50_random_20260928_v1,val,20260928,ok,,0.2071158587932586,log10mm_59711a1c2217859e,2.0.0,ecoli50_strength_v1
course_ecoli50_strength,ecoli50_r010868,1966.13,232.01152603156356,2.3655095606131677,cnn_1d,log10_minmax,CNN/runs/cnn_ecoli50_integrated_20261002_v2/best_checkpoint.pt,,,,cnn_ecoli50_integrated_20261002_v2,ecoli50_random_20260928_v1,val,20260928,ok,,0.2868626117706299,log10mm_59711a1c2217859e,2.0.0,ecoli50_strength_v1
course_ecoli50_strength,ecoli50_r010874,101.55,157.14508484040718,2.196300801770578,cnn_1d,log10_minmax,CNN/runs/cnn_ecoli50_integrated_20261002_v2/best_checkpoint.pt,,,,cnn_ecoli50_integrated_20261002_v2,ecoli50_random_20260928_v1,val,20260928,ok,,0.2528591156005859,log10mm_59711a1c2217859e,2.0.0,ecoli50_strength_v1
course_ecoli50_strength,ecoli50_r010877,60.13,251.30346535347843,2.4001984773451306,cnn_1d,log10_minmax,CNN/runs/cnn_ecoli50_integrated_20261002_v2/best_checkpoint.pt,,,,cnn_ecoli50_integrated_20261002_v2,ecoli50_random_20260928_v1,val,20260928,ok,,0.2938335537910461,log10mm_59711a1c2217859e,2.0.0,ecoli50_strength_v1
course_ecoli50_strength,ecoli50_r010888,304.65,113.14905353743738,2.053650925544946,cnn_1d,log10_minmax,CNN/runs/cnn_ecoli50_integrated_20261002_v2/best_checkpoint.pt,,,,cnn_ecoli50_integrated_20261002_v2,ecoli50_random_20260928_v1,val,20260928,ok,,0.2241927832365036,log10mm_59711a1c2217859e,2.0.0,ecoli50_strength_v1
course_ecoli50_strength,ecoli50_r010899,60.39,112.65110250317176,2.051735446469976,cnn_1d,log10_minmax,CNN/runs/cnn_ecoli50_integrated_20261002_v2/best_checkpoint.pt,,,,cnn_ecoli50_integrated_20261002_v2,ecoli50_random_20260928_v1,val,20260928,ok,,0.2238078564405441,log10mm_59711a1c2217859e,2.0.0,ecoli50_strength_v1
course_ecoli50_strength,ecoli50_r010904,3283.31,139.14450894077535,2.1434660724467425,cnn_1d,log10_minmax,CNN/runs/cnn_ecoli50_integrated_20261002_v2/best_checkpoint.pt,,,,cnn_ecoli50_integrated_20261002_v2,ecoli50_random_20260928_v1,val,20260928,ok,,0.2422416657209396,log10mm_59711a1c2217859e,2.0.0,ecoli50_strength_v1
course_ecoli50_strength,ecoli50_r010917,131.89,188.0378161361754,2.274245198666418,cnn_1d,log10_minmax,CNN/runs/cnn_ecoli50_integrated_20261002_v2/best_checkpoint.pt,,,,cnn_ecoli50_integrated_20261002_v2,ecoli50_random_20260928_v1,val,20260928,ok,,0.2685225009918213,log10mm_59711a1c2217859e,2.0.0,ecoli50_strength_v1
course_ecoli50_strength,ecoli50_r010919,426.07,273.125043820918,2.43636152399388,cnn_1d,log10_minmax,CNN/runs/cnn_ecoli50_integrated_20261002_v2/best_checkpoint.pt,,,,cnn_ecoli50_integrated_20261002_v2,ecoli50_random_20260928_v1,val,20260928,ok,,0.3011007308959961,log10mm_59711a1c2217859e,2.0.0,ecoli50_strength_v1
course_ecoli50_strength,ecoli50_r010922,144.32,141.5727557955501,2.1509796859380947,cnn_1d,log10_minmax,CNN/runs/cnn_ecoli50_integrated_20261002_v2/best_checkpoint.pt,,,,cnn_ecoli50_integrated_20261002_v2,ecoli50_random_20260928_v1,val,20260928,ok,,0.2437515705823898,log10mm_59711a1c2217859e,2.0.0,ecoli50_strength_v1
course_ecoli50_strength,ecoli50_r010923,579.05,154.12235435636345,2.187865634627022,cnn_1d,log10_minmax,CNN/runs/cnn_ecoli50_integrated_20261002_v2/best_checkpoint.pt,,,,cnn_ecoli50_integrated_20261002_v2,ecoli50_random_20260928_v1,val,20260928,ok,,0.2511640191078186,log10mm_59711a1c2217859e,2.0.0,ecoli50_strength_v1
course_ecoli50_strength,ecoli50_r010924,36.9,173.3075318575882,2.2388174373423597,cnn_1d,log10_minmax,CNN/runs/cnn_ecoli50_integrated_20261002_v2/best_checkpoint.pt,,,,cnn_ecoli50_integrated_20261002_v2,ecoli50_random_20260928_v1,val,20260928,ok,,0.2614030838012695,log10mm_59711a1c2217859e,2.0.0,ecoli50_strength_v1
course_ecoli50_strength,ecoli50_r010927,114.25,128.17773536969543,2.107812594248102,cnn_1d,log10_minmax,CNN/runs/cnn_ecoli50_integrated_20261002_v2/best_checkpoint.pt,,,,cnn_ecoli50_integrated_20261002_v2,ecoli50_random_20260928_v1,val,20260928,ok,,0.2350768893957138,log10mm_59711a1c2217859e,2.0.0,ecoli50_strength_v1
course_ecoli50_strength,ecoli50_r010938,879.16,153.41086955018883,2.185856131571444,cnn_1d,log10_minmax,CNN/runs/cnn_ecoli50_integrated_20261002_v2/best_checkpoint.pt,,,,cnn_ecoli50_integrated_20261002_v2,ecoli50_random_20260928_v1,val,20260928,ok,,0.2507601976394653,log10mm_59711a1c2217859e,2.0.0,ecoli50_strength_v1
course_ecoli50_strength,ecoli50_r010942,2892.44,253.5168870399536,2.404006893468175,cnn_1d,log10_minmax,CNN/runs/cnn_ecoli50_integrated_20261002_v2/best_checkpoint.pt,,,,cnn_ecoli50_integrated_20261002_v2,ecoli50_random_20260928_v1,val,20260928,ok,,0.2945988774299621,log10mm_59711a1c2217859e,2.0.0,ecoli50_strength_v1
course_ecoli50_strength,ecoli50_r010948,436.42,124.63394460611272,2.095636340456574,cnn_1d,log10_minmax,CNN/runs/cnn_ecoli50_integrated_20261002_v2/best_checkpoint.pt,,,,cnn_ecoli50_integrated_20261002_v2,ecoli50_random_20260928_v1,val,20260928,ok,,0.2326299995183944,log10mm_59711a1c2217859e,2.0.0,ecoli50_strength_v1
course_ecoli50_strength,ecoli50_r010957,48.11,118.04701438216496,2.072055007477873,cnn_1d,log10_minmax,CNN/runs/cnn_ecoli50_integrated_20261002_v2/best_checkpoint.pt,,,,cnn_ecoli50_integrated_20261002_v2,ecoli50_random_20260928_v1,val,20260928,ok,,0.2278911918401718,log10mm_59711a1c2217859e,2.0.0,ecoli50_strength_v1
course_ecoli50_strength,ecoli50_r010959,131.89,187.07289562095377,2.2720108685531084,cnn_1d,log10_minmax,CNN/runs/cnn_ecoli50_integrated_20261002_v2/best_checkpoint.pt,,,,cnn_ecoli50_integrated_20261002_v2,ecoli50_random_20260928_v1,val,20260928,ok,,0.2680734992027282,log10mm_59711a1c2217859e,2.0.0,ecoli50_strength_v1
course_ecoli50_strength,ecoli50_r010960,389.06,113.47791590902624,2.0549113511146406,cnn_1d,log10_minmax,CNN/runs/cnn_ecoli50_integrated_20261002_v2/best_checkpoint.pt,,,,cnn_ecoli50_integrated_20261002_v2,ecoli50_random_20260928_v1,val,20260928,ok,,0.2244460731744766,log10mm_59711a1c2217859e,2.0.0,ecoli50_strength_v1
course_ecoli50_strength,ecoli50_r010969,182.74,313.0781005171341,2.4956526902384626,cnn_1d,log10_minmax,CNN/runs/cnn_ecoli50_integrated_20261002_v2/best_checkpoint.pt,,,,cnn_ecoli50_integrated_20261002_v2,ecoli50_random_20260928_v1,val,20260928,ok,,0.3130156397819519,log10mm_59711a1c2217859e,2.0.0,ecoli50_strength_v1
course_ecoli50_strength,ecoli50_r010984,117.01,229.67648594193295,2.3611165348188985,cnn_1d,log10_minmax,CNN/runs/cnn_ecoli50_integrated_20261002_v2/best_checkpoint.pt,,,,cnn_ecoli50_integrated_20261002_v2,ecoli50_random_20260928_v1,val,20260928,ok,,0.2859798073768616,log10mm_59711a1c2217859e,2.0.0,ecoli50_strength_v1
course_ecoli50_strength,ecoli50_r010996,466.88,197.1961542427825,2.294898440993507,cnn_1d,log10_minmax,CNN/runs/cnn_ecoli50_integrated_20261002_v2/best_checkpoint.pt,,,,cnn_ecoli50_integrated_20261002_v2,ecoli50_random_20260928_v1,val,20260928,ok,,0.2726728916168213,log10mm_59711a1c2217859e,2.0.0,ecoli50_strength_v1
course_ecoli50_strength,ecoli50_r010998,22.6,123.467927242776,2.0915541573489835,cnn_1d,log10_minmax,CNN/runs/cnn_ecoli50_integrated_20261002_v2/best_checkpoint.pt,,,,cnn_ecoli50_integrated_20261002_v2,ecoli50_random_20260928_v1,val,20260928,ok,,0.2318096607923507,log10mm_59711a1c2217859e,2.0.0,ecoli50_strength_v1
course_ecoli50_strength,ecoli50_r011008,71.8,141.19612424210445,2.149822775728754,cnn_1d,log10_minmax,CNN/runs/cnn_ecoli50_integrated_20261002_v2/best_checkpoint.pt,,,,cnn_ecoli50_integrated_20261002_v2,ecoli50_random_20260928_v1,val,20260928,ok,,0.2435190826654434,log10mm_59711a1c2217859e,2.0.0,ecoli50_strength_v1
course_ecoli50_strength,ecoli50_r011016,1280.85,480.6245325684064,2.681805934772429,cnn_1d,log10_minmax,CNN/runs/cnn_ecoli50_integrated_20261002_v2/best_checkpoint.pt,,,,cnn_ecoli50_integrated_20261002_v2,ecoli50_random_20260928_v1,val,20260928,ok,,0.3504242300987243,log10mm_59711a1c2217859e,2.0.0,ecoli50_strength_v1
course_ecoli50_strength,ecoli50_r011025,35.23,148.61431141035146,2.172060633564984,cnn_1d,log10_minmax,CNN/runs/cnn_ecoli50_integrated_20261002_v2/best_checkpoint.pt,,,,cnn_ecoli50_integrated_20261002_v2,ecoli50_random_20260928_v1,val,20260928,ok,,0.2479879111051559,log10mm_59711a1c2217859e,2.0.0,ecoli50_strength_v1
course_ecoli50_strength,ecoli50_r011027,122.6,214.3557046265474,2.331135045835287,cnn_1d,log10_minmax,CNN/runs/cnn_ecoli50_integrated_20261002_v2/best_checkpoint.pt,,,,cnn_ecoli50_integrated_20261002_v2,ecoli50_random_20260928_v1,val,20260928,ok,,0.2799548506736755,log10mm_59711a1c2217859e,2.0.0,ecoli50_strength_v1
course_ecoli50_strength,ecoli50_r011031,27.92,221.8538973299754,2.346067062414915,cnn_1d,log10_minmax,CNN/runs/cnn_ecoli50_integrated_20261002_v2/best_checkpoint.pt,,,,cnn_ecoli50_integrated_20261002_v2,ecoli50_random_20260928_v1,val,20260928,ok,,0.282955527305603,log10mm_59711a1c2217859e,2.0.0,ecoli50_strength_v1
course_ecoli50_strength,ecoli50_r011045,37.23,370.42815136666417,2.5687039842696717,cnn_1d,log10_minmax,CNN/runs/cnn_ecoli50_integrated_20261002_v2/best_checkpoint.pt,,,,cnn_ecoli50_integrated_20261002_v2,ecoli50_random_20260928_v1,val,20260928,ok,,0.3276957273483276,log10mm_59711a1c2217859e,2.0.0,ecoli50_strength_v1
course_ecoli50_strength,ecoli50_r011051,86.14,186.9211744459524,2.271658501080042,cnn_1d,log10_minmax,CNN/runs/cnn_ecoli50_integrated_20261002_v2/best_checkpoint.pt,,,,cnn_ecoli50_integrated_20261002_v2,ecoli50_random_20260928_v1,val,20260928,ok,,0.2680026888847351,log10mm_59711a1c2217859e,2.0.0,ecoli50_strength_v1
course_ecoli50_strength,ecoli50_r011069,1638.44,296.2741619300139,2.4716937783092447,cnn_1d,log10_minmax,CNN/runs/cnn_ecoli50_integrated_20261002_v2/best_checkpoint.pt,,,,cnn_ecoli50_integrated_20261002_v2,ecoli50_random_20260928_v1,val,20260928,ok,,0.3082009553909302,log10mm_59711a1c2217859e,2.0.0,ecoli50_strength_v1
course_ecoli50_strength,ecoli50_r011087,70.45,217.2575680658764,2.336974913829572,cnn_1d,log10_minmax,CNN/runs/cnn_ecoli50_integrated_20261002_v2/best_checkpoint.pt,,,,cnn_ecoli50_integrated_20261002_v2,ecoli50_random_20260928_v1,val,20260928,ok,,0.2811284065246582,log10mm_59711a1c2217859e,2.0.0,ecoli50_strength_v1
course_ecoli50_strength,ecoli50_r011089,96.21,203.7030769033511,2.308997589000432,cnn_1d,log10_minmax,CNN/runs/cnn_ecoli50_integrated_20261002_v2/best_checkpoint.pt,,,,cnn_ecoli50_integrated_20261002_v2,ecoli50_random_20260928_v1,val,20260928,ok,,0.2755061984062195,log10mm_59711a1c2217859e,2.0.0,ecoli50_strength_v1
course_ecoli50_strength,ecoli50_r011106,43.61,176.23360454849262,2.246088724044574,cnn_1d,log10_minmax,CNN/runs/cnn_ecoli50_integrated_20261002_v2/best_checkpoint.pt,,,,cnn_ecoli50_integrated_20261002_v2,ecoli50_random_20260928_v1,val,20260928,ok,,0.2628642916679382,log10mm_59711a1c2217859e,2.0.0,ecoli50_strength_v1
course_ecoli50_strength,ecoli50_r011111,32.42,208.85593897295584,2.3198468292612358,cnn_1d,log10_minmax,CNN/runs/cnn_ecoli50_integrated_20261002_v2/best_checkpoint.pt,,,,cnn_ecoli50_integrated_20261002_v2,ecoli50_random_20260928_v1,val,20260928,ok,,0.2776864171028137,log10mm_59711a1c2217859e,2.0.0,ecoli50_strength_v1
course_ecoli50_strength,ecoli50_r011121,30943.55,228.18116792435512,2.358279798697341,cnn_1d,log10_minmax,CNN/runs/cnn_ecoli50_integrated_20261002_v2/best_checkpoint.pt,,,,cnn_ecoli50_integrated_20261002_v2,ecoli50_random_20260928_v1,val,20260928,ok,,0.2854097485542297,log10mm_59711a1c2217859e,2.0.0,ecoli50_strength_v1
course_ecoli50_strength,ecoli50_r011123,35.29,72.53761367074453,1.8605632641383412,cnn_1d,log10_minmax,CNN/runs/cnn_ecoli50_integrated_20261002_v2/best_checkpoint.pt,,,,cnn_ecoli50_integrated_20261002_v2,ecoli50_random_20260928_v1,val,20260928,ok,,0.1853906810283661,log10mm_59711a1c2217859e,2.0.0,ecoli50_strength_v1
course_ecoli50_strength,ecoli50_r011128,460.68,272.06777235049947,2.434677100694598,cnn_1d,log10_minmax,CNN/runs/cnn_ecoli50_integrated_20261002_v2/best_checkpoint.pt,,,,cnn_ecoli50_integrated_20261002_v2,ecoli50_random_20260928_v1,val,20260928,ok,,0.3007622361183166,log10mm_59711a1c2217859e,2.0.0,ecoli50_strength_v1
course_ecoli50_strength,ecoli50_r011146,504.13,87.38239858483395,1.9414239616125148,cnn_1d,log10_minmax,CNN/runs/cnn_ecoli50_integrated_20261002_v2/best_checkpoint.pt,,,,cnn_ecoli50_integrated_20261002_v2,ecoli50_random_20260928_v1,val,20260928,ok,,0.2016401141881942,log10mm_59711a1c2217859e,2.0.0,ecoli50_strength_v1
course_ecoli50_strength,ecoli50_r011154,4137.21,233.1488388231899,2.367633256831313,cnn_1d,log10_minmax,CNN/runs/cnn_ecoli50_integrated_20261002_v2/best_checkpoint.pt,,,,cnn_ecoli50_integrated_20261002_v2,ecoli50_random_20260928_v1,val,20260928,ok,,0.2872893810272217,log10mm_59711a1c2217859e,2.0.0,ecoli50_strength_v1
course_ecoli50_strength,ecoli50_r011162,143.04,317.9023146321263,2.502293690004425,cnn_1d,log10_minmax,CNN/runs/cnn_ecoli50_integrated_20261002_v2/best_checkpoint.pt,,,,cnn_ecoli50_integrated_20261002_v2,ecoli50_random_20260928_v1,val,20260928,ok,,0.3143501877784729,log10mm_59711a1c2217859e,2.0.0,ecoli50_strength_v1
course_ecoli50_strength,ecoli50_r011172,66.87,192.40400746789632,2.2842141134557887,cnn_1d,log10_minmax,CNN/runs/cnn_ecoli50_integrated_20261002_v2/best_checkpoint.pt,,,,cnn_ecoli50_integrated_20261002_v2,ecoli50_random_20260928_v1,val,20260928,ok,,0.2705258131027221,log10mm_59711a1c2217859e,2.0.0,ecoli50_strength_v1
course_ecoli50_strength,ecoli50_r011193,22846.96,242.1339666038337,2.3840557166366656,cnn_1d,log10_minmax,CNN/runs/cnn_ecoli50_integrated_20261002_v2/best_checkpoint.pt,,,,cnn_ecoli50_integrated_20261002_v2,ecoli50_random_20260928_v1,val,20260928,ok,,0.2905895709991455,log10mm_59711a1c2217859e,2.0.0,ecoli50_strength_v1
course_ecoli50_strength,ecoli50_r011196,108.24,278.144903046287,2.444271105984006,cnn_1d,log10_minmax,CNN/runs/cnn_ecoli50_integrated_20261002_v2/best_checkpoint.pt,,,,cnn_ecoli50_integrated_20261002_v2,ecoli50_random_20260928_v1,val,20260928,ok,,0.3026902079582214,log10mm_59711a1c2217859e,2.0.0,ecoli50_strength_v1
course_ecoli50_strength,ecoli50_r011212,21460.21,186.3721523173246,2.2703810206873665,cnn_1d,log10_minmax,CNN/runs/cnn_ecoli50_integrated_20261002_v2/best_checkpoint.pt,,,,cnn_ecoli50_integrated_20261002_v2,ecoli50_random_20260928_v1,val,20260928,ok,,0.2677459716796875,log10mm_59711a1c2217859e,2.0.0,ecoli50_strength_v1
course_ecoli50_strength,ecoli50_r011220,2751.11,122.54409401794186,2.08829238537818,cnn_1d,log10_minmax,CNN/runs/cnn_ecoli50_integrated_20261002_v2/best_checkpoint.pt,,,,cnn_ecoli50_integrated_20261002_v2,ecoli50_random_20260928_v1,val,20260928,ok,,0.2311541885137558,log10mm_59711a1c2217859e,2.0.0,ecoli50_strength_v1
course_ecoli50_strength,ecoli50_r011224,195.03,165.9127500382548,2.2198797619043424,cnn_1d,log10_minmax,CNN/runs/cnn_ecoli50_integrated_20261002_v2/best_checkpoint.pt,,,,cnn_ecoli50_integrated_20261002_v2,ecoli50_random_20260928_v1,val,20260928,ok,,0.2575974464416504,log10mm_59711a1c2217859e,2.0.0,ecoli50_strength_v1
course_ecoli50_strength,ecoli50_r011228,894.31,152.21194175210192,2.182448726242664,cnn_1d,log10_minmax,CNN/runs/cnn_ecoli50_integrated_20261002_v2/best_checkpoint.pt,,,,cnn_ecoli50_integrated_20261002_v2,ecoli50_random_20260928_v1,val,20260928,ok,,0.2500754594802856,log10mm_59711a1c2217859e,2.0.0,ecoli50_strength_v1
course_ecoli50_strength,ecoli50_r011230,365.68,223.35244140150127,2.348990703982271,cnn_1d,log10_minmax,CNN/runs/cnn_ecoli50_integrated_20261002_v2/best_checkpoint.pt,,,,cnn_ecoli50_integrated_20261002_v2,ecoli50_random_20260928_v1,val,20260928,ok,,0.283543050289154,log10mm_59711a1c2217859e,2.0.0,ecoli50_strength_v1
course_ecoli50_strength,ecoli50_r011233,106.57,84.1038546485505,1.924815900842288,cnn_1d,log10_minmax,CNN/runs/cnn_ecoli50_integrated_20261002_v2/best_checkpoint.pt,,,,cnn_ecoli50_integrated_20261002_v2,ecoli50_random_20260928_v1,val,20260928,ok,,0.1983026266098022,log10mm_59711a1c2217859e,2.0.0,ecoli50_strength_v1
course_ecoli50_strength,ecoli50_r011240,213.03,206.37952671371443,2.3146666121592907,cnn_1d,log10_minmax,CNN/runs/cnn_ecoli50_integrated_20261002_v2/best_checkpoint.pt,,,,cnn_ecoli50_integrated_20261002_v2,ecoli50_random_20260928_v1,val,20260928,ok,,0.2766454219818115,log10mm_59711a1c2217859e,2.0.0,ecoli50_strength_v1
course_ecoli50_strength,ecoli50_r011268,228.51,178.27887133301593,2.2510998759447944,cnn_1d,log10_minmax,CNN/runs/cnn_ecoli50_integrated_20261002_v2/best_checkpoint.pt,,,,cnn_ecoli50_integrated_20261002_v2,ecoli50_random_20260928_v1,val,20260928,ok,,0.2638713121414184,log10mm_59711a1c2217859e,2.0.0,ecoli50_strength_v1
course_ecoli50_strength,ecoli50_r011275,89.16,298.45511478668976,2.4748790260308478,cnn_1d,log10_minmax,CNN/runs/cnn_ecoli50_integrated_20261002_v2/best_checkpoint.pt,,,,cnn_ecoli50_integrated_20261002_v2,ecoli50_random_20260928_v1,val,20260928,ok,,0.3088410496711731,log10mm_59711a1c2217859e,2.0.0,ecoli50_strength_v1
course_ecoli50_strength,ecoli50_r011276,60.39,254.87221515464176,2.4063224935205585,cnn_1d,log10_minmax,CNN/runs/cnn_ecoli50_integrated_20261002_v2/best_checkpoint.pt,,,,cnn_ecoli50_integrated_20261002_v2,ecoli50_random_20260928_v1,val,20260928,ok,,0.2950642108917236,log10mm_59711a1c2217859e,2.0.0,ecoli50_strength_v1
course_ecoli50_strength,ecoli50_r011282,229.12,129.60084025723808,2.112607817259103,cnn_1d,log10_minmax,CNN/runs/cnn_ecoli50_integrated_20261002_v2/best_checkpoint.pt,,,,cnn_ecoli50_integrated_20261002_v2,ecoli50_random_20260928_v1,val,20260928,ok,,0.2360405176877975,log10mm_59711a1c2217859e,2.0.0,ecoli50_strength_v1
course_ecoli50_strength,ecoli50_r011293,69.27,117.61997148293294,2.070481069770947,cnn_1d,log10_minmax,CNN/runs/cnn_ecoli50_integrated_20261002_v2/best_checkpoint.pt,,,,cnn_ecoli50_integrated_20261002_v2,ecoli50_random_20260928_v1,val,20260928,ok,,0.2275748997926712,log10mm_59711a1c2217859e,2.0.0,ecoli50_strength_v1
course_ecoli50_strength,ecoli50_r011298,651.82,284.0018287489289,2.4533211365717262,cnn_1d,log10_minmax,CNN/runs/cnn_ecoli50_integrated_20261002_v2/best_checkpoint.pt,,,,cnn_ecoli50_integrated_20261002_v2,ecoli50_random_20260928_v1,val,20260928,ok,,0.3045088648796081,log10mm_59711a1c2217859e,2.0.0,ecoli50_strength_v1
course_ecoli50_strength,ecoli50_r011299,54.12,118.21777285459687,2.0726827732663797,cnn_1d,log10_minmax,CNN/runs/cnn_ecoli50_integrated_20261002_v2/best_checkpoint.pt,,,,cnn_ecoli50_integrated_20261002_v2,ecoli50_random_20260928_v1,val,20260928,ok,,0.2280173450708389,log10mm_59711a1c2217859e,2.0.0,ecoli50_strength_v1
course_ecoli50_strength,ecoli50_r011307,4305.92,142.0583343451391,2.1524667181992228,cnn_1d,log10_minmax,CNN/runs/cnn_ecoli50_integrated_20261002_v2/best_checkpoint.pt,,,,cnn_ecoli50_integrated_20261002_v2,ecoli50_random_20260928_v1,val,20260928,ok,,0.2440503984689712,log10mm_59711a1c2217859e,2.0.0,ecoli50_strength_v1
course_ecoli50_strength,ecoli50_r011318,941.18,103.38764815231268,2.014468656168744,cnn_1d,log10_minmax,CNN/runs/cnn_ecoli50_integrated_20261002_v2/best_checkpoint.pt,,,,cnn_ecoli50_integrated_20261002_v2,ecoli50_random_20260928_v1,val,20260928,ok,,0.2163188755512237,log10mm_59711a1c2217859e,2.0.0,ecoli50_strength_v1
course_ecoli50_strength,ecoli50_r011330,210.17,167.88363719806893,2.225008369628919,cnn_1d,log10_minmax,CNN/runs/cnn_ecoli50_integrated_20261002_v2/best_checkpoint.pt,,,,cnn_ecoli50_integrated_20261002_v2,ecoli50_random_20260928_v1,val,20260928,ok,,0.2586280703544616,log10mm_59711a1c2217859e,2.0.0,ecoli50_strength_v1
course_ecoli50_strength,ecoli50_r011335,1549.24,89.09107799258689,1.9498342138842373,cnn_1d,log10_minmax,CNN/runs/cnn_ecoli50_integrated_20261002_v2/best_checkpoint.pt,,,,cnn_ecoli50_integrated_20261002_v2,ecoli50_random_20260928_v1,val,20260928,ok,,0.2033302038908004,log10mm_59711a1c2217859e,2.0.0,ecoli50_strength_v1
course_ecoli50_strength,ecoli50_r011339,366.82,214.25939750119392,2.3309398793392617,cnn_1d,log10_minmax,CNN/runs/cnn_ecoli50_integrated_20261002_v2/best_checkpoint.pt,,,,cnn_ecoli50_integrated_20261002_v2,ecoli50_random_20260928_v1,val,20260928,ok,,0.2799156308174133,log10mm_59711a1c2217859e,2.0.0,ecoli50_strength_v1
course_ecoli50_strength,ecoli50_r011342,45.69,186.71741316638756,2.2711848219095976,cnn_1d,log10_minmax,CNN/runs/cnn_ecoli50_integrated_20261002_v2/best_checkpoint.pt,,,,cnn_ecoli50_integrated_20261002_v2,ecoli50_random_20260928_v1,val,20260928,ok,,0.2679075002670288,log10mm_59711a1c2217859e,2.0.0,ecoli50_strength_v1
course_ecoli50_strength,ecoli50_r011354,165.18,168.49967422660623,2.226599065553209,cnn_1d,log10_minmax,CNN/runs/cnn_ecoli50_integrated_20261002_v2/best_checkpoint.pt,,,,cnn_ecoli50_integrated_20261002_v2,ecoli50_random_20260928_v1,val,20260928,ok,,0.2589477300643921,log10mm_59711a1c2217859e,2.0.0,ecoli50_strength_v1
course_ecoli50_strength,ecoli50_r011357,35.03,263.11511552914686,2.420145798303618,cnn_1d,log10_minmax,CNN/runs/cnn_ecoli50_integrated_20261002_v2/best_checkpoint.pt,,,,cnn_ecoli50_integrated_20261002_v2,ecoli50_random_20260928_v1,val,20260928,ok,,0.2978420853614807,log10mm_59711a1c2217859e,2.0.0,ecoli50_strength_v1
course_ecoli50_strength,ecoli50_r011358,1926.6,234.5558949712791,2.370246352317608,cnn_1d,log10_minmax,CNN/runs/cnn_ecoli50_integrated_20261002_v2/best_checkpoint.pt,,,,cnn_ecoli50_integrated_20261002_v2,ecoli50_random_20260928_v1,val,20260928,ok,,0.2878144979476928,log10mm_59711a1c2217859e,2.0.0,ecoli50_strength_v1
course_ecoli50_strength,ecoli50_r011374,176.85,166.55317428539544,2.221552914190175,cnn_1d,log10_minmax,CNN/runs/cnn_ecoli50_integrated_20261002_v2/best_checkpoint.pt,,,,cnn_ecoli50_integrated_20261002_v2,ecoli50_random_20260928_v1,val,20260928,ok,,0.2579336762428283,log10mm_59711a1c2217859e,2.0.0,ecoli50_strength_v1
course_ecoli50_strength,ecoli50_r011376,30.19,96.9634634686402,1.9866081198013208,cnn_1d,log10_minmax,CNN/runs/cnn_ecoli50_integrated_20261002_v2/best_checkpoint.pt,,,,cnn_ecoli50_integrated_20261002_v2,ecoli50_random_20260928_v1,val,20260928,ok,,0.2107201367616653,log10mm_59711a1c2217859e,2.0.0,ecoli50_strength_v1
course_ecoli50_strength,ecoli50_r011384,249.06,98.06699661712004,1.9915228748759968,cnn_1d,log10_minmax,CNN/runs/cnn_ecoli50_integrated_20261002_v2/best_checkpoint.pt,,,,cnn_ecoli50_integrated_20261002_v2,ecoli50_random_20260928_v1,val,20260928,ok,,0.2117077857255935,log10mm_59711a1c2217859e,2.0.0,ecoli50_strength_v1
course_ecoli50_strength,ecoli50_r011396,61.9,92.74889278567126,1.9673087338133,cnn_1d,log10_minmax,CNN/runs/cnn_ecoli50_integrated_20261002_v2/best_checkpoint.pt,,,,cnn_ecoli50_integrated_20261002_v2,ecoli50_random_20260928_v1,val,20260928,ok,,0.2068418115377426,log10mm_59711a1c2217859e,2.0.0,ecoli50_strength_v1
course_ecoli50_strength,ecoli50_r011403,55.85,102.07391920169395,2.0089147901407083,cnn_1d,log10_minmax,CNN/runs/cnn_ecoli50_integrated_20261002_v2/best_checkpoint.pt,,,,cnn_ecoli50_integrated_20261002_v2,ecoli50_random_20260928_v1,val,20260928,ok,,0.2152027934789657,log10mm_59711a1c2217859e,2.0.0,ecoli50_strength_v1
course_ecoli50_strength,ecoli50_r011417,354.79,393.37581112138014,2.5948076514158465,cnn_1d,log10_minmax,CNN/runs/cnn_ecoli50_integrated_20261002_v2/best_checkpoint.pt,,,,cnn_ecoli50_integrated_20261002_v2,ecoli50_random_20260928_v1,val,20260928,ok,,0.3329414129257202,log10mm_59711a1c2217859e,2.0.0,ecoli50_strength_v1
course_ecoli50_strength,ecoli50_r011420,216.48,280.1847473096194,2.447444489480926,cnn_1d,log10_minmax,CNN/runs/cnn_ecoli50_integrated_20261002_v2/best_checkpoint.pt,,,,cnn_ecoli50_integrated_20261002_v2,ecoli50_random_20260928_v1,val,20260928,ok,,0.3033279180526733,log10mm_59711a1c2217859e,2.0.0,ecoli50_strength_v1
course_ecoli50_strength,ecoli50_r011421,60.13,124.00069161821804,2.0934241074617352,cnn_1d,log10_minmax,CNN/runs/cnn_ecoli50_integrated_20261002_v2/best_checkpoint.pt,,,,cnn_ecoli50_integrated_20261002_v2,ecoli50_random_20260928_v1,val,20260928,ok,,0.2321854382753372,log10mm_59711a1c2217859e,2.0.0,ecoli50_strength_v1
course_ecoli50_strength,ecoli50_r011429,243.35,161.1217589965673,2.20715419451002,cnn_1d,log10_minmax,CNN/runs/cnn_ecoli50_integrated_20261002_v2/best_checkpoint.pt,,,,cnn_ecoli50_integrated_20261002_v2,ecoli50_random_20260928_v1,val,20260928,ok,,0.255040168762207,log10mm_59711a1c2217859e,2.0.0,ecoli50_strength_v1
course_ecoli50_strength,ecoli50_r011432,268.13,156.0653778120953,2.193306568066362,cnn_1d,log10_minmax,CNN/runs/cnn_ecoli50_integrated_20261002_v2/best_checkpoint.pt,,,,cnn_ecoli50_integrated_20261002_v2,ecoli50_random_20260928_v1,val,20260928,ok,,0.2522574067115783,log10mm_59711a1c2217859e,2.0.0,ecoli50_strength_v1
course_ecoli50_strength,ecoli50_r011448,21.67,211.6011037163948,2.325517928659413,cnn_1d,log10_minmax,CNN/runs/cnn_ecoli50_integrated_20261002_v2/best_checkpoint.pt,,,,cnn_ecoli50_integrated_20261002_v2,ecoli50_random_20260928_v1,val,20260928,ok,,0.2788260579109192,log10mm_59711a1c2217859e,2.0.0,ecoli50_strength_v1
course_ecoli50_strength,ecoli50_r011450,212.21,234.8538814280643,2.3707977421597213,cnn_1d,log10_minmax,CNN/runs/cnn_ecoli50_integrated_20261002_v2/best_checkpoint.pt,,,,cnn_ecoli50_integrated_20261002_v2,ecoli50_random_20260928_v1,val,20260928,ok,,0.2879253029823303,log10mm_59711a1c2217859e,2.0.0,ecoli50_strength_v1
course_ecoli50_strength,ecoli50_r011459,324.44,276.33591670232374,2.4414373359186192,cnn_1d,log10_minmax,CNN/runs/cnn_ecoli50_integrated_20261002_v2/best_checkpoint.pt,,,,cnn_ecoli50_integrated_20261002_v2,ecoli50_random_20260928_v1,val,20260928,ok,,0.3021207451820373,log10mm_59711a1c2217859e,2.0.0,ecoli50_strength_v1
course_ecoli50_strength,ecoli50_r011485,72.45,247.2527002852614,2.393141043292816,cnn_1d,log10_minmax,CNN/runs/cnn_ecoli50_integrated_20261002_v2/best_checkpoint.pt,,,,cnn_ecoli50_integrated_20261002_v2,ecoli50_random_20260928_v1,val,20260928,ok,,0.2924153208732605,log10mm_59711a1c2217859e,2.0.0,ecoli50_strength_v1
course_ecoli50_strength,ecoli50_r011489,96.17,107.46333538314826,2.031260315815931,cnn_1d,log10_minmax,CNN/runs/cnn_ecoli50_integrated_20261002_v2/best_checkpoint.pt,,,,cnn_ecoli50_integrated_20261002_v2,ecoli50_random_20260928_v1,val,20260928,ok,,0.2196932584047317,log10mm_59711a1c2217859e,2.0.0,ecoli50_strength_v1
course_ecoli50_strength,ecoli50_r011498,114.25,150.3540357891184,2.177115089885295,cnn_1d,log10_minmax,CNN/runs/cnn_ecoli50_integrated_20261002_v2/best_checkpoint.pt,,,,cnn_ecoli50_integrated_20261002_v2,ecoli50_random_20260928_v1,val,20260928,ok,,0.2490036338567733,log10mm_59711a1c2217859e,2.0.0,ecoli50_strength_v1
course_ecoli50_strength,ecoli50_r011501,319.8,171.2533200727047,2.233638999874117,cnn_1d,log10_minmax,CNN/runs/cnn_ecoli50_integrated_20261002_v2/best_checkpoint.pt,,,,cnn_ecoli50_integrated_20261002_v2,ecoli50_random_20260928_v1,val,20260928,ok,,0.260362446308136,log10mm_59711a1c2217859e,2.0.0,ecoli50_strength_v1
course_ecoli50_strength,ecoli50_r011502,54.53,257.7401517903644,2.411182079950462,cnn_1d,log10_minmax,CNN/runs/cnn_ecoli50_integrated_20261002_v2/best_checkpoint.pt,,,,cnn_ecoli50_integrated_20261002_v2,ecoli50_random_20260928_v1,val,20260928,ok,,0.2960407733917236,log10mm_59711a1c2217859e,2.0.0,ecoli50_strength_v1
course_ecoli50_strength,ecoli50_r011515,827.62,117.48405189930077,2.069978916461265,cnn_1d,log10_minmax,CNN/runs/cnn_ecoli50_integrated_20261002_v2/best_checkpoint.pt,,,,cnn_ecoli50_integrated_20261002_v2,ecoli50_random_20260928_v1,val,20260928,ok,,0.2274739891290664,log10mm_59711a1c2217859e,2.0.0,ecoli50_strength_v1
course_ecoli50_strength,ecoli50_r011520,33.8,140.6850976976979,2.148248096507785,cnn_1d,log10_minmax,CNN/runs/cnn_ecoli50_integrated_20261002_v2/best_checkpoint.pt,,,,cnn_ecoli50_integrated_20261002_v2,ecoli50_random_20260928_v1,val,20260928,ok,,0.2432026416063308,log10mm_59711a1c2217859e,2.0.0,ecoli50_strength_v1
course_ecoli50_strength,ecoli50_r011530,67.1,211.58867578961295,2.3254924205763463,cnn_1d,log10_minmax,CNN/runs/cnn_ecoli50_integrated_20261002_v2/best_checkpoint.pt,,,,cnn_ecoli50_integrated_20261002_v2,ecoli50_random_20260928_v1,val,20260928,ok,,0.2788209319114685,log10mm_59711a1c2217859e,2.0.0,ecoli50_strength_v1
course_ecoli50_strength,ecoli50_r011531,55.73,199.3128396196873,2.2995352766049986,cnn_1d,log10_minmax,CNN/runs/cnn_ecoli50_integrated_20261002_v2/best_checkpoint.pt,,,,cnn_ecoli50_integrated_20261002_v2,ecoli50_random_20260928_v1,val,20260928,ok,,0.2736046910285949,log10mm_59711a1c2217859e,2.0.0,ecoli50_strength_v1
course_ecoli50_strength,ecoli50_r011543,90.2,220.1438314375312,2.3427065207736306,cnn_1d,log10_minmax,CNN/runs/cnn_ecoli50_integrated_20261002_v2/best_checkpoint.pt,,,,cnn_ecoli50_integrated_20261002_v2,ecoli50_random_20260928_v1,val,20260928,ok,,0.2822802066802978,log10mm_59711a1c2217859e,2.0.0,ecoli50_strength_v1
course_ecoli50_strength,ecoli50_r011547,35.9,143.98815118280064,2.158326755375468,cnn_1d,log10_minmax,CNN/runs/cnn_ecoli50_integrated_20261002_v2/best_checkpoint.pt,,,,cnn_ecoli50_integrated_20261002_v2,ecoli50_random_20260928_v1,val,20260928,ok,,0.2452280074357986,log10mm_59711a1c2217859e,2.0.0,ecoli50_strength_v1
course_ecoli50_strength,ecoli50_r011555,88.9,127.37393327144692,2.1050805599093665,cnn_1d,log10_minmax,CNN/runs/cnn_ecoli50_integrated_20261002_v2/best_checkpoint.pt,,,,cnn_ecoli50_integrated_20261002_v2,ecoli50_random_20260928_v1,val,20260928,ok,,0.2345278710126876,log10mm_59711a1c2217859e,2.0.0,ecoli50_strength_v1
course_ecoli50_strength,ecoli50_r011557,60.13,159.41860742721408,2.202539011108574,cnn_1d,log10_minmax,CNN/runs/cnn_ecoli50_integrated_20261002_v2/best_checkpoint.pt,,,,cnn_ecoli50_integrated_20261002_v2,ecoli50_random_20260928_v1,val,20260928,ok,,0.2541127204895019,log10mm_59711a1c2217859e,2.0.0,ecoli50_strength_v1
course_ecoli50_strength,ecoli50_r011583,98.45,194.406575966473,2.288710951216028,cnn_1d,log10_minmax,CNN/runs/cnn_ecoli50_integrated_20261002_v2/best_checkpoint.pt,,,,cnn_ecoli50_integrated_20261002_v2,ecoli50_random_20260928_v1,val,20260928,ok,,0.2714294791221618,log10mm_59711a1c2217859e,2.0.0,ecoli50_strength_v1
course_ecoli50_strength,ecoli50_r011585,130.86,126.04090089141695,2.1005114986813727,cnn_1d,log10_minmax,CNN/runs/cnn_ecoli50_integrated_20261002_v2/best_checkpoint.pt,,,,cnn_ecoli50_integrated_20261002_v2,ecoli50_random_20260928_v1,val,20260928,ok,,0.2336096912622451,log10mm_59711a1c2217859e,2.0.0,ecoli50_strength_v1
course_ecoli50_strength,ecoli50_r011586,84.19,212.9804961922148,2.328339834500118,cnn_1d,log10_minmax,CNN/runs/cnn_ecoli50_integrated_20261002_v2/best_checkpoint.pt,,,,cnn_ecoli50_integrated_20261002_v2,ecoli50_random_20260928_v1,val,20260928,ok,,0.2793931365013122,log10mm_59711a1c2217859e,2.0.0,ecoli50_strength_v1
course_ecoli50_strength,ecoli50_r011619,80.52,153.85333598975524,2.187106917458584,cnn_1d,log10_minmax,CNN/runs/cnn_ecoli50_integrated_20261002_v2/best_checkpoint.pt,,,,cnn_ecoli50_integrated_20261002_v2,ecoli50_random_20260928_v1,val,20260928,ok,,0.2510115504264831,log10mm_59711a1c2217859e,2.0.0,ecoli50_strength_v1
course_ecoli50_strength,ecoli50_r011620,58.51,98.7540860628112,1.9945550740991969,cnn_1d,log10_minmax,CNN/runs/cnn_ecoli50_integrated_20261002_v2/best_checkpoint.pt,,,,cnn_ecoli50_integrated_20261002_v2,ecoli50_random_20260928_v1,val,20260928,ok,,0.2123171240091323,log10mm_59711a1c2217859e,2.0.0,ecoli50_strength_v1
course_ecoli50_strength,ecoli50_r011627,66.15,487.6739600552581,2.6881295665281377,cnn_1d,log10_minmax,CNN/runs/cnn_ecoli50_integrated_20261002_v2/best_checkpoint.pt,,,,cnn_ecoli50_integrated_20261002_v2,ecoli50_random_20260928_v1,val,20260928,ok,,0.3516950011253357,log10mm_59711a1c2217859e,2.0.0,ecoli50_strength_v1
course_ecoli50_strength,ecoli50_r011630,395.87,372.47692321785945,2.571099371233044,cnn_1d,log10_minmax,CNN/runs/cnn_ecoli50_integrated_20261002_v2/best_checkpoint.pt,,,,cnn_ecoli50_integrated_20261002_v2,ecoli50_random_20260928_v1,val,20260928,ok,,0.3281770944595337,log10mm_59711a1c2217859e,2.0.0,ecoli50_strength_v1
course_ecoli50_strength,ecoli50_r011633,1154.57,535.8962495409108,2.729080717653079,cnn_1d,log10_minmax,CNN/runs/cnn_ecoli50_integrated_20261002_v2/best_checkpoint.pt,,,,cnn_ecoli50_integrated_20261002_v2,ecoli50_random_20260928_v1,val,20260928,ok,,0.3599243760108948,log10mm_59711a1c2217859e,2.0.0,ecoli50_strength_v1
course_ecoli50_strength,ecoli50_r011639,81.73,235.43426756054745,2.3718696748597745,cnn_1d,log10_minmax,CNN/runs/cnn_ecoli50_integrated_20261002_v2/best_checkpoint.pt,,,,cnn_ecoli50_integrated_20261002_v2,ecoli50_random_20260928_v1,val,20260928,ok,,0.2881407141685486,log10mm_59711a1c2217859e,2.0.0,ecoli50_strength_v1
course_ecoli50_strength,ecoli50_r011642,383.36,227.11166890034065,2.3562394486575884,cnn_1d,log10_minmax,CNN/runs/cnn_ecoli50_integrated_20261002_v2/best_checkpoint.pt,,,,cnn_ecoli50_integrated_20261002_v2,ecoli50_random_20260928_v1,val,20260928,ok,,0.2849997282028198,log10mm_59711a1c2217859e,2.0.0,ecoli50_strength_v1
course_ecoli50_strength,ecoli50_r011669,123.66,138.8285131328918,2.1424786723475515,cnn_1d,log10_minmax,CNN/runs/cnn_ecoli50_integrated_20261002_v2/best_checkpoint.pt,,,,cnn_ecoli50_integrated_20261002_v2,ecoli50_random_20260928_v1,val,20260928,ok,,0.2420432418584823,log10mm_59711a1c2217859e,2.0.0,ecoli50_strength_v1
course_ecoli50_strength,ecoli50_r011671,61.3,311.14517488176494,2.4929630705029666,cnn_1d,log10_minmax,CNN/runs/cnn_ecoli50_integrated_20261002_v2/best_checkpoint.pt,,,,cnn_ecoli50_integrated_20261002_v2,ecoli50_random_20260928_v1,val,20260928,ok,,0.3124751448631286,log10mm_59711a1c2217859e,2.0.0,ecoli50_strength_v1
course_ecoli50_strength,ecoli50_r011677,104.38,196.43803687564625,2.2932255853132912,cnn_1d,log10_minmax,CNN/runs/cnn_ecoli50_integrated_20261002_v2/best_checkpoint.pt,,,,cnn_ecoli50_integrated_20261002_v2,ecoli50_random_20260928_v1,val,20260928,ok,,0.2723367214202881,log10mm_59711a1c2217859e,2.0.0,ecoli50_strength_v1
course_ecoli50_strength,ecoli50_r011681,793.77,146.34342501328996,2.165373215019951,cnn_1d,log10_minmax,CNN/runs/cnn_ecoli50_integrated_20261002_v2/best_checkpoint.pt,,,,cnn_ecoli50_integrated_20261002_v2,ecoli50_random_20260928_v1,val,20260928,ok,,0.2466440349817276,log10mm_59711a1c2217859e,2.0.0,ecoli50_strength_v1
course_ecoli50_strength,ecoli50_r011688,292.53,230.6455651671488,2.3629451084480704,cnn_1d,log10_minmax,CNN/runs/cnn_ecoli50_integrated_20261002_v2/best_checkpoint.pt,,,,cnn_ecoli50_integrated_20261002_v2,ecoli50_random_20260928_v1,val,20260928,ok,,0.2863472700119018,log10mm_59711a1c2217859e,2.0.0,ecoli50_strength_v1
course_ecoli50_strength,ecoli50_r011696,44.32,174.3928637066639,2.2415287092879006,cnn_1d,log10_minmax,CNN/runs/cnn_ecoli50_integrated_20261002_v2/best_checkpoint.pt,,,,cnn_ecoli50_integrated_20261002_v2,ecoli50_random_20260928_v1,val,20260928,ok,,0.2619479298591614,log10mm_59711a1c2217859e,2.0.0,ecoli50_strength_v1
course_ecoli50_strength,ecoli50_r011701,19491.38,389.02280064949525,2.5899750560970958,cnn_1d,log10_minmax,CNN/runs/cnn_ecoli50_integrated_20261002_v2/best_checkpoint.pt,,,,cnn_ecoli50_integrated_20261002_v2,ecoli50_random_20260928_v1,val,20260928,ok,,0.3319702744483948,log10mm_59711a1c2217859e,2.0.0,ecoli50_strength_v1
course_ecoli50_strength,ecoli50_r011709,1196.65,219.81571320627845,2.342058734105972,cnn_1d,log10_minmax,CNN/runs/cnn_ecoli50_integrated_20261002_v2/best_checkpoint.pt,,,,cnn_ecoli50_integrated_20261002_v2,ecoli50_random_20260928_v1,val,20260928,ok,,0.2821500301361084,log10mm_59711a1c2217859e,2.0.0,ecoli50_strength_v1
course_ecoli50_strength,ecoli50_r011710,137.46,192.94536442388647,2.285434348964372,cnn_1d,log10_minmax,CNN/runs/cnn_ecoli50_integrated_20261002_v2/best_checkpoint.pt,,,,cnn_ecoli50_integrated_20261002_v2,ecoli50_random_20260928_v1,val,20260928,ok,,0.2707710266113281,log10mm_59711a1c2217859e,2.0.0,ecoli50_strength_v1
course_ecoli50_strength,ecoli50_r011711,90.58,166.52291977265057,2.2214740170960376,cnn_1d,log10_minmax,CNN/runs/cnn_ecoli50_integrated_20261002_v2/best_checkpoint.pt,,,,cnn_ecoli50_integrated_20261002_v2,ecoli50_random_20260928_v1,val,20260928,ok,,0.2579178214073181,log10mm_59711a1c2217859e,2.0.0,ecoli50_strength_v1
course_ecoli50_strength,ecoli50_r011721,277.62,389.58726301992,2.5906047498221128,cnn_1d,log10_minmax,CNN/runs/cnn_ecoli50_integrated_20261002_v2/best_checkpoint.pt,,,,cnn_ecoli50_integrated_20261002_v2,ecoli50_random_20260928_v1,val,20260928,ok,,0.3320968151092529,log10mm_59711a1c2217859e,2.0.0,ecoli50_strength_v1
course_ecoli50_strength,ecoli50_r011741,205.89,208.85080398947065,2.3198361514590213,cnn_1d,log10_minmax,CNN/runs/cnn_ecoli50_integrated_20261002_v2/best_checkpoint.pt,,,,cnn_ecoli50_integrated_20261002_v2,ecoli50_random_20260928_v1,val,20260928,ok,,0.2776842713356018,log10mm_59711a1c2217859e,2.0.0,ecoli50_strength_v1
course_ecoli50_strength,ecoli50_r011747,73.69,175.7452579225654,2.2448836154224607,cnn_1d,log10_minmax,CNN/runs/cnn_ecoli50_integrated_20261002_v2/best_checkpoint.pt,,,,cnn_ecoli50_integrated_20261002_v2,ecoli50_random_20260928_v1,val,20260928,ok,,0.2626221179962158,log10mm_59711a1c2217859e,2.0.0,ecoli50_strength_v1
course_ecoli50_strength,ecoli50_r011748,67.79,160.37248590399128,2.205129861173589,cnn_1d,log10_minmax,CNN/runs/cnn_ecoli50_integrated_20261002_v2/best_checkpoint.pt,,,,cnn_ecoli50_integrated_20261002_v2,ecoli50_random_20260928_v1,val,20260928,ok,,0.254633367061615,log10mm_59711a1c2217859e,2.0.0,ecoli50_strength_v1
course_ecoli50_strength,ecoli50_r011750,66.87,295.26356588669177,2.470209860407096,cnn_1d,log10_minmax,CNN/runs/cnn_ecoli50_integrated_20261002_v2/best_checkpoint.pt,,,,cnn_ecoli50_integrated_20261002_v2,ecoli50_random_20260928_v1,val,20260928,ok,,0.3079027533531189,log10mm_59711a1c2217859e,2.0.0,ecoli50_strength_v1
course_ecoli50_strength,ecoli50_r011751,114.25,204.23116790900616,2.3101220208947044,cnn_1d,log10_minmax,CNN/runs/cnn_ecoli50_integrated_20261002_v2/best_checkpoint.pt,,,,cnn_ecoli50_integrated_20261002_v2,ecoli50_random_20260928_v1,val,20260928,ok,,0.275732159614563,log10mm_59711a1c2217859e,2.0.0,ecoli50_strength_v1
course_ecoli50_strength,ecoli50_r011770,2307.14,165.09958480559197,2.217745981095216,cnn_1d,log10_minmax,CNN/runs/cnn_ecoli50_integrated_20261002_v2/best_checkpoint.pt,,,,cnn_ecoli50_integrated_20261002_v2,ecoli50_random_20260928_v1,val,20260928,ok,,0.2571686506271362,log10mm_59711a1c2217859e,2.0.0,ecoli50_strength_v1
course_ecoli50_strength,ecoli50_r011772,219.2,144.57430521822633,2.160091113888546,cnn_1d,log10_minmax,CNN/runs/cnn_ecoli50_integrated_20261002_v2/best_checkpoint.pt,,,,cnn_ecoli50_integrated_20261002_v2,ecoli50_random_20260928_v1,val,20260928,ok,,0.245582565665245,log10mm_59711a1c2217859e,2.0.0,ecoli50_strength_v1
course_ecoli50_strength,ecoli50_r011779,74.3,129.99176723887857,2.113915848030336,cnn_1d,log10_minmax,CNN/runs/cnn_ecoli50_integrated_20261002_v2/best_checkpoint.pt,,,,cnn_ecoli50_integrated_20261002_v2,ecoli50_random_20260928_v1,val,20260928,ok,,0.236303374171257,log10mm_59711a1c2217859e,2.0.0,ecoli50_strength_v1
course_ecoli50_strength,ecoli50_r011785,319.51,192.85564726117775,2.2852323605391542,cnn_1d,log10_minmax,CNN/runs/cnn_ecoli50_integrated_20261002_v2/best_checkpoint.pt,,,,cnn_ecoli50_integrated_20261002_v2,ecoli50_random_20260928_v1,val,20260928,ok,,0.2707304358482361,log10mm_59711a1c2217859e,2.0.0,ecoli50_strength_v1
course_ecoli50_strength,ecoli50_r011788,26.59,207.52749457478737,2.3170756429810484,cnn_1d,log10_minmax,CNN/runs/cnn_ecoli50_integrated_20261002_v2/best_checkpoint.pt,,,,cnn_ecoli50_integrated_20261002_v2,ecoli50_random_20260928_v1,val,20260928,ok,,0.2771295309066772,log10mm_59711a1c2217859e,2.0.0,ecoli50_strength_v1
course_ecoli50_strength,ecoli50_r011804,374.32,224.29790114913231,2.350825209723784,cnn_1d,log10_minmax,CNN/runs/cnn_ecoli50_integrated_20261002_v2/best_checkpoint.pt,,,,cnn_ecoli50_integrated_20261002_v2,ecoli50_random_20260928_v1,val,20260928,ok,,0.2839117050170898,log10mm_59711a1c2217859e,2.0.0,ecoli50_strength_v1
course_ecoli50_strength,ecoli50_r011808,120.37,113.74945446121284,2.0559493224715406,cnn_1d,log10_minmax,CNN/runs/cnn_ecoli50_integrated_20261002_v2/best_checkpoint.pt,,,,cnn_ecoli50_integrated_20261002_v2,ecoli50_random_20260928_v1,val,20260928,ok,,0.2246546596288681,log10mm_59711a1c2217859e,2.0.0,ecoli50_strength_v1
course_ecoli50_strength,ecoli50_r011812,57.03,133.37901277464798,2.125087498596883,cnn_1d,log10_minmax,CNN/runs/cnn_ecoli50_integrated_20261002_v2/best_checkpoint.pt,,,,cnn_ecoli50_integrated_20261002_v2,ecoli50_random_20260928_v1,val,20260928,ok,,0.2385483831167221,log10mm_59711a1c2217859e,2.0.0,ecoli50_strength_v1
course_ecoli50_strength,ecoli50_r011813,455.57,236.9845616528086,2.3747200548397167,cnn_1d,log10_minmax,CNN/runs/cnn_ecoli50_integrated_20261002_v2/best_checkpoint.pt,,,,cnn_ecoli50_integrated_20261002_v2,ecoli50_random_20260928_v1,val,20260928,ok,,0.2887135148048401,log10mm_59711a1c2217859e,2.0.0,ecoli50_strength_v1
course_ecoli50_strength,ecoli50_r011820,195.46,133.36125092247244,2.125029660501556,cnn_1d,log10_minmax,CNN/runs/cnn_ecoli50_integrated_20261002_v2/best_checkpoint.pt,,,,cnn_ecoli50_integrated_20261002_v2,ecoli50_random_20260928_v1,val,20260928,ok,,0.2385367602109909,log10mm_59711a1c2217859e,2.0.0,ecoli50_strength_v1
course_ecoli50_strength,ecoli50_r011826,171.15,110.29638700669057,2.042561286431516,cnn_1d,log10_minmax,CNN/runs/cnn_ecoli50_integrated_20261002_v2/best_checkpoint.pt,,,,cnn_ecoli50_integrated_20261002_v2,ecoli50_random_20260928_v1,val,20260928,ok,,0.2219642549753189,log10mm_59711a1c2217859e,2.0.0,ecoli50_strength_v1
course_ecoli50_strength,ecoli50_r011827,85.45,146.20556360212333,2.164963899268409,cnn_1d,log10_minmax,CNN/runs/cnn_ecoli50_integrated_20261002_v2/best_checkpoint.pt,,,,cnn_ecoli50_integrated_20261002_v2,ecoli50_random_20260928_v1,val,20260928,ok,,0.2465617805719375,log10mm_59711a1c2217859e,2.0.0,ecoli50_strength_v1
course_ecoli50_strength,ecoli50_r011838,109.05,122.51530711968589,2.088190353045912,cnn_1d,log10_minmax,CNN/runs/cnn_ecoli50_integrated_20261002_v2/best_checkpoint.pt,,,,cnn_ecoli50_integrated_20261002_v2,ecoli50_random_20260928_v1,val,20260928,ok,,0.231133684515953,log10mm_59711a1c2217859e,2.0.0,ecoli50_strength_v1
course_ecoli50_strength,ecoli50_r011841,63.16,175.4447277032429,2.2441403217461096,cnn_1d,log10_minmax,CNN/runs/cnn_ecoli50_integrated_20261002_v2/best_checkpoint.pt,,,,cnn_ecoli50_integrated_20261002_v2,ecoli50_random_20260928_v1,val,20260928,ok,,0.2624727487564087,log10mm_59711a1c2217859e,2.0.0,ecoli50_strength_v1
course_ecoli50_strength,ecoli50_r011863,85.45,106.77377202292108,2.028464585420932,cnn_1d,log10_minmax,CNN/runs/cnn_ecoli50_integrated_20261002_v2/best_checkpoint.pt,,,,cnn_ecoli50_integrated_20261002_v2,ecoli50_random_20260928_v1,val,20260928,ok,,0.2191314399242401,log10mm_59711a1c2217859e,2.0.0,ecoli50_strength_v1
